代码,日期,收盘,开盘,最高,最低,成交量,成交额
801030,1999-12-30,1000.0,1000.0,1000.0,1000.0,0.36992978,3.3234942405
801030,2000-01-04,1025.03,1003.04,1031.38,990.18,0.77518413,7.2941625775
801030,2000-01-05,1034.06,1023.58,1063.54,1011.43,1.43710708,12.827404303900002
801030,2000-01-06,1081.01,1030.64,1086.81,1020.61,2.00333939,17.1610051648
801030,2000-01-07,1114.65,1090.96,1131.69,1075.27,3.3114378,31.3776967958
801030,2000-01-10,1128.31,1122.38,1148.77,1086.94,2.60410041,25.9410120036
801030,2000-01-11,1074.06,1130.19,1138.69,1060.3,1.86687505,17.8492680556
801030,2000-01-12,1042.69,1069.81,1090.52,1031.51,1.32739134,12.469294465099999
801030,2000-01-13,1034.76,1041.61,1057.9,1022.35,0.77288138,7.006118761000001
801030,2000-01-14,1022.44,1037.33,1051.33,1012.85,0.72949327,6.601518308999999
801030,2000-01-17,1038.64,1020.75,1045.88,1005.62,0.78056975,7.1090144373
801030,2000-01-18,1041.23,1040.82,1065.7,1023.86,0.99609126,9.0886085933
801030,2000-01-19,1051.28,1041.18,1066.63,1029.81,0.87882679,8.8467499091
801030,2000-01-20,1064.11,1055.23,1077.31,1041.82,1.15904312,11.9081042799
801030,2000-01-21,1056.18,1068.91,1089.12,1040.84,1.65023022,16.4121090222
801030,2000-01-24,1054.27,1055.22,1073.55,1022.06,1.77720296,17.7382143763
801030,2000-01-25,1060.84,1057.17,1089.84,1035.54,1.54548723,16.31811797
801030,2000-01-26,1061.37,1064.59,1084.58,1043.76,1.19985598,12.017722123299999
801030,2000-01-27,1066.38,1066.83,1089.19,1042.74,1.9188836,19.8409099873
801030,2000-01-28,1082.05,1071.17,1098.96,1046.48,2.33539194,24.410061764499996
801030,2000-02-14,1177.35,1110.55,1181.26,1100.03,3.07378051,32.0359984501
801030,2000-02-15,1158.1,1203.13,1236.0,1135.32,4.58384838,50.309850930699994
801030,2000-02-16,1173.22,1159.75,1196.37,1118.4,4.2010936,44.3518161589
801030,2000-02-17,1144.86,1194.09,1245.0,1112.89,5.52304282,58.848072905900004
801030,2000-02-18,1159.92,1137.08,1181.82,1097.38,3.15598928,33.0536735577
801030,2000-02-21,1182.37,1168.6,1212.46,1130.71,3.99486174,42.7030046648
801030,2000-02-22,1153.48,1196.36,1227.47,1139.22,3.72228768,37.9939642811
801030,2000-02-23,1135.07,1147.09,1173.36,1113.49,3.08046118,30.317694780700002
801030,2000-02-24,1156.27,1134.22,1174.65,1120.24,2.30604346,22.676616346
801030,2000-02-25,1150.11,1160.41,1178.72,1128.45,2.55881456,25.4562206258
801030,2000-02-28,1200.21,1165.21,1217.03,1142.44,3.54877451,37.8544753994
801030,2000-02-29,1203.65,1213.01,1242.16,1164.73,4.02371317,40.007231407
801030,2000-03-01,1202.37,1208.46,1239.32,1176.24,3.35864672,35.6421716859
801030,2000-03-02,1208.69,1202.63,1237.55,1176.2,3.2392735,34.3670537059
801030,2000-03-03,1226.32,1217.27,1256.83,1197.1,3.72639788,39.505479254499996
801030,2000-03-06,1184.4,1236.36,1262.7,1175.47,3.85853435,41.7299816675
801030,2000-03-07,1194.54,1171.34,1206.32,1148.62,2.26509934,23.4900658881
801030,2000-03-08,1209.72,1199.88,1227.85,1176.36,2.10353374,23.524071627199998
801030,2000-03-09,1205.07,1212.7,1233.36,1183.72,2.31808969,24.4589422023
801030,2000-03-10,1186.99,1205.08,1225.53,1171.92,2.25523981,24.0246971706
801030,2000-03-13,1210.03,1187.78,1222.67,1175.2,2.13707333,23.0810247039
801030,2000-03-14,1188.59,1194.3,1213.37,1141.32,2.76880149,27.2338490503
801030,2000-03-15,1199.45,1187.58,1224.87,1173.87,2.30478277,21.9867276505
801030,2000-03-16,1144.04,1191.68,1204.59,1128.56,2.28912654,22.1657111754
801030,2000-03-17,1174.56,1139.79,1190.17,1132.01,1.83331816,18.5724453729
801030,2000-03-20,1209.56,1166.26,1224.48,1148.52,2.92022977,27.463833565100003
801030,2000-03-21,1218.91,1217.44,1244.14,1190.72,3.16091341,32.3806198421
801030,2000-03-22,1226.6,1224.73,1254.31,1197.43,2.45378807,26.097254736
801030,2000-03-23,1252.56,1231.62,1265.56,1212.79,3.13069932,32.7162059609
801030,2000-03-24,1236.63,1260.78,1289.61,1225.38,3.74363646,38.7698010497
801030,2000-03-27,1281.57,1242.97,1298.31,1227.88,4.05386951,42.5086337228
801030,2000-03-28,1295.78,1294.04,1327.6,1262.21,4.60176496,44.0953941338
801030,2000-03-29,1290.86,1299.57,1324.35,1257.79,3.66624525,35.99654414
801030,2000-03-30,1307.8,1294.4,1327.67,1275.56,3.29194669,34.783439239699995
801030,2000-03-31,1302.26,1307.05,1334.05,1277.14,3.81277139,38.5445410213
801030,2000-04-03,1299.99,1305.95,1339.57,1281.26,3.4083272,38.111713492
801030,2000-04-04,1255.22,1294.34,1301.68,1247.1,2.36684804,25.0061381475
801030,2000-04-05,1267.19,1249.94,1285.78,1235.97,1.86801176,20.6358920714
801030,2000-04-06,1295.73,1270.05,1306.36,1260.0,2.28297743,25.5550906396
801030,2000-04-07,1311.17,1303.03,1334.68,1282.15,3.22464315,32.8979430676
801030,2000-04-10,1333.62,1316.65,1354.61,1299.15,3.60691373,36.7541164917
801030,2000-04-11,1318.98,1336.89,1358.3,1299.34,2.72713933,29.3249946479
801030,2000-04-12,1321.27,1320.68,1347.43,1291.02,2.62024484,27.906121854600002
801030,2000-04-13,1346.24,1325.77,1365.29,1311.17,4.3655221,40.5701428092
801030,2000-04-14,1345.06,1354.13,1378.82,1322.07,4.37987788,39.9153382066
801030,2000-04-17,1314.97,1343.2,1358.38,1286.6,3.92179109,38.7967443479
801030,2000-04-18,1320.4,1327.96,1349.73,1285.87,1.19562339,11.78891185
801030,2000-04-19,1331.41,1328.08,1355.43,1307.65,2.17265759,23.2581610537
801030,2000-04-20,1339.02,1334.0,1363.76,1316.49,2.48950539,26.9290583048
801030,2000-04-21,1322.21,1342.23,1360.46,1308.63,2.52995701,26.270389144499998
801030,2000-04-24,1321.98,1320.51,1348.01,1298.91,2.20928465,22.6145209069
801030,2000-04-25,1328.53,1323.78,1350.38,1300.52,1.9477638,18.8644240697
801030,2000-04-26,1324.39,1331.35,1352.97,1312.27,1.70076201,17.4574408345
801030,2000-04-27,1300.04,1327.37,1341.83,1289.88,1.78022098,17.9626937655
801030,2000-04-28,1314.99,1300.4,1328.49,1283.96,1.5375294,16.7606560507
801030,2000-05-08,1316.54,1320.03,1341.23,1295.85,1.30878832,14.8198104291
801030,2000-05-09,1299.38,1316.19,1332.04,1283.94,1.50864522,15.934882782899999
801030,2000-05-10,1254.33,1295.65,1303.23,1244.59,1.35805212,13.7959957548
801030,2000-05-11,1234.54,1252.02,1276.13,1221.83,1.3412583,13.8737248247
801030,2000-05-12,1233.28,1238.13,1259.83,1218.2,1.11967561,11.038047450799999
801030,2000-05-15,1219.5,1232.62,1251.05,1203.13,1.12288118,11.3163524072
801030,2000-05-16,1238.88,1223.66,1251.1,1215.51,0.87076202,8.6612888723
801030,2000-05-17,1234.83,1243.87,1257.25,1223.86,0.8136269,8.8212802963
801030,2000-05-18,1261.3,1236.27,1267.4,1223.36,1.19707621,11.5727952374
801030,2000-05-19,1280.05,1264.89,1291.16,1247.43,1.73812074,19.1216725578
801030,2000-05-22,1312.62,1286.39,1331.65,1275.38,2.39400939,26.3663378104
801030,2000-05-23,1314.73,1318.23,1337.06,1288.45,2.05999696,21.9699683828
801030,2000-05-24,1328.88,1317.41,1351.3,1302.75,2.23660159,24.1656389565
801030,2000-05-25,1353.51,1336.88,1369.53,1320.48,2.5264222,27.700088541
801030,2000-05-26,1348.83,1360.53,1382.21,1328.4,2.30320862,24.961857093899997
801030,2000-05-29,1372.25,1352.39,1393.39,1333.97,3.69306453,37.2983288453
801030,2000-05-30,1345.82,1377.28,1396.37,1332.83,3.05407491,30.279828680500003
801030,2000-05-31,1358.49,1342.97,1376.77,1323.65,2.41672156,25.166075398
801030,2000-06-01,1364.02,1363.79,1388.08,1343.14,2.42174922,24.5803126315
801030,2000-06-02,1377.0,1368.62,1396.35,1346.54,3.92623212,33.0328350992
801030,2000-06-05,1361.37,1384.23,1418.52,1342.04,5.12418455,43.1800695636
801030,2000-06-06,1386.34,1363.82,1398.81,1345.57,3.21555359,29.6291487883
801030,2000-06-07,1390.18,1393.84,1416.85,1367.16,3.0800273,28.933405207199996
801030,2000-06-08,1382.79,1391.19,1410.46,1359.97,3.02949864,29.705313311399998
801030,2000-06-09,1367.21,1383.5,1407.89,1352.97,3.11267276,29.6097077927
801030,2000-06-12,1378.34,1361.68,1392.3,1338.27,2.30248661,22.260298546599998
801030,2000-06-13,1398.15,1381.23,1411.1,1366.55,2.20246218,22.029199859200002
801030,2000-06-14,1396.76,1401.3,1426.75,1378.81,3.38194761,32.271700397800004
801030,2000-06-15,1404.96,1398.46,1423.32,1379.14,2.34542671,25.533232779899997
801030,2000-06-16,1390.41,1407.41,1426.79,1377.44,2.65499216,28.585132803
801030,2000-06-19,1387.44,1388.19,1414.34,1366.8,2.12072309,22.641937485
801030,2000-06-20,1376.88,1388.88,1407.06,1357.02,1.7458365,17.2715077712
801030,2000-06-21,1392.3,1376.74,1404.3,1362.49,1.51894102,16.2174025041
801030,2000-06-22,1398.2,1397.64,1419.56,1377.92,2.26921557,20.3749557762
801030,2000-06-23,1412.64,1400.04,1427.46,1384.64,2.5076144,24.0544623989
801030,2000-06-26,1428.72,1415.86,1449.86,1400.65,2.92868246,28.6439361251
801030,2000-06-27,1436.99,1433.58,1465.01,1413.97,3.98923557,34.8950449588
801030,2000-06-28,1426.34,1435.97,1458.74,1410.68,2.95147805,27.7417135823
801030,2000-06-29,1415.47,1424.16,1442.96,1393.05,2.63257911,25.3888738365
801030,2000-06-30,1408.0,1414.09,1438.21,1389.15,2.50616319,25.392648154499998
801030,2000-07-03,1381.77,1398.53,1418.55,1361.1,2.37637769,23.9635846845
801030,2000-07-04,1398.11,1378.09,1407.14,1364.64,1.65193773,17.0711908704
801030,2000-07-05,1397.6,1400.47,1422.33,1383.31,1.5468794,16.8568831099
801030,2000-07-06,1392.71,1398.95,1413.24,1377.9,1.30457493,14.075396850999999
801030,2000-07-07,1421.43,1394.89,1434.63,1386.45,2.3184028,21.8897813905
801030,2000-07-10,1437.0,1423.86,1452.85,1405.47,3.19488339,30.0985112049
801030,2000-07-11,1443.64,1441.61,1468.99,1420.54,3.3459564,32.5454992496
801030,2000-07-12,1452.88,1445.9,1470.92,1425.7,2.75268674,29.084713051199998
801030,2000-07-13,1443.38,1453.8,1483.34,1418.78,3.42394686,38.1819301292
801030,2000-07-14,1463.97,1445.45,1488.04,1424.45,4.91300562,48.082345909
801030,2000-07-17,1459.81,1467.74,1496.92,1442.62,5.10854401,45.3846418105
801030,2000-07-18,1469.21,1459.41,1486.8,1442.73,2.60228346,25.8673289323
801030,2000-07-19,1465.87,1473.67,1490.54,1449.49,2.12817949,22.8989524072
801030,2000-07-20,1462.07,1466.6,1485.54,1444.22,2.28938111,23.1389120823
801030,2000-07-21,1467.24,1464.69,1489.92,1448.07,2.09585421,22.288052629299997
801030,2000-07-24,1460.75,1470.32,1485.98,1442.22,2.03709916,21.0698212095
801030,2000-07-25,1460.3,1461.03,1482.37,1438.84,1.62938576,17.410038897
801030,2000-07-26,1472.19,1463.65,1487.98,1449.37,1.8957615,20.616789336700002
801030,2000-07-27,1471.03,1475.24,1499.37,1454.1,2.52923926,25.691183139499998
801030,2000-07-28,1473.4,1472.64,1495.99,1452.12,2.57100075,26.310713011999997
801030,2000-07-31,1476.32,1473.71,1495.98,1449.31,2.51446407,26.109656539299998
801030,2000-08-01,1480.97,1479.29,1502.92,1462.45,1.72687785,18.758441723599997
801030,2000-08-02,1483.04,1482.73,1501.92,1462.35,1.83759537,19.6606703444
801030,2000-08-03,1489.4,1484.71,1509.13,1468.61,2.50049741,27.221081625300002
801030,2000-08-04,1476.68,1490.78,1510.23,1461.56,2.2708565,25.0529766302
801030,2000-08-07,1486.19,1472.95,1500.18,1453.09,2.08848777,23.1350223833
801030,2000-08-08,1491.22,1488.94,1511.08,1470.62,1.91487565,22.1095591381
801030,2000-08-09,1494.98,1492.72,1517.19,1475.26,2.27163684,26.3687724965
801030,2000-08-10,1493.48,1498.63,1517.68,1473.74,2.46459747,28.328881352
801030,2000-08-11,1491.84,1495.56,1516.01,1474.4,2.04662523,24.1504144683
801030,2000-08-14,1506.0,1493.23,1521.53,1479.48,2.02637921,23.5034841163
801030,2000-08-15,1510.1,1508.88,1529.52,1489.44,1.76285156,21.7966028833
801030,2000-08-16,1521.93,1513.48,1537.49,1496.64,2.21880718,25.890235956599998
801030,2000-08-17,1522.46,1526.05,1547.34,1506.42,2.4707701,27.7780914482
801030,2000-08-18,1524.31,1525.34,1544.05,1505.01,2.12701294,24.488980484000002
801030,2000-08-21,1546.87,1529.01,1562.63,1515.11,2.97980108,34.236768782
801030,2000-08-22,1513.6,1548.71,1570.1,1506.15,2.76080062,32.5034095577
801030,2000-08-23,1498.24,1499.74,1527.07,1424.96,3.76070965,41.122577433000004
801030,2000-08-24,1503.51,1500.68,1522.81,1475.51,2.39041886,27.891968035799998
801030,2000-08-25,1516.6,1506.18,1529.13,1492.2,1.78333436,21.487904069499997
801030,2000-08-28,1530.11,1521.59,1543.8,1504.36,2.06628784,24.4392038642
801030,2000-08-29,1538.17,1532.3,1555.04,1513.71,2.04363425,24.5907923327
801030,2000-08-30,1514.69,1542.19,1555.81,1505.28,2.19534943,26.6831581623
801030,2000-08-31,1471.12,1504.08,1516.29,1462.41,2.4097228,27.372934208
801030,2000-09-01,1452.47,1459.06,1482.54,1442.17,1.77640163,19.693964619000003
801030,2000-09-04,1462.81,1448.78,1474.34,1428.79,1.39485944,15.409617987799999
801030,2000-09-05,1431.93,1468.27,1482.25,1420.56,1.35327168,15.2929118503
801030,2000-09-06,1404.59,1425.12,1443.89,1392.89,1.57851259,16.9532332617
801030,2000-09-07,1425.25,1408.64,1446.38,1402.11,1.30871482,14.124173880599999
801030,2000-09-08,1433.72,1429.85,1450.06,1412.46,1.21494581,13.2384054763
801030,2000-09-11,1447.75,1437.21,1460.26,1420.39,1.10347741,12.270226855
801030,2000-09-12,1456.81,1450.47,1469.97,1431.38,1.10990051,12.9193934148
801030,2000-09-13,1470.21,1458.0,1490.25,1441.89,2.03637072,20.5399946189
801030,2000-09-14,1458.3,1471.92,1485.1,1444.79,1.3931049,15.5421829335
801030,2000-09-15,1462.14,1456.67,1474.87,1438.87,1.15297627,13.2262682625
801030,2000-09-18,1443.26,1464.03,1482.18,1433.73,1.09450343,12.6920007341
801030,2000-09-19,1410.09,1434.55,1444.55,1396.43,1.16277768,12.6494583758
801030,2000-09-20,1431.45,1413.4,1446.54,1397.19,1.17315781,12.8742468969
801030,2000-09-21,1416.17,1435.68,1449.59,1407.48,1.01626865,11.5309099437
801030,2000-09-22,1403.34,1412.6,1426.66,1391.41,0.89899944,9.5989460959
801030,2000-09-25,1385.04,1401.74,1416.76,1376.54,0.74140688,8.139699687
801030,2000-09-26,1394.29,1387.3,1410.03,1371.83,0.71329147,8.559648387200001
801030,2000-09-27,1412.6,1397.12,1419.92,1386.99,0.68579072,8.301458347999999
801030,2000-09-28,1394.67,1413.52,1426.34,1383.83,0.70309312,8.061761985499999
801030,2000-09-29,1411.69,1397.46,1424.42,1389.8,0.87903155,10.506806368300001
801030,2000-10-09,1422.63,1414.96,1433.89,1391.58,0.94516069,11.4566336803
801030,2000-10-10,1445.67,1425.84,1455.78,1414.86,1.18803499,14.005450796500002
801030,2000-10-11,1436.99,1449.74,1463.07,1423.69,1.34479913,14.9849326053
801030,2000-10-12,1438.25,1435.55,1457.51,1413.99,1.51064909,16.7329702114
801030,2000-10-13,1434.63,1440.62,1460.73,1420.33,1.28493339,15.0327861971
801030,2000-10-16,1419.19,1434.67,1448.84,1405.12,1.12402111,12.3951131433
801030,2000-10-17,1427.44,1418.32,1441.14,1404.91,0.84148156,9.704459789400001
801030,2000-10-18,1439.8,1431.19,1453.44,1415.79,1.04919685,13.0127879707
801030,2000-10-19,1430.93,1443.79,1455.97,1418.73,0.93960746,11.3957933317
801030,2000-10-20,1450.62,1431.35,1462.66,1413.91,1.4265356,19.0998182136
801030,2000-10-23,1465.07,1457.56,1480.12,1438.95,1.44227199,19.8065303371
801030,2000-10-24,1464.3,1469.16,1483.2,1446.23,1.15338698,15.1780489618
801030,2000-10-25,1478.24,1466.95,1496.77,1451.43,1.73595854,23.5591673556
801030,2000-10-26,1470.3,1478.89,1492.88,1457.04,1.18779368,15.2723458393
801030,2000-10-27,1481.0,1471.82,1497.09,1454.11,1.52691817,21.0813944695
801030,2000-10-30,1497.24,1480.9,1514.48,1463.94,1.7650711,23.4816299939
801030,2000-10-31,1480.74,1499.3,1521.44,1469.85,1.65469357,21.828333595100002
801030,2000-11-01,1498.91,1479.56,1510.18,1467.68,1.19514868,16.0401193135
801030,2000-11-02,1509.27,1504.49,1535.94,1488.89,2.1554958,25.0416529859
801030,2000-11-03,1505.25,1510.56,1531.8,1485.88,1.74061854,21.5091606284
801030,2000-11-06,1512.44,1505.99,1533.63,1489.0,1.75831237,22.025100702
801030,2000-11-07,1514.99,1514.6,1534.77,1494.12,1.60316545,20.0837774317
801030,2000-11-08,1519.39,1517.86,1535.86,1499.73,1.40330264,17.7284803827
801030,2000-11-09,1533.3,1523.32,1547.91,1505.18,1.97852531,23.6687625243
801030,2000-11-10,1540.34,1537.82,1562.34,1516.34,2.78506489,32.017494473
801030,2000-11-13,1557.6,1546.27,1576.07,1528.82,3.02355363,35.1924055738
801030,2000-11-14,1567.26,1559.03,1582.69,1536.28,2.29279103,27.7774527609
801030,2000-11-15,1573.97,1571.29,1598.62,1549.21,2.55966974,31.6057466008
801030,2000-11-16,1583.44,1574.36,1601.91,1559.16,2.90936512,35.9112722864
801030,2000-11-17,1581.43,1586.54,1607.71,1562.23,2.67020404,32.7065100041
801030,2000-11-20,1588.96,1580.75,1605.66,1558.38,2.26828443,28.6492291221
801030,2000-11-21,1582.37,1591.14,1613.54,1569.15,1.9082022,24.2705874218
801030,2000-11-22,1605.28,1581.29,1616.89,1569.32,2.09156115,25.453552344299997
801030,2000-11-23,1616.91,1612.57,1642.05,1593.45,2.71451395,31.988756182399996
801030,2000-11-24,1557.13,1616.13,1632.93,1540.17,3.05021276,37.538025593200004
801030,2000-11-27,1561.66,1545.8,1581.48,1527.54,1.94617224,24.2835894229
801030,2000-11-28,1586.96,1566.63,1598.88,1558.02,1.58729383,19.8154323214
801030,2000-11-29,1578.05,1589.52,1604.04,1557.99,1.71004407,20.6329652089
801030,2000-11-30,1572.63,1576.37,1592.9,1555.42,1.30406,16.2364402073
801030,2000-12-01,1580.66,1576.4,1598.13,1560.97,1.30662377,16.7827542016
801030,2000-12-04,1594.86,1584.26,1610.02,1567.84,1.51020689,19.0414224678
801030,2000-12-05,1590.29,1598.7,1613.46,1573.94,1.22123789,15.749462983699999
801030,2000-12-06,1568.13,1590.56,1604.47,1555.84,1.51649483,19.451999601199997
801030,2000-12-07,1564.53,1565.58,1585.07,1543.67,1.46439549,19.1914839204
801030,2000-12-08,1567.45,1565.09,1588.55,1548.87,1.27293255,16.5445477713
801030,2000-12-11,1542.68,1567.12,1579.88,1527.85,1.36882551,16.5264994157
801030,2000-12-12,1555.73,1540.12,1565.26,1526.68,1.04960525,13.3161000219
801030,2000-12-13,1559.11,1557.14,1574.26,1539.84,1.01822195,13.5331168266
801030,2000-12-14,1555.42,1561.7,1578.07,1542.13,0.88991107,11.5380774247
801030,2000-12-15,1544.17,1556.27,1568.87,1532.44,0.87066161,10.930376598299999
801030,2000-12-18,1549.0,1545.22,1563.16,1518.87,1.00422104,13.2156976729
801030,2000-12-19,1554.02,1551.86,1572.52,1537.18,0.84772535,11.4432322141
801030,2000-12-20,1570.95,1554.41,1580.4,1542.19,0.9742383,13.345638348800001
801030,2000-12-21,1575.54,1574.35,1599.35,1558.05,1.36436532,17.99955983
801030,2000-12-22,1570.15,1575.54,1593.36,1550.94,1.23926973,16.5006958901
801030,2000-12-25,1569.3,1570.34,1590.73,1550.41,1.3928754,18.3835744947
801030,2000-12-26,1579.46,1572.26,1595.48,1557.17,1.12465467,15.048447404000001
801030,2000-12-27,1570.31,1582.4,1597.07,1559.25,1.08347791,14.4389555487
801030,2000-12-28,1573.91,1568.36,1590.98,1552.85,1.03532281,14.0779597344
801030,2000-12-29,1587.47,1577.57,1601.71,1563.58,1.02454394,14.1213108951
801030,2001-01-02,1612.57,1590.96,1623.61,1577.89,1.56849973,21.961305057399997
801030,2001-01-03,1629.63,1619.07,1647.26,1602.68,2.1060052,29.1612512684
801030,2001-01-04,1635.4,1632.22,1655.1,1610.07,2.1245169,27.706549670900003
801030,2001-01-05,1647.8,1637.25,1663.36,1621.3,2.20610829,29.0682479817
801030,2001-01-08,1633.43,1651.19,1668.23,1611.3,2.32822039,29.322688689499998
801030,2001-01-09,1630.89,1631.78,1652.28,1610.31,1.50788299,18.6709692615
801030,2001-01-10,1647.62,1631.12,1659.24,1620.44,1.45140173,18.4830923257
801030,2001-01-11,1644.0,1648.47,1669.78,1627.45,1.9772637,25.7850292462
801030,2001-01-12,1632.69,1640.2,1657.56,1612.57,1.70088045,21.8456714965
801030,2001-01-15,1574.51,1624.13,1635.81,1562.74,1.87740936,24.4671402677
801030,2001-01-16,1587.28,1561.38,1600.49,1539.21,1.43121975,17.1138619377
801030,2001-01-17,1580.86,1586.84,1603.7,1565.32,1.28198161,14.406515728599999
801030,2001-01-18,1584.78,1579.79,1603.71,1568.17,1.23590591,15.6561336578
801030,2001-01-19,1604.17,1592.62,1616.67,1582.15,1.38280136,16.7243557228
801030,2001-02-05,1563.1,1609.34,1619.58,1552.26,1.22355613,14.703709021500002
801030,2001-02-06,1553.36,1553.56,1567.9,1511.28,1.10824386,13.4065201704
801030,2001-02-07,1542.37,1555.24,1568.15,1530.5,0.76633124,8.6650332929
801030,2001-02-08,1503.67,1541.23,1555.72,1492.68,0.96330113,11.230726539800001
801030,2001-02-09,1520.62,1506.53,1538.41,1493.78,0.82899012,9.9481839484
801030,2001-02-12,1523.74,1521.71,1536.84,1493.44,0.790882,9.6818004853
801030,2001-02-13,1526.8,1526.54,1546.7,1512.36,0.64866086,7.797667247100001
801030,2001-02-14,1523.71,1524.66,1537.9,1508.63,0.49229673,6.1791738911000005
801030,2001-02-15,1506.75,1523.76,1535.29,1498.55,0.54592866,6.6783487648
801030,2001-02-16,1501.9,1501.24,1513.25,1471.89,0.73107192,8.2592389701
801030,2001-02-19,1518.36,1502.54,1526.84,1486.9,0.60896624,7.6853652002
801030,2001-02-20,1506.29,1519.44,1537.2,1495.79,0.73542307,9.100070475299999
801030,2001-02-21,1470.56,1499.9,1506.78,1457.97,0.94095972,10.5360064948
801030,2001-02-22,1465.72,1462.84,1488.97,1447.07,0.75458505,9.1645919612
801030,2001-02-23,1481.61,1467.59,1490.71,1449.36,0.86736779,9.6801220986
801030,2001-02-26,1505.72,1488.51,1512.94,1473.42,0.90368237,11.0777562341
801030,2001-02-27,1514.55,1506.79,1526.27,1490.59,0.8461285,10.7850016706
801030,2001-02-28,1515.46,1515.75,1530.08,1495.59,0.64646304,8.5578372664
801030,2001-03-01,1522.72,1514.89,1532.48,1503.59,0.70568466,9.1632804135
801030,2001-03-02,1534.94,1527.56,1547.18,1518.03,0.96297497,12.1038166608
801030,2001-03-05,1532.35,1536.08,1548.99,1519.72,0.82469894,10.0819881172
801030,2001-03-06,1529.67,1532.0,1542.79,1513.51,0.70502434,8.7913774275
801030,2001-03-07,1534.6,1532.16,1549.45,1519.22,0.90236504,11.057364948900002
801030,2001-03-08,1541.24,1535.92,1551.75,1523.66,0.87279756,11.118150538699998
801030,2001-03-09,1550.13,1544.46,1565.7,1529.67,1.05744494,13.467282011400002
801030,2001-03-12,1557.55,1549.82,1570.74,1536.34,1.01570135,13.54079973
801030,2001-03-13,1549.0,1556.14,1569.19,1534.54,0.88665718,12.1678059367
801030,2001-03-14,1564.23,1547.18,1571.71,1538.46,0.84972956,11.848967679500001
801030,2001-03-15,1574.13,1565.91,1589.46,1554.1,1.26420081,17.0725316394
801030,2001-03-16,1576.65,1574.07,1594.08,1556.21,1.44388904,18.2882016926
801030,2001-03-19,1591.5,1577.53,1602.75,1562.93,1.58904536,20.7257867669
801030,2001-03-20,1599.34,1594.95,1614.42,1580.12,1.47270923,19.436588131300002
801030,2001-03-21,1605.78,1603.09,1621.16,1587.9,1.52806606,19.127103714100002
801030,2001-03-22,1614.66,1609.13,1632.04,1595.29,1.85650178,22.8105346976
801030,2001-03-23,1588.87,1616.93,1630.57,1581.5,1.91626334,23.967403205300002
801030,2001-03-26,1621.63,1588.12,1628.49,1581.05,1.55976112,20.1467691323
801030,2001-03-27,1633.74,1627.01,1648.42,1611.44,1.71529802,23.8590334606
801030,2001-03-28,1639.31,1633.99,1652.86,1614.25,1.69588699,22.5946150267
801030,2001-03-29,1636.33,1639.56,1657.02,1622.02,1.62807939,22.8336259739
801030,2001-03-30,1645.72,1636.4,1658.21,1621.54,1.65563007,23.4897076857
801030,2001-04-02,1657.31,1648.98,1672.66,1635.06,1.84899609,25.7991843592
801030,2001-04-03,1655.51,1656.64,1674.37,1633.82,1.63700727,22.405413479699998
801030,2001-04-04,1624.72,1654.4,1667.7,1612.66,1.87281909,24.514191629899997
801030,2001-04-05,1644.59,1619.76,1650.69,1607.54,1.44700391,20.3883790602
801030,2001-04-06,1645.44,1647.67,1667.7,1628.92,1.48093233,20.3294186406
801030,2001-04-09,1655.76,1644.66,1666.78,1627.76,1.49389482,20.2335793062
801030,2001-04-10,1666.92,1656.58,1681.22,1644.37,1.3552016,18.360860055699998
801030,2001-04-11,1673.47,1670.5,1689.14,1652.74,1.701587,22.573114979299998
801030,2001-04-12,1669.88,1675.81,1694.05,1653.22,1.99322234,27.7762029119
801030,2001-04-13,1683.05,1673.28,1697.78,1658.52,1.95962316,27.0158487142
801030,2001-04-16,1698.87,1687.13,1714.9,1670.36,2.439623,34.1399211279
801030,2001-04-17,1704.52,1704.08,1726.15,1682.2,2.2574661,32.279041523800004
801030,2001-04-18,1702.39,1703.93,1724.26,1682.16,2.24629578,30.457858228000003
801030,2001-04-19,1700.11,1701.91,1723.33,1675.32,2.19804322,31.993901052
801030,2001-04-20,1680.07,1702.01,1725.97,1669.53,2.54077729,35.9220522842
801030,2001-04-23,1678.44,1677.99,1702.01,1652.73,2.10153186,30.7534136119
801030,2001-04-24,1687.22,1680.49,1706.94,1665.86,1.8563365,26.6110095427
801030,2001-04-25,1665.96,1686.06,1706.33,1652.46,1.51263648,22.0291931541
801030,2001-04-26,1642.91,1648.28,1672.8,1624.91,1.649777,23.099288193000003
801030,2001-04-27,1646.13,1640.93,1664.68,1630.57,1.29813843,18.232870995
801030,2001-04-30,1647.12,1647.04,1666.89,1629.08,0.95441932,14.1153843576
801030,2001-05-08,1665.54,1647.24,1678.61,1637.59,0.89305092,12.7376909876
801030,2001-05-09,1663.24,1668.33,1686.59,1649.04,0.99845279,14.0698537211
801030,2001-05-10,1674.61,1664.84,1686.08,1652.8,0.78460599,11.6387586993
801030,2001-05-11,1681.16,1677.35,1695.83,1662.8,1.19232493,16.9017485765
801030,2001-05-14,1696.78,1684.22,1710.69,1668.96,1.6945225,24.2276061456
801030,2001-05-15,1708.8,1702.11,1726.2,1684.43,1.66429806,24.8734000218
801030,2001-05-16,1715.26,1711.33,1730.52,1692.23,1.5118231,22.7003319481
801030,2001-05-17,1710.25,1717.13,1734.59,1692.19,1.78783803,26.7735926446
801030,2001-05-18,1721.18,1712.15,1737.68,1692.3,1.90902469,28.849406739299997
801030,2001-05-21,1729.32,1724.18,1748.93,1703.19,2.35204507,35.1809738967
801030,2001-05-22,1728.57,1733.72,1749.86,1709.18,1.67090925,24.9879504247
801030,2001-05-23,1717.04,1728.77,1745.44,1691.94,2.13408022,31.3717314188
801030,2001-05-24,1717.52,1717.59,1739.92,1698.37,1.87158057,25.915387145500002
801030,2001-05-25,1716.42,1719.41,1739.55,1693.79,1.68530134,24.866362609699998
801030,2001-05-28,1707.61,1717.85,1737.04,1688.51,1.66024397,24.398300507600002
801030,2001-05-29,1707.71,1706.46,1733.92,1685.46,1.53945839,22.9218822031
801030,2001-05-30,1727.8,1709.99,1739.82,1696.05,1.65805511,24.453047511100003
801030,2001-05-31,1734.18,1732.25,1754.04,1712.41,1.73666202,24.7064269476
801030,2001-06-01,1737.84,1735.67,1759.34,1714.73,2.02405477,27.912642581799997
801030,2001-06-04,1743.41,1740.77,1767.34,1720.47,2.1534163,30.307682848200002
801030,2001-06-05,1750.69,1745.66,1770.54,1728.24,1.99960508,29.7182989152
801030,2001-06-06,1756.86,1751.91,1777.0,1729.75,2.06562061,30.0981803865
801030,2001-06-07,1750.87,1757.83,1776.24,1733.12,1.83713641,26.0553681737
801030,2001-06-08,1742.6,1749.74,1764.99,1723.16,1.60717127,23.2351230281
801030,2001-06-11,1742.6,1746.68,1765.96,1722.39,1.90765971,26.869962511199997
801030,2001-06-12,1756.31,1741.84,1769.0,1728.63,1.75058984,24.6280286978
801030,2001-06-13,1771.59,1761.35,1787.36,1744.1,2.06180423,29.1249776248
801030,2001-06-14,1738.39,1772.12,1787.7,1728.1,2.24044379,31.0906320263
801030,2001-06-15,1751.31,1734.7,1766.28,1718.54,1.88527267,25.8685053356
801030,2001-06-18,1713.82,1753.12,1767.13,1698.38,2.20085189,29.743374347800003
801030,2001-06-19,1715.59,1711.66,1733.39,1691.74,1.31418345,18.1437666484
801030,2001-06-20,1710.86,1717.78,1739.52,1694.36,1.35754494,18.4579759672
801030,2001-06-21,1731.55,1711.75,1742.74,1702.26,1.51542832,18.4690430266
801030,2001-06-22,1748.38,1732.17,1762.06,1716.45,2.38418365,25.06455242
801030,2001-06-25,1763.14,1752.46,1781.05,1736.32,3.65461472,36.4750419374
801030,2001-06-26,1764.83,1764.4,1784.85,1743.41,2.39708908,28.445355455500003
801030,2001-06-27,1762.87,1767.4,1783.64,1744.16,1.97715372,24.6262045388
801030,2001-06-28,1754.29,1763.23,1784.22,1738.19,2.22033848,27.4003509996
801030,2001-06-29,1756.38,1755.02,1775.62,1739.56,1.42874827,18.373392766400002
801030,2001-07-02,1749.04,1757.08,1774.15,1733.36,1.38917643,17.9127721281
801030,2001-07-03,1758.72,1749.93,1769.81,1732.28,1.340065,16.175416826
801030,2001-07-04,1747.28,1759.85,1772.36,1736.08,1.09480674,13.482435985899999
801030,2001-07-05,1722.22,1745.81,1755.31,1710.75,1.43197838,17.5241396246
801030,2001-07-06,1710.67,1719.63,1733.54,1699.98,1.07374468,13.2632216669
801030,2001-07-09,1707.87,1709.19,1725.45,1691.23,0.86503478,11.120686624100001
801030,2001-07-10,1728.56,1711.98,1736.94,1702.49,0.81936032,10.6372462127
801030,2001-07-11,1708.88,1729.6,1737.36,1699.49,0.84536972,10.4385865662
801030,2001-07-12,1706.68,1704.11,1721.37,1686.69,0.87169484,10.951502122
801030,2001-07-13,1701.74,1708.29,1726.94,1691.31,0.77633408,10.1790510535
801030,2001-07-16,1682.94,1710.82,1727.58,1668.03,1.09860752,14.2348514493
801030,2001-07-17,1682.78,1679.97,1697.28,1652.95,0.93298654,12.2133239685
801030,2001-07-18,1689.04,1685.53,1702.74,1667.81,0.66677874,9.1671886455
801030,2001-07-19,1695.45,1693.37,1708.12,1673.31,0.62770543,8.4583471293
801030,2001-07-20,1717.11,1698.11,1727.18,1687.61,1.07582188,14.505468708299999
801030,2001-07-23,1712.41,1717.28,1733.68,1695.32,1.13606263,15.2303938137
801030,2001-07-24,1690.37,1706.2,1717.07,1673.03,1.1382635,14.8270139345
801030,2001-07-25,1672.45,1684.51,1699.91,1658.39,0.91747429,11.9941478005
801030,2001-07-26,1655.63,1669.88,1683.14,1639.63,0.88146008,11.3511465647
801030,2001-07-27,1639.11,1655.78,1675.91,1623.4,0.86315932,10.9670351172
801030,2001-07-30,1541.7,1629.68,1634.45,1529.47,1.31739132,15.8249965079
801030,2001-07-31,1509.1,1522.52,1570.72,1487.41,1.12362866,12.64225791
801030,2001-08-01,1572.33,1515.11,1579.88,1507.67,1.30861914,14.087800503499999
801030,2001-08-02,1556.35,1572.08,1586.07,1507.31,1.3314499,13.3099750628
801030,2001-08-03,1560.89,1555.39,1578.6,1536.58,0.80151884,8.5602802493
801030,2001-08-06,1502.95,1555.79,1563.61,1484.55,1.08874055,11.6329564974
801030,2001-08-07,1522.67,1498.76,1537.88,1476.85,1.06745422,11.340310262200001
801030,2001-08-08,1514.13,1523.49,1537.64,1496.46,0.65189547,6.7945600564
801030,2001-08-09,1535.6,1513.57,1543.63,1504.48,0.80992824,9.1345637674
801030,2001-08-10,1557.0,1539.87,1572.85,1530.77,1.08090952,12.3975512274
801030,2001-08-13,1555.74,1558.85,1573.48,1537.07,0.81743859,9.4557721848
801030,2001-08-14,1541.88,1556.85,1570.16,1523.59,0.88480818,10.123597047899999
801030,2001-08-15,1546.63,1539.71,1556.74,1526.28,0.72902188,6.9544065324
801030,2001-08-16,1528.15,1547.66,1558.37,1518.85,0.95814508,8.9713079526
801030,2001-08-17,1529.17,1523.46,1545.06,1508.62,0.93804762,8.121659781
801030,2001-08-20,1533.67,1529.24,1547.66,1514.25,0.52761655,5.4319409719000005
801030,2001-08-21,1543.29,1538.24,1558.52,1528.5,0.74224683,7.1367911601
801030,2001-08-22,1517.29,1539.99,1547.16,1500.36,1.63469964,12.6322185464
801030,2001-08-23,1515.2,1506.17,1525.36,1483.93,0.89419645,7.524132428400001
801030,2001-08-24,1497.06,1515.69,1529.36,1487.79,0.46886328,5.4268901276
801030,2001-08-27,1439.82,1485.97,1494.58,1429.29,1.17969746,10.6026597116
801030,2001-08-28,1451.77,1429.14,1460.05,1402.93,0.94675746,8.829012173099999
801030,2001-08-29,1452.98,1454.75,1475.77,1436.62,0.64042565,6.5301477276
801030,2001-08-30,1446.22,1450.26,1463.73,1430.64,0.51521663,4.8182937816
801030,2001-08-31,1444.32,1445.49,1461.01,1431.03,0.36462805,3.6637502919
801030,2001-09-03,1425.88,1441.09,1452.86,1414.66,0.53482307,5.0604449707
801030,2001-09-04,1460.73,1425.16,1467.67,1417.59,0.72004426,7.425998319600001
801030,2001-09-05,1465.94,1465.56,1491.21,1451.52,0.72981709,8.1240396445
801030,2001-09-06,1459.03,1465.54,1478.92,1446.6,0.43785725,4.645859602200001
801030,2001-09-07,1413.8,1456.87,1465.08,1407.31,0.88114542,8.280362264299999
801030,2001-09-10,1449.06,1396.6,1462.4,1378.38,0.86210873,8.3212786279
801030,2001-09-11,1454.84,1452.24,1473.55,1433.87,0.80048801,7.8089243779999995
801030,2001-09-12,1453.76,1426.36,1478.28,1397.58,2.9117189,21.386869126700002
801030,2001-09-13,1442.18,1457.66,1472.06,1430.28,0.92991741,8.3460470323
801030,2001-09-14,1427.29,1441.56,1460.23,1412.83,0.8762886,8.4215642737
801030,2001-09-17,1395.98,1421.04,1432.6,1384.19,0.84225186,8.0430126613
801030,2001-09-18,1403.99,1393.57,1428.65,1381.01,0.55057141,5.973505159099999
801030,2001-09-19,1417.05,1403.54,1424.13,1382.59,0.51983355,5.859543099400001
801030,2001-09-20,1414.8,1420.01,1436.84,1402.28,0.59877167,6.6644710346
801030,2001-09-21,1404.72,1409.49,1423.31,1390.84,0.45885958,4.7864106255
801030,2001-09-24,1396.18,1401.08,1415.29,1384.68,0.3594786,3.6305663820999996
801030,2001-09-25,1392.63,1402.65,1416.89,1382.07,0.36995069,3.7804756527
801030,2001-09-26,1371.48,1391.3,1399.69,1361.74,0.50398249,4.8268576295
801030,2001-09-27,1368.12,1369.6,1388.21,1349.82,0.49129681,4.9099875365
801030,2001-09-28,1364.43,1370.29,1385.04,1346.62,0.44328343,4.567912845
801030,2001-10-08,1333.41,1368.14,1380.85,1321.5,0.36530833,3.6225582039999997
801030,2001-10-09,1346.69,1329.67,1358.84,1319.04,0.37286098,3.9630877489999996
801030,2001-10-10,1297.41,1344.37,1350.79,1284.53,0.61526047,5.810064484700001
801030,2001-10-11,1254.64,1293.84,1310.26,1238.47,0.72122067,6.6273133876
801030,2001-10-12,1294.12,1253.85,1310.6,1217.66,0.98008476,8.739533276
801030,2001-10-15,1290.19,1292.78,1310.03,1266.95,0.51778733,4.6220458849
801030,2001-10-16,1259.9,1290.27,1297.39,1248.88,0.51220705,4.350373776700001
801030,2001-10-17,1248.65,1257.82,1275.54,1233.97,0.46281022,3.9378330455
801030,2001-10-18,1227.69,1245.18,1261.71,1216.93,0.42931594,3.8744680589
801030,2001-10-19,1189.69,1220.26,1233.97,1164.23,0.91414453,8.016129745499999
801030,2001-10-22,1148.68,1173.58,1193.09,1132.4,0.78967459,6.4120288514
801030,2001-10-23,1261.02,1240.49,1261.83,1218.47,2.54897388,19.4943503767
801030,2001-10-24,1308.96,1313.2,1340.07,1268.44,3.17183349,28.780667274000002
801030,2001-10-25,1270.33,1302.89,1312.32,1254.74,1.38493188,13.7463207893
801030,2001-10-26,1270.02,1261.12,1286.95,1238.82,0.90277047,8.1592944862
801030,2001-10-29,1288.79,1271.23,1297.12,1261.88,0.59435284,5.8546300632
801030,2001-10-30,1276.37,1289.35,1298.5,1266.86,0.51675129,4.9049271286
801030,2001-10-31,1283.84,1270.37,1290.73,1249.55,0.65958419,5.767322449400001
801030,2001-11-01,1297.62,1286.41,1310.27,1272.6,0.90270896,8.242429895399999
801030,2001-11-02,1288.36,1293.77,1307.09,1276.1,0.62166298,5.7116294089999995
801030,2001-11-05,1278.9,1281.84,1295.91,1263.58,0.63064179,5.4379673974000005
801030,2001-11-06,1270.7,1276.34,1290.23,1261.08,0.56004105,4.6726966503
801030,2001-11-07,1204.07,1266.58,1272.51,1194.59,0.99258699,8.3287228139
801030,2001-11-08,1211.5,1182.24,1223.39,1157.83,0.98563638,7.220505504299999
801030,2001-11-09,1228.96,1209.61,1239.45,1185.55,0.68640436,5.9926609637
801030,2001-11-12,1221.11,1226.06,1243.98,1204.11,0.53134478,4.5863146765
801030,2001-11-13,1215.99,1209.7,1230.58,1191.58,0.46091722,3.8515593108
801030,2001-11-14,1218.75,1215.97,1234.24,1204.81,0.3908023,3.8918391336
801030,2001-11-15,1221.05,1220.15,1233.44,1206.11,0.34798988,3.1831260692
801030,2001-11-16,1241.92,1297.72,1320.61,1232.28,1.52822862,14.9117446867
801030,2001-11-19,1263.65,1242.66,1268.64,1232.28,0.71963431,7.205214154400001
801030,2001-11-20,1286.75,1261.22,1297.98,1252.67,1.57956092,15.495245013800002
801030,2001-11-21,1290.74,1286.23,1299.97,1269.56,1.12407796,11.2078622055
801030,2001-11-22,1298.66,1289.89,1307.14,1274.91,0.87698615,8.1651870074
801030,2001-11-23,1304.13,1302.38,1321.4,1287.94,1.30570989,11.8942472806
801030,2001-11-26,1298.2,1301.28,1311.26,1281.84,0.9396803,8.8234776751
801030,2001-11-27,1313.15,1297.25,1317.82,1289.58,0.98315533,9.7068919049
801030,2001-11-28,1327.44,1315.2,1338.31,1308.17,1.38794483,13.5757839209
801030,2001-11-29,1328.06,1327.34,1340.89,1314.04,1.12970799,10.4214254412
801030,2001-11-30,1341.96,1328.89,1348.32,1320.68,1.26315096,12.033533343399998
801030,2001-12-03,1354.65,1345.67,1365.93,1337.23,1.45255819,13.5931202851
801030,2001-12-04,1360.82,1357.32,1368.85,1340.1,1.18742577,11.609396735399999
801030,2001-12-05,1337.46,1356.89,1371.3,1329.54,1.57554041,14.7870805219
801030,2001-12-06,1345.91,1332.96,1354.39,1322.34,1.0858152,10.1274049609
801030,2001-12-07,1344.95,1347.13,1360.46,1332.97,0.92844377,8.7049750649
801030,2001-12-10,1345.96,1344.62,1355.76,1326.9,1.21266255,9.3309539328
801030,2001-12-11,1332.85,1344.17,1355.27,1325.18,0.85719646,8.1615588868
801030,2001-12-12,1321.63,1330.28,1342.09,1312.2,0.96321367,8.739256379
801030,2001-12-13,1297.7,1317.11,1330.06,1290.9,1.11562085,9.555257402899999
801030,2001-12-14,1284.67,1292.63,1307.02,1274.09,0.85402507,7.908021550700001
801030,2001-12-17,1276.84,1281.02,1295.4,1264.38,0.69866188,6.130370719
801030,2001-12-18,1295.25,1279.34,1300.76,1266.37,0.87419738,7.889647120299999
801030,2001-12-19,1283.22,1296.53,1306.25,1275.8,0.69002382,6.73582187
801030,2001-12-20,1249.97,1275.79,1281.71,1240.28,1.04074568,8.7437547869
801030,2001-12-21,1255.76,1246.32,1264.97,1235.95,0.64608315,5.7862527636
801030,2001-12-24,1228.56,1254.13,1261.79,1218.4,0.6535387,5.1404486060000005
801030,2001-12-25,1231.19,1225.7,1243.14,1208.63,0.65635469,5.4490765442999995
801030,2001-12-26,1246.53,1229.38,1252.07,1218.13,0.73326539,6.122370065499999
801030,2001-12-27,1242.76,1247.43,1263.43,1231.22,0.90654725,7.580956467999999
801030,2001-12-28,1249.64,1239.84,1262.62,1225.37,0.87530445,7.7626153087
801030,2001-12-31,1253.35,1251.35,1268.72,1234.87,0.69967803,6.5072477024
801030,2002-01-04,1225.87,1249.57,1254.23,1218.12,0.39471267,3.389575872
801030,2002-01-07,1211.25,1216.18,1225.71,1194.63,0.42596595,3.5220810220999996
801030,2002-01-08,1202.03,1210.3,1226.39,1195.66,0.3728278,3.5357670262
801030,2002-01-09,1180.76,1197.28,1207.32,1167.78,0.62310654,5.050273076
801030,2002-01-10,1189.97,1173.43,1200.82,1141.44,0.82317853,6.838899019199999
801030,2002-01-11,1154.75,1186.97,1190.21,1149.88,0.57643342,4.5127094268
801030,2002-01-14,1105.55,1137.23,1147.6,1097.24,0.90671903,7.0757195247
801030,2002-01-15,1083.19,1096.84,1119.27,1072.25,0.81269703,6.2197328617
801030,2002-01-16,1095.54,1082.27,1109.15,1061.12,0.84694973,6.3082789848
801030,2002-01-17,1037.44,1089.17,1094.78,1025.68,0.81209655,5.9039941153
801030,2002-01-18,1024.49,1022.85,1052.58,986.9,1.31812321,9.2923478256
801030,2002-01-21,969.86,1013.35,1024.12,960.4,1.0299312,6.8171366551
801030,2002-01-22,952.83,958.74,997.64,935.29,1.18743889,7.6941283761
801030,2002-01-23,1022.73,944.18,1026.05,925.48,1.70151602,10.9373593825
801030,2002-01-24,1039.99,1015.23,1066.52,978.6,2.4572319,16.9682701582
801030,2002-01-25,1038.82,1031.06,1058.9,1015.65,1.39719327,9.6170505062
801030,2002-01-28,966.99,1029.29,1045.47,957.88,1.8229881,11.9371842033
801030,2002-01-29,995.66,953.38,1008.14,938.57,1.22888111,8.139157239700001
801030,2002-01-30,1007.59,996.23,1022.38,980.82,1.28911104,8.274458675
801030,2002-01-31,1082.01,1019.52,1091.96,1015.6,3.06665139,22.3378773621
801030,2002-02-01,1077.32,1083.02,1105.5,1061.85,2.07841428,15.8685595578
801030,2002-02-04,1102.42,1076.04,1109.44,1062.48,1.50212694,11.2912828343
801030,2002-02-05,1108.05,1102.51,1121.83,1086.47,1.63523154,11.5977897835
801030,2002-02-06,1075.32,1107.86,1116.47,1069.09,1.44759224,10.6990364579
801030,2002-02-07,1101.04,1072.47,1112.71,1066.39,1.42235854,10.595343946
801030,2002-02-08,1096.7,1104.97,1122.31,1088.22,1.22350473,9.5958453008
801030,2002-02-25,1115.15,1122.93,1136.52,1099.79,1.20574749,10.230472392100001
801030,2002-02-26,1121.96,1113.16,1129.73,1093.08,1.20888736,9.6032221204
801030,2002-02-27,1128.21,1121.58,1141.55,1108.36,1.41347001,10.8417179911
801030,2002-02-28,1115.19,1124.87,1138.65,1107.3,1.12096687,9.1198765125
801030,2002-03-01,1092.98,1110.92,1118.42,1087.37,0.9805414,7.6154216178
801030,2002-03-04,1114.77,1088.47,1119.46,1078.91,0.80536033,6.5859968841
801030,2002-03-05,1142.72,1118.19,1153.5,1113.6,1.86475747,14.8532809345
801030,2002-03-06,1152.69,1145.43,1180.6,1136.6,2.75523918,21.9194623146
801030,2002-03-07,1192.71,1152.96,1197.1,1147.36,2.87029392,23.5902629309
801030,2002-03-08,1222.82,1200.4,1237.42,1182.66,5.00302384,37.913583973899996
801030,2002-03-11,1248.68,1224.75,1256.19,1205.02,3.75655489,31.295577049899997
801030,2002-03-12,1228.87,1246.2,1268.76,1215.52,3.83558367,31.469433370500003
801030,2002-03-13,1206.8,1222.3,1248.86,1195.53,2.65613154,22.8009329081
801030,2002-03-14,1246.35,1204.37,1252.22,1194.33,2.41131898,21.5802712446
801030,2002-03-15,1208.21,1249.84,1265.69,1200.59,3.22189328,28.8901896215
801030,2002-03-18,1206.28,1219.15,1243.99,1188.37,1.98814981,17.842229718
801030,2002-03-19,1240.7,1205.82,1247.86,1194.42,2.27734378,23.4905083216
801030,2002-03-20,1257.62,1246.56,1273.05,1230.07,3.18742483,33.7324392627
801030,2002-03-21,1261.79,1260.57,1280.47,1242.3,2.45018883,23.333944352800003
801030,2002-03-22,1255.41,1261.91,1276.98,1238.0,2.30820657,21.2144997282
801030,2002-03-25,1262.5,1253.86,1273.05,1241.02,1.54913844,15.438697039500001
801030,2002-03-26,1237.33,1261.52,1268.25,1226.15,1.73190743,16.596553547
801030,2002-03-27,1246.11,1233.34,1253.45,1219.22,1.4760252,14.240003548599999
801030,2002-03-28,1245.97,1244.32,1263.49,1231.91,1.44110544,13.9963818126
801030,2002-03-29,1207.91,1243.32,1250.36,1197.0,1.78804575,16.252675918599998
801030,2002-04-01,1214.71,1202.71,1225.78,1187.01,1.11886508,9.8641854517
801030,2002-04-02,1199.28,1214.42,1231.84,1183.63,1.90233787,17.8425114111
801030,2002-04-03,1208.29,1199.33,1226.02,1187.48,1.76128136,15.277356015599999
801030,2002-04-04,1240.79,1207.31,1248.76,1189.36,2.32558462,18.6839274006
801030,2002-04-05,1235.01,1246.47,1260.74,1221.63,2.58341018,19.4771873052
801030,2002-04-08,1239.01,1232.47,1253.29,1220.64,1.65339936,12.5672509279
801030,2002-04-09,1259.44,1241.17,1272.34,1229.58,2.40568992,21.0449987368
801030,2002-04-10,1263.3,1262.5,1277.49,1246.83,1.998106,17.5304598562
801030,2002-04-11,1239.29,1264.47,1271.92,1231.79,1.71295634,15.077651391199998
801030,2002-04-12,1248.53,1236.56,1261.56,1230.57,1.61632349,13.0858353006
801030,2002-04-15,1242.36,1250.17,1260.11,1228.34,1.30675056,11.1424784728
801030,2002-04-16,1234.97,1240.65,1255.14,1223.4,1.23693805,10.2210285502
801030,2002-04-17,1240.08,1236.11,1252.55,1220.83,1.13011908,9.4574248362
801030,2002-04-18,1225.43,1240.24,1250.67,1218.39,1.22932646,10.5387758828
801030,2002-04-19,1228.27,1221.27,1236.57,1195.22,1.3195775,11.2806086453
801030,2002-04-22,1226.74,1224.16,1242.58,1207.8,1.12974919,9.5478575868
801030,2002-04-23,1223.56,1223.66,1239.47,1211.74,1.00256688,8.7804705033
801030,2002-04-24,1214.55,1221.24,1234.21,1203.19,1.13518522,9.505019886
801030,2002-04-25,1216.92,1212.65,1228.12,1199.05,0.92348173,7.7294111706
801030,2002-04-26,1236.95,1219.65,1246.21,1211.97,1.30701376,11.9494611123
801030,2002-04-29,1257.38,1234.96,1267.05,1226.62,1.80359056,16.7978894748
801030,2002-04-30,1255.86,1259.22,1273.05,1242.11,1.63380888,15.187504674000001
801030,2002-05-08,1244.96,1256.15,1265.56,1233.59,0.95946987,8.766995517
801030,2002-05-09,1246.6,1242.1,1262.83,1231.0,1.25843928,11.316500765
801030,2002-05-10,1235.55,1245.16,1255.36,1226.36,1.09591947,9.521797101799999
801030,2002-05-13,1225.3,1230.87,1241.45,1212.25,1.18933671,9.8382880596
801030,2002-05-14,1220.08,1223.03,1239.51,1211.11,1.22184145,10.745327348900002
801030,2002-05-15,1209.11,1218.75,1232.1,1200.33,1.29805609,11.658065385899999
801030,2002-05-16,1165.48,1203.07,1209.56,1156.75,1.56363736,12.8883550817
801030,2002-05-17,1179.76,1164.1,1192.73,1149.7,1.38915046,11.343848046300002
801030,2002-05-20,1162.51,1174.7,1182.98,1140.94,1.03438479,8.2557000798
801030,2002-05-21,1204.92,1187.51,1222.13,1173.87,2.20829677,19.1782726711
801030,2002-05-22,1188.87,1203.93,1216.64,1178.07,1.2999828,11.3464983425
801030,2002-05-23,1196.38,1194.54,1216.72,1182.59,1.25079262,10.466174760800001
801030,2002-05-24,1182.14,1196.1,1205.53,1167.62,1.08924848,10.2023026261
801030,2002-05-27,1185.41,1186.14,1202.3,1164.76,1.00265812,8.789557996100001
801030,2002-05-28,1185.3,1185.98,1201.54,1174.39,0.99005877,8.6285630609
801030,2002-05-29,1157.16,1181.48,1186.82,1147.46,1.14253816,9.4485681034
801030,2002-05-30,1155.83,1156.18,1170.2,1134.24,0.92431981,7.463807105599999
801030,2002-05-31,1149.67,1154.53,1168.73,1137.81,0.8737776,7.0409416843
801030,2002-06-03,1120.88,1141.5,1146.75,1111.28,0.99431692,7.8720878216
801030,2002-06-04,1126.71,1120.96,1140.81,1104.86,1.14233265,8.7625240261
801030,2002-06-05,1098.48,1123.51,1129.26,1089.92,1.09147947,8.2307760377
801030,2002-06-06,1148.68,1094.75,1165.43,1083.49,1.86732261,14.407212286300002
801030,2002-06-07,1164.16,1150.13,1182.44,1132.33,2.66855419,20.804938649300002
801030,2002-06-10,1151.98,1161.5,1170.72,1140.83,1.30582949,10.581652459299999
801030,2002-06-11,1162.11,1149.98,1172.5,1142.93,1.2911976,11.024243585499999
801030,2002-06-12,1155.47,1161.34,1168.6,1142.94,0.99279168,8.4065594767
801030,2002-06-13,1145.47,1155.68,1167.95,1139.92,0.79702448,6.8247494044
801030,2002-06-14,1127.44,1139.83,1150.48,1121.28,0.91404631,7.2316586414
801030,2002-06-17,1129.26,1120.92,1136.63,1110.24,0.54452951,4.4904833024
801030,2002-06-18,1154.39,1131.11,1162.16,1127.94,1.07847271,8.814265471599999
801030,2002-06-19,1140.75,1154.65,1159.53,1135.19,0.8494868,7.1062677849
801030,2002-06-20,1149.63,1143.14,1163.94,1137.84,0.86239862,6.7044489587000005
801030,2002-06-21,1190.24,1151.97,1200.19,1148.19,2.75460509,22.404009682399998
801030,2002-06-24,1301.51,1295.59,1303.79,1243.59,9.45103702,78.4627508944
801030,2002-06-25,1293.11,1309.99,1353.26,1267.83,9.16525065,67.42990109109999
801030,2002-06-26,1304.57,1287.62,1324.53,1264.96,4.8196643,38.1122256715
801030,2002-06-27,1307.85,1304.54,1326.49,1283.19,4.3470184,31.5895971967
801030,2002-06-28,1299.64,1307.88,1329.3,1275.93,5.40835159,38.1641729213
801030,2002-07-01,1285.59,1300.39,1315.89,1275.31,2.63894075,19.364914695699998
801030,2002-07-02,1300.08,1278.75,1304.92,1266.8,2.20137741,17.6724156799
801030,2002-07-03,1303.47,1301.94,1317.57,1286.59,1.97178703,16.4738289445
801030,2002-07-04,1291.53,1303.94,1316.63,1282.73,2.02190062,16.9806323743
801030,2002-07-05,1298.1,1289.41,1307.01,1275.87,1.64213492,14.5602847804
801030,2002-07-08,1308.35,1298.12,1318.44,1288.91,1.74345032,15.275839384100001
801030,2002-07-09,1307.43,1309.42,1324.18,1295.29,1.98829109,16.0364550177
801030,2002-07-10,1285.21,1305.39,1313.72,1278.45,2.07558155,16.4475379427
801030,2002-07-11,1285.23,1280.7,1301.07,1269.89,1.71789183,13.808211225
801030,2002-07-12,1286.05,1284.14,1299.25,1274.91,1.31343242,11.877055566300001
801030,2002-07-15,1273.61,1283.85,1292.07,1265.42,1.14901172,9.922132763099999
801030,2002-07-16,1277.36,1273.67,1292.78,1267.02,0.98014715,8.6431199699
801030,2002-07-17,1286.58,1278.31,1293.22,1263.12,1.16438489,10.144668085800001
801030,2002-07-18,1287.46,1287.84,1299.96,1275.41,1.52076709,13.056827525
801030,2002-07-19,1293.3,1289.15,1301.69,1278.43,1.32214531,11.779992331199999
801030,2002-07-22,1274.53,1294.41,1300.52,1267.93,1.60247156,12.939248920999999
801030,2002-07-23,1266.36,1270.26,1283.74,1256.35,1.3510934,10.927610531700001
801030,2002-07-24,1262.88,1265.34,1276.67,1252.9,1.09508521,9.0199025862
801030,2002-07-25,1258.14,1265.7,1276.88,1250.08,0.99004118,8.1216454594
801030,2002-07-26,1253.12,1259.24,1269.77,1246.1,0.97906014,8.0455116294
801030,2002-07-29,1260.05,1250.34,1264.93,1238.56,0.84568794,7.136917827
801030,2002-07-30,1260.39,1260.17,1269.32,1246.57,0.73520535,6.2721650533
801030,2002-07-31,1249.57,1259.61,1268.57,1242.1,0.74946482,6.863890507100001
801030,2002-08-01,1251.44,1246.27,1262.34,1234.24,0.90893794,6.9523177712
801030,2002-08-02,1256.46,1251.63,1264.69,1242.15,0.91701984,7.9655397259
801030,2002-08-05,1251.34,1254.72,1263.15,1242.29,0.5969308,5.1301136502
801030,2002-08-06,1264.25,1250.33,1274.55,1243.35,1.12630292,8.6055421909
801030,2002-08-07,1262.2,1263.18,1272.04,1252.23,0.56676611,5.116511748500001
801030,2002-08-08,1253.95,1262.97,1270.89,1248.28,0.60981173,5.228041162699999
801030,2002-08-09,1245.52,1252.99,1259.66,1236.28,0.78855561,6.4784101875
801030,2002-08-12,1238.31,1242.0,1250.86,1228.65,0.69647729,6.300907152100001
801030,2002-08-13,1239.68,1237.91,1250.48,1230.66,0.54526619,5.2670952485
801030,2002-08-14,1247.34,1240.2,1251.69,1232.66,0.5575415,5.2507454914
801030,2002-08-15,1238.14,1246.2,1252.28,1232.13,0.53285897,4.7142083086
801030,2002-08-16,1248.44,1236.59,1258.42,1225.65,1.06508341,8.1782572237
801030,2002-08-19,1245.44,1247.46,1256.63,1236.66,0.5987543,5.474945643
801030,2002-08-20,1263.26,1245.01,1268.81,1240.37,1.90413553,12.4720005647
801030,2002-08-21,1265.39,1264.06,1276.15,1253.4,1.60896266,10.8836619253
801030,2002-08-22,1276.07,1266.05,1287.82,1259.08,1.75400729,14.5707322823
801030,2002-08-23,1272.74,1275.78,1282.96,1264.32,0.98035209,8.2753907562
801030,2002-08-26,1261.94,1271.88,1278.6,1255.55,1.02711001,8.4164006448
801030,2002-08-27,1268.3,1260.9,1277.96,1253.2,1.0306969,9.369169705800001
801030,2002-08-28,1270.05,1268.92,1282.67,1259.68,0.95938801,9.043827782100001
801030,2002-08-29,1262.84,1269.69,1280.41,1255.66,0.95539526,8.4563109328
801030,2002-08-30,1263.06,1261.89,1271.48,1254.66,0.65610253,5.8889388931
801030,2002-09-02,1266.05,1263.23,1273.68,1254.63,0.75336324,6.7307658849
801030,2002-09-03,1268.65,1267.07,1280.37,1260.13,0.92844893,8.660668231699999
801030,2002-09-04,1261.25,1268.29,1276.59,1254.53,0.93079671,8.3854466927
801030,2002-09-05,1243.42,1259.87,1265.25,1236.23,1.24838228,10.3033973682
801030,2002-09-06,1238.06,1240.9,1253.12,1229.29,1.08570663,8.6576120921
801030,2002-09-09,1231.56,1234.24,1244.1,1220.71,0.79302844,6.8002023059
801030,2002-09-10,1234.23,1231.0,1243.56,1221.68,0.68737621,5.4761984847
801030,2002-09-11,1228.56,1233.78,1238.33,1213.11,0.69692075,6.0105840753
801030,2002-09-12,1231.41,1227.79,1239.88,1218.83,0.51182428,4.4709174046
801030,2002-09-13,1230.97,1230.69,1239.16,1221.59,0.52217464,4.7750318326
801030,2002-09-16,1214.45,1227.92,1232.84,1203.95,0.73709098,5.8797682583
801030,2002-09-17,1212.92,1215.39,1226.34,1199.01,0.8312,6.248837732999999
801030,2002-09-18,1204.26,1210.75,1218.19,1197.04,0.57920361,4.6306731669
801030,2002-09-19,1224.44,1202.62,1232.38,1190.58,1.08682305,8.646948163300001
801030,2002-09-20,1212.06,1221.49,1228.94,1203.7,0.66829547,6.030078830800001
801030,2002-09-23,1209.82,1208.51,1218.04,1197.58,0.48585328,4.2495954844999995
801030,2002-09-24,1203.84,1208.9,1216.87,1196.82,0.5981772,4.7484807344
801030,2002-09-25,1204.3,1201.49,1214.15,1192.2,0.65725359,5.9054618859
801030,2002-09-26,1194.79,1203.63,1211.91,1187.55,0.63425368,5.6589419576
801030,2002-09-27,1190.68,1195.13,1204.71,1182.02,0.57442563,4.9470924555
801030,2002-10-08,1179.29,1186.03,1193.33,1167.21,0.46466413,3.728579585
801030,2002-10-09,1150.65,1176.41,1182.32,1141.34,0.74592953,5.0211599967
801030,2002-10-10,1147.14,1147.51,1165.17,1137.3,0.53268968,3.7834431295999997
801030,2002-10-11,1145.18,1148.93,1159.96,1136.5,0.47208135,3.6336370937
801030,2002-10-14,1149.94,1142.65,1157.42,1125.85,0.58019861,4.7281119482
801030,2002-10-15,1145.56,1148.73,1158.39,1137.87,0.48319724,3.7305883730000002
801030,2002-10-16,1154.26,1146.95,1167.19,1141.62,0.64377499,5.2284902516
801030,2002-10-17,1134.24,1154.33,1158.75,1128.32,0.59445533,4.5753364201
801030,2002-10-18,1136.75,1130.88,1146.08,1117.92,0.57437265,4.2207468944999995
801030,2002-10-21,1140.12,1134.03,1146.82,1121.94,0.52619311,4.1715949634
801030,2002-10-22,1160.14,1142.9,1168.22,1136.94,1.04090302,8.3268883008
801030,2002-10-23,1160.69,1160.06,1168.75,1145.7,0.65626198,5.2776528733
801030,2002-10-24,1150.7,1159.63,1166.74,1143.63,0.58644541,4.8714549004
801030,2002-10-25,1136.72,1150.5,1160.98,1129.33,0.63102255,4.8358069158
801030,2002-10-28,1123.46,1134.27,1142.43,1114.62,0.51742684,4.0152586861
801030,2002-10-29,1127.5,1121.18,1135.65,1103.57,0.55992625,4.2440500412999995
801030,2002-10-30,1128.35,1126.42,1138.52,1112.89,0.5617975,4.3470004628
801030,2002-10-31,1125.66,1128.76,1140.86,1118.18,0.45259968,3.4580631379000004
801030,2002-11-01,1127.26,1123.46,1134.38,1113.8,0.39651383,2.9865294714
801030,2002-11-04,1142.58,1133.93,1147.74,1123.73,0.49988797,4.0824166257
801030,2002-11-05,1163.38,1144.91,1172.14,1137.34,1.37137357,11.6401854878
801030,2002-11-06,1157.63,1162.9,1169.54,1149.46,0.75848579,6.4837509063
801030,2002-11-07,1156.58,1157.56,1166.9,1146.67,0.82634365,6.827921438300001
801030,2002-11-08,1128.24,1165.83,1174.18,1120.32,1.18876366,8.6417224265
801030,2002-11-11,1115.35,1126.59,1136.64,1108.54,0.57343796,4.9118271534
801030,2002-11-12,1091.86,1115.08,1128.1,1081.98,1.06285408,7.7300939525
801030,2002-11-13,1093.51,1089.65,1100.68,1065.79,0.83622583,6.3607759212
801030,2002-11-14,1069.47,1091.48,1097.5,1063.95,0.65073687,5.237906666600001
801030,2002-11-15,1070.81,1065.25,1088.78,1055.13,0.73372094,5.7232049051
801030,2002-11-18,1056.63,1070.02,1079.13,1047.75,0.53720925,4.0669084506
801030,2002-11-19,1065.89,1053.82,1073.0,1042.07,0.62545019,4.9079797016
801030,2002-11-20,1035.5,1060.14,1064.38,1029.3,0.62881457,4.5649028112
801030,2002-11-21,1004.21,1029.37,1038.33,997.05,0.93868033,6.3387209503
801030,2002-11-22,1009.78,1006.91,1029.99,986.26,0.97130047,6.3494378724
801030,2002-11-25,1015.18,1004.8,1024.88,992.54,0.61149392,4.1752732408
801030,2002-11-26,991.85,1015.63,1026.58,986.68,0.66187515,4.7501179463
801030,2002-11-27,1003.15,984.21,1011.82,971.33,1.01010684,6.4938165616
801030,2002-11-28,1030.05,1002.26,1033.73,991.2,1.17780732,7.9515214435
801030,2002-11-29,1043.52,1032.14,1060.48,1018.81,1.9620124,14.024741501300001
801030,2002-12-02,1013.17,1038.91,1049.66,1009.08,0.96110235,6.347919319
801030,2002-12-03,1023.93,1008.29,1029.34,1002.93,0.63620821,4.3013091635
801030,2002-12-04,1028.54,1026.86,1046.58,1017.04,0.83015224,6.1395140237
801030,2002-12-05,1022.19,1024.33,1032.26,1009.52,0.53580687,3.8749094901
801030,2002-12-06,1021.64,1022.04,1033.0,1012.43,0.44354442,3.2771622741
801030,2002-12-09,1017.3,1020.06,1029.55,1009.63,0.36375753,2.6805889231
801030,2002-12-10,1002.67,1016.75,1026.36,997.78,0.54599168,3.9428792425
801030,2002-12-11,997.85,1000.11,1007.91,983.53,0.55071229,3.9314273542000002
801030,2002-12-12,1004.1,999.94,1019.68,993.38,0.60251947,4.547015204
801030,2002-12-13,1017.19,997.39,1025.58,985.22,0.79369747,5.7200059165
801030,2002-12-16,1028.73,1018.23,1036.85,1009.78,0.96930629,6.9410264363
801030,2002-12-17,1037.07,1029.39,1043.75,1020.71,0.98655108,7.201663581699999
801030,2002-12-18,1031.63,1038.25,1053.46,1025.13,1.04511008,7.6977855389
801030,2002-12-19,1034.86,1028.49,1041.2,1018.67,0.73905836,5.6946747149
801030,2002-12-20,1045.07,1035.43,1052.97,1026.85,0.94717134,7.1214928183
801030,2002-12-23,1048.83,1046.48,1065.03,1038.15,1.25442953,8.8252516025
801030,2002-12-24,1049.86,1047.65,1057.05,1035.89,0.92216429,7.043938805800001
801030,2002-12-25,1043.13,1049.23,1061.03,1035.21,0.92101723,6.9331628424
801030,2002-12-26,1010.97,1038.25,1046.92,1003.83,1.19559326,8.5196674473
801030,2002-12-27,1011.57,1007.29,1025.45,993.09,1.08149268,7.6467631149
801030,2002-12-30,1000.57,1008.36,1019.45,987.55,0.89160719,6.7644798592
801030,2002-12-31,993.12,999.69,1017.31,979.59,1.03773284,7.9936153056
801030,2003-01-02,967.56,983.55,995.71,959.0,0.76942664,5.1277823606
801030,2003-01-03,969.49,965.33,979.37,954.79,0.64945997,4.1370839901
801030,2003-01-06,983.25,966.57,989.29,957.81,0.69612343,4.6723927426
801030,2003-01-07,981.16,982.24,997.27,970.68,0.74887288,5.2058830277
801030,2003-01-08,1007.69,980.55,1012.13,974.23,1.165974,7.698256725499999
801030,2003-01-09,1024.98,1009.39,1034.2,996.11,1.71389665,11.542133436199999
801030,2003-01-10,1015.54,1025.06,1041.17,1007.79,1.60632097,10.955292155699999
801030,2003-01-13,1018.37,1010.74,1027.72,1002.63,0.96873783,6.8309239715
801030,2003-01-14,1072.44,1018.69,1087.31,1013.4,5.10374896,28.347444503200002
801030,2003-01-15,1062.35,1077.84,1096.77,1047.9,4.30466847,24.877201651100002
801030,2003-01-16,1080.95,1061.04,1087.63,1050.87,2.47914421,16.6100403141
801030,2003-01-17,1079.45,1081.62,1098.34,1065.43,2.50589612,17.483901795599998
801030,2003-01-20,1085.07,1078.02,1092.66,1058.87,1.60911727,11.6875804778
801030,2003-01-21,1062.7,1086.86,1097.53,1058.53,1.63093554,11.4475779567
801030,2003-01-22,1073.1,1059.39,1086.62,1051.34,2.00832782,12.8602862344
801030,2003-01-23,1064.05,1072.37,1085.36,1057.06,1.44343394,10.039152278200001
801030,2003-01-24,1085.46,1062.2,1096.55,1054.9,2.84753881,15.4835073999
801030,2003-01-27,1096.12,1087.08,1104.55,1076.08,2.06891743,13.0462858584
801030,2003-01-28,1097.47,1095.58,1105.39,1083.33,1.4552824,9.530708390900001
801030,2003-01-29,1094.89,1097.17,1109.25,1086.53,1.52833211,10.8459537143
801030,2003-02-10,1086.37,1094.62,1107.39,1076.82,1.34448714,8.6873283278
801030,2003-02-11,1099.21,1084.84,1103.5,1078.48,1.02527271,7.604133226699999
801030,2003-02-12,1117.1,1098.63,1123.59,1090.16,1.80125736,12.9778689755
801030,2003-02-13,1113.13,1118.46,1130.56,1104.55,1.93925872,14.4342239793
801030,2003-02-14,1121.43,1112.1,1131.16,1104.04,1.68742191,11.556969888900001
801030,2003-02-17,1113.03,1122.22,1134.98,1102.11,1.87709433,13.136097008599998
801030,2003-02-18,1109.74,1110.68,1120.25,1097.78,1.31078968,9.187831079299999
801030,2003-02-19,1118.72,1108.27,1121.91,1098.54,1.16986509,8.4677277723
801030,2003-02-20,1116.96,1119.2,1129.92,1108.28,1.37859651,10.0477893056
801030,2003-02-21,1093.3,1114.52,1119.27,1087.25,1.60255594,11.481194047999999
801030,2003-02-24,1095.13,1090.2,1106.46,1083.99,1.10263229,8.3494782363
801030,2003-02-25,1119.26,1094.52,1126.3,1090.97,2.02650123,15.3635756366
801030,2003-02-26,1121.11,1121.19,1131.46,1109.22,1.45974426,11.6098716088
801030,2003-02-27,1120.61,1121.06,1135.18,1111.57,1.57544258,11.2561874891
801030,2003-02-28,1119.11,1119.08,1128.05,1106.34,1.14111248,8.9026656286
801030,2003-03-03,1126.15,1118.11,1132.52,1109.72,1.21721318,9.567938743400001
801030,2003-03-04,1124.64,1126.2,1135.51,1112.98,1.22060506,9.6303597027
801030,2003-03-05,1118.31,1124.36,1131.14,1106.91,1.57799689,12.5188733815
801030,2003-03-06,1102.52,1116.15,1123.86,1095.5,1.65019836,12.2223206845
801030,2003-03-07,1100.58,1100.26,1114.34,1091.27,1.48544132,10.772064681500002
801030,2003-03-10,1083.33,1099.55,1109.12,1076.8,1.44707989,10.50262787
801030,2003-03-11,1084.01,1082.03,1094.34,1073.41,0.9886101,7.4418788665
801030,2003-03-12,1087.64,1083.14,1094.61,1068.75,1.04421219,7.9484347605
801030,2003-03-13,1081.32,1086.53,1095.7,1074.5,1.06223217,7.6451565438
801030,2003-03-14,1081.11,1080.57,1090.75,1071.42,0.8106186,6.264205481
801030,2003-03-17,1088.68,1080.54,1096.33,1065.41,1.40776394,9.8352744842
801030,2003-03-18,1079.4,1087.8,1099.54,1073.45,1.1562236,8.729951917000001
801030,2003-03-19,1080.71,1075.52,1092.42,1063.18,1.28933865,8.6593557927
801030,2003-03-20,1072.64,1080.59,1092.46,1064.36,1.46341778,9.4329154955
801030,2003-03-21,1079.97,1070.67,1085.22,1062.95,0.86303464,6.3588799886
801030,2003-03-24,1079.01,1079.6,1087.7,1068.19,0.74675446,5.9738708996000005
801030,2003-03-25,1067.33,1077.2,1086.24,1059.41,0.81647829,6.0842057672
801030,2003-03-26,1060.52,1066.09,1075.45,1051.48,0.81925662,6.2125483943
801030,2003-03-27,1089.94,1058.99,1104.73,1048.97,2.29215499,14.334282035
801030,2003-03-28,1082.8,1087.93,1100.93,1073.72,1.8387557,12.171691895899999
801030,2003-03-31,1093.34,1083.18,1100.41,1074.05,1.74606671,11.3755812167
801030,2003-04-01,1100.2,1093.46,1111.32,1084.31,2.33553353,14.7990841539
801030,2003-04-02,1099.38,1099.97,1109.64,1088.94,1.51615654,10.5101934554
801030,2003-04-03,1091.84,1099.45,1106.96,1084.63,1.62727851,11.387801592799999
801030,2003-04-04,1094.54,1090.77,1104.28,1081.04,1.65750176,12.1500656451
801030,2003-04-07,1085.95,1095.31,1106.89,1076.87,2.24905346,14.6830794222
801030,2003-04-08,1082.84,1086.13,1100.09,1068.96,1.99017068,12.3970930836
801030,2003-04-09,1090.53,1081.3,1099.95,1063.28,3.04530701,18.3241593983
801030,2003-04-10,1090.3,1090.71,1109.06,1069.83,3.67138773,22.1443010458
801030,2003-04-11,1103.33,1089.79,1114.12,1074.46,3.80037432,23.480373181599997
801030,2003-04-14,1126.71,1104.61,1138.56,1091.15,5.01568899,32.7664191475
801030,2003-04-15,1137.27,1130.54,1154.32,1112.4,4.37309766,30.2737531427
801030,2003-04-16,1120.26,1137.34,1162.0,1104.62,4.94013845,33.9758291227
801030,2003-04-17,1125.03,1119.12,1143.7,1103.73,3.13654509,21.2564860998
801030,2003-04-18,1121.47,1127.25,1141.98,1106.56,2.82798348,19.0108108261
801030,2003-04-21,1102.73,1119.63,1128.64,1088.03,2.43302195,16.5814473073
801030,2003-04-22,1105.92,1105.66,1123.19,1090.63,1.61005573,11.732726400599999
801030,2003-04-23,1087.64,1106.16,1117.38,1079.19,2.39912481,15.8717707827
801030,2003-04-24,1062.23,1086.23,1098.57,1049.47,2.73197363,17.530796151300002
801030,2003-04-25,1048.84,1063.27,1078.32,1038.54,1.70475104,11.484075013699998
801030,2003-04-28,1077.88,1045.68,1088.04,1025.52,3.12470919,18.6913609938
801030,2003-04-29,1059.1,1079.0,1088.43,1047.9,2.63756292,17.0125197395
801030,2003-04-30,1067.46,1064.98,1097.75,1047.16,3.98115248,22.7139181692
801030,2003-05-12,1070.96,1067.91,1091.44,1046.66,3.49181832,19.9231963253
801030,2003-05-13,1030.97,1068.97,1079.55,1017.42,3.21162603,18.929463897999998
801030,2003-05-14,1061.02,1026.33,1071.35,1016.6,5.47607121,31.1613620615
801030,2003-05-15,1085.75,1060.98,1095.28,1046.64,4.30440038,27.1261135822
801030,2003-05-16,1081.19,1084.59,1096.7,1064.59,2.71190872,17.4311141584
801030,2003-05-19,1087.36,1081.9,1103.14,1070.51,2.57786349,16.793089017
801030,2003-05-20,1076.76,1084.89,1093.75,1063.37,2.19257016,14.1684413022
801030,2003-05-21,1076.07,1075.56,1092.4,1064.98,1.65881588,11.2108400226
801030,2003-05-22,1082.02,1075.06,1089.76,1061.45,1.81305886,12.0471385662
801030,2003-05-23,1092.07,1081.58,1106.16,1073.34,3.37876411,21.849896969499998
801030,2003-05-26,1096.15,1092.56,1108.45,1081.25,2.21190732,14.552799105999998
801030,2003-05-27,1096.47,1096.64,1109.6,1079.95,2.3189314,14.7103334764
801030,2003-05-28,1088.26,1096.86,1109.93,1077.98,2.53594355,16.255480436400003
801030,2003-05-29,1095.65,1086.85,1103.11,1072.54,2.15774405,13.9764289395
801030,2003-05-30,1102.29,1096.3,1115.32,1083.66,2.56896841,17.088629876600002
801030,2003-06-02,1107.47,1104.33,1117.04,1089.39,2.07994518,14.357541236600001
801030,2003-06-03,1097.2,1106.43,1119.31,1089.65,1.7918058,12.150748533900002
801030,2003-06-04,1100.51,1095.71,1111.89,1078.32,2.37035279,15.0802669125
801030,2003-06-05,1092.06,1101.35,1114.3,1084.1,2.46680815,14.9134458114
801030,2003-06-06,1080.98,1089.11,1101.37,1073.68,1.9916422,12.3407022259
801030,2003-06-09,1077.3,1077.53,1096.11,1066.12,2.94764098,15.3076380195
801030,2003-06-10,1085.8,1075.85,1094.33,1069.15,1.14985102,7.6233158886000005
801030,2003-06-11,1102.66,1087.26,1109.36,1081.14,4.11200502,20.9204042221
801030,2003-06-12,1099.11,1102.05,1110.4,1087.79,1.82900155,10.6871378155
801030,2003-06-13,1104.6,1100.1,1113.62,1092.44,1.90233911,11.4420154504
801030,2003-06-16,1101.72,1105.95,1115.64,1092.06,1.63194992,9.6907155039
801030,2003-06-17,1098.17,1102.02,1111.34,1089.81,1.33135872,8.685792622300001
801030,2003-06-18,1097.68,1098.87,1111.57,1089.19,1.1084998,7.2008050145
801030,2003-06-19,1085.08,1096.65,1104.5,1075.16,1.80918568,10.5704985709
801030,2003-06-20,1081.33,1083.81,1094.74,1073.71,1.02726508,6.3670803098
801030,2003-06-23,1069.85,1079.63,1086.94,1062.09,1.22037635,7.4389454037
801030,2003-06-24,1071.7,1069.02,1080.75,1059.85,0.97729411,6.1222039499
801030,2003-06-25,1060.37,1072.64,1080.56,1052.91,1.040387,6.922271489
801030,2003-06-26,1063.73,1058.49,1073.38,1042.14,1.20706533,7.485799365
801030,2003-06-27,1051.79,1062.76,1072.4,1043.91,1.25533691,8.0979213852
801030,2003-06-30,1043.15,1048.33,1060.01,1034.77,0.92381944,5.8660232933000005
801030,2003-07-01,1039.98,1042.46,1058.66,1033.11,1.00421646,6.2084479224
801030,2003-07-02,1049.47,1040.67,1054.79,1028.99,1.03708303,6.4702149876999995
801030,2003-07-03,1050.83,1049.72,1059.16,1040.13,0.85014843,5.210313010299999
801030,2003-07-04,1049.95,1050.16,1060.71,1040.56,0.81977626,5.5299003539
801030,2003-07-07,1048.28,1046.58,1056.69,1034.69,0.81069492,5.4951235842
801030,2003-07-08,1057.95,1047.7,1063.36,1040.96,1.10951422,7.1585966785
801030,2003-07-09,1052.36,1057.26,1064.33,1044.52,0.79664349,5.3629579276
801030,2003-07-10,1066.79,1051.43,1072.63,1044.95,1.69119919,10.7683852542
801030,2003-07-11,1063.09,1066.0,1073.95,1054.14,1.04179283,6.8188123088
801030,2003-07-14,1058.17,1062.36,1070.77,1050.1,0.69403287,4.6861185900999995
801030,2003-07-15,1060.32,1057.06,1069.56,1048.35,0.90826128,6.069795393300001
801030,2003-07-16,1061.96,1060.06,1070.04,1049.79,0.8014515,5.317782207900001
801030,2003-07-17,1063.92,1061.49,1072.26,1051.69,1.38803206,8.8175851786
801030,2003-07-18,1042.25,1064.03,1069.33,1036.79,1.34900084,8.4841510828
801030,2003-07-21,1030.32,1036.94,1046.1,1017.18,1.22698378,7.582245392999999
801030,2003-07-22,1034.24,1033.53,1047.13,1020.32,1.03766769,6.339573508200001
801030,2003-07-23,1038.98,1035.52,1046.27,1026.02,0.92905125,6.0164727696
801030,2003-07-24,1031.42,1038.24,1044.65,1024.58,0.8082486,5.2462816221
801030,2003-07-25,1017.93,1030.52,1039.01,1010.07,1.27178912,7.574103604099999
801030,2003-07-28,1010.39,1014.35,1022.37,1000.63,0.84742681,5.3701400604
801030,2003-07-29,1016.07,1010.89,1023.44,1004.03,0.67625403,4.5382302792
801030,2003-07-30,1015.25,1015.88,1024.52,1004.94,0.66022792,4.2935916928
801030,2003-07-31,1012.67,1013.19,1023.4,1003.25,0.6575753,4.3442007023
801030,2003-08-01,1011.64,1011.73,1019.35,998.38,0.88131933,5.2544666022
801030,2003-08-04,1024.12,1010.34,1028.19,1000.78,0.96356673,6.5244752667
801030,2003-08-05,1025.1,1024.69,1034.01,1013.92,1.01554588,6.8537854262
801030,2003-08-06,1022.3,1023.98,1031.4,1011.36,0.84204791,5.539849267999999
801030,2003-08-07,1024.08,1021.41,1034.67,1014.19,0.94421757,6.3686272364
801030,2003-08-08,1014.39,1022.23,1028.74,1007.51,0.83892492,5.6115836486
801030,2003-08-11,1019.22,1011.84,1024.0,1003.26,0.72938001,4.990584092200001
801030,2003-08-12,1022.86,1018.85,1030.35,1011.47,0.71585402,4.992170573
801030,2003-08-13,1014.42,1021.62,1028.35,1008.22,0.7619813,5.4096740453
801030,2003-08-14,1009.43,1013.36,1026.24,1000.49,0.9096075,6.2303514484
801030,2003-08-15,1006.84,1007.87,1017.76,996.64,0.8412349,5.6414747325
801030,2003-08-18,1002.0,1004.69,1013.2,994.1,0.5648262,3.9538419866
801030,2003-08-19,1005.77,1001.97,1014.22,995.74,0.63076763,4.5610790725
801030,2003-08-20,1001.72,1005.1,1011.84,990.95,0.76359764,5.1110617271
801030,2003-08-21,1001.36,1000.27,1008.71,988.8,0.7289729,5.2059122265
801030,2003-08-22,1000.37,998.94,1010.15,991.97,0.68518431,5.0573673451
801030,2003-08-25,987.86,996.85,1003.14,978.63,0.78992262,5.2864283435
801030,2003-08-26,988.86,986.89,996.97,977.49,0.62864757,4.4808346517
801030,2003-08-27,988.84,989.08,998.98,980.34,0.62761329,4.0993074854
801030,2003-08-28,983.05,987.8,997.13,976.45,0.54426828,3.5424962952
801030,2003-08-29,984.48,981.28,990.9,967.65,0.70934006,4.4386876399
801030,2003-09-01,1001.7,984.87,1005.55,976.01,1.02326401,7.215414045599999
801030,2003-09-02,996.93,1001.59,1010.41,988.4,0.98866287,7.03163422
801030,2003-09-03,1000.37,995.41,1009.34,984.9,0.87354962,5.9178245801
801030,2003-09-04,999.43,999.81,1009.82,990.12,0.79833879,5.3380034195
801030,2003-09-05,987.77,998.21,1005.02,979.14,0.92184841,6.3217664966
801030,2003-09-08,983.78,985.53,993.37,973.89,0.66698536,4.5406992411000004
801030,2003-09-09,980.87,982.42,992.68,971.54,0.75858225,4.7871328538
801030,2003-09-10,983.6,980.27,990.73,972.11,0.61917531,4.0747139334
801030,2003-09-11,983.85,982.67,992.7,975.73,0.52584425,3.51172329
801030,2003-09-12,972.64,982.75,988.5,966.39,0.68804501,4.4556573678
801030,2003-09-15,963.72,970.42,981.11,956.07,0.68688534,4.404484400199999
801030,2003-09-16,970.94,962.06,975.36,954.28,0.6664042,4.3201906232
801030,2003-09-17,959.94,970.1,975.34,951.69,0.66980569,4.2561925834
801030,2003-09-18,958.9,957.45,970.1,954.59,0.60801113,3.7507107683
801030,2003-09-19,958.85,958.9,960.92,953.26,0.58909785,3.7297658672000003
801030,2003-09-22,953.9,960.55,967.73,945.63,0.58170987,3.5067582187
801030,2003-09-23,958.8,951.2,963.24,942.45,0.62246044,4.003444633
801030,2003-09-24,962.63,958.09,962.63,956.96,0.6229452,4.0290712598
801030,2003-09-25,949.57,960.75,963.05,948.27,0.57828444,3.7753372327999997
801030,2003-09-26,942.92,947.34,960.66,940.76,0.68318192,4.3076723526
801030,2003-09-29,930.61,941.16,947.2,929.42,0.63336074,3.883877581
801030,2003-09-30,941.05,930.0,942.75,926.1,0.96465831,5.4505637553
801030,2003-10-08,945.34,937.78,947.92,930.0,0.81506343,4.6704159022
801030,2003-10-09,941.38,943.97,948.57,937.77,0.63720397,3.6880772176
801030,2003-10-10,962.54,939.52,962.54,939.32,2.24245112,13.2275978714
801030,2003-10-13,960.68,962.66,968.14,939.52,1.75109376,10.2340449699
801030,2003-10-14,951.31,960.53,964.23,948.91,1.09015116,6.2231440892
801030,2003-10-15,949.38,952.79,960.52,946.8,1.05535045,6.326457626900001
801030,2003-10-16,938.02,948.57,952.79,936.38,1.00311631,5.6814392394
801030,2003-10-17,941.77,937.84,948.56,936.85,0.91362366,5.2698764149
801030,2003-10-20,934.77,941.02,942.48,932.64,0.81358884,4.756628088899999
801030,2003-10-21,937.24,934.22,949.72,927.63,0.92666702,5.1754731518
801030,2003-10-22,958.96,938.98,960.35,937.07,2.21782071,12.0187249021
801030,2003-10-23,952.79,958.06,963.08,950.89,1.54872251,8.3485422478
801030,2003-10-24,948.91,951.42,956.1,943.22,1.30040571,7.6911766902
801030,2003-10-27,939.46,947.45,950.22,933.55,1.23834607,7.201311593300001
801030,2003-10-28,937.84,937.28,946.67,930.12,1.50634756,8.8179139829
801030,2003-10-29,924.56,939.67,940.28,913.09,1.95311114,11.2553691166
801030,2003-10-30,910.36,921.62,932.46,907.49,1.35469378,7.5915561372
801030,2003-10-31,915.61,907.31,925.93,905.41,1.32787673,7.4817533980999995
801030,2003-11-03,926.98,913.16,928.27,909.36,1.54180134,8.666268112200001
801030,2003-11-04,945.32,926.7,955.29,924.1,3.8903274,21.752233925
801030,2003-11-05,943.38,944.77,948.61,935.88,3.07168557,16.610513436199998
801030,2003-11-06,923.94,942.27,945.36,919.27,3.20038348,17.5088838168
801030,2003-11-07,906.4,919.84,927.78,896.53,2.47599353,14.076430078800001
801030,2003-11-10,910.45,901.36,910.95,896.82,1.45317995,8.5860722372
801030,2003-11-11,916.11,909.42,918.19,907.43,2.00237361,11.0403982671
801030,2003-11-12,900.6,913.08,914.79,899.38,1.43540021,8.1250393701
801030,2003-11-13,898.64,895.51,903.17,890.08,1.29101535,7.216435594199999
801030,2003-11-14,906.47,897.47,907.26,894.04,1.29713328,7.3713876998000005
801030,2003-11-17,904.86,904.97,909.37,901.88,1.07339926,6.0455674498
801030,2003-11-18,892.81,903.17,904.72,891.62,1.27628174,7.1636564294000005
801030,2003-11-19,907.45,889.58,910.98,889.46,1.4946023,8.2835126221
801030,2003-11-20,935.94,906.69,936.08,902.57,3.11411699,17.391882350499998
801030,2003-11-21,927.07,937.91,945.48,924.83,3.30590346,18.3317079355
801030,2003-11-24,951.61,927.0,951.66,926.83,2.85146376,15.6635265117
801030,2003-11-25,955.65,954.92,965.64,948.42,3.78560207,21.503358464
801030,2003-11-26,962.38,954.96,962.62,949.94,2.62944923,14.891154070799999
801030,2003-11-27,942.5,962.65,966.4,941.39,2.58615399,15.035421093699998
801030,2003-11-28,946.05,940.78,948.51,938.72,1.60626852,9.2869909608
801030,2003-12-01,969.73,947.05,969.73,945.08,3.32104466,18.3947091326
801030,2003-12-02,970.6,971.23,976.76,966.3,3.54117703,19.777032371700002
801030,2003-12-03,978.96,967.68,986.57,963.93,4.34564805,24.2813713076
801030,2003-12-04,983.55,978.64,983.97,974.58,3.5738339,19.887405950999998
801030,2003-12-05,983.08,984.49,985.92,975.27,2.33932092,13.8019483698
801030,2003-12-08,976.53,983.9,990.27,974.5,3.03199072,16.4348629737
801030,2003-12-09,981.32,974.95,981.64,971.11,1.85320069,10.5872724483
801030,2003-12-10,995.37,981.68,995.52,980.98,3.76859135,20.6962822699
801030,2003-12-11,996.28,996.99,998.46,989.54,2.97242644,17.2743192289
801030,2003-12-12,993.53,995.74,996.33,986.17,2.46952485,14.5660351189
801030,2003-12-15,992.64,992.46,993.92,989.42,1.70027779,10.1311632493
801030,2003-12-16,986.1,990.54,991.77,972.46,3.05801892,17.1923198841
801030,2003-12-17,978.93,983.57,995.13,978.87,3.40715176,20.439859597999998
801030,2003-12-18,977.17,976.94,979.89,970.69,2.13300988,13.7749316981
801030,2003-12-19,962.72,980.12,984.36,954.9,4.31988708,24.657190350700002
801030,2003-12-22,996.11,959.31,996.41,959.31,5.29141728,30.4040023961
801030,2003-12-23,1002.32,998.14,1005.63,990.06,3.92564527,23.4909468898
801030,2003-12-24,1005.86,1001.44,1006.01,997.09,2.78397072,17.3850632423
801030,2003-12-25,1006.09,1005.69,1014.64,1000.43,3.50201626,21.296863550799998
801030,2003-12-26,1010.4,1004.99,1011.69,1002.16,2.99183923,18.475772328599998
801030,2003-12-29,997.81,1006.84,1007.38,997.58,2.35593239,14.326506498199999
801030,2003-12-30,1002.55,997.32,1003.57,994.76,2.93058993,17.5346799945
801030,2003-12-31,993.45,1003.16,1004.71,990.65,2.33022186,14.4017123466
801030,2004-01-02,1010.98,991.67,1015.11,990.9,3.33745666,20.4574009207
801030,2004-01-05,1034.87,1010.78,1034.87,1010.43,5.00873386,32.1156550198
801030,2004-01-06,1030.57,1035.46,1039.9,1022.67,5.49899369,34.4394131327
801030,2004-01-07,1039.53,1030.17,1040.82,1024.44,4.85342208,30.2262054432
801030,2004-01-08,1051.07,1039.61,1053.3,1034.78,4.70837241,30.4571157779
801030,2004-01-09,1032.37,1053.05,1053.05,1032.27,5.32049308,33.7547937998
801030,2004-01-12,1054.81,1032.29,1054.84,1030.84,3.88834079,25.076860132199997
801030,2004-01-13,1059.51,1057.21,1060.12,1048.04,4.55116953,29.9691864691
801030,2004-01-14,1052.92,1060.64,1061.06,1048.9,3.8423398,25.8151014401
801030,2004-01-15,1047.63,1051.42,1055.85,1045.61,3.00588923,19.1242538795
801030,2004-01-16,1055.56,1046.4,1056.87,1044.45,3.13874073,20.4781468513
801030,2004-01-29,1076.31,1059.31,1076.37,1058.41,3.17874196,20.781291941400003
801030,2004-01-30,1051.0,1077.48,1079.15,1050.61,3.58612571,22.8559295953
801030,2004-02-02,1071.04,1069.37,1085.11,1044.08,4.93511582,30.922456981999996
801030,2004-02-03,1095.35,1072.23,1095.51,1065.74,4.5376021,29.5922251571
801030,2004-02-04,1114.62,1097.72,1114.76,1096.38,5.42120979,36.405199408899996
801030,2004-02-05,1132.5,1116.57,1132.52,1110.59,5.57375735,38.0385254407
801030,2004-02-06,1120.03,1131.44,1139.78,1118.2,5.91570961,41.1282849512
801030,2004-02-09,1141.2,1123.17,1141.41,1123.17,4.90925513,34.1413108889
801030,2004-02-10,1140.17,1145.18,1153.93,1134.14,5.53878788,38.608919294699994
801030,2004-02-11,1134.04,1140.55,1140.84,1122.07,4.62224766,30.6404083525
801030,2004-02-12,1131.63,1134.86,1143.54,1127.2,4.79529175,31.8589550699
801030,2004-02-13,1121.56,1131.52,1135.63,1120.81,3.79214013,25.8124473727
801030,2004-02-16,1150.51,1122.52,1150.86,1122.33,4.02559925,28.9686229482
801030,2004-02-17,1156.31,1153.64,1159.69,1149.61,4.55615987,33.5169977824
801030,2004-02-18,1167.11,1156.18,1167.58,1148.78,4.98320804,36.1213533022
801030,2004-02-19,1169.46,1168.29,1176.21,1164.01,4.56954464,33.105547906700004
801030,2004-02-20,1172.89,1168.12,1173.09,1159.06,3.89709547,28.5430449431
801030,2004-02-23,1150.89,1174.85,1178.14,1150.37,4.93352382,34.3883555334
801030,2004-02-24,1147.1,1145.24,1148.43,1124.5,4.1686753,28.8794167046
801030,2004-02-25,1128.26,1148.47,1164.5,1124.61,4.15597751,29.322355378
801030,2004-02-26,1137.29,1123.77,1137.65,1114.93,4.45033148,31.080831050500002
801030,2004-02-27,1153.29,1138.96,1153.54,1137.91,4.36218393,30.3544121653
801030,2004-03-01,1171.5,1154.78,1171.61,1151.51,3.96205097,29.081635501300003
801030,2004-03-02,1171.84,1171.86,1178.97,1162.13,3.85953996,28.598336437199997
801030,2004-03-03,1153.37,1170.96,1174.22,1147.19,3.17773299,23.541553835300004
801030,2004-03-04,1156.27,1150.19,1156.34,1135.81,2.96150241,21.707117575
801030,2004-03-05,1150.81,1157.9,1161.57,1149.78,2.8530473,21.5222041575
801030,2004-03-08,1130.99,1148.64,1153.27,1130.27,2.65982349,19.0761651419
801030,2004-03-09,1130.77,1129.61,1149.26,1129.61,4.38706485,29.738509069899997
801030,2004-03-10,1152.79,1130.36,1152.88,1130.23,2.98306105,20.751149389800002
801030,2004-03-11,1164.94,1154.89,1168.42,1149.62,3.47223808,25.5301183041
801030,2004-03-12,1172.64,1165.23,1174.35,1159.03,3.56840472,25.3583840382
801030,2004-03-15,1202.2,1176.01,1202.31,1175.8,5.84229315,42.0519889
801030,2004-03-16,1208.35,1205.47,1209.54,1195.28,4.82000907,35.3732781486
801030,2004-03-17,1208.52,1209.42,1211.61,1198.57,4.23895823,30.643514401999997
801030,2004-03-18,1187.92,1207.53,1215.42,1186.33,4.50385134,32.422646001
801030,2004-03-19,1211.94,1186.34,1212.12,1182.75,4.40212664,30.929215530700002
801030,2004-03-22,1218.11,1213.44,1219.68,1203.1,4.20272359,30.993819706900002
801030,2004-03-23,1207.49,1218.52,1218.86,1199.45,3.67069303,27.0094455017
801030,2004-03-24,1208.25,1206.54,1218.52,1199.75,3.42443239,25.3819706237
801030,2004-03-25,1202.81,1206.69,1214.39,1193.77,3.06986504,22.8512968494
801030,2004-03-26,1197.15,1202.06,1205.21,1190.17,3.25836095,24.170307005799998
801030,2004-03-29,1187.58,1197.94,1204.12,1186.33,3.09801883,23.7377358652
801030,2004-03-30,1193.62,1186.86,1198.34,1183.25,2.86903961,22.7826234825
801030,2004-03-31,1207.89,1196.45,1210.91,1186.72,3.00921123,23.0985400977
801030,2004-04-01,1219.43,1210.53,1219.97,1207.59,3.32057928,24.779827942399997
801030,2004-04-02,1225.27,1222.16,1225.35,1216.65,3.76164673,28.9633463592
801030,2004-04-05,1227.22,1227.67,1228.05,1216.83,4.39763761,33.7666216648
801030,2004-04-06,1237.49,1229.05,1237.49,1222.35,4.58033758,36.3965000508
801030,2004-04-07,1241.51,1238.7,1246.08,1233.82,4.40623657,34.7638750924
801030,2004-04-08,1237.9,1241.66,1244.54,1234.44,4.25804838,33.481157369099996
801030,2004-04-09,1208.26,1238.12,1242.72,1203.98,4.79457959,36.9660603434
801030,2004-04-12,1207.32,1200.54,1209.88,1186.58,3.6625791,27.8237591681
801030,2004-04-13,1203.91,1207.97,1215.99,1199.73,3.44579825,26.876970967600002
801030,2004-04-14,1188.0,1203.28,1204.83,1173.34,3.53808248,26.506834108400003
801030,2004-04-15,1169.83,1187.57,1193.24,1166.67,2.68446801,20.0045564023
801030,2004-04-16,1178.18,1170.15,1178.34,1148.81,2.86739243,20.9147266082
801030,2004-04-19,1166.11,1179.62,1181.13,1163.82,2.49360322,18.490501576099998
801030,2004-04-20,1160.62,1164.45,1171.21,1151.76,1.80125801,13.4447542692
801030,2004-04-21,1147.15,1160.55,1163.33,1142.94,2.1968037,15.6390407201
801030,2004-04-22,1153.85,1144.95,1154.18,1135.69,2.22728605,15.6338487069
801030,2004-04-23,1137.01,1150.45,1151.45,1135.26,1.83634501,13.0077331434
801030,2004-04-26,1134.54,1134.4,1144.2,1126.23,1.60918957,11.360470693900002
801030,2004-04-27,1112.89,1135.43,1138.03,1110.96,2.05796242,14.8075788798
801030,2004-04-28,1114.21,1111.33,1118.77,1098.03,2.08266534,14.175984554300001
801030,2004-04-29,1097.82,1112.31,1118.21,1097.09,2.036213,14.6832809265
801030,2004-04-30,1107.31,1101.66,1109.31,1090.2,2.87466622,19.6363643275
801030,2004-05-10,1085.24,1109.7,1111.11,1081.14,1.37350463,9.450429061
801030,2004-05-11,1090.06,1082.41,1102.73,1072.51,1.35335527,9.0331971858
801030,2004-05-12,1117.26,1089.69,1117.35,1086.24,2.00813295,13.7509814248
801030,2004-05-13,1110.37,1117.69,1118.37,1104.52,1.57909997,10.8711665649
801030,2004-05-14,1084.44,1109.9,1112.46,1082.62,2.15676543,14.3119111113
801030,2004-05-17,1062.84,1079.12,1100.18,1060.86,2.12075362,14.0962105375
801030,2004-05-18,1077.9,1066.12,1078.08,1055.52,1.44534161,10.4871399065
801030,2004-05-19,1080.52,1080.65,1092.27,1073.6,2.19091877,14.3104239295
801030,2004-05-20,1069.07,1078.91,1087.86,1066.11,1.38305372,9.0305233428
801030,2004-05-21,1076.7,1067.91,1078.03,1067.56,1.12468226,7.6521869985
801030,2004-05-24,1068.67,1079.05,1081.2,1067.47,1.12090014,7.5449752061
801030,2004-05-25,1040.74,1068.35,1074.27,1039.74,1.42071514,9.5192556755
801030,2004-05-26,1041.89,1037.28,1049.1,1034.1,1.12428236,7.4724319827
801030,2004-05-27,1068.14,1041.65,1069.54,1036.82,2.0633522,14.042699555899999
801030,2004-05-28,1061.53,1070.29,1071.04,1058.8,1.47458853,10.8582971387
801030,2004-05-31,1065.07,1061.53,1065.3,1057.8,1.01715179,7.0879764198
801030,2004-06-01,1083.87,1066.11,1083.96,1063.9,1.82131086,13.3346070875
801030,2004-06-02,1075.8,1083.96,1084.5,1071.93,2.0133463,15.138034173800001
801030,2004-06-03,1059.77,1075.7,1078.51,1058.29,1.51217842,10.868508012000001
801030,2004-06-04,1057.39,1056.36,1062.81,1051.87,1.12626286,7.922465096900001
801030,2004-06-07,1036.58,1053.93,1056.07,1031.53,1.34777717,8.7602389012
801030,2004-06-08,1021.4,1034.74,1041.36,1018.61,1.42302682,8.8105962588
801030,2004-06-09,1001.48,1019.46,1024.62,998.15,1.29286821,8.3196197173
801030,2004-06-10,1003.31,999.98,1009.14,993.09,1.30618284,8.5692334032
801030,2004-06-11,1006.6,1007.56,1024.3,1004.81,1.30524688,8.8528821411
801030,2004-06-14,984.65,1005.13,1007.64,977.19,1.25313387,7.7469194409
801030,2004-06-15,1003.63,983.22,1005.29,980.06,1.12163467,7.1727068276
801030,2004-06-16,1011.06,1002.4,1023.72,992.87,1.45297447,9.742396489199999
801030,2004-06-17,991.42,1009.92,1013.26,990.62,1.160189,7.7388956824
801030,2004-06-18,984.69,990.7,998.58,974.01,1.14753202,7.382671172699999
801030,2004-06-21,992.1,981.85,992.77,978.37,0.84615246,5.7265364151
801030,2004-06-22,1005.33,994.01,1007.01,989.87,1.23682945,8.5363510165
801030,2004-06-23,996.69,1002.83,1004.31,988.9,1.00810334,7.4502800299
801030,2004-06-24,988.24,995.37,1000.8,987.38,1.04980788,7.3283841014
801030,2004-06-25,971.89,986.77,994.64,970.58,1.20883867,8.3053988771
801030,2004-06-28,961.53,967.01,976.01,958.29,1.00112706,6.519913912100001
801030,2004-06-29,981.23,962.12,981.62,958.66,1.64924147,11.070498926700001
801030,2004-06-30,971.81,981.26,986.12,969.53,1.55343625,10.7165875961
801030,2004-07-01,1000.37,970.51,1002.69,969.77,2.02384954,13.933594861
801030,2004-07-02,1001.46,999.33,1005.19,991.41,1.72991445,12.7666834387
801030,2004-07-05,1006.25,999.57,1006.26,994.53,1.03442066,7.248719782699999
801030,2004-07-06,1010.14,1007.46,1021.03,1006.13,1.87294612,13.5016448862
801030,2004-07-07,1001.97,1007.15,1008.47,998.78,1.02278045,7.438048623099999
801030,2004-07-08,1004.35,1000.88,1005.82,995.91,1.22198257,8.168324914600001
801030,2004-07-09,998.77,1005.7,1012.17,997.89,1.00180508,7.1920302385
801030,2004-07-12,976.87,994.16,999.06,975.31,1.37388898,9.4149931875
801030,2004-07-13,981.12,975.29,983.78,973.0,1.00044397,6.695131074400001
801030,2004-07-14,987.58,982.83,989.32,969.61,1.6714308,11.3784620071
801030,2004-07-15,1000.71,988.35,1001.01,984.34,2.08774341,14.1836691699
801030,2004-07-16,1029.33,1008.09,1030.39,1005.75,3.00408411,21.2517172387
801030,2004-07-19,1024.76,1023.64,1029.76,1016.65,1.86008688,13.3612097492
801030,2004-07-20,1021.23,1024.17,1025.62,1014.42,1.96904642,14.038957536300002
801030,2004-07-21,1020.59,1019.34,1024.12,1012.92,1.43799617,10.3208801791
801030,2004-07-22,994.27,1021.71,1023.49,992.39,2.4896617,17.0100227971
801030,2004-07-23,989.31,989.82,998.05,971.96,2.67760001,17.9725206216
801030,2004-07-26,976.67,984.26,986.23,972.86,1.52949557,10.4801978979
801030,2004-07-27,971.65,975.29,982.1,964.5,1.3724429,9.2509045422
801030,2004-07-28,976.99,972.93,981.76,960.71,1.70194621,10.8963916949
801030,2004-07-29,986.82,977.88,986.87,973.52,1.43452287,9.635654260599999
801030,2004-07-30,967.89,986.24,987.11,966.8,1.46431605,9.8195551415
801030,2004-08-02,958.1,963.3,971.5,956.32,1.07155708,7.361492651900001
801030,2004-08-03,954.13,956.26,961.63,952.14,1.0111054,6.787530659
801030,2004-08-04,978.66,952.13,989.77,951.76,2.10323683,13.9034360906
801030,2004-08-05,969.77,976.85,984.99,969.3,1.68654036,10.808034942599999
801030,2004-08-06,970.64,967.8,976.3,962.68,1.28503294,8.473437346599999
801030,2004-08-09,975.95,968.46,976.64,966.85,1.21555062,8.2809765514
801030,2004-08-10,978.66,976.39,981.32,970.86,1.031195,6.8852546577
801030,2004-08-11,967.15,977.65,979.05,966.08,1.13230202,7.8791833252
801030,2004-08-12,953.9,960.23,966.92,946.5,1.33274224,8.0883092393
801030,2004-08-13,955.9,950.63,962.15,949.91,1.06021168,7.2063781265
801030,2004-08-16,946.4,954.6,956.41,943.28,1.43572034,9.429156596
801030,2004-08-17,947.91,944.81,951.48,938.95,1.06867408,6.8435923612
801030,2004-08-18,944.87,946.95,953.44,944.28,1.06504801,7.0929994994
801030,2004-08-19,932.11,941.76,944.2,926.95,1.32135136,8.1304387928
801030,2004-08-20,933.8,929.9,939.29,921.27,1.13369015,6.8636620261
801030,2004-08-23,923.53,929.44,932.7,920.73,1.00635245,6.1352832291
801030,2004-08-24,940.14,921.72,941.2,920.02,1.48890287,8.1329158255
801030,2004-08-25,932.55,939.32,940.47,930.34,0.98136719,5.6754840122
801030,2004-08-26,927.47,931.64,934.02,926.48,0.82503253,4.781796286700001
801030,2004-08-27,919.72,924.87,929.51,915.58,0.83406275,4.8974950561
801030,2004-08-30,919.35,916.33,921.83,911.92,0.81211437,4.995798436
801030,2004-08-31,934.5,936.83,948.18,927.65,1.50207465,8.831682424
801030,2004-09-01,922.43,932.66,935.83,921.23,1.02841946,5.6448677016
801030,2004-09-02,929.47,918.89,929.47,911.4,1.33587342,7.6185756809
801030,2004-09-03,928.67,928.29,932.71,923.2,1.30341978,7.3601156674
801030,2004-09-06,925.73,927.13,928.26,921.28,0.84837642,4.8083890309
801030,2004-09-07,925.89,924.41,926.75,917.74,0.60697367,3.4444417456
801030,2004-09-08,917.0,924.32,925.96,912.4,0.93084299,5.0086472955
801030,2004-09-09,899.86,913.01,918.0,898.03,1.04308518,5.6898793722
801030,2004-09-10,903.09,895.83,903.78,892.16,1.06709279,5.883063943300001
801030,2004-09-13,887.19,900.58,902.56,886.44,1.17460227,6.5332016878
801030,2004-09-14,915.2,892.14,916.63,890.2,1.92541517,10.941713311500001
801030,2004-09-15,953.29,915.49,966.93,909.44,4.04709001,24.169604767800003
801030,2004-09-16,962.96,957.95,964.74,951.09,3.17444607,19.8526829246
801030,2004-09-17,993.09,962.85,993.48,961.05,4.72544651,29.305654315500004
801030,2004-09-20,1027.43,996.87,1027.73,995.95,5.37775939,34.1693088123
801030,2004-09-21,1019.16,1030.28,1031.84,1010.86,4.68609055,30.7764082334
801030,2004-09-22,1003.61,1014.82,1021.63,997.79,4.04204514,26.6761316625
801030,2004-09-23,1037.84,1002.83,1037.84,996.12,3.50437247,23.3185467745
801030,2004-09-24,1013.23,1045.89,1055.09,1013.23,6.11930167,42.4916976819
801030,2004-09-27,1009.78,1025.26,1036.13,1003.2,3.3347332,22.108011352800002
801030,2004-09-28,1017.96,1012.96,1019.07,1003.18,2.41798477,16.0129070441
801030,2004-09-29,1007.28,1018.8,1019.62,1005.91,1.86169689,12.6308989888
801030,2004-09-30,989.54,1005.12,1009.5,986.23,2.33157664,16.1673039252
801030,2004-10-08,1011.25,988.47,1011.25,978.04,2.30965708,15.915597417599999
801030,2004-10-11,1009.78,1010.92,1027.58,1000.72,4.12100422,29.4469544318
801030,2004-10-12,990.53,1006.92,1007.89,987.81,2.84242499,19.267301456800002
801030,2004-10-13,995.88,988.9,998.41,984.87,2.52884884,17.349601841400002
801030,2004-10-14,955.15,995.38,996.84,954.06,2.97123236,20.2806644358
801030,2004-10-15,946.05,951.56,962.49,932.45,2.42283975,15.8653276217
801030,2004-10-18,951.11,948.92,955.13,936.47,1.61221348,11.0820623038
801030,2004-10-19,947.99,954.23,967.04,946.7,2.02844899,13.290593664700001
801030,2004-10-20,942.3,945.65,948.56,929.17,1.9722043,12.029885204300001
801030,2004-10-21,931.47,942.27,951.64,927.37,2.66913851,16.7603367944
801030,2004-10-22,940.15,930.3,941.54,913.06,2.845739,17.8633904031
801030,2004-10-25,923.35,946.82,950.42,921.41,3.19401822,21.5649140992
801030,2004-10-26,933.89,921.24,934.08,907.65,2.83763569,17.661441588800002
801030,2004-10-27,946.93,933.65,946.93,925.09,3.03078445,19.8674313127
801030,2004-10-28,941.8,943.97,952.42,938.04,2.5691687,16.0744667335
801030,2004-10-29,927.81,920.2,937.79,914.0,2.28048448,13.9388916775
801030,2004-11-01,922.3,924.95,931.8,921.46,1.21275033,7.9873893338
801030,2004-11-02,917.02,920.46,922.47,910.0,1.39714578,8.421925655099999
801030,2004-11-03,935.41,918.93,935.69,915.23,1.61640199,10.2130584222
801030,2004-11-04,918.48,935.44,941.73,915.77,1.69983151,10.8220903168
801030,2004-11-05,917.1,920.51,925.62,912.14,1.49181752,9.3603973137
801030,2004-11-08,917.5,915.93,918.68,909.51,1.09033666,6.5004443435
801030,2004-11-09,919.5,915.66,921.96,913.93,0.97435042,5.7649096476
801030,2004-11-10,949.72,922.74,952.76,915.75,2.82870124,17.6890911872
801030,2004-11-11,946.15,953.0,967.05,945.45,3.83830794,23.6508312385
801030,2004-11-12,948.87,945.49,954.03,940.94,2.25589635,13.775644801099999
801030,2004-11-15,960.81,950.44,960.81,950.27,2.14979215,13.3008297271
801030,2004-11-16,960.01,962.59,964.01,953.85,1.99167292,12.7671029679
801030,2004-11-17,949.18,959.47,961.79,945.81,1.84891424,11.1979233755
801030,2004-11-18,961.49,947.3,961.58,947.3,1.76664893,10.9207102003
801030,2004-11-19,973.04,962.86,973.04,959.61,2.4310977,14.1298621972
801030,2004-11-22,976.29,974.08,979.23,970.78,2.79950828,16.345249858699997
801030,2004-11-23,970.05,976.11,976.42,966.14,2.29832567,13.44598944
801030,2004-11-24,962.04,969.64,976.3,961.95,2.24302688,13.2056135641
801030,2004-11-25,961.08,959.99,964.88,954.62,1.91352589,10.795750274000001
801030,2004-11-26,963.1,961.11,967.37,959.83,1.44485943,8.1698952013
801030,2004-11-29,946.14,960.8,961.89,945.34,1.50416363,8.885693443600001
801030,2004-11-30,950.09,944.11,950.09,942.7,1.37689125,7.8553387495
801030,2004-12-01,943.74,949.69,950.68,941.69,1.4733113,8.525275868
801030,2004-12-02,944.64,941.77,945.71,938.47,2.05056615,11.2826187351
801030,2004-12-03,948.28,944.65,952.83,943.43,2.06796655,11.5278023997
801030,2004-12-06,948.89,948.36,950.66,940.63,1.41952043,7.718168035
801030,2004-12-07,932.63,948.33,948.91,932.25,1.45316465,8.156869869600001
801030,2004-12-08,936.08,938.05,943.41,932.05,1.32971605,7.7663010788
801030,2004-12-09,945.01,935.78,952.23,931.55,2.01224609,11.572909993900002
801030,2004-12-10,927.98,941.92,944.64,926.93,1.71111965,9.3966697414
801030,2004-12-13,921.2,922.88,929.1,914.45,1.16654662,6.5616463714
801030,2004-12-14,920.67,920.41,925.38,916.96,0.96257314,5.593645846
801030,2004-12-15,927.11,920.88,930.5,907.83,1.88575234,10.643247841200001
801030,2004-12-16,918.19,924.56,928.5,916.73,1.46261181,8.2659891814
801030,2004-12-17,905.5,914.99,920.59,903.93,1.33607966,7.6016684071
801030,2004-12-20,894.75,898.54,903.13,893.52,1.14261964,6.3485915273
801030,2004-12-21,892.96,894.88,900.22,889.98,0.78404032,4.3714412844999995
801030,2004-12-22,915.77,894.48,915.77,893.8,1.9166963,10.1141445608
801030,2004-12-23,895.69,914.93,915.92,893.44,1.43786996,7.4586055861
801030,2004-12-24,897.0,894.57,905.55,892.46,1.11181372,5.752108046699999
801030,2004-12-27,894.87,896.3,902.14,892.91,0.93155791,4.8398516708
801030,2004-12-28,892.24,894.48,896.15,886.59,1.0630807,5.5836378587
801030,2004-12-29,886.74,891.61,894.58,885.06,1.15966807,6.3241958201
801030,2004-12-30,884.29,886.69,892.54,879.87,1.76921044,9.8281846146
801030,2004-12-31,874.75,883.27,885.14,872.64,1.54030294,7.633082422799999
801030,2005-01-04,852.64,861.63,866.55,849.35,1.76479496,9.8395413644
801030,2005-01-05,857.91,851.11,862.82,846.48,1.36806084,7.4563855654
801030,2005-01-06,844.83,856.51,858.64,841.41,1.10702399,6.0146627012
801030,2005-01-07,846.4,843.38,853.15,840.48,1.13497685,6.070331016799999
801030,2005-01-10,848.89,843.45,849.41,838.96,1.08167468,5.6071040856
801030,2005-01-11,850.06,848.68,854.51,843.67,1.11804905,5.8940998015999995
801030,2005-01-12,851.87,848.13,851.98,842.51,1.24132,6.4490069475
801030,2005-01-13,849.08,848.6,851.32,844.7,1.11594361,5.907457625499999
801030,2005-01-14,837.75,847.39,855.83,836.43,1.62895598,8.1724594782
801030,2005-01-17,816.47,828.69,833.5,813.37,2.46354076,11.022336148299999
801030,2005-01-18,819.09,816.25,820.69,806.25,1.93846878,8.9777964953
801030,2005-01-19,816.16,816.87,819.09,812.56,1.5566998,7.2096615686000005
801030,2005-01-20,804.59,810.99,813.77,800.62,1.71378856,8.2254221505
801030,2005-01-21,823.44,802.44,823.53,794.11,2.63783908,12.6364902712
801030,2005-01-24,840.21,841.25,846.32,828.8,3.16038855,15.7235489155
801030,2005-01-25,840.43,836.65,840.43,828.98,2.13601204,11.493420518699999
801030,2005-01-26,834.55,838.67,840.72,832.02,1.7362451,9.13439295
801030,2005-01-27,821.81,830.75,836.55,820.41,1.42195565,6.9857650489
801030,2005-01-28,810.32,818.83,823.62,807.33,1.43520967,7.0987268748000005
801030,2005-01-31,794.23,806.6,810.39,792.73,1.4400414,7.0745104062
801030,2005-02-01,787.03,791.08,799.76,786.26,1.50222036,6.894442488099999
801030,2005-02-02,831.78,788.89,831.84,787.67,3.25762878,16.8203390751
801030,2005-02-03,821.93,829.79,838.86,804.68,3.12224226,15.9731042097
801030,2005-02-04,840.13,819.63,842.46,818.38,2.9776146,15.9548186298
801030,2005-02-16,850.68,846.34,857.91,842.25,2.60572996,13.6336123921
801030,2005-02-17,848.54,848.58,849.61,841.03,1.70212551,8.624011466499999
801030,2005-02-18,837.76,847.11,851.84,837.67,1.67360614,8.7415454349
801030,2005-02-21,855.63,838.44,855.63,838.18,1.96650182,10.4765256482
801030,2005-02-22,876.22,856.41,878.08,851.44,3.61915793,19.1724739192
801030,2005-02-23,883.96,876.57,888.52,872.06,4.14142751,22.5783245092
801030,2005-02-24,885.95,881.19,886.48,874.94,2.9446591,16.1042952353
801030,2005-02-25,887.24,886.18,898.8,885.14,3.69229735,20.649131238800003
801030,2005-02-28,888.43,886.86,891.92,883.32,3.05957538,16.8136083075
801030,2005-03-01,888.96,886.93,889.87,879.17,2.91833703,15.9752202307
801030,2005-03-02,878.49,889.64,899.61,876.2,3.34615856,17.9338669431
801030,2005-03-03,881.68,875.54,882.18,866.95,2.25435289,11.7040184755
801030,2005-03-04,874.65,881.53,883.75,873.27,1.78087972,9.952935803099999
801030,2005-03-07,885.14,875.52,885.21,874.77,1.90500966,11.388655408599998
801030,2005-03-08,903.16,888.31,903.78,886.15,3.28592747,20.0346141783
801030,2005-03-09,906.12,904.11,908.74,900.38,3.26727574,19.2920044852
801030,2005-03-10,884.76,906.49,906.53,880.55,2.92086251,18.0260225363
801030,2005-03-11,888.12,882.38,890.8,878.17,2.67159857,16.0570248023
801030,2005-03-14,889.46,887.25,896.67,872.47,3.61022229,22.822138686
801030,2005-03-15,875.37,888.15,889.24,873.05,2.98253578,18.0132917033
801030,2005-03-16,863.89,873.01,876.97,857.55,2.50276335,15.7841494079
801030,2005-03-17,854.45,863.26,868.46,854.45,2.31862944,13.5206871787
801030,2005-03-18,841.13,851.35,857.52,838.24,2.33464428,12.5161115485
801030,2005-03-21,847.14,839.77,848.02,835.56,1.76466154,10.0520170414
801030,2005-03-22,829.17,845.39,847.63,826.15,2.61309195,14.4196710816
801030,2005-03-23,826.88,828.05,839.35,823.58,2.53573564,14.5416837156
801030,2005-03-24,830.83,824.6,830.83,813.95,2.04177897,11.6510477994
801030,2005-03-25,829.95,829.31,834.04,825.93,1.7450786,9.3845246858
801030,2005-03-28,828.36,828.36,829.89,816.4,1.7459507,9.6278186464
801030,2005-03-29,824.34,829.18,835.02,824.14,1.63029812,9.3663291244
801030,2005-03-30,803.41,819.43,822.03,801.99,1.9418861,9.8016505603
801030,2005-03-31,808.8,799.54,808.8,794.94,1.69686242,8.3696486247
801030,2005-04-01,842.23,807.93,849.98,804.1,3.45051804,18.320176040699998
801030,2005-04-04,831.71,833.63,842.94,823.02,3.0516848,16.432180720399998
801030,2005-04-05,825.08,830.22,835.88,822.27,2.30242392,12.0222272632
801030,2005-04-06,847.57,824.54,851.89,822.67,3.60576987,20.3692852363
801030,2005-04-07,854.44,848.98,869.38,845.71,4.59451859,25.6350695655
801030,2005-04-08,875.87,853.18,875.89,850.87,3.56478433,20.3486081438
801030,2005-04-11,870.47,874.63,878.67,866.6,3.71556616,20.8821792582
801030,2005-04-12,853.52,868.19,870.54,853.16,2.71944337,15.277466529100002
801030,2005-04-13,875.41,860.44,879.64,858.98,4.22295374,25.0583310764
801030,2005-04-14,867.0,876.98,877.82,864.71,3.13374631,18.191731195899997
801030,2005-04-15,852.7,862.1,868.11,850.74,2.84246227,15.519174971400002
801030,2005-04-18,843.58,848.66,852.58,836.42,2.46712584,12.909654191800001
801030,2005-04-19,838.89,841.89,846.67,834.01,2.77526527,16.240207866800002
801030,2005-04-20,825.45,834.68,836.2,822.51,2.64482252,14.6017415742
801030,2005-04-21,818.17,823.33,830.71,813.93,2.64850146,14.2369803271
801030,2005-04-22,806.42,816.34,820.44,801.32,3.02321784,15.7703418908
801030,2005-04-25,794.22,801.91,804.91,783.92,2.77190998,14.923792013900002
801030,2005-04-26,800.32,789.63,803.03,788.04,2.75480128,14.4302251254
801030,2005-04-27,792.5,802.7,803.07,791.75,2.37856729,13.374577041199998
801030,2005-04-28,808.54,790.96,810.21,784.22,2.96946458,15.964705439000001
801030,2005-04-29,795.11,805.38,809.26,791.83,2.4189203,12.715996169
801030,2005-05-09,768.58,796.7,798.81,768.3,1.67212535,8.7288481899
801030,2005-05-10,769.46,763.93,770.6,745.72,2.11437549,11.057249652100001
801030,2005-05-11,755.05,765.83,772.54,752.86,1.71332687,9.4279766762
801030,2005-05-12,744.25,751.73,754.93,739.54,2.30431292,11.2690494986
801030,2005-05-13,747.17,742.59,755.05,736.36,2.01325582,9.712059052699999
801030,2005-05-16,743.38,744.34,744.34,732.53,1.84702057,8.0021304448
801030,2005-05-17,746.06,738.38,751.48,733.84,1.82773513,8.2876413184
801030,2005-05-18,744.45,746.23,749.9,732.94,1.82863056,9.291183797
801030,2005-05-19,740.84,741.8,744.47,725.82,2.53536673,11.7078500177
801030,2005-05-20,736.36,736.92,743.01,733.53,1.57086939,7.520309859099999
801030,2005-05-23,711.99,732.27,734.43,710.92,1.84433317,8.0534931372
801030,2005-05-24,717.72,705.54,721.09,703.37,2.07082664,8.8756844959
801030,2005-05-25,717.94,715.11,725.26,710.7,1.84958162,7.4096603819
801030,2005-05-26,707.46,717.33,722.63,705.24,1.82732283,8.097769825599999
801030,2005-05-27,698.02,704.68,712.2,697.05,1.78362731,8.337693719299999
801030,2005-05-30,705.46,694.5,707.98,690.59,1.59577419,6.9078241673
801030,2005-05-31,704.49,705.95,710.79,701.66,1.72970051,7.5104885974
801030,2005-06-01,684.89,703.34,706.05,681.88,1.98773991,9.3522087628
801030,2005-06-02,675.78,682.88,690.22,670.53,2.33712917,11.160382851400001
801030,2005-06-03,670.63,674.15,677.05,660.9,2.10954836,9.7493199082
801030,2005-06-06,687.73,669.17,687.76,660.02,2.16566859,9.8081970314
801030,2005-06-07,683.36,689.41,703.05,683.24,2.91510124,13.646803928099999
801030,2005-06-08,741.74,689.95,744.0,689.17,7.46830321,34.4171345733
801030,2005-06-09,754.94,744.38,766.05,734.51,8.00210957,37.0228393819
801030,2005-06-10,737.19,755.66,756.16,734.01,5.31332908,24.2142601789
801030,2005-06-13,737.96,737.67,743.2,721.79,3.43226125,15.630039598900002
801030,2005-06-14,722.86,739.29,742.9,722.36,3.20917339,14.1599620276
801030,2005-06-15,701.04,718.88,723.39,699.63,2.80379671,12.544109969700001
801030,2005-06-16,707.86,699.41,707.98,691.28,2.54991507,11.041350554500001
801030,2005-06-17,702.01,710.23,712.62,698.99,2.43322222,11.1563475455
801030,2005-06-20,726.75,703.04,726.75,690.67,3.74818496,17.7216602201
801030,2005-06-21,721.08,725.89,727.7,718.79,3.21676439,15.4483712795
801030,2005-06-22,723.03,719.25,724.67,713.69,2.45897739,11.4226308697
801030,2005-06-23,718.57,720.6,729.22,717.44,2.53978038,12.7442684389
801030,2005-06-24,724.8,715.88,725.27,714.05,2.40771779,11.3779202066
801030,2005-06-27,741.89,731.76,748.98,729.95,4.37576448,21.315312508399998
801030,2005-06-28,729.87,737.76,739.46,726.78,2.44670566,11.972051858399999
801030,2005-06-29,727.09,729.79,734.6,726.2,2.25566044,11.7076827676
801030,2005-06-30,706.59,725.38,727.62,705.89,2.57681858,12.4021456188
801030,2005-07-01,684.66,702.55,708.44,683.61,2.56953848,10.5420019801
801030,2005-07-04,678.24,678.79,685.52,664.5,2.42961456,9.6424046575
801030,2005-07-05,671.19,675.64,680.42,668.55,1.8930654,7.904449625700001
801030,2005-07-06,670.03,673.47,677.53,664.69,2.0305729,8.513785971599999
801030,2005-07-07,676.17,669.27,679.75,667.98,2.06370581,8.1973306933
801030,2005-07-08,658.69,672.7,674.16,657.48,2.06986777,7.968905228400001
801030,2005-07-11,653.89,666.2,677.47,652.72,2.03445141,8.157449290599999
801030,2005-07-12,677.95,651.62,679.26,649.5,3.25727691,13.3212865723
801030,2005-07-13,672.54,675.56,677.31,669.11,2.30753108,9.8418522695
801030,2005-07-14,674.19,671.26,679.98,669.47,2.55633903,10.4786760868
801030,2005-07-15,664.39,673.41,679.81,662.17,2.63076637,10.1258631605
801030,2005-07-18,649.4,661.62,667.44,647.16,1.96090085,7.1191823681
801030,2005-07-19,652.23,647.91,656.55,644.56,1.67823731,6.3225746221
801030,2005-07-20,655.73,651.06,658.44,647.51,1.68246328,6.21883175
801030,2005-07-21,647.73,654.74,656.02,641.91,1.98223679,8.1520294822
801030,2005-07-22,663.74,649.62,669.2,647.65,5.01109012,19.9587378672
801030,2005-07-25,661.29,662.09,665.48,656.74,2.95974739,11.6366651227
801030,2005-07-26,680.16,661.49,683.76,660.25,5.1153759,19.9334242334
801030,2005-07-27,695.83,680.35,695.87,676.93,4.35272635,17.295773216300002
801030,2005-07-28,696.23,696.15,705.99,692.11,5.11593262,21.6657104345
801030,2005-07-29,695.18,694.08,698.02,690.06,3.28595009,13.328803403599998
801030,2005-08-01,701.47,694.89,703.15,694.53,2.94482508,11.8868919099
801030,2005-08-02,714.04,701.55,714.04,696.92,4.02273739,15.5734927765
801030,2005-08-03,718.35,715.59,729.35,713.66,6.00753306,24.8013282139
801030,2005-08-04,713.61,714.92,718.95,711.05,3.4166264,14.5576921056
801030,2005-08-05,726.55,712.65,726.94,712.41,5.15931985,23.017345608000003
801030,2005-08-08,737.64,729.8,742.71,728.73,5.98009231,26.260273810799998
801030,2005-08-09,750.97,737.15,750.97,731.63,5.3472525,22.3320370106
801030,2005-08-10,757.94,750.37,757.94,742.29,5.96373955,25.0153091442
801030,2005-08-11,768.47,757.55,768.72,755.01,6.14199018,27.0365076366
801030,2005-08-12,753.25,768.91,772.82,748.91,6.92826233,31.6253546031
801030,2005-08-15,771.52,751.22,772.23,750.99,4.85241593,22.7668748796
801030,2005-08-16,767.85,771.82,776.29,759.24,6.13615838,29.3555702185
801030,2005-08-17,779.1,765.55,779.1,754.96,5.92810541,26.4125613823
801030,2005-08-18,748.32,780.0,785.93,747.56,8.37413888,37.336973334
801030,2005-08-19,750.25,745.09,755.6,735.58,5.14770202,21.7876399732
801030,2005-08-22,760.07,747.71,761.73,745.69,3.36653113,14.2041898898
801030,2005-08-23,751.41,759.57,760.62,744.43,3.57253018,15.0573026853
801030,2005-08-24,763.98,752.88,765.04,752.69,4.2560172,18.4739394019
801030,2005-08-25,767.97,764.56,767.97,757.12,4.03741652,16.5260319799
801030,2005-08-26,771.68,768.63,772.7,765.0,4.56811716,19.060895904000002
801030,2005-08-29,761.51,770.6,772.85,754.29,5.27918465,20.2822203854
801030,2005-08-30,751.75,758.91,762.87,751.27,3.92790148,16.0781541039
801030,2005-08-31,763.03,750.45,763.26,745.57,4.17445097,16.7267154697
801030,2005-09-01,780.08,762.35,780.73,758.85,6.0782624,25.294294644
801030,2005-09-02,781.05,781.48,781.75,773.82,4.9747718,20.850516910699998
801030,2005-09-05,787.34,780.92,787.5,777.64,4.33285589,18.2147779219
801030,2005-09-06,773.26,788.95,795.52,772.17,6.26731727,26.7128043604
801030,2005-09-07,790.16,770.86,790.2,768.61,5.12389686,22.021911016599997
801030,2005-09-08,792.72,791.89,796.77,784.45,5.56417497,24.1109226014
801030,2005-09-09,787.46,792.73,799.52,784.41,4.63103654,19.2514774335
801030,2005-09-12,787.71,786.4,790.93,783.14,3.44037324,13.6102700356
801030,2005-09-13,804.54,788.08,804.65,787.34,4.72466317,20.1566211411
801030,2005-09-14,812.48,806.36,812.48,802.47,5.99803585,26.289705408699998
801030,2005-09-15,814.71,812.73,815.74,807.76,4.62030992,20.575632931199998
801030,2005-09-16,811.8,814.15,814.79,807.99,3.79457297,16.8842020533
801030,2005-09-19,817.63,813.14,818.39,808.56,3.73971065,16.740131103099998
801030,2005-09-20,812.05,819.0,820.02,805.77,5.40402906,24.4744320384
801030,2005-09-21,797.71,811.43,814.29,797.6,5.46020201,23.680470960500003
801030,2005-09-22,772.0,795.63,797.7,763.34,4.7867245,20.8922722304
801030,2005-09-23,764.23,768.78,775.16,762.68,3.47193999,15.3813583841
801030,2005-09-26,767.91,762.76,768.68,760.66,2.32700308,10.3266549473
801030,2005-09-27,749.17,766.73,769.09,749.17,3.24005505,13.7471020376
801030,2005-09-28,750.84,748.59,757.51,746.73,2.62345916,10.548570307
801030,2005-09-29,768.34,752.78,768.34,750.95,3.33907912,14.0943739272
801030,2005-09-30,769.17,769.48,771.78,765.02,2.65508428,11.6523582298
801030,2005-10-10,758.53,768.09,769.35,757.99,2.05956592,8.8127064246
801030,2005-10-11,773.79,757.58,773.79,755.99,2.27459843,10.3568461157
801030,2005-10-12,783.89,774.06,786.72,769.99,3.66295944,17.7286866617
801030,2005-10-13,776.9,783.63,786.58,776.49,3.04324996,14.7449940725
801030,2005-10-14,767.34,775.43,777.32,764.68,2.88645495,13.668043843800001
801030,2005-10-17,765.84,765.85,766.88,755.73,3.11939499,13.994011708099999
801030,2005-10-18,779.29,765.24,780.19,765.12,3.52043354,17.0908256112
801030,2005-10-19,771.89,778.55,785.04,770.08,3.24415821,15.4746527877
801030,2005-10-20,772.38,768.66,772.38,758.32,3.08428178,14.2746015661
801030,2005-10-21,777.34,771.32,781.44,769.09,3.03094045,14.454333254000002
801030,2005-10-24,777.15,777.96,778.66,774.53,2.40989825,11.352106309100002
801030,2005-10-25,764.62,775.75,776.38,764.25,3.83521858,17.3254142
801030,2005-10-26,742.0,761.18,764.06,741.37,3.34826467,14.848637907
801030,2005-10-27,746.32,738.51,747.68,737.05,3.12267022,14.6190623698
801030,2005-10-28,723.47,744.14,746.81,715.39,3.36922401,14.763926297200001
801030,2005-10-31,731.33,723.25,735.0,723.1,2.90520742,12.4032177458
801030,2005-11-01,729.95,731.76,735.43,717.64,3.56087879,15.1612109391
801030,2005-11-02,742.8,730.32,745.32,729.56,3.60292478,15.528744476500002
801030,2005-11-03,742.17,742.71,755.03,738.69,4.6057415,21.3140726527
801030,2005-11-04,746.21,740.97,746.48,734.58,2.90402109,12.596929188499999
801030,2005-11-07,747.18,745.96,747.18,738.45,2.23756303,9.702540110700001
801030,2005-11-08,752.75,746.19,754.37,740.54,3.00974212,12.621670823299999
801030,2005-11-09,750.55,753.42,757.82,750.55,3.21761959,14.032668841900001
801030,2005-11-10,733.39,748.68,749.6,732.55,2.9929407,12.766614017
801030,2005-11-11,736.47,731.07,740.34,729.27,2.56896464,11.166617079100002
801030,2005-11-14,736.13,734.8,736.4,731.05,1.76315138,7.1876303283
801030,2005-11-15,737.3,736.56,746.2,733.46,3.03807963,14.6774738149
801030,2005-11-16,740.51,733.67,740.89,726.98,2.52946905,11.757804036800001
801030,2005-11-17,741.01,739.44,743.01,736.58,2.2085011,10.8121840372
801030,2005-11-18,757.74,741.79,762.17,740.65,4.40361666,21.6825915432
801030,2005-11-21,760.04,758.18,762.56,755.28,2.57092121,11.4726665641
801030,2005-11-22,742.69,760.08,760.51,742.69,2.49362619,11.2282503773
801030,2005-11-23,747.46,741.1,747.93,739.4,1.77076818,7.553603373600001
801030,2005-11-24,750.82,747.04,754.32,744.83,1.9988392,9.0014772946
801030,2005-11-25,750.02,750.6,750.84,745.79,1.62908243,7.088742046799999
801030,2005-11-28,746.56,750.36,752.55,744.15,1.60067807,7.3277484534
801030,2005-11-29,736.54,745.61,748.74,735.09,1.98081026,8.5902482646
801030,2005-11-30,738.1,735.44,740.85,731.33,1.82499368,8.4868115237
801030,2005-12-01,737.99,737.55,741.39,733.79,1.37553287,6.255966524
801030,2005-12-02,732.99,738.46,741.19,730.39,1.88355374,8.148657955800001
801030,2005-12-05,718.67,730.36,734.16,717.97,1.81606431,7.586628928300001
801030,2005-12-06,721.52,716.31,723.37,714.6,1.51465163,6.6834279819
801030,2005-12-07,731.44,722.1,731.44,720.02,1.75355853,7.632258263400001
801030,2005-12-08,733.64,733.13,737.33,729.45,2.6420947,13.658928259200001
801030,2005-12-09,743.9,732.36,744.77,730.26,2.12758622,9.298189472
801030,2005-12-12,746.62,744.05,748.29,740.31,1.84502951,8.1091283286
801030,2005-12-13,749.66,745.1,751.45,741.18,2.00337034,9.642815642999999
801030,2005-12-14,753.86,749.22,755.01,744.27,2.1190472,9.7185055102
801030,2005-12-15,750.68,753.73,760.27,749.23,2.25925898,10.2563019349
801030,2005-12-16,754.66,749.33,754.94,747.51,2.02532276,9.479452158500001
801030,2005-12-19,756.73,753.67,759.23,751.39,1.95262351,8.1877018098
801030,2005-12-20,760.41,756.34,760.6,752.55,1.85188309,8.17735432
801030,2005-12-21,756.82,759.97,764.88,755.42,2.27871933,10.037701930199999
801030,2005-12-22,759.61,755.81,760.01,753.15,2.20108504,10.2375284306
801030,2005-12-23,769.87,759.78,769.99,758.04,2.67449813,12.36569931
801030,2005-12-26,779.3,770.23,782.11,769.13,4.01933756,18.410230032
801030,2005-12-27,776.69,778.35,779.49,773.12,2.42001517,11.170557358900002
801030,2005-12-28,778.02,777.28,779.02,772.55,2.62341267,12.152837395299999
801030,2005-12-29,791.05,777.34,791.05,777.1,4.12389983,20.4838109377
801030,2005-12-30,786.54,789.68,793.21,784.61,3.85008402,19.6738374189
801030,2006-01-04,794.9,784.88,794.94,781.98,3.11862893,15.3726663826
801030,2006-01-05,802.91,796.12,803.59,792.98,4.12949174,20.5653849593
801030,2006-01-06,812.71,802.84,816.6,800.77,5.20359784,26.168705406100003
801030,2006-01-09,817.57,813.94,818.56,810.89,4.66904276,22.5250581873
801030,2006-01-10,826.17,817.33,826.29,812.09,4.37241685,21.611992792600002
801030,2006-01-11,818.72,825.37,828.94,814.19,5.1248291,24.944447740700003
801030,2006-01-12,831.93,817.32,832.44,815.7,4.80614007,22.815405022600004
801030,2006-01-13,830.46,832.28,835.43,824.88,4.9077117,22.6959495045
801030,2006-01-16,820.07,828.43,835.2,820.07,4.64158013,21.4355871482
801030,2006-01-17,825.72,815.89,826.23,815.86,3.83522411,17.589275153699997
801030,2006-01-18,843.6,824.27,845.12,823.79,4.60668868,21.479697240300002
801030,2006-01-19,855.82,843.76,855.82,840.36,5.17019582,24.137616272600003
801030,2006-01-20,858.2,853.71,860.16,850.34,5.08526793,24.0879339453
801030,2006-01-23,860.19,856.2,861.64,851.57,5.21379793,24.2292366025
801030,2006-01-24,855.49,858.06,861.16,854.26,4.59389532,22.983498874699997
801030,2006-01-25,855.62,851.94,858.01,846.96,4.61462132,22.0442918667
801030,2006-02-06,874.26,855.81,882.24,847.35,4.72652209,22.9189213671
801030,2006-02-07,870.64,873.86,880.93,862.26,6.09777041,30.364817698099998
801030,2006-02-08,873.99,874.59,878.48,866.33,6.3513653,30.048286915100004
801030,2006-02-09,860.59,873.42,873.48,858.63,4.13229081,19.4116710262
801030,2006-02-10,870.09,862.07,870.67,858.59,4.33844679,19.5562043585
801030,2006-02-13,869.27,871.1,871.16,859.19,4.21135976,19.920687623
801030,2006-02-14,874.87,870.16,874.87,867.47,3.33871633,15.9713590203
801030,2006-02-15,882.46,877.54,883.34,874.17,5.62761948,25.5152083181
801030,2006-02-16,866.6,884.26,884.62,862.94,6.85588224,31.201305418
801030,2006-02-17,865.41,870.32,877.21,864.47,5.3683621,24.3580508563
801030,2006-02-20,868.64,869.21,875.72,866.43,3.85194249,17.3888241902
801030,2006-02-21,881.47,866.32,881.47,858.61,5.56063277,37.408982
801030,2006-02-22,880.73,880.24,889.65,877.45,4.8855855,26.8542694783
801030,2006-02-23,883.98,878.84,886.0,873.41,4.18372621,21.1938983198
801030,2006-02-24,891.1,883.76,891.19,881.44,4.10923348,21.1311872429
801030,2006-02-27,892.12,887.29,895.69,887.15,3.95577418,19.009405548
801030,2006-02-28,890.17,884.79,890.98,878.75,3.52190669,16.303116783900002
801030,2006-03-01,893.78,886.16,895.43,886.01,3.37170574,15.8790281687
801030,2006-03-02,884.85,891.91,898.83,882.94,4.55280997,23.5247535114
801030,2006-03-03,892.77,881.0,895.08,878.76,5.02749021,24.1311809788
801030,2006-03-06,889.96,889.53,895.44,888.32,3.21013979,16.8583006792
801030,2006-03-07,870.81,885.41,889.05,868.69,3.79065996,18.6631768009
801030,2006-03-08,861.12,864.52,869.45,851.48,3.40693818,16.3438836166
801030,2006-03-09,857.11,855.36,862.92,855.31,2.32104449,11.0871171601
801030,2006-03-10,857.09,854.66,862.97,854.58,2.4869094,11.451356416600001
801030,2006-03-13,866.31,853.62,866.43,853.38,2.42417647,11.3369734178
801030,2006-03-14,868.06,864.14,869.09,860.84,2.43225375,11.553387096500002
801030,2006-03-15,880.94,865.85,881.11,865.76,3.08234705,15.933252811
801030,2006-03-16,880.7,879.18,881.77,877.03,2.94624685,15.021671228599999
801030,2006-03-17,880.2,878.68,883.41,875.92,3.48040419,16.880078036
801030,2006-03-20,889.49,878.04,889.51,876.0,2.81155705,14.225768056700002
801030,2006-03-21,889.9,887.25,892.64,885.69,3.15346081,14.9030562924
801030,2006-03-22,894.3,887.3,894.3,883.74,3.68082956,16.902841862
801030,2006-03-23,905.73,892.47,905.73,891.88,5.12550297,23.9752544115
801030,2006-03-24,900.39,904.22,909.52,898.98,5.18153009,22.463076721900002
801030,2006-03-27,898.29,892.84,898.34,887.48,4.79416148,20.8765768435
801030,2006-03-28,897.24,896.62,899.64,893.19,6.58139464,25.320757038000004
801030,2006-03-29,900.54,897.57,904.84,897.28,6.016185,28.040674509699997
801030,2006-03-30,891.72,899.61,901.71,891.11,4.44512765,20.5753216247
801030,2006-03-31,899.48,888.72,899.66,887.39,4.16491339,20.2604816942
801030,2006-04-03,911.62,900.59,911.62,895.89,5.3907004,24.7477974195
801030,2006-04-04,917.13,909.85,917.13,905.96,6.0385482,28.2616288895
801030,2006-04-05,925.36,916.29,926.23,915.85,6.81958113,34.7115901029
801030,2006-04-06,925.98,923.77,932.59,919.92,7.1125033,33.1027526926
801030,2006-04-07,932.72,923.66,932.72,922.05,6.54953033,31.462759410300002
801030,2006-04-10,947.71,931.65,955.21,918.75,6.67611372,29.005235939299997
801030,2006-04-11,946.94,943.76,950.01,940.24,6.93342285,31.6003384748
801030,2006-04-12,950.85,941.71,952.99,941.71,7.39787491,31.306001859400002
801030,2006-04-13,935.13,945.99,955.53,934.7,7.40398762,30.0747295253
801030,2006-04-14,955.59,928.38,955.71,928.38,6.78037627,30.2032930715
801030,2006-04-17,964.01,948.26,966.42,948.26,7.99059313,37.295511370199996
801030,2006-04-18,961.0,957.61,965.68,955.73,6.05138605,27.6424749604
801030,2006-04-19,960.84,956.68,965.96,951.38,6.5026494,29.4529667679
801030,2006-04-20,951.72,956.94,963.07,946.28,7.42654073,36.4328370686
801030,2006-04-21,966.56,945.75,970.49,945.75,9.11231008,44.136725816
801030,2006-04-24,951.98,964.73,968.79,947.95,8.45608477,43.67719049229999
801030,2006-04-25,950.23,943.73,955.83,933.43,6.74149663,34.281221567399996
801030,2006-04-26,962.02,945.08,966.93,945.0,7.2954975,36.9739728414
801030,2006-04-27,960.59,957.48,967.27,953.99,6.35475353,28.6922164038
801030,2006-04-28,971.5,947.77,973.84,938.21,7.15515059,34.8602223175
801030,2006-05-08,1004.27,968.03,1004.3,967.87,7.95564718,39.9634266975
801030,2006-05-09,1028.11,1001.02,1028.63,1000.67,10.21984908,49.128042790500004
801030,2006-05-10,1041.24,1030.18,1048.51,1020.79,11.91969894,57.1646347169
801030,2006-05-11,1036.4,1038.55,1071.59,1032.87,13.42192801,67.9486651608
801030,2006-05-12,1084.97,1028.46,1084.97,1028.41,10.72553065,58.2709975813
801030,2006-05-15,1134.23,1098.72,1134.39,1087.37,14.49776011,76.1942113642
801030,2006-05-16,1091.94,1133.88,1147.48,1086.36,13.53073196,71.5633761718
801030,2006-05-17,1111.77,1099.89,1121.58,1087.63,10.16075961,57.4912363764
801030,2006-05-18,1116.82,1099.9,1124.17,1092.55,9.58339456,51.5566412155
801030,2006-05-19,1146.55,1115.23,1150.58,1114.54,10.46860619,56.7464616137
801030,2006-05-22,1167.05,1148.33,1174.42,1148.32,10.85650407,60.5293345904
801030,2006-05-23,1137.42,1157.19,1171.56,1127.94,11.98660327,64.971759655
801030,2006-05-24,1117.23,1132.89,1156.89,1096.39,8.27094348,42.0138887133
801030,2006-05-25,1122.16,1114.72,1124.96,1101.2,6.57080745,34.966140911
801030,2006-05-26,1136.69,1122.4,1138.87,1121.72,6.0352159,31.9525031888
801030,2006-05-29,1156.48,1138.41,1156.84,1131.67,7.17042273,38.312129856700004
801030,2006-05-30,1164.62,1157.55,1166.41,1147.56,8.40004118,45.3508199236
801030,2006-05-31,1149.97,1161.42,1170.05,1143.02,9.42818876,45.91960752
801030,2006-06-01,1186.16,1147.24,1186.16,1146.32,10.12225366,52.9613743849
801030,2006-06-02,1186.68,1187.93,1199.28,1178.69,12.47894855,63.115549906300004
801030,2006-06-05,1204.04,1186.06,1204.5,1173.4,9.75825757,49.356577622399996
801030,2006-06-06,1201.26,1203.1,1209.93,1195.78,8.15786761,41.3215480128
801030,2006-06-07,1135.16,1199.36,1202.36,1135.16,10.75565854,56.606869351
801030,2006-06-08,1133.41,1125.18,1135.05,1094.39,9.33090384,44.042760710100005
801030,2006-06-09,1112.07,1130.61,1145.44,1112.07,8.80816487,43.323712045
801030,2006-06-12,1108.43,1105.46,1117.58,1096.76,5.71905595,27.4267677466
801030,2006-06-13,1105.63,1108.38,1119.61,1092.79,5.62499803,28.193890615
801030,2006-06-14,1089.61,1100.53,1100.95,1078.21,5.37605376,25.9269856953
801030,2006-06-15,1093.83,1090.93,1103.85,1089.01,4.67046902,21.884278309099997
801030,2006-06-16,1123.68,1099.71,1123.74,1097.36,5.92057753,29.028369618299998
801030,2006-06-19,1134.2,1111.42,1137.6,1100.24,6.20726341,30.433026228699998
801030,2006-06-20,1141.12,1131.98,1141.27,1127.63,5.80464315,29.1593008213
801030,2006-06-21,1150.01,1142.46,1162.93,1127.07,7.601773,38.7398256784
801030,2006-06-22,1147.42,1144.75,1152.51,1139.87,5.70281254,28.426357196999998
801030,2006-06-23,1155.55,1146.39,1157.01,1138.67,5.59437899,28.6408032613
801030,2006-06-26,1179.29,1157.74,1180.17,1157.5,6.32178344,32.500313314
801030,2006-06-27,1181.73,1181.04,1186.07,1172.99,5.98940838,29.828254605500003
801030,2006-06-28,1180.98,1179.65,1184.16,1175.38,5.31816745,27.7564030249
801030,2006-06-29,1201.79,1181.61,1202.41,1181.48,7.63495607,43.4564918571
801030,2006-06-30,1202.14,1205.64,1209.51,1194.3,7.38058538,41.2746761472
801030,2006-07-03,1218.7,1204.35,1219.01,1198.84,7.0918622,38.6230716498
801030,2006-07-04,1212.8,1223.84,1227.09,1203.47,8.53727404,46.7044069429
801030,2006-07-05,1198.04,1212.18,1213.47,1182.18,6.51186838,35.9596893052
801030,2006-07-06,1226.47,1196.63,1226.47,1195.96,7.51015841,41.459523809400004
801030,2006-07-07,1223.81,1231.15,1232.94,1218.46,8.00186781,45.304765466099994
801030,2006-07-10,1227.34,1225.68,1230.46,1211.48,6.50590607,38.5322874236
801030,2006-07-11,1231.21,1227.83,1231.21,1219.28,6.85453595,38.0472239198
801030,2006-07-12,1233.18,1231.38,1243.26,1225.75,8.17911665,45.730402839499995
801030,2006-07-13,1159.11,1230.04,1232.94,1158.73,11.15497754,60.6509637232
801030,2006-07-14,1170.46,1146.65,1180.58,1140.41,7.3353604,39.3804027161
801030,2006-07-17,1197.69,1166.7,1198.17,1163.01,7.0243877,39.335053641100004
801030,2006-07-18,1203.91,1195.13,1203.91,1188.41,6.40488838,36.687903188
801030,2006-07-19,1177.18,1201.42,1202.07,1169.47,6.7058623,37.362484738
801030,2006-07-20,1188.85,1174.19,1192.94,1168.76,5.7453581,29.3877351627
801030,2006-07-21,1195.94,1185.65,1195.94,1183.57,5.75354452,30.963016275700003
801030,2006-07-24,1192.6,1178.04,1194.01,1163.26,5.35805927,29.072943366999997
801030,2006-07-25,1209.04,1192.96,1215.61,1181.66,6.07809757,32.5118431669
801030,2006-07-26,1212.92,1210.49,1217.1,1203.06,5.43442534,27.7759775661
801030,2006-07-27,1200.22,1211.89,1219.76,1190.8,5.91023962,30.6638648649
801030,2006-07-28,1190.16,1199.71,1202.92,1174.97,5.55660402,28.2766980036
801030,2006-07-31,1147.8,1186.52,1187.52,1146.53,5.37407146,27.1956311344
801030,2006-08-01,1134.09,1143.73,1153.1,1129.3,4.6982331,22.252342370999997
801030,2006-08-02,1132.01,1134.26,1140.25,1113.91,4.70602767,22.9353795377
801030,2006-08-03,1133.82,1133.86,1141.27,1121.0,3.62248163,19.9294693223
801030,2006-08-04,1109.95,1135.17,1147.23,1108.76,5.14409795,26.663038055100003
801030,2006-08-07,1086.3,1100.98,1108.4,1085.57,4.01550033,18.9868808576
801030,2006-08-08,1118.69,1088.26,1118.69,1085.51,4.3662549,20.854795717400002
801030,2006-08-09,1119.61,1120.4,1126.31,1112.97,4.14202288,21.028314060499998
801030,2006-08-10,1144.72,1119.74,1145.47,1118.58,5.27344941,26.9718463814
801030,2006-08-11,1145.41,1146.41,1149.86,1135.06,4.38380415,21.9313791696
801030,2006-08-14,1111.34,1142.35,1145.2,1107.6,4.16758553,20.6374269466
801030,2006-08-15,1128.52,1107.69,1128.52,1100.42,3.15622638,15.886585787000001
801030,2006-08-16,1145.62,1128.32,1145.62,1123.37,4.16580108,20.6537474732
801030,2006-08-17,1136.91,1142.08,1143.76,1126.85,3.73625768,17.914417208
801030,2006-08-18,1132.47,1133.59,1144.15,1131.39,2.8681562,14.237632118599999
801030,2006-08-21,1133.63,1097.86,1133.63,1092.34,3.37837962,17.0557585871
801030,2006-08-22,1143.54,1131.25,1146.58,1121.97,3.57867947,18.4053806054
801030,2006-08-23,1137.1,1142.52,1145.42,1133.9,3.77879931,19.8429110223
801030,2006-08-24,1145.53,1135.09,1145.53,1128.48,3.12251902,16.1611418626
801030,2006-08-25,1150.69,1146.91,1155.15,1143.59,3.93774516,21.4917929852
801030,2006-08-28,1171.21,1152.66,1171.21,1150.73,4.98661463,26.4517922729
801030,2006-08-29,1175.78,1173.46,1188.75,1171.22,7.07709318,36.6688012748
801030,2006-08-30,1182.3,1173.93,1183.45,1166.4,4.78744094,24.941968357399997
801030,2006-08-31,1184.63,1182.93,1185.77,1176.32,5.03906392,25.753882627
801030,2006-09-01,1166.2,1184.95,1186.05,1162.46,5.22643649,26.663031516100002
801030,2006-09-04,1183.1,1164.72,1183.1,1164.71,4.24748944,21.5030036757
801030,2006-09-05,1188.04,1184.45,1189.53,1181.31,5.56312515,28.536540980799998
801030,2006-09-06,1197.26,1187.82,1197.26,1183.81,5.27571748,27.113034030100003
801030,2006-09-07,1183.35,1206.56,1206.61,1179.65,6.057872,33.1748002593
801030,2006-09-08,1186.61,1180.69,1191.13,1179.06,4.07830934,22.3810617265
801030,2006-09-11,1191.85,1189.2,1192.08,1172.85,4.25311483,23.5268756032
801030,2006-09-12,1201.81,1191.85,1203.6,1189.24,5.37729877,30.706241793
801030,2006-09-13,1191.11,1201.12,1207.98,1189.62,5.23029886,29.8075629388
801030,2006-09-14,1191.01,1190.61,1195.26,1179.06,4.91772251,26.1497055064
801030,2006-09-15,1205.7,1192.98,1205.7,1190.77,4.29033614,21.844984359899996
801030,2006-09-18,1218.74,1207.51,1218.74,1204.13,4.68479047,23.4847821314
801030,2006-09-19,1221.24,1219.64,1224.94,1214.98,5.14958123,25.690174200900003
801030,2006-09-20,1219.19,1218.52,1221.68,1212.07,4.49275075,22.7009011398
801030,2006-09-21,1226.78,1221.91,1226.78,1217.53,4.56132875,25.3312883264
801030,2006-09-22,1214.48,1227.09,1227.09,1212.36,4.59691924,24.4336091558
801030,2006-09-25,1211.89,1211.93,1216.57,1204.73,4.33154904,22.2132119928
801030,2006-09-26,1208.41,1211.49,1212.86,1201.45,3.63670819,18.4781042401
801030,2006-09-27,1219.29,1209.83,1219.29,1208.52,4.14751366,22.668684696
801030,2006-09-28,1228.68,1220.08,1232.39,1219.32,4.23926357,23.658811316100003
801030,2006-09-29,1240.77,1230.02,1240.99,1227.62,5.12261012,27.301187721199998
801030,2006-10-09,1261.29,1248.33,1261.29,1247.28,5.71822454,28.6058819479
801030,2006-10-10,1268.29,1261.76,1270.88,1256.61,9.4130184,46.7103490633
801030,2006-10-11,1277.48,1266.9,1277.86,1260.81,6.71215402,33.869240804
801030,2006-10-12,1267.57,1277.3,1278.06,1265.51,5.95214192,29.749278311999998
801030,2006-10-13,1270.09,1266.75,1273.16,1263.56,5.39197227,27.091493941
801030,2006-10-16,1257.16,1270.54,1271.97,1253.66,5.5578184,28.6750633881
801030,2006-10-17,1256.01,1253.53,1262.81,1251.1,4.62733757,23.682231130199998
801030,2006-10-18,1268.49,1253.28,1268.49,1251.74,4.77244864,23.195207917199998
801030,2006-10-19,1275.78,1269.59,1279.34,1266.59,5.02068526,25.482266850100004
801030,2006-10-20,1275.07,1275.89,1282.45,1271.29,6.41907792,33.716581987800005
801030,2006-10-23,1249.48,1272.44,1278.97,1244.65,7.04485522,37.764033997199995
801030,2006-10-24,1278.65,1243.46,1278.65,1243.43,6.76369552,36.5832867214
801030,2006-10-25,1284.14,1281.03,1289.28,1269.52,8.39088071,45.811882034499995
801030,2006-10-26,1270.77,1281.88,1283.79,1266.59,5.250173,28.4432975986
801030,2006-10-27,1257.98,1269.94,1272.61,1252.01,5.79844938,31.224620171199998
801030,2006-10-30,1256.37,1255.03,1260.13,1239.68,4.70398434,25.2783894553
801030,2006-10-31,1275.85,1259.88,1275.88,1257.75,4.58793125,24.9399458002
801030,2006-11-01,1283.54,1275.64,1303.2,1254.77,5.22162721,28.205219800100004
801030,2006-11-02,1277.51,1283.97,1297.27,1256.33,4.64447291,24.038294601100002
801030,2006-11-03,1285.63,1278.12,1290.45,1277.04,4.34264728,24.22579822
801030,2006-11-06,1285.27,1279.18,1286.97,1271.5,4.51286801,23.6053735904
801030,2006-11-07,1273.17,1286.83,1288.26,1259.63,4.75460312,25.463064330300003
801030,2006-11-08,1262.05,1271.96,1274.99,1261.32,3.52285622,18.845055715999997
801030,2006-11-09,1276.97,1260.17,1277.1,1258.45,4.12463352,23.0526877822
801030,2006-11-10,1257.03,1279.65,1285.29,1251.57,5.87395721,31.8079673284
801030,2006-11-13,1221.23,1251.64,1258.01,1216.1,4.69749645,24.8682386124
801030,2006-11-14,1232.43,1219.16,1232.43,1200.74,3.71025977,19.153860443699998
801030,2006-11-15,1252.39,1230.15,1252.39,1217.45,3.66323096,19.2872706362
801030,2006-11-16,1240.34,1253.13,1259.99,1238.28,4.93110301,28.7255825654
801030,2006-11-17,1269.34,1237.8,1269.34,1236.4,4.29811803,24.748742383699998
801030,2006-11-20,1285.54,1272.34,1285.54,1265.52,4.80759298,29.0664057396
801030,2006-11-21,1307.47,1282.74,1307.49,1274.45,5.20492363,31.7030389014
801030,2006-11-22,1305.58,1303.05,1320.83,1295.2,5.21649333,31.974111681500002
801030,2006-11-23,1308.03,1304.84,1310.5,1298.78,4.76020725,28.8158207816
801030,2006-11-24,1317.29,1307.07,1320.26,1291.75,5.43060478,33.080751291599995
801030,2006-11-27,1326.13,1311.49,1326.13,1305.78,5.58874538,33.452969045100005
801030,2006-11-28,1332.37,1325.14,1334.38,1318.58,5.14314569,30.7428551121
801030,2006-11-29,1341.43,1317.13,1344.17,1304.62,5.61753852,33.2909711859
801030,2006-11-30,1377.65,1344.79,1377.65,1341.5,8.82797177,50.1319999867
801030,2006-12-01,1382.31,1378.21,1387.1,1370.46,9.09178135,52.788010888900004
801030,2006-12-04,1401.74,1383.07,1403.86,1379.17,10.15222627,58.5798579447
801030,2006-12-05,1408.83,1404.32,1419.65,1393.6,10.17597102,57.430947525600004
801030,2006-12-06,1399.66,1412.48,1421.56,1359.19,10.78528873,60.4192911412
801030,2006-12-07,1394.41,1406.11,1416.13,1390.71,8.64655207,48.0130165674
801030,2006-12-08,1347.17,1384.72,1389.82,1345.93,7.82732732,43.725811447
801030,2006-12-11,1387.13,1342.86,1387.13,1342.86,5.69856665,30.4724646485
801030,2006-12-12,1393.37,1388.2,1397.31,1372.98,5.56668791,31.810380917199996
801030,2006-12-13,1411.31,1395.68,1414.18,1393.7,6.01541574,37.2890507998
801030,2006-12-14,1429.72,1412.01,1431.22,1411.46,6.07440223,34.7740694675
801030,2006-12-15,1445.87,1432.83,1445.87,1424.23,6.75844951,42.2307766904
801030,2006-12-18,1461.41,1447.98,1472.44,1446.59,8.88256024,53.8860115354
801030,2006-12-19,1466.85,1467.32,1472.38,1441.97,9.29792006,58.1892816003
801030,2006-12-20,1484.06,1460.49,1486.64,1450.27,9.39072154,54.14299801439999
801030,2006-12-21,1470.29,1485.84,1490.05,1463.97,11.19240799,63.164698112299995
801030,2006-12-22,1461.6,1460.98,1473.87,1449.19,7.88593768,45.642577308
801030,2006-12-25,1480.67,1461.93,1485.82,1460.5,7.81280934,44.969248991899995
801030,2006-12-26,1489.34,1483.89,1494.29,1458.58,7.78182129,44.920120185500004
801030,2006-12-27,1505.25,1488.21,1505.25,1481.87,6.62481016,41.3332735017
801030,2006-12-28,1477.7,1504.65,1508.33,1472.41,7.33390906,44.5130733711
801030,2006-12-29,1490.08,1479.52,1501.1,1478.49,7.19812677,44.479161833599996
801030,2007-01-04,1523.6,1503.78,1535.68,1503.04,9.39095063,61.254240629399995
801030,2007-01-05,1554.7,1522.14,1562.93,1511.77,9.44948294,62.882439742200006
801030,2007-01-08,1604.36,1552.78,1604.36,1552.34,11.02304137,66.8824432503
801030,2007-01-09,1664.58,1611.77,1664.78,1605.05,11.99603816,71.5076017906
801030,2007-01-10,1695.05,1668.69,1695.05,1611.77,12.5597749,77.0141457879
801030,2007-01-11,1682.94,1692.66,1725.97,1668.84,15.21719926,93.7409374699
801030,2007-01-12,1614.98,1672.0,1687.73,1608.26,12.91194349,78.976071945
801030,2007-01-15,1689.58,1607.38,1689.58,1606.65,11.34092312,73.3506603157
801030,2007-01-16,1727.52,1700.32,1727.52,1684.64,13.25147096,87.93150745940001
801030,2007-01-17,1720.62,1730.94,1763.3,1692.45,15.12330854,97.26539112290001
801030,2007-01-18,1750.33,1718.56,1752.69,1701.97,12.65719929,80.9691076067
801030,2007-01-19,1800.41,1753.6,1801.8,1748.41,15.33069433,95.6414310972
801030,2007-01-22,1871.39,1811.07,1871.42,1803.01,15.40138101,92.53088357370001
801030,2007-01-23,1886.4,1896.61,1898.54,1826.51,17.11718502,114.17445042879999
801030,2007-01-24,1915.95,1896.25,1920.16,1871.55,14.77029862,101.0279938257
801030,2007-01-25,1835.13,1902.71,1907.77,1834.75,13.56761333,92.45780517530001
801030,2007-01-26,1845.91,1793.46,1854.0,1752.41,12.44739879,81.731117158
801030,2007-01-29,1897.08,1854.62,1897.34,1853.71,13.14379139,87.7157263524
801030,2007-01-30,1926.32,1909.24,1943.44,1899.26,13.72866085,99.3282711387
801030,2007-01-31,1825.34,1923.13,1924.38,1813.16,13.24538086,91.188688044
801030,2007-02-01,1833.56,1802.07,1845.66,1785.09,11.56241493,76.25154943380001
801030,2007-02-02,1782.56,1836.38,1845.44,1777.57,10.48231635,73.3160780176
801030,2007-02-05,1783.65,1770.98,1796.17,1760.15,7.8253565,51.838907221199996
801030,2007-02-06,1795.07,1785.94,1795.15,1741.77,10.78370148,77.3345977999
801030,2007-02-07,1819.34,1803.21,1825.58,1797.1,11.76797581,81.702213676
801030,2007-02-08,1854.28,1826.19,1856.41,1811.37,11.09826325,77.5459882418
801030,2007-02-09,1843.78,1855.29,1860.93,1835.33,9.73624497,66.0148557752
801030,2007-02-12,1903.73,1846.88,1903.73,1845.45,10.33574573,71.4579524854
801030,2007-02-13,1939.0,1911.0,1939.36,1906.9,10.43902213,72.91935560350001
801030,2007-02-14,2007.25,1952.31,2012.39,1932.14,13.40983446,96.3028167268
801030,2007-02-15,2052.97,2018.98,2052.97,2014.34,14.22189605,100.37370342860001
801030,2007-02-16,2066.7,2065.76,2093.72,2046.78,15.13711755,109.3588092186
801030,2007-02-26,2135.28,2077.64,2135.28,2062.48,13.39224714,101.1100565366
801030,2007-02-27,1948.06,2143.01,2149.28,1947.74,20.35679779,146.3811585572
801030,2007-02-28,2015.86,1912.22,2018.42,1907.91,15.56551923,111.5850499566
801030,2007-03-01,1978.78,2023.66,2024.17,1946.58,17.50221984,119.8710963283
801030,2007-03-02,2006.38,1977.2,2017.31,1973.71,13.32069778,91.4646141051
801030,2007-03-05,1998.39,2008.04,2036.38,1942.63,14.76459312,105.0712043366
801030,2007-03-06,2016.28,1992.31,2021.18,1975.89,10.55651362,75.9949642847
801030,2007-03-07,2065.42,2026.93,2065.46,2020.81,12.44453147,93.4278598334
801030,2007-03-08,2114.41,2073.9,2114.41,2057.09,12.94865409,99.9510779368
801030,2007-03-09,2109.42,2116.58,2125.9,2079.9,14.66540163,113.1190050773
801030,2007-03-12,2138.61,2108.29,2138.61,2082.12,15.88970296,117.4473273057
801030,2007-03-13,2162.43,2140.88,2164.33,2132.24,15.94320946,122.7677542126
801030,2007-03-14,2151.02,2147.28,2169.62,2088.32,16.59107874,128.1698225167
801030,2007-03-15,2187.55,2151.25,2187.6,2149.61,15.12546252,123.6146500554
801030,2007-03-16,2164.09,2198.03,2209.69,2136.82,16.67374135,135.6528681026
801030,2007-03-19,2187.71,2101.42,2190.91,2089.14,13.98357467,112.794150977
801030,2007-03-20,2225.97,2195.98,2227.06,2187.29,13.67569708,112.6278050216
801030,2007-03-21,2265.81,2234.22,2265.81,2221.74,14.19510309,120.5131870717
801030,2007-03-22,2301.01,2285.83,2328.2,2244.34,18.30150014,155.4594563055
801030,2007-03-23,2328.05,2301.44,2329.22,2268.05,18.56864263,158.78020616959998
801030,2007-03-26,2374.84,2339.22,2374.84,2331.56,17.28793475,150.6653238696
801030,2007-03-27,2399.32,2375.25,2399.32,2361.8,16.51624613,145.18791417190002
801030,2007-03-28,2368.45,2394.6,2404.69,2282.31,19.60681087,174.87041261689998
801030,2007-03-29,2309.12,2367.32,2371.81,2308.61,17.10254383,149.92389016139998
801030,2007-03-30,2326.58,2301.1,2334.22,2292.32,12.0309069,103.40348144040001
801030,2007-04-02,2373.35,2332.6,2373.35,2327.8,12.35854297,111.9662106585
801030,2007-04-03,2409.38,2378.65,2409.38,2376.01,13.43421328,124.25208460430001
801030,2007-04-04,2442.23,2414.86,2447.58,2398.97,16.19688119,147.8559985304
801030,2007-04-05,2472.23,2439.94,2477.11,2427.63,15.42570852,142.71695932149998
801030,2007-04-06,2493.09,2449.47,2495.12,2442.45,16.45866094,153.006616861
801030,2007-04-09,2528.65,2502.18,2532.05,2501.36,18.28647554,176.7129288282
801030,2007-04-10,2549.93,2539.05,2549.93,2473.42,18.99079819,181.57115404729998
801030,2007-04-11,2615.61,2552.77,2616.8,2542.98,20.31399253,202.6831268648
801030,2007-04-12,2676.17,2621.07,2676.17,2613.09,19.58057743,200.85043719630002
801030,2007-04-13,2683.23,2679.58,2723.64,2669.28,20.37123627,211.9385573148
801030,2007-04-16,2740.71,2687.88,2740.71,2686.9,17.32922297,179.87087948130002
801030,2007-04-17,2796.51,2760.06,2800.25,2701.41,22.5435163,233.6264798396
801030,2007-04-18,2858.73,2802.86,2858.88,2782.78,21.30070221,228.73261343669998
801030,2007-04-19,2709.89,2845.67,2856.57,2638.18,22.22807225,236.9134947679
801030,2007-04-20,2821.13,2718.68,2829.88,2716.85,18.15564256,191.2035093857
801030,2007-04-23,2936.79,2857.12,2938.18,2855.84,21.25828466,235.9364741395
801030,2007-04-24,2966.9,2953.47,2994.9,2917.19,22.43275738,260.85677059110003
801030,2007-04-25,2960.78,2949.59,2971.59,2894.53,17.702928,203.06067712529997
801030,2007-04-26,2984.66,2965.9,2988.45,2951.71,16.50624941,189.30536842779998
801030,2007-04-27,2955.5,2974.91,2988.59,2918.35,17.21341809,195.258474713
801030,2007-04-30,2993.08,2935.63,3004.55,2927.57,19.08222509,225.22769880459998
801030,2007-05-08,3117.59,3070.71,3119.45,3055.84,20.92947797,260.81892734400003
801030,2007-05-09,3111.85,3125.07,3129.06,2984.31,23.35220297,281.60778363549997
801030,2007-05-10,3157.72,3119.71,3171.01,3098.68,19.67571604,238.0105250929
801030,2007-05-11,3148.32,3139.37,3165.69,3090.0,18.32245525,226.6422685139
801030,2007-05-14,3177.4,3101.44,3199.98,3080.5,17.20752307,218.9161793511
801030,2007-05-15,3080.24,3180.45,3201.62,3069.68,18.9915483,233.0014312937
801030,2007-05-16,3167.41,3066.78,3167.59,3036.84,15.90018726,193.9790040375
801030,2007-05-17,3250.15,3180.42,3260.42,3173.79,17.37764883,226.6194014402
801030,2007-05-18,3249.48,3245.64,3269.14,3218.96,16.61261098,220.2668304656
801030,2007-05-21,3315.76,3144.36,3324.01,3135.65,19.08255809,247.4035990406
801030,2007-05-22,3366.26,3332.4,3392.35,3329.48,21.73670318,287.1166216985
801030,2007-05-23,3444.91,3379.7,3445.43,3372.06,20.33189776,268.4341210739
801030,2007-05-24,3439.06,3464.72,3473.57,3365.86,24.69655272,329.3985486674
801030,2007-05-25,3473.92,3419.28,3487.71,3395.18,18.96674934,259.702047814
801030,2007-05-28,3561.75,3506.2,3577.21,3505.52,23.52629204,324.0487532392
801030,2007-05-29,3602.24,3554.99,3602.24,3530.65,19.07099462,264.73848148310003
801030,2007-05-30,3369.64,3367.91,3547.03,3327.69,24.17645242,335.2209877361
801030,2007-05-31,3313.29,3288.8,3378.53,3155.71,21.75612357,287.4156318164
801030,2007-06-01,3144.13,3302.36,3374.42,3117.79,20.11034708,269.8262271501
801030,2007-06-04,2896.66,3104.26,3115.37,2889.99,13.89168077,172.9885395363
801030,2007-06-05,2949.02,2771.01,2949.02,2681.19,19.62839201,216.5911803512
801030,2007-06-06,2965.84,2959.75,3024.71,2880.05,19.85672234,219.8976687071
801030,2007-06-07,3111.09,2973.58,3111.28,2973.58,18.56778788,215.0281349674
801030,2007-06-08,3174.12,3135.96,3202.39,3114.58,18.00926009,214.8715136893
801030,2007-06-11,3263.96,3211.44,3270.82,3201.54,18.95363925,234.755331633
801030,2007-06-12,3337.75,3281.8,3337.85,3160.64,21.61250087,267.8485254462
801030,2007-06-13,3406.92,3356.56,3432.43,3346.45,21.02408955,266.5297960602
801030,2007-06-14,3367.27,3392.84,3437.42,3326.88,18.17039144,228.26116952380002
801030,2007-06-15,3371.84,3333.66,3399.52,3316.05,14.42770302,185.2491238702
801030,2007-06-18,3456.77,3432.48,3472.07,3428.84,15.45730427,208.64706780580002
801030,2007-06-19,3482.92,3457.37,3483.33,3405.83,15.18154818,198.95679071680001
801030,2007-06-20,3422.93,3490.23,3543.54,3397.99,18.0630318,238.0472999187
801030,2007-06-21,3438.72,3405.76,3472.96,3374.23,15.23199806,201.136578318
801030,2007-06-22,3260.98,3439.37,3446.15,3210.84,15.57377236,201.5697110678
801030,2007-06-25,3078.07,3267.48,3291.39,3047.64,13.16630325,166.17747874879998
801030,2007-06-26,3120.83,3016.14,3120.83,2948.86,11.01304419,125.66099548
801030,2007-06-27,3192.05,3138.05,3196.52,3078.9,12.13643689,143.7348400649
801030,2007-06-28,3010.39,3188.44,3204.47,3010.28,11.59322947,138.5887524515
801030,2007-06-29,2890.09,2933.61,2979.22,2850.82,9.99154699,112.01673603459999
801030,2007-07-02,2902.95,2871.83,2928.16,2808.76,8.61918726,92.1830618365
801030,2007-07-03,2955.75,2931.07,2960.35,2878.42,8.3863104,89.9628916399
801030,2007-07-04,2894.35,2968.52,2974.87,2881.22,7.66722809,88.46578565120001
801030,2007-07-05,2703.14,2842.36,2851.84,2701.67,8.84628584,93.2430690981
801030,2007-07-06,2852.48,2682.51,2854.14,2653.3,10.6269738,107.35707738379999
801030,2007-07-09,2932.11,2875.74,2950.38,2848.04,11.10793363,115.4408476782
801030,2007-07-10,2843.58,2933.25,2933.25,2838.12,8.82828912,91.97447535290001
801030,2007-07-11,2852.07,2826.18,2856.49,2805.49,7.49997385,81.04919228279999
801030,2007-07-12,2910.0,2878.16,2910.0,2864.67,7.17192193,80.9638579713
801030,2007-07-13,2900.77,2903.99,2909.73,2860.41,5.74871201,65.7781559081
801030,2007-07-16,2809.18,2898.47,2906.41,2804.39,6.02907628,65.87961004649999
801030,2007-07-17,2835.07,2791.34,2859.07,2775.95,5.79951696,63.1136349801
801030,2007-07-18,2838.43,2828.18,2875.95,2815.99,6.14731037,69.7710764007
801030,2007-07-19,2842.4,2840.33,2858.3,2818.78,5.28020831,56.0162479212
801030,2007-07-20,2938.14,2848.91,2940.52,2846.51,8.77185162,95.14589120469999
801030,2007-07-23,3084.71,2943.18,3087.82,2942.86,13.31273637,149.7263659141
801030,2007-07-24,3087.24,3110.53,3146.57,3082.98,13.6396569,148.9053313651
801030,2007-07-25,3152.72,3082.24,3152.73,3081.0,11.21083647,124.2081906032
801030,2007-07-26,3196.61,3168.34,3212.38,3156.84,12.17086004,137.67334034889998
801030,2007-07-27,3242.41,3193.17,3245.92,3150.57,13.48787893,158.3861421352
801030,2007-07-30,3321.97,3252.04,3335.54,3252.04,15.12977957,186.1813724118
801030,2007-07-31,3369.64,3317.73,3369.64,3281.19,14.33088954,176.9506018864
801030,2007-08-01,3208.4,3380.91,3398.31,3201.88,17.72451079,219.47211011349998
801030,2007-08-02,3299.87,3215.46,3311.62,3194.87,13.78034314,171.09720850280002
801030,2007-08-03,3344.44,3327.0,3346.29,3285.34,15.65545449,203.1446018326
801030,2007-08-06,3408.63,3376.7,3408.63,3351.57,15.45417463,198.56499389180001
801030,2007-08-07,3408.39,3407.67,3435.44,3360.04,15.42716368,209.4907103893
801030,2007-08-08,3351.15,3385.8,3390.58,3287.92,11.67365819,147.254042064
801030,2007-08-09,3378.84,3352.07,3381.5,3350.89,11.1372004,141.6488637705
801030,2007-08-10,3322.49,3378.74,3380.92,3257.6,10.99655272,136.3734569598
801030,2007-08-13,3332.01,3310.94,3345.91,3277.24,13.1985051,172.0640529019
801030,2007-08-14,3416.93,3330.1,3418.12,3330.1,11.17765221,142.71852022870002
801030,2007-08-15,3407.46,3437.72,3442.02,3321.67,12.36804156,161.60520725540002
801030,2007-08-16,3419.52,3393.34,3439.42,3357.87,12.87054897,164.9230516147
801030,2007-08-17,3404.37,3405.49,3451.18,3396.09,13.0761657,169.6079795095
801030,2007-08-20,3521.67,3473.4,3522.52,3455.83,12.96612295,170.8461549796
801030,2007-08-21,3536.07,3525.83,3551.05,3493.82,13.36447689,177.7852101134
801030,2007-08-22,3577.1,3481.62,3588.93,3473.29,13.43014499,182.75168912419997
801030,2007-08-23,3630.45,3595.66,3641.56,3586.93,13.48648903,180.49484322650002
801030,2007-08-24,3648.36,3639.54,3671.5,3614.75,13.83167035,184.16475653990003
801030,2007-08-27,3645.52,3673.89,3680.81,3612.42,15.46825333,204.63091223840001
801030,2007-08-28,3641.17,3631.93,3653.99,3593.09,14.12965712,186.949931362
801030,2007-08-29,3590.72,3615.56,3650.37,3566.79,12.1273631,158.4399989241
801030,2007-08-30,3703.12,3605.74,3711.08,3595.25,14.325725,190.03181359599998
801030,2007-08-31,3732.07,3721.12,3762.99,3711.77,14.31302099,191.96694948400003
801030,2007-09-03,3832.11,3757.5,3838.62,3757.5,16.17125667,226.0178405629
801030,2007-09-04,3828.38,3838.88,3881.55,3795.74,15.76502867,221.943310292
801030,2007-09-05,3881.18,3822.56,3881.18,3812.49,14.13511953,205.99864500630002
801030,2007-09-06,3954.43,3891.52,3979.6,3885.78,16.13792212,234.4564618696
801030,2007-09-07,3855.79,3922.19,3947.01,3850.64,16.11066445,231.029118159
801030,2007-09-10,3922.71,3803.38,3922.71,3775.31,12.61799676,177.432598542
801030,2007-09-11,3723.35,3930.52,3956.47,3717.32,13.96796373,204.8830019123
801030,2007-09-12,3753.42,3709.59,3786.72,3629.86,13.58679394,189.00950768779998
801030,2007-09-13,3803.7,3754.6,3803.7,3729.91,11.08308912,156.1807153925
801030,2007-09-14,3834.5,3809.99,3841.74,3751.51,12.40872073,175.5069503698
801030,2007-09-17,3922.86,3829.12,3932.56,3819.14,14.23763572,196.97631706119998
801030,2007-09-18,3940.34,3938.63,3950.05,3883.84,12.26193842,175.39034352060003
801030,2007-09-19,3948.58,3936.2,3991.95,3866.97,13.67849158,202.6471495199
801030,2007-09-20,3988.91,3953.33,3999.01,3947.18,11.7085489,173.8146543448
801030,2007-09-21,3976.95,4003.66,4011.68,3889.52,13.16922599,193.7264938575
801030,2007-09-24,4047.02,3992.49,4071.25,3992.44,13.33018921,201.0829378322
801030,2007-09-25,3981.97,4046.97,4053.41,3953.35,10.07816929,152.1920446742
801030,2007-09-26,3929.31,3969.02,4011.39,3908.97,8.00285377,121.0937573577
801030,2007-09-27,3985.48,3924.2,3986.62,3895.67,7.08792846,111.80441800290001
801030,2007-09-28,4098.98,4012.63,4113.71,4003.15,10.45042706,169.9580226378
801030,2007-10-08,4080.84,4161.57,4170.46,4080.44,11.0011307,178.8689984093
801030,2007-10-09,4120.03,4067.37,4129.02,4036.73,10.64206911,167.0795554564
801030,2007-10-10,4111.39,4134.73,4166.06,4089.71,11.01887866,180.54177841470002
801030,2007-10-11,4140.17,4120.53,4167.74,4101.37,11.71629665,193.5123402499
801030,2007-10-12,4115.17,4156.48,4161.19,3910.45,15.68850801,267.5061981645
801030,2007-10-15,4218.92,4118.35,4228.69,4099.5,12.00905881,209.451445243
801030,2007-10-16,4234.52,4201.98,4252.38,4121.78,10.11647074,186.70678608810002
801030,2007-10-17,4325.63,4224.16,4348.99,4177.68,11.00416447,196.0124874715
801030,2007-10-18,4199.73,4316.17,4348.61,4198.08,11.00702768,191.2502205102
801030,2007-10-19,4198.55,4231.34,4271.77,4129.4,8.38059248,149.6547145751
801030,2007-10-22,4088.88,4129.37,4204.51,4087.38,8.23229929,137.9515390785
801030,2007-10-23,4105.56,4062.93,4109.58,3971.39,8.70551561,142.3922260654
801030,2007-10-24,4186.78,4120.28,4234.37,4113.14,8.77501792,160.5152257527
801030,2007-10-25,3901.53,4141.53,4152.35,3891.82,10.86952549,173.3561964845
801030,2007-10-26,3920.03,3826.63,3968.43,3761.41,7.3906216,111.8692929652
801030,2007-10-29,3938.29,3931.14,3963.78,3878.15,5.8951544,90.0401978285
801030,2007-10-30,4077.55,3951.65,4078.5,3919.45,6.68043509,111.2930495245
801030,2007-10-31,4124.68,4135.41,4155.22,4087.51,8.83416353,150.9102113193
801030,2007-11-01,4159.69,4205.35,4242.8,4153.53,9.12470332,171.4229981094
801030,2007-11-02,4152.86,4092.35,4182.64,4056.12,8.95519379,163.74845235
801030,2007-11-05,4016.07,4162.7,4164.23,4000.2,7.80395209,146.3426626462
801030,2007-11-06,3899.81,3955.88,3979.68,3874.55,6.17502558,101.8613030507
801030,2007-11-07,3925.26,3901.29,3963.14,3855.98,5.60177824,89.04531593120001
801030,2007-11-08,3722.36,3905.33,3908.54,3722.36,5.98549218,92.06135944399999
801030,2007-11-09,3754.59,3670.32,3797.13,3604.36,5.81905004,92.16873882870001
801030,2007-11-12,3647.09,3642.36,3699.42,3553.67,5.21111534,77.9673735576
801030,2007-11-13,3681.51,3675.59,3765.05,3629.03,5.51781009,86.2170711333
801030,2007-11-14,3808.18,3734.47,3810.22,3671.66,6.44518179,97.185491879
801030,2007-11-15,3763.25,3788.44,3809.7,3758.55,5.88955508,73.12758195159999
801030,2007-11-16,3750.35,3691.72,3757.38,3670.96,5.54777314,79.2023666584
801030,2007-11-19,3760.68,3763.85,3775.06,3723.75,5.68650275,76.6999025634
801030,2007-11-20,3806.23,3740.58,3820.43,3708.27,5.63541237,80.5894632545
801030,2007-11-21,3753.27,3816.15,3845.68,3746.44,5.15847219,71.9504468041
801030,2007-11-22,3618.82,3687.11,3745.51,3612.13,5.2765632,71.2716546127
801030,2007-11-23,3671.64,3592.48,3671.64,3563.38,3.83938462,52.0002105947
801030,2007-11-26,3617.15,3712.18,3712.18,3592.51,4.57641156,63.808199756
801030,2007-11-27,3538.7,3580.21,3625.31,3536.99,4.27078509,61.5067858843
801030,2007-11-28,3479.76,3539.37,3569.41,3465.68,4.16350717,57.5668773546
801030,2007-11-29,3629.95,3524.63,3630.18,3489.14,6.00678969,85.2672099591
801030,2007-11-30,3539.34,3617.28,3618.99,3531.24,5.26256863,71.5469946832
801030,2007-12-03,3547.16,3531.06,3566.5,3498.0,3.75746054,50.984145954
801030,2007-12-04,3605.29,3561.97,3635.82,3553.26,4.39695984,61.2154142204
801030,2007-12-05,3684.46,3603.97,3690.94,3587.26,4.94551727,70.04467871
801030,2007-12-06,3698.97,3694.65,3704.11,3658.18,4.25665245,58.763349254
801030,2007-12-07,3772.14,3702.35,3775.66,3701.4,5.40213501,76.6504357517
801030,2007-12-10,3876.99,3719.69,3882.36,3707.35,8.22948257,116.2443624556
801030,2007-12-11,3917.36,3888.2,3937.56,3867.21,7.03822823,104.1902425733
801030,2007-12-12,3936.79,3900.11,3965.71,3871.17,6.25283427,93.36691367200001
801030,2007-12-13,3806.47,3915.33,3934.44,3803.22,6.13506396,95.8193482499
801030,2007-12-14,3861.56,3753.46,3862.75,3735.85,5.07851472,71.9780676852
801030,2007-12-17,3851.04,3857.69,3877.1,3825.06,6.53881813,89.99388313799999
801030,2007-12-18,3787.85,3835.13,3860.73,3781.91,4.2914694,60.6724313396
801030,2007-12-19,3883.19,3806.34,3889.56,3805.9,6.07209973,87.5125715656
801030,2007-12-20,3992.78,3887.78,4002.46,3879.62,7.12323156,108.4602480116
801030,2007-12-21,4039.71,3982.1,4046.01,3981.92,7.54238383,115.8971089783
801030,2007-12-24,4138.03,4059.34,4177.72,4058.23,10.7353354,175.0543445261
801030,2007-12-25,4167.97,4142.11,4183.58,4115.21,8.93734576,141.1516846474
801030,2007-12-26,4239.8,4185.16,4244.11,4171.37,8.66467051,144.0457179043
801030,2007-12-27,4289.3,4255.95,4301.22,4234.28,10.31995146,174.75705103
801030,2007-12-28,4245.73,4296.56,4310.97,4239.88,8.6428522,143.834924566
801030,2008-01-02,4350.06,4261.98,4356.5,4221.47,10.18901163,167.4972064009
801030,2008-01-03,4453.74,4357.29,4456.53,4336.32,12.9019545,222.25720185400002
801030,2008-01-04,4468.31,4452.93,4479.74,4413.28,10.66374092,180.03750227669997
801030,2008-01-07,4548.28,4457.52,4565.81,4436.76,12.16255376,214.12335293400002
801030,2008-01-08,4530.95,4578.09,4617.57,4490.03,14.52817247,249.63594237619998
801030,2008-01-09,4659.6,4507.03,4659.6,4496.09,11.42603069,196.77312190830003
801030,2008-01-10,4613.36,4663.62,4680.71,4593.01,12.86346634,234.47765706619998
801030,2008-01-11,4573.49,4615.67,4624.7,4512.67,11.07521751,203.6663356424
801030,2008-01-14,4609.22,4573.57,4622.96,4532.33,9.96338635,184.43930442310003
801030,2008-01-15,4607.82,4614.8,4622.47,4565.78,10.82193222,198.6514075355
801030,2008-01-16,4610.84,4619.63,4635.74,4573.51,10.16797802,171.2954663946
801030,2008-01-17,4424.27,4535.11,4601.02,4301.15,13.88999419,246.6235681127
801030,2008-01-18,4398.01,4408.49,4422.19,4317.75,9.02125147,155.2160826329
801030,2008-01-21,4239.0,4415.73,4423.07,4217.3,10.59285734,170.6480491342
801030,2008-01-22,3930.07,4128.67,4154.91,3893.72,11.7144836,199.65086006619998
801030,2008-01-23,4133.8,3940.7,4133.8,3926.23,11.32492408,183.0903023675
801030,2008-01-24,4267.89,4185.93,4313.5,4145.37,13.33412049,228.40302941439998
801030,2008-01-25,4270.72,4279.86,4314.75,4243.39,12.02968934,192.2222333666
801030,2008-01-28,3976.57,4249.46,4256.86,3953.66,11.78674536,173.0721282967
801030,2008-01-29,4012.81,3984.27,4070.21,3935.53,6.99191308,106.7871894913
801030,2008-01-30,3998.34,4055.44,4108.71,3902.33,7.53259534,118.5354360718
801030,2008-01-31,3852.19,3992.98,4010.08,3845.66,7.0380361,110.65823873219999
801030,2008-02-01,3719.36,3842.7,3863.17,3601.36,7.99786648,120.6257378815
801030,2008-02-04,4040.82,3816.22,4040.82,3806.51,8.0625398,129.011706783
801030,2008-02-05,4051.77,4033.57,4096.22,3973.45,6.84382958,112.21337848190001
801030,2008-02-13,4010.22,3997.69,4067.42,3955.9,4.49480336,70.4147854441
801030,2008-02-14,4102.31,4041.94,4119.6,4027.53,4.76800494,76.2747778618
801030,2008-02-15,4106.18,4072.83,4106.18,4035.24,5.37957278,90.2593406686
801030,2008-02-18,4220.01,4186.38,4244.52,4119.77,7.95866411,136.5649716894
801030,2008-02-19,4262.69,4225.78,4274.46,4200.57,8.12034913,139.3519160575
801030,2008-02-20,4268.26,4274.2,4297.39,4235.75,8.82046699,146.2587972616
801030,2008-02-21,4292.07,4203.36,4311.4,4157.24,10.13351234,164.5181376109
801030,2008-02-22,4153.19,4271.14,4271.14,4117.41,9.80013417,162.3865001246
801030,2008-02-25,4026.88,4163.9,4190.18,4021.05,8.24047233,129.59592244979999
801030,2008-02-26,3996.14,4127.6,4151.47,3884.05,8.48096937,142.6180394992
801030,2008-02-27,4093.86,4009.97,4100.82,3983.28,6.44567496,105.72478492440001
801030,2008-02-28,4087.0,4100.11,4132.15,4046.0,6.08553365,99.59130564549999
801030,2008-02-29,4133.01,4084.44,4141.99,4071.17,6.3930597,103.1025532435
801030,2008-03-03,4259.15,4122.4,4260.02,4084.48,9.51411877,151.8453790673
801030,2008-03-04,4221.27,4271.23,4298.57,4209.43,11.7176279,185.1321109064
801030,2008-03-05,4171.34,4202.86,4233.77,4080.22,9.26724687,149.7400514585
801030,2008-03-06,4186.26,4181.02,4234.53,4162.81,10.4873927,158.58209824940002
801030,2008-03-07,4096.76,4155.45,4162.65,4075.31,7.60202384,119.64367432610001
801030,2008-03-10,3933.28,4063.57,4071.41,3917.66,6.48493316,102.90952310770001
801030,2008-03-11,3957.74,3906.55,3957.74,3835.88,4.89252612,81.4186510012
801030,2008-03-12,3855.5,4028.28,4038.54,3855.42,5.75489392,96.0434700768
801030,2008-03-13,3705.22,3800.35,3809.9,3627.18,7.31329357,113.678558289
801030,2008-03-14,3663.62,3678.18,3708.16,3606.18,4.32933588,66.38896530550001
801030,2008-03-17,3440.76,3641.22,3643.65,3434.87,5.46565099,79.9438205391
801030,2008-03-18,3273.2,3411.9,3466.14,3219.49,6.97450845,94.8550754069
801030,2008-03-19,3414.04,3337.29,3448.45,3274.36,7.06237533,97.9864013267
801030,2008-03-20,3529.18,3371.65,3569.67,3234.86,7.55834073,104.67503888639999
801030,2008-03-21,3529.98,3517.43,3580.41,3487.26,6.00977249,88.06674588
801030,2008-03-24,3433.61,3557.53,3575.8,3432.79,5.8260205,84.7436759138
801030,2008-03-25,3438.81,3382.55,3501.53,3338.06,6.0131797,83.1052956889
801030,2008-03-26,3431.8,3464.7,3496.32,3404.69,5.27072793,73.2874649345
801030,2008-03-27,3254.05,3386.44,3396.37,3250.15,5.96087941,80.7631736167
801030,2008-03-28,3332.93,3208.29,3338.13,3152.15,6.19926824,78.2822559519
801030,2008-03-31,3245.09,3241.56,3309.45,3224.21,5.30589613,69.4534447725
801030,2008-04-01,3027.1,3223.05,3260.34,3017.35,6.25406715,77.0772614692
801030,2008-04-02,2924.8,3033.25,3077.76,2887.68,6.73086311,80.2318070251
801030,2008-04-03,2997.59,2897.05,3020.05,2842.45,5.63929349,68.2717066494
801030,2008-04-07,3176.19,2963.29,3176.93,2939.51,6.41990819,82.4049694417
801030,2008-04-08,3203.46,3177.54,3252.49,3156.13,7.14867515,91.6546284449
801030,2008-04-09,3046.59,3184.64,3222.78,3046.59,6.96647252,87.64247496610001
801030,2008-04-10,3085.53,2990.78,3085.53,2940.62,6.78113903,87.80004821360001
801030,2008-04-11,3123.4,3101.49,3147.84,3086.52,6.38585413,83.3224096868
801030,2008-04-14,2950.21,3057.44,3065.29,2941.37,6.63918865,80.2086686844
801030,2008-04-15,3015.21,2934.28,3015.44,2895.72,5.43829667,69.12580873270001
801030,2008-04-16,2980.34,3019.58,3040.23,2966.15,4.89418121,62.6155925708
801030,2008-04-17,2910.42,2993.61,3045.51,2869.47,5.64970642,69.0156605975
801030,2008-04-18,2750.84,2872.0,2890.25,2748.3,5.72783609,63.1117349045
801030,2008-04-21,2685.05,2928.11,2929.67,2657.42,7.59619749,89.0115998659
801030,2008-04-22,2670.95,2631.72,2685.27,2534.7,6.41212208,71.39248134649999
801030,2008-04-23,2794.57,2624.79,2811.43,2622.9,7.64119099,80.8869074756
801030,2008-04-24,3037.04,3000.78,3041.13,2940.28,14.81492292,187.1470535076
801030,2008-04-25,3034.72,3039.09,3118.28,3004.91,13.05570262,163.8187370101
801030,2008-04-28,2983.13,2978.5,3016.5,2953.84,8.48337028,101.34842259700001
801030,2008-04-29,2997.09,2961.84,3025.29,2959.34,6.70997434,82.7471398004
801030,2008-04-30,3144.87,3005.58,3149.53,2997.61,11.27287679,142.54053499559998
801030,2008-05-05,3265.62,3185.39,3268.74,3163.17,11.65994302,155.268476199
801030,2008-05-06,3255.34,3240.97,3298.12,3205.61,10.57862012,137.9007910926
801030,2008-05-07,3111.19,3230.39,3275.32,3110.07,9.80931074,126.2829377374
801030,2008-05-08,3186.37,3077.45,3186.38,3057.34,7.41809561,90.2953343218
801030,2008-05-09,3188.57,3206.36,3237.95,3118.52,10.19705922,135.5197499656
801030,2008-05-12,3243.37,3133.32,3277.72,3115.04,10.40448597,138.8563337938
801030,2008-05-13,3243.95,3141.47,3267.58,3137.42,13.43932651,171.0383492501
801030,2008-05-14,3314.38,3220.64,3320.21,3214.82,11.16874358,146.7730974577
801030,2008-05-15,3317.3,3307.66,3381.53,3302.68,9.91312969,130.9153758934
801030,2008-05-16,3264.1,3310.21,3332.99,3223.14,8.46043148,117.6631830102
801030,2008-05-19,3255.36,3254.81,3274.55,3212.73,6.49541634,86.24432674290001
801030,2008-05-20,3081.83,3247.37,3274.92,3070.53,8.70202541,108.0964873698
801030,2008-05-21,3209.41,3036.64,3221.78,2979.21,11.66021319,133.0451942109
801030,2008-05-22,3187.1,3165.01,3263.96,3144.03,12.81696679,147.8816920879
801030,2008-05-23,3154.86,3172.53,3212.06,3116.25,10.09953214,116.8845968723
801030,2008-05-26,3087.17,3106.7,3132.35,3083.36,7.41987934,84.2764338203
801030,2008-05-27,3068.96,3060.33,3084.81,3021.69,6.41548354,77.3062344679
801030,2008-05-28,3155.47,3074.75,3170.59,3049.26,7.2886285,92.4259182047
801030,2008-05-29,3134.66,3141.26,3215.34,3132.55,9.46376399,119.69916992879999
801030,2008-05-30,3155.91,3139.63,3179.97,3111.65,7.63598024,94.0459235461
801030,2008-06-02,3172.1,3145.24,3233.23,3082.45,7.02888083,85.1223554722
801030,2008-06-03,3150.46,3176.16,3233.36,3084.01,6.97534184,83.54630465390001
801030,2008-06-04,3106.99,3142.09,3190.48,3038.44,6.66532587,79.2284089174
801030,2008-06-05,3093.58,3086.1,3114.03,3058.7,6.3350645,73.89541041220001
801030,2008-06-06,3064.95,3098.01,3111.32,3052.55,5.57838908,64.0778287735
801030,2008-06-10,2849.79,2941.16,2994.45,2820.1,6.82064446,76.9578491916
801030,2008-06-11,2783.92,2793.52,2820.25,2745.81,6.35454453,66.1995253419
801030,2008-06-12,2740.95,2762.25,2793.61,2684.45,6.06390809,63.5866880841
801030,2008-06-13,2646.7,2741.39,2760.07,2643.49,5.7790648,58.141031836
801030,2008-06-16,2637.82,2657.47,2676.93,2571.34,5.82167939,59.048908076000004
801030,2008-06-17,2535.8,2631.97,2649.03,2516.13,6.42685736,63.6248236289
801030,2008-06-18,2707.32,2521.97,2707.32,2475.2,9.12946217,93.9741991808
801030,2008-06-19,2555.87,2689.6,2705.81,2537.66,8.47200925,89.4060875583
801030,2008-06-20,2643.12,2605.23,2728.2,2492.32,12.11970508,134.2904818323
801030,2008-06-23,2543.53,2578.14,2617.2,2525.09,6.30538065,64.8795800044
801030,2008-06-24,2562.41,2508.05,2580.55,2478.94,6.64012457,67.0190276702
801030,2008-06-25,2664.83,2541.2,2666.85,2541.2,8.4095939,85.4969790082
801030,2008-06-26,2671.22,2649.66,2695.98,2616.41,8.78947186,89.26993496989999
801030,2008-06-27,2496.06,2576.23,2600.72,2473.83,9.31068005,94.51702616680001
801030,2008-06-30,2501.23,2467.02,2518.33,2446.91,5.30730377,56.063856926999996
801030,2008-07-01,2469.05,2503.06,2515.68,2456.83,6.04314152,59.7773409072
801030,2008-07-02,2486.23,2467.92,2519.83,2455.09,5.97750528,61.3981320043
801030,2008-07-03,2558.57,2442.81,2597.47,2414.57,10.11210396,103.2180395311
801030,2008-07-04,2526.19,2538.06,2576.47,2509.58,7.20603754,73.1213653762
801030,2008-07-07,2631.07,2525.33,2631.98,2525.33,9.3684132,95.0486898306
801030,2008-07-08,2658.64,2637.32,2667.48,2595.74,9.76368651,102.1131551933
801030,2008-07-09,2747.28,2680.88,2747.28,2678.91,12.61415066,130.6855569039
801030,2008-07-10,2696.63,2705.95,2778.95,2696.63,12.98775279,130.2410052435
801030,2008-07-11,2685.74,2679.57,2705.0,2643.52,8.73051125,86.09017610549999
801030,2008-07-14,2717.65,2666.2,2718.81,2658.58,7.23425336,76.1221445921
801030,2008-07-15,2655.54,2723.85,2747.64,2645.81,9.81056665,100.536567651
801030,2008-07-16,2577.88,2636.76,2646.36,2527.32,8.63380431,85.1284185763
801030,2008-07-17,2558.89,2621.44,2645.7,2550.11,7.60556459,74.15188559949999
801030,2008-07-18,2652.93,2578.28,2657.43,2528.19,8.39148789,81.4532300973
801030,2008-07-21,2734.41,2637.74,2744.19,2622.72,9.52954237,95.3817534517
801030,2008-07-22,2742.49,2725.18,2764.86,2714.06,10.48033922,105.333690815
801030,2008-07-23,2709.94,2766.94,2781.16,2707.51,9.56385139,96.3202753818
801030,2008-07-24,2762.99,2738.0,2765.83,2719.64,9.1869677,96.1835450235
801030,2008-07-25,2741.46,2737.19,2757.1,2722.19,7.20940586,76.46250956189999
801030,2008-07-28,2776.04,2751.37,2789.53,2750.15,7.46741115,80.2243869839
801030,2008-07-29,2742.01,2745.91,2758.0,2715.29,7.780046,80.6091168458
801030,2008-07-30,2737.49,2774.69,2785.4,2723.37,6.67610578,69.7595601382
801030,2008-07-31,2635.44,2735.7,2739.84,2635.44,5.85846638,58.858301088100006
801030,2008-08-01,2662.91,2627.88,2677.04,2603.81,5.44268047,55.8548952258
801030,2008-08-04,2596.32,2647.26,2651.27,2594.05,3.96950677,40.0442478953
801030,2008-08-05,2550.9,2604.12,2615.62,2544.15,4.75114011,48.999052910100005
801030,2008-08-06,2553.65,2574.47,2582.21,2525.49,4.94923521,55.196192234099996
801030,2008-08-07,2559.84,2547.1,2565.76,2527.63,4.70697437,51.6540549727
801030,2008-08-08,2430.31,2551.01,2569.39,2423.78,5.94970731,60.868017330600004
801030,2008-08-11,2283.3,2422.92,2435.33,2265.65,5.70671367,53.203420396800006
801030,2008-08-12,2256.93,2256.64,2288.87,2238.69,4.57492305,40.9155650507
801030,2008-08-13,2261.41,2247.29,2276.03,2189.47,4.63612658,40.1650011586
801030,2008-08-14,2266.05,2242.01,2282.88,2234.05,3.52677919,31.392472811599998
801030,2008-08-15,2262.05,2258.97,2291.93,2245.53,3.48274705,30.405325081999997
801030,2008-08-18,2118.22,2266.41,2270.47,2117.51,4.34120534,35.5699420824
801030,2008-08-19,2120.57,2097.04,2138.23,2075.09,3.57650677,29.4047249213
801030,2008-08-20,2269.27,2111.91,2270.04,2088.93,7.27282986,63.4426964558
801030,2008-08-21,2173.1,2238.06,2274.01,2173.1,6.60003079,54.4414715132
801030,2008-08-22,2129.49,2151.71,2160.73,2090.45,4.72018582,37.9365706558
801030,2008-08-25,2141.63,2134.45,2163.03,2111.01,3.9882749,29.5743633728
801030,2008-08-26,2057.23,2116.52,2121.11,2033.91,4.85931233,35.6803663501
801030,2008-08-27,2055.34,2054.95,2091.11,2020.02,4.43826992,33.409570544699996
801030,2008-08-28,2056.22,2051.73,2068.29,2033.41,3.56893278,25.9289381147
801030,2008-08-29,2101.33,2064.31,2118.09,2055.83,5.20686614,38.843789706100004
801030,2008-09-01,2029.59,2081.05,2093.94,2008.02,4.30057963,32.3102573126
801030,2008-09-02,2028.84,2020.37,2047.41,1995.19,4.36428093,32.107068812600005
801030,2008-09-03,2027.47,2027.62,2049.17,1996.39,5.57002097,39.7579078703
801030,2008-09-04,2033.14,2011.73,2050.45,2009.48,4.52471921,30.387008196300002
801030,2008-09-05,1967.89,1984.07,1998.9,1956.26,4.46113283,30.0171253371
801030,2008-09-08,1861.84,1966.04,1974.25,1858.45,4.89686702,32.5385743791
801030,2008-09-09,1858.01,1866.79,1878.68,1815.46,3.71592601,24.737570272800003
801030,2008-09-10,1864.47,1838.57,1888.81,1823.92,4.05771391,26.740322429000003
801030,2008-09-11,1823.06,1859.05,1868.63,1814.1,3.89723032,25.415906879
801030,2008-09-12,1841.03,1821.78,1856.24,1820.31,3.21445814,21.405556912999998
801030,2008-09-16,1826.13,1839.11,1847.98,1814.11,4.16430417,27.9403018541
801030,2008-09-17,1813.23,1822.43,1853.51,1804.6,4.37408969,27.969430117199998
801030,2008-09-18,1767.07,1774.48,1803.08,1700.06,6.06121281,36.9374806592
801030,2008-09-19,1913.33,1905.41,1913.33,1878.91,7.05334879,49.5516342357
801030,2008-09-22,2013.57,2019.26,2067.06,1934.47,14.67103178,108.657109978
801030,2008-09-23,1912.03,1955.98,1971.02,1911.79,7.76105742,52.7115901313
801030,2008-09-24,1929.98,1869.37,1929.98,1849.39,6.10641324,42.0186747414
801030,2008-09-25,1981.29,1926.06,2008.43,1919.31,10.90449769,78.07258214859999
801030,2008-09-26,1976.65,1987.45,1994.72,1939.12,7.73241907,56.715948382200004
801030,2008-10-06,1885.99,1949.88,1951.28,1885.55,6.0546189,42.7807490186
801030,2008-10-07,1881.36,1830.97,1896.64,1814.15,5.97679425,40.784487778
801030,2008-10-08,1853.1,1845.21,1874.21,1836.07,5.34242714,36.6286431209
801030,2008-10-09,1840.3,1877.85,1883.87,1838.38,5.27598704,36.2826150556
801030,2008-10-10,1747.67,1784.25,1785.01,1739.74,6.06196984,38.1048189931
801030,2008-10-13,1769.45,1728.1,1769.45,1668.99,5.96676012,36.7902783994
801030,2008-10-14,1723.43,1813.32,1819.59,1723.43,7.16966519,45.853811228599994
801030,2008-10-15,1666.61,1711.58,1722.16,1653.6,5.75070986,37.440505325
801030,2008-10-16,1567.33,1603.67,1610.8,1565.9,6.30863508,35.513412533200004
801030,2008-10-17,1586.4,1578.7,1591.28,1556.09,5.1031874,28.255628726599998
801030,2008-10-20,1630.03,1583.86,1631.88,1580.61,5.46950344,30.1151104741
801030,2008-10-21,1625.17,1634.8,1657.11,1622.5,7.08747746,41.6231588528
801030,2008-10-22,1593.54,1611.27,1628.29,1591.24,6.41245633,36.194273251
801030,2008-10-23,1588.46,1563.22,1588.83,1551.14,5.1365032,29.259841131599998
801030,2008-10-24,1568.58,1586.16,1598.3,1557.97,5.25048928,29.5661679819
801030,2008-10-27,1457.42,1538.28,1541.28,1456.42,5.88093018,31.4034754013
801030,2008-10-28,1490.57,1423.46,1500.97,1422.61,6.90139135,35.800930549499995
801030,2008-10-29,1427.22,1506.41,1506.41,1427.22,6.16495443,32.8434689558
801030,2008-10-30,1450.76,1440.63,1466.63,1418.02,6.35130609,33.6217473886
801030,2008-10-31,1415.94,1446.52,1451.5,1411.24,5.25636807,26.2315433171
801030,2008-11-03,1401.62,1409.22,1429.72,1396.52,4.31668073,22.147829931700002
801030,2008-11-04,1397.26,1392.75,1401.59,1371.03,4.59519512,22.4638371405
801030,2008-11-05,1438.78,1403.21,1445.81,1402.04,6.44484587,31.910745958499998
801030,2008-11-06,1407.13,1408.93,1417.05,1399.51,4.79155395,22.4877615044
801030,2008-11-07,1428.46,1386.17,1438.46,1381.6,5.16055103,25.1826009882
801030,2008-11-10,1516.26,1442.55,1516.71,1440.54,9.48841342,48.8295048601
801030,2008-11-11,1484.58,1509.31,1516.42,1481.28,9.91329563,51.8246580417
801030,2008-11-12,1499.54,1460.3,1499.54,1460.3,7.36542069,38.6169133248
801030,2008-11-13,1559.79,1477.73,1578.58,1475.57,14.7063763,79.99060307970001
801030,2008-11-14,1606.71,1566.23,1611.39,1550.99,16.69770688,93.29480673190001
801030,2008-11-17,1664.42,1596.65,1664.42,1585.35,16.09539944,92.3679947561
801030,2008-11-18,1549.48,1646.32,1685.25,1540.23,16.98425183,100.96719643739999
801030,2008-11-19,1658.27,1536.63,1661.1,1536.63,15.13470833,92.3055362466
801030,2008-11-20,1662.69,1639.39,1698.3,1631.36,16.97757419,117.21847191370001
801030,2008-11-21,1644.15,1622.02,1683.84,1581.53,14.20159458,88.6195321851
801030,2008-11-24,1579.83,1644.55,1660.73,1577.25,10.56304379,66.1775995766
801030,2008-11-25,1564.73,1601.38,1610.83,1528.77,8.17363755,53.2289316505
801030,2008-11-26,1577.4,1562.72,1589.93,1551.5,7.06806249,46.0120820524
801030,2008-11-27,1589.42,1668.12,1672.08,1588.54,12.90457196,81.7060220367
801030,2008-11-28,1573.95,1576.37,1598.82,1560.81,8.44864622,51.5607752847
801030,2008-12-01,1621.68,1566.69,1624.11,1544.83,11.27345199,68.65823367600001
801030,2008-12-02,1628.2,1592.79,1645.98,1587.18,15.40575635,94.22412027200001
801030,2008-12-03,1704.49,1639.5,1704.93,1637.52,18.92123052,122.0415864843
801030,2008-12-04,1733.38,1715.71,1768.77,1709.07,23.69656541,156.82807968379998
801030,2008-12-05,1759.18,1712.0,1759.18,1712.0,15.35079408,99.6275496585
801030,2008-12-08,1811.71,1785.84,1812.18,1768.36,20.11388387,136.4453361035
801030,2008-12-09,1755.19,1813.97,1815.31,1750.73,17.31857654,115.3612522614
801030,2008-12-10,1791.71,1741.8,1791.98,1725.17,17.25493062,112.93293930950001
801030,2008-12-11,1737.73,1781.33,1791.42,1737.38,15.15350316,99.8009919536
801030,2008-12-12,1659.97,1715.63,1726.5,1637.39,13.84854508,87.57826487530001
801030,2008-12-15,1675.79,1680.65,1689.36,1646.72,9.56353116,58.3768256743
801030,2008-12-16,1703.29,1665.99,1703.29,1636.31,9.1709275,57.684710240600005
801030,2008-12-17,1709.48,1711.46,1732.98,1703.52,11.92902055,82.7503569871
801030,2008-12-18,1733.38,1708.63,1734.21,1691.65,10.1111838,64.38725679939999
801030,2008-12-19,1753.56,1729.34,1770.93,1725.91,14.83153143,95.8752564879
801030,2008-12-22,1739.59,1747.88,1753.11,1717.63,14.55154242,91.66844670379999
801030,2008-12-23,1642.61,1741.35,1741.38,1640.14,15.26076904,95.0538555058
801030,2008-12-24,1605.82,1616.78,1625.79,1593.04,10.25516953,61.5224061933
801030,2008-12-25,1593.24,1607.83,1619.13,1572.21,7.98933194,50.1156557985
801030,2008-12-26,1575.66,1586.35,1597.22,1570.98,7.83397865,51.6243977479
801030,2008-12-29,1555.22,1550.76,1565.15,1513.17,6.69003581,39.7110769812
801030,2008-12-30,1530.4,1541.18,1556.85,1526.21,7.39157063,45.515515998199994
801030,2008-12-31,1499.48,1520.15,1536.23,1499.48,6.55766677,41.6655886494
801030,2009-01-05,1540.7,1508.19,1540.7,1502.71,7.35761845,46.9256537841
801030,2009-01-06,1581.96,1525.29,1582.9,1525.29,10.81010684,70.8724215891
801030,2009-01-07,1567.67,1571.49,1581.77,1558.26,10.18529074,67.5093977212
801030,2009-01-08,1534.5,1533.38,1548.04,1516.67,10.9889544,107.56028123120001
801030,2009-01-09,1567.61,1530.21,1569.67,1529.54,10.42679202,86.288654715
801030,2009-01-12,1585.88,1561.41,1604.38,1557.99,12.83395509,97.0258599344
801030,2009-01-13,1557.69,1568.54,1586.36,1553.3,10.63202003,78.9353916244
801030,2009-01-14,1613.31,1553.45,1613.31,1553.19,11.66052637,82.4934404304
801030,2009-01-15,1619.95,1598.9,1635.98,1594.19,15.07589986,106.3339363967
801030,2009-01-16,1639.92,1628.06,1666.23,1626.86,16.4371457,113.1268912651
801030,2009-01-19,1674.93,1650.97,1684.34,1649.74,14.31817618,106.23057486360001
801030,2009-01-20,1693.55,1673.62,1693.55,1657.06,11.33832727,80.6519289684
801030,2009-01-21,1696.14,1668.69,1722.35,1662.69,14.23313621,105.25476671790001
801030,2009-01-22,1727.5,1702.6,1734.44,1699.91,14.66343139,101.8357320203
801030,2009-01-23,1722.19,1724.21,1742.66,1719.45,14.80672366,101.8809750984
801030,2009-02-02,1761.72,1737.21,1762.11,1721.35,14.58068234,100.74021286719999
801030,2009-02-03,1806.74,1759.61,1806.74,1753.8,18.57384881,134.0184123105
801030,2009-02-04,1846.87,1814.43,1846.87,1811.05,20.59553028,149.5956120209
801030,2009-02-05,1818.4,1842.71,1864.74,1804.32,22.21164846,162.9997168742
801030,2009-02-06,1898.23,1823.64,1898.98,1823.64,22.86385076,168.6611753817
801030,2009-02-09,1947.11,1920.93,1953.46,1904.57,26.81179373,204.76877114330003
801030,2009-02-10,2027.43,1937.68,2027.43,1916.89,26.43123138,216.52518369330002
801030,2009-02-11,2002.45,1992.5,2055.12,1972.75,29.05847721,242.55771999529998
801030,2009-02-12,1980.5,2001.66,2010.27,1912.06,20.87595574,170.4533565555
801030,2009-02-13,2052.65,1982.09,2055.07,1981.12,24.42680534,195.7097365768
801030,2009-02-16,2108.5,2066.01,2108.5,2048.03,25.99613822,218.33603740220002
801030,2009-02-17,2033.43,2101.93,2112.18,2028.16,24.15860756,200.1569667019
801030,2009-02-18,1933.37,1983.2,2052.55,1929.86,20.38172837,169.3261835842
801030,2009-02-19,1957.25,1950.03,1971.42,1922.0,15.60585235,129.4867966574
801030,2009-02-20,2013.35,1978.8,2014.28,1962.89,17.67788477,153.1275792051
801030,2009-02-23,2068.45,2005.2,2074.34,1986.42,20.56736745,179.3573685269
801030,2009-02-24,1963.36,2040.68,2065.05,1958.96,24.23322297,213.8731676555
801030,2009-02-25,1967.61,1982.67,2040.73,1902.98,18.65983996,163.9653117257
801030,2009-02-26,1869.94,1963.24,1997.81,1843.26,19.35130416,172.6702543
801030,2009-02-27,1792.32,1846.23,1852.93,1772.72,15.84270145,126.2268885887
801030,2009-03-02,1814.35,1771.52,1820.5,1765.84,10.90350524,88.3866781554
801030,2009-03-03,1803.1,1767.9,1821.32,1759.47,11.93938494,96.760036239
801030,2009-03-04,1920.22,1810.88,1923.35,1807.29,17.522749,147.1728337929
801030,2009-03-05,1950.03,1944.98,1967.24,1859.92,21.45405647,181.20601432040002
801030,2009-03-06,1937.98,1913.32,1960.59,1913.32,14.87911235,119.8688966756
801030,2009-03-09,1864.48,1942.26,1960.52,1852.51,15.80380817,126.273213563
801030,2009-03-10,1899.87,1837.35,1899.87,1833.57,10.76462701,86.3906675742
801030,2009-03-11,1884.82,1930.62,1937.61,1871.79,12.13962959,101.1316009016
801030,2009-03-12,1884.84,1872.53,1887.99,1833.67,10.44192375,83.0108916495
801030,2009-03-13,1873.06,1893.51,1908.33,1872.06,10.6967147,86.5298934815
801030,2009-03-16,1886.83,1864.84,1888.63,1849.22,8.70346974,70.9310784337
801030,2009-03-17,1954.0,1888.61,1962.46,1887.81,15.12858015,127.37728912909999
801030,2009-03-18,1972.87,1962.22,2001.08,1958.34,17.83200802,150.4456547893
801030,2009-03-19,2018.52,1972.5,2018.52,1967.49,17.61854295,150.4750124883
801030,2009-03-20,2051.3,2022.19,2059.78,2008.21,19.67395052,180.0358998589
801030,2009-03-23,2079.03,2050.23,2089.63,2037.53,18.64576889,168.5659331353
801030,2009-03-24,2079.71,2100.96,2106.46,2065.5,18.21954799,163.8303601185
801030,2009-03-25,2035.44,2085.16,2102.32,2035.44,17.72952118,152.3855542463
801030,2009-03-26,2088.05,2034.28,2088.05,2003.36,16.0598823,138.66140129459998
801030,2009-03-27,2099.93,2093.91,2110.75,2084.55,17.58042722,146.428651296
801030,2009-03-30,2097.2,2101.59,2108.91,2085.61,16.39143272,139.9160803923
801030,2009-03-31,2109.14,2050.53,2110.36,2035.07,17.57445156,150.6850163379
801030,2009-04-01,2151.12,2116.03,2167.51,2115.63,23.18037109,207.4413838566
801030,2009-04-02,2156.05,2158.01,2178.58,2150.54,20.57927401,184.546435067
801030,2009-04-03,2144.35,2170.8,2182.14,2134.23,19.0709381,173.44969849310002
801030,2009-04-07,2158.01,2145.66,2161.56,2129.06,14.12193969,127.5734552258
801030,2009-04-08,2082.0,2151.54,2161.6,2082.0,17.82545087,154.3557401913
801030,2009-04-09,2109.34,2073.75,2109.34,2063.26,13.89953433,125.0449159962
801030,2009-04-10,2174.82,2119.05,2178.11,2118.17,19.84329716,181.6194151036
801030,2009-04-13,2230.79,2189.39,2233.94,2185.11,23.89362317,215.1778777493
801030,2009-04-14,2255.54,2227.64,2260.74,2214.5,21.69182494,196.1739000648
801030,2009-04-15,2292.03,2249.16,2292.9,2234.97,22.59795922,213.4640736338
801030,2009-04-16,2292.49,2294.39,2310.27,2252.76,23.083629,212.4284869625
801030,2009-04-17,2261.23,2291.17,2296.59,2238.98,21.09821675,190.2187374113
801030,2009-04-20,2333.44,2252.95,2335.54,2252.24,20.47975446,183.01750845529997
801030,2009-04-21,2340.78,2307.09,2354.88,2300.72,23.66990134,212.7827617288
801030,2009-04-22,2230.63,2346.63,2357.42,2219.72,26.02033482,228.0694489386
801030,2009-04-23,2240.85,2218.75,2301.04,2196.13,16.54534962,140.6898967015
801030,2009-04-24,2214.69,2251.01,2261.91,2214.49,16.33268125,143.03983819450002
801030,2009-04-27,2145.55,2204.37,2215.03,2134.88,15.13932971,129.7232980603
801030,2009-04-28,2137.23,2133.43,2144.2,2107.65,11.11352952,97.99485969969999
801030,2009-04-29,2191.77,2143.11,2199.08,2135.03,14.88566086,120.5122511559
801030,2009-04-30,2217.53,2201.21,2226.94,2199.37,16.10831352,133.8017165709
801030,2009-05-04,2291.5,2224.95,2291.5,2224.36,17.73426263,153.4427848286
801030,2009-05-05,2319.96,2305.12,2329.66,2291.33,19.1746153,167.6007952599
801030,2009-05-06,2340.62,2317.22,2343.58,2312.6,18.76924369,168.5483166677
801030,2009-05-07,2315.49,2354.2,2359.68,2284.65,21.83315716,212.0307972754
801030,2009-05-08,2334.17,2303.0,2339.04,2287.68,19.49917492,183.2954116148
801030,2009-05-11,2270.26,2342.97,2348.08,2270.26,20.24026129,182.0576971782
801030,2009-05-12,2310.21,2251.59,2310.21,2247.81,14.81633092,128.0998667949
801030,2009-05-13,2348.47,2315.06,2350.1,2296.37,17.42072888,160.8948084298
801030,2009-05-14,2332.01,2316.35,2340.78,2302.81,14.55992441,127.1389861273
801030,2009-05-15,2343.92,2334.01,2353.51,2323.38,13.96224563,120.704236389
801030,2009-05-18,2347.77,2338.24,2350.75,2296.46,15.75826896,138.6031678491
801030,2009-05-19,2370.44,2370.06,2381.56,2355.54,17.84803046,166.8235132506
801030,2009-05-20,2352.16,2374.46,2376.27,2351.85,18.88371999,168.8289590776
801030,2009-05-21,2305.37,2340.01,2357.36,2292.28,18.74447993,168.334061073
801030,2009-05-22,2305.53,2306.11,2318.8,2290.5,11.29133142,103.3222926877
801030,2009-05-25,2307.23,2254.49,2309.13,2226.04,14.20018755,128.2392248158
801030,2009-05-26,2301.97,2307.49,2324.52,2290.59,15.27714973,137.928844989
801030,2009-05-27,2316.85,2310.56,2323.82,2294.99,12.67636691,113.9721104888
801030,2009-06-01,2344.86,2341.28,2351.85,2325.8,16.55435475,157.12737635969998
801030,2009-06-02,2369.73,2354.37,2381.66,2348.7,20.1439813,205.50221034220002
801030,2009-06-03,2367.88,2371.04,2371.46,2348.7,17.96936611,177.57320927830003
801030,2009-06-04,2349.74,2362.11,2367.7,2315.29,17.54108417,168.6532354852
801030,2009-06-05,2339.52,2353.34,2361.14,2337.39,15.57859219,159.2591916977
801030,2009-06-08,2324.23,2336.63,2345.35,2309.98,13.82966599,131.6242643565
801030,2009-06-09,2326.28,2321.72,2327.43,2280.51,14.87124145,129.7427098105
801030,2009-06-10,2351.73,2329.97,2351.73,2326.05,15.16854254,135.7234752311
801030,2009-06-11,2346.08,2348.08,2376.48,2338.49,15.0735153,138.4962944318
801030,2009-06-12,2300.14,2340.66,2347.46,2283.73,15.29216181,134.0589162891
801030,2009-06-15,2325.35,2298.09,2325.35,2290.79,11.15979662,99.0310003875
801030,2009-06-16,2317.38,2310.03,2324.17,2302.14,11.99991352,111.7146019492
801030,2009-06-17,2339.96,2313.03,2340.22,2298.7,12.72647768,110.14424031629999
801030,2009-06-18,2365.17,2345.42,2365.17,2340.06,15.92835976,152.702918014
801030,2009-06-19,2362.72,2368.93,2369.28,2344.3,15.81209923,150.883960699
801030,2009-06-22,2360.24,2377.25,2380.44,2352.41,16.72167864,156.4432028304
801030,2009-06-23,2351.24,2334.19,2367.75,2328.68,14.74890831,137.5981852463
801030,2009-06-24,2389.21,2351.63,2389.21,2347.97,14.19706631,141.1035216345
801030,2009-06-25,2385.48,2396.42,2403.82,2373.93,14.7132708,143.8437948052
801030,2009-06-26,2379.29,2393.83,2396.85,2372.07,11.96483515,110.6371510349
801030,2009-06-29,2387.77,2378.63,2387.77,2366.61,14.14499266,128.7440214425
801030,2009-06-30,2371.96,2409.76,2415.63,2368.81,15.05998127,139.2952990535
801030,2009-07-01,2388.11,2367.62,2389.16,2367.62,15.060214,137.83735655540002
801030,2009-07-02,2430.5,2394.26,2430.5,2392.75,17.50322907,168.6458796487
801030,2009-07-03,2451.87,2415.88,2451.94,2409.72,17.28632845,162.2293410246
801030,2009-07-06,2486.07,2461.17,2492.68,2458.13,20.37468604,201.3579309245
801030,2009-07-07,2497.88,2478.28,2511.32,2466.56,18.58486437,182.30619075549998
801030,2009-07-08,2509.42,2479.25,2519.13,2468.36,17.73958092,168.9294649476
801030,2009-07-09,2560.32,2506.74,2563.08,2504.21,20.96187901,199.2295019675
801030,2009-07-10,2595.35,2562.45,2611.92,2560.07,25.47000352,246.3311311808
801030,2009-07-13,2604.86,2590.84,2638.35,2585.27,22.44705737,221.9930274074
801030,2009-07-14,2636.02,2604.48,2636.02,2604.18,19.71902271,193.51198891020002
801030,2009-07-15,2659.53,2640.42,2659.8,2628.78,23.23007019,233.34339109290002
801030,2009-07-16,2649.13,2667.13,2679.6,2644.95,24.07768881,246.8660189414
801030,2009-07-17,2642.44,2645.59,2654.48,2619.66,20.96747531,209.7785721706
801030,2009-07-20,2707.62,2651.31,2707.65,2647.93,24.34913,250.1371881373
801030,2009-07-21,2680.75,2712.52,2739.28,2675.0,24.88216336,261.9902139054
801030,2009-07-22,2826.96,2678.8,2827.0,2678.8,28.91570459,317.6693498163
801030,2009-07-23,2858.75,2842.23,2890.93,2837.59,26.13704691,284.1121642644
801030,2009-07-24,2867.08,2863.76,2905.04,2806.44,24.72444853,263.83017024080004
801030,2009-07-27,2914.03,2878.34,2914.03,2872.38,22.26915112,248.91742188380002
801030,2009-07-28,2931.86,2924.39,2932.08,2882.78,22.83951334,281.34807742099997
801030,2009-07-29,2788.4,2920.28,2949.8,2698.71,26.93105833,301.6259778663
801030,2009-07-30,2806.12,2799.7,2836.14,2718.71,20.35852124,217.79195501060002
801030,2009-07-31,2904.19,2823.24,2906.17,2817.13,21.65368535,240.3027538881
801030,2009-08-03,3048.71,2916.13,3050.79,2915.94,29.26739452,339.5047911378
801030,2009-08-04,3116.57,3068.1,3134.53,3063.39,33.03048769,388.27154908989996
801030,2009-08-05,3055.84,3103.94,3104.89,3015.3,24.41777332,283.062994083
801030,2009-08-06,2992.51,3032.25,3048.67,2942.6,20.23214497,231.5183911986
801030,2009-08-07,2899.21,2981.06,3011.02,2880.89,19.72910772,230.9476655457
801030,2009-08-10,2909.22,2926.7,2945.25,2858.66,16.09407329,185.41580938509998
801030,2009-08-11,2930.01,2919.22,2941.06,2892.36,12.37022402,146.2049270574
801030,2009-08-12,2796.36,2932.1,2932.33,2788.55,15.14236558,170.0369877427
801030,2009-08-13,2785.74,2791.45,2804.98,2735.04,12.98407438,144.2847636402
801030,2009-08-14,2694.65,2789.43,2789.84,2693.97,16.83740824,183.007045891
801030,2009-08-17,2532.5,2647.05,2667.77,2530.6,16.07716447,164.84203288700002
801030,2009-08-18,2595.31,2517.92,2595.31,2501.47,13.42225736,131.2423748669
801030,2009-08-19,2513.1,2599.01,2643.05,2484.41,15.97549433,162.51460837690001
801030,2009-08-20,2614.8,2518.17,2622.36,2513.54,15.89873823,160.3793279306
801030,2009-08-21,2676.34,2603.26,2678.2,2591.34,18.03798857,187.57842190830002
801030,2009-08-24,2729.52,2705.42,2744.61,2679.14,18.34747126,201.4963420117
801030,2009-08-25,2696.16,2719.3,2720.79,2600.83,19.05381163,209.9949158996
801030,2009-08-26,2755.3,2667.87,2782.47,2653.85,17.65526137,194.1682756325
801030,2009-08-27,2743.86,2739.24,2770.31,2696.32,18.31946479,194.23690637220002
801030,2009-08-28,2657.03,2734.46,2739.24,2642.78,14.47269933,152.0648583783
801030,2009-08-31,2449.21,2609.16,2610.99,2446.29,15.32716502,153.5580067597
801030,2009-09-01,2432.09,2418.83,2471.55,2387.74,11.85668241,113.455986168
801030,2009-09-02,2441.14,2434.63,2455.61,2391.96,10.64852889,101.37749725309999
801030,2009-09-03,2560.18,2441.08,2568.15,2435.11,15.13272779,150.84268130659999
801030,2009-09-04,2580.23,2553.55,2593.57,2537.7,15.11261249,149.7582564177
801030,2009-09-07,2603.02,2586.51,2632.8,2583.11,15.12618289,156.7076926501
801030,2009-09-08,2643.07,2589.14,2643.07,2567.6,15.1277071,156.62342492850001
801030,2009-09-09,2669.12,2650.62,2672.45,2623.27,15.1853891,164.546552432
801030,2009-09-10,2648.92,2658.04,2676.48,2629.33,14.3053395,152.9535590685
801030,2009-09-11,2693.93,2638.8,2699.59,2636.09,14.78404361,156.5016379918
801030,2009-09-14,2751.05,2684.91,2756.48,2683.05,20.03153706,213.51283753169997
801030,2009-09-15,2775.84,2750.55,2791.61,2734.5,20.1063405,214.00085674669998
801030,2009-09-16,2759.41,2770.45,2778.06,2723.49,19.52879248,210.23888285080002
801030,2009-09-17,2815.81,2764.18,2818.34,2764.18,20.11309764,223.97565767220001
801030,2009-09-18,2726.91,2823.0,2829.0,2704.1,20.94934466,228.8849174231
801030,2009-09-21,2734.53,2704.92,2738.93,2624.34,15.27892986,160.5076967538
801030,2009-09-22,2662.63,2728.69,2754.29,2662.63,15.08841147,165.7342058471
801030,2009-09-23,2591.2,2656.92,2681.16,2580.87,13.24230407,148.22504215840002
801030,2009-09-24,2580.42,2578.08,2609.05,2517.91,12.50572799,131.7276773284
801030,2009-09-25,2562.89,2575.88,2590.62,2541.92,10.05687515,103.0030273344
801030,2009-09-28,2490.71,2567.7,2585.71,2482.61,9.64519615,97.676498506
801030,2009-09-29,2452.89,2484.73,2497.61,2414.0,9.20994847,88.98644971790002
801030,2009-09-30,2468.59,2467.32,2501.73,2463.97,7.64186295,76.2318029387
801030,2009-10-09,2594.46,2510.17,2594.46,2505.74,9.81953542,102.64030048389999
801030,2009-10-12,2588.95,2596.49,2619.02,2578.49,10.37428926,113.07367204879999
801030,2009-10-13,2621.99,2585.11,2621.99,2579.53,9.3233871,97.8586344468
801030,2009-10-14,2664.47,2629.96,2687.31,2628.49,14.50723808,156.6490993016
801030,2009-10-15,2682.38,2661.89,2687.24,2661.38,13.44634075,147.0228533159
801030,2009-10-16,2662.56,2696.31,2710.61,2605.22,13.2916861,145.4134592291
801030,2009-10-19,2704.0,2656.24,2704.31,2628.96,16.36152198,179.96289283349998
801030,2009-10-20,2749.5,2734.66,2750.54,2705.59,18.85465471,209.6962275079
801030,2009-10-21,2727.08,2740.36,2752.8,2718.53,17.80065799,192.05638402169998
801030,2009-10-22,2708.46,2727.09,2736.05,2697.19,16.69294357,174.9401152011
801030,2009-10-23,2757.72,2711.97,2761.4,2711.47,19.40542532,208.2502151912
801030,2009-10-26,2742.24,2757.66,2757.66,2717.1,16.3884535,173.6635712916
801030,2009-10-27,2650.26,2731.53,2732.2,2650.14,16.06008243,174.2608499791
801030,2009-10-28,2671.07,2647.56,2672.07,2616.07,12.37610436,133.0362631842
801030,2009-10-29,2613.76,2615.22,2637.66,2606.54,12.12374787,127.1162720241
801030,2009-10-30,2648.08,2656.93,2667.14,2627.01,14.46654951,157.437499822
801030,2009-11-02,2697.53,2589.26,2697.53,2580.55,18.10990549,192.01156200650001
801030,2009-11-03,2763.04,2699.48,2764.11,2692.83,23.58242714,250.77377304529998
801030,2009-11-04,2782.96,2763.66,2795.77,2759.37,22.94833922,250.0256995297
801030,2009-11-05,2817.59,2786.43,2817.59,2772.25,20.54107153,213.4350708941
801030,2009-11-06,2812.15,2821.99,2821.99,2812.15,22.32638863,240.20180115099998
801030,2009-11-09,2823.71,2799.88,2826.38,2789.94,18.47003289,198.6607073888
801030,2009-11-10,2812.97,2860.34,2868.24,2810.58,18.75579969,208.84535058970002
801030,2009-11-11,2798.16,2808.82,2812.26,2774.05,17.45290629,186.4024657327
801030,2009-11-12,2800.79,2798.73,2822.33,2794.35,18.21218474,201.1107579523
801030,2009-11-13,2803.38,2789.62,2804.57,2745.82,17.60541481,201.1977316916
801030,2009-11-16,2871.17,2811.81,2871.57,2811.49,24.7718233,285.6846117975
801030,2009-11-17,2895.65,2881.61,2906.67,2875.31,22.55214661,256.47713531799997
801030,2009-11-18,2952.39,2901.6,2966.16,2892.41,21.9364634,250.08857137169997
801030,2009-11-19,2981.86,2966.2,2992.76,2943.86,24.09906905,277.0487639727
801030,2009-11-20,2959.04,2966.04,2983.27,2928.81,22.69889173,267.3678065679
801030,2009-11-23,3000.71,2961.55,3001.81,2961.08,23.17895795,274.4773930028
801030,2009-11-24,2865.76,3007.53,3027.88,2859.12,31.87394625,376.06665168089995
801030,2009-11-25,2934.38,2859.45,2934.38,2854.34,25.85988734,300.4859102798
801030,2009-11-26,2823.3,2942.68,2948.48,2818.12,30.44447917,355.6409939145
801030,2009-11-27,2804.4,2796.56,2848.61,2768.76,19.12331228,219.57847899639998
801030,2009-11-30,2894.93,2812.44,2897.16,2811.77,19.55982236,232.2155910002
801030,2009-12-01,2931.01,2879.63,2933.31,2878.25,21.57289126,262.0947612161
801030,2009-12-02,2951.26,2943.14,2961.17,2932.42,22.72146543,271.3249375785
801030,2009-12-03,2951.06,2947.31,2957.18,2911.56,20.9785512,255.05701443900003
801030,2009-12-04,3002.54,2942.1,3012.73,2900.35,27.95179221,333.6629622111
801030,2009-12-07,3018.42,2989.21,3018.42,2975.73,16.25758929,199.3933375656
801030,2009-12-08,3016.2,3018.01,3040.07,2958.09,17.61384888,210.9708719872
801030,2009-12-09,3010.5,2980.24,3041.81,2969.89,15.91608805,189.29274767490003
801030,2009-12-10,3003.03,3019.48,3035.31,2978.56,12.49354393,146.5390857582
801030,2009-12-11,2984.49,3007.1,3029.76,2978.26,12.17469482,144.3336726093
801030,2009-12-14,3128.98,2990.8,3147.22,2939.62,15.44297821,188.8090561393
801030,2009-12-15,3127.05,3103.31,3148.72,3096.8,13.82734274,171.8995805906
801030,2009-12-16,3080.13,3112.47,3145.89,3079.22,11.87303968,146.6509668932
801030,2009-12-17,2980.52,3089.36,3100.94,2978.65,12.9354959,159.2255407514
801030,2009-12-18,2944.86,2942.31,3009.87,2933.51,12.28215777,147.6441720366
801030,2009-12-21,2953.08,2944.92,2954.65,2909.41,8.20835876,99.0816369641
801030,2009-12-22,2918.8,2953.4,2998.38,2907.11,10.10442975,123.5235144711
801030,2009-12-23,2951.58,2914.8,2968.63,2913.09,7.96415467,97.9536741017
801030,2009-12-24,3022.2,2960.68,3023.35,2953.61,10.94167443,134.8718946824
801030,2009-12-25,3028.89,3025.08,3038.58,3000.19,10.80514171,134.8397971275
801030,2009-12-28,3079.16,3042.68,3098.47,3042.53,10.81942833,137.7272161734
801030,2009-12-29,3108.02,3081.79,3108.02,3053.38,11.69222212,150.9966387685
801030,2009-12-30,3157.26,3107.86,3178.26,3106.63,13.53770568,173.6240635621
801030,2009-12-31,3162.02,3159.15,3178.85,3136.6,11.88918095,153.6321598883
801030,2010-01-04,3136.48,3180.35,3185.21,3136.48,12.54618597,168.8549154776
801030,2010-01-05,3160.17,3139.43,3172.17,3092.92,13.46219344,180.5575252045
801030,2010-01-06,3119.83,3151.98,3167.51,3118.21,14.02281274,180.3111493838
801030,2010-01-07,3045.25,3118.64,3128.86,3018.67,14.34419788,185.1515112962
801030,2010-01-08,3037.13,3020.64,3039.14,2967.27,12.17958001,155.66779303709998
801030,2010-01-11,3035.36,3118.99,3119.52,3016.63,15.395521,195.88530094490002
801030,2010-01-12,3105.77,3022.55,3114.38,3001.99,16.32685346,213.8163853978
801030,2010-01-13,3041.72,3042.11,3085.19,3024.45,21.14903401,263.1535450772
801030,2010-01-14,3081.43,3047.16,3081.43,3031.36,19.35714999,241.37088492380002
801030,2010-01-15,3104.69,3081.1,3125.59,3065.57,17.53234408,225.68417426349998
801030,2010-01-18,3115.23,3095.44,3116.42,3078.75,17.25723615,226.2332982267
801030,2010-01-19,3117.77,3119.99,3136.84,3100.68,16.36250279,215.7799238264
801030,2010-01-20,2982.04,3119.04,3121.21,2978.4,19.66707494,253.23735381400002
801030,2010-01-21,2968.9,2981.31,2995.46,2931.04,12.61861352,160.7418298844
801030,2010-01-22,2911.1,2924.52,2952.3,2860.95,14.62052561,181.80367304740003
801030,2010-01-25,2881.7,2890.3,2923.38,2878.36,8.58977208,107.1297051581
801030,2010-01-26,2771.9,2885.15,2896.64,2764.62,10.44273939,124.4100595017
801030,2010-01-27,2739.38,2774.7,2782.29,2727.26,8.6388402,106.7569447112
801030,2010-01-28,2759.23,2742.09,2774.78,2723.16,7.85903303,100.4794344435
801030,2010-01-29,2753.59,2739.0,2791.55,2735.53,9.15144231,111.3597454675
801030,2010-02-01,2690.72,2746.1,2753.61,2670.83,9.24136902,110.60375646760001
801030,2010-02-02,2679.01,2704.24,2720.72,2675.42,8.84103455,107.8429805591
801030,2010-02-03,2729.45,2688.1,2730.92,2607.54,10.16037931,121.07877088120001
801030,2010-02-04,2710.33,2705.29,2733.46,2685.95,10.39440469,124.6998315531
801030,2010-02-05,2648.45,2646.48,2676.03,2623.59,11.19323445,130.9112139099
801030,2010-02-08,2634.95,2645.16,2660.03,2614.64,7.62609242,89.2994242833
801030,2010-02-09,2644.64,2628.96,2652.8,2620.42,6.97362153,79.6675174904
801030,2010-02-10,2682.01,2661.61,2684.16,2649.35,6.60017328,76.1152890424
801030,2010-02-11,2687.1,2682.73,2702.89,2672.57,6.6991402,79.14352803989999
801030,2010-02-12,2726.98,2699.56,2730.68,2692.69,6.00175678,72.6989902503
801030,2010-02-22,2716.0,2727.63,2735.08,2714.71,7.83743853,93.62341773200001
801030,2010-02-23,2706.05,2709.36,2709.91,2657.95,9.0036819,105.32626227739999
801030,2010-02-24,2758.72,2690.84,2758.72,2680.15,11.39930348,135.3374282714
801030,2010-02-25,2796.94,2762.71,2801.39,2757.05,14.11396159,169.7765149222
801030,2010-02-26,2794.89,2786.22,2812.84,2775.82,12.69950299,158.5846439352
801030,2010-03-01,2822.17,2791.06,2830.47,2791.06,12.58481576,153.4774368184
801030,2010-03-02,2808.91,2824.84,2829.1,2793.44,13.07252222,165.3796225218
801030,2010-03-03,2832.01,2809.64,2836.98,2788.66,15.44706026,192.3478702612
801030,2010-03-04,2751.3,2828.9,2830.78,2746.28,15.53379169,190.91869686669997
801030,2010-03-05,2751.58,2752.61,2767.13,2731.7,11.2044139,130.5909299539
801030,2010-03-08,2774.7,2758.72,2781.07,2756.21,10.66206187,125.8046581788
801030,2010-03-09,2787.41,2774.32,2797.78,2752.71,11.4993758,136.214698115
801030,2010-03-10,2780.01,2788.14,2814.05,2766.71,10.81925518,133.0894490585
801030,2010-03-11,2799.41,2780.41,2810.43,2758.57,11.02188214,141.16939432270001
801030,2010-03-12,2759.98,2797.74,2806.62,2759.67,10.62837225,135.5818168242
801030,2010-03-15,2724.36,2758.54,2761.47,2710.16,9.26598831,116.3146633625
801030,2010-03-16,2756.67,2721.3,2756.67,2717.1,7.48599186,90.3071291957
801030,2010-03-17,2809.19,2760.06,2810.06,2756.25,11.03938958,135.6470344347
801030,2010-03-18,2812.94,2812.98,2825.85,2799.26,11.84050493,147.3221068464
801030,2010-03-19,2842.26,2813.28,2846.16,2798.92,11.82384559,145.14363502950002
801030,2010-03-22,2854.14,2840.89,2862.94,2836.54,12.83274646,160.0742948508
801030,2010-03-23,2843.71,2853.47,2884.79,2841.2,13.60428494,168.4618920203
801030,2010-03-24,2844.37,2842.89,2867.64,2842.37,13.55593958,169.3363545313
801030,2010-03-25,2819.57,2840.35,2852.3,2816.76,14.60138029,190.1822640608
801030,2010-03-26,2877.94,2818.13,2883.23,2803.69,12.51584544,165.53894201309998
801030,2010-03-29,2913.81,2895.07,2928.55,2874.86,13.79207753,179.60382671189998
801030,2010-03-30,2911.24,2914.97,2917.08,2893.56,12.07888545,161.1096583925
801030,2010-03-31,2884.36,2910.41,2912.59,2879.44,13.63096326,178.5173603359
801030,2010-04-01,2920.32,2887.14,2921.24,2887.14,16.96908005,217.62893682619998
801030,2010-04-02,2946.53,2926.73,2950.01,2909.5,16.33144555,212.4149253176
801030,2010-04-06,2933.21,2952.98,2953.84,2918.51,16.440835,211.8388326912
801030,2010-04-07,2916.14,2932.64,2932.88,2893.5,15.24381999,203.2430547982
801030,2010-04-08,2885.52,2910.91,2911.72,2877.94,15.080031,202.22831035330003
801030,2010-04-09,2910.2,2886.47,2910.2,2875.31,15.03214737,203.3451221402
801030,2010-04-12,2882.79,2914.27,2915.22,2871.34,17.86284793,247.3208091349
801030,2010-04-13,2901.61,2885.11,2923.26,2843.82,18.17439066,251.90853809529997
801030,2010-04-14,2912.75,2911.75,2914.11,2890.05,16.45021061,216.44931958669997
801030,2010-04-15,2926.13,2914.34,2940.99,2890.54,17.93002066,228.7421263062
801030,2010-04-16,2891.63,2916.81,2917.51,2879.97,12.42679851,158.5622270097
801030,2010-04-19,2751.25,2860.15,2860.94,2750.09,16.59147673,209.1181182002
801030,2010-04-20,2731.33,2752.2,2768.09,2693.37,14.42125275,181.1387945518
801030,2010-04-21,2780.24,2732.07,2782.22,2714.38,15.75653813,208.8568944885
801030,2010-04-22,2754.91,2768.8,2784.09,2730.99,16.99853956,223.1509597146
801030,2010-04-23,2722.65,2745.85,2772.48,2711.39,16.06877955,214.2863181764
801030,2010-04-26,2704.97,2722.27,2734.75,2696.48,13.8345116,184.6432542288
801030,2010-04-27,2630.14,2693.38,2697.31,2597.54,14.74030074,194.7677216045
801030,2010-04-28,2623.26,2607.6,2638.93,2589.88,11.26667878,149.6474247622
801030,2010-04-29,2577.16,2629.69,2642.54,2574.29,12.86834333,160.7439735385
801030,2010-04-30,2557.79,2570.71,2576.38,2503.21,12.3519916,149.7492001022
801030,2010-05-04,2526.69,2516.5,2551.92,2503.69,8.00397216,99.5903127916
801030,2010-05-05,2549.14,2506.33,2549.14,2474.63,10.93961665,142.2346604634
801030,2010-05-06,2439.48,2539.53,2539.55,2437.53,11.36438152,148.1763333772
801030,2010-05-07,2369.78,2384.42,2424.53,2357.33,11.01863118,139.42573624690002
801030,2010-05-10,2361.36,2373.38,2392.35,2318.2,10.48840867,134.11128016930002
801030,2010-05-11,2307.45,2403.7,2416.93,2300.07,10.78221585,135.16896840430002
801030,2010-05-12,2285.93,2290.66,2325.5,2238.24,9.84828128,115.4498474758
801030,2010-05-13,2352.27,2286.21,2354.11,2271.15,11.13032724,126.28286651299999
801030,2010-05-14,2346.28,2337.13,2354.55,2319.56,9.70943657,117.4589776902
801030,2010-05-17,2215.47,2318.75,2319.19,2214.7,10.21141841,113.75775778010001
801030,2010-05-18,2229.61,2209.57,2232.31,2190.96,9.40342561,106.11945090969999
801030,2010-05-19,2243.56,2240.12,2283.27,2209.48,10.14622289,118.4966402298
801030,2010-05-20,2211.22,2229.32,2263.69,2207.45,8.50348867,96.85069013280001
801030,2010-05-21,2238.12,2145.3,2239.17,2137.18,11.3837996,129.6017992589
801030,2010-05-24,2325.34,2251.84,2328.7,2251.53,14.62258333,174.5874164749
801030,2010-05-25,2283.41,2310.55,2314.08,2263.18,12.72176583,156.4125266576
801030,2010-05-26,2283.75,2276.58,2299.19,2265.71,9.4096279,116.1865046036
801030,2010-05-27,2320.73,2280.51,2329.04,2252.68,12.33622813,155.8654260664
801030,2010-05-28,2325.45,2340.12,2352.28,2309.83,12.4676898,164.89912054639998
801030,2010-05-31,2259.99,2311.62,2331.7,2258.48,12.24139246,157.20929814459998
801030,2010-06-01,2221.61,2243.51,2253.92,2188.73,11.85084943,138.9776945062
801030,2010-06-02,2231.69,2211.78,2231.69,2180.49,9.12051321,111.150407962
801030,2010-06-03,2209.64,2240.29,2255.05,2208.51,9.69042437,120.9199030402
801030,2010-06-04,2213.12,2197.56,2219.05,2192.87,7.99018638,92.4060073159
801030,2010-06-07,2176.17,2176.89,2193.56,2158.43,8.42430837,106.1157177325
801030,2010-06-08,2184.79,2172.36,2194.52,2162.51,8.32506672,105.19821785639999
801030,2010-06-09,2241.96,2195.06,2246.44,2173.25,12.88362652,153.2421372849
801030,2010-06-10,2226.36,2225.51,2244.05,2219.18,9.99250665,123.8563611032
801030,2010-06-11,2233.0,2236.91,2253.18,2226.2,8.78964592,107.8889955134
801030,2010-06-17,2226.03,2254.19,2258.4,2224.83,7.59974162,94.49302934309999
801030,2010-06-18,2175.32,2225.34,2231.31,2161.45,8.3665233,105.0286953848
801030,2010-06-21,2228.61,2170.77,2228.61,2153.25,8.11655475,95.56777425959999
801030,2010-06-22,2251.08,2223.65,2254.63,2215.91,8.04084079,97.1585925649
801030,2010-06-23,2227.14,2234.64,2250.88,2197.53,7.68054484,94.7716552719
801030,2010-06-24,2217.56,2220.74,2234.46,2206.94,6.8066259,81.9098204113
801030,2010-06-25,2195.04,2203.56,2213.46,2168.64,7.51637601,85.7259687355
801030,2010-06-28,2163.96,2193.22,2195.31,2156.54,6.21063266,73.1084332802
801030,2010-06-29,2071.56,2166.01,2172.02,2069.32,9.42831677,107.8856848306
801030,2010-06-30,2019.18,2052.23,2052.59,2017.02,7.44249211,81.0006884928
801030,2010-07-01,2002.28,2017.61,2038.92,1995.21,7.12148223,79.8452934779
801030,2010-07-02,2002.16,2001.62,2007.39,1943.5,8.58865281,93.9473621484
801030,2010-07-05,1983.97,1981.56,2004.08,1961.14,6.32667128,69.13998001510001
801030,2010-07-06,2032.18,1984.97,2032.45,1984.28,8.73758441,92.3209152409
801030,2010-07-07,2051.22,2034.37,2052.19,2026.25,8.91988285,95.1680149166
801030,2010-07-08,2050.28,2055.63,2061.31,2033.31,8.10262938,86.62925624569999
801030,2010-07-09,2098.5,2049.92,2111.03,2034.42,11.50268281,127.6424474076
801030,2010-07-12,2116.58,2101.36,2123.68,2092.72,10.62079605,116.84026980200001
801030,2010-07-13,2077.52,2100.26,2101.14,2068.45,8.75077732,98.92572909290001
801030,2010-07-14,2104.25,2083.16,2117.54,2082.98,9.00757646,103.4168883117
801030,2010-07-15,2053.13,2096.76,2112.2,2052.32,8.74509618,96.9550601016
801030,2010-07-16,2046.65,2044.8,2049.69,2013.91,7.22955615,81.663337775
801030,2010-07-19,2103.04,2026.02,2108.62,2019.03,9.0464596,100.1634704035
801030,2010-07-20,2177.44,2104.74,2179.6,2104.74,15.01422188,166.8861040615
801030,2010-07-21,2187.69,2178.91,2212.68,2167.33,15.73799377,177.90260942970002
801030,2010-07-22,2210.95,2177.67,2211.89,2173.46,12.60757501,141.06210449489998
801030,2010-07-23,2212.4,2212.82,2233.2,2193.63,12.96995054,149.5589132867
801030,2010-07-26,2237.66,2214.47,2241.03,2202.53,11.90748606,135.1945293458
801030,2010-07-27,2230.1,2233.77,2241.57,2215.02,11.08486367,131.7885533282
801030,2010-07-28,2283.38,2224.1,2288.21,2211.01,15.7909064,180.9013068875
801030,2010-07-29,2304.22,2285.95,2316.81,2282.49,16.81680122,187.1066597773
801030,2010-07-30,2310.35,2297.7,2317.61,2278.3,14.11882084,163.20569772940001
801030,2010-08-02,2342.11,2307.75,2347.32,2305.21,17.33888452,199.1717061073
801030,2010-08-03,2296.57,2345.75,2355.0,2296.57,16.81677739,195.00685218259997
801030,2010-08-04,2310.16,2290.15,2311.45,2253.28,16.15475813,184.46646996029997
801030,2010-08-05,2295.05,2307.7,2322.06,2279.41,15.95554347,183.49428872689998
801030,2010-08-06,2336.75,2291.76,2336.75,2275.98,17.74745309,211.9213896696
801030,2010-08-09,2349.33,2335.44,2358.49,2328.26,17.89996992,222.15453632959998
801030,2010-08-10,2257.75,2347.48,2347.48,2255.17,17.30284774,209.70269712509997
801030,2010-08-11,2267.56,2243.61,2286.36,2243.18,11.61650438,139.160569733
801030,2010-08-12,2234.82,2242.57,2271.3,2227.78,13.01081474,150.8318700673
801030,2010-08-13,2271.39,2233.62,2272.4,2228.83,11.39802016,131.8096672843
801030,2010-08-16,2327.75,2268.46,2330.41,2258.64,15.44048522,183.61475522560002
801030,2010-08-17,2330.4,2326.97,2336.68,2307.63,15.21136037,188.56799388119998
801030,2010-08-18,2325.2,2332.34,2341.62,2309.44,15.80312297,197.58601921919998
801030,2010-08-19,2366.52,2323.81,2377.81,2314.47,16.12486031,190.79246846560002
801030,2010-08-20,2318.05,2353.75,2360.83,2305.66,17.2463374,214.51596129599997
801030,2010-08-23,2317.21,2315.31,2330.29,2305.37,14.32068303,175.67677810970002
801030,2010-08-24,2325.74,2310.7,2342.25,2287.31,14.62839456,183.3452043265
801030,2010-08-25,2275.94,2309.71,2321.78,2273.99,16.03544879,198.93708705310002
801030,2010-08-26,2280.54,2281.27,2293.18,2259.3,12.27346071,149.3657519029
801030,2010-08-27,2289.65,2279.37,2297.88,2265.21,10.81687334,140.1666448922
801030,2010-08-30,2335.22,2299.31,2335.22,2296.75,16.23932261,212.8749190596
801030,2010-08-31,2331.99,2326.34,2335.4,2315.74,17.74897471,233.42621807900002
801030,2010-09-01,2313.8,2334.34,2353.81,2291.16,18.87916926,245.5654821145
801030,2010-09-02,2357.78,2334.2,2358.34,2316.56,19.09781412,239.5429012775
801030,2010-09-03,2357.82,2355.28,2369.31,2333.06,18.13370557,241.5258619021
801030,2010-09-06,2397.82,2373.35,2405.51,2367.32,21.29977717,290.6998117079
801030,2010-09-07,2408.06,2397.56,2409.3,2382.17,17.40125013,218.9482005549
801030,2010-09-08,2411.09,2394.96,2412.36,2385.97,16.94359893,228.6126547732
801030,2010-09-09,2377.08,2416.36,2423.73,2373.01,22.90401575,305.0627537034
801030,2010-09-10,2395.32,2380.58,2400.31,2349.84,21.6959152,277.7517044594
801030,2010-09-13,2428.66,2405.47,2437.49,2395.12,21.254934,275.580033282
801030,2010-09-14,2431.05,2434.85,2443.49,2418.33,19.01631912,251.9113073536
801030,2010-09-15,2397.98,2427.69,2429.31,2390.27,18.80795837,245.3127162201
801030,2010-09-16,2345.25,2394.06,2400.64,2324.08,16.47316012,211.5473064076
801030,2010-09-17,2337.43,2347.36,2355.25,2329.85,13.42736672,168.9886850525
801030,2010-09-20,2322.98,2338.25,2342.64,2306.01,12.33238866,152.6584295464
801030,2010-09-21,2335.81,2328.28,2340.71,2317.2,9.3196615,117.38113266040001
801030,2010-09-27,2370.38,2345.95,2371.05,2345.58,11.74651534,141.9749413438
801030,2010-09-28,2342.87,2367.83,2367.89,2333.49,12.98777716,161.07468590940002
801030,2010-09-29,2336.94,2336.8,2362.39,2334.18,11.965593,150.573641186
801030,2010-09-30,2378.84,2326.41,2380.34,2325.51,9.96592541,124.2821142809
801030,2010-10-08,2452.58,2400.1,2464.56,2394.17,16.50936461,218.0794189284
801030,2010-10-11,2504.68,2466.41,2525.63,2466.33,24.49688224,330.1833816555
801030,2010-10-12,2577.65,2496.01,2582.48,2488.28,24.67032166,310.5751563405
801030,2010-10-13,2567.73,2569.74,2585.17,2536.25,24.27835841,318.0448322446
801030,2010-10-14,2539.88,2583.28,2591.41,2518.6,23.53462732,309.1103527454
801030,2010-10-15,2595.74,2524.32,2596.32,2512.21,23.16662225,311.0608207631
801030,2010-10-18,2560.61,2593.79,2624.82,2558.37,24.56243433,321.2387034972
801030,2010-10-19,2601.6,2558.92,2601.6,2547.87,17.49385723,223.79970298610002
801030,2010-10-20,2568.33,2543.75,2622.04,2526.01,21.52276605,280.2811804048
801030,2010-10-21,2596.97,2584.83,2620.9,2571.22,22.06908693,281.73181262919996
801030,2010-10-22,2591.21,2588.39,2604.05,2568.54,22.06364521,276.10280068459997
801030,2010-10-25,2659.24,2593.72,2660.12,2580.53,27.03588906,351.65182642260004
801030,2010-10-26,2674.11,2691.04,2708.07,2649.54,28.9720314,385.6839683253
801030,2010-10-27,2632.78,2669.45,2675.36,2624.48,24.02792622,321.5912276577
801030,2010-10-28,2628.17,2625.18,2642.56,2609.36,19.12899332,258.0174915546
801030,2010-10-29,2625.46,2627.43,2636.14,2601.13,18.51038638,257.0213349
801030,2010-11-01,2699.13,2632.47,2701.39,2632.34,23.75212449,336.663011957
801030,2010-11-02,2691.61,2708.48,2736.69,2685.79,29.10376009,421.9356074028
801030,2010-11-03,2664.24,2690.1,2701.6,2660.7,21.89552495,304.1417163249
801030,2010-11-04,2718.18,2668.48,2718.18,2668.39,22.00596098,294.0710770928
801030,2010-11-05,2750.5,2747.58,2757.67,2728.6,26.75245661,364.4988363583
801030,2010-11-08,2794.01,2761.69,2795.15,2759.52,28.30610662,387.6234685351
801030,2010-11-09,2777.37,2796.7,2796.7,2756.73,26.43887733,366.6358464202
801030,2010-11-10,2770.74,2767.94,2779.8,2744.74,24.21534746,341.7723775489
801030,2010-11-11,2814.01,2761.58,2900.42,2756.37,29.98281604,412.0454964258
801030,2010-11-12,2662.63,2789.7,2849.3,2657.91,32.38199264,431.77852371050005
801030,2010-11-15,2664.13,2652.15,2677.13,2611.02,20.1577776,273.2336858929
801030,2010-11-16,2534.39,2659.73,2665.31,2528.08,21.31440437,299.4219353454
801030,2010-11-17,2460.93,2491.81,2525.51,2452.56,15.65948936,213.9764810264
801030,2010-11-18,2489.93,2477.01,2499.27,2447.9,12.11468665,166.9194665953
801030,2010-11-19,2521.43,2504.74,2522.08,2448.55,13.99153974,201.63759956139998
801030,2010-11-22,2526.53,2500.37,2550.56,2492.45,15.77023564,236.3560256668
801030,2010-11-23,2476.66,2523.82,2523.98,2442.88,14.76961906,212.0672466787
801030,2010-11-24,2523.58,2461.7,2523.88,2460.99,14.83102305,217.5232324171
801030,2010-11-25,2559.92,2544.41,2571.19,2537.74,16.77760134,235.04360693349997
801030,2010-11-26,2551.31,2561.88,2572.76,2531.54,17.32053393,246.4884231807
801030,2010-11-29,2557.7,2544.86,2569.37,2530.97,16.31666249,236.2986652214
801030,2010-11-30,2510.66,2555.29,2567.7,2453.04,20.30470007,292.3339955063
801030,2010-12-01,2508.27,2493.86,2522.9,2490.84,12.43429099,180.6231598315
801030,2010-12-02,2522.0,2537.0,2552.12,2521.85,13.62976458,193.3221166082
801030,2010-12-03,2508.96,2525.27,2529.55,2493.65,11.46528139,163.09034528790002
801030,2010-12-06,2514.79,2515.41,2535.61,2495.57,10.58249114,147.9783075382
801030,2010-12-07,2523.07,2502.84,2530.49,2468.7,9.58719435,138.0505073164
801030,2010-12-08,2503.5,2520.99,2529.05,2501.3,8.82727009,132.5576161855
801030,2010-12-09,2451.71,2493.07,2496.73,2450.47,10.12209721,139.4727205602
801030,2010-12-10,2477.66,2443.78,2483.4,2438.59,9.0703213,122.7022078736
801030,2010-12-13,2550.97,2487.01,2552.94,2486.63,13.04180262,190.8387697639
801030,2010-12-14,2556.99,2553.8,2557.64,2540.86,12.58432034,184.92533944119998
801030,2010-12-15,2558.52,2556.99,2581.16,2550.2,13.38282514,202.4287300911
801030,2010-12-16,2546.82,2554.72,2569.09,2542.48,9.55745259,138.6752045328
801030,2010-12-17,2546.49,2544.05,2548.57,2529.45,9.01963089,133.36359806069999
801030,2010-12-20,2513.02,2551.73,2559.67,2467.95,13.87158992,202.5387868735
801030,2010-12-21,2550.6,2515.94,2553.53,2507.86,11.18696431,165.5784167834
801030,2010-12-22,2547.04,2571.82,2577.9,2539.69,12.15661064,182.611975244
801030,2010-12-23,2505.92,2546.9,2557.66,2500.75,10.52346142,157.91895201239998
801030,2010-12-24,2480.87,2496.87,2504.11,2459.82,9.67233113,134.8416249823
801030,2010-12-27,2429.47,2479.59,2514.56,2424.52,10.17617946,140.9581351169
801030,2010-12-28,2389.97,2421.15,2423.6,2376.34,8.62985048,115.4163012883
801030,2010-12-29,2411.01,2392.13,2411.99,2387.34,6.5392435,88.868298351
801030,2010-12-30,2414.78,2413.62,2424.23,2395.05,7.82783233,110.0793445583
801030,2010-12-31,2453.64,2417.05,2453.64,2416.46,8.72270705,125.8634415387
801030,2011-01-04,2487.09,2470.84,2487.09,2461.51,10.5066816,153.5298800208
801030,2011-01-05,2493.31,2477.08,2501.67,2467.7,10.02661842,154.1624823638
801030,2011-01-06,2489.01,2490.89,2502.6,2476.44,9.80687678,140.0910557306
801030,2011-01-07,2469.8,2485.93,2501.15,2458.43,10.0420688,143.5100316416
801030,2011-01-10,2416.05,2467.47,2473.96,2409.09,9.13429831,132.5881915553
801030,2011-01-11,2405.38,2409.69,2414.13,2381.84,8.29465852,111.6484986016
801030,2011-01-12,2424.31,2414.19,2431.99,2395.9,7.57338695,100.1637039191
801030,2011-01-13,2433.63,2434.3,2441.7,2422.43,8.18794942,103.21989430309999
801030,2011-01-14,2387.91,2427.65,2429.21,2379.48,8.61135657,111.16141407469999
801030,2011-01-17,2287.31,2370.01,2371.64,2281.06,9.6523109,121.3907781601
801030,2011-01-18,2288.41,2274.18,2296.58,2267.49,5.73451612,74.1019081262
801030,2011-01-19,2345.47,2289.78,2345.47,2284.54,7.44523461,94.7341207522
801030,2011-01-20,2262.94,2343.36,2343.74,2262.63,8.70274015,115.10622334799999
801030,2011-01-21,2281.06,2254.44,2298.74,2245.09,8.39517189,108.1254496442
801030,2011-01-24,2229.63,2282.39,2287.9,2229.36,8.15747664,107.86027394530001
801030,2011-01-25,2187.52,2225.49,2226.06,2173.2,6.91293023,89.91777046
801030,2011-01-26,2220.32,2188.07,2221.65,2187.12,5.34594739,66.6090732271
801030,2011-01-27,2261.45,2209.47,2266.0,2199.8,7.61442384,97.3738262185
801030,2011-01-28,2286.42,2257.95,2290.8,2255.94,6.89175914,89.94049185600001
801030,2011-01-31,2322.16,2285.04,2322.6,2283.8,7.89039315,101.3608531724
801030,2011-02-01,2332.14,2329.22,2338.79,2321.59,7.17318901,96.4386690828
801030,2011-02-09,2330.08,2313.1,2350.92,2307.96,9.02861503,122.5662154321
801030,2011-02-10,2393.34,2326.26,2393.34,2324.63,10.78229269,149.6362032301
801030,2011-02-11,2412.9,2394.07,2416.03,2388.03,10.43636085,142.4131594285
801030,2011-02-14,2452.1,2417.04,2457.76,2417.0,13.17755551,187.80184305950002
801030,2011-02-15,2448.17,2454.34,2479.02,2447.66,14.3490424,195.792083112
801030,2011-02-16,2491.13,2444.99,2491.13,2444.99,11.94161762,168.46865378959998
801030,2011-02-17,2519.27,2501.53,2522.69,2483.95,15.07965472,218.3622887397
801030,2011-02-18,2491.69,2518.43,2518.83,2485.28,13.98441728,197.88516477849998
801030,2011-02-21,2556.61,2478.98,2556.61,2477.74,15.7685542,215.276164999
801030,2011-02-22,2501.47,2563.59,2571.23,2500.88,19.82323438,272.045080032
801030,2011-02-23,2542.98,2488.76,2546.03,2488.76,14.59188609,213.5828650245
801030,2011-02-24,2567.51,2539.22,2575.64,2533.32,16.00642157,223.04723762150002
801030,2011-02-25,2562.3,2566.44,2567.09,2530.51,13.29117866,179.342336519
801030,2011-02-28,2593.74,2565.18,2594.18,2546.53,13.44884369,187.80492850529998
801030,2011-03-01,2595.02,2599.12,2607.3,2576.71,16.14354471,228.50080905939998
801030,2011-03-02,2586.4,2586.36,2592.93,2546.4,15.6868583,220.8027465238
801030,2011-03-03,2534.01,2586.23,2592.8,2532.2,14.6217654,206.36444599650002
801030,2011-03-04,2567.26,2534.23,2567.27,2525.86,11.65977099,160.14439549280002
801030,2011-03-07,2610.85,2574.06,2610.85,2573.72,17.11384805,238.7562611192
801030,2011-03-08,2615.87,2612.14,2618.96,2597.71,13.63503805,189.04599649669998
801030,2011-03-09,2625.0,2617.84,2628.6,2609.57,15.00000193,206.88737039970002
801030,2011-03-10,2602.78,2619.03,2619.11,2600.24,15.48021724,222.3926453813
801030,2011-03-11,2597.96,2591.7,2628.84,2590.68,15.82355547,227.2143412418
801030,2011-03-14,2623.18,2596.01,2623.18,2592.72,16.37685403,244.4416736657
801030,2011-03-15,2590.93,2618.09,2618.25,2544.36,18.78400123,266.7932536711
801030,2011-03-16,2632.99,2589.66,2633.28,2589.25,16.63162078,239.37328854380002
801030,2011-03-17,2599.43,2612.08,2642.15,2587.45,19.46067717,264.2620136652
801030,2011-03-18,2604.55,2612.84,2626.35,2593.52,14.88931297,203.74040059310002
801030,2011-03-21,2581.56,2600.82,2605.61,2570.24,13.29327482,182.8363264732
801030,2011-03-22,2577.06,2585.09,2588.06,2543.92,11.02738703,160.79735835469998
801030,2011-03-23,2607.54,2574.13,2607.54,2572.12,13.03240912,182.26313046639999
801030,2011-03-24,2628.22,2606.49,2635.51,2604.04,15.41317139,213.7619531377
801030,2011-03-25,2656.32,2627.97,2660.37,2627.49,18.55373494,257.6477922033
801030,2011-03-28,2664.69,2670.97,2676.13,2657.61,21.93048551,322.9835164046
801030,2011-03-29,2617.43,2657.36,2659.93,2614.02,20.7127409,292.18542476700003
801030,2011-03-30,2593.51,2612.99,2621.38,2582.79,18.25431746,236.47240679669997
801030,2011-03-31,2545.1,2590.91,2592.74,2541.83,14.2068091,185.576927054
801030,2011-04-01,2579.75,2544.2,2579.85,2541.85,12.20605915,166.1968887805
801030,2011-04-06,2584.5,2571.66,2584.5,2562.03,14.53727471,200.8757494623
801030,2011-04-07,2619.66,2585.09,2623.07,2582.08,17.09879701,226.1368924927
801030,2011-04-08,2658.5,2619.6,2658.66,2616.02,16.70329349,232.3268380136
801030,2011-04-11,2645.12,2666.43,2674.47,2643.64,18.40414924,253.9572406309
801030,2011-04-12,2651.82,2639.8,2665.92,2634.84,17.3299682,241.97094243450002
801030,2011-04-13,2675.16,2640.45,2675.16,2626.88,14.48046963,204.29954738560002
801030,2011-04-14,2687.57,2673.98,2701.18,2667.2,17.35079821,244.06054154650002
801030,2011-04-15,2729.83,2681.12,2730.48,2676.66,21.78980873,301.4127589266
801030,2011-04-18,2768.79,2725.59,2776.66,2725.59,26.71133035,390.12600202769994
801030,2011-04-19,2751.51,2753.44,2776.78,2731.56,30.77714514,429.69806781129995
801030,2011-04-20,2715.16,2747.65,2753.52,2704.9,22.94466733,314.9433790744
801030,2011-04-21,2717.5,2716.2,2719.36,2695.84,18.39282528,262.9093723508
801030,2011-04-22,2696.38,2712.57,2718.63,2692.93,16.90234377,233.5222377612
801030,2011-04-25,2624.03,2684.88,2685.0,2624.03,16.4519743,227.0800896188
801030,2011-04-26,2584.7,2612.52,2624.92,2567.28,13.64921027,185.8971839211
801030,2011-04-27,2546.01,2586.78,2593.71,2526.81,14.3526312,184.55883868689997
801030,2011-04-28,2470.32,2549.64,2559.18,2468.91,13.38748511,170.5783545683
801030,2011-04-29,2518.77,2470.89,2518.88,2465.47,10.29137268,138.8562226653
801030,2011-05-03,2580.76,2523.84,2580.76,2517.32,13.21688349,182.6176366498
801030,2011-05-04,2506.8,2567.79,2569.32,2503.2,14.67013684,205.18122659009998
801030,2011-05-05,2504.69,2493.47,2510.59,2485.16,10.29342818,141.5956261227
801030,2011-05-06,2520.19,2475.55,2534.15,2464.86,13.21186028,181.6391966504
801030,2011-05-09,2528.34,2524.18,2537.09,2518.23,12.19905405,175.42153954830002
801030,2011-05-10,2570.18,2532.95,2572.81,2526.43,15.34673808,215.97340825979998
801030,2011-05-11,2580.22,2569.37,2594.33,2553.48,15.91378927,223.06984334
801030,2011-05-12,2550.27,2557.22,2587.89,2549.07,17.28829315,227.55017522330002
801030,2011-05-13,2561.75,2549.89,2562.8,2518.09,14.26088968,191.1752520743
801030,2011-05-16,2570.34,2560.84,2592.63,2559.7,16.15762574,213.5042964968
801030,2011-05-17,2525.64,2563.46,2564.04,2506.54,15.89805293,209.7740187753
801030,2011-05-18,2540.83,2516.56,2540.83,2513.61,10.87090559,142.1597088426
801030,2011-05-19,2534.4,2544.3,2561.3,2533.26,11.14855869,152.4302822888
801030,2011-05-20,2538.1,2531.16,2549.79,2515.01,13.32386122,175.36012269900002
801030,2011-05-23,2432.12,2529.72,2530.24,2431.07,15.00034775,192.5052005875
801030,2011-05-24,2439.79,2420.34,2442.97,2406.03,12.5369566,161.31293896530002
801030,2011-05-25,2414.5,2434.82,2448.01,2411.86,13.30169954,166.1884416151
801030,2011-05-26,2408.12,2428.48,2441.6,2407.23,15.62858218,209.7947107078
801030,2011-05-27,2327.16,2402.2,2404.38,2327.16,14.27980554,180.08234555580003
801030,2011-05-30,2289.97,2316.3,2327.95,2285.58,10.99651109,136.1577928974
801030,2011-05-31,2332.28,2288.46,2333.2,2283.25,10.52770316,132.7078905999
801030,2011-06-01,2361.68,2330.18,2364.05,2323.9,11.46742339,147.0038238386
801030,2011-06-02,2323.87,2328.85,2339.7,2291.19,12.33436577,159.9535395916
801030,2011-06-03,2358.06,2320.57,2364.0,2320.13,9.5512654,126.1970750542
801030,2011-06-07,2386.36,2351.7,2387.38,2351.7,10.49241353,138.407834238
801030,2011-06-08,2397.6,2383.3,2402.38,2358.58,12.08944171,166.7081456492
801030,2011-06-09,2336.6,2390.14,2391.34,2336.6,11.49070878,151.0077096311
801030,2011-06-10,2349.79,2330.37,2350.4,2307.32,10.13630433,130.2226888433
801030,2011-06-13,2361.28,2335.7,2363.9,2320.95,9.91077907,129.2527019826
801030,2011-06-14,2401.53,2361.0,2406.56,2360.13,11.83430526,155.08362005610002
801030,2011-06-15,2389.94,2397.05,2421.19,2388.69,13.5018837,181.27783002009997
801030,2011-06-16,2333.0,2361.86,2367.06,2332.09,11.6905148,145.6305577972
801030,2011-06-17,2304.1,2327.45,2342.04,2301.05,9.05812583,112.5989099711
801030,2011-06-20,2277.15,2295.01,2298.35,2262.49,8.69541506,103.9673608587
801030,2011-06-21,2307.47,2284.18,2307.47,2264.72,10.72959832,136.629604037
801030,2011-06-22,2301.86,2306.14,2314.98,2291.1,8.79586155,112.8478407616
801030,2011-06-23,2345.69,2292.58,2350.98,2278.05,11.37970117,152.2500357603
801030,2011-06-24,2401.84,2337.75,2412.98,2333.61,17.39730883,230.8074394371
801030,2011-06-27,2439.34,2404.09,2439.47,2403.97,16.24517196,225.91218749439997
801030,2011-06-28,2435.86,2440.26,2440.38,2416.73,12.37506919,164.0685933737
801030,2011-06-29,2412.65,2433.71,2449.73,2412.65,14.32601872,186.48913411959998
801030,2011-06-30,2451.79,2410.71,2458.83,2410.71,14.27894627,187.8291150684
801030,2011-07-01,2460.22,2458.39,2482.42,2454.43,13.94945975,183.5730326273
801030,2011-07-04,2521.61,2470.7,2521.61,2469.85,18.63386517,248.301711084
801030,2011-07-05,2549.46,2525.15,2554.64,2522.98,19.31972298,269.7199232315
801030,2011-07-06,2552.23,2549.02,2555.08,2525.59,16.29581755,241.7866695077
801030,2011-07-07,2551.91,2551.36,2577.96,2541.72,18.38960881,269.04541093299997
801030,2011-07-08,2549.4,2549.03,2559.8,2531.18,14.54417432,208.65795771669997
801030,2011-07-11,2562.34,2539.74,2565.8,2532.93,14.60908124,198.9190876604
801030,2011-07-12,2525.12,2543.35,2546.29,2522.79,15.64331336,213.2359269244
801030,2011-07-13,2576.85,2525.26,2576.89,2525.11,14.83813975,205.32338343770002
801030,2011-07-14,2595.37,2581.38,2595.37,2566.78,17.02152573,239.30467674049999
801030,2011-07-15,2607.68,2590.28,2608.65,2585.71,16.14846669,230.5350571198
801030,2011-07-18,2601.83,2611.14,2617.28,2591.29,16.16047517,237.33807626700002
801030,2011-07-19,2569.24,2588.2,2588.75,2561.88,13.56420201,196.646319006
801030,2011-07-20,2574.36,2582.44,2591.22,2552.77,13.12270804,185.4516910174
801030,2011-07-21,2533.88,2571.57,2573.76,2533.88,12.00438527,168.60877914620002
801030,2011-07-22,2544.55,2538.53,2556.23,2534.25,10.77401334,160.2983699491
801030,2011-07-25,2445.66,2534.19,2534.47,2436.06,15.27524648,212.7261403378
801030,2011-07-26,2458.05,2441.46,2458.05,2427.24,9.83853974,136.9404958626
801030,2011-07-27,2505.47,2449.55,2508.37,2440.42,12.52996805,183.2769167112
801030,2011-07-28,2492.64,2481.37,2495.67,2460.92,11.02322079,156.5159452298
801030,2011-07-29,2466.16,2491.87,2499.64,2456.79,10.90294135,160.0290898218
801030,2011-08-01,2478.8,2461.08,2489.81,2454.85,9.87110953,148.94293720299999
801030,2011-08-02,2458.47,2464.09,2464.9,2419.74,11.62038955,165.5540879611
801030,2011-08-03,2458.22,2431.82,2470.72,2427.17,9.80695923,145.2394333231
801030,2011-08-04,2473.07,2461.98,2481.43,2461.38,9.87116225,148.9683303378
801030,2011-08-05,2422.32,2397.77,2439.64,2382.69,11.11512359,160.6751104947
801030,2011-08-08,2291.5,2384.66,2392.73,2256.9,14.57434948,193.92809797060002
801030,2011-08-09,2286.82,2217.34,2302.51,2182.91,13.48109846,175.78570644619998
801030,2011-08-10,2314.43,2324.48,2348.61,2310.14,12.8820827,182.6128117275
801030,2011-08-11,2345.98,2263.1,2345.98,2259.6,12.01690677,167.7713794167
801030,2011-08-12,2365.22,2362.65,2378.23,2355.8,11.91729027,169.19918527
801030,2011-08-15,2412.09,2376.87,2412.09,2374.86,13.04839365,178.6456213119
801030,2011-08-16,2398.25,2416.47,2423.2,2389.99,11.82556518,165.0159126241
801030,2011-08-17,2393.0,2392.6,2406.48,2384.78,10.39677085,148.9447828826
801030,2011-08-18,2351.52,2391.74,2395.15,2350.43,10.8346009,156.6984197415
801030,2011-08-19,2325.13,2299.67,2329.09,2296.8,10.4634245,143.143748513
801030,2011-08-22,2310.84,2324.19,2348.52,2304.73,9.44432595,130.8782901587
801030,2011-08-23,2349.99,2319.9,2349.99,2311.97,9.26248581,131.6363004017
801030,2011-08-24,2348.51,2363.96,2375.35,2344.31,10.69655437,154.086085379
801030,2011-08-25,2399.6,2356.6,2399.6,2350.38,12.34686937,171.8673918577
801030,2011-08-26,2424.18,2390.82,2428.8,2387.3,14.02465244,197.4779072025
801030,2011-08-29,2415.23,2414.49,2428.41,2407.35,13.83245886,199.5395773219
801030,2011-08-30,2387.43,2427.07,2439.16,2386.65,12.92749388,177.8757813614
801030,2011-08-31,2374.67,2384.83,2395.15,2351.68,9.90202867,142.4913609605
801030,2011-09-01,2358.36,2378.28,2390.12,2347.72,9.47966335,128.9752015253
801030,2011-09-02,2328.37,2351.54,2357.76,2311.91,8.65124541,114.2882732407
801030,2011-09-05,2273.1,2307.13,2308.61,2273.1,8.94264458,123.7484552261
801030,2011-09-06,2259.43,2252.47,2273.88,2248.46,7.96860304,110.3053634656
801030,2011-09-07,2333.07,2270.42,2333.07,2267.95,13.68430507,193.32048251669997
801030,2011-09-08,2305.13,2341.99,2341.99,2305.08,13.94864143,195.59786865729998
801030,2011-09-09,2294.85,2305.13,2328.71,2284.81,9.54149237,131.4239656798
801030,2011-09-13,2258.73,2262.95,2266.74,2242.9,10.42928561,139.423817097
801030,2011-09-14,2294.21,2266.3,2294.21,2238.71,10.76302764,142.8404006072
801030,2011-09-15,2294.53,2296.04,2316.3,2291.27,10.9140309,143.44002461739998
801030,2011-09-16,2306.61,2304.99,2319.85,2303.85,10.91479947,146.6573830397
801030,2011-09-19,2262.33,2294.12,2294.45,2262.33,10.5613226,133.690096887
801030,2011-09-20,2278.06,2255.56,2280.54,2240.82,10.81095169,142.50518410610002
801030,2011-09-21,2340.39,2277.56,2343.16,2266.45,15.23709881,204.6587103077
801030,2011-09-22,2279.33,2320.78,2349.05,2278.74,16.05210452,216.9258958035
801030,2011-09-23,2253.16,2236.92,2272.27,2227.14,13.08430982,171.5005871466
801030,2011-09-26,2219.22,2238.4,2261.01,2212.86,10.31474629,130.44810122110002
801030,2011-09-27,2225.06,2235.73,2243.74,2200.22,10.26571209,131.56034527469998
801030,2011-09-28,2174.35,2238.29,2241.98,2163.83,11.04574061,140.3509642699
801030,2011-09-29,2102.97,2154.8,2157.16,2100.05,10.32555228,125.4294377615
801030,2011-09-30,2094.6,2109.3,2116.47,2073.08,7.77714291,90.8505004306
801030,2011-10-10,2080.46,2103.1,2109.64,2075.78,6.26455432,74.41884934779999
801030,2011-10-11,2076.97,2130.02,2137.61,2054.98,9.4520795,113.2422002349
801030,2011-10-12,2155.53,2067.72,2157.81,2050.88,11.75764724,142.2478644944
801030,2011-10-13,2181.97,2153.4,2187.41,2148.16,12.96732962,154.6886270852
801030,2011-10-14,2181.21,2177.64,2188.3,2162.38,10.56874931,130.0568963919
801030,2011-10-17,2187.18,2185.19,2199.33,2174.71,10.69685945,135.225081085
801030,2011-10-18,2109.42,2171.21,2173.31,2108.03,10.98247928,133.7873846612
801030,2011-10-19,2106.63,2114.94,2124.4,2088.92,8.68801483,104.64112441
801030,2011-10-20,2043.89,2095.9,2097.18,2024.33,9.33572693,109.9032445549
801030,2011-10-21,1998.27,2040.18,2040.69,1996.39,8.00277419,91.3590045223
801030,2011-10-24,2036.82,2002.15,2038.35,1960.7,10.14940923,114.9944212515
801030,2011-10-25,2092.69,2035.79,2097.49,2033.14,13.13779632,156.0423696242
801030,2011-10-26,2103.52,2077.1,2119.0,2073.53,13.60800317,163.186680158
801030,2011-10-27,2099.78,2104.35,2118.14,2091.09,10.41905283,124.5109090228
801030,2011-10-28,2145.16,2125.47,2145.51,2115.61,13.33104378,158.7581560624
801030,2011-10-31,2148.31,2143.64,2152.48,2131.78,11.2940958,137.97442086659998
801030,2011-11-01,2150.71,2129.17,2161.31,2124.54,12.346138,145.1996144965
801030,2011-11-02,2172.41,2117.38,2172.41,2098.79,13.87148511,162.765509164
801030,2011-11-03,2185.72,2179.94,2213.26,2179.94,18.01890913,218.3307537653
801030,2011-11-04,2201.9,2197.43,2208.07,2183.31,13.46741009,156.65993104540001
801030,2011-11-07,2204.59,2197.61,2221.08,2193.93,12.02672557,145.1388797967
801030,2011-11-08,2193.71,2210.99,2221.14,2189.82,13.36752346,162.1620884735
801030,2011-11-09,2217.18,2199.42,2217.18,2171.43,11.87703215,148.72160168780002
801030,2011-11-10,2181.3,2190.62,2202.79,2180.25,12.28934547,159.0362481601
801030,2011-11-11,2180.15,2184.62,2196.59,2170.55,10.06438071,123.81988092430001
801030,2011-11-14,2236.92,2198.21,2236.92,2196.13,12.57738403,163.8957815944
801030,2011-11-15,2248.31,2236.43,2248.31,2230.02,12.39445185,154.3813034012
801030,2011-11-16,2190.97,2247.94,2248.21,2182.79,13.44805841,166.579159247
801030,2011-11-17,2192.43,2191.81,2214.7,2184.71,9.66679236,124.88063253440001
801030,2011-11-18,2128.68,2176.1,2177.41,2123.04,10.15891259,123.30129895559999
801030,2011-11-21,2137.93,2127.81,2137.93,2113.01,9.18553335,103.28963588209999
801030,2011-11-22,2124.91,2115.79,2128.03,2094.61,8.07748681,95.28949615309999
801030,2011-11-23,2108.67,2126.92,2130.92,2105.42,7.36396651,90.46768274620001
801030,2011-11-24,2102.76,2088.32,2116.47,2075.83,7.77560022,92.22777241889999
801030,2011-11-25,2087.64,2100.29,2113.6,2080.63,7.003714,82.4170206305
801030,2011-11-28,2085.99,2091.97,2097.3,2071.33,6.65429199,77.63448715439999
801030,2011-11-29,2129.93,2105.07,2129.93,2096.0,9.24445765,111.3961146448
801030,2011-11-30,2043.45,2124.18,2124.62,2019.6,11.00997152,125.7020355401
801030,2011-12-01,2082.44,2099.39,2117.2,2079.4,11.9118161,141.2595621541
801030,2011-12-02,2038.56,2070.76,2072.7,2026.45,8.03007872,92.1105180616
801030,2011-12-05,1976.7,2033.01,2033.88,1973.51,7.30847688,83.2388838654
801030,2011-12-06,1971.46,1968.96,1977.31,1949.44,6.21075349,67.8644843717
801030,2011-12-07,1973.8,1970.99,1984.49,1961.18,5.41721417,61.199670323
801030,2011-12-08,1967.04,1969.98,1985.32,1933.95,6.62525093,74.3349086876
801030,2011-12-09,1942.82,1951.07,1969.08,1936.6,5.49325764,61.8892073266
801030,2011-12-12,1918.75,1941.78,1949.99,1917.07,5.4719783,60.5590086104
801030,2011-12-13,1840.42,1904.54,1906.83,1835.55,8.00219526,83.3519290258
801030,2011-12-14,1802.18,1834.16,1848.71,1796.85,6.21407486,64.801061854
801030,2011-12-15,1748.85,1785.52,1787.59,1742.4,6.94880788,71.5468464514
801030,2011-12-16,1798.09,1746.61,1798.36,1739.74,7.07181782,72.4480372127
801030,2011-12-19,1790.65,1784.06,1792.22,1742.23,6.79702515,71.4006426245
801030,2011-12-20,1786.21,1782.3,1815.46,1779.71,7.19749255,75.0768346151
801030,2011-12-21,1739.6,1804.09,1809.34,1738.62,6.84140456,71.4754224933
801030,2011-12-22,1709.26,1723.3,1729.39,1661.82,8.21629707,79.76299864100001
801030,2011-12-23,1727.74,1701.62,1744.42,1697.48,6.27565644,64.639015168
801030,2011-12-26,1717.12,1721.74,1741.59,1715.17,5.12893668,52.56672403859999
801030,2011-12-27,1669.3,1710.7,1712.42,1665.73,5.35499141,53.52288155350001
801030,2011-12-28,1661.6,1657.61,1662.29,1624.36,5.7701161,57.1403882918
801030,2011-12-29,1659.18,1650.06,1671.6,1647.54,5.56601433,54.3327996737
801030,2011-12-30,1691.53,1666.21,1691.53,1663.49,5.6880493,57.95364082020001
801030,2012-01-04,1655.2,1706.52,1712.86,1655.2,6.26209185,63.1749194695
801030,2012-01-05,1599.42,1644.87,1647.17,1597.9,6.59476663,64.2550324152
801030,2012-01-06,1613.57,1596.33,1613.57,1565.92,5.95441063,57.535567559899995
801030,2012-01-09,1688.51,1612.97,1688.51,1598.7,9.1547107,90.2028063122
801030,2012-01-10,1755.61,1685.33,1755.61,1683.16,13.13047203,130.4306648446
801030,2012-01-11,1756.81,1753.44,1765.5,1740.08,10.51805542,104.55153904
801030,2012-01-12,1760.38,1749.55,1785.22,1748.9,10.44636194,105.9133791828
801030,2012-01-13,1705.6,1757.93,1762.54,1688.37,10.01652587,102.4485600704
801030,2012-01-16,1651.75,1684.23,1696.86,1651.75,6.69620981,64.8118957844
801030,2012-01-17,1749.06,1653.26,1749.06,1646.55,10.9388463,106.89825947950001
801030,2012-01-18,1719.02,1750.46,1769.42,1710.77,10.43928446,108.6970189809
801030,2012-01-19,1737.26,1716.51,1747.18,1705.01,7.62102201,79.7831019425
801030,2012-01-20,1750.51,1735.38,1754.91,1727.29,8.19951925,92.4545747953
801030,2012-01-30,1740.71,1754.05,1763.01,1734.69,6.89803302,73.9326439157
801030,2012-01-31,1743.5,1737.0,1744.1,1720.98,6.62656608,63.39734988560001
801030,2012-02-01,1732.52,1740.2,1764.74,1726.98,7.01324638,72.1610768763
801030,2012-02-02,1765.89,1736.89,1765.89,1732.96,7.95208435,80.7840798527
801030,2012-02-03,1807.11,1765.08,1812.52,1760.21,12.57614574,130.3781842584
801030,2012-02-06,1828.38,1813.06,1831.44,1809.27,12.49822118,127.6497218443
801030,2012-02-07,1790.76,1816.8,1818.0,1777.23,10.16992633,100.0760822547
801030,2012-02-08,1842.73,1789.21,1842.73,1787.23,12.97106453,130.4364428714
801030,2012-02-09,1845.74,1838.82,1863.31,1835.86,13.39213575,140.6064154825
801030,2012-02-10,1855.23,1841.72,1861.85,1839.57,11.49801413,119.5336272781
801030,2012-02-13,1867.66,1842.65,1879.63,1835.56,12.24369287,127.7310999881
801030,2012-02-14,1869.32,1868.27,1879.81,1860.33,12.26744933,126.29788856530001
801030,2012-02-15,1896.63,1866.51,1896.63,1860.15,13.90243557,141.968612605
801030,2012-02-16,1889.7,1892.4,1908.46,1870.91,13.98104032,136.8508026503
801030,2012-02-17,1880.84,1895.43,1901.74,1867.43,10.30573305,103.5582626676
801030,2012-02-20,1883.73,1906.03,1907.64,1882.65,11.91214912,126.1744814252
801030,2012-02-21,1898.47,1881.9,1898.47,1857.85,11.54708445,119.95982130450001
801030,2012-02-22,1935.84,1898.59,1935.84,1895.76,17.15249343,191.35991289790002
801030,2012-02-23,1942.47,1936.44,1948.65,1923.66,16.27843421,181.6993449059
801030,2012-02-24,1963.57,1942.94,1963.57,1936.27,14.89550628,163.8150849018
801030,2012-02-27,1973.72,1969.47,2004.29,1969.02,19.74131913,226.06373224720002
801030,2012-02-28,1957.55,1963.86,1970.71,1936.9,14.85876853,165.1995426614
801030,2012-02-29,1936.92,1952.85,1963.89,1935.44,12.59017779,136.6363487696
801030,2012-03-01,1945.56,1928.75,1958.4,1927.71,10.88565986,113.2380863647
801030,2012-03-02,1983.45,1949.41,1983.45,1948.68,13.53882043,149.1528632103
801030,2012-03-05,1989.71,1989.18,1999.19,1986.36,15.05342424,168.7689802691
801030,2012-03-06,1971.28,1985.36,1986.18,1958.09,16.4350212,180.877208292
801030,2012-03-07,1958.72,1949.99,1980.64,1944.68,14.40426419,156.9120371367
801030,2012-03-08,1987.77,1965.87,1992.25,1965.04,13.59633137,150.219188685
801030,2012-03-09,2020.76,1992.96,2020.76,1986.6,16.48765598,190.80835065029999
801030,2012-03-12,2028.86,2021.98,2030.43,2014.89,16.60180238,198.42385082090001
801030,2012-03-13,2063.15,2026.83,2063.15,2020.55,19.90124271,227.2420446172
801030,2012-03-14,1977.2,2072.29,2075.99,1963.96,27.63023148,317.3981394956
801030,2012-03-15,1958.8,1970.9,1987.42,1932.16,19.83702065,219.80803131759998
801030,2012-03-16,2001.45,1961.41,2001.45,1954.89,17.39904422,203.9493769351
801030,2012-03-19,2029.61,1999.14,2029.61,1991.62,15.77997068,186.7135493157
801030,2012-03-20,1980.74,2028.81,2028.97,1980.74,14.27929108,164.6699129074
801030,2012-03-21,1989.89,1987.98,1998.99,1953.07,13.72580892,163.9240943702
801030,2012-03-22,1970.09,1985.34,1987.2,1963.82,10.1738632,125.063390289
801030,2012-03-23,1929.72,1961.69,1962.18,1920.18,11.27594749,135.2709795425
801030,2012-03-26,1926.76,1923.5,1935.94,1912.25,8.11474329,96.5599421492
801030,2012-03-27,1920.52,1937.13,1942.74,1916.81,10.53205106,114.9426879307
801030,2012-03-28,1833.74,1910.71,1911.24,1829.77,12.67085664,134.2190890292
801030,2012-03-29,1799.58,1822.27,1826.33,1781.85,11.30113216,112.0763001983
801030,2012-03-30,1785.93,1798.81,1810.57,1770.31,9.45044661,94.6027279941
801030,2012-04-05,1836.31,1785.31,1836.98,1781.03,10.6742241,109.7554654876
801030,2012-04-06,1847.51,1836.23,1854.47,1831.38,10.88564867,113.106615196
801030,2012-04-09,1824.14,1841.59,1850.4,1823.74,9.33151129,94.0793068036
801030,2012-04-10,1838.88,1812.06,1838.88,1781.4,10.34157238,101.00320571120001
801030,2012-04-11,1849.21,1817.99,1852.03,1810.2,11.8883035,112.27200267219999
801030,2012-04-12,1884.07,1852.2,1884.17,1847.45,13.78540504,132.026951925
801030,2012-04-13,1901.86,1887.59,1909.73,1878.93,14.89593071,147.50245967979998
801030,2012-04-16,1896.31,1886.14,1906.72,1881.64,11.56893125,108.17744978399999
801030,2012-04-17,1876.16,1895.34,1905.64,1876.16,11.4852147,110.5610733513
801030,2012-04-18,1916.56,1880.58,1917.48,1878.78,13.63969421,130.6755152162
801030,2012-04-19,1913.62,1916.32,1926.0,1904.62,13.07685712,129.6738366124
801030,2012-04-20,1922.52,1909.02,1923.87,1902.13,13.54988751,137.9016932309
801030,2012-04-23,1880.12,1919.15,1920.19,1875.16,14.61031117,142.5220190119
801030,2012-04-24,1856.74,1862.38,1886.7,1809.93,14.50320238,137.3912938117
801030,2012-04-25,1876.47,1847.97,1879.9,1842.7,14.4445962,132.67549998479998
801030,2012-04-26,1872.87,1878.72,1884.69,1862.58,13.33651974,120.6090909964
801030,2012-04-27,1861.09,1868.0,1873.59,1857.58,10.19986807,95.6220260324
801030,2012-05-02,1889.83,1879.08,1895.41,1863.2,14.22832289,141.11233731389999
801030,2012-05-03,1895.86,1884.51,1897.16,1882.23,11.41738457,116.8332916464
801030,2012-05-04,1919.1,1894.4,1919.93,1892.64,12.43663722,128.0921128665
801030,2012-05-07,1931.25,1910.73,1931.25,1908.59,12.30713497,133.8411494776
801030,2012-05-08,1936.51,1930.22,1943.99,1914.46,12.74520781,131.5851921322
801030,2012-05-09,1900.28,1922.31,1922.85,1899.23,11.19751987,113.3272774534
801030,2012-05-10,1909.23,1900.96,1914.73,1899.67,10.65570657,100.1252771898
801030,2012-05-11,1897.45,1911.04,1922.67,1897.45,10.80188285,110.0766514297
801030,2012-05-14,1883.39,1912.68,1913.6,1882.01,10.96145224,107.1470156273
801030,2012-05-15,1878.48,1866.45,1878.81,1855.84,9.6137661,93.1031392319
801030,2012-05-16,1852.37,1873.16,1880.46,1852.37,8.95137806,84.7320928347
801030,2012-05-17,1878.94,1851.76,1878.94,1844.29,9.84814824,91.0849318793
801030,2012-05-18,1848.6,1866.89,1875.0,1844.68,11.45632193,103.4866639761
801030,2012-05-21,1847.11,1846.43,1859.8,1826.22,9.1443991,87.73932060979999
801030,2012-05-22,1876.23,1854.91,1876.23,1854.06,10.68031552,101.9755100026
801030,2012-05-23,1865.93,1871.94,1876.09,1847.91,12.08816523,117.7796193423
801030,2012-05-24,1844.89,1859.33,1866.66,1840.41,10.35602498,99.6409866103
801030,2012-05-25,1826.34,1845.55,1850.37,1821.63,9.93213802,95.8448287664
801030,2012-05-28,1845.11,1818.11,1845.11,1793.55,12.03022,113.1912069765
801030,2012-05-29,1877.53,1842.98,1878.22,1841.72,14.35075802,141.0968772825
801030,2012-05-30,1875.16,1874.96,1881.47,1870.14,11.19726751,108.63292402190001
801030,2012-05-31,1882.57,1865.28,1892.42,1860.44,12.46554901,124.27056819040001
801030,2012-06-01,1882.2,1881.5,1896.13,1873.82,10.46196904,104.9523814064
801030,2012-06-04,1812.83,1850.36,1854.19,1812.83,11.72580596,107.3420647092
801030,2012-06-05,1806.53,1814.53,1824.13,1799.53,8.76352462,81.6296532624
801030,2012-06-06,1803.25,1813.38,1819.35,1796.68,8.6299103,81.5339372844
801030,2012-06-07,1791.62,1822.95,1826.84,1787.22,9.58894937,88.9107711593
801030,2012-06-08,1786.38,1807.65,1808.15,1782.83,8.32377846,77.7885698083
801030,2012-06-11,1815.33,1790.01,1816.04,1784.76,8.29603231,77.7681662717
801030,2012-06-12,1799.73,1806.31,1810.03,1794.06,7.79938284,74.8572287506
801030,2012-06-13,1833.76,1803.99,1833.76,1800.61,10.60372748,97.4513810771
801030,2012-06-14,1818.77,1827.97,1840.08,1816.91,9.95692253,95.38219089969999
801030,2012-06-15,1816.1,1821.65,1827.3,1795.78,8.74391597,82.3339318034
801030,2012-06-18,1827.48,1822.55,1833.93,1820.59,8.18506304,76.2907860748
801030,2012-06-19,1815.67,1825.64,1826.64,1813.54,8.6714667,77.25622797189999
801030,2012-06-20,1811.13,1820.3,1825.85,1808.24,9.30940479,78.9606754134
801030,2012-06-21,1781.45,1807.02,1807.66,1772.67,8.84579866,81.2481904016
801030,2012-06-25,1734.11,1773.95,1774.93,1734.0,7.85001638,72.6409041551
801030,2012-06-26,1733.01,1722.94,1738.75,1707.15,8.06341857,69.5078112059
801030,2012-06-27,1728.95,1732.6,1746.15,1727.93,7.49267481,72.4203343377
801030,2012-06-28,1704.61,1732.13,1737.65,1704.46,7.36092126,68.2282381264
801030,2012-06-29,1721.51,1696.34,1721.51,1683.47,7.49555305,71.97198739779999
801030,2012-07-02,1738.57,1733.46,1746.95,1726.75,7.75739095,77.4670072876
801030,2012-07-03,1741.11,1740.26,1756.48,1735.32,8.81519703,88.27292278979999
801030,2012-07-04,1737.32,1743.76,1747.84,1731.28,7.83618432,77.8694217799
801030,2012-07-05,1694.34,1728.7,1732.68,1693.37,7.97488485,78.2312421303
801030,2012-07-06,1722.3,1702.19,1722.46,1678.59,9.68986671,91.7578485125
801030,2012-07-09,1683.58,1711.62,1721.72,1683.32,10.38600068,100.354688596
801030,2012-07-10,1674.33,1676.27,1687.4,1668.64,8.69784399,83.7798295785
801030,2012-07-11,1698.09,1672.14,1698.09,1666.91,9.33138119,92.4458500078
801030,2012-07-12,1720.8,1693.16,1726.98,1682.46,11.04856047,109.8492024085
801030,2012-07-13,1708.91,1712.99,1724.42,1705.64,9.12427813,90.6429836806
801030,2012-07-16,1650.46,1707.15,1707.17,1649.2,10.1231345,95.78780765329999
801030,2012-07-17,1670.98,1643.36,1670.98,1641.48,8.6712641,84.7397315329
801030,2012-07-18,1685.24,1667.8,1685.24,1653.57,9.72155374,95.2033033356
801030,2012-07-19,1701.07,1681.58,1714.35,1678.78,10.95099044,103.1184983966
801030,2012-07-20,1694.07,1697.17,1706.87,1689.27,8.70427172,82.21542345350001
801030,2012-07-23,1678.67,1682.2,1686.92,1668.57,7.21628596,69.8161358184
801030,2012-07-24,1686.02,1667.32,1697.09,1665.44,6.99308168,69.5603458932
801030,2012-07-25,1674.55,1680.83,1693.13,1671.11,7.91454442,77.93781656430001
801030,2012-07-26,1660.47,1673.23,1684.95,1658.86,7.01146911,69.75309273010001
801030,2012-07-27,1654.75,1667.3,1671.63,1649.97,6.37772001,61.166516270200006
801030,2012-07-30,1626.09,1650.28,1656.58,1620.83,7.13600624,66.82461768659999
801030,2012-07-31,1586.47,1619.83,1623.69,1585.59,8.06156994,74.236911834
801030,2012-08-01,1608.28,1583.8,1617.5,1583.8,6.81251196,61.8635828882
801030,2012-08-02,1589.61,1603.8,1611.61,1583.0,6.05337611,53.4136176042
801030,2012-08-03,1629.93,1593.35,1629.93,1590.12,7.57188713,65.9794454438
801030,2012-08-06,1669.48,1624.53,1669.86,1620.93,10.14031488,89.0739510059
801030,2012-08-07,1690.16,1667.81,1691.55,1666.55,12.07343472,104.7749649641
801030,2012-08-08,1690.81,1688.02,1696.28,1677.42,11.58578871,102.5136559644
801030,2012-08-09,1712.61,1689.28,1713.0,1679.61,11.97728785,110.9109675133
801030,2012-08-10,1714.9,1711.84,1721.82,1709.84,11.86634302,106.3876056756
801030,2012-08-13,1681.03,1712.54,1713.14,1680.82,10.5353418,95.2366541049
801030,2012-08-14,1700.15,1680.29,1700.15,1657.27,10.48452287,97.88744628209999
801030,2012-08-15,1680.26,1695.68,1696.54,1678.02,8.27266144,75.9701438754
801030,2012-08-16,1664.06,1674.3,1680.53,1662.23,8.12746224,69.0952429178
801030,2012-08-17,1670.9,1664.12,1677.02,1655.39,7.72986071,66.45376446
801030,2012-08-20,1679.09,1658.53,1681.33,1651.17,8.79497647,72.9512713247
801030,2012-08-21,1700.17,1679.62,1704.48,1676.17,10.03605074,90.602662729
801030,2012-08-22,1685.11,1702.21,1704.3,1680.8,10.05458525,90.2348556976
801030,2012-08-23,1699.91,1684.75,1702.94,1678.77,10.43371667,96.4205814515
801030,2012-08-24,1667.28,1693.79,1694.34,1667.27,10.61357435,98.4644186458
801030,2012-08-27,1628.55,1659.41,1659.98,1628.13,9.63547706,81.7556826972
801030,2012-08-28,1644.64,1625.48,1654.46,1624.78,9.22896995,73.526167321
801030,2012-08-29,1627.39,1639.46,1649.35,1627.39,8.94283325,70.4330267966
801030,2012-08-30,1602.13,1622.51,1633.63,1580.84,9.94693975,84.2607749343
801030,2012-08-31,1614.05,1597.36,1619.6,1595.41,7.21411351,59.3083352903
801030,2012-09-03,1640.44,1610.79,1642.64,1608.35,8.79272397,76.1092187891
801030,2012-09-04,1627.73,1640.36,1647.6,1624.91,9.89630875,84.0974681767
801030,2012-09-05,1633.53,1623.15,1638.76,1618.3,8.33797471,69.3530838274
801030,2012-09-06,1651.49,1635.95,1651.49,1635.45,8.86962991,74.2204640093
801030,2012-09-07,1710.32,1664.25,1725.44,1662.72,18.00092526,154.6122932102
801030,2012-09-10,1732.9,1710.28,1734.35,1705.06,15.57993827,135.6915985005
801030,2012-09-11,1727.31,1725.3,1727.31,1712.14,13.07719261,116.0693409558
801030,2012-09-12,1741.76,1735.45,1742.05,1721.66,14.76217961,129.9310342819
801030,2012-09-13,1712.04,1740.4,1744.14,1712.04,12.65523081,111.7181858498
801030,2012-09-14,1721.03,1724.69,1731.73,1704.54,12.98183251,112.8039838141
801030,2012-09-17,1675.68,1717.44,1718.29,1674.6,11.07759571,94.63698371950001
801030,2012-09-18,1665.01,1670.37,1678.22,1656.15,8.68706523,75.4644652687
801030,2012-09-19,1673.41,1665.91,1674.85,1661.6,7.2933986,61.5531493973
801030,2012-09-20,1622.74,1667.77,1668.61,1618.35,9.87209598,85.52032529680001
801030,2012-09-21,1615.93,1616.32,1632.96,1607.72,8.30536567,71.9818467117
801030,2012-09-24,1626.82,1607.42,1630.66,1598.03,7.76090696,69.3825037862
801030,2012-09-25,1617.6,1623.32,1635.91,1613.13,8.07714859,72.4494307473
801030,2012-09-26,1582.32,1615.27,1619.82,1579.33,8.52251429,71.5155518422
801030,2012-09-27,1623.52,1582.75,1632.17,1582.44,10.44725206,88.5655441413
801030,2012-09-28,1654.7,1614.57,1655.02,1613.77,10.91988998,93.53079929280001
801030,2012-10-08,1662.95,1654.28,1669.99,1654.06,9.73080851,84.34712214449999
801030,2012-10-09,1702.63,1666.38,1702.63,1665.4,13.44776913,116.04627415690001
801030,2012-10-10,1716.94,1698.35,1717.23,1694.65,13.95318656,120.367016685
801030,2012-10-11,1704.9,1710.69,1719.87,1704.18,13.34219438,119.21666312709999
801030,2012-10-12,1716.0,1707.06,1722.21,1699.26,15.18401515,124.27472075760001
801030,2012-10-15,1701.08,1714.74,1716.34,1684.63,11.78803615,100.14779729709998
801030,2012-10-16,1702.88,1698.62,1714.28,1692.71,10.23649647,90.5949241722
801030,2012-10-17,1716.41,1707.09,1722.27,1695.27,11.83519213,102.4979542631
801030,2012-10-18,1739.26,1717.43,1742.6,1716.89,13.18983925,113.6805949906
801030,2012-10-19,1727.23,1738.25,1742.05,1725.26,11.43117967,97.77687765799999
801030,2012-10-22,1739.67,1717.63,1741.49,1713.76,10.20366101,88.9009241011
801030,2012-10-23,1715.8,1738.18,1739.13,1713.7,11.0712464,94.9217446732
801030,2012-10-24,1715.58,1706.24,1723.73,1705.44,11.53568416,89.3184300308
801030,2012-10-25,1690.58,1713.71,1724.51,1690.46,11.36935306,88.6333870776
801030,2012-10-26,1656.7,1689.0,1691.73,1647.23,10.13042325,81.7443832109
801030,2012-10-29,1648.23,1652.17,1658.57,1639.58,6.64248846,56.8262786257
801030,2012-10-30,1647.25,1649.73,1661.53,1643.02,7.38104361,63.1429239722
801030,2012-10-31,1657.72,1646.79,1657.72,1642.87,6.87319646,58.529260279
801030,2012-11-01,1688.2,1660.25,1690.0,1659.79,9.52602774,78.6402167431
801030,2012-11-02,1693.91,1688.27,1695.28,1681.89,8.22221087,69.89452380979999
801030,2012-11-05,1682.5,1690.53,1695.71,1674.73,7.66561275,65.0711159893
801030,2012-11-06,1664.38,1683.23,1683.64,1646.14,8.14909493,67.9214146576
801030,2012-11-07,1664.3,1662.61,1669.87,1652.46,6.5035778,53.7868920247
801030,2012-11-08,1618.68,1650.36,1651.92,1618.08,7.61826317,60.2542157472
801030,2012-11-09,1615.52,1614.24,1625.06,1607.46,5.90028071,49.0498583524
801030,2012-11-12,1622.8,1615.64,1624.72,1610.39,5.32337388,43.4628239772
801030,2012-11-13,1590.79,1622.46,1622.8,1588.85,6.93126293,54.6550056357
801030,2012-11-14,1593.43,1591.05,1594.89,1576.0,6.58390714,49.7656199223
801030,2012-11-15,1565.15,1584.28,1590.74,1564.65,6.1090686,47.9217840154
801030,2012-11-16,1556.31,1561.88,1563.22,1545.65,5.56804284,42.8841160623
801030,2012-11-19,1568.4,1555.39,1568.4,1543.58,5.39923471,41.096102973600004
801030,2012-11-20,1559.09,1572.07,1575.33,1557.71,5.27911821,41.8572221576
801030,2012-11-21,1580.68,1559.12,1580.68,1541.89,7.02315104,54.4250406839
801030,2012-11-22,1563.67,1574.69,1575.63,1561.3,6.51487024,49.8501983058
801030,2012-11-23,1570.17,1566.68,1577.79,1563.69,6.05670554,48.03722226479999
801030,2012-11-26,1549.38,1567.18,1568.08,1547.34,5.40916295,43.548799844099996
801030,2012-11-27,1494.32,1543.35,1545.43,1493.72,7.45562142,56.845390187
801030,2012-11-28,1461.85,1484.63,1486.58,1458.77,6.45736235,48.115896789
801030,2012-11-29,1443.11,1461.71,1470.62,1441.02,5.96901705,43.1233274466
801030,2012-11-30,1462.85,1441.39,1463.09,1439.57,5.81192803,41.24779005
801030,2012-12-03,1430.06,1459.48,1466.88,1427.8,5.67358465,39.9609746572
801030,2012-12-04,1446.68,1424.89,1449.69,1410.51,6.98792287,48.0078617278
801030,2012-12-05,1499.62,1445.41,1508.19,1443.09,11.27923767,82.15771782520001
801030,2012-12-06,1495.61,1498.76,1507.16,1487.2,7.65860073,55.4593597112
801030,2012-12-07,1537.26,1493.55,1539.19,1491.81,12.00471596,90.86810913069999
801030,2012-12-10,1565.63,1541.02,1568.13,1536.07,13.68687216,106.4667140635
801030,2012-12-11,1552.48,1561.7,1567.7,1552.46,11.64005739,87.19004304559999
801030,2012-12-12,1551.34,1549.55,1559.77,1534.02,9.44901076,71.6069872031
801030,2012-12-13,1530.22,1546.69,1552.88,1529.39,8.77751489,65.3280752525
801030,2012-12-14,1590.11,1528.89,1592.09,1528.79,16.44970439,126.09174678459999
801030,2012-12-17,1602.8,1590.73,1608.85,1590.53,14.57825325,113.7481777392
801030,2012-12-18,1594.69,1602.66,1617.47,1588.34,12.51709214,97.5700988193
801030,2012-12-19,1600.47,1591.13,1604.88,1588.95,9.38424662,74.3424024862
801030,2012-12-20,1610.96,1595.46,1611.8,1589.32,11.7001376,95.8670231197
801030,2012-12-21,1609.86,1612.5,1630.88,1601.17,11.50262387,97.72656994379999
801030,2012-12-24,1622.61,1606.97,1622.61,1606.1,10.07412917,88.0720560683
801030,2012-12-25,1655.84,1618.43,1660.47,1615.94,15.04433448,128.3926647673
801030,2012-12-26,1681.08,1654.8,1681.08,1654.03,14.38835142,125.2810996315
801030,2012-12-27,1669.24,1684.68,1691.23,1667.63,15.52039619,129.3560720062
801030,2012-12-28,1679.71,1666.61,1679.71,1658.07,13.07227247,113.29024205799999
801030,2012-12-31,1696.21,1683.07,1696.21,1679.2,12.82436908,114.3245032242
801030,2013-01-04,1685.68,1705.76,1708.76,1672.32,13.37903081,121.43689906780001
801030,2013-01-07,1703.48,1681.88,1703.91,1679.42,13.65415332,120.08437173829999
801030,2013-01-08,1726.86,1704.79,1732.89,1703.2,18.09786041,156.3681502308
801030,2013-01-09,1734.75,1725.13,1745.23,1719.41,18.50005687,155.6695824209
801030,2013-01-10,1739.71,1733.15,1749.38,1725.48,16.16501995,142.17897939370002
801030,2013-01-11,1697.85,1740.22,1742.81,1693.66,16.10659189,142.3166059066
801030,2013-01-14,1758.92,1693.24,1760.26,1693.1,18.12378583,164.1920159928
801030,2013-01-15,1797.55,1759.98,1801.26,1759.98,22.59093705,205.272639901
801030,2013-01-16,1801.19,1798.67,1808.64,1775.77,20.77112345,191.1728108945
801030,2013-01-17,1785.81,1801.34,1807.99,1781.86,16.0202266,148.8217145825
801030,2013-01-18,1813.35,1792.43,1815.16,1785.06,16.04790175,146.04970024370002
801030,2013-01-21,1823.91,1816.6,1823.91,1804.77,16.58587857,145.2366160991
801030,2013-01-22,1800.76,1821.67,1821.83,1785.4,17.0288309,151.1359590672
801030,2013-01-23,1799.81,1795.4,1802.75,1777.29,13.7430026,120.11714234950001
801030,2013-01-24,1773.04,1800.1,1825.76,1758.59,19.28650154,168.7338656406
801030,2013-01-25,1776.88,1772.57,1787.13,1769.83,13.62887225,113.6683106974
801030,2013-01-28,1820.72,1776.47,1820.72,1776.37,14.79869241,128.5682143728
801030,2013-01-29,1837.55,1820.27,1841.08,1817.51,16.4033314,145.33884159069999
801030,2013-01-30,1840.82,1837.22,1844.19,1823.24,17.95035137,153.70125493959998
801030,2013-01-31,1839.42,1840.19,1842.53,1826.77,17.46141239,149.2228396433
801030,2013-02-01,1852.41,1832.53,1853.17,1831.24,16.97018408,147.0970882935
801030,2013-02-04,1847.88,1857.48,1860.15,1836.53,17.96299265,160.4105099842
801030,2013-02-05,1861.0,1836.33,1861.08,1834.34,15.63487889,140.9694791225
801030,2013-02-06,1871.38,1859.43,1877.26,1859.41,13.33316723,122.7220717232
801030,2013-02-07,1885.63,1873.19,1889.19,1869.38,12.77946335,120.7075332662
801030,2013-02-08,1914.03,1885.19,1915.35,1885.02,12.72329965,122.2259174309
801030,2013-02-18,1923.99,1921.67,1929.92,1909.8,15.45394077,141.47695881139998
801030,2013-02-19,1893.18,1923.96,1931.63,1885.35,16.99998474,148.0092407466
801030,2013-02-20,1921.37,1889.81,1921.37,1889.81,14.80548972,133.5497969056
801030,2013-02-21,1877.04,1910.02,1910.74,1861.69,16.830246,147.4810584828
801030,2013-02-22,1866.57,1872.54,1883.16,1863.87,12.86476107,118.6101523908
801030,2013-02-25,1890.1,1869.31,1892.79,1868.97,13.29217419,118.95750522370001
801030,2013-02-26,1860.33,1881.27,1894.99,1857.11,14.1762981,132.701138445
801030,2013-02-27,1870.0,1861.34,1882.07,1855.97,12.7471046,118.97954822850001
801030,2013-02-28,1909.38,1875.42,1909.38,1868.95,15.82350745,149.5590849495
801030,2013-03-01,1941.48,1911.04,1941.48,1909.97,18.71326895,178.16525057959998
801030,2013-03-04,1888.44,1930.03,1933.49,1873.64,22.3871705,202.1519119469
801030,2013-03-05,1935.18,1891.13,1935.18,1889.81,17.28886912,162.3550422256
801030,2013-03-06,1967.98,1940.81,1967.98,1939.33,21.43524811,209.7919518477
801030,2013-03-07,1950.39,1963.56,1970.53,1928.61,21.51221509,200.8866055922
801030,2013-03-08,1934.39,1949.19,1957.85,1932.53,15.12787462,142.4996429522
801030,2013-03-11,1930.15,1932.13,1936.19,1917.73,12.94426805,119.8700675827
801030,2013-03-12,1888.06,1929.27,1944.03,1862.32,17.12173493,156.30381521729998
801030,2013-03-13,1872.16,1880.69,1884.52,1858.29,12.4540682,115.1413330023
801030,2013-03-14,1882.29,1864.74,1891.34,1863.77,10.91645059,102.8511609906
801030,2013-03-15,1889.02,1881.95,1916.32,1867.92,12.54934736,118.5066795142
801030,2013-03-18,1856.32,1879.34,1887.27,1856.2,10.87568261,99.9719923942
801030,2013-03-19,1865.62,1858.96,1868.08,1838.69,10.30295534,93.63186197739999
801030,2013-03-20,1908.69,1863.89,1908.79,1863.87,12.10697893,113.76251831209998
801030,2013-03-21,1939.13,1910.26,1939.14,1909.1,16.45814001,158.49748206709998
801030,2013-03-22,1948.95,1935.45,1952.96,1933.13,14.64483787,143.2485178314
801030,2013-03-25,1951.82,1953.04,1963.16,1944.54,13.41793424,131.3559600959
801030,2013-03-26,1942.28,1944.67,1945.69,1918.14,14.32167839,143.0952944704
801030,2013-03-27,1945.95,1939.9,1962.21,1937.22,13.23168974,131.2831900081
801030,2013-03-28,1900.95,1931.88,1932.72,1900.74,13.39132522,123.3492711362
801030,2013-03-29,1897.37,1901.13,1912.03,1894.1,9.63467721,91.6001369754
801030,2013-04-01,1905.8,1892.02,1913.89,1892.02,10.01069699,96.21892907620001
801030,2013-04-02,1875.91,1900.8,1919.73,1871.64,12.32088298,118.553858567
801030,2013-04-03,1857.33,1877.9,1883.2,1849.14,10.76016617,102.5817504782
801030,2013-04-08,1863.6,1833.7,1863.6,1816.4,9.73713143,89.1758208273
801030,2013-04-09,1875.89,1854.37,1882.31,1854.21,10.40484779,99.13228743200001
801030,2013-04-10,1861.62,1870.79,1873.15,1845.38,9.11917714,88.5642405957
801030,2013-04-11,1856.07,1866.18,1872.76,1855.69,7.96418186,73.1497708543
801030,2013-04-12,1845.44,1857.94,1866.28,1844.92,8.35395099,78.7869400558
801030,2013-04-15,1814.24,1840.65,1841.33,1809.91,8.06992394,74.9060248066
801030,2013-04-16,1826.33,1799.84,1827.42,1792.98,8.06716433,75.4781269742
801030,2013-04-17,1843.42,1826.45,1843.42,1823.67,7.87760752,77.41429501100001
801030,2013-04-18,1852.14,1835.78,1857.37,1831.07,8.85540051,85.97394697950001
801030,2013-04-19,1893.86,1854.22,1900.7,1854.17,13.18505083,127.9774316286
801030,2013-04-22,1892.91,1882.31,1892.91,1876.75,12.4690535,122.91730899209999
801030,2013-04-23,1835.95,1891.18,1891.24,1834.39,12.37802827,122.34180748280001
801030,2013-04-24,1873.39,1839.42,1877.68,1837.04,11.16112904,114.8327612742
801030,2013-04-25,1834.81,1865.73,1870.95,1834.64,12.89429742,134.2234515551
801030,2013-04-26,1800.63,1830.34,1835.97,1797.11,10.01132512,100.63090313469999
801030,2013-05-02,1802.76,1788.21,1805.84,1787.12,8.24488555,84.0487210239
801030,2013-05-03,1832.03,1803.47,1841.65,1802.79,11.2072425,107.8163777469
801030,2013-05-06,1858.39,1836.7,1860.13,1835.67,12.72982841,122.71149746719999
801030,2013-05-07,1855.41,1855.94,1859.82,1844.01,11.56833272,119.1214211966
801030,2013-05-08,1868.45,1857.36,1868.6,1851.21,10.66813751,106.6425225936
801030,2013-05-09,1863.25,1866.47,1874.43,1848.33,13.13270257,133.0967475331
801030,2013-05-10,1876.85,1859.57,1876.88,1854.74,12.6082825,120.8179137431
801030,2013-05-13,1874.57,1875.33,1879.24,1862.26,11.99866349,123.01532329129999
801030,2013-05-14,1852.93,1871.37,1871.69,1841.69,11.69905784,113.4480946699
801030,2013-05-15,1859.13,1846.33,1859.13,1843.91,10.31852098,102.1703897388
801030,2013-05-16,1875.69,1853.74,1879.56,1845.92,14.5846372,153.6021335642
801030,2013-05-17,1898.06,1872.86,1900.16,1871.4,14.84482958,144.2475314252
801030,2013-05-20,1926.13,1898.2,1926.33,1895.72,17.35223584,176.2134292791
801030,2013-05-21,1935.98,1923.39,1936.68,1918.08,16.8823535,162.5069235194
801030,2013-05-22,1918.96,1932.86,1937.28,1913.3,16.66367704,161.6047879616
801030,2013-05-23,1908.51,1911.22,1933.48,1902.01,14.45140424,141.00289577680002
801030,2013-05-24,1934.81,1909.68,1934.81,1908.26,13.00412709,124.9101054318
801030,2013-05-27,1957.53,1936.34,1957.53,1936.03,15.30741293,155.8063815801
801030,2013-05-28,1959.69,1959.9,1961.6,1934.58,16.2226675,159.1144931327
801030,2013-05-29,1977.3,1960.47,1979.17,1955.63,16.90216698,161.2325208314
801030,2013-05-30,1971.95,1971.75,1976.8,1963.26,16.44594159,155.978012527
801030,2013-05-31,1962.07,1974.12,1978.92,1961.06,16.21362157,156.7506037064
801030,2013-06-03,1945.48,1961.32,1968.44,1941.84,14.94020404,148.71342184350002
801030,2013-06-04,1913.99,1941.68,1941.79,1899.67,16.10125002,148.5032180026
801030,2013-06-05,1916.39,1911.9,1922.71,1903.43,11.32665809,105.74252771209999
801030,2013-06-06,1886.47,1910.47,1910.81,1885.77,12.22832488,116.6968781294
801030,2013-06-07,1858.33,1885.57,1895.85,1849.68,13.07647733,123.62645118200001
801030,2013-06-13,1799.44,1835.16,1835.52,1767.66,11.94653346,110.2031201612
801030,2013-06-14,1821.73,1798.35,1825.89,1797.47,10.4645853,102.193634843
801030,2013-06-17,1829.28,1823.26,1841.06,1814.0,10.40219681,106.770946908
801030,2013-06-18,1837.32,1830.66,1838.5,1814.45,9.22748085,86.809048692
801030,2013-06-19,1828.95,1828.47,1829.14,1806.97,10.10790386,92.56595050530001
801030,2013-06-20,1777.1,1817.33,1818.98,1775.36,10.36276743,92.49105257379999
801030,2013-06-21,1761.65,1747.63,1774.43,1724.2,10.16996476,86.4194763154
801030,2013-06-24,1664.11,1759.99,1760.27,1650.88,12.74773024,106.9986083652
801030,2013-06-25,1651.19,1646.03,1660.66,1540.67,16.7885933,136.9250598501
801030,2013-06-26,1678.1,1651.65,1678.1,1640.15,12.43127404,109.634547361
801030,2013-06-27,1654.66,1682.31,1705.9,1654.15,13.02222116,117.038490293
801030,2013-06-28,1657.09,1643.13,1683.75,1627.0,9.8362142,86.2009278862
801030,2013-07-01,1690.7,1656.67,1690.81,1651.62,9.5122959,86.0818470241
801030,2013-07-02,1717.46,1691.97,1717.46,1689.09,10.79340511,98.45369721540001
801030,2013-07-03,1704.11,1713.99,1714.57,1677.26,12.40443312,107.7251365623
801030,2013-07-04,1721.56,1696.85,1739.95,1689.62,13.72742303,126.4206127979
801030,2013-07-05,1706.79,1722.31,1733.12,1706.5,13.46885334,121.3299024429
801030,2013-07-08,1634.68,1682.4,1683.08,1634.68,12.20409554,105.5471964351
801030,2013-07-09,1631.41,1629.15,1642.17,1615.14,10.49503061,88.3283694007
801030,2013-07-10,1681.19,1633.88,1681.19,1633.35,12.82566205,103.0756794933
801030,2013-07-11,1722.19,1684.5,1737.37,1684.3,17.73404906,143.2265121685
801030,2013-07-12,1705.6,1719.76,1734.63,1701.2,14.57153085,130.62985024280002
801030,2013-07-15,1721.41,1704.18,1722.24,1696.57,12.2883324,111.5977438995
801030,2013-07-16,1744.16,1725.34,1744.16,1715.75,13.37846757,126.69358085879999
801030,2013-07-17,1709.86,1739.44,1746.26,1706.61,13.55120293,127.11541992129999
801030,2013-07-18,1701.54,1700.86,1715.72,1687.64,11.52116142,105.9393760264
801030,2013-07-19,1660.0,1702.0,1713.62,1659.8,13.9641498,124.5008103336
801030,2013-07-22,1683.28,1647.64,1683.28,1639.95,9.92340287,88.9410487748
801030,2013-07-23,1723.72,1685.41,1723.72,1685.26,13.70963897,123.5176067327
801030,2013-07-24,1730.5,1721.95,1734.66,1701.89,14.26901557,130.0999326793
801030,2013-07-25,1709.32,1732.12,1736.66,1706.25,13.02739407,122.91686298450001
801030,2013-07-26,1705.11,1701.06,1715.62,1690.56,10.83313249,98.03753338780001
801030,2013-07-29,1678.85,1698.06,1707.16,1676.65,11.91551012,104.7919840757
801030,2013-07-30,1681.57,1681.1,1691.8,1654.83,11.30573812,100.6911821576
801030,2013-07-31,1684.55,1683.35,1695.84,1678.23,10.61317241,92.318474417
801030,2013-08-01,1727.01,1688.08,1727.01,1686.91,14.75515871,122.8285147142
801030,2013-08-02,1725.7,1730.96,1737.07,1722.89,13.70447623,115.67866739440001
801030,2013-08-05,1761.6,1725.82,1761.6,1725.26,13.52625775,123.2559025595
801030,2013-08-06,1785.27,1761.86,1789.13,1759.38,16.74614811,148.0338281634
801030,2013-08-07,1773.58,1779.39,1791.05,1768.2,15.63572124,141.0887623622
801030,2013-08-08,1778.93,1769.98,1787.32,1767.5,13.18519204,120.0747443235
801030,2013-08-09,1800.32,1780.96,1800.32,1766.86,15.04857102,137.2272157509
801030,2013-08-12,1832.98,1804.84,1832.98,1804.75,17.92843828,161.7144431271
801030,2013-08-13,1837.95,1833.5,1837.95,1821.77,15.76975942,138.6501209055
801030,2013-08-14,1831.26,1838.32,1845.55,1823.89,16.7564125,147.326434885
801030,2013-08-15,1806.17,1827.43,1833.37,1805.48,15.35401383,137.08945577129998
801030,2013-08-16,1768.48,1797.12,1833.41,1768.48,16.71904036,142.9746678337
801030,2013-08-19,1801.23,1757.64,1801.23,1756.78,11.95980147,105.40288357440001
801030,2013-08-20,1798.93,1800.92,1816.91,1791.3,16.11268313,136.023789319
801030,2013-08-21,1803.22,1799.97,1803.22,1784.31,12.89174235,108.6824859373
801030,2013-08-22,1805.47,1798.96,1812.24,1797.14,13.63209745,119.0375605145
801030,2013-08-23,1794.72,1809.09,1814.27,1767.88,14.60885191,133.1018610233
801030,2013-08-26,1823.64,1797.16,1823.64,1794.56,13.28925022,118.60702703700001
801030,2013-08-27,1832.71,1824.53,1832.71,1817.47,14.68107775,130.7230749612
801030,2013-08-28,1814.49,1823.21,1827.62,1805.0,16.67665262,143.2824801469
801030,2013-08-29,1807.38,1815.46,1819.04,1798.33,13.70637942,115.62475538870001
801030,2013-08-30,1782.18,1806.75,1813.55,1776.96,16.65274951,137.8691680621
801030,2013-09-02,1791.39,1781.54,1792.96,1769.45,12.38596084,102.75029391860001
801030,2013-09-03,1812.97,1793.67,1812.97,1790.22,12.12707004,102.0645417953
801030,2013-09-04,1820.38,1813.51,1821.63,1808.09,15.38140277,125.04759840700001
801030,2013-09-05,1819.97,1822.79,1824.37,1813.18,15.00596517,129.15710007299998
801030,2013-09-06,1826.68,1816.8,1828.33,1814.94,15.88494333,140.0532988647
801030,2013-09-09,1835.17,1828.61,1835.89,1822.64,18.54317436,157.9012660985
801030,2013-09-10,1849.91,1837.38,1849.91,1831.73,20.29947383,171.4392222697
801030,2013-09-11,1850.61,1851.25,1851.8,1830.13,21.8578235,183.7729070703
801030,2013-09-12,1851.35,1843.49,1854.13,1839.81,18.31525499,141.68691369340002
801030,2013-09-13,1854.23,1851.34,1857.84,1848.21,15.10384777,129.9903049737
801030,2013-09-16,1855.54,1856.7,1862.82,1854.99,14.94562294,136.650688334
801030,2013-09-17,1828.14,1853.48,1855.08,1827.76,14.91620322,129.9201667735
801030,2013-09-18,1824.66,1818.75,1826.25,1808.31,11.96036029,105.2719161055
801030,2013-09-23,1846.04,1829.1,1846.04,1824.09,14.56389651,142.0154538369
801030,2013-09-24,1843.94,1850.05,1850.11,1830.25,16.62902261,153.23323269870002
801030,2013-09-25,1826.38,1843.58,1843.97,1823.38,19.48634669,167.0201575013
801030,2013-09-26,1802.19,1824.07,1825.58,1802.19,17.77602662,149.9408327796
801030,2013-09-27,1797.5,1801.96,1808.81,1794.59,13.67987309,121.6203865203
801030,2013-09-30,1812.72,1797.9,1812.89,1797.38,11.3213289,101.9901624804
801030,2013-10-08,1847.87,1810.87,1847.87,1805.55,15.02604117,137.0038843191
801030,2013-10-09,1864.43,1844.62,1864.43,1839.62,15.35115046,140.8581318042
801030,2013-10-10,1852.17,1863.73,1866.11,1844.1,17.73291678,156.9306207331
801030,2013-10-11,1884.97,1857.92,1884.97,1857.37,17.41335478,158.5991366705
801030,2013-10-14,1898.59,1889.1,1900.66,1883.6,18.52567791,173.50098427560002
801030,2013-10-15,1895.7,1897.44,1897.94,1879.25,17.23709475,164.3241559109
801030,2013-10-16,1858.85,1892.12,1892.52,1851.8,19.13375864,184.8247460227
801030,2013-10-17,1854.84,1864.95,1878.07,1850.45,14.99883584,144.1801542342
801030,2013-10-18,1850.14,1853.38,1858.14,1844.95,12.26930303,109.3530014586
801030,2013-10-21,1892.68,1853.19,1892.68,1849.99,17.79603298,164.3957478809
801030,2013-10-22,1885.16,1892.83,1904.27,1880.61,19.90510066,187.54411401349998
801030,2013-10-23,1844.38,1882.87,1888.09,1831.26,17.32606806,153.0873930758
801030,2013-10-24,1828.01,1840.43,1846.12,1823.55,11.28557952,100.85982337540001
801030,2013-10-25,1804.32,1829.09,1833.75,1793.64,13.79517292,121.36242064940001
801030,2013-10-28,1808.86,1808.31,1818.26,1800.57,12.30436799,111.110161061
801030,2013-10-29,1775.26,1812.12,1828.88,1741.83,20.23217717,166.5477842052
801030,2013-10-30,1800.14,1768.2,1800.14,1766.13,15.95491055,129.8203118435
801030,2013-10-31,1778.13,1797.12,1797.15,1774.42,16.96755461,143.3277279841
801030,2013-11-01,1763.6,1771.56,1772.04,1747.6,13.45691256,108.7299738757
801030,2013-11-04,1781.11,1760.76,1781.11,1760.68,11.7137579,98.0700276873
801030,2013-11-05,1801.15,1773.01,1803.21,1763.13,15.49231975,123.6408396291
801030,2013-11-06,1799.67,1799.12,1827.57,1797.35,19.56033326,155.7997982346
801030,2013-11-07,1782.85,1792.72,1800.52,1774.69,14.12209101,115.48915800729999
801030,2013-11-08,1757.94,1773.1,1782.33,1754.17,12.7343844,100.3449000283
801030,2013-11-11,1766.42,1751.75,1771.85,1743.08,10.79533545,87.87711030620001
801030,2013-11-12,1778.7,1764.5,1778.7,1758.5,11.62295064,97.6582736165
801030,2013-11-13,1740.24,1767.65,1768.08,1740.24,12.49314186,102.2270214563
801030,2013-11-14,1758.49,1739.55,1758.49,1729.3,11.52962414,100.06485773850001
801030,2013-11-15,1791.6,1760.98,1801.84,1760.83,16.94549645,146.5904461954
801030,2013-11-18,1826.94,1798.82,1826.94,1796.57,18.84417914,160.2232761154
801030,2013-11-19,1829.9,1829.02,1836.48,1820.78,17.51229114,148.5870835819
801030,2013-11-20,1837.12,1833.85,1837.12,1820.37,15.02431541,130.4144616684
801030,2013-11-21,1837.64,1830.1,1838.83,1819.2,17.18148616,147.8883454378
801030,2013-11-22,1847.46,1840.22,1860.58,1838.73,20.81146177,173.20994530119998
801030,2013-11-25,1831.14,1835.63,1849.46,1829.49,18.79878329,155.4195840461
801030,2013-11-26,1834.74,1827.94,1840.13,1824.53,15.31670392,128.55227688690002
801030,2013-11-27,1852.45,1834.51,1852.45,1832.73,15.48223151,138.4716494308
801030,2013-11-28,1875.96,1854.8,1886.02,1854.21,20.2545168,190.15790140080003
801030,2013-11-29,1887.37,1875.65,1888.44,1875.57,17.34945676,171.19811217790001
801030,2013-12-02,1809.89,1846.31,1864.61,1792.81,22.47914296,195.73369105080002
801030,2013-12-03,1841.48,1798.93,1844.6,1797.32,16.59889841,152.8934407946
801030,2013-12-04,1866.63,1840.64,1879.42,1837.95,20.02160748,189.76001242220002
801030,2013-12-05,1865.96,1864.41,1872.95,1859.26,15.67405859,147.5642253558
801030,2013-12-06,1854.96,1864.09,1872.15,1853.17,15.45732238,139.9317878444
801030,2013-12-09,1868.54,1859.31,1870.03,1854.53,15.33218494,143.1348030667
801030,2013-12-10,1869.27,1868.75,1875.9,1861.22,17.03669187,155.5802263522
801030,2013-12-11,1859.36,1865.54,1866.1,1844.33,16.77792687,145.8850233445
801030,2013-12-12,1867.65,1858.38,1874.56,1854.27,15.20773383,129.73492694459998
801030,2013-12-13,1868.35,1856.88,1876.68,1851.4,15.78760345,131.6135291795
801030,2013-12-16,1835.56,1865.67,1868.89,1834.93,17.96847012,141.56561259
801030,2013-12-17,1821.87,1833.48,1837.43,1814.1,14.4750244,106.6831219104
801030,2013-12-18,1819.12,1822.32,1828.49,1814.91,11.02026565,86.353150127
801030,2013-12-19,1802.77,1822.99,1830.15,1801.13,11.29103959,89.0990133089
801030,2013-12-20,1781.75,1800.98,1806.98,1774.67,12.02878273,95.0494245724
801030,2013-12-23,1776.72,1778.87,1781.94,1751.91,10.15988816,83.7882890449
801030,2013-12-24,1780.36,1775.7,1796.83,1765.1,11.43021087,95.2280071869
801030,2013-12-25,1802.06,1780.81,1802.2,1775.9,11.6257847,106.2494254491
801030,2013-12-26,1769.56,1800.62,1802.85,1768.98,13.30890574,120.0863229515
801030,2013-12-27,1799.0,1767.88,1803.68,1765.25,12.58371515,120.0738873875
801030,2013-12-30,1803.13,1806.5,1810.78,1799.49,11.12315969,104.9878680436
801030,2013-12-31,1807.07,1796.31,1807.67,1789.34,10.73775773,101.7917593647
801030,2014-01-02,1820.03,1806.13,1820.35,1803.16,10.31905068,102.0477703077
801030,2014-01-03,1803.59,1813.37,1816.21,1797.12,11.75215853,111.1209039477
801030,2014-01-06,1752.0,1800.06,1800.43,1749.98,11.76092365,105.213459126
801030,2014-01-07,1759.83,1745.4,1767.54,1741.56,9.6697134,88.7464344233
801030,2014-01-08,1755.68,1763.81,1777.07,1748.97,10.33854381,97.7685180702
801030,2014-01-09,1725.61,1753.1,1758.16,1725.09,12.66308696,112.23487486639999
801030,2014-01-10,1701.71,1718.92,1721.38,1695.68,10.84471596,89.3380298366
801030,2014-01-13,1685.25,1701.3,1708.19,1674.67,9.23961122,79.9408057751
801030,2014-01-14,1714.2,1680.92,1723.53,1659.65,11.45743965,95.54790115739999
801030,2014-01-15,1717.54,1711.81,1719.37,1706.4,10.48763324,98.1355155071
801030,2014-01-16,1717.87,1717.55,1726.8,1711.49,9.58096085,98.0899611599
801030,2014-01-17,1694.8,1715.04,1717.55,1693.46,9.27491095,88.52896056870001
801030,2014-01-20,1683.35,1692.92,1700.02,1676.77,7.96922409,76.1922768001
801030,2014-01-21,1699.94,1684.09,1701.89,1683.97,8.85273345,87.7989925973
801030,2014-01-22,1741.27,1702.2,1741.27,1700.13,13.13514524,127.0938137043
801030,2014-01-23,1740.64,1740.1,1747.74,1736.63,12.07653929,116.86102492549999
801030,2014-01-24,1756.73,1736.24,1761.43,1734.43,13.37430179,125.6173928416
801030,2014-01-27,1747.91,1749.37,1761.47,1741.05,11.83618627,119.9274988257
801030,2014-01-28,1742.61,1747.81,1755.36,1731.47,9.70951293,96.12528399770001
801030,2014-01-29,1750.92,1745.86,1753.21,1745.24,9.79016345,96.4404949083
801030,2014-01-30,1733.58,1746.85,1747.05,1728.74,7.66779537,76.306445543
801030,2014-02-07,1760.2,1723.51,1760.2,1717.81,10.03479423,100.2918484111
801030,2014-02-10,1812.13,1767.26,1812.14,1767.16,18.25081299,176.4021196377
801030,2014-02-11,1818.0,1813.58,1826.24,1798.27,19.58231885,185.61741820310002
801030,2014-02-12,1851.25,1818.55,1851.25,1817.35,18.80481144,181.97267253939998
801030,2014-02-13,1825.46,1851.84,1855.74,1825.46,18.26111995,185.7952557402
801030,2014-02-14,1856.6,1826.68,1856.77,1826.62,16.99854612,160.0123062982
801030,2014-02-17,1881.18,1865.56,1881.18,1861.25,19.89568753,187.3209153094
801030,2014-02-18,1874.62,1881.17,1881.19,1865.82,22.15281877,220.14621765459998
801030,2014-02-19,1887.63,1874.91,1895.83,1870.18,24.27617093,214.4051595066
801030,2014-02-20,1886.39,1905.89,1916.23,1880.75,24.26233861,222.2951631109
801030,2014-02-21,1861.87,1883.26,1883.38,1847.21,26.08051681,203.3590555099
801030,2014-02-24,1848.79,1850.95,1851.01,1823.86,20.80448082,186.5668711675
801030,2014-02-25,1781.66,1849.01,1857.65,1771.42,24.21470712,222.7351927638
801030,2014-02-26,1800.62,1775.1,1800.62,1758.6,19.79501746,174.1684058843
801030,2014-02-27,1793.67,1804.91,1822.74,1791.52,27.09647835,226.42370228040002
801030,2014-02-28,1803.51,1783.58,1803.68,1761.84,21.53316387,179.6080867234
801030,2014-03-03,1841.24,1801.37,1841.56,1798.39,23.84624911,197.4546515098
801030,2014-03-04,1841.83,1836.01,1843.22,1819.8,21.01270489,189.4557642052
801030,2014-03-05,1829.06,1844.19,1848.08,1826.45,19.32390029,170.45176588209998
801030,2014-03-06,1835.44,1823.71,1840.14,1807.29,18.80049538,161.68127861620002
801030,2014-03-07,1839.25,1834.31,1852.09,1827.25,19.53110304,168.76597969620002
801030,2014-03-10,1784.96,1826.1,1826.59,1782.2,20.05294598,172.8160405993
801030,2014-03-11,1798.64,1782.38,1804.65,1778.37,17.61208551,149.7682837548
801030,2014-03-12,1787.55,1790.44,1801.67,1757.29,19.10542922,150.6114574412
801030,2014-03-13,1802.25,1787.24,1804.72,1787.02,17.13508199,137.1903968056
801030,2014-03-14,1797.93,1794.13,1807.01,1783.78,17.21354065,136.3476497181
801030,2014-03-17,1831.69,1801.81,1831.69,1798.05,18.03120494,153.78978939549998
801030,2014-03-18,1829.01,1832.42,1839.51,1824.01,17.81988956,161.4111986211
801030,2014-03-19,1839.84,1824.01,1839.84,1813.97,21.00952839,172.1509374208
801030,2014-03-20,1804.05,1832.74,1845.01,1803.64,24.04489574,185.0714862922
801030,2014-03-21,1836.57,1792.72,1837.97,1783.92,21.31771962,165.5503545968
801030,2014-03-24,1847.02,1833.68,1852.71,1831.22,21.01851487,165.6797054577
801030,2014-03-25,1844.21,1843.68,1852.35,1832.26,19.44147464,151.177209988
801030,2014-03-26,1847.25,1845.77,1850.2,1840.15,15.95811836,133.4824220978
801030,2014-03-27,1818.16,1848.51,1848.66,1817.98,19.13978469,165.7243345117
801030,2014-03-28,1790.23,1817.78,1825.91,1784.78,20.2187368,168.168190452
801030,2014-03-31,1788.62,1789.54,1800.26,1778.56,15.69498033,131.0958463344
801030,2014-04-01,1811.51,1788.19,1811.51,1787.68,13.71087714,118.7525782709
801030,2014-04-02,1809.59,1813.16,1817.72,1805.48,14.2095914,117.9426109617
801030,2014-04-03,1810.98,1811.71,1817.27,1802.92,16.31034171,132.0393615148
801030,2014-04-04,1828.7,1804.44,1828.7,1801.07,14.29847848,125.0116710384
801030,2014-04-08,1844.87,1822.68,1847.82,1820.24,18.21809295,157.4025168601
801030,2014-04-09,1862.15,1844.58,1862.15,1844.49,17.26179845,149.0723367535
801030,2014-04-10,1861.36,1862.63,1868.75,1855.32,18.84997904,161.7126414689
801030,2014-04-11,1854.93,1856.1,1861.52,1849.49,16.39438712,141.5114389241
801030,2014-04-14,1869.39,1850.28,1869.54,1848.13,16.57998988,138.7144355771
801030,2014-04-15,1847.87,1866.8,1867.34,1843.78,16.50001307,143.6504890258
801030,2014-04-16,1847.37,1842.1,1849.97,1835.06,12.31574206,107.5110117046
801030,2014-04-17,1849.16,1849.5,1854.63,1845.5,13.7210251,117.46641830280001
801030,2014-04-18,1859.13,1845.43,1859.13,1840.1,13.15913678,109.9750585145
801030,2014-04-21,1833.73,1846.41,1860.46,1832.08,15.28629672,127.3547811241
801030,2014-04-22,1823.81,1828.65,1835.33,1801.19,15.61182027,126.7216750991
801030,2014-04-23,1815.77,1819.38,1827.34,1809.24,12.61950959,103.0087434599
801030,2014-04-24,1799.09,1811.25,1814.35,1796.2,12.46732855,98.34132295180001
801030,2014-04-25,1766.45,1800.31,1806.95,1765.58,17.85467977,135.7518524027
801030,2014-04-28,1700.64,1757.93,1758.09,1699.15,15.27701137,119.593998739
801030,2014-04-29,1714.61,1692.56,1714.61,1689.04,11.8906552,90.4460783967
801030,2014-04-30,1721.48,1711.67,1722.59,1707.32,11.12619652,88.0396359138
801030,2014-05-05,1735.89,1716.67,1735.89,1710.18,12.11345759,95.14427817129999
801030,2014-05-06,1746.2,1733.99,1753.92,1732.42,12.47103352,100.81346830129999
801030,2014-05-07,1717.0,1739.49,1743.41,1716.36,12.07115034,98.2249899776
801030,2014-05-08,1717.84,1710.27,1739.78,1708.66,13.5092364,103.3336025291
801030,2014-05-09,1703.21,1716.04,1717.42,1690.45,11.76957294,91.1947582893
801030,2014-05-12,1751.09,1716.54,1751.15,1710.72,15.88387048,125.77617727190001
801030,2014-05-13,1750.36,1751.83,1762.75,1743.93,16.50758883,124.33665220370001
801030,2014-05-14,1746.62,1746.34,1754.5,1742.66,11.22732281,95.01874923860001
801030,2014-05-15,1706.06,1741.76,1741.92,1704.91,11.2910988,96.51811021290001
801030,2014-05-16,1706.25,1701.26,1707.36,1688.54,10.63751591,84.9040896957
801030,2014-05-19,1697.68,1701.53,1701.99,1685.76,9.17566799,71.4370557373
801030,2014-05-20,1703.84,1705.59,1717.88,1701.26,10.49631838,83.49457217300001
801030,2014-05-21,1717.58,1699.39,1717.58,1686.94,9.66355775,75.4304756641
801030,2014-05-22,1714.87,1717.81,1736.9,1714.32,12.64027268,100.4634560199
801030,2014-05-23,1724.09,1713.04,1724.09,1707.15,9.2825112,75.3478926727
801030,2014-05-26,1737.33,1730.64,1737.33,1727.16,10.83827835,91.0997767485
801030,2014-05-27,1731.37,1736.91,1740.11,1729.92,11.62448869,92.9616608531
801030,2014-05-28,1743.31,1729.4,1743.93,1722.74,12.75085093,99.9230613491
801030,2014-05-29,1728.89,1744.21,1747.45,1728.01,13.04180468,103.54224369149999
801030,2014-05-30,1730.74,1728.86,1734.6,1719.37,11.7661224,89.3554531498
801030,2014-06-03,1733.34,1730.64,1744.15,1730.49,13.17892037,94.97147645620001
801030,2014-06-04,1722.84,1733.64,1733.91,1710.59,12.87060328,97.68725718700001
801030,2014-06-05,1735.16,1720.34,1735.16,1715.86,12.90366518,96.588514582
801030,2014-06-06,1727.21,1736.09,1736.26,1719.27,12.4894718,95.90206198
801030,2014-06-09,1717.27,1721.68,1728.75,1715.96,10.50659169,86.7088941551
801030,2014-06-10,1737.36,1718.62,1737.36,1711.43,12.94433169,104.3077771944
801030,2014-06-11,1739.22,1733.69,1740.81,1729.06,11.53225807,96.6264473449
801030,2014-06-12,1739.76,1736.66,1744.24,1731.67,14.01751063,115.1422287428
801030,2014-06-13,1758.16,1738.33,1760.84,1737.51,14.87080888,127.205953624
801030,2014-06-16,1766.72,1757.32,1767.56,1757.07,15.1051209,128.0011696342
801030,2014-06-17,1751.36,1765.5,1765.71,1749.92,13.39385249,110.59876906790001
801030,2014-06-18,1737.33,1747.78,1750.38,1734.3,14.68025838,116.1071131313
801030,2014-06-19,1694.21,1735.89,1739.12,1687.91,14.29395268,113.1692830822
801030,2014-06-20,1709.02,1691.67,1709.58,1691.2,9.82690852,80.46410787810001
801030,2014-06-23,1718.22,1710.76,1722.14,1710.41,10.30629572,87.82152899040001
801030,2014-06-24,1732.47,1719.06,1733.03,1718.33,11.39235478,102.8942239941
801030,2014-06-25,1728.41,1730.27,1731.32,1721.27,11.37031608,96.30764177100001
801030,2014-06-26,1750.94,1729.12,1753.22,1729.0,13.66235384,119.0584231149
801030,2014-06-27,1766.68,1751.64,1773.78,1751.64,16.40640777,141.7043613598
801030,2014-06-30,1786.43,1769.43,1786.43,1767.47,16.73130692,145.3605891507
801030,2014-07-01,1791.74,1785.75,1791.74,1775.53,18.82246478,153.52810844409998
801030,2014-07-02,1797.2,1789.31,1797.2,1782.22,17.64609007,144.0565995778
801030,2014-07-03,1807.89,1797.37,1810.99,1790.78,19.57421978,152.6137631839
801030,2014-07-04,1804.02,1808.27,1809.92,1801.94,18.1747441,149.1024554318
801030,2014-07-07,1807.65,1803.6,1809.81,1795.73,17.86606072,147.57951974510001
801030,2014-07-08,1819.12,1803.72,1819.12,1793.2,18.3235763,152.1008467235
801030,2014-07-09,1786.75,1815.91,1818.92,1786.75,19.4503231,168.781277515
801030,2014-07-10,1784.69,1784.18,1793.26,1779.8,15.70621923,135.2046923541
801030,2014-07-11,1805.2,1782.98,1809.02,1782.47,17.6931254,147.5757533842
801030,2014-07-14,1828.39,1806.29,1828.39,1804.87,18.69330523,159.0484231543
801030,2014-07-15,1828.83,1825.91,1830.27,1816.67,18.14910642,160.1464770205
801030,2014-07-16,1822.92,1827.78,1834.32,1815.62,18.33333893,152.3881229943
801030,2014-07-17,1817.14,1822.2,1822.47,1803.47,14.51907889,119.5062737227
801030,2014-07-18,1817.69,1809.68,1827.29,1807.27,14.04847631,119.9299283378
801030,2014-07-21,1810.78,1815.18,1818.79,1805.1,13.16543816,110.5090351831
801030,2014-07-22,1833.23,1809.61,1836.7,1808.39,16.39919209,141.1636265959
801030,2014-07-23,1826.97,1834.59,1835.99,1819.95,20.37752123,162.5518915504
801030,2014-07-24,1829.57,1825.56,1834.52,1811.29,20.1269711,158.8153793821
801030,2014-07-25,1848.06,1831.04,1848.06,1828.51,19.40447984,149.3595638389
801030,2014-07-28,1878.77,1852.89,1881.02,1852.65,27.45608603,214.7990891398
801030,2014-07-29,1897.2,1877.68,1902.27,1875.76,26.10182502,210.7050965681
801030,2014-07-30,1911.86,1896.29,1917.1,1896.29,27.30233438,218.2620256904
801030,2014-07-31,1924.82,1912.67,1924.82,1905.01,22.48861008,189.549521852
801030,2014-08-01,1905.26,1919.85,1932.7,1902.97,27.06449534,222.9055829921
801030,2014-08-04,1942.46,1907.39,1942.46,1907.39,24.60952087,206.7830437267
801030,2014-08-05,1950.6,1941.3,1950.6,1932.83,24.78018373,206.559444853
801030,2014-08-06,1951.52,1945.41,1956.59,1934.29,22.23737635,187.5944568237
801030,2014-08-07,1932.61,1950.17,1958.84,1931.33,21.89029162,182.28696655689998
801030,2014-08-08,1952.64,1934.52,1952.77,1934.52,20.18650414,170.7616767948
801030,2014-08-11,1983.19,1954.07,1983.19,1953.73,24.00663305,208.45828177290002
801030,2014-08-12,1991.2,1983.31,1991.36,1978.09,23.50461635,211.1668600779
801030,2014-08-13,1989.72,1993.08,1995.98,1966.03,24.49511909,214.4544725886
801030,2014-08-14,1975.52,1987.1,1998.48,1974.55,23.22289954,201.5459285848
801030,2014-08-15,2003.26,1977.28,2005.77,1976.43,22.13353775,197.3232080178
801030,2014-08-18,2033.01,2008.95,2033.01,2008.85,26.55826695,246.1306982662
801030,2014-08-19,2038.56,2034.03,2038.56,2016.73,30.19322906,263.3756894881
801030,2014-08-20,2031.1,2034.5,2042.63,2025.26,25.98212129,225.19674665830001
801030,2014-08-21,2027.93,2029.56,2032.31,2004.3,23.17988394,203.6093145677
801030,2014-08-22,2036.13,2025.75,2037.42,2019.05,20.74810785,187.9520868528
801030,2014-08-25,2024.06,2035.89,2037.27,2017.08,21.32442799,187.8445190211
801030,2014-08-26,1982.97,2019.48,2024.22,1978.18,21.95223008,195.37225339169999
801030,2014-08-27,1996.4,1980.34,1996.56,1976.74,16.62780578,149.0281330148
801030,2014-08-28,1989.76,1998.38,2010.69,1983.25,20.84906865,184.7037654204
801030,2014-08-29,2009.78,1991.77,2009.81,1982.58,17.75060823,158.1500199258
801030,2014-09-01,2037.29,2011.36,2037.29,2011.21,18.54731141,176.4047364596
801030,2014-09-02,2062.08,2040.45,2062.08,2038.32,26.30106921,234.674063772
801030,2014-09-03,2076.6,2063.99,2077.96,2060.65,26.12829889,237.2451884109
801030,2014-09-04,2090.41,2076.2,2090.87,2070.81,26.92620258,242.1780321058
801030,2014-09-05,2101.28,2092.7,2101.5,2083.71,28.01990535,256.06375692759997
801030,2014-09-09,2116.81,2103.22,2116.81,2091.32,25.66398326,240.47907162319999
801030,2014-09-10,2130.78,2110.41,2131.65,2100.5,27.79881584,252.81683727599997
801030,2014-09-11,2122.49,2129.35,2152.11,2110.58,32.77298298,298.9065440511
801030,2014-09-12,2148.24,2119.6,2148.24,2118.95,26.43322778,237.4438982386
801030,2014-09-15,2166.89,2154.41,2167.53,2146.56,34.09675636,296.6072174114
801030,2014-09-16,2094.26,2166.34,2168.81,2092.95,37.37237606,335.0552482173
801030,2014-09-17,2111.05,2095.86,2111.05,2077.29,25.01565031,224.37337700770001
801030,2014-09-18,2123.06,2110.1,2124.87,2104.85,24.00581483,212.11729489779998
801030,2014-09-19,2144.16,2121.72,2145.2,2115.05,24.33117017,225.22461651310002
801030,2014-09-22,2125.2,2141.33,2144.98,2118.78,26.92009509,249.8981544981
801030,2014-09-23,2147.85,2123.64,2147.85,2123.64,21.84021048,209.5024789232
801030,2014-09-24,2174.4,2145.28,2176.47,2140.89,28.56562071,275.0657546712
801030,2014-09-25,2174.65,2180.7,2194.06,2167.34,29.54996484,282.4190483047
801030,2014-09-26,2183.63,2168.02,2183.93,2163.31,21.43796838,219.0116487418
801030,2014-09-29,2211.97,2189.14,2212.13,2189.01,25.65889397,261.1268986097
801030,2014-09-30,2217.76,2214.39,2220.3,2205.15,24.12671785,239.9462206543
801030,2014-10-08,2248.37,2220.52,2248.37,2216.26,25.57128866,254.5686068304
801030,2014-10-09,2260.31,2251.01,2261.34,2229.58,29.70431628,290.6462912551
801030,2014-10-10,2250.63,2254.35,2266.58,2241.86,26.17717713,249.37138018939999
801030,2014-10-13,2246.89,2244.69,2246.89,2216.56,25.32685365,233.9986206909
801030,2014-10-14,2245.84,2248.21,2262.18,2232.6,25.60245338,246.0382037046
801030,2014-10-15,2249.66,2244.26,2249.66,2221.5,24.18223822,229.91776881040002
801030,2014-10-16,2219.77,2238.32,2258.49,2219.77,25.98669865,242.27589118330002
801030,2014-10-17,2204.04,2214.21,2223.1,2162.43,26.09990659,249.08722624630002
801030,2014-10-20,2228.6,2205.13,2228.6,2204.97,19.30324336,197.5621501517
801030,2014-10-21,2216.72,2227.15,2237.21,2212.91,21.39309415,209.223525913
801030,2014-10-22,2190.45,2216.79,2225.39,2189.45,18.30934565,182.1199669702
801030,2014-10-23,2157.23,2187.97,2195.8,2147.94,19.24075927,186.30406546060001
801030,2014-10-24,2159.88,2157.89,2171.97,2153.35,14.73478634,144.5970000453
801030,2014-10-27,2169.69,2154.16,2169.69,2144.35,15.60576713,149.3544585543
801030,2014-10-28,2213.93,2174.18,2213.93,2173.41,21.79363555,223.1118071852
801030,2014-10-29,2235.98,2217.75,2238.73,2210.64,26.65923853,264.0147889901
801030,2014-10-30,2235.1,2234.62,2243.64,2226.61,24.7064513,239.5950040971
801030,2014-10-31,2237.8,2236.03,2244.17,2217.14,23.93643454,233.1463181069
801030,2014-11-03,2255.03,2239.67,2255.03,2238.83,23.16242487,226.1065977213
801030,2014-11-04,2251.65,2252.49,2258.66,2242.33,23.63769726,221.203096793
801030,2014-11-05,2257.28,2253.94,2261.89,2245.26,23.25530412,216.4384233557
801030,2014-11-06,2262.19,2256.93,2262.19,2235.43,19.87056184,194.70942521240002
801030,2014-11-07,2239.3,2266.16,2269.7,2232.06,24.99371458,263.1135137956
801030,2014-11-10,2263.32,2241.22,2263.32,2237.74,21.94340791,216.122128571
801030,2014-11-11,2194.94,2266.2,2266.24,2177.81,30.51618954,287.3954596755
801030,2014-11-12,2226.78,2188.43,2226.78,2185.18,18.93715835,186.07066764549998
801030,2014-11-13,2204.49,2225.96,2226.02,2192.72,22.69550652,229.4476718417
801030,2014-11-14,2199.22,2198.86,2200.21,2184.18,17.22462462,176.3724683257
801030,2014-11-17,2219.08,2203.59,2225.71,2195.5,17.6456568,182.6825788985
801030,2014-11-18,2225.56,2217.26,2228.28,2216.11,18.45633029,173.97461033529999
801030,2014-11-19,2238.34,2228.12,2241.27,2225.29,20.17728242,194.06717208959998
801030,2014-11-20,2240.27,2232.84,2244.45,2227.98,17.64331284,177.60412295220002
801030,2014-11-21,2258.52,2240.5,2258.52,2240.41,19.27100767,195.91522510119998
801030,2014-11-24,2279.23,2274.06,2283.51,2263.22,26.33372664,259.9139898563
801030,2014-11-25,2308.6,2279.47,2308.6,2278.25,25.12481887,259.4906401569
801030,2014-11-26,2318.68,2311.09,2318.68,2301.35,28.94798479,274.1699779398
801030,2014-11-27,2329.87,2324.49,2331.67,2312.42,30.19740035,294.5885670971
801030,2014-11-28,2328.84,2329.95,2330.01,2307.92,35.97944647,341.9120452698
801030,2014-12-01,2319.26,2333.28,2333.3,2306.74,34.19951271,319.359079835
801030,2014-12-02,2343.99,2317.93,2343.99,2316.06,33.24689821,322.0030350331
801030,2014-12-03,2363.53,2345.92,2363.53,2330.02,41.64945728,407.34327527589994
801030,2014-12-04,2400.63,2367.29,2401.78,2362.68,47.11083863,442.1059313959
801030,2014-12-05,2339.38,2400.4,2400.4,2291.56,57.00279134,516.5762803049
801030,2014-12-08,2335.74,2325.8,2342.97,2310.2,44.06969094,423.58647235169997
801030,2014-12-09,2251.73,2324.45,2347.63,2243.93,54.00594731,517.5426460112001
801030,2014-12-10,2320.61,2249.2,2320.61,2242.84,33.13776609,327.67056642389997
801030,2014-12-11,2344.01,2316.64,2346.98,2308.12,32.14678346,321.3855773668
801030,2014-12-12,2369.09,2348.09,2370.22,2348.09,29.76935374,306.2509779548
801030,2014-12-15,2393.71,2366.68,2395.68,2360.8,31.03814689,324.1646010874
801030,2014-12-16,2387.73,2394.38,2397.97,2373.26,30.20632714,301.7921167175
801030,2014-12-17,2366.99,2385.99,2386.11,2343.43,35.92624097,351.09000052050004
801030,2014-12-18,2357.61,2364.08,2370.56,2354.57,26.26298519,264.0541342844
801030,2014-12-19,2350.22,2354.53,2354.88,2309.47,33.20572416,314.1663955153
801030,2014-12-22,2282.63,2348.21,2348.53,2266.75,41.13869563,379.3071302629
801030,2014-12-23,2261.79,2271.31,2297.61,2259.45,25.06228081,246.75850558919998
801030,2014-12-24,2306.38,2273.29,2306.4,2272.59,27.27775162,275.8596615692
801030,2014-12-25,2334.37,2312.38,2334.37,2308.7,25.38099757,257.0936460136
801030,2014-12-26,2347.57,2335.18,2348.71,2330.56,27.46984699,263.62399488
801030,2014-12-29,2322.84,2354.82,2356.8,2310.03,33.73034565,309.9007626444
801030,2014-12-30,2282.31,2322.19,2326.4,2278.96,25.14477028,243.9848948863
801030,2014-12-31,2301.95,2280.86,2302.0,2267.57,24.48639222,227.66912243240003
801030,2015-01-05,2363.95,2313.36,2368.41,2303.78,41.35567783,384.38619775309996
801030,2015-01-06,2386.62,2357.56,2386.62,2345.99,39.44729027,374.8056573536
801030,2015-01-07,2399.02,2385.0,2399.4,2368.08,32.14569262,310.3193904843
801030,2015-01-08,2399.28,2401.36,2416.69,2385.95,34.22204218,344.924195755
801030,2015-01-09,2370.28,2394.46,2412.75,2369.94,31.25985342,341.98670194560003
801030,2015-01-12,2350.8,2362.45,2366.59,2332.28,23.91072173,266.4205369857
801030,2015-01-13,2380.5,2350.26,2382.05,2350.21,20.25434088,233.0949697607
801030,2015-01-14,2365.96,2380.22,2381.65,2353.68,18.80735252,211.16819660509998
801030,2015-01-15,2387.31,2366.84,2387.31,2363.87,20.77789785,220.9615284171
801030,2015-01-16,2417.85,2385.81,2419.09,2385.73,26.02254111,281.0632435455
801030,2015-01-19,2322.11,2359.19,2404.94,2300.0,34.27764701,358.8249902975
801030,2015-01-20,2398.11,2333.54,2398.11,2333.18,27.28570429,306.0325944745
801030,2015-01-21,2451.22,2405.59,2453.62,2405.46,31.43365922,350.8541137696
801030,2015-01-22,2473.85,2459.59,2475.91,2450.34,29.14829591,318.9639477876
801030,2015-01-23,2475.39,2477.43,2493.2,2466.41,30.75171491,343.3443999007
801030,2015-01-26,2521.43,2476.49,2521.43,2474.88,28.98352573,321.67930586200004
801030,2015-01-27,2538.59,2528.74,2543.26,2495.51,36.31946746,387.50210519760003
801030,2015-01-28,2517.54,2532.44,2540.92,2510.81,28.53077686,317.08774068400004
801030,2015-01-29,2497.35,2501.22,2515.29,2486.9,31.90809243,324.4816046429
801030,2015-01-30,2475.33,2501.76,2511.64,2475.24,27.63387763,291.3313270054
801030,2015-02-02,2465.82,2454.82,2476.23,2442.8,25.69308877,262.15669849740004
801030,2015-02-03,2502.38,2474.88,2503.11,2474.4,28.13486224,291.1737070921
801030,2015-02-04,2485.64,2506.11,2519.88,2485.25,27.91736585,303.4778238053
801030,2015-02-05,2457.03,2505.75,2505.94,2457.03,27.5052238,309.4382841119
801030,2015-02-06,2413.72,2449.39,2456.61,2405.12,24.65201244,260.73675046529996
801030,2015-02-09,2403.0,2409.74,2419.94,2397.53,19.50419002,203.5985311792
801030,2015-02-10,2428.87,2399.45,2428.87,2398.5,19.02303315,191.4967341728
801030,2015-02-11,2441.86,2433.07,2445.24,2430.31,18.0621651,192.7233604055
801030,2015-02-12,2469.06,2443.27,2469.06,2442.79,20.64785535,231.77075873389998
801030,2015-02-13,2501.06,2478.87,2511.46,2478.62,25.80248235,292.91616071650003
801030,2015-02-16,2541.09,2504.26,2542.95,2504.26,23.49460233,272.0060259054
801030,2015-02-17,2561.52,2553.22,2564.53,2550.59,24.29267456,277.4278740987
801030,2015-02-25,2562.38,2573.46,2578.53,2555.2,32.62569828,334.3893465434
801030,2015-02-26,2590.89,2561.5,2590.89,2559.96,28.0981143,300.8240994475
801030,2015-02-27,2623.12,2589.7,2623.12,2586.59,33.77970192,346.7057866065
801030,2015-03-02,2666.77,2636.13,2666.86,2627.62,40.46833882,450.68618621839994
801030,2015-03-03,2645.18,2657.44,2681.87,2644.23,39.3506186,451.31957763699995
801030,2015-03-04,2697.26,2646.88,2697.26,2646.88,38.4557117,421.7313367258
801030,2015-03-05,2708.53,2697.22,2708.53,2680.65,42.31065783,462.4937220874
801030,2015-03-06,2692.77,2713.55,2722.24,2685.77,35.49390752,416.16101002150003
801030,2015-03-09,2723.36,2687.41,2723.36,2672.98,33.49932187,366.1172914621
801030,2015-03-10,2754.56,2726.46,2762.85,2724.28,32.91172672,383.66154317480004
801030,2015-03-11,2746.36,2753.8,2759.81,2736.89,32.24073388,376.079246464
801030,2015-03-12,2733.95,2749.61,2753.8,2719.38,33.48748282,377.3385614784
801030,2015-03-13,2761.83,2740.71,2761.9,2740.68,28.75470214,328.9445894331
801030,2015-03-16,2829.23,2776.13,2829.23,2776.1,40.61190535,483.7925961994
801030,2015-03-17,2859.58,2837.81,2864.52,2823.99,51.179515,593.0427939793
801030,2015-03-18,2908.83,2861.41,2908.98,2854.4,49.50640862,577.7711044458
801030,2015-03-19,2947.2,2915.75,2947.48,2900.33,53.29620395,641.5570209929
801030,2015-03-20,2952.61,2946.53,2960.37,2934.61,45.7038875,562.698520876
801030,2015-03-23,3004.62,2962.45,3004.62,2958.53,52.71592248,638.3725705248
801030,2015-03-24,3008.5,3015.69,3021.97,2922.19,59.49344561,746.7628797798
801030,2015-03-25,3036.35,3009.33,3049.11,2986.8,50.95766367,667.6120373849
801030,2015-03-26,3037.1,3031.56,3066.77,3003.0,56.41002953,709.4740722588
801030,2015-03-27,3058.63,3039.23,3064.93,3029.8,40.0847431,531.0604782655
801030,2015-03-30,3087.15,3066.74,3090.73,3065.4,48.49993306,626.5609059668
801030,2015-03-31,3080.33,3088.44,3112.07,3068.9,53.40298619,673.8258144258999
801030,2015-04-01,3155.33,3077.78,3159.3,3077.76,48.00637751,637.7114352178
801030,2015-04-02,3221.67,3169.06,3221.7,3166.54,56.61040467,748.0761191117999
801030,2015-04-03,3278.37,3206.83,3280.13,3196.38,53.35945663,746.7505641406
801030,2015-04-07,3346.35,3295.29,3346.35,3294.28,58.3187156,781.1336688028
801030,2015-04-08,3313.18,3356.55,3359.58,3251.93,62.71531879,858.8508624608
801030,2015-04-09,3270.26,3311.05,3311.05,3169.86,56.30192478,758.9672920057001
801030,2015-04-10,3358.74,3260.26,3359.61,3247.64,47.91682033,685.6196773881
801030,2015-04-13,3433.96,3378.18,3441.67,3372.04,54.84277168,768.1313817634
801030,2015-04-14,3436.78,3437.96,3464.14,3403.72,53.20582624,756.5487084261999
801030,2015-04-15,3330.21,3429.96,3430.07,3318.78,52.25365989,709.5839383564
801030,2015-04-16,3371.44,3293.89,3397.32,3260.76,47.4528059,633.2422170126
801030,2015-04-17,3392.68,3395.81,3409.92,3362.94,61.54689838,791.5539496376
801030,2015-04-20,3298.85,3373.73,3392.42,3287.08,65.39303134,841.3144676181
801030,2015-04-21,3410.87,3300.62,3410.87,3300.55,45.71014592,622.1735058314
801030,2015-04-22,3508.67,3435.52,3508.67,3435.52,55.82792171,773.7401776957
801030,2015-04-23,3549.39,3520.6,3564.59,3491.47,61.18334798,840.7663673444999
801030,2015-04-24,3570.82,3507.56,3582.51,3490.02,62.32480882,845.9079005064999
801030,2015-04-27,3645.96,3604.69,3650.92,3604.69,63.17901342,893.2017064714
801030,2015-04-28,3550.25,3653.44,3664.29,3512.88,77.01575395,983.8694924109
801030,2015-04-29,3606.67,3541.89,3616.89,3527.76,54.1049543,715.907302628
801030,2015-04-30,3592.24,3617.17,3635.17,3592.24,49.03613182,687.1292573329
801030,2015-05-04,3629.54,3599.25,3633.82,3567.29,44.89187364,652.9463880569
801030,2015-05-05,3519.56,3628.62,3641.11,3505.0,50.9295876,688.7752582735001
801030,2015-05-06,3464.26,3530.39,3580.37,3439.84,42.97426146,587.6945562918
801030,2015-05-07,3392.76,3451.37,3468.92,3387.28,37.23541072,497.6782626479
801030,2015-05-08,3504.76,3428.43,3504.76,3419.14,39.93456418,552.0467470245
801030,2015-05-11,3634.36,3532.38,3634.66,3516.28,49.94496485,725.405282860399
801030,2015-05-12,3700.44,3655.17,3700.44,3624.35,53.22170555,795.2518645764999
801030,2015-05-13,3732.78,3694.85,3766.24,3664.54,52.72620575,810.7398526453999
801030,2015-05-14,3770.91,3735.5,3779.66,3714.46,54.24321605,804.8324471325
801030,2015-05-15,3733.69,3762.74,3768.5,3687.66,48.19735667,719.3711761945
801030,2015-05-18,3781.32,3726.01,3795.5,3711.32,43.61311654,687.0327004607
801030,2015-05-19,3881.59,3792.46,3881.6,3787.52,48.7188777,752.6046483675999
801030,2015-05-20,3958.49,3900.1,4023.67,3900.1,58.34714114,916.2222950132001
801030,2015-05-21,4096.18,3977.64,4096.61,3968.89,58.01244094,941.6999018462
801030,2015-05-22,4177.14,4147.44,4187.22,4080.77,74.10089588,1157.0499307603
801030,2015-05-25,4308.82,4161.36,4310.79,4142.05,72.92020053,1163.1355077497
801030,2015-05-26,4443.17,4349.61,4443.35,4319.58,67.98876092,1165.6772084681
801030,2015-05-27,4520.19,4471.42,4536.78,4385.54,70.41918015,1192.5803009369001
801030,2015-05-28,4255.17,4538.15,4601.31,4252.32,82.58646567,1402.6440903445002
801030,2015-05-29,4307.63,4250.92,4378.01,4070.55,66.55735848,1148.4713292559
801030,2015-06-01,4520.79,4342.6,4520.79,4342.54,59.37260225,1067.3324711249002
801030,2015-06-02,4688.25,4553.81,4688.42,4532.49,66.33800668,1210.0073625045
801030,2015-06-03,4704.29,4713.93,4753.17,4593.89,69.0026781,1258.9625093854
801030,2015-06-04,4711.76,4708.99,4721.6,4418.05,68.56572686,1232.1702708825
801030,2015-06-05,4799.67,4774.94,4828.03,4681.16,78.37000603,1388.0061843931
801030,2015-06-08,4757.41,4812.45,4812.45,4687.65,75.55840032,1282.8006047121
801030,2015-06-09,4760.19,4750.47,4789.61,4702.65,57.30117371,1004.7317994307001
801030,2015-06-10,4855.59,4736.44,4897.16,4683.65,61.65557228,1112.910765712
801030,2015-06-11,4931.31,4853.81,4931.31,4347.76,58.36919306,1075.5204776117
801030,2015-06-12,5014.72,4958.64,5035.45,4952.96,64.25529078,1241.3318927533
801030,2015-06-15,4925.53,5033.77,5046.93,4915.11,62.59155311,1182.8527370392
801030,2015-06-16,4748.69,4870.47,4870.47,4709.02,59.10135076,1080.2183347386
801030,2015-06-17,4843.82,4736.05,4857.68,4585.09,55.48708297,1010.4212954750999
801030,2015-06-18,4695.1,4837.11,4884.12,4691.83,52.80541495,968.0491377128
801030,2015-06-19,4366.24,4580.6,4608.99,4364.76,48.11604319,800.538965833
801030,2015-06-23,4375.09,4357.29,4414.23,4087.79,47.76738569,752.9461168475
801030,2015-06-24,4481.12,4422.21,4481.19,4340.39,54.97062396,879.2431067494999
801030,2015-06-25,4335.33,4499.87,4512.71,4283.28,59.30716224,951.3457196708
801030,2015-06-26,3998.6,4197.23,4203.98,3975.66,57.01223729,817.8287184531
801030,2015-06-29,3768.94,4079.46,4079.46,3691.87,65.18896367,889.3743806131
801030,2015-06-30,3919.11,3678.14,3928.99,3522.18,71.95695485,980.7907924092
801030,2015-07-01,3716.2,3867.94,3987.73,3702.99,60.79095345,890.2442537955001
801030,2015-07-02,3494.16,3687.91,3714.85,3449.15,60.57060389,756.8627663167
801030,2015-07-03,3276.46,3351.26,3496.72,3230.09,54.20863244,642.8330036208
801030,2015-07-06,3191.3,3497.73,3497.73,3105.22,76.475835,861.1491966714
801030,2015-07-07,2992.8,3065.44,3090.49,2981.83,44.57735741,446.1551975794
801030,2015-07-08,2886.72,2849.27,2905.24,2849.27,51.3271198,487.1515578369
801030,2015-07-09,3002.99,2820.57,3007.8,2820.57,54.83633175,479.6434881979
801030,2015-07-10,3127.38,3054.08,3137.35,3043.75,42.72705662,406.9066091418
801030,2015-07-13,3277.55,3236.76,3286.87,3204.99,52.78766855,590.6499083654
801030,2015-07-14,3338.56,3340.45,3420.41,3301.62,64.45349515,777.2812267275
801030,2015-07-16,3241.64,3126.0,3306.57,3057.79,60.68513785,684.2653393067
801030,2015-07-17,3407.62,3255.39,3427.71,3253.25,53.47525535,647.0226088705999
801030,2015-07-20,3468.77,3424.36,3516.46,3398.53,64.42336485,797.1301961252001
801030,2015-07-21,3520.19,3436.18,3547.27,3405.66,57.28577102,733.5884167041
801030,2015-07-22,3581.99,3523.06,3594.7,3471.98,64.70099628,867.6210955671
801030,2015-07-23,3685.51,3587.07,3698.84,3572.41,67.42403712,910.811922137
801030,2015-07-24,3618.27,3695.02,3740.29,3589.57,71.96954203,989.0195603496
801030,2015-07-27,3347.21,3543.79,3640.05,3344.38,65.13622475,852.5210115371001
801030,2015-07-28,3253.05,3184.84,3373.48,3122.5,64.24478144,783.3262280872
801030,2015-07-29,3402.43,3292.44,3402.6,3185.01,50.84310459,652.7636093304
801030,2015-07-30,3311.82,3383.79,3470.12,3300.7,52.22546676,699.0988487533
801030,2015-07-31,3270.8,3257.85,3346.78,3225.5,38.88841432,517.9753470388
801030,2015-08-03,3170.99,3225.93,3257.41,3118.35,39.88945875,504.11395435779997
801030,2015-08-04,3342.48,3175.11,3342.48,3161.61,44.30694708,579.303893306
801030,2015-08-05,3321.56,3343.57,3403.23,3289.21,46.01295994,624.7597468897001
801030,2015-08-06,3320.83,3253.11,3355.28,3242.29,35.97123802,497.1176828624
801030,2015-08-07,3414.67,3350.06,3415.27,3345.12,44.41837811,606.9658460408999
801030,2015-08-10,3577.99,3448.39,3597.62,3414.67,58.68477541,794.3530095051
801030,2015-08-11,3604.59,3575.91,3651.31,3555.74,63.97990865,882.9985525860001
801030,2015-08-12,3541.42,3562.85,3632.51,3540.91,48.37948063,675.5023938351001
801030,2015-08-13,3628.37,3527.71,3628.37,3494.26,48.57944501,661.0180425230001
801030,2015-08-14,3661.94,3656.41,3702.75,3630.87,59.5741408,813.7498397871001
801030,2015-08-17,3731.77,3649.25,3731.77,3617.36,58.66926802,798.4457121557001
801030,2015-08-18,3456.13,3732.05,3735.58,3450.14,68.23341444,911.0425811023
801030,2015-08-19,3527.65,3336.95,3549.37,3256.15,59.09599013,757.0298230332
801030,2015-08-20,3395.42,3480.21,3529.93,3395.42,48.02669001,629.0087105121
801030,2015-08-21,3215.92,3336.31,3378.29,3202.39,42.78066918,532.6149186278
801030,2015-08-24,2954.09,3069.07,3088.3,2950.29,34.57820603,370.23701230809996
801030,2015-08-25,2722.8,2738.14,2814.51,2719.08,38.13525691,385.3367142382
801030,2015-08-26,2636.79,2729.33,2818.73,2594.5,53.36749613,532.5008481997
801030,2015-08-27,2744.83,2685.82,2745.32,2598.84,43.21478074,427.99179567150003
801030,2015-08-28,2913.28,2796.96,2913.28,2779.3,49.92058711,522.1204378658999
801030,2015-08-31,2824.67,2893.4,2893.47,2811.51,41.36422776,439.4431119475
801030,2015-09-01,2679.95,2791.69,2791.81,2666.4,40.8953512,396.8063434835
801030,2015-09-07,2630.18,2647.37,2727.09,2612.04,37.7895408,366.96579710279997
801030,2015-09-08,2746.43,2614.08,2748.93,2593.85,32.43824741,314.0472647448
801030,2015-09-09,2840.4,2766.48,2854.83,2756.02,51.04509156,533.7669835351
801030,2015-09-10,2787.62,2793.78,2843.38,2780.94,37.35835321,384.14547678720004
801030,2015-09-11,2803.09,2786.35,2823.76,2760.03,29.15263152,300.9052124398
801030,2015-09-14,2619.41,2827.16,2834.31,2596.54,39.75687162,391.7831087498
801030,2015-09-15,2486.34,2552.21,2599.0,2479.84,31.93661777,283.8083639381
801030,2015-09-16,2659.92,2498.96,2672.3,2490.07,36.06439426,326.3149558763
801030,2015-09-17,2613.42,2649.68,2733.21,2612.94,43.03957216,413.1104905863
801030,2015-09-18,2643.23,2633.57,2660.85,2600.03,29.05452907,279.918088522
801030,2015-09-21,2732.36,2610.47,2734.3,2602.4,32.21005955,329.01884994650004
801030,2015-09-22,2749.86,2739.76,2779.02,2717.92,36.86782905,379.4317543624
801030,2015-09-23,2712.04,2699.56,2744.48,2685.03,32.69702196,334.055676388
801030,2015-09-24,2747.24,2719.8,2749.53,2709.32,34.32373439,360.29482069330004
801030,2015-09-25,2661.56,2731.39,2751.99,2641.91,33.65406238,348.54036938300004
801030,2015-09-28,2694.75,2658.59,2694.75,2614.32,25.08519453,260.7930113594
801030,2015-09-29,2640.33,2644.38,2674.13,2624.75,24.92654209,267.8223396551
801030,2015-09-30,2643.21,2651.07,2662.49,2621.45,22.16520188,236.17574453400002
801030,2015-10-08,2742.95,2729.61,2762.05,2706.54,38.00017973,405.9652363732
801030,2015-10-09,2790.87,2739.51,2799.08,2733.32,37.82078059,394.9684451207
801030,2015-10-12,2919.88,2807.56,2935.4,2806.03,53.34845433,581.9872720808
801030,2015-10-13,2949.89,2897.55,2953.68,2888.93,45.23319177,493.5038124119
801030,2015-10-14,2918.43,2940.19,2963.6,2910.16,46.52943461,508.78843329510005
801030,2015-10-15,3009.96,2903.2,3010.21,2902.92,51.38105959,576.0618369419
801030,2015-10-16,3048.8,3032.25,3049.68,2979.27,58.13227791,657.8826975194
801030,2015-10-19,3042.48,3051.31,3066.7,2999.45,58.23850195,683.1465551171
801030,2015-10-20,3092.25,3033.41,3092.28,3017.31,49.9506876,590.3051943151
801030,2015-10-21,2897.7,3085.95,3100.54,2881.67,63.68670889,737.7325424983001
801030,2015-10-22,2989.35,2889.22,2993.48,2878.25,44.95941444,529.9727642797
801030,2015-10-23,3073.52,3008.83,3080.03,2999.37,50.16176759,620.5575910266
801030,2015-10-26,3107.2,3111.33,3129.04,3067.29,55.72425436,708.1425684794
801030,2015-10-27,3123.9,3082.76,3141.7,2988.71,52.13728004,656.6083075988
801030,2015-10-28,3066.3,3103.78,3149.42,3052.4,50.33623279,626.1754459757
801030,2015-10-29,3104.42,3087.54,3131.57,3056.81,42.53313226,521.2948971403
801030,2015-10-30,3101.1,3095.22,3143.73,3053.05,45.56731124,566.4578097530999
801030,2015-11-02,3038.84,3035.94,3118.04,3023.11,42.35604826,524.4928264407
801030,2015-11-03,3039.23,3043.19,3064.98,3008.8,37.76751881,480.05612939580004
801030,2015-11-04,3177.93,3048.73,3177.93,3048.64,56.01156822,725.0253099555
801030,2015-11-05,3176.31,3176.31,3212.84,3150.73,66.5311695,827.829939641
801030,2015-11-06,3247.24,3173.76,3250.12,3173.7,54.15683859,691.6430211234
801030,2015-11-09,3307.72,3235.71,3327.1,3224.8,64.16999254,849.9426676125
801030,2015-11-10,3342.61,3296.58,3357.91,3289.32,63.78970754,862.2994813235001
801030,2015-11-11,3397.17,3346.25,3397.17,3333.76,57.14934619,798.1815606069999
801030,2015-11-12,3405.74,3408.68,3432.01,3361.11,60.08664262,878.8399651966
801030,2015-11-13,3343.52,3367.3,3386.27,3301.82,54.91958228,819.3281122461999
801030,2015-11-16,3404.42,3278.59,3404.42,3277.4,43.17097943,622.8068365954
801030,2015-11-17,3396.1,3444.02,3464.32,3388.11,61.05662738,901.269243071
801030,2015-11-18,3335.73,3397.76,3408.52,3329.07,46.22666569,665.7542230958001
801030,2015-11-19,3420.66,3346.41,3420.66,3339.21,43.63574631,602.9448398504001
801030,2015-11-20,3463.76,3431.14,3471.77,3423.26,51.18023332,741.8639165464
801030,2015-11-23,3453.69,3465.88,3509.29,3440.41,53.80085838,785.6059118133
801030,2015-11-24,3497.17,3451.93,3497.22,3419.61,43.82311975,661.3590431947
801030,2015-11-25,3560.4,3504.29,3561.0,3500.87,48.91128095,735.375312668
801030,2015-11-26,3565.43,3583.03,3613.71,3558.21,56.15321888,885.3467117502
801030,2015-11-27,3352.03,3540.57,3563.87,3326.34,62.29151632,896.1293558348
801030,2015-11-30,3391.91,3355.87,3400.91,3204.22,51.08138894,752.4550335369
801030,2015-12-01,3386.26,3385.32,3423.27,3347.26,40.84852662,651.4231729441001
801030,2015-12-02,3377.41,3377.93,3386.44,3270.87,39.1183668,581.3361002649
801030,2015-12-03,3473.59,3383.86,3474.0,3383.76,40.47952327,604.7689027972
801030,2015-12-04,3474.67,3459.3,3501.28,3443.33,46.43700414,685.4604348519
801030,2015-12-07,3514.81,3478.26,3514.81,3459.65,40.91739117,623.8317012305
801030,2015-12-08,3435.27,3495.35,3496.04,3428.2,43.516505,661.7078306717
801030,2015-12-09,3422.96,3415.53,3445.91,3397.07,32.85629062,520.3906708491
801030,2015-12-10,3400.28,3417.48,3441.03,3392.95,31.49060063,484.9055837817
801030,2015-12-11,3369.24,3391.38,3398.31,3355.97,28.75802414,425.0823130903
801030,2015-12-14,3428.49,3337.17,3428.49,3334.29,28.11100105,418.5686578803
801030,2015-12-15,3458.89,3433.21,3470.12,3432.91,30.03687217,459.1215179796
801030,2015-12-16,3489.46,3473.62,3512.14,3472.95,35.3764801,514.9928709034
801030,2015-12-17,3575.54,3516.82,3575.54,3516.31,46.3274983,714.0254759339
801030,2015-12-18,3565.38,3572.73,3592.84,3547.47,40.61908088,644.7944997515
801030,2015-12-21,3596.46,3554.62,3600.19,3552.24,41.30737511,627.1567188601
801030,2015-12-22,3633.43,3601.71,3633.43,3579.94,39.73919243,593.7476176957
801030,2015-12-23,3585.41,3634.57,3640.43,3580.05,43.90492193,682.4516015834
801030,2015-12-24,3608.11,3582.34,3616.95,3539.87,36.53573503,573.1667768786
801030,2015-12-25,3646.08,3614.97,3656.56,3614.94,37.03592018,580.6755730931
801030,2015-12-28,3562.36,3655.45,3677.35,3562.36,46.8972194,702.0893882319999
801030,2015-12-29,3605.56,3558.16,3605.56,3535.59,32.62962341,505.1635810904
801030,2015-12-30,3630.51,3611.79,3630.78,3591.32,33.58223225,543.6091671161
801030,2015-12-31,3568.17,3630.76,3638.01,3567.32,31.21655506,501.9896106378
801030,2016-01-04,3274.7,3564.56,3565.93,3273.75,29.06161921,419.7572483536
801030,2016-01-05,3220.52,3122.68,3279.13,3104.46,40.49207632,549.4419822492
801030,2016-01-06,3301.69,3233.48,3301.87,3207.78,31.9151792,451.7523159261
801030,2016-01-07,3026.25,3240.49,3262.45,3020.97,8.84284357,119.2208552993
801030,2016-01-08,3063.15,3095.88,3122.01,2908.62,37.63277266,484.19840451589994
801030,2016-01-11,2863.59,2998.97,3035.21,2857.71,33.35957179,417.8156460679
801030,2016-01-12,2858.53,2857.1,2896.59,2801.37,26.33603898,336.6656209392
801030,2016-01-13,2749.53,2873.04,2894.66,2749.53,26.1711207,334.0827357701
801030,2016-01-14,2831.61,2665.96,2837.74,2663.63,29.40049558,353.87959267559995
801030,2016-01-15,2743.02,2808.82,2841.51,2725.65,28.41089809,355.8835398197
801030,2016-01-18,2783.29,2685.34,2812.35,2682.24,23.94235387,306.7121558552
801030,2016-01-19,2879.09,2776.65,2882.27,2772.07,27.99235422,349.62605095059996
801030,2016-01-20,2857.72,2862.16,2900.76,2832.79,29.63710097,377.90954290839994
801030,2016-01-21,2746.93,2810.73,2882.37,2746.57,27.76094223,352.87051996220004
801030,2016-01-22,2789.67,2779.63,2801.82,2709.84,22.64219271,289.2194514651
801030,2016-01-25,2819.73,2815.39,2842.72,2792.32,20.8185042,273.4357751099
801030,2016-01-26,2622.98,2787.23,2791.68,2620.24,28.67073798,338.72917231689996
801030,2016-01-27,2596.18,2631.5,2637.71,2478.71,30.07032676,331.2386279615
801030,2016-01-28,2493.18,2566.97,2597.32,2486.43,24.9321035,272.93933183080003
801030,2016-01-29,2579.09,2488.17,2597.41,2479.32,24.98728403,274.6453809606
801030,2016-02-01,2546.69,2572.35,2586.23,2509.4,23.2675758,267.08765115029996
801030,2016-02-02,2624.49,2547.75,2629.97,2547.09,23.26940569,268.41277871200003
801030,2016-02-03,2633.12,2593.05,2641.98,2573.01,20.73960892,241.3322672352
801030,2016-02-04,2691.42,2644.11,2700.69,2643.28,24.51331965,294.5653612904
801030,2016-02-05,2674.06,2700.41,2706.97,2672.72,22.24160679,261.20483994330004
801030,2016-02-15,2662.34,2583.3,2675.87,2582.67,18.70551369,214.86055057709999
801030,2016-02-16,2765.36,2675.81,2770.99,2674.49,27.15316856,316.3569040544
801030,2016-02-17,2795.27,2758.68,2798.24,2738.62,29.9586047,356.15525117050004
801030,2016-02-18,2790.85,2812.2,2830.97,2784.51,32.06039619,389.0423144133
801030,2016-02-19,2801.09,2777.67,2810.23,2769.28,24.19011995,298.55123393459996
801030,2016-02-22,2861.5,2829.19,2861.5,2815.83,31.25643571,379.1867648519
801030,2016-02-23,2861.88,2866.66,2875.96,2821.83,34.15047963,408.8313903725
801030,2016-02-24,2884.36,2846.21,2884.36,2817.05,34.85372267,437.05006376529997
801030,2016-02-25,2674.47,2876.26,2876.51,2666.0,40.84900094,489.9914854364
801030,2016-02-26,2686.41,2693.39,2715.56,2633.35,32.11765309,369.9155578747
801030,2016-02-29,2551.02,2669.83,2669.96,2523.47,31.56453222,336.1859979687
801030,2016-03-01,2599.68,2543.95,2616.68,2515.44,30.72339401,342.67278882830004
801030,2016-03-02,2729.19,2599.02,2732.99,2599.02,40.9040866,451.8536747784
801030,2016-03-03,2742.81,2730.41,2787.31,2727.89,45.19437714,504.10639447389997
801030,2016-03-04,2675.63,2733.57,2756.05,2635.53,41.13034008,446.5944537877
801030,2016-03-07,2741.6,2704.92,2756.67,2704.54,32.34625614,360.06431425470004
801030,2016-03-08,2763.97,2745.45,2763.97,2649.84,37.9294596,439.2152847757
801030,2016-03-09,2680.79,2695.15,2723.49,2663.71,28.71821582,323.6261580949
801030,2016-03-10,2634.53,2682.07,2702.18,2631.75,21.9514621,255.43398265
801030,2016-03-11,2632.16,2606.75,2650.24,2592.63,19.81104668,228.5623053228
801030,2016-03-14,2717.88,2663.06,2745.83,2662.48,30.07082858,363.0520161132
801030,2016-03-15,2710.82,2707.25,2733.51,2690.85,27.90767885,346.4709732614
801030,2016-03-16,2683.01,2726.43,2735.84,2668.07,26.63883289,316.8138758961
801030,2016-03-17,2773.29,2694.34,2778.65,2693.74,33.80568956,427.84144864809997
801030,2016-03-18,2861.54,2789.22,2876.29,2788.33,46.26798693,579.9578092361
801030,2016-03-21,2929.25,2897.02,2929.53,2884.41,49.98217078,639.3004842983
801030,2016-03-22,2920.41,2904.94,2941.47,2890.31,39.70823196,536.122882948
801030,2016-03-23,2944.57,2907.95,2944.57,2898.38,34.44849786,470.6959909239
801030,2016-03-24,2902.26,2918.65,2950.68,2892.67,39.09741041,540.7880938354
801030,2016-03-25,2911.98,2894.64,2917.71,2876.57,29.54600804,408.09818761599996
801030,2016-03-28,2898.68,2925.2,2955.92,2889.58,36.2838258,478.6109226082
801030,2016-03-29,2846.42,2892.63,2899.87,2824.28,31.44642442,405.4058371896
801030,2016-03-30,2953.25,2871.39,2953.42,2870.69,39.88544887,498.3698279243
801030,2016-03-31,2964.8,2961.75,2987.71,2953.22,39.45268322,532.9931633494999
801030,2016-04-01,2968.38,2955.22,2968.43,2911.43,36.15322843,466.50439841540003
801030,2016-04-05,3040.05,2971.78,3045.03,2965.93,41.52026327,541.252272169
801030,2016-04-06,3066.77,3029.29,3070.26,3024.17,41.71024734,542.8109498192
801030,2016-04-07,3032.65,3073.58,3080.53,3032.65,42.24997661,561.2742639863
801030,2016-04-08,3004.4,3009.07,3018.87,2966.34,34.04495764,450.02300772169997
801030,2016-04-11,3062.98,3033.45,3077.43,3033.45,36.94176641,491.0157159458
801030,2016-04-12,3043.08,3061.58,3068.03,3010.62,33.78841794,489.816211359
801030,2016-04-13,3092.14,3061.74,3125.05,3061.42,48.91013038,642.4633563145
801030,2016-04-14,3129.24,3105.25,3129.45,3087.89,37.71927771,507.58196736080004
801030,2016-04-15,3121.51,3124.11,3128.85,3100.32,34.80814327,472.54107010120003
801030,2016-04-20,2954.1,3092.43,3096.07,2897.87,47.90109759,655.7217480335
801030,2016-04-21,2927.02,2938.04,2984.49,2922.08,35.79233248,490.1527330949
801030,2016-04-22,2946.27,2899.34,2946.59,2888.67,27.36654909,399.86086992959997
801030,2016-04-25,2934.88,2935.38,2941.39,2892.71,24.8479298,372.2759561249
801030,2016-04-26,2966.44,2929.15,2966.62,2923.87,25.15427868,358.48434046489996
801030,2016-04-27,2971.16,2969.82,3002.44,2964.97,32.80130085,452.9906205799
801030,2016-04-28,2958.43,2972.35,2977.17,2907.31,30.11040382,428.66338816980004
801030,2016-04-29,2954.05,2944.0,2970.62,2938.7,23.30454602,351.9814071757
801030,2016-05-03,3033.7,2951.32,3033.85,2939.04,33.7402182,485.5731439261
801030,2016-05-04,3038.46,3022.35,3059.59,3019.79,32.69968082,486.2455206507
801030,2016-05-05,3055.32,3030.8,3058.29,3016.29,31.67462065,468.87933817559997
801030,2016-05-06,2930.94,3060.95,3067.87,2930.27,43.85954972,630.6700973565
801030,2016-05-09,2813.81,2898.11,2898.11,2800.9,35.50173638,477.73224338709997
801030,2016-05-10,2798.69,2805.17,2824.89,2784.04,20.82906396,296.500983275
801030,2016-05-11,2769.63,2816.41,2825.65,2763.9,22.06917435,319.6923588357
801030,2016-05-12,2774.32,2730.62,2774.73,2687.47,24.34072067,343.0969889772
801030,2016-05-13,2773.33,2764.4,2804.17,2758.68,23.35762738,348.8814517493
801030,2016-05-16,2823.58,2763.16,2823.88,2748.98,24.22798949,355.4219031771
801030,2016-05-17,2826.59,2824.35,2854.9,2814.41,29.71314309,442.3007676803
801030,2016-05-18,2737.3,2798.47,2798.81,2705.15,27.15741539,372.2841141318
801030,2016-05-19,2754.99,2735.37,2784.31,2735.01,22.88894588,332.5769524254
801030,2016-05-20,2776.13,2727.5,2776.13,2716.16,23.56602509,346.564865026
801030,2016-05-23,2822.54,2782.52,2822.54,2782.45,25.97854823,382.7036317222
801030,2016-05-24,2797.49,2816.09,2816.17,2777.1,25.32095838,354.40452044449995
801030,2016-05-25,2781.31,2815.94,2825.35,2770.14,22.28464384,321.85639870709997
801030,2016-05-26,2789.32,2776.1,2789.76,2722.18,24.04886211,333.76969394099996
801030,2016-05-27,2782.43,2780.12,2799.73,2766.88,21.64849864,313.3339004303
801030,2016-05-30,2767.27,2764.03,2788.84,2742.24,18.5508135,264.644610257
801030,2016-05-31,2873.03,2773.35,2873.41,2772.69,36.81410547,480.9942765802
801030,2016-06-01,2902.26,2876.91,2916.98,2873.68,38.35053897,554.0375955024
801030,2016-06-02,2933.74,2899.42,2933.74,2896.97,35.98298844,497.0945504905
801030,2016-06-03,2941.44,2937.29,2954.82,2926.04,35.83517492,508.9816120074
801030,2016-06-06,2951.03,2945.51,2952.74,2931.31,30.15530897,434.2994348468
801030,2016-06-07,2951.3,2949.66,2951.92,2930.4,28.2904068,420.84537392230004
801030,2016-06-08,2946.46,2944.41,2963.91,2918.84,30.88454415,484.4649011587
801030,2016-06-13,2804.5,2906.34,2918.77,2804.5,34.57738917,520.5050825202
801030,2016-06-14,2815.9,2788.29,2823.42,2786.45,25.31905429,359.1439608454
801030,2016-06-15,2916.34,2788.1,2927.69,2785.27,35.14609644,514.2802182018
801030,2016-06-16,2914.6,2917.92,2943.2,2905.4,39.79031892,593.6945091558
801030,2016-06-17,2936.93,2916.18,2950.57,2912.09,35.58992676,520.882262635
801030,2016-06-20,2957.3,2939.62,2962.14,2918.58,32.02675678,469.6646920835
801030,2016-06-21,2932.69,2975.18,2989.99,2917.8,36.54049242,532.07013417
801030,2016-06-22,2984.17,2929.17,2984.17,2928.24,29.55047693,444.80203751230005
801030,2016-06-23,2963.36,2979.33,2982.4,2943.59,30.37936772,444.0708640685
801030,2016-06-24,2934.97,2956.76,2981.14,2848.87,37.89698802,535.7519134433
801030,2016-06-27,2993.61,2915.01,2993.85,2914.73,30.87928263,448.25725552209997
801030,2016-06-28,3017.57,2983.65,3018.97,2971.58,36.15698846,520.119649126
801030,2016-06-29,3028.96,3027.2,3040.84,3018.56,35.23264832,515.9029489194
801030,2016-06-30,3023.49,3034.28,3038.14,3006.97,30.32569856,472.99011252279996
801030,2016-07-01,3017.02,3024.51,3036.26,3005.6,25.71681603,377.98866819349996
801030,2016-07-05,3107.44,3088.27,3111.83,3080.84,40.40450889,566.2144124757
801030,2016-07-06,3109.07,3096.93,3114.36,3084.78,31.70932481,464.9655864152
801030,2016-07-07,3128.81,3106.11,3138.83,3083.96,40.45066884,599.9438404525
801030,2016-07-08,3124.53,3124.0,3141.34,3118.47,31.35984979,473.2066586196
801030,2016-07-11,3108.42,3125.56,3140.15,3105.53,36.41465706,518.1030715904
801030,2016-07-12,3135.87,3104.48,3135.96,3062.29,38.70170695,493.62973992980005
801030,2016-07-13,3161.24,3147.53,3169.92,3143.85,36.5158965,470.07160204660005
801030,2016-07-14,3170.07,3160.6,3170.07,3147.6,29.86093919,397.881928476
801030,2016-07-15,3169.78,3174.01,3179.12,3155.57,29.52618546,419.1491410772
801030,2016-07-18,3150.9,3163.89,3167.51,3137.67,27.98694659,391.9745042644
801030,2016-07-19,3164.08,3150.58,3164.08,3129.89,26.09597751,400.54239576910004
801030,2016-07-20,3165.35,3166.44,3179.11,3158.56,25.90967199,373.272787674
801030,2016-07-21,3163.59,3164.15,3182.66,3154.57,25.85582755,378.2092061632
801030,2016-07-22,3129.65,3161.98,3165.11,3126.53,25.75295445,379.6899261174
801030,2016-07-25,3142.29,3124.26,3152.33,3120.34,27.86574838,393.52818542389997
801030,2016-07-26,3176.86,3139.66,3177.1,3139.65,26.87623793,353.89882971059995
801030,2016-07-27,3055.08,3179.72,3181.74,3015.28,44.72461664,584.3644924467
801030,2016-07-28,3070.14,3049.63,3072.87,3012.86,29.37059578,389.6537875367
801030,2016-07-29,3054.05,3066.85,3076.66,3046.05,22.96587633,326.0410514133
801030,2016-08-01,3006.48,3042.36,3042.48,2976.35,23.22841435,308.760775996
801030,2016-08-02,3034.53,3001.5,3034.8,3001.48,17.497477,246.1964401228
801030,2016-08-03,3045.29,3027.39,3046.96,3023.82,21.14207444,286.921330179
801030,2016-08-04,3065.74,3045.66,3068.86,3035.81,21.25825408,312.2872793561
801030,2016-08-05,3048.9,3062.15,3068.09,3046.6,20.66478562,290.711238159
801030,2016-08-08,3076.26,3040.79,3076.27,3021.71,20.70702694,277.6220679927
801030,2016-08-09,3112.65,3074.15,3112.82,3072.42,25.44428673,342.1990296436
801030,2016-08-10,3099.43,3108.8,3118.29,3098.29,23.57811617,332.6360381006
801030,2016-08-11,3052.19,3090.11,3095.92,3052.19,23.64320641,321.96053682810003
801030,2016-08-12,3078.57,3047.8,3078.57,3043.04,20.65388328,275.4650001367
801030,2016-08-15,3140.97,3081.82,3145.31,3072.93,34.10401525,443.4165844149
801030,2016-08-16,3160.58,3144.2,3169.06,3143.09,31.34008241,448.15317315019996
801030,2016-08-17,3176.95,3158.21,3180.45,3149.56,28.52710077,414.10652413120005
801030,2016-08-18,3170.73,3174.88,3187.02,3161.38,32.76115043,449.3916131831
801030,2016-08-19,3178.66,3166.0,3180.82,3155.48,29.75427952,406.02427494980003
801030,2016-08-22,3146.06,3180.7,3186.56,3145.77,27.65165891,389.8687958964
801030,2016-08-23,3164.08,3147.52,3166.54,3139.07,28.07640289,365.0798732564
801030,2016-08-24,3166.68,3168.44,3179.5,3158.06,26.73986231,367.8769540568
801030,2016-08-25,3166.18,3152.93,3168.58,3119.18,30.80549724,413.1339735089
801030,2016-08-26,3173.83,3168.87,3193.4,3166.54,29.8743878,408.34297940769994
801030,2016-08-29,3172.75,3171.2,3182.6,3160.89,24.43797263,332.3931417217
801030,2016-08-30,3175.22,3177.38,3188.45,3169.3,23.13026594,308.4241910888
801030,2016-08-31,3177.31,3176.61,3179.74,3157.37,25.71655597,344.4246212577
801030,2016-09-01,3160.78,3176.35,3184.39,3160.78,25.47896632,349.6206166603
801030,2016-09-02,3149.88,3155.65,3166.92,3134.01,25.15892656,338.23346254349997
801030,2016-09-05,3168.77,3158.62,3179.89,3157.01,27.68944204,340.0345402866
801030,2016-09-06,3214.54,3168.65,3214.68,3156.41,33.92025037,437.2586955776
801030,2016-09-07,3216.93,3215.39,3231.69,3211.73,33.29216971,429.65148021790003
801030,2016-09-08,3243.77,3219.41,3243.77,3218.91,28.94057703,392.11761201160004
801030,2016-09-09,3233.53,3244.82,3256.9,3233.47,33.54881303,444.2944889049
801030,2016-09-12,3151.2,3177.49,3192.14,3144.06,36.87070706,450.5479975814
801030,2016-09-13,3179.31,3167.9,3179.31,3154.54,31.84154482,401.6108424497
801030,2016-09-14,3155.55,3159.83,3172.95,3145.94,32.10222602,382.0360270772
801030,2016-09-19,3182.04,3156.28,3182.33,3156.22,27.51051726,312.3232323799
801030,2016-09-20,3185.74,3182.47,3185.74,3170.87,28.08157356,364.9922502788
801030,2016-09-21,3176.5,3179.46,3188.15,3172.8,25.3746929,331.7215257291
801030,2016-09-22,3196.68,3193.65,3202.92,3191.13,29.21094841,374.15333144550004
801030,2016-09-23,3177.05,3199.32,3200.45,3175.84,27.18022723,350.3062547849
801030,2016-09-26,3112.25,3170.6,3170.71,3111.56,28.75782691,374.65168568400003
801030,2016-09-27,3128.43,3106.37,3128.43,3085.19,25.75888711,325.3494080196
801030,2016-09-28,3128.28,3131.72,3136.18,3120.33,22.81960843,285.88113211990003
801030,2016-09-29,3150.03,3134.33,3161.68,3133.93,27.39145409,331.0059905949
801030,2016-09-30,3167.91,3146.31,3174.38,3144.86,26.3660079,330.93818622
801030,2016-10-10,3241.51,3192.58,3241.51,3190.8,34.60260403,427.89588854970003
801030,2016-10-11,3266.97,3243.56,3266.97,3240.76,34.4842955,442.4827623285
801030,2016-10-12,3270.31,3255.99,3270.31,3252.13,32.25288224,424.2306432434
801030,2016-10-13,3262.18,3267.84,3275.2,3257.69,29.61437278,365.99643089410006
801030,2016-10-14,3264.78,3257.74,3266.13,3241.41,31.33407531,391.72633477989996
801030,2016-10-17,3236.29,3267.75,3273.39,3227.21,32.19589468,438.1516872878
801030,2016-10-18,3286.07,3234.85,3286.07,3234.85,31.27773724,437.530232403
801030,2016-10-19,3285.25,3289.91,3297.17,3276.53,33.12118853,456.5574079651
801030,2016-10-20,3294.86,3284.41,3298.39,3282.09,35.17778274,460.39510363629995
801030,2016-10-21,3279.59,3291.53,3293.37,3246.84,32.76497306,441.109774673
801030,2016-10-24,3310.64,3280.48,3313.17,3275.99,35.79289615,458.92626988620003
801030,2016-10-25,3324.6,3312.47,3325.03,3311.46,35.63331588,465.93050722099997
801030,2016-10-26,3303.07,3324.74,3324.74,3290.98,37.64011138,493.5386810345
801030,2016-10-27,3300.64,3296.53,3301.61,3286.78,31.10120591,412.9805207842
801030,2016-10-28,3266.22,3297.95,3304.89,3265.68,30.90710177,420.86581551010005
801030,2016-10-31,3261.03,3254.87,3262.49,3237.36,25.76088588,358.42537120839995
801030,2016-11-01,3293.77,3261.21,3293.77,3261.21,27.44052113,396.94308687160003
801030,2016-11-02,3276.35,3287.97,3298.58,3275.22,33.95335651,479.5256723563
801030,2016-11-03,3299.47,3268.03,3320.66,3265.28,40.77374907,551.9108712132
801030,2016-11-04,3280.32,3295.1,3304.64,3275.77,34.76133865,485.70591443050006
801030,2016-11-07,3294.45,3278.01,3297.79,3273.66,33.06213113,435.3000193567
801030,2016-11-08,3315.05,3303.79,3318.97,3297.86,34.3034685,442.36937236
801030,2016-11-09,3300.89,3313.79,3319.92,3255.17,43.92101631,564.5203640753
801030,2016-11-10,3357.55,3327.05,3359.84,3309.74,43.71685289,599.3208418342
801030,2016-11-11,3380.23,3362.97,3384.25,3357.16,50.06853053,679.7043526487
801030,2016-11-14,3378.82,3369.43,3384.34,3359.81,41.15927192,551.7756033313
801030,2016-11-15,3398.33,3377.86,3398.33,3374.83,34.32474095,479.1203998725
801030,2016-11-16,3403.13,3400.92,3417.34,3400.45,34.95868579,500.7450440379
801030,2016-11-17,3398.41,3397.51,3404.31,3380.0,31.33926825,414.9763616476
801030,2016-11-18,3398.92,3399.25,3410.46,3395.56,34.45990252,462.0728891179
801030,2016-11-21,3413.88,3395.85,3416.48,3395.83,35.48343153,486.03072419849997
801030,2016-11-22,3444.1,3421.69,3444.16,3421.31,38.5529813,525.5111141271
801030,2016-11-23,3427.64,3446.09,3450.14,3419.3,38.66147945,526.690694647
801030,2016-11-24,3416.15,3421.26,3432.78,3406.21,35.12743254,488.8956477357
801030,2016-11-25,3415.38,3412.1,3415.42,3356.68,32.8790241,447.5003380821
801030,2016-11-28,3404.6,3417.51,3420.09,3400.76,31.85941518,418.38506315760003
801030,2016-11-29,3372.43,3397.41,3409.39,3372.38,36.5106744,459.8191683696
801030,2016-11-30,3357.22,3361.09,3369.03,3349.53,27.99067879,367.92125310849997
801030,2016-12-01,3383.23,3369.6,3387.29,3369.28,30.42936504,389.0633759139
801030,2016-12-02,3340.24,3385.5,3393.22,3340.08,36.10423783,446.43761718839994
801030,2016-12-05,3328.38,3313.32,3346.32,3306.18,29.30549858,356.96657575160003
801030,2016-12-06,3345.05,3329.98,3355.14,3329.62,26.45239226,348.77189492059995
801030,2016-12-07,3378.21,3341.46,3378.21,3332.04,28.81334275,365.6700466242
801030,2016-12-08,3370.95,3378.0,3381.65,3367.34,28.2827433,381.7738244649
801030,2016-12-09,3364.25,3367.1,3376.22,3354.41,27.52721753,356.4758115123
801030,2016-12-12,3220.44,3370.82,3373.6,3217.73,40.13383046,486.1414030723
801030,2016-12-13,3252.42,3211.24,3257.06,3193.63,31.03965693,370.8937013424
801030,2016-12-14,3261.03,3246.32,3297.36,3243.63,40.43714106,450.27044909029996
801030,2016-12-15,3285.75,3246.26,3294.51,3244.35,35.49649949,410.793092137
801030,2016-12-16,3320.03,3284.43,3324.53,3280.59,33.28325992,393.8797650047
801030,2016-12-19,3330.64,3318.81,3332.76,3310.78,33.83806953,395.4599071203
801030,2016-12-20,3315.79,3322.81,3327.15,3300.7,30.77597383,374.14448235919997
801030,2016-12-21,3349.59,3321.76,3349.62,3321.37,31.63523201,384.17474441260003
801030,2016-12-22,3355.51,3345.6,3361.5,3339.52,31.51424745,375.16957974800005
801030,2016-12-23,3321.8,3350.35,3357.07,3319.95,28.1457729,351.3456291111
801030,2016-12-26,3327.4,3305.4,3327.4,3268.67,25.61195271,331.2042933057
801030,2016-12-27,3331.1,3324.24,3340.02,3323.11,25.53068858,329.05478585779997
801030,2016-12-28,3326.43,3330.31,3343.13,3317.75,29.28017224,345.74704972629996
801030,2016-12-29,3303.15,3316.65,3328.66,3301.74,25.21800167,301.5564289471
801030,2016-12-30,3313.78,3304.37,3323.01,3304.2,26.41445157,312.5887325324
801030,2017-01-03,3350.08,3319.46,3350.08,3319.18,27.2728307,323.7615593423
801030,2017-01-04,3405.95,3350.55,3405.95,3350.55,34.79184468,433.7396600522
801030,2017-01-05,3411.2,3403.61,3418.87,3400.07,36.0698946,452.2810953832
801030,2017-01-06,3394.32,3408.07,3417.83,3393.88,39.05062587,457.05598513629997
801030,2017-01-09,3410.87,3388.43,3413.47,3388.43,32.78363607,398.73376718839995
801030,2017-01-10,3393.36,3407.51,3417.26,3390.46,32.49527389,387.829749848
801030,2017-01-11,3346.7,3386.21,3391.4,3346.33,28.83251589,350.0968138883
801030,2017-01-12,3314.42,3344.16,3358.25,3312.18,25.62328722,309.3640304985
801030,2017-01-13,3267.38,3312.19,3316.47,3261.03,24.92542411,303.7517395419
801030,2017-01-16,3163.0,3255.81,3256.04,3079.84,35.30865571,401.04791465809996
801030,2017-01-17,3192.52,3153.01,3192.52,3116.85,23.13288812,280.3035973282
801030,2017-01-18,3181.88,3188.22,3200.49,3176.46,19.15367489,237.564646561
801030,2017-01-19,3163.22,3169.95,3180.89,3155.65,21.6612708,271.29253411869996
801030,2017-01-20,3209.22,3155.66,3211.35,3155.64,20.83291683,274.644681251
801030,2017-01-23,3243.78,3210.93,3246.4,3210.61,22.54980727,276.7250156151
801030,2017-01-24,3240.12,3241.36,3248.4,3234.68,22.26353304,255.1840080538
801030,2017-01-25,3244.57,3233.35,3250.86,3230.78,19.02636297,236.29734543610002
801030,2017-01-26,3259.06,3246.39,3259.13,3245.45,17.14561422,216.5016913665
801030,2017-02-03,3252.41,3260.89,3263.44,3240.26,15.00909604,197.8791437468
801030,2017-02-06,3285.34,3251.92,3285.34,3251.83,21.35789981,278.2522683971
801030,2017-02-07,3281.47,3281.44,3291.54,3264.15,24.73791835,319.47445305630004
801030,2017-02-08,3299.39,3275.14,3299.39,3261.02,26.92324874,332.2467910518
801030,2017-02-09,3326.07,3298.93,3326.07,3297.44,32.90110354,400.08775826830004
801030,2017-02-10,3321.53,3324.53,3331.86,3315.84,34.02696881,403.15817270680003
801030,2017-02-13,3355.62,3318.64,3355.62,3318.48,33.4289266,400.2983904546
801030,2017-02-14,3350.53,3350.49,3352.38,3340.39,27.84134853,342.65887298810003
801030,2017-02-15,3318.66,3348.1,3354.68,3313.74,32.40748811,406.5687101153
801030,2017-02-16,3349.88,3315.7,3349.88,3314.64,31.41865071,377.6414010779
801030,2017-02-17,3320.89,3348.78,3359.05,3317.3,33.56873601,401.8344825077
801030,2017-02-20,3343.75,3319.95,3343.76,3310.99,31.38419375,371.7438069581
801030,2017-02-21,3367.89,3345.64,3367.89,3344.26,30.96857432,369.2213172711
801030,2017-02-22,3391.71,3366.81,3391.74,3364.36,33.79220541,412.75921847120003
801030,2017-02-23,3378.96,3388.14,3391.47,3359.45,33.3507561,419.97193808779997
801030,2017-02-24,3381.28,3376.46,3383.37,3363.98,28.21765148,365.18592509620004
801030,2017-02-27,3349.12,3387.2,3387.54,3347.54,34.51062212,404.2400731408
801030,2017-02-28,3366.35,3350.04,3366.35,3343.81,27.21356951,349.3098171258
801030,2017-03-01,3386.48,3364.8,3391.48,3362.38,39.0262696,448.0208389115
801030,2017-03-02,3371.02,3388.91,3392.47,3369.07,34.99624815,438.74251249559995
801030,2017-03-03,3386.22,3358.7,3389.27,3353.4,34.46923053,459.0314392292
801030,2017-03-06,3415.49,3387.79,3415.49,3387.61,32.8546402,454.4066827096
801030,2017-03-07,3410.6,3415.23,3416.95,3396.02,32.65776798,447.7573340082
801030,2017-03-08,3398.88,3409.95,3409.95,3387.18,30.59807192,408.1788081218
801030,2017-03-09,3374.17,3392.08,3392.23,3359.39,33.06523477,425.0696253328
801030,2017-03-10,3373.68,3369.47,3384.34,3365.39,27.76434442,396.8656594829
801030,2017-03-13,3395.86,3366.65,3395.86,3341.63,30.26185835,420.0213259311
801030,2017-03-14,3390.96,3393.84,3403.88,3381.06,26.93137291,382.7168068731
801030,2017-03-15,3385.56,3386.27,3391.61,3377.39,25.06932256,342.4288022745
801030,2017-03-16,3422.31,3394.77,3422.33,3394.64,32.67515496,454.40572828
801030,2017-03-17,3391.05,3422.18,3428.27,3389.38,32.93431388,462.2500708218
801030,2017-03-20,3404.79,3387.88,3404.8,3377.62,27.61718609,378.8877405297
801030,2017-03-21,3418.42,3403.36,3418.42,3396.52,26.29416154,376.16507993470003
801030,2017-03-22,3400.9,3402.04,3411.63,3378.64,29.24216316,405.23566949699995
801030,2017-03-23,3398.17,3402.14,3414.4,3370.31,31.78979697,459.3044814208
801030,2017-03-24,3414.1,3395.57,3416.9,3387.52,30.54702034,427.54185690339995
801030,2017-03-27,3408.03,3419.28,3421.99,3406.25,30.28542885,426.6118517304
801030,2017-03-28,3401.32,3408.1,3414.19,3397.6,27.89909685,416.61857652019995
801030,2017-03-29,3372.38,3402.06,3405.4,3372.19,30.72738796,430.8748397004
801030,2017-03-30,3316.05,3367.81,3370.12,3308.64,34.5874385,468.47065920480003
801030,2017-03-31,3329.23,3318.5,3332.22,3310.35,26.15945955,356.42485373949995
801030,2017-04-06,3401.22,3397.58,3406.01,3389.22,29.9503916,419.3927356739
801030,2017-04-07,3400.48,3398.24,3411.01,3394.26,32.59112632,439.3339588191
801030,2017-04-10,3366.4,3396.55,3396.66,3364.4,36.11731085,505.63843899290003
801030,2017-04-11,3378.16,3362.01,3379.66,3321.54,37.72335659,509.62836634839994
801030,2017-04-12,3341.69,3366.7,3366.7,3338.39,31.08562383,407.84792642819997
801030,2017-04-13,3357.42,3338.52,3366.41,3338.08,24.54868067,328.6284732805
801030,2017-04-14,3310.32,3356.3,3356.38,3307.74,29.3932222,369.08041554510004
801030,2017-04-17,3268.17,3292.26,3294.31,3254.17,25.54946087,317.3393546107
801030,2017-04-18,3246.81,3267.04,3281.34,3245.41,23.59323177,303.086206015
801030,2017-04-19,3213.59,3234.87,3236.31,3179.15,27.7595864,330.82770157330003
801030,2017-04-20,3211.81,3210.25,3226.9,3187.2,23.75371309,314.9513066993
801030,2017-04-21,3190.97,3211.92,3219.51,3186.8,19.7515327,264.5464651434
801030,2017-04-24,3111.69,3176.7,3176.7,3109.77,23.65215068,287.7159863147
801030,2017-04-25,3119.37,3114.38,3136.39,3112.09,20.59681215,271.8406261175
801030,2017-04-26,3122.86,3115.29,3134.94,3114.91,20.57392415,295.7904766423
801030,2017-04-27,3142.97,3115.13,3146.93,3063.87,27.48442684,369.0280283367
801030,2017-04-28,3163.26,3137.93,3163.26,3137.93,20.56795821,283.81499974
801030,2017-05-02,3167.44,3159.56,3171.6,3153.12,20.27119209,270.4756744157
801030,2017-05-03,3165.28,3161.93,3176.75,3151.23,21.16740619,279.9950819004
801030,2017-05-04,3146.19,3158.75,3175.2,3140.43,21.53626441,278.9461897488
801030,2017-05-05,3100.2,3134.56,3138.16,3099.38,22.7974082,280.2957582858
801030,2017-05-08,3055.05,3089.89,3098.48,3055.05,20.43470271,244.6210491395
801030,2017-05-09,3071.84,3046.48,3073.11,3028.2,17.77580838,219.3642830936
801030,2017-05-10,3018.28,3070.59,3085.21,3018.28,21.69994012,267.69025227689997
801030,2017-05-11,3011.43,3000.42,3011.85,2943.6,24.89691563,285.0246558576
801030,2017-05-12,3011.03,3001.9,3019.93,2988.62,19.74421367,240.2603403396
801030,2017-05-15,3014.2,3011.35,3023.6,3010.42,17.85825137,223.4279287736
801030,2017-05-16,3076.25,3004.32,3076.52,2988.53,25.63933908,313.8993750844
801030,2017-05-17,3079.82,3074.67,3094.58,3071.26,25.82299332,330.2318014214
801030,2017-05-18,3061.17,3053.65,3082.22,3052.97,22.19922595,270.926327046
801030,2017-05-19,3053.36,3062.33,3070.14,3041.73,21.192386,249.9960444716
801030,2017-05-22,3005.07,3052.04,3061.97,2994.38,21.62216151,255.1240236836
801030,2017-05-23,2935.95,2995.67,3004.66,2932.7,25.75265165,288.99442935720003
801030,2017-05-24,2955.27,2921.65,2955.27,2885.78,20.13376849,226.5530341888
801030,2017-05-25,2978.86,2948.06,2983.82,2918.65,25.46300922,281.6872272106
801030,2017-05-26,2961.39,2973.47,2985.18,2960.23,21.28697244,259.6480658633
801030,2017-05-31,2956.86,2990.64,2996.25,2956.38,21.50844301,260.4202626686
801030,2017-06-01,2894.2,2947.78,2948.92,2893.38,22.57249475,249.85668097110002
801030,2017-06-02,2916.7,2881.35,2922.38,2860.98,20.15462055,221.56277438630002
801030,2017-06-05,2937.13,2920.3,2943.64,2919.95,17.42766931,199.6139255144
801030,2017-06-06,2947.91,2931.67,2948.39,2927.12,15.6244433,179.4041431121
801030,2017-06-07,3009.7,2949.15,3009.7,2948.11,24.37296548,292.6009985829
801030,2017-06-08,3003.66,3005.28,3013.39,2994.5,22.04394652,272.1814013926
801030,2017-06-09,3003.11,2999.09,3005.08,2982.68,20.38292377,247.98623208310002
801030,2017-06-12,2966.78,2989.28,2993.34,2964.28,19.77830872,239.3242642379
801030,2017-06-13,3007.93,2964.16,3009.58,2964.13,20.41793582,253.2274735573
801030,2017-06-14,3008.72,3005.13,3015.82,3001.63,21.86664522,280.4623941329
801030,2017-06-15,3042.35,3005.02,3045.07,3005.01,25.01890734,313.26340609560003
801030,2017-06-16,3034.76,3039.51,3042.0,3030.65,20.43176569,257.5116550013
801030,2017-06-19,3050.07,3032.31,3050.07,3030.42,19.82188847,241.63633928229999
801030,2017-06-20,3058.15,3053.36,3071.01,3052.43,22.93476405,280.8459611083
801030,2017-06-21,3072.57,3062.43,3072.57,3049.2,22.21639495,272.5200975606
801030,2017-06-22,3024.27,3068.45,3074.81,3024.15,28.19735638,335.7991499779
801030,2017-06-23,3046.84,3021.89,3046.84,3000.53,25.77181927,306.2029708104
801030,2017-06-26,3082.52,3046.53,3082.52,3046.5,25.28536768,306.6153526443
801030,2017-06-27,3082.99,3082.04,3092.31,3070.18,24.58196918,296.9878897993
801030,2017-06-28,3076.19,3076.49,3085.14,3067.64,26.30617323,308.834145767
801030,2017-06-29,3090.74,3075.39,3094.76,3075.39,22.35805911,268.44081695380004
801030,2017-06-30,3102.43,3080.92,3108.22,3077.56,23.24370296,293.17187102729997
801030,2017-07-03,3122.5,3103.79,3122.66,3094.76,23.41928369,275.0244361256
801030,2017-07-04,3120.29,3120.93,3130.65,3113.88,24.83580538,295.6474234218
801030,2017-07-05,3150.02,3118.58,3150.04,3111.01,26.82021161,322.1617014696
801030,2017-07-06,3158.35,3146.93,3164.28,3130.67,31.8597668,402.8028364942
801030,2017-07-07,3178.0,3149.79,3178.92,3148.81,30.89317327,386.35581176449995
801030,2017-07-10,3169.99,3172.54,3187.71,3161.27,33.98295815,409.4218448717
801030,2017-07-11,3132.15,3165.44,3168.68,3131.64,29.44354691,356.8895528445
801030,2017-07-12,3141.45,3131.22,3141.83,3095.55,29.01866108,353.2724116726
801030,2017-07-13,3149.77,3141.03,3158.26,3138.36,31.57033005,373.68196619580004
801030,2017-07-14,3143.8,3142.12,3146.85,3124.15,26.80658715,338.4322572426
801030,2017-07-17,3018.35,3131.4,3132.12,3004.31,38.45740268,447.37201695949994
801030,2017-07-18,3058.37,3004.98,3058.39,3004.59,26.80964902,313.58839150029996
801030,2017-07-19,3116.82,3053.03,3117.32,3049.64,38.92537649,441.35899524309997
801030,2017-07-20,3148.18,3116.97,3157.21,3115.44,40.94348048,493.84182418849997
801030,2017-07-24,3179.48,3148.54,3184.97,3148.54,48.60321782,528.2213832861
801030,2017-07-25,3155.98,3174.9,3175.16,3133.9,37.92058652,425.3269328203
801030,2017-07-26,3195.41,3154.92,3195.5,3141.96,45.05361233,538.81609922
801030,2017-07-27,3200.52,3188.97,3209.25,3176.4,51.48268554,607.211211874
801030,2017-07-28,3213.28,3190.79,3217.2,3186.75,38.69005663,469.3602313001
801030,2017-07-31,3274.85,3212.53,3275.21,3209.55,49.16278752,589.4675985952999
801030,2017-08-01,3283.84,3278.68,3300.32,3263.5,51.98071814,637.0109022857
801030,2017-08-02,3261.39,3277.3,3301.05,3250.06,50.81439235,605.6506189537
801030,2017-08-03,3268.25,3254.08,3268.25,3254.08,41.06590803,506.8937057078
801030,2017-08-04,3259.9,3266.15,3297.94,3259.83,50.72367305,590.2214883722
801030,2017-08-07,3269.23,3253.76,3269.47,3233.9,38.26477164,428.0528442854
801030,2017-08-08,3256.01,3262.95,3276.19,3245.11,39.99981425,466.26922082970003
801030,2017-08-09,3262.95,3248.8,3263.28,3237.41,31.82177507,371.97009666260004
801030,2017-08-10,3226.81,3257.49,3258.07,3204.18,34.69545114,399.05634035480006
801030,2017-08-11,3141.74,3203.69,3210.55,3139.99,35.63565444,407.4204953253
801030,2017-08-14,3198.13,3142.97,3198.13,3142.76,25.26756504,306.8455221341
801030,2017-08-15,3225.38,3201.58,3225.55,3201.3,31.62360021,393.1575284604
801030,2017-08-16,3212.99,3219.96,3222.61,3189.57,31.04517577,368.18455591739996
801030,2017-08-17,3241.27,3217.64,3241.27,3207.2,30.18224812,369.67112742940003
801030,2017-08-18,3233.66,3220.29,3240.16,3213.6,29.62629669,363.77179851949995
801030,2017-08-21,3260.45,3237.81,3260.45,3233.32,27.96442205,338.1840484133
801030,2017-08-22,3246.9,3258.4,3261.74,3239.06,28.82885784,367.50203766519996
801030,2017-08-23,3208.42,3238.47,3242.92,3205.51,26.01957737,327.6240390007
801030,2017-08-24,3187.0,3205.28,3210.66,3180.85,24.42248748,304.2099217818
801030,2017-08-25,3217.8,3183.93,3224.45,3183.93,25.19600139,308.262671275
801030,2017-08-28,3245.53,3220.83,3253.57,3217.83,30.56108611,373.23584590769997
801030,2017-08-29,3237.01,3245.35,3254.89,3233.01,27.35718126,359.96088042220003
801030,2017-08-30,3266.73,3236.27,3273.75,3234.98,33.05607625,416.5886988429
801030,2017-08-31,3282.33,3269.25,3282.33,3261.28,32.07487871,421.61160379300003
801030,2017-09-01,3311.96,3285.35,3313.0,3284.51,37.60445273,498.68797728550004
801030,2017-09-04,3317.38,3311.11,3323.0,3306.26,34.2940516,437.6292383086
801030,2017-09-05,3319.22,3317.85,3320.72,3296.81,28.6301256,382.0023823139
801030,2017-09-06,3344.73,3311.56,3344.73,3308.09,32.96497882,470.450358131
801030,2017-09-07,3330.99,3357.16,3363.02,3330.41,37.94970363,541.517934899
801030,2017-09-08,3352.19,3330.79,3355.55,3328.35,33.31477803,474.6701651063
801030,2017-09-11,3389.54,3359.63,3389.54,3354.74,35.90739412,528.0109794988
801030,2017-09-12,3397.49,3398.93,3434.21,3388.92,47.36022682,708.0050641186999
801030,2017-09-13,3421.86,3392.74,3421.86,3386.1,35.06202811,490.79499348589997
801030,2017-09-14,3407.81,3422.67,3429.33,3394.68,37.10313989,490.298290934
801030,2017-09-15,3383.68,3404.76,3407.81,3371.17,33.40572256,445.21658434569997
801030,2017-09-18,3399.35,3378.56,3399.47,3373.14,30.0380147,389.78706980690004
801030,2017-09-19,3375.11,3399.98,3404.24,3362.48,28.76304239,402.8786290509
801030,2017-09-20,3402.41,3371.49,3402.72,3363.64,29.46136377,408.46981309309996
801030,2017-09-21,3365.07,3406.16,3406.38,3365.07,30.72413415,451.930287885
801030,2017-09-22,3336.21,3354.25,3354.44,3327.36,26.90177024,370.88594425120004
801030,2017-09-25,3312.05,3333.76,3341.69,3307.89,25.49005864,343.21475677669997
801030,2017-09-26,3340.02,3311.6,3340.04,3311.52,25.17834317,391.3641710092
801030,2017-09-27,3356.32,3336.96,3360.49,3336.89,23.18340937,360.7158936371
801030,2017-09-28,3345.87,3356.49,3361.61,3344.99,22.99656044,348.11735261760003
801030,2017-09-29,3360.53,3349.89,3366.45,3346.25,22.03145071,339.3671812436
801030,2017-10-09,3394.38,3396.4,3402.86,3377.03,25.21281241,360.31450863379996
801030,2017-10-10,3401.6,3392.26,3401.61,3380.48,24.53522522,359.58380601809995
801030,2017-10-11,3387.97,3399.28,3402.57,3379.3,26.96969246,406.36137728669996
801030,2017-10-12,3373.64,3382.96,3384.66,3355.4,22.94330753,328.2501526076
801030,2017-10-13,3391.24,3376.56,3393.09,3376.45,20.39866476,297.5608224235
801030,2017-10-16,3330.62,3386.37,3386.39,3330.44,27.49037606,400.40112737559997
801030,2017-10-17,3332.63,3324.41,3345.08,3317.81,18.53811733,274.0335949845
801030,2017-10-18,3299.05,3331.35,3336.74,3296.39,21.20582199,297.44563426770003
801030,2017-10-19,3265.68,3294.04,3298.72,3261.29,21.59050437,288.15190439099996
801030,2017-10-20,3303.32,3259.89,3303.32,3259.82,15.60137416,239.850907203
801030,2017-10-23,3322.39,3303.56,3322.5,3299.87,16.05957435,226.00239178619998
801030,2017-10-24,3321.01,3319.48,3327.26,3303.64,19.36006381,262.3194513782
801030,2017-10-25,3341.88,3323.05,3341.89,3320.9,19.32872826,277.5544260216
801030,2017-10-26,3366.81,3338.83,3366.86,3332.13,24.42247304,360.6551532025
801030,2017-10-27,3340.7,3362.16,3365.64,3338.19,21.94158705,304.64465866669997
801030,2017-10-30,3278.34,3336.07,3336.08,3250.21,27.82415048,367.7302470386
801030,2017-10-31,3292.42,3274.34,3292.42,3265.92,19.70838619,284.0477202356
801030,2017-11-01,3299.49,3293.15,3306.87,3287.5,22.64735768,314.3917466406
801030,2017-11-02,3250.42,3293.78,3293.92,3249.61,22.05326059,310.9770125781
801030,2017-11-03,3224.52,3249.04,3257.66,3208.19,22.89666291,303.291067612
801030,2017-11-06,3252.8,3225.51,3252.8,3208.99,21.2653859,297.156695138
801030,2017-11-07,3276.3,3253.54,3276.53,3252.48,22.98185833,314.5322173596
801030,2017-11-08,3292.37,3276.78,3308.86,3273.93,23.88782339,344.39388960260004
801030,2017-11-09,3314.83,3294.34,3315.12,3293.41,22.35526663,307.0336852785
801030,2017-11-10,3320.86,3314.21,3323.59,3307.06,26.1245413,390.8109811284
801030,2017-11-13,3339.84,3320.57,3340.23,3315.53,26.02404392,389.97018669449994
801030,2017-11-14,3320.45,3339.29,3342.48,3308.35,25.7263344,390.9063917804
801030,2017-11-15,3282.33,3312.01,3315.64,3269.73,23.82186655,351.3262380286
801030,2017-11-16,3291.2,3279.82,3300.81,3277.26,22.45237744,341.68016423849997
801030,2017-11-17,3199.16,3289.51,3294.28,3195.61,30.87564209,415.6963887579
801030,2017-11-20,3220.04,3184.57,3220.14,3134.05,22.2502589,304.8602612703
801030,2017-11-21,3225.48,3217.27,3235.49,3196.24,23.25127433,337.271607308
801030,2017-11-22,3219.21,3224.84,3233.86,3196.71,24.06985593,327.06436583330003
801030,2017-11-23,3144.82,3214.41,3214.61,3144.78,24.80043429,344.6252345614
801030,2017-11-24,3154.31,3130.84,3162.54,3130.84,19.69015374,277.0590899255
801030,2017-11-27,3129.07,3149.58,3161.89,3124.36,20.2154892,270.550254073
801030,2017-11-28,3174.39,3125.82,3174.51,3125.82,20.12493007,265.4084386455
801030,2017-11-29,3203.16,3175.0,3203.16,3163.36,25.94887033,351.7577143581
801030,2017-11-30,3184.27,3194.7,3204.79,3175.79,22.16315792,292.28461972270003
801030,2017-12-01,3195.23,3181.79,3198.45,3175.05,20.00608836,264.1928382583
801030,2017-12-04,3188.53,3192.43,3218.07,3185.11,25.0601848,312.7754659776
801030,2017-12-05,3111.65,3178.59,3187.86,3096.5,30.5986013,349.4440415701
801030,2017-12-06,3137.62,3102.56,3138.4,3080.69,24.63884831,277.7136981369
801030,2017-12-07,3115.52,3128.33,3138.96,3113.25,19.53958774,233.6053586497
801030,2017-12-08,3147.02,3112.76,3153.91,3112.75,20.33658695,246.6818458384
801030,2017-12-11,3173.55,3144.77,3173.55,3144.64,20.00359973,235.68651038279998
801030,2017-12-12,3152.66,3174.26,3183.43,3152.66,20.81629289,264.147906302
801030,2017-12-13,3171.1,3148.38,3171.11,3142.07,17.97595588,218.77872375169997
801030,2017-12-14,3181.69,3173.24,3184.38,3164.87,21.83617123,259.7326594686
801030,2017-12-15,3163.47,3177.11,3180.61,3154.91,21.75800043,256.11742002740004
801030,2017-12-18,3147.66,3156.93,3162.51,3138.71,17.90617332,233.3786594716
801030,2017-12-19,3179.19,3142.94,3179.19,3142.94,19.27884226,239.6469977269
801030,2017-12-20,3153.7,3177.73,3181.73,3149.79,22.60374441,272.37859884290003
801030,2017-12-21,3169.44,3149.17,3174.95,3123.96,22.51628444,283.9337906673
801030,2017-12-22,3179.43,3165.05,3191.41,3163.76,21.23871603,264.13270372430003
801030,2017-12-25,3149.59,3176.67,3180.95,3142.72,21.05573936,264.3207697668
801030,2017-12-26,3160.07,3144.41,3160.76,3131.12,20.34222346,262.74574944430003
801030,2017-12-27,3154.57,3158.49,3178.15,3151.58,22.88808308,291.4812244541
801030,2017-12-28,3164.38,3146.45,3171.09,3143.39,22.34181245,282.93756215779996
801030,2017-12-29,3187.6,3164.95,3187.79,3164.95,19.96061027,265.2230133897
801030,2018-01-02,3268.53,3196.93,3269.2,3196.49,32.37042596,377.3548167893
801030,2018-01-03,3290.97,3269.91,3295.0,3266.71,31.23317209,392.00461420669996
801030,2018-01-04,3330.36,3290.17,3335.8,3290.13,34.69703016,419.5939892
801030,2018-01-05,3330.89,3326.86,3338.46,3321.41,30.58079847,365.8529440697
801030,2018-01-08,3352.35,3327.57,3352.58,3325.93,31.65095233,393.1149474403
801030,2018-01-09,3335.16,3350.28,3352.62,3325.33,26.90374227,349.7134703432
801030,2018-01-10,3312.01,3341.56,3348.34,3290.79,30.60255144,371.7482821551
801030,2018-01-11,3315.41,3307.35,3316.55,3297.48,23.14044164,301.31670517509997
801030,2018-01-12,3295.28,3312.49,3315.76,3290.0,23.5238614,301.61088680849997
801030,2018-01-15,3247.14,3293.74,3295.55,3235.95,30.4519676,383.79267280269994
801030,2018-01-16,3260.68,3242.86,3270.23,3242.86,27.11196777,353.6342345529
801030,2018-01-17,3230.61,3254.72,3254.77,3200.85,28.58116944,379.4528369916
801030,2018-01-18,3272.28,3230.05,3273.23,3229.99,27.03149452,360.4378069846
801030,2018-01-19,3258.62,3267.77,3281.32,3252.22,26.70127713,344.386999115
801030,2018-01-22,3280.39,3254.82,3280.43,3244.75,25.09434235,311.8970782413
801030,2018-01-23,3282.43,3281.42,3289.95,3266.04,26.45196689,316.923157563
801030,2018-01-24,3296.45,3281.88,3296.93,3262.1,28.36038338,342.6106248609
801030,2018-01-25,3305.49,3300.12,3328.83,3295.73,31.30387691,389.077689775
801030,2018-01-26,3292.57,3292.3,3298.62,3285.28,25.50963457,327.3505469943
801030,2018-01-29,3267.38,3294.33,3299.34,3259.51,29.00532676,365.52980484169996
801030,2018-01-30,3274.53,3256.16,3276.07,3256.15,24.21247172,322.9361316077
801030,2018-01-31,3205.37,3249.47,3249.89,3194.39,27.77181962,356.89236384339995
801030,2018-02-01,3110.11,3199.4,3214.9,3107.35,31.76466992,376.9788790123
801030,2018-02-02,3118.42,3083.83,3118.42,3033.38,29.54982873,343.6689733885
801030,2018-02-05,3131.39,3077.93,3138.51,3070.41,24.19375924,291.57157816259996
801030,2018-02-06,2985.84,3075.1,3090.65,2984.57,30.59618895,337.9906615764
801030,2018-02-07,2973.55,3031.68,3046.06,2951.76,28.84501531,330.25819661549997
801030,2018-02-08,2987.81,2960.41,2996.55,2957.63,22.3689018,247.4034536746
801030,2018-02-09,2874.53,2910.66,2922.67,2841.24,28.90932146,292.6221139258
801030,2018-02-12,2941.59,2878.0,2948.9,2877.17,22.85112182,240.6357452297
801030,2018-02-13,2961.54,2960.26,2984.67,2955.97,21.62654232,240.61433704729998
801030,2018-02-14,2971.17,2965.31,2973.19,2950.17,14.28243156,162.6768969031
801030,2018-02-22,3040.98,2997.42,3041.28,2994.74,20.04561884,244.970019229
801030,2018-02-23,3057.89,3041.97,3057.89,3029.31,20.4950725,254.8032245015
801030,2018-02-26,3120.73,3070.94,3120.73,3070.36,25.85560239,331.8334462382
801030,2018-02-27,3104.9,3118.39,3120.21,3093.92,23.40299411,311.24745232189997
801030,2018-02-28,3103.88,3083.43,3114.0,3068.31,22.47555559,296.5057037088
801030,2018-03-01,3124.01,3084.86,3125.77,3081.19,23.25006353,303.6962404245
801030,2018-03-02,3111.31,3105.03,3126.68,3103.31,21.11849424,280.3500443406
801030,2018-03-05,3097.18,3114.25,3119.91,3088.2,21.54174703,275.9981772828
801030,2018-03-06,3138.35,3102.51,3138.35,3087.01,24.65164784,324.7149145502
801030,2018-03-07,3104.21,3135.08,3136.99,3100.64,23.11138591,297.9685381611
801030,2018-03-08,3117.74,3098.31,3117.76,3096.07,20.69777132,261.9823230818
801030,2018-03-09,3145.6,3120.97,3146.49,3116.86,24.31486843,307.9486418974
801030,2018-03-12,3207.89,3156.48,3208.45,3156.4,31.71527805,419.46879868480005
801030,2018-03-13,3195.22,3204.36,3210.75,3194.14,29.055591,368.18760301080005
801030,2018-03-14,3182.07,3189.16,3199.77,3180.45,25.08419738,310.0955651022
801030,2018-03-15,3165.84,3172.82,3178.68,3138.14,24.00063599,303.7559101692
801030,2018-03-16,3149.31,3166.28,3174.13,3149.31,21.79650747,268.5519198014
801030,2018-03-19,3146.36,3142.79,3152.65,3130.68,21.75643701,271.0166595312
801030,2018-03-20,3153.46,3126.17,3155.02,3117.95,21.95026135,258.9290426011
801030,2018-03-21,3138.95,3157.71,3184.95,3134.5,25.3087259,314.1006409971
801030,2018-03-22,3132.09,3142.87,3155.44,3119.6,20.20933406,251.5386202916
801030,2018-03-23,2984.26,3044.26,3067.46,2952.16,33.52102701,373.4121282045
801030,2018-03-26,3012.86,2948.22,3013.0,2922.73,23.09016358,271.4068278906
801030,2018-03-27,3056.3,3042.48,3064.33,3034.72,24.22187058,308.0106656575
801030,2018-03-28,3011.76,3022.62,3042.03,3010.7,20.75126375,257.2753394345
801030,2018-03-29,3058.45,3020.42,3061.09,3010.42,21.90869373,271.3302300199
801030,2018-03-30,3076.18,3063.67,3078.66,3059.39,21.48755422,279.96923400599997
801030,2018-04-02,3079.85,3082.12,3100.28,3077.36,23.65186507,313.8977389413
801030,2018-04-03,3045.08,3039.81,3049.78,3028.29,21.45214316,293.58818497330003
801030,2018-04-04,3040.68,3050.9,3069.77,3038.62,20.19825916,277.6683115725
801030,2018-04-09,3036.97,3033.94,3048.43,3014.21,19.77793265,259.7664257426
801030,2018-04-10,3072.74,3043.43,3072.74,3036.86,22.76839116,303.9019853899
801030,2018-04-11,3097.99,3089.54,3106.35,3089.18,23.75463314,313.45204707880004
801030,2018-04-12,3081.96,3094.78,3101.66,3075.59,20.7237583,260.95721744900004
801030,2018-04-13,3070.21,3088.08,3093.22,3063.57,18.56102504,254.2707018305
801030,2018-04-16,3038.44,3063.18,3066.09,3020.0,20.03383143,262.6256815467
801030,2018-04-17,2983.85,3039.7,3044.69,2981.91,19.84703267,265.00207103099996
801030,2018-04-18,3016.07,3001.08,3018.15,2953.44,20.88869619,269.4335003205
801030,2018-04-19,3026.26,3017.04,3042.34,3015.54,21.21907313,268.8933916865
801030,2018-04-20,2962.2,3014.03,3015.32,2958.5,20.10224462,243.0890084616
801030,2018-04-23,2945.01,2957.29,2967.98,2917.01,16.99983501,201.7513224918
801030,2018-04-24,3009.89,2949.08,3010.16,2948.61,22.10380437,282.8219968171
801030,2018-04-25,3003.97,2995.72,3005.23,2993.1,18.92930115,240.8828035325
801030,2018-04-26,2954.86,3000.99,3002.79,2953.21,19.4809535,240.45728510880002
801030,2018-04-27,2969.03,2966.59,2980.15,2945.51,18.90388238,238.4667642575
801030,2018-05-02,2973.25,2972.36,2981.83,2955.06,18.45475322,220.9920962334
801030,2018-05-03,3004.14,2969.64,3004.14,2952.48,20.95718918,250.51223236669998
801030,2018-05-04,3011.39,3003.97,3020.87,2997.41,19.12005304,243.27097508990002
801030,2018-05-07,3079.58,3018.35,3080.12,3011.39,27.0298457,330.8120576244
801030,2018-05-08,3089.93,3081.5,3093.32,3078.27,27.03545401,332.7258016387
801030,2018-05-09,3104.56,3089.42,3108.01,3087.79,25.70362748,313.1364663545
801030,2018-05-10,3117.2,3114.22,3128.4,3096.69,27.23805568,339.509866982
801030,2018-05-11,3101.04,3120.27,3121.5,3099.67,25.06508042,324.91520276439996
801030,2018-05-14,3088.83,3095.12,3113.86,3079.47,24.04967795,312.7491123866
801030,2018-05-15,3123.39,3093.74,3123.39,3083.7,21.83157247,287.8349217719
801030,2018-05-16,3106.04,3113.88,3122.32,3103.85,23.80288298,319.38484338439997
801030,2018-05-17,3142.55,3104.77,3152.82,3104.77,29.7279529,389.89565680559997
801030,2018-05-18,3179.0,3142.97,3181.34,3142.95,35.92240305,439.23534342330004
801030,2018-05-21,3231.8,3198.72,3241.77,3185.47,41.00536871,513.9239723558001
801030,2018-05-22,3239.57,3230.59,3239.57,3215.65,32.46731201,431.1481752085
801030,2018-05-23,3175.04,3230.8,3231.13,3173.75,31.75188945,428.685510431
801030,2018-05-24,3163.32,3172.27,3179.57,3160.88,24.01241675,337.6642498141
801030,2018-05-25,3116.04,3158.32,3163.5,3109.94,24.09274734,329.57932319180003
801030,2018-05-28,3088.61,3103.53,3118.22,3081.65,24.31014254,316.1817877816
801030,2018-05-29,3061.59,3086.03,3100.06,3061.08,21.61148227,296.7565825452
801030,2018-05-30,2962.46,3018.07,3019.24,2960.8,26.31690312,315.8443222915
801030,2018-05-31,3010.41,2987.22,3010.5,2966.49,21.40581343,264.8346866346
801030,2018-06-01,2969.26,2994.51,3004.78,2952.66,21.95094938,283.9382743593
801030,2018-06-04,2981.88,2988.56,2996.91,2971.15,17.8013487,233.169567796
801030,2018-06-05,3030.83,2986.97,3031.03,2980.82,21.10688213,330.5718400107
801030,2018-06-06,3033.95,3027.41,3037.92,3019.9,20.26181948,310.2484833271
801030,2018-06-07,3034.31,3044.36,3054.69,3031.61,20.85236016,313.81616804
801030,2018-06-08,2996.36,3027.69,3027.93,2979.82,20.65177624,285.5223334362
801030,2018-06-11,2978.94,2985.64,2996.81,2964.97,17.34066655,251.1584282252
801030,2018-06-12,2999.22,2976.72,2999.23,2948.53,17.75359078,250.40632102310002
801030,2018-06-13,2967.07,2991.94,3001.44,2965.23,18.52566447,251.5231485952
801030,2018-06-14,2949.32,2954.19,2980.52,2942.26,16.47535851,230.9842244825
801030,2018-06-15,2894.19,2946.55,2955.82,2879.27,19.87387428,251.4323102953
801030,2018-06-19,2719.52,2847.52,2848.32,2687.68,31.11729058,358.1743469955
801030,2018-06-20,2743.49,2703.06,2756.1,2691.99,21.95659553,262.5584264972
801030,2018-06-21,2706.25,2743.79,2778.12,2704.25,22.41454081,278.4122937555
801030,2018-06-22,2746.03,2684.66,2749.28,2670.06,19.80922681,236.32563998689997
801030,2018-06-25,2727.45,2769.44,2779.78,2726.42,20.3745891,252.06466706939997
801030,2018-06-26,2743.14,2689.44,2745.8,2682.67,19.56384869,240.7654721175
801030,2018-06-27,2728.05,2745.65,2764.74,2714.21,21.26013752,256.5754806502
801030,2018-06-28,2690.14,2721.52,2745.45,2689.29,21.93478377,253.5483074443
801030,2018-06-29,2769.63,2694.81,2769.65,2691.93,23.70598638,269.16311575509997
801030,2018-07-02,2730.18,2765.84,2779.86,2710.05,22.69146016,262.0297956833
801030,2018-07-03,2759.48,2736.84,2759.62,2687.86,24.73488291,285.3595379875
801030,2018-07-04,2711.73,2747.37,2749.61,2700.08,21.22324564,237.92860218959999
801030,2018-07-05,2644.32,2706.23,2715.07,2643.7,21.65395507,237.5001820004
801030,2018-07-06,2648.34,2641.67,2681.11,2593.69,22.30873228,243.47183043459998
801030,2018-07-09,2735.09,2657.99,2735.09,2657.93,22.03356258,257.55471924650004
801030,2018-07-10,2764.28,2740.72,2764.31,2732.25,22.98254756,290.7722077497
801030,2018-07-11,2723.52,2718.21,2731.28,2683.05,24.02067396,293.99323127630004
801030,2018-07-12,2782.05,2714.2,2790.01,2714.02,27.61378826,337.1005292891
801030,2018-07-13,2810.87,2780.07,2811.77,2775.93,23.35237452,323.13424631
801030,2018-07-16,2805.95,2805.82,2816.89,2787.75,19.93756902,272.4812491156
801030,2018-07-17,2813.14,2797.49,2813.23,2775.64,22.28692002,289.36221234970003
801030,2018-07-18,2800.92,2817.59,2841.54,2799.47,24.15345696,308.6689135961
801030,2018-07-19,2778.05,2795.93,2813.91,2763.34,22.71765507,267.4910492484
801030,2018-07-20,2802.01,2771.77,2810.42,2757.4,21.50211285,253.5110735516
801030,2018-07-23,2841.81,2797.3,2841.85,2789.59,25.0121026,305.4633399091
801030,2018-07-24,2881.1,2843.83,2885.81,2843.82,33.246962,379.11208719309997
801030,2018-07-25,2868.79,2881.17,2894.76,2861.19,26.18756608,299.0576354149
801030,2018-07-26,2854.18,2869.29,2874.32,2843.64,27.46000684,282.6378299229
801030,2018-07-27,2835.53,2848.53,2853.62,2825.97,23.96949027,233.5176380713
801030,2018-07-30,2824.51,2834.64,2852.39,2811.82,23.54987582,241.258923303
801030,2018-07-31,2828.93,2823.66,2833.67,2809.2,20.46337085,209.4835492659
801030,2018-08-01,2796.86,2829.7,2854.24,2796.86,23.84615498,262.20583351930003
801030,2018-08-02,2740.03,2784.37,2784.95,2680.28,28.00401444,290.6630422191
801030,2018-08-03,2705.49,2733.74,2748.14,2705.39,21.66874785,219.7215794415
801030,2018-08-06,2635.34,2694.92,2717.24,2620.73,25.45936815,248.9716440616
801030,2018-08-07,2728.14,2639.62,2728.14,2639.09,30.73440702,279.0803032881
801030,2018-08-08,2694.97,2719.03,2738.09,2692.7,30.80478752,282.8722000353
801030,2018-08-09,2744.48,2678.47,2754.07,2674.93,30.14571643,280.678039763
801030,2018-08-10,2752.09,2739.72,2755.05,2732.98,22.30718286,206.0182248676
801030,2018-08-13,2757.09,2727.41,2757.87,2710.55,21.21114394,211.3778694952
801030,2018-08-14,2759.66,2753.23,2771.08,2750.05,21.07690906,205.8028455216
801030,2018-08-15,2712.39,2757.48,2758.61,2710.57,21.85528871,208.0492704097
801030,2018-08-16,2681.84,2679.65,2708.02,2660.92,20.9620016,195.3303384523
801030,2018-08-17,2627.63,2701.24,2710.8,2623.73,19.96630486,209.198071435
801030,2018-08-20,2642.51,2621.94,2642.63,2591.71,19.15929912,193.733580758
801030,2018-08-21,2673.08,2644.61,2676.85,2637.88,18.19284185,187.55201417799998
801030,2018-08-22,2649.7,2670.99,2671.36,2646.83,17.09766275,170.8352036811
801030,2018-08-23,2661.62,2650.29,2671.98,2636.76,17.51305501,183.4068633489
801030,2018-08-24,2648.46,2654.34,2665.33,2641.37,15.67241986,152.9264505866
801030,2018-08-27,2702.86,2653.86,2703.15,2653.4,21.3847325,212.8124950268
801030,2018-08-28,2716.78,2703.53,2717.72,2702.22,19.62895528,207.6983382299
801030,2018-08-29,2700.07,2710.63,2712.51,2693.79,17.74655065,173.9033114145
801030,2018-08-30,2664.19,2699.64,2706.37,2663.03,18.87970615,189.4098920456
801030,2018-08-31,2638.59,2660.24,2660.66,2628.62,16.51043104,161.44059967889999
801030,2018-09-03,2629.22,2631.51,2631.78,2593.6,16.41983319,164.6119010174
801030,2018-09-04,2648.89,2628.95,2652.81,2619.66,18.49662901,176.5734322743
801030,2018-09-05,2600.81,2642.23,2644.91,2600.81,16.79240249,160.9490345385
801030,2018-09-06,2580.87,2593.45,2610.36,2571.1,15.80549551,161.1856412901
801030,2018-09-07,2587.98,2582.92,2616.32,2571.7,17.16723966,163.6904649682
801030,2018-09-10,2540.84,2584.12,2586.68,2540.19,17.54966586,166.7174217996
801030,2018-09-11,2519.09,2537.48,2545.6,2494.16,18.94274103,195.52985877990002
801030,2018-09-12,2518.98,2513.89,2531.15,2503.6,14.89011796,148.54392273690002
801030,2018-09-13,2548.56,2539.62,2549.19,2518.66,17.24285136,166.4330153393
801030,2018-09-14,2537.0,2551.79,2562.0,2534.99,15.65284637,151.15908816700002
801030,2018-09-17,2489.59,2528.85,2530.1,2483.75,15.22177084,142.3124652375
801030,2018-09-18,2538.85,2480.7,2539.05,2480.68,16.943958,163.0543758094
801030,2018-09-19,2560.82,2533.02,2576.61,2529.15,20.36120254,193.90112790779997
801030,2018-09-20,2567.26,2561.01,2580.3,2561.0,18.65643304,174.3696180159
801030,2018-09-21,2606.75,2570.69,2609.59,2560.35,22.89580872,203.95519573529998
801030,2018-09-25,2596.83,2596.05,2609.72,2591.06,18.90258568,173.82342621
801030,2018-09-26,2620.73,2600.09,2630.57,2596.55,21.31897108,215.68794016610002
801030,2018-09-27,2594.75,2619.91,2622.19,2594.68,19.90302644,183.73292901169998
801030,2018-09-28,2616.27,2592.34,2616.27,2589.53,18.45306385,198.34334566189997
801030,2018-10-08,2528.26,2573.16,2580.69,2523.96,22.33828178,212.4939011833
801030,2018-10-09,2538.94,2533.4,2555.44,2525.26,20.17812237,197.86140004900003
801030,2018-10-10,2550.58,2546.11,2565.42,2533.17,20.49912571,204.0010242032
801030,2018-10-11,2390.47,2470.62,2484.34,2371.86,32.75002719,290.2623180207
801030,2018-10-12,2397.3,2373.55,2402.51,2311.94,26.87911542,242.8401439404
801030,2018-10-15,2362.86,2403.79,2415.02,2359.84,19.73395793,193.5551034619
801030,2018-10-16,2302.91,2357.88,2372.79,2291.3,20.84068848,195.80894263349998
801030,2018-10-17,2308.69,2329.58,2337.29,2258.3,22.29076271,198.3718690391
801030,2018-10-18,2229.42,2290.08,2291.53,2227.03,19.63963769,167.8615382927
801030,2018-10-19,2256.59,2178.73,2260.15,2169.13,23.06001864,196.3420328767
801030,2018-10-22,2352.89,2269.69,2372.87,2269.24,30.51363012,282.4546020534
801030,2018-10-23,2297.08,2348.1,2353.62,2287.88,23.66528502,221.6673962519
801030,2018-10-24,2294.87,2281.1,2317.88,2275.87,19.75828152,179.11381503560003
801030,2018-10-25,2279.18,2229.77,2283.44,2219.02,20.67927194,178.75291324830002
801030,2018-10-26,2283.81,2297.17,2306.24,2275.81,18.26916821,155.06919553790001
801030,2018-10-29,2242.31,2278.9,2280.68,2233.09,17.07054038,149.3636015758
801030,2018-10-30,2266.22,2238.41,2276.95,2216.32,19.20065715,163.0237913547
801030,2018-10-31,2297.36,2272.44,2308.72,2268.39,22.57692454,185.1393598404
801030,2018-11-01,2302.24,2304.46,2331.32,2300.65,23.4227677,201.54651375950002
801030,2018-11-02,2378.84,2331.58,2378.86,2328.37,30.08637489,274.6256663248
801030,2018-11-05,2385.06,2373.85,2393.77,2353.34,27.87001595,251.97364313990002
801030,2018-11-06,2371.43,2369.86,2372.29,2345.78,22.53556574,186.2797992502
801030,2018-11-07,2347.57,2363.57,2378.25,2347.57,22.84847873,197.1086175879
801030,2018-11-08,2338.19,2364.09,2368.0,2335.45,21.64178964,173.3942214889
801030,2018-11-09,2324.48,2329.12,2341.54,2322.17,19.07180825,154.3695872749
801030,2018-11-12,2376.86,2322.89,2376.86,2322.88,24.86272204,200.63759670459999
801030,2018-11-13,2409.4,2352.77,2417.57,2349.46,34.43781804,263.6570288094
801030,2018-11-14,2395.11,2400.99,2422.0,2390.01,33.97111125,270.0609928867
801030,2018-11-15,2414.96,2386.47,2414.97,2385.51,30.1147122,261.4906168472
801030,2018-11-16,2429.12,2412.69,2438.79,2406.2,38.44120934,351.7256621936
801030,2018-11-19,2440.18,2430.12,2440.18,2410.4,31.37298251,281.84932675790003
801030,2018-11-20,2377.14,2421.85,2423.45,2374.83,28.04958397,250.06778571659999
801030,2018-11-21,2379.95,2345.65,2379.95,2339.69,25.20972271,213.2814135936
801030,2018-11-22,2380.2,2385.05,2392.24,2370.37,22.58442118,191.4258976484
801030,2018-11-23,2285.25,2376.16,2377.69,2281.04,29.14814402,243.3544509863
801030,2018-11-26,2264.34,2276.43,2287.61,2255.28,20.89683361,178.04454121240002
801030,2018-11-27,2281.41,2279.33,2289.09,2267.05,19.44363855,161.8032797158
801030,2018-11-28,2304.85,2282.96,2304.85,2259.53,20.68143482,178.0156009721
801030,2018-11-29,2258.07,2312.14,2317.2,2258.07,23.8708898,206.0536092118
801030,2018-11-30,2290.16,2258.03,2292.03,2252.32,23.7063174,196.187341496
801030,2018-12-03,2367.3,2343.87,2378.13,2332.37,33.79059831,290.4778501682
801030,2018-12-04,2389.16,2363.47,2389.16,2358.43,27.90984467,242.0058406397
801030,2018-12-05,2372.92,2345.24,2383.92,2340.65,25.55616615,224.1453054206
801030,2018-12-06,2333.65,2362.46,2367.31,2331.86,22.15334162,192.96351609049998
801030,2018-12-07,2340.89,2338.71,2344.18,2329.61,16.95862823,145.5736146517
801030,2018-12-10,2318.59,2328.54,2335.29,2310.51,17.60157575,144.0884642021
801030,2018-12-11,2333.53,2324.89,2333.53,2320.07,17.13105437,141.34207335620002
801030,2018-12-12,2341.49,2342.9,2348.32,2333.99,18.32283768,151.4591748283
801030,2018-12-13,2363.42,2345.6,2374.46,2330.45,22.50953794,202.96225723610002
801030,2018-12-14,2315.89,2361.09,2362.34,2314.95,22.15148343,194.2273934984
801030,2018-12-17,2312.58,2307.56,2318.09,2289.14,17.65279441,157.9366067298
801030,2018-12-18,2297.9,2299.82,2315.47,2278.45,17.31796801,149.947448789
801030,2018-12-19,2258.54,2297.3,2298.02,2256.85,15.37743994,132.50785463129998
801030,2018-12-20,2260.59,2255.74,2265.39,2242.32,15.58729967,134.4963720246
801030,2018-12-21,2240.29,2249.56,2250.51,2224.13,16.40001183,143.0963450392
801030,2018-12-24,2258.27,2234.56,2258.27,2229.67,14.65915081,129.31194764010002
801030,2018-12-25,2223.24,2234.07,2234.57,2178.72,20.30553585,169.2227573464
801030,2018-12-26,2210.47,2221.85,2231.87,2207.2,15.2139894,135.40991518549998
801030,2018-12-27,2179.06,2246.26,2248.96,2179.06,21.37259823,177.29888209799998
801030,2018-12-28,2176.37,2177.1,2188.35,2162.64,18.45994818,154.86097316389998
801030,2019-01-02,2159.23,2181.75,2182.89,2155.26,15.37027103,125.9645289466
801030,2019-01-03,2138.25,2159.13,2171.4,2137.44,15.55907971,129.6304340063
801030,2019-01-04,2181.43,2117.92,2181.43,2112.14,20.37760578,159.0640116803
801030,2019-01-07,2214.34,2194.76,2215.09,2185.69,22.24667936,172.3958074713
801030,2019-01-08,2216.46,2209.04,2220.9,2205.03,18.83149409,145.9508975615
801030,2019-01-09,2236.19,2221.67,2263.49,2221.49,25.80061719,213.6026003196
801030,2019-01-10,2229.9,2239.49,2247.2,2227.01,22.20510314,170.1381675358
801030,2019-01-11,2244.01,2230.94,2244.47,2222.09,20.96349321,165.2910692749
801030,2019-01-14,2233.41,2243.27,2244.76,2230.55,20.18593135,159.8916482555
801030,2019-01-15,2252.69,2227.5,2252.83,2224.54,21.88782485,176.4846346844
801030,2019-01-16,2243.83,2251.4,2256.68,2238.99,19.90320324,161.120014314
801030,2019-01-17,2220.82,2243.18,2243.36,2218.93,20.11357507,156.6904515817
801030,2019-01-18,2247.72,2225.92,2248.51,2223.62,26.61646292,199.9346157225
801030,2019-01-21,2273.51,2250.98,2273.9,2250.92,27.14936688,218.8217191775
801030,2019-01-22,2256.64,2272.14,2274.62,2249.27,25.55192841,195.8784730601
801030,2019-01-23,2275.93,2245.51,2275.93,2245.5,26.44816957,211.9011410315
801030,2019-01-24,2267.57,2272.14,2274.72,2256.95,26.42605204,217.5579179977
801030,2019-01-25,2261.22,2266.79,2279.46,2260.97,25.14882709,213.1062264079
801030,2019-01-28,2246.46,2269.83,2275.95,2243.53,22.20807504,180.1881670146
801030,2019-01-29,2225.95,2238.67,2239.02,2195.3,23.86959609,184.9602893514
801030,2019-01-30,2203.74,2217.31,2229.19,2203.7,18.08900591,145.27895935680002
801030,2019-01-31,2185.52,2204.07,2218.69,2174.03,20.50118731,159.8888824334
801030,2019-02-01,2239.99,2192.91,2239.99,2192.22,21.31172844,166.2455916003
801030,2019-02-11,2286.53,2243.32,2286.53,2243.01,24.5735203,196.0064186266
801030,2019-02-12,2316.89,2287.05,2317.67,2284.12,27.15568482,227.9254469884
801030,2019-02-13,2365.03,2322.07,2368.63,2319.87,35.53490794,296.12855016080005
801030,2019-02-14,2377.97,2366.26,2386.08,2362.89,31.05232357,266.57228490330004
801030,2019-02-15,2357.34,2375.73,2381.47,2355.22,32.60894242,269.6257947603
801030,2019-02-18,2433.26,2374.13,2433.26,2373.95,42.91801073,348.3799056179
801030,2019-02-19,2435.16,2440.1,2446.97,2404.8,43.66617871,354.8551205698
801030,2019-02-20,2435.71,2435.81,2440.83,2414.86,36.93361635,299.7528341698
801030,2019-02-21,2415.45,2434.09,2459.42,2408.56,42.99473895,345.7678388674
801030,2019-02-22,2448.83,2409.91,2448.83,2404.23,39.75692054,319.7619619322
801030,2019-02-25,2565.52,2470.32,2567.89,2470.28,71.02716192,601.572970905
801030,2019-02-26,2561.97,2565.76,2608.76,2542.37,69.51659803,590.1117737481
801030,2019-02-27,2553.25,2558.96,2586.77,2531.85,54.58686175,449.5574595461
801030,2019-02-28,2577.41,2562.48,2590.95,2561.83,42.3244921,350.8011969906
801030,2019-03-01,2600.87,2589.42,2600.87,2567.77,40.90070995,343.91506646629995
801030,2019-03-04,2624.85,2614.61,2666.93,2607.97,62.9879556,551.7659800616001
801030,2019-03-05,2662.8,2618.99,2662.8,2609.64,53.70834297,475.35251500839996
801030,2019-03-06,2707.68,2672.2,2707.68,2649.91,71.2482621,605.0117577706
801030,2019-03-07,2718.63,2700.16,2736.18,2685.16,71.87174191,639.1811929749
801030,2019-03-08,2592.24,2669.19,2701.96,2592.24,67.12766051,582.3203142383
801030,2019-03-11,2696.41,2597.9,2696.41,2597.83,51.7929675,469.1895251375
801030,2019-03-12,2725.24,2716.71,2749.18,2687.53,68.16155437,602.4379824819
801030,2019-03-13,2685.07,2724.0,2734.75,2671.34,57.73818744,516.2858423383
801030,2019-03-14,2651.56,2674.68,2703.35,2626.46,50.07840524,453.2194403935
801030,2019-03-15,2706.07,2663.06,2720.93,2662.88,50.50659604,483.5132972747
801030,2019-03-18,2781.69,2722.79,2781.69,2711.35,56.05246988,539.034249014
801030,2019-03-19,2784.59,2788.17,2790.94,2765.37,53.18454898,508.7755647375
801030,2019-03-20,2781.13,2787.12,2793.97,2741.01,54.80417582,493.5870008054
801030,2019-03-21,2796.33,2788.31,2808.78,2779.13,55.28439807,471.8308562113
801030,2019-03-22,2822.16,2807.5,2823.62,2775.09,55.73035216,521.0074512851
801030,2019-03-25,2805.75,2785.11,2839.66,2778.2,55.38603607,532.1159898369999
801030,2019-03-26,2742.48,2824.97,2832.52,2738.82,56.60762137,573.8123617287
801030,2019-03-27,2798.68,2765.88,2798.68,2741.03,50.65949931,513.6945451752
801030,2019-03-28,2758.95,2793.41,2801.56,2757.82,51.39764547,554.5371829836
801030,2019-03-29,2825.11,2758.0,2828.7,2739.88,54.53313874,570.8955429678
801030,2019-04-01,2941.5,2851.67,2941.5,2851.63,72.72848324,765.6687854657001
801030,2019-04-02,2996.91,2971.25,3011.61,2961.67,76.26586203,791.1222243486
801030,2019-04-03,3009.42,2983.14,3010.15,2970.98,67.16082828,711.6971588253
801030,2019-04-04,3080.74,3033.94,3087.24,3027.8,83.71785597,882.7203765945
801030,2019-04-08,3200.73,3207.6,3239.08,3158.15,104.29231498,1117.500688863
801030,2019-04-09,3130.62,3178.53,3178.53,3098.77,79.04554673,921.3616393055
801030,2019-04-10,3118.22,3107.4,3171.15,3078.64,69.92388058,834.8617797458
801030,2019-04-11,3022.08,3103.87,3105.03,3021.93,69.06468751,766.3678808952001
801030,2019-04-12,3006.68,3010.22,3030.98,2988.07,52.14546071,561.6109499604
801030,2019-04-15,2975.5,3044.26,3051.92,2974.56,52.17939183,563.1000333805
801030,2019-04-16,3030.65,2962.43,3030.65,2948.1,49.95057715,540.3832661473
801030,2019-04-17,3067.73,3029.98,3089.28,3025.32,59.4762942,697.8827511239999
801030,2019-04-18,3056.65,3058.64,3076.53,3046.66,56.11003228,643.059419241
801030,2019-04-19,3059.82,3048.4,3060.49,3013.85,54.79486961,611.7876670295
801030,2019-04-22,3033.35,3074.08,3075.05,3026.08,55.46236439,590.5495698485
801030,2019-04-23,2985.13,3033.86,3033.93,2976.81,53.16054435,561.0390228661
801030,2019-04-24,3005.66,2990.15,3005.66,2953.54,53.08368243,548.8260103669
801030,2019-04-25,2887.2,2990.35,2990.39,2887.2,62.41621731,602.0728799712999
801030,2019-04-26,2837.32,2868.52,2877.42,2837.18,48.31387762,476.4882577813
801030,2019-04-29,2759.06,2831.38,2836.02,2755.79,46.23734527,460.8291589066
801030,2019-04-30,2785.67,2749.88,2799.77,2749.72,35.38988053,349.19370103589995
801030,2019-05-06,2581.85,2685.53,2687.45,2559.36,46.90108915,441.25829728559995
801030,2019-05-07,2610.8,2594.4,2631.87,2568.93,39.15086087,364.2549866539
801030,2019-05-08,2590.85,2555.73,2626.8,2542.7,37.98452948,348.3885691523
801030,2019-05-09,2560.68,2565.28,2590.65,2558.53,32.95480434,306.2508589298
801030,2019-05-10,2645.46,2593.54,2645.61,2541.54,47.24869575,436.3764388115
801030,2019-05-13,2607.78,2616.82,2626.5,2598.07,37.02766333,341.8128404185
801030,2019-05-14,2591.51,2573.53,2613.17,2573.53,36.12417569,327.3679848042
801030,2019-05-15,2657.01,2613.64,2663.66,2610.93,42.86689722,418.4900339418
801030,2019-05-16,2681.97,2650.45,2686.38,2645.26,46.97059062,430.73518248370004
801030,2019-05-17,2587.94,2683.88,2683.88,2577.99,48.56257789,436.64695589269996
801030,2019-05-20,2560.06,2582.24,2582.36,2514.02,32.62470522,304.8635999125
801030,2019-05-21,2604.26,2553.71,2607.7,2549.15,32.49713737,299.7103308165
801030,2019-05-22,2579.09,2598.9,2601.26,2564.06,32.69632986,290.60048536619996
801030,2019-05-23,2525.24,2565.55,2566.92,2518.23,30.45082421,261.7790152953
801030,2019-05-24,2511.51,2510.89,2530.75,2502.23,25.3545566,224.1484914628
801030,2019-05-27,2564.0,2508.71,2567.38,2495.44,31.31354346,280.8549357926
801030,2019-05-28,2563.54,2562.67,2590.68,2552.82,34.35735708,310.235319488
801030,2019-05-29,2564.3,2555.29,2581.28,2550.6,29.27028827,269.39097912470004
801030,2019-05-30,2553.6,2553.15,2553.6,2529.11,34.46297388,311.8640150489
801030,2019-05-31,2530.09,2548.31,2561.16,2528.34,30.01718846,295.7022786486
801030,2019-06-03,2478.87,2528.23,2534.51,2477.88,30.20318442,282.3289594072
801030,2019-06-04,2452.91,2477.26,2477.38,2443.49,26.65503621,244.7427492318
801030,2019-06-05,2443.36,2474.67,2479.48,2441.35,22.99529434,223.41295037
801030,2019-06-06,2401.13,2439.9,2439.9,2393.57,24.31590787,216.4784770411
801030,2019-06-10,2428.45,2407.32,2432.82,2397.02,21.97826513,196.4188824462
801030,2019-06-11,2501.91,2423.32,2502.98,2422.9,33.05032557,303.5150080774
801030,2019-06-12,2475.87,2495.05,2507.34,2471.25,31.84218054,307.9549441538
801030,2019-06-13,2495.8,2468.13,2497.85,2457.66,32.92401033,292.8706882867
801030,2019-06-14,2442.34,2500.69,2501.84,2442.34,34.01063884,294.5543931029
801030,2019-06-17,2448.7,2441.29,2455.59,2432.8,25.13949438,212.2285181589
801030,2019-06-18,2446.09,2448.38,2455.55,2436.24,22.29137522,187.2027614182
801030,2019-06-19,2475.63,2498.0,2507.09,2474.87,31.8839035,288.0794303776
801030,2019-06-20,2515.43,2472.32,2520.94,2464.5,35.17237979,313.4569465275
801030,2019-06-21,2545.32,2531.78,2555.95,2531.71,37.05716575,323.801934424
801030,2019-06-24,2550.71,2549.27,2554.93,2538.84,29.78820218,266.4084968627
801030,2019-06-25,2522.01,2549.75,2549.89,2495.99,31.80750861,265.160575272
801030,2019-06-26,2520.99,2509.7,2532.35,2502.7,24.35857819,206.2992800204
801030,2019-06-27,2543.6,2529.54,2550.7,2529.38,29.53138799,262.3664341374
801030,2019-06-28,2516.67,2545.7,2545.73,2502.42,26.32363098,231.3039866604
801030,2019-07-01,2592.14,2563.05,2592.17,2553.06,36.25333386,349.0277494185
801030,2019-07-02,2598.28,2593.41,2608.49,2587.12,34.2922077,340.4897184482
801030,2019-07-03,2568.94,2586.9,2587.08,2563.23,30.41626986,279.8157753021
801030,2019-07-04,2562.1,2572.28,2580.86,2549.95,25.92512046,237.74784178439998
801030,2019-07-05,2568.94,2561.38,2571.85,2549.4,22.81306714,217.1920978647
801030,2019-07-08,2489.05,2560.9,2561.1,2481.72,32.46842996,292.0810543142
801030,2019-07-09,2510.39,2487.95,2511.51,2477.17,25.71658649,237.853731309
801030,2019-07-10,2489.56,2513.68,2514.68,2483.08,26.85973721,253.34835852450001
801030,2019-07-11,2501.22,2501.07,2521.51,2489.89,28.50075581,263.44723005279997
801030,2019-07-12,2537.16,2509.33,2540.78,2509.19,35.2309061,326.181288011
801030,2019-07-15,2546.51,2527.86,2556.1,2496.68,38.0725007,346.9629379154
801030,2019-07-16,2557.84,2539.26,2557.84,2533.64,34.00617341,312.6696233692
801030,2019-07-17,2572.82,2556.19,2579.35,2550.78,40.26353113,371.35523475040003
801030,2019-07-18,2522.34,2556.9,2557.05,2522.34,36.9805707,322.56704525189997
801030,2019-07-19,2522.6,2525.71,2551.37,2522.3,31.19741076,285.4247049536
801030,2019-07-22,2464.49,2529.05,2529.05,2461.8,33.08896827,290.9707502251
801030,2019-07-23,2493.53,2461.38,2493.53,2461.34,27.12677171,235.7262551624
801030,2019-07-24,2518.72,2500.14,2530.51,2499.9,30.69364244,273.3629800805
801030,2019-07-25,2512.25,2515.27,2518.85,2505.72,27.9123591,250.6388548786
801030,2019-07-26,2514.01,2506.35,2515.27,2499.88,23.30487195,216.9773653936
801030,2019-07-29,2515.3,2514.98,2517.55,2506.5,22.28994439,207.5726836668
801030,2019-07-30,2530.41,2518.52,2540.06,2517.72,26.9827179,241.5449304042
801030,2019-07-31,2513.23,2528.3,2528.45,2513.2,22.75339245,212.6954433884
801030,2019-08-01,2513.44,2503.24,2520.43,2498.0,23.0025571,232.09997425080002
801030,2019-08-02,2473.09,2464.01,2478.84,2449.81,29.93333117,294.81803620740004
801030,2019-08-05,2429.6,2466.23,2473.11,2429.6,24.26559538,243.7255789994
801030,2019-08-06,2358.63,2382.71,2382.95,2316.19,33.83065315,301.9428282807
801030,2019-08-07,2355.34,2373.54,2376.95,2352.33,21.10354822,216.80743823740002
801030,2019-08-08,2378.07,2364.7,2382.47,2363.65,20.11932092,208.12308183689998
801030,2019-08-09,2345.87,2387.88,2390.4,2342.67,21.46361373,201.8441874612
801030,2019-08-12,2379.18,2354.63,2379.18,2343.74,19.00010005,182.0172506208
801030,2019-08-13,2364.7,2360.18,2367.34,2354.49,19.09798979,199.7820255342
801030,2019-08-14,2381.5,2392.44,2397.89,2379.01,22.14697484,228.6571091196
801030,2019-08-15,2384.76,2328.89,2384.76,2323.3,23.58916893,221.4428168652
801030,2019-08-16,2388.3,2382.61,2399.79,2380.92,23.8378878,245.12649805080002
801030,2019-08-19,2446.91,2400.29,2446.91,2397.4,29.21025194,288.0669201074
801030,2019-08-20,2443.99,2450.73,2460.7,2440.39,25.76202077,259.3775458047
801030,2019-08-21,2448.07,2439.71,2452.72,2438.64,24.7596364,261.4401582334
801030,2019-08-22,2449.44,2452.71,2452.71,2432.1,25.02520232,248.9053602802
801030,2019-08-23,2445.22,2449.46,2454.49,2437.0,24.61321099,251.0453278729
801030,2019-08-26,2421.92,2398.13,2426.97,2394.22,24.12960902,234.5980803129
801030,2019-08-27,2461.83,2433.77,2468.79,2433.23,30.44349592,296.2120100561
801030,2019-08-28,2461.28,2460.14,2466.1,2451.82,27.2196691,257.3082685264
801030,2019-08-29,2464.32,2466.11,2475.05,2453.72,26.41184466,272.2985456648
801030,2019-08-30,2438.74,2476.65,2483.37,2429.65,30.59072433,294.1940558164
801030,2019-09-02,2486.27,2438.4,2487.04,2437.93,30.99975165,298.01214639110003
801030,2019-09-03,2495.88,2488.34,2495.88,2479.02,28.596485,281.32550903919997
801030,2019-09-04,2529.68,2494.72,2529.68,2493.87,33.83291258,338.4129737138
801030,2019-09-05,2552.93,2542.58,2578.35,2542.48,44.58612704,432.2713293536
801030,2019-09-06,2568.69,2559.96,2568.69,2553.78,33.71560203,358.709049353
801030,2019-09-09,2620.24,2590.96,2620.24,2580.48,39.63114292,405.80230034870004
801030,2019-09-10,2627.28,2625.15,2629.84,2614.9,37.52493008,365.728993581
801030,2019-09-11,2627.23,2637.17,2646.08,2625.44,40.31073843,395.7396547775
801030,2019-09-12,2644.19,2633.26,2647.71,2624.09,32.6746502,319.7679225407
801030,2019-09-16,2650.08,2673.51,2676.77,2642.24,40.69445662,385.7553376186
801030,2019-09-17,2601.23,2648.68,2649.03,2594.73,41.05335444,397.7397421544
801030,2019-09-18,2587.53,2600.85,2604.36,2582.25,29.36474913,309.4461798131
801030,2019-09-19,2605.44,2592.87,2605.44,2577.02,27.65538235,302.5667506791
801030,2019-09-20,2593.94,2606.51,2606.52,2588.57,28.00978743,303.7092924375
801030,2019-09-23,2563.24,2587.12,2587.14,2546.38,26.73588154,281.2724999979
801030,2019-09-24,2563.31,2565.7,2582.77,2557.45,25.6214634,277.8163761674
801030,2019-09-25,2535.27,2554.6,2554.79,2533.45,26.76141555,278.9534465647
801030,2019-09-26,2480.72,2541.54,2542.8,2480.53,27.94713724,279.9455250122
801030,2019-09-27,2496.71,2480.69,2505.87,2480.59,20.77776734,221.82256577169997
801030,2019-09-30,2483.3,2500.38,2505.61,2483.3,17.97053934,187.8242895569
801030,2019-10-08,2488.75,2488.12,2506.77,2484.42,18.42626387,196.9462858315
801030,2019-10-09,2511.75,2480.48,2511.75,2471.39,19.76710077,210.0568750725
801030,2019-10-10,2540.99,2515.23,2541.3,2512.82,23.32318589,251.7588079921
801030,2019-10-11,2546.18,2546.32,2553.54,2525.97,25.65283965,253.7141430402
801030,2019-10-14,2575.83,2562.1,2582.76,2559.26,29.39935183,289.2499187327
801030,2019-10-15,2543.26,2567.23,2567.24,2538.88,27.64388479,266.3064005082
801030,2019-10-16,2536.01,2545.99,2552.55,2535.46,24.46691295,225.6710944512
801030,2019-10-17,2527.88,2534.04,2540.55,2522.98,20.54453062,198.2381112121
801030,2019-10-18,2500.78,2530.05,2536.41,2494.7,23.27494994,212.827023872
801030,2019-10-21,2491.03,2498.75,2498.76,2472.19,21.79159924,200.136237411
801030,2019-10-22,2509.38,2489.64,2509.38,2488.37,20.46007564,189.9393804213
801030,2019-10-23,2490.97,2507.84,2508.8,2485.91,19.99518975,190.22328034330002
801030,2019-10-24,2482.15,2487.01,2491.5,2469.37,19.14272042,186.2201666302
801030,2019-10-25,2496.93,2477.59,2499.42,2470.02,21.0886609,203.98489011790002
801030,2019-10-28,2526.3,2492.19,2526.39,2492.14,27.01557421,245.4970287251
801030,2019-10-29,2496.32,2525.19,2525.23,2496.32,25.25963921,228.5070546324
801030,2019-10-30,2472.66,2490.19,2491.15,2468.64,22.66730615,209.860010769
801030,2019-10-31,2460.13,2473.86,2476.94,2457.99,21.10073835,192.11738485900003
801030,2019-11-01,2479.15,2457.07,2479.82,2447.0,20.17507744,191.7911697914
801030,2019-11-04,2489.96,2484.77,2497.45,2483.98,20.46511012,200.9622505059
801030,2019-11-05,2499.05,2493.23,2504.03,2475.92,21.44362398,209.34601382580001
801030,2019-11-06,2489.27,2499.26,2510.17,2482.79,22.03969296,230.7979881268
801030,2019-11-07,2503.11,2487.71,2503.61,2482.94,20.53124096,213.66837581669998
801030,2019-11-08,2491.57,2512.8,2516.7,2491.57,20.67607948,214.9479833001
801030,2019-11-11,2432.37,2482.92,2483.1,2429.34,23.61888704,219.06581901319998
801030,2019-11-12,2440.89,2433.87,2440.89,2417.04,20.3656563,190.68666878099998
801030,2019-11-13,2431.48,2440.53,2440.62,2422.53,18.88510209,182.2632719593
801030,2019-11-14,2439.73,2430.45,2444.05,2428.89,18.75714194,186.3520911193
801030,2019-11-15,2405.79,2440.0,2440.05,2405.79,19.49867822,193.78207194270001
801030,2019-11-18,2424.64,2405.93,2426.84,2404.2,18.39074711,180.4354304
801030,2019-11-19,2458.64,2424.97,2458.64,2424.62,21.2167058,209.3817729168
801030,2019-11-20,2446.18,2458.69,2464.52,2444.08,20.92709611,203.98582286509998
801030,2019-11-21,2449.25,2442.69,2456.11,2440.05,19.36781698,181.8822163858
801030,2019-11-22,2443.52,2454.33,2480.2,2432.6,24.498845,230.18396289330002
801030,2019-11-25,2469.36,2441.32,2469.36,2431.62,25.98865023,233.5184659674
801030,2019-11-26,2467.49,2469.85,2476.24,2459.13,23.98123209,210.4129075602
801030,2019-11-27,2464.13,2465.01,2477.26,2456.4,21.44682481,194.5102633513
801030,2019-11-28,2459.14,2461.66,2470.9,2454.45,20.37904734,180.85472558380002
801030,2019-11-29,2454.38,2458.13,2460.7,2434.48,19.37029617,175.52146641150003
801030,2019-12-02,2458.98,2456.4,2463.34,2456.4,20.51664128,180.37432614
801030,2019-12-03,2469.91,2452.11,2469.91,2443.78,20.8786686,178.9078220896
801030,2019-12-04,2470.68,2459.33,2474.47,2459.33,20.82302282,184.3478970738
801030,2019-12-05,2493.0,2479.11,2495.0,2475.64,23.5064683,219.411500374
801030,2019-12-06,2505.71,2492.72,2505.71,2489.63,22.42816595,212.4393576103
801030,2019-12-09,2518.19,2512.11,2518.19,2503.41,25.37453995,234.65357240240002
801030,2019-12-10,2525.73,2515.05,2525.97,2507.71,25.8376765,236.12950539759998
801030,2019-12-11,2522.17,2527.37,2527.43,2512.53,26.30478874,244.8294362525
801030,2019-12-12,2524.38,2521.67,2535.32,2520.26,25.73461573,256.6304414811
801030,2019-12-13,2550.11,2538.07,2554.36,2537.8,29.32453211,281.0121537325
801030,2019-12-16,2587.66,2560.44,2587.66,2555.06,33.48950585,316.7807063266
801030,2019-12-17,2617.59,2589.49,2621.35,2588.21,40.42485227,364.63852308040003
801030,2019-12-18,2609.41,2615.53,2625.17,2605.07,34.96690169,328.8703895116
801030,2019-12-19,2622.21,2609.22,2624.52,2604.71,32.28454039,293.0989693637
801030,2019-12-20,2606.39,2624.6,2633.39,2606.39,31.90955722,288.989003386
801030,2019-12-23,2575.15,2605.2,2616.54,2572.93,31.14819296,298.7179487282
801030,2019-12-24,2621.39,2579.02,2621.39,2579.02,28.09414651,293.51493943869997
801030,2019-12-25,2631.85,2621.28,2635.13,2617.05,30.17253022,330.47811567360003
801030,2019-12-26,2655.95,2628.02,2655.95,2625.64,33.39541415,370.8517399296
801030,2019-12-27,2655.06,2656.01,2682.08,2652.81,36.92809819,394.60801946050003
801030,2019-12-30,2689.16,2655.23,2689.16,2641.2,35.01836343,375.17117480800005
801030,2019-12-31,2703.51,2692.18,2703.51,2685.52,33.13938362,339.0707875929
801030,2020-01-02,2744.55,2718.55,2744.55,2716.61,41.37643592,422.82448939690005
801030,2020-01-03,2759.43,2746.62,2767.07,2742.59,43.07346962,429.8661164865
801030,2020-01-06,2773.02,2753.21,2797.01,2751.7,53.29368251,517.6824552444999
801030,2020-01-07,2786.18,2772.19,2786.18,2765.32,41.98078903,405.5534169214
801030,2020-01-08,2746.78,2780.88,2783.54,2740.36,47.51401401,449.7228800943
801030,2020-01-09,2782.33,2765.62,2782.33,2765.43,38.80032191,383.11788867449997
801030,2020-01-10,2772.78,2784.02,2784.45,2757.91,35.43580486,353.61508550400004
801030,2020-01-13,2812.91,2772.54,2812.91,2763.48,36.5824634,392.2059737622
801030,2020-01-14,2818.33,2817.99,2833.72,2815.87,41.79706002,431.84143084870004
801030,2020-01-15,2799.44,2815.13,2815.15,2784.64,33.89780934,348.58264236239995
801030,2020-01-16,2794.02,2805.49,2813.41,2789.53,33.2114083,357.43980733660004
801030,2020-01-17,2792.4,2801.46,2809.53,2787.62,29.10735412,322.6138471873
801030,2020-01-20,2817.49,2798.93,2817.49,2790.14,33.76647315,362.12949339610003
801030,2020-01-21,2785.36,2816.01,2816.07,2782.22,34.17876966,358.6365629648
801030,2020-01-22,2803.27,2771.91,2812.72,2741.06,38.65996409,396.16975239559997
801030,2020-01-23,2699.54,2781.93,2782.21,2675.28,46.1796297,474.79874067160006
801030,2020-02-03,2468.98,2449.82,2481.47,2449.82,27.50979782,257.6466845352
801030,2020-02-04,2495.94,2380.05,2500.67,2380.05,60.65526518,535.2212473139
801030,2020-02-05,2560.3,2514.93,2582.17,2514.82,55.58874747,531.1106501062001
801030,2020-02-06,2637.63,2562.52,2644.37,2550.07,58.74781412,530.622412277
801030,2020-02-07,2653.78,2649.43,2660.18,2606.47,63.11764624,577.5795944239
801030,2020-02-10,2696.95,2662.08,2697.33,2647.63,62.05100783,579.6358300639
801030,2020-02-11,2673.97,2692.71,2692.74,2662.9,49.59616963,472.6934945777
801030,2020-02-12,2715.19,2664.26,2715.19,2664.26,46.78797561,477.4407538771
801030,2020-02-13,2692.25,2721.23,2735.58,2692.25,53.38327781,536.6416035566
801030,2020-02-14,2703.41,2686.46,2709.06,2681.2,52.32890252,524.7720600011
801030,2020-02-17,2791.3,2718.33,2791.3,2718.27,62.77490859,604.9459605443
801030,2020-02-18,2819.84,2788.16,2819.84,2777.15,66.65577127,673.8886843395
801030,2020-02-19,2811.03,2828.22,2838.03,2807.84,65.7631121,719.1217865688001
801030,2020-02-20,2857.05,2819.28,2857.72,2802.71,63.13885573,682.087540316
801030,2020-02-21,2877.06,2853.47,2883.35,2847.76,64.58882325,700.0287915701
801030,2020-02-24,2897.09,2875.72,2908.68,2851.48,73.28618269,786.7663319917999
801030,2020-02-25,2889.32,2834.6,2894.05,2783.02,86.55633618,897.6001160247
801030,2020-02-26,2830.2,2854.89,2883.35,2822.56,80.20306228,795.6152572325
801030,2020-02-27,2824.4,2841.96,2852.99,2798.36,59.47303253,599.7848454117
801030,2020-02-28,2695.22,2741.33,2768.71,2693.14,70.69577869,673.1491000211
801030,2020-03-02,2809.14,2728.11,2817.75,2728.04,64.79368062,644.0120778275
801030,2020-03-03,2832.57,2841.34,2866.78,2809.58,68.31364884,701.8030390183001
801030,2020-03-04,2845.74,2820.64,2852.41,2801.21,57.0054233,596.1872966775
801030,2020-03-05,2897.58,2876.69,2897.58,2861.48,70.50365254,690.1563599482
801030,2020-03-06,2913.41,2875.26,2928.81,2873.61,73.5452183,673.4427747536
801030,2020-03-09,2819.87,2869.05,2881.58,2818.91,86.75109483,804.7542962847999
801030,2020-03-10,2844.21,2768.71,2848.08,2741.82,78.81157027,772.5602587669
801030,2020-03-11,2794.34,2841.71,2841.71,2794.34,65.17411216,651.1916692437001
801030,2020-03-12,2714.98,2755.61,2760.51,2693.94,56.90295852,567.9330669298
801030,2020-03-13,2659.43,2569.82,2684.73,2569.82,60.19486166,578.4571441278
801030,2020-03-16,2558.44,2682.61,2682.61,2551.44,58.60650362,587.1422131293
801030,2020-03-17,2551.8,2565.21,2590.93,2472.86,51.36964237,506.7992257954
801030,2020-03-18,2519.7,2577.91,2609.46,2519.7,48.83495194,522.8756401555
801030,2020-03-19,2525.59,2514.49,2537.71,2461.9,49.37096721,532.5356434830001
801030,2020-03-20,2552.27,2554.05,2560.22,2521.69,45.39502491,523.489982967
801030,2020-03-23,2431.56,2486.01,2490.79,2425.12,42.22486004,432.8060692896
801030,2020-03-24,2472.59,2471.9,2474.73,2411.25,41.35089873,431.5474845497
801030,2020-03-25,2528.59,2521.15,2530.32,2503.43,42.74055987,436.7743011104
801030,2020-03-26,2501.11,2513.51,2530.68,2499.23,36.99629048,366.88818489669995
801030,2020-03-27,2493.58,2529.97,2529.97,2493.11,34.08721381,342.4042751413
801030,2020-03-30,2447.27,2467.04,2467.43,2425.09,39.6354177,387.9187367882
801030,2020-03-31,2466.94,2470.77,2481.69,2459.27,36.96998805,365.6766119993
801030,2020-04-01,2452.74,2463.66,2493.01,2449.5,34.31326929,351.6079117944
801030,2020-04-02,2514.28,2439.3,2514.28,2439.03,37.32717249,375.9679414639
801030,2020-04-03,2502.75,2513.48,2527.27,2495.95,39.79298521,389.4247222614
801030,2020-04-07,2579.43,2544.54,2582.6,2544.05,50.26462316,477.0432910268
801030,2020-04-08,2583.53,2565.89,2589.26,2562.26,47.27127464,445.51335053620005
801030,2020-04-09,2592.61,2593.78,2596.9,2586.08,40.56080979,386.9009278008
801030,2020-04-10,2544.51,2587.91,2589.75,2538.55,44.54910245,424.3542730361
801030,2020-04-13,2554.78,2540.36,2559.7,2533.83,39.87363011,389.8292788982
801030,2020-04-14,2601.49,2568.48,2601.49,2563.97,44.76601686,429.1931802999
801030,2020-04-15,2583.13,2600.73,2605.95,2578.63,44.13337401,417.91225621269996
801030,2020-04-16,2578.19,2568.93,2582.31,2560.72,41.04029646,380.02249584559996
801030,2020-04-17,2596.72,2593.63,2612.43,2593.2,43.91667111,433.805529749
801030,2020-04-20,2627.68,2598.68,2627.68,2590.1,39.32668475,388.35774587599997
801030,2020-04-21,2608.66,2618.66,2618.84,2588.66,43.94712753,427.1281129508
801030,2020-04-22,2638.9,2591.84,2638.9,2588.66,46.47980687,440.4515726031
801030,2020-04-23,2636.06,2648.55,2656.01,2634.8,52.30777334,481.407049546
801030,2020-04-24,2593.58,2633.69,2637.37,2586.61,51.04744285,451.0437984017
801030,2020-04-27,2576.98,2592.07,2594.36,2575.59,40.4196586,363.8542916697
801030,2020-04-28,2528.9,2572.14,2572.47,2473.35,45.02201718,406.4551437267
801030,2020-04-29,2531.08,2520.71,2545.85,2518.56,32.58673108,317.68186050040003
801030,2020-04-30,2583.61,2542.66,2588.79,2542.41,39.42970354,385.3058511695
801030,2020-05-06,2624.48,2562.91,2624.48,2562.91,36.20496826,388.8039584704
801030,2020-05-07,2623.82,2629.44,2638.21,2618.69,35.83528457,395.19556838230005
801030,2020-05-08,2653.68,2636.73,2661.37,2632.92,34.87789628,391.4563529143
801030,2020-05-11,2648.91,2660.13,2669.45,2636.26,35.1112388,394.4462510578
801030,2020-05-12,2647.2,2647.13,2648.66,2619.57,30.3466859,329.0173686384
801030,2020-05-13,2663.44,2641.84,2663.69,2636.66,29.68233251,330.9113442495
801030,2020-05-14,2633.58,2651.62,2652.72,2633.33,30.50951492,345.4301893186
801030,2020-05-15,2629.27,2641.22,2646.11,2623.75,29.79668545,354.0607839888
801030,2020-05-18,2630.55,2642.87,2649.23,2624.91,33.51777488,375.9078770421
801030,2020-05-19,2673.3,2651.75,2673.36,2651.49,34.69982411,417.745552954
801030,2020-05-20,2657.2,2675.35,2683.66,2651.28,37.00106531,462.1323602256
801030,2020-05-21,2625.14,2662.75,2662.75,2621.31,34.29584887,397.85454113730003
801030,2020-05-22,2571.51,2620.14,2620.14,2557.26,31.40437022,347.23746482449997
801030,2020-05-25,2568.79,2565.81,2576.03,2558.72,25.44337853,289.9681951025
801030,2020-05-26,2615.26,2573.44,2615.94,2573.21,28.12240871,315.3974237057
801030,2020-05-27,2606.2,2616.46,2624.25,2600.93,30.81472317,368.27128970900003
801030,2020-05-28,2591.84,2605.9,2616.38,2565.67,30.57274988,350.39897276790003
801030,2020-05-29,2611.53,2590.71,2619.68,2587.8,28.76796164,343.765715009
801030,2020-06-01,2679.41,2627.33,2681.48,2627.29,38.44651344,427.9612469503
801030,2020-06-02,2697.58,2684.37,2702.28,2679.55,36.7578073,429.62735343839995
801030,2020-06-03,2713.37,2704.85,2734.44,2704.09,42.25626377,482.6424299703
801030,2020-06-04,2716.19,2722.76,2722.82,2702.97,36.03010813,408.05372517029997
801030,2020-06-05,2715.19,2717.78,2717.81,2694.43,35.14843452,390.7521241223
801030,2020-06-08,2727.27,2729.63,2742.13,2720.66,36.87984959,408.2488167895
801030,2020-06-09,2743.73,2730.97,2743.73,2723.6,35.99163358,386.59432107370003
801030,2020-06-10,2724.45,2735.26,2735.27,2709.08,31.4108643,343.3237649394
801030,2020-06-11,2709.12,2725.04,2744.89,2701.0,34.93699004,388.47196995
801030,2020-06-12,2705.23,2659.09,2713.01,2657.07,32.94590308,371.0144418746
801030,2020-06-15,2691.57,2701.41,2721.23,2691.57,35.65088667,404.6082814867
801030,2020-06-16,2743.1,2711.74,2743.1,2711.57,32.51016341,377.1238457181
801030,2020-06-17,2742.21,2744.85,2744.86,2723.56,34.66917784,379.4713689193
801030,2020-06-18,2749.75,2738.16,2751.61,2731.05,33.25831241,364.52906827019996
801030,2020-06-19,2774.08,2750.2,2777.78,2750.2,31.94770976,367.3984165151
801030,2020-06-22,2772.76,2778.08,2783.51,2766.75,34.1451543,410.3386021917
801030,2020-06-23,2767.1,2771.99,2772.01,2756.42,31.02578304,349.9880587042
801030,2020-06-24,2767.4,2768.42,2773.97,2759.93,30.09773021,353.08804952339995
801030,2020-06-29,2748.18,2758.34,2763.82,2737.38,31.56258107,345.4326572064
801030,2020-06-30,2780.36,2759.12,2781.78,2758.97,29.89739776,343.5947807366
801030,2020-07-01,2797.77,2789.05,2797.77,2771.31,33.86197214,396.46085116529997
801030,2020-07-02,2841.39,2796.24,2842.03,2789.91,44.62589719,477.7785698851
801030,2020-07-03,2868.6,2844.84,2868.85,2843.14,48.70814623,495.0315079516
801030,2020-07-06,2981.91,2894.13,2984.4,2894.11,72.01737702,713.6729452091
801030,2020-07-07,3021.57,3009.37,3056.24,2995.02,76.67344172,775.3083211731
801030,2020-07-08,3070.77,3019.03,3070.77,2996.82,66.72995155,719.1920877964
801030,2020-07-09,3140.46,3071.01,3140.46,3071.01,77.82548969,824.9668617304
801030,2020-07-10,3125.34,3129.48,3153.05,3114.39,70.10536925,785.6678106741999
801030,2020-07-13,3228.59,3139.46,3228.59,3139.46,77.65769266,880.4844687134
801030,2020-07-14,3186.11,3227.61,3227.68,3128.57,79.45730488,874.2277931227001
801030,2020-07-15,3158.65,3195.43,3214.24,3131.1,80.40571147,836.8769326053999
801030,2020-07-16,3023.26,3156.83,3179.01,3022.15,68.93019113,717.0254236972
801030,2020-07-17,3075.91,3029.84,3101.42,3029.81,53.2237538,573.9887338620999
801030,2020-07-20,3211.86,3121.61,3214.37,3121.4,65.01590639,704.7011973675999
801030,2020-07-21,3227.9,3221.67,3231.82,3202.17,58.38286493,645.1760889601001
801030,2020-07-22,3257.59,3230.47,3278.36,3229.83,59.60684628,642.0951779318
801030,2020-07-23,3248.32,3229.59,3261.43,3168.81,63.33459713,669.256723796
801030,2020-07-24,3099.36,3234.68,3235.04,3084.58,70.25878281,729.9313238692
801030,2020-07-27,3107.67,3114.54,3132.78,3080.3,50.3677301,530.6546506578
801030,2020-07-28,3157.73,3129.4,3159.28,3121.09,51.54859174,540.3408201231
801030,2020-07-29,3233.25,3144.84,3233.25,3127.57,55.8809788,596.7491139342
801030,2020-07-30,3250.48,3251.85,3275.73,3244.43,60.61621128,647.6866908942
801030,2020-07-31,3287.16,3243.45,3302.9,3229.81,60.79985927,660.0353548096
801030,2020-08-03,3375.6,3316.59,3375.6,3306.49,70.91342476,809.7415856025
801030,2020-08-04,3381.76,3392.44,3405.51,3369.4,80.7045668,912.8083618649
801030,2020-08-05,3433.01,3373.08,3440.82,3359.33,73.13328126,817.9974372101
801030,2020-08-06,3433.53,3440.81,3454.02,3389.01,75.4459128,821.5325135318
801030,2020-08-07,3412.61,3421.62,3440.09,3361.96,67.93911272,759.2761930959
801030,2020-08-10,3412.16,3399.5,3432.63,3377.22,66.88327978,750.5740206073
801030,2020-08-11,3347.68,3418.83,3433.6,3346.33,75.93366954,780.318623152
801030,2020-08-12,3305.85,3336.77,3344.53,3238.62,71.63169187,739.9076161692999
801030,2020-08-13,3324.59,3313.41,3351.46,3304.26,68.21076846,637.2586613144999
801030,2020-08-14,3345.66,3322.8,3347.11,3293.76,59.20025816,547.6271111088
801030,2020-08-17,3413.66,3360.65,3415.74,3344.51,65.82993399,663.4081711293001
801030,2020-08-18,3447.84,3425.54,3450.94,3417.52,64.67731533,661.9089449994
801030,2020-08-19,3410.1,3445.12,3467.25,3409.76,73.63349179,764.995730846
801030,2020-08-20,3368.56,3377.16,3404.9,3358.53,59.30277647,579.2006774727
801030,2020-08-21,3387.04,3381.31,3397.81,3361.02,58.41606724,563.9613096279
801030,2020-08-24,3418.6,3397.46,3424.8,3371.26,54.61741604,576.4925627394999
801030,2020-08-25,3412.77,3421.75,3433.76,3401.19,62.33383884,633.7190287283
801030,2020-08-26,3336.53,3410.81,3410.86,3321.16,61.4176249,634.5537378423
801030,2020-08-27,3368.28,3344.16,3375.72,3326.42,53.42777096,561.6357793748
801030,2020-08-28,3417.94,3363.48,3423.0,3353.79,49.66118957,539.4265206281
801030,2020-08-31,3421.79,3435.01,3463.87,3421.79,52.68268088,597.0607177112
801030,2020-09-01,3449.22,3414.68,3449.22,3409.86,46.86615829,504.55388947029996
801030,2020-09-02,3463.5,3456.81,3477.61,3426.2,55.4362154,575.8082852812
801030,2020-09-03,3453.54,3469.26,3487.47,3439.05,55.89401887,606.1392680552
801030,2020-09-04,3449.99,3393.27,3453.88,3393.27,47.73016212,536.2439428075
801030,2020-09-07,3384.87,3446.64,3468.22,3371.42,56.83933484,635.0498402671
801030,2020-09-08,3386.44,3388.01,3390.83,3331.08,58.77771209,558.0037424278
801030,2020-09-09,3281.49,3339.14,3346.53,3277.37,74.71762548,685.8774433761
801030,2020-09-10,3215.92,3308.34,3311.05,3208.34,64.112581,554.3794670293
801030,2020-09-11,3251.81,3200.52,3255.97,3196.21,43.51484234,401.5468754751
801030,2020-09-14,3295.9,3271.29,3307.7,3265.64,47.00244713,475.6688364316
801030,2020-09-15,3336.59,3298.55,3338.35,3282.66,46.41273781,483.7749502847
801030,2020-09-16,3325.44,3333.63,3338.34,3314.6,44.49421865,459.49575261
801030,2020-09-17,3349.68,3326.45,3367.38,3320.93,44.31754677,509.07975022
801030,2020-09-18,3394.55,3348.79,3401.53,3348.79,45.40584089,528.4272109
801030,2020-09-21,3392.43,3406.12,3410.73,3381.79,39.63000935,474.17737824
801030,2020-09-22,3318.28,3361.55,3368.67,3312.84,39.55637668,449.74195272
801030,2020-09-23,3331.06,3333.84,3339.21,3303.37,37.59455961,441.32698618
801030,2020-09-24,3247.65,3308.89,3309.07,3247.65,40.54928057,446.15797749
801030,2020-09-25,3229.1,3267.39,3267.4,3217.34,29.22150285,341.52714327
801030,2020-09-28,3194.07,3237.24,3241.67,3193.27,28.29358859,328.46664698
801030,2020-09-29,3236.93,3216.23,3250.35,3207.62,29.15788647,358.74791914
801030,2020-09-30,3215.8,3244.8,3244.8,3196.4,29.08749649,342.54592681
801030,2020-10-09,3336.51,3277.39,3339.21,3275.91,37.82342349,485.87791396
801030,2020-10-12,3447.29,3360.05,3447.29,3359.34,49.9025282,649.91500464
801030,2020-10-13,3482.75,3446.86,3487.63,3427.53,43.52665758,565.92815179
801030,2020-10-14,3490.04,3479.86,3494.73,3474.98,46.11920277,607.63972278
801030,2020-10-15,3465.73,3497.57,3499.2,3464.12,42.85465484,553.80209941
801030,2020-10-16,3442.93,3464.82,3471.35,3419.09,38.57643697,483.92436863
801030,2020-10-19,3429.16,3468.69,3475.93,3418.93,40.27592897,492.23424171
801030,2020-10-20,3465.22,3421.95,3465.22,3410.76,35.40138465,449.11730792
801030,2020-10-21,3411.13,3467.7,3467.71,3403.36,36.55186925,466.73254291
801030,2020-10-22,3388.69,3406.45,3406.71,3360.54,36.33954865,459.63620638
801030,2020-10-23,3343.25,3389.98,3413.07,3333.29,35.61388637,462.77809171
801030,2020-10-26,3340.09,3333.09,3345.33,3284.06,30.23571776,386.70509762
801030,2020-10-27,3352.5,3324.52,3352.76,3321.22,34.52057771,443.67734832
801030,2020-10-28,3411.35,3361.99,3415.93,3355.49,41.33262866,544.46814354
801030,2020-10-29,3375.89,3368.68,3396.58,3362.83,42.03480254,535.50386469
801030,2020-10-30,3304.31,3380.53,3380.67,3298.01,46.25327207,553.09146947
801030,2020-11-02,3341.42,3304.24,3344.63,3286.31,40.48788756,487.94122254
801030,2020-11-03,3385.14,3357.71,3385.14,3346.81,39.15337536,474.5387615
801030,2020-11-04,3396.62,3380.71,3402.51,3367.32,38.14499109,456.42160613
801030,2020-11-05,3476.13,3425.21,3476.13,3424.68,45.57247482,568.18905437
801030,2020-11-06,3453.57,3488.58,3488.58,3431.29,44.30993922,585.45411206
801030,2020-11-09,3523.09,3480.27,3537.41,3480.19,53.08007492,692.34015218
801030,2020-11-10,3546.74,3539.7,3567.07,3526.81,54.57039348,700.36957309
801030,2020-11-11,3536.62,3536.5,3583.93,3532.63,54.56603557,669.7125147
801030,2020-11-12,3577.93,3540.87,3577.93,3536.27,49.69200878,606.57097389
801030,2020-11-13,3576.76,3568.79,3588.16,3540.45,51.37935949,632.85487735
801030,2020-11-16,3672.03,3592.86,3672.03,3585.5,65.10872655,780.75325641
801030,2020-11-17,3631.55,3666.22,3669.75,3604.38,58.6413372,727.76679325
801030,2020-11-18,3646.12,3622.09,3656.89,3615.31,64.22831516,761.12974784
801030,2020-11-19,3632.53,3635.5,3636.74,3598.49,60.44466419,710.60563528
801030,2020-11-20,3652.63,3624.58,3657.41,3619.77,54.06608635,623.76225544
801030,2020-11-23,3707.39,3668.5,3744.73,3661.27,75.961145,866.35316869
801030,2020-11-24,3712.0,3700.34,3712.0,3676.38,59.59485508,718.16580244
801030,2020-11-25,3630.07,3728.89,3730.74,3630.07,65.39940554,739.33600702
801030,2020-11-26,3589.13,3623.4,3627.29,3546.62,50.31101603,613.01326648
801030,2020-11-27,3587.3,3596.31,3596.4,3540.64,43.846155,531.99743859
801030,2020-11-30,3556.83,3587.31,3605.93,3556.17,49.65046017,597.28998164
801030,2020-12-01,3602.16,3552.34,3604.45,3544.32,46.89813734,569.12452026
801030,2020-12-02,3606.75,3602.54,3612.29,3579.22,46.87023446,579.32294467
801030,2020-12-03,3576.8,3609.25,3609.36,3569.27,43.49868343,516.28614427
801030,2020-12-04,3602.47,3575.88,3606.3,3564.42,42.49667916,495.90236819
801030,2020-12-07,3591.57,3601.54,3613.33,3586.17,39.50087235,475.01613152
801030,2020-12-08,3600.85,3589.96,3613.36,3589.96,36.11420065,470.50073643
801030,2020-12-09,3551.11,3605.26,3613.19,3549.75,42.03623021,497.28399453
801030,2020-12-10,3547.88,3539.73,3572.84,3520.35,37.21602595,441.97977555
801030,2020-12-11,3507.76,3552.81,3570.63,3476.28,44.0469357,502.83737442
801030,2020-12-14,3534.96,3507.16,3538.22,3490.17,38.5735761,464.67958191
801030,2020-12-15,3543.16,3532.67,3545.98,3507.99,35.7757527,424.40820949
801030,2020-12-16,3528.8,3539.74,3548.82,3523.43,38.79606723,463.14055653
801030,2020-12-17,3568.65,3525.3,3568.65,3498.17,40.57710298,475.91020034
801030,2020-12-18,3572.9,3570.37,3608.23,3561.02,38.12275407,486.20743558
801030,2020-12-21,3646.08,3573.55,3646.18,3573.53,42.06565258,544.8811679
801030,2020-12-22,3557.44,3628.68,3644.15,3553.45,47.15430831,578.35691458
801030,2020-12-23,3571.99,3557.3,3592.78,3542.8,40.89071157,517.93353017
801030,2020-12-24,3548.19,3571.9,3571.93,3537.0,40.40308168,482.34309665
801030,2020-12-25,3623.95,3543.82,3626.02,3533.71,38.13131901,475.77901093
801030,2020-12-28,3596.14,3628.05,3628.05,3582.38,47.19724725,565.26607586
801030,2020-12-29,3564.63,3595.28,3596.39,3558.11,49.99204251,516.15911406
801030,2020-12-30,3600.04,3565.83,3602.91,3565.83,46.51213913,494.71153906
801030,2020-12-31,3649.16,3598.63,3649.16,3596.85,44.11171869,517.73765684
801030,2021-01-04,3739.94,3668.75,3744.0,3656.66,51.89773248,657.06322589
801030,2021-01-05,3812.0,3731.76,3816.22,3718.45,51.66399216,682.18582666
801030,2021-01-06,3814.63,3828.18,3849.82,3775.53,54.64183464,762.52458996
801030,2021-01-07,3864.28,3837.82,3890.09,3831.28,57.37592797,818.18381862
801030,2021-01-08,3854.73,3867.74,3875.86,3801.02,50.90882464,712.36316699
801030,2021-01-11,3793.05,3841.39,3862.36,3771.32,55.13846085,768.35204628
801030,2021-01-12,3854.07,3771.16,3857.66,3769.18,47.49201598,706.88494368
801030,2021-01-13,3832.98,3867.59,3902.21,3799.86,51.96020085,742.71960818
801030,2021-01-14,3785.18,3808.24,3838.53,3761.04,46.90237427,632.57245707
801030,2021-01-15,3823.44,3779.75,3827.68,3746.42,47.26409373,642.91710508
801030,2021-01-18,3941.68,3827.06,3944.99,3826.97,53.77374816,743.69070798
801030,2021-01-19,3919.35,3939.28,3984.65,3902.45,61.04052842,795.79437835
801030,2021-01-20,3981.55,3923.37,3981.55,3917.79,53.15742537,699.11003334
801030,2021-01-21,4052.51,3986.27,4079.63,3983.91,62.27813457,788.57416074
801030,2021-01-22,4078.79,4044.01,4082.96,4037.85,58.29109375,760.60086419
801030,2021-01-25,4087.69,4084.65,4144.16,4061.37,63.22839123,874.36542095
801030,2021-01-26,4019.25,4066.68,4079.09,3995.51,52.0351585,747.92597919
801030,2021-01-27,4039.5,4021.68,4056.79,3964.33,53.37108315,721.31503195
801030,2021-01-28,3914.97,3982.47,4010.1,3909.28,59.19015465,742.10677214
801030,2021-01-29,3891.83,3945.88,3969.05,3833.72,58.29070294,738.50115494
801030,2021-02-01,4031.43,3895.67,4031.62,3892.36,57.22544106,751.8318375
801030,2021-02-02,4106.16,4049.84,4108.21,3999.65,55.8527819,771.65863743
801030,2021-02-03,4094.28,4103.65,4153.47,4085.41,61.70829871,822.64724234
801030,2021-02-04,4071.66,4087.67,4143.76,4021.89,60.62871747,811.09283543
801030,2021-02-05,3910.67,4087.77,4097.59,3910.67,55.7794655,778.8527106
801030,2021-02-08,4048.27,3923.58,4058.29,3899.57,51.62023572,683.03049928
801030,2021-02-09,4206.13,4078.88,4206.6,4078.49,52.46558985,741.21112555
801030,2021-02-10,4275.06,4209.94,4282.29,4194.63,52.38583847,709.38795584
801030,2021-02-18,4361.52,4425.6,4449.69,4318.23,75.91627532,985.35886783
801030,2021-02-19,4332.56,4336.95,4383.41,4197.36,74.7905778,951.3914078
801030,2021-02-22,4365.24,4377.46,4455.48,4365.24,101.80510486,1208.12422086
801030,2021-02-23,4305.42,4341.36,4367.25,4283.09,87.798366,1002.01168883
801030,2021-02-24,4180.87,4306.09,4328.89,4150.06,84.14635362,1014.86296375
801030,2021-02-25,4151.02,4258.91,4266.84,4143.35,73.00641999,840.87192574
801030,2021-02-26,4058.78,4049.64,4122.18,4032.95,67.64117213,782.61580315
801030,2021-03-01,4181.4,4095.82,4183.69,4095.7,72.76561707,803.7014637
801030,2021-03-02,4095.33,4194.63,4194.66,4061.6,70.8016179,797.86671838
801030,2021-03-03,4146.53,4089.45,4151.81,4083.52,68.91739793,725.42599349
801030,2021-03-04,4006.14,4115.44,4123.94,3987.05,69.27846888,801.29879717
801030,2021-03-05,3989.91,3960.74,4019.69,3941.61,64.89982021,698.27760915
801030,2021-03-08,3915.26,4047.25,4097.72,3915.07,69.32437172,787.79428188
801030,2021-03-09,3788.62,3887.72,3899.02,3748.47,72.65555338,789.14172738
801030,2021-03-10,3796.29,3844.86,3848.28,3774.19,52.31624038,598.41025733
801030,2021-03-11,3896.62,3812.61,3896.87,3796.65,53.70607411,594.85997996
801030,2021-03-12,3939.55,3924.88,3940.38,3881.59,55.56627329,617.00650114
801030,2021-03-15,3896.0,3930.6,3953.51,3852.01,55.50757623,599.97257467
801030,2021-03-16,3924.19,3902.64,3924.19,3862.68,52.65263646,557.02993504
801030,2021-03-17,3962.78,3913.02,3966.93,3863.16,47.88719555,540.62977122
801030,2021-03-18,4026.19,3973.5,4051.99,3965.93,60.43787903,681.92931294
801030,2021-03-19,3913.58,3947.0,3973.13,3892.68,59.87524295,665.65333077
801030,2021-03-22,3920.62,3913.9,3962.41,3879.66,51.97750169,604.46794736
801030,2021-03-23,3797.88,3923.67,3923.79,3769.54,58.01788548,696.22573905
801030,2021-03-24,3668.66,3763.54,3771.6,3662.21,50.63239612,624.61812978
801030,2021-03-25,3718.35,3662.92,3742.66,3661.78,39.6567018,479.07209397
801030,2021-03-26,3779.54,3726.2,3785.76,3711.99,39.41175931,482.82935403
801030,2021-03-29,3818.09,3793.69,3845.29,3765.26,42.67996992,508.19682513
801030,2021-03-30,3838.41,3814.07,3850.4,3792.56,44.75266328,512.30145016
801030,2021-03-31,3795.36,3832.11,3832.18,3764.19,38.80620307,448.4824654
801030,2021-04-01,3837.34,3807.05,3839.82,3797.68,40.49074297,453.90281269
801030,2021-04-02,3855.23,3848.16,3869.25,3825.82,41.88528431,481.02209338
801030,2021-04-06,3870.98,3866.29,3873.95,3845.19,43.13062246,488.99469411
801030,2021-04-07,3886.2,3885.4,3888.34,3841.31,53.39296055,565.44319598
801030,2021-04-08,3895.69,3879.28,3913.61,3862.61,53.29894889,573.73487973
801030,2021-04-09,3860.32,3895.31,3895.58,3843.81,48.43683937,526.11100502
801030,2021-04-12,3737.39,3864.36,3864.36,3724.44,55.01881616,658.37448827
801030,2021-04-13,3740.3,3732.69,3780.32,3728.24,42.47817956,483.45652352
801030,2021-04-14,3796.48,3741.9,3803.73,3741.64,39.67637156,463.8701943
801030,2021-04-15,3795.04,3799.35,3799.47,3754.15,39.46318921,424.07195728
801030,2021-04-16,3807.36,3799.52,3810.6,3776.41,44.23837615,464.56511985
801030,2021-04-19,3903.47,3808.86,3908.58,3790.14,48.31139365,577.70799288
801030,2021-04-20,3918.67,3896.24,3942.78,3896.24,45.22922588,564.70664285
801030,2021-04-21,3917.13,3892.83,3926.2,3867.84,42.48155746,482.580948
801030,2021-04-22,3919.56,3937.62,3940.17,3901.26,40.71511174,476.46145963
801030,2021-04-23,3936.99,3919.65,3943.01,3905.38,41.86641117,505.6174846
801030,2021-04-26,3945.39,3942.13,4016.96,3937.3,51.03142261,654.93277016
801030,2021-04-27,3925.72,3939.48,3946.74,3888.51,41.54892255,513.17703313
801030,2021-04-28,3962.32,3921.61,3962.32,3892.32,43.98638253,537.03420311
801030,2021-04-29,3941.8,3953.16,3953.84,3913.42,48.88311494,565.46767598
801030,2021-04-30,3933.82,3933.33,3949.74,3905.26,49.50878848,580.06544747
801030,2021-05-06,3972.1,3937.32,3990.36,3917.71,54.20887544,617.43493566
801030,2021-05-07,3982.18,3981.08,4037.9,3973.8,61.76818676,689.55321517
801030,2021-05-10,3977.63,3998.81,4007.09,3955.96,63.32887152,689.33969318
801030,2021-05-11,3908.98,3942.81,3942.93,3841.89,56.21607882,619.83480995
801030,2021-05-12,3961.18,3887.17,3966.22,3879.33,59.31336171,587.4544746
801030,2021-05-13,3891.36,3928.88,3940.64,3884.2,59.77999296,625.56250103
801030,2021-05-14,3928.2,3900.32,3928.49,3860.09,53.13331403,571.49972162
801030,2021-05-17,3983.22,3919.11,4001.74,3919.11,49.845496,615.07721664
801030,2021-05-18,4009.05,3991.01,4009.64,3983.16,43.72988644,512.90238755
801030,2021-05-19,4019.66,4001.32,4027.73,3979.98,44.71755423,562.80427697
801030,2021-05-20,3973.12,3988.4,3996.12,3943.91,52.40710464,622.85052984
801030,2021-05-21,3953.83,3983.32,3987.89,3939.09,38.52642368,492.15127584
801030,2021-05-24,3976.03,3964.22,3979.34,3942.22,43.26637141,501.28645881
801030,2021-05-25,4052.87,3984.28,4053.8,3981.11,50.07579912,611.93658272
801030,2021-05-26,4095.7,4069.36,4106.12,4069.35,57.25111418,659.14236027
801030,2021-05-27,4146.41,4092.27,4146.41,4088.85,58.16175851,724.50420589
801030,2021-05-28,4150.51,4158.52,4208.5,4135.96,59.31639649,768.70141908
801030,2021-05-31,4206.42,4158.8,4206.42,4151.84,58.41285967,791.61072775
801030,2021-06-01,4278.91,4200.09,4280.3,4154.46,68.74042594,894.26413523
801030,2021-06-02,4264.61,4286.09,4309.93,4241.6,69.76097402,867.3859812
801030,2021-06-03,4240.5,4259.9,4301.03,4233.13,65.54389987,808.50966857
801030,2021-06-04,4281.53,4225.59,4303.84,4223.51,63.31583432,795.84828832
801030,2021-06-07,4311.9,4301.33,4331.36,4278.48,63.23945884,807.26138025
801030,2021-06-08,4253.69,4309.76,4338.45,4228.38,65.62700647,800.54534483
801030,2021-06-09,4309.47,4252.49,4325.47,4249.47,73.99249888,830.0616161
801030,2021-06-10,4343.64,4302.77,4349.47,4288.52,68.78735945,838.74192076
801030,2021-06-11,4317.39,4340.73,4346.7,4308.56,71.54201105,891.57877248
801030,2021-06-15,4271.1,4328.13,4342.99,4266.32,58.19102173,734.98564177
801030,2021-06-16,4154.61,4270.96,4271.02,4151.55,55.58396542,710.33874894
801030,2021-06-17,4167.87,4137.34,4175.77,4134.65,48.18715274,619.55305875
801030,2021-06-18,4183.88,4166.48,4189.75,4140.62,53.62863515,723.7597997
801030,2021-06-21,4198.34,4178.27,4218.36,4166.01,51.2587095,683.57480458
801030,2021-06-22,4244.39,4216.5,4260.57,4208.18,55.70969754,713.69718088
801030,2021-06-23,4286.61,4264.55,4294.92,4239.89,52.82155322,767.05218035
801030,2021-06-24,4272.06,4294.86,4295.9,4250.75,51.90564055,702.88306346
801030,2021-06-25,4368.15,4281.85,4373.74,4281.79,62.32060687,840.38257315
801030,2021-06-28,4394.36,4381.49,4399.1,4366.05,58.05441621,808.60984427
801030,2021-06-29,4395.05,4398.48,4429.54,4383.13,57.03946843,801.78696535
801030,2021-06-30,4432.35,4405.63,4436.82,4391.53,52.33694977,766.63155802
801030,2021-07-01,4351.69,4448.94,4448.94,4348.13,54.12824151,790.92158219
801030,2021-07-02,4305.78,4327.66,4340.1,4296.84,47.65569617,738.15334665
801030,2021-07-05,4387.56,4325.42,4387.56,4320.38,53.37846676,829.45839266
801030,2021-07-06,4451.38,4406.62,4491.24,4386.46,66.61845312,1023.63759455
801030,2021-07-07,4522.1,4403.7,4522.81,4391.88,67.22085322,982.62095936
801030,2021-07-08,4506.39,4527.74,4565.67,4498.95,71.5872904,1038.84260844
801030,2021-07-09,4604.6,4494.05,4617.19,4458.53,74.68325152,1112.87181633
801030,2021-07-12,4735.16,4658.2,4758.45,4657.42,84.47572217,1318.36188556
801030,2021-07-13,4760.52,4730.21,4762.92,4695.24,73.52968959,1157.8274092
801030,2021-07-14,4700.87,4742.57,4782.44,4691.74,77.87004562,1219.66144746
801030,2021-07-15,4772.07,4682.98,4774.38,4677.29,80.28914559,1200.31501199
801030,2021-07-16,4752.84,4771.57,4825.01,4736.77,84.55401737,1251.41654303
801030,2021-07-19,4682.07,4755.82,4771.72,4667.98,79.30149132,1196.03689341
801030,2021-07-20,4684.46,4624.98,4684.46,4600.95,66.8432261,973.85902009
801030,2021-07-21,4794.14,4718.36,4810.53,4718.26,70.09494453,1106.7440167
801030,2021-07-22,4880.26,4816.84,4880.26,4790.95,85.53291142,1310.0604948
801030,2021-07-23,4825.96,4890.8,4927.63,4815.82,88.27627108,1335.29719641
801030,2021-07-26,4772.17,4827.9,4847.72,4668.52,81.88855064,1203.89046056
801030,2021-07-27,4594.94,4786.56,4842.69,4594.94,89.13981778,1342.32734394
801030,2021-07-28,4511.38,4539.15,4578.07,4412.46,78.78954801,1126.0843284
801030,2021-07-29,4690.04,4603.93,4697.57,4581.22,70.58296124,1114.21697342
801030,2021-07-30,4659.64,4687.48,4719.35,4605.82,69.42130576,1118.75123324
801030,2021-08-02,4814.98,4664.64,4814.98,4662.25,77.28478434,1322.14476543
801030,2021-08-03,4769.08,4807.35,4826.75,4748.89,71.79969423,1183.55199451
801030,2021-08-04,4898.53,4745.27,4898.53,4745.2,67.24942586,1167.10551405
801030,2021-08-05,4838.3,4881.61,4881.61,4811.49,70.00721921,1174.09402773
801030,2021-08-09,4904.35,4869.19,4918.34,4825.84,71.10182895,1138.71104997
801030,2021-08-10,4863.06,4885.47,4924.26,4809.7,73.63425707,1176.14664397
801030,2021-08-11,4898.45,4860.8,4912.19,4848.14,83.07058172,1282.6989656
801030,2021-08-12,4982.72,4888.98,4987.03,4862.93,88.43102593,1405.42161549
801030,2021-08-13,5061.56,4974.99,5106.04,4967.7,94.9658428,1600.45456228
801030,2021-08-16,4975.9,5067.93,5072.91,4958.02,93.1336254,1498.12924177
801030,2021-08-17,4837.11,4961.39,4983.17,4820.33,90.45484157,1335.39029932
801030,2021-08-18,4892.31,4845.15,4941.81,4838.72,83.36548033,1226.12409132
801030,2021-08-19,4889.19,4873.88,4921.88,4768.07,80.13603561,1297.98577378
801030,2021-08-20,4909.56,4862.48,4914.65,4800.23,70.84124832,1262.40995658
801030,2021-08-23,5029.26,4934.14,5048.53,4934.14,83.77658455,1455.87996149
801030,2021-08-24,5091.82,5039.94,5108.18,5034.64,86.68693254,1480.96578112
801030,2021-08-25,5138.97,5090.6,5138.97,5010.2,85.69516117,1484.10809104
801030,2021-08-26,5105.61,5128.16,5165.99,5104.75,101.91329524,1619.62897611
801030,2021-08-27,5176.69,5076.74,5180.41,5055.66,101.85852133,1579.32100729
801030,2021-08-30,5229.33,5198.74,5313.82,5184.67,116.86144209,1919.24520117
801030,2021-08-31,5240.33,5223.76,5240.33,5151.12,107.10164404,1670.81287938
801030,2021-09-01,5119.3,5261.51,5279.38,5035.85,119.93355534,1862.45886898
801030,2021-09-02,5261.04,5087.72,5261.04,5087.71,102.65250511,1571.24972709
801030,2021-09-03,5146.76,5256.0,5302.06,5106.83,114.49190506,1773.95668801
801030,2021-09-06,5182.16,5140.44,5187.09,5039.94,92.29328549,1425.17319374
801030,2021-09-07,5396.65,5202.79,5397.06,5192.83,105.60679023,1682.3448011
801030,2021-09-08,5461.69,5396.81,5482.45,5387.53,115.8047842,1785.38290596
801030,2021-09-09,5495.65,5469.95,5519.01,5437.49,113.15242691,1705.60505003
801030,2021-09-10,5505.51,5495.98,5523.05,5428.26,109.87446643,1724.54809033
801030,2021-09-13,5687.45,5536.13,5687.45,5528.93,117.84480699,1960.47657805
801030,2021-09-14,5682.01,5673.35,5797.94,5590.96,130.60477235,2178.20459195
801030,2021-09-15,5771.83,5666.82,5771.88,5666.76,121.81791811,2022.13262194
801030,2021-09-16,5667.22,5820.14,5882.39,5667.22,148.05413222,2399.5478225
801030,2021-09-17,5659.47,5626.52,5775.88,5511.69,126.84861314,2041.89085209
801030,2021-09-22,5685.52,5603.62,5685.52,5583.53,107.41261417,1665.84786684
801030,2021-09-23,5569.88,5740.81,5743.84,5563.64,120.90781816,1864.45429773
801030,2021-09-24,5370.45,5541.22,5541.22,5363.47,112.80816634,1741.66762236
801030,2021-09-27,5130.28,5370.26,5370.26,5066.5,106.08620505,1587.20480066
801030,2021-09-28,5098.38,5125.58,5172.13,5093.45,75.74869531,1127.46239691
801030,2021-09-29,4888.0,5050.2,5076.27,4886.4,84.94245995,1231.12732278
801030,2021-09-30,5039.58,4920.57,5047.17,4919.16,66.68467404,1043.09686761
801030,2021-10-11,4974.53,5004.78,5019.65,4906.53,64.71528627,986.67476013
801030,2021-10-12,4843.66,4964.96,4974.65,4779.98,71.37739429,1057.02143159
801030,2021-10-13,4859.02,4843.16,4866.6,4775.82,64.35243339,929.19928846
801030,2021-10-14,4878.07,4835.4,4897.21,4805.5,56.28146463,852.13315194
801030,2021-10-15,4903.81,4863.04,4920.76,4812.94,61.2904923,982.93996601
801030,2021-10-18,5015.42,4909.97,5015.42,4894.38,64.86877562,1032.03402192
801030,2021-10-19,5073.25,5006.8,5075.05,4998.25,68.11145951,1085.40456224
801030,2021-10-20,5098.35,5022.16,5143.51,4999.51,70.91719046,1214.7585415
801030,2021-10-21,5129.6,5109.39,5164.34,5101.9,76.99889256,1274.77393749
801030,2021-10-25,5175.13,5065.52,5176.0,5065.51,70.99400914,1216.10091488
801030,2021-10-26,5143.58,5214.42,5220.56,5128.06,77.06871961,1327.18425475
801030,2021-10-27,5147.45,5133.46,5175.49,5105.04,74.80304116,1332.0020873
801030,2021-10-28,4976.92,5136.93,5150.02,4958.25,82.64946723,1367.76151322
801030,2021-10-29,5021.18,4997.16,5034.73,4937.9,70.34101584,1236.03230778
801030,2021-11-01,5023.04,5014.9,5059.85,4970.19,70.53397751,1232.58838482
801030,2021-11-02,4908.52,5026.68,5035.26,4857.11,80.94541751,1293.72484215
801030,2021-11-03,4887.7,4887.17,4899.32,4824.54,58.84321602,975.71440723
801030,2021-11-04,4908.69,4904.02,4947.08,4892.01,60.59300052,1094.48627361
801030,2021-11-05,4743.03,4900.39,4900.47,4743.03,72.99543836,1212.66177164
801030,2021-11-08,4810.99,4737.4,4818.52,4737.4,58.26109145,993.54197572
801030,2021-11-09,4863.52,4823.75,4863.52,4807.26,60.55949487,1038.9168032
801030,2021-11-10,4818.96,4847.28,4847.33,4729.34,63.920771,1091.73519939
801030,2021-11-11,4857.67,4818.54,4862.1,4811.62,64.42758701,1073.0794005
801030,2021-11-12,4882.08,4855.83,4893.99,4854.06,64.02182721,1057.7560876
801030,2021-11-15,4798.25,4876.74,4876.74,4770.16,66.75936173,1067.82307385
801030,2021-11-16,4735.5,4790.34,4805.65,4729.83,65.39627717,1001.62578558
801030,2021-11-17,4824.02,4745.21,4824.05,4745.14,59.69303124,934.50344383
801030,2021-11-18,4833.89,4825.55,4873.1,4794.84,71.72091707,1117.97389829
801030,2021-11-19,4890.49,4833.47,4894.33,4818.79,75.84239904,1128.49528733
801030,2021-11-22,4995.61,4904.2,4995.61,4904.17,79.89260046,1296.71243034
801030,2021-11-23,4976.51,4989.76,5004.0,4964.73,70.46962694,1148.65329848
801030,2021-11-24,4936.24,4977.23,4986.38,4925.2,62.68709904,995.00623875
801030,2021-11-25,4926.71,4933.55,4936.32,4909.95,57.22283396,903.64066861
801030,2021-11-26,4963.34,4917.02,4984.79,4911.87,60.8434725,1010.86790767
801030,2021-11-29,4982.86,4876.29,4983.1,4876.29,64.65009434,1071.07710748
801030,2021-11-30,5003.66,4995.52,5035.31,4966.86,71.07166514,1181.14723015
801030,2021-12-01,5036.5,4999.73,5039.18,4971.91,76.73710647,1199.3562957
801030,2021-12-02,5005.35,5032.73,5053.65,4997.59,75.05835788,1142.00239585
801030,2021-12-03,5011.65,5001.98,5017.11,4953.92,68.0910994,1015.12214196
801030,2021-12-06,4983.58,5005.06,5043.56,4980.16,76.05820829,1115.24690463
801030,2021-12-07,4909.93,5007.18,5012.66,4873.0,74.98896758,1123.6005121
801030,2021-12-08,4996.18,4927.64,4996.18,4927.58,66.20052739,989.82750064
801030,2021-12-09,4985.79,4990.16,4997.47,4960.06,65.49546355,967.22366014
801030,2021-12-10,5032.63,4968.56,5032.88,4964.51,64.96867998,1056.20205708
801030,2021-12-13,5098.16,5068.77,5120.01,5068.77,55.23575096,855.86921473
801030,2021-12-14,5063.37,5091.73,5092.93,5050.14,52.25612479,772.99773985
801030,2021-12-15,5020.61,5063.28,5084.04,5015.02,47.66410463,678.51809788
801030,2021-12-16,5066.93,5028.22,5066.93,5021.97,49.12748066,644.13007213
801030,2021-12-17,4999.91,5061.76,5071.25,4999.91,51.02501704,659.10348957
801030,2021-12-20,4898.39,4982.31,4997.55,4894.92,51.40731209,686.53631129
801030,2021-12-21,4929.59,4889.17,4930.16,4877.8,38.62593073,520.9366747
801030,2021-12-22,4975.05,4938.5,4982.77,4932.77,44.4384683,573.98995723
801030,2021-12-23,4973.88,4983.22,4985.46,4961.03,45.02466791,575.59218731
801030,2021-12-24,4851.98,4978.69,4978.73,4850.75,48.42014642,628.95903152
801030,2021-12-27,4882.64,4851.88,4900.66,4839.06,38.48093851,503.35360337
801030,2021-12-28,4959.13,4890.6,4960.06,4890.59,41.56168451,599.96285344
801030,2021-12-29,4977.67,4961.9,5021.83,4958.45,43.96385573,628.58032128
801030,2021-12-30,4963.93,4978.4,4985.11,4963.45,39.12807681,551.97735608
801030,2021-12-31,5006.44,4975.57,5011.95,4969.23,38.98270902,566.77865152
801030,2022-01-04,4966.0,5030.97,5036.04,4934.32,48.65258833,671.20319718
801030,2022-01-05,4880.07,4954.68,4954.69,4852.0,46.93209789,628.92617072
801030,2022-01-06,4923.3,4866.31,4941.57,4862.96,44.25214137,614.29776619
801030,2022-01-07,4838.72,4919.78,4919.85,4838.72,46.12918121,631.17784518
801030,2022-01-10,4872.56,4840.19,4881.71,4831.95,38.04234219,535.13839606
801030,2022-01-11,4860.15,4875.28,4907.61,4850.86,47.93294141,658.21220454
801030,2022-01-12,4935.74,4881.8,4935.74,4870.46,44.26204535,628.84298632
801030,2022-01-13,4842.13,4935.56,4935.56,4841.86,49.80145621,622.50465485
801030,2022-01-14,4836.19,4825.47,4872.01,4806.01,51.58662964,619.45786483
801030,2022-01-17,4870.71,4835.01,4870.8,4821.65,42.24629473,511.36699939
801030,2022-01-18,4866.76,4876.68,4885.9,4854.76,43.83138799,552.46076259
801030,2022-01-19,4787.76,4852.35,4852.35,4763.49,37.60448996,506.93851619
801030,2022-01-20,4673.36,4782.37,4820.09,4669.63,42.57695194,568.07773969
801030,2022-01-21,4627.29,4672.56,4674.71,4613.3,33.95425639,450.25438447
801030,2022-01-24,4666.71,4607.9,4687.68,4583.27,31.43207158,440.21176618
801030,2022-01-25,4525.37,4647.34,4682.5,4525.37,38.27633064,492.58691724
801030,2022-01-26,4572.08,4547.61,4585.33,4516.85,30.25918308,397.19000405
801030,2022-01-27,4482.08,4573.9,4588.39,4482.08,32.14217396,411.97048175
801030,2022-01-28,4476.27,4511.39,4526.69,4405.92,32.64148994,412.54429189
801030,2022-02-07,4570.28,4536.89,4575.56,4536.63,35.92804845,449.28369226
801030,2022-02-08,4613.33,4566.85,4613.33,4509.24,37.64098218,474.88952334
801030,2022-02-09,4676.47,4612.27,4680.59,4597.28,38.76086613,494.19527058
801030,2022-02-10,4699.91,4681.17,4728.49,4673.16,43.93776336,543.7656828
801030,2022-02-11,4652.51,4681.94,4732.42,4649.91,45.61075261,610.53124021
801030,2022-02-14,4646.73,4626.96,4713.71,4626.96,37.87418224,517.36308127
801030,2022-02-15,4662.23,4654.3,4666.92,4620.79,34.27883043,480.1031729
801030,2022-02-16,4723.39,4691.69,4733.53,4687.62,36.66558455,544.81654854
801030,2022-02-17,4784.96,4727.4,4808.03,4715.61,48.68810776,723.23148803
801030,2022-02-18,4799.6,4751.11,4799.6,4743.84,41.03342021,577.44273178
801030,2022-02-21,4818.31,4799.73,4818.31,4771.73,39.94497556,585.22779572
801030,2022-02-22,4825.68,4803.59,4825.68,4760.47,43.89631509,654.27219803
801030,2022-02-23,4941.9,4842.2,4943.54,4842.03,54.08345108,854.84950368
801030,2022-02-24,4837.97,4919.6,4976.75,4768.57,71.23294582,1075.14335856
801030,2022-02-25,4870.02,4882.18,4929.34,4859.65,47.77337789,734.31964722
801030,2022-02-28,4910.85,4873.6,4914.01,4822.19,45.53988421,717.09728548
801030,2022-03-01,4878.3,4916.68,4921.77,4840.63,43.67950571,725.68643255
801030,2022-03-02,4880.99,4865.29,4889.06,4840.87,42.63706443,644.9902388
801030,2022-03-04,4781.87,4853.59,4865.42,4768.5,49.62017694,705.62226789
801030,2022-03-07,4704.42,4779.59,4797.94,4683.76,48.63666328,692.19865795
801030,2022-03-08,4528.3,4697.15,4705.33,4499.14,52.05667657,745.81595005
801030,2022-03-09,4438.28,4550.19,4560.23,4256.11,56.06639108,740.44111789
801030,2022-03-10,4553.16,4544.61,4588.69,4516.53,52.03021563,740.31370806
801030,2022-03-11,4576.49,4498.5,4585.9,4442.75,48.72977871,709.46242294
801030,2022-03-14,4468.33,4536.87,4570.15,4468.33,41.7906621,597.94057882
801030,2022-03-15,4229.73,4431.1,4438.76,4229.73,51.72637312,661.59412176
801030,2022-03-16,4353.65,4310.33,4364.92,4121.98,53.18934296,720.74208681
801030,2022-03-17,4398.92,4400.41,4480.75,4393.85,51.74833464,766.56413979
801030,2022-03-18,4447.08,4385.11,4457.23,4374.08,41.35448129,565.6495724
801030,2022-03-21,4488.44,4452.8,4512.17,4434.94,45.09342844,614.02735633
801030,2022-03-22,4471.09,4481.4,4500.48,4457.48,41.10672829,585.02897718
801030,2022-03-24,4510.26,4480.42,4536.96,4446.28,43.46388794,638.61363809
801030,2022-03-25,4470.75,4506.49,4545.73,4470.07,46.87864244,687.25684868
801030,2022-03-28,4441.44,4442.97,4478.04,4375.11,42.28113022,621.5587151
801030,2022-03-29,4469.9,4447.75,4499.72,4432.75,49.33517947,695.72947532
801030,2022-03-30,4534.6,4474.61,4534.6,4465.43,45.73984085,648.15769482
801030,2022-04-01,4492.09,4426.65,4505.01,4423.19,42.31463733,612.40150541
801030,2022-04-06,4493.7,4481.36,4495.41,4450.05,38.529331,550.57502775
801030,2022-04-07,4466.76,4476.31,4521.74,4466.76,45.13410208,667.59179622
801030,2022-04-08,4536.6,4465.42,4559.49,4445.79,55.1637565,815.34052546
801030,2022-04-11,4427.35,4522.7,4522.83,4409.36,54.4365885,751.46963654
801030,2022-04-12,4421.91,4409.66,4424.48,4342.15,48.70466911,642.24457688
801030,2022-04-13,4364.35,4397.53,4426.72,4363.69,46.80213994,625.94142329
801030,2022-04-15,4343.99,4405.44,4410.2,4336.78,57.84873364,723.96858854
801030,2022-04-18,4339.01,4312.65,4359.87,4268.93,41.61104167,522.48961247
801030,2022-04-19,4405.31,4346.23,4405.57,4346.23,44.61741528,592.82650421
801030,2022-04-20,4309.55,4405.26,4405.26,4288.28,49.57535634,608.14750908
801030,2022-04-21,4109.23,4284.43,4293.42,4098.49,51.12460005,610.02931174
801030,2022-04-22,4075.46,4077.87,4115.4,4021.19,39.30212473,469.20348963
801030,2022-04-25,3762.07,4002.92,4002.95,3762.07,48.40324647,554.32248205
801030,2022-04-26,3629.16,3754.0,3774.88,3616.72,46.30539247,522.85803739
801030,2022-04-27,3811.34,3579.74,3811.51,3579.32,48.91492383,558.13173868
801030,2022-04-28,3803.54,3795.53,3855.98,3758.2,40.98048748,517.15905429
801030,2022-04-29,3921.87,3824.2,3934.07,3800.85,44.63654791,519.51260267
801030,2022-05-06,3966.32,3934.2,4022.87,3920.58,37.65967598,475.61739569
801030,2022-05-10,4019.06,3939.69,4022.96,3926.19,36.30836205,454.19303223
801030,2022-05-11,4065.98,4024.72,4155.88,4024.62,46.80837593,618.89699711
801030,2022-05-12,4060.74,4043.7,4088.22,4020.21,35.73588493,459.26101855
801030,2022-05-13,4089.8,4083.54,4120.39,4060.49,34.68235022,437.80918263
801030,2022-05-16,4134.66,4118.21,4183.71,4117.5,40.37320828,511.82346443
801030,2022-05-17,4171.78,4137.38,4171.78,4108.85,36.90937755,487.76453583
801030,2022-05-18,4160.56,4172.21,4193.74,4145.5,33.72802523,454.41455816
801030,2022-05-19,4191.19,4097.71,4191.19,4096.45,39.09321649,507.33566137
801030,2022-05-20,4264.3,4210.98,4266.07,4203.88,43.48112678,582.63042478
801030,2022-05-23,4339.94,4269.2,4340.27,4265.18,41.48149612,587.69369229
801030,2022-05-24,4173.47,4333.32,4336.73,4173.47,49.20209318,676.41112178
801030,2022-05-25,4224.57,4178.37,4224.57,4163.62,36.52386268,480.64942516
801030,2022-05-26,4254.41,4228.86,4271.51,4147.18,37.58142339,500.40819676
801030,2022-05-27,4265.0,4271.82,4309.64,4238.92,43.19293058,562.20586486
801030,2022-05-30,4334.34,4285.1,4334.34,4251.64,43.09332643,551.10973708
801030,2022-05-31,4351.8,4339.9,4352.7,4305.65,43.96049288,560.72283116
801030,2022-06-01,4340.87,4338.53,4371.41,4313.34,41.28172857,555.46624979
801030,2022-06-02,4342.2,4324.64,4346.44,4306.21,37.86006551,513.89592899
801030,2022-06-06,4474.33,4341.43,4474.33,4341.43,50.80304748,729.40350778
801030,2022-06-07,4471.23,4478.6,4487.5,4438.76,51.45082788,706.51160726
801030,2022-06-08,4505.98,4466.93,4510.7,4401.92,55.79417906,772.49977817
801030,2022-06-09,4498.04,4499.22,4546.69,4469.47,55.42836254,751.53865154
801030,2022-06-10,4603.92,4458.73,4612.83,4458.73,59.77018482,868.53978703
801030,2022-06-13,4642.76,4570.93,4662.14,4570.93,66.12880391,945.69679933
801030,2022-06-14,4691.71,4588.55,4691.71,4555.2,67.7873059,950.44260896
801030,2022-06-15,4623.34,4711.5,4731.09,4623.34,63.9988369,958.99946448
801030,2022-06-16,4575.08,4626.82,4656.61,4551.13,49.40569683,715.45552582
801030,2022-06-17,4661.22,4546.59,4668.06,4546.59,46.57075314,729.51767764
801030,2022-06-20,4626.02,4682.77,4688.93,4592.37,54.32898489,808.31460365
801030,2022-06-21,4551.3,4615.67,4620.5,4509.74,49.58954935,685.15008468
801030,2022-06-22,4486.38,4547.76,4569.36,4486.38,42.98136973,601.61546522
801030,2022-06-23,4547.76,4491.1,4547.76,4421.85,47.31043464,681.04702376
801030,2022-06-24,4626.16,4558.04,4627.94,4554.71,52.61976098,776.60508823
801030,2022-06-27,4682.79,4642.65,4699.23,4626.38,59.05699581,878.93554739
801030,2022-06-28,4750.17,4692.2,4750.17,4663.28,57.17861814,898.57047833
801030,2022-06-29,4634.68,4732.47,4740.43,4634.68,57.83353491,901.29381886
801030,2022-06-30,4705.44,4647.32,4725.81,4647.32,48.93731358,752.45569139
801030,2022-07-01,4759.07,4707.42,4788.57,4690.19,53.10011487,838.72291577
801030,2022-07-04,4818.27,4759.76,4818.27,4748.24,55.74806031,913.99928475
801030,2022-07-05,4869.15,4824.18,4869.15,4796.57,66.78208437,1034.96602036
801030,2022-07-06,4734.3,4844.05,4844.27,4693.85,61.88679748,949.71102551
801030,2022-07-07,4779.11,4720.64,4803.11,4697.54,48.89825959,805.9893861
801030,2022-07-08,4702.81,4803.04,4805.71,4700.68,46.55544756,744.3962632
801030,2022-07-11,4583.32,4681.94,4681.98,4543.65,44.93268993,704.15350256
801030,2022-07-12,4524.47,4582.64,4600.71,4523.18,38.6944957,578.08927334
801030,2022-07-13,4557.94,4528.65,4562.65,4481.51,39.55869621,584.30428723
801030,2022-07-14,4577.67,4550.28,4604.98,4534.81,40.00109666,623.98300454
801030,2022-07-15,4523.7,4560.12,4618.9,4523.7,43.53056564,663.23925396
801030,2022-07-18,4622.65,4534.25,4622.65,4532.55,44.21169935,645.61802659
801030,2022-07-19,4671.33,4625.95,4686.61,4618.03,47.31794079,725.3757577
801030,2022-07-20,4709.07,4681.9,4709.29,4667.91,45.78269739,659.21109259
801030,2022-07-21,4623.46,4707.82,4707.94,4623.46,52.95192768,741.84687948
801030,2022-07-22,4589.08,4628.64,4642.85,4545.67,43.2786105,632.79439588
801030,2022-07-25,4544.31,4585.52,4609.63,4538.18,37.09707856,540.18149541
801030,2022-07-26,4606.68,4553.18,4608.28,4528.59,31.80507961,488.65979663
801030,2022-07-27,4613.37,4600.09,4619.19,4579.33,32.06730267,504.74007438
801030,2022-07-28,4629.98,4631.39,4658.7,4613.75,39.54674447,584.40151018
801030,2022-07-29,4604.24,4635.2,4649.39,4596.43,40.232274,568.93956141
801030,2022-08-01,4642.15,4594.03,4642.15,4563.2,44.33076212,626.44740177
801030,2022-08-02,4468.09,4592.69,4592.71,4427.64,55.66732883,731.39680314
801030,2022-08-03,4442.99,4478.12,4559.27,4432.46,49.89176015,659.23395007
801030,2022-08-04,4501.35,4471.37,4506.19,4438.44,41.38517023,563.85170492
801030,2022-08-05,4552.61,4511.56,4552.61,4480.48,40.62879186,559.72460254
801030,2022-08-08,4614.33,4544.32,4614.33,4529.14,39.99544791,550.92425186
801030,2022-08-09,4664.95,4614.29,4672.6,4609.12,44.34191134,644.65097375
801030,2022-08-10,4685.68,4660.45,4690.2,4654.69,44.69987236,660.31078017
801030,2022-08-11,4747.32,4697.25,4747.92,4687.43,48.63441929,737.94560461
801030,2022-08-12,4761.37,4745.69,4789.84,4745.4,51.49176811,727.03767883
801030,2022-08-15,4814.24,4760.79,4821.24,4760.79,47.67200846,700.54003693
801030,2022-08-16,4830.9,4825.42,4844.39,4801.04,50.86036027,732.93328486
801030,2022-08-17,4770.64,4831.95,4831.98,4752.96,50.27903133,751.17422234
801030,2022-08-18,4752.24,4767.22,4767.22,4734.76,47.8492601,658.00086505
801030,2022-08-19,4666.74,4747.22,4747.24,4666.74,48.92706192,669.75187872
801030,2022-08-22,4775.69,4661.72,4775.69,4642.65,48.93150494,678.6358152
801030,2022-08-23,4809.15,4769.65,4809.15,4756.85,45.56392333,640.36546261
801030,2022-08-24,4653.39,4816.14,4824.16,4644.34,54.51930379,732.53392431
801030,2022-08-25,4641.19,4668.78,4668.78,4557.83,44.13030256,611.74536872
801030,2022-08-26,4644.29,4651.38,4712.92,4634.92,46.8958716,639.43202428
801030,2022-08-29,4665.1,4585.14,4665.35,4577.15,46.98367994,588.92612771
801030,2022-08-30,4600.19,4663.02,4663.06,4570.41,45.35780827,553.94925927
801030,2022-08-31,4477.69,4577.36,4586.38,4468.44,47.19929199,593.73003567
801030,2022-09-01,4447.82,4475.21,4506.74,4438.41,36.83133293,453.80309906
801030,2022-09-02,4462.64,4461.43,4482.95,4422.13,33.90349591,442.79410414
801030,2022-09-05,4497.19,4460.24,4511.69,4454.84,34.89605721,464.39112796
801030,2022-09-06,4637.85,4519.82,4637.85,4506.94,52.14207825,662.17252611
801030,2022-09-07,4633.89,4619.59,4655.16,4603.32,48.32703717,596.23527569
801030,2022-09-08,4583.23,4638.24,4638.24,4578.31,40.48276658,514.87969601
801030,2022-09-09,4611.92,4589.82,4615.73,4565.5,37.0057661,481.82729792
801030,2022-09-13,4584.24,4621.74,4626.69,4575.33,36.84756898,479.24810221
801030,2022-09-14,4502.33,4513.36,4533.21,4475.62,35.1373497,438.93036709
801030,2022-09-15,4369.06,4518.33,4518.33,4323.72,43.45834995,541.27998228
801030,2022-09-16,4274.73,4355.17,4363.89,4272.11,33.3683931,416.61846027
801030,2022-09-19,4260.76,4270.01,4312.38,4240.95,28.71298719,364.07176989
801030,2022-09-20,4313.7,4288.93,4348.41,4288.49,28.70610839,384.09562414
801030,2022-09-21,4310.34,4299.26,4324.08,4263.3,28.92450426,372.23915815
801030,2022-09-22,4313.01,4281.57,4352.51,4281.57,29.05938409,389.98072414
801030,2022-09-23,4239.89,4314.27,4335.16,4207.99,32.37532636,435.10438153
801030,2022-09-26,4152.78,4206.7,4236.1,4147.43,29.98564918,384.62242201
801030,2022-09-27,4201.96,4161.5,4201.96,4121.7,27.18431868,359.34808393
801030,2022-09-28,4061.83,4197.0,4197.03,4061.83,29.32515182,366.82468851
801030,2022-09-29,4095.71,4107.23,4130.55,4073.16,26.91215386,337.3807209
801030,2022-09-30,4073.14,4098.61,4129.45,4069.72,25.80395822,314.45276941
801030,2022-10-10,3987.44,4078.27,4084.8,3977.31,26.7127471,322.60738934
801030,2022-10-11,4064.4,3992.88,4064.4,3973.38,25.9358991,331.15571242
801030,2022-10-12,4141.81,4061.17,4141.81,3974.29,33.545307,430.84148033
801030,2022-10-13,4132.16,4110.87,4165.8,4105.24,32.83438124,392.0901553
801030,2022-10-14,4220.23,4159.9,4229.64,4145.61,36.38581076,460.27193633
801030,2022-10-17,4247.84,4195.69,4251.44,4184.77,33.8619629,411.1491589
801030,2022-10-18,4249.64,4259.46,4283.49,4236.64,33.33530524,430.43799153
801030,2022-10-19,4183.67,4242.76,4270.41,4183.57,29.83641239,400.90368503
801030,2022-10-20,4157.81,4165.93,4213.94,4110.96,28.65105737,365.41398854
801030,2022-10-21,4138.97,4161.43,4169.45,4120.92,26.93710151,342.49593634
801030,2022-10-24,4093.57,4145.19,4198.16,4068.05,32.8582651,415.32193228
801030,2022-10-25,4053.53,4049.91,4081.94,3984.94,32.8229345,417.20665528
801030,2022-10-26,4105.63,4058.3,4143.73,4058.19,33.22507371,427.63875242
801030,2022-10-27,4085.82,4109.61,4146.44,4085.78,29.32227937,379.73739822
801030,2022-10-28,3915.21,4051.25,4051.39,3905.11,37.71347908,429.86590411
801030,2022-10-31,3878.7,3874.06,3929.91,3863.07,30.16974928,362.3347274
801030,2022-11-01,3994.82,3885.52,3994.82,3885.5,31.85100943,404.04149886
801030,2022-11-02,4034.61,3990.67,4056.22,3988.72,33.70211432,397.51309711
801030,2022-11-03,4074.32,4013.39,4079.46,4013.39,30.1525295,387.52870914
801030,2022-11-04,4183.68,4076.47,4187.9,4076.37,42.33616397,553.43060689
801030,2022-11-07,4226.65,4192.92,4248.03,4192.88,39.20560561,535.37765379
801030,2022-11-08,4215.38,4226.05,4231.81,4189.97,30.50645172,398.06219395
801030,2022-11-09,4218.19,4222.72,4247.08,4215.32,27.78478707,384.68845325
801030,2022-11-10,4156.46,4199.74,4199.79,4143.37,30.38361588,411.82710203
801030,2022-11-11,4216.41,4243.71,4257.14,4194.68,38.98977201,507.98162683
801030,2022-11-14,4188.6,4223.48,4268.39,4176.45,35.8578812,466.18507349
801030,2022-11-15,4275.55,4189.14,4275.55,4176.01,33.57338684,438.03582177
801030,2022-11-16,4242.14,4271.91,4284.13,4237.06,30.5680664,384.2862413
801030,2022-11-17,4223.05,4227.09,4227.14,4181.06,30.78256727,381.43987777
801030,2022-11-18,4184.32,4224.47,4234.89,4182.7,32.34635093,408.26030445
801030,2022-11-21,4211.11,4164.88,4211.11,4136.11,29.57553623,378.18804102
801030,2022-11-22,4175.01,4209.43,4225.59,4159.1,33.19762737,402.32037308
801030,2022-11-23,4178.35,4173.16,4191.17,4127.81,30.94738738,381.35791596
801030,2022-11-24,4239.92,4186.9,4239.92,4181.66,34.52999735,444.64912531
801030,2022-11-25,4192.46,4233.41,4233.45,4192.46,29.2067336,394.0550012
801030,2022-11-28,4165.22,4138.27,4173.43,4106.82,27.56616095,359.01738488
801030,2022-11-29,4236.76,4173.48,4238.4,4173.43,31.57851969,401.2699267
801030,2022-11-30,4235.88,4231.03,4256.45,4217.82,30.85080576,403.38747022
801030,2022-12-01,4277.24,4261.49,4296.0,4261.27,31.15197066,416.39411707
801030,2022-12-02,4290.87,4273.51,4295.57,4266.81,28.68601215,385.19898449
801030,2022-12-05,4315.44,4313.03,4315.44,4289.24,34.72701812,432.54771046
801030,2022-12-06,4351.75,4306.31,4351.75,4284.83,34.76869518,479.0840923
801030,2022-12-07,4328.9,4341.64,4370.76,4315.29,33.07100875,448.51019633
801030,2022-12-08,4340.14,4321.2,4375.73,4300.19,35.26868228,461.02728611
801030,2022-12-09,4370.62,4345.77,4374.53,4329.22,39.12065558,503.10235704
801030,2022-12-12,4302.1,4360.48,4360.62,4300.92,34.84479698,435.50408193
801030,2022-12-13,4270.41,4301.95,4304.45,4266.84,26.88062864,354.67683616
801030,2022-12-14,4264.63,4268.78,4285.54,4254.67,24.78198337,321.79953434
801030,2022-12-15,4264.83,4261.28,4269.96,4232.43,22.2269438,299.56680829
801030,2022-12-16,4224.07,4247.66,4257.84,4207.47,28.03458007,365.9537814
801030,2022-12-19,4154.28,4221.66,4238.63,4141.72,28.42420716,336.93245411
801030,2022-12-20,4125.91,4142.77,4153.82,4112.85,20.07953347,251.98997856
801030,2022-12-21,4128.37,4130.17,4156.98,4104.78,21.65245054,277.02871812
801030,2022-12-22,4034.55,4144.08,4144.08,4022.26,26.30496793,330.53846276
801030,2022-12-23,3985.71,4019.35,4030.75,3963.44,20.54483978,262.41531936
801030,2022-12-26,4065.11,3991.17,4068.52,3990.96,19.47604057,253.11743292
801030,2022-12-27,4106.5,4079.75,4107.93,4064.22,22.71596083,290.53061833
801030,2022-12-28,4058.5,4096.27,4096.36,4054.35,20.83249106,257.98285025
801030,2022-12-29,4050.19,4045.46,4075.8,4042.73,18.76275838,240.5267001
801030,2022-12-30,4051.36,4065.88,4076.64,4045.75,19.5081509,254.38919306
801030,2023-01-03,4109.2,4050.65,4114.56,4038.07,25.19786829,318.1931747
801030,2023-01-04,4103.0,4107.69,4118.33,4083.64,23.70813236,302.79877392
801030,2023-01-05,4133.23,4111.38,4142.36,4103.25,23.96636371,310.30187613
801030,2023-01-06,4182.69,4131.12,4205.9,4131.12,32.4616333,422.6538902
801030,2023-01-09,4206.23,4195.18,4226.25,4194.47,31.39242248,394.38193703
801030,2023-01-10,4174.92,4202.82,4202.82,4156.26,24.78746691,312.83314743
801030,2023-01-11,4153.83,4178.85,4197.15,4152.96,22.39892553,297.83059289
801030,2023-01-12,4158.07,4160.24,4184.14,4150.17,19.97789666,264.65363749
801030,2023-01-13,4174.66,4169.93,4185.63,4151.84,20.19896083,260.27173418
801030,2023-01-16,4218.8,4172.37,4237.02,4172.37,25.26843212,332.12048552
801030,2023-01-17,4235.03,4224.53,4239.84,4221.29,20.5351581,278.15266385
801030,2023-01-18,4242.59,4242.4,4251.86,4234.34,20.49454898,263.58629595
801030,2023-01-19,4271.15,4239.39,4271.15,4227.48,21.07314491,274.34758433
801030,2023-01-20,4309.91,4280.8,4310.57,4276.98,24.09470097,309.34196189
801030,2023-01-30,4347.4,4360.76,4379.81,4344.05,34.93373854,441.18198033
801030,2023-01-31,4375.48,4341.85,4377.37,4331.74,29.24492427,384.93001406
801030,2023-02-01,4434.93,4382.94,4434.93,4382.74,34.50163172,442.53653012
801030,2023-02-02,4464.3,4441.17,4464.83,4415.47,32.47853074,419.12939906
801030,2023-02-03,4442.64,4454.73,4454.81,4384.6,33.49731144,441.8181031
801030,2023-02-06,4396.66,4425.11,4425.23,4376.11,25.76451657,346.12170282
801030,2023-02-07,4407.96,4400.03,4408.37,4382.77,25.98382845,332.79817905
801030,2023-02-08,4406.12,4408.69,4430.91,4404.45,26.5482053,362.25556742
801030,2023-02-09,4458.3,4399.65,4458.3,4396.58,31.55262664,420.85973473
801030,2023-02-10,4455.46,4451.48,4479.03,4435.55,32.41892258,421.74146234
801030,2023-02-13,4496.65,4456.82,4496.71,4453.28,34.79380186,462.65480281
801030,2023-02-14,4530.93,4503.01,4530.93,4494.56,37.88338438,493.1716135
801030,2023-02-15,4501.33,4533.09,4534.16,4491.9,34.99037368,447.56073226
801030,2023-02-16,4406.44,4506.88,4516.42,4381.35,42.95125561,542.36681076
801030,2023-02-17,4421.52,4408.44,4459.26,4408.44,31.01293819,406.10252686
801030,2023-02-20,4473.13,4422.43,4474.26,4387.99,33.16886408,438.97215246
801030,2023-02-21,4523.99,4480.0,4546.72,4476.68,37.59394237,484.47917873
801030,2023-02-22,4486.02,4504.34,4518.68,4476.9,27.37221101,359.78721826
801030,2023-02-23,4475.47,4486.31,4499.35,4457.1,26.6505758,367.43954161
801030,2023-02-24,4456.64,4474.51,4475.4,4431.61,22.91671593,312.02910626
801030,2023-02-27,4473.79,4443.06,4510.1,4437.02,31.51458732,450.68926495
801030,2023-02-28,4491.05,4481.02,4492.24,4447.52,24.77965969,347.80016261
801030,2023-03-01,4499.7,4493.31,4502.94,4482.75,24.55635623,337.75787162
801030,2023-03-02,4492.88,4501.52,4516.12,4490.12,27.76077788,375.60040989
801030,2023-03-03,4476.9,4491.85,4495.88,4459.13,24.28667781,318.71659934
801030,2023-03-06,4459.14,4476.32,4476.32,4424.58,26.86466644,366.34245334
801030,2023-03-07,4379.73,4457.43,4465.15,4379.73,28.76755207,357.85540574
801030,2023-03-08,4384.99,4369.79,4387.23,4357.2,19.82778406,267.04310899
801030,2023-03-09,4373.07,4389.64,4394.48,4363.88,21.13909383,286.68161422
801030,2023-03-10,4303.46,4352.13,4354.06,4302.24,24.17540779,318.70119377
801030,2023-03-13,4291.26,4293.16,4321.9,4268.05,23.3430944,300.82171665
801030,2023-03-14,4232.01,4285.13,4285.2,4192.14,25.81072128,331.37364147
801030,2023-03-15,4261.01,4255.02,4283.77,4254.82,22.41058087,277.37151725
801030,2023-03-16,4175.76,4241.71,4250.47,4175.64,23.21641354,298.51487998
801030,2023-03-17,4191.83,4206.7,4229.17,4182.5,21.9350333,281.69444686
801030,2023-03-20,4175.91,4193.57,4195.39,4162.02,22.3188613,304.1908191
801030,2023-03-21,4225.69,4177.88,4226.02,4177.49,20.10923134,267.52062305
801030,2023-03-22,4217.98,4234.48,4254.35,4207.58,20.74455841,274.6341594
801030,2023-03-23,4204.95,4212.07,4212.38,4187.81,20.7468657,276.03876818
801030,2023-03-24,4183.3,4200.64,4206.04,4180.41,22.51773971,318.55669965
801030,2023-03-27,4160.94,4184.59,4184.59,4146.56,25.59838226,324.00526206
801030,2023-03-28,4158.88,4182.39,4193.15,4154.15,25.96407502,316.84690236
801030,2023-03-29,4130.82,4165.62,4171.46,4128.02,28.16067259,303.45259347
801030,2023-03-30,4143.17,4126.95,4143.78,4099.95,24.76602884,282.83866307
801030,2023-03-31,4167.81,4142.14,4190.52,4141.93,21.99403516,284.45725352
801030,2023-04-03,4179.86,4172.7,4184.44,4158.39,26.02884713,342.47491932
801030,2023-04-04,4115.24,4176.77,4176.84,4100.81,28.14402994,360.60631986
801030,2023-04-06,4103.28,4106.59,4107.12,4087.31,23.66588617,297.23222054
801030,2023-04-07,4122.34,4101.18,4134.19,4097.2,19.68899691,257.64401769
801030,2023-04-10,4105.69,4122.51,4122.51,4092.72,24.27329035,312.87550158
801030,2023-04-11,4090.72,4098.77,4098.78,4076.04,22.60533997,282.55974988
801030,2023-04-12,4072.65,4091.63,4093.73,4061.48,24.02082589,301.22165808
801030,2023-04-13,4042.85,4065.03,4065.11,4034.74,22.62490158,286.04042669
801030,2023-04-14,4065.39,4047.6,4076.25,4047.48,22.81291219,301.05909496
801030,2023-04-17,4126.86,4064.14,4126.86,4064.14,26.92302086,350.73611755
801030,2023-04-18,4119.32,4125.77,4132.63,4109.6,23.05984797,305.24892811
801030,2023-04-19,4082.34,4115.1,4115.17,4078.32,22.4208775,294.08726065
801030,2023-04-20,4019.7,4077.65,4077.65,4016.34,25.39225525,316.26558647
801030,2023-04-21,3917.17,4007.52,4007.57,3917.17,28.59848555,350.03939405
801030,2023-04-24,3881.41,3916.51,3916.51,3869.55,22.9338486,288.44362086
801030,2023-04-25,3799.28,3878.89,3878.89,3759.74,28.44359563,342.78207065
801030,2023-04-26,3833.15,3785.51,3853.33,3781.41,21.39154999,273.17068864
801030,2023-04-27,3844.18,3824.87,3862.04,3814.43,21.20241223,260.39527664
801030,2023-04-28,3845.13,3829.92,3857.52,3822.48,23.98650803,288.96944749
801030,2023-05-04,3828.16,3822.25,3841.78,3816.23,24.50096713,280.43667902
801030,2023-05-05,3786.25,3825.6,3825.63,3758.35,21.17269686,247.31950362
801030,2023-05-08,3800.58,3787.98,3811.77,3782.13,21.42075053,247.28444708
801030,2023-05-09,3769.65,3802.45,3821.55,3769.14,24.96511273,273.53909138
801030,2023-05-10,3793.77,3765.72,3815.91,3764.57,19.19485729,229.75343264
801030,2023-05-11,3800.37,3800.48,3805.08,3779.46,17.15180029,204.04600581
801030,2023-05-12,3743.94,3797.83,3805.56,3741.35,18.07746758,211.81270744
801030,2023-05-15,3801.03,3739.95,3801.03,3739.95,20.03825344,239.0556248
801030,2023-05-16,3782.22,3806.32,3806.32,3776.09,18.51691171,216.03252183
801030,2023-05-17,3785.13,3778.41,3796.9,3770.63,17.86286096,213.86152303
801030,2023-05-18,3761.28,3790.05,3793.23,3746.74,18.94737649,216.65963622
801030,2023-05-19,3761.73,3755.67,3770.81,3729.24,18.47013805,205.9795765
801030,2023-05-22,3795.43,3763.08,3796.31,3742.72,20.36306111,235.30363806
801030,2023-05-23,3778.3,3796.46,3812.19,3778.3,20.46623942,230.07939756
801030,2023-05-24,3770.95,3772.61,3799.39,3751.54,19.45653027,232.12502027
801030,2023-05-25,3734.65,3761.58,3763.91,3707.71,23.02471328,264.45492801
801030,2023-05-26,3721.97,3730.66,3730.68,3688.01,18.28857438,214.97659405
801030,2023-05-29,3682.64,3723.71,3728.72,3677.98,20.1129976,239.09481898
801030,2023-05-30,3662.84,3677.46,3680.25,3620.95,20.99811445,225.38978844
801030,2023-05-31,3633.33,3654.76,3654.82,3620.54,18.79080719,215.71423424
801030,2023-06-01,3647.74,3628.64,3675.24,3622.51,21.0697437,228.84199217
801030,2023-06-02,3736.04,3652.19,3738.22,3652.17,25.34460627,285.74283829
801030,2023-06-05,3731.51,3741.47,3744.19,3719.0,19.38534773,219.78616552
801030,2023-06-06,3678.44,3728.36,3728.36,3675.32,19.72367593,230.77997376
801030,2023-06-07,3645.84,3675.5,3678.95,3638.66,17.50342712,192.43751226
801030,2023-06-08,3653.58,3647.74,3667.38,3636.34,17.39613077,195.02073158
801030,2023-06-09,3636.35,3655.29,3659.65,3617.51,21.37566137,231.56719959
801030,2023-06-12,3664.71,3632.83,3678.86,3611.61,20.81790407,222.40389427
801030,2023-06-13,3661.5,3661.59,3671.26,3645.73,18.68333742,201.68114212
801030,2023-06-14,3671.71,3668.25,3689.77,3657.26,21.57471712,233.4086475
801030,2023-06-15,3720.03,3676.18,3720.03,3661.87,23.0502013,263.66971788
801030,2023-06-16,3719.32,3722.38,3732.37,3705.79,23.54591678,272.73359164
801030,2023-06-19,3696.5,3724.67,3736.35,3695.1,22.24212365,262.43975479
801030,2023-06-20,3671.18,3694.55,3694.65,3668.26,23.22193172,271.88197743
801030,2023-06-21,3631.82,3666.51,3687.18,3631.82,22.43153469,250.36073493
801030,2023-06-26,3603.49,3612.3,3635.45,3587.53,24.0806042,269.35197676
801030,2023-06-27,3674.38,3605.28,3675.8,3603.22,25.43843221,275.91616208
801030,2023-06-28,3671.85,3674.57,3674.57,3637.41,21.91698823,251.18994006
801030,2023-06-29,3658.72,3671.47,3674.89,3657.99,21.89816071,262.84000587
801030,2023-06-30,3726.06,3662.0,3735.0,3661.98,29.8788946,351.47157467
801030,2023-07-03,3746.26,3737.85,3767.46,3737.84,29.63374531,346.05113686
801030,2023-07-04,3744.83,3751.55,3751.61,3734.37,24.55089002,281.16642384
801030,2023-07-05,3739.08,3739.51,3754.26,3729.86,24.09284904,271.67421066
801030,2023-07-06,3723.57,3734.42,3735.35,3713.66,23.53622979,268.62302891
801030,2023-07-07,3704.78,3713.57,3723.97,3689.5,21.66163249,243.16739753
801030,2023-07-10,3745.59,3713.14,3755.3,3713.03,24.34510922,285.1000861
801030,2023-07-11,3775.79,3750.34,3775.79,3728.12,23.67383566,265.34420249
801030,2023-07-12,3785.67,3773.74,3814.05,3763.99,28.53730285,335.16842808
801030,2023-07-13,3811.82,3792.77,3815.61,3791.97,25.59530898,297.77589171
801030,2023-07-14,3811.01,3810.49,3816.73,3798.95,26.50105162,298.66404184
801030,2023-07-17,3793.58,3801.79,3801.81,3775.37,26.51941389,287.89837446
801030,2023-07-18,3826.94,3801.56,3834.98,3788.55,28.97368553,308.28572714
801030,2023-07-19,3816.97,3820.31,3837.06,3802.72,23.52332146,254.64740429
801030,2023-07-20,3821.18,3823.19,3866.66,3816.48,30.49773719,344.18713989
801030,2023-07-21,3820.29,3817.64,3852.99,3805.59,27.52997594,294.12724788
801030,2023-07-24,3778.52,3813.39,3813.39,3775.3,25.68333215,262.47642976
801030,2023-07-25,3834.48,3807.69,3848.76,3807.44,28.10540816,294.1631447
801030,2023-07-26,3856.59,3842.67,3871.97,3841.37,31.94258884,304.7056879
801030,2023-07-27,3820.54,3854.14,3859.43,3814.75,28.3519417,280.12757804
801030,2023-07-28,3849.05,3810.86,3851.57,3799.63,27.46959558,283.73565608
801030,2023-07-31,3871.88,3861.86,3899.69,3860.56,29.20769392,311.13748623
801030,2023-08-01,3859.94,3871.0,3873.56,3844.35,26.12428268,279.60257309
801030,2023-08-02,3840.02,3859.91,3865.02,3830.45,24.57860315,246.21845301
801030,2023-08-03,3836.42,3832.58,3837.29,3816.72,22.44876244,233.21478345
801030,2023-08-04,3821.47,3848.63,3863.38,3821.47,24.78628135,263.12100226
801030,2023-08-07,3794.73,3819.74,3819.74,3785.4,24.0422619,257.56918617
801030,2023-08-08,3813.37,3794.18,3817.43,3761.45,23.83722687,259.17020879
801030,2023-08-09,3798.94,3806.86,3806.86,3788.13,20.58597028,226.43130121
801030,2023-08-10,3811.29,3797.97,3818.81,3794.02,18.77639027,228.60541883
801030,2023-08-11,3746.77,3814.46,3814.46,3746.77,21.11383877,242.26440344
801030,2023-08-14,3738.76,3719.93,3738.76,3689.17,20.63082764,231.94075339
801030,2023-08-15,3717.59,3737.87,3739.22,3690.67,19.71130317,216.95657754
801030,2023-08-16,3685.04,3709.36,3719.41,3685.04,18.31338816,204.91757125
801030,2023-08-17,3699.47,3674.89,3703.58,3645.76,20.90210363,225.29383738
801030,2023-08-18,3657.57,3697.55,3710.1,3657.57,19.86071333,220.36368367
801030,2023-08-21,3622.46,3652.63,3682.32,3622.46,20.36253739,219.45759498
801030,2023-08-22,3616.71,3632.51,3642.14,3566.49,25.79499379,275.47736767
801030,2023-08-23,3561.73,3615.25,3615.25,3561.73,22.21013865,235.64706513
801030,2023-08-24,3583.43,3566.61,3604.28,3544.68,24.56287227,267.26333056
801030,2023-08-25,3558.05,3578.54,3612.49,3547.18,27.58821092,288.77755786
801030,2023-08-28,3587.6,3718.52,3718.52,3578.09,39.16261763,398.5086766
801030,2023-08-29,3648.99,3583.26,3658.3,3580.73,30.47350615,330.98395261
801030,2023-08-30,3651.49,3649.28,3675.31,3639.4,26.24727904,271.87672513
801030,2023-08-31,3634.37,3647.65,3651.77,3625.37,24.13951786,236.07724908
801030,2023-09-01,3666.21,3641.67,3674.27,3641.63,23.22556493,242.40554028
801030,2023-09-04,3745.11,3680.15,3745.11,3680.09,33.0477588,326.7192141
801030,2023-09-05,3732.07,3737.63,3740.11,3719.25,24.33324917,254.87328418
801030,2023-09-06,3749.69,3723.63,3753.77,3711.25,24.54739768,276.89682761
801030,2023-09-07,3693.16,3748.07,3748.1,3693.16,23.72690674,265.92129227
801030,2023-09-11,3713.03,3692.6,3727.09,3687.37,26.45211001,283.59361531
801030,2023-09-12,3719.95,3711.32,3726.69,3702.25,25.22438065,252.11599314
801030,2023-09-13,3694.43,3717.87,3734.77,3675.78,24.95789464,257.3886178
801030,2023-09-14,3678.82,3697.41,3697.41,3661.26,22.62200593,234.53808376
801030,2023-09-15,3663.1,3686.98,3689.05,3649.6,23.72923439,238.09915597
801030,2023-09-18,3673.23,3652.38,3687.48,3633.87,24.1976227,238.6568893
801030,2023-09-19,3648.77,3671.52,3671.52,3638.66,23.00990364,222.14187662
801030,2023-09-20,3624.63,3643.57,3644.62,3624.56,22.37172635,209.61267668
801030,2023-09-21,3594.3,3615.0,3630.16,3594.3,20.90959724,199.05619426
801030,2023-09-22,3636.1,3590.32,3636.1,3583.26,23.40232087,235.63405644
801030,2023-09-25,3614.71,3635.49,3635.54,3608.9,22.79575315,236.60784982
801030,2023-09-26,3577.03,3608.76,3608.84,3577.03,21.92614916,223.1666185
801030,2023-09-27,3587.45,3575.68,3614.68,3567.76,23.25419256,241.33414454
801030,2023-09-28,3599.13,3594.07,3605.55,3588.78,22.31354144,229.81909815
801030,2023-10-09,3580.89,3595.5,3595.65,3572.46,23.86445178,244.59740792
801030,2023-10-10,3568.36,3589.56,3607.58,3566.32,22.27548544,233.96629012
801030,2023-10-11,3563.64,3579.93,3589.14,3556.6,22.80105233,235.64265214
801030,2023-10-12,3601.32,3579.41,3601.95,3570.37,23.31226148,248.14801894
801030,2023-10-13,3567.37,3587.23,3587.45,3556.38,21.09017485,224.39592379
801030,2023-10-16,3536.52,3570.84,3570.84,3526.11,22.66815221,245.3590954
801030,2023-10-17,3543.74,3541.15,3546.57,3523.03,19.96500199,204.90449882
801030,2023-10-18,3479.29,3537.12,3537.3,3478.59,24.4575595,225.48207868
801030,2023-10-19,3440.32,3462.6,3494.71,3440.32,28.0243283,236.03334941
801030,2023-10-20,3429.52,3429.39,3460.76,3424.59,26.13369115,218.6706352
801030,2023-10-23,3342.74,3422.38,3422.59,3329.19,29.18078795,244.33861739
801030,2023-10-24,3406.69,3350.61,3409.66,3350.39,31.70184432,277.69709818
801030,2023-10-25,3451.67,3433.95,3471.73,3433.95,32.72994285,306.11960889
801030,2023-10-26,3445.68,3440.33,3447.9,3407.13,29.44174391,274.79618347
801030,2023-10-27,3525.48,3437.25,3536.29,3430.42,34.91311952,357.17821021
801030,2023-10-30,3568.23,3515.64,3577.26,3515.63,34.15870044,347.16585198
801030,2023-10-31,3563.96,3566.8,3574.95,3552.36,31.54381687,289.92875533
801030,2023-11-01,3550.53,3567.19,3567.37,3545.47,28.57413751,261.69616828
801030,2023-11-02,3516.16,3556.21,3556.86,3516.16,27.31962892,245.88295317
801030,2023-11-03,3544.86,3520.63,3559.72,3520.59,25.83857707,249.7805131
801030,2023-11-06,3584.26,3559.27,3584.66,3556.78,31.22206552,317.98505969
801030,2023-11-07,3589.91,3579.56,3596.49,3559.21,29.27798738,294.5470977
801030,2023-11-08,3556.05,3590.14,3590.14,3534.89,31.01799634,323.29388013
801030,2023-11-09,3566.46,3554.05,3582.45,3553.16,30.3003785,321.27610719
801030,2023-11-10,3557.02,3557.44,3563.18,3545.59,27.71091649,274.33747655
801030,2023-11-13,3573.07,3563.62,3573.07,3541.11,29.48683139,291.4407941
801030,2023-11-14,3565.57,3572.44,3588.44,3551.69,28.03580987,289.29232818
801030,2023-11-15,3605.06,3586.19,3607.09,3586.07,31.22675545,341.23111407
801030,2023-11-16,3569.96,3600.05,3600.11,3569.96,28.13210216,303.71616313
801030,2023-11-17,3584.43,3564.4,3584.45,3561.64,29.05888211,305.0203727
801030,2023-11-20,3607.91,3591.56,3608.37,3565.61,31.60485941,348.48975637
801030,2023-11-21,3600.75,3610.11,3627.95,3596.28,32.83836665,354.17242277
801030,2023-11-22,3559.87,3595.66,3602.38,3559.87,28.46821733,300.36246787
801030,2023-11-23,3587.21,3557.98,3590.88,3557.9,26.03528022,269.95395638
801030,2023-11-24,3555.9,3585.02,3585.23,3552.53,27.350957,275.20626561
801030,2023-11-27,3541.47,3551.42,3551.46,3516.15,26.63560967,275.38256472
801030,2023-11-28,3560.24,3538.92,3560.68,3524.27,26.07705926,259.72555223
801030,2023-11-29,3538.49,3560.08,3562.62,3533.45,22.98497528,242.87719131
801030,2023-11-30,3509.29,3538.0,3538.01,3489.97,24.0664602,246.12517715
801030,2023-12-01,3499.36,3509.93,3511.96,3482.59,22.37034139,234.72490546
801030,2023-12-04,3500.19,3501.64,3513.39,3497.66,23.73719502,240.1872762
801030,2023-12-05,3447.63,3498.44,3500.27,3447.63,23.53395152,234.71158376
801030,2023-12-06,3473.22,3443.3,3495.21,3442.17,26.212605,263.54609262
801030,2023-12-07,3441.74,3473.37,3473.53,3429.74,26.65215372,258.43592947
801030,2023-12-08,3418.07,3443.98,3447.64,3416.78,28.97808562,277.74168956
801030,2023-12-11,3448.85,3405.72,3453.31,3383.01,30.80435324,286.26898755
801030,2023-12-12,3455.42,3448.58,3455.42,3429.81,23.5267169,229.08752742
801030,2023-12-13,3413.51,3451.79,3451.9,3413.51,23.07964857,224.2400458
801030,2023-12-14,3410.95,3424.83,3442.76,3410.27,22.66563541,230.62403483
801030,2023-12-15,3399.35,3415.78,3433.32,3392.0,23.10372122,224.69210176
801030,2023-12-18,3348.08,3393.17,3393.33,3342.99,25.32443615,240.3457629
801030,2023-12-19,3357.14,3345.82,3358.25,3335.52,23.62557307,240.57006912
801030,2023-12-20,3337.81,3362.46,3381.57,3337.44,26.29443272,267.51366789
801030,2023-12-21,3355.22,3328.76,3364.62,3297.36,29.85500405,304.43592322
801030,2023-12-22,3363.14,3357.79,3381.55,3329.33,31.49224545,325.75029023
801030,2023-12-25,3355.99,3361.27,3361.27,3334.58,26.85508996,268.57281991
801030,2023-12-26,3347.43,3354.02,3375.73,3340.55,32.94953923,318.47658703
801030,2023-12-27,3348.48,3347.52,3352.11,3314.27,32.68939231,326.09899812
801030,2023-12-28,3432.02,3346.41,3438.53,3345.32,40.15753444,426.40586557
801030,2023-12-29,3456.27,3429.17,3459.49,3429.17,36.04666662,397.60612028
801030,2024-01-02,3455.32,3459.73,3469.86,3448.9,36.34622418,398.63916631
801030,2024-01-03,3463.52,3448.09,3473.58,3445.55,37.14350295,387.38297914
801030,2024-01-04,3438.22,3458.92,3465.59,3422.67,35.30124084,361.18351482
801030,2024-01-05,3390.54,3434.43,3452.6,3378.45,35.72404394,370.68678069
801030,2024-01-08,3327.92,3384.91,3388.66,3327.92,31.22058981,317.63745291
801030,2024-01-09,3322.95,3330.11,3358.19,3305.53,30.19601828,319.17570637
801030,2024-01-10,3312.38,3315.06,3348.68,3286.21,28.86633886,289.66939573
801030,2024-01-11,3339.45,3305.54,3351.76,3292.98,30.82064867,310.52296483
801030,2024-01-12,3333.51,3334.42,3378.83,3331.8,30.80107948,319.17603861
801030,2024-01-15,3309.31,3323.36,3336.21,3300.76,26.91917574,272.98369112
801030,2024-01-16,3299.95,3306.71,3318.89,3258.76,29.12716921,291.61607777
801030,2024-01-17,3214.84,3296.64,3296.67,3214.84,26.81683603,272.38971879
801030,2024-01-18,3204.19,3199.94,3204.23,3109.45,40.19365445,379.26841107
801030,2024-01-19,3183.25,3200.39,3228.21,3179.1,28.05009491,285.46874533
801030,2024-01-22,3023.24,3174.88,3174.96,3009.48,37.48634447,353.77631912
801030,2024-01-23,3046.63,3018.55,3058.06,2978.87,33.29212886,301.78725254
801030,2024-01-24,3073.37,3058.4,3077.85,2978.52,34.32906205,321.70493349
801030,2024-01-25,3167.12,3074.52,3167.12,3069.83,34.62125385,336.46686076
801030,2024-01-26,3155.0,3160.62,3191.98,3149.09,29.40235321,288.60812357
801030,2024-01-29,3086.3,3163.66,3166.56,3086.3,28.41832696,269.73088686
801030,2024-01-30,3000.77,3067.99,3078.35,2998.68,25.89407189,236.99110347
801030,2024-01-31,2898.95,2988.19,3004.49,2894.89,32.96872612,275.17202817
801030,2024-02-01,2871.09,2890.78,2920.56,2841.68,30.2688242,255.7253908
801030,2024-02-02,2771.8,2876.19,2891.99,2700.17,38.60260473,310.93934457
801030,2024-02-05,2655.01,2754.15,2754.61,2575.68,48.28518757,360.96661259
801030,2024-02-06,2780.97,2617.02,2814.61,2598.37,52.63579084,377.03201749
801030,2024-02-07,2850.22,2789.27,2874.07,2786.61,56.9245152,426.9975347
801030,2024-02-08,2959.88,2861.51,2981.17,2861.51,59.15232893,444.80914216
801030,2024-02-19,2990.64,2996.46,3011.16,2955.54,48.70994818,382.90988981
801030,2024-02-20,3009.95,2983.16,3014.83,2959.28,32.77690065,275.35484741
801030,2024-02-21,3041.71,2993.76,3106.39,2990.82,42.25636621,352.72537788
801030,2024-02-22,3076.65,3038.77,3076.65,3035.27,35.40892308,284.71154382
801030,2024-02-23,3110.93,3082.37,3112.02,3063.5,39.4404124,321.73869934
801030,2024-02-26,3120.49,3109.5,3160.17,3094.74,40.45094057,341.12641817
801030,2024-02-27,3180.45,3114.48,3180.45,3112.05,35.46755241,316.23979279
801030,2024-02-28,3074.34,3186.2,3239.39,3074.34,57.54141304,491.74795586
801030,2024-02-29,3166.76,3055.62,3166.76,3055.62,44.15176927,386.52165167
801030,2024-03-01,3185.24,3172.97,3189.9,3157.14,39.81684626,363.49571286
801030,2024-03-04,3163.3,3185.41,3193.65,3135.16,38.14143488,356.88540762
801030,2024-03-05,3133.88,3149.22,3151.09,3124.5,34.01846588,308.44878019
801030,2024-03-06,3145.13,3127.92,3167.36,3114.99,32.63811942,302.86909225
801030,2024-03-07,3140.37,3147.42,3187.33,3140.37,36.24143576,327.57119932
801030,2024-03-08,3159.4,3139.12,3164.63,3123.98,29.3718226,271.3222177
801030,2024-03-11,3206.12,3159.41,3206.12,3159.41,36.61544928,339.1585409
801030,2024-03-12,3224.53,3213.45,3224.68,3186.49,41.07799218,379.90841282
801030,2024-03-13,3213.06,3225.47,3228.87,3197.91,35.96346751,321.89376759
801030,2024-03-14,3192.13,3209.59,3230.09,3168.75,34.41653935,308.93354455
801030,2024-03-15,3246.24,3187.33,3246.24,3174.47,35.10374534,335.65423047
801030,2024-03-18,3284.51,3253.54,3284.51,3241.22,39.84641185,392.06836119
801030,2024-03-19,3272.78,3279.95,3297.8,3270.51,38.27256609,364.06615586
801030,2024-03-20,3284.74,3268.7,3287.99,3263.96,36.2331439,341.13795911
801030,2024-03-21,3272.96,3287.97,3289.69,3250.82,41.88879711,381.78589691
801030,2024-03-22,3230.61,3273.07,3274.61,3219.19,44.60037922,404.22417521
801030,2024-03-25,3187.33,3223.73,3251.18,3187.33,44.16969425,398.84661663
801030,2024-03-26,3216.74,3187.43,3220.82,3163.62,41.11053905,386.2252298
801030,2024-03-27,3150.09,3213.2,3215.68,3150.09,40.45907655,378.1064563
801030,2024-03-28,3187.58,3145.28,3218.07,3145.18,42.0309009,378.30465452
801030,2024-03-29,3240.86,3186.81,3241.22,3186.81,41.0808666,381.89692595
801030,2024-04-01,3321.47,3248.51,3321.47,3248.37,47.26973301,463.1078324
801030,2024-04-02,3367.08,3323.07,3370.56,3323.03,59.153652,548.09513916
801030,2024-04-03,3373.36,3363.18,3379.76,3340.75,54.89260386,541.16310898
801030,2024-04-08,3311.31,3362.06,3375.6,3311.16,51.00129361,516.47563847
801030,2024-04-09,3364.15,3302.62,3364.15,3302.49,46.36656695,468.14715792
801030,2024-04-10,3327.52,3359.84,3360.07,3305.35,45.84776487,453.16156987
801030,2024-04-11,3330.08,3306.02,3360.5,3297.35,41.60121252,406.75424144
801030,2024-04-12,3309.24,3324.66,3342.01,3299.33,40.78762102,401.05421631
801030,2024-04-15,3268.87,3300.92,3318.76,3223.92,54.95110015,516.55171081
801030,2024-04-16,3129.84,3244.55,3249.82,3129.77,54.24081051,467.15876915
801030,2024-04-17,3241.57,3147.51,3241.74,3147.24,48.95214125,428.90231572
801030,2024-04-18,3243.2,3237.69,3278.39,3224.24,47.99444965,444.10006265
801030,2024-04-19,3279.8,3234.18,3293.28,3233.56,50.48473015,490.94106731
801030,2024-04-22,3238.46,3266.5,3286.02,3235.31,48.63911467,467.60584763
801030,2024-04-23,3200.16,3225.76,3233.76,3194.07,42.21455568,400.85789795
801030,2024-04-24,3224.2,3204.42,3224.2,3188.09,43.5178895,385.93103517
801030,2024-04-25,3261.3,3219.27,3283.68,3219.16,50.97132683,459.36187585
801030,2024-04-26,3306.14,3250.93,3310.99,3250.93,56.5219898,522.96137454
801030,2024-04-29,3400.08,3297.78,3402.6,3297.78,60.29901075,583.45947279
801030,2024-04-30,3387.0,3392.1,3415.26,3380.68,57.31330317,537.70755908
801030,2024-05-06,3515.16,3422.91,3515.16,3419.91,67.39491684,710.23016742
801030,2024-05-07,3571.77,3522.56,3571.77,3521.65,71.01028787,738.39870326
801030,2024-05-08,3533.99,3565.27,3574.99,3526.85,62.80976291,657.17647915
801030,2024-05-09,3555.68,3529.8,3574.08,3529.8,58.29308431,629.09877541
801030,2024-05-10,3523.04,3557.41,3559.37,3505.63,58.34264457,624.12059218
801030,2024-05-13,3480.1,3495.25,3499.7,3462.46,51.44690228,531.38479803
801030,2024-05-14,3466.01,3477.91,3496.15,3464.07,49.19280307,525.8613793
801030,2024-05-15,3456.62,3457.61,3479.25,3439.17,47.80665304,489.70604474
801030,2024-05-16,3450.21,3459.09,3481.65,3441.05,54.94593828,540.2836845
801030,2024-05-17,3503.65,3444.64,3503.65,3444.64,58.97346998,564.42615905
801030,2024-05-20,3522.29,3509.53,3542.11,3495.29,61.8254725,624.80940029
801030,2024-05-21,3467.97,3515.54,3515.58,3455.37,51.31626376,532.60820426
801030,2024-05-22,3466.09,3462.64,3484.08,3454.53,43.60382599,472.88059962
801030,2024-05-23,3387.32,3447.19,3447.25,3379.59,50.47092772,518.27536144
801030,2024-05-24,3370.8,3385.07,3399.52,3370.56,43.25524529,445.32217798
801030,2024-05-27,3402.62,3367.9,3403.14,3349.41,46.22739089,450.82467512
801030,2024-05-28,3360.15,3395.05,3404.23,3359.56,42.58785522,445.5785596
801030,2024-05-29,3374.07,3350.19,3387.79,3350.19,38.55043645,408.39563572
801030,2024-05-30,3361.64,3367.41,3418.81,3356.61,45.08206786,477.11542276
801030,2024-05-31,3337.67,3360.36,3366.21,3336.19,39.9616233,414.97965322
801030,2024-06-03,3283.5,3325.73,3325.76,3260.43,44.81189718,423.95268622
801030,2024-06-04,3294.27,3270.76,3299.17,3242.6,36.45245411,363.06328842
801030,2024-06-05,3243.74,3287.75,3288.07,3243.49,34.06850931,314.31387528
801030,2024-06-06,3188.51,3240.09,3261.17,3175.76,44.09261408,393.45814381
801030,2024-06-07,3211.31,3206.4,3232.43,3184.84,36.24775847,330.96192415
801030,2024-06-11,3220.97,3201.66,3220.97,3179.11,32.26464054,309.94089642
801030,2024-06-12,3234.66,3219.94,3242.44,3216.96,33.07535935,336.84317025
801030,2024-06-13,3190.05,3237.02,3238.53,3185.81,38.00697385,380.92015663
801030,2024-06-14,3176.17,3181.07,3183.16,3144.09,37.68644843,362.31904887
801030,2024-06-17,3159.39,3161.55,3174.73,3150.46,30.99431151,306.8606905
801030,2024-06-18,3192.92,3161.34,3192.92,3161.34,33.64073815,341.51755359
801030,2024-06-19,3164.14,3193.29,3193.29,3159.78,34.43556543,346.89259084
801030,2024-06-20,3111.82,3160.31,3160.31,3109.93,35.07454769,335.58904676
801030,2024-06-21,3109.2,3104.86,3136.51,3095.36,30.72203047,280.66845851
801030,2024-06-24,3042.19,3093.02,3099.86,3024.2,34.48501171,318.98938346
801030,2024-06-25,3070.18,3046.13,3093.26,3046.13,31.09207605,301.21254019
801030,2024-06-26,3113.77,3060.6,3113.77,3036.45,30.95947029,282.3025395
801030,2024-06-27,3036.11,3102.5,3103.65,3035.53,28.47991625,276.55846474
801030,2024-06-28,3035.18,3030.76,3076.14,3029.62,27.27857064,268.09448889
801030,2024-07-01,3094.29,3032.76,3099.68,3030.79,29.82902141,284.61491809
801030,2024-07-02,3053.59,3089.8,3089.86,3045.94,28.20669702,277.7972721
801030,2024-07-03,3036.32,3049.64,3059.88,3033.3,24.0717754,227.68207259
801030,2024-07-04,2988.76,3038.99,3044.13,2982.03,27.25974229,250.61985492
801030,2024-07-05,3009.0,2984.13,3014.19,2968.54,23.51186028,222.64038263
801030,2024-07-08,2942.37,3003.31,3003.54,2935.42,27.05363506,249.77709199
801030,2024-07-09,2979.11,2940.64,2985.1,2902.1,33.92543108,310.45233549
801030,2024-07-10,2955.63,2967.57,2990.16,2951.59,31.4356549,297.92414292
801030,2024-07-11,3043.11,2990.46,3047.53,2984.03,35.24247426,326.93204801
801030,2024-07-12,3040.99,3046.91,3051.13,3032.6,30.51174992,287.3033109
801030,2024-07-15,3007.76,3036.88,3036.89,3001.89,25.73615696,240.48168082
801030,2024-07-16,2982.4,3001.22,3003.05,2971.53,24.34619286,239.86629928
801030,2024-07-17,2955.22,2983.64,2983.82,2944.68,24.60336051,232.92102266
801030,2024-07-18,2960.14,2943.81,2963.68,2909.8,25.48305659,242.56201439
801030,2024-07-19,2964.9,2952.5,2982.3,2936.18,25.18662036,239.01461457
801030,2024-07-22,2940.33,2965.09,2965.09,2925.69,26.12982835,250.83707813
801030,2024-07-23,2853.34,2938.92,2939.13,2853.34,28.22877073,259.33894523
801030,2024-07-24,2814.19,2849.7,2858.3,2806.41,27.15600516,233.93722788
801030,2024-07-25,2819.4,2802.23,2843.68,2798.52,23.15425941,204.08284172
801030,2024-07-26,2861.48,2822.39,2872.14,2822.33,22.36042049,194.27700467
801030,2024-07-29,2840.23,2866.24,2866.26,2836.13,21.38528527,187.42839818
801030,2024-07-30,2830.51,2836.11,2845.44,2809.51,24.23929047,214.19360246
801030,2024-07-31,2936.74,2833.2,2936.82,2820.96,36.31165688,321.82334443
801030,2024-08-01,2902.38,2940.01,2963.23,2892.88,29.86772487,273.90843645
801030,2024-08-02,2878.34,2885.42,2911.29,2875.51,27.88784206,262.27745828
801030,2024-08-05,2815.46,2862.31,2903.72,2815.46,30.69529485,279.50104251
801030,2024-08-06,2849.31,2839.67,2865.68,2824.02,25.80206801,237.74902037
801030,2024-08-07,2857.25,2845.22,2872.46,2826.24,23.30820539,223.04774522
801030,2024-08-08,2880.11,2849.49,2898.39,2844.22,27.2273946,246.31512831
801030,2024-08-09,2849.5,2885.9,2902.47,2849.5,26.03772637,236.91875689
801030,2024-08-12,2836.56,2846.58,2852.16,2828.57,22.21326989,191.30581604
801030,2024-08-13,2844.61,2834.06,2844.61,2808.62,23.08933622,211.04683777
801030,2024-08-14,2792.88,2846.79,2846.92,2792.61,23.52486544,222.72992309
801030,2024-08-15,2803.2,2785.94,2831.48,2776.39,26.8646195,246.26554953
801030,2024-08-16,2783.82,2806.28,2809.75,2780.1,24.40230402,219.21867548
801030,2024-08-19,2784.93,2779.8,2810.95,2779.8,23.95125932,211.28554485
801030,2024-08-20,2747.0,2786.32,2791.19,2739.47,29.07374376,242.09960104
801030,2024-08-21,2744.26,2738.17,2756.75,2731.52,23.85462681,194.20993311
801030,2024-08-22,2713.95,2746.24,2746.26,2712.19,24.93779777,205.13145333
801030,2024-08-23,2716.05,2710.11,2742.48,2705.66,24.66939703,209.45942187
801030,2024-08-26,2742.18,2719.08,2748.78,2716.34,25.53659263,218.18823746
801030,2024-08-27,2725.96,2737.3,2743.69,2719.81,24.23889548,209.4388163
801030,2024-08-28,2741.04,2721.03,2758.34,2721.01,24.8315194,211.8325272
801030,2024-08-29,2774.31,2736.02,2780.51,2724.8,28.08242277,247.86123473
801030,2024-08-30,2818.26,2775.34,2854.21,2755.53,40.24587049,355.03044408
801030,2024-09-02,2784.88,2816.68,2823.27,2784.78,33.53011023,297.32940094
801030,2024-09-03,2819.88,2783.51,2831.18,2780.62,31.26537405,262.37073821
801030,2024-09-04,2800.43,2806.11,2824.91,2793.47,31.29720743,270.5398253
801030,2024-09-05,2789.36,2797.58,2818.52,2777.12,28.20924843,240.91915115
801030,2024-09-06,2744.46,2788.87,2788.9,2744.04,29.25533336,256.23126498
801030,2024-09-09,2729.8,2743.14,2750.98,2720.23,27.00663991,241.20664714
801030,2024-09-10,2720.62,2732.21,2732.21,2684.0,28.45057788,237.40246721
801030,2024-09-11,2729.16,2712.34,2740.44,2704.01,26.63716297,224.27471772
801030,2024-09-12,2716.98,2726.22,2755.99,2716.98,27.01252568,211.45129359
801030,2024-09-13,2687.54,2718.53,2718.66,2687.54,27.34174341,201.96666492
801030,2024-09-18,2690.54,2689.77,2696.56,2656.81,28.65069069,205.98037632
801030,2024-09-19,2743.91,2703.7,2768.66,2683.64,32.33655578,250.71849503
801030,2024-09-20,2722.69,2742.11,2742.12,2706.41,27.32592714,211.96435383
801030,2024-09-23,2721.92,2720.55,2743.4,2709.05,23.66541614,183.16337606
801030,2024-09-24,2847.7,2742.36,2847.7,2741.0,46.01708542,372.57277244
801030,2024-09-25,2861.46,2879.91,2928.15,2858.49,54.38939444,441.63135643
801030,2024-09-26,2968.03,2860.02,2968.03,2857.56,51.62871996,410.64392218
801030,2024-09-27,3112.72,3015.45,3134.09,3015.44,64.14647324,547.33238803
801030,2024-09-30,3397.01,3243.59,3419.8,3196.6,111.42321823,1065.51528374
801030,2024-10-08,3562.25,3776.61,3776.61,3418.86,131.31830992,1384.25609535
801030,2024-10-09,3278.41,3485.19,3486.25,3272.47,96.57871596,992.26650899
801030,2024-10-10,3288.13,3299.93,3370.69,3244.39,70.00538866,699.03228654
801030,2024-10-11,3179.48,3284.57,3284.67,3145.85,55.96438912,534.56880139
801030,2024-10-14,3237.67,3195.39,3246.1,3148.17,53.1493965,536.37694245
801030,2024-10-15,3176.88,3229.34,3257.87,3176.88,56.66433434,580.47340634
801030,2024-10-16,3179.06,3146.2,3218.19,3146.2,51.59595908,525.30585958
801030,2024-10-17,3126.62,3193.57,3201.08,3125.74,53.11350044,517.16302424
801030,2024-10-18,3210.53,3121.74,3262.7,3116.65,67.24458094,677.80757036
801030,2024-10-21,3237.44,3229.68,3267.09,3193.75,68.74969213,711.74860124
801030,2024-10-22,3275.86,3238.49,3279.2,3228.61,64.34677765,624.14861498
801030,2024-10-23,3309.68,3274.61,3324.82,3260.82,67.82580964,667.15714255
801030,2024-10-24,3281.91,3303.19,3306.51,3268.31,63.17998372,608.60290665
801030,2024-10-25,3363.06,3281.22,3373.48,3281.14,79.54173182,780.20729816
801030,2024-10-28,3415.71,3369.6,3415.71,3351.39,82.75439446,811.92111261
801030,2024-10-29,3338.98,3423.97,3423.97,3334.29,82.86266657,797.61334724
801030,2024-10-30,3340.61,3329.08,3364.35,3314.67,66.54184833,648.04439993
801030,2024-10-31,3362.31,3344.26,3372.49,3326.88,76.69552156,734.27789654
801030,2024-11-01,3331.4,3358.37,3395.27,3320.56,81.76787493,838.10434579
801030,2024-11-04,3383.64,3339.09,3383.64,3329.83,59.80354425,633.3403634
801030,2024-11-05,3460.48,3386.09,3462.6,3385.06,80.46767347,878.1282862
801030,2024-11-06,3467.19,3459.31,3505.55,3449.61,87.23128817,918.7215511
801030,2024-11-07,3524.12,3446.14,3524.12,3446.14,86.37986551,830.06304875
801030,2024-11-08,3516.55,3550.02,3564.87,3501.3,86.27081652,916.2282885
801030,2024-11-11,3559.99,3503.0,3560.11,3495.61,76.40021309,827.94683213
801030,2024-11-12,3542.4,3577.4,3618.72,3513.86,85.57031808,931.99463
801030,2024-11-13,3540.31,3530.34,3559.69,3485.18,73.51735852,731.58849754
801030,2024-11-14,3451.38,3534.9,3542.44,3447.72,66.99668036,684.72424946
801030,2024-11-15,3391.12,3437.66,3463.77,3391.12,62.10944461,629.22192034
801030,2024-11-18,3341.35,3409.01,3426.68,3326.93,66.01069528,636.52989288
801030,2024-11-19,3416.56,3347.63,3416.56,3327.92,57.38895175,555.66499619
801030,2024-11-20,3489.81,3412.89,3494.16,3410.16,73.83223606,743.02745698
801030,2024-11-21,3502.87,3491.92,3513.16,3474.78,77.57729325,783.17402817
801030,2024-11-22,3369.75,3491.93,3497.12,3369.69,83.40147615,822.83114726
801030,2024-11-25,3389.92,3370.46,3408.57,3345.09,66.30074498,645.71098442
801030,2024-11-26,3355.25,3382.85,3390.49,3351.41,59.3483794,582.40773812
801030,2024-11-27,3394.84,3338.99,3394.84,3286.89,62.44865859,613.83362335
801030,2024-11-28,3377.5,3391.73,3410.15,3373.57,66.0424137,652.67805814
801030,2024-11-29,3420.03,3375.47,3438.48,3357.36,65.33033733,653.78777299
801030,2024-12-02,3483.66,3421.39,3486.33,3418.2,75.77083788,727.14454827
801030,2024-12-03,3486.23,3488.74,3499.89,3460.97,73.15113517,758.62715991
801030,2024-12-04,3432.56,3477.42,3477.43,3420.39,67.2321991,696.69332608
801030,2024-12-05,3449.78,3423.69,3454.46,3418.6,59.64813727,609.07078654
801030,2024-12-06,3486.24,3449.26,3490.96,3429.32,76.17060961,671.77529099
801030,2024-12-09,3491.95,3486.65,3519.92,3470.41,77.80862324,700.26547414
801030,2024-12-10,3511.42,3578.03,3578.03,3505.97,86.1431384,850.86825205
801030,2024-12-11,3534.29,3504.23,3537.61,3504.21,73.17845473,686.18047238
801030,2024-12-12,3564.08,3535.57,3565.49,3515.69,73.86733635,699.96674566
801030,2024-12-13,3483.06,3550.19,3550.19,3482.39,73.86146057,727.30876677
801030,2024-12-16,3459.37,3480.61,3488.72,3446.49,60.6457774,588.42985317
801030,2024-12-17,3408.38,3456.72,3464.46,3403.66,64.9155434,625.0769913
801030,2024-12-18,3412.17,3416.19,3434.17,3405.28,51.95762468,521.42185796
801030,2024-12-19,3401.35,3384.57,3407.72,3361.46,52.78299273,523.79955335
801030,2024-12-20,3404.05,3393.66,3424.12,3386.75,52.26763696,517.53781857
801030,2024-12-23,3338.45,3401.12,3405.72,3336.45,60.05216869,593.95908868
801030,2024-12-24,3377.8,3343.24,3378.07,3338.5,49.26433785,505.17479875
801030,2024-12-25,3323.51,3376.84,3376.94,3302.71,49.43134012,492.07384006
801030,2024-12-26,3340.01,3322.22,3348.66,3322.21,41.08483099,447.86907357
801030,2024-12-27,3360.21,3340.92,3383.31,3336.4,48.09965859,503.39124579
801030,2024-12-30,3347.0,3357.74,3363.12,3337.77,43.19312892,452.68768973
801030,2024-12-31,3280.48,3351.35,3351.36,3277.79,46.39817675,481.91808821
801030,2025-01-02,3212.5,3280.28,3298.09,3190.69,51.18626388,505.15474291
801030,2025-01-03,3148.79,3218.8,3242.12,3144.08,51.32412355,487.14754986
801030,2025-01-06,3165.08,3144.28,3190.73,3122.14,44.46517499,425.13608254
801030,2025-01-07,3192.04,3167.09,3192.16,3137.65,41.46190811,403.66640959
801030,2025-01-08,3155.69,3181.58,3181.64,3091.58,46.77952449,464.14069925
801030,2025-01-09,3163.76,3143.39,3186.72,3142.09,38.71658849,398.68077869
801030,2025-01-10,3109.91,3163.68,3186.07,3109.91,41.9992595,437.42577893
801030,2025-01-13,3126.6,3085.89,3140.65,3083.53,38.69789423,386.05321581
801030,2025-01-14,3224.21,3131.94,3224.74,3131.82,49.2802483,501.55134666
801030,2025-01-15,3202.92,3222.78,3224.05,3196.48,41.89170248,423.59821678
801030,2025-01-16,3220.27,3216.74,3257.0,3195.01,47.05075771,472.95097543
801030,2025-01-17,3262.45,3214.97,3274.11,3214.97,48.73805767,495.90149475
801030,2025-01-20,3273.62,3282.22,3287.01,3263.67,48.6784118,511.33001612
801030,2025-01-21,3261.63,3286.58,3286.58,3240.36,43.82355252,464.99541783
801030,2025-01-22,3244.26,3248.62,3253.39,3231.2,39.73564897,423.39991272
801030,2025-01-23,3231.16,3270.41,3287.27,3231.16,46.5006118,483.79726502
801030,2025-01-24,3253.56,3224.88,3256.26,3222.01,39.84342178,414.73932746
801030,2025-01-27,3261.94,3265.11,3300.17,3260.5,40.04883008,401.57808385
801030,2025-02-05,3245.54,3277.39,3277.39,3231.93,39.44531673,394.9936401
801030,2025-02-06,3277.55,3242.67,3277.55,3232.0,44.08026123,457.28782079
801030,2025-02-07,3314.11,3278.69,3332.84,3269.47,56.70853422,624.40193955
801030,2025-02-10,3341.03,3323.78,3341.41,3307.28,50.83391572,527.50320405
801030,2025-02-11,3353.08,3343.47,3356.81,3316.65,49.54623174,523.67094614
801030,2025-02-12,3386.82,3348.97,3386.82,3348.97,52.74985518,603.64287359
801030,2025-02-13,3370.01,3385.57,3405.27,3370.01,54.56424555,602.2632064
801030,2025-02-14,3362.32,3370.23,3377.13,3349.88,51.61536239,596.51977775
801030,2025-02-17,3373.04,3366.47,3373.56,3343.37,56.4117876,624.57930985
801030,2025-02-18,3330.6,3369.01,3388.29,3320.5,54.2110021,628.93400019
801030,2025-02-19,3368.48,3334.1,3368.64,3333.91,51.85198052,627.23848146
801030,2025-02-20,3403.53,3370.47,3406.98,3363.87,57.26570046,672.28568294
801030,2025-02-21,3402.32,3411.0,3411.1,3376.68,66.86339863,840.56400166
801030,2025-02-24,3416.11,3401.89,3430.21,3396.42,68.11380508,755.87834999
801030,2025-02-25,3382.15,3385.19,3404.74,3374.3,64.07888462,732.01859486
801030,2025-02-26,3422.57,3392.33,3429.39,3392.26,64.88544213,751.93159534
801030,2025-02-27,3423.51,3423.46,3426.77,3380.53,61.6225366,708.68180884
801030,2025-02-28,3370.21,3415.95,3427.58,3364.77,61.05383129,684.60392218
801030,2025-03-03,3412.24,3384.52,3449.78,3384.5,66.00841914,742.63198486
801030,2025-03-04,3415.85,3394.1,3416.52,3387.55,51.73911597,585.89712383
801030,2025-03-05,3409.55,3412.78,3412.78,3378.06,51.89812456,585.55651999
801030,2025-03-06,3437.27,3418.43,3442.39,3405.37,56.75200995,668.46738445
801030,2025-03-07,3446.62,3430.1,3467.72,3427.59,58.72894103,672.14755948
801030,2025-03-10,3462.71,3449.53,3463.68,3439.33,53.70482891,618.37108061
801030,2025-03-11,3490.41,3430.68,3490.41,3427.04,52.4840867,607.40836899
801030,2025-03-12,3485.76,3498.54,3503.84,3483.18,58.98591629,702.27183319
801030,2025-03-13,3462.45,3481.62,3489.46,3434.37,56.61503777,632.70617085
801030,2025-03-14,3501.08,3459.36,3501.08,3446.64,56.86564484,630.98953408
801030,2025-03-17,3513.44,3508.3,3518.59,3503.2,51.72960498,557.13368226
801030,2025-03-18,3522.98,3516.43,3523.96,3509.44,49.82703081,572.29414166
801030,2025-03-19,3511.76,3516.73,3522.75,3499.06,47.85575499,531.35240807
801030,2025-03-20,3495.6,3508.35,3516.41,3492.14,50.58047687,530.66346052
801030,2025-03-21,3454.53,3485.35,3505.42,3444.27,55.73853593,573.57684249
801030,2025-03-24,3456.05,3452.92,3460.72,3408.39,63.88239498,668.31517643
801030,2025-03-25,3498.94,3450.66,3509.6,3440.33,71.58320838,751.45534415
801030,2025-03-26,3515.54,3493.19,3538.02,3493.19,76.57471224,770.68251991
801030,2025-03-27,3541.88,3503.04,3561.91,3503.04,86.92994315,897.22755949
801030,2025-03-28,3454.06,3526.29,3526.29,3451.79,85.0853198,840.30494843
801030,2025-03-31,3409.61,3436.03,3437.77,3379.2,60.9595045,627.4629414
801030,2025-04-01,3442.95,3414.32,3453.77,3414.24,59.57057748,608.12446411
801030,2025-04-02,3444.79,3441.2,3461.46,3430.98,53.18421422,552.28139954
801030,2025-04-03,3412.84,3410.54,3439.35,3384.39,59.57960122,613.43600121
801030,2025-04-07,3081.91,3220.45,3238.02,3050.83,79.63595616,789.53137029
801030,2025-04-08,3123.05,3075.41,3135.04,3055.54,84.14087447,831.90583375
801030,2025-04-09,3152.89,3075.99,3163.76,2977.8,87.39637267,842.71974806
801030,2025-04-10,3215.83,3192.29,3249.5,3192.23,77.6129218,803.83139688
801030,2025-04-11,3237.45,3197.99,3260.82,3197.78,62.63082173,662.41106809
801030,2025-04-14,3276.1,3269.01,3288.38,3262.44,60.67162385,661.60033558
801030,2025-04-15,3274.34,3275.8,3284.1,3251.49,59.55608637,666.4519377
801030,2025-04-16,3233.48,3261.3,3261.41,3197.64,60.19151026,658.79693159
801030,2025-04-17,3250.76,3216.79,3267.92,3215.74,55.14372072,605.00909486
801030,2025-04-18,3247.48,3246.63,3259.09,3229.86,55.39231114,588.05685526
801030,2025-04-21,3296.46,3243.77,3296.68,3239.12,60.19999752,645.45611274
801030,2025-04-22,3311.81,3293.73,3325.11,3286.98,67.43332896,714.70534075
801030,2025-04-23,3334.12,3321.16,3341.86,3316.56,67.17514228,712.37546855
801030,2025-04-24,3327.44,3330.04,3344.83,3308.75,68.40001852,735.36613869
801030,2025-04-25,3335.36,3334.39,3351.92,3324.99,67.63655361,754.27252335
801030,2025-04-28,3299.57,3321.19,3321.49,3286.27,63.28654421,672.12241256
801030,2025-04-29,3328.22,3293.79,3336.38,3293.79,60.45027604,686.21892821
801030,2025-04-30,3318.52,3328.8,3338.24,3318.19,62.58414222,686.0907683
801030,2025-05-06,3390.73,3338.15,3390.73,3336.74,67.98782329,769.94393079
801030,2025-05-07,3429.84,3420.53,3429.84,3397.61,78.10856897,881.46198486
801030,2025-05-08,3422.67,3412.89,3428.14,3398.98,69.58949485,774.9577778
801030,2025-05-09,3387.35,3418.94,3418.94,3378.94,59.66697946,649.86268879
801030,2025-05-12,3426.84,3408.86,3426.84,3404.58,58.680924,678.61173258
801030,2025-05-13,3436.53,3449.38,3449.38,3418.48,66.44406622,745.59459837
801030,2025-05-14,3457.36,3430.77,3466.64,3426.01,71.97659744,786.59681306
801030,2025-05-15,3428.23,3452.26,3465.01,3428.23,70.61146058,751.1351048
801030,2025-05-16,3448.92,3418.55,3455.13,3418.55,72.1330733,780.05953015
801030,2025-05-19,3462.34,3446.91,3462.96,3420.02,71.44651038,779.01845051
801030,2025-05-20,3467.14,3461.32,3472.34,3446.97,71.50081194,781.5700292
801030,2025-05-21,3463.72,3457.21,3473.45,3454.42,69.91893755,778.61638008
801030,2025-05-22,3404.78,3445.19,3455.54,3403.83,60.96359564,671.66821244
801030,2025-05-23,3406.53,3404.45,3450.27,3404.45,64.04707056,711.06249783
801030,2025-05-26,3413.83,3405.34,3425.03,3390.82,57.02772693,646.71139182
801030,2025-05-27,3431.43,3410.99,3434.63,3390.47,70.93564345,758.37070647
801030,2025-05-28,3404.24,3435.43,3438.01,3401.21,74.25845092,801.76615877
801030,2025-05-29,3429.57,3393.38,3433.19,3385.61,69.11012128,735.25997887
801030,2025-05-30,3383.91,3418.65,3418.66,3383.19,60.87016599,655.45360498
801030,2025-06-03,3406.79,3372.57,3408.4,3372.53,55.3613786,604.28640108
801030,2025-06-04,3438.39,3409.53,3438.39,3409.53,59.71185846,661.6118144
801030,2025-06-05,3446.47,3436.76,3449.34,3421.96,62.22508668,710.55222223
801030,2025-06-06,3472.09,3442.95,3487.98,3442.94,66.27115132,779.61570389
801030,2025-06-09,3509.63,3474.38,3509.63,3474.38,67.45177069,764.39489291
801030,2025-06-10,3484.57,3511.67,3516.18,3455.63,77.33781625,874.28125792
801030,2025-06-11,3492.47,3485.15,3499.95,3483.49,64.50746933,735.06359562
801030,2025-06-12,3495.54,3485.1,3498.41,3475.85,62.22288491,710.29118482
801030,2025-06-13,3471.86,3489.73,3502.05,3465.53,74.89185737,820.74930267
801030,2025-06-16,3483.82,3469.51,3500.17,3469.51,64.16514829,725.24391602
801030,2025-06-17,3475.63,3482.48,3498.98,3466.07,67.61944817,736.87385842
801030,2025-06-18,3449.78,3474.13,3474.13,3442.72,64.73901003,689.2584655
801030,2025-06-19,3403.45,3441.26,3449.89,3395.7,66.34287035,701.04022885
801030,2025-06-20,3385.44,3400.76,3421.45,3385.44,55.83431167,619.84928884
801030,2025-06-23,3416.36,3372.02,3418.07,3372.02,60.9120315,657.65736754
801030,2025-06-24,3469.14,3414.88,3469.14,3412.87,70.99166971,789.22885236
801030,2025-06-25,3482.36,3474.55,3483.11,3454.35,74.76210152,842.99637771
801030,2025-06-26,3472.28,3483.04,3504.84,3472.01,75.08934474,837.35089896
801030,2025-06-27,3490.59,3480.66,3506.75,3480.62,72.43012003,769.08236177
801030,2025-06-30,3522.64,3497.21,3522.85,3492.06,68.79532461,734.89869952
801030,2025-07-01,3546.5,3523.26,3546.5,3508.61,77.87932387,825.14639304
801030,2025-07-02,3554.28,3543.8,3555.38,3535.82,79.04315167,871.1372302
801030,2025-07-03,3561.94,3550.08,3565.17,3534.61,71.04180082,773.74461401
801030,2025-07-04,3518.55,3560.11,3560.11,3516.83,72.25853343,741.31593696
801030,2025-07-07,3539.27,3518.62,3539.83,3518.25,62.23651414,660.46154755
801030,2025-07-08,3587.1,3540.33,3590.09,3540.31,71.94575847,804.3313304
801030,2025-07-09,3556.45,3591.71,3592.76,3549.96,70.99647066,779.07879326
801030,2025-07-10,3578.38,3556.77,3583.92,3556.77,70.05013011,791.77583929
801030,2025-07-11,3572.47,3578.1,3586.69,3560.6,68.81830771,747.73664257
801030,2025-07-14,3593.74,3576.37,3598.89,3576.34,63.10679451,714.76705661
801030,2025-07-15,3557.89,3585.74,3594.77,3543.24,72.07976686,791.79069164
801030,2025-07-16,3556.8,3558.15,3565.65,3544.65,55.48801704,616.89743999
801030,2025-07-17,3587.13,3557.53,3587.13,3557.53,54.03588683,643.59344002
801030,2025-07-18,3635.87,3596.5,3635.87,3596.5,66.60308781,843.1217622
801030,2025-07-21,3716.38,3664.36,3716.38,3664.36,85.86290607,993.77029654
801030,2025-07-22,3772.45,3732.71,3772.45,3717.32,88.71211069,1087.30879961
801030,2025-07-23,3741.8,3784.09,3788.88,3738.24,90.04567773,1088.12882067
801030,2025-07-24,3775.47,3733.84,3775.47,3733.62,82.13386223,1004.37851988
801030,2025-07-25,3782.32,3780.35,3805.08,3779.76,81.88790417,1018.93814805
801030,2025-07-28,3791.63,3773.23,3795.95,3756.2,70.90936617,925.30759061
801030,2025-07-29,3793.35,3786.69,3793.35,3746.68,71.80753467,929.86918469
801030,2025-07-30,3806.19,3795.24,3838.56,3782.05,76.63343106,1013.5022757
801030,2025-07-31,3729.35,3789.9,3790.09,3717.9,69.97361099,881.52696637
801030,2025-08-01,3727.14,3724.27,3753.53,3719.34,56.47612285,739.88606491
801030,2025-08-04,3749.36,3710.54,3749.59,3706.45,52.96774348,697.1893712
801030,2025-08-05,3782.04,3757.97,3782.04,3757.97,58.00842009,800.76271383
801030,2025-08-06,3810.86,3779.6,3810.92,3777.55,64.27134572,878.44045324
801030,2025-08-07,3805.2,3812.68,3817.48,3786.1,63.4219977,885.68369153
801030,2025-08-08,3814.15,3802.75,3821.93,3790.6,61.03323171,819.76323902
801030,2025-08-11,3865.88,3834.08,3869.77,3821.63,70.08999967,959.77572513
801030,2025-08-12,3865.44,3864.52,3867.16,3841.36,65.54660838,939.22264316
801030,2025-08-13,3886.61,3868.95,3892.28,3865.54,72.21450808,1001.14004047
801030,2025-08-14,3827.97,3890.5,3890.5,3824.12,79.80418529,1055.11923168
801030,2025-08-15,3908.04,3819.91,3908.04,3819.91,72.29001135,1012.9576301
801030,2025-08-18,3942.71,3934.73,3960.78,3923.36,90.63576298,1286.98772925
801030,2025-08-19,3928.16,3939.98,3949.73,3908.54,76.04136344,1092.17516678
801030,2025-08-20,3970.42,3918.16,3970.42,3912.3,79.50449687,1051.96604238
801030,2025-08-21,3999.59,3976.68,4018.49,3976.68,92.90837994,1218.84393177
801030,2025-08-22,4019.63,4000.22,4019.95,3982.73,78.70204076,1065.22476333
801030,2025-08-25,4062.51,4036.64,4074.72,4019.16,88.8175538,1236.15987369
801030,2025-08-26,4113.57,4056.86,4131.32,4056.85,87.12357391,1189.98383679
801030,2025-08-27,4014.99,4112.33,4118.67,4014.99,95.79840823,1268.35208373
801030,2025-08-28,4036.74,4012.13,4044.84,3929.73,88.7591661,1192.47705715
801030,2025-08-29,4064.3,4041.49,4090.77,4035.03,77.10852034,1096.8236344
801030,2025-09-01,4090.04,4075.15,4098.97,4061.74,80.32651541,1100.987769
801030,2025-09-02,4006.08,4089.11,4089.11,3979.59,84.68198111,1146.83408778
801030,2025-09-03,3946.89,4018.39,4018.39,3931.5,70.19100247,911.12042023
801030,2025-09-04,3900.05,3940.94,3963.95,3846.89,75.34734956,1007.69426639
801030,2025-09-05,4009.06,3906.33,4010.42,3906.33,73.31250848,983.71102855
801030,2025-09-08,4123.45,4015.1,4126.84,3997.09,85.31790015,1201.38173947
801030,2025-09-09,4093.83,4112.94,4143.07,4071.9,81.35506073,1111.50936078
801030,2025-09-10,4055.23,4072.53,4088.08,4020.13,66.26051855,902.36600051
801030,2025-09-11,4102.65,4047.7,4102.65,4034.22,65.01844856,910.87196271
801030,2025-09-12,4103.52,4099.58,4123.87,4073.16,72.14255504,978.03447885
801030,2025-09-15,4088.43,4107.27,4113.75,4084.87,66.84687791,891.14257779
801030,2025-09-16,4086.62,4094.9,4101.41,4027.95,68.16073806,903.90705812
801030,2025-09-17,4094.99,4077.51,4107.25,4070.33,65.88822054,892.65653461
801030,2025-09-18,4042.99,4093.71,4119.29,4007.15,92.05799208,1226.53265624
801030,2025-09-19,4048.88,4037.45,4071.79,4031.33,69.29431044,916.77210286
801030,2025-09-22,4023.59,4043.35,4043.35,3983.89,64.47168341,841.57981183
801030,2025-09-23,3965.42,4016.72,4018.27,3903.05,72.42595321,938.95748204
801030,2025-09-24,4032.33,3958.65,4032.33,3956.89,58.46960628,864.19129764
801030,2025-09-25,4015.18,4028.74,4052.23,4014.31,57.40127844,811.96736864
801030,2025-09-26,4010.41,4003.81,4049.99,4003.8,59.55244347,790.80341775
801030,2025-09-29,4076.08,4015.42,4076.08,3998.69,63.49016263,848.83822302
801030,2025-09-30,4113.74,4081.33,4120.27,4078.34,63.14417728,864.14476549
801030,2025-10-09,4188.44,4140.73,4188.44,4107.45,78.6587758,1049.80714902
801030,2025-10-10,4195.72,4177.21,4217.45,4162.46,75.26594676,1003.59210821
801030,2025-10-13,4157.03,4037.88,4163.03,4037.88,71.14406198,968.98406425
801030,2025-10-14,4071.17,4191.87,4202.69,4056.29,75.77195961,1076.96863998
801030,2025-10-15,4102.77,4079.81,4103.86,4053.12,57.86737526,811.95390506
801030,2025-10-16,4030.68,4093.94,4093.94,4017.12,56.64204578,787.4219091
801030,2025-10-17,3951.07,4030.48,4054.09,3948.55,58.63952791,802.46150873
801030,2025-10-20,3976.51,3983.39,3992.53,3953.3,56.50323898,743.15253712
801030,2025-10-21,4019.1,3980.89,4019.59,3974.89,55.87392022,733.17682836
801030,2025-10-22,3994.37,4007.89,4020.34,3989.79,52.19756628,694.68314914
801030,2025-10-23,4027.06,3985.83,4030.81,3947.42,53.97615057,705.10106478
801030,2025-10-24,4035.46,4032.7,4060.27,4014.05,57.77532527,790.1236448
801030,2025-10-27,4079.47,4061.01,4091.25,4060.95,67.06390896,951.49235777
801030,2025-10-28,4083.54,4076.71,4113.43,4071.04,64.1665037,936.99411879
801030,2025-10-29,4145.84,4085.76,4145.84,4074.07,65.38476181,950.83541514
801030,2025-10-30,4112.73,4143.07,4145.85,4097.57,66.03189272,975.90682306
801030,2025-10-31,4136.19,4110.51,4176.59,4110.5,70.89172726,1009.51751803
801030,2025-11-03,4138.63,4148.64,4148.64,4081.62,69.57285162,941.78199604
801030,2025-11-04,4073.74,4133.88,4135.16,4050.98,65.87725375,876.87999815
801030,2025-11-05,4102.12,4028.8,4115.79,4028.8,64.44314002,842.67821491
801030,2025-11-06,4182.7,4105.02,4182.7,4105.02,72.49908169,998.42218448
801030,2025-11-07,4282.5,4183.73,4306.92,4183.73,106.04239231,1442.14634675
801030,2025-11-10,4344.56,4328.12,4381.24,4325.84,115.69576076,1623.80202305
801030,2025-11-11,4370.87,4337.31,4377.44,4328.44,94.97989051,1355.09991759
801030,2025-11-12,4343.61,4353.46,4353.46,4293.04,85.76165736,1246.77890433
801030,2025-11-13,4457.39,4341.82,4471.17,4341.82,111.29520768,1571.84519615
801030,2025-11-14,4394.29,4419.51,4451.43,4394.29,99.39504503,1410.54878839
801030,2025-11-17,4426.68,4410.17,4450.52,4379.17,92.31273654,1334.62619799
801030,2025-11-18,4308.52,4418.82,4431.69,4288.05,89.09832642,1277.60375615
801030,2025-11-19,4319.12,4303.8,4350.2,4275.55,80.34956537,1173.31976373
801030,2025-11-20,4266.42,4331.86,4368.66,4261.52,80.23909886,1191.86223141
801030,2025-11-21,4065.9,4199.03,4202.78,4065.9,98.54623495,1267.90597879
801030,2025-11-24,4065.65,4089.26,4090.98,4023.3,72.69664339,976.78939582
801030,2025-11-25,4114.12,4088.0,4129.86,4077.92,65.90220777,928.10774873
801030,2025-11-26,4091.7,4118.28,4130.31,4089.22,60.37046468,835.65847835
801030,2025-11-27,4132.98,4090.9,4156.97,4090.89,62.77238328,877.40849427
801030,2025-11-28,4187.02,4130.38,4187.02,4130.3,62.22983583,870.89548831
801030,2025-12-01,4207.25,4199.17,4233.91,4194.22,69.74051209,952.55377551
801030,2025-12-02,4176.37,4197.27,4197.46,4170.91,60.28019544,765.37859156
801030,2025-12-03,4167.76,4184.16,4193.72,4151.17,61.92012564,850.9283399
801030,2025-12-04,4129.0,4163.5,4163.5,4113.12,53.9987934,701.64590255
801030,2025-12-05,4192.59,4127.55,4196.82,4117.7,54.0795473,733.44113172
801030,2025-12-08,4200.23,4199.57,4209.66,4175.44,59.81747575,807.3302094
801030,2025-12-09,4148.97,4189.97,4196.85,4143.24,56.44673043,756.31805404
801030,2025-12-10,4154.24,4143.3,4161.51,4118.18,51.11850891,691.7551663
801030,2025-12-11,4104.48,4164.74,4168.86,4103.43,56.68916503,755.9235571
801030,2025-12-12,4100.57,4108.19,4117.51,4079.73,57.53824343,803.67333137
801030,2025-12-15,4127.19,4084.29,4148.71,4084.29,55.68359897,751.25706536
801030,2025-12-16,4057.95,4121.06,4121.1,4031.13,55.68612933,721.65013546
801030,2025-12-17,4145.2,4061.91,4152.89,4058.31,53.66554437,792.22045738
801030,2025-12-18,4147.98,4131.99,4208.81,4131.99,53.79251437,766.52031034
801030,2025-12-19,4206.2,4153.86,4209.42,4153.7,55.31768073,736.99248194
801030,2025-12-22,4257.44,4226.03,4268.29,4226.03,56.96109554,829.60504605
801030,2025-12-23,4266.78,4258.14,4291.54,4250.4,61.48990836,907.60980151
801030,2025-12-24,4327.76,4272.85,4328.44,4267.63,60.5228404,958.56562251
801030,2025-12-25,4357.9,4321.83,4365.74,4308.42,58.74881414,914.05088531
801030,2025-12-26,4384.22,4368.69,4396.22,4346.65,68.48688674,1027.71575496
801030,2025-12-29,4365.74,4391.06,4395.4,4347.14,72.21395923,1079.26769346
801030,2025-12-30,4385.32,4337.59,4416.77,4331.98,74.11860461,1059.86893306
801030,2025-12-31,4372.39,4384.37,4385.49,4350.38,60.08704227,855.62924353
801030,2026-01-05,4427.94,4398.14,4431.1,4384.5,69.907721,1061.75592058
801030,2026-01-06,4566.24,4444.04,4571.13,4444.03,97.07748766,1383.95114383
801030,2026-01-07,4578.89,4568.22,4598.5,4563.44,90.17083792,1274.45403661
801030,2026-01-08,4569.8,4582.01,4598.67,4544.89,84.98210282,1285.06504574
801030,2026-01-09,4592.2,4570.11,4606.42,4554.17,90.36753967,1400.48492688
801030,2026-01-12,4605.82,4606.9,4610.32,4565.78,100.59151613,1514.53232767
801030,2026-01-13,4584.0,4604.56,4644.36,4569.75,94.354865,1441.77037673
801030,2026-01-14,4592.26,4579.45,4644.74,4541.23,102.83541728,1492.56675886
801030,2026-01-15,4656.54,4568.66,4678.02,4568.66,85.11038228,1267.32334942
801030,2026-01-16,4633.49,4672.33,4685.28,4620.54,78.20702268,1220.0770457
801030,2026-01-19,4758.49,4615.51,4758.49,4615.51,89.1042192,1309.23264462
801030,2026-01-20,4813.2,4772.15,4820.15,4731.38,99.73713112,1485.21485289
801030,2026-01-21,4853.84,4807.5,4862.14,4773.75,98.76488021,1447.60911107
801030,2026-01-22,4911.97,4861.73,4920.47,4847.04,102.17901745,1434.62550145
801030,2026-01-23,4971.22,4923.04,4981.78,4907.31,105.69209942,1543.24685186
801030,2026-01-26,4948.85,4973.22,5000.84,4922.71,107.32083343,1618.85354626
801030,2026-01-27,4917.98,4926.1,4960.22,4851.71,95.39774613,1441.77471626
801030,2026-01-28,4988.89,4915.0,5024.75,4913.05,103.69320257,1545.50565416
801030,2026-01-29,4943.97,4985.97,5016.79,4928.25,116.11637575,1620.77446327
801030,2026-01-30,4928.61,4899.36,4957.14,4782.26,112.91215164,1595.77908634
801030,2026-02-02,4648.4,4863.26,4863.27,4648.4,103.89268355,1479.66040436
801030,2026-02-03,4797.48,4713.0,4799.45,4687.18,78.54416264,1153.26489031
801030,2026-02-04,4811.14,4808.0,4826.93,4758.73,73.68770751,1048.92664191
801030,2026-02-05,4729.08,4794.4,4815.11,4703.06,65.74706961,933.42315964
801030,2026-02-06,4825.85,4679.29,4874.97,4665.93,82.95189047,1220.85885261
801030,2026-02-09,4895.47,4881.63,4896.8,4853.57,80.13061364,1149.63138991
801030,2026-02-10,4890.12,4897.93,4903.93,4846.79,70.83304908,1017.90314894
801030,2026-02-11,4958.56,4881.26,4999.8,4880.25,81.38750522,1157.9046138
801030,2026-02-12,4946.94,4949.21,4981.38,4927.99,73.54658643,1053.15152167
801030,2026-02-13,4863.54,4920.4,4933.51,4861.65,64.2452572,917.1977664
801030,2026-02-24,5031.1,4933.33,5034.86,4932.05,89.8722007,1278.62618465
801030,2026-02-25,5139.86,5053.25,5187.63,5053.25,111.85947844,1762.68913531
801030,2026-02-26,5163.81,5162.88,5190.65,5130.97,110.12229383,1649.53861719
801030,2026-02-27,5211.18,5130.43,5215.38,5130.43,101.49092391,1416.93511842
801030,2026-03-02,5235.06,5215.65,5250.72,5136.95,123.09156081,1762.01722597
801030,2026-03-03,5045.1,5252.86,5270.75,5036.01,132.36111179,1855.64684254
801030,2026-03-04,5006.07,4964.52,5090.9,4964.52,101.32298406,1403.64379206
801030,2026-03-05,5039.08,5076.14,5076.14,5002.92,90.80341923,1263.56680084
801030,2026-03-06,5182.25,5012.19,5198.67,5006.31,105.9043643,1475.528675
801030,2026-03-09,5117.19,5209.88,5210.65,5061.98,131.73583287,1841.44825845
801030,2026-03-10,5114.03,5071.13,5141.84,5071.08,101.85140129,1394.93606644
801030,2026-03-11,5220.24,5113.8,5224.01,5095.57,117.67223245,1624.78800885
801030,2026-03-12,5231.03,5258.16,5295.36,5198.95,137.27559456,1854.82719228
801030,2026-03-13,5211.65,5233.67,5328.26,5196.91,145.80825437,1971.00325071
801030,2026-03-16,5099.48,5217.32,5258.3,5047.42,146.12352888,1961.32658936
801030,2026-03-17,4973.45,5080.45,5137.82,4971.31,130.45135304,1700.42727038
801030,2026-03-18,4963.81,4969.83,4969.83,4887.06,110.79315924,1347.0184223
801030,2026-03-19,4777.84,4950.59,4950.84,4757.83,114.64054848,1449.16273105
801030,2026-03-20,4662.73,4770.38,4793.46,4658.94,100.44891106,1263.24281872
801030,2026-03-23,4523.67,4579.34,4669.64,4497.79,112.06314599,1411.50055186
801030,2026-03-24,4596.33,4581.43,4596.33,4454.23,93.431994,1154.39346545
801030,2026-03-25,4673.74,4604.75,4680.01,4604.74,85.34928364,1118.19905828
801030,2026-03-26,4652.05,4670.06,4745.64,4636.08,87.66134692,1082.32771603
801030,2026-03-27,4770.63,4598.55,4794.74,4598.55,95.00105439,1207.6519039
801030,2026-03-30,4796.71,4756.81,4804.44,4744.5,99.30520595,1206.01441764
801030,2026-03-31,4674.38,4781.28,4781.3,4674.38,86.65086173,1060.94113415
801030,2026-04-01,4733.83,4741.16,4748.89,4717.01,75.96698282,1011.53532364
801030,2026-04-02,4665.08,4723.18,4736.75,4636.33,74.39528911,935.61068119
801030,2026-04-03,4588.67,4678.37,4678.37,4572.61,73.87999745,898.52502655
801030,2026-04-07,4756.71,4602.69,4758.41,4602.67,85.8308866,1093.48625754
801030,2026-04-08,4838.06,4743.17,4838.06,4735.13,97.19466258,1309.93055042
801030,2026-04-09,4828.8,4816.82,4849.76,4793.86,83.41621342,1098.26539057
801030,2026-04-10,4853.5,4844.73,4892.71,4822.65,75.74082681,1057.11827778
801030,2026-04-13,4894.29,4845.2,4901.6,4816.77,80.4689458,1167.32470349
801030,2026-04-14,4894.49,4900.96,4900.96,4835.41,78.81288107,1184.70687329
801030,2026-04-15,4809.25,4895.56,4895.56,4800.87,74.86863363,1141.34348686
801030,2026-04-16,4884.04,4813.24,4887.64,4805.26,73.32834679,1117.38372623
801030,2026-04-17,4873.56,4881.63,4898.15,4849.58,82.21233899,1219.90526292
801030,2026-04-20,4869.27,4870.22,4892.93,4842.9,86.03009658,1293.01684433
801030,2026-04-21,4894.27,4872.05,4896.66,4802.78,84.86491146,1264.44506383
801030,2026-04-22,4908.63,4883.3,4915.77,4883.3,82.70103679,1257.09719511
801030,2026-04-23,4864.48,4913.19,4913.9,4828.33,92.93176378,1381.05458789
801030,2026-04-24,4933.09,4849.81,4957.62,4849.81,101.93102241,1482.22592618
801030,2026-04-27,4946.69,4912.54,4960.91,4903.08,94.30607108,1418.15728614
801030,2026-04-28,4929.64,4925.56,4952.8,4893.26,92.24863843,1390.19349796
801030,2026-04-29,5020.64,4900.82,5028.73,4882.64,93.48539088,1477.43120342
801030,2026-04-30,4989.33,5026.88,5043.15,4972.72,86.46439357,1383.79185224
801030,2026-05-06,5044.52,5005.56,5044.86,4966.03,92.86268709,1512.46887603
801030,2026-05-07,4985.18,5035.77,5035.79,4949.6,98.51998125,1593.33791599
801030,2026-05-08,4978.21,4975.19,5000.1,4951.22,85.66498354,1459.61977212
801030,2026-05-11,5002.67,4995.09,5022.95,4984.78,93.63811313,1535.53263257
801030,2026-05-12,4965.81,5006.62,5006.65,4927.43,87.16493902,1418.23826911
801030,2026-05-13,5000.95,4954.15,5005.35,4948.35,80.48972883,1364.81494464
801030,2026-05-14,4904.84,5000.91,5009.52,4904.84,92.17680057,1547.33053569
801030,2026-05-15,4905.61,4929.9,4978.39,4878.62,92.12305393,1580.37543471
801030,2026-05-18,4861.46,4895.1,4895.89,4830.8,86.56007009,1470.26863692
801030,2026-05-19,4836.12,4852.15,4852.23,4763.06,80.43204402,1334.0028769
801030,2026-05-20,4862.13,4812.57,4882.19,4790.29,80.94618291,1349.04088676
801030,2026-05-21,4705.27,4864.34,4907.23,4704.19,90.69285207,1562.14076582
801030,2026-05-22,4831.79,4732.43,4838.67,4714.23,77.01805084,1365.02307481
801030,2026-05-25,4773.7,4845.68,4845.68,4743.05,83.25635156,1480.81999892
801030,2026-05-26,4795.21,4757.95,4797.73,4697.3,83.48962237,1480.93396118
801030,2026-05-27,4669.77,4784.59,4812.14,4642.94,80.38412318,1385.38737146
801030,2026-05-28,4683.64,4664.64,4698.36,4605.39,71.17125199,1264.13899504
801030,2026-05-29,4544.02,4692.53,4692.53,4528.74,80.51218097,1352.71582309
801030,2026-06-01,4607.1,4541.73,4649.94,4541.71,71.38362003,1233.77892208
801030,2026-06-02,4600.33,4617.43,4617.52,4515.28,69.11972067,1181.23590667
801030,2026-06-03,4606.85,4592.88,4638.11,4569.34,71.60763485,1256.70230081
801030,2026-06-04,4557.14,4575.59,4575.66,4535.96,71.79431906,1275.15117585
801030,2026-06-05,4578.8,4541.63,4639.32,4523.34,81.15224885,1420.72822313
801030,2026-06-08,4433.47,4461.43,4557.38,4393.71,81.54262001,1372.62616458
801030,2026-06-09,4532.32,4494.89,4532.32,4411.96,77.4006845,1372.27964004
801030,2026-06-10,4561.59,4516.54,4585.35,4515.15,83.15981159,1468.29655962
801030,2026-06-11,4579.8,4577.27,4603.59,4521.09,92.0823631,1705.64739175
801030,2026-06-12,4647.95,4604.86,4704.95,4552.54,108.21901216,1982.29772266
801030,2026-06-15,4781.37,4694.57,4782.7,4694.56,98.72631833,1859.37934775
801030,2026-06-16,4799.43,4771.65,4835.7,4750.93,95.4879693,1865.53802925
801030,2026-06-17,4789.66,4763.64,4807.01,4751.7,95.99593899,1875.6414778
801030,2026-06-18,4736.86,4758.58,4791.65,4708.2,93.17947502,1790.74074373
801030,2026-06-22,4934.17,4744.8,4934.44,4734.18,112.06377293,2095.96609925
801030,2026-06-23,4841.65,4960.47,4964.52,4823.88,106.17566031,2060.84174453
801030,2026-06-24,4934.04,4824.91,4939.02,4803.42,100.77824017,1994.19478135
801030,2026-06-25,4913.4,4919.14,4931.97,4867.55,104.42568033,2077.55551091
801030,2026-06-26,4783.76,4883.11,4915.72,4746.23,99.43182629,1945.39143426
801030,2026-06-29,4747.24,4800.56,4826.21,4665.4,96.5098913,1879.74151887
801030,2026-06-30,4765.95,4728.65,4767.86,4698.8,89.6854669,1799.54214138
801030,2026-07-01,4876.44,4782.78,4911.84,4776.87,106.85044049,2084.51770106
801030,2026-07-02,4846.34,4800.28,4948.44,4773.61,104.56327656,2207.87022516
801030,2026-07-03,4755.7,4859.04,4870.26,4749.87,96.19842575,1914.3818477
801030,2026-07-06,4705.49,4762.55,4833.4,4703.03,87.79152861,1705.04439185
801030,2026-07-07,4576.34,4703.81,4714.84,4566.23,76.77606394,1422.68378693
801030,2026-07-08,4419.07,4578.7,4578.75,4416.97,74.2694695,1359.64601034
801030,2026-07-09,4430.35,4428.05,4443.21,4297.14,79.45037167,1424.99716816
801030,2026-07-10,4364.87,4425.21,4462.18,4364.87,81.3558083,1504.09859705
801030,2026-07-13,4182.48,4334.52,4335.17,4171.03,75.55270878,1246.87933542
801030,2026-07-14,4287.14,4179.93,4287.14,4142.1,75.48623838,1215.9004302
801030,2026-07-15,4266.8,4291.41,4314.72,4255.27,72.98796856,1096.92249561
801030,2026-07-16,4158.02,4221.58,4243.87,4141.24,67.69141873,987.10407751
801030,2026-07-17,4040.48,4149.56,4175.01,4017.51,79.66910996,1153.32692745
801030,2026-07-20,3965.84,4071.66,4086.03,3914.36,87.5400808,1264.08869709
801030,2026-07-21,4058.11,3960.44,4058.11,3857.7,90.24321779,1295.13684423
801030,2026-07-22,4060.7,4028.97,4094.7,4028.97,74.02010901,1083.91577468
801030,2026-07-23,4156.09,4057.69,4157.47,4054.64,72.71878791,1005.27414279
801030,2026-07-24,4029.0,4119.87,4146.87,4028.79,70.8464704,946.04149175
801030,2026-07-27,4136.86,4013.3,4136.86,4013.3,64.73036054,912.09846809
801030,2026-07-28,4083.98,4096.2,4128.13,4069.39,63.55928491,923.82336761
801030,2026-07-29,4131.77,4080.48,4158.64,4033.51,75.24251778,1038.29516645
801030,2026-07-30,4087.68,4113.07,4164.75,4055.97,74.04845192,1001.27615419
801030,2026-07-31,4113.11,4122.14,4164.19,4110.48,73.19608404,1055.2363616
801030,2026-08-03,4132.54,4094.97,4140.76,4070.05,64.29722061,879.85846547
801030,2026-08-04,4184.45,4139.56,4193.04,4123.91,65.24871707,931.56585398
801030,2026-08-05,4288.43,4174.38,4288.43,4174.38,71.44391493,1094.63241777
801030,2026-08-06,4338.12,4275.14,4339.12,4275.14,74.59208971,1186.06832032
801030,2026-08-07,4391.41,4342.43,4392.75,4305.55,76.61844095,1283.36906893
801030,2026-08-10,4465.24,4405.07,4465.24,4405.06,80.2673513,1278.88608846
801030,2026-08-11,4395.18,4445.57,4459.54,4393.19,71.02088405,1156.20284832
801030,2026-08-12,4419.01,4390.95,4437.96,4390.95,64.62378862,1013.07220187
801030,2026-08-13,4328.68,4427.61,4427.63,4328.68,72.50792807,1194.4435392
801030,2026-08-14,4336.7,4334.22,4360.01,4302.0,58.45094549,946.91838631
801030,2026-08-17,4437.04,4355.1,4437.04,4336.08,67.19858631,1129.65914059
801030,2026-08-18,4451.2,4442.58,4469.69,4421.24,75.13074806,1264.74641684
801030,2026-08-19,4300.32,4395.16,4418.1,4285.76,81.96042071,1333.53186651
801030,2026-08-20,4317.68,4322.98,4354.93,4295.2,72.40190341,1106.58120918
801030,2026-08-21,4332.46,4296.66,4338.02,4256.69,65.95619956,968.48724411
801030,2026-08-24,4270.08,4331.9,4338.19,4229.7,68.33825821,1029.80146084
801030,2026-08-25,4266.06,4247.16,4278.42,4215.58,67.96220962,985.50274988
801030,2026-08-26,4303.63,4259.22,4320.36,4251.88,68.79991811,980.49983698
801030,2026-08-27,4406.52,4298.25,4406.52,4298.25,73.94836976,1130.65649845
801030,2026-08-28,4479.62,4418.86,4493.43,4418.86,88.89303117,1369.9243594
801030,2026-08-31,4473.87,4447.36,4475.05,4414.82,84.82005389,1296.40093609
801030,2026-09-01,4448.26,4473.15,4492.35,4440.45,91.61250059,1284.36391263
801030,2026-09-02,4370.79,4424.46,4424.48,4353.11,85.19093054,1137.04478423
801030,2026-09-03,4366.52,4387.17,4389.33,4343.76,72.369768,1036.12964563
801030,2026-09-04,4327.41,4382.5,4414.23,4308.79,76.98108025,1093.66305837
801030,2026-09-07,4336.11,4334.53,4352.31,4316.45,66.92406704,967.54794357
801030,2026-09-08,4408.36,4347.62,4411.51,4335.61,86.5132013,1124.5022066
801030,2026-09-09,4425.73,4408.88,4433.51,4389.53,84.95153005,1186.23763125
801030,2026-09-10,4345.69,4411.82,4411.82,4344.35,78.26277685,1039.48762052
801030,2026-09-11,4216.26,4300.56,4300.61,4163.53,80.73141015,1065.73047539
801030,2026-09-14,4232.62,4196.57,4245.52,4184.42,61.93916583,862.86898874
801030,2026-09-15,4208.43,4219.43,4249.92,4203.01,64.28356457,922.46600745
801030,2026-09-16,4257.74,4209.52,4266.51,4196.49,66.60902484,1043.48011761
801030,2026-09-17,4227.4,4235.44,4261.53,4207.13,64.0305322,994.31652531
801030,2026-09-18,4268.67,4256.06,4271.12,4243.91,62.34619635,986.61957266
801030,2026-09-21,4337.89,4276.04,4338.37,4276.03,67.57811155,1018.65566755
801030,2026-09-22,4322.06,4346.87,4347.74,4309.14,68.17702892,1026.87227721
801030,2026-09-23,4325.38,4319.62,4336.86,4304.49,60.28202557,996.11243586
801030,2026-09-24,4241.21,4307.22,4310.73,4241.21,55.57804795,937.90998486
801030,2026-09-28,4115.71,4228.7,4228.7,4099.48,56.42275378,867.03299787
801030,2026-09-29,4105.54,4101.82,4117.68,4077.99,45.45144821,702.64586078
801030,2026-09-30,4119.76,4122.59,4145.85,4111.08,45.64248821,678.54610269
