代码,日期,收盘,开盘,最高,最低,成交量,成交额
801050,1999-12-30,1000.0,1000.0,1000.0,1000.0,0.10413133,0.8739785717
801050,2000-01-04,1029.82,1001.82,1036.06,989.75,0.15602007,1.3095181812
801050,2000-01-05,1032.6,1028.39,1066.16,1015.6,0.24158285,1.9918143762
801050,2000-01-06,1071.66,1028.45,1079.77,1017.04,0.28683061,2.3753552601
801050,2000-01-07,1116.23,1077.92,1131.29,1067.68,0.70045207,6.1913730545000005
801050,2000-01-10,1178.55,1152.61,1194.69,1130.51,1.0084288,9.5953122145
801050,2000-01-11,1115.6,1185.33,1204.64,1097.63,0.7079464,6.879110729700001
801050,2000-01-12,1083.88,1110.34,1138.84,1073.64,0.37189761,3.5515571828
801050,2000-01-13,1074.29,1079.17,1104.55,1059.64,0.19816855,1.7260502503
801050,2000-01-14,1060.16,1077.67,1094.1,1050.45,0.16421683,1.4438391268000001
801050,2000-01-17,1088.92,1059.92,1098.71,1047.77,0.2476613,2.4153832016999996
801050,2000-01-18,1083.01,1092.65,1110.72,1065.9,0.26980494,2.3290588252
801050,2000-01-19,1089.33,1080.81,1109.84,1066.52,0.19812738,1.7055195233000002
801050,2000-01-20,1119.08,1092.25,1131.76,1078.12,0.40577607,3.5546330925
801050,2000-01-21,1111.1,1123.13,1150.9,1093.25,0.51188401,5.0514720518
801050,2000-01-24,1126.48,1110.32,1146.68,1080.86,0.52986417,5.411511711699999
801050,2000-01-25,1131.02,1130.07,1162.86,1101.39,0.449174,4.4359352114999995
801050,2000-01-26,1134.4,1134.0,1156.84,1112.44,0.29763167,3.2386941912
801050,2000-01-27,1149.17,1147.72,1180.11,1118.01,0.6222326,8.0288485974
801050,2000-01-28,1168.21,1153.1,1197.13,1128.89,0.59127323,8.0364143475
801050,2000-02-14,1274.65,1210.65,1277.89,1180.33,0.77223425,9.5612511044
801050,2000-02-15,1273.18,1306.14,1350.63,1240.62,1.04404974,13.059120180899999
801050,2000-02-16,1282.95,1273.75,1329.85,1231.8,1.02503361,12.9963558171
801050,2000-02-17,1209.91,1306.5,1352.13,1188.66,1.10119428,13.9952520335
801050,2000-02-18,1218.87,1180.63,1251.75,1150.98,0.55688465,7.5555226029
801050,2000-02-21,1224.73,1226.0,1264.02,1183.79,0.67166279,8.698268366499999
801050,2000-02-22,1181.78,1239.22,1263.05,1170.31,0.57149684,7.3368635418
801050,2000-02-23,1164.12,1165.6,1199.45,1143.35,0.38781658,4.972249478
801050,2000-02-24,1187.91,1170.05,1203.82,1151.76,0.50929314,5.3336756512
801050,2000-02-25,1169.29,1187.93,1197.77,1155.0,0.38288273,4.1606255499
801050,2000-02-28,1209.1,1169.87,1218.39,1149.78,0.46450337,5.568437106799999
801050,2000-02-29,1213.31,1235.71,1255.73,1181.41,0.73988398,9.345249342999999
801050,2000-03-01,1229.49,1223.46,1253.65,1197.8,0.68202605,7.367591567100001
801050,2000-03-02,1229.18,1238.67,1271.91,1198.71,0.79259583,8.6552433971
801050,2000-03-03,1249.45,1238.31,1277.18,1210.83,0.81421794,8.9222826207
801050,2000-03-06,1214.54,1265.28,1302.77,1203.85,0.89055794,9.8593848503
801050,2000-03-07,1225.84,1197.74,1241.49,1179.85,0.48220576,5.162400498399999
801050,2000-03-08,1242.33,1232.8,1264.78,1206.61,0.53413032,6.1106512003999995
801050,2000-03-09,1232.44,1248.72,1266.23,1216.03,0.44067799,4.7416018303
801050,2000-03-10,1211.32,1232.35,1249.43,1199.26,0.43297408,4.3300654639
801050,2000-03-13,1231.01,1205.79,1242.81,1193.65,0.51069604,5.0044501049
801050,2000-03-14,1209.67,1219.46,1238.0,1166.53,0.64619753,6.3617656902999995
801050,2000-03-15,1220.61,1210.75,1243.61,1199.26,0.44436529,4.4354807017
801050,2000-03-16,1164.72,1211.43,1224.33,1150.83,0.39959628,4.0791125846
801050,2000-03-17,1195.14,1161.34,1207.33,1154.51,0.35794857,3.9993937148
801050,2000-03-20,1245.7,1185.3,1256.6,1170.98,0.70354348,8.8564334856
801050,2000-03-21,1255.98,1248.78,1288.49,1224.49,0.86410317,9.5388167889
801050,2000-03-22,1259.59,1257.71,1289.79,1233.7,0.57996615,6.2811652669
801050,2000-03-23,1286.76,1264.25,1302.94,1248.14,0.6786487,8.135224429199999
801050,2000-03-24,1281.59,1304.72,1334.92,1266.47,0.98903503,11.6632551084
801050,2000-03-27,1318.67,1286.57,1330.73,1273.23,0.7777029,8.5961387312
801050,2000-03-28,1335.49,1329.94,1362.85,1304.98,0.88814524,9.6692517177
801050,2000-03-29,1319.11,1338.96,1360.87,1284.77,0.70842494,8.0054413388
801050,2000-03-30,1343.96,1320.53,1359.08,1305.9,0.736692,8.3396818312
801050,2000-03-31,1333.83,1339.28,1367.71,1307.65,0.8261394,9.4794539778
801050,2000-04-03,1340.0,1347.23,1387.09,1318.41,0.87157665,9.7699337106
801050,2000-04-04,1305.0,1332.3,1348.26,1290.37,0.58544557,6.5406569695000005
801050,2000-04-05,1322.83,1301.93,1346.17,1285.33,0.5972901,6.6612602403
801050,2000-04-06,1351.91,1328.07,1366.17,1310.86,0.72872191,8.0302668887
801050,2000-04-07,1350.27,1356.18,1376.49,1328.45,0.6290794,7.018161654
801050,2000-04-10,1358.25,1356.7,1384.62,1332.66,0.94668805,10.1638964178
801050,2000-04-11,1355.34,1358.26,1388.18,1332.49,0.57151994,6.5070271342999995
801050,2000-04-12,1344.69,1352.11,1371.72,1317.84,0.428309,4.8166110733
801050,2000-04-13,1359.82,1346.62,1381.72,1334.79,0.57803577,6.5292737337
801050,2000-04-14,1347.88,1366.22,1376.47,1334.82,0.46985621,5.1719393962
801050,2000-04-17,1310.94,1347.05,1354.51,1297.1,0.52108241,5.5908159603
801050,2000-04-18,1315.82,1331.47,1346.67,1294.15,0.11309413,1.3524693
801050,2000-04-19,1338.6,1328.28,1355.81,1316.11,0.37854728,4.3894929263
801050,2000-04-20,1354.77,1346.66,1377.32,1328.76,0.45960107,5.2215282166
801050,2000-04-21,1351.0,1366.81,1388.37,1335.97,0.60388633,6.9309171670000005
801050,2000-04-24,1357.53,1351.8,1381.07,1327.73,0.64044793,7.0789236042
801050,2000-04-25,1346.18,1361.61,1376.11,1330.67,0.42777586,4.7434212780000005
801050,2000-04-26,1346.03,1351.42,1379.73,1329.77,0.37553533,4.5308462138
801050,2000-04-27,1323.02,1346.64,1363.55,1312.64,0.39135201,4.9292460479
801050,2000-04-28,1350.55,1324.62,1366.02,1308.72,0.34262051,6.125513142999999
801050,2000-05-08,1356.76,1356.66,1383.96,1328.11,0.31315796,5.7221999802
801050,2000-05-09,1339.02,1350.54,1377.13,1318.71,0.2681512,4.6489373092
801050,2000-05-10,1276.23,1327.9,1335.61,1271.64,0.29639714,4.3194856582
801050,2000-05-11,1246.1,1268.2,1293.5,1240.89,0.25837558,3.6422125927
801050,2000-05-12,1246.47,1248.11,1271.95,1233.97,0.20602556,2.8138228306
801050,2000-05-15,1229.73,1248.76,1262.53,1215.45,0.19280067,2.483919963
801050,2000-05-16,1249.02,1230.61,1260.02,1226.99,0.14087911,1.6987578613999998
801050,2000-05-17,1250.15,1253.19,1275.28,1238.04,0.14718091,1.9257664753000001
801050,2000-05-18,1277.18,1252.49,1281.6,1239.08,0.17440694,2.5684695647
801050,2000-05-19,1293.26,1283.02,1306.26,1267.02,0.24363706,3.3088985716000003
801050,2000-05-22,1328.59,1300.03,1344.68,1289.14,0.35223873,4.724423209599999
801050,2000-05-23,1325.18,1330.3,1351.23,1304.42,0.25722535,3.4377893656
801050,2000-05-24,1342.19,1328.54,1365.93,1315.11,0.39373255,5.1695223331
801050,2000-05-25,1365.36,1353.83,1380.26,1335.82,0.48377683,6.0970992695
801050,2000-05-26,1360.87,1371.11,1395.4,1345.64,0.55729398,6.58156069
801050,2000-05-29,1388.42,1366.08,1404.38,1353.37,0.6131024,7.5451793459
801050,2000-05-30,1367.66,1393.85,1417.53,1354.42,0.53977993,7.0755571533
801050,2000-05-31,1373.59,1361.9,1392.18,1347.48,0.33616312,4.20071647
801050,2000-06-01,1370.01,1381.49,1394.98,1354.45,0.3350684,4.1295774136
801050,2000-06-02,1401.74,1371.57,1416.07,1354.7,0.55406891,8.9434514384
801050,2000-06-05,1395.67,1408.91,1443.05,1374.32,0.85842276,11.8769828615
801050,2000-06-06,1420.88,1391.59,1431.69,1378.31,0.49850697,8.1653650934
801050,2000-06-07,1415.54,1428.48,1443.18,1401.78,0.38518077,5.3008995706
801050,2000-06-08,1402.81,1416.82,1429.07,1381.67,0.39390441,6.2949769439
801050,2000-06-09,1388.91,1400.53,1427.32,1370.82,0.49959924,6.555713299600001
801050,2000-06-12,1397.17,1380.71,1410.62,1356.94,0.34356625,4.8346088181999995
801050,2000-06-13,1419.54,1409.4,1438.58,1390.3,0.52863464,6.781965970700001
801050,2000-06-14,1408.45,1421.38,1442.72,1395.84,0.50238782,6.1871055109
801050,2000-06-15,1415.77,1408.13,1428.04,1393.11,0.38218293,5.028327666
801050,2000-06-16,1420.97,1420.36,1456.0,1407.11,0.65025164,7.954729632
801050,2000-06-19,1420.54,1421.38,1450.33,1402.59,0.45676249,5.6941097299
801050,2000-06-20,1401.78,1416.93,1436.2,1386.85,0.33357193,3.9165584767
801050,2000-06-21,1424.66,1400.6,1438.51,1386.52,0.35632346,4.730568406000001
801050,2000-06-22,1411.41,1426.91,1439.85,1404.08,0.29119022,3.6331795189999996
801050,2000-06-23,1432.81,1411.95,1445.23,1398.45,0.43538589,5.7554117021
801050,2000-06-26,1467.14,1448.18,1485.23,1432.61,0.72879769,9.1718740225
801050,2000-06-27,1469.99,1471.75,1491.94,1449.46,0.67638108,8.1230239363
801050,2000-06-28,1485.76,1468.73,1501.78,1453.24,0.53787216,7.1387701074
801050,2000-06-29,1484.35,1488.51,1508.16,1462.73,0.68074099,8.9687168923
801050,2000-06-30,1472.79,1483.58,1509.81,1458.25,0.6350269,8.2514611784
801050,2000-07-03,1453.61,1460.45,1488.8,1429.98,0.64487527,7.5989854002
801050,2000-07-04,1466.2,1448.57,1475.42,1432.47,0.3463631,4.1972810073
801050,2000-07-05,1468.17,1468.58,1495.61,1451.31,0.45046617,5.229234382
801050,2000-07-06,1472.6,1466.98,1491.8,1451.09,0.39171133,4.6998039444
801050,2000-07-07,1491.44,1474.13,1505.46,1466.29,0.44694609,5.4721411044
801050,2000-07-10,1514.61,1492.83,1535.96,1479.83,0.71128599,8.947244062100001
801050,2000-07-11,1513.06,1519.32,1541.88,1490.78,0.58241177,7.3309917357000005
801050,2000-07-12,1518.07,1516.28,1544.11,1493.93,0.54041456,6.528108125399999
801050,2000-07-13,1530.61,1521.47,1565.41,1498.55,0.72990432,9.7611273465
801050,2000-07-14,1533.98,1531.37,1553.77,1506.67,0.4785108,6.4292505885
801050,2000-07-17,1527.93,1536.63,1565.66,1511.92,0.49061497,6.627262013099999
801050,2000-07-18,1538.06,1546.9,1569.88,1519.63,0.61397653,8.9214606231
801050,2000-07-19,1536.99,1542.72,1563.07,1518.85,0.49977267,6.4629664115
801050,2000-07-20,1529.16,1537.29,1550.98,1510.92,0.41047593,5.2339514271
801050,2000-07-21,1530.75,1531.58,1552.13,1515.97,0.3329668,4.254479391499999
801050,2000-07-24,1525.25,1528.23,1545.21,1504.84,0.31102126,3.9979098048000004
801050,2000-07-25,1526.85,1526.38,1546.54,1510.68,0.24278042,3.1413534995
801050,2000-07-26,1537.67,1535.82,1554.64,1519.16,0.36648309,4.6862749492
801050,2000-07-27,1534.91,1540.74,1560.2,1517.64,0.43876329,5.3536530614
801050,2000-07-28,1535.57,1535.48,1557.34,1517.69,0.49898336,6.0499310059
801050,2000-07-31,1552.48,1538.01,1566.37,1523.27,0.59392284,7.473071835700001
801050,2000-08-01,1550.27,1557.75,1573.56,1537.05,0.44761692,5.3970061327
801050,2000-08-02,1563.76,1551.26,1578.86,1534.81,0.47928879,7.4557998467
801050,2000-08-03,1568.13,1567.38,1591.92,1547.14,0.53364052,7.0470929021
801050,2000-08-04,1557.23,1569.47,1589.14,1534.45,0.67864952,9.182197028600001
801050,2000-08-07,1552.57,1552.84,1569.56,1528.06,0.59245422,7.5499744548
801050,2000-08-08,1569.22,1554.86,1583.93,1540.18,0.43830458,5.7957326574
801050,2000-08-09,1573.49,1570.99,1596.64,1549.64,0.48520303,7.027010453300001
801050,2000-08-10,1591.45,1568.34,1609.53,1551.89,0.54679642,9.156610723
801050,2000-08-11,1588.32,1593.05,1615.06,1573.36,0.46447814,6.6949207391
801050,2000-08-14,1607.11,1594.19,1621.89,1577.22,0.64277692,8.9787038232
801050,2000-08-15,1614.32,1611.95,1634.61,1594.66,0.52987206,7.1473674497
801050,2000-08-16,1614.9,1624.03,1638.95,1597.85,0.63957933,8.9074570292
801050,2000-08-17,1620.46,1616.97,1636.91,1600.81,0.57880821,7.7485999544
801050,2000-08-18,1624.82,1623.3,1644.67,1607.85,0.58052927,7.414302205
801050,2000-08-21,1643.16,1631.74,1653.99,1611.29,1.07282645,13.5417194527
801050,2000-08-22,1612.08,1649.22,1668.68,1603.23,0.74170765,9.954610176900001
801050,2000-08-23,1611.52,1602.48,1635.45,1526.86,1.14063414,15.247758925
801050,2000-08-24,1629.45,1612.53,1647.36,1592.8,0.82829998,11.5231371501
801050,2000-08-25,1634.2,1631.81,1648.41,1613.58,0.444748,6.2246705409
801050,2000-08-28,1643.81,1638.17,1657.51,1621.14,0.51028856,7.4867705675
801050,2000-08-29,1644.02,1645.09,1665.65,1623.29,0.52152607,7.2528987537
801050,2000-08-30,1617.52,1642.36,1653.45,1608.43,0.38139441,5.2553657418
801050,2000-08-31,1565.02,1605.77,1615.1,1556.01,0.50545955,6.8918141804
801050,2000-09-01,1542.18,1551.75,1576.31,1532.65,0.38929222,5.4668038063
801050,2000-09-04,1560.77,1536.29,1569.47,1518.15,0.3183561,4.0312759775
801050,2000-09-05,1529.26,1565.18,1581.49,1514.76,0.3340227,4.5198134167
801050,2000-09-06,1492.36,1516.61,1542.45,1482.46,0.30985103,3.926429668
801050,2000-09-07,1516.24,1496.94,1536.93,1493.77,0.20190162,2.6293389622
801050,2000-09-08,1527.47,1519.3,1541.65,1504.69,0.23254433,2.996624404
801050,2000-09-11,1554.82,1530.89,1563.95,1511.14,0.27016177,4.9719030769999994
801050,2000-09-12,1560.5,1556.38,1571.07,1533.54,0.21431772,3.695094594
801050,2000-09-13,1566.77,1560.75,1581.34,1545.46,0.28221214,4.7852546323
801050,2000-09-14,1571.26,1566.23,1598.15,1548.95,0.30461168,4.739801696000001
801050,2000-09-15,1578.94,1569.7,1597.03,1553.24,0.30957662,4.971071908
801050,2000-09-18,1556.91,1578.25,1594.73,1547.86,0.22859112,3.7419995859
801050,2000-09-19,1520.67,1543.55,1554.23,1501.55,0.26981649,4.046512601
801050,2000-09-20,1538.01,1520.35,1548.85,1500.97,0.2053613,3.3317584022
801050,2000-09-21,1529.11,1542.1,1559.92,1518.36,0.17172905,2.8939866705
801050,2000-09-22,1520.08,1528.88,1547.29,1503.15,0.18731308,3.1215029099000002
801050,2000-09-25,1502.78,1517.51,1533.25,1491.62,0.16872636,2.5073612795
801050,2000-09-26,1523.23,1507.67,1539.69,1499.92,0.15780515,3.0513393231
801050,2000-09-27,1537.72,1528.07,1547.64,1510.89,0.11278532,2.0319415524
801050,2000-09-28,1520.23,1542.19,1554.24,1508.71,0.15059368,2.4763915709999997
801050,2000-09-29,1531.47,1521.63,1551.41,1506.08,0.17330979,3.9850435923000003
801050,2000-10-09,1539.42,1539.9,1563.37,1508.83,0.23287368,3.7349763972
801050,2000-10-10,1558.79,1544.1,1570.26,1524.25,0.3867822,5.2766405709
801050,2000-10-11,1549.31,1561.63,1576.62,1533.86,0.27014031,3.7085341701
801050,2000-10-12,1534.98,1552.28,1560.76,1521.39,0.24927336,3.2301164741000004
801050,2000-10-13,1525.79,1534.44,1550.52,1514.22,0.21898716,3.0690056102999996
801050,2000-10-16,1510.7,1524.18,1538.14,1494.92,0.19843085,2.5000781161
801050,2000-10-17,1525.82,1509.51,1535.81,1497.88,0.15137519,2.4012176242
801050,2000-10-18,1548.1,1526.92,1556.99,1518.6,0.18937012,3.2089069902999996
801050,2000-10-19,1546.3,1550.19,1568.04,1527.79,0.19619571,2.8336085353
801050,2000-10-20,1582.24,1546.45,1593.25,1533.72,0.32809491,6.5560611688
801050,2000-10-23,1594.36,1589.7,1617.1,1565.34,0.43032012,6.935132227
801050,2000-10-24,1586.34,1599.34,1617.96,1561.34,0.29602841,5.4300044199
801050,2000-10-25,1594.92,1605.71,1624.58,1569.15,0.35505527,6.7362694846
801050,2000-10-26,1577.72,1593.11,1605.83,1565.95,0.26927835,4.0665299765
801050,2000-10-27,1588.89,1574.52,1598.54,1561.69,0.24927473,3.3666863336
801050,2000-10-30,1592.64,1590.15,1611.93,1572.0,0.41592354,4.9187287707
801050,2000-10-31,1577.69,1593.77,1610.52,1568.03,0.26062967,3.4613585304
801050,2000-11-01,1594.38,1571.42,1602.44,1561.44,0.23450018,3.1936372524000003
801050,2000-11-02,1604.12,1597.43,1623.96,1585.3,0.34386145,4.8089407608
801050,2000-11-03,1600.54,1603.94,1618.17,1586.92,0.25902746,3.4131106186
801050,2000-11-06,1606.13,1600.37,1622.36,1586.4,0.31397442,4.3421027382
801050,2000-11-07,1607.92,1607.86,1619.95,1592.76,0.19465023,2.8401350586
801050,2000-11-08,1620.13,1609.09,1630.78,1592.7,0.29511606,4.1895902513
801050,2000-11-09,1630.83,1621.63,1646.39,1608.29,0.43726476,5.6828467868
801050,2000-11-10,1644.22,1635.66,1662.72,1619.86,0.70073228,10.064696247
801050,2000-11-13,1667.47,1647.28,1683.4,1634.45,0.75960296,11.0367460173
801050,2000-11-14,1682.56,1670.67,1708.8,1644.84,0.61589477,8.6948291272
801050,2000-11-15,1678.55,1688.3,1707.23,1657.72,0.52157174,7.6335272437
801050,2000-11-16,1679.55,1679.67,1698.93,1663.96,0.40590808,5.9062135105
801050,2000-11-17,1677.54,1681.16,1700.96,1662.73,0.43892922,5.9086010838
801050,2000-11-20,1691.15,1674.26,1710.38,1654.67,0.48086622,7.0562396013
801050,2000-11-21,1693.16,1695.41,1727.57,1677.24,0.44946752,6.333351650700001
801050,2000-11-22,1711.31,1692.89,1723.46,1680.37,0.36966268,5.2822279732
801050,2000-11-23,1726.51,1717.98,1744.94,1701.09,0.4875984,6.632216704099999
801050,2000-11-24,1664.58,1726.8,1738.69,1651.81,0.58081026,8.1462737803
801050,2000-11-27,1668.58,1652.24,1688.15,1634.37,0.34002154,4.8742919342
801050,2000-11-28,1683.78,1669.07,1703.8,1656.17,0.30646264,5.6696647726
801050,2000-11-29,1683.23,1684.16,1708.94,1652.53,0.40677108,9.1046899495
801050,2000-11-30,1699.56,1683.13,1720.82,1667.24,0.30138529,5.805787994099999
801050,2000-12-01,1720.23,1702.9,1741.89,1688.0,0.43007668,7.2505568741
801050,2000-12-04,1741.98,1719.95,1754.68,1703.86,0.48538817,7.2138783692
801050,2000-12-05,1738.13,1741.91,1763.17,1720.31,0.41162649,6.6059269175
801050,2000-12-06,1720.42,1740.65,1761.06,1702.33,0.39739926,5.8437898852
801050,2000-12-07,1712.03,1712.77,1737.69,1691.12,0.32060732,4.8489492473
801050,2000-12-08,1713.36,1710.96,1733.55,1694.64,0.18198703,2.896522964
801050,2000-12-11,1688.97,1712.18,1723.67,1677.43,0.23811091,3.6212634893
801050,2000-12-12,1704.75,1683.88,1714.63,1673.14,0.17971975,2.8564077047000005
801050,2000-12-13,1705.15,1704.97,1720.14,1684.11,0.18610681,3.2656921088
801050,2000-12-14,1701.32,1707.38,1723.3,1689.25,0.18299332,3.4398585586
801050,2000-12-15,1698.84,1702.61,1722.73,1673.56,0.2813887,4.70784242
801050,2000-12-18,1703.39,1696.86,1717.56,1674.29,0.24831951,4.4140323372
801050,2000-12-19,1710.65,1707.57,1731.14,1693.99,0.23346344,4.0480257642
801050,2000-12-20,1738.57,1709.27,1748.94,1701.06,0.35410652,6.1959935313
801050,2000-12-21,1739.74,1740.62,1769.89,1726.66,0.29879325,5.5489888693
801050,2000-12-22,1731.01,1742.04,1753.33,1717.67,0.21495513,3.570278656
801050,2000-12-25,1749.97,1729.17,1767.04,1714.75,0.28368036,5.0559450075
801050,2000-12-26,1762.97,1756.01,1783.53,1733.06,0.28447615,5.0397803217
801050,2000-12-27,1740.33,1765.51,1781.29,1725.48,0.30302726,5.536069959
801050,2000-12-28,1747.4,1736.96,1766.7,1719.42,0.2953968,4.7790363759
801050,2000-12-29,1753.39,1748.36,1769.12,1733.91,0.2613102,4.3173268455
801050,2001-01-02,1774.12,1759.48,1786.91,1741.16,0.33061898,5.4400897002
801050,2001-01-03,1786.33,1772.97,1800.12,1749.6,0.45051,7.5264009042
801050,2001-01-04,1785.26,1787.66,1809.97,1765.53,0.41401695,6.940572958200001
801050,2001-01-05,1796.83,1781.41,1806.98,1769.47,0.39061639,5.7426165645000005
801050,2001-01-08,1765.49,1803.14,1814.49,1746.18,0.53505852,7.808061610399999
801050,2001-01-09,1765.76,1760.87,1783.95,1735.18,0.31859881,4.9339079439999995
801050,2001-01-10,1785.11,1762.59,1797.82,1749.04,0.41358631,5.9383173027
801050,2001-01-11,1754.74,1788.45,1804.98,1737.71,0.49843407,8.0270650002
801050,2001-01-12,1732.39,1750.77,1765.88,1710.99,0.37278993,6.5140923613999995
801050,2001-01-15,1678.78,1723.18,1728.32,1666.22,0.37434995,5.4233103715999995
801050,2001-01-16,1693.78,1667.09,1707.7,1644.36,0.26537149,3.9230281223000003
801050,2001-01-17,1673.02,1693.51,1710.42,1660.83,0.21901969,3.5917994800999997
801050,2001-01-18,1659.08,1673.49,1689.87,1642.97,0.20752142,3.5054542851
801050,2001-01-19,1685.38,1658.52,1697.96,1651.11,0.35353089,5.765026021000001
801050,2001-02-05,1631.67,1689.86,1698.79,1621.25,0.2327523,3.7955168689
801050,2001-02-06,1622.01,1621.42,1635.21,1584.58,0.21166644,3.4111526301999997
801050,2001-02-07,1610.68,1621.28,1632.29,1597.29,0.11685554,1.6673347473
801050,2001-02-08,1579.46,1608.26,1629.62,1565.67,0.19907708,3.1938489097000002
801050,2001-02-09,1604.59,1583.3,1619.17,1575.4,0.19265606,3.0727904469
801050,2001-02-12,1618.87,1604.8,1627.75,1580.97,0.23126324,3.0152358829000003
801050,2001-02-13,1627.91,1622.21,1646.69,1610.31,0.23629352,3.4654767987
801050,2001-02-14,1632.01,1625.48,1643.0,1609.79,0.15780165,2.0860272413
801050,2001-02-15,1621.13,1633.32,1646.55,1610.65,0.19313935,2.5346823197
801050,2001-02-16,1630.09,1612.89,1636.53,1589.15,0.1894745,2.4950446743
801050,2001-02-19,1648.33,1633.3,1659.07,1618.06,0.31673719,4.2141245924
801050,2001-02-20,1641.85,1647.89,1670.37,1626.96,0.31259998,4.2424798334
801050,2001-02-21,1625.07,1640.35,1653.9,1605.04,0.50951718,6.7558287758
801050,2001-02-22,1633.03,1621.67,1657.8,1605.67,0.35323588,4.8018764508
801050,2001-02-23,1645.72,1634.38,1652.22,1611.73,0.34085661,4.5491873866
801050,2001-02-26,1668.03,1650.94,1674.64,1638.02,0.45389679,5.8611695385
801050,2001-02-27,1676.12,1669.06,1685.86,1653.09,0.44506835,5.9923874889999995
801050,2001-02-28,1671.54,1675.4,1687.68,1656.29,0.25009261,3.5722915235
801050,2001-03-01,1687.53,1671.88,1694.2,1662.5,0.28969356,4.0832745533
801050,2001-03-02,1697.13,1691.37,1711.26,1681.9,0.31950978,4.4372464204
801050,2001-03-05,1690.78,1699.07,1711.18,1678.78,0.30158436,4.1038497226
801050,2001-03-06,1696.6,1691.7,1707.84,1672.61,0.37380121,5.1052833575
801050,2001-03-07,1702.71,1698.33,1720.96,1686.88,0.37657345,4.9041295938
801050,2001-03-08,1706.88,1702.88,1720.32,1687.97,0.32710815,4.6974406795
801050,2001-03-09,1716.92,1706.78,1732.05,1696.28,0.32375561,4.8913060587
801050,2001-03-12,1722.68,1716.56,1735.66,1693.93,0.2815099,4.1406276603
801050,2001-03-13,1711.42,1721.16,1736.74,1691.4,0.34289936,5.2442013251
801050,2001-03-14,1726.43,1707.35,1732.46,1695.15,0.3299585,5.1659580299000005
801050,2001-03-15,1721.87,1725.21,1741.16,1708.7,0.37468305,5.6729799686
801050,2001-03-16,1707.5,1719.24,1729.94,1692.86,0.33215304,4.6782917557
801050,2001-03-19,1710.6,1705.38,1723.76,1685.1,0.31507122,4.465128776999999
801050,2001-03-20,1714.8,1716.41,1737.6,1696.66,0.33009261,4.5818421981
801050,2001-03-21,1720.13,1716.78,1734.26,1703.49,0.28853334,3.954893573
801050,2001-03-22,1728.76,1723.35,1740.35,1708.4,0.34579863,4.8708395188999996
801050,2001-03-23,1710.4,1731.24,1745.58,1701.09,0.40939444,5.6549263738999995
801050,2001-03-26,1734.36,1706.11,1742.27,1696.79,0.39459874,5.7345794048
801050,2001-03-27,1744.48,1739.5,1762.25,1719.16,0.41315845,6.444187975499999
801050,2001-03-28,1750.43,1742.19,1766.31,1727.92,0.38817809,6.258073115399999
801050,2001-03-29,1751.16,1747.44,1771.5,1733.61,0.34620888,5.5798798303999995
801050,2001-03-30,1770.45,1752.8,1782.29,1738.68,0.34556761,6.2539740197
801050,2001-04-02,1778.22,1770.08,1791.1,1757.4,0.48093191,6.6306647542
801050,2001-04-03,1770.81,1780.31,1794.96,1748.89,0.38011791,6.3695499165
801050,2001-04-04,1743.9,1771.18,1782.25,1729.34,0.398547,6.2579113102
801050,2001-04-05,1758.83,1735.95,1763.77,1724.14,0.30758629,4.8578921699
801050,2001-04-06,1748.15,1758.55,1771.67,1736.27,0.29142529,4.3999773304000005
801050,2001-04-09,1750.06,1747.42,1765.71,1728.49,0.2707102,4.2303431239
801050,2001-04-10,1760.3,1751.99,1772.74,1738.99,0.24440044,4.2069641116000005
801050,2001-04-11,1764.28,1760.44,1778.23,1742.91,0.28536338,4.6142722931
801050,2001-04-12,1768.55,1765.42,1784.3,1744.82,0.3176382,5.0918940138
801050,2001-04-13,1775.56,1770.42,1787.33,1754.82,0.27046073,4.2480774716
801050,2001-04-16,1805.57,1783.65,1819.72,1771.81,0.82382058,11.8359689921
801050,2001-04-17,1812.34,1810.61,1833.57,1787.3,0.47737044,8.2061145711
801050,2001-04-18,1801.54,1812.5,1825.1,1787.53,0.33665864,5.949682028400001
801050,2001-04-19,1793.55,1798.06,1813.72,1767.62,0.35294431,6.2167472835
801050,2001-04-20,1770.64,1793.84,1811.21,1763.69,0.40621294,6.5637995076
801050,2001-04-23,1760.27,1764.08,1779.65,1734.96,0.36175373,5.6195925142
801050,2001-04-24,1780.92,1762.22,1799.64,1752.44,0.3422816,6.669821102799999
801050,2001-04-25,1766.67,1773.96,1799.43,1748.87,0.1096086,2.3414701556
801050,2001-04-26,1756.54,1758.59,1784.73,1736.7,0.27819586,4.8155995347000005
801050,2001-04-27,1764.52,1755.31,1778.3,1745.78,0.22664279,3.4773556001
801050,2001-04-30,1764.04,1765.82,1782.11,1746.97,0.17801235,3.3920058457
801050,2001-05-08,1770.98,1762.38,1784.92,1748.36,0.1460454,2.3246089557
801050,2001-05-09,1767.88,1771.94,1793.08,1751.71,0.21517788,3.6118305666
801050,2001-05-10,1781.42,1765.57,1788.95,1751.56,0.13449133,2.4096599134
801050,2001-05-11,1785.57,1780.51,1794.38,1766.12,0.20092103,3.5824744535
801050,2001-05-14,1794.49,1785.5,1806.44,1763.91,0.26119938,4.110014647
801050,2001-05-15,1809.36,1795.39,1820.72,1782.73,0.27581255,4.8464889242
801050,2001-05-16,1820.04,1812.74,1836.09,1797.55,0.29796408,5.0347275198000006
801050,2001-05-17,1819.68,1823.97,1845.41,1789.73,0.39352008,7.2141429539
801050,2001-05-18,1826.28,1819.05,1841.51,1806.6,0.32791339,6.0995752319
801050,2001-05-21,1839.19,1827.27,1864.32,1808.28,0.39893685,7.0915412145
801050,2001-05-22,1830.44,1832.08,1855.23,1815.31,0.34845624,5.2701498168
801050,2001-05-23,1818.45,1829.76,1842.6,1789.67,0.28240121,4.2987079214
801050,2001-05-24,1815.74,1818.06,1837.09,1799.71,0.27661326,4.2649492171
801050,2001-05-25,1807.23,1815.96,1828.79,1789.2,0.27214152,4.0291257674
801050,2001-05-28,1795.72,1805.42,1825.38,1773.85,0.25094046,3.8763858293999998
801050,2001-05-29,1804.77,1792.81,1825.61,1781.28,0.19774713,3.302112153
801050,2001-05-30,1815.81,1804.87,1825.13,1791.24,0.21438384,3.4416559936
801050,2001-05-31,1813.99,1819.86,1838.63,1798.83,0.21789618,3.5723439469
801050,2001-06-01,1816.06,1813.47,1832.32,1796.63,0.27302892,4.0221326419
801050,2001-06-04,1813.05,1818.86,1832.3,1791.73,0.29952942,4.4144413342
801050,2001-06-05,1819.93,1808.4,1837.37,1792.9,0.30256832,4.7321952636
801050,2001-06-06,1818.99,1823.59,1838.31,1800.27,0.42806486,6.4683304453999995
801050,2001-06-07,1813.57,1818.35,1833.37,1799.3,0.27364145,4.0427555154000006
801050,2001-06-08,1813.07,1812.8,1828.37,1794.37,0.29122514,4.267495949700001
801050,2001-06-11,1795.72,1809.88,1824.22,1781.51,0.24043945,3.8977340338
801050,2001-06-12,1790.57,1793.38,1813.64,1769.77,0.30726107,5.3693592751
801050,2001-06-13,1808.93,1796.92,1824.43,1775.8,0.50759098,7.4320052649
801050,2001-06-14,1788.96,1808.22,1825.66,1776.83,0.43063823,6.9859001862
801050,2001-06-15,1789.84,1783.25,1803.36,1765.51,0.29491922,4.5633581614
801050,2001-06-18,1749.12,1788.54,1794.68,1733.4,0.30057473,4.4710904642000004
801050,2001-06-19,1754.45,1742.93,1768.84,1725.08,0.20946338,2.9045159854
801050,2001-06-20,1741.24,1752.24,1765.54,1731.23,0.18984652,2.9261365823000003
801050,2001-06-21,1753.45,1741.39,1765.56,1734.54,0.16771305,2.3702853091
801050,2001-06-22,1762.23,1754.86,1772.71,1741.97,0.16099791,2.3823339141999997
801050,2001-06-25,1766.99,1762.98,1779.45,1745.82,0.25220334,3.6215648412
801050,2001-06-26,1772.59,1767.66,1785.71,1751.89,0.36412856,4.7227412365
801050,2001-06-27,1768.5,1771.68,1784.59,1753.68,0.21310538,3.0386198363999997
801050,2001-06-28,1753.65,1768.72,1780.12,1741.19,0.2143649,3.4795720470999996
801050,2001-06-29,1756.13,1751.17,1777.82,1738.64,0.14520196,2.2915679519
801050,2001-07-02,1743.07,1754.38,1765.54,1732.58,0.13969582,2.195671136
801050,2001-07-03,1749.99,1742.25,1759.1,1726.37,0.15958689,2.2107381532
801050,2001-07-04,1745.67,1749.9,1761.39,1734.46,0.13646433,1.8648102399000002
801050,2001-07-05,1737.61,1748.12,1757.35,1723.65,0.20722604,2.7913843679
801050,2001-07-06,1731.77,1735.79,1746.83,1720.18,0.14792345,2.1122406506
801050,2001-07-09,1725.76,1730.24,1740.74,1711.86,0.11105141,1.5437865761000003
801050,2001-07-10,1740.88,1728.45,1747.94,1720.35,0.14054948,2.0646352325999997
801050,2001-07-11,1731.3,1743.89,1753.31,1719.92,0.20292708,3.0191191617000004
801050,2001-07-12,1723.43,1726.63,1737.5,1709.78,0.17451414,2.4076828582
801050,2001-07-13,1724.32,1723.69,1742.85,1712.22,0.13731621,2.3196653221
801050,2001-07-16,1709.68,1733.08,1745.9,1697.12,0.19034655,2.6806807401
801050,2001-07-17,1708.29,1707.67,1724.08,1681.17,0.16484686,2.4870187022
801050,2001-07-18,1710.35,1704.77,1728.44,1688.5,0.1141179,1.9381664869
801050,2001-07-19,1705.99,1707.97,1720.51,1689.86,0.11815824,1.6964902291
801050,2001-07-20,1729.53,1709.61,1738.18,1702.09,0.23322791,3.5532969620999997
801050,2001-07-23,1730.97,1733.52,1751.04,1714.27,0.19566922,2.9620943043
801050,2001-07-24,1708.35,1729.92,1733.21,1697.59,0.19968138,3.1100002893000003
801050,2001-07-25,1685.38,1699.84,1714.04,1672.53,0.18583238,2.98390075
801050,2001-07-26,1664.05,1681.06,1693.2,1648.72,0.18120351,2.9502828092
801050,2001-07-27,1636.32,1661.35,1677.84,1621.04,0.18130726,2.9735984737
801050,2001-07-30,1546.25,1624.32,1627.98,1533.77,0.20662755,2.6981148891
801050,2001-07-31,1492.91,1535.41,1568.65,1473.18,0.22204894,3.1548142783
801050,2001-08-01,1553.59,1523.28,1582.59,1496.48,0.26438537,3.2613900461000003
801050,2001-08-02,1529.6,1550.51,1557.45,1473.05,0.18081363,2.7542550897000004
801050,2001-08-03,1527.87,1528.0,1544.52,1506.62,0.10902119,1.8810499232
801050,2001-08-06,1458.89,1519.17,1523.24,1438.21,0.1553223,2.3419088558000003
801050,2001-08-07,1471.66,1445.63,1485.59,1421.82,0.18028035,2.8447874153
801050,2001-08-08,1463.76,1464.9,1483.1,1443.98,0.07609669,1.1360483788
801050,2001-08-09,1488.5,1461.64,1496.63,1454.8,0.11360378,1.5868123938
801050,2001-08-10,1510.81,1498.03,1528.07,1486.96,0.18652376,2.8384324357
801050,2001-08-13,1521.76,1514.77,1536.49,1499.7,0.12122928,1.894709884
801050,2001-08-14,1510.23,1522.81,1538.24,1491.89,0.13324029,2.0499450408
801050,2001-08-15,1514.08,1507.45,1525.79,1494.24,0.15625583,2.3073542478
801050,2001-08-16,1494.56,1514.85,1523.4,1487.74,0.13031153,1.8258245830000002
801050,2001-08-17,1495.5,1489.45,1507.32,1478.31,0.09397901,1.4618926005000001
801050,2001-08-20,1494.67,1494.41,1509.71,1474.97,0.07659002,1.0947578487
801050,2001-08-21,1500.22,1494.52,1512.43,1484.25,0.07957947,1.1672864564
801050,2001-08-22,1472.8,1494.64,1499.45,1454.74,0.08982018,1.3396894761
801050,2001-08-23,1467.29,1461.99,1477.22,1442.05,0.09113872,1.4094783935
801050,2001-08-24,1456.14,1465.24,1482.72,1446.77,0.07600636,1.1460512235
801050,2001-08-27,1412.17,1448.85,1455.34,1398.31,0.15951507,2.0002348228
801050,2001-08-28,1419.75,1398.98,1430.02,1375.31,0.10496493,1.3567418294
801050,2001-08-29,1428.26,1419.41,1449.68,1405.49,0.14047694,1.9502175561000001
801050,2001-08-30,1413.51,1421.95,1431.82,1397.91,0.06749733,1.1336888037000001
801050,2001-08-31,1411.33,1412.27,1427.09,1398.76,0.0413203,0.5914275971
801050,2001-09-03,1396.65,1408.07,1416.86,1387.23,0.04984865,0.6263998535
801050,2001-09-04,1426.28,1395.16,1431.0,1383.09,0.09169872,1.3281479332
801050,2001-09-05,1446.91,1429.89,1467.41,1422.48,0.13833576,2.0753911505000002
801050,2001-09-06,1443.6,1446.93,1464.46,1425.67,0.12861096,1.7520292696000002
801050,2001-09-07,1400.14,1434.74,1442.04,1391.98,0.11628836,1.5720759769
801050,2001-09-10,1441.56,1381.08,1448.68,1359.03,0.18422049,3.0276798727
801050,2001-09-11,1442.89,1440.75,1461.05,1421.37,0.16063761,2.6068564665
801050,2001-09-12,1446.77,1398.69,1461.3,1372.8,0.23952311,3.3037876185000004
801050,2001-09-13,1442.76,1447.04,1465.5,1427.77,0.15824761,2.2832292921
801050,2001-09-14,1424.57,1443.19,1454.15,1411.51,0.13181163,1.8046474628
801050,2001-09-17,1399.01,1415.26,1435.78,1389.29,0.12470158,1.5787510969999998
801050,2001-09-18,1411.08,1403.51,1437.09,1387.01,0.12271881,1.9162714655000002
801050,2001-09-19,1425.8,1413.6,1435.18,1389.49,0.14213912,2.2511540443999998
801050,2001-09-20,1418.7,1431.63,1445.27,1409.11,0.14395053,2.24012622
801050,2001-09-21,1408.41,1415.59,1428.09,1395.32,0.08915138,1.2463547651
801050,2001-09-24,1405.93,1405.11,1427.23,1388.87,0.09698594,1.2945755331
801050,2001-09-25,1401.93,1409.21,1424.41,1391.81,0.09603175,1.2502625926
801050,2001-09-26,1382.46,1402.7,1409.88,1371.97,0.09258607,1.1774757321
801050,2001-09-27,1377.21,1376.54,1397.57,1352.65,0.10706139,1.3687821754
801050,2001-09-28,1375.92,1378.37,1394.84,1361.11,0.08591904,1.1908424537
801050,2001-10-08,1339.18,1378.69,1386.94,1322.59,0.08170056,1.2172361227
801050,2001-10-09,1344.6,1335.4,1360.87,1318.57,0.06433634,0.9316497842
801050,2001-10-10,1289.16,1333.25,1345.83,1277.17,0.11361799,1.7272248603
801050,2001-10-11,1232.35,1276.01,1301.52,1220.97,0.1526927,2.2276903715
801050,2001-10-12,1257.48,1223.46,1277.76,1177.94,0.24330437,3.3672659981
801050,2001-10-15,1244.1,1252.19,1272.53,1219.6,0.15264935,2.1064904762
801050,2001-10-16,1223.36,1240.69,1255.33,1199.56,0.14215444,2.0860480498
801050,2001-10-17,1215.27,1214.36,1239.13,1196.84,0.11023413,1.5180805628
801050,2001-10-18,1194.99,1214.26,1231.91,1180.27,0.09117509,1.1880003457
801050,2001-10-19,1146.0,1183.95,1193.29,1124.45,0.17996848,2.1901374136
801050,2001-10-22,1110.57,1132.32,1151.35,1094.87,0.12604169,1.4514026362
801050,2001-10-23,1221.23,1196.28,1221.23,1175.6,0.38745475,4.875324905199999
801050,2001-10-24,1282.92,1282.45,1313.54,1242.55,0.65582028,8.454610799600001
801050,2001-10-25,1238.32,1272.53,1288.1,1225.91,0.3024087,4.3259707344
801050,2001-10-26,1232.21,1224.81,1252.71,1207.25,0.15304947,2.029032613
801050,2001-10-29,1250.92,1234.21,1256.92,1222.81,0.12363147,1.5963973140999999
801050,2001-10-30,1241.19,1251.99,1262.72,1230.41,0.11423335,1.643120596
801050,2001-10-31,1241.45,1236.3,1247.73,1214.11,0.0944408,1.2874525927
801050,2001-11-01,1252.72,1242.22,1264.01,1231.72,0.12397441,1.5547091642
801050,2001-11-02,1242.2,1248.25,1260.41,1231.22,0.09967431,1.2217397939
801050,2001-11-05,1221.05,1246.77,1252.41,1207.48,0.14712531,1.8057317168
801050,2001-11-06,1216.28,1213.24,1233.08,1202.76,0.08097196,0.9648134047
801050,2001-11-07,1152.46,1207.7,1216.55,1144.63,0.1490363,1.7744854490000002
801050,2001-11-08,1163.38,1133.92,1175.68,1112.95,0.1381026,1.4623172504
801050,2001-11-09,1181.21,1167.01,1194.29,1137.65,0.11969311,1.308038706
801050,2001-11-12,1177.33,1182.68,1201.18,1162.4,0.07080318,0.7969491340000001
801050,2001-11-13,1178.61,1163.99,1193.96,1152.53,0.10138411,0.9249604686
801050,2001-11-14,1183.05,1182.28,1198.29,1168.21,0.0663052,0.7161606544
801050,2001-11-15,1193.64,1184.32,1209.56,1173.39,0.1094913,1.0528294318
801050,2001-11-16,1220.32,1281.05,1304.29,1209.8,0.36319495,4.0509624918
801050,2001-11-19,1230.21,1219.79,1237.85,1205.13,0.16689191,1.6386403786000001
801050,2001-11-20,1252.17,1233.0,1262.66,1227.44,0.24576815,2.6703527272
801050,2001-11-21,1263.05,1255.23,1272.76,1239.19,0.30670433,3.1826477839
801050,2001-11-22,1267.23,1254.89,1274.86,1239.46,0.08492292,1.1241401356999998
801050,2001-11-23,1264.37,1268.4,1278.71,1253.05,0.18077843,2.0469655572
801050,2001-11-26,1256.51,1260.28,1268.31,1245.12,0.11729753,1.2985878775
801050,2001-11-27,1271.89,1253.79,1274.49,1248.77,0.12561437,1.4559880131999998
801050,2001-11-28,1288.02,1277.16,1301.61,1269.14,0.21662088,2.6927387505000002
801050,2001-11-29,1289.75,1290.92,1307.88,1278.53,0.20451507,2.1264770817
801050,2001-11-30,1301.06,1289.64,1308.39,1282.8,0.18197832,2.2982834836
801050,2001-12-03,1318.81,1309.6,1330.85,1298.76,0.27639197,3.4051871493
801050,2001-12-04,1321.34,1320.99,1328.98,1303.3,0.16833499,2.0927028284
801050,2001-12-05,1295.49,1317.85,1328.24,1288.09,0.23744361,2.7845932384
801050,2001-12-06,1305.48,1288.45,1314.06,1281.77,0.17716746,2.205109299
801050,2001-12-07,1301.64,1308.7,1319.66,1291.74,0.1297025,1.5155063568
801050,2001-12-10,1297.28,1298.8,1308.57,1282.59,0.10341972,1.2211262707
801050,2001-12-11,1281.05,1295.25,1305.93,1274.62,0.11995234,1.4383237931
801050,2001-12-12,1268.35,1275.27,1287.6,1262.1,0.11846015,1.4088433572999999
801050,2001-12-13,1246.12,1266.96,1277.47,1236.84,0.12331737,1.4137354077000002
801050,2001-12-14,1233.76,1238.45,1252.52,1224.1,0.10104912,1.0846504092
801050,2001-12-17,1225.43,1227.47,1243.48,1212.34,0.09100709,1.0549096594
801050,2001-12-18,1246.83,1226.77,1249.28,1217.1,0.11216003,1.2945127794
801050,2001-12-19,1238.22,1250.39,1258.24,1230.04,0.14081747,1.6956927293000001
801050,2001-12-20,1206.44,1232.71,1236.05,1195.17,0.17388077,1.8609736609999998
801050,2001-12-21,1214.21,1199.09,1220.79,1191.47,0.1481322,1.7327826953
801050,2001-12-24,1191.82,1215.29,1223.13,1182.0,0.1212852,1.3295218054
801050,2001-12-25,1194.06,1189.3,1204.06,1172.95,0.0966418,1.1596000792
801050,2001-12-26,1211.53,1191.98,1214.65,1185.01,0.09307072,1.130119465
801050,2001-12-27,1210.4,1212.65,1226.39,1198.9,0.12952548,1.5860893193
801050,2001-12-28,1212.03,1212.7,1225.57,1196.28,0.11702084,1.5572449950999998
801050,2001-12-31,1217.77,1213.17,1235.78,1195.83,0.11347225,1.4784877337
801050,2002-01-04,1186.28,1212.55,1218.6,1179.53,0.07735792,0.9410258454000001
801050,2002-01-07,1170.56,1175.89,1185.48,1153.83,0.05832223,0.6614555174
801050,2002-01-08,1162.8,1173.13,1185.79,1155.61,0.04838363,0.5067027205
801050,2002-01-09,1137.43,1154.93,1162.88,1128.23,0.08084253,0.8138852320000001
801050,2002-01-10,1143.32,1130.53,1159.08,1094.46,0.15466031,1.7298895537
801050,2002-01-11,1103.35,1139.28,1142.67,1097.68,0.10816395,1.0958209831999999
801050,2002-01-14,1056.23,1091.12,1097.47,1049.47,0.14486565,1.4931976356999999
801050,2002-01-15,1028.3,1044.47,1063.7,1015.74,0.13494615,1.3387947118999999
801050,2002-01-16,1048.91,1034.13,1064.28,1015.67,0.18215833,1.8800582917
801050,2002-01-17,988.02,1046.76,1050.01,977.78,0.15152956,1.5234489754
801050,2002-01-18,982.11,973.35,1006.22,938.66,0.55185111,3.846943511
801050,2002-01-21,935.22,970.99,983.47,922.23,0.37123494,2.6382063691
801050,2002-01-22,943.19,927.01,979.68,911.92,0.476771,3.7252664197000005
801050,2002-01-23,1017.15,936.64,1020.33,923.51,0.68546062,4.9238835181
801050,2002-01-24,1029.08,1008.64,1056.17,974.19,1.20697495,8.1661435694
801050,2002-01-25,1025.74,1022.6,1050.21,1009.95,0.67502938,4.8381978925
801050,2002-01-28,945.71,1011.04,1025.52,939.94,0.76178517,5.3967387884
801050,2002-01-29,981.83,934.25,995.38,922.54,0.48783863,3.6002544112
801050,2002-01-30,986.51,981.0,1002.29,964.65,0.33636051,2.4145126929
801050,2002-01-31,1064.15,995.67,1073.94,994.72,1.17304055,9.1938970878
801050,2002-02-01,1060.14,1067.26,1086.24,1046.67,0.7928947,6.8441768823
801050,2002-02-04,1084.37,1060.19,1090.92,1045.48,0.48945149,3.9616161908
801050,2002-02-05,1090.34,1083.43,1103.71,1067.5,0.49161514,3.8774737412999998
801050,2002-02-06,1057.46,1087.52,1096.45,1051.65,0.41466034,3.4006407059
801050,2002-02-07,1084.47,1053.62,1097.92,1049.37,0.39813348,3.7436475055000002
801050,2002-02-08,1083.56,1091.18,1107.55,1075.61,0.39551258,3.3699281289
801050,2002-02-25,1105.98,1117.06,1130.22,1093.68,0.34937101,3.2501460335
801050,2002-02-26,1105.75,1101.93,1111.62,1079.19,0.2734183,2.5151558825
801050,2002-02-27,1109.23,1105.15,1119.54,1094.9,0.35393723,2.7601158708999995
801050,2002-02-28,1101.59,1107.71,1123.93,1091.88,0.25207307,2.3116708836
801050,2002-03-01,1085.12,1096.77,1107.5,1079.12,0.23782064,2.0133960091
801050,2002-03-04,1109.71,1080.02,1112.37,1072.3,0.22612533,2.2057363654
801050,2002-03-05,1139.96,1115.44,1149.61,1109.71,0.52735797,5.4182900435
801050,2002-03-06,1154.17,1144.69,1178.81,1133.52,0.84911588,7.7642949443
801050,2002-03-07,1193.04,1154.85,1197.68,1145.21,1.23143861,10.4396644189
801050,2002-03-08,1212.43,1203.48,1233.02,1181.17,1.27313181,12.5222253749
801050,2002-03-11,1238.88,1217.66,1249.35,1196.2,0.90007027,8.6092312301
801050,2002-03-12,1206.74,1240.3,1252.99,1202.81,0.84420671,7.7602227967
801050,2002-03-13,1186.05,1200.41,1223.88,1175.31,0.6955815,5.8435492816
801050,2002-03-14,1227.43,1187.49,1232.58,1182.05,0.63157069,5.9749250939
801050,2002-03-15,1191.39,1234.36,1245.75,1185.32,0.56104881,5.5243045467
801050,2002-03-18,1189.39,1203.5,1226.7,1172.17,0.36459348,3.6680837732
801050,2002-03-19,1222.2,1193.93,1229.55,1181.21,0.51019837,5.2751799245
801050,2002-03-20,1237.93,1226.78,1252.56,1213.4,0.68982902,7.1960527657
801050,2002-03-21,1243.7,1242.11,1262.96,1224.99,0.63718526,6.2021004453
801050,2002-03-22,1230.66,1242.79,1251.1,1216.23,0.49410811,4.8912745579
801050,2002-03-25,1235.85,1227.17,1245.23,1215.91,0.38586425,3.4219018285000002
801050,2002-03-26,1218.46,1234.9,1244.85,1207.59,0.36703648,3.4928131292
801050,2002-03-27,1222.85,1214.42,1232.21,1197.95,0.28297202,2.7457983156
801050,2002-03-28,1220.8,1222.44,1238.78,1210.25,0.20362497,2.0921405266999997
801050,2002-03-29,1183.01,1216.23,1224.42,1172.49,0.38547753,3.7956466288999997
801050,2002-04-01,1189.68,1181.12,1201.59,1165.54,0.22406352,1.9865981877
801050,2002-04-02,1161.2,1186.93,1197.59,1150.16,0.27871028,2.7779583887
801050,2002-04-03,1167.19,1161.81,1182.52,1152.24,0.24143957,2.3626007472999997
801050,2002-04-04,1211.44,1170.39,1218.58,1157.68,0.453255,4.3715466889
801050,2002-04-05,1204.43,1217.47,1232.5,1191.7,0.34858842,3.5545447292000003
801050,2002-04-08,1202.7,1205.4,1218.74,1190.43,0.19018913,1.9198530934
801050,2002-04-09,1222.29,1202.77,1231.59,1195.22,0.32647852,3.2670727462
801050,2002-04-10,1227.85,1227.38,1239.57,1214.1,0.29719924,3.0507019854000004
801050,2002-04-11,1205.59,1228.79,1237.42,1200.99,0.28663797,2.7329183
801050,2002-04-12,1208.74,1203.57,1224.27,1197.24,0.17951322,1.8230741974
801050,2002-04-15,1201.23,1210.33,1220.57,1184.81,0.20329314,2.0947283878
801050,2002-04-16,1198.77,1199.74,1217.2,1188.13,0.14486901,1.4815813040999999
801050,2002-04-17,1199.24,1201.75,1211.04,1183.32,0.13777268,1.3189452817
801050,2002-04-18,1186.65,1198.7,1205.96,1178.0,0.12120934,1.2780873091
801050,2002-04-19,1191.33,1182.87,1196.71,1160.03,0.25441639,2.8448967092000004
801050,2002-04-22,1180.6,1189.22,1194.45,1168.14,0.15702604,1.9674467805000002
801050,2002-04-23,1176.39,1178.64,1191.86,1166.18,0.15628979,1.7769912140000002
801050,2002-04-24,1165.52,1176.52,1186.27,1159.43,0.17032933,1.8858480395
801050,2002-04-25,1165.27,1162.71,1176.61,1152.0,0.166716,1.8026733983
801050,2002-04-26,1184.05,1168.46,1194.38,1162.84,0.19596231,2.2334681682
801050,2002-04-29,1199.11,1185.76,1205.31,1175.8,0.24596969,2.7004284404
801050,2002-04-30,1201.13,1201.4,1217.55,1185.1,0.37685599,5.2939626631
801050,2002-05-08,1195.74,1201.66,1214.4,1184.2,0.30128909,3.8058595218
801050,2002-05-09,1197.12,1194.48,1211.46,1185.98,0.24965253,2.8367440239999997
801050,2002-05-10,1190.36,1196.38,1209.08,1181.91,0.21233563,2.3717047943000003
801050,2002-05-13,1173.03,1184.3,1191.55,1162.2,0.25049574,2.9801413557
801050,2002-05-14,1169.5,1169.02,1189.66,1157.81,0.17562259,1.9960378187999999
801050,2002-05-15,1159.59,1168.39,1184.05,1154.5,0.23967123,2.5448487098
801050,2002-05-16,1116.87,1154.22,1160.07,1110.24,0.26698031,2.7054932732999997
801050,2002-05-17,1129.33,1113.24,1139.0,1100.9,0.25528707,2.6675427168
801050,2002-05-20,1109.66,1125.24,1131.48,1094.12,0.14685762,1.4011266294
801050,2002-05-21,1147.77,1131.2,1167.3,1120.01,0.3326267,3.5561225345
801050,2002-05-22,1127.79,1150.61,1157.09,1120.94,0.16223048,1.7222352438
801050,2002-05-23,1132.0,1135.45,1152.02,1125.2,0.11856424,1.2502876522
801050,2002-05-24,1118.5,1132.08,1141.29,1104.46,0.15322913,1.6442970121
801050,2002-05-27,1109.1,1117.41,1129.87,1091.54,0.15245297,1.6890163844
801050,2002-05-28,1112.89,1109.37,1128.3,1102.35,0.1275891,1.3946318689
801050,2002-05-29,1092.92,1110.61,1116.91,1083.32,0.17417922,1.7522996519
801050,2002-05-30,1085.51,1091.49,1101.75,1066.94,0.14886804,1.4629653459
801050,2002-05-31,1078.69,1086.65,1097.61,1070.28,0.11526459,1.1317065167
801050,2002-06-03,1049.86,1069.9,1074.49,1040.4,0.16938846,1.6376020264
801050,2002-06-04,1059.86,1051.21,1070.94,1036.75,0.13922264,1.3854027518
801050,2002-06-05,1036.92,1059.45,1065.12,1027.83,0.13544705,1.282886392
801050,2002-06-06,1083.95,1035.25,1102.11,1023.63,0.29839865,2.839990135
801050,2002-06-07,1089.69,1075.73,1105.12,1061.26,0.32627464,2.9356676602999996
801050,2002-06-10,1082.99,1087.77,1097.8,1070.3,0.19273539,1.7068628894
801050,2002-06-11,1092.91,1082.68,1102.3,1074.74,0.16633959,1.5024855884000001
801050,2002-06-12,1082.11,1092.74,1099.24,1072.51,0.10783268,0.9638705338
801050,2002-06-13,1072.59,1081.5,1092.06,1067.47,0.14086119,1.2185683445
801050,2002-06-14,1056.4,1067.9,1075.22,1050.11,0.13585586,1.1704883164
801050,2002-06-17,1056.67,1049.27,1063.87,1038.34,0.11353269,0.9901975973
801050,2002-06-18,1081.03,1062.35,1090.73,1057.91,0.19137645,1.8070274975
801050,2002-06-19,1068.12,1082.15,1086.61,1061.55,0.09486298,0.8794508902
801050,2002-06-20,1076.41,1071.9,1088.31,1065.42,0.12863404,1.063569636
801050,2002-06-21,1120.18,1080.98,1127.16,1076.75,0.51828729,4.6280421156000005
801050,2002-06-24,1231.4,1229.08,1231.68,1184.43,1.74184632,16.510998431199997
801050,2002-06-25,1230.77,1250.62,1285.03,1208.45,2.03415643,17.2043918415
801050,2002-06-26,1237.2,1221.34,1257.33,1202.66,1.03856432,9.0336166194
801050,2002-06-27,1244.78,1235.7,1262.96,1218.7,1.22257393,9.5872486213
801050,2002-06-28,1241.68,1246.73,1266.85,1212.8,1.31060729,10.7960678978
801050,2002-07-01,1233.06,1242.88,1262.82,1222.78,0.79852893,6.8216187338
801050,2002-07-02,1241.65,1229.21,1248.01,1215.15,0.61740581,4.9674242384
801050,2002-07-03,1242.66,1242.37,1255.75,1226.81,0.51357526,4.4752062017
801050,2002-07-04,1231.32,1243.64,1257.02,1223.07,0.67974974,5.6807627305
801050,2002-07-05,1235.77,1229.73,1242.69,1213.2,0.4245343,3.6127157888999997
801050,2002-07-08,1243.39,1237.33,1251.29,1226.36,0.32979399,3.1309600443
801050,2002-07-09,1238.5,1245.69,1254.24,1230.76,0.39314426,3.273541505
801050,2002-07-10,1215.13,1237.17,1242.4,1210.27,0.39109016,3.4185466408
801050,2002-07-11,1209.67,1212.8,1226.8,1199.6,0.28352017,2.6014794246
801050,2002-07-12,1212.34,1210.67,1224.78,1201.55,0.2689538,2.4433483947
801050,2002-07-15,1204.89,1212.29,1219.35,1194.27,0.26587566,2.6246885761
801050,2002-07-16,1207.9,1205.56,1224.74,1197.38,0.2527266,2.2284160930000003
801050,2002-07-17,1214.9,1209.0,1221.16,1194.04,0.24278283,2.3261745819
801050,2002-07-18,1216.16,1215.21,1228.95,1205.77,0.22990091,2.1450894316999998
801050,2002-07-19,1219.53,1221.15,1229.76,1208.63,0.23546441,2.1920600612
801050,2002-07-22,1196.89,1220.11,1223.11,1192.16,0.24283519,2.1400730009
801050,2002-07-23,1186.76,1190.65,1203.15,1180.51,0.18747147,1.7006967080000002
801050,2002-07-24,1185.48,1186.33,1198.45,1176.87,0.16654821,1.5085986728999998
801050,2002-07-25,1179.33,1187.68,1199.64,1170.99,0.19054544,1.6741710436000001
801050,2002-07-26,1175.01,1180.13,1189.25,1167.54,0.14319357,1.2400587335
801050,2002-07-29,1189.45,1173.66,1194.73,1164.68,0.19772066,1.7239079988
801050,2002-07-30,1190.35,1191.43,1198.97,1175.7,0.13558543,1.2331775462999999
801050,2002-07-31,1176.85,1188.27,1194.76,1171.94,0.14163522,1.2722286338
801050,2002-08-01,1175.81,1173.7,1187.25,1163.02,0.18944364,1.6329016307
801050,2002-08-02,1177.91,1177.48,1185.52,1168.86,0.1189731,1.0296614495
801050,2002-08-05,1173.68,1176.07,1184.88,1166.0,0.17241927,1.476478424
801050,2002-08-06,1188.16,1170.18,1200.87,1164.85,0.34378887,2.8509259002999996
801050,2002-08-07,1184.14,1188.24,1192.61,1177.73,0.13140581,1.1689624379999999
801050,2002-08-08,1178.12,1186.6,1194.51,1172.97,0.13324066,1.2040283467
801050,2002-08-09,1170.78,1176.8,1183.78,1163.04,0.13477243,1.2374821179
801050,2002-08-12,1158.88,1165.75,1170.59,1154.33,0.11359467,1.15355838
801050,2002-08-13,1155.19,1157.43,1170.03,1146.84,0.13623905,1.4476391729
801050,2002-08-14,1163.07,1154.09,1165.04,1147.75,0.10678658,1.100000435
801050,2002-08-15,1156.07,1160.87,1166.8,1149.08,0.08195064,0.8009190959999999
801050,2002-08-16,1164.49,1154.14,1172.61,1144.17,0.15574863,1.4161483168
801050,2002-08-19,1160.68,1160.79,1170.26,1152.27,0.08356271,0.8308991595
801050,2002-08-20,1176.44,1159.74,1181.98,1155.15,0.22900825,2.0431757852000003
801050,2002-08-21,1180.96,1177.41,1190.5,1167.82,0.20024027,1.9752294281
801050,2002-08-22,1197.82,1180.57,1208.9,1174.61,0.4299493,4.9479283006
801050,2002-08-23,1195.32,1199.08,1207.35,1188.51,0.28195682,3.4949337848
801050,2002-08-26,1188.17,1196.54,1204.88,1178.05,0.27357003,3.2758337195
801050,2002-08-27,1195.4,1188.3,1208.17,1181.48,0.31193488,3.7156719491000003
801050,2002-08-28,1190.74,1197.65,1205.47,1185.82,0.18760395,2.3217200668999998
801050,2002-08-29,1183.91,1190.26,1198.95,1178.1,0.15380026,1.745282358
801050,2002-08-30,1182.9,1185.56,1193.04,1176.11,0.11307898,1.2728763215999999
801050,2002-09-02,1183.28,1181.44,1192.27,1169.56,0.1167887,1.3754015919
801050,2002-09-03,1193.62,1183.9,1206.13,1181.41,0.17463718,2.1852793478
801050,2002-09-04,1186.9,1194.62,1199.91,1181.27,0.13244765,1.4837635266
801050,2002-09-05,1170.11,1184.69,1190.42,1164.62,0.20767994,2.0967666671000003
801050,2002-09-06,1164.39,1169.1,1180.13,1158.04,0.23030587,2.2876215422999997
801050,2002-09-09,1156.25,1161.52,1169.65,1146.53,0.17710168,1.7712631422
801050,2002-09-10,1160.28,1157.47,1168.99,1148.44,0.12924676,1.2970135626000001
801050,2002-09-11,1157.02,1159.53,1165.83,1140.64,0.17745145,1.7412086458000002
801050,2002-09-12,1162.99,1154.84,1170.73,1147.94,0.17421421,2.058193181
801050,2002-09-13,1162.54,1161.99,1172.97,1151.84,0.15271559,1.8107429283
801050,2002-09-16,1148.58,1162.43,1166.79,1141.35,0.14493932,1.5256483375999998
801050,2002-09-17,1149.6,1149.24,1159.61,1136.07,0.14698778,1.5946546986
801050,2002-09-18,1142.03,1148.36,1156.74,1136.83,0.12452317,1.3485138299000001
801050,2002-09-19,1157.86,1138.64,1166.28,1124.19,0.28272598,2.7330180636000003
801050,2002-09-20,1146.77,1156.27,1162.18,1139.33,0.13310556,1.3558200813999999
801050,2002-09-23,1145.09,1144.16,1154.87,1135.09,0.1005412,1.0111131337
801050,2002-09-24,1141.42,1143.93,1151.12,1134.11,0.12475915,1.2652903923
801050,2002-09-25,1133.83,1139.79,1149.75,1126.38,0.19036599,2.1519256064
801050,2002-09-26,1124.1,1133.27,1139.34,1116.75,0.20316381,2.2105341159
801050,2002-09-27,1120.08,1122.73,1130.53,1112.03,0.11690912,1.1998148132
801050,2002-10-08,1110.51,1113.8,1121.08,1100.29,0.08899615,0.8607072142000001
801050,2002-10-09,1090.7,1109.52,1113.88,1080.14,0.15143964,1.4251581747
801050,2002-10-10,1086.09,1085.45,1099.07,1077.3,0.09251156,0.8466261175
801050,2002-10-11,1078.51,1087.12,1094.89,1072.1,0.12210256,1.2270003708
801050,2002-10-14,1084.31,1076.42,1091.39,1061.48,0.1274194,1.162393816
801050,2002-10-15,1080.17,1083.16,1092.26,1071.65,0.08391145,0.7996666428
801050,2002-10-16,1092.52,1086.19,1107.56,1080.5,0.12960819,1.2069180097
801050,2002-10-17,1073.97,1094.76,1098.33,1068.47,0.0930827,0.8590153468999999
801050,2002-10-18,1076.67,1071.27,1085.83,1061.7,0.09569639,0.85545201
801050,2002-10-21,1081.26,1073.94,1085.55,1065.46,0.07105166,0.6605440188
801050,2002-10-22,1097.56,1082.19,1106.62,1077.71,0.1609525,1.5755037072
801050,2002-10-23,1096.97,1096.6,1102.72,1083.9,0.10291668,0.9771535893000001
801050,2002-10-24,1084.32,1096.75,1100.72,1079.67,0.09049012,0.8011437243
801050,2002-10-25,1073.72,1082.8,1092.46,1067.83,0.09777626,0.8741835615000001
801050,2002-10-28,1056.09,1070.56,1079.25,1044.99,0.13775119,1.4667046736000002
801050,2002-10-29,1058.48,1053.52,1066.2,1038.02,0.1281259,1.2845424443
801050,2002-10-30,1057.94,1056.37,1065.09,1045.05,0.07112578,0.6588793366
801050,2002-10-31,1057.47,1056.42,1067.88,1047.96,0.06781683,0.6329460069
801050,2002-11-01,1059.52,1056.71,1066.16,1045.22,0.10311917,0.8309845240000001
801050,2002-11-04,1077.78,1064.47,1083.75,1057.66,0.15721538,1.3549243597999998
801050,2002-11-05,1095.5,1081.23,1104.09,1073.1,0.32902508,3.133431943
801050,2002-11-06,1093.19,1096.0,1102.87,1082.52,0.17696802,1.5377741121000001
801050,2002-11-07,1091.24,1093.83,1104.82,1083.38,0.19046544,1.7673603271
801050,2002-11-08,1064.15,1104.96,1111.6,1058.11,0.24445542,2.1679671528999997
801050,2002-11-11,1049.42,1061.12,1074.42,1043.66,0.13772111,1.1391193494
801050,2002-11-12,1026.08,1050.28,1059.78,1017.85,0.19256457,1.6322086662000002
801050,2002-11-13,1039.48,1025.47,1046.39,1007.71,0.20459121,1.7305769930000001
801050,2002-11-14,1016.78,1038.39,1045.25,1012.23,0.17200931,1.6767814311000002
801050,2002-11-15,1024.88,1013.29,1041.89,1004.98,0.22658738,1.9960970741
801050,2002-11-18,1020.66,1024.18,1035.96,1005.92,0.17433038,1.4137126893
801050,2002-11-19,1028.79,1019.14,1035.99,1005.67,0.16960181,1.5409385029
801050,2002-11-20,1001.23,1023.99,1027.05,993.0,0.19120838,1.8363826580000002
801050,2002-11-21,972.32,994.41,1004.79,963.55,0.24061439,2.1324761556
801050,2002-11-22,965.5,975.12,992.84,946.04,0.20100289,1.7665271222
801050,2002-11-25,967.56,958.66,975.05,946.13,0.12179967,0.9993253670000001
801050,2002-11-26,944.48,967.99,979.65,938.31,0.16493493,1.3894130528
801050,2002-11-27,947.52,937.67,958.69,919.7,0.24081292,1.7655796994
801050,2002-11-28,974.28,946.49,977.24,937.15,0.25819671,1.9547378876
801050,2002-11-29,990.16,980.67,1008.45,967.22,0.53518384,4.3526577314
801050,2002-12-02,957.75,987.57,989.76,953.02,0.21591135,1.6882796143
801050,2002-12-03,969.83,953.62,975.49,948.25,0.14162346,1.190757619
801050,2002-12-04,977.19,972.87,995.01,962.4,0.28777886,2.8224675195
801050,2002-12-05,970.53,972.96,978.27,958.25,0.17317854,1.5797973938
801050,2002-12-06,968.46,971.37,980.09,961.36,0.09922285,0.9237588223000001
801050,2002-12-09,964.6,965.71,975.34,957.63,0.10537201,1.1479303506
801050,2002-12-10,952.63,963.74,971.25,948.19,0.1277149,1.2660798953
801050,2002-12-11,946.68,948.87,956.04,934.85,0.14537339,1.4929609172
801050,2002-12-12,951.77,947.92,967.3,941.92,0.13224854,1.3928787743000002
801050,2002-12-13,964.73,944.93,971.72,934.24,0.20158752,1.8990937124
801050,2002-12-16,974.27,966.71,980.86,959.36,0.19817889,1.7346242389
801050,2002-12-17,982.21,974.65,987.11,967.11,0.19728823,1.7625721176
801050,2002-12-18,976.15,981.84,992.49,970.15,0.20325738,1.9854709195
801050,2002-12-19,979.01,973.7,985.82,967.72,0.17344284,1.5666856493
801050,2002-12-20,992.3,980.08,1001.65,968.78,0.31343688,2.9279693658999997
801050,2002-12-23,992.25,992.94,1007.4,984.51,0.25028021,2.2845841609999997
801050,2002-12-24,994.75,988.47,998.79,980.88,0.15718128,1.4717479641
801050,2002-12-25,984.94,995.28,1001.75,980.85,0.2034045,2.0467185347
801050,2002-12-26,959.1,982.61,991.44,950.31,0.40267214,3.9883058754
801050,2002-12-27,964.23,954.88,973.5,944.51,0.48304989,4.5758891754
801050,2002-12-30,949.02,961.8,966.25,938.69,0.25009299,2.4284425981
801050,2002-12-31,934.1,950.39,959.92,923.68,0.33753615,3.5917285189999997
801050,2003-01-02,905.88,926.3,937.13,899.67,0.19052605,1.6674374638999998
801050,2003-01-03,904.21,902.29,913.9,892.43,0.13154214,1.1488195643
801050,2003-01-06,918.43,903.5,923.23,895.19,0.17196251,1.4762117550999998
801050,2003-01-07,917.78,920.12,933.63,908.75,0.17438059,1.5627129745
801050,2003-01-08,941.95,916.08,947.83,909.94,0.21778918,1.7485317163999998
801050,2003-01-09,962.74,944.26,969.86,933.2,0.4513333,3.6278779538
801050,2003-01-10,955.04,964.09,977.79,946.85,0.5367776,4.5799711739
801050,2003-01-13,955.94,952.35,965.69,943.64,0.23828307,2.0636803937
801050,2003-01-14,1005.54,957.19,1022.39,951.67,0.92208732,7.6786552616999995
801050,2003-01-15,1002.82,1009.22,1033.54,989.82,0.82229536,7.2303451486000005
801050,2003-01-16,1018.02,1000.54,1024.41,990.33,0.71470905,6.575956375700001
801050,2003-01-17,1011.83,1019.51,1028.67,1001.53,0.4635902,4.2166492874
801050,2003-01-20,1011.78,1009.53,1020.42,992.99,0.28430616,2.5197116251
801050,2003-01-21,995.6,1015.22,1026.33,992.41,0.32682349,2.9299598332
801050,2003-01-22,999.39,989.21,1008.14,980.25,0.24942919,2.1038949199
801050,2003-01-23,992.7,996.52,1009.56,985.21,0.22403501,1.9841792434
801050,2003-01-24,1011.97,991.41,1019.41,986.51,0.61799908,4.4209378254
801050,2003-01-27,1027.9,1015.79,1036.47,1009.07,0.53742177,3.9870938022000004
801050,2003-01-28,1029.42,1027.36,1036.74,1016.75,0.31150217,2.9779694713
801050,2003-01-29,1026.62,1028.79,1038.47,1021.3,0.29362076,2.737052735
801050,2003-02-10,1012.01,1026.31,1031.96,1006.8,0.18431192,1.5926673147
801050,2003-02-11,1023.01,1009.44,1026.78,1004.44,0.19150812,1.4161009206
801050,2003-02-12,1042.87,1023.99,1051.99,1017.68,0.57696745,4.3104958724
801050,2003-02-13,1035.51,1043.7,1053.5,1030.07,0.40035355,3.1551238052999997
801050,2003-02-14,1041.02,1034.76,1047.24,1028.11,0.31260294,2.5336133757
801050,2003-02-17,1030.83,1040.77,1049.82,1024.17,0.30138516,2.5404088116
801050,2003-02-18,1030.7,1028.97,1037.38,1020.3,0.22359845,1.8550923875999998
801050,2003-02-19,1039.61,1029.64,1042.66,1021.35,0.27588132,2.354347094
801050,2003-02-20,1041.55,1043.37,1052.43,1033.88,0.29553543,2.687101695
801050,2003-02-21,1021.91,1040.07,1045.73,1016.25,0.40257843,4.089367376499999
801050,2003-02-24,1026.32,1018.6,1036.01,1011.33,0.31064284,3.6891667764999996
801050,2003-02-25,1044.21,1028.01,1049.77,1022.82,0.39703632,4.3059658873
801050,2003-02-26,1044.29,1044.75,1053.26,1035.6,0.28810389,3.2209553108999995
801050,2003-02-27,1039.6,1045.26,1052.86,1032.44,0.24768395,2.4786365173
801050,2003-02-28,1039.16,1038.54,1045.28,1026.25,0.26149915,2.8164225774
801050,2003-03-03,1045.26,1039.5,1050.28,1029.59,0.31312579,3.3586090774
801050,2003-03-04,1042.9,1046.79,1053.14,1036.14,0.18586179,1.9503261169
801050,2003-03-05,1038.67,1040.49,1048.12,1026.22,0.22801669,2.2373804461
801050,2003-03-06,1022.02,1038.18,1041.73,1017.86,0.21843485,2.0900485483
801050,2003-03-07,1018.67,1020.32,1029.56,1012.66,0.19139134,1.8250026169
801050,2003-03-10,1000.96,1016.37,1022.62,996.31,0.24246008,2.2309857223
801050,2003-03-11,1002.22,1000.22,1009.6,993.87,0.22045158,2.2073044983
801050,2003-03-12,1007.93,1001.4,1013.0,990.04,0.22388087,2.2065385609
801050,2003-03-13,1001.44,1007.95,1017.65,996.4,0.29371655,2.7582479027
801050,2003-03-14,1001.94,1000.6,1009.58,992.62,0.15837871,1.5577010203
801050,2003-03-17,1002.45,999.69,1008.33,986.85,0.17581307,1.6195258839
801050,2003-03-18,992.65,1002.52,1013.25,988.66,0.16507861,1.5689397867
801050,2003-03-19,992.91,991.09,1002.87,980.48,0.16357469,1.4368778253999999
801050,2003-03-20,988.83,992.59,999.99,980.87,0.15954183,1.407836562
801050,2003-03-21,999.14,988.1,1002.82,982.79,0.1878982,1.7034092466
801050,2003-03-24,997.5,999.21,1004.49,990.03,0.11395298,1.0670809159
801050,2003-03-25,984.95,996.15,999.1,981.05,0.13629513,1.297791147
801050,2003-03-26,978.32,983.47,992.31,970.27,0.14575392,1.3428135638
801050,2003-03-27,1004.19,976.6,1014.03,968.29,0.31113613,2.7767824101
801050,2003-03-28,998.86,1003.14,1015.82,990.56,0.36286537,3.0994330122000004
801050,2003-03-31,1008.71,998.73,1014.23,990.14,0.29189263,2.4206595908
801050,2003-04-01,1018.48,1007.48,1024.8,1000.33,0.39298972,3.3425667882
801050,2003-04-02,1016.27,1019.25,1025.56,1008.52,0.21266769,1.8537664106
801050,2003-04-03,1012.4,1015.89,1022.08,1006.38,0.1986647,1.7685507817
801050,2003-04-04,1016.74,1010.25,1023.04,1004.28,0.25075617,2.1007927517
801050,2003-04-07,1002.78,1015.78,1024.76,998.54,0.31424022,2.7207293692000003
801050,2003-04-08,998.53,1000.67,1011.99,990.07,0.25182331,2.1985125935
801050,2003-04-09,1007.69,993.59,1015.64,979.37,0.48629231,3.7097425363
801050,2003-04-10,1012.33,1008.71,1024.74,992.1,0.68059727,5.7116317463
801050,2003-04-11,1039.81,1011.95,1048.42,1003.55,0.95059042,7.550829141
801050,2003-04-14,1066.64,1044.4,1079.94,1036.34,1.11518462,9.526441564199999
801050,2003-04-15,1070.28,1068.89,1085.2,1048.35,0.72942929,6.6273190613
801050,2003-04-16,1048.19,1072.86,1087.75,1037.04,0.9883444,8.9583493684
801050,2003-04-17,1052.25,1046.61,1070.06,1031.48,0.59752935,5.1494269006
801050,2003-04-18,1049.9,1051.3,1067.66,1035.09,0.42745557,3.7694933739
801050,2003-04-21,1033.38,1049.46,1055.58,1018.42,0.39852694,3.4271623718
801050,2003-04-22,1034.38,1032.8,1045.96,1021.16,0.25460901,2.1923456956
801050,2003-04-23,1015.69,1033.44,1039.44,1010.8,0.31457743,2.9334889842000003
801050,2003-04-24,994.23,1013.24,1021.84,981.06,0.51038205,4.2435191688
801050,2003-04-25,979.49,990.13,1004.24,969.97,0.34917719,2.8087704738999997
801050,2003-04-28,997.26,973.27,1005.19,949.65,0.49108272,3.9612856483999996
801050,2003-04-29,983.04,997.87,1008.31,970.17,0.39702706,3.3601129829
801050,2003-04-30,985.19,981.76,1001.71,972.15,0.35721488,3.0302978970999996
801050,2003-05-12,976.24,985.53,997.57,959.98,0.27015512,2.3010294998
801050,2003-05-13,947.48,976.27,983.4,929.66,0.47669858,3.6466645361000003
801050,2003-05-14,968.22,943.56,973.78,935.49,0.34285917,2.7280987129
801050,2003-05-15,1010.42,970.44,1019.51,959.65,0.75417683,6.2744326378999995
801050,2003-05-16,1007.7,1011.66,1023.93,992.44,0.46690974,4.083205088500001
801050,2003-05-19,1014.82,1009.4,1028.86,998.88,0.426896,3.3977391661
801050,2003-05-20,1001.72,1014.56,1019.13,991.65,0.27553612,2.2380934228
801050,2003-05-21,1003.17,1000.89,1016.98,992.27,0.26075818,2.201085714
801050,2003-05-22,1007.86,1003.46,1014.07,993.23,0.23630884,2.0693531004
801050,2003-05-23,1017.87,1008.14,1029.53,1001.2,0.49977369,4.4210080716
801050,2003-05-26,1023.92,1020.04,1035.93,1011.57,0.47590193,3.8633888945
801050,2003-05-27,1031.55,1025.76,1043.76,1011.22,0.51608259,4.2998363982
801050,2003-05-28,1022.53,1031.67,1044.09,1014.93,0.41102872,3.5321654511
801050,2003-05-29,1030.7,1018.74,1036.52,1007.39,0.40157776,3.3877568343
801050,2003-05-30,1039.74,1034.53,1052.24,1022.28,0.52582686,4.329110282699999
801050,2003-06-02,1043.03,1039.41,1054.44,1025.7,0.40601611,3.7697124935
801050,2003-06-03,1028.05,1042.17,1050.12,1022.74,0.32345206,2.8928678239999996
801050,2003-06-04,1040.47,1027.7,1048.07,1016.13,0.56613562,5.480609734
801050,2003-06-05,1026.34,1042.7,1049.98,1022.1,0.45501928,3.6100813025
801050,2003-06-06,1018.49,1024.05,1039.07,1009.54,0.34026579,3.5372947997
801050,2003-06-09,1008.55,1013.35,1026.38,1000.88,0.29681226,3.017742805
801050,2003-06-10,1013.95,1009.54,1022.6,1002.42,0.22619335,2.1829040566
801050,2003-06-11,1029.37,1014.93,1034.3,1009.13,0.26920307,2.4883145621000002
801050,2003-06-12,1032.09,1031.38,1046.85,1020.69,0.36740622,3.3720816623000003
801050,2003-06-13,1031.69,1032.65,1042.85,1021.72,0.25670339,2.5092874776
801050,2003-06-16,1024.62,1030.76,1037.89,1016.09,0.20935263,2.1810798326
801050,2003-06-17,1024.19,1024.19,1033.84,1015.32,0.17126898,1.5683718962
801050,2003-06-18,1021.68,1023.32,1034.8,1015.86,0.26729796,2.2043966537
801050,2003-06-19,1012.43,1023.51,1028.92,1003.18,0.25497015,2.2254111997
801050,2003-06-20,1007.03,1011.78,1019.41,1001.7,0.14827963,1.3149408082
801050,2003-06-23,997.03,1004.55,1011.01,992.13,0.15810618,1.4247513569999999
801050,2003-06-24,999.21,996.65,1006.18,987.75,0.14078502,1.3205449212
801050,2003-06-25,991.99,999.66,1006.33,984.4,0.15501114,1.5180060637000001
801050,2003-06-26,999.44,989.22,1005.78,978.06,0.21104099,1.9875133421000002
801050,2003-06-27,986.87,1000.74,1008.09,981.38,0.15934553,1.5436245031
801050,2003-06-30,976.09,983.07,990.73,967.09,0.14213538,1.2985406262
801050,2003-07-01,971.66,976.2,990.63,965.76,0.14275267,1.2886047643
801050,2003-07-02,980.56,971.57,984.96,963.89,0.12658397,1.1554147741
801050,2003-07-03,979.37,981.97,987.8,970.89,0.10609804,0.9535244055
801050,2003-07-04,979.04,978.72,987.98,969.24,0.13060558,1.1749708883
801050,2003-07-07,982.38,977.69,987.97,969.91,0.12616087,1.144044566
801050,2003-07-08,989.33,981.27,995.01,975.95,0.13786126,1.3349584007
801050,2003-07-09,982.96,988.45,994.17,976.77,0.11994976,1.1693119408
801050,2003-07-10,1000.4,982.55,1005.52,977.25,0.23027401,2.1064306366
801050,2003-07-11,1000.42,1001.14,1010.47,990.74,0.22100071,1.9903436485
801050,2003-07-14,989.36,999.53,1003.86,984.97,0.1690406,1.5611279899000001
801050,2003-07-15,992.66,989.01,999.28,981.83,0.19858716,1.7465359268
801050,2003-07-16,994.25,991.6,1001.61,983.46,0.19944275,1.7362429131000001
801050,2003-07-17,996.67,992.81,1003.95,984.17,0.31548371,2.6938253704000004
801050,2003-07-18,976.74,996.08,1000.57,972.88,0.28490615,2.6911212973
801050,2003-07-21,966.43,969.51,978.14,954.12,0.20673115,1.7527016441
801050,2003-07-22,969.64,969.47,980.94,958.89,0.16880154,1.4544411477
801050,2003-07-23,972.31,971.7,978.19,961.55,0.12108769,1.0752289835
801050,2003-07-24,963.75,968.89,973.92,959.37,0.12025611,1.0647811612
801050,2003-07-25,955.57,960.47,972.27,948.18,0.1616056,1.3939152816999998
801050,2003-07-28,951.56,952.47,959.96,941.26,0.11511799,0.9780109262000001
801050,2003-07-29,955.31,951.29,962.27,944.07,0.1136522,1.0296233674
801050,2003-07-30,955.09,955.62,962.19,945.48,0.11998921,1.1132541391
801050,2003-07-31,955.13,955.89,963.67,947.99,0.099928,0.9802642348
801050,2003-08-01,954.09,954.6,961.16,941.34,0.15965144,1.3949271976
801050,2003-08-04,963.3,953.68,966.53,944.28,0.17703574,1.5897980911
801050,2003-08-05,961.36,964.04,970.99,952.7,0.1206872,1.1842548055
801050,2003-08-06,957.94,961.6,968.06,950.84,0.1157194,1.0823466624
801050,2003-08-07,959.07,957.85,967.44,952.75,0.12159486,1.1740630965
801050,2003-08-08,949.18,958.39,963.68,942.96,0.17049035,1.5534506549
801050,2003-08-11,951.07,947.23,956.65,937.96,0.11440963,1.0662802966
801050,2003-08-12,954.53,949.42,960.09,944.3,0.09365617,0.8880576512
801050,2003-08-13,949.19,954.79,959.05,943.54,0.09323635,0.8463823898
801050,2003-08-14,946.42,947.61,960.51,937.96,0.16114089,1.5407425341
801050,2003-08-15,943.22,944.14,951.75,934.82,0.12302123,1.0861110475
801050,2003-08-18,942.89,942.29,952.02,934.73,0.12819866,1.1942288763
801050,2003-08-19,946.13,942.4,952.96,935.81,0.11037801,0.9700839217
801050,2003-08-20,943.31,945.82,951.36,933.46,0.14358524,1.2043258773
801050,2003-08-21,942.13,942.26,948.77,932.95,0.2667251,2.4060444225
801050,2003-08-22,941.69,940.04,950.9,932.7,0.24154555,2.2066884335
801050,2003-08-25,928.28,939.03,943.85,920.84,0.28865714,2.4943438632
801050,2003-08-26,927.22,927.4,935.47,916.57,0.23006593,2.0012092936
801050,2003-08-27,927.8,927.71,936.38,919.93,0.17920652,1.5826457201
801050,2003-08-28,920.78,926.58,933.99,916.57,0.20999311,1.8227995334
801050,2003-08-29,923.19,918.67,929.17,907.31,0.16537218,1.4039563672
801050,2003-09-01,944.92,922.15,948.57,914.4,0.45396238,4.1380985868
801050,2003-09-02,941.72,945.71,955.28,932.47,0.61780614,5.913270926699999
801050,2003-09-03,943.24,939.56,952.26,930.13,0.32204965,2.7853765701
801050,2003-09-04,941.95,942.8,953.01,934.26,0.33716287,3.3607661024
801050,2003-09-05,933.33,940.58,948.32,925.21,0.33739231,3.2763290266000005
801050,2003-09-08,925.61,932.1,938.17,917.47,0.21558192,2.0382315043
801050,2003-09-09,921.62,925.78,932.71,914.79,0.21722291,2.0515890622
801050,2003-09-10,923.68,921.22,931.11,914.71,0.23381614,2.3321992607
801050,2003-09-11,922.4,924.32,930.9,914.4,0.14460954,1.3292875858
801050,2003-09-12,911.65,920.78,923.97,904.4,0.291691,2.6527617621
801050,2003-09-15,903.2,909.51,918.42,895.08,0.26497851,2.3909748639
801050,2003-09-16,910.09,902.7,914.42,892.02,0.21720723,1.9509793736
801050,2003-09-17,895.94,907.42,911.58,888.64,0.26766927,2.3868567921
801050,2003-09-18,892.52,893.43,907.42,888.34,0.2204395,1.8377164690999999
801050,2003-09-19,893.32,891.43,893.94,886.37,0.28531833,2.2972386775
801050,2003-09-22,892.43,895.86,903.31,883.91,0.20503572,1.6967016413999998
801050,2003-09-23,898.01,891.41,901.0,883.63,0.1793254,1.4939043959
801050,2003-09-24,901.04,900.21,901.97,895.88,0.22010823,1.7362382041
801050,2003-09-25,888.11,900.91,902.36,887.37,0.24472904,1.9624739706
801050,2003-09-26,892.58,888.61,900.12,886.48,0.54099674,4.9699773869
801050,2003-09-29,880.71,891.11,895.44,877.81,0.24902441,2.2034661979
801050,2003-09-30,883.85,879.43,891.11,869.49,0.37612895,3.2193867484
801050,2003-10-08,896.72,881.38,900.37,878.01,0.37319474,2.7753477998
801050,2003-10-09,889.27,893.96,898.47,881.38,0.27115667,2.099550684
801050,2003-10-10,915.66,887.45,915.66,887.41,0.68084307,5.2350011793
801050,2003-10-13,912.62,916.58,921.12,887.46,0.51455357,4.3338176237
801050,2003-10-14,906.99,913.13,916.76,903.05,0.43640071,3.1785603888
801050,2003-10-15,904.86,908.52,917.12,902.68,0.42322921,3.4789797199
801050,2003-10-16,904.38,904.66,909.38,900.89,0.58101071,4.2782212907999995
801050,2003-10-17,904.06,903.99,908.48,900.71,0.45923624,3.4736606771
801050,2003-10-20,899.83,903.87,905.9,895.04,0.34640636,2.5243830428
801050,2003-10-21,907.38,899.47,907.5,894.35,0.39055517,2.9095169913
801050,2003-10-22,929.55,910.82,936.78,906.15,1.1240673,9.2860512505
801050,2003-10-23,923.77,930.57,936.2,922.31,0.69596368,5.575384339299999
801050,2003-10-24,923.67,922.32,930.77,920.87,0.72019561,6.39104351
801050,2003-10-27,912.51,922.0,924.98,905.69,0.4521163,3.8466249543
801050,2003-10-28,914.23,908.63,921.64,903.1,0.44153799,3.6803970132
801050,2003-10-29,901.03,916.0,917.21,886.58,0.60199766,5.0551143813
801050,2003-10-30,890.97,897.15,903.64,887.08,0.41265017,3.5259010504000003
801050,2003-10-31,892.78,889.36,904.63,885.33,0.33406493,2.7005196214
801050,2003-11-03,905.01,890.38,905.07,888.67,0.40805926,3.3309265383999995
801050,2003-11-04,917.5,904.91,932.5,902.6,0.99269971,7.9796548054
801050,2003-11-05,912.18,916.55,918.87,906.75,0.60046485,4.5871382488
801050,2003-11-06,905.42,911.7,915.75,896.9,0.77320232,6.0742464237
801050,2003-11-07,881.82,899.07,904.59,875.52,0.67774857,5.277832222
801050,2003-11-10,884.8,876.46,885.43,872.25,0.28890821,2.3038587749
801050,2003-11-11,887.41,885.03,890.65,878.3,0.33699078,2.9743602581
801050,2003-11-12,863.68,885.12,886.82,862.87,0.44855145,3.6958397079000003
801050,2003-11-13,862.61,858.56,868.91,853.65,0.3044266,2.3926027222
801050,2003-11-14,870.73,862.11,872.07,857.92,0.2405649,1.8410792734
801050,2003-11-17,866.02,869.48,871.88,864.83,0.21843648,1.872490797
801050,2003-11-18,852.47,862.74,866.02,852.03,0.29719068,2.4002869886
801050,2003-11-19,865.69,850.12,868.39,849.65,0.27063148,2.0437692546
801050,2003-11-20,895.34,865.54,895.43,859.0,0.6854111,4.8501458042
801050,2003-11-21,879.74,896.07,900.7,877.85,0.50976609,3.7661514931
801050,2003-11-24,900.57,877.26,900.85,876.32,0.43969522,3.2683467988999997
801050,2003-11-25,906.76,902.2,917.1,898.4,0.69988412,5.3160799207
801050,2003-11-26,910.02,904.56,910.51,899.49,0.39462022,3.0140517654
801050,2003-11-27,895.24,911.95,914.66,894.55,0.46682356,3.3323238126
801050,2003-11-28,905.77,895.35,905.91,894.29,0.52319091,3.8008424599
801050,2003-12-01,926.34,908.2,926.78,905.87,0.77759463,5.8998483993
801050,2003-12-02,929.61,930.12,937.57,927.34,0.97111479,8.0509312844
801050,2003-12-03,935.26,929.69,941.61,923.73,0.68439897,5.374774198099999
801050,2003-12-04,951.64,937.95,955.77,937.01,0.95093234,8.108447911
801050,2003-12-05,948.84,957.09,959.02,943.98,0.8089525,7.0055087482000005
801050,2003-12-08,936.01,949.44,952.92,934.95,0.45938084,3.6954625018000002
801050,2003-12-09,942.75,934.85,942.75,934.85,0.43283654,3.7274069778
801050,2003-12-10,955.17,943.78,955.36,942.13,0.60490398,4.9351059162
801050,2003-12-11,956.48,958.36,960.89,950.89,0.59717261,4.7687646734
801050,2003-12-12,957.83,955.76,959.41,949.86,0.43655531,3.5492447232999997
801050,2003-12-15,972.18,961.01,976.75,960.7,0.70172787,5.7623504607000005
801050,2003-12-16,978.98,970.76,979.11,950.7,0.87291793,6.8155121964
801050,2003-12-17,971.2,977.32,990.05,970.53,1.013377,8.0987763424
801050,2003-12-18,992.26,969.48,997.77,969.48,1.09576851,9.9873814477
801050,2003-12-19,1007.77,991.15,1015.75,983.34,1.60745264,13.5879732503
801050,2003-12-22,1029.09,1007.79,1038.25,1007.09,1.55919704,13.395337176500002
801050,2003-12-23,1032.06,1031.19,1034.53,1023.45,0.96995923,8.5671278681
801050,2003-12-24,1040.28,1032.29,1040.39,1029.07,0.88687871,7.8920443777
801050,2003-12-25,1047.98,1040.85,1047.98,1026.74,1.14689341,10.4190806199
801050,2003-12-26,1044.6,1048.31,1050.16,1037.41,0.8357682,7.981963478
801050,2003-12-29,1026.92,1038.33,1039.72,1026.6,0.66322956,5.9104550253
801050,2003-12-30,1042.61,1026.48,1045.99,1025.31,0.79837517,7.7723202061
801050,2003-12-31,1031.04,1044.0,1044.72,1025.83,0.65396852,6.4296057014
801050,2004-01-02,1035.95,1026.88,1045.49,1026.88,0.68077939,6.6903253434000005
801050,2004-01-05,1060.27,1034.39,1060.54,1032.57,1.10204806,10.1178218303
801050,2004-01-06,1078.14,1057.38,1078.56,1056.83,1.16405526,11.0067690215
801050,2004-01-07,1084.37,1074.24,1085.76,1071.41,1.00638588,9.5452186021
801050,2004-01-08,1086.94,1081.97,1089.34,1072.54,1.04002801,10.1533718828
801050,2004-01-09,1074.5,1090.57,1104.86,1073.3,1.39486843,13.8687850931
801050,2004-01-12,1093.04,1072.24,1093.44,1064.61,0.943239,9.2218973846
801050,2004-01-13,1082.86,1091.96,1092.87,1073.62,0.84691976,8.3631771288
801050,2004-01-14,1067.62,1079.33,1080.12,1065.71,0.86288577,8.4101700385
801050,2004-01-15,1054.92,1067.51,1072.81,1051.37,0.60522678,6.169594404700001
801050,2004-01-16,1095.8,1089.87,1100.02,1073.91,1.21039677,11.4665270368
801050,2004-01-29,1113.01,1095.33,1113.25,1092.08,0.75940154,7.21168397
801050,2004-01-30,1085.71,1113.91,1113.91,1084.41,0.9676228,9.2094279814
801050,2004-02-02,1103.57,1091.78,1115.06,1073.8,1.09848244,10.5198909678
801050,2004-02-03,1149.66,1105.17,1149.66,1100.74,1.72619188,15.3271025475
801050,2004-02-04,1168.03,1149.22,1168.03,1143.77,1.71391544,16.5857165139
801050,2004-02-05,1168.65,1166.65,1169.33,1158.25,1.38675314,13.7258276567
801050,2004-02-06,1158.74,1167.87,1172.52,1155.04,1.19898534,11.581552067899999
801050,2004-02-09,1182.91,1157.72,1183.21,1157.72,1.11944453,10.7658815978
801050,2004-02-10,1167.89,1182.65,1186.07,1164.12,1.0381113,10.174143568
801050,2004-02-11,1144.4,1163.14,1164.63,1135.04,0.97298509,9.1576258902
801050,2004-02-12,1142.14,1143.84,1152.36,1135.79,0.98192028,10.0385904299
801050,2004-02-13,1139.28,1140.77,1149.92,1137.76,0.97535491,9.9148529504
801050,2004-02-16,1165.65,1142.14,1165.65,1141.6,0.84255224,8.5528242532
801050,2004-02-17,1172.68,1168.16,1172.68,1161.01,1.14279889,11.024463324300001
801050,2004-02-18,1198.56,1175.91,1201.83,1175.67,1.70284549,16.4953905992
801050,2004-02-19,1197.64,1199.99,1200.12,1187.1,1.10968132,10.5887363636
801050,2004-02-20,1199.32,1201.78,1202.58,1188.78,0.88954605,8.8733644825
801050,2004-02-23,1169.18,1201.05,1205.35,1167.3,1.26853649,12.0392687419
801050,2004-02-24,1164.12,1162.91,1166.64,1138.73,0.87559861,7.9359382932
801050,2004-02-25,1143.12,1166.52,1172.48,1139.31,0.82678424,7.541974690599999
801050,2004-02-26,1151.44,1138.08,1151.64,1133.54,0.88232797,8.3367349707
801050,2004-02-27,1166.76,1155.04,1166.83,1150.09,0.80784964,8.0457722821
801050,2004-03-01,1184.25,1167.99,1184.29,1158.66,0.89402176,8.432105157899999
801050,2004-03-02,1176.13,1186.48,1188.63,1168.68,0.75328941,6.9759655335
801050,2004-03-03,1162.93,1173.43,1180.9,1153.17,0.84622677,7.3723219801
801050,2004-03-04,1162.07,1156.85,1163.13,1143.3,0.86851732,7.6276115011000005
801050,2004-03-05,1148.22,1161.55,1161.55,1147.41,0.54155809,4.9097762136
801050,2004-03-08,1142.61,1144.13,1156.29,1140.71,0.74608686,6.790955234
801050,2004-03-09,1138.94,1141.53,1151.46,1136.97,0.65733144,5.8960630896
801050,2004-03-10,1156.04,1139.45,1156.23,1139.16,0.61017841,5.8057403482000005
801050,2004-03-11,1186.91,1159.03,1190.43,1155.26,1.20126801,12.1275401528
801050,2004-03-12,1185.61,1188.61,1188.9,1177.14,0.83193905,7.9296822065
801050,2004-03-15,1205.79,1189.42,1210.11,1189.36,1.19873156,11.3728816003
801050,2004-03-16,1209.22,1210.07,1214.02,1202.54,0.96862594,9.1736573633
801050,2004-03-17,1218.5,1209.16,1222.96,1203.28,0.99858419,9.5996761892
801050,2004-03-18,1188.36,1221.06,1223.44,1184.97,0.9200884,8.512732936
801050,2004-03-19,1210.71,1188.31,1211.19,1182.89,0.61661084,5.7646576663
801050,2004-03-22,1216.58,1208.24,1216.62,1198.04,0.70641679,6.7502183253
801050,2004-03-23,1214.47,1216.9,1218.1,1205.03,0.69619607,7.0179824338
801050,2004-03-24,1213.15,1214.52,1237.48,1206.21,0.75450558,7.4446646833
801050,2004-03-25,1218.61,1212.18,1221.33,1208.96,0.68066385,6.6914388230999995
801050,2004-03-26,1230.93,1218.95,1233.09,1213.82,0.86457996,8.8195391139
801050,2004-03-29,1221.33,1231.72,1236.91,1218.95,0.769885,7.7607494009
801050,2004-03-30,1221.17,1219.33,1231.72,1208.72,0.6032715,5.933444151900001
801050,2004-03-31,1231.31,1222.2,1234.47,1217.97,0.70858824,7.212406914700001
801050,2004-04-01,1240.17,1235.39,1240.54,1232.32,0.77689252,7.9188973553999995
801050,2004-04-02,1253.65,1240.36,1253.65,1239.61,0.87919947,9.0271015594
801050,2004-04-05,1276.65,1257.55,1276.85,1254.54,1.43866327,15.2212077646
801050,2004-04-06,1283.98,1277.79,1284.08,1267.8,1.20049313,12.4297389665
801050,2004-04-07,1279.56,1284.57,1287.13,1277.55,1.18647194,12.0841271137
801050,2004-04-08,1278.1,1278.28,1283.58,1272.33,1.15008667,12.1049489889
801050,2004-04-09,1246.24,1277.51,1282.15,1242.18,1.25984012,13.3246211975
801050,2004-04-12,1235.54,1241.97,1246.04,1222.72,0.93480624,9.8007128009
801050,2004-04-13,1220.52,1235.83,1243.77,1218.1,0.89545306,9.2277560029
801050,2004-04-14,1201.74,1221.71,1223.38,1186.98,1.02697104,10.103372935700001
801050,2004-04-15,1183.82,1201.99,1206.83,1179.83,0.67430727,6.476968938500001
801050,2004-04-16,1191.7,1183.91,1191.95,1163.46,0.77530006,7.575746366000001
801050,2004-04-19,1175.82,1196.18,1196.9,1171.23,0.60130046,5.988465968300001
801050,2004-04-20,1158.08,1174.4,1181.98,1156.99,0.52900126,5.0912611907
801050,2004-04-21,1143.21,1158.78,1163.23,1137.37,0.64661243,6.0117527258
801050,2004-04-22,1155.1,1139.9,1155.98,1132.27,0.59904267,5.820607452000001
801050,2004-04-23,1131.85,1151.12,1151.6,1129.88,0.41804884,3.9952830199
801050,2004-04-26,1124.52,1132.54,1138.91,1116.45,0.3867778,3.6394195721
801050,2004-04-27,1099.87,1124.42,1128.77,1093.24,0.66372282,6.2926294037
801050,2004-04-28,1097.97,1093.24,1107.39,1086.98,0.58037125,5.560084455299999
801050,2004-04-29,1057.57,1095.48,1099.88,1056.55,0.62349808,5.8113871504
801050,2004-04-30,1060.14,1057.93,1072.73,1042.03,0.61970447,5.6660263964999995
801050,2004-05-10,1029.86,1058.55,1061.82,1025.71,0.36484826,3.2684871706
801050,2004-05-11,1033.35,1026.85,1040.92,1018.01,0.40487574,3.7413413652
801050,2004-05-12,1064.43,1034.85,1064.82,1031.0,0.70336676,6.317428958300001
801050,2004-05-13,1062.47,1063.85,1066.35,1053.62,0.70826871,6.3778692869
801050,2004-05-14,1030.65,1059.01,1062.72,1027.53,0.51783932,4.5603422292
801050,2004-05-17,1026.0,1025.89,1032.91,1019.59,0.38253647,3.3677678442000003
801050,2004-05-18,1048.74,1025.43,1049.18,1021.65,0.4738328,4.2072716729
801050,2004-05-19,1048.0,1052.18,1058.17,1043.01,0.83131884,7.6856861187
801050,2004-05-20,1043.91,1048.12,1059.59,1037.52,0.53583414,5.1505811501
801050,2004-05-21,1050.98,1042.49,1051.53,1039.85,0.4191105,3.5414422193
801050,2004-05-24,1041.27,1053.46,1054.72,1040.2,0.6101301,5.3881487906
801050,2004-05-25,1009.02,1038.69,1042.38,1007.97,0.62070778,5.3086625525999995
801050,2004-05-26,1013.77,1006.67,1019.1,1002.16,0.46774464,3.9319256119
801050,2004-05-27,1040.91,1014.04,1041.77,1006.54,0.7944986,7.2000621437
801050,2004-05-28,1039.36,1042.65,1047.32,1036.09,0.7042582,6.5850491362
801050,2004-05-31,1049.55,1040.42,1049.71,1039.12,0.54025094,5.0920504209
801050,2004-06-01,1075.53,1050.44,1075.53,1048.85,0.97418701,9.6628906125
801050,2004-06-02,1067.73,1076.84,1077.26,1061.34,0.89196637,9.4786020426
801050,2004-06-03,1048.68,1064.46,1067.02,1045.44,0.75250285,7.266150916699999
801050,2004-06-04,1048.37,1045.01,1053.04,1040.89,0.56088122,5.2826272336
801050,2004-06-07,1031.07,1046.66,1047.33,1024.92,0.4315349,3.9774838652
801050,2004-06-08,1022.71,1029.87,1034.61,1017.76,0.42538368,3.7674687266
801050,2004-06-09,994.01,1023.21,1024.07,990.08,0.55168286,4.6616847803
801050,2004-06-10,992.72,990.71,999.85,979.72,0.5653387,4.9288449
801050,2004-06-11,994.23,995.16,1017.21,993.0,0.53118246,4.6013561817
801050,2004-06-14,969.73,990.54,992.73,960.44,0.49465581,4.0344599135
801050,2004-06-15,989.84,969.81,991.96,964.61,0.44715175,3.6822795327999995
801050,2004-06-16,1000.2,991.46,1011.88,981.99,0.56662141,4.5496008645999995
801050,2004-06-17,978.43,998.02,1002.29,976.75,0.41479866,3.4519155264999997
801050,2004-06-18,971.21,975.51,985.5,962.88,0.42937866,3.9658815387
801050,2004-06-21,973.09,968.53,977.24,958.68,0.49089677,4.6357309506
801050,2004-06-22,976.4,972.41,980.17,961.45,0.77497179,6.865716214400001
801050,2004-06-23,961.69,973.56,974.01,954.97,0.56516524,4.8759797622
801050,2004-06-24,945.46,960.83,967.09,944.73,0.55132723,4.9866409973
801050,2004-06-25,924.27,946.13,952.76,921.57,0.5265315,4.5676437929
801050,2004-06-28,911.18,917.22,925.76,906.88,0.46614494,4.0054255501
801050,2004-06-29,927.78,911.46,928.22,900.37,0.56473483,4.6059456081
801050,2004-06-30,910.68,929.04,929.17,910.13,0.50177329,3.941211897
801050,2004-07-01,946.93,910.12,950.35,909.88,0.81541672,6.5504287087
801050,2004-07-02,951.68,948.71,957.11,942.05,0.72745134,5.804379125700001
801050,2004-07-05,951.2,950.17,952.18,942.12,0.36797944,2.9251008730000003
801050,2004-07-06,959.33,952.44,969.44,950.97,0.63980033,5.0841188064
801050,2004-07-07,948.78,957.64,957.96,944.81,0.41154336,3.3020572812999998
801050,2004-07-08,954.71,946.63,954.9,941.09,0.40445436,3.2353929132
801050,2004-07-09,947.96,955.14,962.76,946.49,0.37876859,3.0609848062
801050,2004-07-12,920.6,938.27,943.32,918.73,0.4058528,3.2958302144
801050,2004-07-13,924.07,920.51,928.09,914.09,0.27851346,2.2071516312
801050,2004-07-14,928.93,925.87,931.94,909.33,0.43953883,3.3486713162
801050,2004-07-15,942.98,930.46,943.33,926.51,0.59265579,4.8534489017
801050,2004-07-16,978.58,949.77,982.95,942.23,1.3071902,10.8965393901
801050,2004-07-19,988.92,980.34,993.92,973.49,1.02749805,8.484624460700001
801050,2004-07-20,987.69,989.68,992.67,980.33,0.81795276,7.211882995
801050,2004-07-21,979.08,985.41,988.27,974.49,0.51813087,4.3230952382
801050,2004-07-22,946.84,978.33,980.82,946.3,0.68628833,5.789747526599999
801050,2004-07-23,962.46,942.58,962.94,936.77,0.53077251,4.3187015133
801050,2004-07-26,939.83,957.41,959.66,935.32,0.48694804,4.0814653136
801050,2004-07-27,932.98,937.45,944.54,923.99,0.41969737,3.2930907977999997
801050,2004-07-28,938.12,935.15,944.05,922.71,0.4183008,3.3007632208
801050,2004-07-29,954.96,939.17,954.96,937.21,0.56707195,4.473497114100001
801050,2004-07-30,934.43,950.41,957.86,933.04,0.56122722,4.5569565909
801050,2004-08-02,920.06,929.05,933.49,917.85,0.38840164,3.0730820132999996
801050,2004-08-03,914.6,916.81,924.54,913.48,0.42057228,3.4004431086
801050,2004-08-04,933.28,910.92,945.74,909.92,0.76965583,6.176185090900001
801050,2004-08-05,921.62,930.3,934.16,919.08,0.43197841,3.3652436405
801050,2004-08-06,923.49,920.52,936.1,917.39,0.50216881,4.0619328523
801050,2004-08-09,923.03,921.23,924.65,914.75,0.29366513,2.3187054041999997
801050,2004-08-10,928.71,924.04,931.84,920.51,0.25088668,1.9649957659000001
801050,2004-08-11,917.18,928.19,929.68,916.33,0.33121485,2.5850419541
801050,2004-08-12,900.11,912.63,915.01,893.33,0.42389379,3.2681131329000004
801050,2004-08-13,901.33,897.44,910.28,895.82,0.28755229,2.291486153
801050,2004-08-16,889.39,898.4,902.15,884.28,0.30174934,2.3135649365
801050,2004-08-17,892.4,890.3,896.34,881.14,0.3301137,2.6150632741999997
801050,2004-08-18,886.9,891.71,897.16,886.25,0.30377638,2.3227164724000002
801050,2004-08-19,873.62,884.06,885.92,868.04,0.3400902,2.5179170013
801050,2004-08-20,870.97,872.81,878.59,859.49,0.31961036,2.3093713356
801050,2004-08-23,855.09,867.57,872.63,850.86,0.30987083,2.2871356944
801050,2004-08-24,869.54,853.27,873.54,851.27,0.34650645,2.4380811884
801050,2004-08-25,859.21,869.96,870.39,858.57,0.25696489,1.8732328859
801050,2004-08-26,860.12,859.2,864.69,856.2,0.23774401,1.8565193686
801050,2004-08-27,849.8,858.33,862.41,844.61,0.26830701,2.0245184117
801050,2004-08-30,850.81,844.68,851.73,840.72,0.1901492,1.3795539601
801050,2004-08-31,867.72,870.22,880.77,862.37,0.43292417,3.1435599623000003
801050,2004-09-01,853.35,864.17,869.55,852.0,0.23333285,1.4111817516
801050,2004-09-02,861.43,851.23,862.72,844.92,0.31698102,2.0823231997
801050,2004-09-03,858.3,861.29,864.44,855.8,0.30318827,1.7922787553
801050,2004-09-06,854.59,856.27,858.48,850.53,0.2212876,1.3769583536
801050,2004-09-07,856.14,854.07,857.43,849.17,0.33749732,1.9120536753
801050,2004-09-08,851.39,856.37,856.9,848.4,0.27544826,1.6152332994999998
801050,2004-09-09,832.89,847.97,854.09,831.69,0.41632929,2.4820087806999998
801050,2004-09-10,831.54,829.24,833.71,824.85,0.43188997,2.5292825816
801050,2004-09-13,805.41,827.73,829.37,804.33,0.4191891,2.4210525449
801050,2004-09-14,830.79,811.95,837.01,809.65,0.77553816,4.554696431
801050,2004-09-15,875.29,832.21,887.53,827.02,1.48287497,9.5493945217
801050,2004-09-16,888.31,878.39,890.8,871.73,1.16839824,7.7809687863
801050,2004-09-17,930.41,890.98,930.55,887.7,1.62614493,11.371237708599999
801050,2004-09-20,968.89,938.82,968.98,935.14,2.02054418,15.155416009100001
801050,2004-09-21,970.98,971.13,993.47,949.58,1.91779218,15.3380030908
801050,2004-09-22,952.41,969.76,975.73,946.51,1.55416863,11.085679006300001
801050,2004-09-23,986.07,952.56,986.08,949.32,1.22736288,9.2781797544
801050,2004-09-24,972.29,1000.23,1022.56,971.81,2.52481494,20.6766428996
801050,2004-09-27,962.4,985.38,997.17,954.32,1.10140078,8.5691047606
801050,2004-09-28,971.65,965.41,973.72,954.42,0.92105619,7.1146748519
801050,2004-09-29,967.5,974.88,980.28,965.44,0.77007426,6.1350609447
801050,2004-09-30,946.87,967.31,970.32,942.74,0.69825697,5.5303924918
801050,2004-10-08,988.47,950.24,988.88,940.91,0.96194713,8.4722615202
801050,2004-10-11,997.22,994.03,1019.49,986.25,1.61339689,14.1927706506
801050,2004-10-12,981.11,993.7,1001.41,978.2,1.12409372,9.4037121421
801050,2004-10-13,972.22,979.41,987.75,959.58,0.89662751,7.2583275265
801050,2004-10-14,898.51,947.41,954.13,896.17,1.30624439,10.274754769400001
801050,2004-10-15,894.49,890.28,896.75,872.32,0.87177023,6.3078219754
801050,2004-10-18,893.5,896.59,901.15,882.85,0.58079981,4.105038598399999
801050,2004-10-19,896.18,897.13,915.42,893.0,0.71380654,5.6677542746
801050,2004-10-20,897.81,895.66,897.9,882.83,0.70530384,5.002730124
801050,2004-10-21,894.96,900.92,911.62,889.87,0.82519352,6.0969239029999995
801050,2004-10-22,895.0,894.75,897.9,877.48,0.99333593,7.0935459534000005
801050,2004-10-25,880.65,903.75,906.9,876.19,0.90355873,6.339873024199999
801050,2004-10-26,883.99,877.61,884.17,855.31,0.91475272,6.7603334893
801050,2004-10-27,902.2,884.64,902.39,878.34,0.94782702,7.031587857999999
801050,2004-10-28,891.51,903.65,908.16,887.91,0.79643234,5.8417628317
801050,2004-10-29,869.29,863.45,882.59,854.6,0.90188665,6.219577021
801050,2004-11-01,851.57,867.27,870.61,851.02,0.58460679,3.8612101707999997
801050,2004-11-02,847.87,847.7,854.06,841.43,0.5812237,3.6429163023
801050,2004-11-03,865.74,850.93,866.08,847.59,0.57277541,3.6533242732
801050,2004-11-04,848.16,868.89,874.57,847.03,0.6714261,4.7188257197
801050,2004-11-05,848.1,851.07,858.36,844.08,0.53601918,3.8892410443000003
801050,2004-11-08,851.85,846.94,852.41,842.17,0.31754652,2.145172456
801050,2004-11-09,852.35,851.76,858.07,847.99,0.43569385,2.8331861201999997
801050,2004-11-10,890.18,854.45,891.58,850.17,1.24460821,8.3419545777
801050,2004-11-11,886.66,892.72,909.24,886.38,1.40288145,9.7172740007
801050,2004-11-12,889.03,884.46,896.86,882.62,0.68411983,4.4966508032
801050,2004-11-15,913.53,893.89,913.53,893.51,0.87954173,6.355633028500001
801050,2004-11-16,909.93,915.77,917.88,904.24,0.84326158,5.684475807899999
801050,2004-11-17,902.91,908.78,911.66,898.46,0.69636463,5.0731963045
801050,2004-11-18,914.67,902.32,914.67,902.15,0.70324137,4.9354212478
801050,2004-11-19,918.59,916.34,921.67,912.81,0.76429191,5.392131666
801050,2004-11-22,922.34,920.26,924.13,917.34,0.7216449,5.1972803364999995
801050,2004-11-23,921.78,922.43,923.29,915.25,1.07596379,6.559754508099999
801050,2004-11-24,914.7,919.92,927.04,914.7,0.8783056,5.7567644348
801050,2004-11-25,905.39,912.49,916.18,900.22,0.64330053,4.0568575785
801050,2004-11-26,907.37,906.84,913.27,905.8,0.55818069,3.0965065074
801050,2004-11-29,889.67,904.19,904.37,889.42,0.46685326,3.1180867147000004
801050,2004-11-30,893.46,888.13,894.9,887.56,0.39605233,2.4564568724
801050,2004-12-01,898.27,896.24,902.46,894.15,0.52693346,3.3538256209
801050,2004-12-02,897.69,896.44,898.14,889.78,0.6524197,4.1337869239
801050,2004-12-03,898.84,898.68,904.3,894.19,0.68518774,4.4399327751
801050,2004-12-06,899.57,900.97,901.33,891.37,0.6996009,4.0580741103
801050,2004-12-07,883.43,900.26,900.26,883.03,0.56059931,3.5155531667
801050,2004-12-08,885.14,890.25,895.11,882.05,0.48917029,3.1202792225
801050,2004-12-09,898.47,883.56,908.1,877.62,0.69229871,4.5095826111
801050,2004-12-10,877.58,896.54,897.94,877.29,0.58976827,3.5357624533
801050,2004-12-13,871.64,873.86,877.04,865.71,0.46217439,2.8780164438
801050,2004-12-14,874.51,873.62,878.99,871.22,0.32314868,2.1387470461
801050,2004-12-15,880.06,876.46,884.77,861.45,0.5069475,3.2884718394
801050,2004-12-16,868.07,878.27,881.33,867.68,0.33898219,2.2380603659
801050,2004-12-17,851.49,862.47,869.35,850.89,0.33135206,2.398243159
801050,2004-12-20,836.6,844.64,849.07,836.17,0.37044831,2.3480420497
801050,2004-12-21,838.21,837.12,846.33,834.08,0.36646968,2.0029958158000003
801050,2004-12-22,862.78,839.66,863.18,837.38,0.58932512,3.5536012818000002
801050,2004-12-23,841.45,863.11,863.26,841.02,0.36134733,2.1666540723
801050,2004-12-24,841.53,840.14,851.97,838.35,0.25588129,1.573516909
801050,2004-12-27,841.78,841.18,847.17,838.73,0.18855198,1.1460214268
801050,2004-12-28,837.02,840.17,842.28,834.81,0.35492834,2.0975783977
801050,2004-12-29,828.4,835.95,841.24,825.92,0.344567,2.0707239216
801050,2004-12-30,826.53,826.3,829.43,817.97,0.28977648,1.7515376101
801050,2004-12-31,818.45,826.89,830.89,816.92,0.3284275,1.8929910757
801050,2005-01-04,799.2,812.55,816.38,798.63,0.30488116,1.7642009577000002
801050,2005-01-05,810.98,798.6,816.52,797.96,0.44697047,2.419890864
801050,2005-01-06,791.31,809.0,809.62,787.85,0.46031537,2.5946147674
801050,2005-01-07,789.74,788.31,798.9,784.63,0.4434319,2.4223921718
801050,2005-01-10,798.43,789.3,798.43,786.33,0.44197347,2.4992325285
801050,2005-01-11,803.93,798.16,803.93,794.87,0.38614992,2.3105776514
801050,2005-01-12,812.17,803.79,812.45,802.95,0.47618455,2.7906635681
801050,2005-01-13,809.28,810.68,812.92,807.07,0.35989398,2.031372407
801050,2005-01-14,796.99,807.89,813.54,796.06,0.34209367,1.9651787084
801050,2005-01-17,774.31,784.11,790.41,772.59,0.37146266,2.0636137167
801050,2005-01-18,787.21,774.82,787.38,774.4,0.4230127,2.1433267812
801050,2005-01-19,783.9,787.01,787.95,780.59,0.50771302,2.2277178366999997
801050,2005-01-20,775.47,777.5,780.96,771.24,0.56020399,2.3773147928
801050,2005-01-21,793.54,773.03,793.54,760.4,0.7084582,3.6931865063
801050,2005-01-24,810.04,812.83,819.25,800.7,0.87104042,4.871458891600001
801050,2005-01-25,811.28,808.05,811.47,794.54,0.64711197,3.9731716854
801050,2005-01-26,801.39,808.13,813.43,800.37,0.65834918,3.8447181195
801050,2005-01-27,786.01,798.08,801.94,785.87,0.56697946,3.2523504866
801050,2005-01-28,776.06,783.03,788.47,774.08,0.64118175,3.2404580430000003
801050,2005-01-31,759.49,770.21,775.7,757.34,0.46703007,2.4408764417
801050,2005-02-01,751.26,756.91,765.33,748.4,0.50087406,2.4373185506
801050,2005-02-02,795.34,752.92,796.64,749.69,0.94793332,5.4798854981
801050,2005-02-03,782.86,795.54,801.6,769.42,0.95086595,5.6742929791
801050,2005-02-04,796.91,780.73,800.06,779.49,0.69630532,4.0881480358
801050,2005-02-16,808.86,803.34,817.27,801.84,0.76200917,4.4660548624
801050,2005-02-17,810.71,807.85,810.76,799.73,0.47522986,2.6431170291
801050,2005-02-18,800.69,809.72,811.57,800.69,0.51442436,2.7798315
801050,2005-02-21,823.84,802.28,825.16,801.78,0.99396395,5.6985530171
801050,2005-02-22,850.56,823.51,851.61,819.86,1.43857918,9.0302438928
801050,2005-02-23,856.22,849.95,864.46,843.25,1.31289027,8.252301548
801050,2005-02-24,860.36,854.93,862.94,849.58,1.07386223,6.5512340091
801050,2005-02-25,860.67,858.28,874.81,858.0,1.22035748,7.8929316919
801050,2005-02-28,868.21,858.26,871.84,858.26,1.15793998,7.4332698025
801050,2005-03-01,871.12,869.73,879.83,866.33,1.34031714,7.8687605031
801050,2005-03-02,848.85,872.13,877.48,848.78,1.41905606,8.5383033185
801050,2005-03-03,854.48,845.95,856.08,838.92,0.91329308,5.2922176773
801050,2005-03-04,846.22,854.31,856.27,844.15,0.63236105,3.9277639220999996
801050,2005-03-07,849.52,847.22,850.99,844.98,0.55814392,3.7262784504
801050,2005-03-08,874.91,852.29,874.91,850.93,0.97448391,6.5852835491
801050,2005-03-09,879.08,877.55,881.51,872.0,1.16146148,7.360974744400001
801050,2005-03-10,852.39,880.35,880.85,847.32,0.86888775,5.571441259199999
801050,2005-03-11,862.73,848.84,865.82,848.77,0.84362013,5.710750384500001
801050,2005-03-14,868.69,862.11,877.41,848.07,1.17739526,8.2068769775
801050,2005-03-15,851.23,869.85,870.55,848.79,1.07034875,7.3960514929
801050,2005-03-16,835.64,850.99,854.15,828.17,0.80010902,5.3433481713
801050,2005-03-17,825.98,834.19,839.29,823.44,0.658008,4.2159149566
801050,2005-03-18,810.94,826.71,829.95,805.75,0.57619409,3.4645843508
801050,2005-03-21,814.5,810.11,815.97,802.8,0.54635641,3.3075144141000004
801050,2005-03-22,786.99,812.74,814.27,779.3,0.84967388,5.2549931227
801050,2005-03-23,793.36,785.56,806.95,781.79,0.71636847,4.6287817869
801050,2005-03-24,802.82,792.26,802.82,787.32,0.60023093,3.5226847621
801050,2005-03-25,802.3,801.46,806.36,797.77,0.49349165,3.2336373244
801050,2005-03-28,797.35,800.12,801.5,784.15,0.53160362,3.1900325210000005
801050,2005-03-29,785.07,796.82,804.24,785.07,0.47940303,2.8171761937
801050,2005-03-30,753.25,779.22,784.57,752.07,0.76294817,4.3846653227
801050,2005-03-31,760.83,748.76,760.83,743.55,0.52329753,2.8172242179
801050,2005-04-01,793.52,760.98,801.07,753.97,0.97340924,5.534257376499999
801050,2005-04-04,777.02,786.11,789.66,772.87,0.75719497,4.4949044406
801050,2005-04-05,777.72,775.16,786.87,772.88,0.58763378,3.4455874949000003
801050,2005-04-06,798.24,777.21,802.09,770.98,0.91122798,5.687551427000001
801050,2005-04-07,805.27,801.33,819.74,794.58,1.35246262,8.361321039
801050,2005-04-08,827.75,806.29,827.75,804.59,1.2229217,7.192909468300001
801050,2005-04-11,822.34,828.33,833.46,818.99,1.23158919,7.041962505599999
801050,2005-04-12,807.2,821.76,823.9,807.09,0.84231612,4.7341761116
801050,2005-04-13,827.11,816.26,828.89,815.52,0.97973404,5.8543212017999995
801050,2005-04-14,810.66,828.11,829.47,810.0,0.69125462,4.1010363724
801050,2005-04-15,792.53,805.95,807.7,791.56,0.73249207,4.1410213724
801050,2005-04-18,784.41,790.6,791.54,778.92,0.62827397,3.4157444054000003
801050,2005-04-19,789.97,785.55,790.48,780.08,0.53876816,2.9674547879000004
801050,2005-04-20,775.0,786.98,789.89,774.1,0.60063233,3.1508540522
801050,2005-04-21,766.88,772.68,780.47,758.52,0.60392894,3.2046545581
801050,2005-04-22,752.73,762.63,764.87,747.87,0.75955273,3.8970553242
801050,2005-04-25,736.6,748.26,751.19,727.83,0.77894662,4.0401199327
801050,2005-04-26,744.0,731.46,748.11,731.01,0.80264663,4.139780575
801050,2005-04-27,732.96,747.39,747.39,732.57,0.6157481,3.2695640002
801050,2005-04-28,752.41,729.3,753.37,721.16,0.96487843,5.124969977
801050,2005-04-29,734.54,749.04,752.78,732.45,0.73408842,3.9770102592
801050,2005-05-09,709.82,733.47,737.53,709.0,0.52273331,2.8423615194
801050,2005-05-10,704.44,704.53,707.2,683.49,0.63006578,3.441466597
801050,2005-05-11,689.84,704.49,707.21,688.83,0.48759273,2.5938824376
801050,2005-05-12,681.75,686.75,692.49,675.73,0.52387187,2.7369820856000002
801050,2005-05-13,683.15,679.41,691.12,673.58,0.51284556,2.6257341782
801050,2005-05-16,656.21,679.25,679.25,651.82,0.80727692,3.8957950408
801050,2005-05-17,663.52,650.39,668.27,648.16,0.76054642,3.5086457173000003
801050,2005-05-18,674.88,661.79,674.97,659.78,0.64588868,2.8776333612
801050,2005-05-19,675.39,675.09,679.39,666.27,0.69782131,3.0586172152999995
801050,2005-05-20,671.58,673.77,678.7,670.57,0.56593919,2.4059239353
801050,2005-05-23,654.89,666.51,669.33,653.1,0.48047292,2.1244304352000003
801050,2005-05-24,665.0,651.96,668.43,651.45,0.71166833,2.9831896505
801050,2005-05-25,668.68,662.67,674.61,658.65,0.62963809,2.6918077118
801050,2005-05-26,661.3,666.8,671.85,660.03,0.50204485,2.3379434558
801050,2005-05-27,655.29,658.72,668.41,653.64,0.44346025,1.9960252966999998
801050,2005-05-30,664.22,651.17,664.59,650.39,0.50151263,2.193566287
801050,2005-05-31,662.5,664.03,666.64,659.75,0.44530282,1.9052901811
801050,2005-06-01,645.82,661.31,661.88,641.79,0.47615714,2.0726047401
801050,2005-06-02,637.53,641.58,648.27,633.43,0.48418302,2.2772708313999996
801050,2005-06-03,632.93,637.34,641.9,625.42,0.45043469,2.0911126234
801050,2005-06-06,646.58,631.67,646.58,619.09,0.667784,2.7685123860000003
801050,2005-06-07,647.98,649.02,664.61,645.63,0.9108338,4.2342754112
801050,2005-06-08,703.11,649.11,706.56,649.07,2.02592398,9.5980874297
801050,2005-06-09,711.79,702.21,720.5,693.38,2.20894013,11.0719685112
801050,2005-06-10,688.78,711.02,711.25,685.5,1.0950664,5.3171696285
801050,2005-06-13,687.36,689.78,694.62,673.26,0.84706358,4.1380404087
801050,2005-06-14,674.77,689.29,694.27,674.21,0.75188084,3.4890982569999998
801050,2005-06-15,656.48,670.75,676.47,654.35,0.63812857,2.9401559945
801050,2005-06-16,663.75,655.83,663.85,648.82,0.52698696,2.3981928535
801050,2005-06-17,660.94,668.67,680.02,658.99,0.59623072,2.6338919136000003
801050,2005-06-20,683.7,661.18,683.7,648.12,1.08086909,5.487031594099999
801050,2005-06-21,675.78,681.91,683.68,673.04,0.72430821,3.7207904129
801050,2005-06-22,677.22,673.26,681.21,667.89,0.53866902,2.5388979063
801050,2005-06-23,669.35,675.23,681.02,669.13,0.58180126,2.8607000461000003
801050,2005-06-24,673.76,667.61,673.78,664.62,0.4122212,1.9727507486000002
801050,2005-06-27,690.38,679.98,695.57,678.66,1.00646156,5.0644581688
801050,2005-06-28,677.63,687.48,688.39,674.59,0.63076968,2.8284440224000003
801050,2005-06-29,676.96,677.42,682.85,675.31,0.62026034,2.8724388832999996
801050,2005-06-30,659.25,673.08,674.55,658.85,0.58058459,2.775420455
801050,2005-07-01,638.9,656.36,663.21,637.77,0.79020897,3.7474074937
801050,2005-07-04,629.35,634.07,642.14,615.95,0.74090936,3.2914287079
801050,2005-07-05,626.63,626.59,632.97,621.03,0.5209999,2.5904759831999997
801050,2005-07-06,627.78,627.86,632.92,623.68,0.56078213,2.8159975406
801050,2005-07-07,631.09,626.82,634.26,625.53,0.39380499,1.9910971343000001
801050,2005-07-08,611.07,628.46,629.79,607.62,0.58855499,2.6335988476
801050,2005-07-11,605.36,616.29,627.33,604.03,0.63006677,3.1547784023000003
801050,2005-07-12,627.76,603.49,628.89,600.53,0.85984803,4.279532318999999
801050,2005-07-13,616.66,625.36,626.53,615.03,0.58188093,3.0147448586000003
801050,2005-07-14,618.76,614.69,623.6,613.88,0.52893887,2.5135036453
801050,2005-07-15,607.2,619.41,622.33,605.78,0.67729615,2.997556729
801050,2005-07-18,594.29,604.97,608.3,594.0,0.60345174,2.4819049632
801050,2005-07-19,590.26,591.78,596.31,584.18,0.54799424,2.4355136707
801050,2005-07-20,593.22,589.14,596.49,587.03,0.40456915,1.8171484266
801050,2005-07-21,593.79,592.77,594.14,586.09,0.50725726,2.1724771807
801050,2005-07-22,605.83,593.82,612.99,592.5,1.07186277,4.7259108601
801050,2005-07-25,600.11,604.79,605.78,598.01,0.64295558,2.9283710183999996
801050,2005-07-26,617.13,599.2,618.96,597.59,1.1005809,5.064779495
801050,2005-07-27,631.49,617.07,631.6,611.92,1.17347161,5.3547634913
801050,2005-07-28,636.6,633.86,645.36,630.41,1.64099665,7.347185970499999
801050,2005-07-29,636.14,634.55,639.22,630.28,0.96673918,3.9806879676999998
801050,2005-08-01,640.77,635.21,643.74,635.11,0.75993143,3.3983736635
801050,2005-08-02,651.61,640.15,651.99,636.08,0.96721049,4.1899143978
801050,2005-08-03,656.82,652.85,665.74,651.39,1.64965772,7.339389434199999
801050,2005-08-04,649.93,654.13,654.86,647.11,0.9126071,4.0181470967
801050,2005-08-05,660.21,648.81,661.42,648.35,1.33673884,6.1280592601
801050,2005-08-08,670.64,663.46,672.85,661.26,1.69829932,8.1149432708
801050,2005-08-09,678.17,669.92,678.22,662.04,1.35179116,6.1628107632
801050,2005-08-10,685.07,678.61,685.18,670.37,1.64510732,7.4575080626
801050,2005-08-11,694.17,683.96,695.01,680.67,1.8875871,8.9307845752
801050,2005-08-12,677.3,695.51,697.48,674.11,2.04810469,9.7183468771
801050,2005-08-15,699.23,677.14,699.23,676.81,1.41755137,6.616362705299999
801050,2005-08-16,700.57,701.74,705.51,690.02,1.72736677,8.02135513
801050,2005-08-17,711.66,698.97,711.66,686.79,1.84314819,8.5578510204
801050,2005-08-18,680.83,714.13,718.4,678.93,2.22662876,10.511131301599999
801050,2005-08-19,677.13,678.18,685.94,665.91,1.28748825,6.2262279775
801050,2005-08-22,686.78,675.6,688.49,674.13,0.7606775,3.6438146167000003
801050,2005-08-23,677.25,686.78,686.78,673.58,0.82619944,3.8094914644999998
801050,2005-08-24,684.73,678.28,686.07,677.12,0.78875799,3.5207139688
801050,2005-08-25,690.3,686.05,690.3,680.96,0.86537048,3.7688893263
801050,2005-08-26,692.64,691.0,693.82,685.99,1.04349792,4.3932418580000006
801050,2005-08-29,684.29,695.05,696.24,680.01,1.21407367,4.9258024353
801050,2005-08-30,680.29,681.87,687.85,679.76,0.83393787,3.7629565216
801050,2005-08-31,692.35,678.33,692.92,677.08,0.88598411,4.044724887
801050,2005-09-01,708.77,693.13,708.77,690.43,1.36465815,6.4745157375
801050,2005-09-02,710.9,709.73,713.2,705.74,1.20094938,5.6979588887
801050,2005-09-05,723.33,712.13,723.38,711.63,1.18274931,5.631365081499999
801050,2005-09-06,714.4,724.93,737.42,713.03,2.0159179,10.247227949900001
801050,2005-09-07,742.13,713.36,742.13,713.22,2.09951254,10.7822480653
801050,2005-09-08,747.8,745.96,757.48,739.68,2.54224951,13.100659759500001
801050,2005-09-09,741.9,747.59,752.0,737.54,1.36260219,6.9654517415
801050,2005-09-12,750.73,742.74,752.26,742.74,1.10201295,5.821864151900001
801050,2005-09-13,764.64,751.63,764.67,751.14,1.5763076,8.5237816506
801050,2005-09-14,766.74,767.26,769.63,758.48,1.52387177,7.9916772925999995
801050,2005-09-15,765.69,766.96,767.87,761.56,1.32977197,6.9651613432
801050,2005-09-16,764.39,765.13,767.09,761.44,1.08859692,5.7115828136
801050,2005-09-19,771.72,763.73,771.72,760.19,1.29151723,6.362747389
801050,2005-09-20,764.95,772.57,773.68,758.41,1.86066841,9.835554917
801050,2005-09-21,752.93,763.21,766.64,751.57,1.67330518,7.9682056142999995
801050,2005-09-22,735.36,749.88,753.48,726.35,1.49644116,7.3779306364999995
801050,2005-09-23,727.68,731.5,737.54,727.21,1.14910909,5.7953632766
801050,2005-09-26,734.15,724.44,734.15,721.67,0.82560916,4.3207722796
801050,2005-09-27,721.52,733.68,736.38,720.93,0.89722237,4.6599583989
801050,2005-09-28,715.03,719.98,727.37,712.66,0.72017495,3.6683921714
801050,2005-09-29,728.39,715.75,728.39,714.27,0.78059522,4.0385949371
801050,2005-09-30,732.08,727.6,733.89,723.08,0.66634302,3.607338336
801050,2005-10-10,727.1,732.36,734.19,726.77,0.65538841,3.8968182773000004
801050,2005-10-11,745.02,726.0,745.09,725.6,0.91650487,5.6022526604
801050,2005-10-12,753.2,743.66,756.25,740.73,1.27182835,7.5830734086
801050,2005-10-13,746.96,751.47,753.97,746.13,1.04136938,5.862839494199999
801050,2005-10-14,737.36,742.85,747.77,735.96,0.86122381,4.675872269
801050,2005-10-17,742.25,734.92,742.4,731.36,0.85623637,4.8550186432
801050,2005-10-18,754.79,741.72,754.9,739.96,1.04735278,6.3393172541
801050,2005-10-19,745.41,754.72,758.28,744.04,1.10496271,6.149342295399999
801050,2005-10-20,743.57,740.81,743.81,732.82,0.98523868,5.3632326895
801050,2005-10-21,748.77,741.17,753.14,740.67,0.96648148,5.2284293933
801050,2005-10-24,754.04,747.71,755.52,746.83,0.76821741,4.4016201881
801050,2005-10-25,736.53,752.03,754.31,736.37,0.83899125,4.4805309837000005
801050,2005-10-26,718.27,733.57,739.04,717.83,0.8427733,4.5737879679
801050,2005-10-27,702.16,703.98,707.82,696.51,0.84350596,4.4304939666
801050,2005-10-28,686.48,702.08,704.2,677.02,0.93946627,4.6260482463
801050,2005-10-31,690.77,685.11,693.64,683.95,0.64740915,3.1883894406
801050,2005-11-01,687.09,689.51,691.8,676.51,0.65036962,3.2579450829
801050,2005-11-02,700.42,687.39,701.25,687.22,1.0582049,4.7583820113
801050,2005-11-03,692.28,699.27,703.22,690.47,0.94523897,4.6921323112
801050,2005-11-04,692.09,690.57,693.57,684.94,0.64179193,3.3826517051
801050,2005-11-07,693.91,691.15,694.1,685.32,0.56179774,2.651953299
801050,2005-11-08,702.63,692.64,702.63,689.95,0.68126066,3.1841072719
801050,2005-11-09,697.15,702.67,704.63,697.12,0.64413438,2.9202043734
801050,2005-11-10,679.5,694.86,696.8,678.23,0.77543696,3.3759776537
801050,2005-11-11,683.19,676.55,687.75,676.15,0.71906505,2.7304448542000004
801050,2005-11-14,692.26,681.47,692.3,679.54,0.63326922,2.8726987174
801050,2005-11-15,688.75,691.8,696.73,684.7,0.71259738,3.1769574955
801050,2005-11-16,693.5,687.13,693.61,679.65,0.62685892,2.4936556385
801050,2005-11-17,693.29,694.04,698.07,691.21,0.74584446,3.3124534538
801050,2005-11-18,715.25,693.25,719.63,693.21,1.80969635,9.198997478999999
801050,2005-11-21,717.71,717.48,719.91,713.21,1.2256657,6.098508606499999
801050,2005-11-22,702.3,716.67,717.53,702.22,0.85176573,3.9068200825
801050,2005-11-23,709.78,699.39,711.03,699.39,0.82127361,3.9632848649000003
801050,2005-11-24,712.05,707.93,714.77,706.0,0.7368272,3.8298422682999997
801050,2005-11-25,711.09,712.5,712.71,708.13,0.6345967,3.3192800549
801050,2005-11-28,708.3,711.99,714.38,706.96,0.51533765,2.5136126185
801050,2005-11-29,700.93,707.88,710.26,700.62,0.49125595,2.5873145371
801050,2005-11-30,702.26,700.81,703.6,696.82,0.66237201,3.2912477007
801050,2005-12-01,702.93,702.19,705.23,697.21,0.50369804,2.6296828712
801050,2005-12-02,706.19,703.19,708.06,700.9,0.90451082,4.3828844715
801050,2005-12-05,693.94,705.68,706.88,693.55,0.829153,3.9588149247000004
801050,2005-12-06,695.69,691.74,697.93,688.86,0.71431494,3.3634066291000004
801050,2005-12-07,705.67,695.06,705.71,694.4,0.79576963,3.7923676091000003
801050,2005-12-08,708.9,706.9,710.04,703.65,0.85447089,4.1437887198
801050,2005-12-09,720.91,709.51,722.66,707.75,1.13442399,5.471373862
801050,2005-12-12,729.43,721.92,731.38,718.94,0.97272048,5.0772086161
801050,2005-12-13,732.01,730.39,733.96,723.7,0.9238857,4.7136422347
801050,2005-12-14,738.39,731.75,739.09,730.42,1.16138174,5.6370321708
801050,2005-12-15,730.16,739.4,741.37,729.55,1.13633764,5.6918021029
801050,2005-12-16,738.62,729.03,738.81,728.02,0.82569705,4.4941910293000005
801050,2005-12-19,737.7,737.41,739.77,734.34,0.79705383,3.9573311057
801050,2005-12-20,739.51,736.87,740.91,732.58,0.72242166,3.5515076101
801050,2005-12-21,734.23,740.62,741.75,733.23,0.91303394,4.200436917699999
801050,2005-12-22,740.59,734.15,741.09,731.02,0.71932621,3.4654729113
801050,2005-12-23,745.26,735.42,745.74,735.42,1.01822681,5.1755869498000004
801050,2005-12-26,750.87,740.81,751.96,739.16,0.95174273,4.5465048907
801050,2005-12-27,747.19,748.93,751.86,745.07,1.20848055,6.313382549
801050,2005-12-28,751.17,744.42,751.24,744.42,0.89249383,4.723435285
801050,2005-12-29,759.6,748.8,759.77,748.75,1.26506224,6.7687218968
801050,2005-12-30,750.37,758.07,761.55,748.32,1.03158097,6.2330007909
801050,2006-01-04,774.48,749.0,775.37,749.0,1.66451764,9.758623097100001
801050,2006-01-05,791.11,779.57,791.7,776.14,2.04864276,11.4478755933
801050,2006-01-06,797.84,793.18,803.81,788.54,2.27824503,13.0051934771
801050,2006-01-09,816.83,799.21,816.83,799.09,2.26089916,12.9328583141
801050,2006-01-10,834.57,817.44,834.57,815.64,2.47460694,13.3919556853
801050,2006-01-11,850.16,832.58,860.01,829.96,3.30693711,18.9417530459
801050,2006-01-12,859.05,847.81,859.32,842.83,2.13816821,12.0869257939
801050,2006-01-13,867.01,860.04,871.26,856.38,2.35008497,13.7671162555
801050,2006-01-16,869.41,865.89,890.07,865.17,2.8723834,17.0591697309
801050,2006-01-17,863.68,864.63,873.39,859.32,1.74819389,10.2940321238
801050,2006-01-18,888.89,860.94,890.03,860.13,2.13920565,11.893873859400001
801050,2006-01-19,905.55,887.98,911.35,887.07,2.90275291,16.1818407117
801050,2006-01-20,938.77,905.37,941.45,905.35,3.32332861,21.033579566300002
801050,2006-01-23,968.34,929.76,969.71,928.89,2.79866728,17.701621785
801050,2006-01-24,953.08,968.79,982.96,951.95,3.02730926,20.0818754002
801050,2006-01-25,959.59,947.39,961.59,939.79,2.78084021,18.0945307834
801050,2006-02-06,1019.94,971.78,1027.9,961.8,2.84303903,18.8052249759
801050,2006-02-07,1024.37,1020.61,1056.16,1013.01,3.95808848,28.4661071221
801050,2006-02-08,986.04,1003.68,1011.67,975.3,2.98764273,22.1654411582
801050,2006-02-09,984.04,976.43,989.92,972.75,2.04517159,14.4781178407
801050,2006-02-10,983.34,981.35,995.27,978.68,2.05938699,15.3312519578
801050,2006-02-13,945.0,969.39,973.38,936.93,2.38048112,16.6839057515
801050,2006-02-14,972.89,937.91,973.31,937.91,2.61020954,17.9277049025
801050,2006-02-15,972.04,971.32,982.81,970.23,2.36287268,15.239390173499999
801050,2006-02-16,962.14,959.71,969.06,946.36,2.90521807,19.1067881347
801050,2006-02-17,946.06,956.08,964.21,945.66,1.88682422,12.466708906600001
801050,2006-02-20,939.0,940.37,956.11,937.75,1.44394078,9.0356641479
801050,2006-02-21,960.06,939.85,960.32,933.09,1.64418502,10.3811443766
801050,2006-02-22,963.05,958.22,974.94,956.25,1.81553654,12.9060358467
801050,2006-02-23,963.8,961.76,973.45,952.72,1.61293042,11.274273703599999
801050,2006-02-24,965.84,959.31,967.58,956.8,1.32152794,9.0260467341
801050,2006-02-27,960.33,966.37,968.17,956.73,1.63971452,9.4312841294
801050,2006-02-28,958.51,959.19,959.91,943.43,1.31355765,7.784847641
801050,2006-03-01,966.64,959.51,968.13,959.27,1.261629,7.968402201799999
801050,2006-03-02,956.48,964.43,972.32,952.6,1.68596597,11.558639796800001
801050,2006-03-03,964.24,955.65,966.18,951.25,1.40286115,9.7499678596
801050,2006-03-06,961.28,965.02,966.69,958.43,1.18777592,7.6752972801
801050,2006-03-07,931.52,955.85,956.65,929.14,1.20674141,7.6998694808
801050,2006-03-08,922.18,927.16,929.17,911.74,1.28279839,8.647775135
801050,2006-03-09,914.63,919.46,922.96,911.93,0.80205709,4.8304771285
801050,2006-03-10,922.72,913.77,923.16,913.57,1.16310119,6.729832732699999
801050,2006-03-13,933.21,920.15,933.74,919.81,0.95376515,5.2597983700999995
801050,2006-03-14,939.11,932.05,940.86,928.14,0.96799506,5.425779416599999
801050,2006-03-15,961.73,939.01,962.61,938.81,1.9529844,12.6640151147
801050,2006-03-16,960.12,960.47,966.09,955.5,2.09268136,12.3907700178
801050,2006-03-17,955.59,955.97,964.38,951.17,1.99908072,12.8665757213
801050,2006-03-20,979.74,957.46,979.74,957.43,2.15487531,13.4306708717
801050,2006-03-21,992.66,977.3,992.66,977.3,2.17290168,13.505313315
801050,2006-03-22,1013.46,990.09,1013.99,989.16,2.9769909,18.701813452899998
801050,2006-03-23,1016.87,1011.25,1020.79,1010.55,2.37640719,15.8401777316
801050,2006-03-24,1019.23,1021.95,1036.69,1017.12,2.71206624,18.3932924278
801050,2006-03-27,1025.61,1020.27,1027.07,1010.63,2.08310553,12.885001015599999
801050,2006-03-28,1040.53,1026.97,1040.74,1026.3,2.00890105,13.3910510925
801050,2006-03-29,1050.24,1039.94,1064.64,1038.81,3.01372706,21.3164160769
801050,2006-03-30,1029.14,1041.59,1045.17,1029.13,2.6755764,18.5860256092
801050,2006-03-31,1071.0,1029.82,1073.47,1028.59,4.84307817,33.1210013739
801050,2006-04-03,1113.94,1066.35,1114.78,1066.25,4.62442536,33.935124504899996
801050,2006-04-04,1126.45,1119.4,1141.06,1110.31,4.53788066,32.7257901223
801050,2006-04-05,1144.99,1125.06,1147.21,1119.5,3.76572608,27.7318877211
801050,2006-04-06,1183.61,1149.11,1192.24,1148.84,4.77982218,35.7635217136
801050,2006-04-07,1199.85,1186.02,1200.85,1170.36,3.97103186,29.2763756682
801050,2006-04-10,1190.58,1188.71,1216.73,1143.74,4.01067321,26.1533638621
801050,2006-04-11,1184.0,1190.62,1208.78,1181.87,3.67308497,25.7263416114
801050,2006-04-12,1164.43,1174.76,1183.04,1150.81,3.37411251,23.268273459899998
801050,2006-04-13,1115.15,1154.93,1167.71,1114.74,3.48693718,24.6191364142
801050,2006-04-14,1152.6,1102.42,1152.67,1102.42,2.81411772,19.611854036900002
801050,2006-04-17,1146.07,1140.13,1156.57,1138.96,2.49161284,17.2503581418
801050,2006-04-18,1200.25,1142.14,1200.37,1142.14,3.9839374,29.3756477334
801050,2006-04-19,1236.49,1200.13,1246.88,1189.25,6.0283634,46.46055998600001
801050,2006-04-20,1270.74,1233.03,1284.26,1220.75,6.04422448,49.1476796218
801050,2006-04-21,1268.29,1240.8,1285.0,1237.53,5.11500633,40.7768602062
801050,2006-04-24,1348.29,1294.6,1358.16,1294.5,6.71338639,53.980416724499996
801050,2006-04-25,1407.96,1354.37,1435.72,1330.79,7.3890772,63.329919916099996
801050,2006-04-26,1351.44,1431.85,1454.42,1346.73,8.68227824,73.6795492611
801050,2006-04-27,1380.35,1346.73,1383.67,1344.96,5.16741477,43.842652668
801050,2006-04-28,1390.61,1326.43,1395.78,1317.48,5.41412121,45.225169835
801050,2006-05-08,1476.77,1419.56,1477.05,1418.18,5.10854023,42.8827888833
801050,2006-05-09,1506.91,1492.88,1513.02,1474.0,5.99235883,52.911653236999996
801050,2006-05-10,1557.22,1521.79,1573.9,1508.39,6.27762996,55.345694508
801050,2006-05-11,1627.36,1587.86,1674.11,1581.52,7.54934418,71.9692203745
801050,2006-05-12,1738.62,1654.09,1738.68,1646.46,6.48319467,67.7794916702
801050,2006-05-15,1854.8,1771.01,1855.76,1757.1,6.39323428,68.1133536138
801050,2006-05-16,1745.83,1798.24,1852.31,1742.18,7.20074053,71.0741327983
801050,2006-05-17,1708.63,1706.69,1745.51,1655.47,6.18080999,62.20894991310001
801050,2006-05-18,1649.11,1625.58,1684.77,1603.04,5.93123559,54.382140811400006
801050,2006-05-19,1663.9,1625.96,1683.38,1623.73,4.51290106,42.0840648194
801050,2006-05-22,1566.77,1574.84,1586.84,1557.55,5.93457001,47.84644007520001
801050,2006-05-23,1534.21,1539.77,1591.69,1527.55,5.52345981,47.0281425783
801050,2006-05-24,1570.3,1600.89,1637.03,1515.95,5.99606389,58.565498589700006
801050,2006-05-25,1513.37,1503.11,1529.58,1490.73,3.41205659,30.8247626938
801050,2006-05-26,1545.42,1523.22,1554.72,1506.78,2.87413046,28.1798929199
801050,2006-05-29,1580.65,1559.86,1583.18,1539.75,3.0500847,28.5214265525
801050,2006-05-30,1647.6,1585.46,1654.46,1566.84,4.60893581,42.9072361629
801050,2006-05-31,1592.27,1613.75,1643.36,1587.08,4.08405515,36.347203027199996
801050,2006-06-01,1593.85,1564.44,1597.49,1557.16,3.75204626,31.9278647651
801050,2006-06-02,1538.4,1556.23,1569.93,1526.31,4.4537523,37.8734091019
801050,2006-06-05,1585.54,1541.45,1594.33,1528.64,4.08150948,34.749021372899996
801050,2006-06-06,1543.24,1565.93,1573.92,1536.44,2.52933781,21.5468917419
801050,2006-06-07,1459.38,1529.4,1529.4,1427.94,4.42040601,38.7477259608
801050,2006-06-08,1471.54,1453.64,1486.65,1449.21,3.63105979,32.1363584269
801050,2006-06-09,1385.14,1433.16,1433.51,1384.25,3.81285141,31.6054343077
801050,2006-06-12,1384.06,1361.88,1404.62,1346.7,2.36194186,24.653811041199997
801050,2006-06-13,1425.45,1375.17,1426.35,1374.16,3.24414506,28.0407055216
801050,2006-06-14,1372.03,1377.09,1380.13,1345.27,3.37143717,30.3652472591
801050,2006-06-15,1376.54,1368.74,1395.5,1368.32,2.24756545,22.187736444099997
801050,2006-06-16,1406.74,1406.91,1424.19,1393.87,2.32153318,21.612004049899998
801050,2006-06-19,1421.01,1388.03,1442.29,1380.08,2.54034561,23.7314904731
801050,2006-06-20,1435.87,1409.38,1440.69,1392.73,2.52713146,22.7180810177
801050,2006-06-21,1472.43,1430.07,1496.62,1423.35,3.78761675,35.6310205106
801050,2006-06-22,1462.72,1475.83,1490.45,1459.25,2.33362365,24.244721292199998
801050,2006-06-23,1452.4,1453.45,1454.45,1432.01,1.78693607,17.064089048499998
801050,2006-06-26,1456.05,1454.69,1464.81,1448.53,1.85021957,18.192655902000002
801050,2006-06-27,1482.28,1466.39,1483.64,1457.06,2.11380282,18.8873553041
801050,2006-06-28,1466.4,1473.79,1476.72,1462.96,1.93568875,16.1231690587
801050,2006-06-29,1516.18,1469.35,1517.13,1469.09,3.27839796,27.6553692952
801050,2006-06-30,1550.01,1543.91,1579.89,1543.17,4.03586086,39.4755044834
801050,2006-07-03,1620.43,1570.26,1620.43,1559.27,4.16648607,38.9301882598
801050,2006-07-04,1646.87,1630.8,1681.08,1616.67,5.40756026,53.5364586414
801050,2006-07-05,1600.83,1650.65,1651.45,1577.73,3.42279775,33.7219257116
801050,2006-07-06,1619.7,1596.43,1620.21,1593.9,2.88492882,26.3043501158
801050,2006-07-07,1646.99,1651.97,1666.59,1637.49,3.44384522,33.1736337423
801050,2006-07-10,1638.55,1645.59,1645.97,1608.62,2.56810916,24.232879175900003
801050,2006-07-11,1691.65,1635.75,1691.65,1625.09,3.71824208,33.3449005363
801050,2006-07-12,1728.09,1701.56,1772.63,1693.78,5.8010061,58.1075714478
801050,2006-07-13,1593.95,1727.53,1739.42,1593.46,5.14375326,49.8981169996
801050,2006-07-14,1602.75,1572.49,1623.77,1569.35,3.10146166,30.2288771024
801050,2006-07-17,1621.89,1602.28,1625.63,1597.94,1.98249973,20.0453518671
801050,2006-07-18,1604.83,1592.24,1604.83,1572.65,2.5729944,24.406557926199998
801050,2006-07-19,1517.71,1584.65,1585.21,1511.26,2.58839125,24.731543296199998
801050,2006-07-20,1520.12,1531.51,1547.15,1513.53,1.61673414,15.6165690604
801050,2006-07-21,1527.98,1494.66,1532.75,1487.38,1.90233415,16.912948516300002
801050,2006-07-24,1514.08,1497.39,1516.84,1480.86,1.54156109,13.110787023
801050,2006-07-25,1558.78,1523.27,1566.44,1506.01,2.04731801,18.4139703564
801050,2006-07-26,1553.78,1574.02,1578.83,1549.57,1.6251139,14.434493486400001
801050,2006-07-27,1538.67,1558.71,1561.82,1519.52,2.26677622,19.641402327999998
801050,2006-07-28,1534.55,1542.85,1548.79,1502.46,2.42066316,19.66275862
801050,2006-07-31,1465.92,1533.26,1535.74,1465.74,2.16762331,17.9531043363
801050,2006-08-01,1452.61,1478.47,1486.49,1449.23,1.74786596,15.678822285999999
801050,2006-08-02,1411.84,1453.68,1461.6,1393.84,2.26062335,18.7991934185
801050,2006-08-03,1382.84,1414.65,1419.11,1366.88,1.87870887,14.984782886300001
801050,2006-08-04,1315.17,1375.9,1380.55,1314.94,2.07931983,16.6207625999
801050,2006-08-07,1317.79,1308.97,1345.06,1308.97,2.22567356,17.634731664500002
801050,2006-08-08,1353.43,1325.69,1353.43,1322.71,1.76773754,12.8919768959
801050,2006-08-09,1361.2,1356.39,1365.57,1342.29,1.75214807,13.261305766500001
801050,2006-08-10,1404.87,1369.89,1404.97,1368.23,2.04912127,16.4690220771
801050,2006-08-11,1391.23,1394.09,1397.18,1373.79,1.57086305,12.610034002999999
801050,2006-08-14,1331.44,1377.59,1384.16,1329.87,1.63237276,12.6121929823
801050,2006-08-15,1360.02,1326.42,1360.02,1321.23,1.33106004,10.2354305095
801050,2006-08-16,1414.88,1361.57,1416.71,1358.26,2.56553896,20.6879919887
801050,2006-08-17,1418.41,1413.1,1425.92,1395.09,2.20767238,18.479112409200003
801050,2006-08-18,1389.89,1394.41,1415.91,1388.24,1.6023315,12.513980503800001
801050,2006-08-21,1409.86,1342.54,1410.37,1339.71,1.79981458,13.6415496952
801050,2006-08-22,1460.85,1418.28,1468.98,1396.56,2.96337927,25.3547489046
801050,2006-08-23,1446.72,1457.78,1471.76,1443.25,2.7981501,23.8263927681
801050,2006-08-24,1469.82,1449.28,1471.86,1435.15,2.69974503,21.0864876568
801050,2006-08-25,1458.48,1471.94,1479.68,1454.21,2.41882132,20.4225314113
801050,2006-08-28,1490.36,1462.49,1490.36,1450.06,2.63888949,22.087621492600004
801050,2006-08-29,1495.1,1492.45,1529.45,1489.4,3.49472641,29.5884353204
801050,2006-08-30,1491.83,1485.4,1494.99,1476.78,1.87544118,14.6472857677
801050,2006-08-31,1523.8,1492.54,1523.8,1491.31,2.80338932,22.6672957938
801050,2006-09-01,1509.53,1525.97,1545.05,1492.54,3.35108598,30.574331927800003
801050,2006-09-04,1527.3,1503.25,1527.3,1503.25,1.99724073,17.0220084465
801050,2006-09-05,1525.23,1523.04,1531.61,1519.22,2.01479884,16.3635454779
801050,2006-09-06,1579.78,1540.72,1579.78,1523.03,3.79304053,35.7090548596
801050,2006-09-07,1559.52,1580.4,1585.18,1550.4,2.60735636,26.1398836598
801050,2006-09-08,1539.87,1541.63,1555.98,1535.95,1.88237475,16.912593213399997
801050,2006-09-11,1495.46,1519.92,1525.32,1476.85,2.62349113,25.781249478099998
801050,2006-09-12,1490.55,1469.73,1503.01,1469.44,2.04011007,18.8071860351
801050,2006-09-13,1469.03,1485.75,1495.16,1468.37,2.2502222,20.0142548027
801050,2006-09-14,1487.48,1465.34,1487.67,1465.34,2.06492948,17.524258176900002
801050,2006-09-15,1484.46,1475.86,1484.71,1472.59,2.12378876,17.613588149
801050,2006-09-18,1510.61,1480.56,1510.61,1477.17,2.01648206,18.0102021109
801050,2006-09-19,1519.01,1520.45,1526.01,1512.14,2.23200347,21.4011730815
801050,2006-09-20,1504.11,1512.87,1514.92,1500.62,2.14657028,19.426115653
801050,2006-09-21,1504.57,1502.82,1512.36,1497.13,2.18184721,19.9562453854
801050,2006-09-22,1487.24,1509.89,1511.93,1483.29,2.00115089,16.1207116404
801050,2006-09-25,1468.95,1483.97,1487.13,1456.61,1.68421138,14.5216387701
801050,2006-09-26,1452.88,1467.62,1468.99,1441.97,1.8507275,15.960228734500001
801050,2006-09-27,1463.34,1453.75,1463.56,1448.68,1.49174773,12.3284337622
801050,2006-09-28,1486.18,1468.46,1492.67,1466.49,1.83731734,15.849659242000001
801050,2006-09-29,1495.06,1490.68,1496.71,1483.41,1.94527784,16.120443603
801050,2006-10-09,1516.24,1507.14,1516.24,1495.31,2.29698525,20.227510378599998
801050,2006-10-10,1520.95,1514.26,1524.71,1506.89,2.46014878,21.4927262811
801050,2006-10-11,1515.94,1519.53,1525.48,1508.15,2.22741336,19.9465816507
801050,2006-10-12,1510.26,1517.33,1526.05,1509.12,2.17851281,18.9058799062
801050,2006-10-13,1529.4,1516.8,1542.11,1512.94,2.51720215,22.1723935347
801050,2006-10-16,1517.06,1535.14,1538.19,1514.07,2.03845684,17.9392848825
801050,2006-10-17,1569.1,1539.88,1575.46,1534.08,3.89756718,35.5371929256
801050,2006-10-18,1575.35,1560.2,1581.68,1555.54,2.97382474,24.8114309929
801050,2006-10-19,1574.91,1574.88,1582.02,1567.7,2.3679421,20.3993733448
801050,2006-10-20,1614.75,1578.64,1622.26,1578.12,4.49739343,37.71128133
801050,2006-10-23,1577.59,1609.08,1625.96,1564.99,3.78704633,32.6593094089
801050,2006-10-24,1594.16,1571.57,1594.27,1571.57,2.43555501,22.0854485838
801050,2006-10-25,1579.41,1590.84,1598.87,1557.19,2.80421886,26.402824451599997
801050,2006-10-26,1564.04,1590.69,1593.24,1560.76,2.46213417,23.175269104499996
801050,2006-10-27,1509.66,1562.64,1564.61,1505.08,2.63543308,24.1476230588
801050,2006-10-30,1530.24,1501.82,1530.24,1489.34,2.40193977,22.328545882600004
801050,2006-10-31,1557.8,1524.23,1558.03,1513.95,2.64695331,26.046542791700002
801050,2006-11-01,1606.02,1560.82,1634.59,1546.25,4.03239835,44.0704520498
801050,2006-11-02,1607.05,1601.26,1628.36,1562.01,2.80565419,30.9530561879
801050,2006-11-03,1611.91,1608.21,1621.4,1605.72,2.76769515,26.5630153479
801050,2006-11-06,1656.35,1600.77,1663.95,1593.79,3.749919,38.9552625781
801050,2006-11-07,1677.05,1662.73,1678.92,1645.24,4.04771139,44.3970468443
801050,2006-11-08,1647.07,1676.02,1683.8,1647.07,2.96691294,31.282411050500002
801050,2006-11-09,1647.08,1631.18,1654.02,1613.33,2.63672527,30.096539566399997
801050,2006-11-10,1620.27,1664.1,1677.21,1606.3,2.538525,28.3564102789
801050,2006-11-13,1528.5,1582.97,1593.37,1523.45,3.04981979,30.091329625700002
801050,2006-11-14,1544.49,1518.82,1544.49,1493.58,2.21311335,22.5312762843
801050,2006-11-15,1549.8,1531.36,1549.8,1521.08,1.6718232,17.4563853515
801050,2006-11-16,1529.37,1555.8,1562.08,1527.98,2.333341,22.7989060905
801050,2006-11-17,1534.99,1520.67,1534.99,1515.8,1.79500559,17.9119886403
801050,2006-11-20,1502.26,1525.56,1526.76,1490.71,2.47480827,24.628597846399998
801050,2006-11-21,1529.78,1502.77,1530.13,1502.77,2.26455207,22.017463307699998
801050,2006-11-22,1546.83,1543.28,1558.53,1540.73,2.57342416,24.9736918802
801050,2006-11-23,1569.22,1548.13,1569.22,1538.93,2.18514884,22.000630676100002
801050,2006-11-24,1614.59,1571.24,1616.74,1564.43,2.98646748,34.9546541338
801050,2006-11-27,1678.78,1631.95,1699.29,1630.78,4.42454494,49.06106176350001
801050,2006-11-28,1657.7,1670.99,1678.58,1654.5,2.93656954,32.1056993209
801050,2006-11-29,1702.35,1628.28,1705.67,1617.7,3.03596246,32.3280254012
801050,2006-11-30,1714.85,1694.99,1736.7,1694.92,3.56190215,39.0051104265
801050,2006-12-01,1751.81,1725.84,1771.38,1725.33,4.32905545,46.806364495699995
801050,2006-12-04,1795.55,1759.1,1798.93,1759.1,4.72501228,49.0681247567
801050,2006-12-05,1830.36,1800.95,1830.36,1779.26,5.06565502,53.310163021499996
801050,2006-12-06,1791.57,1830.76,1835.37,1731.62,5.32996084,59.5695887101
801050,2006-12-07,1734.41,1758.04,1782.37,1732.53,4.26808296,47.7940476002
801050,2006-12-08,1689.93,1702.03,1747.28,1688.64,4.26715078,43.7700233438
801050,2006-12-11,1740.13,1685.1,1740.13,1685.1,2.70833279,26.6501700123
801050,2006-12-12,1739.68,1743.43,1754.32,1708.5,2.61300587,25.7553655324
801050,2006-12-13,1774.01,1739.82,1774.01,1733.48,3.17909922,33.011682183400005
801050,2006-12-14,1766.59,1765.79,1771.07,1753.95,2.6232994,26.9052146336
801050,2006-12-15,1821.31,1772.32,1824.5,1772.18,3.79078718,40.921251074699995
801050,2006-12-18,1849.8,1823.64,1861.28,1821.97,4.198894,45.8835083384
801050,2006-12-19,1822.27,1852.8,1859.54,1789.27,3.70102041,37.969426082
801050,2006-12-20,1848.92,1830.59,1857.41,1817.83,3.63160987,35.4080393147
801050,2006-12-21,1839.41,1851.54,1876.37,1835.43,4.45074358,45.2269036504
801050,2006-12-22,1836.24,1835.87,1840.76,1813.4,4.37516213,52.3517519665
801050,2006-12-25,1838.18,1840.11,1857.18,1826.69,3.36757639,36.0156052729
801050,2006-12-26,1805.25,1840.94,1844.24,1792.53,3.04202544,32.633244177399995
801050,2006-12-27,1824.45,1808.36,1826.91,1805.69,2.51793343,27.440818288899997
801050,2006-12-28,1791.97,1834.75,1839.52,1782.88,2.94978851,30.8056294574
801050,2006-12-29,1831.41,1801.68,1841.45,1800.39,3.4467629,37.7824475842
801050,2007-01-04,1827.57,1829.86,1851.1,1814.52,4.80472693,54.9567364839
801050,2007-01-05,1865.32,1819.86,1865.32,1813.65,4.04052185,42.8289045741
801050,2007-01-08,1937.46,1851.78,1937.52,1847.12,5.29088961,58.6348200412
801050,2007-01-09,1993.15,1942.54,2006.44,1926.14,5.39846941,63.435493439700004
801050,2007-01-10,2082.25,1986.39,2084.88,1942.54,6.35034906,72.2368472182
801050,2007-01-11,2038.05,2093.56,2108.71,2032.17,5.74316655,65.3944285421
801050,2007-01-12,1979.19,2022.3,2074.46,1972.65,4.29826005,47.89277059810001
801050,2007-01-15,2058.27,1978.05,2058.85,1978.05,3.5526792,40.299267153
801050,2007-01-16,2126.84,2071.59,2131.3,2063.75,4.75442707,58.177234223999996
801050,2007-01-17,2073.96,2127.81,2142.47,2035.73,5.23639611,62.074511988999994
801050,2007-01-18,2143.5,2077.0,2145.22,2073.26,4.65920806,53.549950887600005
801050,2007-01-19,2223.79,2149.22,2236.32,2148.97,5.71376147,73.2446316496
801050,2007-01-22,2318.36,2257.15,2318.36,2257.15,6.36458641,80.7169435879
801050,2007-01-23,2378.67,2321.03,2394.47,2245.51,6.48177803,82.6501502236
801050,2007-01-24,2366.11,2386.11,2406.4,2357.97,5.03714343,68.3536977687
801050,2007-01-25,2251.36,2344.55,2347.87,2250.32,5.10832649,61.8160470137
801050,2007-01-26,2338.79,2236.11,2343.59,2212.18,5.60290671,75.3959871303
801050,2007-01-29,2460.64,2369.15,2463.49,2367.71,5.9065507,83.8511029308
801050,2007-01-30,2423.07,2452.8,2461.34,2403.34,4.88363169,65.0774253767
801050,2007-01-31,2284.05,2411.32,2428.61,2269.7,4.95695975,64.5838277901
801050,2007-02-01,2297.93,2267.41,2320.78,2230.14,4.03848769,51.0112210825
801050,2007-02-02,2202.48,2298.7,2307.63,2200.23,3.52242531,45.2183626554
801050,2007-02-05,2177.2,2177.55,2209.79,2165.68,2.64659013,33.7041896507
801050,2007-02-06,2244.1,2177.91,2244.13,2172.35,2.77531385,34.50042043
801050,2007-02-07,2294.38,2269.67,2314.95,2260.02,3.69872589,48.4248003366
801050,2007-02-08,2356.55,2304.21,2364.79,2301.76,4.4878846,57.5372091179
801050,2007-02-09,2374.02,2359.5,2391.1,2343.79,3.36925872,42.783186450500004
801050,2007-02-12,2434.8,2389.31,2434.8,2379.59,3.26810617,43.688025644700005
801050,2007-02-13,2483.59,2446.89,2484.76,2444.7,3.76147693,48.1770787362
801050,2007-02-14,2542.74,2492.91,2564.0,2491.76,4.2471873,55.4734031622
801050,2007-02-15,2641.84,2568.07,2642.0,2567.67,4.72113068,64.8929495106
801050,2007-02-16,2677.63,2671.33,2720.66,2656.98,4.87443005,68.8098804142
801050,2007-02-26,2823.67,2731.16,2823.67,2723.48,4.4130781,65.9926691685
801050,2007-02-27,2591.72,2843.7,2892.35,2585.87,7.35702086,106.53401024040001
801050,2007-02-28,2736.87,2549.96,2742.46,2549.63,5.76854033,81.3039460557
801050,2007-03-01,2630.7,2748.28,2751.66,2588.49,5.88754321,85.5369529715
801050,2007-03-02,2643.77,2616.16,2679.4,2595.35,3.54045822,53.5499480602
801050,2007-03-05,2614.38,2625.93,2669.05,2532.65,4.31871555,61.1221359479
801050,2007-03-06,2632.73,2609.53,2641.78,2578.97,3.04282881,41.9947083556
801050,2007-03-07,2723.52,2666.0,2723.52,2664.04,3.6096493,52.3290237615
801050,2007-03-08,2812.03,2743.03,2812.09,2732.39,3.85204731,59.907848825100004
801050,2007-03-09,2829.84,2851.95,2868.24,2793.46,4.85022082,79.5089789119
801050,2007-03-12,2802.39,2831.59,2831.59,2736.16,4.03331893,59.6597542541
801050,2007-03-13,2809.24,2810.58,2819.31,2783.65,3.54048311,51.0775533447
801050,2007-03-14,2752.53,2773.7,2782.4,2710.75,3.70231538,55.005183118400005
801050,2007-03-15,2802.74,2755.89,2805.45,2753.22,3.48063117,49.5084975206
801050,2007-03-16,2783.51,2832.24,2855.89,2752.66,4.68846497,64.8508961226
801050,2007-03-19,2827.34,2707.67,2842.92,2695.95,3.80444627,54.4373895696
801050,2007-03-20,2877.54,2835.05,2877.83,2821.82,3.84790067,52.9310448675
801050,2007-03-21,2900.06,2894.31,2916.41,2873.39,3.45133573,49.331633902
801050,2007-03-22,2897.82,2917.06,2930.45,2892.63,4.88344486,75.11315772569999
801050,2007-03-23,2963.59,2898.93,2964.08,2870.04,5.37893811,81.0268757388
801050,2007-03-26,2993.63,2967.35,2993.82,2955.05,4.02188096,64.6845824251
801050,2007-03-27,3044.06,2998.82,3054.45,2990.9,3.9897957,64.8240856123
801050,2007-03-28,3014.63,3027.59,3059.89,2915.33,4.76064174,78.0111010387
801050,2007-03-29,2969.07,3016.32,3036.82,2963.18,5.20169877,78.8092333637
801050,2007-03-30,2974.09,2947.3,2993.46,2938.83,3.1407081,46.7182510441
801050,2007-04-02,3006.96,2984.72,3007.28,2965.29,3.25683939,53.6628383827
801050,2007-04-03,3067.94,3012.79,3068.95,3004.88,3.87890711,66.4720143566
801050,2007-04-04,3066.34,3080.94,3086.71,3041.63,3.59054204,62.834195253599994
801050,2007-04-05,3100.42,3076.16,3106.32,3047.56,3.6088514,60.7650976958
801050,2007-04-06,3194.34,3079.72,3204.09,3075.75,4.6338993,84.8191242245
801050,2007-04-09,3297.86,3233.81,3316.33,3233.81,5.48779188,101.3242182714
801050,2007-04-10,3487.26,3314.71,3489.59,3272.38,6.67892226,128.7402524254
801050,2007-04-11,3569.9,3519.02,3633.97,3456.22,7.20663381,144.3042003365
801050,2007-04-12,3676.26,3595.91,3698.19,3589.69,6.51170695,130.1965696299
801050,2007-04-13,3576.04,3688.89,3688.89,3552.27,6.61921553,138.14278288379998
801050,2007-04-16,3675.72,3570.94,3676.21,3570.94,5.06171771,102.332092969
801050,2007-04-17,3821.61,3708.1,3822.11,3690.63,6.73405168,136.8617382009
801050,2007-04-18,3900.48,3872.29,3949.48,3846.74,6.52037251,134.3508881377
801050,2007-04-19,3694.36,3877.28,3888.16,3617.64,6.80595023,134.9358439644
801050,2007-04-20,3876.39,3756.95,3878.31,3722.84,5.333511,106.3140205203
801050,2007-04-23,3988.05,3926.84,3993.86,3926.84,5.55751039,117.22747789659999
801050,2007-04-24,3966.26,4024.7,4027.53,3945.02,6.0825135,130.7616872015
801050,2007-04-25,3884.3,3928.9,3928.9,3800.11,5.52227385,111.4554321073
801050,2007-04-26,3892.57,3890.7,3919.01,3864.28,3.83900726,77.5273845117
801050,2007-04-27,3841.79,3858.15,3877.41,3813.83,4.35932773,92.94173515709998
801050,2007-04-30,3869.6,3850.84,3870.19,3773.53,4.93982067,100.9881786251
801050,2007-05-08,4015.62,3999.52,4027.08,3968.32,5.77029395,124.1481915374
801050,2007-05-09,3950.5,4016.83,4016.83,3827.68,5.19043717,108.21551008360001
801050,2007-05-10,4007.38,3950.46,4030.87,3902.36,5.58052042,113.9724656339
801050,2007-05-11,3934.87,3953.86,3959.78,3891.47,4.52090819,92.360644184
801050,2007-05-14,3917.67,3889.17,3934.16,3857.91,5.3984438,107.3515888384
801050,2007-05-15,3798.61,3914.21,3936.54,3791.41,6.19731976,125.34296138469999
801050,2007-05-16,3900.73,3801.07,3900.73,3774.25,4.82786017,100.0628100714
801050,2007-05-17,3984.94,3920.83,4001.01,3914.21,5.39811878,112.4417523782
801050,2007-05-18,3942.06,3961.0,3964.21,3904.9,3.9997809,84.4194084155
801050,2007-05-21,4033.83,3834.55,4039.63,3813.31,6.4911642,134.62258646790002
801050,2007-05-22,4105.64,4074.24,4124.0,4063.22,7.34024533,154.8100435737
801050,2007-05-23,4174.79,4122.35,4175.95,4110.13,6.72502522,144.6834748876
801050,2007-05-24,4108.07,4180.67,4189.2,4050.66,6.56628293,141.8277522527
801050,2007-05-25,4164.96,4111.02,4165.2,4074.82,5.33543868,118.7546372475
801050,2007-05-28,4362.07,4245.77,4381.56,4239.26,8.70916979,197.81236262169998
801050,2007-05-29,4506.44,4404.19,4529.79,4383.8,8.88484023,203.44455116580002
801050,2007-05-30,4169.79,4223.49,4429.52,4135.56,9.33581895,215.42829789720003
801050,2007-05-31,4256.01,4133.21,4311.86,3931.29,8.56590744,189.2413838454
801050,2007-06-01,4231.9,4299.26,4464.98,4185.86,9.51395528,233.21480239299999
801050,2007-06-04,3865.28,4192.06,4213.57,3856.01,6.63265912,145.6365768846
801050,2007-06-05,3975.6,3721.47,3975.6,3579.22,7.89198393,160.7077605934
801050,2007-06-06,4173.94,4013.94,4183.33,3895.65,8.66245713,191.9365434548
801050,2007-06-07,4275.19,4191.77,4318.0,4176.18,8.11699654,184.7115959439
801050,2007-06-08,4520.51,4278.63,4546.43,4251.58,9.98286143,241.7783579125
801050,2007-06-11,4625.1,4586.51,4733.34,4565.42,8.77293107,219.08557375439997
801050,2007-06-12,4843.78,4653.01,4861.78,4520.85,8.07482908,199.7652288862
801050,2007-06-13,4875.81,4873.66,4912.68,4826.01,7.46818476,186.90969523400003
801050,2007-06-14,4931.17,4833.46,5028.79,4757.18,6.67028844,170.4575834981
801050,2007-06-15,4947.77,4861.18,5013.43,4839.53,5.81954299,151.7605004522
801050,2007-06-18,5038.92,5021.34,5097.71,5021.34,5.79808002,153.0057180849
801050,2007-06-19,5005.11,5057.68,5078.42,4942.16,5.1918731,138.4367429116
801050,2007-06-20,4799.44,4996.49,4998.79,4768.34,6.08029482,153.7835921061
801050,2007-06-21,4822.21,4765.29,4855.34,4734.15,4.76445776,116.728197191
801050,2007-06-22,4650.94,4803.38,4823.61,4543.2,4.91255345,115.5243639518
801050,2007-06-25,4454.56,4649.84,4707.65,4414.29,4.76050867,113.5230341531
801050,2007-06-26,4556.4,4364.77,4556.4,4311.43,4.23184835,94.9357633933
801050,2007-06-27,4652.97,4569.77,4653.2,4519.85,4.59034372,104.7252778178
801050,2007-06-28,4391.19,4634.27,4655.76,4387.88,4.46190979,101.6035078495
801050,2007-06-29,4242.93,4267.92,4369.23,4176.78,3.94382143,84.1373456358
801050,2007-07-02,4273.95,4208.91,4310.53,4147.24,3.18150988,66.6655106278
801050,2007-07-03,4586.95,4390.16,4586.95,4308.47,5.68344627,135.66230261209998
801050,2007-07-04,4395.44,4600.05,4612.53,4368.45,4.79087428,118.5344190361
801050,2007-07-05,4123.78,4306.59,4309.61,4114.78,3.96859586,85.1917854053
801050,2007-07-06,4332.1,4090.44,4342.48,4044.36,4.69545869,99.0430139969
801050,2007-07-09,4450.06,4385.31,4495.26,4362.52,4.72080237,108.8475153602
801050,2007-07-10,4362.72,4461.42,4461.42,4315.1,3.53107286,75.9919758963
801050,2007-07-11,4429.54,4316.27,4444.83,4293.18,3.23305599,71.6119592588
801050,2007-07-12,4396.04,4437.47,4443.94,4369.59,2.53590144,55.008990399
801050,2007-07-13,4409.34,4408.38,4416.75,4329.09,2.13024294,46.6706832742
801050,2007-07-16,4268.46,4393.4,4419.96,4267.9,2.11259443,45.3536393276
801050,2007-07-17,4331.26,4260.51,4377.98,4218.76,2.13075631,48.826341596899994
801050,2007-07-18,4263.4,4246.97,4304.04,4198.6,3.2981274,71.73620826310001
801050,2007-07-19,4323.67,4262.42,4368.44,4260.95,2.64156226,62.7723771627
801050,2007-07-20,4432.67,4348.02,4442.56,4324.92,4.12509797,91.70514330299999
801050,2007-07-23,4663.74,4476.41,4688.26,4442.64,4.92342192,118.7016628516
801050,2007-07-24,4662.35,4688.17,4774.08,4662.35,4.63258712,107.2153582582
801050,2007-07-25,4856.2,4650.22,4856.71,4649.45,5.45130429,128.1694689396
801050,2007-07-26,4929.34,4877.2,4957.79,4852.62,5.01046956,121.1321181498
801050,2007-07-27,4953.79,4901.77,4989.64,4841.49,4.58147958,108.9625018316
801050,2007-07-30,5106.91,4949.21,5143.3,4948.94,5.07958721,130.8020848427
801050,2007-07-31,5382.2,5115.97,5387.17,5096.81,6.56142473,177.1269975509
801050,2007-08-01,5111.32,5429.78,5440.96,5064.46,6.7354083,182.49113740330003
801050,2007-08-02,5347.51,5149.19,5390.97,5141.12,5.09056997,144.7342038367
801050,2007-08-03,5570.2,5419.02,5585.5,5414.08,6.18027524,180.28197492509997
801050,2007-08-06,5904.12,5630.6,5904.12,5616.0,6.51897512,198.55574275889998
801050,2007-08-07,5986.63,5940.82,6278.86,5843.3,9.98527149,312.679105837
801050,2007-08-08,5842.31,5862.79,5974.67,5683.82,6.22947596,190.8007154397
801050,2007-08-09,5958.48,5818.54,6057.29,5789.33,5.04040303,162.9221479149
801050,2007-08-10,6017.2,5946.68,6023.38,5804.98,5.9098872,200.4373681816
801050,2007-08-13,5789.03,6007.74,6042.72,5754.0,5.73704452,197.9470375754
801050,2007-08-14,5891.15,5761.45,5914.3,5753.11,3.70096393,117.7853440026
801050,2007-08-15,5821.48,5903.85,5916.79,5691.23,3.75627842,119.23761705940001
801050,2007-08-16,5884.7,5807.77,5915.45,5703.27,4.95322483,145.29179114
801050,2007-08-17,5796.72,5793.31,5947.81,5785.21,4.98775766,155.2206371352
801050,2007-08-20,6033.66,5907.56,6034.17,5907.43,3.98070856,124.5001385274
801050,2007-08-21,6330.4,6074.51,6349.01,6046.53,5.47829915,176.74477325450002
801050,2007-08-22,6565.45,6227.85,6602.93,6221.05,6.28541719,218.4862812698
801050,2007-08-23,6594.3,6578.9,6664.58,6504.88,4.86870639,172.48631048099998
801050,2007-08-24,6795.51,6570.85,6842.29,6568.9,5.56053898,188.9883072897
801050,2007-08-27,7096.3,6821.14,7096.3,6789.19,6.8276117,241.5417633886
801050,2007-08-28,7461.11,7100.28,7538.06,6956.81,7.90604501,294.99672643369996
801050,2007-08-29,7211.46,7414.7,7550.33,7176.35,8.13037068,318.4317296418
801050,2007-08-30,7064.33,7160.35,7229.13,6909.26,6.95052265,254.08390126759997
801050,2007-08-31,7141.66,7004.92,7191.75,6913.83,5.54979107,189.58342079439998
801050,2007-09-03,7187.01,7167.71,7233.65,7101.72,5.28040777,183.22033851869998
801050,2007-09-04,7110.96,7157.61,7255.89,7023.69,4.50970092,156.2285823455
801050,2007-09-05,7286.22,7065.8,7413.21,7065.8,4.3467347,160.8444229828
801050,2007-09-06,7255.29,7279.06,7329.84,7184.62,3.90102814,139.9488766485
801050,2007-09-07,7085.06,7173.84,7239.19,7077.41,4.76274273,164.5722719816
801050,2007-09-10,7094.9,6972.02,7098.87,6907.22,3.68396124,128.5629316969
801050,2007-09-11,6902.93,7103.59,7271.56,6882.51,4.09157551,147.7358322455
801050,2007-09-12,7214.82,6868.35,7215.45,6857.36,4.58772841,172.29868055580002
801050,2007-09-13,7335.94,7250.39,7461.24,7209.17,4.07080185,167.5395785015
801050,2007-09-14,7330.52,7336.62,7366.71,7176.22,4.52639327,170.5187175949
801050,2007-09-17,7432.81,7289.84,7433.48,7287.89,4.08327808,152.4729881506
801050,2007-09-18,7624.94,7438.68,7721.11,7412.15,5.68932388,218.07321303470002
801050,2007-09-19,7483.99,7614.94,7637.31,7457.35,4.03695485,143.2441845799
801050,2007-09-20,7613.73,7494.59,7655.08,7494.59,4.20707376,150.7382485531
801050,2007-09-21,7856.92,7633.41,7856.92,7570.32,5.14368749,194.07635486130002
801050,2007-09-24,8148.91,7925.41,8357.52,7925.41,6.334003,260.4882594147
801050,2007-09-25,7930.92,8115.58,8151.7,7852.24,4.52955255,172.18116136790002
801050,2007-09-26,7686.6,7855.72,7933.4,7648.97,2.99869962,114.67840269930001
801050,2007-09-27,7959.62,7652.37,7959.62,7606.35,2.73510856,104.106097283
801050,2007-09-28,8161.9,8014.78,8224.01,8012.97,3.87755139,156.3220811546
801050,2007-10-08,8065.47,8327.08,8376.29,8058.53,3.69737226,153.48178154709998
801050,2007-10-09,8177.84,7928.33,8199.82,7799.93,3.11847501,127.95372990290001
801050,2007-10-10,8252.59,8160.26,8385.67,8083.61,5.568828,238.8971062712
801050,2007-10-11,8415.09,8217.46,8491.09,8205.54,5.84294019,235.5231977272
801050,2007-10-12,8687.0,8320.63,8702.16,8271.52,5.59981592,240.08918539369998
801050,2007-10-15,8779.09,8772.81,9030.95,8760.23,5.73738,290.9675467558
801050,2007-10-16,8652.22,8678.41,8754.53,8457.69,3.36822491,155.5652757083
801050,2007-10-17,8610.54,8521.67,8810.62,8493.73,3.05005359,129.7294279391
801050,2007-10-18,8206.4,8518.53,8593.47,8206.4,3.31544479,147.0262557686
801050,2007-10-19,8285.35,8198.16,8387.22,8126.31,3.27958192,145.7600786116
801050,2007-10-22,7950.27,8092.84,8180.02,7947.98,2.81610505,119.76698242190001
801050,2007-10-23,7982.09,7887.74,8031.49,7623.42,3.16582681,130.90750150280002
801050,2007-10-24,7993.65,7966.35,8084.39,7942.25,2.6692237,115.4187133406
801050,2007-10-25,7521.72,7869.9,7915.32,7500.11,3.37968468,136.5581982846
801050,2007-10-26,7498.73,7431.82,7626.22,7389.68,2.31780178,89.7656815241
801050,2007-10-29,7733.65,7502.54,7734.58,7464.5,2.43216883,99.7724855186
801050,2007-10-30,7929.04,7790.77,8024.09,7770.31,2.55488913,115.75016090540001
801050,2007-10-31,7936.03,7989.26,8069.29,7868.79,2.82063994,114.6983079723
801050,2007-11-01,7666.17,7907.77,7956.0,7665.51,2.3665947,99.16378190809999
801050,2007-11-02,7311.7,7483.7,7544.39,7278.05,2.74185352,107.3644915723
801050,2007-11-05,7131.84,7194.18,7364.36,7103.05,2.29124638,88.2724407464
801050,2007-11-06,6997.4,7061.98,7200.3,6973.22,1.93276764,78.12003210600001
801050,2007-11-07,7139.14,7017.14,7139.25,6937.44,1.81855516,69.78815623979999
801050,2007-11-08,6697.22,7075.79,7088.45,6696.3,3.63739748,126.70330874620001
801050,2007-11-09,6432.43,6567.3,6654.1,6321.34,2.92805048,101.8336151706
801050,2007-11-12,6104.6,6177.1,6234.02,5925.69,3.06193562,106.8062940216
801050,2007-11-13,6042.32,6129.45,6232.06,5943.77,3.44420253,110.24982936200001
801050,2007-11-14,6482.44,6122.39,6483.54,5994.07,3.52153958,126.18670253100001
801050,2007-11-15,6492.06,6485.45,6722.91,6409.58,5.15377979,177.20519573150003
801050,2007-11-16,6366.54,6310.27,6415.59,6213.6,2.42210572,78.8540561044
801050,2007-11-19,6323.98,6360.53,6413.83,6273.36,1.95300367,58.863938365
801050,2007-11-20,6379.29,6218.82,6438.44,6127.57,2.71211332,86.9624471691
801050,2007-11-21,6298.04,6381.29,6513.64,6290.28,2.21952212,72.534048708
801050,2007-11-22,5865.03,6130.31,6163.21,5844.52,2.55006837,80.8566391363
801050,2007-11-23,5902.65,5743.68,5902.65,5691.74,1.84828501,57.52013971979999
801050,2007-11-26,5817.1,5993.04,6037.51,5743.69,2.05262457,67.7140788825
801050,2007-11-27,5830.59,5732.05,5941.77,5700.39,2.17797991,68.79948672489999
801050,2007-11-28,5755.16,5838.44,5912.06,5739.01,1.77735452,56.4475108592
801050,2007-11-29,5933.44,5808.32,5960.22,5715.75,2.81748564,85.1201348722
801050,2007-11-30,5738.58,5924.97,5945.99,5732.0,2.15437829,63.0182085366
801050,2007-12-03,5711.45,5690.27,5765.84,5666.74,1.32879074,37.3943179996
801050,2007-12-04,5801.14,5708.14,5833.98,5703.29,1.58372252,47.71670247189999
801050,2007-12-05,6067.41,5768.83,6124.26,5753.93,3.02869743,98.863999159
801050,2007-12-06,5982.99,6070.01,6092.2,5934.77,1.86040111,60.050570086899995
801050,2007-12-07,6110.75,5991.18,6119.02,5991.18,1.92115821,56.4110832427
801050,2007-12-10,6372.46,6034.94,6389.95,6021.25,3.67750638,117.8117601845
801050,2007-12-11,6325.1,6391.13,6410.56,6243.93,2.9965427,93.65835045790001
801050,2007-12-12,6217.84,6276.94,6298.2,6192.94,2.32797107,70.6234995816
801050,2007-12-13,5927.58,6165.04,6203.03,5924.71,2.61093316,78.2006611132
801050,2007-12-14,6035.07,5827.83,6035.76,5810.53,1.87273559,54.841142005100004
801050,2007-12-17,5860.48,6007.39,6041.67,5860.13,2.17707525,61.0554925883
801050,2007-12-18,5826.47,5801.74,5915.73,5796.17,1.39206793,35.276523559299996
801050,2007-12-19,5976.66,5903.89,6012.63,5876.04,1.94184087,55.7706253725
801050,2007-12-20,6067.9,5976.33,6084.1,5939.26,1.96377043,60.1274174975
801050,2007-12-21,6275.59,6028.43,6312.97,6027.56,3.20698354,106.96414502040001
801050,2007-12-24,6357.97,6325.74,6442.81,6325.74,3.48460742,117.8906739476
801050,2007-12-25,6387.9,6358.94,6444.65,6349.21,2.29196607,73.6916236517
801050,2007-12-26,6539.75,6393.81,6539.81,6389.74,3.56778531,99.5889961626
801050,2007-12-27,6678.54,6566.9,6743.61,6565.53,3.97609325,120.18431259549999
801050,2007-12-28,6639.78,6671.76,6721.56,6615.47,3.02792736,100.53097710959999
801050,2008-01-02,6607.86,6634.06,6653.42,6516.69,3.10943022,96.4615148841
801050,2008-01-03,6762.81,6618.09,6767.27,6528.44,4.17893546,134.532302517
801050,2008-01-04,7063.67,6817.13,7098.3,6813.8,5.32216412,202.6713578895
801050,2008-01-07,7094.41,7058.89,7157.47,7034.63,4.04609499,148.7690084519
801050,2008-01-08,7048.16,7115.21,7207.62,6979.29,4.37230193,149.65648967
801050,2008-01-09,7293.47,7099.65,7293.47,7099.65,3.72956719,139.6606680312
801050,2008-01-10,7408.73,7326.61,7484.71,7308.1,4.49796445,159.6082698113
801050,2008-01-11,7310.83,7423.96,7429.61,7258.98,3.1000779,106.2418256589
801050,2008-01-14,7340.0,7311.73,7387.48,7208.74,2.92322614,102.6266220869
801050,2008-01-15,7463.82,7361.13,7473.19,7240.96,3.82618814,139.0084783216
801050,2008-01-16,7159.85,7331.14,7352.91,7158.24,3.43825465,116.99765039299999
801050,2008-01-17,6883.23,7036.73,7181.61,6747.63,3.68266418,122.3318953384
801050,2008-01-18,6975.32,6871.98,6979.76,6820.71,2.4342489,73.3180796571
801050,2008-01-21,6581.73,6960.54,6971.5,6548.87,2.88357815,86.31800565209998
801050,2008-01-22,6067.14,6338.48,6397.86,6060.91,3.51048855,99.6296955903
801050,2008-01-23,6236.77,6029.37,6267.54,5952.85,3.52988987,111.33551670840001
801050,2008-01-24,6204.27,6256.1,6279.02,6077.55,3.78871502,121.45967935620001
801050,2008-01-25,6329.34,6227.25,6384.6,6220.94,3.19873449,101.66940710700001
801050,2008-01-28,5883.61,6323.91,6325.03,5868.03,2.70392819,80.8836787412
801050,2008-01-29,5895.25,5906.2,5991.84,5789.07,1.93493694,56.7858528112
801050,2008-01-30,5947.91,6004.55,6075.38,5846.73,2.4229809,69.4686017961
801050,2008-01-31,5802.68,5948.11,5957.42,5802.68,1.72173088,45.5812226136
801050,2008-02-01,5582.11,5835.76,5845.18,5474.71,2.1611851,55.898269103800004
801050,2008-02-04,6019.86,5768.51,6024.11,5739.08,2.5366252,67.374917277
801050,2008-02-05,6092.53,6072.6,6157.15,5997.7,2.73350534,78.8372056496
801050,2008-02-13,5988.14,6075.91,6090.03,5919.12,1.63904343,43.92557158979999
801050,2008-02-14,6049.7,6020.14,6078.04,5978.06,1.26788277,34.5341778554
801050,2008-02-15,5952.74,5994.01,6006.51,5878.02,1.63735773,43.521412472600005
801050,2008-02-18,6015.43,6011.75,6076.43,6003.69,1.76912945,50.1102290341
801050,2008-02-19,6285.19,6042.45,6287.26,6006.39,3.72311822,101.3267019637
801050,2008-02-20,6298.28,6372.26,6528.22,6289.27,4.60812982,138.9883360227
801050,2008-02-21,6299.31,6268.82,6371.69,6162.4,2.48070026,72.3029487732
801050,2008-02-22,6249.95,6304.66,6402.56,6199.06,2.9011895,89.42582667149999
801050,2008-02-25,6035.81,6286.57,6300.1,6022.8,2.36750641,70.4650760862
801050,2008-02-26,5913.27,6142.01,6186.74,5745.81,2.33090694,70.96501515199999
801050,2008-02-27,6006.16,5964.13,6058.32,5880.64,1.70456203,50.2360721349
801050,2008-02-28,6062.49,6055.23,6138.99,6029.44,1.86928416,52.8764579724
801050,2008-02-29,6158.9,6093.14,6199.12,6087.02,1.82536033,56.1174650258
801050,2008-03-03,6331.28,6135.13,6360.54,6061.53,3.04036077,92.9619677691
801050,2008-03-04,6303.66,6400.34,6519.45,6270.77,3.7422675,115.804310148
801050,2008-03-05,6214.94,6221.49,6272.31,6118.06,2.66525989,77.84225869149999
801050,2008-03-06,6338.85,6282.92,6402.09,6258.68,2.90690653,88.41363092610001
801050,2008-03-07,6345.71,6291.73,6438.65,6243.42,2.4752181,75.4412486562
801050,2008-03-10,6046.84,6313.81,6314.64,6013.34,2.40418017,73.5313683748
801050,2008-03-11,5967.82,5959.18,5985.43,5796.98,1.94310358,54.2927873625
801050,2008-03-12,5812.75,6096.12,6116.36,5805.87,1.81413336,48.3205710697
801050,2008-03-13,5584.99,5759.08,5777.33,5492.52,2.18791993,55.494437167600005
801050,2008-03-14,5622.82,5578.37,5672.33,5545.93,1.44583335,37.4695645779
801050,2008-03-17,5273.22,5617.63,5619.59,5269.96,1.82882316,42.5334140477
801050,2008-03-18,4897.95,5173.96,5287.72,4859.57,2.26746285,52.746531454
801050,2008-03-19,4983.02,4953.03,5078.45,4830.47,2.77883644,70.525192464
801050,2008-03-20,4955.16,4797.8,5009.44,4627.5,3.20815984,81.0786689002
801050,2008-03-21,5086.53,4909.84,5099.31,4836.81,3.02649793,80.1526578989
801050,2008-03-24,4843.4,5128.07,5135.25,4843.4,2.55649421,63.8259937236
801050,2008-03-25,4826.64,4739.27,4935.34,4674.64,2.1907748,54.2220117134
801050,2008-03-26,4876.41,4876.62,5015.35,4845.45,2.2301621,56.246940275200004
801050,2008-03-27,4599.33,4809.18,4809.18,4599.33,2.06884917,46.5350195997
801050,2008-03-28,4739.21,4548.72,4748.74,4428.55,2.4712926,56.277008378400005
801050,2008-03-31,4507.51,4601.62,4664.44,4505.14,1.73822858,38.42833671
801050,2008-04-01,4165.98,4493.06,4534.07,4156.91,2.23916182,47.2302407376
801050,2008-04-02,3978.4,4175.44,4210.55,3930.64,2.65701395,57.0974356341
801050,2008-04-03,4178.9,3961.41,4209.96,3929.78,2.68911029,52.8928004888
801050,2008-04-07,4497.02,4163.94,4497.02,4109.9,3.87029391,85.36524389680001
801050,2008-04-08,4562.36,4511.69,4659.05,4470.32,3.84979837,89.7240730591
801050,2008-04-09,4320.99,4517.18,4586.14,4314.56,2.65823613,56.3945484004
801050,2008-04-10,4456.8,4276.18,4456.8,4260.01,2.23873692,49.204744771899996
801050,2008-04-11,4480.46,4494.66,4535.42,4439.28,2.00800692,44.537679015
801050,2008-04-14,4143.06,4359.38,4360.04,4134.11,2.06086627,43.2435497617
801050,2008-04-15,4287.32,4129.63,4287.71,4064.59,1.90693919,40.5559048028
801050,2008-04-16,4132.2,4259.91,4286.03,4122.2,1.95996263,40.7012220127
801050,2008-04-17,4007.5,4125.15,4211.19,3956.99,2.21600187,48.7265425695
801050,2008-04-18,3822.33,3986.04,3991.83,3812.45,1.8758735,36.669371741599996
801050,2008-04-21,3725.75,4032.76,4085.84,3678.36,2.59287539,51.996219527600005
801050,2008-04-22,3563.66,3579.43,3617.95,3420.01,2.29477989,43.0150418728
801050,2008-04-23,3745.97,3469.51,3761.97,3469.38,3.63299965,71.14406959600001
801050,2008-04-24,4054.41,4036.3,4062.88,3974.48,7.44462105,168.90322629
801050,2008-04-25,4162.97,4091.92,4279.27,4062.54,8.25843533,196.776031806
801050,2008-04-28,4014.78,4037.39,4105.57,3997.95,5.13711729,127.3925158674
801050,2008-04-29,4074.36,3961.14,4074.72,3955.66,5.94465778,163.8413447701
801050,2008-04-30,4211.89,4043.93,4232.39,4036.58,6.66780884,180.0586491282
801050,2008-05-05,4448.48,4263.28,4453.27,4255.68,6.3086538,167.3792393923
801050,2008-05-06,4342.08,4415.81,4472.79,4315.69,9.25057728,192.2697631787
801050,2008-05-07,4175.61,4319.34,4389.1,4175.61,7.04409068,149.9298615738
801050,2008-05-08,4309.22,4117.22,4310.64,4093.5,5.59542102,120.3967791674
801050,2008-05-09,4281.55,4309.01,4369.13,4196.95,5.97199406,131.8558338085
801050,2008-05-12,4308.55,4176.47,4392.29,4127.56,5.24747579,112.4174296087
801050,2008-05-13,4162.82,4143.32,4308.31,4133.1,5.08214804,101.5090490699
801050,2008-05-14,4434.84,4151.86,4436.29,4150.82,7.26928294,158.3370450864
801050,2008-05-15,4345.18,4497.94,4531.55,4345.18,7.80221027,161.1149434428
801050,2008-05-16,4335.57,4341.47,4422.71,4231.19,4.1378104,85.0467040509
801050,2008-05-19,4333.62,4343.21,4376.4,4282.55,3.16218446,67.99367473390001
801050,2008-05-20,4041.6,4323.62,4359.47,4014.78,4.2622193,89.836226424
801050,2008-05-21,4115.39,3998.5,4150.2,3848.41,5.17975468,103.34013890780001
801050,2008-05-22,4000.9,4052.5,4099.13,3992.62,3.6805631,72.7647013715
801050,2008-05-23,3898.86,3970.65,4022.79,3864.19,3.27477649,64.4418375419
801050,2008-05-26,3749.98,3866.77,3867.95,3747.26,2.96220809,54.952730520900005
801050,2008-05-27,3808.92,3738.79,3838.28,3738.25,2.61790453,50.624051127399994
801050,2008-05-28,3921.53,3829.39,3950.89,3793.49,3.30070981,64.5125849107
801050,2008-05-29,3782.63,3901.88,3905.43,3782.63,3.16443823,60.961347491000005
801050,2008-05-30,3762.09,3761.06,3809.53,3702.38,3.25726258,59.140727881800004
801050,2008-06-02,3832.2,3742.6,3894.33,3709.69,3.33277844,56.8199871159
801050,2008-06-03,3761.94,3818.29,3865.22,3720.17,3.78908674,57.129223757700004
801050,2008-06-04,3648.51,3734.96,3754.83,3601.88,2.47898696,42.2290888136
801050,2008-06-05,3605.28,3624.49,3657.05,3594.81,2.00121503,33.145294918000005
801050,2008-06-06,3614.75,3611.65,3640.17,3585.72,1.73202331,30.2786436787
801050,2008-06-10,3274.87,3467.2,3528.58,3273.79,3.33033229,50.3394357062
801050,2008-06-11,3097.38,3188.24,3193.11,3055.09,2.77706383,43.79805814
801050,2008-06-12,3124.98,3088.34,3160.04,3041.94,3.64545625,55.6652180485
801050,2008-06-13,2923.93,3119.95,3144.91,2923.93,2.94014781,45.5894579473
801050,2008-06-16,2843.58,2919.8,2961.74,2801.46,2.70910007,38.5856399604
801050,2008-06-17,2654.88,2847.07,2868.55,2646.72,3.27400607,44.227071162399994
801050,2008-06-18,2871.82,2634.01,2878.52,2560.07,5.67716576,79.853539709
801050,2008-06-19,2595.72,2846.19,2848.44,2595.01,4.61440546,64.72620922739999
801050,2008-06-20,2643.62,2601.14,2758.84,2475.06,4.24145832,62.186052527
801050,2008-06-23,2624.02,2569.9,2667.64,2538.26,3.26502865,46.4742071292
801050,2008-06-24,2674.89,2589.0,2700.83,2584.98,3.35201082,49.125847002
801050,2008-06-25,2814.65,2659.91,2837.06,2649.27,4.52166705,63.642409707700004
801050,2008-06-26,2968.28,2802.64,3018.69,2788.17,5.95048916,86.5195799091
801050,2008-06-27,2777.4,2845.01,2934.65,2742.78,5.3153974,78.62043703329999
801050,2008-06-30,2749.54,2749.69,2805.12,2672.42,2.88360537,43.483953991999996
801050,2008-07-01,2712.24,2746.75,2786.07,2656.23,3.02503738,47.643940748199995
801050,2008-07-02,2762.92,2719.59,2811.03,2689.82,3.03354145,47.416375015
801050,2008-07-03,2909.14,2716.97,2964.4,2692.63,5.58704482,82.2751985297
801050,2008-07-04,2805.31,2866.46,2899.12,2774.97,4.21411035,60.835125356300004
801050,2008-07-07,2945.86,2800.32,2957.92,2799.27,5.01512067,70.03233785270001
801050,2008-07-08,3015.15,2971.94,3066.74,2941.3,6.68371871,93.2222361319
801050,2008-07-09,3140.19,3004.24,3144.18,2997.91,8.41240243,118.67246295049999
801050,2008-07-10,3062.64,3089.9,3182.93,3060.93,7.52321965,108.41552274840001
801050,2008-07-11,3110.89,3089.1,3171.47,3061.3,6.79558615,94.452188905
801050,2008-07-14,3128.26,3098.91,3138.57,3080.99,4.83621092,69.24940175399999
801050,2008-07-15,3010.17,3146.42,3175.93,2986.67,5.47774698,84.0213312609
801050,2008-07-16,2810.94,2961.26,2967.44,2761.75,4.77942225,69.3812202278
801050,2008-07-17,2775.83,2839.71,2879.88,2745.09,4.49666615,67.0456576956
801050,2008-07-18,2902.09,2795.01,2919.11,2746.2,4.53459221,63.3885174425
801050,2008-07-21,2992.72,2891.18,3000.05,2852.81,4.65720977,65.1327625742
801050,2008-07-22,2994.31,2994.99,3074.56,2987.09,4.67823113,69.1465445876
801050,2008-07-23,2937.24,2993.1,3008.51,2934.42,3.87174812,55.3096699249
801050,2008-07-24,2997.05,2932.95,3009.03,2928.88,4.1456932,58.4588841995
801050,2008-07-25,2941.81,2962.79,2970.42,2927.35,5.03953336,58.119328367600005
801050,2008-07-28,2966.07,2958.36,2995.33,2952.08,3.51022766,47.1859225492
801050,2008-07-29,2891.84,2940.58,2941.56,2876.55,3.4639854,43.6433010059
801050,2008-07-30,2863.24,2910.37,2928.64,2846.66,2.72046643,35.0919787275
801050,2008-07-31,2810.25,2874.56,2883.51,2778.92,3.06466439,40.377027792
801050,2008-08-01,2823.55,2816.69,2835.1,2762.77,2.94830394,38.68500848
801050,2008-08-04,2720.65,2803.73,2805.78,2719.43,2.39148185,31.1738248231
801050,2008-08-05,2582.42,2707.24,2725.95,2575.15,3.01284591,37.199582862199996
801050,2008-08-06,2605.92,2595.92,2613.97,2529.53,2.74458733,33.134477720999996
801050,2008-08-07,2592.9,2600.19,2623.99,2559.55,2.27403646,25.815294097800003
801050,2008-08-08,2410.77,2593.6,2595.69,2404.06,2.90197651,32.540587535300006
801050,2008-08-11,2178.54,2394.13,2397.71,2177.11,3.14364789,33.0313469541
801050,2008-08-12,2134.95,2133.09,2180.26,2102.09,2.59951924,27.6993881489
801050,2008-08-13,2192.01,2118.11,2215.3,2064.34,3.65212736,37.764087739000004
801050,2008-08-14,2160.08,2165.05,2188.27,2142.0,2.51668156,26.7963033535
801050,2008-08-15,2175.98,2149.4,2233.77,2109.42,3.22406077,35.8347234895
801050,2008-08-18,1988.46,2165.79,2167.07,1988.31,2.92038509,29.7291660252
801050,2008-08-19,2026.76,1954.57,2047.33,1937.65,2.65467888,26.4875223687
801050,2008-08-20,2211.04,2000.69,2211.04,1965.68,5.21308977,55.587748985299996
801050,2008-08-21,2157.95,2167.44,2244.97,2141.51,4.81860894,53.5287037459
801050,2008-08-22,2122.14,2155.18,2175.29,2081.13,2.91516919,32.0309479448
801050,2008-08-25,2089.36,2122.9,2138.28,2073.7,2.01282116,21.3097928564
801050,2008-08-26,2008.14,2056.43,2113.62,1997.79,2.77225485,26.8102510206
801050,2008-08-27,2022.53,1994.77,2055.31,1957.63,2.70281327,26.422418064699997
801050,2008-08-28,2010.87,2018.17,2042.69,1994.11,1.99521391,19.2167760414
801050,2008-08-29,2068.61,2018.82,2096.27,2017.72,2.74638704,26.670938955
801050,2008-09-01,1983.23,2046.01,2056.48,1963.65,2.19168589,20.8173656575
801050,2008-09-02,1972.59,1971.28,1998.52,1945.03,1.98650016,16.0067594966
801050,2008-09-03,1923.17,1960.32,1978.86,1901.32,2.71614757,22.892218799200002
801050,2008-09-04,1962.49,1921.18,1998.3,1914.57,2.53365905,22.3090560598
801050,2008-09-05,1863.45,1895.8,1914.36,1863.2,2.42303186,20.666481186800002
801050,2008-09-08,1752.01,1864.07,1885.6,1749.55,2.46951146,20.5425555941
801050,2008-09-09,1759.25,1762.96,1777.09,1739.98,2.01861788,15.528037507899999
801050,2008-09-10,1753.53,1741.04,1789.9,1706.34,2.32349079,18.4455474378
801050,2008-09-11,1699.75,1746.48,1754.62,1691.76,1.78115495,14.1656466559
801050,2008-09-12,1718.32,1697.85,1761.63,1694.58,2.37324566,18.9247986467
801050,2008-09-16,1679.18,1713.98,1714.64,1663.38,2.80488171,22.6622124023
801050,2008-09-17,1679.9,1677.24,1703.39,1666.79,2.3663699,19.758644342
801050,2008-09-18,1670.76,1675.23,1711.22,1581.19,4.77125317,38.9856927539
801050,2008-09-19,1831.37,1825.31,1831.37,1801.06,4.01597793,33.1577890194
801050,2008-09-22,1962.31,1963.41,2000.29,1863.5,9.10686844,81.5613063155
801050,2008-09-23,1860.42,1905.71,1929.93,1859.29,5.61738512,52.5884297614
801050,2008-09-24,1855.61,1819.76,1855.61,1787.61,3.49829627,31.3358227381
801050,2008-09-25,1909.76,1858.51,1948.69,1851.95,5.07792489,49.419808571800004
801050,2008-09-26,1901.7,1913.24,1921.4,1871.14,3.92490165,35.8352286358
801050,2008-10-06,1751.05,1839.81,1840.0,1750.67,3.3119361,29.766995974
801050,2008-10-07,1721.75,1691.99,1745.52,1674.16,2.71848522,24.372828573699998
801050,2008-10-08,1715.21,1690.66,1748.95,1681.55,3.13028986,29.5192635709
801050,2008-10-09,1679.12,1747.4,1753.93,1679.12,2.79191096,26.5564866856
801050,2008-10-10,1553.01,1622.92,1624.99,1551.12,3.27029183,29.0716782883
801050,2008-10-13,1571.26,1521.79,1571.26,1471.55,3.02307196,24.3845268844
801050,2008-10-14,1547.74,1625.15,1633.08,1546.51,3.93445842,32.3225492371
801050,2008-10-15,1512.38,1523.66,1529.11,1496.37,2.39332473,18.606722501500002
801050,2008-10-16,1385.28,1445.96,1453.51,1385.28,2.75608019,20.9054439949
801050,2008-10-17,1400.5,1388.43,1411.83,1373.96,2.1883676,16.0139009408
801050,2008-10-20,1448.87,1396.89,1449.88,1368.82,2.49680795,18.1657119677
801050,2008-10-21,1463.55,1459.68,1512.77,1445.25,4.10407288,29.2717195248
801050,2008-10-22,1401.62,1430.12,1452.9,1401.11,2.87044181,21.22067683
801050,2008-10-23,1395.39,1358.34,1396.92,1349.95,2.26127907,17.412748235
801050,2008-10-24,1366.43,1390.55,1408.04,1356.05,2.13844211,15.6217478401
801050,2008-10-27,1248.94,1344.09,1346.0,1247.02,2.7882482,18.9696750999
801050,2008-10-28,1289.8,1255.83,1294.61,1232.57,2.97108217,20.3571189572
801050,2008-10-29,1251.09,1319.36,1320.92,1250.65,2.9525214,20.0744462566
801050,2008-10-30,1289.58,1268.31,1304.83,1254.56,3.35580071,23.8905435615
801050,2008-10-31,1254.96,1272.82,1280.9,1250.41,2.45918725,16.7660137644
801050,2008-11-03,1244.17,1244.02,1266.5,1238.9,1.90999318,12.469317172
801050,2008-11-04,1218.46,1240.26,1241.41,1205.01,2.06993124,13.1371091717
801050,2008-11-05,1268.45,1239.47,1287.47,1239.03,3.39166833,21.732872507600003
801050,2008-11-06,1233.71,1229.99,1245.08,1221.98,1.96438722,12.631611832699999
801050,2008-11-07,1254.25,1211.48,1261.63,1206.94,2.14373401,13.4338528349
801050,2008-11-10,1368.36,1280.31,1369.57,1278.48,5.04964669,32.6960425168
801050,2008-11-11,1373.74,1366.54,1424.18,1346.84,5.92192145,39.122657125
801050,2008-11-12,1395.45,1346.86,1398.68,1342.13,3.7109481,25.0322716285
801050,2008-11-13,1470.97,1373.08,1489.27,1365.14,7.08878993,48.5372166924
801050,2008-11-14,1569.32,1482.64,1576.59,1477.74,8.63108175,61.173022898999996
801050,2008-11-17,1640.91,1571.65,1643.58,1561.25,8.37521435,60.6538576805
801050,2008-11-18,1489.02,1631.82,1643.39,1488.31,8.928234,64.8308297982
801050,2008-11-19,1585.53,1468.28,1591.84,1465.81,6.32405637,43.572908648900004
801050,2008-11-20,1607.67,1551.48,1667.99,1533.9,9.56753639,70.4448477995
801050,2008-11-21,1558.63,1550.4,1609.45,1502.26,6.97840685,50.2063695915
801050,2008-11-24,1506.13,1580.92,1601.26,1504.31,4.75203156,35.5377497817
801050,2008-11-25,1516.12,1543.14,1559.47,1483.51,4.102916,31.0673439871
801050,2008-11-26,1513.2,1507.02,1532.25,1492.81,2.84340634,21.4015288107
801050,2008-11-27,1537.55,1617.4,1623.76,1536.63,5.89876809,44.9382939915
801050,2008-11-28,1494.02,1523.32,1532.62,1485.66,3.19574039,23.3375572509
801050,2008-12-01,1561.53,1491.04,1561.53,1462.52,4.32332598,31.1358054377
801050,2008-12-02,1577.97,1516.07,1602.62,1506.7,6.67734105,48.5568396147
801050,2008-12-03,1653.24,1586.56,1653.38,1586.33,7.90990002,59.2519422518
801050,2008-12-04,1655.07,1668.61,1732.85,1655.07,9.76909127,76.9315298492
801050,2008-12-05,1684.97,1643.8,1686.01,1639.23,6.46490767,49.78433267689999
801050,2008-12-08,1788.18,1709.43,1788.18,1701.09,9.46480622,74.7269308521
801050,2008-12-09,1785.67,1804.69,1863.81,1782.99,12.68054925,105.0783260254
801050,2008-12-10,1808.67,1763.26,1813.42,1738.67,7.52398691,60.9853846973
801050,2008-12-11,1763.99,1817.66,1840.7,1763.3,7.86630849,66.73840575979999
801050,2008-12-12,1660.98,1754.69,1762.61,1638.57,6.90095687,55.457611916000005
801050,2008-12-15,1680.8,1687.22,1700.67,1643.9,4.4879283,34.857769970999996
801050,2008-12-16,1703.34,1669.62,1704.32,1628.19,4.29424618,33.9920529287
801050,2008-12-17,1730.25,1717.8,1765.88,1715.32,6.12881569,52.5891681168
801050,2008-12-18,1768.25,1731.16,1768.25,1701.65,6.21944965,49.644078431400004
801050,2008-12-19,1771.75,1757.19,1788.47,1750.55,6.24242423,50.9189866581
801050,2008-12-22,1756.27,1770.85,1785.35,1733.58,5.25537156,42.5331219355
801050,2008-12-23,1636.01,1761.93,1761.95,1636.01,5.96190614,46.760564556999995
801050,2008-12-24,1582.9,1613.15,1615.32,1570.5,4.10398062,30.9459702067
801050,2008-12-25,1570.33,1587.8,1598.7,1554.32,3.74851607,26.4334941981
801050,2008-12-26,1559.82,1576.52,1579.03,1553.46,2.83937937,19.592473031500003
801050,2008-12-29,1571.76,1574.89,1577.44,1541.7,3.58424962,29.2560333459
801050,2008-12-30,1535.26,1573.42,1586.07,1533.59,3.92894495,29.8785698891
801050,2008-12-31,1507.42,1536.54,1543.62,1504.3,3.29918574,24.676673049
801050,2009-01-05,1599.52,1550.81,1599.52,1550.7,4.24961357,33.4754839983
801050,2009-01-06,1656.53,1591.6,1659.75,1582.32,6.19732758,47.720197868199996
801050,2009-01-07,1671.05,1665.17,1698.99,1663.24,6.91147042,58.5271898623
801050,2009-01-08,1611.38,1624.51,1632.9,1607.13,5.39672538,42.748736975
801050,2009-01-09,1670.59,1613.82,1674.77,1613.35,5.47412622,45.56629172270001
801050,2009-01-12,1732.45,1671.88,1766.59,1669.02,9.03994341,76.8780898274
801050,2009-01-13,1654.96,1694.47,1709.53,1653.03,6.76217898,56.154757201
801050,2009-01-14,1744.48,1653.58,1744.48,1653.58,6.77247128,58.285712214600004
801050,2009-01-15,1767.79,1727.22,1798.05,1721.94,9.16129758,82.2870232297
801050,2009-01-16,1786.66,1774.62,1814.54,1773.67,8.50933094,74.2995794375
801050,2009-01-19,1784.55,1806.98,1825.69,1757.26,6.48936716,58.5660485234
801050,2009-01-20,1803.78,1778.37,1803.78,1760.38,5.20210714,45.4765497823
801050,2009-01-21,1785.34,1775.68,1808.29,1771.36,5.12606287,46.6254894997
801050,2009-01-22,1852.59,1794.18,1852.59,1789.97,7.86351294,66.539538148
801050,2009-01-23,1818.73,1842.92,1851.61,1815.33,6.59103642,57.709577643900005
801050,2009-02-02,1877.18,1854.86,1879.29,1833.94,5.99629903,60.06298550020001
801050,2009-02-03,1968.21,1875.53,1971.29,1871.0,10.45850223,91.64035624489999
801050,2009-02-04,2030.1,1984.7,2030.1,1970.2,10.89511444,100.5621692468
801050,2009-02-05,2002.98,2029.32,2072.75,1984.83,11.14849231,102.0820077958
801050,2009-02-06,2146.47,2016.6,2160.61,2016.16,11.93412019,118.31525901709999
801050,2009-02-09,2310.93,2195.27,2310.93,2195.27,14.84414002,153.3529591299
801050,2009-02-10,2397.14,2274.78,2397.14,2267.45,13.61045984,147.2873389749
801050,2009-02-11,2395.55,2390.59,2487.76,2337.18,16.36657523,187.7004841264
801050,2009-02-12,2399.82,2405.54,2417.71,2288.32,14.16359994,154.02337381479998
801050,2009-02-13,2494.07,2422.78,2501.95,2421.79,13.78664526,155.0734889516
801050,2009-02-16,2520.76,2508.39,2527.52,2437.92,14.3048028,157.9674457536
801050,2009-02-17,2497.66,2509.51,2603.66,2426.16,15.78310985,178.7862301145
801050,2009-02-18,2391.14,2442.48,2504.21,2389.74,12.46659054,138.5635449786
801050,2009-02-19,2399.21,2413.96,2441.65,2345.21,10.47788686,109.2759573886
801050,2009-02-20,2502.05,2396.44,2502.32,2354.6,10.6002729,116.8463091231
801050,2009-02-23,2601.34,2490.39,2619.69,2469.27,13.63709834,161.5167901894
801050,2009-02-24,2542.7,2573.68,2648.75,2531.85,14.99506829,179.2265957531
801050,2009-02-25,2568.83,2584.19,2602.29,2485.48,12.63919765,151.36849727979998
801050,2009-02-26,2380.76,2590.61,2607.7,2344.7,12.79458966,150.11459016979998
801050,2009-02-27,2184.93,2290.51,2290.71,2155.96,10.66590539,115.7147247758
801050,2009-03-02,2213.86,2131.41,2216.66,2109.72,7.6963726,87.7382918735
801050,2009-03-03,2172.35,2134.67,2205.83,2124.43,6.65104852,76.0453265022
801050,2009-03-04,2341.08,2174.96,2346.2,2174.47,10.89897259,126.9488903839
801050,2009-03-05,2387.2,2402.11,2465.93,2249.02,13.42376263,163.14781905700002
801050,2009-03-06,2363.53,2345.08,2386.75,2332.04,8.27559863,99.9382844145
801050,2009-03-09,2223.03,2374.53,2386.6,2218.67,7.00530907,85.9224496102
801050,2009-03-10,2278.95,2164.64,2287.16,2161.19,6.94203674,78.7907720588
801050,2009-03-11,2263.78,2324.6,2329.39,2219.48,6.98787278,85.2735158717
801050,2009-03-12,2280.98,2245.87,2285.77,2194.38,5.63675326,67.5088329261
801050,2009-03-13,2259.54,2295.27,2312.72,2259.16,5.92440413,71.7796626754
801050,2009-03-16,2327.4,2248.16,2333.49,2235.96,6.48556622,76.6436653636
801050,2009-03-17,2468.34,2334.54,2478.61,2330.37,12.9426868,154.3604291535
801050,2009-03-18,2534.24,2479.96,2601.25,2471.68,15.66311554,189.888217152
801050,2009-03-19,2613.64,2552.38,2648.02,2518.61,14.65516166,184.3940218187
801050,2009-03-20,2779.91,2657.2,2798.1,2657.05,21.67399726,269.5395179959
801050,2009-03-23,2850.17,2819.35,2952.78,2771.16,22.0721986,298.398565227
801050,2009-03-24,2799.97,2857.64,2863.92,2798.74,16.70843706,230.8007347551
801050,2009-03-25,2789.11,2744.57,2922.24,2735.42,18.09512266,241.1856204234
801050,2009-03-26,2953.64,2795.06,2958.48,2725.59,17.42081496,233.4542997021
801050,2009-03-27,2935.32,2976.44,2996.08,2902.74,17.77528986,250.0713682106
801050,2009-03-30,2879.03,2879.95,2921.4,2837.19,9.94925358,139.1624380325
801050,2009-03-31,2864.25,2786.31,2888.25,2774.24,11.04118006,151.1914041979
801050,2009-04-01,2936.15,2889.36,3001.39,2889.34,14.13308867,196.83245358279999
801050,2009-04-02,2949.09,2951.08,2977.74,2907.98,13.71188209,187.9112188323
801050,2009-04-03,2853.18,2963.33,2963.33,2834.41,12.15684134,181.9967047627
801050,2009-04-07,2921.46,2825.92,2933.76,2825.92,9.87713438,149.7890724154
801050,2009-04-08,2787.48,2898.91,2901.86,2787.48,9.23847278,130.9114774856
801050,2009-04-09,2833.63,2788.19,2833.63,2758.57,7.25415506,101.3898723017
801050,2009-04-10,3002.67,2875.37,3020.65,2869.53,15.01697101,220.4080001574
801050,2009-04-13,3069.08,3038.37,3099.91,3020.99,15.9692912,233.1299492136
801050,2009-04-14,3046.24,3059.09,3071.42,3004.55,10.56499161,154.719752983
801050,2009-04-15,3116.5,3022.53,3144.23,2996.56,12.66659958,188.97998340310002
801050,2009-04-16,3187.84,3143.99,3203.84,3108.46,14.32680258,215.0838599148
801050,2009-04-17,3062.59,3149.01,3149.94,3021.2,11.22420974,171.870505898
801050,2009-04-20,3106.26,3040.82,3106.39,3018.22,9.91916704,139.6232053882
801050,2009-04-21,3053.3,3030.62,3063.14,2983.32,11.22684133,164.0786938336
801050,2009-04-22,2858.89,3050.06,3063.13,2841.05,11.66592871,159.8811026429
801050,2009-04-23,2910.34,2837.57,2975.98,2786.82,8.92028783,119.4884669323
801050,2009-04-24,2865.15,2901.31,2930.88,2845.66,8.24947914,121.3749928101
801050,2009-04-27,2788.53,2852.61,2864.56,2777.57,7.613058,107.63732661739999
801050,2009-04-28,2749.95,2749.85,2784.53,2720.7,6.79164733,90.46421067610001
801050,2009-04-29,2804.64,2722.77,2811.03,2692.94,8.91738566,121.50197230399999
801050,2009-04-30,2820.44,2829.49,2842.86,2793.39,8.41785403,107.51804155229999
801050,2009-05-04,2935.54,2844.91,2946.66,2844.32,14.01932022,169.9461026038
801050,2009-05-05,2947.06,2968.45,2972.9,2939.06,14.32814939,180.105294867
801050,2009-05-06,2991.13,2932.76,2991.13,2911.38,11.49687403,151.2582921575
801050,2009-05-07,3024.62,3036.2,3102.95,2991.57,14.89665172,202.3581566349
801050,2009-05-08,2989.69,3007.45,3025.18,2935.01,10.44128938,136.5259952502
801050,2009-05-11,2902.37,2991.93,2998.55,2902.37,11.59985079,152.2315104051
801050,2009-05-12,2943.03,2869.97,2943.03,2863.18,7.88921645,101.99959336239999
801050,2009-05-13,3011.74,2960.2,3034.68,2949.47,11.84748931,156.8232681444
801050,2009-05-14,2974.39,2963.26,2992.88,2947.28,8.82031382,117.3703973079
801050,2009-05-15,2962.57,2981.12,2993.53,2946.59,5.03856249,68.5999256488
801050,2009-05-18,2994.68,2955.47,2994.68,2898.16,6.78134502,88.30798097799999
801050,2009-05-19,3139.43,3012.97,3142.96,2979.98,17.51113278,234.0254133381
801050,2009-05-20,3095.94,3132.66,3165.64,3092.32,16.88076231,235.7417258627
801050,2009-05-21,3101.62,3080.69,3138.32,3055.69,14.93281329,209.44093505610002
801050,2009-05-22,3058.5,3087.07,3098.17,3040.67,9.98670838,142.1928280978
801050,2009-05-25,3127.11,2986.78,3140.96,2974.03,10.99000907,157.9746877812
801050,2009-05-26,3065.29,3113.82,3157.72,3064.39,10.56874456,152.9562124224
801050,2009-05-27,3111.01,3087.62,3125.2,3046.91,8.8180938,137.8262991524
801050,2009-06-01,3284.55,3182.92,3312.11,3182.81,16.54543206,246.75883668560002
801050,2009-06-02,3325.54,3338.09,3404.13,3301.7,16.82805113,265.045057653
801050,2009-06-03,3460.14,3334.62,3460.79,3322.97,14.11340796,221.8795804133
801050,2009-06-04,3484.45,3393.36,3520.68,3355.34,17.52331845,277.1768680797
801050,2009-06-05,3497.98,3544.69,3610.68,3491.94,19.01859331,287.6212855438
801050,2009-06-08,3469.75,3452.6,3495.62,3403.85,14.75409095,250.7842487304
801050,2009-06-09,3420.94,3450.52,3454.7,3318.22,12.82012077,201.48318492470003
801050,2009-06-10,3449.93,3475.36,3487.91,3408.9,9.98820938,151.6281779967
801050,2009-06-11,3380.55,3417.61,3443.06,3373.21,8.6752729,126.0107418462
801050,2009-06-12,3313.83,3395.38,3413.74,3282.05,8.3921565,130.4998378779
801050,2009-06-15,3288.25,3261.2,3288.25,3216.87,7.71820816,113.4030300035
801050,2009-06-16,3328.47,3229.3,3348.56,3221.19,7.88689009,131.1322927507
801050,2009-06-17,3376.0,3317.08,3398.5,3289.74,9.20482057,168.04347300770002
801050,2009-06-18,3388.55,3387.46,3417.05,3370.03,8.64884868,149.6645885042
801050,2009-06-19,3335.11,3386.12,3386.12,3313.32,7.22722003,115.4780679167
801050,2009-06-22,3353.45,3350.27,3378.3,3332.42,8.71670141,156.70749751379998
801050,2009-06-23,3310.53,3286.22,3330.29,3273.34,9.26810098,155.9356849159
801050,2009-06-24,3497.43,3324.1,3497.43,3324.1,14.94332493,246.7131559301
801050,2009-06-25,3454.72,3527.7,3539.86,3434.23,11.26037776,208.4797913573
801050,2009-06-26,3441.99,3480.94,3489.94,3411.91,7.2724296,122.24675207
801050,2009-06-29,3454.03,3440.9,3462.86,3391.07,9.12370636,163.6036530533
801050,2009-06-30,3546.95,3456.46,3566.76,3411.37,14.67945473,275.0040769584
801050,2009-07-01,3549.34,3501.81,3581.02,3486.89,11.87723619,238.3519441702
801050,2009-07-02,3652.47,3584.96,3701.69,3584.75,18.79203402,322.5838726924
801050,2009-07-03,3615.29,3596.94,3622.39,3565.82,11.71455715,208.1990034221
801050,2009-07-06,3654.47,3610.66,3684.69,3545.69,13.99905444,238.08297386520002
801050,2009-07-07,3612.85,3622.18,3666.33,3594.0,12.81076193,209.891102045
801050,2009-07-08,3620.08,3565.58,3631.77,3563.57,10.76491916,175.0536299961
801050,2009-07-09,3659.52,3600.06,3659.88,3578.08,12.03312758,183.1171648667
801050,2009-07-10,3674.31,3673.8,3784.42,3660.26,16.73085566,258.6209477672
801050,2009-07-13,3583.12,3632.44,3636.94,3580.2,11.93083205,181.65077964830002
801050,2009-07-14,3633.41,3594.67,3636.95,3594.47,8.66791294,135.3691101185
801050,2009-07-15,3806.06,3664.71,3806.66,3658.94,18.66183686,312.72039195990004
801050,2009-07-16,3819.41,3871.25,3957.25,3807.33,21.1473285,384.3284925391
801050,2009-07-17,3999.86,3811.44,4000.22,3811.44,18.42715542,308.7431433943
801050,2009-07-20,4265.45,4046.88,4265.74,4026.76,21.3254178,378.45030107089997
801050,2009-07-21,4157.94,4321.78,4325.91,4137.65,18.37125112,336.75268803619997
801050,2009-07-22,4214.65,4109.77,4294.98,4108.81,14.11408718,266.04369018259996
801050,2009-07-23,4258.55,4258.7,4356.69,4233.49,11.51860866,218.3500449334
801050,2009-07-24,4432.86,4303.05,4450.44,4182.27,18.42009524,351.89626933349996
801050,2009-07-27,4722.18,4423.14,4754.06,4385.93,24.97742829,502.98907749730006
801050,2009-07-28,4660.17,4685.72,4790.39,4593.95,18.58217725,396.2047277739
801050,2009-07-29,4277.9,4584.11,4589.57,4216.43,16.98333616,328.9092484457
801050,2009-07-30,4339.53,4278.56,4348.28,4072.56,15.11671024,288.3101331694
801050,2009-07-31,4620.45,4435.74,4623.3,4355.44,16.4832624,332.0718856703
801050,2009-08-03,4734.79,4677.95,4845.49,4619.94,16.2236217,347.9622020138
801050,2009-08-04,4783.55,4769.03,4869.84,4673.3,14.50686132,310.1411513786
801050,2009-08-05,4825.49,4803.54,4848.53,4633.21,13.61536215,289.9945965368
801050,2009-08-06,4609.99,4714.36,4736.88,4606.89,11.58043706,232.4896402114
801050,2009-08-07,4354.35,4534.41,4590.29,4332.88,11.62322622,228.9724309622
801050,2009-08-10,4438.17,4412.36,4472.17,4289.44,10.23186209,215.259114781
801050,2009-08-11,4325.85,4422.6,4422.6,4269.31,6.46890903,132.76315946120002
801050,2009-08-12,4036.9,4285.87,4286.06,4020.06,9.98351665,198.2505080021
801050,2009-08-13,4218.73,4077.23,4231.92,4028.0,10.18071996,208.54110965060002
801050,2009-08-14,4122.39,4231.88,4321.03,4122.39,11.23996264,241.7604351512
801050,2009-08-17,3733.84,3919.61,3959.49,3731.82,9.89535193,181.1130002465
801050,2009-08-18,3864.93,3674.24,3906.61,3667.0,9.89356322,179.0066494809
801050,2009-08-19,3576.47,3852.73,3852.81,3533.24,9.80944872,170.8210436317
801050,2009-08-20,3739.36,3585.76,3759.37,3560.49,9.77701571,170.7685839649
801050,2009-08-21,3809.32,3684.02,3812.34,3638.13,10.63218077,183.65171290419997
801050,2009-08-24,3936.98,3888.18,3964.35,3870.5,10.35425382,196.8338499011
801050,2009-08-25,3779.67,3871.2,3871.2,3624.87,10.74692836,189.3425147021
801050,2009-08-26,3842.05,3736.43,3901.24,3700.6,8.94209908,159.26052329540002
801050,2009-08-27,3782.86,3785.25,3856.86,3730.92,7.60425589,135.1690617247
801050,2009-08-28,3727.79,3812.4,3858.06,3727.79,9.26108809,168.0458181728
801050,2009-08-31,3403.47,3674.53,3674.53,3401.38,8.84714065,153.7034831425
801050,2009-09-01,3265.3,3319.04,3378.61,3209.95,7.66074039,126.83842581959999
801050,2009-09-02,3272.71,3216.57,3301.53,3190.8,7.18050735,114.6829131321
801050,2009-09-03,3572.72,3344.77,3579.4,3344.41,12.25971293,214.2328679727
801050,2009-09-04,3670.14,3639.63,3756.37,3615.29,15.41419507,295.4190371236
801050,2009-09-07,3764.29,3691.81,3802.5,3658.94,12.63488158,247.9372408541
801050,2009-09-08,3895.58,3728.67,3899.14,3653.58,13.56039097,269.2439036798
801050,2009-09-09,3991.8,3969.23,4042.06,3917.22,16.68015197,341.55129924889997
801050,2009-09-10,3935.34,3913.89,4034.11,3862.24,9.91944632,201.42220855259998
801050,2009-09-11,3949.32,3854.7,4037.99,3852.23,10.58744855,217.21058955630002
801050,2009-09-14,4007.38,3945.79,4040.57,3933.88,10.37467325,213.5047957896
801050,2009-09-15,4119.43,4010.83,4194.31,3977.59,13.68441164,257.0527138327
801050,2009-09-16,4186.99,4143.82,4277.06,4025.66,16.93119491,354.4130282726
801050,2009-09-17,4230.69,4240.83,4279.91,4203.72,14.00939506,295.0750744275
801050,2009-09-18,4008.29,4190.24,4190.24,3958.73,12.03872763,238.6329630455
801050,2009-09-21,3989.76,3924.61,3996.65,3797.77,9.39470546,182.6330986475
801050,2009-09-22,3894.15,3968.27,4042.89,3892.53,8.30566382,171.7261447677
801050,2009-09-23,3758.6,3916.86,3962.57,3735.29,7.95287892,160.72073610430002
801050,2009-09-24,3763.18,3714.97,3829.06,3591.79,8.59330854,166.2739777134
801050,2009-09-25,3649.18,3663.97,3714.4,3635.89,6.63185726,129.9646321401
801050,2009-09-28,3472.74,3659.65,3694.64,3445.53,5.72352484,107.9577090122
801050,2009-09-29,3445.82,3467.25,3498.06,3375.92,5.27283002,92.5580317675
801050,2009-09-30,3547.3,3493.22,3627.56,3491.99,5.88052919,110.5064074226
801050,2009-10-09,3882.56,3810.98,3882.84,3788.7,7.89707811,141.9088331259
801050,2009-10-12,3851.68,3960.8,3960.8,3824.78,9.97470485,205.2308931387
801050,2009-10-13,3914.55,3844.32,3914.55,3834.29,6.91373456,144.9477594112
801050,2009-10-14,3959.03,3924.53,4037.19,3917.53,10.08203782,204.96596056180002
801050,2009-10-15,3933.95,3984.97,4025.06,3919.38,7.37019235,150.882068369
801050,2009-10-16,3922.17,3921.55,3944.8,3850.38,6.74143351,136.419175837
801050,2009-10-19,4108.2,3911.76,4122.99,3885.57,11.51499599,240.3189760488
801050,2009-10-20,4163.41,4160.75,4191.15,4102.45,12.36479069,260.6438033625
801050,2009-10-21,4142.62,4119.55,4204.49,4086.55,10.2009605,211.79960535509997
801050,2009-10-22,4126.86,4177.76,4233.52,4119.63,8.90399022,183.5450229506
801050,2009-10-23,4224.42,4130.33,4247.32,4129.69,11.19408934,220.07819584900002
801050,2009-10-26,4262.01,4213.52,4285.37,4175.52,9.97520959,198.06497264630002
801050,2009-10-27,4069.01,4176.46,4211.83,4067.35,10.7572721,213.55954431959998
801050,2009-10-28,4088.36,4046.82,4114.67,3985.31,8.09803444,144.4646216597
801050,2009-10-29,3891.26,3973.09,3980.47,3877.91,8.69624674,158.6815963426
801050,2009-10-30,3938.01,3994.86,4019.0,3933.18,7.12929741,138.5619245753
801050,2009-11-02,4023.91,3807.17,4026.87,3789.72,7.26165157,135.2292284425
801050,2009-11-03,4099.35,4062.09,4129.15,4061.6,7.77873201,152.883428281
801050,2009-11-04,4183.4,4165.19,4238.72,4116.63,10.88738566,207.56026446709998
801050,2009-11-05,4172.87,4204.54,4204.54,4129.6,6.98975556,135.7367176028
801050,2009-11-06,4232.57,4197.97,4232.57,4197.97,10.70947218,203.6604438411
801050,2009-11-09,4322.2,4244.17,4347.97,4227.81,11.64753143,238.2891140893
801050,2009-11-10,4249.6,4365.03,4367.42,4247.13,9.42667241,192.84583169259997
801050,2009-11-11,4204.81,4246.89,4261.59,4177.64,6.27330107,124.481290768
801050,2009-11-12,4211.55,4241.27,4278.33,4190.17,6.59846113,126.27470153280001
801050,2009-11-13,4253.22,4167.24,4253.49,4140.64,8.85593766,164.1181475376
801050,2009-11-16,4397.86,4291.95,4432.61,4291.95,13.59752819,260.9733425205
801050,2009-11-17,4381.13,4463.09,4480.26,4373.06,11.24718157,221.6639344473
801050,2009-11-18,4380.44,4382.57,4404.44,4345.73,8.38481659,159.2666234543
801050,2009-11-19,4415.05,4386.4,4415.09,4364.51,10.0477631,189.54634144029998
801050,2009-11-20,4369.9,4383.45,4401.78,4336.9,8.56217119,150.8612592971
801050,2009-11-23,4480.55,4391.87,4480.55,4390.21,11.69976783,233.1318113523
801050,2009-11-24,4333.41,4493.43,4593.64,4314.73,19.19986555,369.04380684
801050,2009-11-25,4496.44,4324.64,4506.28,4295.23,14.9480665,286.2631800029
801050,2009-11-26,4418.25,4553.84,4635.52,4398.94,17.4099834,358.14538665160006
801050,2009-11-27,4155.09,4299.11,4341.92,4132.8,11.74365307,228.5903349217
801050,2009-11-30,4267.07,4220.22,4267.07,4174.84,6.03218844,134.1084113066
801050,2009-12-01,4356.72,4311.46,4363.23,4279.12,9.25291604,166.5548791116
801050,2009-12-02,4573.47,4424.69,4573.76,4410.05,14.43119926,292.3133754828
801050,2009-12-03,4510.66,4586.47,4588.16,4470.11,11.00013134,235.6544946161
801050,2009-12-04,4454.1,4464.81,4523.23,4331.56,11.27124177,218.6875436777
801050,2009-12-07,4447.75,4379.58,4449.63,4354.39,7.95410204,155.1703940368
801050,2009-12-08,4452.52,4437.88,4495.53,4350.32,8.95703924,169.2473545806
801050,2009-12-09,4346.14,4368.16,4417.38,4333.81,7.62939807,144.7731997294
801050,2009-12-10,4391.27,4379.08,4399.94,4345.81,5.78323503,113.4884390161
801050,2009-12-11,4394.22,4397.96,4446.63,4381.94,6.56000517,118.7880855867
801050,2009-12-14,4467.57,4397.26,4467.57,4298.54,8.85463718,166.0452438911
801050,2009-12-15,4434.53,4447.87,4508.76,4429.59,7.1168972,140.292932522
801050,2009-12-16,4395.63,4426.41,4451.41,4369.95,5.81851108,110.7882958844
801050,2009-12-17,4278.36,4434.01,4448.02,4278.36,5.79874252,110.9894413114
801050,2009-12-18,4046.96,4210.68,4210.68,4044.43,6.90920582,127.3456729003
801050,2009-12-21,4067.34,4058.47,4074.89,4008.94,4.51487836,82.1353337521
801050,2009-12-22,3895.8,4068.68,4074.54,3882.21,5.49762239,99.28983611620001
801050,2009-12-23,3935.76,3888.51,3969.52,3883.97,4.49661747,79.7690384666
801050,2009-12-24,4143.32,3975.62,4168.74,3968.59,6.21988711,122.8517941445
801050,2009-12-25,4088.23,4142.77,4143.71,4076.11,4.20264611,81.0508470403
801050,2009-12-28,4169.68,4103.8,4208.51,4094.93,4.51392401,87.4915828257
801050,2009-12-29,4179.18,4181.99,4183.35,4118.61,4.89611935,88.79789979659999
801050,2009-12-30,4195.58,4167.73,4210.31,4134.48,5.54110646,104.1786329712
801050,2009-12-31,4221.17,4206.91,4221.17,4174.21,5.17379897,97.03654900219999
801050,2010-01-04,4211.52,4241.14,4251.29,4207.27,4.93230396,94.06077982040001
801050,2010-01-05,4345.63,4249.01,4357.13,4239.23,8.44215027,172.88018148759997
801050,2010-01-06,4362.93,4337.45,4460.37,4324.36,9.42108253,184.80808651080002
801050,2010-01-07,4311.03,4430.23,4495.43,4287.07,9.93842116,196.2114693377
801050,2010-01-08,4265.36,4258.5,4265.4,4181.65,6.26072824,117.38315198209999
801050,2010-01-11,4307.12,4352.21,4376.3,4266.56,5.89417325,109.60629677709998
801050,2010-01-12,4354.41,4304.57,4358.26,4249.65,6.56033663,122.43923212600001
801050,2010-01-13,4156.2,4218.93,4253.99,4148.45,8.51037447,161.6267396629
801050,2010-01-14,4196.71,4165.76,4197.01,4127.06,6.24124436,111.65073180719999
801050,2010-01-15,4211.16,4194.48,4211.79,4158.87,5.24547981,94.8744024948
801050,2010-01-18,4214.98,4186.92,4214.98,4159.13,5.69874573,105.21078710290001
801050,2010-01-19,4260.02,4223.52,4271.91,4223.07,6.57935562,116.8169643808
801050,2010-01-20,4107.51,4270.07,4277.62,4100.89,7.18527513,126.8578726341
801050,2010-01-21,4045.16,4094.45,4110.66,4003.61,5.46926635,104.82717874059999
801050,2010-01-22,3918.64,3986.21,3988.58,3848.95,6.55697374,114.5157702627
801050,2010-01-25,3904.02,3894.88,3944.69,3882.34,3.3854374,60.690578243000004
801050,2010-01-26,3760.77,3916.84,3932.66,3739.24,4.09575744,71.35185710569999
801050,2010-01-27,3681.19,3745.02,3768.16,3662.19,3.54210406,60.892287372700004
801050,2010-01-28,3657.76,3649.01,3677.45,3591.18,4.0758201,73.1377828617
801050,2010-01-29,3638.96,3615.68,3695.74,3596.64,3.69749003,65.1314631941
801050,2010-02-01,3509.67,3621.95,3621.95,3485.76,4.1257569,68.72626060399999
801050,2010-02-02,3578.77,3565.49,3650.31,3559.8,5.68666549,93.19947382129999
801050,2010-02-03,3714.96,3622.66,3716.4,3529.48,5.17190241,89.7723633273
801050,2010-02-04,3653.9,3656.43,3688.57,3633.12,4.08382157,69.6075694155
801050,2010-02-05,3532.2,3526.98,3552.85,3499.04,4.14069522,69.2482522176
801050,2010-02-08,3538.38,3531.68,3563.51,3520.15,2.23768052,38.8956573571
801050,2010-02-09,3615.44,3536.95,3623.61,3533.85,2.98738801,52.160568331899995
801050,2010-02-10,3653.45,3672.34,3687.76,3626.51,3.12796193,54.961076017399996
801050,2010-02-11,3682.87,3661.62,3715.8,3645.7,2.85573468,53.56219013810001
801050,2010-02-12,3751.5,3724.87,3757.5,3718.2,3.49926072,66.264308187
801050,2010-02-22,3738.62,3790.76,3803.72,3738.62,3.17638857,58.2530183129
801050,2010-02-23,3678.39,3717.42,3717.77,3617.17,2.9282763,50.4868709433
801050,2010-02-24,3726.82,3630.95,3726.82,3613.33,3.0945611,51.826941742799995
801050,2010-02-25,3783.18,3729.73,3783.18,3723.99,4.65417741,80.1134009661
801050,2010-02-26,3738.34,3767.94,3768.28,3732.77,3.65052717,60.306527867700005
801050,2010-03-01,3863.06,3845.11,3880.41,3819.82,7.84969101,141.6845723523
801050,2010-03-02,3785.03,3857.69,3857.69,3775.44,5.53182399,94.3285157457
801050,2010-03-03,3816.15,3806.55,3820.4,3781.11,4.84742095,82.1605233371
801050,2010-03-04,3695.97,3824.15,3824.15,3692.49,5.53818602,87.5330238033
801050,2010-03-05,3712.47,3691.39,3733.96,3684.97,3.29786992,53.8633174883
801050,2010-03-08,3738.62,3726.4,3748.33,3713.8,2.93968708,47.626771815
801050,2010-03-09,3750.56,3726.37,3772.03,3674.75,3.73139499,62.9200813004
801050,2010-03-10,3757.03,3745.85,3789.67,3730.55,3.9387282,67.1357667121
801050,2010-03-11,3718.07,3741.59,3759.08,3700.44,3.41826164,57.792814886
801050,2010-03-12,3669.81,3717.43,3730.36,3668.52,3.18374153,52.54241073439999
801050,2010-03-15,3594.43,3664.79,3666.41,3584.71,2.98471884,49.2531233256
801050,2010-03-16,3617.64,3601.11,3622.78,3581.4,2.44636478,44.715929484300005
801050,2010-03-17,3704.49,3643.91,3704.49,3643.13,3.38690441,60.9794454239
801050,2010-03-18,3693.45,3713.61,3727.99,3679.89,3.42259593,61.980678099399995
801050,2010-03-19,3815.7,3697.63,3834.63,3690.56,7.32076766,115.9272130408
801050,2010-03-22,3786.26,3788.3,3788.37,3767.99,5.26120409,82.345810441
801050,2010-03-23,3762.24,3783.61,3805.87,3756.48,4.21277474,71.2282922499
801050,2010-03-24,3745.09,3773.02,3784.8,3741.24,3.53296795,58.5277950537
801050,2010-03-25,3675.33,3723.51,3723.51,3671.97,3.51842617,57.8874740162
801050,2010-03-26,3718.94,3678.12,3727.12,3677.21,3.47281091,55.2719753681
801050,2010-03-29,3829.96,3744.66,3840.92,3744.02,5.96199951,106.3959613508
801050,2010-03-30,3862.99,3844.06,3878.53,3829.13,5.98990492,112.36092850899999
801050,2010-03-31,3827.42,3858.05,3861.72,3821.75,4.31787353,73.5358204007
801050,2010-04-01,3905.69,3840.42,3907.63,3840.42,5.87155646,108.2803667583
801050,2010-04-02,3972.08,3924.07,4001.04,3924.07,7.54064445,146.1738858944
801050,2010-04-06,4002.91,4003.97,4051.11,3962.98,6.58922866,127.0107281037
801050,2010-04-07,4003.18,4002.11,4020.25,3967.04,4.64253036,81.1031057162
801050,2010-04-08,3950.78,3989.84,4017.0,3939.45,5.4120624,106.12195425649999
801050,2010-04-09,4015.49,3957.52,4015.49,3947.67,4.79273568,89.0063169675
801050,2010-04-12,4061.33,4051.08,4083.15,4019.05,7.48080161,132.5943711651
801050,2010-04-13,4073.66,4044.16,4088.0,3962.7,7.77290045,145.9188211422
801050,2010-04-14,4162.72,4071.21,4185.98,4056.68,9.32163949,187.857461756
801050,2010-04-15,4139.92,4167.95,4177.54,4104.39,7.11360094,136.7053744843
801050,2010-04-16,4092.9,4147.14,4147.14,4074.01,5.1968593,94.9993947482
801050,2010-04-19,3869.27,4005.36,4023.86,3867.09,8.46580339,164.7806856191
801050,2010-04-20,3947.26,3873.91,3958.77,3819.87,6.23059784,124.6508246516
801050,2010-04-21,4018.83,3942.33,4019.73,3917.66,6.44891945,119.9539139251
801050,2010-04-22,4063.21,3998.9,4120.52,3942.94,8.61715642,172.37343476549998
801050,2010-04-23,4041.68,4047.57,4092.55,4033.88,8.55807958,173.41512395830003
801050,2010-04-26,4022.86,4067.83,4087.39,4014.73,6.19846849,124.68705916280001
801050,2010-04-27,3922.22,4015.25,4015.41,3863.33,7.67889211,146.15144953959998
801050,2010-04-28,3907.74,3857.36,3928.72,3835.71,7.17800098,135.8211068036
801050,2010-04-29,3781.36,3920.81,3938.25,3781.36,6.74553904,129.0890221207
801050,2010-04-30,3748.51,3775.61,3786.9,3666.69,5.62046315,101.7702864018
801050,2010-05-04,3765.93,3695.38,3787.31,3682.96,4.67015413,88.68192082690001
801050,2010-05-05,3743.13,3693.25,3743.26,3592.04,6.86714698,128.433124829
801050,2010-05-06,3595.74,3717.34,3728.53,3594.78,6.66461333,129.1626531283
801050,2010-05-07,3519.07,3528.4,3598.33,3503.57,7.05366176,132.7971682579
801050,2010-05-10,3534.98,3529.15,3582.01,3465.23,5.47171614,94.1134323196
801050,2010-05-11,3531.92,3602.09,3654.41,3517.78,7.54935961,137.1868821199
801050,2010-05-12,3484.71,3519.57,3566.05,3435.42,5.6651622,104.63244790610001
801050,2010-05-13,3598.22,3500.26,3598.3,3456.48,5.6228055,99.7150339744
801050,2010-05-14,3590.62,3562.96,3623.08,3543.16,5.50036128,109.9029455501
801050,2010-05-17,3419.08,3525.7,3569.34,3413.98,6.61330433,123.2127810467
801050,2010-05-18,3434.0,3383.91,3454.76,3303.22,5.97866889,100.3272527174
801050,2010-05-19,3431.1,3395.56,3497.64,3375.3,6.39563895,113.2871542199
801050,2010-05-20,3340.37,3387.21,3447.11,3336.9,5.14495183,92.223127643
801050,2010-05-21,3385.53,3238.13,3385.53,3218.53,6.06410595,104.99127043620001
801050,2010-05-24,3537.05,3410.04,3547.22,3410.04,7.38865734,130.8896275373
801050,2010-05-25,3529.1,3511.33,3589.88,3493.43,6.60284334,124.957223482
801050,2010-05-26,3523.83,3525.49,3559.44,3501.52,4.95296625,86.1423392718
801050,2010-05-27,3661.39,3517.92,3698.21,3483.03,8.8649986,159.3261382158
801050,2010-05-28,3652.3,3694.99,3708.05,3621.77,8.09564921,145.6913369495
801050,2010-05-31,3499.45,3628.34,3636.58,3499.45,6.0646353,109.1693861205
801050,2010-06-01,3534.45,3466.52,3556.29,3445.28,7.97301219,133.49349392690002
801050,2010-06-02,3516.61,3520.51,3529.97,3424.34,6.78329385,111.05366385010001
801050,2010-06-03,3483.51,3544.77,3559.43,3480.6,5.84039339,98.6263598535
801050,2010-06-04,3479.75,3440.01,3481.66,3428.23,5.23565291,86.10499187139999
801050,2010-06-07,3426.54,3395.84,3438.25,3382.06,5.93253066,95.8262266968
801050,2010-06-08,3440.54,3427.63,3456.29,3394.01,4.94529772,80.3485311908
801050,2010-06-09,3540.24,3458.68,3540.57,3450.05,6.83750822,118.8220889999
801050,2010-06-10,3511.48,3522.41,3542.06,3505.55,5.03919321,83.320721622
801050,2010-06-11,3538.05,3534.59,3569.61,3513.69,5.48513478,92.8962584107
801050,2010-06-17,3513.09,3563.9,3599.66,3511.85,4.63272351,82.0151110414
801050,2010-06-18,3394.96,3507.42,3509.58,3376.41,5.26355407,92.41459284049999
801050,2010-06-21,3488.28,3393.64,3488.28,3366.86,4.67103791,78.4773950002
801050,2010-06-22,3470.18,3471.42,3497.88,3462.36,3.43608929,59.191080549700004
801050,2010-06-23,3430.73,3435.3,3451.54,3402.42,3.91464705,64.7853957681
801050,2010-06-24,3406.3,3428.53,3443.68,3393.82,2.79345652,49.90605315770001
801050,2010-06-25,3371.88,3393.82,3413.81,3350.89,2.9112142,46.851635258
801050,2010-06-28,3335.75,3377.85,3391.78,3326.22,2.35069191,40.3729293071
801050,2010-06-29,3129.74,3331.36,3343.0,3127.71,4.53199697,73.5169526201
801050,2010-06-30,3033.97,3097.92,3099.19,3000.52,3.69206565,55.086983931400006
801050,2010-07-01,2963.94,3024.94,3048.72,2961.13,3.35967871,53.826410718000005
801050,2010-07-02,2892.49,2929.36,2940.42,2772.05,4.94242768,73.9147454031
801050,2010-07-05,2828.51,2853.13,2856.31,2784.47,3.08921789,43.52056339520001
801050,2010-07-06,2925.76,2811.58,2930.69,2810.04,4.15159586,60.886293405500005
801050,2010-07-07,2938.97,2924.5,2945.82,2900.27,3.8013714,58.2368566953
801050,2010-07-08,2968.69,2961.83,3003.96,2949.82,4.25889443,65.98813137100001
801050,2010-07-09,3046.29,2963.81,3061.59,2927.38,5.24184329,80.4535526966
801050,2010-07-12,3080.14,3051.49,3114.79,3044.86,4.41915715,71.873419789
801050,2010-07-13,2998.31,3037.35,3037.41,2971.55,5.05617288,67.93460285270001
801050,2010-07-14,3046.81,3010.92,3102.99,3010.92,5.54538877,74.7688151191
801050,2010-07-15,2960.87,3022.85,3059.83,2960.13,4.43190317,58.527354446400004
801050,2010-07-16,2968.05,2952.02,2976.15,2909.52,4.19536218,51.506817366499995
801050,2010-07-19,3047.17,2917.32,3061.55,2904.28,5.89510851,80.5980025251
801050,2010-07-20,3179.91,3047.35,3198.77,3047.35,9.94592606,134.3422555439
801050,2010-07-21,3171.94,3185.56,3216.31,3160.71,8.07136133,107.0904896341
801050,2010-07-22,3242.22,3163.58,3255.52,3161.74,7.74269098,116.5441934327
801050,2010-07-23,3245.15,3255.66,3284.6,3205.75,6.99782295,107.036147056
801050,2010-07-26,3320.7,3269.31,3320.7,3251.22,6.11877726,104.1435272088
801050,2010-07-27,3288.69,3309.09,3315.35,3278.22,5.33155326,88.8606074452
801050,2010-07-28,3359.11,3268.39,3361.86,3262.85,8.46570316,126.02441690030001
801050,2010-07-29,3411.7,3362.76,3419.2,3362.76,9.22730775,133.1877564392
801050,2010-07-30,3436.4,3439.28,3467.97,3399.02,8.46781786,134.842481605
801050,2010-08-02,3492.52,3442.19,3506.29,3435.98,6.95292826,100.2664860158
801050,2010-08-03,3434.89,3524.08,3549.04,3434.89,8.87217312,150.8149163615
801050,2010-08-04,3457.3,3427.35,3457.3,3362.91,7.12798908,120.40612604309999
801050,2010-08-05,3434.05,3458.53,3486.72,3406.07,5.99923907,100.53138067290001
801050,2010-08-06,3503.38,3433.27,3503.44,3391.53,7.69558168,118.876828441
801050,2010-08-09,3594.2,3507.68,3596.18,3500.11,9.3285171,157.5039934515
801050,2010-08-10,3476.78,3595.55,3605.46,3476.17,8.54959085,140.0717479227
801050,2010-08-11,3494.44,3460.77,3518.74,3457.76,5.59682786,93.52302494620001
801050,2010-08-12,3456.22,3449.79,3502.01,3436.32,5.9781474,105.11995992530001
801050,2010-08-13,3530.1,3470.53,3531.95,3468.88,6.39961614,107.7579001483
801050,2010-08-16,3617.54,3531.17,3627.78,3509.28,9.09652869,169.75966260360002
801050,2010-08-17,3635.5,3625.1,3649.3,3595.41,8.03829387,145.60606608450001
801050,2010-08-18,3715.35,3646.9,3741.87,3641.41,11.04371558,189.39970184770002
801050,2010-08-19,3764.57,3713.68,3806.1,3685.04,12.48668049,216.9055128241
801050,2010-08-20,3652.21,3735.65,3755.49,3646.25,9.65979944,169.43394117469998
801050,2010-08-23,3651.47,3632.94,3684.02,3632.94,5.8820348,116.1695267234
801050,2010-08-24,3658.62,3641.28,3700.58,3598.03,5.82274726,105.3284490473
801050,2010-08-25,3597.37,3635.24,3685.78,3596.08,6.94943855,122.8496662917
801050,2010-08-26,3598.69,3616.49,3642.0,3573.14,6.40829425,100.26055680120001
801050,2010-08-27,3616.36,3596.76,3624.82,3576.01,4.96273864,95.30345497809999
801050,2010-08-30,3769.76,3655.4,3769.76,3655.34,9.93643523,184.226322662
801050,2010-08-31,3827.08,3769.22,3860.48,3755.91,11.74872655,225.91090775740003
801050,2010-09-01,3795.7,3852.67,3868.78,3741.31,11.96572752,218.55726584349998
801050,2010-09-02,3881.92,3840.91,3908.21,3813.59,12.2782978,216.8388515331
801050,2010-09-03,3898.45,3890.45,3911.47,3835.7,11.48630019,213.4637720366
801050,2010-09-06,3912.37,3909.6,3980.78,3904.93,12.69102834,238.8605159176
801050,2010-09-07,3963.14,3911.12,3964.61,3895.24,9.19864355,174.18787195279998
801050,2010-09-08,4123.97,3943.55,4156.71,3933.32,15.45428715,302.7421121345
801050,2010-09-09,4048.66,4132.1,4132.12,4006.81,13.12800482,280.6612616498
801050,2010-09-10,4014.27,4050.47,4055.66,3972.41,9.4115311,207.4111115825
801050,2010-09-13,4077.76,4017.65,4086.98,4003.92,8.49511507,187.8265560531
801050,2010-09-14,4060.95,4087.06,4116.24,4040.1,8.77300097,182.30131016060002
801050,2010-09-15,3971.34,4078.4,4084.73,3954.66,8.39525008,175.572015827
801050,2010-09-16,3874.3,3959.0,3972.82,3833.06,8.52959394,176.0085816203
801050,2010-09-17,3919.43,3889.89,3974.55,3856.88,8.31688395,171.2743276555
801050,2010-09-20,3865.16,3915.64,3921.24,3831.49,6.56089084,141.6526452673
801050,2010-09-21,3838.26,3878.15,3886.49,3816.47,5.00442658,106.4088259243
801050,2010-09-27,4028.42,3894.45,4038.51,3893.97,8.77285164,183.58990213029998
801050,2010-09-28,4117.9,4026.56,4183.58,4018.1,16.28858842,351.76390790970004
801050,2010-09-29,4161.89,4134.13,4275.06,4113.82,15.20083673,312.5393871462
801050,2010-09-30,4310.81,4122.67,4319.55,4104.53,15.53785623,310.0427651304
801050,2010-10-08,4577.58,4438.56,4641.31,4438.56,18.20285152,413.19573340449995
801050,2010-10-11,4704.61,4717.54,4864.85,4673.43,27.36839049,567.5313922323
801050,2010-10-12,4984.49,4679.39,5030.23,4644.71,26.47427261,541.2504770623
801050,2010-10-13,5003.65,5032.34,5086.56,4874.35,26.25561461,547.176359445
801050,2010-10-14,5188.42,5093.09,5229.08,4991.83,27.60377714,588.9738822994
801050,2010-10-15,5317.35,5111.0,5454.5,5032.61,28.53980718,639.8299286478
801050,2010-10-18,4976.18,5318.71,5371.64,4966.81,26.17506694,613.0585247455
801050,2010-10-19,5158.7,4991.27,5189.24,4990.31,16.95281034,360.82818677980003
801050,2010-10-20,5088.41,4915.86,5201.79,4864.4,20.91472463,462.5887594017
801050,2010-10-21,5262.92,5150.02,5300.38,5096.91,18.90610745,436.1815533024
801050,2010-10-22,5333.9,5180.83,5458.26,5115.37,21.93607581,490.5226533511
801050,2010-10-25,5708.51,5347.81,5708.85,5307.69,25.72822788,582.7025081808999
801050,2010-10-26,5620.83,5744.18,5759.05,5597.72,23.8173948,585.2692613667
801050,2010-10-27,5464.9,5562.92,5627.48,5455.85,18.60481971,476.5568919132
801050,2010-10-28,5469.67,5415.03,5587.16,5379.4,16.19061747,409.148387491
801050,2010-10-29,5548.66,5489.27,5579.74,5470.28,16.60489528,423.3395079951
801050,2010-11-01,5880.15,5637.1,5910.96,5616.77,21.63591065,567.058081256
801050,2010-11-02,5863.43,5896.45,6205.93,5841.75,31.74591502,813.2690384886
801050,2010-11-03,5518.13,5899.69,5976.84,5475.29,22.29946083,574.6001791417
801050,2010-11-04,5672.29,5512.07,5754.7,5405.4,20.59948791,530.1234292798
801050,2010-11-05,5758.25,5981.99,5997.68,5721.9,23.6007356,592.8001589965
801050,2010-11-08,5723.24,5761.23,5761.23,5591.35,14.58731951,370.15372914989996
801050,2010-11-09,5807.58,5707.71,5883.67,5676.37,16.55062329,418.6173570356
801050,2010-11-10,5897.47,5784.04,5911.24,5685.49,17.42579917,472.677786465
801050,2010-11-11,5876.2,5856.87,6115.91,5825.92,23.66860919,616.3589139921
801050,2010-11-12,5474.24,5781.59,5902.83,5447.86,24.06540941,586.6393039613
801050,2010-11-15,5345.04,5443.83,5482.23,5196.03,15.63572934,387.89871020699997
801050,2010-11-16,4933.51,5318.07,5318.07,4923.53,15.60011685,366.00465559660006
801050,2010-11-17,4765.29,4733.96,4959.59,4711.81,12.98636831,297.6239318064
801050,2010-11-18,4938.52,4872.27,4964.83,4754.06,13.1145972,297.3050266922
801050,2010-11-19,4954.85,4982.31,4988.47,4741.82,13.94365594,322.9583306691
801050,2010-11-22,4994.07,4873.3,5042.2,4854.48,13.11854213,318.21586659919996
801050,2010-11-23,4758.53,4915.55,4920.88,4673.43,11.39068966,249.5914045555
801050,2010-11-24,4890.02,4740.83,4924.55,4739.12,11.29492241,267.9102103064
801050,2010-11-25,4965.08,4916.82,4979.29,4836.75,11.66480485,269.5026911691
801050,2010-11-26,4857.52,4930.19,4930.19,4815.99,8.8883629,205.0191448898
801050,2010-11-29,4716.46,4790.73,4792.34,4675.1,8.71396359,201.9846491929
801050,2010-11-30,4765.39,4711.86,4798.47,4492.4,12.32857977,277.5047855253
801050,2010-12-01,4795.34,4750.04,4852.85,4698.86,9.65984298,220.31257153090002
801050,2010-12-02,4857.72,4912.93,4951.67,4854.78,11.10090763,277.1429429743
801050,2010-12-03,4855.65,4857.9,4884.54,4768.09,8.23587047,195.7960063764
801050,2010-12-06,4872.72,4917.7,4941.74,4827.73,8.51199106,201.251774689
801050,2010-12-07,4984.91,4834.12,5025.71,4727.02,11.53684773,270.0147939463
801050,2010-12-08,4918.07,4945.69,5042.19,4915.76,10.24595824,252.9453542677
801050,2010-12-09,4829.42,4891.15,4940.37,4828.67,8.21855211,194.1873293799
801050,2010-12-10,4940.97,4770.39,4990.86,4754.31,9.12870523,221.0922080297
801050,2010-12-13,5188.47,4980.69,5188.93,4974.06,12.92456022,321.1548039437
801050,2010-12-14,5222.01,5223.49,5243.7,5167.9,11.28841241,280.5541570957
801050,2010-12-15,5148.52,5228.75,5254.32,5147.79,8.98024752,245.0749863319
801050,2010-12-16,5068.28,5092.2,5125.39,5059.09,7.07036163,167.5579594782
801050,2010-12-17,5111.1,5054.91,5169.5,5054.89,6.18146237,148.5495303614
801050,2010-12-20,5049.78,5158.41,5179.2,4868.38,9.23748027,218.3108751963
801050,2010-12-21,5129.67,5051.5,5142.88,5010.77,7.98796493,195.2267071209
801050,2010-12-22,5116.27,5163.31,5245.6,5095.37,9.19277699,217.719585635
801050,2010-12-23,5039.63,5090.5,5160.75,5023.62,8.55400938,187.4021868288
801050,2010-12-24,4953.7,4984.35,5000.61,4891.9,5.96545643,134.9678625846
801050,2010-12-27,4825.93,4960.32,5084.7,4803.19,7.75367573,179.6790688311
801050,2010-12-28,4744.13,4787.94,4838.54,4702.56,6.8303049,149.7545477027
801050,2010-12-29,4781.8,4774.32,4799.96,4690.48,5.46686874,125.4589632616
801050,2010-12-30,4875.44,4790.56,4906.4,4715.87,6.73201268,157.1319501399
801050,2010-12-31,5154.04,4866.6,5165.04,4861.81,12.42535297,310.7812719584
801050,2011-01-04,5284.47,5220.34,5348.44,5207.55,15.30726145,387.4984722018
801050,2011-01-05,5170.29,5171.27,5206.57,5123.88,10.14102287,254.2666069751
801050,2011-01-06,5172.58,5163.48,5219.85,5140.01,8.04330915,199.94937551619998
801050,2011-01-07,5043.69,5130.5,5148.27,5025.91,8.36088074,201.99263525770002
801050,2011-01-10,4939.07,5024.19,5073.9,4922.96,6.23486359,148.1196434515
801050,2011-01-11,4944.52,4917.54,4957.47,4845.18,5.38016574,130.0142069508
801050,2011-01-12,4932.04,4982.19,5013.9,4870.82,4.76019035,118.22029407309999
801050,2011-01-13,4891.95,4975.61,4987.04,4883.32,4.59997164,110.2829081335
801050,2011-01-14,4672.3,4859.71,4860.19,4663.77,6.75808844,157.9240729651
801050,2011-01-17,4553.34,4623.04,4691.63,4515.19,7.21033045,168.1063044212
801050,2011-01-18,4568.9,4534.73,4569.81,4469.25,4.80067616,110.54445480860001
801050,2011-01-19,4727.84,4552.15,4741.04,4534.01,6.93084426,165.0443806488
801050,2011-01-20,4513.22,4681.99,4733.96,4513.22,8.05079201,175.09484222830002
801050,2011-01-21,4499.67,4455.01,4576.53,4421.14,6.61617225,141.3462476518
801050,2011-01-24,4369.55,4517.27,4542.16,4365.32,5.61735744,128.08054261790002
801050,2011-01-25,4272.81,4346.74,4346.74,4238.54,5.22582779,106.2446634183
801050,2011-01-26,4320.23,4260.81,4342.08,4260.46,4.02652145,84.0516351667
801050,2011-01-27,4450.06,4313.48,4471.72,4285.83,6.40004647,141.8717419619
801050,2011-01-28,4485.16,4418.95,4510.54,4405.6,5.54810213,124.2493326674
801050,2011-01-31,4590.64,4512.52,4590.75,4505.28,5.87477277,133.9973395861
801050,2011-02-01,4681.4,4644.59,4691.6,4620.99,6.5974173,155.4691802144
801050,2011-02-09,4552.02,4673.71,4723.15,4530.7,7.03141508,161.18533221360002
801050,2011-02-10,4655.71,4519.87,4655.71,4482.48,5.74882386,126.992597775
801050,2011-02-11,4663.03,4670.44,4738.72,4648.83,6.41877177,149.2250870887
801050,2011-02-14,4847.74,4663.57,4868.55,4663.47,10.73350383,249.87186650200002
801050,2011-02-15,4964.35,4871.49,5076.23,4871.49,13.95819839,315.6997609516
801050,2011-02-16,5089.7,4955.06,5089.7,4941.61,11.92863374,292.3012336965
801050,2011-02-17,5082.83,5115.3,5177.33,5046.63,11.57323606,302.61793054689997
801050,2011-02-18,5039.64,5062.59,5107.63,5000.15,9.45912249,231.6066333057
801050,2011-02-21,5122.84,4996.98,5122.84,4995.82,8.5544757,203.24247117150003
801050,2011-02-22,5009.94,5164.65,5211.61,5003.76,12.47159285,291.90756828900004
801050,2011-02-23,5087.06,4964.95,5095.93,4964.95,11.37854337,235.6361317734
801050,2011-02-24,5110.9,5101.52,5184.86,5061.87,10.24657152,229.0543923397
801050,2011-02-25,5117.55,5106.42,5153.18,4991.3,9.94033554,226.2152464849
801050,2011-02-28,5150.86,5126.0,5150.86,5064.69,8.12819761,190.95793567040002
801050,2011-03-01,5198.59,5156.58,5214.47,5136.18,10.65430369,254.5815650518
801050,2011-03-02,5157.14,5186.87,5201.09,5075.53,10.41719052,246.0619278982
801050,2011-03-03,5061.54,5159.72,5196.08,5054.04,8.77385122,223.7189105905
801050,2011-03-04,5132.18,5052.83,5134.82,5044.39,6.95372438,166.23193400809998
801050,2011-03-07,5286.0,5174.05,5306.02,5152.9,13.34651812,305.1086082639
801050,2011-03-08,5319.2,5266.14,5326.65,5255.39,11.20525251,280.0323295585
801050,2011-03-09,5278.1,5322.39,5347.76,5266.37,9.66082558,246.7240314739
801050,2011-03-10,5144.1,5248.56,5248.56,5143.49,9.70808809,241.362709095
801050,2011-03-11,5121.72,5102.78,5183.2,5096.01,9.16193932,216.00376466330002
801050,2011-03-14,5075.96,5084.4,5123.97,5029.49,8.01851774,191.0685908912
801050,2011-03-15,5001.8,5065.09,5081.22,4892.23,9.24815449,209.87622905720002
801050,2011-03-16,5191.19,4992.93,5225.67,4992.91,11.99228982,290.35841456599996
801050,2011-03-17,5049.06,5125.72,5138.98,5028.61,9.90358532,227.365157624
801050,2011-03-18,5069.01,5112.57,5142.97,5064.24,5.99296987,139.4543264737
801050,2011-03-21,5063.59,5084.45,5110.32,5033.49,6.13735423,144.5001243915
801050,2011-03-22,5107.16,5083.81,5121.27,4997.48,7.18678265,167.0844324563
801050,2011-03-23,5169.5,5098.17,5171.55,5067.15,8.25997943,196.56641407610002
801050,2011-03-24,5139.71,5211.72,5269.99,5137.88,8.56689955,215.10893558310002
801050,2011-03-25,5278.75,5137.21,5315.56,5137.21,11.92232431,311.2257356128
801050,2011-03-28,5345.6,5304.76,5398.99,5282.44,14.89469541,362.0480687017
801050,2011-03-29,5213.46,5307.64,5353.59,5212.22,13.33187278,311.1626811205
801050,2011-03-30,5324.35,5207.79,5364.27,5201.03,13.26924098,323.41428001779997
801050,2011-03-31,5287.7,5329.21,5363.23,5244.21,12.42195992,310.1902060182
801050,2011-04-01,5302.3,5332.07,5350.42,5204.19,10.83653792,259.04757876509996
801050,2011-04-06,5427.81,5289.07,5430.01,5268.3,12.91583503,342.0694610305
801050,2011-04-07,5427.62,5433.64,5457.16,5409.78,12.85442488,300.7332774147
801050,2011-04-08,5517.17,5424.96,5528.18,5423.35,13.08975892,325.6157016718
801050,2011-04-11,5508.25,5571.26,5592.74,5496.04,16.83492145,385.00845423730004
801050,2011-04-12,5379.16,5459.63,5503.26,5341.24,13.85566964,335.7433029115
801050,2011-04-13,5353.36,5324.59,5353.36,5226.08,9.18286571,213.9609277473
801050,2011-04-14,5345.74,5336.98,5385.01,5280.04,8.3419553,199.90827550470001
801050,2011-04-15,5337.81,5343.61,5400.91,5299.34,7.75155468,180.8373397971
801050,2011-04-18,5298.95,5320.94,5354.76,5264.14,8.66950906,185.50846770169997
801050,2011-04-19,5159.27,5264.0,5264.39,5158.47,9.34449308,207.54738808599998
801050,2011-04-20,5243.35,5166.15,5260.58,5166.0,9.75943213,195.01714645939998
801050,2011-04-21,5297.01,5290.13,5309.09,5256.21,8.785148,187.8732751655
801050,2011-04-22,5299.63,5303.76,5331.71,5267.15,8.60410709,185.45198604400002
801050,2011-04-25,5128.42,5299.04,5299.04,5128.23,8.66252442,208.94657068439997
801050,2011-04-26,5039.84,5092.55,5123.99,5034.09,6.7215709,159.7778362209
801050,2011-04-27,4962.51,5061.63,5086.12,4917.48,6.16877263,132.9380835209
801050,2011-04-28,4839.19,4999.89,5023.15,4836.64,5.56424572,127.05799919479999
801050,2011-04-29,4938.73,4849.23,4938.73,4835.99,4.76497465,105.4393181985
801050,2011-05-03,4915.87,4929.46,4929.46,4817.52,5.5376897,119.2297484899
801050,2011-05-04,4776.06,4874.3,4905.33,4742.85,7.46285374,168.2332168669
801050,2011-05-05,4723.44,4727.19,4740.81,4669.63,5.50099244,117.58932948360001
801050,2011-05-06,4704.25,4611.93,4750.36,4575.48,6.67468193,158.1064943188
801050,2011-05-09,4741.6,4711.65,4774.46,4711.06,4.65445349,110.90690079950001
801050,2011-05-10,4844.0,4756.39,4849.61,4755.86,6.03358022,163.49078922799998
801050,2011-05-11,4809.09,4853.49,4859.69,4782.36,5.57185411,145.5973981723
801050,2011-05-12,4657.34,4743.79,4748.41,4657.34,6.47142857,148.368918712
801050,2011-05-13,4748.19,4668.99,4748.19,4633.07,5.47168852,131.5868742696
801050,2011-05-16,4671.68,4727.98,4738.15,4667.02,4.80889573,113.92302161209999
801050,2011-05-17,4693.15,4661.21,4770.99,4580.03,6.92048129,159.7012086977
801050,2011-05-18,4706.94,4660.4,4727.83,4643.71,4.38825123,92.06529912239999
801050,2011-05-19,4686.53,4744.48,4755.44,4682.18,4.23435338,93.76896698270001
801050,2011-05-20,4748.98,4710.16,4764.36,4691.69,5.16516003,129.81563894229998
801050,2011-05-23,4590.61,4743.19,4743.19,4589.76,6.45495513,146.3573043216
801050,2011-05-24,4670.14,4563.5,4689.42,4521.59,5.55911672,151.23698920549998
801050,2011-05-25,4617.53,4655.02,4701.81,4615.64,5.09095625,141.7228862772
801050,2011-05-26,4595.9,4674.83,4709.7,4595.9,4.88358111,138.7544984053
801050,2011-05-27,4483.39,4586.29,4593.72,4483.08,4.79267318,118.587457642
801050,2011-05-30,4420.85,4470.29,4505.62,4420.39,3.54482042,92.4135539362
801050,2011-05-31,4523.1,4435.17,4524.76,4410.25,4.64421179,123.2201552937
801050,2011-06-01,4547.57,4518.5,4571.95,4504.78,4.40827161,110.4046469658
801050,2011-06-02,4538.8,4490.41,4547.26,4465.39,5.24893754,134.1272110614
801050,2011-06-03,4595.29,4531.81,4619.68,4531.13,5.10907451,120.6562798391
801050,2011-06-07,4719.81,4582.46,4731.99,4582.46,6.17457061,171.9589376626
801050,2011-06-08,4748.25,4740.91,4766.9,4698.92,6.88471961,166.5987078689
801050,2011-06-09,4665.43,4741.5,4804.1,4665.43,7.54552547,172.93660226720002
801050,2011-06-10,4628.01,4640.82,4657.69,4533.48,5.98262725,146.13029186
801050,2011-06-13,4673.05,4583.39,4700.24,4563.81,5.94751324,141.16420310680002
801050,2011-06-14,4731.12,4668.38,4750.72,4650.66,7.71158344,166.5264634962
801050,2011-06-15,4672.84,4727.1,4751.96,4672.84,5.69818385,132.6974071557
801050,2011-06-16,4586.03,4626.34,4638.4,4573.35,5.98006155,125.4325069399
801050,2011-06-17,4431.02,4577.3,4596.07,4429.74,5.51012878,142.3263578552
801050,2011-06-20,4380.74,4406.2,4441.3,4356.61,3.96821291,95.1469771092
801050,2011-06-21,4414.71,4407.77,4418.67,4337.64,3.83451177,92.7501554907
801050,2011-06-22,4399.64,4419.64,4427.55,4381.86,3.64929033,82.22231437960001
801050,2011-06-23,4471.07,4380.94,4490.66,4342.49,4.76350915,105.54712786399999
801050,2011-06-24,4572.22,4432.72,4619.2,4424.19,8.17513879,180.77432343619998
801050,2011-06-27,4594.07,4565.12,4632.51,4559.92,5.6170582,121.8776731582
801050,2011-06-28,4666.22,4602.04,4683.9,4602.04,6.91490544,166.1897494857
801050,2011-06-29,4582.81,4674.52,4679.51,4582.81,6.06118262,133.57179711959998
801050,2011-06-30,4672.9,4609.0,4688.48,4608.65,6.66357727,146.9763803344
801050,2011-07-01,4698.14,4687.58,4731.07,4667.71,6.82846274,142.58074787
801050,2011-07-04,4895.14,4722.42,4915.49,4721.91,11.20724826,240.4461817969
801050,2011-07-05,4902.81,4916.04,4916.04,4863.16,13.0274867,213.230606766
801050,2011-07-06,4937.49,4896.41,4972.39,4863.19,9.60912085,200.2698881692
801050,2011-07-07,4887.07,4928.58,4971.86,4887.07,9.40107187,201.21583221970002
801050,2011-07-08,4876.65,4906.77,4930.62,4843.68,6.81906906,145.81756435309998
801050,2011-07-11,4903.62,4853.19,4920.18,4846.24,6.83739758,141.89475366690002
801050,2011-07-12,4791.66,4860.85,4874.39,4791.03,8.17754597,163.2762862427
801050,2011-07-13,4934.76,4811.43,4949.06,4811.42,10.59158811,188.52747296599998
801050,2011-07-14,5030.72,4978.17,5096.57,4978.06,13.81829969,247.79092314169998
801050,2011-07-15,5063.62,5015.41,5063.86,5001.56,9.35566943,180.38054911790002
801050,2011-07-18,5035.74,5083.42,5100.42,5024.43,8.5814777,167.5129349046
801050,2011-07-19,5038.63,5023.89,5054.71,4990.88,8.32602639,160.3537372412
801050,2011-07-20,4993.02,5065.36,5074.83,4956.35,8.03564069,149.5917192883
801050,2011-07-21,4881.76,4990.03,4999.02,4876.98,6.45333435,125.2615973696
801050,2011-07-22,4885.99,4901.61,4923.4,4869.13,5.27693131,102.9678862175
801050,2011-07-25,4743.48,4878.97,4899.32,4724.92,8.05117653,155.3096375321
801050,2011-07-26,4810.21,4749.19,4810.21,4722.26,6.1062613,121.51570350700001
801050,2011-07-27,4924.83,4794.98,4938.39,4777.01,10.11677211,167.9688250874
801050,2011-07-28,4925.02,4868.79,4931.84,4854.26,8.88737309,163.6558198833
801050,2011-07-29,4809.48,4919.39,4934.29,4802.65,6.59620283,130.46828063569998
801050,2011-08-01,4841.79,4810.45,4877.59,4806.85,4.78030314,94.038965566
801050,2011-08-02,4775.55,4803.4,4803.75,4684.22,6.26530824,119.0821346714
801050,2011-08-03,4800.26,4743.66,4818.62,4735.08,6.42123235,122.5204325948
801050,2011-08-04,4795.62,4813.37,4855.44,4778.35,5.24143031,99.0556501455
801050,2011-08-05,4674.97,4614.82,4713.23,4585.19,7.29249967,139.9476371407
801050,2011-08-08,4534.52,4615.86,4654.52,4376.92,12.7837997,230.8810478766
801050,2011-08-09,4534.99,4404.69,4583.0,4313.55,11.92278411,221.1693236267
801050,2011-08-10,4574.49,4613.66,4634.85,4565.67,8.66638019,168.6548976829
801050,2011-08-11,4625.38,4512.47,4627.32,4512.47,8.33745376,156.47701846299998
801050,2011-08-12,4627.67,4640.41,4676.86,4626.05,6.862864,131.98327052870002
801050,2011-08-15,4677.07,4632.22,4677.07,4608.21,5.90350683,114.5499809805
801050,2011-08-16,4667.66,4688.79,4706.36,4647.7,6.48994916,128.1440145139
801050,2011-08-17,4623.48,4655.3,4681.88,4618.51,4.68987041,91.42470215680001
801050,2011-08-18,4580.26,4624.78,4667.01,4578.34,5.33633084,111.0829004347
801050,2011-08-19,4532.93,4517.39,4552.09,4490.68,7.28794846,123.920965399
801050,2011-08-22,4488.42,4542.88,4556.01,4465.84,5.25794402,94.0976163023
801050,2011-08-23,4536.78,4509.05,4537.1,4480.76,5.04980371,95.2411537046
801050,2011-08-24,4497.47,4556.07,4560.9,4488.86,6.34774473,119.0726263893
801050,2011-08-25,4612.67,4477.88,4614.32,4452.56,8.13052538,147.0219257739
801050,2011-08-26,4635.43,4594.58,4658.13,4584.24,6.68826487,135.0750486167
801050,2011-08-29,4561.87,4610.43,4611.85,4561.0,4.76848826,89.1950901025
801050,2011-08-30,4527.49,4602.55,4629.47,4524.51,5.02452997,95.9499357685
801050,2011-08-31,4526.37,4536.27,4555.64,4486.35,3.76327792,70.47139210739999
801050,2011-09-01,4483.26,4536.02,4557.76,4477.7,3.44750957,65.3420221593
801050,2011-09-02,4441.29,4473.15,4503.9,4419.77,3.99770289,71.7549323257
801050,2011-09-05,4352.5,4408.1,4408.87,4349.71,3.93768519,72.2620571582
801050,2011-09-06,4352.38,4325.77,4362.34,4313.84,3.99697094,66.51620968270001
801050,2011-09-07,4430.14,4367.31,4433.44,4344.45,4.4744733,83.0500443537
801050,2011-09-08,4396.4,4447.54,4447.57,4395.42,4.46948591,82.3980442644
801050,2011-09-09,4384.2,4405.71,4440.23,4365.89,4.02919781,70.29654665689999
801050,2011-09-13,4266.12,4306.98,4307.94,4248.72,4.03528898,70.1240711802
801050,2011-09-14,4300.65,4286.8,4300.65,4193.5,3.99677788,69.91397708689999
801050,2011-09-15,4292.52,4308.05,4335.04,4291.64,4.0294895,71.09080541109999
801050,2011-09-16,4296.35,4307.86,4325.98,4291.9,4.17790673,73.2083573597
801050,2011-09-19,4193.98,4277.98,4278.4,4193.62,4.04928626,70.876826092
801050,2011-09-20,4208.4,4168.45,4224.92,4156.37,3.802861,67.6621175248
801050,2011-09-21,4364.05,4209.32,4376.05,4177.06,6.69254891,122.1936197168
801050,2011-09-22,4213.94,4304.66,4323.53,4208.34,6.05258372,104.866955108
801050,2011-09-23,4153.88,4120.62,4172.31,4093.47,5.89330883,100.976928551
801050,2011-09-26,4045.16,4103.28,4164.32,4032.86,5.8141355,95.19001545969999
801050,2011-09-27,4074.03,4089.26,4105.82,4039.51,4.56641594,76.0480031222
801050,2011-09-28,4031.05,4110.05,4125.94,4014.7,4.60024512,80.0994407142
801050,2011-09-29,3887.98,3975.66,3976.53,3885.46,4.89600699,77.4435436464
801050,2011-09-30,3902.6,3913.92,3925.83,3859.96,3.28280402,52.4268103701
801050,2011-10-10,3868.61,3930.11,3940.72,3856.27,3.47632389,62.478817139499995
801050,2011-10-11,3852.03,3986.65,3997.8,3806.63,5.42862244,96.4301805209
801050,2011-10-12,3977.5,3818.1,3982.69,3775.24,6.71991816,110.86134203430001
801050,2011-10-13,4032.21,3965.8,4065.19,3952.53,7.17997271,119.72202192540001
801050,2011-10-14,4020.32,4011.18,4029.95,3970.85,5.6149983,98.2125171591
801050,2011-10-17,4016.66,4033.5,4065.91,3997.75,5.77231076,100.9459696365
801050,2011-10-18,3841.15,3980.03,3980.33,3838.35,5.93804537,104.33641748379999
801050,2011-10-19,3802.96,3855.1,3873.17,3793.99,4.51225632,79.5440868136
801050,2011-10-20,3696.53,3779.53,3780.14,3658.17,5.61689779,94.5940974971
801050,2011-10-21,3578.39,3680.35,3683.69,3570.22,4.70077206,77.976294704
801050,2011-10-24,3665.49,3592.75,3669.07,3519.64,5.13029111,85.092225381
801050,2011-10-25,3796.14,3675.59,3828.17,3640.74,7.65792417,134.00418013680002
801050,2011-10-26,3844.26,3776.47,3896.1,3775.27,9.61573721,139.4575677674
801050,2011-10-27,3820.09,3848.93,3860.46,3804.98,6.54067373,104.69429821940001
801050,2011-10-28,3922.77,3903.9,3944.91,3891.68,8.73010543,146.216992923
801050,2011-10-31,3912.91,3916.28,3923.5,3870.52,7.2041337,123.970472907
801050,2011-11-01,3881.35,3860.95,3923.1,3852.22,6.10243843,104.3644085424
801050,2011-11-02,3914.92,3813.93,3914.98,3765.52,7.45274615,122.34856963819999
801050,2011-11-03,3965.13,3931.9,4049.6,3931.76,11.06057655,200.29384436700002
801050,2011-11-04,4041.05,4015.95,4094.43,4014.48,9.34320211,156.55787077600002
801050,2011-11-07,4015.95,4030.07,4062.16,4003.18,6.73973195,109.4312664035
801050,2011-11-08,3991.91,4039.38,4062.6,3983.77,6.71263659,104.091165263
801050,2011-11-09,4041.06,4008.72,4041.34,3948.97,5.82086766,101.07737439540001
801050,2011-11-10,3932.81,3974.76,3983.76,3932.81,5.8221077,98.73989707950001
801050,2011-11-11,3944.54,3942.2,3977.12,3920.2,4.52917799,78.9622187929
801050,2011-11-14,4042.09,3995.11,4051.06,3985.68,6.48697465,114.68769022040001
801050,2011-11-15,4056.75,4032.85,4076.9,4026.28,6.45680021,121.34417924959999
801050,2011-11-16,3937.74,4063.07,4064.36,3925.31,6.67489955,121.64303671469999
801050,2011-11-17,3920.5,3939.5,3964.44,3903.06,4.57591724,79.63350802229999
801050,2011-11-18,3786.3,3873.81,3874.4,3780.91,5.08144884,86.4009381732
801050,2011-11-21,3804.07,3784.36,3811.67,3763.13,3.46945937,60.806792299399994
801050,2011-11-22,3792.69,3759.62,3793.34,3729.11,3.53912361,62.4227057151
801050,2011-11-23,3753.88,3802.58,3812.64,3753.88,3.26924891,57.7930809469
801050,2011-11-24,3730.93,3709.55,3763.59,3680.96,3.79022207,64.2606424145
801050,2011-11-25,3722.7,3731.91,3792.51,3709.66,3.5028611,63.463772470900004
801050,2011-11-28,3731.47,3741.94,3756.79,3700.84,3.50118548,63.3591640797
801050,2011-11-29,3800.09,3778.08,3800.09,3749.31,4.18169338,72.5758417136
801050,2011-11-30,3631.14,3791.18,3791.21,3600.42,5.44131419,89.798760718
801050,2011-12-01,3751.7,3763.61,3819.0,3750.99,7.72658754,132.3298808282
801050,2011-12-02,3670.34,3716.91,3717.19,3640.97,4.14182895,69.1595123565
801050,2011-12-05,3563.66,3669.74,3678.07,3561.16,3.49190807,58.7654079187
801050,2011-12-06,3536.97,3547.49,3560.51,3499.6,3.00860255,45.944300723599994
801050,2011-12-07,3539.28,3532.64,3551.79,3510.01,2.54057421,40.7688492009
801050,2011-12-08,3523.89,3531.22,3565.81,3472.16,3.74951556,61.1568309615
801050,2011-12-09,3475.48,3479.62,3513.64,3470.39,3.11266101,49.129339334899996
801050,2011-12-12,3440.52,3475.93,3489.39,3439.2,2.85571085,43.374050698999994
801050,2011-12-13,3304.87,3408.12,3408.87,3296.84,4.22876534,61.9824034318
801050,2011-12-14,3241.64,3295.74,3323.32,3233.59,3.38446889,48.138001887799994
801050,2011-12-15,3047.73,3184.71,3184.76,3047.73,5.31518484,71.6591321245
801050,2011-12-16,3119.16,3047.64,3119.16,3013.2,4.65925756,63.5423338871
801050,2011-12-19,3083.58,3097.92,3097.99,2987.18,4.41463287,58.37257384310001
801050,2011-12-20,3089.35,3064.47,3117.1,3056.3,4.1367142,57.45421393350001
801050,2011-12-21,2999.6,3128.31,3140.04,2999.57,3.83701475,53.7944654879
801050,2011-12-22,2980.37,2960.6,3036.79,2871.0,4.63252887,61.4224623753
801050,2011-12-23,2993.62,2956.78,3038.81,2949.64,3.27889116,44.2327122228
801050,2011-12-26,2972.96,2971.53,3033.39,2955.74,2.79759273,39.0729910426
801050,2011-12-27,2915.78,2960.46,2980.93,2914.61,3.37089449,45.56407729359999
801050,2011-12-28,2939.44,2895.74,2939.44,2867.86,3.6235331,48.2977866754
801050,2011-12-29,2918.86,2908.67,2952.35,2901.83,3.36539632,44.4202141166
801050,2011-12-30,2999.23,2933.96,3003.73,2933.05,4.26386053,61.0686827025
801050,2012-01-04,2942.54,3033.67,3043.36,2940.57,3.86779143,54.694417780600006
801050,2012-01-05,2852.99,2925.04,2940.54,2848.03,3.63859014,47.72279288439999
801050,2012-01-06,2911.42,2845.53,2911.42,2821.3,3.49764959,45.9453388133
801050,2012-01-09,3064.99,2913.86,3065.05,2881.61,6.67193558,88.7121102723
801050,2012-01-10,3223.09,3061.96,3230.21,3050.06,9.33536698,123.08449624110001
801050,2012-01-11,3241.77,3227.37,3266.48,3191.29,8.12045749,113.81321945270001
801050,2012-01-12,3279.78,3216.68,3336.6,3204.76,7.86916462,118.9259872761
801050,2012-01-13,3239.96,3278.45,3328.92,3172.65,7.52644593,123.38883812819999
801050,2012-01-16,3083.86,3182.62,3207.5,3083.86,4.71486157,74.6657126584
801050,2012-01-17,3382.24,3087.53,3382.24,3086.95,10.27381808,144.6775092501
801050,2012-01-18,3374.21,3465.66,3554.39,3360.61,14.60922029,219.6315823015
801050,2012-01-19,3484.35,3358.87,3511.22,3335.27,10.2244697,146.8874863164
801050,2012-01-20,3460.25,3491.58,3492.12,3403.2,6.95463059,112.2337645591
801050,2012-01-30,3448.03,3499.89,3531.27,3447.62,7.28457092,109.5708149817
801050,2012-01-31,3461.76,3435.97,3480.69,3425.36,5.48923942,88.66209516190001
801050,2012-02-01,3355.92,3445.24,3469.53,3337.56,6.18548562,92.5162238261
801050,2012-02-02,3446.59,3373.95,3446.6,3357.9,5.70931677,88.0141245309
801050,2012-02-03,3472.87,3435.93,3487.09,3423.06,5.96190893,91.2581453088
801050,2012-02-06,3467.14,3482.62,3500.63,3439.89,5.94364535,90.9409503034
801050,2012-02-07,3417.88,3439.01,3439.85,3355.99,6.4123312,91.90094227959999
801050,2012-02-08,3637.7,3417.51,3645.76,3406.71,12.56236286,202.3452193537
801050,2012-02-09,3608.02,3616.86,3654.31,3576.26,11.25406573,180.7632141405
801050,2012-02-10,3598.46,3607.5,3650.47,3566.53,8.49748859,131.3309170609
801050,2012-02-13,3610.94,3544.21,3650.96,3530.76,7.0909562,107.7159210641
801050,2012-02-14,3589.74,3603.61,3608.28,3558.18,5.89964301,90.0637825915
801050,2012-02-15,3650.03,3578.98,3688.62,3571.93,9.62964849,150.97350637
801050,2012-02-16,3626.15,3631.82,3653.28,3590.33,7.50425861,118.7523758649
801050,2012-02-17,3622.47,3644.36,3659.79,3593.74,5.50278458,89.0665751082
801050,2012-02-20,3627.42,3675.94,3695.84,3624.83,8.43967534,126.3974253223
801050,2012-02-21,3657.61,3624.87,3657.61,3568.28,6.57890416,102.8227550895
801050,2012-02-22,3702.14,3672.7,3710.2,3655.69,8.83562339,137.52962133190002
801050,2012-02-23,3740.09,3711.96,3774.87,3711.33,11.31994781,177.32019550549998
801050,2012-02-24,3766.56,3740.34,3768.71,3723.66,8.8419446,141.0698566892
801050,2012-02-27,3793.89,3782.22,3874.53,3782.16,12.62902572,210.0607217093
801050,2012-02-28,3777.01,3774.89,3795.22,3734.43,8.77700026,151.8304202955
801050,2012-02-29,3790.84,3776.9,3870.6,3747.55,9.21983552,164.36712394190002
801050,2012-03-01,3760.7,3730.42,3786.7,3724.99,6.59384852,110.6775458983
801050,2012-03-02,3820.41,3777.64,3831.05,3777.33,7.30973564,123.63861276860001
801050,2012-03-05,3836.67,3829.43,3876.35,3812.37,8.49522462,150.3670099792
801050,2012-03-06,3754.8,3819.12,3819.2,3740.99,8.68046349,148.9291542117
801050,2012-03-07,3676.23,3690.99,3733.86,3672.21,7.22923989,120.3367503402
801050,2012-03-08,3774.57,3694.67,3806.21,3694.67,7.70302886,151.9437903036
801050,2012-03-09,3850.73,3794.88,3850.95,3779.64,7.85354251,154.39549392930002
801050,2012-03-12,3889.69,3867.55,3928.87,3859.76,9.02306142,178.0564553676
801050,2012-03-13,3911.47,3883.19,3911.73,3840.99,7.52521461,136.5417665484
801050,2012-03-14,3783.43,3935.36,3978.13,3747.98,14.59217794,262.0639614527
801050,2012-03-15,3711.55,3761.25,3793.15,3671.61,8.87553542,156.0125820675
801050,2012-03-16,3812.92,3731.25,3817.09,3687.73,7.53830388,150.3751700148
801050,2012-03-19,3914.62,3811.49,3914.62,3790.68,8.62887833,188.5619937953
801050,2012-03-20,3837.02,3890.47,3890.54,3827.85,7.14660627,150.3670003736
801050,2012-03-21,3933.16,3849.85,4011.57,3834.62,12.82903143,234.36545691900002
801050,2012-03-22,3853.76,3914.54,3916.86,3840.59,6.93230092,144.9785056531
801050,2012-03-23,3780.65,3817.5,3841.85,3759.35,6.45553917,121.97124700170001
801050,2012-03-26,3772.72,3780.54,3801.34,3731.6,4.3727591,88.6845854844
801050,2012-03-27,3819.28,3823.64,3872.1,3811.84,5.89966648,142.9393051452
801050,2012-03-28,3641.57,3787.76,3788.45,3635.14,6.73348291,130.4972779007
801050,2012-03-29,3526.28,3585.53,3602.86,3500.99,5.81290138,110.72045489700001
801050,2012-03-30,3488.74,3531.53,3565.48,3447.43,4.18294277,82.000013832
801050,2012-04-05,3617.38,3480.43,3617.59,3466.66,5.53127815,114.7881259941
801050,2012-04-06,3626.32,3620.86,3647.64,3592.07,5.083128,107.7780368884
801050,2012-04-09,3591.83,3611.25,3636.22,3580.46,3.99443056,83.0714460879
801050,2012-04-10,3616.66,3583.81,3616.66,3493.36,4.9271938,109.6058101738
801050,2012-04-11,3599.68,3557.64,3623.4,3548.18,4.5012264,80.318108285
801050,2012-04-12,3667.79,3607.55,3669.03,3598.18,5.8058421,99.00638827639999
801050,2012-04-13,3726.06,3688.95,3749.75,3672.73,6.86018715,143.55540647639998
801050,2012-04-16,3690.02,3690.25,3715.05,3667.51,4.58669727,87.6020266925
801050,2012-04-17,3650.5,3682.18,3707.07,3650.21,4.03405845,73.6438150172
801050,2012-04-18,3732.96,3667.61,3734.09,3666.61,5.59264789,83.9627837062
801050,2012-04-19,3728.1,3745.25,3752.81,3714.22,5.02662718,104.5713770541
801050,2012-04-20,3752.05,3716.2,3756.45,3713.44,5.34574041,89.6464756721
801050,2012-04-23,3680.22,3749.61,3757.17,3667.27,5.4187854,95.4587866818
801050,2012-04-24,3649.86,3652.94,3697.3,3570.18,5.90517967,98.418379219
801050,2012-04-25,3726.39,3656.17,3735.4,3655.89,6.80907785,121.7729605527
801050,2012-04-26,3755.33,3727.58,3780.0,3711.2,7.93268433,125.9959228374
801050,2012-04-27,3740.82,3753.9,3773.15,3734.21,6.42408602,111.6737644631
801050,2012-05-02,3896.25,3789.27,3939.46,3761.5,12.02238745,235.48967760509998
801050,2012-05-03,3894.34,3880.77,3928.03,3867.23,9.64739658,181.46824514169998
801050,2012-05-04,3962.85,3887.55,3966.59,3885.98,8.73968717,169.08503123120002
801050,2012-05-07,4000.51,3938.18,4001.8,3927.43,9.87258407,200.2556248484
801050,2012-05-08,4019.49,3992.24,4038.99,3943.75,9.30326631,189.94900954099998
801050,2012-05-09,3910.15,3961.94,3986.57,3909.38,8.9321078,200.4327755923
801050,2012-05-10,3952.37,3893.16,3971.66,3893.16,7.357019,166.45777582350001
801050,2012-05-11,3905.51,3946.35,3982.61,3904.86,7.38991628,154.7494266495
801050,2012-05-14,3831.94,3935.98,3942.49,3829.95,6.88694598,142.6477381851
801050,2012-05-15,3814.16,3782.2,3814.16,3737.6,6.87338432,131.0163152372
801050,2012-05-16,3779.67,3796.53,3829.24,3778.94,6.44951502,136.0410574665
801050,2012-05-17,3840.1,3782.96,3841.92,3757.37,6.01860936,123.0872466564
801050,2012-05-18,3800.41,3810.81,3857.79,3792.02,6.22795376,126.1670623053
801050,2012-05-21,3872.21,3807.87,3905.91,3803.54,7.07330959,158.1448876986
801050,2012-05-22,3894.13,3885.32,3899.17,3867.63,5.75186521,118.03528541680001
801050,2012-05-23,3830.38,3877.61,3899.38,3796.05,6.72562493,150.0966192136
801050,2012-05-24,3820.5,3809.16,3855.1,3805.44,5.15303326,100.0225152908
801050,2012-05-25,3806.08,3824.51,3844.27,3779.41,4.80449735,91.93057272719999
801050,2012-05-28,3842.51,3790.44,3843.88,3712.22,5.78282479,110.07384669790001
801050,2012-05-29,3947.82,3836.75,3958.84,3833.26,10.28827886,195.2748130828
801050,2012-05-30,3922.48,3934.17,3944.13,3914.13,6.91188535,128.59283002909999
801050,2012-05-31,3918.68,3890.79,3950.64,3882.25,5.86350949,115.8759793025
801050,2012-06-01,3943.74,3931.76,4002.76,3931.7,7.47840905,162.68544093120002
801050,2012-06-04,3854.88,3912.56,3941.94,3854.8,8.10599011,167.3553554387
801050,2012-06-05,3825.7,3853.54,3873.65,3799.97,5.29681654,106.9195475124
801050,2012-06-06,3885.09,3844.46,3912.24,3843.46,6.65904538,135.1608722005
801050,2012-06-07,3846.63,3951.2,3956.1,3840.19,6.27081746,136.32842674629998
801050,2012-06-08,3790.96,3866.12,3866.12,3786.94,5.40184032,113.44310909100001
801050,2012-06-11,3872.13,3801.17,3882.32,3800.64,5.25501444,114.01763293
801050,2012-06-12,3835.62,3841.8,3868.39,3826.7,4.12779643,88.0780969291
801050,2012-06-13,3883.69,3857.6,3886.02,3833.89,4.70373275,95.21222359459999
801050,2012-06-14,3846.81,3883.26,3897.24,3843.76,5.41652281,115.0569429562
801050,2012-06-15,3858.31,3856.69,3878.82,3789.09,5.95658763,124.4446790226
801050,2012-06-18,3878.69,3876.28,3905.58,3870.4,5.01763715,95.3153248267
801050,2012-06-19,3825.76,3873.18,3873.45,3818.45,4.15724017,81.5531575588
801050,2012-06-20,3830.91,3837.38,3864.22,3822.78,3.85057072,75.7622567117
801050,2012-06-21,3765.14,3814.6,3814.82,3748.54,4.95808723,91.3524502432
801050,2012-06-25,3610.13,3738.42,3738.53,3602.88,4.94130321,92.3991360867
801050,2012-06-26,3604.1,3599.89,3632.03,3555.49,4.08145199,75.6989375867
801050,2012-06-27,3552.28,3596.87,3619.58,3546.97,3.53732007,67.4644238703
801050,2012-06-28,3475.43,3564.02,3577.61,3475.08,4.00955342,83.0902251956
801050,2012-06-29,3545.09,3448.87,3551.29,3428.53,4.53277796,84.8582346962
801050,2012-07-02,3587.48,3579.26,3616.9,3576.58,4.53507491,91.43887588690001
801050,2012-07-03,3573.97,3587.3,3615.11,3559.52,3.49148736,66.4237423365
801050,2012-07-04,3593.77,3594.79,3617.79,3571.38,4.32716998,72.6905973529
801050,2012-07-05,3518.17,3573.98,3581.7,3493.49,4.06922853,70.6850463335
801050,2012-07-06,3617.96,3535.01,3623.76,3487.65,5.20871666,101.7958087362
801050,2012-07-09,3530.74,3578.26,3611.82,3530.37,5.05953732,103.7237850514
801050,2012-07-10,3515.83,3516.02,3541.27,3499.13,3.84192147,76.4400082687
801050,2012-07-11,3537.81,3510.2,3539.76,3489.17,3.44728734,65.9968710075
801050,2012-07-12,3608.22,3521.63,3638.9,3487.02,6.66711776,123.8650712198
801050,2012-07-13,3579.09,3584.63,3625.72,3574.08,4.27239725,82.3814844491
801050,2012-07-16,3482.49,3588.44,3591.9,3482.33,4.61855974,86.2737979265
801050,2012-07-17,3515.31,3463.89,3515.31,3463.51,3.66617413,71.6269427669
801050,2012-07-18,3528.13,3502.67,3528.61,3462.72,3.79115302,67.2118989537
801050,2012-07-19,3536.13,3516.46,3572.16,3503.56,4.88936602,81.0899044549
801050,2012-07-20,3493.83,3527.77,3545.45,3486.55,3.83069731,62.7123779264
801050,2012-07-23,3436.29,3469.26,3469.36,3426.71,3.58320841,59.0309216208
801050,2012-07-24,3442.83,3413.74,3468.56,3412.99,3.25125228,51.9419086002
801050,2012-07-25,3415.84,3430.93,3458.53,3410.68,3.13605833,51.1607716425
801050,2012-07-26,3413.27,3421.71,3465.41,3411.03,3.89232603,62.096347779700004
801050,2012-07-27,3399.05,3431.27,3440.83,3394.2,3.87089797,70.1583204479
801050,2012-07-30,3312.43,3394.02,3416.19,3304.9,3.92607208,65.2318223267
801050,2012-07-31,3248.25,3306.09,3317.15,3245.87,3.71337391,61.1010898428
801050,2012-08-01,3323.16,3246.29,3341.95,3246.19,3.79097092,66.6463840592
801050,2012-08-02,3274.11,3312.51,3319.59,3258.28,3.29901077,51.5804296233
801050,2012-08-03,3337.56,3287.95,3337.56,3275.36,3.97758813,66.3289455725
801050,2012-08-06,3486.49,3335.75,3488.96,3332.18,6.90499022,128.6596128693
801050,2012-08-07,3546.66,3490.27,3560.23,3488.99,8.09365962,138.5590844253
801050,2012-08-08,3549.84,3546.87,3640.57,3546.67,7.84634673,147.405901892
801050,2012-08-09,3566.44,3543.96,3595.45,3501.47,6.39476639,135.2072336454
801050,2012-08-10,3524.15,3557.4,3558.05,3507.6,5.08734806,102.97022092889999
801050,2012-08-13,3473.71,3508.34,3532.49,3472.85,4.85878632,89.04305528350001
801050,2012-08-14,3468.4,3466.34,3478.71,3379.75,5.29271356,104.44143260950001
801050,2012-08-15,3414.82,3446.43,3449.63,3410.58,3.46113612,59.8050583702
801050,2012-08-16,3405.02,3406.77,3438.92,3401.76,3.20222295,56.6575692855
801050,2012-08-17,3420.51,3410.49,3420.6,3381.85,3.13493694,56.193229593299996
801050,2012-08-20,3416.89,3388.95,3433.76,3368.31,3.5031647,59.7672261157
801050,2012-08-21,3447.72,3415.39,3466.2,3413.77,4.35731053,73.3655359808
801050,2012-08-22,3409.08,3463.77,3470.83,3397.41,4.50451662,68.7292074355
801050,2012-08-23,3496.89,3428.44,3505.95,3428.03,6.94303242,114.87132720620001
801050,2012-08-24,3423.2,3487.73,3499.74,3423.2,6.0269118,101.406662344
801050,2012-08-27,3312.64,3397.68,3397.83,3312.53,5.80526005,98.8295604873
801050,2012-08-28,3315.78,3301.08,3342.54,3286.17,3.92947791,61.8281188412
801050,2012-08-29,3237.08,3300.63,3308.7,3234.95,4.02826639,73.3608836219
801050,2012-08-30,3193.73,3218.74,3249.13,3140.16,4.53149805,71.115184833
801050,2012-08-31,3164.24,3181.5,3197.6,3157.26,3.26505195,46.794641651099994
801050,2012-09-03,3225.66,3175.28,3244.13,3175.26,4.68589379,69.19454122890001
801050,2012-09-04,3196.61,3237.43,3250.72,3193.6,4.24070823,67.0754308559
801050,2012-09-05,3207.72,3183.39,3236.18,3173.54,3.95332757,60.6754742957
801050,2012-09-06,3249.03,3214.82,3249.03,3211.36,3.61522375,53.46012454939999
801050,2012-09-07,3421.94,3276.14,3469.61,3276.12,10.93999254,173.8017165476
801050,2012-09-10,3480.01,3460.07,3519.32,3438.73,10.50849291,161.2563112419
801050,2012-09-11,3462.91,3451.01,3463.86,3425.15,7.20251244,110.9309184985
801050,2012-09-12,3518.82,3498.87,3575.23,3482.2,9.19789739,137.3274725572
801050,2012-09-13,3431.55,3513.58,3514.34,3431.55,6.75459836,95.18951236870001
801050,2012-09-14,3520.96,3581.0,3622.2,3500.61,12.9243345,194.8999816489
801050,2012-09-17,3447.28,3520.24,3564.93,3447.28,9.80404295,147.2292902521
801050,2012-09-18,3363.83,3400.25,3400.51,3343.06,6.06852844,91.5840723382
801050,2012-09-19,3479.05,3370.19,3481.97,3352.57,7.89308465,112.6335063051
801050,2012-09-20,3352.22,3449.5,3455.35,3346.1,8.70775065,128.7707747254
801050,2012-09-21,3409.92,3346.94,3465.49,3346.84,9.66325665,131.6154001243
801050,2012-09-24,3428.13,3358.21,3452.47,3324.7,7.65967978,106.95040300379999
801050,2012-09-25,3356.23,3404.02,3407.96,3344.28,5.96478291,82.43495278350001
801050,2012-09-26,3272.09,3347.93,3360.9,3263.78,5.26332798,74.1351471377
801050,2012-09-27,3371.9,3259.56,3408.39,3254.83,7.47361791,111.74442489319999
801050,2012-09-28,3471.26,3365.7,3475.64,3358.35,9.42667904,144.87149950129998
801050,2012-10-08,3411.39,3460.91,3472.04,3388.01,6.30356035,96.83867290059999
801050,2012-10-09,3478.76,3429.49,3490.32,3425.33,7.16220867,110.719303561
801050,2012-10-10,3490.91,3451.12,3492.94,3420.71,6.89007174,102.46995329010001
801050,2012-10-11,3458.29,3467.39,3521.69,3447.03,8.16154626,119.8186733644
801050,2012-10-12,3426.47,3466.7,3496.75,3406.74,5.71035009,85.01587041239999
801050,2012-10-15,3349.52,3396.22,3396.42,3321.52,4.99688942,77.2870381067
801050,2012-10-16,3340.24,3335.72,3374.98,3330.93,4.41016812,60.399460318900005
801050,2012-10-17,3366.28,3362.37,3374.37,3328.32,4.2314407,61.147008196
801050,2012-10-18,3409.2,3374.76,3419.72,3372.3,6.00718668,85.8446881259
801050,2012-10-19,3383.1,3400.2,3412.06,3375.76,4.96856546,69.2454051606
801050,2012-10-22,3357.85,3334.04,3371.1,3317.9,4.47732481,67.3873463944
801050,2012-10-23,3341.23,3353.81,3378.35,3338.57,4.77136246,65.13654842300001
801050,2012-10-24,3308.55,3309.18,3336.1,3300.59,4.16003951,60.222179872
801050,2012-10-25,3297.22,3308.39,3336.86,3281.48,5.00065276,67.64237749770001
801050,2012-10-26,3175.63,3297.6,3297.64,3175.5,5.85589659,83.7759338147
801050,2012-10-29,3140.98,3166.83,3177.09,3133.77,3.67376278,55.5276023379
801050,2012-10-30,3143.27,3136.18,3182.41,3135.2,3.44193035,48.072684236899995
801050,2012-10-31,3162.08,3148.39,3164.32,3129.24,3.21808477,46.616772826
801050,2012-11-01,3255.17,3172.09,3264.35,3171.64,5.72827723,89.0439598798
801050,2012-11-02,3244.6,3249.11,3259.25,3212.39,4.25752955,64.4185022101
801050,2012-11-05,3224.19,3218.73,3240.84,3207.27,4.03957471,58.481201938999995
801050,2012-11-06,3228.21,3227.79,3233.44,3159.04,4.43666949,66.40283487640001
801050,2012-11-07,3288.34,3237.43,3326.83,3229.57,6.82322749,109.8454308881
801050,2012-11-08,3187.46,3244.38,3248.95,3187.46,5.33231033,77.2645940465
801050,2012-11-09,3174.41,3191.93,3218.12,3169.76,3.65767467,53.8011866699
801050,2012-11-12,3206.89,3177.01,3208.1,3175.2,3.38129825,50.363255921400004
801050,2012-11-13,3142.22,3206.65,3207.97,3139.09,4.1317405,62.9862974121
801050,2012-11-14,3190.03,3148.38,3193.3,3136.82,4.26317214,62.7465238963
801050,2012-11-15,3116.34,3165.36,3180.92,3116.34,3.83886041,57.5902328233
801050,2012-11-16,3082.46,3108.97,3109.27,3058.89,3.61494189,53.356153131400006
801050,2012-11-19,3110.51,3082.88,3112.93,3065.84,3.07713564,45.0170278496
801050,2012-11-20,3100.98,3135.28,3142.88,3100.58,2.92849439,47.482347365500004
801050,2012-11-21,3134.83,3093.41,3134.84,3059.59,3.42703185,50.3898108775
801050,2012-11-22,3093.92,3126.62,3126.91,3087.9,2.53407357,36.7127719522
801050,2012-11-23,3113.82,3107.83,3134.2,3097.72,2.95076122,44.614473750500004
801050,2012-11-26,3114.58,3120.26,3143.35,3110.05,3.15550638,45.316675276800005
801050,2012-11-27,3019.94,3103.76,3107.31,3019.69,3.94905299,52.995798200799996
801050,2012-11-28,2928.1,2998.12,2998.41,2921.81,3.51078952,48.1838962617
801050,2012-11-29,2878.4,2917.26,2948.33,2874.27,2.92638937,39.880611647399995
801050,2012-11-30,2919.96,2882.68,2922.67,2877.39,2.79487331,37.646991112399995
801050,2012-12-03,2845.6,2913.45,2927.78,2843.52,2.88901945,39.586527654099996
801050,2012-12-04,2873.59,2838.9,2879.06,2792.27,3.72016974,49.273749645900004
801050,2012-12-05,3000.71,2860.43,3027.07,2853.58,6.57026538,90.802318485
801050,2012-12-06,2965.05,2988.74,3004.64,2954.31,3.88388792,55.9925577885
801050,2012-12-07,3029.79,2965.13,3040.8,2955.71,5.90408605,77.4814134654
801050,2012-12-10,3082.35,3038.31,3089.36,3038.27,6.25920355,83.7995976462
801050,2012-12-11,3070.33,3080.53,3110.72,3051.49,5.5161358,72.8031064956
801050,2012-12-12,3101.88,3065.07,3102.1,3038.64,5.47755508,75.43255790090001
801050,2012-12-13,3027.39,3086.14,3086.48,3027.35,4.56957872,63.548070118599995
801050,2012-12-14,3157.37,3017.66,3167.81,3017.63,8.98405008,125.8061585942
801050,2012-12-17,3201.09,3160.09,3252.95,3154.93,9.64355977,138.89777258819998
801050,2012-12-18,3245.47,3201.85,3288.33,3178.73,9.16218395,146.7576423608
801050,2012-12-19,3223.74,3220.3,3254.41,3214.65,6.96210095,117.45001084459999
801050,2012-12-20,3302.86,3203.08,3302.86,3197.95,9.13975829,159.4452987139
801050,2012-12-21,3261.34,3289.03,3341.24,3249.76,8.72337583,145.6323272585
801050,2012-12-24,3262.53,3253.98,3281.55,3238.36,5.65811278,98.3600938396
801050,2012-12-25,3311.64,3244.54,3342.41,3208.57,9.78579142,151.6759626753
801050,2012-12-26,3352.42,3309.54,3378.73,3307.68,10.11207598,154.8299792187
801050,2012-12-27,3333.7,3361.17,3373.95,3314.76,8.88800638,141.5730610041
801050,2012-12-28,3366.12,3341.02,3376.82,3334.93,7.45375048,119.33336345549999
801050,2012-12-31,3408.18,3369.05,3427.17,3360.02,8.51231051,130.7297116526
801050,2013-01-04,3420.87,3451.16,3476.07,3403.69,10.89866432,168.5059756227
801050,2013-01-07,3386.55,3408.61,3408.84,3359.13,7.41943395,117.94536105120001
801050,2013-01-08,3408.97,3379.25,3408.97,3347.15,7.73059013,125.78918305290001
801050,2013-01-09,3386.61,3399.28,3410.96,3350.15,7.76346212,121.4255707033
801050,2013-01-10,3405.91,3385.1,3414.97,3375.49,8.58192643,123.9170711193
801050,2013-01-11,3322.14,3421.63,3430.71,3314.89,8.22359041,120.35920724370001
801050,2013-01-14,3416.81,3299.33,3424.31,3298.96,9.74674964,141.2803593703
801050,2013-01-15,3468.59,3414.79,3485.1,3408.31,12.42229992,188.081422828
801050,2013-01-16,3518.2,3470.12,3563.53,3460.31,14.73997963,217.4868154741
801050,2013-01-17,3434.08,3517.94,3518.08,3430.82,9.98386695,146.16031845700002
801050,2013-01-18,3471.73,3459.49,3489.39,3425.68,8.11427584,114.845053064
801050,2013-01-21,3457.93,3472.45,3477.51,3440.98,7.47278612,107.55721515319999
801050,2013-01-22,3408.7,3457.74,3465.26,3389.4,8.18971728,117.8632575355
801050,2013-01-23,3416.08,3406.77,3436.65,3377.94,6.00990775,87.6876982964
801050,2013-01-24,3341.91,3415.71,3450.56,3322.84,8.62316909,124.76976835139999
801050,2013-01-25,3353.62,3333.7,3380.47,3333.0,6.37424966,90.8832984669
801050,2013-01-28,3423.01,3356.27,3423.01,3356.13,7.308161,107.4447899842
801050,2013-01-29,3463.02,3430.43,3468.49,3409.17,9.18524467,133.23145983950002
801050,2013-01-30,3446.75,3458.53,3474.96,3422.91,8.53366186,129.3443108157
801050,2013-01-31,3516.22,3467.73,3545.6,3467.63,12.72760343,183.9816142089
801050,2013-02-01,3495.68,3494.58,3500.17,3458.61,9.47488623,142.8081949382
801050,2013-02-04,3544.62,3525.62,3567.69,3461.51,13.47157771,193.5053923696
801050,2013-02-05,3552.07,3510.15,3569.53,3506.56,9.77674714,132.78467183959998
801050,2013-02-06,3557.53,3561.93,3605.52,3554.22,8.64972774,135.9091805839
801050,2013-02-07,3553.91,3556.06,3568.4,3533.51,7.73115459,115.8495599924
801050,2013-02-08,3586.82,3549.3,3601.17,3549.13,6.72369077,103.90456697309999
801050,2013-02-18,3509.15,3565.98,3566.82,3500.72,8.78928867,128.62258669870002
801050,2013-02-19,3439.41,3500.4,3511.02,3425.75,7.87136374,116.89699967690001
801050,2013-02-20,3464.15,3435.59,3464.58,3435.33,5.90491463,85.36445277840001
801050,2013-02-21,3328.26,3418.51,3418.57,3302.64,9.73336317,139.9271152457
801050,2013-02-22,3359.05,3323.57,3389.93,3316.54,6.31474534,101.8745658135
801050,2013-02-25,3355.64,3356.66,3375.93,3341.31,4.93286852,71.3165594108
801050,2013-02-26,3298.58,3347.07,3350.54,3296.27,6.49265284,90.1667406642
801050,2013-02-27,3325.24,3325.93,3350.12,3305.83,4.70607169,63.6144127384
801050,2013-02-28,3396.92,3336.1,3403.08,3316.2,7.41421064,104.8507617256
801050,2013-03-01,3386.19,3391.96,3395.98,3353.47,6.84734468,96.5234239816
801050,2013-03-04,3262.27,3359.76,3359.76,3247.03,9.55636743,136.212376396
801050,2013-03-05,3317.31,3269.41,3317.43,3269.12,7.22600941,94.77945994059999
801050,2013-03-06,3341.87,3328.71,3349.5,3315.0,7.86450514,102.96862558950001
801050,2013-03-07,3343.36,3328.27,3381.9,3300.44,8.41990036,117.2006182684
801050,2013-03-08,3324.04,3344.28,3354.55,3323.28,6.0646603,86.05660075719999
801050,2013-03-11,3317.88,3318.79,3333.25,3298.39,6.26081999,83.7570047113
801050,2013-03-12,3272.99,3322.35,3362.1,3239.23,7.76259553,107.51268177600001
801050,2013-03-13,3288.49,3274.84,3322.02,3269.94,7.39275154,103.75271904290001
801050,2013-03-14,3251.1,3271.37,3291.98,3243.67,5.27063211,74.0179474994
801050,2013-03-15,3236.88,3256.44,3289.99,3221.4,7.36415364,86.57212357030001
801050,2013-03-18,3140.93,3217.3,3221.37,3138.93,5.94957706,82.78795256800001
801050,2013-03-19,3156.86,3139.52,3159.2,3113.13,5.068413,66.617889406
801050,2013-03-20,3231.53,3157.04,3232.2,3154.58,7.25966035,94.5722537172
801050,2013-03-21,3232.14,3236.64,3247.93,3215.86,6.38002234,82.9634637101
801050,2013-03-22,3241.19,3230.49,3249.7,3218.19,5.99040927,77.5399572747
801050,2013-03-25,3276.83,3248.38,3295.56,3238.49,6.13100798,98.1355386618
801050,2013-03-26,3210.32,3257.6,3257.69,3194.2,5.64391472,79.0306679166
801050,2013-03-27,3214.15,3207.59,3239.32,3203.81,4.79244256,68.3825904373
801050,2013-03-28,3130.91,3193.3,3193.48,3130.68,6.36280237,82.2003631668
801050,2013-03-29,3100.27,3130.85,3142.53,3096.38,3.84365541,50.5547010597
801050,2013-04-01,3071.54,3083.05,3089.63,3061.99,4.11799994,54.475093315200006
801050,2013-04-02,3067.58,3074.74,3107.38,3057.15,4.24614534,54.2700812825
801050,2013-04-03,3062.15,3065.01,3080.67,3045.32,4.11957675,49.799540954399994
801050,2013-04-08,3047.52,3023.72,3047.52,2991.13,4.55923801,55.908166482700004
801050,2013-04-09,3095.71,3054.73,3111.68,3054.44,4.91289674,69.8323350936
801050,2013-04-10,3114.18,3102.11,3135.01,3092.84,5.31361467,61.697149253999996
801050,2013-04-11,3068.12,3114.02,3116.88,3067.14,3.91456198,45.9312620918
801050,2013-04-12,3038.87,3063.33,3077.6,3036.05,3.04668516,38.359828274
801050,2013-04-15,2930.76,2985.79,2986.04,2921.55,5.91378355,63.2957501725
801050,2013-04-16,2919.86,2869.49,2926.79,2844.09,5.20704092,56.8483252717
801050,2013-04-17,2912.1,2917.01,2928.51,2890.4,3.59899211,41.290278214000004
801050,2013-04-18,2902.18,2883.92,2930.47,2868.53,3.64437196,44.4179523083
801050,2013-04-19,2982.56,2912.98,2993.06,2912.67,6.12213398,77.53162121310001
801050,2013-04-22,2981.43,2961.76,2981.93,2957.1,4.76911531,59.547420468599995
801050,2013-04-23,2899.22,2984.63,2984.68,2898.99,5.56798776,71.6287287264
801050,2013-04-24,2950.86,2902.4,2961.56,2902.28,4.63667447,60.020895334399995
801050,2013-04-25,2932.82,2951.45,2976.88,2932.4,5.19574151,65.9920695447
801050,2013-04-26,2915.32,2955.67,2977.78,2911.58,4.4370332,58.9971607671
801050,2013-05-02,2851.46,2887.24,2887.32,2838.11,4.07404474,52.909554963999994
801050,2013-05-03,2896.16,2864.03,2915.18,2863.56,4.59928078,58.64040245060001
801050,2013-05-06,2983.48,2935.63,2987.2,2935.46,6.57873796,90.7834867134
801050,2013-05-07,3021.6,2982.22,3062.83,2972.1,7.40887402,110.7184782578
801050,2013-05-08,3018.02,3025.61,3041.19,2998.69,5.72341075,77.7410634152
801050,2013-05-09,3024.07,3032.98,3048.47,2999.51,6.86247163,92.96469790540002
801050,2013-05-10,3026.3,3012.99,3038.64,3001.16,5.94300747,79.6638212716
801050,2013-05-13,3021.02,3026.42,3032.37,3002.26,5.37448467,72.53263108109999
801050,2013-05-14,2982.49,3018.75,3018.91,2960.54,6.02252235,73.8330396375
801050,2013-05-15,2984.92,2978.62,2988.59,2969.1,5.19404099,65.7528503465
801050,2013-05-16,3002.47,2974.52,3006.81,2951.63,6.80708673,84.9795419673
801050,2013-05-17,3048.5,3000.72,3052.14,2994.25,7.68350676,98.4279685808
801050,2013-05-20,3090.58,3051.55,3100.62,3043.1,9.09480275,122.1356119057
801050,2013-05-21,3104.37,3097.94,3109.88,3074.75,8.47499305,110.97755177629999
801050,2013-05-22,3105.34,3100.2,3134.16,3087.23,8.73772232,116.0802831977
801050,2013-05-23,3047.73,3084.43,3087.98,3041.18,7.13200378,93.24504195450001
801050,2013-05-24,3083.71,3050.79,3092.12,3043.95,6.43034674,87.33237643049999
801050,2013-05-27,3071.64,3080.84,3094.75,3065.09,6.49952154,89.2178039832
801050,2013-05-28,3123.61,3072.19,3123.91,3050.66,8.95489901,110.9587024777
801050,2013-05-29,3120.57,3125.31,3139.01,3115.14,7.40789682,98.73296969329999
801050,2013-05-30,3104.05,3110.82,3117.49,3094.11,7.27149184,98.3689528126
801050,2013-05-31,3075.49,3116.13,3125.26,3074.68,6.55082972,84.6579632956
801050,2013-06-03,3051.08,3065.84,3078.77,3043.69,5.67556524,71.1745158175
801050,2013-06-04,3008.83,3052.79,3053.09,2997.96,5.43706107,68.5183614135
801050,2013-06-05,3020.02,3009.69,3027.41,3005.05,4.32291093,53.8493411867
801050,2013-06-06,2980.8,3011.8,3018.36,2978.3,4.45873423,56.295408584200004
801050,2013-06-07,2921.05,2985.62,2997.27,2912.8,5.48548901,66.3058525552
801050,2013-06-13,2799.02,2889.26,2889.39,2783.81,5.34187687,58.9393310484
801050,2013-06-14,2812.97,2802.61,2817.01,2787.59,4.41490802,51.068845406
801050,2013-06-17,2796.22,2819.38,2823.34,2787.58,4.37178476,50.5726603258
801050,2013-06-18,2792.02,2800.24,2808.04,2774.59,3.61819809,40.7244813242
801050,2013-06-19,2797.18,2784.51,2797.18,2762.24,4.93359515,62.439303003599996
801050,2013-06-20,2685.54,2768.71,2769.1,2685.52,4.71750803,54.6837840642
801050,2013-06-21,2661.86,2631.94,2685.85,2602.04,4.67661339,48.790896240500004
801050,2013-06-24,2461.64,2652.84,2652.88,2457.61,5.93685361,61.0275458129
801050,2013-06-25,2419.35,2440.3,2454.27,2262.64,7.33348304,70.4999376108
801050,2013-06-26,2433.21,2418.34,2442.2,2384.93,5.9889288,57.9400773011
801050,2013-06-27,2388.54,2427.53,2454.66,2387.33,5.82842795,57.564132352399994
801050,2013-06-28,2391.96,2361.96,2432.18,2336.86,5.02376172,47.5818240104
801050,2013-07-01,2413.83,2376.53,2414.56,2358.17,4.79840582,48.908363176499996
801050,2013-07-02,2407.42,2404.85,2415.26,2383.57,4.75011886,50.9531723977
801050,2013-07-03,2373.09,2384.85,2385.27,2330.82,6.06171109,70.6614294492
801050,2013-07-04,2457.85,2352.81,2486.09,2336.61,9.36543065,110.8915700879
801050,2013-07-05,2487.82,2448.05,2540.6,2430.64,10.05403796,116.2201141448
801050,2013-07-08,2354.93,2430.22,2431.15,2354.93,7.04985959,81.9959293593
801050,2013-07-09,2370.31,2351.3,2397.34,2351.2,4.48151211,49.8280796076
801050,2013-07-10,2498.95,2368.54,2498.95,2363.67,8.55207601,99.9802928167
801050,2013-07-11,2620.25,2546.68,2650.44,2545.78,14.66315434,181.66696977549998
801050,2013-07-12,2554.35,2607.21,2611.99,2551.78,10.66735432,139.69146866100002
801050,2013-07-15,2576.36,2552.6,2602.1,2546.78,7.62945204,98.0236006201
801050,2013-07-16,2585.37,2574.54,2588.84,2553.65,6.95333887,88.606000441
801050,2013-07-17,2534.34,2589.38,2599.32,2530.73,7.15571621,87.9316303379
801050,2013-07-18,2487.13,2521.72,2530.1,2486.66,6.48253681,73.119669783
801050,2013-07-19,2393.28,2486.88,2506.94,2393.28,6.95988216,80.3158762304
801050,2013-07-22,2454.96,2385.93,2454.96,2377.51,5.85031801,68.1526246375
801050,2013-07-23,2550.26,2471.59,2570.72,2471.24,9.39338508,112.4376676403
801050,2013-07-24,2538.03,2542.14,2556.05,2489.76,7.88166169,99.6083659993
801050,2013-07-25,2497.07,2531.23,2545.1,2494.89,6.43778604,83.4988225271
801050,2013-07-26,2487.58,2486.91,2504.59,2457.55,4.9157053,62.146934854399994
801050,2013-07-29,2439.76,2464.37,2465.67,2431.98,4.9497387,57.482221755699996
801050,2013-07-30,2482.53,2452.96,2512.72,2452.95,5.86627693,75.2611344315
801050,2013-07-31,2468.39,2487.89,2511.66,2460.85,4.92183219,60.2360895083
801050,2013-08-01,2520.85,2478.41,2520.85,2474.56,6.51991425,76.00211254109999
801050,2013-08-02,2517.61,2531.95,2547.87,2513.53,6.72259352,75.3371405955
801050,2013-08-05,2549.88,2518.17,2549.99,2516.78,6.04367639,71.4445699583
801050,2013-08-06,2580.66,2542.42,2591.94,2520.25,7.83886823,96.3974731908
801050,2013-08-07,2560.74,2564.03,2602.39,2552.85,7.55430123,91.410362045
801050,2013-08-08,2580.82,2585.02,2605.48,2572.32,7.40234041,93.8142295436
801050,2013-08-09,2690.89,2601.95,2701.77,2597.27,15.2794087,198.316630787
801050,2013-08-12,2794.68,2701.23,2819.91,2682.29,17.49293956,228.72511256220002
801050,2013-08-13,2783.44,2782.19,2799.89,2758.85,10.54568229,132.7275194526
801050,2013-08-14,2746.09,2776.84,2800.64,2729.13,9.69503523,120.8350375422
801050,2013-08-15,2732.89,2748.73,2776.42,2729.31,8.70685996,111.9572086895
801050,2013-08-16,2682.03,2736.82,2799.15,2681.87,11.62894706,137.66779919
801050,2013-08-19,2744.63,2672.17,2755.38,2664.54,8.36578271,110.8430129699
801050,2013-08-20,2693.12,2726.75,2748.07,2682.53,7.6574768,95.4831413909
801050,2013-08-21,2716.52,2699.64,2724.92,2684.51,6.30656991,79.6191383309
801050,2013-08-22,2680.84,2702.74,2716.04,2677.4,6.19514763,78.0359962883
801050,2013-08-23,2666.41,2691.37,2710.86,2610.63,7.23631313,89.8935038958
801050,2013-08-26,2719.06,2683.93,2722.01,2680.06,6.85831517,80.73638774220001
801050,2013-08-27,2755.39,2717.98,2769.84,2714.62,7.65696985,105.0720845261
801050,2013-08-28,2828.59,2751.58,2843.06,2745.69,16.34688559,182.933580467
801050,2013-08-29,2768.61,2828.77,2829.58,2758.67,10.95481667,124.5053440008
801050,2013-08-30,2704.78,2769.54,2769.62,2688.68,9.1165805,113.50837350959999
801050,2013-09-02,2735.25,2703.8,2749.78,2687.6,6.88316424,84.8726804477
801050,2013-09-03,2739.41,2729.58,2739.94,2711.26,6.36627394,73.56250036590001
801050,2013-09-04,2756.75,2747.24,2776.58,2725.7,7.86294759,100.3499630524
801050,2013-09-05,2707.29,2736.55,2736.55,2706.26,7.02698142,82.95872015810001
801050,2013-09-06,2720.23,2695.22,2724.8,2695.22,5.88814104,68.2199685795
801050,2013-09-09,2775.77,2727.2,2784.18,2726.06,9.20184785,104.85724292389999
801050,2013-09-10,2806.56,2780.37,2807.04,2770.0,10.21221119,112.3610916973
801050,2013-09-11,2833.96,2809.16,2882.91,2805.26,14.3694605,166.57785749549998
801050,2013-09-12,2792.42,2824.06,2824.36,2790.42,8.44072051,93.68558231450001
801050,2013-09-13,2783.81,2783.53,2790.39,2778.27,7.07401406,87.1022317488
801050,2013-09-16,2758.98,2785.08,2794.8,2758.09,6.07937238,73.7762894445
801050,2013-09-17,2691.58,2756.91,2757.0,2690.43,6.26162778,76.3115155254
801050,2013-09-18,2699.56,2689.91,2701.05,2671.02,4.04690311,47.9008903001
801050,2013-09-23,2740.19,2712.58,2740.63,2712.42,5.08354489,60.044231849300004
801050,2013-09-24,2699.85,2739.84,2741.39,2695.09,5.97004616,71.58663957899999
801050,2013-09-25,2690.34,2696.81,2718.38,2682.76,7.62107214,77.33342608939999
801050,2013-09-26,2651.77,2689.27,2704.87,2649.77,6.26299627,74.25557117310001
801050,2013-09-27,2663.35,2644.92,2685.24,2642.89,5.63881283,56.0080939712
801050,2013-09-30,2681.09,2673.26,2685.26,2662.12,4.50885138,47.248838406800004
801050,2013-10-08,2689.78,2668.33,2694.41,2651.34,5.2136101,56.2727498176
801050,2013-10-09,2698.72,2682.49,2699.47,2673.64,5.52566671,63.304322608
801050,2013-10-10,2683.88,2694.72,2703.04,2659.42,7.63799205,81.56963667630001
801050,2013-10-11,2706.26,2687.36,2717.17,2686.2,7.68927808,75.443409785
801050,2013-10-14,2685.05,2697.87,2697.87,2672.67,7.83546253,84.6983382871
801050,2013-10-15,2701.65,2689.63,2716.47,2684.1,7.30581571,80.4364525299
801050,2013-10-16,2643.94,2689.01,2689.01,2629.83,9.37140822,96.6336425962
801050,2013-10-17,2635.85,2648.24,2667.58,2630.02,6.59652653,69.2726464743
801050,2013-10-18,2641.45,2652.3,2660.32,2636.17,4.91714939,48.92797597770001
801050,2013-10-21,2661.85,2638.55,2661.85,2606.98,7.02206439,74.1305366488
801050,2013-10-22,2654.43,2657.95,2661.59,2641.13,6.45804116,66.2665981019
801050,2013-10-23,2657.21,2670.39,2700.5,2652.28,7.9826165,91.8810350935
801050,2013-10-24,2618.36,2653.86,2657.14,2615.54,5.03733858,55.1453418857
801050,2013-10-25,2562.6,2617.39,2626.08,2552.89,5.43454743,58.1561999759
801050,2013-10-28,2538.26,2563.08,2573.89,2531.68,3.92483075,40.631534660599996
801050,2013-10-29,2489.12,2540.52,2564.07,2442.48,5.9519165,60.15645227
801050,2013-10-30,2515.07,2487.28,2515.42,2478.78,4.65062949,46.5802451141
801050,2013-10-31,2500.67,2507.43,2513.01,2489.95,4.00375685,39.3913394829
801050,2013-11-01,2531.32,2502.71,2539.0,2501.34,4.12361535,47.8045626931
801050,2013-11-04,2532.16,2551.91,2568.66,2528.57,3.80385725,47.479560365
801050,2013-11-05,2557.17,2524.94,2557.17,2516.11,4.08280763,48.746148174
801050,2013-11-06,2545.36,2550.51,2574.36,2542.78,4.68449521,55.28271560899999
801050,2013-11-07,2522.58,2549.3,2554.44,2518.96,3.99759545,46.5827952877
801050,2013-11-08,2471.47,2508.65,2516.77,2470.84,3.76634506,42.740760307399995
801050,2013-11-11,2453.38,2464.1,2472.83,2436.36,3.34537535,37.253438787600004
801050,2013-11-12,2472.48,2458.26,2472.53,2449.16,2.95136223,30.567887722800002
801050,2013-11-13,2428.72,2459.96,2464.32,2428.27,3.65791338,38.5928338093
801050,2013-11-14,2452.06,2433.0,2452.73,2427.53,3.53374402,38.6047845588
801050,2013-11-15,2494.35,2456.2,2511.8,2455.79,5.64557272,59.1127154123
801050,2013-11-18,2542.66,2494.98,2542.66,2494.98,6.15604854,66.7851681704
801050,2013-11-19,2534.04,2540.05,2540.7,2522.27,5.30436181,58.0621197214
801050,2013-11-20,2546.7,2544.4,2547.75,2533.6,4.56579391,47.5294300838
801050,2013-11-21,2519.74,2533.14,2533.92,2505.91,4.84754273,51.2644320596
801050,2013-11-22,2519.52,2522.09,2526.01,2510.15,4.8999395,48.005163080200006
801050,2013-11-25,2496.96,2507.82,2523.58,2494.37,4.04969456,40.963888863
801050,2013-11-26,2499.67,2495.93,2508.47,2489.3,3.64493459,36.495616133
801050,2013-11-27,2519.95,2498.62,2521.88,2491.8,4.48814933,46.428320361000004
801050,2013-11-28,2610.44,2523.05,2631.06,2521.37,10.80837984,129.7102124106
801050,2013-11-29,2588.73,2599.51,2599.62,2582.44,6.91208551,83.16569571069999
801050,2013-12-02,2527.96,2547.58,2587.45,2520.05,9.30118691,107.3802852644
801050,2013-12-03,2570.66,2513.3,2570.77,2510.41,6.48778518,72.7521498548
801050,2013-12-04,2590.12,2565.1,2604.88,2556.75,7.81035557,84.8240195124
801050,2013-12-05,2581.21,2595.06,2604.25,2578.55,6.63347582,69.5728444391
801050,2013-12-06,2575.97,2572.62,2585.25,2567.01,4.76870078,48.7104731766
801050,2013-12-09,2574.48,2577.61,2590.16,2570.01,4.66341175,50.207963141099995
801050,2013-12-10,2575.59,2577.15,2581.83,2562.53,5.32257803,59.2331722359
801050,2013-12-11,2541.58,2569.75,2570.74,2532.44,5.34932175,59.796883335299995
801050,2013-12-12,2524.92,2535.59,2546.25,2523.91,3.94763851,44.4198464408
801050,2013-12-13,2521.14,2507.32,2532.73,2503.69,4.03770228,40.9143114034
801050,2013-12-16,2470.84,2518.4,2523.82,2470.84,4.67879005,51.0131227505
801050,2013-12-17,2459.39,2475.59,2482.92,2457.2,3.66387966,40.4293796633
801050,2013-12-18,2466.08,2462.67,2474.96,2458.44,3.68292489,39.232480565500005
801050,2013-12-19,2451.78,2470.84,2486.05,2450.77,3.98648493,43.90719629189999
801050,2013-12-20,2372.47,2446.57,2447.0,2369.11,4.91659676,54.097361583
801050,2013-12-23,2360.14,2374.8,2382.25,2342.47,3.05449383,31.541469335
801050,2013-12-24,2365.12,2362.07,2384.95,2347.27,3.11650147,31.122622467600003
801050,2013-12-25,2385.39,2368.34,2385.66,2360.28,3.29909991,32.8348797552
801050,2013-12-26,2356.14,2382.91,2383.04,2327.57,5.3521896,49.74421628819999
801050,2013-12-27,2378.93,2349.54,2387.81,2345.44,4.11570674,39.2073552787
801050,2013-12-30,2377.51,2392.97,2393.8,2376.3,3.9263137,36.929379023
801050,2013-12-31,2398.12,2367.94,2412.71,2362.48,4.40423002,45.9495045367
801050,2014-01-02,2395.99,2393.5,2402.87,2381.85,4.9752028,48.729362288000004
801050,2014-01-03,2396.36,2412.74,2414.91,2390.01,5.43420236,55.7837229793
801050,2014-01-06,2344.21,2393.63,2394.27,2342.99,6.03350796,59.236131897
801050,2014-01-07,2345.52,2335.38,2357.85,2328.98,4.37690672,44.630809327399994
801050,2014-01-08,2322.49,2342.94,2356.24,2320.14,4.19924612,42.578573498400004
801050,2014-01-09,2277.43,2317.45,2323.5,2277.43,4.49577985,44.2706902405
801050,2014-01-10,2266.21,2273.33,2287.53,2261.07,4.59065853,41.7442103199
801050,2014-01-13,2294.37,2274.57,2330.77,2274.37,6.15306122,52.287839725299996
801050,2014-01-14,2300.79,2294.19,2321.06,2255.03,4.8492463,44.180209415
801050,2014-01-15,2283.71,2296.24,2297.43,2272.72,4.29175019,39.8773198183
801050,2014-01-16,2321.41,2284.16,2339.24,2275.81,6.29148149,63.1287992849
801050,2014-01-17,2273.24,2306.47,2307.12,2273.13,4.53595339,43.71896309899999
801050,2014-01-20,2252.08,2270.75,2272.21,2244.37,3.7335439,36.129510720300004
801050,2014-01-21,2270.94,2251.03,2278.55,2250.95,3.40693842,32.8444237008
801050,2014-01-22,2318.83,2272.48,2318.83,2271.26,5.13161168,50.40146347100001
801050,2014-01-23,2303.25,2314.36,2317.18,2301.65,4.34857716,43.637117250900005
801050,2014-01-24,2345.71,2305.31,2363.1,2305.31,6.9316456,68.301276653
801050,2014-01-27,2337.25,2335.89,2349.41,2324.39,6.26785586,62.2945701786
801050,2014-01-28,2334.91,2338.19,2347.85,2326.75,4.7588567,45.8577853735
801050,2014-01-29,2336.19,2335.76,2343.79,2332.76,4.17742792,43.012702510100006
801050,2014-01-30,2310.56,2336.74,2337.64,2308.56,3.51438571,35.198178551
801050,2014-02-07,2326.28,2296.78,2326.28,2289.52,4.05569785,40.008550778
801050,2014-02-10,2420.13,2334.77,2425.22,2334.36,8.98963076,98.7951925982
801050,2014-02-11,2449.11,2430.28,2453.75,2405.54,11.43161945,125.3518797711
801050,2014-02-12,2455.7,2450.16,2460.09,2434.83,8.50059468,92.82489950969999
801050,2014-02-13,2457.39,2454.31,2505.82,2450.75,11.86306527,112.83321947729999
801050,2014-02-14,2483.43,2462.97,2483.65,2455.08,8.34861305,95.5717363042
801050,2014-02-17,2515.13,2511.0,2515.44,2493.78,9.8000662,111.9313450183
801050,2014-02-18,2480.83,2515.36,2515.43,2471.64,9.40433355,109.75493285799999
801050,2014-02-19,2489.43,2480.93,2499.18,2467.52,7.59444444,86.3658645285
801050,2014-02-20,2470.25,2485.07,2505.44,2468.87,9.54693044,102.9180994668
801050,2014-02-21,2458.84,2464.8,2491.55,2441.81,7.14861631,76.2655357978
801050,2014-02-24,2417.94,2446.57,2446.58,2395.24,6.6179638,71.3315366849
801050,2014-02-25,2344.66,2421.96,2436.91,2332.51,8.11858346,89.86185936049999
801050,2014-02-26,2423.42,2345.4,2423.44,2336.46,9.58681242,99.7481472824
801050,2014-02-27,2378.26,2414.14,2436.3,2378.1,8.78011715,99.41040893389999
801050,2014-02-28,2416.53,2369.25,2418.66,2366.83,7.89718517,87.2548168161
801050,2014-03-03,2450.12,2422.82,2450.12,2414.92,8.40698303,92.7413819261
801050,2014-03-04,2461.33,2444.73,2477.76,2433.77,10.64740732,116.1948698235
801050,2014-03-05,2433.94,2456.68,2456.68,2430.26,8.40217932,90.3134417763
801050,2014-03-06,2420.91,2425.7,2432.09,2396.78,6.03028883,69.8185513711
801050,2014-03-07,2430.5,2432.33,2466.08,2421.82,7.28646231,87.0591160617
801050,2014-03-10,2326.22,2395.33,2395.33,2318.7,7.25003484,76.0693393922
801050,2014-03-11,2331.05,2320.53,2335.92,2307.38,4.72267643,49.307497401400006
801050,2014-03-12,2356.08,2325.4,2356.08,2319.1,6.11745799,61.680377718500004
801050,2014-03-13,2360.8,2359.91,2372.92,2352.51,5.19774307,51.4539585282
801050,2014-03-14,2349.0,2353.67,2363.21,2334.99,5.00161598,51.2382349958
801050,2014-03-17,2382.0,2357.07,2382.0,2346.33,5.39220041,56.3906320043
801050,2014-03-18,2377.09,2374.48,2386.66,2363.6,6.30251975,66.51712854
801050,2014-03-19,2359.41,2365.08,2365.35,2345.78,5.88369063,59.5575790063
801050,2014-03-20,2305.03,2347.07,2361.3,2304.8,6.02409401,60.233999705100004
801050,2014-03-21,2358.63,2295.05,2362.7,2282.38,6.85179005,67.5881937346
801050,2014-03-24,2375.73,2355.81,2380.21,2352.29,7.10465167,68.602753576
801050,2014-03-25,2378.71,2360.59,2393.96,2355.14,7.19087797,63.2254981178
801050,2014-03-26,2392.81,2377.68,2402.53,2362.18,5.87955844,63.0329654679
801050,2014-03-27,2349.83,2381.07,2383.37,2349.81,5.71525075,58.5666577176
801050,2014-03-28,2331.05,2347.18,2366.63,2326.77,7.02614955,61.577485718599995
801050,2014-03-31,2319.8,2328.61,2342.99,2306.69,4.72664406,41.9122150402
801050,2014-04-01,2338.39,2315.48,2339.82,2314.21,3.82324607,35.5960495322
801050,2014-04-02,2348.01,2345.78,2359.55,2339.69,4.88398511,46.652267261000006
801050,2014-04-03,2350.61,2352.3,2360.99,2338.55,6.2109326,53.595669719499995
801050,2014-04-04,2388.33,2341.4,2392.14,2337.94,6.5742238,71.5311086514
801050,2014-04-08,2421.57,2378.85,2426.18,2376.18,7.87558844,82.4202206067
801050,2014-04-09,2429.39,2424.39,2436.97,2418.47,6.70421002,68.5103045808
801050,2014-04-10,2435.49,2431.43,2444.56,2419.34,8.60879414,85.52898976979999
801050,2014-04-11,2422.49,2428.76,2436.63,2417.64,6.78873758,65.8740661948
801050,2014-04-14,2445.2,2417.91,2447.82,2417.89,6.36953714,67.0060847588
801050,2014-04-15,2415.18,2437.45,2437.52,2412.93,5.91383127,58.1538548042
801050,2014-04-16,2398.93,2402.82,2414.89,2392.7,5.50415092,58.0001708688
801050,2014-04-17,2396.8,2401.49,2406.78,2395.96,4.61694825,46.19914504
801050,2014-04-18,2404.13,2393.63,2407.26,2385.93,4.52412762,45.698073585299994
801050,2014-04-21,2365.17,2393.14,2405.89,2364.02,5.47933394,55.76134845399999
801050,2014-04-22,2354.01,2362.68,2370.45,2323.98,6.04222611,62.53597396600001
801050,2014-04-23,2357.38,2352.16,2370.4,2348.79,4.4095456,45.1449316343
801050,2014-04-24,2342.06,2357.63,2363.77,2340.82,4.24031248,43.135489540200005
801050,2014-04-25,2309.63,2344.66,2346.95,2309.51,4.68937688,44.9810871966
801050,2014-04-28,2267.21,2313.2,2316.36,2265.05,4.89841862,46.448615609399994
801050,2014-04-29,2292.9,2263.0,2293.6,2259.81,3.99355296,39.3894021522
801050,2014-04-30,2291.23,2287.55,2293.8,2280.44,3.22419509,30.809981532800002
801050,2014-05-05,2307.04,2287.52,2307.04,2277.78,3.83334499,35.3646222221
801050,2014-05-06,2315.01,2306.99,2327.1,2303.77,4.06986316,40.1728171886
801050,2014-05-07,2294.36,2305.23,2311.44,2293.61,4.35306494,44.2640878547
801050,2014-05-08,2298.11,2287.1,2317.27,2283.89,4.69917058,48.067594194099996
801050,2014-05-09,2335.71,2303.47,2353.67,2302.94,7.52398425,75.8973109996
801050,2014-05-12,2452.28,2349.84,2455.6,2344.55,14.01011073,141.1931082458
801050,2014-05-13,2412.31,2460.24,2465.32,2403.53,12.20539626,129.9528355508
801050,2014-05-14,2394.07,2403.83,2405.85,2389.49,7.45240539,77.94066531770001
801050,2014-05-15,2344.23,2379.0,2382.54,2343.19,7.07209479,72.3955776553
801050,2014-05-16,2349.75,2340.26,2353.11,2328.93,5.23127296,54.190959158000005
801050,2014-05-19,2347.1,2343.9,2352.54,2325.88,5.24413722,54.364231725699995
801050,2014-05-20,2331.29,2360.63,2366.49,2328.36,4.98465961,53.169945685600005
801050,2014-05-21,2348.98,2321.52,2349.81,2309.02,4.75244239,47.8378467351
801050,2014-05-22,2331.81,2345.79,2362.33,2331.81,5.13850242,51.4504968121
801050,2014-05-23,2342.68,2330.48,2342.99,2327.61,3.91496195,39.276463372600006
801050,2014-05-26,2359.52,2355.48,2361.12,2351.38,5.12732212,53.5936492231
801050,2014-05-27,2348.78,2357.55,2361.15,2347.14,4.35523902,44.097341872799994
801050,2014-05-28,2364.18,2348.79,2365.0,2339.19,5.80794093,58.7536755471
801050,2014-05-29,2340.14,2362.43,2364.37,2340.07,5.54149567,57.2751853297
801050,2014-05-30,2359.7,2337.7,2372.45,2337.57,6.18885344,64.260522307
801050,2014-06-03,2359.45,2358.44,2379.63,2357.9,6.66190606,72.0590768154
801050,2014-06-04,2320.98,2352.72,2353.04,2310.38,5.64563069,59.880627903100006
801050,2014-06-05,2342.77,2319.39,2344.01,2318.96,4.54865367,51.04334549439999
801050,2014-06-06,2332.15,2345.3,2345.6,2321.8,4.43256702,47.3525843363
801050,2014-06-09,2331.16,2331.31,2352.3,2327.23,4.59132196,51.473037049700004
801050,2014-06-10,2347.17,2331.73,2347.26,2320.95,5.05113426,48.9613516459
801050,2014-06-11,2367.91,2345.01,2370.27,2341.26,7.66369864,73.0090460953
801050,2014-06-12,2366.76,2359.52,2384.96,2352.74,7.81794263,75.5562395195
801050,2014-06-13,2390.44,2365.1,2399.65,2365.1,9.73984851,98.1280271925
801050,2014-06-16,2395.34,2394.85,2399.81,2385.11,7.72276392,77.2330329553
801050,2014-06-17,2381.96,2396.17,2401.48,2379.85,8.09824976,83.27342885680001
801050,2014-06-18,2413.03,2383.86,2425.15,2375.77,10.47785082,106.6484728804
801050,2014-06-19,2357.79,2406.21,2406.21,2347.98,11.43766743,114.658762007
801050,2014-06-20,2382.71,2365.29,2388.23,2362.16,8.56211676,81.8463272001
801050,2014-06-23,2430.21,2383.08,2441.03,2383.0,11.50939399,111.2421105235
801050,2014-06-24,2461.14,2425.13,2469.13,2418.86,12.94008269,140.88322600610002
801050,2014-06-25,2426.24,2447.0,2447.04,2420.07,9.24428122,101.20971230149999
801050,2014-06-26,2442.41,2424.72,2447.8,2424.69,9.82359875,104.3751026132
801050,2014-06-27,2445.69,2437.48,2463.01,2427.98,10.68108371,108.74418083459999
801050,2014-06-30,2468.29,2447.34,2468.29,2443.8,9.79429295,93.2405838651
801050,2014-07-01,2499.12,2479.55,2532.18,2473.63,14.5947066,151.9011198703
801050,2014-07-02,2493.46,2486.21,2493.82,2467.8,12.68418279,129.599496809
801050,2014-07-03,2533.3,2518.59,2541.57,2504.21,17.27820869,173.57945262049998
801050,2014-07-04,2514.89,2527.98,2531.59,2512.6,12.17498986,124.6950866041
801050,2014-07-07,2497.08,2504.79,2509.75,2489.22,9.77205039,97.96109658799999
801050,2014-07-08,2525.64,2498.0,2529.47,2480.05,11.66541312,117.28766459629999
801050,2014-07-09,2500.54,2518.76,2550.22,2499.35,14.04346789,151.8138084386
801050,2014-07-10,2520.9,2498.05,2539.93,2492.5,12.19905677,137.17087480540002
801050,2014-07-11,2542.89,2520.89,2556.54,2517.08,13.92045196,146.83126431780002
801050,2014-07-14,2596.36,2550.33,2596.68,2547.05,15.24561357,170.4119207766
801050,2014-07-15,2586.11,2587.5,2599.01,2568.54,13.10722053,146.2753529759
801050,2014-07-16,2568.37,2579.81,2597.42,2560.64,13.5415624,133.5985500325
801050,2014-07-17,2570.98,2564.42,2585.74,2550.49,13.13703226,130.1943049365
801050,2014-07-18,2571.21,2568.18,2597.82,2564.2,12.14394486,114.6506701004
801050,2014-07-21,2550.95,2566.36,2567.5,2547.18,10.61339252,103.3330508004
801050,2014-07-22,2631.29,2556.09,2644.45,2556.01,18.34131404,183.9041697597
801050,2014-07-23,2637.02,2634.91,2647.93,2618.27,18.41449996,182.5366087925
801050,2014-07-24,2648.84,2626.42,2656.73,2601.85,18.37635115,188.8020978179
801050,2014-07-25,2724.36,2653.47,2748.64,2653.29,23.23520044,246.8352248093
801050,2014-07-28,2797.3,2734.78,2820.38,2734.78,27.35301641,292.7437388043
801050,2014-07-29,2817.06,2802.39,2837.63,2778.85,24.62369245,268.4049935071
801050,2014-07-30,2795.7,2787.97,2812.52,2779.07,20.05928617,210.2190815585
801050,2014-07-31,2863.36,2800.28,2863.45,2800.28,24.59509597,246.55677652990002
801050,2014-08-01,2797.21,2841.83,2851.59,2791.34,21.94671632,218.37101888380002
801050,2014-08-04,2876.9,2799.49,2876.9,2794.31,21.22161366,231.34056005189998
801050,2014-08-05,2887.52,2900.98,2916.04,2855.34,20.40590674,240.2112816915
801050,2014-08-06,2946.37,2875.2,2959.45,2862.5,26.88138024,278.5423028641
801050,2014-08-07,2906.45,2949.58,2953.83,2905.35,27.09236667,269.2434940955
801050,2014-08-08,2927.65,2906.58,2942.85,2900.86,22.74477201,226.4381304717
801050,2014-08-11,2968.97,2931.33,2968.97,2923.62,20.87848432,229.3484354352
801050,2014-08-12,2977.01,2962.49,2977.89,2953.72,21.39016093,235.9412193191
801050,2014-08-13,2978.44,2973.1,2985.3,2927.25,20.643675,238.2955075334
801050,2014-08-14,2913.28,2966.88,2969.16,2911.66,19.15771634,217.7004505824
801050,2014-08-15,2923.24,2906.54,2936.84,2899.49,15.69039236,175.7971175054
801050,2014-08-18,2965.2,2930.8,2965.2,2930.74,16.66732949,188.68969040259998
801050,2014-08-19,2963.46,2967.3,2968.1,2935.85,17.99917781,200.7868906487
801050,2014-08-20,2956.53,2967.12,2972.86,2947.7,14.50997052,167.15610339379998
801050,2014-08-21,2963.67,2966.46,2990.55,2939.35,16.47529056,178.6852998408
801050,2014-08-22,2959.76,2955.84,2965.82,2934.28,14.68308613,158.1539139978
801050,2014-08-25,2934.05,2967.72,2967.72,2920.9,14.40772874,163.5723990871
801050,2014-08-26,2895.46,2926.16,2946.72,2884.43,15.86176851,175.5519359457
801050,2014-08-27,2889.58,2891.17,2911.14,2878.27,13.04179205,138.2145645011
801050,2014-08-28,2860.12,2890.99,2899.49,2854.67,13.64699133,145.0405095488
801050,2014-08-29,2876.76,2854.87,2876.76,2838.12,11.67287259,121.97586093780001
801050,2014-09-01,2923.1,2878.77,2923.1,2875.93,12.63750151,135.85819566
801050,2014-09-02,2968.22,2928.08,2968.22,2917.97,17.38944472,183.8873299068
801050,2014-09-03,2992.71,2971.81,3003.18,2971.8,19.41259157,210.6138080016
801050,2014-09-04,2999.48,2991.96,2999.48,2968.71,16.28812182,180.5292411548
801050,2014-09-05,3033.83,3009.25,3038.15,2992.8,20.05412326,226.90792931919998
801050,2014-09-09,3040.38,3035.05,3049.16,3015.39,18.62161977,212.0951185527
801050,2014-09-10,3031.94,3013.99,3039.05,3003.74,16.50113548,195.49079889540002
801050,2014-09-11,3014.57,3029.0,3054.61,2999.02,17.58422031,199.30442331330002
801050,2014-09-12,3042.34,3006.71,3042.34,2999.03,14.59030059,160.6951114785
801050,2014-09-15,3065.15,3037.68,3068.72,3022.86,16.82624704,190.3880454227
801050,2014-09-16,2974.97,3063.83,3074.45,2971.34,25.52946073,245.1335345618
801050,2014-09-17,3001.91,2979.03,3010.77,2962.63,17.96126284,167.8025849835
801050,2014-09-18,3002.43,2993.83,3003.28,2975.5,13.51354314,132.9530685656
801050,2014-09-19,3014.9,3003.67,3022.65,2996.07,12.40068968,131.167133101
801050,2014-09-22,2951.81,3010.29,3010.29,2946.02,13.12688074,143.65468917290002
801050,2014-09-23,2976.15,2949.81,2976.37,2949.81,10.09008879,114.08455716200001
801050,2014-09-24,3034.99,2969.29,3036.54,2961.75,14.59257884,160.38513176360001
801050,2014-09-25,3041.17,3041.84,3069.21,3028.06,15.761034,179.55077499060002
801050,2014-09-26,3046.38,3036.91,3051.76,3031.06,12.41150902,132.5509773106
801050,2014-09-29,3049.18,3049.82,3059.2,3038.56,14.01734774,149.3418542276
801050,2014-09-30,3069.76,3053.87,3075.15,3053.87,15.20054908,158.9308109182
801050,2014-10-08,3085.17,3072.61,3085.17,3049.43,13.76985188,143.3194428738
801050,2014-10-09,3122.35,3086.08,3122.35,3075.03,23.11246808,230.8708890949
801050,2014-10-10,3087.6,3113.69,3113.73,3075.05,19.85330206,192.6210714639
801050,2014-10-13,3104.68,3082.11,3104.68,3061.95,18.35719331,182.78284126490001
801050,2014-10-14,3097.52,3096.78,3114.59,3078.89,15.82690484,170.7042897018
801050,2014-10-15,3085.34,3091.46,3098.55,3052.66,14.5283021,142.9977122931
801050,2014-10-16,3032.17,3067.43,3094.64,3032.03,19.21571961,168.4710572359
801050,2014-10-17,3004.37,3024.66,3039.65,2954.74,16.10643166,151.8485177472
801050,2014-10-20,3042.46,3010.91,3042.46,3005.33,12.124364,118.67952885049999
801050,2014-10-21,3010.93,3041.22,3048.58,3009.4,11.63221436,118.5323028808
801050,2014-10-22,2962.16,3010.04,3020.79,2959.01,11.11020338,114.7584578559
801050,2014-10-23,2904.2,2954.99,2962.72,2892.89,12.18793375,115.4659420385
801050,2014-10-24,2909.82,2907.62,2926.95,2900.03,8.15228874,81.0113780127
801050,2014-10-27,2917.47,2900.46,2919.32,2883.62,7.35351853,73.98613456310001
801050,2014-10-28,2982.69,2924.23,2982.69,2924.0,11.91098681,120.06529319139999
801050,2014-10-29,3016.59,2989.74,3023.74,2979.36,16.78073877,160.1663978725
801050,2014-10-30,3021.55,3014.41,3037.73,3004.67,19.97924532,161.3857662884
801050,2014-10-31,3039.49,3018.56,3048.31,2992.29,17.9991824,172.6989469461
801050,2014-11-03,3057.43,3040.44,3065.93,3037.43,17.8748022,161.1858219931
801050,2014-11-04,3071.95,3056.49,3084.05,3042.52,21.43476033,178.4070574924
801050,2014-11-05,3025.31,3063.0,3063.28,3023.03,16.09574437,145.5051004629
801050,2014-11-06,3031.86,3010.72,3032.52,2993.95,14.0323047,141.7989810459
801050,2014-11-07,2992.88,3031.22,3040.81,2981.59,16.39177105,168.9764322693
801050,2014-11-10,3041.31,2999.11,3041.31,2993.49,17.30910483,159.2469276274
801050,2014-11-11,2969.07,3042.72,3042.72,2942.96,20.5614007,192.57452635439998
801050,2014-11-12,3013.35,2958.47,3013.35,2952.63,13.17501636,133.1603689025
801050,2014-11-13,3059.88,3011.96,3071.66,2960.95,24.7964113,246.4431734639
801050,2014-11-14,3033.72,3039.46,3046.97,3012.4,16.89884894,161.5296701451
801050,2014-11-17,3038.91,3048.74,3059.99,3028.64,13.59066832,138.5203508062
801050,2014-11-18,3037.45,3031.97,3045.16,3021.71,12.58818888,132.50733714790002
801050,2014-11-19,3025.57,3035.65,3039.67,3016.86,10.95925286,117.57738974729999
801050,2014-11-20,3021.3,3015.95,3033.62,3008.07,9.33401382,101.84795872469999
801050,2014-11-21,3058.6,3024.28,3058.6,3022.11,12.01538607,133.97955623389998
801050,2014-11-24,3127.08,3098.23,3146.81,3077.79,25.13963679,260.8436851682
801050,2014-11-25,3225.25,3127.25,3225.41,3123.59,35.14375709,334.4438537762
801050,2014-11-26,3225.56,3227.84,3246.61,3194.49,30.50427236,303.4121494612
801050,2014-11-27,3243.48,3226.85,3253.24,3206.29,25.92283835,271.9443419101
801050,2014-11-28,3214.37,3254.28,3254.32,3175.33,26.73859193,269.2361582405
801050,2014-12-01,3194.92,3197.24,3238.3,3174.98,26.19117569,266.6990507872
801050,2014-12-02,3248.57,3216.99,3254.69,3213.5,25.5042496,269.8099108169
801050,2014-12-03,3428.09,3242.64,3448.94,3236.32,50.95397358,564.8422914052
801050,2014-12-04,3503.21,3452.36,3505.38,3431.8,45.59619629,529.0248921862001
801050,2014-12-05,3387.42,3503.73,3503.73,3280.88,41.39469822,469.16059632120005
801050,2014-12-08,3426.09,3353.05,3470.98,3328.32,33.12497747,364.43927040050005
801050,2014-12-09,3285.28,3401.42,3531.47,3272.39,45.00617006,482.8795991235
801050,2014-12-10,3399.71,3302.97,3400.0,3276.76,28.00664458,301.5336261456
801050,2014-12-11,3426.51,3394.63,3449.43,3367.62,27.1179035,296.7705523432
801050,2014-12-12,3463.26,3449.38,3495.42,3445.29,26.14071048,298.0947814649
801050,2014-12-15,3459.2,3449.56,3460.0,3412.85,23.92105516,266.98988079459997
801050,2014-12-16,3462.61,3452.55,3465.21,3417.73,24.37377706,274.2990836066
801050,2014-12-17,3380.97,3450.98,3450.98,3340.01,24.3274579,271.0228838242
801050,2014-12-18,3435.81,3375.72,3491.55,3374.83,26.09655486,315.51868395639997
801050,2014-12-19,3443.17,3430.22,3481.59,3373.05,33.48130689,365.246490641
801050,2014-12-22,3395.56,3459.7,3518.18,3359.5,43.28813903,430.7233519875
801050,2014-12-23,3272.53,3357.64,3382.41,3269.46,25.90602121,267.5733432848
801050,2014-12-24,3280.88,3275.78,3299.0,3237.7,19.67419925,201.2997646272
801050,2014-12-25,3332.1,3288.28,3332.1,3267.48,18.24624026,201.834126888
801050,2014-12-26,3373.24,3333.23,3379.69,3331.2,21.85418858,252.19944111729998
801050,2014-12-29,3353.81,3376.31,3399.25,3326.59,24.66488993,283.100707854
801050,2014-12-30,3289.93,3350.43,3362.81,3283.0,18.48837532,222.1094142269
801050,2014-12-31,3318.85,3301.72,3323.1,3263.83,18.21540369,206.8905238251
801050,2015-01-05,3525.56,3325.72,3527.11,3321.5,41.23829278,468.307337291
801050,2015-01-06,3500.72,3528.49,3539.55,3444.21,36.03612348,397.40141729970003
801050,2015-01-07,3559.94,3496.17,3624.28,3487.1,33.3433167,366.34978628
801050,2015-01-08,3472.51,3541.4,3555.66,3454.74,23.43700727,252.2954360401
801050,2015-01-09,3428.33,3457.37,3507.33,3427.21,19.90747262,221.0809114559
801050,2015-01-12,3374.09,3412.01,3416.01,3349.0,18.38630393,199.1857376578
801050,2015-01-13,3381.3,3382.61,3416.25,3360.41,16.99278227,192.42806851560002
801050,2015-01-14,3305.24,3372.17,3372.61,3278.18,18.52349492,207.9115053752
801050,2015-01-15,3342.5,3298.37,3342.5,3262.26,15.78418679,175.4492818438
801050,2015-01-16,3396.33,3402.64,3419.74,3371.53,22.25259896,242.1125825691
801050,2015-01-19,3232.46,3300.11,3373.29,3188.66,25.92420464,271.8212798338
801050,2015-01-20,3321.2,3242.38,3321.2,3242.2,18.72526298,205.98981620919997
801050,2015-01-21,3439.91,3341.74,3442.88,3341.47,24.0639015,281.7232831643
801050,2015-01-22,3552.04,3432.05,3592.87,3431.93,37.99050139,414.73748581300003
801050,2015-01-23,3510.91,3596.19,3615.59,3492.78,33.03427966,346.69446375449996
801050,2015-01-26,3586.18,3506.57,3588.1,3506.54,23.05174584,276.0019418032
801050,2015-01-27,3575.68,3580.29,3599.21,3510.45,25.3359603,291.2246738924
801050,2015-01-28,3522.79,3558.02,3572.99,3516.54,15.98280886,193.09373941169997
801050,2015-01-29,3495.34,3496.94,3515.39,3466.82,15.99535004,191.7037397586
801050,2015-01-30,3463.97,3486.91,3529.68,3460.65,15.05957499,183.7440364672
801050,2015-02-02,3432.93,3425.77,3466.75,3398.93,13.9142031,164.14300949120002
801050,2015-02-03,3476.68,3451.96,3476.8,3427.44,13.35713498,162.6572054258
801050,2015-02-04,3455.04,3489.05,3506.74,3450.47,14.88609358,173.56810235150002
801050,2015-02-05,3399.97,3506.78,3509.94,3399.5,14.12828688,167.5291210207
801050,2015-02-06,3318.79,3388.56,3389.14,3300.52,14.37910982,155.9406968678
801050,2015-02-09,3314.69,3301.63,3328.52,3280.31,11.62910207,129.8744874263
801050,2015-02-10,3359.86,3318.1,3359.86,3317.98,9.73437214,110.97378627450001
801050,2015-02-11,3378.58,3360.73,3390.83,3359.32,9.79223874,119.3222305851
801050,2015-02-12,3383.38,3375.93,3390.79,3352.85,9.87745998,123.7522137581
801050,2015-02-13,3445.0,3398.42,3470.07,3397.97,15.13522766,181.4192778591
801050,2015-02-16,3491.49,3452.65,3493.39,3450.45,12.40263364,157.3002508334
801050,2015-02-17,3499.86,3503.15,3513.74,3491.91,12.64948878,169.1048833595
801050,2015-02-25,3469.65,3500.8,3504.41,3456.85,15.32910487,184.02881454150003
801050,2015-02-26,3578.06,3470.1,3578.06,3470.1,22.45028145,256.08754253029997
801050,2015-02-27,3599.44,3578.17,3614.36,3555.87,21.18498551,252.3052616546
801050,2015-03-02,3697.56,3635.21,3699.0,3635.21,32.21209356,378.5861756689
801050,2015-03-03,3709.83,3680.71,3772.54,3661.55,40.14166044,472.4195913342
801050,2015-03-04,3712.34,3710.09,3722.36,3676.3,27.26532221,317.3571178729
801050,2015-03-05,3715.83,3700.02,3715.83,3670.22,26.92607145,323.5767555656
801050,2015-03-06,3751.65,3717.86,3790.96,3675.55,34.62189564,409.88046747230004
801050,2015-03-09,3740.86,3713.26,3740.86,3676.56,26.18896524,296.4443330885
801050,2015-03-10,3759.94,3743.91,3785.47,3741.37,24.77983513,313.56060895
801050,2015-03-11,3728.87,3747.57,3770.38,3712.35,21.51328389,272.82633698169997
801050,2015-03-12,3722.83,3746.35,3759.2,3697.93,23.51572173,292.2477709722
801050,2015-03-13,3748.13,3725.88,3755.55,3710.04,21.41780274,271.1516601932
801050,2015-03-16,3825.88,3761.66,3825.88,3752.58,28.38502493,368.07898009480004
801050,2015-03-17,3893.65,3836.49,3910.53,3824.07,39.48955002,491.7575635676
801050,2015-03-18,3978.95,3890.4,3979.08,3881.05,41.87509985,499.8005785214
801050,2015-03-19,4039.17,4000.38,4078.57,3978.59,47.80549771,589.1388270602
801050,2015-03-20,4026.83,4042.46,4049.56,3999.64,34.50988561,453.5599613158
801050,2015-03-23,4131.78,4069.93,4146.11,4069.93,41.97692378,552.217780537
801050,2015-03-24,4188.55,4145.84,4199.47,4041.42,57.52186266,697.4140615288001
801050,2015-03-25,4161.0,4176.86,4192.73,4129.63,46.77216664,555.815923173
801050,2015-03-26,4152.61,4142.2,4198.96,4104.67,39.8457481,529.9113602024
801050,2015-03-27,4183.29,4159.75,4202.93,4146.55,31.61982724,433.0168623846
801050,2015-03-30,4202.78,4176.81,4214.73,4156.61,36.89894655,494.54826911870003
801050,2015-03-31,4186.7,4210.33,4237.31,4172.33,35.15442022,486.90471950809996
801050,2015-04-01,4268.23,4184.23,4278.7,4184.1,32.16612825,491.2564132134
801050,2015-04-02,4374.8,4302.02,4374.8,4277.44,42.90013021,621.3320708223
801050,2015-04-03,4403.16,4350.22,4412.51,4333.32,39.82178095,584.6062935789
801050,2015-04-07,4546.94,4439.88,4546.94,4435.31,48.15690801,692.4062593933
801050,2015-04-08,4468.23,4567.18,4567.76,4404.32,44.26489135,676.3292899661
801050,2015-04-09,4353.86,4483.39,4483.39,4257.77,39.31155535,569.6917173753
801050,2015-04-10,4455.04,4333.24,4458.97,4315.16,31.68739481,499.39037805239997
801050,2015-04-13,4515.09,4469.46,4528.15,4434.52,39.06369062,593.0326776198
801050,2015-04-14,4479.92,4508.62,4513.43,4440.57,40.92980923,575.4141461841
801050,2015-04-15,4375.1,4471.1,4475.04,4363.04,42.95527331,571.9005722052
801050,2015-04-16,4456.65,4338.16,4477.47,4299.76,38.5227714,499.57798900269995
801050,2015-04-17,4559.14,4494.12,4589.51,4494.12,53.63763535,737.5786767152
801050,2015-04-20,4562.19,4559.04,4697.88,4473.95,65.2896078,919.8080098972
801050,2015-04-21,4663.06,4546.49,4663.06,4522.58,43.29582237,618.4222672397
801050,2015-04-22,4785.77,4689.1,4811.89,4689.1,44.97130247,738.2934558797
801050,2015-04-23,4949.86,4789.15,5001.77,4760.51,53.81677179,934.2820874377
801050,2015-04-24,4889.52,4894.06,4952.29,4822.41,43.87554123,761.1538141163
801050,2015-04-27,4903.46,4913.93,4940.05,4834.34,39.57346638,671.5160910252999
801050,2015-04-28,4756.74,4904.97,4915.53,4716.86,39.241833,661.8081412152
801050,2015-04-29,4937.03,4772.45,4973.02,4767.1,38.98972632,678.8334336429
801050,2015-04-30,4837.04,4961.68,4965.54,4835.81,36.15058929,615.1915475822
801050,2015-05-04,4836.34,4836.22,4857.33,4774.47,25.42837766,422.12828155029996
801050,2015-05-05,4650.73,4835.62,4860.31,4629.93,28.79451256,467.2367300543
801050,2015-05-06,4570.47,4679.2,4727.2,4524.73,25.10026288,402.54167030720004
801050,2015-05-07,4500.44,4549.35,4577.58,4487.47,22.72865773,337.12584185400004
801050,2015-05-08,4611.67,4534.07,4612.06,4503.58,22.6752887,344.60594258870003
801050,2015-05-11,4770.66,4670.97,4770.66,4651.04,28.75107202,456.6024418189
801050,2015-05-12,4804.49,4779.88,4804.49,4732.72,30.39527442,492.38379492269996
801050,2015-05-13,4859.61,4794.15,4899.3,4763.55,35.02061998,577.7580097276
801050,2015-05-14,5002.83,4881.05,5003.11,4818.71,43.35418957,721.5493393400999
801050,2015-05-15,4925.73,5040.95,5067.52,4924.59,45.29686271,774.5946888367
801050,2015-05-18,4876.05,4866.97,4907.68,4844.16,32.51565622,523.0700357585
801050,2015-05-19,4981.89,4874.43,4982.18,4874.43,31.19233303,508.3756749538
801050,2015-05-20,5020.33,4991.33,5101.56,4983.98,40.46505712,657.994104453
801050,2015-05-21,5129.89,5037.9,5130.04,5008.43,35.7210634,595.8291014407
801050,2015-05-22,5252.74,5174.37,5261.76,5141.59,46.88727769,819.9231126496001
801050,2015-05-25,5366.97,5234.63,5377.22,5221.47,47.00480869,821.2730387963
801050,2015-05-26,5507.7,5390.52,5508.4,5323.6,50.25878605,898.8165092013
801050,2015-05-27,5625.12,5532.35,5643.14,5434.32,51.06847151,939.7170884619001
801050,2015-05-28,5273.19,5640.94,5715.19,5268.57,57.55856534,1055.2267737674001
801050,2015-05-29,5285.61,5278.11,5397.52,5045.73,50.97600567,776.8730882305999
801050,2015-06-01,5556.26,5344.57,5557.88,5326.12,59.91094197,854.0037213242
801050,2015-06-02,5697.8,5574.34,5698.48,5540.4,53.43966736,862.6717654445
801050,2015-06-03,5693.26,5732.96,5765.1,5552.81,53.26282405,884.8930082427
801050,2015-06-04,5772.52,5695.71,5774.95,5318.59,54.1961709,901.6334879328999
801050,2015-06-05,5993.64,5852.28,6041.39,5836.46,74.74475464,1332.9841366486999
801050,2015-06-08,5933.88,6000.42,6032.43,5848.24,62.21106913,1089.1432700749
801050,2015-06-09,5969.43,5916.73,6011.59,5855.84,51.03575502,913.8971450013
801050,2015-06-10,5954.92,5903.63,6018.41,5843.14,43.57854449,786.0330608102
801050,2015-06-11,6016.06,5944.35,6030.33,5436.31,41.90897018,753.6694727539999
801050,2015-06-12,6031.17,6024.65,6064.67,5965.01,44.79475764,817.5597181727001
801050,2015-06-15,5950.54,6034.12,6061.13,5919.23,46.99967455,817.7712469846001
801050,2015-06-16,5686.85,5871.41,5872.65,5646.85,39.91647205,699.8817540577
801050,2015-06-17,5823.26,5685.36,5833.46,5532.35,36.57026545,624.9040943609
801050,2015-06-18,5628.12,5809.68,5872.99,5619.57,35.37644946,604.2394826971
801050,2015-06-19,5235.22,5515.18,5600.19,5234.75,33.43855739,536.9663222038
801050,2015-06-23,5271.25,5215.85,5277.77,4880.92,32.8490993,486.00414902870006
801050,2015-06-24,5435.9,5320.13,5436.03,5268.56,36.82169421,578.5314283252
801050,2015-06-25,5172.44,5434.5,5436.4,5112.69,34.83083245,559.0012619688999
801050,2015-06-26,4728.56,5012.85,5031.5,4717.26,36.21986124,494.4313434293
801050,2015-06-29,4409.6,4855.05,4856.86,4332.42,43.96617503,562.1189003953
801050,2015-06-30,4640.55,4328.82,4641.6,4079.08,46.3530776,578.5838928721
801050,2015-07-01,4328.11,4576.36,4693.46,4310.78,37.84879843,503.2512431752
801050,2015-07-02,3993.98,4334.93,4357.82,3983.52,36.39817587,434.56640528459997
801050,2015-07-03,3714.7,3858.3,4023.78,3690.68,37.28393116,391.9992118193
801050,2015-07-06,3605.75,3984.98,3984.98,3505.97,47.27507781,482.2525496104
801050,2015-07-07,3384.6,3479.53,3499.41,3358.84,35.48578196,305.4334980417
801050,2015-07-08,3239.47,3232.9,3272.07,3227.94,25.53072809,230.3830297032
801050,2015-07-09,3371.64,3209.16,3371.64,3175.48,29.96050449,234.7291274498
801050,2015-07-10,3543.79,3440.8,3543.81,3436.4,25.27039922,232.3146826801
801050,2015-07-13,3756.69,3650.8,3756.99,3628.7,39.29100757,401.56433602910005
801050,2015-07-14,3764.29,3793.9,3887.21,3734.34,41.5095325,455.91383506660003
801050,2015-07-16,3641.51,3504.58,3709.63,3404.64,38.21129416,394.88483441410006
801050,2015-07-17,3834.13,3654.09,3867.92,3652.51,38.70764384,427.6202167782
801050,2015-07-20,3881.59,3844.41,3949.82,3798.88,41.35510316,467.28708893019996
801050,2015-07-21,3957.1,3833.61,3970.05,3796.28,38.52283478,448.6886361698
801050,2015-07-22,3962.18,3944.11,3984.6,3863.12,37.67825816,449.2794875474
801050,2015-07-23,4105.38,3962.78,4112.12,3944.44,49.02840058,577.0929737962
801050,2015-07-24,4078.13,4097.71,4230.03,4037.74,59.52963622,728.7019315461
801050,2015-07-27,3756.69,3986.81,4075.69,3752.64,44.81512751,522.3713086130999
801050,2015-07-28,3610.47,3579.01,3761.56,3476.08,43.22180497,449.98304424739996
801050,2015-07-29,3791.89,3667.9,3792.39,3562.02,30.81090397,332.16442717990003
801050,2015-07-30,3688.72,3775.56,3865.12,3675.33,32.08761727,371.2384818997
801050,2015-07-31,3673.12,3631.61,3730.24,3619.8,23.72613387,265.3452294096
801050,2015-08-03,3589.1,3621.4,3647.75,3488.89,25.18796368,263.0934885056
801050,2015-08-04,3773.61,3596.94,3774.19,3595.06,26.36194694,289.2803926685
801050,2015-08-05,3723.26,3758.33,3800.66,3694.7,25.35372109,295.735013971
801050,2015-08-06,3750.17,3651.7,3784.53,3641.55,20.20640235,250.18759818700002
801050,2015-08-07,3846.2,3786.96,3867.96,3769.96,26.27513043,328.5408175163
801050,2015-08-10,4031.9,3882.93,4051.34,3846.2,39.43519721,470.9171660925
801050,2015-08-11,4114.28,4044.14,4182.8,4032.89,53.22974958,617.4289281675
801050,2015-08-12,4069.15,4066.87,4137.02,4045.56,44.33587374,506.6074240095
801050,2015-08-13,4195.05,4041.83,4195.05,4017.73,42.27652379,539.3510762744
801050,2015-08-14,4161.22,4206.44,4236.11,4146.7,42.69915128,568.8462350506
801050,2015-08-17,4254.59,4157.26,4254.66,4148.09,36.47686006,477.7380325154
801050,2015-08-18,3909.83,4266.69,4270.03,3904.95,43.17824369,535.3610104967
801050,2015-08-19,3973.17,3777.03,3994.94,3655.7,35.01828724,410.9647990928
801050,2015-08-20,3894.72,3944.67,4064.09,3894.72,35.16882763,411.7294919556
801050,2015-08-21,3719.9,3850.42,3908.46,3696.01,31.33578898,364.03327925599996
801050,2015-08-24,3424.54,3557.59,3590.14,3421.25,28.78853551,280.9514937075
801050,2015-08-25,3147.35,3165.31,3255.06,3147.22,25.24158367,232.51488352049998
801050,2015-08-26,2985.05,3148.73,3225.95,2959.21,34.91609225,316.3049939586
801050,2015-08-27,3082.57,3034.09,3083.37,2926.24,25.87615281,232.2797508562
801050,2015-08-28,3264.17,3135.9,3265.02,3112.62,30.37258069,287.3548376936
801050,2015-08-31,3188.8,3235.99,3235.99,3149.86,23.60057843,226.78629262509997
801050,2015-09-01,3096.45,3161.19,3161.24,3036.48,27.34781125,240.84501195220003
801050,2015-09-07,3048.42,3047.62,3134.74,3023.7,17.71923334,170.4034120605
801050,2015-09-08,3141.41,3025.03,3144.42,2990.43,16.42957753,152.2410433277
801050,2015-09-09,3250.85,3162.39,3251.67,3150.17,27.32467183,272.6853029357
801050,2015-09-10,3169.82,3190.23,3231.47,3159.87,19.41495435,195.9881207714
801050,2015-09-11,3170.14,3163.67,3202.54,3131.61,13.96147531,142.29929161959998
801050,2015-09-14,2996.19,3185.49,3194.92,2932.88,22.98076117,215.17106517919999
801050,2015-09-15,2809.68,2908.42,2953.11,2793.03,16.85740036,152.8411138317
801050,2015-09-16,2991.84,2812.78,3008.46,2810.15,20.90807764,200.0255729226
801050,2015-09-17,2952.15,2983.19,3077.97,2951.7,25.82035576,257.0123873962
801050,2015-09-18,2970.51,2977.39,2991.63,2927.76,16.67808078,176.555491377
801050,2015-09-21,3042.06,2933.18,3042.97,2925.85,17.40587341,180.8766371158
801050,2015-09-22,3056.57,3039.83,3093.31,3009.27,23.38720633,241.84334537869998
801050,2015-09-23,3003.12,3001.16,3043.18,2985.29,19.04771929,206.9844816511
801050,2015-09-24,3040.73,3017.76,3041.18,2998.17,15.59559811,178.93578439889998
801050,2015-09-25,2965.43,3038.14,3059.52,2948.3,19.23793961,194.5584430617
801050,2015-09-28,2996.96,2965.53,2996.96,2923.62,12.05395356,125.6488815285
801050,2015-09-29,2932.07,2948.11,2963.58,2919.81,11.29144842,119.57585157790001
801050,2015-09-30,2946.13,2950.81,2963.26,2930.42,9.20031704,101.63225548860001
801050,2015-10-08,3051.85,3042.36,3071.09,3020.46,16.35519862,176.9198814897
801050,2015-10-09,3146.33,3047.14,3161.69,3042.94,24.77455587,254.0709075233
801050,2015-10-12,3286.66,3184.53,3300.3,3172.8,32.71659351,346.1546280532
801050,2015-10-13,3298.1,3255.89,3301.77,3237.32,27.71207444,293.6415874426
801050,2015-10-14,3301.49,3293.06,3375.69,3291.23,30.82790252,347.54923919419997
801050,2015-10-15,3373.87,3294.57,3373.87,3286.79,27.47609047,304.5183638133
801050,2015-10-16,3408.88,3392.47,3408.88,3353.97,30.94604511,342.6257478669
801050,2015-10-19,3405.71,3408.42,3424.19,3369.85,31.16885484,357.04934078300005
801050,2015-10-20,3412.88,3388.2,3412.88,3345.82,24.72898577,283.6077071601
801050,2015-10-21,3221.3,3414.82,3425.4,3200.39,38.67353115,417.7169587897
801050,2015-10-22,3340.43,3213.08,3344.86,3208.19,29.58494756,342.73204643080004
801050,2015-10-23,3423.66,3368.14,3435.36,3349.51,38.3144447,400.5317399612
801050,2015-10-26,3458.24,3472.44,3483.05,3417.53,33.39586022,389.5051975273
801050,2015-10-27,3476.66,3435.47,3489.2,3328.51,47.98177862,408.04337100099997
801050,2015-10-28,3434.91,3451.6,3491.89,3414.42,45.84238022,415.06794767720004
801050,2015-10-29,3439.77,3444.68,3475.21,3399.49,31.81216519,297.9928012456
801050,2015-10-30,3406.37,3418.43,3453.07,3370.5,24.69625456,261.520061296
801050,2015-11-02,3343.61,3349.4,3431.19,3339.49,22.95978,246.6388780649
801050,2015-11-03,3373.08,3353.55,3395.87,3333.25,18.3343563,217.2245848084
801050,2015-11-04,3530.74,3383.42,3530.74,3383.42,31.00411312,340.5974131907
801050,2015-11-05,3562.24,3525.14,3608.11,3523.01,45.77709001,507.1604901075
801050,2015-11-06,3640.48,3548.33,3640.55,3545.84,38.04474983,438.0228302056
801050,2015-11-09,3664.65,3603.99,3689.98,3580.84,39.94256081,468.9181457632
801050,2015-11-10,3808.01,3650.38,3847.77,3643.57,57.47158626,622.8037103977999
801050,2015-11-11,3787.63,3801.95,3820.32,3750.55,45.41440386,527.6221689196
801050,2015-11-12,3836.89,3797.46,3891.44,3789.75,44.9614652,572.2863100711
801050,2015-11-13,3732.53,3793.91,3814.05,3691.4,38.55244563,479.2089035539
801050,2015-11-16,3804.2,3674.34,3804.2,3673.27,31.16440436,372.5676874217
801050,2015-11-17,3762.09,3822.47,3842.64,3754.75,36.55171013,461.98063363510005
801050,2015-11-18,3695.81,3759.42,3787.57,3685.46,25.87687772,324.0347342368
801050,2015-11-19,3789.93,3707.7,3789.93,3703.52,22.89222594,289.3238370622
801050,2015-11-20,3856.25,3809.85,3880.15,3799.32,39.46747426,456.23524300160005
801050,2015-11-23,3784.22,3857.56,3863.07,3767.12,37.33185161,427.6816231767
801050,2015-11-24,3799.64,3782.24,3799.81,3729.29,26.95143924,301.94404430189996
801050,2015-11-25,3863.19,3827.53,3865.21,3823.25,29.63271586,360.66221021660004
801050,2015-11-26,3890.27,3871.35,3970.63,3846.78,44.61273544,530.2568684616
801050,2015-11-27,3658.46,3865.86,3884.64,3627.9,41.23434899,482.3707525778
801050,2015-11-30,3672.22,3660.17,3703.37,3501.7,32.73743294,402.0067497989
801050,2015-12-01,3663.63,3668.49,3698.82,3627.94,24.05115053,325.7174866454
801050,2015-12-02,3687.03,3655.48,3694.63,3586.17,24.23239694,293.2070210229
801050,2015-12-03,3745.04,3677.1,3745.04,3677.09,22.11142907,287.0900197639
801050,2015-12-04,3713.75,3730.55,3763.54,3688.79,23.1108013,302.6501995232
801050,2015-12-07,3773.16,3741.98,3787.43,3736.1,21.29793422,297.8434096739
801050,2015-12-08,3695.17,3737.69,3737.78,3668.94,24.06892318,324.75322858330003
801050,2015-12-09,3710.17,3678.16,3747.82,3676.15,20.35923048,306.04380138150003
801050,2015-12-10,3670.17,3699.71,3708.38,3659.51,20.27390029,298.9864381355
801050,2015-12-11,3714.85,3651.61,3751.52,3640.95,25.11837854,316.2553560666
801050,2015-12-14,3840.23,3672.55,3841.26,3672.55,35.95091594,420.2008093693
801050,2015-12-15,3843.61,3831.54,3871.09,3804.22,28.59153729,375.4238064455
801050,2015-12-16,3872.44,3847.3,3906.47,3841.5,28.90144992,391.0542655218
801050,2015-12-17,3929.5,3901.93,3930.18,3891.08,36.55161549,468.69572949540003
801050,2015-12-18,3902.93,3910.3,3923.37,3855.2,31.08182893,415.9391736758
801050,2015-12-21,3928.8,3908.91,3931.57,3887.79,27.68592776,363.34351496889997
801050,2015-12-22,3976.76,3940.95,3984.06,3930.12,31.35337974,399.11428262690004
801050,2015-12-23,3902.68,3961.1,3961.12,3894.1,27.65335671,360.515047865
801050,2015-12-24,3909.12,3903.89,3923.91,3853.37,21.55592413,277.8267688047
801050,2015-12-25,3927.97,3917.0,3936.22,3899.63,20.07364655,279.8585393661
801050,2015-12-28,3814.59,3927.08,3934.05,3814.59,26.80565232,350.0979405024
801050,2015-12-29,3853.82,3802.05,3853.82,3784.9,18.43546902,259.5371452571
801050,2015-12-30,3885.68,3874.5,3888.02,3844.43,18.89110738,268.0091298645
801050,2015-12-31,3829.19,3885.49,3901.82,3828.66,17.43585759,248.958181707
801050,2016-01-04,3513.5,3820.96,3826.07,3513.5,19.00913688,239.2032183018
801050,2016-01-05,3479.5,3354.05,3540.86,3343.94,27.45448278,326.9397179236
801050,2016-01-06,3626.45,3488.89,3632.32,3483.84,30.62140933,361.9936075722
801050,2016-01-07,3310.7,3556.27,3584.68,3308.33,8.31744883,91.55148479879999
801050,2016-01-08,3418.28,3401.84,3475.99,3211.86,32.72586344,356.9711819911
801050,2016-01-11,3226.01,3337.91,3416.24,3223.11,29.82028714,330.7057544287
801050,2016-01-12,3188.78,3209.98,3243.82,3130.71,24.13688104,257.9143860351
801050,2016-01-13,3070.86,3191.46,3218.52,3067.88,21.39406556,227.039673117
801050,2016-01-14,3160.45,2968.24,3164.81,2964.91,21.09572525,223.58086432669998
801050,2016-01-15,3034.41,3132.41,3155.62,3012.17,21.55880666,234.32382125380002
801050,2016-01-18,3053.8,2965.37,3093.96,2965.37,15.84018843,177.67705566970002
801050,2016-01-19,3156.11,3044.84,3156.52,3043.03,18.92538537,211.14145215759999
801050,2016-01-20,3144.05,3130.68,3185.38,3120.1,20.93508687,235.5329140005
801050,2016-01-21,3007.83,3091.68,3166.26,3007.83,19.25862875,221.87553030860002
801050,2016-01-22,3050.61,3036.67,3070.93,2961.47,15.27893309,166.9482689523
801050,2016-01-25,3090.37,3078.6,3118.63,3052.32,15.97050334,171.0513329857
801050,2016-01-26,2861.19,3059.78,3068.25,2849.87,20.77065116,210.91768143139998
801050,2016-01-27,2828.39,2873.89,2885.69,2693.94,21.11528481,202.14750076290002
801050,2016-01-28,2672.59,2789.3,2817.93,2668.77,16.54310335,157.6732896853
801050,2016-01-29,2780.34,2662.88,2802.61,2657.36,17.01235712,162.976733187
801050,2016-02-01,2744.74,2773.42,2800.85,2695.18,14.87183652,158.686174014
801050,2016-02-02,2831.65,2748.47,2835.07,2748.14,14.78581724,148.2866281734
801050,2016-02-03,2857.82,2797.75,2865.66,2781.83,14.78021886,148.1419694003
801050,2016-02-04,2976.52,2892.89,2996.35,2892.52,20.5841529,207.33177491060002
801050,2016-02-05,2954.07,3013.7,3035.12,2952.83,20.85157614,231.8930434204
801050,2016-02-15,3068.66,2924.6,3092.99,2924.6,23.78079447,231.26831582830002
801050,2016-02-16,3139.69,3055.44,3145.5,3046.52,29.65086806,317.8084970052
801050,2016-02-17,3148.55,3113.06,3156.0,3099.17,24.08103312,271.1137713781
801050,2016-02-18,3145.32,3164.5,3200.42,3137.1,27.14001847,290.4063801787
801050,2016-02-19,3131.4,3143.59,3156.03,3106.39,19.767181,218.1969828982
801050,2016-02-22,3226.79,3169.79,3241.06,3168.7,27.58163638,303.0836059892
801050,2016-02-23,3254.01,3225.49,3261.83,3201.73,30.78809523,363.0802387521
801050,2016-02-24,3264.61,3222.17,3272.5,3203.78,27.81055908,313.50830085
801050,2016-02-25,3026.49,3269.83,3286.75,3009.53,33.14312671,364.7970549243
801050,2016-02-26,3077.15,3043.35,3095.79,2983.29,24.45177712,266.0428029471
801050,2016-02-29,2953.05,3041.95,3044.45,2878.66,24.80501162,257.4577265254
801050,2016-03-01,3056.0,2964.05,3057.01,2943.4,28.99950114,291.40423080290003
801050,2016-03-02,3241.09,3037.11,3245.35,3034.52,39.90317378,391.9756982327
801050,2016-03-03,3282.27,3259.21,3358.67,3251.95,49.14106518,487.72314502660004
801050,2016-03-04,3241.39,3310.08,3355.12,3184.3,46.40270645,479.9622089951
801050,2016-03-07,3361.3,3314.05,3361.3,3275.15,40.56608046,433.0521556515
801050,2016-03-08,3347.39,3369.27,3369.27,3233.8,40.12255532,446.8350332435
801050,2016-03-09,3153.52,3204.4,3226.93,3141.32,30.94279306,321.5528171179
801050,2016-03-10,3098.74,3160.11,3183.99,3089.45,21.86815906,248.7100560511
801050,2016-03-11,3105.66,3088.77,3133.23,3075.39,19.64062651,216.66530373630002
801050,2016-03-14,3194.1,3119.43,3221.62,3115.15,26.28049885,292.7006876951
801050,2016-03-15,3127.81,3163.43,3173.84,3103.75,21.05777822,257.13423705270003
801050,2016-03-16,3105.1,3133.83,3152.65,3077.52,17.84138664,214.7971581459
801050,2016-03-17,3199.83,3148.05,3208.5,3124.5,23.07616,280.8606830182
801050,2016-03-18,3307.68,3232.93,3319.78,3228.49,36.30884641,416.1210192394
801050,2016-03-21,3381.18,3319.52,3381.18,3297.25,38.49492389,432.3931245482
801050,2016-03-22,3382.92,3346.98,3415.58,3329.58,33.7340323,390.8742383536
801050,2016-03-23,3400.29,3362.15,3404.86,3341.32,32.23286179,389.80614394739996
801050,2016-03-24,3306.06,3338.8,3366.43,3306.04,31.87859045,386.6962885419
801050,2016-03-25,3313.62,3295.86,3324.69,3267.53,19.82501538,243.64565135310002
801050,2016-03-28,3314.35,3329.07,3365.74,3300.3,23.64638526,312.37921917479997
801050,2016-03-29,3299.64,3313.51,3343.49,3272.46,24.30908693,298.0199844151
801050,2016-03-30,3407.73,3340.68,3408.34,3334.21,26.42725093,343.1245842306
801050,2016-03-31,3396.58,3415.55,3418.86,3380.3,25.80863727,338.7663358408
801050,2016-04-01,3423.07,3385.73,3423.07,3359.93,26.47665552,338.4572259285
801050,2016-04-05,3477.88,3420.99,3485.44,3389.6,29.638147,366.3786970196
801050,2016-04-06,3472.6,3464.34,3494.96,3434.91,25.9916255,339.8400226087
801050,2016-04-07,3411.14,3477.25,3481.99,3410.03,24.8783818,330.7550014061
801050,2016-04-08,3403.14,3384.99,3405.49,3358.6,26.35937385,338.0095884986
801050,2016-04-11,3484.2,3432.94,3506.09,3430.61,28.94085087,370.76546926730003
801050,2016-04-12,3450.53,3479.28,3482.72,3412.47,24.34252341,341.1396316676
801050,2016-04-13,3568.22,3498.55,3615.19,3498.49,53.77920602,563.1841975871
801050,2016-04-14,3558.41,3569.37,3569.37,3521.08,38.79656163,416.15972562269997
801050,2016-04-15,3548.75,3545.7,3561.23,3522.6,27.18572804,315.2047144854
801050,2016-04-20,3451.99,3573.88,3592.76,3363.91,42.36564725,543.2277296445
801050,2016-04-21,3499.19,3432.93,3583.22,3427.65,43.6389525,554.0639592809
801050,2016-04-22,3439.66,3426.93,3440.82,3377.45,26.96512925,348.5811060563
801050,2016-04-25,3422.3,3416.77,3439.69,3366.97,21.28378137,282.9328067296
801050,2016-04-26,3427.77,3410.42,3432.49,3380.6,18.15628869,242.6395089541
801050,2016-04-27,3421.58,3437.66,3451.28,3407.82,19.9436121,269.05879359619996
801050,2016-04-28,3385.62,3408.22,3412.11,3339.49,18.78792984,256.9330953968
801050,2016-04-29,3410.33,3386.79,3437.04,3384.38,16.94125466,250.7221529027
801050,2016-05-03,3516.88,3432.57,3516.92,3416.55,22.62918536,328.6821947193
801050,2016-05-04,3506.51,3488.99,3531.49,3483.72,20.1676045,303.5155873311
801050,2016-05-05,3533.89,3497.18,3539.39,3493.14,17.34092055,266.1389566486
801050,2016-05-06,3419.38,3529.58,3564.79,3419.3,28.68106317,423.4594648473
801050,2016-05-09,3250.44,3387.46,3387.46,3234.35,23.50299726,318.4404116023
801050,2016-05-10,3215.71,3218.87,3240.42,3177.89,15.57495919,214.67262104990002
801050,2016-05-11,3206.68,3239.17,3245.98,3191.48,15.02432483,210.7211756944
801050,2016-05-12,3245.16,3169.34,3245.59,3125.57,17.36894269,266.7705781732
801050,2016-05-13,3266.95,3219.2,3284.85,3214.97,17.64075322,290.0414783511
801050,2016-05-16,3365.82,3248.99,3366.81,3239.53,20.91296206,323.34650112869997
801050,2016-05-17,3348.13,3365.49,3427.31,3347.99,28.13599141,430.81366207080004
801050,2016-05-18,3274.99,3310.29,3310.29,3218.45,21.90169645,315.3222043087
801050,2016-05-19,3344.08,3257.34,3366.36,3257.12,22.99592878,367.4990057886
801050,2016-05-20,3349.48,3309.57,3371.68,3299.53,22.46511627,353.6455342483
801050,2016-05-23,3380.53,3353.27,3384.87,3344.54,18.88470523,297.1147360238
801050,2016-05-24,3359.45,3362.92,3374.88,3314.42,18.98868616,297.4526515589
801050,2016-05-25,3303.96,3366.32,3375.99,3290.74,17.32980804,285.8401875294
801050,2016-05-26,3367.23,3308.59,3367.93,3254.53,22.1106444,329.8753539432
801050,2016-05-27,3334.07,3351.1,3376.19,3327.28,23.61677414,326.34225264220004
801050,2016-05-30,3308.5,3300.95,3338.51,3275.08,17.34865211,236.42886935849998
801050,2016-05-31,3464.02,3322.28,3464.02,3321.93,30.54668126,404.9483988693
801050,2016-06-01,3514.99,3471.55,3558.8,3468.4,38.76353366,520.9855642497
801050,2016-06-02,3542.98,3500.48,3549.01,3498.18,31.61083211,396.43840658230005
801050,2016-06-03,3527.1,3535.87,3552.35,3517.77,27.85543051,380.29677358
801050,2016-06-06,3566.59,3564.05,3580.97,3538.86,26.59538586,350.48628583769994
801050,2016-06-07,3563.44,3566.57,3587.54,3549.78,29.07616466,364.37524288160006
801050,2016-06-08,3541.71,3541.7,3567.07,3500.76,27.97764919,394.9359167719
801050,2016-06-13,3467.14,3518.5,3563.19,3467.1,32.43486431,423.19623797260004
801050,2016-06-14,3460.12,3451.99,3486.47,3422.69,22.71864474,297.5295487147
801050,2016-06-15,3598.93,3432.25,3601.02,3432.25,34.72097272,450.51532469150004
801050,2016-06-16,3678.27,3610.27,3682.4,3610.27,44.97325388,565.5434025167
801050,2016-06-17,3671.51,3658.58,3716.45,3650.05,39.85511998,481.3780051431
801050,2016-06-20,3648.59,3667.05,3667.74,3616.74,28.31783312,368.2425412019
801050,2016-06-21,3576.82,3663.99,3671.46,3548.12,32.2256025,423.35801900589996
801050,2016-06-22,3618.82,3555.54,3619.0,3555.24,22.73961566,300.5219389409
801050,2016-06-23,3556.91,3608.05,3608.05,3534.53,25.00171409,327.5711184317
801050,2016-06-24,3562.61,3559.53,3592.08,3489.6,41.24484553,480.3419298136
801050,2016-06-27,3611.78,3543.91,3611.78,3543.91,27.85027337,348.47310291860003
801050,2016-06-28,3614.87,3597.44,3615.86,3570.07,26.01893387,327.2836416645
801050,2016-06-29,3672.98,3625.77,3687.53,3621.12,34.22161929,455.7184467243
801050,2016-06-30,3632.25,3666.07,3668.54,3619.19,26.52450896,350.4692899254
801050,2016-07-01,3660.28,3641.35,3684.36,3637.12,27.6437305,340.011476303
801050,2016-07-05,3824.7,3800.34,3825.24,3772.32,42.2265886,519.9926618591
801050,2016-07-06,3908.47,3820.28,3937.96,3820.28,55.85037752,631.7438275422
801050,2016-07-07,4017.67,3915.5,4076.77,3911.55,62.95773339,858.972786572
801050,2016-07-08,3960.66,3983.95,3996.62,3960.64,43.6742759,617.9264957102
801050,2016-07-11,4048.09,4001.37,4107.36,4001.37,62.21018682,737.0866815781
801050,2016-07-12,4062.92,4018.32,4071.01,3987.78,52.62918592,655.0595587413
801050,2016-07-13,4093.95,4053.7,4095.28,4026.23,51.80327682,623.2247325767
801050,2016-07-14,4038.57,4076.65,4081.35,4005.29,35.79124422,453.3311532936
801050,2016-07-15,4026.42,4026.82,4049.0,4003.7,31.38204984,447.0702610881
801050,2016-07-18,4000.32,4008.59,4032.17,3993.64,32.05299919,441.7759698697
801050,2016-07-19,4005.44,3986.43,4009.79,3962.53,28.17528684,368.4940519389
801050,2016-07-20,3958.89,4010.42,4025.75,3957.69,28.23351211,392.4124229114
801050,2016-07-21,3943.32,3932.93,3957.59,3915.61,26.23702003,357.4607916825
801050,2016-07-22,3886.5,3956.1,3960.96,3882.33,27.37179352,353.8374673414
801050,2016-07-25,3851.89,3867.2,3888.77,3829.07,23.75323448,316.2851623148
801050,2016-07-26,3925.26,3866.27,3925.91,3866.26,26.29780989,329.48017068400003
801050,2016-07-27,3743.68,3920.87,3920.87,3676.97,44.62975033,526.7023237017
801050,2016-07-28,3748.78,3747.87,3765.76,3691.03,31.86384094,396.2102104093
801050,2016-07-29,3681.25,3735.95,3743.23,3671.75,20.95157822,258.2739510688
801050,2016-08-01,3670.09,3690.57,3694.31,3634.34,23.1539261,272.8116928168
801050,2016-08-02,3690.24,3658.68,3691.01,3645.93,15.7589618,189.9994815622
801050,2016-08-03,3711.22,3702.19,3721.15,3689.98,20.58396873,253.1810750162
801050,2016-08-04,3725.25,3697.2,3731.74,3673.82,21.42652082,272.25632169240004
801050,2016-08-05,3713.06,3716.26,3725.55,3693.82,19.03996388,235.4110028245
801050,2016-08-08,3704.84,3669.5,3704.95,3643.35,23.12292702,285.1360697031
801050,2016-08-09,3734.81,3705.5,3735.44,3705.5,21.36261725,260.9519091537
801050,2016-08-10,3790.47,3736.93,3803.52,3736.89,30.34814013,367.1055775149
801050,2016-08-11,3711.25,3759.13,3764.44,3711.23,22.61816052,271.2921206834
801050,2016-08-12,3735.13,3699.47,3735.13,3687.79,15.67806455,186.2604347386
801050,2016-08-15,3795.49,3730.74,3800.64,3704.77,28.69235859,333.7286453719
801050,2016-08-16,3832.47,3803.22,3848.03,3800.11,31.43435879,384.8633587933
801050,2016-08-17,3813.18,3818.93,3822.57,3786.61,23.49784469,285.4652785368
801050,2016-08-18,3809.57,3816.68,3835.63,3789.89,22.2824524,272.1459953663
801050,2016-08-19,3827.43,3798.58,3833.64,3781.02,23.70551139,296.75040827189997
801050,2016-08-22,3748.88,3809.17,3809.17,3747.84,19.92251869,246.58384920400002
801050,2016-08-23,3752.86,3745.34,3761.67,3727.43,16.53311929,195.59524464
801050,2016-08-24,3746.04,3752.97,3764.59,3738.89,12.76664622,153.9306621207
801050,2016-08-25,3697.72,3710.04,3710.2,3665.26,16.4734931,189.8168267753
801050,2016-08-26,3715.56,3706.58,3740.97,3706.38,15.05501072,187.23633559569998
801050,2016-08-29,3708.45,3702.88,3714.95,3696.55,13.18221602,170.2233160549
801050,2016-08-30,3706.91,3714.44,3730.18,3700.43,13.71514824,170.9758863683
801050,2016-08-31,3725.25,3699.89,3727.84,3683.11,17.42282996,210.10659580130002
801050,2016-09-01,3706.48,3720.51,3736.53,3706.48,16.8856181,211.19385514419997
801050,2016-09-02,3704.18,3711.51,3738.77,3691.81,17.83812568,222.06627130759998
801050,2016-09-05,3743.91,3722.83,3767.28,3717.11,21.8147205,255.4792405646
801050,2016-09-06,3775.67,3740.11,3775.93,3706.13,19.85953573,246.9791303207
801050,2016-09-07,3772.16,3788.84,3800.26,3766.9,21.84960004,275.0502892654
801050,2016-09-08,3763.42,3765.54,3769.86,3742.7,14.78190155,180.8795698118
801050,2016-09-09,3733.13,3758.32,3767.36,3732.93,17.32677935,222.7606708162
801050,2016-09-12,3574.6,3657.07,3657.07,3571.13,23.55430417,273.2311177601
801050,2016-09-13,3592.71,3592.81,3601.65,3565.57,14.66681171,178.5913958495
801050,2016-09-14,3595.54,3564.83,3597.7,3546.11,14.67620195,187.57609908900002
801050,2016-09-19,3626.95,3597.87,3633.99,3597.87,13.92931029,167.8466063072
801050,2016-09-20,3621.76,3627.36,3630.01,3607.63,11.90552813,146.1002947316
801050,2016-09-21,3645.32,3621.26,3645.32,3619.66,13.88124839,162.0524241919
801050,2016-09-22,3641.87,3673.84,3679.45,3640.43,15.10111795,175.0469242883
801050,2016-09-23,3605.7,3645.04,3648.07,3605.32,13.1262695,149.8759868212
801050,2016-09-26,3513.35,3597.21,3597.33,3513.35,15.94455137,172.4028253506
801050,2016-09-27,3539.37,3506.86,3539.37,3500.13,11.62456002,130.5873964018
801050,2016-09-28,3520.13,3540.36,3542.93,3516.38,10.72068509,127.31803245469999
801050,2016-09-29,3522.71,3527.01,3544.43,3521.3,10.90297069,122.2694715824
801050,2016-09-30,3548.24,3520.43,3548.8,3520.43,10.40136884,120.97243540379999
801050,2016-10-10,3583.43,3529.24,3583.51,3529.24,16.90739525,189.3853771398
801050,2016-10-11,3608.76,3581.72,3609.3,3577.5,17.66715112,193.01546046229998
801050,2016-10-12,3600.56,3595.09,3605.39,3587.64,14.8029619,168.8853635845
801050,2016-10-13,3607.5,3598.86,3614.98,3598.66,14.98268958,167.8263177751
801050,2016-10-14,3590.93,3601.39,3601.39,3565.56,13.77712399,153.6930735543
801050,2016-10-17,3607.59,3600.09,3624.66,3581.21,19.99117714,238.1343858592
801050,2016-10-18,3660.28,3594.82,3660.73,3594.82,20.96891436,244.40017330939997
801050,2016-10-19,3674.11,3670.1,3700.98,3662.5,28.4035066,270.8730120618
801050,2016-10-20,3678.43,3676.04,3686.24,3669.73,18.96955768,201.68016693290002
801050,2016-10-21,3656.51,3674.6,3676.83,3625.36,19.23125928,197.8163103245
801050,2016-10-24,3696.19,3659.69,3700.48,3649.23,22.85359253,223.75380250599997
801050,2016-10-25,3753.93,3704.86,3753.93,3703.14,28.36754706,294.1734165586
801050,2016-10-26,3729.9,3758.08,3758.09,3719.28,27.27365635,275.5508238644
801050,2016-10-27,3719.61,3719.47,3725.52,3704.98,17.89637695,203.07167476810002
801050,2016-10-28,3689.25,3719.65,3723.85,3688.25,18.9553678,197.9474206996
801050,2016-10-31,3724.38,3695.67,3728.26,3688.25,20.94015191,239.3788147259
801050,2016-11-01,3757.42,3732.32,3757.71,3725.05,20.53623023,254.01774004759997
801050,2016-11-02,3785.44,3758.78,3802.25,3758.78,33.30024726,393.5729597629
801050,2016-11-03,3790.07,3778.27,3810.48,3764.86,27.54019983,347.66236935160003
801050,2016-11-04,3788.62,3790.02,3807.05,3782.21,24.97236019,321.9939083092
801050,2016-11-07,3830.69,3772.72,3839.8,3757.8,35.71899913,384.8357694143
801050,2016-11-08,3821.43,3822.46,3829.19,3804.7,28.23994496,308.40425047
801050,2016-11-09,3882.09,3826.49,3883.18,3820.44,49.42640554,577.9379824378
801050,2016-11-10,3915.59,3898.23,3941.95,3875.66,58.99140589,603.2130343972
801050,2016-11-11,4051.66,3897.4,4055.97,3895.92,79.64710954,765.0631484680999
801050,2016-11-14,4021.42,3980.31,4050.0,3980.31,75.19441516,695.1123951208999
801050,2016-11-15,3989.12,4043.93,4053.95,3983.45,55.13569637,549.0017561825
801050,2016-11-16,3969.66,3980.68,3983.4,3938.03,41.11220118,405.66161556730003
801050,2016-11-17,3963.46,3944.85,3972.04,3936.96,26.5059405,289.6765232905
801050,2016-11-18,3921.7,3954.76,3954.76,3911.19,30.08595936,316.2715939248
801050,2016-11-21,3931.56,3911.65,3958.8,3907.28,28.44643715,296.6576263552
801050,2016-11-22,3983.12,3938.04,3995.51,3933.07,35.96854595,377.545208875
801050,2016-11-23,3935.51,3975.91,3979.7,3928.86,28.42041488,315.6742412689
801050,2016-11-24,3947.7,3948.76,4004.41,3937.56,40.39054864,412.7197553975
801050,2016-11-25,3928.74,3950.83,3954.79,3856.28,29.56846199,304.53830636419997
801050,2016-11-28,4007.16,3957.08,4029.59,3940.84,44.91587219,441.0702884766
801050,2016-11-29,3923.77,3974.19,3974.77,3923.39,37.58842309,380.51391833819997
801050,2016-11-30,3847.26,3884.24,3886.85,3831.88,30.62683975,299.4289327715
801050,2016-12-01,3886.28,3843.85,3886.28,3843.8,23.0112329,234.2223475698
801050,2016-12-02,3817.34,3877.32,3880.83,3813.32,26.58737517,284.35407378810004
801050,2016-12-05,3799.04,3775.94,3817.86,3771.92,20.68460658,213.9321743809
801050,2016-12-06,3789.57,3816.24,3828.19,3782.62,17.21264344,187.54864782049998
801050,2016-12-07,3844.25,3792.82,3844.63,3782.07,22.48867552,218.7892761836
801050,2016-12-08,3843.95,3838.69,3871.41,3835.45,22.18990496,220.8271081775
801050,2016-12-09,3835.92,3827.17,3851.0,3825.17,18.22571062,191.500277119
801050,2016-12-12,3670.41,3836.24,3840.52,3667.01,28.24577376,286.2616421625
801050,2016-12-13,3685.23,3659.66,3694.29,3623.62,20.03479907,200.21051463830003
801050,2016-12-14,3680.04,3667.3,3701.17,3639.88,21.37939333,229.39660313209998
801050,2016-12-15,3673.48,3648.42,3696.8,3644.13,20.42185375,216.03755985990003
801050,2016-12-16,3657.66,3655.99,3665.89,3638.92,17.66228986,185.8517734196
801050,2016-12-19,3647.7,3655.52,3658.02,3635.93,14.68390386,156.5549898946
801050,2016-12-20,3635.63,3634.61,3646.95,3610.6,16.63220478,169.1157399553
801050,2016-12-21,3668.13,3636.45,3668.22,3636.26,15.27490172,161.3603822542
801050,2016-12-22,3650.87,3660.24,3660.36,3632.91,13.16652315,150.032264511
801050,2016-12-23,3605.52,3652.02,3653.64,3604.48,13.05882357,138.9403926662
801050,2016-12-26,3591.65,3584.95,3591.65,3525.58,14.90891374,154.8125282334
801050,2016-12-27,3594.42,3582.3,3606.1,3578.22,12.25833211,128.3307528258
801050,2016-12-28,3593.77,3600.94,3614.66,3586.34,13.76017614,143.8850140944
801050,2016-12-29,3594.22,3591.11,3613.78,3586.0,13.31797217,150.4972947217
801050,2016-12-30,3592.85,3603.96,3614.68,3584.34,12.93256004,136.7176747645
801050,2017-01-03,3623.94,3601.93,3625.32,3601.93,13.58645572,133.99970583430002
801050,2017-01-04,3670.89,3622.29,3672.92,3614.31,17.61416215,188.28773213169998
801050,2017-01-05,3688.33,3679.8,3701.17,3669.8,20.25936232,217.46542134540002
801050,2017-01-06,3665.62,3682.41,3685.21,3655.51,16.43233657,169.849656262
801050,2017-01-09,3677.0,3657.16,3677.19,3648.21,14.10367651,155.8549946983
801050,2017-01-10,3695.5,3681.68,3718.99,3673.99,18.83405106,204.2915747293
801050,2017-01-11,3675.47,3697.4,3728.46,3670.76,21.18623473,201.1421082707
801050,2017-01-12,3635.67,3671.16,3676.61,3625.27,16.31486445,166.65249021190002
801050,2017-01-13,3575.78,3638.14,3645.12,3572.52,15.90957354,157.7285610868
801050,2017-01-16,3500.2,3571.1,3573.03,3405.16,23.27948302,211.8589138898
801050,2017-01-17,3520.22,3479.98,3520.22,3441.47,15.43278537,148.6149890724
801050,2017-01-18,3518.02,3517.31,3533.51,3506.65,13.40770484,142.4717017857
801050,2017-01-19,3496.74,3500.73,3515.86,3483.51,12.52959374,123.0884045731
801050,2017-01-20,3525.26,3490.09,3532.6,3489.94,10.87845809,112.55503197469999
801050,2017-01-23,3590.32,3536.6,3620.02,3536.49,19.16744374,173.910670227
801050,2017-01-24,3585.78,3588.93,3597.39,3578.5,13.18315391,128.6362826051
801050,2017-01-25,3600.45,3592.64,3613.88,3592.63,16.17761396,155.0563345383
801050,2017-01-26,3691.05,3598.07,3691.27,3597.62,22.83392008,206.10495437830002
801050,2017-02-03,3661.49,3704.5,3704.5,3657.33,17.00612303,174.46414974310002
801050,2017-02-06,3669.82,3659.21,3669.82,3630.93,15.67558585,161.1186127721
801050,2017-02-07,3695.41,3673.19,3695.6,3662.21,18.81563212,208.35258594400003
801050,2017-02-08,3708.41,3682.65,3708.41,3669.56,16.93995585,181.3990471121
801050,2017-02-09,3725.01,3714.86,3726.61,3708.91,18.48677115,193.94494137419997
801050,2017-02-10,3740.05,3710.23,3752.49,3699.68,24.52212212,240.7745995494
801050,2017-02-13,3785.7,3792.85,3816.01,3778.09,31.43150471,301.5409216597
801050,2017-02-14,3819.31,3777.52,3819.45,3762.71,27.95122681,261.0347110561
801050,2017-02-15,3743.79,3798.52,3802.56,3738.7,24.79791413,245.0574601545
801050,2017-02-16,3810.55,3744.29,3833.16,3744.18,32.97396169,319.3287154403
801050,2017-02-17,3767.45,3802.76,3804.84,3760.47,24.32925963,243.6585703696
801050,2017-02-20,3796.67,3755.56,3796.67,3755.56,20.61780276,205.3656589645
801050,2017-02-21,3834.77,3805.99,3835.67,3789.8,24.54528614,265.7683507584
801050,2017-02-22,3838.62,3840.89,3851.11,3828.84,24.08947028,275.42251897759996
801050,2017-02-23,3890.62,3842.1,3894.83,3836.84,36.18089684,399.5540677643
801050,2017-02-24,3847.51,3873.94,3873.94,3825.7,33.73894793,353.27300887769997
801050,2017-02-27,3821.72,3850.06,3874.05,3818.62,24.46109849,271.8630342021
801050,2017-02-28,3844.11,3820.65,3853.11,3819.06,21.88660033,247.98845983080002
801050,2017-03-01,3873.84,3836.17,3891.24,3829.67,28.66936794,303.0177631959
801050,2017-03-02,3874.04,3878.61,3912.57,3871.73,28.42626546,321.2219425671
801050,2017-03-03,3841.53,3837.85,3852.61,3827.16,27.88402709,325.9135703603
801050,2017-03-06,3868.19,3838.37,3868.19,3838.29,22.73632862,273.9254805092
801050,2017-03-07,3841.69,3860.34,3864.29,3831.12,21.5215562,251.2253271284
801050,2017-03-08,3835.02,3835.45,3838.16,3817.16,17.36399318,214.39144239419997
801050,2017-03-09,3790.33,3823.45,3823.58,3782.83,20.75973776,227.8487562152
801050,2017-03-10,3810.37,3785.69,3815.28,3785.43,17.31761002,224.55768835830003
801050,2017-03-13,3865.99,3810.36,3865.99,3797.48,23.84226733,292.5949217987
801050,2017-03-14,3853.44,3863.5,3872.46,3847.39,20.99801487,259.5171179932
801050,2017-03-15,3872.84,3847.79,3878.64,3843.48,18.80961048,249.0916884111
801050,2017-03-16,3914.14,3909.63,3920.7,3892.39,22.25044994,283.0297129745
801050,2017-03-17,3871.9,3918.02,3924.84,3869.27,25.55915394,334.9924528
801050,2017-03-20,3884.26,3876.53,3894.97,3852.78,22.30158823,282.660161688
801050,2017-03-21,3863.15,3876.0,3876.0,3850.01,18.98901875,251.53618968599997
801050,2017-03-22,3856.66,3850.41,3865.78,3838.93,21.33753459,271.1016588124
801050,2017-03-23,3867.58,3856.43,3870.16,3836.27,21.99445696,299.44343465130004
801050,2017-03-24,3840.93,3859.35,3859.35,3822.02,20.12973588,247.50845509360002
801050,2017-03-27,3837.74,3839.01,3841.5,3824.51,19.61723917,242.0458971684
801050,2017-03-28,3838.19,3830.0,3848.17,3828.3,17.58030436,234.27832669810002
801050,2017-03-29,3824.91,3845.66,3850.19,3821.39,19.97910169,270.32942118209996
801050,2017-03-30,3744.65,3820.82,3820.82,3743.19,21.88551393,265.0490842029
801050,2017-03-31,3766.26,3740.81,3774.11,3740.76,18.73776668,259.48542472630004
801050,2017-04-06,3881.95,3878.35,3884.0,3865.1,21.62501682,259.23051696650003
801050,2017-04-07,3899.08,3878.82,3928.38,3878.82,27.30643743,314.2701351784
801050,2017-04-10,3842.39,3878.91,3879.06,3834.97,23.42641151,284.0914976117
801050,2017-04-11,3863.11,3832.13,3863.11,3798.52,29.57684512,346.58803207589995
801050,2017-04-12,3858.39,3870.59,3885.51,3850.94,26.60189002,291.2046189425
801050,2017-04-13,3879.09,3856.38,3879.09,3852.03,19.39161446,232.5386127229
801050,2017-04-14,3854.03,3878.76,3895.0,3847.72,27.58018322,305.22525882220003
801050,2017-04-17,3811.63,3842.12,3846.19,3795.58,23.49178365,252.1298726735
801050,2017-04-18,3764.9,3805.18,3813.26,3764.74,17.99571234,192.8809669057
801050,2017-04-19,3686.92,3740.42,3740.63,3646.67,23.42101613,239.7673423809
801050,2017-04-20,3646.31,3680.74,3693.93,3617.09,17.10860545,180.5210403285
801050,2017-04-21,3630.81,3647.74,3664.7,3626.45,14.61788443,149.4392679033
801050,2017-04-24,3499.78,3613.63,3613.85,3499.42,18.42028554,189.1961847818
801050,2017-04-25,3511.21,3498.64,3530.2,3496.12,13.96629752,144.9537103824
801050,2017-04-26,3543.81,3511.68,3545.93,3511.55,14.59771688,169.3093896605
801050,2017-04-27,3573.82,3530.16,3579.79,3474.43,18.37620333,207.6847611768
801050,2017-04-28,3583.43,3560.37,3583.43,3560.37,13.23377449,148.3366997583
801050,2017-05-02,3582.55,3575.32,3595.72,3566.66,13.32428839,155.5973602752
801050,2017-05-03,3577.37,3581.78,3610.59,3564.89,14.43234951,163.605102869
801050,2017-05-04,3519.07,3554.12,3554.44,3515.61,16.03691481,185.1364760483
801050,2017-05-05,3468.92,3501.91,3503.74,3467.02,15.64037928,174.727229394
801050,2017-05-08,3423.99,3456.88,3467.46,3422.92,13.07984753,144.5812277327
801050,2017-05-09,3453.28,3413.19,3453.28,3393.76,12.94895727,142.0767575504
801050,2017-05-10,3370.53,3456.18,3461.61,3370.53,14.88835667,160.5982733656
801050,2017-05-11,3357.21,3347.18,3358.04,3269.79,18.6258567,176.4184573118
801050,2017-05-12,3356.95,3350.09,3364.25,3325.84,12.33336641,130.2395099358
801050,2017-05-15,3361.13,3360.43,3375.18,3354.84,10.98942224,121.1722646235
801050,2017-05-16,3443.74,3357.18,3443.74,3329.73,15.5739115,188.5404298629
801050,2017-05-17,3443.88,3440.85,3467.09,3435.46,14.25486871,171.590004826
801050,2017-05-18,3412.06,3422.33,3441.57,3406.41,12.91165054,165.03475565600002
801050,2017-05-19,3396.03,3407.82,3423.53,3378.62,12.08298792,166.79058230450002
801050,2017-05-22,3357.6,3389.83,3421.94,3347.19,14.472607,158.0409735047
801050,2017-05-23,3285.08,3352.08,3363.24,3270.08,15.57377682,158.7661578624
801050,2017-05-24,3282.94,3256.67,3283.06,3214.79,12.45500308,129.3463787513
801050,2017-05-25,3318.96,3277.97,3319.4,3245.33,14.4708066,144.7271401523
801050,2017-05-26,3319.77,3313.17,3332.8,3308.74,11.90740301,125.37335654549999
801050,2017-05-31,3300.89,3346.67,3352.71,3299.79,11.42032401,117.1043791803
801050,2017-06-01,3219.94,3294.08,3294.35,3214.11,14.04588648,143.92548328860002
801050,2017-06-02,3238.36,3207.97,3245.13,3171.7,11.63317517,115.42299655059999
801050,2017-06-05,3269.77,3248.68,3276.68,3248.49,10.08958894,108.6136093427
801050,2017-06-06,3280.4,3265.02,3280.4,3253.55,9.26433325,106.0241079355
801050,2017-06-07,3342.37,3285.22,3342.37,3283.12,15.29981768,157.4140345908
801050,2017-06-08,3335.49,3337.91,3352.84,3325.82,12.06083813,136.4418992167
801050,2017-06-09,3339.31,3333.29,3341.86,3314.84,11.30140216,125.1459212985
801050,2017-06-12,3298.08,3323.97,3329.23,3295.25,12.21686146,123.2293294408
801050,2017-06-13,3397.9,3290.72,3407.34,3290.72,21.24031461,224.98910194630002
801050,2017-06-14,3408.95,3397.89,3434.68,3397.89,18.60065559,226.3869765048
801050,2017-06-15,3427.85,3400.82,3429.85,3400.67,16.94330176,189.8892573486
801050,2017-06-16,3445.62,3426.33,3474.12,3413.09,22.66988029,236.99664971169997
801050,2017-06-19,3458.17,3438.6,3458.17,3431.24,15.85563582,167.5293852689
801050,2017-06-20,3493.95,3467.76,3514.32,3463.83,21.98820838,244.4356326971
801050,2017-06-21,3486.02,3493.1,3497.54,3463.93,16.01155825,171.3961697939
801050,2017-06-22,3447.26,3490.79,3512.07,3444.78,18.41077122,214.3271061574
801050,2017-06-23,3479.41,3441.09,3479.41,3412.38,17.96623226,203.9539173412
801050,2017-06-26,3535.6,3483.72,3535.74,3482.8,19.61322798,240.1389886787
801050,2017-06-27,3539.94,3526.63,3544.95,3508.62,18.48884333,213.7677238272
801050,2017-06-28,3541.89,3529.59,3552.11,3527.37,20.68964497,228.27782970959998
801050,2017-06-29,3553.56,3547.75,3569.97,3547.39,19.10602668,197.97384400159999
801050,2017-06-30,3570.2,3541.32,3570.69,3532.37,18.63253439,208.1836371107
801050,2017-07-03,3606.89,3572.42,3606.97,3557.36,19.36020276,201.5240933968
801050,2017-07-04,3576.79,3599.22,3625.89,3575.14,21.882042,236.7203761238
801050,2017-07-05,3658.49,3571.86,3661.78,3571.86,27.64978161,309.5274540421
801050,2017-07-06,3726.35,3650.09,3740.28,3648.64,36.70038301,413.0526909774
801050,2017-07-07,3840.67,3715.16,3848.59,3706.11,41.26381481,473.9225319392
801050,2017-07-10,3843.03,3837.6,3886.5,3822.44,43.71997504,512.8975966877999
801050,2017-07-11,3742.41,3827.64,3834.18,3739.09,34.28876477,388.51686964910004
801050,2017-07-12,3817.6,3756.32,3818.47,3730.54,30.51221908,367.1638915161
801050,2017-07-13,3848.54,3828.88,3915.09,3805.63,43.64070612,527.2959504104
801050,2017-07-14,3836.11,3816.88,3855.24,3784.97,29.89477496,344.73103028639997
801050,2017-07-17,3754.81,3832.28,3858.64,3666.29,43.28483879,467.79044313260005
801050,2017-07-18,3830.49,3737.14,3830.51,3737.14,34.89971652,386.01036795339996
801050,2017-07-19,3997.8,3833.2,4007.63,3833.18,65.38826826,659.6633207576999
801050,2017-07-20,4009.88,3973.19,4043.61,3967.3,49.14006852,565.3848019848999
801050,2017-07-24,4007.61,4015.94,4053.33,3968.59,36.00279957,440.77936520839995
801050,2017-07-25,4031.05,3993.43,4035.06,3967.27,41.49169495,496.7810958897
801050,2017-07-26,4085.95,4085.47,4105.48,4036.2,57.25300669,646.5426713863
801050,2017-07-27,4025.99,4067.72,4080.06,3969.05,48.77302056,574.2215534142
801050,2017-07-28,4130.87,4007.69,4156.66,4003.75,43.84749534,583.3407879216
801050,2017-07-31,4304.14,4133.56,4310.21,4133.56,65.67098923,747.1375280517
801050,2017-08-01,4263.34,4294.07,4294.09,4236.65,48.71122276,584.3191349022001
801050,2017-08-02,4300.67,4266.25,4428.73,4252.0,64.8677699,797.2101584392
801050,2017-08-03,4364.13,4294.0,4364.13,4294.0,58.57964077,666.6389856586
801050,2017-08-04,4290.14,4352.21,4450.64,4288.55,68.07797981,818.7204703656
801050,2017-08-07,4428.26,4279.57,4428.34,4236.0,62.03995445,710.4426232031
801050,2017-08-08,4460.69,4440.78,4560.49,4428.57,83.33767827,936.7861001908
801050,2017-08-09,4558.31,4503.9,4558.77,4444.8,70.1639364,788.7322627765
801050,2017-08-10,4486.27,4522.6,4532.7,4454.33,65.27516072,788.1251989524001
801050,2017-08-11,4239.87,4420.7,4437.94,4215.45,72.20829904,819.761533043
801050,2017-08-14,4342.71,4244.56,4353.63,4215.05,50.12421796,633.0451836599
801050,2017-08-15,4342.36,4311.63,4377.06,4285.31,40.00431953,553.928032068
801050,2017-08-16,4266.9,4336.93,4344.47,4206.0,47.03346737,606.2333244369
801050,2017-08-17,4334.31,4362.86,4383.12,4288.24,50.8904614,606.2571721191
801050,2017-08-18,4250.04,4255.04,4267.52,4217.49,38.41258798,454.9481541378
801050,2017-08-21,4330.91,4260.62,4335.93,4246.16,42.0971876,493.7505446891
801050,2017-08-22,4371.57,4304.88,4407.59,4296.85,45.68751676,610.352398241
801050,2017-08-23,4263.26,4327.47,4332.81,4247.73,38.74409182,504.1484030348
801050,2017-08-24,4227.09,4289.92,4296.34,4212.61,29.1106983,393.24164015699995
801050,2017-08-25,4325.43,4232.32,4357.85,4226.16,38.29710216,490.48117905059996
801050,2017-08-28,4410.6,4310.09,4413.37,4310.06,41.0527991,568.0147150923
801050,2017-08-29,4389.09,4413.22,4480.39,4379.5,43.8019477,570.8314827874
801050,2017-08-30,4463.47,4373.3,4486.42,4373.22,45.69958855,553.4092463841
801050,2017-08-31,4516.13,4460.87,4530.05,4452.22,47.3731948,599.1445144487001
801050,2017-09-01,4619.14,4528.4,4679.48,4528.27,67.57250708,818.2844476839
801050,2017-09-04,4694.27,4663.88,4718.1,4635.34,62.87152675,770.0696133936999
801050,2017-09-05,4670.59,4676.86,4683.0,4586.45,47.21641828,618.7216022855
801050,2017-09-06,4720.41,4620.72,4811.53,4620.72,54.6903366,736.9186271614999
801050,2017-09-07,4642.25,4691.82,4715.07,4634.81,44.89272384,625.4696425023001
801050,2017-09-08,4699.27,4646.42,4740.43,4642.88,46.69944672,655.1040878151
801050,2017-09-11,4842.85,4685.88,4843.37,4674.69,62.65151628,809.1774741571
801050,2017-09-12,4803.4,4850.03,4981.46,4785.3,78.24389148,1128.9891707827
801050,2017-09-13,4850.23,4792.05,4850.84,4766.39,49.06917443,703.0592512054
801050,2017-09-14,4777.56,4834.12,4850.23,4755.96,48.21611196,654.4394451592
801050,2017-09-15,4647.94,4758.7,4777.56,4635.41,43.58646257,597.2700262088
801050,2017-09-18,4690.82,4633.7,4704.62,4626.02,33.21386379,461.87145729120004
801050,2017-09-19,4669.87,4696.89,4703.31,4637.9,33.07553696,462.91521709709997
801050,2017-09-20,4787.96,4666.54,4788.47,4656.74,50.75927054,650.2951413876999
801050,2017-09-21,4658.22,4767.05,4769.9,4658.22,40.4033215,564.2317494985
801050,2017-09-22,4600.77,4619.36,4646.85,4567.52,35.40177905,484.42124565169996
801050,2017-09-25,4484.86,4581.69,4584.88,4481.52,28.98700224,409.61986788120004
801050,2017-09-26,4536.63,4495.89,4549.37,4495.66,22.23060661,323.9004668494
801050,2017-09-27,4600.46,4526.03,4608.11,4520.7,25.89777737,405.3644995583
801050,2017-09-28,4557.31,4586.36,4607.89,4554.75,25.57538095,370.03623361440003
801050,2017-09-29,4574.49,4576.77,4602.57,4524.64,25.83472222,374.7076996416
801050,2017-10-09,4602.22,4634.02,4641.28,4583.85,26.11147569,350.76175565029996
801050,2017-10-10,4545.02,4595.73,4595.87,4526.15,24.63410709,347.1998261635
801050,2017-10-11,4483.54,4533.89,4534.11,4441.48,27.44720071,415.4320363907
801050,2017-10-12,4440.89,4469.49,4469.49,4381.73,24.95307607,345.2637442232
801050,2017-10-13,4460.1,4443.88,4469.16,4443.86,17.15873219,242.82736800880002
801050,2017-10-16,4477.88,4454.5,4493.68,4411.57,29.79838078,376.07286229949995
801050,2017-10-17,4394.21,4438.42,4442.11,4388.89,20.97614481,290.505250888
801050,2017-10-18,4321.71,4386.15,4395.64,4319.62,20.8834047,279.98975832689996
801050,2017-10-19,4300.02,4314.07,4340.74,4286.98,19.6810506,252.4542400381
801050,2017-10-20,4384.79,4291.48,4385.71,4291.19,17.34830519,278.0160900162
801050,2017-10-23,4371.38,4371.68,4376.98,4348.13,13.79927543,210.6582977939
801050,2017-10-24,4398.36,4376.69,4412.27,4366.86,16.34130487,241.427737863
801050,2017-10-25,4396.29,4380.68,4399.31,4364.58,15.5720652,234.5794764275
801050,2017-10-26,4432.4,4393.07,4445.07,4369.05,24.96191012,355.9230409415
801050,2017-10-27,4358.4,4423.38,4423.44,4356.88,21.10691188,299.82209873979997
801050,2017-10-30,4252.56,4341.02,4341.02,4221.85,25.16507943,344.4815185269
801050,2017-10-31,4318.03,4232.0,4326.41,4231.9,16.78632974,298.8838795725
801050,2017-11-01,4339.04,4334.92,4359.23,4326.65,19.08044106,306.01488686790003
801050,2017-11-02,4288.96,4330.64,4345.79,4285.6,18.72999513,303.0567784514
801050,2017-11-03,4230.01,4271.54,4282.04,4201.49,20.56967945,293.0620191277
801050,2017-11-06,4250.15,4229.61,4250.15,4197.53,16.44104153,254.46468587639998
801050,2017-11-07,4276.91,4251.24,4290.48,4218.53,19.41201207,274.7813317499
801050,2017-11-08,4294.87,4257.57,4318.16,4246.8,21.02061215,313.6844866361
801050,2017-11-09,4288.66,4297.19,4317.38,4270.16,15.91050881,247.5073222273
801050,2017-11-10,4268.68,4279.67,4279.69,4253.72,19.19294363,275.1593424554
801050,2017-11-13,4281.79,4267.24,4283.29,4232.06,23.61114002,365.72199723769995
801050,2017-11-14,4231.08,4275.06,4287.69,4226.53,22.3855013,372.2595551608
801050,2017-11-15,4141.78,4198.52,4198.61,4135.4,23.95562687,406.5469385069
801050,2017-11-16,4093.71,4128.48,4145.76,4092.97,18.94909432,278.6717557161
801050,2017-11-17,3978.19,4085.24,4105.46,3970.65,25.13556074,334.6252833044
801050,2017-11-20,4020.54,3958.11,4020.84,3906.87,18.16492227,260.7910269608
801050,2017-11-21,4001.43,4003.44,4016.61,3971.63,16.53453543,239.7827622524
801050,2017-11-22,4032.68,4008.61,4035.74,3991.99,16.65946239,235.0185624221
801050,2017-11-23,3989.57,4026.01,4100.76,3989.22,24.63493561,318.6534997474
801050,2017-11-24,4068.62,3970.34,4077.82,3955.45,21.84078006,290.36113830759996
801050,2017-11-27,3976.51,4056.48,4079.73,3965.12,22.83733488,301.3231512052
801050,2017-11-28,4041.53,3957.14,4042.01,3951.49,18.55862787,250.3367104135
801050,2017-11-29,4113.77,4026.78,4128.23,4026.73,32.6131819,386.54063342669997
801050,2017-11-30,4078.59,4091.06,4118.06,4061.72,20.6249819,264.4038020127
801050,2017-12-01,4077.91,4065.73,4088.57,4044.46,17.33422049,223.9080136262
801050,2017-12-04,4046.54,4077.51,4107.77,4044.28,19.63896232,253.62196865049998
801050,2017-12-05,3913.86,4033.54,4033.54,3889.26,24.76417603,286.70728383740004
801050,2017-12-06,3922.8,3883.61,3923.23,3847.27,19.1933695,228.61747288169997
801050,2017-12-07,3908.22,3910.23,3948.37,3905.2,17.54640608,221.42261411209998
801050,2017-12-08,3942.86,3895.72,3951.38,3895.72,17.56485774,223.4991528729
801050,2017-12-11,3988.56,3945.32,3988.56,3932.91,16.45204758,221.9343058678
801050,2017-12-12,3986.14,3983.68,4035.38,3980.27,18.87719721,287.43889861040003
801050,2017-12-13,3999.73,3973.77,3999.73,3953.53,14.97224114,215.74266047759997
801050,2017-12-14,3997.8,4002.5,4027.96,3981.26,16.51290274,225.1270424407
801050,2017-12-15,3972.15,3990.92,3994.19,3945.97,17.71223734,248.303090643
801050,2017-12-18,3982.43,3966.49,3985.95,3947.73,17.32300732,225.32605183229998
801050,2017-12-19,3978.19,3982.06,3990.29,3963.23,13.87188643,183.4145763518
801050,2017-12-20,3924.46,3973.89,3982.42,3918.07,15.49638562,192.5819210061
801050,2017-12-21,3953.69,3922.21,3959.48,3913.5,16.14746556,210.6816790718
801050,2017-12-22,3975.39,3953.67,4003.3,3951.62,18.04995236,236.5810139485
801050,2017-12-25,3972.83,3987.07,3994.47,3960.38,18.89371218,259.9796717338
801050,2017-12-26,3988.91,3958.11,3989.74,3928.91,18.49017998,253.23530253549998
801050,2017-12-27,4026.17,3989.32,4075.22,3989.31,29.35391621,374.3613670015
801050,2017-12-28,4161.59,4024.88,4177.1,4024.72,48.54388792,503.0715370761
801050,2017-12-29,4145.95,4154.51,4157.4,4123.82,30.59675372,341.6147351203
801050,2018-01-02,4182.36,4161.84,4182.45,4140.53,31.7619483,338.830695608
801050,2018-01-03,4223.77,4186.35,4259.93,4185.69,36.27650913,438.6989079134
801050,2018-01-04,4267.73,4198.86,4268.23,4193.16,33.33869494,430.23961896459997
801050,2018-01-05,4242.73,4260.15,4280.65,4238.17,30.25178535,389.126023342
801050,2018-01-08,4316.29,4225.68,4336.72,4223.01,38.87700407,473.1944057509
801050,2018-01-09,4313.85,4314.88,4344.22,4281.8,30.61419348,388.9200426124
801050,2018-01-10,4271.99,4304.1,4335.96,4239.63,31.4210296,413.2726511921
801050,2018-01-11,4285.36,4276.74,4317.51,4252.45,28.68843541,356.3727894708
801050,2018-01-12,4248.92,4270.84,4273.06,4237.31,25.52363715,322.7188075271
801050,2018-01-15,4098.45,4254.34,4256.63,4078.21,33.05445986,439.5278404184
801050,2018-01-16,4109.16,4084.55,4119.89,4079.25,24.94350998,309.852419878
801050,2018-01-17,4061.48,4092.92,4093.11,4007.41,25.7976143,323.35515729310004
801050,2018-01-18,4069.13,4049.73,4090.21,4049.73,17.58621711,222.40214957860002
801050,2018-01-19,4077.42,4071.35,4101.43,4050.24,18.63412777,234.08561409360001
801050,2018-01-22,4126.72,4073.0,4126.73,4057.83,20.42987726,257.4897296044
801050,2018-01-23,4189.07,4139.07,4198.14,4127.98,26.43382787,335.10134949310003
801050,2018-01-24,4165.58,4174.87,4174.98,4131.33,24.10807792,293.5094385599
801050,2018-01-25,4212.66,4198.54,4244.11,4198.5,34.10492766,373.17406370379996
801050,2018-01-26,4163.08,4177.13,4188.2,4160.48,22.13498124,275.8922886577
801050,2018-01-29,4167.87,4171.93,4209.16,4155.44,25.88201728,310.374032867
801050,2018-01-30,4146.65,4142.78,4209.2,4137.88,23.70656521,320.5548654461
801050,2018-01-31,4091.91,4111.33,4129.45,4061.62,26.26256651,321.7573908271
801050,2018-02-01,3926.26,4079.93,4096.47,3923.31,33.64109004,375.7558996895
801050,2018-02-02,4023.11,3885.34,4037.35,3821.92,33.47273347,356.8461039307
801050,2018-02-05,3987.59,3936.07,4030.44,3929.23,27.29211656,308.00299568180003
801050,2018-02-06,3827.99,3910.54,3993.39,3825.95,32.96018439,360.9925895299
801050,2018-02-07,3818.62,3893.15,3903.16,3779.0,28.27511884,317.0797853229
801050,2018-02-08,3792.0,3770.94,3813.13,3751.49,23.38463609,258.84769197189996
801050,2018-02-09,3618.01,3704.83,3726.76,3577.83,30.22962259,322.8480874814
801050,2018-02-12,3738.63,3633.82,3748.87,3624.42,18.65183151,235.6376200708
801050,2018-02-13,3757.41,3781.2,3792.61,3755.93,18.27994439,254.929818141
801050,2018-02-14,3811.75,3782.41,3818.18,3752.78,14.48515192,198.17554670650003
801050,2018-02-22,3931.35,3844.18,3966.25,3832.71,22.32232643,284.9405929751
801050,2018-02-23,3968.91,3946.96,3969.44,3898.3,21.7546675,292.5046251397
801050,2018-02-26,4023.08,3968.58,4036.62,3943.15,28.76460223,374.622291704
801050,2018-02-27,3946.72,3980.56,3985.09,3938.1,24.7135612,312.04588511869997
801050,2018-02-28,3977.26,3891.37,4002.44,3881.47,26.27090966,346.4706815303
801050,2018-03-01,3979.46,3926.12,3985.3,3922.27,32.85199076,370.0188408325
801050,2018-03-02,3960.89,3943.47,4018.92,3940.61,28.07837353,354.4867902693
801050,2018-03-05,3954.35,3967.81,3997.91,3942.59,26.37140938,325.8615128716
801050,2018-03-06,4012.06,3957.62,4012.5,3912.41,36.08526394,401.73093655120005
801050,2018-03-07,3969.11,4006.55,4017.73,3962.87,26.12154664,317.2443091285
801050,2018-03-08,3976.16,3960.59,4008.61,3956.47,28.25992936,323.0591927743
801050,2018-03-09,3987.35,3955.87,3990.96,3947.21,25.30455237,288.248735165
801050,2018-03-12,4091.37,4005.68,4107.76,4005.68,36.14748677,454.1089033432
801050,2018-03-13,4073.09,4078.3,4089.63,4061.36,26.52618473,311.916414229
801050,2018-03-14,4087.78,4069.74,4153.75,4069.64,35.24985758,404.8598060076
801050,2018-03-15,4081.99,4090.94,4095.12,4039.21,29.33733512,361.86696779730005
801050,2018-03-16,4024.22,4066.19,4069.89,4024.22,22.27694509,276.2058833008
801050,2018-03-19,4012.32,4001.73,4029.33,3971.69,21.78450065,261.4023720467
801050,2018-03-20,3993.23,3982.29,4009.74,3965.57,20.31782517,240.97034827669998
801050,2018-03-21,3962.73,3987.3,4023.98,3946.07,22.73885274,279.58140207630004
801050,2018-03-22,3969.48,3978.65,4004.77,3953.13,20.84339023,261.2978945374
801050,2018-03-23,3765.87,3844.74,3864.86,3707.03,44.43708823,484.8938714769
801050,2018-03-26,3845.42,3712.01,3845.96,3712.01,30.37706083,362.2354879241
801050,2018-03-27,3944.63,3879.03,3944.63,3867.8,28.86341761,360.40501758050004
801050,2018-03-28,3875.99,3882.07,3907.09,3870.52,22.73913145,288.3560113586
801050,2018-03-29,3882.53,3875.03,3897.9,3836.38,23.49019688,289.4747374585
801050,2018-03-30,3903.72,3885.03,3903.84,3877.7,20.51191623,256.1090200354
801050,2018-04-02,3903.87,3913.42,3922.38,3886.51,27.17526954,358.9965278647
801050,2018-04-03,3851.79,3852.18,3870.96,3824.93,24.23790061,303.49550732259996
801050,2018-04-04,3825.81,3852.45,3868.65,3825.81,21.9168977,275.9835322361
801050,2018-04-09,3849.63,3808.52,3867.28,3808.52,22.48209225,277.95373468130003
801050,2018-04-10,3921.26,3872.36,3921.26,3871.93,26.48499635,312.9923660209
801050,2018-04-11,3961.84,3956.65,3962.11,3922.57,29.49827222,335.18740331419997
801050,2018-04-12,3911.5,3947.5,3949.05,3907.85,29.08635434,362.36222747
801050,2018-04-13,3888.06,3905.76,3917.64,3873.69,21.87264226,286.0710928243
801050,2018-04-16,3842.34,3875.55,3897.81,3827.21,22.46426836,277.83154126979997
801050,2018-04-17,3759.98,3850.65,3854.7,3746.17,26.8474923,325.6285252934
801050,2018-04-18,3774.52,3778.29,3783.22,3669.74,24.35141655,306.0785542543
801050,2018-04-19,3863.76,3796.78,3876.92,3796.78,38.08432667,382.2794475036
801050,2018-04-20,3769.8,3823.57,3825.97,3761.33,28.55545484,305.5730002443
801050,2018-04-23,3726.86,3744.84,3763.07,3687.24,19.93022628,233.26963724700002
801050,2018-04-24,3780.35,3701.32,3781.43,3699.91,24.15315188,275.2213287287
801050,2018-04-25,3758.77,3756.54,3781.49,3745.43,16.36627452,201.2545446222
801050,2018-04-26,3674.88,3756.67,3758.07,3671.89,17.12861615,205.84576455319998
801050,2018-04-27,3687.63,3686.98,3692.97,3659.75,14.62686764,177.90218221860002
801050,2018-05-02,3677.13,3696.62,3703.59,3659.96,16.01462709,196.12389088880002
801050,2018-05-03,3687.35,3669.01,3690.68,3616.22,17.56551079,231.8654128875
801050,2018-05-04,3678.89,3671.07,3698.85,3668.83,14.56625849,206.7052977458
801050,2018-05-07,3752.65,3679.06,3752.69,3678.25,16.44642893,236.95652902080002
801050,2018-05-08,3769.33,3752.43,3771.54,3749.05,17.0892216,227.4718323864
801050,2018-05-09,3761.18,3761.5,3772.58,3745.63,14.52276891,212.4097998682
801050,2018-05-10,3773.11,3766.9,3781.55,3754.04,13.77676807,198.12961673819999
801050,2018-05-11,3823.94,3783.87,3848.41,3783.7,22.8494908,325.981149006
801050,2018-05-14,3825.91,3824.29,3868.7,3812.3,20.31795702,301.9855556693
801050,2018-05-15,3839.78,3830.68,3839.8,3787.61,18.01253721,247.4765074644
801050,2018-05-16,3795.73,3817.26,3826.26,3793.22,16.59488644,240.6554948116
801050,2018-05-17,3771.87,3794.67,3806.69,3761.01,13.46590391,199.8177139263
801050,2018-05-18,3796.74,3771.68,3799.96,3754.09,15.0841129,203.0750481994
801050,2018-05-21,3820.47,3823.71,3837.44,3809.75,18.12385169,250.8872478588
801050,2018-05-22,3830.39,3813.07,3831.46,3781.84,16.85937117,247.70612437970001
801050,2018-05-23,3753.06,3815.12,3815.25,3753.06,16.68725403,233.9949085975
801050,2018-05-24,3747.84,3749.96,3769.34,3743.79,12.25761057,175.72945716400002
801050,2018-05-25,3685.76,3742.51,3748.88,3678.55,16.88689789,217.3444563424
801050,2018-05-28,3650.22,3680.41,3687.25,3644.98,13.97405097,179.26110166290002
801050,2018-05-29,3638.43,3647.07,3662.29,3627.63,13.0457033,162.5450116008
801050,2018-05-30,3544.03,3596.27,3604.94,3540.61,21.80252657,247.25478505549998
801050,2018-05-31,3570.39,3560.68,3571.32,3542.96,16.0955829,184.2465126923
801050,2018-06-01,3563.61,3556.64,3602.89,3548.53,15.38193964,188.27158976869998
801050,2018-06-04,3521.05,3561.38,3567.3,3515.38,14.32825212,179.74477423509998
801050,2018-06-05,3565.99,3514.13,3565.99,3514.07,13.4492165,167.89134000229998
801050,2018-06-06,3607.47,3571.66,3621.11,3571.44,18.17127903,203.0903606341
801050,2018-06-07,3606.92,3632.88,3640.81,3606.08,16.16142964,195.0595670144
801050,2018-06-08,3537.91,3601.97,3601.99,3519.98,16.76253545,190.0137173677
801050,2018-06-11,3559.17,3536.95,3573.22,3532.68,13.45177883,165.9617131308
801050,2018-06-12,3558.49,3550.39,3558.95,3503.81,13.48872715,164.1777048331
801050,2018-06-13,3500.09,3543.03,3543.03,3497.48,13.0785088,155.15498681030002
801050,2018-06-14,3504.24,3490.49,3530.24,3487.35,12.83437397,157.5421029831
801050,2018-06-15,3439.86,3499.81,3507.97,3406.44,19.71238504,209.7458066351
801050,2018-06-19,3218.05,3369.89,3379.13,3178.83,27.28074552,267.2612987963
801050,2018-06-20,3203.32,3167.43,3225.63,3131.76,17.7807395,196.84579726360002
801050,2018-06-21,3119.14,3192.0,3243.62,3119.14,17.3695205,194.9653028911
801050,2018-06-22,3174.83,3088.69,3185.92,3060.85,13.89794297,167.2848116155
801050,2018-06-25,3160.48,3203.76,3216.25,3159.68,12.60957629,160.4381518439
801050,2018-06-26,3178.14,3106.45,3179.77,3098.09,12.83945754,150.11424487809998
801050,2018-06-27,3167.57,3175.04,3190.4,3146.94,12.60760327,144.0936875549
801050,2018-06-28,3129.4,3151.56,3188.24,3126.01,11.77820181,141.8064810135
801050,2018-06-29,3201.82,3128.32,3202.97,3111.09,14.29034585,171.0252092068
801050,2018-07-02,3137.16,3196.26,3203.3,3114.12,13.65293078,149.4001215932
801050,2018-07-03,3148.22,3129.06,3151.32,3060.8,13.1059149,157.3632791178
801050,2018-07-04,3124.81,3140.98,3158.11,3117.96,14.85988594,165.1615528163
801050,2018-07-05,3026.13,3111.36,3121.44,3025.93,17.87643836,174.2891015569
801050,2018-07-06,3046.76,3025.62,3078.77,2970.95,15.58358018,172.00944226080003
801050,2018-07-09,3109.55,3047.29,3110.03,3047.29,12.26947939,141.7259405516
801050,2018-07-10,3149.11,3118.17,3161.81,3114.8,14.93233884,175.3755724352
801050,2018-07-11,3096.55,3088.98,3137.25,3055.12,17.84229458,219.3591775602
801050,2018-07-12,3154.06,3078.54,3162.38,3078.54,16.95213709,218.12858296169998
801050,2018-07-13,3181.84,3150.58,3194.49,3134.06,15.59751921,196.07272216169997
801050,2018-07-16,3163.32,3176.6,3183.78,3145.93,11.30454097,146.7448057384
801050,2018-07-17,3176.09,3157.3,3177.45,3141.76,11.59389961,151.4211585104
801050,2018-07-18,3140.16,3171.13,3182.03,3139.7,12.47140038,153.7484470803
801050,2018-07-19,3110.0,3139.85,3157.67,3094.64,11.97830588,133.9548199882
801050,2018-07-20,3137.3,3100.64,3145.36,3085.13,12.65609059,137.2682892203
801050,2018-07-23,3197.97,3137.27,3198.31,3130.91,18.49440347,173.67944557169997
801050,2018-07-24,3267.63,3191.16,3275.09,3191.16,29.95105806,254.3336463345
801050,2018-07-25,3247.17,3272.53,3272.53,3237.25,23.13663042,223.5289411105
801050,2018-07-26,3223.07,3245.97,3260.55,3211.12,19.65560871,199.9273179878
801050,2018-07-27,3197.43,3215.31,3223.18,3185.82,15.68325696,138.750669856
801050,2018-07-30,3187.91,3195.15,3226.61,3174.23,16.38963702,152.0220261611
801050,2018-07-31,3173.16,3186.93,3190.49,3157.59,13.34274505,131.9587115538
801050,2018-08-01,3111.12,3176.33,3186.52,3110.76,16.05595495,168.6638217075
801050,2018-08-02,3031.18,3092.14,3092.39,2959.02,19.96419428,187.31807882540002
801050,2018-08-03,2990.52,3020.77,3042.2,2990.5,12.81087891,118.2434920497
801050,2018-08-06,2887.15,2977.46,2981.15,2873.54,15.12646605,150.0017507059
801050,2018-08-07,2958.0,2893.3,2958.0,2838.4,16.90768867,160.6504421535
801050,2018-08-08,2908.85,2942.32,2947.88,2907.43,15.81417928,146.63116425139998
801050,2018-08-09,2977.46,2912.8,2996.06,2912.0,19.18090226,162.7986103
801050,2018-08-10,2980.43,2972.11,2986.75,2956.23,12.44775296,116.05455249209999
801050,2018-08-13,2984.54,2943.45,2985.62,2930.45,12.7657338,124.50396859690001
801050,2018-08-14,2978.89,2968.78,2986.7,2953.29,11.53081919,111.9441834867
801050,2018-08-15,2908.19,2974.01,2978.98,2908.19,11.19483506,106.9598861485
801050,2018-08-16,2871.36,2857.93,2904.82,2837.13,11.43365513,104.0285188207
801050,2018-08-17,2832.68,2895.53,2904.14,2830.14,10.25002608,98.1692682648
801050,2018-08-20,2873.66,2838.0,2873.9,2818.6,10.00603589,97.656639596
801050,2018-08-21,2903.4,2874.56,2912.26,2868.53,11.46176859,110.6945787183
801050,2018-08-22,2866.2,2894.53,2894.72,2862.43,9.01585027,88.0528808598
801050,2018-08-23,2873.55,2862.51,2887.26,2848.84,8.57381234,87.15946304389999
801050,2018-08-24,2864.65,2869.91,2882.4,2853.91,9.29640561,87.37026428629999
801050,2018-08-27,2915.72,2874.77,2915.72,2873.33,13.66681835,123.6006096324
801050,2018-08-28,2946.09,2918.7,2961.69,2904.55,19.11011413,157.43819407959998
801050,2018-08-29,2914.21,2936.47,2937.23,2908.92,14.32374992,114.284979838
801050,2018-08-30,2875.71,2911.34,2920.71,2875.71,12.24612575,102.060558825
801050,2018-08-31,2840.45,2862.93,2865.24,2828.01,11.18712865,97.3369415839
801050,2018-09-03,2835.47,2837.82,2839.86,2796.05,10.28359358,92.8301437943
801050,2018-09-04,2843.69,2827.0,2851.7,2813.39,10.29490233,95.25626436879999
801050,2018-09-05,2787.58,2830.09,2837.75,2787.58,11.22743787,95.93653218719999
801050,2018-09-06,2769.11,2781.46,2811.43,2760.35,11.26230438,98.9313755148
801050,2018-09-07,2778.39,2773.62,2802.41,2764.46,12.48861886,106.5413045911
801050,2018-09-10,2710.44,2772.96,2775.94,2709.42,13.07382469,113.21543101469999
801050,2018-09-11,2713.68,2711.73,2727.3,2687.86,9.59315357,84.8642649442
801050,2018-09-12,2725.81,2711.33,2739.97,2702.11,9.21769507,89.50649823110001
801050,2018-09-13,2756.41,2756.61,2765.65,2726.74,10.72247465,99.6752016619
801050,2018-09-14,2756.59,2757.68,2799.73,2754.6,12.46716343,116.83636248180001
801050,2018-09-17,2693.74,2736.07,2736.32,2689.0,9.57920202,82.6525529429
801050,2018-09-18,2745.68,2686.35,2745.68,2683.14,10.72983362,91.9986282402
801050,2018-09-19,2771.74,2736.41,2788.21,2731.35,14.49654011,119.1047105773
801050,2018-09-20,2785.71,2777.62,2816.85,2777.62,16.26485435,144.7134177542
801050,2018-09-21,2846.43,2790.12,2852.41,2771.41,19.5752243,183.0586253926
801050,2018-09-25,2839.09,2825.27,2852.85,2818.05,13.27794925,129.1738707592
801050,2018-09-26,2844.92,2839.57,2862.9,2831.93,15.01623691,137.7265459153
801050,2018-09-27,2810.57,2842.8,2850.28,2810.57,14.85688702,142.7221882418
801050,2018-09-28,2844.65,2805.93,2845.07,2799.22,14.9025376,133.0596441914
801050,2018-10-08,2766.23,2800.46,2836.6,2760.95,19.56884245,169.6967271236
801050,2018-10-09,2808.04,2771.36,2815.3,2767.49,17.47916234,145.1414329453
801050,2018-10-10,2786.76,2813.9,2821.71,2764.24,17.81448898,162.5053800881
801050,2018-10-11,2587.85,2689.48,2702.46,2566.38,27.9027023,212.11556891669997
801050,2018-10-12,2563.94,2572.49,2593.87,2477.95,25.72134296,190.9609926491
801050,2018-10-15,2514.11,2561.78,2572.89,2509.86,17.35689179,129.2510122064
801050,2018-10-16,2457.03,2515.09,2533.09,2439.65,16.66040288,125.6799626968
801050,2018-10-17,2447.65,2482.27,2491.89,2394.55,17.91144208,153.1839301172
801050,2018-10-18,2355.65,2425.45,2425.73,2354.79,16.82528363,128.1857742852
801050,2018-10-19,2402.31,2321.69,2404.94,2308.86,17.18976663,126.210907921
801050,2018-10-22,2522.64,2416.2,2547.81,2416.05,24.21492127,186.16271936470002
801050,2018-10-23,2486.5,2517.6,2525.2,2471.3,20.97815687,166.7369239569
801050,2018-10-24,2504.27,2467.76,2526.47,2467.76,18.04760017,145.1993756503
801050,2018-10-25,2509.11,2436.39,2509.17,2429.9,19.70007133,147.57204377600002
801050,2018-10-26,2520.48,2520.95,2563.48,2510.77,22.00537827,153.4509635433
801050,2018-10-29,2468.98,2501.65,2514.29,2459.7,14.11008732,107.4670706844
801050,2018-10-30,2494.99,2456.78,2512.41,2439.6,16.03077599,120.9437253202
801050,2018-10-31,2561.92,2502.33,2584.36,2499.27,23.4236069,180.821327217
801050,2018-11-01,2571.59,2562.43,2589.19,2549.76,27.48842381,208.9764292484
801050,2018-11-02,2643.83,2603.88,2651.39,2591.54,29.22247579,237.2099090332
801050,2018-11-05,2637.28,2633.31,2659.61,2608.29,22.68986063,199.9663697426
801050,2018-11-06,2629.19,2622.84,2629.28,2605.17,18.34505858,156.5175029006
801050,2018-11-07,2653.55,2657.85,2706.22,2648.65,31.21660496,263.5425802133
801050,2018-11-08,2608.85,2656.71,2657.27,2608.5,21.02307979,173.28224625209998
801050,2018-11-09,2575.93,2594.55,2610.44,2575.08,16.61817854,126.9909555924
801050,2018-11-12,2623.94,2567.67,2623.94,2557.33,19.11285859,148.6756071214
801050,2018-11-13,2662.85,2591.51,2672.46,2587.17,28.49422473,201.7006371893
801050,2018-11-14,2647.37,2659.57,2681.23,2643.61,23.87503639,178.1231667673
801050,2018-11-15,2686.41,2645.7,2686.41,2643.53,19.1069288,153.7291619311
801050,2018-11-16,2699.95,2690.43,2714.68,2680.38,22.86403377,190.6030438484
801050,2018-11-19,2711.4,2697.32,2711.4,2671.27,20.96137242,171.1652568195
801050,2018-11-20,2671.22,2688.99,2716.03,2668.37,25.3426116,201.2383797854
801050,2018-11-21,2659.09,2636.2,2659.66,2622.24,19.62058519,144.7733002158
801050,2018-11-22,2647.6,2662.99,2669.89,2643.15,14.22648247,110.7227377999
801050,2018-11-23,2522.19,2641.89,2642.06,2518.96,21.87975437,165.7003971847
801050,2018-11-26,2502.32,2509.82,2530.08,2493.94,12.94712844,91.7833241351
801050,2018-11-27,2522.94,2518.46,2533.84,2510.54,10.39489386,80.6160087909
801050,2018-11-28,2544.81,2516.64,2544.81,2485.2,12.68045085,96.77783383629999
801050,2018-11-29,2531.77,2567.23,2599.12,2531.71,20.18931014,154.9523132793
801050,2018-11-30,2560.07,2519.24,2563.29,2511.18,17.74137928,145.07885984709998
801050,2018-12-03,2633.41,2610.77,2635.14,2589.25,22.02857943,187.7135032529
801050,2018-12-04,2638.66,2624.45,2639.34,2616.64,16.67245999,138.4144862436
801050,2018-12-05,2645.14,2599.19,2668.54,2594.52,22.87698662,194.3126451039
801050,2018-12-06,2613.2,2629.65,2644.4,2613.2,17.24571611,152.4267834671
801050,2018-12-07,2606.04,2617.57,2622.12,2598.67,11.25603682,100.99681970649999
801050,2018-12-10,2582.53,2599.48,2606.32,2577.25,13.19593494,111.0870223509
801050,2018-12-11,2604.98,2584.28,2604.98,2581.89,11.37524567,99.2929244341
801050,2018-12-12,2604.61,2607.31,2618.98,2596.54,11.34978597,101.61829473649999
801050,2018-12-13,2615.71,2608.41,2629.44,2583.14,14.06034162,114.4424503657
801050,2018-12-14,2545.47,2607.03,2613.54,2544.97,15.79051088,126.9963032388
801050,2018-12-17,2558.22,2535.82,2565.3,2531.61,10.78439133,94.54544715450001
801050,2018-12-18,2560.63,2551.24,2571.78,2538.29,12.80576666,114.79534422489999
801050,2018-12-19,2534.55,2558.41,2561.12,2530.98,10.22664943,89.3458995127
801050,2018-12-20,2533.94,2522.65,2540.59,2514.2,10.17107986,85.5062938271
801050,2018-12-21,2503.58,2536.99,2538.52,2491.27,10.76304891,99.92360953379999
801050,2018-12-24,2510.26,2501.82,2512.37,2495.86,8.79767957,79.1039044441
801050,2018-12-25,2472.44,2495.36,2495.42,2429.99,14.86893204,113.6050160882
801050,2018-12-26,2463.93,2465.16,2475.54,2460.97,11.12071895,91.4662363325
801050,2018-12-27,2431.86,2493.76,2493.91,2431.66,12.18707079,96.1645891234
801050,2018-12-28,2444.61,2437.2,2454.35,2430.75,9.77944958,77.6945635539
801050,2019-01-02,2414.58,2443.4,2443.44,2412.26,12.96646624,86.3562835467
801050,2019-01-03,2440.99,2409.18,2450.45,2406.69,15.98965828,108.29996880350001
801050,2019-01-04,2500.13,2425.49,2500.36,2425.49,18.91047081,137.9784209437
801050,2019-01-07,2546.37,2505.27,2553.17,2498.86,20.59126023,151.0008420666
801050,2019-01-08,2512.24,2540.6,2540.74,2512.24,18.36018998,133.8713830907
801050,2019-01-09,2512.91,2513.85,2535.76,2509.26,20.42080074,155.4467407782
801050,2019-01-10,2510.49,2510.44,2529.8,2505.5,16.87145797,127.4762776503
801050,2019-01-11,2533.05,2504.02,2534.66,2503.98,19.21940919,130.4618311344
801050,2019-01-14,2530.99,2532.32,2551.04,2528.49,19.65467151,131.18588127459998
801050,2019-01-15,2547.51,2524.82,2547.6,2516.08,17.67778297,123.24491083209999
801050,2019-01-16,2526.45,2544.85,2550.13,2522.12,16.83234923,118.5514914023
801050,2019-01-17,2520.47,2526.04,2542.63,2507.91,20.44860043,129.440509763
801050,2019-01-18,2568.47,2517.37,2568.47,2515.68,29.49187265,189.8200105468
801050,2019-01-21,2579.64,2567.53,2579.94,2564.66,23.28506891,164.9779126032
801050,2019-01-22,2542.07,2573.45,2574.32,2539.05,20.9442017,143.8559204162
801050,2019-01-23,2551.87,2535.06,2560.55,2530.83,17.33570407,124.4688642378
801050,2019-01-24,2538.93,2549.07,2549.08,2531.42,16.17909974,114.68659340010001
801050,2019-01-25,2520.53,2535.66,2537.6,2520.15,15.80032106,118.5418343839
801050,2019-01-28,2514.18,2543.12,2546.79,2512.2,14.93161916,112.81375244979999
801050,2019-01-29,2456.82,2507.96,2508.43,2430.37,18.19104133,131.85937270649998
801050,2019-01-30,2441.74,2447.41,2466.17,2439.96,11.69145115,86.99355620520001
801050,2019-01-31,2394.46,2440.24,2454.69,2385.4,18.33738145,122.6097490926
801050,2019-02-01,2454.65,2403.56,2454.72,2403.16,13.39163685,91.2252348115
801050,2019-02-11,2528.1,2461.52,2528.1,2461.41,17.07505257,129.4866515013
801050,2019-02-12,2550.82,2524.38,2550.82,2520.36,18.86282822,146.5459114565
801050,2019-02-13,2615.8,2551.01,2624.73,2545.98,29.31070303,227.25390694979998
801050,2019-02-14,2611.84,2612.66,2621.0,2591.9,20.59537505,161.0580520963
801050,2019-02-15,2607.38,2606.67,2638.09,2603.15,20.94058609,164.08017335620002
801050,2019-02-18,2686.8,2622.93,2686.8,2622.93,28.16088754,214.06529553229998
801050,2019-02-19,2686.72,2691.68,2706.51,2665.43,30.61701057,228.1670121141
801050,2019-02-20,2738.24,2702.95,2772.26,2699.62,37.30808991,282.1440318274
801050,2019-02-21,2735.29,2739.51,2765.73,2724.11,37.92968114,288.25769473689996
801050,2019-02-22,2763.85,2717.04,2763.85,2705.1,32.70585229,246.25648294209998
801050,2019-02-25,2954.69,2790.95,2954.69,2790.95,62.91997899,475.69276466739996
801050,2019-02-26,2985.13,2966.29,3071.4,2927.66,73.0142473,577.9335041404
801050,2019-02-27,2949.59,2961.12,3004.28,2914.89,48.75712251,388.5702024821
801050,2019-02-28,2938.24,2945.26,2969.56,2916.88,36.20999023,263.33780521209997
801050,2019-03-01,2950.46,2948.21,2955.32,2907.21,29.80083486,226.7843313129
801050,2019-03-04,2998.91,2960.27,3043.44,2958.7,53.32594068,419.6229369596
801050,2019-03-05,3050.23,2978.76,3050.23,2968.67,49.17139072,368.656343436
801050,2019-03-06,3133.49,3067.01,3140.82,3058.28,66.27504742,525.0397392604
801050,2019-03-07,3211.57,3114.35,3259.15,3098.43,76.94667895,587.7155915862
801050,2019-03-08,3008.27,3136.3,3163.39,3008.27,71.38748822,531.6988143416
801050,2019-03-11,3089.79,3007.97,3089.79,3004.82,42.47864493,327.3097854151
801050,2019-03-12,3105.48,3103.81,3136.14,3061.96,48.19787419,383.606284969
801050,2019-03-13,3082.56,3110.91,3131.37,3065.31,44.36647931,403.5812925363
801050,2019-03-14,3028.2,3064.11,3131.75,2998.5,40.44883698,382.6214717895
801050,2019-03-15,3067.68,3042.17,3067.92,3021.94,33.64294965,300.0545550936
801050,2019-03-18,3154.05,3096.42,3154.05,3096.41,40.60754627,385.71238036589995
801050,2019-03-19,3147.03,3153.26,3153.26,3121.14,32.86020021,308.5562414063
801050,2019-03-20,3120.58,3135.93,3140.3,3072.94,35.43173733,309.7556917662
801050,2019-03-21,3158.12,3130.8,3179.6,3126.68,44.92209158,365.6402877527
801050,2019-03-22,3132.66,3146.15,3146.15,3090.6,33.83288497,279.9752380708
801050,2019-03-25,3080.46,3086.3,3117.13,3073.84,37.02486946,304.60077292479997
801050,2019-03-26,3013.65,3093.06,3100.34,3006.65,34.39846094,283.8186133573
801050,2019-03-27,2997.24,3026.22,3032.93,2965.56,24.69839894,222.0302267477
801050,2019-03-28,2951.71,2978.69,2994.1,2950.05,21.63740233,185.8343874462
801050,2019-03-29,3026.6,2942.99,3026.6,2926.36,28.50431853,243.34992987479998
801050,2019-04-01,3171.56,3053.32,3180.95,3053.32,48.30608042,408.8437924818
801050,2019-04-02,3234.95,3195.75,3261.4,3152.6,58.28894781,515.9532357643
801050,2019-04-03,3237.72,3209.02,3242.49,3197.88,40.50596222,385.9621046358
801050,2019-04-04,3271.0,3271.66,3299.12,3241.45,49.31639804,462.6000284622
801050,2019-04-08,3311.72,3306.32,3362.22,3259.19,59.8363703,544.2520744738999
801050,2019-04-09,3251.39,3298.12,3298.12,3224.63,39.05645046,346.4743524212
801050,2019-04-10,3223.19,3231.42,3246.6,3190.66,34.33570867,303.4573751199
801050,2019-04-11,3169.78,3219.57,3237.87,3169.78,30.79200487,273.9704538397
801050,2019-04-12,3148.68,3153.31,3164.13,3124.0,23.90580291,209.57894890580002
801050,2019-04-15,3121.39,3194.67,3204.47,3120.83,28.83860775,253.1807832982
801050,2019-04-16,3220.53,3101.97,3220.53,3095.01,38.13913163,311.1653620828
801050,2019-04-17,3221.41,3206.65,3239.32,3200.6,33.6400357,289.89750110439996
801050,2019-04-18,3190.28,3220.51,3223.51,3186.15,30.15910105,270.4299874859
801050,2019-04-19,3205.9,3176.62,3205.9,3144.91,30.27286509,269.3138223193
801050,2019-04-22,3141.56,3204.02,3204.02,3133.47,31.61121506,293.9363905368
801050,2019-04-23,3094.82,3130.95,3130.95,3079.14,29.01563083,249.22198602950002
801050,2019-04-24,3105.51,3090.32,3105.51,3059.59,22.07953755,199.4306086268
801050,2019-04-25,2991.69,3093.83,3104.23,2991.69,29.05560221,245.13468152310003
801050,2019-04-26,2939.85,2981.1,2993.09,2939.85,22.92768116,187.3633775546
801050,2019-04-29,2814.16,2919.64,2923.62,2809.11,23.55985889,182.74886964270001
801050,2019-04-30,2833.53,2785.51,2844.41,2785.51,15.76975868,135.5009318535
801050,2019-05-06,2637.87,2741.15,2758.79,2613.66,27.93356291,208.93729759619998
801050,2019-05-07,2660.11,2641.84,2675.51,2618.2,20.80393146,159.3955639964
801050,2019-05-08,2665.32,2610.23,2679.15,2599.92,19.98522089,156.9847551753
801050,2019-05-09,2641.52,2637.53,2667.18,2635.24,17.97986649,139.3162485973
801050,2019-05-10,2712.08,2655.69,2712.08,2625.11,25.07794251,196.4789732929
801050,2019-05-13,2682.23,2683.41,2701.99,2675.12,17.32523732,143.3214150926
801050,2019-05-14,2683.82,2672.61,2707.5,2672.61,19.67040358,164.133044735
801050,2019-05-15,2721.59,2696.94,2723.47,2694.28,19.31360186,152.1297432372
801050,2019-05-16,2824.93,2721.84,2832.88,2721.84,32.90092728,267.5733266594
801050,2019-05-17,2719.49,2832.22,2832.22,2711.1,32.0036687,279.5134616172
801050,2019-05-20,2743.13,2697.81,2746.2,2633.08,27.76214473,241.6422230798
801050,2019-05-21,2843.61,2739.47,2857.53,2724.13,36.69983747,336.021033662
801050,2019-05-22,2795.2,2838.99,2848.59,2794.91,34.05209257,335.4922017608
801050,2019-05-23,2749.28,2788.26,2798.47,2735.98,25.92198229,251.5572762734
801050,2019-05-24,2718.94,2727.21,2783.61,2712.52,24.8714557,230.7965135934
801050,2019-05-27,2794.89,2727.77,2801.03,2725.44,25.84230551,233.6020836221
801050,2019-05-28,2797.59,2786.8,2813.37,2783.16,27.60473609,256.5456057071
801050,2019-05-29,2862.55,2816.89,2874.85,2816.89,34.3673716,335.0932618382
801050,2019-05-30,2886.91,2847.44,2894.89,2819.29,43.44810429,422.02111048410006
801050,2019-05-31,2897.68,2873.29,2942.64,2862.99,40.43727687,396.2391373188
801050,2019-06-03,2849.5,2908.02,2909.27,2848.85,39.01133188,371.9874581617
801050,2019-06-04,2798.69,2853.8,2870.21,2782.36,31.60775248,293.0319127239
801050,2019-06-05,2815.28,2826.46,2844.6,2811.66,29.08381834,273.8431186464
801050,2019-06-06,2797.46,2800.65,2837.78,2782.87,30.5283985,296.858663398
801050,2019-06-10,2833.23,2814.59,2844.98,2773.22,32.30340878,313.5194943493
801050,2019-06-11,2937.33,2822.82,2943.74,2819.29,44.66853876,424.9564384039
801050,2019-06-12,2979.0,2945.53,3043.91,2942.33,63.40984947,640.5209087902
801050,2019-06-13,2974.24,2955.56,2980.47,2938.86,44.83367951,447.2321235987
801050,2019-06-14,2943.69,2979.64,2988.9,2936.25,44.63551359,420.9246482537
801050,2019-06-17,2938.66,2929.35,2986.74,2924.71,35.30236252,346.0352378261
801050,2019-06-18,2912.04,2922.82,2925.12,2878.17,31.91234072,304.2674793645
801050,2019-06-19,2914.48,2926.37,2943.5,2909.14,32.96698882,318.97648859
801050,2019-06-20,2955.72,2934.86,2966.31,2895.93,44.09549676,386.68976430550003
801050,2019-06-21,3000.38,2967.34,3047.0,2963.86,50.26612359,432.840931256
801050,2019-06-24,3028.97,3011.49,3045.89,3009.95,40.13283143,385.77289915949996
801050,2019-06-25,3031.35,3041.24,3041.24,2992.68,54.12403109,462.3053264954
801050,2019-06-26,2951.03,2982.69,2996.26,2948.93,36.62804551,326.27475293099997
801050,2019-06-27,2960.01,2949.48,2970.73,2948.96,28.98629793,260.59609315069997
801050,2019-06-28,2954.2,2969.6,2983.67,2927.84,33.14564203,307.9212533559
801050,2019-07-01,2976.99,2940.77,2976.99,2921.22,35.59110925,329.5929021657
801050,2019-07-02,2997.84,2968.24,2999.43,2960.88,30.90418489,303.7856212073
801050,2019-07-03,2972.69,3027.76,3027.76,2970.13,30.20651144,290.8881869969
801050,2019-07-04,2935.61,2971.82,2981.58,2923.81,25.30861593,238.0547089684
801050,2019-07-05,2945.23,2939.06,2948.05,2923.75,17.68198629,175.8751855872
801050,2019-07-08,2830.79,2921.68,2921.69,2812.98,26.863206,243.86567138509997
801050,2019-07-09,2835.73,2817.72,2836.06,2808.59,17.17938967,167.2890373241
801050,2019-07-10,2783.07,2828.28,2830.89,2776.02,16.5436196,158.61660888059998
801050,2019-07-11,2818.28,2818.71,2846.14,2806.83,21.17687879,195.1387032287
801050,2019-07-12,2807.8,2810.89,2815.73,2796.28,16.37115828,149.9230777005
801050,2019-07-15,2834.42,2806.95,2839.9,2779.78,18.97068831,171.025452201
801050,2019-07-16,2837.73,2826.06,2843.87,2821.32,15.07818276,138.1466056775
801050,2019-07-17,2827.53,2830.84,2839.04,2822.61,17.15093446,154.2348015206
801050,2019-07-18,2833.03,2852.14,2872.07,2833.03,25.15766966,230.63027790610002
801050,2019-07-19,2875.42,2862.4,2888.18,2855.79,27.08937741,235.4965176717
801050,2019-07-22,2762.14,2849.7,2849.76,2757.11,24.67167847,210.9395456972
801050,2019-07-23,2768.43,2747.75,2768.43,2746.46,14.56763309,125.19216708209999
801050,2019-07-24,2797.63,2768.27,2797.74,2768.24,17.94516697,151.9576544333
801050,2019-07-25,2777.41,2787.28,2787.32,2768.83,16.56853224,139.94557055639999
801050,2019-07-26,2765.16,2759.86,2765.25,2745.17,15.16023791,127.94477759799999
801050,2019-07-29,2759.93,2769.34,2771.51,2754.52,13.63231042,114.53591258860001
801050,2019-07-30,2789.16,2763.36,2789.16,2763.36,17.74661099,156.6469807242
801050,2019-07-31,2787.45,2780.08,2790.81,2754.56,18.60331983,166.7534645005
801050,2019-08-01,2761.43,2747.59,2779.92,2739.4,21.53540161,197.2780320418
801050,2019-08-02,2786.12,2772.12,2792.62,2764.37,28.6792405,274.4348191488
801050,2019-08-05,2814.82,2782.54,2835.32,2780.03,33.94128184,316.9070826563
801050,2019-08-06,2744.88,2784.32,2807.48,2734.08,37.44544301,343.25968556419997
801050,2019-08-07,2843.23,2794.25,2857.68,2794.25,38.42727911,342.30365275080004
801050,2019-08-08,2825.77,2871.68,2871.68,2822.17,35.72672083,337.591005453
801050,2019-08-09,2802.15,2833.43,2852.1,2800.39,30.35138162,276.2803835814
801050,2019-08-12,2783.2,2785.69,2785.75,2749.93,23.4879533,220.1686581738
801050,2019-08-13,2819.08,2783.07,2825.5,2783.07,28.79477712,269.0702872347
801050,2019-08-14,2798.96,2785.21,2807.01,2778.25,27.60435589,262.304727001
801050,2019-08-15,2789.86,2770.67,2790.8,2765.93,25.29150986,246.53662588740002
801050,2019-08-16,2808.37,2801.54,2823.44,2797.71,24.12067188,239.82700293029998
801050,2019-08-19,2844.7,2794.13,2844.7,2784.54,26.9368766,261.9666145489
801050,2019-08-20,2874.08,2832.32,2882.04,2827.91,32.5947496,300.2889048347
801050,2019-08-21,2836.16,2859.11,2859.33,2835.32,21.81598442,211.0374332095
801050,2019-08-22,2836.39,2834.67,2836.39,2814.67,19.32784276,190.661753788
801050,2019-08-23,2829.54,2829.7,2842.98,2822.96,23.41736233,237.2735848857
801050,2019-08-26,2839.0,2846.06,2855.69,2836.13,29.43308694,290.5173741442
801050,2019-08-27,2866.56,2832.69,2866.56,2825.03,26.40595293,252.395267271
801050,2019-08-28,2848.11,2867.32,2868.57,2845.61,23.36925309,221.5054192987
801050,2019-08-29,2857.91,2844.32,2858.87,2834.49,23.14220687,217.8927170695
801050,2019-08-30,2847.02,2846.23,2861.29,2835.59,26.77945498,269.6008237589
801050,2019-09-02,2887.26,2858.65,2887.26,2858.29,27.27701824,249.1187994377
801050,2019-09-03,2895.22,2889.01,2896.23,2884.8,25.88150238,237.4179473921
801050,2019-09-04,2933.77,2907.26,2933.77,2903.07,35.58241459,328.01390261150004
801050,2019-09-05,2960.81,2944.6,2979.74,2938.41,39.88300824,364.51377291669996
801050,2019-09-06,2921.2,2940.26,2942.35,2915.89,30.47895285,290.02479215380004
801050,2019-09-09,2968.36,2935.65,2968.36,2921.68,29.96740086,273.3782099911
801050,2019-09-10,2974.06,2956.16,2990.77,2949.39,30.62933518,293.9119725354
801050,2019-09-11,2969.46,2976.67,2982.69,2958.81,27.24232594,266.089156199
801050,2019-09-12,2965.15,2972.98,2973.74,2947.43,21.95550605,206.431567978
801050,2019-09-16,2981.95,2977.6,2984.16,2962.96,24.81477165,234.2133167263
801050,2019-09-17,2903.53,2970.26,2970.3,2901.33,25.66463946,236.51350876880002
801050,2019-09-18,2892.88,2908.35,2911.92,2890.93,18.41162805,176.31349431130002
801050,2019-09-19,2925.73,2890.08,2925.73,2885.77,20.11249351,203.5769053029
801050,2019-09-20,2931.85,2924.02,2932.16,2918.71,20.10241548,200.9179045796
801050,2019-09-23,2893.31,2925.28,2925.38,2883.34,20.04706509,198.92210985330001
801050,2019-09-24,2903.64,2897.65,2909.06,2884.49,18.71957872,183.2545052162
801050,2019-09-25,2883.35,2897.69,2901.81,2864.64,21.29393594,224.4966361796
801050,2019-09-26,2777.24,2863.46,2865.22,2777.24,23.31928223,239.402549271
801050,2019-09-27,2774.81,2769.45,2794.54,2761.09,15.20629588,163.6686514901
801050,2019-09-30,2747.23,2774.33,2781.92,2746.77,12.59265773,136.0314712721
801050,2019-10-08,2747.01,2743.27,2756.71,2733.74,12.37075768,126.186588016
801050,2019-10-09,2784.0,2742.48,2784.0,2737.37,13.90302501,153.2190110612
801050,2019-10-10,2791.71,2786.57,2791.71,2775.7,13.13075232,132.5558978995
801050,2019-10-11,2774.23,2782.42,2782.42,2755.75,13.39991715,137.5345128993
801050,2019-10-14,2788.45,2773.33,2798.45,2770.66,15.94560317,148.8189579655
801050,2019-10-15,2742.03,2779.9,2779.9,2741.85,13.9743679,133.972095859
801050,2019-10-16,2710.09,2735.81,2741.22,2710.09,11.34020973,108.39661429649999
801050,2019-10-17,2713.4,2713.57,2717.5,2706.05,10.61894357,99.6413571981
801050,2019-10-18,2667.45,2712.49,2713.0,2662.25,13.24007149,118.0403288886
801050,2019-10-21,2660.53,2664.82,2664.89,2633.27,11.24656237,97.46613384690001
801050,2019-10-22,2678.28,2657.22,2679.32,2657.21,9.63477363,87.351629266
801050,2019-10-23,2659.16,2676.3,2676.3,2654.18,9.55341521,87.1479860478
801050,2019-10-24,2649.05,2657.4,2661.85,2636.77,11.22365349,96.3613787509
801050,2019-10-25,2668.35,2652.12,2672.07,2641.82,11.74690558,99.9789781251
801050,2019-10-28,2708.47,2659.68,2708.48,2659.68,14.91708591,123.9472672151
801050,2019-10-29,2662.51,2698.61,2698.61,2662.51,12.58450507,110.64705890290001
801050,2019-10-30,2626.4,2653.52,2653.64,2622.74,13.48626779,101.26466725040001
801050,2019-10-31,2611.76,2629.92,2636.15,2607.53,11.98362614,91.11051485520001
801050,2019-11-01,2643.68,2616.0,2644.84,2611.64,14.4844882,114.585488556
801050,2019-11-04,2655.39,2643.01,2663.05,2643.0,14.0508523,118.460269078
801050,2019-11-05,2670.09,2655.26,2681.29,2635.09,16.14236757,144.6213720394
801050,2019-11-06,2665.69,2656.43,2693.23,2654.6,17.62357952,164.1617441862
801050,2019-11-07,2658.32,2662.95,2669.09,2647.56,11.48278473,100.984137288
801050,2019-11-08,2648.68,2661.5,2665.7,2646.57,12.98721531,118.9613072489
801050,2019-11-11,2584.19,2635.17,2635.17,2582.88,15.01307637,120.46252812590001
801050,2019-11-12,2569.04,2580.27,2592.0,2548.83,12.94036015,100.9412139615
801050,2019-11-13,2573.15,2571.82,2584.21,2564.58,14.87333504,112.4801317635
801050,2019-11-14,2566.71,2567.24,2568.24,2555.59,12.07212382,93.9987704572
801050,2019-11-15,2548.09,2564.54,2585.9,2548.09,12.54785662,109.68511230899999
801050,2019-11-18,2562.45,2542.38,2562.45,2533.95,9.9716941,85.2368090492
801050,2019-11-19,2615.08,2565.56,2615.08,2565.52,13.21429558,134.6007762248
801050,2019-11-20,2635.12,2613.2,2639.43,2608.37,17.49860654,184.54439611909999
801050,2019-11-21,2620.77,2626.07,2629.9,2613.46,14.55218937,139.4852043774
801050,2019-11-22,2632.71,2626.07,2648.89,2620.44,17.76811332,168.54282167620002
801050,2019-11-25,2665.45,2627.42,2671.38,2627.42,22.3731554,168.5470739447
801050,2019-11-26,2662.4,2656.69,2663.69,2637.11,18.58638629,158.014160009
801050,2019-11-27,2675.03,2662.53,2688.35,2648.45,17.41420068,165.72895276100002
801050,2019-11-28,2650.22,2669.71,2678.7,2647.3,13.38863743,128.1053195641
801050,2019-11-29,2636.07,2641.51,2645.25,2623.69,13.71124438,114.7215258081
801050,2019-12-02,2630.17,2636.29,2645.54,2630.17,13.82711779,114.224063676
801050,2019-12-03,2654.22,2631.85,2654.22,2630.78,12.72606308,116.25962977549999
801050,2019-12-04,2712.05,2658.05,2716.15,2658.05,21.34669494,212.3631646236
801050,2019-12-05,2715.12,2701.3,2716.95,2695.38,16.70725497,171.5788482772
801050,2019-12-06,2717.12,2710.45,2719.41,2708.83,16.27640796,149.2925817183
801050,2019-12-09,2718.62,2710.59,2726.22,2703.61,18.47639562,166.0135597659
801050,2019-12-10,2745.35,2714.69,2750.03,2714.14,20.69319522,173.7456979911
801050,2019-12-11,2723.67,2744.76,2744.77,2720.21,15.70339007,147.1854756024
801050,2019-12-12,2727.31,2740.14,2745.38,2726.85,15.96366231,156.6445886092
801050,2019-12-13,2747.52,2730.86,2748.64,2730.81,18.0318152,180.225278423
801050,2019-12-16,2770.24,2754.21,2770.24,2736.54,21.01703481,192.1403274859
801050,2019-12-17,2839.71,2774.13,2840.63,2774.13,31.8176366,296.352388318
801050,2019-12-18,2843.48,2837.14,2848.03,2827.35,27.20976742,257.7147654937
801050,2019-12-19,2846.86,2839.96,2851.55,2836.09,22.40845995,192.7718081639
801050,2019-12-20,2813.49,2850.13,2858.1,2813.05,21.33247739,189.23071665970002
801050,2019-12-23,2786.26,2807.83,2828.64,2783.65,20.58776072,188.5344643029
801050,2019-12-24,2900.62,2795.47,2901.63,2795.46,34.57129433,286.5225019917
801050,2019-12-25,2906.43,2905.34,2912.28,2890.78,31.79003432,278.3822619256
801050,2019-12-26,2940.09,2908.9,2940.09,2904.02,27.78689082,249.09077547709998
801050,2019-12-27,3004.82,2950.82,3082.97,2950.8,53.17877521,461.70581262760004
801050,2019-12-30,3028.82,3000.93,3029.05,2981.92,35.20265245,307.990900334
801050,2019-12-31,3037.97,3023.7,3046.82,3015.11,29.56614737,259.8167010541
801050,2020-01-02,3080.88,3054.57,3088.95,3045.54,36.3041402,325.3804577606
801050,2020-01-03,3130.58,3081.96,3144.82,3070.53,38.03741284,381.89119851239997
801050,2020-01-06,3231.07,3155.55,3233.15,3155.55,53.99564742,538.1352551809
801050,2020-01-07,3205.71,3201.98,3214.37,3179.54,40.68417153,388.6809616771
801050,2020-01-08,3207.27,3235.07,3247.31,3197.87,50.77952109,503.77483855959997
801050,2020-01-09,3169.95,3186.44,3195.73,3156.28,39.99514759,370.31381370620005
801050,2020-01-10,3151.53,3165.04,3165.47,3125.75,32.16004579,292.7935182007
801050,2020-01-13,3178.38,3154.35,3178.38,3130.15,26.94310406,261.4632011035
801050,2020-01-14,3242.47,3189.18,3278.54,3189.15,42.8644211,415.1642781039
801050,2020-01-15,3180.32,3229.89,3229.91,3166.78,31.6588785,314.4763798884
801050,2020-01-16,3164.95,3183.83,3206.5,3161.3,26.52404004,257.6884694213
801050,2020-01-17,3155.54,3169.92,3180.01,3142.05,26.44138083,262.5872581304
801050,2020-01-20,3168.93,3147.06,3169.02,3131.76,24.49447458,242.21665081860002
801050,2020-01-21,3093.79,3156.07,3156.14,3092.96,26.85121603,253.98897941580003
801050,2020-01-22,3118.16,3071.6,3133.52,3036.81,27.01649994,280.5344951694
801050,2020-01-23,3012.39,3079.68,3120.79,2971.74,31.68359062,299.5312130683
801050,2020-02-03,2732.53,2726.27,2763.86,2725.15,21.2671369,160.7551585322
801050,2020-02-04,2748.41,2608.4,2758.11,2608.4,40.0950628,342.2814358359
801050,2020-02-05,2820.9,2762.59,2868.3,2762.59,39.73421874,364.30518900370004
801050,2020-02-06,2849.14,2789.02,2858.96,2778.29,36.94741609,328.6760700555
801050,2020-02-07,2837.29,2831.02,2854.78,2797.99,30.99698197,275.9132183723
801050,2020-02-10,2940.29,2823.04,2940.7,2818.12,37.24919908,349.88630692910004
801050,2020-02-11,2950.39,2951.95,2977.65,2923.39,35.34532688,341.0738857725
801050,2020-02-12,3063.46,2935.08,3064.47,2934.99,37.22900359,352.7367998825
801050,2020-02-13,3092.16,3087.99,3133.7,3060.14,46.07098833,506.87471959699997
801050,2020-02-14,3134.13,3092.59,3188.3,3089.02,46.03393189,472.04124883599997
801050,2020-02-17,3220.4,3140.69,3220.4,3140.69,41.80323732,431.19714239589996
801050,2020-02-18,3246.15,3227.4,3253.28,3213.74,45.26153659,487.12156547800004
801050,2020-02-19,3183.1,3240.99,3247.33,3183.1,56.58684444,559.7631424571
801050,2020-02-20,3207.37,3189.64,3208.84,3154.62,44.46779741,473.77367479660006
801050,2020-02-21,3256.04,3212.49,3268.76,3210.53,47.18954077,497.35020429879995
801050,2020-02-24,3248.59,3263.9,3263.91,3182.1,52.28567778,586.762015876
801050,2020-02-25,3249.78,3167.5,3253.25,3163.13,58.86155928,644.4402215381
801050,2020-02-26,3160.8,3201.9,3228.24,3147.8,52.28122327,532.9210187118
801050,2020-02-27,3146.07,3177.39,3189.91,3132.49,35.87120852,349.354302689
801050,2020-02-28,2938.77,3026.1,3060.37,2932.25,44.70147581,430.7490033232
801050,2020-03-02,3032.53,2946.42,3046.24,2944.82,35.35383647,340.5517336733
801050,2020-03-03,3063.44,3075.4,3116.13,3041.51,36.61760668,364.4512343489
801050,2020-03-04,3095.93,3074.24,3100.67,3044.75,32.40854263,315.4828128798
801050,2020-03-05,3136.1,3113.66,3136.1,3090.37,38.92770632,342.9186430775
801050,2020-03-06,3129.18,3112.83,3157.0,3112.18,34.44181532,336.0669774259
801050,2020-03-09,2973.61,3100.81,3100.81,2972.81,39.450261,382.78289629589995
801050,2020-03-10,3015.6,2921.51,3016.52,2884.05,35.33984161,320.9348431366
801050,2020-03-11,2979.97,3021.4,3026.99,2979.75,27.72358358,266.2686705256
801050,2020-03-12,2896.31,2917.47,2926.13,2872.91,25.45552154,227.97322600279998
801050,2020-03-13,2837.73,2726.22,2857.89,2720.32,31.67950677,272.8045907488
801050,2020-03-16,2722.26,2850.66,2850.66,2709.73,28.63179733,268.2138749481
801050,2020-03-17,2687.21,2727.69,2759.45,2612.79,27.88474749,249.48322117869998
801050,2020-03-18,2636.18,2714.91,2742.29,2636.18,25.87616248,237.05178521599998
801050,2020-03-19,2626.85,2616.51,2640.6,2557.93,26.51647041,230.1289016863
801050,2020-03-20,2665.64,2657.66,2669.1,2602.2,22.95950517,207.46415021259998
801050,2020-03-23,2554.14,2587.45,2614.7,2548.0,24.41932997,208.45750723
801050,2020-03-24,2660.05,2646.01,2660.05,2597.32,33.08077771,293.017569411
801050,2020-03-25,2723.09,2735.12,2738.1,2701.55,30.1226932,280.7589463341
801050,2020-03-26,2694.96,2700.84,2723.28,2682.9,24.19450489,223.6253973388
801050,2020-03-27,2677.36,2718.93,2718.93,2676.38,21.36511914,204.9390756609
801050,2020-03-30,2602.72,2633.7,2633.83,2584.59,21.62326286,199.94658367169998
801050,2020-03-31,2628.62,2622.38,2646.54,2598.98,20.81629384,189.66281695529997
801050,2020-04-01,2661.32,2613.28,2679.89,2606.28,25.05609748,251.95359177970002
801050,2020-04-02,2690.2,2634.42,2690.2,2627.09,21.48265911,201.76856056580002
801050,2020-04-03,2665.39,2689.97,2702.46,2660.19,21.46231814,208.4508555478
801050,2020-04-07,2763.13,2723.33,2763.13,2718.22,29.19701461,267.8619225527
801050,2020-04-08,2767.75,2740.47,2788.32,2737.38,25.43781704,235.3078045211
801050,2020-04-09,2763.26,2781.15,2781.15,2751.8,19.50942357,183.6391565508
801050,2020-04-10,2714.02,2792.3,2792.45,2711.7,23.11415371,217.8405761416
801050,2020-04-13,2699.67,2701.02,2706.61,2688.49,15.34550549,139.99615526559998
801050,2020-04-14,2791.21,2728.54,2791.21,2726.71,27.4941058,256.9313259941
801050,2020-04-15,2762.46,2788.22,2795.09,2761.26,24.70596438,237.926026426
801050,2020-04-16,2768.12,2746.23,2768.19,2727.61,21.10804841,199.5629813109
801050,2020-04-17,2751.96,2767.59,2775.69,2745.36,24.93550054,241.0151545736
801050,2020-04-20,2750.15,2739.68,2750.15,2726.02,19.2545239,166.2804068816
801050,2020-04-21,2706.64,2732.82,2732.92,2683.95,19.70976604,167.66096062399998
801050,2020-04-22,2718.15,2684.02,2719.58,2682.78,17.50130478,147.5880379632
801050,2020-04-23,2717.9,2737.4,2738.79,2713.03,21.25801356,183.5218698127
801050,2020-04-24,2697.36,2713.15,2727.29,2684.78,21.37394103,181.67261113529997
801050,2020-04-27,2655.58,2677.68,2682.78,2654.54,20.86685146,151.7554907914
801050,2020-04-28,2607.59,2651.76,2651.86,2551.78,23.46734762,186.2294007182
801050,2020-04-29,2609.4,2604.03,2629.2,2604.03,17.23597036,137.8083618092
801050,2020-04-30,2680.43,2622.74,2686.51,2622.47,21.14323885,205.96181129150003
801050,2020-05-06,2750.02,2664.41,2750.5,2664.41,27.12547381,264.3230577777
801050,2020-05-07,2737.03,2736.19,2761.53,2735.76,22.75213987,241.9053839886
801050,2020-05-08,2771.68,2760.03,2783.5,2742.3,24.22113813,247.89368916
801050,2020-05-11,2740.82,2765.89,2768.37,2728.99,23.51460832,226.9128074714
801050,2020-05-12,2718.74,2729.43,2733.1,2693.19,19.57011429,172.9043859402
801050,2020-05-13,2736.45,2709.63,2739.68,2709.49,17.43199758,173.20043308130002
801050,2020-05-14,2725.88,2733.51,2746.04,2723.74,21.89691831,213.44928917029998
801050,2020-05-15,2752.18,2740.0,2764.85,2731.98,22.38781506,240.0583094088
801050,2020-05-18,2824.39,2781.73,2848.91,2781.73,35.73261081,346.8726519992
801050,2020-05-19,2804.87,2817.61,2824.82,2799.02,26.53022784,266.8278796174
801050,2020-05-20,2804.05,2821.62,2842.91,2796.36,27.12399597,290.7666219522
801050,2020-05-21,2758.05,2804.32,2808.47,2754.82,26.81509476,269.0701595255
801050,2020-05-22,2717.05,2741.37,2741.38,2684.81,27.06573937,257.8218490857
801050,2020-05-25,2693.87,2706.86,2713.17,2684.21,20.09941408,196.33101418290002
801050,2020-05-26,2744.81,2705.43,2744.81,2705.25,21.4460187,204.8049195156
801050,2020-05-27,2734.7,2732.61,2744.4,2725.35,25.49862386,255.4776609058
801050,2020-05-28,2777.47,2737.94,2778.64,2731.88,32.24872355,316.2621458868
801050,2020-05-29,2790.86,2769.44,2799.53,2763.87,28.96734074,295.8640393599
801050,2020-06-01,2856.77,2796.85,2860.15,2793.74,33.41705876,324.69542414200004
801050,2020-06-02,2853.97,2862.88,2862.89,2847.19,29.47427306,295.83086379959997
801050,2020-06-03,2831.99,2849.23,2851.6,2831.75,30.06832481,280.2401484413
801050,2020-06-04,2839.36,2827.97,2847.69,2827.93,28.23639155,278.1651793765
801050,2020-06-05,2825.24,2836.99,2836.99,2807.78,22.4750109,211.7677703977
801050,2020-06-08,2855.95,2831.9,2867.07,2831.9,29.27126279,247.15450239240002
801050,2020-06-09,2851.59,2865.81,2873.34,2841.03,22.74313527,209.2879573187
801050,2020-06-10,2836.8,2860.72,2860.77,2831.29,20.12354822,186.70607751970002
801050,2020-06-11,2854.34,2857.85,2868.56,2838.97,28.98901703,286.9536269055
801050,2020-06-12,2823.37,2790.82,2835.94,2785.17,25.70472447,241.96078933419997
801050,2020-06-15,2793.87,2811.29,2832.73,2792.87,23.98087399,238.6608385418
801050,2020-06-16,2870.24,2812.0,2874.44,2811.34,28.30796869,267.0456696283
801050,2020-06-17,2876.94,2872.08,2890.41,2852.82,26.32098874,267.5279132689
801050,2020-06-18,2892.97,2871.39,2907.75,2859.74,26.38887464,248.6917665071
801050,2020-06-19,2904.5,2892.2,2908.11,2883.03,23.60502823,232.4381021472
801050,2020-06-22,2929.72,2915.65,2954.81,2915.65,27.21477881,266.9883066149
801050,2020-06-23,2925.74,2935.78,2937.05,2916.7,24.07386144,249.5459752668
801050,2020-06-24,2916.01,2936.64,2937.72,2910.34,22.59499446,234.71302922630002
801050,2020-06-29,2893.91,2912.13,2923.56,2886.08,21.85637617,214.1811679459
801050,2020-06-30,2921.17,2899.63,2925.99,2890.59,21.97268331,213.9760964918
801050,2020-07-01,2965.32,2941.32,2976.6,2915.37,32.79467787,314.1465636396
801050,2020-07-02,3005.75,2949.89,3008.11,2942.99,38.80102933,338.97194198380004
801050,2020-07-03,3058.25,3014.89,3077.43,3014.89,45.88044035,383.1269771653
801050,2020-07-06,3243.82,3080.0,3245.32,3080.0,65.84433522,568.5131290386
801050,2020-07-07,3281.07,3308.2,3342.34,3265.45,70.45657091,647.9188286088
801050,2020-07-08,3422.26,3279.21,3422.89,3263.78,68.72487009,633.6940591176
801050,2020-07-09,3556.31,3444.49,3559.46,3444.49,78.04992488,742.8703188852
801050,2020-07-10,3447.38,3517.67,3522.11,3437.59,65.1738763,651.5642125183999
801050,2020-07-13,3622.54,3485.35,3626.25,3478.8,65.52039827,652.6544395096
801050,2020-07-14,3547.13,3575.31,3617.87,3490.26,63.26892136,641.5910542385
801050,2020-07-15,3419.71,3578.04,3591.46,3397.26,53.99470492,527.7516070940001
801050,2020-07-16,3278.18,3430.94,3468.32,3273.47,52.93379425,502.3145367193
801050,2020-07-17,3266.27,3269.24,3316.02,3226.33,39.07294458,359.1207574083
801050,2020-07-20,3446.37,3301.96,3446.37,3301.93,50.50600103,441.35892102319997
801050,2020-07-21,3433.73,3472.53,3488.67,3400.45,43.73079817,417.840567828
801050,2020-07-22,3478.24,3521.7,3531.3,3461.97,51.73647353,480.27466390949996
801050,2020-07-23,3488.99,3474.61,3523.63,3413.72,55.48823513,552.5996684429
801050,2020-07-24,3357.92,3470.6,3498.17,3339.36,58.78912529,582.8778711003
801050,2020-07-27,3461.7,3389.64,3482.66,3362.58,52.60799711,519.5473596032
801050,2020-07-28,3473.24,3557.64,3610.51,3449.81,70.11195586,671.8782886433
801050,2020-07-29,3518.53,3468.39,3518.9,3419.11,49.81225853,473.4773255511
801050,2020-07-30,3471.24,3530.27,3530.27,3469.3,50.44737881,471.9891951782
801050,2020-07-31,3514.02,3454.13,3514.43,3439.76,53.39007403,507.4242418837
801050,2020-08-03,3589.48,3513.37,3591.49,3490.96,57.19352103,535.5754046453
801050,2020-08-04,3590.49,3615.09,3628.24,3573.38,59.23704003,576.1720905523
801050,2020-08-05,3691.5,3627.41,3698.87,3569.98,65.96453419,680.9945263838
801050,2020-08-06,3776.91,3690.42,3807.6,3690.4,80.05881495,756.7230714128
801050,2020-08-07,3725.27,3785.69,3830.18,3682.56,71.36093173,721.1518361448
801050,2020-08-10,3631.8,3655.01,3660.39,3593.79,50.99152994,523.5287099487999
801050,2020-08-11,3523.78,3617.11,3647.17,3516.63,49.37268771,508.54066868760003
801050,2020-08-12,3447.91,3440.71,3450.81,3349.46,48.50085178,503.9055481968
801050,2020-08-13,3426.12,3450.32,3452.22,3414.18,29.93451484,334.44945100900003
801050,2020-08-14,3445.25,3431.93,3463.18,3395.79,30.63212005,303.8383686391
801050,2020-08-17,3551.72,3440.74,3551.72,3425.47,39.24452739,383.21468935
801050,2020-08-18,3594.75,3586.08,3615.34,3566.51,40.06756359,395.578266115
801050,2020-08-19,3555.22,3600.89,3609.08,3549.95,40.95836369,407.4315713407
801050,2020-08-20,3480.44,3499.4,3518.18,3476.73,33.65442068,346.783005492
801050,2020-08-21,3481.57,3493.34,3515.17,3457.75,30.28168113,298.04575969580003
801050,2020-08-24,3518.29,3486.8,3527.04,3449.0,29.27999897,281.3561409602
801050,2020-08-25,3454.53,3519.68,3519.7,3436.99,31.92301118,311.4648942874
801050,2020-08-26,3364.35,3440.85,3446.59,3348.76,33.83341899,304.9229946361
801050,2020-08-27,3397.91,3388.79,3403.37,3359.85,23.18370698,219.4740970059
801050,2020-08-28,3446.54,3382.79,3446.54,3361.08,26.11919099,242.7598558664
801050,2020-08-31,3477.72,3471.46,3535.87,3471.46,37.04493447,339.1328153114
801050,2020-09-01,3541.91,3481.75,3541.95,3481.74,29.85528369,303.0144443723
801050,2020-09-02,3478.45,3521.13,3521.14,3454.7,30.60000282,300.6230814701
801050,2020-09-03,3421.12,3458.91,3474.44,3412.1,24.88724472,246.71403957119998
801050,2020-09-04,3412.31,3365.57,3417.18,3364.42,22.50999372,215.732748453
801050,2020-09-07,3385.81,3420.14,3472.18,3371.38,31.39894314,306.1965582093
801050,2020-09-08,3398.97,3379.26,3410.02,3335.99,29.88418475,286.82402613840003
801050,2020-09-09,3315.6,3346.51,3366.79,3302.68,32.36114632,284.1513234113
801050,2020-09-10,3277.2,3354.72,3363.1,3264.6,31.1188629,273.50354903740003
801050,2020-09-11,3288.31,3259.01,3289.0,3237.93,24.55030576,203.78541200060002
801050,2020-09-14,3356.63,3307.55,3368.77,3307.55,29.05117937,269.3745044163
801050,2020-09-15,3382.4,3369.2,3382.62,3354.48,26.21628035,262.488849432
801050,2020-09-16,3361.27,3355.09,3371.2,3337.93,22.32859589,223.60451972
801050,2020-09-17,3322.99,3343.96,3351.32,3296.91,24.71533236,244.35440715
801050,2020-09-18,3406.09,3329.63,3406.09,3327.35,28.14730483,263.77443845
801050,2020-09-21,3392.31,3410.49,3434.74,3384.21,25.2869722,244.06641885
801050,2020-09-22,3295.43,3329.27,3346.33,3287.69,24.76012929,227.35031706
801050,2020-09-23,3285.1,3311.14,3320.5,3277.66,22.49189666,234.78920496
801050,2020-09-24,3161.41,3240.14,3240.22,3161.41,27.36212901,251.74105479
801050,2020-09-25,3160.93,3182.19,3186.93,3144.0,18.17176516,168.92287816
801050,2020-09-28,3141.96,3167.07,3170.42,3140.91,15.45407147,153.79638941
801050,2020-09-29,3170.85,3171.95,3198.67,3169.29,16.66891906,172.53671894
801050,2020-09-30,3142.05,3178.38,3178.38,3122.44,15.99524499,147.00582718
801050,2020-10-09,3233.59,3196.68,3248.22,3190.34,21.35763452,213.87628007
801050,2020-10-12,3327.2,3258.62,3327.2,3257.79,27.19821211,273.12349573
801050,2020-10-13,3330.92,3315.03,3334.55,3287.67,22.00030205,241.8131654
801050,2020-10-14,3287.51,3303.59,3307.54,3280.35,19.37013541,211.42128933
801050,2020-10-15,3284.18,3290.57,3316.86,3284.18,17.49133589,198.71569675
801050,2020-10-16,3267.2,3297.08,3303.37,3257.2,18.32847742,183.18090391
801050,2020-10-19,3281.88,3273.62,3304.55,3265.65,20.13354729,190.18276962
801050,2020-10-20,3300.07,3273.65,3301.06,3243.37,18.13048557,187.08320672
801050,2020-10-21,3292.83,3313.15,3319.74,3276.99,18.80461806,194.83315905
801050,2020-10-22,3279.89,3281.06,3287.44,3250.73,16.07755958,167.99872963
801050,2020-10-23,3247.61,3268.06,3297.13,3239.87,15.64449882,174.32648216
801050,2020-10-26,3240.39,3235.07,3248.96,3200.21,15.65359866,156.88474518
801050,2020-10-27,3267.7,3232.51,3270.09,3232.51,16.45305805,191.29605691
801050,2020-10-28,3303.67,3268.95,3312.85,3248.61,20.63863666,228.26867193
801050,2020-10-29,3282.37,3238.67,3295.72,3238.67,20.79199552,235.98648295
801050,2020-10-30,3201.79,3284.1,3284.78,3196.59,23.05231468,235.88216844
801050,2020-11-02,3247.52,3205.63,3251.25,3193.21,21.9253312,208.42156153
801050,2020-11-03,3387.4,3267.39,3400.51,3267.26,35.76777919,342.6918916
801050,2020-11-04,3395.21,3387.34,3403.4,3367.54,27.09445062,283.8550002
801050,2020-11-05,3445.58,3420.18,3451.43,3397.42,27.80192323,304.40469625
801050,2020-11-06,3497.29,3484.53,3528.15,3472.09,34.78092804,402.88725365
801050,2020-11-09,3614.65,3528.18,3641.56,3524.88,47.4879821,470.78294376
801050,2020-11-10,3546.58,3571.06,3581.22,3530.2,45.41386535,442.65577789
801050,2020-11-11,3512.45,3530.93,3564.31,3509.34,41.46506759,410.02385224
801050,2020-11-12,3525.78,3508.49,3546.13,3480.15,32.32714186,320.76636983
801050,2020-11-13,3569.46,3541.23,3593.49,3529.78,41.13630415,421.00429081
801050,2020-11-16,3724.03,3576.91,3754.31,3575.71,64.52538972,604.69138748
801050,2020-11-17,3676.78,3715.55,3746.47,3649.21,56.98029737,545.22321989
801050,2020-11-18,3701.51,3675.84,3755.99,3662.68,57.80690602,518.0286442
801050,2020-11-19,3658.63,3687.35,3687.38,3607.38,49.25966761,429.00242311
801050,2020-11-20,3785.08,3646.8,3796.41,3646.8,60.33509036,504.9842272
801050,2020-11-23,3897.25,3822.43,3952.24,3804.29,86.65677879,750.82543797
801050,2020-11-24,3948.87,3855.31,3955.98,3832.88,75.62546021,696.54267552
801050,2020-11-25,3822.79,3943.06,3967.7,3822.79,68.96816612,644.9208824
801050,2020-11-26,3829.68,3831.98,3843.13,3774.49,50.12984019,474.1240586
801050,2020-11-27,3812.66,3831.83,3836.1,3728.85,46.2154396,433.1419376
801050,2020-11-30,3858.53,3808.05,3928.34,3786.97,63.3525141,574.90179922
801050,2020-12-01,3875.99,3823.95,3876.27,3789.86,44.87012036,415.03469485
801050,2020-12-02,3862.7,3898.94,3935.36,3840.2,50.17610649,466.62402705
801050,2020-12-03,3749.48,3832.52,3832.52,3742.26,46.09273284,406.74672862
801050,2020-12-04,3833.24,3741.39,3834.94,3740.44,38.23183869,365.00441205
801050,2020-12-07,3803.96,3831.56,3857.72,3799.08,38.55886612,379.00419385
801050,2020-12-08,3810.52,3825.51,3842.3,3781.33,35.53826068,354.85767125
801050,2020-12-09,3763.37,3818.77,3867.3,3761.82,39.28628876,424.60154687
801050,2020-12-10,3720.45,3726.57,3733.08,3674.61,33.85378635,338.98961788
801050,2020-12-11,3662.33,3778.49,3790.77,3620.88,42.58041332,400.97957152
801050,2020-12-14,3699.31,3638.49,3700.24,3599.46,31.76836434,300.51370853
801050,2020-12-15,3691.05,3684.07,3694.22,3642.82,29.74022498,299.65446714
801050,2020-12-16,3695.47,3704.54,3725.58,3660.17,30.68335291,298.18759423
801050,2020-12-17,3846.69,3688.54,3852.21,3680.91,56.70140084,506.12867237
801050,2020-12-18,3920.36,3863.98,3951.17,3854.58,58.80646963,572.56071558
801050,2020-12-21,4027.83,3941.49,4027.83,3934.5,58.34645364,603.21061312
801050,2020-12-22,3849.47,3982.62,4007.72,3841.37,61.33574427,626.9200221
801050,2020-12-23,3916.58,3839.32,3963.03,3838.67,51.50798616,537.97215359
801050,2020-12-24,3916.27,3934.6,3978.92,3892.54,41.58202778,434.61447423
801050,2020-12-25,4107.82,3899.93,4108.72,3892.57,58.2862061,593.23216371
801050,2020-12-28,4129.49,4119.83,4170.55,4080.67,62.79140663,635.51389044
801050,2020-12-29,3935.07,4130.85,4130.85,3934.6,56.72467489,577.95445101
801050,2020-12-30,4035.94,3955.2,4069.59,3955.2,52.0490748,526.65749252
801050,2020-12-31,4094.32,4031.99,4124.45,4031.99,50.96189203,535.12733826
801050,2021-01-04,4316.77,4143.93,4342.21,4143.93,66.79780458,707.56329178
801050,2021-01-05,4353.32,4324.63,4393.65,4254.29,66.20366942,708.53866075
801050,2021-01-06,4373.19,4402.28,4441.3,4314.01,59.19835023,648.44480302
801050,2021-01-07,4537.46,4353.87,4557.5,4347.36,78.66614008,840.69849998
801050,2021-01-08,4530.85,4574.76,4574.82,4365.77,67.56617386,768.07328716
801050,2021-01-11,4333.42,4489.94,4536.91,4305.34,74.02550637,898.3016343
801050,2021-01-12,4436.9,4261.96,4437.05,4239.69,52.37707226,660.45008111
801050,2021-01-13,4317.85,4449.03,4560.98,4289.11,63.00334112,813.44292319
801050,2021-01-14,4222.0,4274.35,4303.55,4190.82,48.46152673,595.76312315
801050,2021-01-15,4290.88,4233.68,4305.14,4162.22,43.48158272,562.46274765
801050,2021-01-18,4359.78,4254.3,4375.91,4217.38,42.88830379,566.23414072
801050,2021-01-19,4228.4,4346.31,4378.57,4193.86,47.48822475,623.13748576
801050,2021-01-20,4342.82,4246.02,4349.83,4243.03,45.98106295,566.2075741
801050,2021-01-21,4496.01,4342.7,4540.92,4325.79,64.33549058,751.23113507
801050,2021-01-22,4519.28,4477.08,4564.37,4422.0,59.62136281,794.17007368
801050,2021-01-25,4590.99,4530.74,4701.33,4512.52,64.121341,876.88638837
801050,2021-01-26,4516.14,4562.34,4609.81,4436.34,55.48559903,724.27915665
801050,2021-01-27,4485.25,4508.42,4525.72,4354.63,47.34787737,628.49328564
801050,2021-01-28,4335.4,4365.81,4470.5,4327.17,45.09689536,576.01663136
801050,2021-01-29,4254.59,4399.39,4410.3,4172.01,48.59630809,649.54531122
801050,2021-02-01,4291.04,4282.07,4327.93,4221.01,45.00906475,585.20949095
801050,2021-02-02,4404.61,4312.4,4410.74,4268.51,45.26636763,608.25649767
801050,2021-02-03,4409.7,4365.9,4506.56,4350.66,52.72604488,692.20406921
801050,2021-02-04,4223.77,4377.58,4378.82,4172.64,51.46977558,658.77934271
801050,2021-02-05,4036.74,4212.1,4250.59,4035.99,45.41303275,593.92444713
801050,2021-02-08,4193.3,4080.96,4210.15,4032.41,40.14898615,498.48054842
801050,2021-02-09,4393.48,4243.46,4408.48,4243.46,43.11420518,540.59248769
801050,2021-02-10,4491.76,4403.54,4513.63,4362.24,45.6712453,592.79887909
801050,2021-02-18,4792.15,4775.48,4792.69,4692.26,65.08837695,810.82010055
801050,2021-02-19,4850.69,4781.06,4878.37,4669.98,83.20383774,978.02061338
801050,2021-02-22,5078.44,5006.51,5249.55,5006.51,106.63633929,1305.98468511
801050,2021-02-23,4995.69,4984.85,5107.69,4954.36,103.05010728,1162.74380704
801050,2021-02-24,4789.8,4986.08,5062.41,4742.53,87.25573997,1029.44910846
801050,2021-02-25,4744.31,4935.99,4935.99,4721.81,75.16696087,852.56219613
801050,2021-02-26,4538.78,4514.59,4644.8,4514.59,68.45982382,757.9524691
801050,2021-03-01,4695.55,4566.34,4697.41,4537.7,66.51577509,776.05591523
801050,2021-03-02,4541.43,4680.85,4680.86,4505.02,74.97597787,885.5183047
801050,2021-03-03,4712.38,4560.93,4719.11,4560.91,68.24938102,813.23193493
801050,2021-03-04,4537.66,4603.76,4622.28,4507.18,81.55671444,957.31390923
801050,2021-03-05,4401.25,4362.02,4447.84,4344.89,61.58775361,732.69940682
801050,2021-03-08,4289.39,4476.58,4507.26,4289.39,56.42349406,684.46176852
801050,2021-03-09,4224.15,4272.94,4347.11,4105.18,65.57750506,716.39331074
801050,2021-03-10,4215.41,4275.13,4281.08,4188.6,49.23001368,555.2621537
801050,2021-03-11,4468.38,4247.39,4468.4,4229.77,70.92277619,734.02108435
801050,2021-03-12,4424.97,4481.23,4482.31,4373.62,67.05681367,727.39796472
801050,2021-03-15,4441.82,4414.05,4531.89,4382.66,61.55481052,661.9590978
801050,2021-03-16,4370.15,4448.64,4449.04,4298.38,61.65708945,649.98996946
801050,2021-03-17,4392.95,4315.07,4403.34,4259.89,51.41949705,574.56099243
801050,2021-03-18,4398.16,4432.42,4458.16,4394.0,51.96630425,588.15218318
801050,2021-03-19,4315.01,4297.7,4352.35,4278.41,52.68546214,566.79272212
801050,2021-03-22,4340.93,4307.27,4369.34,4274.43,51.17605148,525.34760068
801050,2021-03-23,4160.78,4347.62,4347.65,4132.68,56.15801952,581.77712764
801050,2021-03-24,3978.88,4096.48,4123.18,3975.5,51.39298547,510.16416747
801050,2021-03-25,4000.36,3971.7,4040.2,3969.53,37.34199809,399.12887914
801050,2021-03-26,4131.16,4007.63,4144.21,4007.53,41.3242139,480.70019921
801050,2021-03-29,4123.94,4145.72,4156.41,4090.2,36.04323042,399.01656612
801050,2021-03-30,4167.77,4094.73,4186.75,4051.97,39.81262762,455.73445489
801050,2021-03-31,4075.37,4132.36,4132.38,4040.51,34.30705092,392.79891165
801050,2021-04-01,4109.74,4090.21,4111.28,4055.95,29.55816465,328.84972907
801050,2021-04-02,4135.58,4108.3,4149.54,4078.41,32.3882565,371.74119533
801050,2021-04-06,4164.06,4177.88,4211.94,4160.89,28.57500822,325.2252354
801050,2021-04-07,4212.43,4174.24,4212.88,4115.1,39.40403534,415.57760483
801050,2021-04-08,4264.37,4193.49,4311.8,4181.46,58.05951328,565.44788931
801050,2021-04-09,4249.7,4276.08,4303.15,4224.27,45.60505969,469.51809393
801050,2021-04-12,4081.5,4224.36,4232.6,4065.32,42.71409559,465.91243993
801050,2021-04-13,4055.46,4060.91,4081.52,4019.6,29.77400772,320.03176382
801050,2021-04-14,4157.13,4069.15,4158.67,4069.13,29.31687859,353.45921236
801050,2021-04-15,4232.08,4167.76,4235.11,4134.3,39.36260829,433.57576084
801050,2021-04-16,4210.85,4270.81,4277.03,4192.23,41.05597239,453.52033839
801050,2021-04-19,4369.05,4194.15,4369.31,4169.17,49.06393777,566.26872066
801050,2021-04-20,4337.5,4323.78,4392.04,4304.52,44.29198238,546.12561502
801050,2021-04-21,4297.68,4289.52,4318.05,4242.31,35.28977646,420.80384574
801050,2021-04-22,4316.48,4325.43,4369.24,4301.81,38.48493381,439.56121115
801050,2021-04-23,4365.4,4299.61,4370.93,4285.35,40.2615096,490.11077049
801050,2021-04-26,4390.97,4395.16,4485.61,4384.51,56.51555163,630.45994169
801050,2021-04-27,4399.85,4410.63,4442.7,4320.42,47.20289346,523.90819818
801050,2021-04-28,4398.89,4366.12,4428.86,4303.53,41.41718581,515.6542671
801050,2021-04-29,4458.81,4429.23,4490.09,4374.47,45.49115932,572.91267149
801050,2021-04-30,4442.7,4422.18,4486.62,4396.99,46.37305365,599.62851195
801050,2021-05-06,4559.62,4516.97,4587.4,4474.2,56.89355484,658.40663872
801050,2021-05-07,4651.86,4616.19,4751.54,4616.17,79.82258965,897.3743458
801050,2021-05-10,4879.54,4730.66,4879.54,4730.66,90.21155808,986.36737213
801050,2021-05-11,4681.39,4748.05,4748.07,4571.87,75.84452554,804.37730143
801050,2021-05-12,4718.8,4642.94,4726.49,4633.15,48.74297541,541.08017975
801050,2021-05-13,4511.15,4580.7,4605.78,4497.25,55.57994156,612.09238125
801050,2021-05-14,4529.94,4520.97,4533.69,4446.21,45.16005118,517.09399218
801050,2021-05-17,4629.35,4528.02,4659.66,4519.03,47.1994221,575.43503485
801050,2021-05-18,4681.72,4683.36,4730.39,4651.26,45.97655867,555.61012755
801050,2021-05-19,4690.26,4634.43,4707.28,4603.89,42.57199703,560.05259251
801050,2021-05-20,4540.25,4563.15,4588.24,4507.31,52.08960148,609.09066924
801050,2021-05-21,4578.49,4534.34,4628.54,4515.95,39.25776917,474.57354128
801050,2021-05-24,4563.79,4559.36,4602.71,4533.8,37.39701253,485.31669477
801050,2021-05-25,4604.13,4560.51,4609.23,4511.35,35.64180151,468.08299733
801050,2021-05-26,4643.87,4599.23,4659.13,4579.94,42.11598918,527.35646969
801050,2021-05-27,4649.28,4633.69,4653.37,4617.59,34.39985451,424.64345967
801050,2021-05-28,4706.93,4710.73,4770.16,4699.66,48.76632559,631.76582976
801050,2021-05-31,4816.81,4741.38,4831.27,4740.94,45.8137026,648.22280103
801050,2021-06-01,4821.97,4791.14,4821.97,4716.96,42.54570025,544.02035452
801050,2021-06-02,4753.74,4799.11,4852.99,4734.37,38.23308714,518.58793191
801050,2021-06-03,4758.06,4738.16,4831.87,4716.65,39.04177915,530.17151288
801050,2021-06-04,4746.43,4662.08,4795.04,4638.59,40.78392814,556.1544798
801050,2021-06-07,4741.34,4747.17,4775.74,4707.52,36.11240938,494.54237181
801050,2021-06-08,4633.34,4741.36,4772.98,4621.02,34.72294728,485.83665834
801050,2021-06-09,4655.19,4645.59,4688.34,4621.27,31.89207437,398.52451178
801050,2021-06-10,4682.79,4650.3,4704.85,4645.68,31.60549618,425.37832526
801050,2021-06-11,4684.65,4690.28,4721.54,4611.32,40.98952457,511.9853623
801050,2021-06-15,4528.03,4671.75,4672.24,4509.58,40.4338381,512.36293014
801050,2021-06-16,4350.77,4496.29,4496.3,4344.9,34.09467129,452.93458765
801050,2021-06-17,4375.41,4319.1,4400.69,4319.09,25.99530138,343.5337238
801050,2021-06-18,4454.72,4323.92,4469.38,4284.81,36.66848006,482.04951181
801050,2021-06-21,4450.05,4425.31,4495.83,4414.41,29.78995422,410.45488352
801050,2021-06-22,4478.59,4475.74,4499.57,4424.47,31.12947444,439.36285199
801050,2021-06-23,4562.29,4492.0,4578.26,4473.24,33.96916749,500.89389565
801050,2021-06-24,4536.82,4578.89,4581.1,4507.95,30.58854685,448.3136777
801050,2021-06-25,4636.99,4544.94,4653.41,4540.64,35.6535809,492.38632278
801050,2021-06-28,4611.27,4643.43,4659.8,4590.4,29.70445699,430.38918381
801050,2021-06-29,4548.88,4622.21,4629.51,4543.02,29.13033662,415.46756365
801050,2021-06-30,4605.5,4556.95,4618.06,4552.82,26.4356872,395.77169734
801050,2021-07-01,4533.26,4620.46,4620.46,4533.26,27.87499572,417.65921492
801050,2021-07-02,4590.6,4521.63,4652.0,4515.36,37.17567031,568.83295938
801050,2021-07-05,4803.62,4629.49,4804.17,4629.49,51.93340845,783.28936744
801050,2021-07-06,4839.81,4836.1,4892.53,4740.12,48.50704843,783.48029071
801050,2021-07-07,4971.21,4775.85,4986.09,4736.62,57.32004738,840.99258819
801050,2021-07-08,4965.15,4983.03,5064.8,4964.78,59.78091989,933.04944381
801050,2021-07-09,5234.53,4958.2,5257.34,4958.2,79.00019429,1103.57819223
801050,2021-07-12,5384.99,5334.09,5452.05,5296.23,82.40759567,1237.47746239
801050,2021-07-13,5375.52,5367.26,5386.44,5288.59,62.43748227,909.71339468
801050,2021-07-14,5197.85,5337.49,5337.52,5188.02,59.44873639,883.80750655
801050,2021-07-15,5354.71,5190.1,5365.32,5117.73,59.53375082,961.00624555
801050,2021-07-16,5356.85,5317.79,5506.6,5313.78,68.66220612,1030.10984001
801050,2021-07-19,5334.05,5360.48,5489.97,5307.69,64.13407997,1025.44060436
801050,2021-07-20,5356.8,5238.52,5359.68,5232.43,52.95934612,770.89399361
801050,2021-07-21,5584.79,5403.37,5597.57,5379.3,63.89643671,997.88877723
801050,2021-07-22,5728.83,5629.3,5748.35,5586.02,70.3008888,1067.80825243
801050,2021-07-23,5759.36,5724.95,5921.73,5701.21,93.45000936,1264.98550503
801050,2021-07-26,5832.85,5796.34,5886.38,5632.54,89.42498469,1206.69487695
801050,2021-07-27,5598.01,5861.91,6021.56,5577.36,109.82733009,1455.97923736
801050,2021-07-28,5427.0,5480.63,5595.56,5313.89,81.29830097,1047.79969543
801050,2021-07-29,5727.52,5577.7,5739.78,5539.29,70.25541967,1006.18945362
801050,2021-07-30,5867.48,5778.76,5877.22,5704.85,74.18799698,1131.07236512
801050,2021-08-02,5893.26,5940.47,6011.98,5709.77,74.52172135,1264.92941802
801050,2021-08-03,5566.71,5814.65,5826.02,5524.52,70.54864079,1084.61579964
801050,2021-08-04,5831.44,5565.28,5835.54,5556.74,58.17901619,981.46568974
801050,2021-08-05,5746.8,5759.61,5806.42,5677.5,55.82960179,951.26668729
801050,2021-08-09,5861.24,5834.97,5869.77,5694.31,70.20905158,1082.91130486
801050,2021-08-10,5805.02,5815.9,5902.6,5687.55,62.17195113,1056.26018689
801050,2021-08-11,5917.96,5832.51,5959.13,5810.96,62.6246524,1011.33016116
801050,2021-08-12,6040.81,5889.9,6067.46,5866.2,84.22299326,1180.01132102
801050,2021-08-13,6087.49,5989.89,6154.2,5965.81,80.79959741,1176.77957864
801050,2021-08-16,5862.48,6057.81,6088.11,5853.58,81.03935846,1149.57125592
801050,2021-08-17,5795.99,5851.72,5959.06,5747.9,74.42104774,1054.06107184
801050,2021-08-18,5846.35,5785.83,5926.68,5735.8,64.54901203,926.05285819
801050,2021-08-19,5884.11,5768.41,5938.52,5678.84,63.55553819,983.04295214
801050,2021-08-20,5913.38,5837.84,5926.08,5779.83,59.50204637,1049.85307634
801050,2021-08-23,6067.79,5954.69,6123.83,5916.45,63.768457,1118.67755776
801050,2021-08-24,6219.01,6075.03,6299.98,6075.03,81.45195387,1318.821353
801050,2021-08-25,6337.76,6211.91,6337.76,6108.31,85.61708485,1235.0885326
801050,2021-08-26,6392.9,6334.16,6481.94,6327.24,97.83856147,1339.00148491
801050,2021-08-27,6585.3,6368.93,6620.06,6321.79,99.62643935,1486.65814182
801050,2021-08-30,6791.85,6628.71,6882.12,6607.77,105.24859661,1680.01659505
801050,2021-08-31,6923.62,6734.9,6923.62,6657.77,93.36466901,1469.78528834
801050,2021-09-01,6465.98,6940.35,7011.77,6443.52,111.97296802,1806.65894565
801050,2021-09-02,6590.78,6372.75,6642.1,6372.75,81.30251756,1253.67590848
801050,2021-09-03,6340.78,6532.32,6641.64,6286.93,88.5890375,1411.45949754
801050,2021-09-06,6384.42,6383.76,6418.07,6161.5,72.63497812,1148.6774936
801050,2021-09-07,6545.05,6395.16,6588.76,6333.52,72.86088684,1151.27000376
801050,2021-09-08,6561.75,6508.91,6653.73,6488.37,79.13366682,1153.15072812
801050,2021-09-09,6728.75,6573.71,6728.75,6573.61,92.46378955,1333.32166554
801050,2021-09-10,6895.41,6742.3,6958.3,6740.36,114.67447285,1648.5607762
801050,2021-09-13,7069.71,6976.55,7071.89,6870.48,112.35982682,1683.63302854
801050,2021-09-14,6857.77,6950.9,7032.92,6796.43,110.39093369,1618.55035635
801050,2021-09-15,6907.68,6826.87,6935.84,6741.99,77.89188328,1294.64870141
801050,2021-09-16,6585.25,6933.26,6940.54,6585.25,86.92653898,1408.79258556
801050,2021-09-17,6389.78,6510.95,6612.97,6203.16,80.8157117,1278.44741165
801050,2021-09-22,6385.87,6288.2,6405.62,6288.2,56.56658851,860.87590278
801050,2021-09-23,6356.67,6460.34,6461.56,6342.37,57.97487584,938.81262479
801050,2021-09-24,6149.56,6369.46,6423.68,6129.18,69.19578897,1084.51853737
801050,2021-09-27,5775.77,6102.26,6102.29,5716.08,68.3375593,994.15738677
801050,2021-09-28,5734.45,5744.96,5798.37,5689.46,44.69246171,694.79684078
801050,2021-09-29,5524.03,5680.97,5715.79,5471.48,47.65681101,753.93296462
801050,2021-09-30,5669.68,5574.02,5684.06,5568.87,39.89040382,635.23893493
801050,2021-10-11,5687.51,5657.22,5713.93,5547.71,41.46202584,617.25065116
801050,2021-10-12,5517.81,5674.01,5681.51,5433.83,45.00057314,634.38495041
801050,2021-10-13,5600.81,5527.14,5611.29,5493.32,32.87685806,522.59038064
801050,2021-10-14,5726.59,5616.35,5766.84,5616.25,49.42017618,658.84146996
801050,2021-10-15,5785.28,5713.08,5813.3,5677.36,50.45954117,727.73652658
801050,2021-10-18,5955.94,5829.07,5957.81,5792.41,56.18489873,800.25557991
801050,2021-10-19,5988.2,5917.79,5991.77,5877.0,46.80383761,687.44020003
801050,2021-10-20,5947.08,5874.03,6032.19,5845.78,48.78488159,771.07988479
801050,2021-10-21,5987.44,6003.45,6063.76,5952.99,48.03343765,787.64899456
801050,2021-10-25,5867.21,5751.49,5868.04,5708.44,39.5772311,705.81366936
801050,2021-10-26,5909.38,5914.92,5980.41,5878.07,43.75294495,793.54418887
801050,2021-10-27,5811.13,5876.47,5923.72,5765.85,47.54186119,715.83759768
801050,2021-10-28,5573.81,5771.5,5781.74,5551.35,54.16583736,851.57076015
801050,2021-10-29,5634.4,5606.57,5641.98,5562.75,39.73822571,656.38359334
801050,2021-11-01,5572.76,5617.6,5656.11,5546.57,42.33162318,748.564073
801050,2021-11-02,5512.53,5608.19,5643.96,5436.14,50.96332643,790.22382233
801050,2021-11-03,5502.09,5502.6,5502.61,5387.24,37.58691612,631.47416764
801050,2021-11-04,5521.93,5498.19,5524.16,5475.23,38.65904374,646.19176765
801050,2021-11-05,5482.14,5499.38,5608.6,5480.92,47.56192346,793.22327265
801050,2021-11-08,5705.27,5512.6,5717.2,5512.6,43.94556544,843.94882469
801050,2021-11-09,5735.91,5739.51,5742.87,5689.22,33.7941883,645.49012925
801050,2021-11-10,5644.42,5703.09,5703.09,5540.58,41.52724868,727.49262286
801050,2021-11-11,5677.24,5632.09,5677.47,5605.08,38.63887551,598.18289351
801050,2021-11-12,5702.57,5693.8,5751.48,5688.03,42.12178269,614.68352858
801050,2021-11-15,5573.04,5680.62,5680.62,5544.8,36.81362918,628.41514299
801050,2021-11-16,5479.62,5563.3,5585.19,5467.37,36.70315832,521.24255085
801050,2021-11-17,5657.59,5497.38,5657.83,5497.38,38.02603275,681.99581893
801050,2021-11-18,5749.26,5651.81,5811.94,5621.78,45.69736303,859.51184746
801050,2021-11-19,5799.22,5739.77,5799.59,5715.93,48.13728755,785.03189988
801050,2021-11-22,5979.33,5807.88,5984.51,5807.88,50.59458062,914.50838544
801050,2021-11-23,5988.04,6024.7,6035.66,5984.47,57.02045847,943.20091825
801050,2021-11-24,6058.11,5975.9,6084.28,5975.59,56.28525139,949.42158459
801050,2021-11-25,6073.7,6086.2,6120.24,6049.08,50.98380554,872.80148719
801050,2021-11-26,6147.1,6044.49,6214.25,6044.49,52.50750612,984.17081701
801050,2021-11-29,6177.77,6031.33,6183.4,6031.33,51.59965898,933.4933278
801050,2021-11-30,6132.59,6215.65,6237.17,6094.24,54.49503022,958.16752905
801050,2021-12-01,6105.99,6116.82,6134.21,6021.33,46.28555809,784.45962008
801050,2021-12-02,6086.31,6114.14,6121.12,6031.66,43.60354583,784.02422764
801050,2021-12-03,6130.72,6074.11,6149.76,6001.72,43.87861265,743.93055201
801050,2021-12-06,6055.65,6112.66,6156.5,6049.78,56.88349833,844.67420652
801050,2021-12-07,5939.94,6096.97,6096.97,5862.11,57.55518546,871.24029355
801050,2021-12-08,6049.03,5972.15,6049.03,5968.84,50.39336705,703.67171421
801050,2021-12-09,6025.95,6041.27,6068.36,6009.9,45.90110788,640.9522699
801050,2021-12-10,6107.59,5984.01,6126.46,5977.02,48.48011957,802.24903355
801050,2021-12-13,6129.97,6109.52,6132.05,6057.56,44.60554925,686.4637858
801050,2021-12-14,5987.82,6101.7,6101.72,5970.01,44.30429149,671.82058185
801050,2021-12-15,5897.73,5965.29,5999.74,5882.74,37.86960677,648.26356766
801050,2021-12-16,5939.77,5898.24,5939.77,5861.98,39.4234625,570.07980783
801050,2021-12-17,5874.89,5949.19,5989.58,5874.89,48.18336937,616.7383741
801050,2021-12-20,5730.78,5843.67,5908.95,5721.02,41.5147537,677.61181346
801050,2021-12-21,5749.05,5709.19,5759.32,5681.19,32.80840167,520.60257094
801050,2021-12-22,5752.59,5773.11,5789.63,5728.02,33.91503365,510.17245801
801050,2021-12-23,5774.23,5805.12,5813.43,5751.18,48.75195399,670.73744795
801050,2021-12-24,5573.46,5769.05,5769.05,5562.41,45.63994983,667.63985628
801050,2021-12-27,5548.76,5572.31,5606.02,5507.57,31.56560822,458.81955665
801050,2021-12-28,5687.52,5563.71,5690.07,5563.71,29.20428211,550.01059694
801050,2021-12-29,5664.11,5679.12,5744.43,5664.11,28.52714825,527.6967831
801050,2021-12-30,5677.93,5695.75,5718.95,5670.45,33.25458557,525.14299199
801050,2021-12-31,5751.42,5698.89,5760.79,5698.81,30.90646498,537.61262193
801050,2022-01-04,5645.61,5788.31,5794.67,5612.66,37.70095589,649.51277838
801050,2022-01-05,5500.54,5631.05,5631.05,5477.48,35.31785086,535.792646
801050,2022-01-06,5565.77,5473.56,5582.12,5464.15,29.47708582,487.43665968
801050,2022-01-07,5441.57,5551.56,5551.56,5425.53,37.6705016,568.81384511
801050,2022-01-10,5488.82,5441.59,5514.93,5427.14,30.98370591,458.58756244
801050,2022-01-11,5474.49,5493.33,5520.78,5454.47,34.25250333,482.52916836
801050,2022-01-12,5646.88,5558.03,5646.88,5558.0,45.06929976,627.09657356
801050,2022-01-13,5555.44,5676.12,5676.14,5552.28,47.94924411,658.98098522
801050,2022-01-14,5533.49,5515.21,5562.42,5503.28,37.97946438,522.68300775
801050,2022-01-17,5509.35,5508.66,5515.86,5452.93,31.3892882,464.80583614
801050,2022-01-18,5526.63,5502.52,5570.94,5485.36,30.67810455,426.88170518
801050,2022-01-19,5411.34,5506.97,5506.97,5369.96,28.84872951,448.86692237
801050,2022-01-20,5360.86,5441.65,5492.62,5359.11,32.55302866,459.43370493
801050,2022-01-21,5377.22,5346.28,5416.49,5310.1,31.04300296,417.22571549
801050,2022-01-24,5459.19,5333.6,5485.18,5329.53,27.77490039,499.68309126
801050,2022-01-25,5324.75,5438.99,5484.94,5324.75,35.02357696,530.17592907
801050,2022-01-26,5361.94,5367.13,5394.35,5285.46,27.79389047,391.51299808
801050,2022-01-27,5207.99,5388.81,5393.55,5207.99,28.43249164,431.45959571
801050,2022-01-28,5133.86,5227.68,5233.53,5035.55,31.14559717,436.78752446
801050,2022-02-07,5292.58,5245.41,5336.53,5245.41,30.64343495,481.20623523
801050,2022-02-08,5302.74,5295.21,5302.74,5159.46,29.62304232,440.49812806
801050,2022-02-09,5459.68,5327.56,5468.1,5320.79,46.93720164,604.64560734
801050,2022-02-10,5504.89,5502.11,5548.92,5447.87,49.1291884,600.87117779
801050,2022-02-11,5484.28,5482.81,5606.02,5447.78,39.6591749,609.80556914
801050,2022-02-14,5513.51,5474.97,5589.4,5474.97,35.13992475,537.59009769
801050,2022-02-15,5569.48,5549.06,5569.48,5468.65,29.96763534,481.44501805
801050,2022-02-16,5601.09,5577.11,5659.27,5567.65,31.77661761,534.88664384
801050,2022-02-17,5773.98,5596.92,5792.92,5595.14,44.8795417,787.96058501
801050,2022-02-18,5775.5,5740.97,5781.47,5729.28,35.68652954,567.60742094
801050,2022-02-21,5760.63,5768.53,5783.28,5706.39,30.26230253,517.75376521
801050,2022-02-22,5858.18,5807.76,5858.85,5771.75,40.63472349,697.64710665
801050,2022-02-23,5887.25,5834.23,5888.76,5819.85,40.50484676,657.39817202
801050,2022-02-24,5833.08,5845.67,5914.38,5759.92,71.23523919,999.94712511
801050,2022-02-25,5898.62,5856.65,5968.04,5835.13,54.04555914,788.28176132
801050,2022-02-28,6015.64,5932.35,6015.64,5904.42,51.17066099,757.21560923
801050,2022-03-01,5901.81,6016.5,6016.59,5843.7,43.53277962,745.73633554
801050,2022-03-02,5960.21,5920.28,6000.74,5874.84,55.89211328,709.34652224
801050,2022-03-04,5841.93,5951.2,5977.7,5820.82,50.87329927,677.32245336
801050,2022-03-07,5820.65,5888.53,5921.32,5781.0,54.78614535,743.16826359
801050,2022-03-08,5537.25,5800.01,5808.4,5450.64,69.04879022,938.99268316
801050,2022-03-09,5403.81,5479.44,5481.7,5210.19,64.12309366,796.60848793
801050,2022-03-10,5456.07,5459.79,5514.09,5395.38,47.81058037,696.57841619
801050,2022-03-11,5431.25,5360.2,5434.5,5265.65,40.18039149,534.99643838
801050,2022-03-14,5218.14,5335.7,5368.06,5218.14,37.18024764,504.86568522
801050,2022-03-15,4955.8,5142.57,5193.02,4955.8,51.32425672,663.02797626
801050,2022-03-16,5152.56,5045.49,5166.47,4866.82,43.47441451,631.42217966
801050,2022-03-17,5216.93,5225.79,5313.5,5202.56,39.75436929,623.57607691
801050,2022-03-18,5273.57,5205.84,5287.02,5191.55,32.9433385,475.93965664
801050,2022-03-21,5369.61,5289.36,5415.8,5282.76,32.77569985,515.31557636
801050,2022-03-22,5409.75,5363.74,5457.04,5347.5,31.06803548,459.76929995
801050,2022-03-24,5444.91,5411.48,5480.07,5359.17,37.25831551,518.52540603
801050,2022-03-25,5392.53,5435.25,5502.38,5380.53,32.64650549,481.52180389
801050,2022-03-28,5313.29,5329.1,5373.94,5222.18,29.45493547,440.8012436
801050,2022-03-29,5302.6,5317.59,5348.87,5262.23,24.64546105,393.0539097
801050,2022-03-30,5372.17,5314.73,5373.88,5287.95,28.25021536,434.85182793
801050,2022-04-01,5286.53,5226.4,5324.7,5211.16,21.60777182,336.66349301
801050,2022-04-06,5273.17,5283.42,5283.43,5193.15,26.36383815,355.51060658
801050,2022-04-07,5214.42,5232.14,5282.17,5211.1,24.82834559,354.71999206
801050,2022-04-08,5230.79,5223.49,5264.31,5141.51,35.90167487,464.87263755
801050,2022-04-11,4970.24,5192.78,5192.79,4950.79,38.5319724,535.44847813
801050,2022-04-12,5052.61,4953.51,5052.61,4937.44,30.63654494,397.14326385
801050,2022-04-13,5163.39,5039.82,5231.83,5036.53,45.55786889,540.34375144
801050,2022-04-15,5077.2,5168.84,5181.44,5063.49,38.19745425,461.18080206
801050,2022-04-18,5060.72,5051.12,5070.3,4952.61,26.37018924,342.28347635
801050,2022-04-19,5103.52,5085.59,5144.03,5072.38,28.25833647,362.66069136
801050,2022-04-20,4906.25,5080.87,5084.34,4898.49,30.21561263,372.69265343
801050,2022-04-21,4691.81,4885.8,4908.8,4675.27,32.0417551,389.89885805
801050,2022-04-22,4666.77,4652.78,4708.55,4585.06,26.98865596,325.78340785
801050,2022-04-25,4272.57,4546.21,4546.21,4272.46,37.97877167,443.42200388
801050,2022-04-26,4126.06,4270.41,4278.23,4113.08,34.15671093,375.11000077
801050,2022-04-27,4411.51,4076.24,4414.38,4076.23,36.36903907,453.02357889
801050,2022-04-28,4432.4,4407.93,4505.82,4383.34,30.07166509,468.55317105
801050,2022-04-29,4644.74,4471.94,4650.21,4449.64,32.22622397,501.14441742
801050,2022-05-06,4489.48,4507.11,4541.34,4461.93,27.15488126,355.90830378
801050,2022-05-10,4573.13,4422.9,4573.13,4414.74,31.22795411,435.24706786
801050,2022-05-11,4667.41,4561.61,4777.72,4551.7,37.75615412,596.25030167
801050,2022-05-12,4626.5,4621.11,4662.34,4577.14,25.98603247,376.06987931
801050,2022-05-13,4651.97,4647.9,4654.37,4581.52,25.29639759,336.5178435
801050,2022-05-16,4672.4,4687.38,4737.46,4656.91,25.74700366,340.92593352
801050,2022-05-17,4801.26,4677.36,4822.88,4670.39,28.44094263,485.69913779
801050,2022-05-18,4789.6,4802.61,4821.5,4770.22,24.82320277,391.73811771
801050,2022-05-19,4830.07,4704.48,4830.07,4680.71,26.52651193,427.38087818
801050,2022-05-20,4973.57,4892.42,4974.08,4836.51,46.11680441,588.77775973
801050,2022-05-23,5094.74,5003.5,5108.17,4977.33,44.5018996,645.39505367
801050,2022-05-24,4912.64,5072.53,5113.06,4912.64,42.64612124,688.70237013
801050,2022-05-25,4959.01,4924.48,4978.3,4879.11,32.13796927,496.54113541
801050,2022-05-26,4967.65,4963.41,5006.16,4855.09,29.37623749,444.27934558
801050,2022-05-27,4949.66,5010.76,5028.61,4906.38,27.99807968,426.28251315
801050,2022-05-30,4994.94,4966.44,5003.39,4935.44,26.3056434,399.44574818
801050,2022-05-31,5015.52,4977.85,5015.52,4897.99,27.39822408,421.49342601
801050,2022-06-01,4966.13,4973.48,4976.08,4910.72,28.66738705,442.69876865
801050,2022-06-02,5042.69,4933.5,5060.03,4925.5,33.15992475,508.47105252
801050,2022-06-06,5282.7,5062.16,5297.86,5062.16,49.29625673,777.47804855
801050,2022-06-07,5278.9,5291.48,5311.3,5225.53,40.32653453,609.33513432
801050,2022-06-08,5370.55,5310.78,5405.35,5236.12,48.35307346,763.92621672
801050,2022-06-09,5313.01,5339.07,5362.68,5263.28,43.24924138,613.99307016
801050,2022-06-10,5441.93,5247.25,5445.88,5245.02,50.69996732,719.72552818
801050,2022-06-13,5544.44,5404.28,5575.7,5404.28,53.81668713,849.17492635
801050,2022-06-14,5501.9,5444.69,5501.9,5329.49,49.01804266,726.82581782
801050,2022-06-15,5474.75,5497.77,5560.66,5444.14,48.88767957,718.906529
801050,2022-06-16,5474.57,5487.1,5548.02,5444.0,40.70249533,614.88423917
801050,2022-06-17,5618.55,5429.19,5627.29,5429.19,52.66259864,803.53697384
801050,2022-06-20,5563.84,5633.84,5643.47,5528.53,59.10380439,815.27837033
801050,2022-06-21,5394.66,5539.94,5539.96,5339.52,47.16979476,744.6819462
801050,2022-06-22,5372.74,5397.34,5453.99,5372.42,46.82009902,645.62995271
801050,2022-06-23,5483.81,5370.47,5484.51,5277.93,53.03532322,752.35070669
801050,2022-06-24,5471.0,5462.79,5482.93,5419.59,47.18019827,688.80027674
801050,2022-06-27,5643.06,5477.6,5695.19,5465.66,51.8382493,885.77292433
801050,2022-06-28,5748.14,5652.17,5748.14,5640.57,51.88499929,803.27932557
801050,2022-06-29,5524.34,5726.88,5726.92,5524.34,54.10247929,790.59586114
801050,2022-06-30,5615.58,5533.36,5650.14,5533.36,40.42579892,640.26034944
801050,2022-07-01,5705.01,5596.1,5742.18,5564.06,37.49278201,671.69431243
801050,2022-07-04,5788.17,5666.21,5801.07,5661.58,38.46234751,781.96241535
801050,2022-07-05,5837.99,5802.09,5874.75,5746.53,50.57769432,849.23098921
801050,2022-07-06,5705.14,5768.69,5786.53,5644.02,51.02190786,800.29210893
801050,2022-07-07,5775.56,5689.78,5791.82,5647.47,44.10578746,673.98641839
801050,2022-07-08,5714.77,5811.42,5825.76,5703.69,41.78812044,680.80404282
801050,2022-07-11,5508.32,5677.92,5677.92,5449.9,39.41873853,704.26162935
801050,2022-07-12,5418.4,5498.9,5542.64,5393.01,34.27892487,657.21884622
801050,2022-07-13,5437.43,5391.74,5463.97,5308.93,32.22013746,579.04043156
801050,2022-07-14,5458.17,5413.92,5501.65,5370.06,35.01743551,618.41432394
801050,2022-07-15,5377.0,5419.64,5519.86,5377.0,37.96372983,630.63025226
801050,2022-07-18,5488.09,5411.48,5488.09,5368.63,40.9181081,657.10106071
801050,2022-07-19,5500.92,5491.97,5566.56,5462.21,38.03552317,603.41805074
801050,2022-07-20,5563.9,5538.7,5585.23,5524.12,34.71159727,561.91680434
801050,2022-07-21,5454.57,5539.77,5544.08,5454.57,42.72433567,659.25993595
801050,2022-07-22,5444.46,5483.38,5499.81,5386.59,37.81356835,529.81373937
801050,2022-07-25,5411.48,5446.37,5499.49,5403.11,32.95436571,497.17962588
801050,2022-07-26,5505.46,5422.69,5540.51,5409.42,29.92764904,574.94954099
801050,2022-07-27,5523.39,5494.35,5536.49,5445.37,31.19547253,512.00285964
801050,2022-07-28,5536.14,5567.61,5570.81,5507.97,40.30796127,603.56622532
801050,2022-07-29,5524.34,5562.82,5569.1,5516.4,40.71214338,554.06677814
801050,2022-08-01,5595.36,5525.27,5598.66,5461.92,43.67499975,711.94250555
801050,2022-08-02,5392.06,5520.53,5520.64,5342.98,51.47997036,759.14222362
801050,2022-08-03,5324.68,5409.0,5482.72,5305.54,42.58470212,678.5805023
801050,2022-08-04,5372.02,5355.64,5432.5,5293.9,31.31328965,548.71490379
801050,2022-08-05,5490.03,5385.15,5497.71,5354.78,39.42077812,665.44872454
801050,2022-08-08,5558.51,5466.93,5568.55,5450.76,34.13472033,617.54326595
801050,2022-08-09,5597.29,5555.29,5610.69,5530.33,31.66470749,560.60283074
801050,2022-08-10,5577.01,5612.55,5659.5,5548.71,40.67699725,683.89006725
801050,2022-08-11,5585.33,5600.25,5600.25,5505.4,38.91357809,630.24457923
801050,2022-08-12,5581.13,5571.61,5650.8,5571.61,38.78777132,565.16782691
801050,2022-08-15,5668.01,5570.6,5692.03,5570.6,38.63519114,672.22109878
801050,2022-08-16,5613.97,5668.81,5668.81,5593.81,36.40871214,633.94233431
801050,2022-08-17,5562.98,5614.98,5614.98,5495.0,34.74688253,573.07650237
801050,2022-08-18,5544.53,5540.82,5588.95,5537.11,33.89449113,516.55638437
801050,2022-08-19,5417.85,5534.47,5534.47,5417.85,34.83579363,561.29162092
801050,2022-08-22,5619.24,5409.34,5619.24,5356.85,38.85042055,758.24461074
801050,2022-08-23,5583.25,5604.57,5631.8,5537.81,32.87074647,628.23337963
801050,2022-08-24,5406.23,5612.86,5637.08,5394.0,40.67012125,672.31377766
801050,2022-08-25,5378.05,5427.44,5440.55,5301.22,40.54985673,647.93682608
801050,2022-08-26,5422.42,5386.8,5529.32,5377.07,33.70279233,617.85584627
801050,2022-08-29,5390.52,5331.62,5409.22,5320.09,28.27368018,442.60521874
801050,2022-08-30,5353.53,5400.55,5400.55,5322.27,27.11408924,425.68309057
801050,2022-08-31,5166.24,5323.59,5352.63,5142.26,34.06861372,563.31349812
801050,2022-09-01,5103.18,5155.13,5185.63,5095.73,23.0689555,367.43040556
801050,2022-09-02,5072.21,5115.18,5132.21,5040.94,20.57302097,346.28672994
801050,2022-09-05,5080.83,5055.89,5099.81,5048.12,19.92120101,314.05357466
801050,2022-09-06,5240.56,5109.09,5240.56,5098.48,28.96169218,492.1886098
801050,2022-09-07,5313.84,5205.09,5335.03,5205.09,43.22177844,530.74678359
801050,2022-09-08,5274.57,5332.56,5332.56,5270.02,35.69184516,459.43256694
801050,2022-09-09,5377.7,5308.74,5386.51,5288.08,37.87032956,540.49842205
801050,2022-09-13,5422.56,5406.17,5463.45,5391.5,36.06505865,520.39900633
801050,2022-09-14,5350.32,5327.22,5421.98,5327.22,32.20972179,497.02906306
801050,2022-09-15,5176.34,5390.86,5399.53,5138.41,36.99010966,598.28658086
801050,2022-09-16,4988.63,5143.5,5143.5,4988.63,34.41728979,481.33577999
801050,2022-09-19,4983.12,4984.84,5035.85,4965.11,24.47819904,354.19241543
801050,2022-09-20,5143.99,5028.2,5190.1,5028.12,27.45921166,493.45696732
801050,2022-09-21,5183.63,5124.6,5199.96,5103.74,25.00300122,419.42551881
801050,2022-09-22,5170.5,5139.54,5234.85,5139.54,25.48540213,390.58018429
801050,2022-09-23,5066.51,5171.17,5171.17,5006.92,28.38596116,411.57212291
801050,2022-09-26,4938.83,4996.08,5048.34,4923.73,33.16107071,412.92103969
801050,2022-09-27,4942.51,4942.16,4951.0,4825.53,27.39662787,396.27714548
801050,2022-09-28,4683.07,4907.28,4907.29,4683.07,27.65736606,408.14611636
801050,2022-09-29,4744.83,4751.9,4788.35,4714.0,25.88550342,365.25791759
801050,2022-09-30,4698.07,4739.68,4790.82,4698.07,22.03372978,310.42546704
801050,2022-10-10,4600.69,4704.26,4729.9,4591.55,22.69411507,298.95751672
801050,2022-10-11,4671.47,4629.11,4692.5,4615.98,19.54289428,282.99285425
801050,2022-10-12,4759.33,4677.4,4759.33,4538.19,30.79052132,415.82693841
801050,2022-10-13,4711.59,4717.04,4762.5,4704.39,28.41633021,386.63397282
801050,2022-10-14,4828.35,4757.07,4851.12,4732.2,30.14003697,457.9436313
801050,2022-10-17,4828.06,4787.39,4831.07,4749.16,25.96772563,407.58344351
801050,2022-10-18,4813.22,4851.86,4862.76,4793.84,23.96885836,354.64729184
801050,2022-10-19,4767.83,4809.08,4866.27,4767.77,23.10738664,361.81573147
801050,2022-10-20,4703.93,4730.29,4759.67,4649.17,21.96145156,332.62870332
801050,2022-10-21,4655.75,4716.66,4728.51,4639.24,19.01946065,273.94076921
801050,2022-10-24,4655.07,4700.19,4782.46,4625.16,28.79256348,396.9159042
801050,2022-10-25,4664.76,4638.54,4693.37,4538.95,25.81465587,359.8492233
801050,2022-10-26,4710.05,4664.7,4747.4,4651.2,25.70150035,385.76554886
801050,2022-10-27,4730.15,4735.42,4808.71,4729.78,29.12532548,411.42887866
801050,2022-10-28,4552.58,4689.83,4689.83,4539.53,31.98571988,427.69968047
801050,2022-10-31,4531.63,4493.32,4579.29,4484.8,27.10135202,378.60096047
801050,2022-11-01,4717.44,4535.42,4717.44,4535.42,30.16594672,498.07621084
801050,2022-11-02,4777.93,4704.07,4807.06,4693.62,29.34753352,474.14485781
801050,2022-11-03,4776.48,4710.96,4802.1,4710.96,26.65574671,488.35950154
801050,2022-11-04,4984.26,4782.05,4998.71,4781.69,36.33846577,673.1021854
801050,2022-11-07,5094.07,5068.61,5136.6,5064.04,49.66386626,737.67029415
801050,2022-11-08,5121.46,5077.61,5138.52,5062.66,34.99654063,525.4866906
801050,2022-11-09,5124.1,5204.88,5207.85,5123.47,37.79259246,524.95550338
801050,2022-11-10,5011.08,5067.03,5068.12,4991.41,28.39653775,455.57955055
801050,2022-11-11,5127.57,5202.66,5212.81,5111.98,48.76177678,663.62413299
801050,2022-11-14,5017.5,5137.13,5156.88,4987.77,36.03733456,530.62604452
801050,2022-11-15,5082.68,4994.38,5082.68,4970.78,29.11882476,431.29049632
801050,2022-11-16,5028.19,5074.91,5075.17,5023.22,25.6326884,381.06316853
801050,2022-11-17,4947.68,4999.66,4999.69,4889.7,26.4166527,395.33682028
801050,2022-11-18,4856.18,4927.04,4928.52,4851.02,22.91282007,351.3902636
801050,2022-11-21,4875.34,4817.07,4875.34,4793.04,20.60640857,303.65647566
801050,2022-11-22,4831.53,4870.8,4888.69,4815.75,21.88216491,318.21336144
801050,2022-11-23,4854.31,4827.69,4871.99,4802.6,20.77294325,301.70724756
801050,2022-11-24,4881.62,4881.61,4927.68,4861.53,21.63597974,316.05729204
801050,2022-11-25,4842.93,4865.08,4888.44,4835.41,20.84995667,294.70447771
801050,2022-11-28,4777.33,4763.57,4786.56,4704.44,20.50718836,285.05027849
801050,2022-11-29,4843.74,4783.45,4844.6,4764.57,26.60039386,345.69021189
801050,2022-11-30,4871.74,4835.42,4903.13,4821.83,24.01403456,392.29629219
801050,2022-12-01,4943.64,4953.55,4975.43,4936.89,30.67363346,436.17064984
801050,2022-12-02,4873.05,4945.07,4945.07,4863.56,23.94372033,342.48861623
801050,2022-12-05,4951.19,4894.69,4955.95,4876.1,39.2434957,473.44064763
801050,2022-12-06,4951.95,4910.76,4968.86,4876.72,28.52884775,396.51349332
801050,2022-12-07,4940.79,4929.93,4991.74,4920.39,24.55413281,400.95068176
801050,2022-12-08,4920.96,4932.24,4971.23,4912.0,19.19769036,289.48150823
801050,2022-12-09,5002.23,4924.52,5002.4,4913.52,36.00495492,442.09052981
801050,2022-12-12,4873.65,4979.09,4979.09,4869.86,27.26348783,378.2392769
801050,2022-12-13,4886.65,4867.36,4931.05,4867.25,21.94105915,328.99372402
801050,2022-12-14,4886.05,4896.54,4941.31,4872.43,20.31080449,281.51628606
801050,2022-12-15,4881.96,4864.09,4885.13,4811.14,20.55021085,306.5228262
801050,2022-12-16,4785.88,4829.26,4867.6,4756.62,17.99104471,296.61769983
801050,2022-12-19,4749.72,4781.65,4872.16,4729.55,19.20898285,326.10168371
801050,2022-12-20,4688.38,4734.62,4734.62,4661.16,13.66699991,217.52838161
801050,2022-12-21,4659.66,4717.5,4725.68,4643.41,14.19748496,210.70599725
801050,2022-12-22,4570.75,4690.55,4690.55,4561.26,16.45031205,241.98246989
801050,2022-12-23,4556.3,4526.39,4575.35,4525.03,12.89564054,185.98907476
801050,2022-12-26,4609.76,4544.96,4610.02,4544.96,17.52087964,209.13323406
801050,2022-12-27,4685.87,4623.1,4686.72,4623.01,19.04544671,255.65473666
801050,2022-12-28,4652.98,4650.07,4688.06,4609.64,20.00870327,272.15425518
801050,2022-12-29,4604.68,4628.54,4657.43,4604.68,15.76791098,214.02243572
801050,2022-12-30,4583.23,4632.91,4648.72,4582.56,15.4108677,228.35497297
801050,2023-01-03,4705.32,4575.8,4711.62,4558.95,22.12600251,322.72738071
801050,2023-01-04,4626.85,4685.95,4689.14,4610.2,17.97809623,268.48166253
801050,2023-01-05,4685.66,4654.51,4722.13,4639.75,20.534252,342.27688876
801050,2023-01-06,4748.11,4671.89,4785.42,4671.89,22.52082009,402.90378634
801050,2023-01-09,4884.33,4799.49,4902.82,4799.49,34.27653011,478.35226321
801050,2023-01-10,4895.65,4883.06,4909.83,4841.32,24.06216397,365.47244243
801050,2023-01-11,4877.9,4909.39,4937.49,4876.68,22.92777277,311.15129554
801050,2023-01-12,4891.74,4909.95,4960.75,4883.37,20.76336015,313.68522528
801050,2023-01-13,4904.07,4925.91,4954.09,4869.3,18.88931598,283.65667109
801050,2023-01-16,4950.51,4923.46,4980.91,4911.5,23.38055278,347.57580065
801050,2023-01-17,4936.75,4952.44,4961.97,4912.04,18.07361328,266.02702138
801050,2023-01-18,4989.71,4948.61,5018.04,4946.16,21.07838188,291.45557522
801050,2023-01-19,5018.43,4993.68,5018.43,4973.08,19.15223085,287.30115201
801050,2023-01-20,5170.19,5034.72,5199.59,5034.69,33.45572021,532.8969198
801050,2023-01-30,5220.39,5274.2,5307.43,5214.55,42.80606639,659.33039258
801050,2023-01-31,5255.45,5201.45,5278.66,5196.19,32.71518988,450.51542027
801050,2023-02-01,5411.91,5283.54,5425.28,5283.54,48.95458532,668.53636603
801050,2023-02-02,5369.18,5409.68,5409.68,5347.87,38.44864785,537.35546356
801050,2023-02-03,5302.8,5333.95,5333.95,5224.48,34.32441871,484.1215842
801050,2023-02-06,5208.36,5228.18,5228.18,5166.6,29.89329034,416.85631573
801050,2023-02-07,5254.99,5220.16,5257.63,5201.23,28.29739122,387.33940745
801050,2023-02-08,5232.15,5261.9,5295.25,5228.2,28.79375513,461.61888993
801050,2023-02-09,5252.77,5208.76,5252.77,5197.23,23.59372852,358.86683105
801050,2023-02-10,5154.32,5233.91,5233.91,5134.73,25.39854473,381.11300875
801050,2023-02-13,5174.95,5130.97,5188.68,5130.97,23.48507779,323.80306591
801050,2023-02-14,5215.77,5187.87,5255.7,5177.5,31.3396647,392.10629595
801050,2023-02-15,5169.6,5214.14,5252.4,5161.43,28.14967685,374.99365675
801050,2023-02-16,5027.31,5160.7,5164.76,4991.57,33.46744005,452.31825545
801050,2023-02-17,5019.45,5039.51,5085.72,5018.21,23.84896425,331.49285564
801050,2023-02-20,5112.46,5013.1,5112.46,4993.1,33.22356083,443.52308571
801050,2023-02-21,5199.18,5119.55,5215.51,5118.52,40.27050062,510.71553057
801050,2023-02-22,5150.48,5166.07,5183.74,5137.63,27.77276058,346.82553621
801050,2023-02-23,5167.85,5148.29,5174.83,5135.76,22.92358559,307.17419008
801050,2023-02-24,5101.37,5162.33,5162.33,5073.28,22.51185919,325.11521835
801050,2023-02-27,5061.12,5073.79,5111.86,5046.79,22.34070612,311.91533708
801050,2023-02-28,5067.31,5069.87,5077.19,5011.68,19.83829289,271.94285451
801050,2023-03-01,5133.68,5074.43,5133.68,5057.98,24.27572286,312.00584225
801050,2023-03-02,5069.66,5123.26,5123.26,5065.29,28.59842572,421.38148829
801050,2023-03-03,5055.96,5062.99,5070.75,5028.24,22.06996294,302.82817295
801050,2023-03-06,5060.06,5062.79,5063.68,4987.48,26.1919454,366.4457849
801050,2023-03-07,5008.9,5054.56,5096.99,5008.9,28.12372571,343.17670142
801050,2023-03-08,4967.72,4959.99,4968.84,4935.29,21.32717356,261.09871308
801050,2023-03-09,4962.98,4988.49,5000.75,4941.5,19.05102435,246.58805301
801050,2023-03-10,4881.21,4929.87,4929.92,4878.74,21.6076599,281.30109628
801050,2023-03-13,4920.95,4894.12,4944.53,4864.61,25.70348278,331.85817405
801050,2023-03-14,4904.17,4944.98,4972.53,4851.19,34.30470481,436.27628888
801050,2023-03-15,4897.48,4908.15,4932.8,4897.03,23.62409612,285.17821552
801050,2023-03-16,4742.8,4848.52,4848.6,4737.71,34.36920053,381.93370956
801050,2023-03-17,4777.89,4766.82,4823.15,4761.16,28.08483038,327.47184122
801050,2023-03-20,4834.67,4804.86,4847.52,4780.31,33.52197562,402.35348293
801050,2023-03-21,4898.63,4834.85,4898.86,4819.77,28.40454975,367.26945739
801050,2023-03-22,4882.74,4893.05,4924.0,4860.95,27.37968412,342.56301517
801050,2023-03-23,4925.6,4875.5,4925.6,4870.59,27.3386073,325.54036332
801050,2023-03-24,4907.58,4935.77,4935.77,4903.88,25.27862224,315.32949025
801050,2023-03-27,4893.33,4899.2,4899.23,4854.92,24.20880489,315.84094894
801050,2023-03-28,4819.38,4890.48,4904.1,4816.19,22.16370838,296.60647062
801050,2023-03-29,4801.7,4834.62,4862.97,4797.18,19.82517405,292.42368001
801050,2023-03-30,4830.29,4798.02,4830.29,4755.64,19.90864598,279.52087127
801050,2023-03-31,4865.39,4838.05,4895.3,4838.05,23.66411538,334.76321668
801050,2023-04-03,4888.05,4850.31,4898.25,4843.74,26.06123612,408.11525479
801050,2023-04-04,4860.8,4880.19,4880.21,4835.61,27.95555458,390.71761171
801050,2023-04-06,4917.19,4864.93,4921.27,4841.47,32.00795543,415.44151428
801050,2023-04-07,4891.04,4899.95,4924.02,4887.86,22.33853703,289.52758404
801050,2023-04-10,4914.83,4882.74,4923.7,4867.95,23.53469052,322.91797184
801050,2023-04-11,5027.65,4904.79,5027.65,4877.35,33.14258821,457.84555084
801050,2023-04-12,5046.39,5025.74,5073.62,5004.47,35.56159724,441.97213574
801050,2023-04-13,4995.56,5037.84,5070.11,4983.43,30.90228167,403.06946042
801050,2023-04-14,5154.25,5045.29,5159.11,5045.29,41.07611042,639.04723937
801050,2023-04-17,5193.47,5113.38,5193.47,5101.4,38.70139071,538.72493497
801050,2023-04-18,5181.61,5188.36,5241.19,5160.46,31.6426597,499.16254662
801050,2023-04-19,5169.78,5198.06,5208.6,5161.02,34.9304225,470.98912376
801050,2023-04-20,5061.75,5144.33,5144.33,5025.36,33.30179867,459.25712075
801050,2023-04-21,4943.16,5049.65,5055.6,4942.37,27.57079944,370.0876614
801050,2023-04-24,4833.31,4926.88,4926.88,4817.06,30.24740413,410.22662652
801050,2023-04-25,4703.7,4848.64,4860.34,4652.46,30.37700349,438.77324677
801050,2023-04-26,4757.37,4671.67,4801.72,4638.93,26.87305348,401.42096178
801050,2023-04-27,4754.04,4735.65,4787.96,4706.79,24.16068937,328.98927035
801050,2023-04-28,4793.0,4730.48,4805.98,4730.48,24.70822807,327.47325916
801050,2023-05-04,4795.19,4833.2,4853.93,4788.95,31.32509058,389.08138845
801050,2023-05-05,4705.41,4796.82,4796.82,4689.71,25.1972381,309.91637665
801050,2023-05-08,4770.45,4703.03,4781.79,4703.03,27.93210326,309.96322996
801050,2023-05-09,4690.36,4772.09,4789.47,4690.03,30.5697954,350.50518218
801050,2023-05-10,4720.98,4696.93,4752.09,4686.44,21.3246366,311.39151352
801050,2023-05-11,4684.13,4716.16,4716.92,4672.12,20.56660583,278.41190524
801050,2023-05-12,4538.95,4660.78,4660.84,4537.48,29.56227489,342.13849363
801050,2023-05-15,4692.72,4551.47,4692.72,4551.43,25.45832572,431.48189242
801050,2023-05-16,4664.32,4702.56,4706.9,4648.27,18.97806479,326.60491593
801050,2023-05-17,4630.82,4635.01,4655.35,4618.14,15.66800571,233.1171792
801050,2023-05-18,4623.86,4638.23,4648.6,4587.25,17.02618965,256.92309722
801050,2023-05-19,4581.51,4597.62,4597.67,4544.44,17.22928121,230.41362647
801050,2023-05-22,4585.82,4577.2,4597.64,4562.92,14.11532126,178.53733418
801050,2023-05-23,4518.22,4581.28,4581.28,4518.22,16.55669301,213.41946301
801050,2023-05-24,4494.46,4503.79,4544.95,4483.71,16.12678269,213.52970005
801050,2023-05-25,4440.64,4470.97,4471.27,4399.84,18.24840694,222.5882632
801050,2023-05-26,4438.38,4426.43,4449.86,4365.31,15.46343071,217.12060627
801050,2023-05-29,4424.23,4450.51,4450.51,4401.24,16.42316867,215.84099446
801050,2023-05-30,4418.38,4416.54,4427.17,4356.15,16.7963209,215.04393007
801050,2023-05-31,4403.02,4416.12,4416.12,4376.71,17.1596132,227.70486705
801050,2023-06-01,4436.23,4400.56,4473.27,4392.59,19.03849036,252.88830955
801050,2023-06-02,4590.35,4457.13,4591.98,4457.13,27.19268508,388.83071016
801050,2023-06-05,4542.49,4569.51,4569.51,4526.46,18.5117314,260.20073119
801050,2023-06-06,4485.38,4547.45,4559.35,4475.99,19.34513108,248.22965876
801050,2023-06-07,4451.38,4497.52,4508.28,4437.93,14.16580597,187.84315748
801050,2023-06-08,4472.23,4440.67,4492.28,4440.66,16.16751534,245.95212341
801050,2023-06-09,4518.69,4489.64,4526.36,4479.07,18.84045379,298.24355203
801050,2023-06-12,4505.77,4498.22,4524.13,4469.79,17.51201669,231.57101273
801050,2023-06-13,4503.8,4498.13,4512.75,4481.0,14.44568995,184.88350736
801050,2023-06-14,4514.09,4521.22,4533.82,4493.72,21.30973424,258.74924175
801050,2023-06-15,4554.89,4495.77,4559.07,4454.32,23.51694634,358.22385715
801050,2023-06-16,4585.24,4558.21,4589.29,4558.05,21.61796984,291.86037944
801050,2023-06-19,4508.26,4576.54,4576.56,4503.16,21.72970884,275.13831432
801050,2023-06-20,4484.1,4501.38,4511.81,4473.54,18.05206687,230.76787381
801050,2023-06-21,4406.19,4464.51,4495.21,4406.19,17.77698631,227.5623801
801050,2023-06-26,4364.0,4376.76,4419.74,4357.3,18.73853102,231.74284759
801050,2023-06-27,4437.42,4364.58,4441.55,4356.31,19.48420721,234.04930376
801050,2023-06-28,4417.4,4431.53,4431.7,4364.54,15.37844237,188.91976531
801050,2023-06-29,4398.67,4404.52,4420.15,4384.08,19.14184509,246.65391743
801050,2023-06-30,4443.81,4389.52,4463.94,4386.73,22.12870239,291.37524085
801050,2023-07-03,4525.39,4459.77,4531.74,4459.77,27.48902675,322.56270598
801050,2023-07-04,4524.53,4571.15,4577.39,4507.94,29.89536118,330.31676543
801050,2023-07-05,4615.23,4515.75,4619.17,4509.9,48.55993242,550.53811816
801050,2023-07-06,4537.61,4606.52,4606.52,4526.24,39.6586235,451.6508043
801050,2023-07-07,4522.89,4514.19,4559.46,4459.59,37.40955929,393.02287484
801050,2023-07-10,4545.62,4534.19,4593.28,4534.19,30.34056622,365.46921904
801050,2023-07-11,4579.56,4549.95,4579.82,4512.67,26.34846675,317.15957101
801050,2023-07-12,4567.25,4563.98,4605.56,4556.32,28.1472784,354.4051191
801050,2023-07-13,4653.49,4622.51,4675.9,4622.51,35.12563836,408.11118819
801050,2023-07-14,4628.68,4670.41,4681.43,4623.99,29.44183751,343.41252646
801050,2023-07-17,4568.59,4591.52,4597.99,4553.08,23.55110245,282.31667824
801050,2023-07-18,4581.5,4568.98,4601.3,4546.96,20.27756191,268.4823755
801050,2023-07-19,4594.28,4592.92,4604.01,4568.6,23.70525059,267.31109849
801050,2023-07-20,4596.55,4593.55,4662.38,4591.34,26.67944685,324.53556295
801050,2023-07-21,4555.61,4569.47,4595.92,4538.41,19.23465993,244.25615108
801050,2023-07-24,4485.9,4534.13,4541.93,4482.31,17.24007648,233.15694228
801050,2023-07-25,4619.99,4543.08,4619.99,4543.04,28.55623609,359.86779121
801050,2023-07-26,4627.08,4629.44,4643.44,4595.83,21.66262299,250.53759585
801050,2023-07-27,4583.95,4626.87,4644.31,4580.14,20.55850121,227.62755586
801050,2023-07-28,4615.84,4545.04,4624.25,4529.21,26.14166665,288.80799586
801050,2023-07-31,4676.04,4640.1,4725.18,4640.06,28.90311328,340.47555772
801050,2023-08-01,4709.48,4697.94,4723.04,4670.71,36.47839409,356.35449935
801050,2023-08-02,4679.59,4707.41,4713.01,4668.61,39.75341079,363.20239781
801050,2023-08-03,4644.82,4640.82,4649.13,4619.14,29.01828745,278.64988077
801050,2023-08-04,4667.53,4666.22,4704.56,4656.42,28.98108589,309.15700437
801050,2023-08-07,4675.32,4655.72,4681.23,4641.98,26.04490143,276.00832882
801050,2023-08-08,4691.77,4663.86,4713.33,4639.93,25.8296705,273.40424982
801050,2023-08-09,4647.02,4663.29,4673.78,4640.55,20.31706382,218.8413535
801050,2023-08-10,4636.14,4642.03,4660.24,4616.42,16.19329326,178.38264861
801050,2023-08-11,4536.86,4637.85,4640.81,4536.86,19.9991921,217.11104331
801050,2023-08-14,4501.52,4493.6,4505.72,4447.71,19.56260974,215.57067583
801050,2023-08-15,4460.02,4497.53,4504.91,4423.36,16.7125592,176.58460725
801050,2023-08-16,4415.5,4438.3,4462.03,4415.5,15.8110822,182.57214794
801050,2023-08-17,4443.68,4391.42,4449.45,4347.79,17.47732854,186.87757159
801050,2023-08-18,4352.81,4441.86,4451.17,4352.81,16.31593848,181.67422736
801050,2023-08-21,4312.2,4348.14,4382.85,4312.2,15.02974915,162.08262646
801050,2023-08-22,4356.73,4331.11,4368.46,4286.88,20.90094292,233.02134144
801050,2023-08-23,4258.65,4355.41,4355.41,4258.65,17.26198405,190.90440728
801050,2023-08-24,4327.06,4292.27,4370.58,4277.9,23.49162593,257.80604561
801050,2023-08-25,4257.82,4305.69,4308.3,4245.02,20.50640808,216.92182826
801050,2023-08-28,4272.34,4472.0,4472.0,4257.98,30.38615223,341.06488512
801050,2023-08-29,4335.28,4261.34,4353.34,4256.78,25.36646244,281.52325498
801050,2023-08-30,4354.3,4352.58,4400.37,4335.84,23.69800592,266.78667701
801050,2023-08-31,4310.88,4353.5,4367.4,4303.38,20.44411988,229.92719149
801050,2023-09-01,4400.48,4316.37,4413.35,4316.37,27.44785987,261.85327251
801050,2023-09-04,4537.5,4426.86,4547.4,4426.86,39.27067174,424.29684456
801050,2023-09-05,4518.99,4511.23,4527.41,4487.96,24.16237742,270.06114878
801050,2023-09-06,4506.53,4503.59,4513.16,4479.9,18.98364694,210.07094601
801050,2023-09-07,4432.66,4490.72,4490.72,4432.66,18.38684919,205.75284084
801050,2023-09-11,4458.2,4401.82,4481.78,4390.95,21.86235291,241.97052141
801050,2023-09-12,4443.49,4464.57,4490.78,4442.94,17.842877,235.14564643
801050,2023-09-13,4422.67,4429.09,4459.98,4399.5,18.3217414,202.53943919
801050,2023-09-14,4442.73,4424.23,4458.66,4424.23,24.48647886,264.7274604
801050,2023-09-15,4452.66,4472.99,4496.47,4436.96,27.29635872,295.13223947
801050,2023-09-18,4461.37,4439.25,4466.44,4401.32,22.62025436,284.09579584
801050,2023-09-19,4436.07,4449.4,4453.52,4423.0,17.60358948,207.50032253
801050,2023-09-20,4399.03,4422.9,4422.9,4399.03,15.47815466,170.78026481
801050,2023-09-21,4354.76,4380.76,4396.58,4350.08,16.020943,178.35800215
801050,2023-09-22,4366.47,4343.61,4367.34,4310.4,21.0447857,241.35670693
801050,2023-09-25,4325.81,4357.84,4365.36,4319.78,17.63161707,196.8006978
801050,2023-09-26,4284.36,4314.97,4315.63,4284.36,14.96419637,173.99355818
801050,2023-09-27,4277.84,4274.03,4319.74,4268.88,16.99193914,201.21910093
801050,2023-09-28,4271.25,4275.94,4307.22,4259.59,16.05436282,195.62904314
801050,2023-10-09,4265.76,4243.14,4271.11,4198.9,18.51504884,207.77571727
801050,2023-10-10,4278.75,4274.95,4318.39,4274.9,16.46774128,221.77088574
801050,2023-10-11,4244.1,4292.78,4292.78,4233.25,17.69516969,208.81784642
801050,2023-10-12,4354.25,4267.1,4355.27,4267.06,21.32747464,323.98414
801050,2023-10-13,4291.17,4324.37,4324.51,4276.8,20.87520503,257.57302802
801050,2023-10-16,4249.43,4318.13,4319.02,4236.65,22.36197294,273.19027239
801050,2023-10-17,4234.27,4247.91,4247.92,4214.63,17.8160481,210.20071388
801050,2023-10-18,4163.91,4231.84,4231.84,4163.47,18.05382988,207.00208277
801050,2023-10-19,4117.47,4144.03,4169.95,4117.47,19.29428321,228.56431915
801050,2023-10-20,4132.91,4112.86,4176.72,4112.86,22.05954401,300.78720427
801050,2023-10-23,4011.07,4110.44,4110.52,3993.64,23.87780839,274.80482527
801050,2023-10-24,4091.83,4018.08,4094.17,4017.97,24.26933367,301.55309938
801050,2023-10-25,4125.84,4126.99,4172.47,4125.84,23.69803777,275.41558028
801050,2023-10-26,4138.73,4099.88,4138.73,4070.25,20.90835667,256.74060108
801050,2023-10-27,4200.73,4114.62,4217.24,4109.83,25.35374887,344.02393003
801050,2023-10-30,4240.09,4201.8,4263.29,4201.8,26.76045582,321.72830846
801050,2023-10-31,4232.15,4226.21,4238.69,4198.1,20.73725186,266.79518148
801050,2023-11-01,4211.72,4220.88,4220.88,4190.48,20.28316464,228.09689706
801050,2023-11-02,4162.69,4222.03,4235.05,4162.51,19.58443653,213.0095321
801050,2023-11-03,4174.63,4169.92,4192.23,4162.98,19.34033597,218.02290418
801050,2023-11-06,4201.84,4196.97,4205.64,4168.76,31.03427224,365.90690906
801050,2023-11-07,4191.05,4184.91,4198.66,4152.45,25.30401615,288.08985237
801050,2023-11-08,4154.61,4174.08,4177.75,4128.11,24.2989023,271.94663532
801050,2023-11-09,4158.63,4140.43,4175.6,4140.41,20.66605888,240.26493979
801050,2023-11-10,4141.67,4145.49,4153.24,4128.29,17.16546902,215.18346808
801050,2023-11-13,4170.98,4141.23,4170.98,4129.15,18.77358119,209.21264542
801050,2023-11-14,4161.26,4171.66,4181.27,4144.06,17.15105713,195.21822743
801050,2023-11-15,4235.71,4219.02,4246.63,4218.99,27.39088538,363.70661199
801050,2023-11-16,4183.1,4222.17,4222.17,4176.13,18.147532,235.96546992
801050,2023-11-17,4211.32,4177.0,4211.32,4165.95,19.0706149,218.57443392
801050,2023-11-20,4213.43,4212.28,4218.07,4175.93,21.33348596,238.3640791
801050,2023-11-21,4218.35,4227.21,4257.81,4214.44,24.40646738,270.14198417
801050,2023-11-22,4139.79,4206.39,4206.43,4139.79,21.18102146,245.18070569
801050,2023-11-23,4161.17,4130.77,4161.18,4113.33,15.77674258,175.16348015
801050,2023-11-24,4116.56,4156.62,4156.65,4109.04,15.54983265,171.84575919
801050,2023-11-27,4097.48,4111.51,4132.0,4075.69,18.74946243,210.87854288
801050,2023-11-28,4108.6,4091.64,4108.84,4064.45,15.14956977,169.62426886
801050,2023-11-29,4119.82,4129.3,4142.1,4113.31,21.60880371,231.13099066
801050,2023-11-30,4091.26,4112.6,4112.6,4064.47,19.58395497,204.40533803
801050,2023-12-01,4089.67,4086.97,4106.5,4053.5,17.9610344,214.11254878
801050,2023-12-04,4138.72,4127.13,4182.56,4127.11,30.60399441,338.81805995
801050,2023-12-05,4059.46,4095.29,4119.41,4057.85,26.35515187,327.46645866
801050,2023-12-06,4140.34,4042.67,4164.07,4042.67,26.62826502,432.08404999
801050,2023-12-07,4108.11,4121.79,4126.08,4072.51,21.08595293,306.10726747
801050,2023-12-08,4075.84,4121.98,4127.37,4072.74,20.12121977,259.35576228
801050,2023-12-11,4055.13,4049.13,4060.31,3986.8,22.55655501,275.63255189
801050,2023-12-12,4042.46,4034.55,4042.46,4014.3,15.96575446,182.32323787
801050,2023-12-13,3978.19,4032.46,4032.48,3977.51,16.47642717,185.99421316
801050,2023-12-14,3976.64,4040.47,4044.78,3976.01,17.92873726,208.23525944
801050,2023-12-15,4000.43,4002.63,4050.84,3993.43,23.57803795,266.31609815
801050,2023-12-18,3949.98,3978.9,4000.17,3943.03,20.20776348,209.05548654
801050,2023-12-19,3942.47,3943.13,3957.54,3912.95,15.26592529,160.73142165
801050,2023-12-20,3939.95,3955.28,3978.4,3939.84,17.76217969,187.04629627
801050,2023-12-21,3969.85,3916.97,3978.72,3901.27,19.05989801,198.34491778
801050,2023-12-22,4023.38,3974.13,4054.28,3944.53,26.64444107,313.15158228
801050,2023-12-25,4043.94,4011.43,4045.98,4008.99,18.60918651,213.8373148
801050,2023-12-26,4028.66,4044.58,4054.34,4016.78,17.57078122,200.84266555
801050,2023-12-27,4056.87,4027.92,4059.89,4000.46,21.04323063,208.83544291
801050,2023-12-28,4163.23,4070.97,4176.31,4070.97,32.42496527,408.25806322
801050,2023-12-29,4184.7,4144.11,4188.5,4144.11,23.60580963,282.29393892
801050,2024-01-02,4192.98,4183.48,4213.21,4171.08,25.90120142,273.12301375
801050,2024-01-03,4183.68,4174.94,4199.43,4164.44,23.81219882,239.34093966
801050,2024-01-04,4143.23,4164.32,4164.32,4120.06,20.4416609,218.568893
801050,2024-01-05,4114.87,4138.97,4196.54,4100.6,22.94222496,260.39038741
801050,2024-01-08,4058.59,4105.58,4131.99,4058.59,21.44405326,234.57183139
801050,2024-01-09,4093.8,4058.74,4098.54,4044.34,21.37319222,239.06670865
801050,2024-01-10,4074.42,4080.51,4130.39,4049.53,19.51276044,239.05612418
801050,2024-01-11,4129.63,4066.34,4153.13,4047.95,22.87148767,331.58295353
801050,2024-01-12,4123.21,4114.21,4164.0,4111.1,20.18542316,276.65260722
801050,2024-01-15,4084.82,4111.9,4123.03,4078.38,15.66453378,196.67998276
801050,2024-01-16,4076.13,4077.41,4107.28,4026.54,18.90318852,222.52436939
801050,2024-01-17,3941.64,4065.68,4065.7,3941.64,19.08545727,219.92898719
801050,2024-01-18,3937.23,3917.28,3943.06,3821.32,28.33315462,302.96941642
801050,2024-01-19,3914.14,3923.9,3964.82,3908.86,18.30435124,227.33122376
801050,2024-01-22,3728.86,3897.69,3897.7,3709.27,25.37050017,281.68531812
801050,2024-01-23,3761.12,3715.07,3778.01,3675.38,23.43154562,231.3852955
801050,2024-01-24,3815.41,3780.52,3819.57,3691.3,22.88152427,230.0177457
801050,2024-01-25,3933.43,3820.59,3933.43,3820.44,25.2450873,261.9182263
801050,2024-01-26,3941.99,3923.61,3976.65,3923.49,23.14130015,237.97480999
801050,2024-01-29,3869.98,3949.31,3949.86,3865.27,21.41017393,240.0595902
801050,2024-01-30,3789.99,3842.58,3867.47,3785.36,19.24923723,197.21858093
801050,2024-01-31,3672.0,3762.01,3777.89,3668.19,24.23869541,254.8704803
801050,2024-02-01,3657.04,3647.89,3713.07,3609.81,22.6366027,207.70654431
801050,2024-02-02,3557.73,3666.11,3687.48,3471.29,28.0825246,259.54352981
801050,2024-02-05,3437.51,3528.18,3529.94,3356.81,33.83840121,286.43413836
801050,2024-02-06,3608.94,3401.21,3626.62,3399.79,35.4258769,306.11814322
801050,2024-02-07,3722.67,3617.24,3735.0,3617.24,40.01633067,367.11539979
801050,2024-02-08,3802.08,3745.55,3821.02,3744.78,40.76364082,376.15138644
801050,2024-02-19,3842.77,3812.08,3845.97,3790.85,34.58134363,330.30932942
801050,2024-02-20,3859.99,3823.57,3864.28,3788.0,24.16596185,241.74846777
801050,2024-02-21,3890.15,3838.12,3965.13,3834.71,30.18437497,316.8083094
801050,2024-02-22,3938.94,3874.36,3938.94,3868.13,23.04120676,234.10460811
801050,2024-02-23,3990.54,3943.75,3990.76,3931.92,26.18465148,271.92536939
801050,2024-02-26,3955.12,3991.84,4019.24,3943.18,27.88857253,284.6414361
801050,2024-02-27,4006.26,3935.03,4006.26,3934.11,24.22716118,245.59839421
801050,2024-02-28,3924.15,4013.99,4078.4,3924.15,36.008725,400.29709626
801050,2024-02-29,4037.77,3909.26,4037.77,3909.26,29.58679208,346.48132254
801050,2024-03-01,4073.16,4037.81,4077.14,4033.43,26.11306311,302.70647147
801050,2024-03-04,4094.6,4106.56,4129.23,4070.07,27.88807181,310.62488542
801050,2024-03-05,4096.28,4093.86,4136.44,4082.68,31.03678644,341.20774094
801050,2024-03-06,4126.48,4082.4,4151.43,4067.88,27.28463646,286.36180136
801050,2024-03-07,4216.67,4154.48,4298.67,4148.36,51.12102268,492.5193673
801050,2024-03-08,4256.2,4235.77,4256.2,4186.35,39.03176124,357.26614663
801050,2024-03-11,4310.33,4274.39,4310.33,4252.11,38.88482861,415.33103336
801050,2024-03-12,4226.03,4307.74,4309.02,4207.7,36.13520657,375.10348992
801050,2024-03-13,4261.22,4217.09,4279.11,4203.42,31.48026384,310.67032351
801050,2024-03-14,4323.72,4333.72,4420.57,4294.59,49.25424946,444.53733643
801050,2024-03-15,4472.6,4305.82,4474.63,4288.86,56.56914587,530.52554118
801050,2024-03-18,4485.88,4483.96,4499.73,4425.39,48.73340058,485.57723104
801050,2024-03-19,4464.0,4465.4,4549.32,4460.2,44.42860058,436.22860749
801050,2024-03-20,4459.47,4433.39,4474.26,4409.96,37.73210406,355.74244864
801050,2024-03-21,4488.01,4526.47,4529.06,4459.86,42.37589739,397.48374994
801050,2024-03-22,4379.43,4450.01,4460.63,4348.48,41.18939296,405.97476847
801050,2024-03-25,4393.73,4370.98,4467.03,4370.98,41.138469,399.86166927
801050,2024-03-26,4380.65,4390.59,4399.32,4313.42,33.33643137,323.07672403
801050,2024-03-27,4310.61,4368.69,4385.7,4310.61,31.36273427,294.28041411
801050,2024-03-28,4401.59,4305.35,4430.08,4305.35,35.74325296,337.94060935
801050,2024-03-29,4542.31,4444.2,4542.68,4444.2,43.71796381,434.99153538
801050,2024-04-01,4635.44,4601.59,4673.86,4589.43,54.37628636,570.30421065
801050,2024-04-02,4698.45,4631.18,4698.45,4630.38,53.97812091,579.70202766
801050,2024-04-03,4851.44,4738.52,4870.7,4711.58,85.21347727,902.22505812
801050,2024-04-08,4835.85,4871.82,5018.66,4814.66,100.44737708,1032.40733271
801050,2024-04-09,4858.69,4803.9,4885.73,4791.34,79.09689172,817.0879299
801050,2024-04-10,4884.17,4873.62,4932.08,4810.95,71.06909753,728.90650593
801050,2024-04-11,4874.95,4786.02,4991.07,4780.47,71.87933988,716.84536832
801050,2024-04-12,4926.96,4933.48,4967.63,4863.02,64.90458793,669.06720657
801050,2024-04-15,4884.99,4841.47,4888.27,4730.64,66.29038182,668.18453226
801050,2024-04-16,4643.89,4842.49,4861.88,4639.02,60.40715197,620.65020843
801050,2024-04-17,4773.06,4648.35,4773.06,4648.35,53.49344621,518.50706515
801050,2024-04-18,4838.75,4737.01,4847.9,4720.13,56.0930597,589.29013324
801050,2024-04-19,4812.94,4831.33,4944.23,4774.91,60.73308512,634.39203567
801050,2024-04-22,4694.74,4824.44,4870.35,4694.01,54.74511066,576.82802229
801050,2024-04-23,4500.7,4607.46,4607.46,4491.01,56.51260378,573.40469471
801050,2024-04-24,4570.02,4470.23,4570.02,4465.64,44.44990702,453.67142905
801050,2024-04-25,4588.22,4522.97,4619.93,4500.25,41.97853152,440.01139557
801050,2024-04-26,4714.86,4584.11,4720.85,4584.11,52.51742439,555.59603899
801050,2024-04-29,4697.25,4678.74,4708.74,4639.8,54.65399252,573.68761306
801050,2024-04-30,4651.51,4718.78,4746.04,4644.28,48.12331608,479.58206478
801050,2024-05-06,4700.62,4641.27,4700.62,4581.36,48.92091196,517.41095939
801050,2024-05-07,4727.82,4718.51,4786.4,4713.83,44.56486049,469.55837159
801050,2024-05-08,4691.53,4694.63,4736.12,4650.97,37.57629326,404.48300653
801050,2024-05-09,4809.13,4679.39,4838.41,4679.39,47.01036824,515.86256509
801050,2024-05-10,4845.34,4862.86,4862.86,4761.16,47.72838443,509.52899128
801050,2024-05-13,4779.83,4784.15,4808.64,4726.23,38.19397272,403.42984782
801050,2024-05-14,4814.87,4807.06,4856.59,4775.0,37.67927006,401.58698583
801050,2024-05-15,4767.4,4800.83,4860.66,4761.63,38.55539632,401.68778194
801050,2024-05-16,4725.79,4818.71,4841.06,4717.11,42.32443002,437.73831696
801050,2024-05-17,4801.02,4729.2,4801.02,4680.83,36.2285376,379.20799042
801050,2024-05-20,4979.91,4907.4,5006.97,4869.53,69.89533126,727.0958935
801050,2024-05-21,4826.01,4991.34,4991.34,4813.18,64.35819044,625.1706384
801050,2024-05-22,4790.34,4824.66,4859.19,4768.95,44.53142123,446.39693052
801050,2024-05-23,4627.52,4653.19,4669.48,4605.27,46.1552684,458.06489254
801050,2024-05-24,4623.18,4598.78,4663.34,4598.78,33.3524823,341.47546262
801050,2024-05-27,4701.25,4623.19,4703.09,4623.18,35.43545239,357.85554597
801050,2024-05-28,4700.59,4727.15,4788.42,4697.4,41.63723478,416.16406987
801050,2024-05-29,4823.86,4699.6,4848.7,4699.6,55.54583943,521.31614387
801050,2024-05-30,4666.94,4818.77,4818.79,4653.49,52.95342321,510.20925879
801050,2024-05-31,4638.44,4662.78,4681.72,4606.35,37.23987426,369.75929225
801050,2024-06-03,4539.08,4602.37,4604.42,4502.13,40.64710038,390.25199353
801050,2024-06-04,4585.5,4549.65,4616.95,4515.27,33.96803371,334.78364413
801050,2024-06-05,4478.48,4518.37,4535.74,4466.65,32.88267992,323.25365428
801050,2024-06-06,4512.5,4528.87,4572.72,4495.45,37.20420693,384.24685225
801050,2024-06-07,4517.8,4553.62,4554.96,4460.14,31.94529645,331.18398649
801050,2024-06-11,4412.52,4408.22,4412.52,4368.9,31.49860981,324.45660071
801050,2024-06-12,4460.65,4397.07,4475.25,4397.07,25.06804444,256.24095016
801050,2024-06-13,4380.53,4448.47,4448.58,4350.06,28.14133242,291.51985491
801050,2024-06-14,4402.17,4355.35,4411.57,4341.14,26.7282921,287.6340967
801050,2024-06-17,4352.09,4377.44,4415.32,4348.5,25.01433068,258.8790092
801050,2024-06-18,4380.26,4339.59,4380.26,4339.59,27.58535763,282.01964568
801050,2024-06-19,4402.01,4386.36,4452.11,4386.36,28.75931118,292.15525619
801050,2024-06-20,4374.08,4414.69,4414.72,4365.18,30.64897457,294.68348613
801050,2024-06-21,4340.52,4393.61,4399.41,4328.78,24.03339637,253.99747855
801050,2024-06-24,4259.45,4273.89,4315.78,4236.63,28.22570627,262.47028163
801050,2024-06-25,4261.06,4255.93,4303.63,4238.8,23.00891945,220.92625027
801050,2024-06-26,4315.05,4240.39,4316.67,4195.67,25.75654902,264.90780219
801050,2024-06-27,4208.21,4287.84,4287.94,4208.21,25.16215111,241.57051909
801050,2024-06-28,4298.49,4210.47,4334.67,4210.43,29.75448098,295.78226883
801050,2024-07-01,4400.83,4326.59,4401.64,4323.73,32.04311351,335.09881094
801050,2024-07-02,4341.11,4395.32,4395.32,4325.74,27.65840383,269.57676458
801050,2024-07-03,4335.52,4338.38,4353.62,4314.64,24.13998379,230.30325216
801050,2024-07-04,4303.02,4382.62,4408.58,4302.43,29.65263598,293.59744533
801050,2024-07-05,4410.68,4297.94,4415.6,4273.05,30.0180292,301.88881326
801050,2024-07-08,4356.34,4417.22,4427.62,4349.35,30.87439221,309.61528652
801050,2024-07-09,4442.46,4355.87,4449.29,4335.55,34.47396705,333.34044833
801050,2024-07-10,4370.47,4434.79,4495.29,4358.71,35.4064977,374.10361642
801050,2024-07-11,4536.43,4415.74,4548.16,4388.96,42.43366918,443.92908124
801050,2024-07-12,4455.36,4558.75,4558.75,4436.16,41.95767302,437.42855336
801050,2024-07-15,4489.58,4444.77,4522.06,4432.31,36.13592075,357.50338928
801050,2024-07-16,4527.43,4475.47,4534.75,4475.47,33.24526419,341.90210361
801050,2024-07-17,4401.01,4557.08,4557.08,4398.7,39.80572168,419.39502805
801050,2024-07-18,4401.01,4356.0,4402.58,4299.39,31.67342352,325.30482554
801050,2024-07-19,4324.87,4302.11,4335.99,4240.71,32.69870495,346.73183241
801050,2024-07-22,4275.94,4293.45,4305.5,4230.26,27.35945304,288.17405029
801050,2024-07-23,4070.43,4272.59,4281.38,4070.43,36.31951158,344.76107462
801050,2024-07-24,4035.55,4062.05,4086.2,4019.82,27.5579898,246.81463742
801050,2024-07-25,3927.7,3975.12,3989.43,3918.76,32.53135762,303.97564562
801050,2024-07-26,4018.49,3935.33,4047.61,3935.31,28.26089609,259.06639937
801050,2024-07-29,4020.55,4038.7,4057.91,4002.42,22.72044907,208.90510277
801050,2024-07-30,3987.57,3996.82,3996.82,3954.27,21.4988692,194.51303198
801050,2024-07-31,4144.76,4004.47,4145.71,4004.45,31.55137845,307.44835302
801050,2024-08-01,4135.38,4189.63,4211.6,4118.48,27.62142683,271.35783748
801050,2024-08-02,4060.51,4076.45,4091.89,4043.59,26.47705287,265.70475447
801050,2024-08-05,3960.68,3995.17,4066.35,3960.68,29.49310184,292.11564867
801050,2024-08-06,3957.47,3982.33,4000.53,3917.09,26.47759966,249.44048909
801050,2024-08-07,3971.15,3943.22,4002.8,3928.41,23.1410149,205.43033462
801050,2024-08-08,3932.47,3947.73,3952.31,3895.59,21.49862014,195.55005384
801050,2024-08-09,3944.74,3972.3,4011.74,3944.74,25.54074628,223.17101887
801050,2024-08-12,3939.73,3938.6,3963.45,3924.8,19.15387079,159.28063617
801050,2024-08-13,3969.71,3973.13,3982.44,3929.87,20.82264159,189.99022236
801050,2024-08-14,3916.76,3965.17,3972.91,3916.45,17.1099308,150.23657085
801050,2024-08-15,3951.85,3896.79,3970.59,3888.03,21.51129915,183.97582624
801050,2024-08-16,3954.15,3989.56,4017.37,3948.97,24.80152831,233.55072276
801050,2024-08-19,4019.78,3973.95,4058.49,3973.95,27.48740686,258.09776745
801050,2024-08-20,3969.45,4030.67,4038.6,3951.37,24.90939275,243.85081084
801050,2024-08-21,4007.64,3964.07,4017.14,3947.45,22.34458014,226.54059335
801050,2024-08-22,3954.6,4005.32,4005.47,3950.91,20.68248021,196.01187075
801050,2024-08-23,3938.76,3926.44,3951.18,3907.48,18.20158196,164.45267369
801050,2024-08-26,3993.84,3972.78,3994.73,3953.72,24.84810463,238.51557032
801050,2024-08-27,3940.34,3980.96,3981.04,3916.52,20.93956377,197.46092225
801050,2024-08-28,3919.79,3936.01,3983.73,3903.27,25.19283929,225.94733241
801050,2024-08-29,3960.86,3893.32,3974.26,3873.74,26.39197071,242.18100393
801050,2024-08-30,3980.48,3950.69,4022.73,3934.48,36.48485044,362.07289051
801050,2024-09-02,3888.56,3958.99,3959.01,3885.26,30.40180281,289.20602809
801050,2024-09-03,3898.69,3875.07,3934.94,3865.42,22.20981682,228.08137797
801050,2024-09-04,3802.7,3846.24,3855.95,3793.64,28.71425443,254.9448509
801050,2024-09-05,3802.72,3809.37,3856.24,3779.73,21.39377639,197.61669498
801050,2024-09-06,3776.46,3815.57,3819.02,3773.2,20.00575217,171.92079406
801050,2024-09-09,3700.9,3736.09,3736.18,3679.88,22.03700452,203.87120125
801050,2024-09-10,3702.69,3717.11,3717.13,3652.84,19.02492825,173.86610277
801050,2024-09-11,3734.69,3694.64,3735.83,3694.64,21.02812563,232.17988341
801050,2024-09-12,3727.88,3739.89,3777.77,3718.7,22.48871213,217.52053108
801050,2024-09-13,3725.17,3775.8,3783.18,3724.51,25.57619486,256.62359112
801050,2024-09-18,3753.36,3748.63,3772.81,3695.6,22.40323617,202.72311051
801050,2024-09-19,3864.64,3764.12,3866.86,3709.06,33.89153347,294.72254632
801050,2024-09-20,3919.14,3861.62,3920.39,3840.24,30.00469215,265.96800365
801050,2024-09-23,3912.76,3911.22,3953.96,3899.95,25.49285362,223.32624612
801050,2024-09-24,4065.63,3946.98,4070.12,3939.49,40.63685443,396.60017649
801050,2024-09-25,4113.1,4138.29,4220.46,4111.71,47.9820114,470.65814783
801050,2024-09-26,4258.04,4115.28,4258.04,4101.72,39.73593916,381.78309248
801050,2024-09-27,4425.15,4344.28,4447.65,4335.2,48.43523997,527.01248804
801050,2024-09-30,4760.66,4592.65,4810.26,4503.04,92.61339384,1082.39797155
801050,2024-10-08,4884.56,5213.38,5213.38,4693.22,113.44506803,1410.02241354
801050,2024-10-09,4485.86,4763.29,4763.29,4485.86,74.82171409,901.24063984
801050,2024-10-10,4557.23,4498.41,4683.32,4452.84,57.3141529,665.63824809
801050,2024-10-11,4463.82,4579.52,4579.54,4422.52,43.87174506,513.86255453
801050,2024-10-14,4606.38,4485.35,4614.95,4483.52,49.07729178,544.22537153
801050,2024-10-15,4455.6,4568.6,4588.01,4455.6,44.23947186,506.44718528
801050,2024-10-16,4495.9,4416.88,4522.43,4416.16,36.25168962,431.49901553
801050,2024-10-17,4437.03,4516.51,4540.98,4433.92,35.11548484,408.26038899
801050,2024-10-18,4546.37,4445.06,4618.07,4444.82,51.17776609,605.06156339
801050,2024-10-21,4665.83,4607.24,4712.62,4594.76,56.25917222,675.54526543
801050,2024-10-22,4697.31,4644.42,4707.05,4623.47,45.20456149,548.23238071
801050,2024-10-23,4691.57,4717.52,4736.39,4647.0,47.58679321,593.76950124
801050,2024-10-24,4629.39,4642.34,4651.63,4579.37,36.1877272,429.79900681
801050,2024-10-25,4654.05,4618.94,4696.4,4599.54,47.54982063,611.24590196
801050,2024-10-28,4691.19,4648.41,4691.19,4633.19,48.64479195,558.59819705
801050,2024-10-29,4628.88,4698.17,4708.2,4621.93,55.82356758,633.16567491
801050,2024-10-30,4594.2,4623.68,4662.22,4555.09,50.10825344,581.17744615
801050,2024-10-31,4590.56,4582.04,4630.53,4551.69,54.23018872,631.78955335
801050,2024-11-01,4730.3,4571.5,4825.26,4570.79,88.69703005,1041.70583455
801050,2024-11-04,4756.99,4783.28,4783.28,4680.76,71.20113294,934.156327
801050,2024-11-05,4914.57,4727.76,4931.79,4726.74,80.9194675,1028.13738881
801050,2024-11-06,4943.45,4921.53,5026.73,4909.09,89.66461611,1215.09544061
801050,2024-11-07,4937.17,4832.98,4937.23,4804.92,82.86662613,1035.50882543
801050,2024-11-08,4894.26,5008.94,5042.05,4883.02,79.49170653,1007.12184603
801050,2024-11-11,4905.29,4843.56,4905.29,4801.58,64.4211603,888.09603798
801050,2024-11-12,4829.52,4880.32,4971.12,4789.13,74.72663668,1013.94405521
801050,2024-11-13,4850.67,4813.95,4896.59,4785.68,53.8223977,769.42551433
801050,2024-11-14,4694.03,4819.87,4840.43,4688.0,53.00256303,700.22732322
801050,2024-11-15,4614.97,4676.44,4744.41,4614.97,46.72971254,580.34934742
801050,2024-11-18,4526.29,4610.02,4625.4,4503.53,51.19821078,568.70368285
801050,2024-11-19,4678.92,4566.53,4678.92,4546.97,46.36825547,566.26716671
801050,2024-11-20,4702.87,4688.72,4720.31,4659.73,44.20191577,587.68350557
801050,2024-11-21,4723.04,4691.7,4726.5,4673.16,42.05437113,532.37457559
801050,2024-11-22,4600.61,4714.82,4729.85,4598.38,55.05349659,671.71953735
801050,2024-11-25,4587.66,4612.44,4662.87,4542.02,45.54130671,558.58500029
801050,2024-11-26,4526.69,4565.41,4585.05,4523.44,37.20293497,440.06808705
801050,2024-11-27,4567.69,4509.11,4567.69,4423.0,40.31996108,459.87238024
801050,2024-11-28,4516.71,4552.24,4562.75,4511.81,38.64561676,441.72172511
801050,2024-11-29,4572.59,4513.74,4598.6,4480.02,43.00588919,489.92596079
801050,2024-12-02,4614.4,4567.73,4623.27,4565.34,49.19648417,514.09201541
801050,2024-12-03,4614.16,4619.97,4622.83,4575.22,43.50431182,486.28614432
801050,2024-12-04,4617.87,4654.35,4661.2,4602.26,49.79088373,564.56762552
801050,2024-12-05,4593.1,4594.98,4607.46,4565.28,41.36364621,459.71677894
801050,2024-12-06,4636.23,4583.18,4647.0,4565.69,50.79549719,489.60950026
801050,2024-12-09,4645.78,4637.38,4689.67,4623.43,51.45707155,496.49886887
801050,2024-12-10,4658.77,4767.65,4772.63,4651.34,57.96611214,614.66405336
801050,2024-12-11,4717.77,4659.65,4748.39,4659.65,54.85909561,504.45639318
801050,2024-12-12,4743.58,4716.25,4746.67,4699.94,48.17708775,473.76148685
801050,2024-12-13,4597.29,4699.34,4699.34,4597.29,53.7523243,532.50077821
801050,2024-12-16,4534.73,4588.2,4595.84,4521.27,38.0609057,385.85234356
801050,2024-12-17,4498.61,4529.23,4558.64,4494.66,36.21104177,348.11970934
801050,2024-12-18,4490.01,4504.72,4527.75,4483.01,28.70109242,290.64004372
801050,2024-12-19,4471.53,4438.21,4482.32,4407.81,34.54420084,322.39936475
801050,2024-12-20,4455.03,4469.08,4484.39,4449.67,40.26995892,366.40159161
801050,2024-12-23,4429.12,4469.16,4482.57,4424.4,43.21290703,374.58384361
801050,2024-12-24,4473.42,4426.48,4473.46,4426.35,34.55771274,306.459472
801050,2024-12-25,4417.31,4470.53,4470.56,4391.93,33.22425292,286.79783818
801050,2024-12-26,4447.18,4418.12,4467.24,4418.12,26.44518233,262.8793878
801050,2024-12-27,4424.79,4451.28,4475.71,4420.85,38.97169968,337.33458978
801050,2024-12-30,4440.0,4416.97,4446.54,4415.8,34.42713931,319.22203694
801050,2024-12-31,4317.99,4430.77,4430.77,4317.99,34.81202367,331.18372896
801050,2025-01-02,4280.14,4320.98,4376.65,4251.85,42.2031107,389.22419166
801050,2025-01-03,4291.44,4292.04,4410.84,4285.93,48.5916951,480.07143407
801050,2025-01-06,4323.39,4299.23,4395.86,4267.44,40.57144877,421.64791561
801050,2025-01-07,4424.98,4323.21,4424.98,4305.68,40.71971419,410.00677793
801050,2025-01-08,4366.16,4412.27,4412.29,4296.73,44.7776399,411.58928175
801050,2025-01-09,4394.85,4356.76,4408.81,4350.06,35.76407956,365.238839
801050,2025-01-10,4377.31,4406.99,4458.9,4370.79,38.72560898,404.73519141
801050,2025-01-13,4456.58,4344.57,4488.96,4344.56,40.58914917,455.85838784
801050,2025-01-14,4533.26,4439.55,4535.5,4421.59,46.07318251,501.93951608
801050,2025-01-15,4474.13,4520.69,4533.9,4437.44,40.40004849,465.14060863
801050,2025-01-16,4553.92,4506.83,4579.82,4506.8,49.34347213,518.71300344
801050,2025-01-17,4572.87,4564.03,4586.92,4540.03,36.76007805,389.62148634
801050,2025-01-20,4549.9,4577.37,4577.37,4538.06,36.18732602,382.76568481
801050,2025-01-21,4528.65,4561.01,4561.01,4490.6,34.47303491,350.01787641
801050,2025-01-22,4521.65,4530.4,4534.45,4499.98,32.74106448,350.65213233
801050,2025-01-23,4482.91,4542.11,4585.3,4482.91,40.24236212,431.15592753
801050,2025-01-24,4531.47,4485.4,4534.89,4466.81,35.97746328,374.93868092
801050,2025-01-27,4510.9,4528.4,4560.48,4508.95,32.92303723,344.78355321
801050,2025-02-05,4561.87,4573.08,4574.66,4533.36,40.07935689,442.12755513
801050,2025-02-06,4614.38,4566.15,4614.38,4553.19,44.75029317,509.97351475
801050,2025-02-07,4668.65,4607.11,4689.22,4587.45,52.55478959,562.11015368
801050,2025-02-10,4692.11,4682.51,4709.79,4662.95,45.1033043,494.17159011
801050,2025-02-11,4701.75,4707.13,4748.91,4695.48,47.89665297,536.18446066
801050,2025-02-12,4672.4,4663.94,4674.52,4616.01,43.26587833,483.8859264
801050,2025-02-13,4640.6,4671.61,4695.75,4640.6,37.16367349,423.66465761
801050,2025-02-14,4664.33,4657.6,4688.6,4634.52,33.49057232,376.8011702
801050,2025-02-17,4565.92,4611.36,4611.37,4544.98,41.01842161,446.71891376
801050,2025-02-18,4528.49,4565.58,4583.95,4514.7,36.512257,395.20639896
801050,2025-02-19,4575.36,4538.66,4576.3,4534.39,36.37052832,425.08443836
801050,2025-02-20,4606.81,4582.05,4613.74,4564.66,38.097319,464.8150915
801050,2025-02-21,4593.64,4611.34,4641.59,4583.7,42.37874054,498.58180063
801050,2025-02-24,4597.72,4576.64,4602.04,4562.06,40.62114343,465.05518852
801050,2025-02-25,4554.11,4584.46,4616.53,4548.22,39.22532121,494.26174976
801050,2025-02-26,4588.02,4556.28,4610.95,4556.28,41.78837771,486.97288575
801050,2025-02-27,4565.84,4594.41,4596.27,4522.28,47.52740145,541.62398086
801050,2025-02-28,4486.84,4538.47,4553.6,4484.37,44.8022133,526.6194139
801050,2025-03-03,4591.58,4518.43,4643.04,4518.43,51.28666068,652.67811969
801050,2025-03-04,4630.99,4582.6,4634.69,4560.11,42.1548864,533.10865831
801050,2025-03-05,4669.3,4627.52,4669.3,4600.15,45.04044355,526.58725377
801050,2025-03-06,4733.64,4699.51,4738.52,4699.51,50.12438708,610.93798175
801050,2025-03-07,4804.5,4731.89,4851.99,4731.87,64.0137083,775.27483073
801050,2025-03-10,4862.59,4838.41,4862.87,4799.91,61.91699028,738.48007485
801050,2025-03-11,4889.36,4790.35,4889.36,4782.3,59.33851216,735.27539301
801050,2025-03-12,4891.9,4903.57,4914.05,4871.23,54.03088452,670.22513841
801050,2025-03-13,4906.75,4913.26,4929.64,4869.85,53.64655231,651.18811586
801050,2025-03-14,4975.62,5005.06,5012.51,4938.46,65.13124993,836.39045008
801050,2025-03-17,4936.29,4969.86,4994.28,4928.38,54.11908017,661.16187144
801050,2025-03-18,5007.15,4958.96,5051.94,4958.96,56.15116175,700.24331566
801050,2025-03-19,5020.22,5000.87,5020.22,4958.17,47.36437533,615.45730937
801050,2025-03-20,5005.69,5046.73,5058.69,4999.7,45.48003725,589.28203366
801050,2025-03-21,4888.4,4981.91,5001.55,4871.06,47.62433077,609.50242595
801050,2025-03-24,4944.11,4892.76,4971.23,4864.4,60.29721968,691.12781654
801050,2025-03-25,4967.46,4948.37,4993.59,4917.29,53.55695327,631.36844424
801050,2025-03-26,4950.23,4998.05,5060.85,4938.88,60.57598317,712.90868103
801050,2025-03-27,4885.86,4901.39,4915.28,4851.26,44.98396284,533.79525583
801050,2025-03-28,4877.56,4904.5,4907.87,4832.37,48.02982585,559.9161566
801050,2025-03-31,4834.57,4849.96,4868.53,4788.66,44.23030202,517.02975956
801050,2025-04-01,4842.51,4846.19,4880.21,4826.5,36.98015897,453.32326018
801050,2025-04-02,4800.56,4824.94,4857.81,4791.65,32.72098176,402.23097403
801050,2025-04-03,4737.9,4776.05,4786.86,4722.41,42.51062233,516.18487675
801050,2025-04-07,4306.77,4380.35,4422.19,4276.94,55.33291361,699.76270912
801050,2025-04-08,4295.55,4276.57,4295.55,4194.18,70.9931101,779.20639686
801050,2025-04-09,4341.66,4205.41,4347.12,4101.95,67.30555393,766.3283648
801050,2025-04-10,4490.11,4449.86,4533.07,4428.8,60.74888002,741.47929569
801050,2025-04-11,4530.9,4521.23,4554.29,4511.09,48.52900803,622.19713818
801050,2025-04-14,4642.25,4572.66,4691.42,4570.42,51.7577134,621.45243845
801050,2025-04-15,4614.82,4638.87,4638.87,4587.14,38.20921898,472.93738431
801050,2025-04-16,4599.03,4647.55,4647.55,4535.13,39.22948765,489.94578841
801050,2025-04-17,4579.97,4627.16,4669.52,4570.63,38.20068916,516.11648824
801050,2025-04-18,4572.2,4561.81,4581.43,4519.6,31.69426657,391.02665808
801050,2025-04-21,4745.3,4600.03,4745.67,4594.52,45.67961843,567.86314577
801050,2025-04-22,4727.5,4753.97,4768.54,4715.0,47.37370856,595.76487664
801050,2025-04-23,4667.92,4682.78,4718.15,4655.01,47.74348147,620.86020802
801050,2025-04-24,4636.02,4690.57,4695.44,4629.45,34.94447887,444.02639424
801050,2025-04-25,4641.0,4652.34,4694.77,4636.15,36.28332044,427.91941296
801050,2025-04-28,4619.69,4627.04,4634.22,4605.25,33.30521811,360.18517634
801050,2025-04-29,4618.07,4617.53,4635.0,4599.53,27.25535211,298.09440663
801050,2025-04-30,4603.44,4609.48,4633.1,4600.44,30.38328493,336.54543685
801050,2025-05-06,4721.86,4656.79,4721.86,4656.79,43.40966858,554.16226816
801050,2025-05-07,4743.23,4761.63,4761.63,4711.41,42.04505972,526.5167032
801050,2025-05-08,4722.81,4717.93,4755.35,4700.82,35.06838064,426.31986162
801050,2025-05-09,4695.15,4704.95,4709.68,4673.63,31.52393847,378.72634196
801050,2025-05-12,4744.4,4694.06,4744.4,4690.43,39.50803773,488.1386509
801050,2025-05-13,4747.86,4753.86,4759.6,4726.24,35.96950997,439.92927648
801050,2025-05-14,4786.78,4745.34,4790.68,4745.27,37.1118931,486.01956747
801050,2025-05-15,4724.19,4765.42,4770.93,4711.65,36.48600416,489.15094949
801050,2025-05-16,4723.75,4720.35,4758.6,4713.9,33.72318189,439.10447858
801050,2025-05-19,4711.8,4731.2,4731.2,4686.46,34.03546764,393.10392101
801050,2025-05-20,4737.33,4708.87,4744.56,4708.87,33.86825059,416.60465091
801050,2025-05-21,4834.54,4764.27,4834.71,4756.61,43.38651788,533.0375841
801050,2025-05-22,4786.61,4813.16,4836.13,4782.79,33.16080543,415.00311781
801050,2025-05-23,4783.3,4779.7,4820.08,4779.7,32.91372585,441.79557041
801050,2025-05-26,4799.28,4776.51,4832.64,4776.46,32.46716307,422.094048
801050,2025-05-27,4700.02,4791.41,4792.12,4678.32,31.39623396,386.4749294
801050,2025-05-28,4700.09,4691.91,4714.32,4691.88,23.57591635,291.94859802
801050,2025-05-29,4714.48,4674.42,4734.45,4674.42,27.66408096,330.63565261
801050,2025-05-30,4668.39,4712.38,4712.41,4657.71,24.11830712,285.93750023
801050,2025-06-03,4733.82,4708.46,4753.34,4708.4,31.28111988,401.28841573
801050,2025-06-04,4798.96,4737.84,4817.11,4737.81,38.40405433,481.3317876
801050,2025-06-05,4787.48,4807.46,4824.55,4776.62,35.24021164,460.34445215
801050,2025-06-06,4842.88,4809.5,4857.91,4809.47,43.95792306,495.28806756
801050,2025-06-09,4864.76,4831.42,4870.72,4800.75,51.07327089,632.0684151
801050,2025-06-10,4869.71,4863.24,4889.95,4836.7,47.81975721,622.74615827
801050,2025-06-11,4977.24,4864.69,4995.98,4864.69,54.84020567,765.79335487
801050,2025-06-12,5047.03,4983.27,5053.67,4955.47,50.13278319,716.44918214
801050,2025-06-13,5026.6,5055.22,5065.77,5003.87,57.67604037,804.51346963
801050,2025-06-16,5005.01,5006.8,5051.41,4981.05,43.69001602,624.78924114
801050,2025-06-17,5002.87,4991.12,5026.11,4991.09,36.42190321,538.84143952
801050,2025-06-18,4976.06,5000.17,5000.35,4936.49,38.5386297,502.9489194
801050,2025-06-19,4880.62,4955.55,4962.53,4866.86,38.23134982,482.73677717
801050,2025-06-20,4846.95,4870.88,4896.05,4844.3,29.65097564,382.16218084
801050,2025-06-23,4897.27,4846.71,4904.34,4846.71,30.74803538,425.27475131
801050,2025-06-24,4936.99,4891.57,4970.52,4886.73,39.04196142,539.50444024
801050,2025-06-25,4980.56,4938.68,4980.56,4927.2,35.94214301,490.84497347
801050,2025-06-26,4986.56,4978.15,5041.52,4958.08,39.73940872,519.55668017
801050,2025-06-27,5094.64,5020.18,5138.21,5020.18,60.09763517,726.64500965
801050,2025-06-30,5100.49,5104.91,5107.65,5061.34,52.44182606,672.46074309
801050,2025-07-01,5176.42,5111.66,5176.42,5067.25,50.25849376,637.07600408
801050,2025-07-02,5214.55,5163.51,5257.73,5158.58,57.1085784,714.19392791
801050,2025-07-03,5230.85,5236.96,5236.96,5183.82,46.00263377,581.90845359
801050,2025-07-04,5147.33,5190.98,5201.28,5133.86,43.40664791,554.2667539
801050,2025-07-07,5116.66,5117.25,5139.17,5102.65,33.03740898,409.5655652
801050,2025-07-08,5177.64,5127.87,5191.83,5127.84,41.96956554,570.89129984
801050,2025-07-09,5060.57,5197.39,5200.46,5051.75,51.81739095,639.13538589
801050,2025-07-10,5110.35,5083.09,5128.24,5077.12,49.10753772,680.44154332
801050,2025-07-11,5199.61,5143.49,5262.2,5143.49,71.00274539,1007.27246887
801050,2025-07-14,5228.75,5258.16,5287.86,5228.13,70.75541831,1012.44862458
801050,2025-07-15,5184.98,5209.27,5240.29,5138.75,60.98368978,818.89296577
801050,2025-07-16,5161.62,5176.28,5193.43,5137.9,43.84597521,589.2665533
801050,2025-07-17,5185.11,5156.69,5185.88,5150.92,41.20596211,610.79160128
801050,2025-07-18,5294.21,5201.03,5324.65,5201.03,62.01117824,940.60665327
801050,2025-07-21,5421.69,5322.66,5421.69,5314.27,74.56966037,1021.09779643
801050,2025-07-22,5531.18,5431.54,5531.18,5423.89,77.58143506,1105.8496847
801050,2025-07-23,5509.18,5552.86,5557.77,5498.0,68.1337444,1003.58457455
801050,2025-07-24,5662.11,5471.74,5674.01,5471.74,83.99380021,1405.0734167
801050,2025-07-25,5648.91,5646.52,5674.71,5622.28,69.79664084,1226.99019236
801050,2025-07-28,5621.52,5595.49,5635.55,5540.12,59.60289775,1035.42791628
801050,2025-07-29,5606.22,5581.51,5623.98,5572.39,51.61973924,874.8089348
801050,2025-07-30,5570.96,5619.91,5624.52,5533.6,56.48638335,944.09926874
801050,2025-07-31,5393.43,5492.14,5492.2,5371.72,59.19451954,895.84729499
801050,2025-08-01,5388.2,5387.78,5413.89,5376.72,39.61104486,621.59257941
801050,2025-08-04,5488.95,5406.53,5488.95,5406.53,43.21322722,657.05174099
801050,2025-08-05,5513.16,5508.75,5522.84,5491.44,48.95426814,637.2281258
801050,2025-08-06,5573.09,5507.86,5574.12,5507.86,54.19608909,695.35053699
801050,2025-08-07,5640.04,5589.15,5640.04,5498.82,66.83577856,1071.04518347
801050,2025-08-08,5699.68,5626.91,5724.11,5626.91,58.50843966,963.85956245
801050,2025-08-11,5720.83,5742.06,5742.06,5686.61,59.28496745,971.13974399
801050,2025-08-12,5697.8,5696.46,5715.71,5657.65,54.04832801,866.36946843
801050,2025-08-13,5832.9,5706.31,5834.65,5706.31,70.66091349,1001.45850851
801050,2025-08-14,5777.23,5834.71,5868.31,5777.23,71.11633154,1053.11654123
801050,2025-08-15,5905.88,5741.52,5926.45,5741.52,73.80581373,1073.61435293
801050,2025-08-18,5913.92,5942.35,5965.9,5871.59,83.65954778,1332.06413033
801050,2025-08-19,5892.45,5908.83,5968.28,5873.94,79.34323022,1357.69740255
801050,2025-08-20,5961.83,5859.09,6001.18,5859.09,75.96804693,1268.14839921
801050,2025-08-21,5927.99,5964.07,6029.88,5906.2,69.17055767,1130.21286205
801050,2025-08-22,5984.59,5923.1,6007.58,5923.1,66.42615185,1172.69055344
801050,2025-08-25,6261.89,6074.01,6271.27,6074.01,101.27081023,1730.94961072
801050,2025-08-26,6248.97,6239.92,6300.46,6193.48,82.66351318,1427.61778868
801050,2025-08-27,6179.97,6265.79,6342.32,6179.97,86.9678066,1586.11709232
801050,2025-08-28,6260.6,6156.62,6272.84,6110.54,79.81664094,1475.74125173
801050,2025-08-29,6413.26,6299.89,6459.7,6299.89,92.15062519,1636.98331242
801050,2025-09-01,6635.29,6519.86,6640.73,6443.8,97.31749511,1763.1208042
801050,2025-09-02,6564.04,6686.44,6686.44,6507.34,97.00500005,1728.79327175
801050,2025-09-03,6510.65,6661.01,6673.15,6448.67,85.63740337,1445.97067158
801050,2025-09-04,6273.23,6496.16,6571.91,6185.41,88.66941541,1514.20285466
801050,2025-09-05,6548.93,6259.27,6553.4,6259.22,74.70372159,1317.7891356
801050,2025-09-08,6550.64,6623.9,6633.86,6502.43,72.64962044,1346.38615777
801050,2025-09-09,6599.61,6566.36,6732.05,6558.92,80.70401598,1458.39766767
801050,2025-09-10,6542.01,6477.75,6594.45,6448.98,62.62037956,1143.24721358
801050,2025-09-11,6665.04,6537.9,6665.04,6506.38,64.36779155,1182.1046172
801050,2025-09-12,6795.38,6708.01,6868.23,6700.73,100.53301354,1643.42377173
801050,2025-09-15,6740.18,6780.22,6837.53,6739.48,74.9062767,1274.90890998
801050,2025-09-16,6673.36,6815.34,6815.34,6525.0,79.03032403,1315.28137231
801050,2025-09-17,6683.57,6621.27,6683.57,6569.93,66.28077944,1083.17430363
801050,2025-09-18,6445.59,6598.66,6607.86,6377.92,83.06035883,1283.49464461
801050,2025-09-19,6522.39,6441.42,6572.52,6441.42,53.91250108,933.15249754
801050,2025-09-22,6586.25,6614.67,6614.67,6476.12,54.22699621,966.69918399
801050,2025-09-23,6536.3,6602.32,6683.16,6431.36,64.07812951,1084.99168698
801050,2025-09-24,6626.22,6509.56,6626.22,6496.15,48.81497289,883.21190737
801050,2025-09-25,6750.06,6744.05,6805.9,6698.18,75.43388393,1268.36408835
801050,2025-09-26,6752.28,6732.87,6898.61,6732.87,67.02264989,1097.06432069
801050,2025-09-29,7007.58,6825.27,7010.48,6773.66,75.81916007,1253.76271213
801050,2025-09-30,7233.5,7102.02,7251.81,7102.02,87.04809441,1569.35361561
801050,2025-10-09,7783.14,7551.06,7783.14,7532.34,109.48380561,2140.07297445
801050,2025-10-10,7554.83,7694.55,7773.39,7500.82,101.68051618,2031.45175167
801050,2025-10-13,7807.9,7345.49,7811.74,7345.49,111.08575623,2208.71677767
801050,2025-10-14,7521.91,8015.94,8016.08,7455.88,121.59389289,2440.99132974
801050,2025-10-15,7633.71,7597.7,7635.29,7410.41,91.49644643,1792.13643431
801050,2025-10-16,7476.09,7599.39,7640.82,7439.43,80.06285737,1427.49578269
801050,2025-10-17,7322.8,7557.79,7605.45,7305.15,80.63225256,1472.09050586
801050,2025-10-20,7224.74,7247.99,7319.37,7179.36,65.01159131,1205.4899794
801050,2025-10-21,7327.28,7310.05,7399.04,7277.1,67.35640993,1158.46642521
801050,2025-10-22,7227.73,7056.25,7253.79,7056.25,64.04123934,1123.47944804
801050,2025-10-23,7300.58,7180.76,7316.82,7080.78,62.03399029,1075.10985103
801050,2025-10-24,7405.69,7365.51,7435.98,7328.12,67.6993537,1187.33788282
801050,2025-10-27,7582.46,7453.89,7623.22,7453.89,77.99244226,1465.08989697
801050,2025-10-28,7376.03,7525.23,7551.18,7358.32,80.83540225,1414.36643903
801050,2025-10-29,7692.09,7419.81,7693.92,7419.81,86.45074503,1472.01135285
801050,2025-10-30,7752.85,7639.67,7842.13,7639.67,97.2017359,1913.4781731
801050,2025-10-31,7595.37,7746.38,7765.31,7595.37,77.2512617,1495.85912146
801050,2025-11-03,7503.48,7567.4,7567.4,7307.74,74.42832978,1327.28899871
801050,2025-11-04,7275.48,7441.68,7474.54,7223.67,63.42689668,1086.84884404
801050,2025-11-05,7319.55,7101.91,7354.46,7093.02,57.97613871,1033.86476624
801050,2025-11-06,7542.88,7315.4,7548.94,7315.4,70.79117137,1158.40734604
801050,2025-11-07,7592.23,7515.77,7633.4,7508.44,65.92977335,1141.03238407
801050,2025-11-10,7618.95,7690.4,7739.43,7564.46,68.27173696,1247.7825394
801050,2025-11-11,7530.78,7678.6,7701.02,7512.53,60.74023068,1067.74733835
801050,2025-11-12,7527.67,7506.28,7635.21,7424.36,68.01172142,1072.12036763
801050,2025-11-13,7829.42,7596.22,7888.54,7596.2,88.16373486,1600.88584833
801050,2025-11-14,7673.43,7710.75,7770.68,7655.3,66.58328199,1179.76533274
801050,2025-11-17,7620.26,7638.44,7698.23,7588.93,64.21526544,1261.24182754
801050,2025-11-18,7406.66,7580.54,7603.83,7357.05,67.10461967,1264.12649828
801050,2025-11-19,7583.59,7448.68,7628.65,7439.18,59.51897269,1209.47869662
801050,2025-11-20,7552.47,7588.84,7716.86,7539.9,54.84174051,1169.55400571
801050,2025-11-21,7155.23,7358.89,7358.89,7149.64,61.97277154,1053.58836226
801050,2025-11-24,7120.92,7169.98,7169.98,7013.73,47.07813606,918.60832182
801050,2025-11-25,7293.12,7216.87,7335.75,7189.85,49.63496529,966.7567469
801050,2025-11-26,7272.32,7327.3,7358.98,7263.9,41.9597538,808.89786442
801050,2025-11-27,7291.32,7339.04,7428.55,7283.61,42.13405572,789.68925599
801050,2025-11-28,7396.64,7305.42,7424.04,7282.77,43.48220929,830.88241566
801050,2025-12-01,7607.77,7582.71,7723.81,7556.11,71.88885385,1271.00039604
801050,2025-12-02,7504.43,7549.62,7549.62,7463.95,43.70878904,753.87398356
801050,2025-12-03,7551.99,7521.17,7638.85,7506.3,61.6382765,1003.58605683
801050,2025-12-04,7576.91,7660.25,7732.23,7555.6,58.61646091,978.81231036
801050,2025-12-05,7792.0,7562.39,7810.42,7562.39,72.98250433,1156.72316283
801050,2025-12-08,7846.97,7807.84,7849.66,7713.57,67.57044567,1173.92359865
801050,2025-12-09,7609.59,7774.34,7774.34,7564.0,63.24344987,1057.70922635
801050,2025-12-10,7688.37,7651.81,7694.66,7581.49,49.47527226,926.27938722
801050,2025-12-11,7640.36,7758.8,7820.78,7637.57,57.516945,1100.25996719
801050,2025-12-12,7755.27,7762.83,7776.42,7669.86,61.55881965,1197.01914945
801050,2025-12-15,7715.84,7653.06,7789.73,7653.06,53.46322222,1063.35631581
801050,2025-12-16,7499.07,7662.98,7662.98,7448.84,52.73315356,1008.6679919
801050,2025-12-17,7726.3,7557.25,7771.57,7554.39,56.19992448,1109.4597328
801050,2025-12-18,7720.83,7691.36,7836.01,7691.36,46.75983927,939.55371925
801050,2025-12-19,7868.84,7719.97,7880.0,7649.1,53.97881837,1086.6135536
801050,2025-12-22,8056.21,7951.91,8090.36,7951.91,63.87804565,1250.43625207
801050,2025-12-23,8090.2,8103.2,8226.76,8043.98,66.96179149,1339.91203583
801050,2025-12-24,8139.52,8161.01,8181.44,8072.54,60.11473889,1218.78652191
801050,2025-12-25,8076.79,8035.15,8099.35,7984.98,52.41853035,1065.91764638
801050,2025-12-26,8374.47,8183.73,8413.18,8183.73,83.32501068,1561.97242664
801050,2025-12-29,8210.98,8468.72,8468.72,8206.98,87.26316598,1634.65859188
801050,2025-12-30,8318.24,7994.26,8364.42,7994.26,69.32636255,1328.3297867
801050,2025-12-31,8408.59,8321.55,8541.98,8321.47,68.499112,1345.0370208
801050,2026-01-05,8628.55,8548.18,8642.16,8459.11,80.08696325,1546.78926907
801050,2026-01-06,8995.85,8759.21,9017.42,8759.21,94.57714275,1888.55570227
801050,2026-01-07,9022.75,9036.54,9134.14,8932.78,96.91761641,2036.92560245
801050,2026-01-08,8881.7,8922.92,9059.39,8780.62,80.71976165,1676.28667861
801050,2026-01-09,9128.34,8818.81,9177.83,8818.8,84.77720226,1817.54984146
801050,2026-01-12,9251.47,9340.55,9347.97,9124.28,93.7598259,2058.88505825
801050,2026-01-13,9335.86,9249.79,9531.82,9231.26,93.42469105,2056.33318994
801050,2026-01-14,9375.16,9382.9,9577.39,9294.88,102.30506973,2229.99178397
801050,2026-01-15,9504.06,9345.49,9701.78,9345.49,99.49671495,2060.84431124
801050,2026-01-16,9404.84,9514.04,9707.4,9371.59,98.15536954,2024.42555291
801050,2026-01-19,9453.04,9414.4,9496.51,9257.48,83.40590061,1705.50889869
801050,2026-01-20,9478.68,9500.33,9562.41,9171.95,91.48308565,1869.26145893
801050,2026-01-21,9743.42,9504.49,9761.66,9473.88,89.66420178,1953.03510089
801050,2026-01-22,9707.46,9640.48,9734.37,9570.04,86.41266429,1810.40764903
801050,2026-01-23,9972.0,9864.3,10025.04,9782.39,105.62183828,2278.22239565
801050,2026-01-26,10428.19,10234.83,10480.82,10234.83,129.90148795,2911.50357711
801050,2026-01-27,10382.87,10352.04,10635.08,10208.27,130.4681069,3023.71465413
801050,2026-01-28,10997.81,10483.06,11022.19,10392.07,139.61365536,3301.50310244
801050,2026-01-29,11180.33,11260.34,11476.89,10705.55,177.58888167,4294.62341405
801050,2026-01-30,10308.42,10619.91,10680.49,10152.53,124.19218906,2940.3248699
801050,2026-02-02,9522.97,9589.58,9869.27,9509.08,87.38242905,2013.710948
801050,2026-02-03,9832.33,9576.32,9858.96,9434.73,113.71640328,2564.4070166
801050,2026-02-04,9853.38,9982.16,9982.16,9724.14,93.16660847,1991.31056879
801050,2026-02-05,9402.6,9616.44,9696.84,9260.93,82.77502837,1843.4054533
801050,2026-02-06,9431.31,9034.17,9552.96,9034.17,79.89237969,1728.80918694
801050,2026-02-09,9631.03,9641.81,9652.93,9537.52,67.50516072,1539.47398965
801050,2026-02-10,9613.46,9659.03,9677.08,9568.33,57.17184436,1273.01993361
801050,2026-02-11,9843.69,9594.13,9919.85,9594.13,64.3979466,1573.73020906
801050,2026-02-12,9924.66,9842.61,10052.56,9842.61,65.46668116,1616.50249229
801050,2026-02-13,9591.61,9700.13,9810.91,9584.89,60.06293835,1435.83826031
801050,2026-02-24,9908.89,9919.32,9961.73,9852.95,69.073117,1616.33823209
801050,2026-02-25,10253.52,9972.24,10347.96,9931.45,92.66987407,2282.86841023
801050,2026-02-26,10212.04,10365.67,10365.67,10175.85,78.72830747,1985.47525594
801050,2026-02-27,10528.63,10155.89,10529.56,10155.89,88.98340315,2259.4737831
801050,2026-03-02,10862.2,10704.3,10875.47,10380.46,123.66611153,3205.43302903
801050,2026-03-03,10252.41,10697.72,10766.89,10241.59,109.74504629,2919.24350144
801050,2026-03-04,10197.66,9945.56,10431.3,9945.56,82.0031787,2095.65072294
801050,2026-03-05,10132.36,10372.22,10372.22,10023.8,73.20882834,1806.92162948
801050,2026-03-06,9953.12,9996.17,10112.15,9822.06,59.55768551,1516.16182274
801050,2026-03-09,9858.96,9744.61,9908.57,9497.44,72.30659936,1780.35230911
801050,2026-03-10,9968.64,9949.04,10008.73,9892.65,53.45984474,1349.18884439
801050,2026-03-11,9929.09,10018.32,10065.36,9900.56,54.90151453,1425.0947889
801050,2026-03-12,9852.04,9880.33,9963.67,9740.03,65.21368359,1486.90387464
801050,2026-03-13,9585.63,9769.95,9950.65,9562.82,65.86014166,1527.66357158
801050,2026-03-16,9330.16,9492.32,9492.32,9084.88,73.52997296,1632.47495835
801050,2026-03-17,9174.7,9353.32,9447.43,9173.99,52.81819171,1167.59807309
801050,2026-03-18,9119.78,9166.91,9174.14,8977.24,48.87074848,1073.6576935
801050,2026-03-19,8563.05,8840.98,8875.49,8522.33,70.61370877,1515.40341547
801050,2026-03-20,8452.57,8605.56,8677.65,8436.55,57.04282598,1255.8135243
801050,2026-03-23,8049.92,8168.31,8364.45,7999.05,74.23198367,1510.10478788
801050,2026-03-24,8339.64,8228.44,8339.64,7995.99,66.15608477,1417.81474264
801050,2026-03-25,8587.37,8590.17,8684.6,8531.3,68.10728783,1601.54573095
801050,2026-03-26,8444.18,8573.62,8616.41,8405.64,48.74841894,1193.22147198
801050,2026-03-27,8687.44,8304.18,8740.52,8304.18,55.20292686,1412.54936382
801050,2026-03-30,8846.92,8715.91,8847.34,8621.3,69.61356425,1565.24506971
801050,2026-03-31,8716.31,8868.65,8905.43,8692.46,67.97583358,1449.70562386
801050,2026-04-01,8918.75,8933.76,8952.18,8829.63,60.33728584,1362.22239265
801050,2026-04-02,8753.81,8883.9,8914.41,8669.98,53.91109473,1222.24032144
801050,2026-04-03,8652.43,8777.74,8777.74,8615.19,38.54716106,856.70257546
801050,2026-04-07,8720.8,8664.9,8743.38,8650.03,41.70523142,941.07615033
801050,2026-04-08,9243.39,9014.86,9245.53,9014.86,73.92792083,1723.29280744
801050,2026-04-09,9184.08,9103.23,9263.11,9077.56,57.81092219,1364.27142238
801050,2026-04-10,9152.08,9249.76,9296.58,9143.46,54.30894637,1402.31085614
801050,2026-04-13,9183.04,9116.41,9191.63,9086.83,50.20412695,1317.84189462
801050,2026-04-14,9378.04,9348.64,9378.04,9262.2,59.63798436,1579.22152924
801050,2026-04-15,9255.36,9504.87,9532.1,9225.55,62.3938998,1643.76998614
801050,2026-04-16,9516.94,9316.08,9521.01,9316.02,59.78327935,1596.83117137
801050,2026-04-17,9532.5,9467.0,9585.97,9467.0,63.53342486,1680.76846809
801050,2026-04-20,9581.95,9532.42,9660.0,9532.41,66.60379259,1687.24130976
801050,2026-04-21,9616.93,9602.08,9620.24,9476.37,55.40760682,1539.63475096
801050,2026-04-22,9657.93,9546.89,9685.99,9546.89,66.40191108,1693.95929328
801050,2026-04-23,9311.16,9660.75,9663.2,9242.74,73.67223041,1926.90754994
801050,2026-04-24,9396.92,9234.81,9444.22,9183.55,60.67016581,1629.66825994
801050,2026-04-27,9309.9,9348.38,9407.09,9291.0,56.11627497,1494.89714841
801050,2026-04-28,9097.89,9253.57,9253.57,9070.26,57.64857313,1357.83062465
801050,2026-04-29,9460.92,9037.09,9467.18,9037.09,64.72944482,1766.34389202
801050,2026-04-30,9410.78,9409.59,9546.99,9344.33,63.02429745,1897.84201109
801050,2026-05-06,9746.06,9494.8,9747.84,9429.79,80.20743141,2256.93385242
801050,2026-05-07,9794.25,9832.36,9895.65,9671.77,82.09846711,2285.72222799
801050,2026-05-08,9810.28,9707.73,9848.92,9643.35,74.99201314,2078.56161222
801050,2026-05-11,9813.18,9815.96,9877.41,9720.92,83.22668282,2189.04829471
801050,2026-05-12,9747.23,9949.7,9949.7,9698.15,80.50751941,2121.38000843
801050,2026-05-13,9808.78,9794.16,9882.05,9742.75,73.99070851,1981.50908046
801050,2026-05-14,9474.16,9774.12,9801.52,9474.16,72.54849281,1879.58567549
801050,2026-05-15,9085.31,9382.42,9382.42,9020.59,79.83885496,1955.03931508
801050,2026-05-18,8991.53,8904.84,9025.88,8830.0,59.66284341,1531.56635937
801050,2026-05-19,8892.69,8978.95,8978.95,8720.46,55.99323039,1430.82259718
801050,2026-05-20,8888.86,8778.31,8932.97,8671.19,60.63959445,1591.76635825
801050,2026-05-21,8687.69,8991.6,9077.34,8684.8,64.3067677,1638.4142599
801050,2026-05-22,9005.06,8746.1,9040.38,8724.13,61.33763239,1433.54486838
801050,2026-05-25,9058.1,9153.04,9203.64,8990.85,64.11047463,1587.75227332
801050,2026-05-26,9308.61,8991.92,9315.68,8882.73,84.52880208,1937.71205881
801050,2026-05-27,8961.58,9256.24,9295.15,8912.33,71.17410925,1666.30546092
801050,2026-05-28,8919.45,8891.88,8976.72,8699.51,67.16488616,1604.11069034
801050,2026-05-29,8745.93,9032.56,9032.56,8702.13,72.69240306,1690.27655313
801050,2026-06-01,8677.14,8721.21,8856.5,8668.95,56.80488584,1359.19094134
801050,2026-06-02,8960.17,8741.11,8975.35,8568.0,70.30666888,1651.90409239
801050,2026-06-03,9013.0,8881.63,9108.08,8881.63,73.81415268,1818.80354508
801050,2026-06-04,8757.16,8891.96,8891.96,8717.4,75.65286441,1620.89976208
801050,2026-06-05,8601.93,8704.52,8809.59,8571.15,72.01258423,1657.5915055
801050,2026-06-08,8131.89,8223.96,8370.82,8030.26,74.88640696,1618.33524456
801050,2026-06-09,8361.96,8221.63,8374.77,8048.53,65.36217089,1502.42077309
801050,2026-06-10,8229.35,8185.09,8301.41,8121.19,63.51617869,1485.47960253
801050,2026-06-11,8380.21,8172.47,8431.41,8172.47,70.3819939,1788.61524603
801050,2026-06-12,8740.0,8568.55,8921.46,8539.39,104.74177642,2611.54931208
801050,2026-06-15,9169.79,8963.79,9170.09,8951.41,116.67679487,2757.13490079
801050,2026-06-16,9127.23,9103.05,9245.94,9081.39,99.57522729,2542.1834013
801050,2026-06-17,9091.79,9100.4,9204.88,9015.62,83.80339721,2190.54672961
801050,2026-06-18,9098.19,8998.37,9316.03,8948.93,96.3658241,2464.19786915
801050,2026-06-22,9523.31,9110.82,9523.83,9042.28,111.76564886,2868.57631373
801050,2026-06-23,8834.29,9513.72,9513.72,8803.15,116.41232529,2893.59367263
801050,2026-06-24,8904.67,8728.74,8908.63,8622.6,95.69339373,2365.40111579
801050,2026-06-25,8702.58,8739.27,8833.27,8660.09,97.46924141,2423.80123697
801050,2026-06-26,8330.09,8711.76,8719.43,8294.54,88.41928317,2185.63098886
801050,2026-06-29,8422.51,8346.7,8451.75,8253.59,81.70826575,2020.94108495
801050,2026-06-30,8390.5,8301.58,8393.26,8204.62,73.67972109,1777.66390241
801050,2026-07-01,8405.28,8371.84,8494.29,8323.9,76.68325832,1885.41648123
801050,2026-07-02,8433.77,8354.37,8636.72,8304.64,87.09603167,2112.56310672
801050,2026-07-03,8515.8,8593.07,8683.88,8498.25,87.21669308,2053.25318741
801050,2026-07-06,8371.17,8527.18,8759.01,8366.52,86.19021251,1949.84987197
801050,2026-07-07,8140.89,8280.32,8345.93,8108.93,61.3892726,1379.60619175
801050,2026-07-08,7882.6,8087.21,8087.21,7882.6,55.82585014,1268.35367128
801050,2026-07-09,7852.35,7819.95,7902.77,7493.64,70.60146821,1543.86245539
801050,2026-07-10,7863.15,7890.54,8056.47,7860.55,67.58747685,1522.52428345
801050,2026-07-13,7524.74,7750.14,7750.14,7491.95,57.54275736,1230.25932516
801050,2026-07-14,7908.95,7485.45,7908.95,7424.84,72.81101168,1452.78252117
801050,2026-07-15,7740.05,7934.93,7934.93,7730.32,62.7224672,1265.41287221
801050,2026-07-16,7645.15,7637.08,7790.65,7605.59,51.97615208,1079.80084479
801050,2026-07-17,7265.41,7560.98,7566.72,7219.94,59.78497914,1165.7741165
801050,2026-07-20,7212.51,7334.36,7366.15,7097.68,65.50309135,1218.70006619
801050,2026-07-21,7526.83,7287.89,7526.83,7111.71,72.69771245,1429.83053046
801050,2026-07-22,7745.02,7570.17,7863.53,7570.17,77.81726522,1617.92979145
801050,2026-07-23,7997.62,7790.12,8097.97,7741.42,77.05764355,1583.21122968
801050,2026-07-24,7620.54,7752.48,7841.28,7586.57,61.33243055,1219.5186541
801050,2026-07-27,7801.73,7742.65,7801.73,7608.87,48.55285237,984.76298937
801050,2026-07-28,7636.54,7641.92,7723.81,7575.93,43.23136435,872.06262546
801050,2026-07-29,7773.66,7648.22,7829.64,7540.9,53.75730711,1076.57365569
801050,2026-07-30,7699.79,7812.76,7901.79,7614.94,55.95449281,1137.93599411
801050,2026-07-31,7852.16,7787.41,7989.51,7787.41,60.57401284,1254.93863526
801050,2026-08-03,7820.4,7814.01,7857.28,7715.9,49.29915877,1005.71567513
801050,2026-08-04,7941.2,7845.0,7962.7,7817.71,50.20482122,1048.86981568
801050,2026-08-05,8365.25,8014.41,8365.25,8014.41,75.05142925,1581.4569624
801050,2026-08-06,8442.29,8564.1,8572.08,8342.17,84.35472387,1945.38666974
801050,2026-08-07,8711.72,8443.82,8711.72,8434.78,79.84118384,1926.63799058
801050,2026-08-10,8887.69,8764.61,8906.26,8681.78,80.09764075,2009.22418304
801050,2026-08-11,8494.67,8872.35,8919.41,8486.01,89.75370901,2039.46123589
801050,2026-08-12,8593.69,8513.62,8705.64,8513.62,63.12372297,1466.35911121
801050,2026-08-13,8281.42,8583.31,8590.64,8281.42,69.79103799,1587.45715326
801050,2026-08-14,8389.01,8223.16,8390.45,8223.16,49.45134231,1230.1239015
801050,2026-08-17,8628.91,8518.06,8628.91,8476.93,57.59834542,1369.91667819
801050,2026-08-18,8577.99,8598.47,8677.7,8477.72,51.33278534,1277.99227511
801050,2026-08-19,8272.19,8344.27,8436.48,8244.62,58.6249534,1367.22997565
801050,2026-08-20,8371.26,8478.0,8600.63,8315.62,64.31052648,1439.38415027
801050,2026-08-21,8599.14,8382.18,8604.78,8373.53,63.61633182,1451.08550468
801050,2026-08-24,8610.15,8722.9,8739.07,8491.82,72.68439093,1760.30915028
801050,2026-08-25,8396.96,8567.53,8567.53,8277.8,64.04011927,1375.0557537
801050,2026-08-26,8551.62,8420.85,8700.46,8420.85,74.43408319,1475.4654925
801050,2026-08-27,8689.82,8483.09,8728.38,8483.09,68.63031976,1495.30621235
801050,2026-08-28,8743.68,8715.63,8771.8,8607.62,68.97029033,1469.87970834
801050,2026-08-31,8622.48,8458.81,8623.1,8381.94,62.39853187,1372.31665896
801050,2026-09-01,8526.89,8648.17,8648.17,8513.39,52.39375284,1105.12172728
801050,2026-09-02,8343.89,8358.69,8396.64,8168.79,56.51682723,1137.46226759
801050,2026-09-03,8447.49,8441.7,8490.58,8400.42,53.15898102,1043.40269109
801050,2026-09-04,8305.27,8532.63,8535.43,8257.61,51.487135,1058.11419746
801050,2026-09-07,8273.51,8236.3,8306.43,8236.3,38.40056373,833.08471094
801050,2026-09-08,8381.43,8360.3,8452.69,8339.48,53.36212487,1056.38404129
801050,2026-09-09,8506.11,8392.59,8516.2,8383.55,60.09058187,1184.63254516
801050,2026-09-10,8399.5,8459.48,8464.56,8376.83,43.76132159,826.34241987
801050,2026-09-11,8065.33,8112.64,8112.64,7869.61,65.94808417,1235.71863532
801050,2026-09-14,8037.63,7949.19,8094.66,7945.75,34.70823576,719.21898569
801050,2026-09-15,7975.14,8015.45,8067.2,7953.43,35.78048427,778.81308778
801050,2026-09-16,8113.28,7974.8,8134.16,7872.86,42.1738049,928.4865387
801050,2026-09-17,7906.73,8030.98,8084.76,7853.73,45.01859157,992.76998768
801050,2026-09-18,8020.54,8035.98,8035.98,7930.6,40.05306487,867.39829175
801050,2026-09-21,8020.23,8032.21,8078.52,7970.1,37.14872145,814.76959356
801050,2026-09-22,8031.42,8049.74,8107.25,8010.97,41.08485381,914.81643207
801050,2026-09-23,7968.56,8062.48,8062.48,7954.93,31.06025306,652.40001565
801050,2026-09-24,7687.08,7890.2,7890.2,7684.09,36.8409248,753.72494836
801050,2026-09-28,7397.13,7580.4,7580.4,7357.16,37.05767193,738.07437175
801050,2026-09-29,7495.57,7363.69,7519.07,7363.69,29.49729724,582.57295151
801050,2026-09-30,7512.52,7505.6,7547.9,7487.17,24.10072198,496.49391716
