代码,日期,收盘,开盘,最高,最低,成交量,成交额
801040,1999-12-30,1000.0,1000.0,1000.0,1000.0,0.15973525,1.0090941669
801040,2000-01-04,1022.21,1004.12,1028.41,993.13,0.28805173,1.8055782655000001
801040,2000-01-05,1022.25,1024.75,1048.14,1010.43,0.40727393,2.5319373785
801040,2000-01-06,1056.28,1021.89,1061.86,1008.39,0.4660883,2.9298241452999996
801040,2000-01-07,1102.06,1066.59,1110.99,1058.22,1.25395124,9.2917441153
801040,2000-01-10,1107.3,1112.79,1126.79,1080.0,0.92995272,7.3729927799
801040,2000-01-11,1057.53,1107.2,1112.23,1045.73,0.59202849,4.2475540877
801040,2000-01-12,1032.39,1048.76,1067.8,1020.4,0.45727304,3.2283758511
801040,2000-01-13,1045.07,1035.22,1073.69,1024.64,0.49937768,3.3315814895
801040,2000-01-14,1027.91,1046.71,1056.01,1020.55,0.25561319,1.7630169262
801040,2000-01-17,1039.32,1024.65,1044.3,1014.5,0.24008829,1.8150437841
801040,2000-01-18,1040.98,1039.7,1060.33,1027.06,0.22639768,1.6086513744
801040,2000-01-19,1067.94,1039.87,1081.36,1032.49,0.52187909,3.9368247286
801040,2000-01-20,1068.96,1069.34,1083.92,1049.76,0.40834865,3.1439926682
801040,2000-01-21,1055.93,1068.89,1081.29,1036.35,0.64005252,4.7076878225
801040,2000-01-24,1069.07,1056.11,1095.31,1037.9,0.79655846,5.6130788655999995
801040,2000-01-25,1079.05,1073.92,1103.83,1047.33,1.19018532,7.6681492138
801040,2000-01-26,1090.39,1080.49,1109.16,1062.61,0.94169512,6.7041822092
801040,2000-01-27,1077.36,1089.88,1106.09,1059.05,0.82239481,5.928151071599999
801040,2000-01-28,1083.06,1078.99,1099.0,1052.69,0.97885263,7.0436461398
801040,2000-02-14,1175.3,1111.97,1180.0,1098.4,1.60443151,11.737145964000002
801040,2000-02-15,1131.53,1187.44,1214.67,1118.35,1.91533109,14.7406445725
801040,2000-02-16,1128.89,1126.26,1152.98,1088.51,1.41884373,10.247385493200001
801040,2000-02-17,1139.81,1138.22,1201.63,1087.66,2.45636568,17.1324355625
801040,2000-02-18,1107.09,1148.61,1163.44,1084.28,1.08545397,7.579271381
801040,2000-02-21,1123.19,1108.04,1144.67,1083.91,1.28083889,8.847346099400001
801040,2000-02-22,1097.77,1129.89,1154.91,1091.61,0.97281488,6.8896075835
801040,2000-02-23,1081.86,1091.1,1108.72,1067.51,0.7297583,4.9250475211
801040,2000-02-24,1093.77,1080.15,1104.86,1071.67,0.62880444,4.1699577021
801040,2000-02-25,1106.63,1094.98,1129.79,1073.6,1.17187536,7.8469940046
801040,2000-02-28,1134.32,1113.96,1147.2,1096.45,1.54471208,10.995383175299999
801040,2000-02-29,1141.95,1153.57,1175.04,1107.45,1.79707703,12.8362223341
801040,2000-03-01,1146.87,1147.03,1178.45,1124.69,1.19867544,8.9046063146
801040,2000-03-02,1142.28,1146.77,1164.89,1120.58,0.87256981,6.5452270046
801040,2000-03-03,1152.16,1146.33,1173.52,1131.49,1.03154207,7.8584356920000005
801040,2000-03-06,1140.69,1161.58,1195.29,1131.99,1.48066179,10.5908075675
801040,2000-03-07,1162.22,1139.94,1176.35,1121.89,1.82633123,11.463194025
801040,2000-03-08,1151.34,1165.27,1180.02,1129.43,1.26721184,8.9649297845
801040,2000-03-09,1146.85,1153.78,1168.79,1125.53,1.20187169,8.662396166799999
801040,2000-03-10,1137.11,1146.97,1171.24,1112.5,1.31393545,9.2374665768
801040,2000-03-13,1161.63,1135.7,1175.31,1124.13,1.38123322,9.5558650318
801040,2000-03-14,1143.51,1145.47,1167.01,1102.53,1.5891166,11.1206558245
801040,2000-03-15,1161.73,1142.22,1187.6,1128.71,1.85888375,11.597270245199999
801040,2000-03-16,1122.49,1149.9,1167.99,1101.91,2.59168139,12.605612692200001
801040,2000-03-17,1146.79,1117.19,1160.87,1111.1,1.78545998,10.2904325481
801040,2000-03-20,1184.34,1133.98,1199.11,1124.74,2.18493572,13.223880233900001
801040,2000-03-21,1187.56,1187.73,1210.6,1160.19,2.06080248,13.028834032899999
801040,2000-03-22,1193.54,1187.95,1215.34,1162.23,1.41897201,10.1812562118
801040,2000-03-23,1200.47,1187.37,1221.88,1170.87,1.51018034,11.207436066400001
801040,2000-03-24,1176.11,1197.09,1218.79,1167.08,1.97564139,13.8666484118
801040,2000-03-27,1212.78,1173.38,1224.23,1162.66,1.53452338,11.718628096700002
801040,2000-03-28,1230.26,1222.48,1257.1,1204.89,2.22075837,16.0913802769
801040,2000-03-29,1221.2,1236.27,1254.51,1191.71,1.45792805,10.274572859
801040,2000-03-30,1232.22,1223.92,1249.76,1202.33,1.40868173,10.759424281600001
801040,2000-03-31,1238.12,1227.98,1262.42,1204.96,2.45543989,16.1419828386
801040,2000-04-03,1235.51,1241.47,1270.91,1221.69,1.59234634,11.989511343699998
801040,2000-04-04,1208.87,1236.16,1250.06,1193.24,1.74530662,11.3524072844
801040,2000-04-05,1218.21,1206.83,1237.55,1190.32,1.06079717,7.221099665
801040,2000-04-06,1246.97,1226.46,1263.64,1212.77,1.72553826,11.2152795427
801040,2000-04-07,1272.05,1257.31,1295.74,1240.2,2.47301713,17.2416639202
801040,2000-04-10,1292.96,1279.29,1315.46,1263.12,2.15866328,15.5157344166
801040,2000-04-11,1279.34,1305.67,1319.74,1261.42,1.60382275,11.4220156539
801040,2000-04-12,1307.28,1285.76,1323.77,1263.4,2.08603854,16.4868836305
801040,2000-04-13,1344.08,1312.02,1362.33,1297.67,3.21574915,22.5206762202
801040,2000-04-14,1346.9,1352.53,1384.01,1319.2,3.33498278,22.464345048200002
801040,2000-04-17,1315.37,1338.53,1362.88,1285.67,2.37695079,17.1767562216
801040,2000-04-18,1316.27,1330.25,1354.67,1282.52,1.30487264,7.86631211
801040,2000-04-19,1313.97,1321.51,1335.74,1298.9,1.41340031,10.0117258574
801040,2000-04-20,1328.53,1314.48,1353.25,1302.7,1.69167014,12.005753491099998
801040,2000-04-21,1312.98,1333.09,1350.8,1302.75,1.62699335,12.1665010979
801040,2000-04-24,1309.14,1312.1,1336.1,1291.76,1.37094144,9.8898341307
801040,2000-04-25,1326.84,1311.3,1342.15,1292.5,1.27518517,8.918145229
801040,2000-04-26,1317.78,1331.74,1347.47,1309.02,1.29362906,9.1567377876
801040,2000-04-27,1301.44,1326.18,1350.78,1290.36,1.80935729,12.553459589600001
801040,2000-04-28,1311.49,1300.48,1321.28,1275.28,1.39182316,9.1200196961
801040,2000-05-08,1330.55,1311.17,1348.53,1287.67,1.16088765,8.655241183400001
801040,2000-05-09,1315.0,1331.45,1353.21,1293.79,1.11043536,8.5136450352
801040,2000-05-10,1265.04,1311.31,1320.0,1258.32,1.1439251,8.178504418400001
801040,2000-05-11,1233.06,1258.46,1280.02,1223.71,0.83883058,5.722916996
801040,2000-05-12,1228.78,1235.96,1256.73,1216.67,0.73506368,5.1091899626999995
801040,2000-05-15,1214.1,1231.97,1246.89,1193.13,0.62272151,4.0903966398
801040,2000-05-16,1237.54,1223.34,1256.7,1212.2,0.78533672,5.7003819673
801040,2000-05-17,1230.48,1239.67,1255.37,1217.24,0.75450981,5.3144737918
801040,2000-05-18,1275.07,1231.22,1288.91,1219.67,1.63776406,11.6151205624
801040,2000-05-19,1305.84,1284.99,1322.25,1264.42,2.19173728,16.4928752693
801040,2000-05-22,1325.28,1313.97,1342.8,1292.83,2.01278765,15.2046755335
801040,2000-05-23,1349.75,1330.96,1371.82,1307.86,2.10125226,14.467122625
801040,2000-05-24,1359.34,1361.07,1394.87,1336.71,2.61014472,19.8852068401
801040,2000-05-25,1373.47,1366.66,1390.81,1344.76,2.23942282,18.1103994471
801040,2000-05-26,1408.14,1379.29,1451.04,1358.57,3.47013552,28.210608855300002
801040,2000-05-29,1417.72,1427.7,1450.94,1394.57,2.3305122,20.0489774539
801040,2000-05-30,1404.36,1421.91,1455.97,1381.88,2.46827659,20.4948683324
801040,2000-05-31,1456.24,1405.62,1481.37,1390.64,2.72729654,21.9176242471
801040,2000-06-01,1484.37,1462.75,1508.53,1439.18,2.95836804,24.549825156100002
801040,2000-06-02,1526.74,1491.97,1548.8,1458.33,3.96338403,31.9742712469
801040,2000-06-05,1464.93,1539.67,1593.31,1433.16,5.94313607,45.8654626067
801040,2000-06-06,1433.3,1449.24,1459.35,1384.57,3.39635048,24.6775816569
801040,2000-06-07,1427.01,1429.26,1452.73,1403.04,1.89980451,14.358499565599999
801040,2000-06-08,1430.88,1424.94,1456.81,1406.61,1.49132492,12.470386774000001
801040,2000-06-09,1410.16,1429.72,1453.78,1394.3,2.0539683,16.5356718698
801040,2000-06-12,1406.39,1404.26,1423.85,1360.14,1.68106759,11.7183183315
801040,2000-06-13,1435.14,1410.49,1447.11,1387.52,1.41584021,10.834299269
801040,2000-06-14,1428.73,1440.08,1459.97,1411.6,1.43984102,11.1895295201
801040,2000-06-15,1425.74,1428.77,1445.68,1405.0,1.25537056,8.8783353836
801040,2000-06-16,1423.6,1426.93,1450.0,1402.89,1.17288647,9.1660422886
801040,2000-06-19,1431.19,1420.78,1458.69,1396.26,1.11481612,8.9245849612
801040,2000-06-20,1407.72,1428.67,1441.62,1397.67,0.78536268,6.4362890975
801040,2000-06-21,1410.53,1404.16,1426.55,1390.48,0.60106204,4.5726715035000005
801040,2000-06-22,1415.33,1411.15,1432.37,1393.15,0.74115235,6.9850569784
801040,2000-06-23,1444.79,1418.78,1460.77,1405.45,1.26401873,9.2265969596
801040,2000-06-26,1470.46,1456.98,1492.59,1444.26,1.33296322,11.4824310655
801040,2000-06-27,1477.63,1468.64,1501.89,1450.01,1.39121312,10.9743167614
801040,2000-06-28,1491.9,1480.65,1518.06,1466.21,1.22170279,10.6337915134
801040,2000-06-29,1474.89,1497.53,1513.82,1456.13,1.20403403,11.8948537596
801040,2000-06-30,1463.44,1475.02,1496.19,1450.48,1.00214784,9.374724050700001
801040,2000-07-03,1447.05,1453.77,1481.19,1417.88,1.3554795,11.294571363800001
801040,2000-07-04,1462.58,1443.02,1472.86,1427.97,0.88381009,7.9638454502
801040,2000-07-05,1465.7,1462.42,1489.94,1448.27,0.91649056,7.9264828649000005
801040,2000-07-06,1480.23,1467.01,1502.01,1448.68,1.30120891,10.770664972999999
801040,2000-07-07,1505.22,1484.86,1520.03,1471.48,1.45729986,12.637915870899999
801040,2000-07-10,1551.01,1512.37,1566.22,1496.68,2.43255436,20.621511273099998
801040,2000-07-11,1538.56,1557.1,1578.65,1514.01,1.88156085,16.2619392148
801040,2000-07-12,1594.94,1541.12,1618.31,1531.52,2.95842076,23.8587257885
801040,2000-07-13,1568.82,1608.1,1662.76,1547.83,4.66255769,41.1636629744
801040,2000-07-14,1568.02,1559.49,1601.05,1523.96,1.96461045,17.268837429
801040,2000-07-17,1559.57,1568.26,1600.63,1540.04,2.01313141,16.7485078969
801040,2000-07-18,1577.53,1559.23,1595.14,1546.34,1.37653103,11.7037609553
801040,2000-07-19,1574.08,1585.23,1604.8,1554.77,1.24684116,10.4114066301
801040,2000-07-20,1575.61,1578.71,1603.86,1555.75,1.07193206,9.4608476439
801040,2000-07-21,1579.34,1579.68,1602.65,1559.56,0.98394166,8.729012643799999
801040,2000-07-24,1586.34,1580.58,1608.63,1558.19,1.37986,11.8577307101
801040,2000-07-25,1598.99,1586.47,1617.5,1570.82,0.93432434,8.2268511656
801040,2000-07-26,1611.73,1601.2,1628.94,1580.31,1.21626758,9.9758522213
801040,2000-07-27,1605.7,1618.6,1644.81,1587.29,1.56420142,13.5116405178
801040,2000-07-28,1609.6,1605.82,1630.72,1582.84,1.4378302,12.1537531433
801040,2000-07-31,1620.72,1610.32,1642.22,1586.9,1.39947225,12.415823807
801040,2000-08-01,1632.7,1626.33,1650.45,1608.9,1.30704551,11.9777276585
801040,2000-08-02,1661.11,1638.42,1674.17,1625.1,2.12274413,18.6742639631
801040,2000-08-03,1671.94,1669.06,1717.44,1645.96,3.63853947,29.306930255300003
801040,2000-08-04,1644.5,1674.62,1695.41,1623.14,2.5857939,22.244974823200003
801040,2000-08-07,1658.46,1639.91,1670.53,1613.63,1.41621218,12.8696654021
801040,2000-08-08,1667.67,1665.37,1687.86,1641.98,1.6163891,14.7477532715
801040,2000-08-09,1654.15,1668.55,1687.5,1637.13,1.36436325,12.3231536573
801040,2000-08-10,1633.29,1654.55,1665.03,1619.78,1.36241533,12.1764671001
801040,2000-08-11,1642.07,1631.77,1658.63,1615.47,0.97511207,9.0207310357
801040,2000-08-14,1662.94,1643.93,1674.85,1632.1,0.98990744,8.8828608418
801040,2000-08-15,1654.22,1665.97,1683.01,1641.44,0.90577685,7.608839821799999
801040,2000-08-16,1660.8,1656.1,1680.68,1638.84,0.80947304,7.2591353159
801040,2000-08-17,1662.06,1668.08,1686.82,1648.38,0.86062817,7.678395334
801040,2000-08-18,1656.72,1663.72,1679.9,1639.97,1.13559959,9.7516762855
801040,2000-08-21,1682.52,1664.19,1696.8,1647.43,1.76740538,15.8383994805
801040,2000-08-22,1658.0,1688.82,1714.05,1647.68,1.47918968,13.5547195781
801040,2000-08-23,1639.09,1638.62,1675.64,1545.28,1.96821842,17.7776257745
801040,2000-08-24,1638.8,1638.06,1664.51,1609.12,1.1419679,11.3092403992
801040,2000-08-25,1652.48,1644.81,1665.76,1623.89,0.84861986,8.4299942169
801040,2000-08-28,1660.91,1650.67,1675.73,1632.03,0.96742749,8.3831039848
801040,2000-08-29,1679.54,1664.41,1699.74,1644.0,1.05897774,9.5744752896
801040,2000-08-30,1645.89,1681.93,1691.28,1638.6,0.90902393,8.0748880455
801040,2000-08-31,1585.7,1633.83,1645.59,1581.51,1.38881199,11.8652303099
801040,2000-09-01,1567.77,1576.06,1602.39,1555.2,0.89661044,7.7931955199
801040,2000-09-04,1574.24,1564.46,1588.7,1535.54,0.78922918,6.337863538
801040,2000-09-05,1532.76,1582.02,1598.67,1523.16,0.83844074,6.9868580262
801040,2000-09-06,1494.09,1526.18,1546.39,1479.46,0.91633258,7.6717297894000005
801040,2000-09-07,1523.87,1497.91,1544.15,1491.19,0.62978937,4.9912349057
801040,2000-09-08,1525.38,1528.24,1543.76,1503.47,0.50578749,4.7387409026
801040,2000-09-11,1529.51,1528.77,1544.27,1502.37,0.46337514,4.054238201
801040,2000-09-12,1546.95,1532.62,1558.06,1517.87,0.45450635,3.9093020722000005
801040,2000-09-13,1559.71,1548.05,1577.69,1530.45,0.6004418,4.681516160299999
801040,2000-09-14,1540.55,1559.59,1569.9,1530.53,0.40039872,3.2827127704000003
801040,2000-09-15,1534.57,1539.51,1551.94,1520.54,0.41364342,3.890391095
801040,2000-09-18,1513.68,1533.33,1545.1,1505.32,0.43164568,3.9159537357999996
801040,2000-09-19,1474.39,1500.61,1513.79,1457.55,1.13786784,7.7131396916999995
801040,2000-09-20,1492.02,1470.14,1505.45,1454.95,0.75115157,5.0135940973
801040,2000-09-21,1477.14,1494.03,1513.1,1469.26,0.54888858,4.4105653726
801040,2000-09-22,1457.9,1477.05,1487.34,1442.27,0.50871114,3.5641561795
801040,2000-09-25,1445.58,1453.38,1471.82,1432.16,0.47561741,3.2003158277
801040,2000-09-26,1456.82,1446.61,1469.77,1436.67,0.42866648,3.3889950467000003
801040,2000-09-27,1493.55,1461.89,1501.38,1449.32,0.58272265,3.8194226148
801040,2000-09-28,1473.33,1495.7,1505.56,1461.73,0.54834531,4.0760701972
801040,2000-09-29,1490.02,1472.52,1502.3,1464.65,0.53081532,3.9848403344
801040,2000-10-09,1493.44,1492.59,1510.59,1468.65,0.40118147,3.3187017283999998
801040,2000-10-10,1515.44,1497.65,1526.16,1485.06,0.55761918,4.6558298722
801040,2000-10-11,1507.16,1517.92,1531.88,1491.73,0.66963237,6.3128593561
801040,2000-10-12,1497.07,1507.98,1518.16,1481.73,0.49282841,4.4866106119
801040,2000-10-13,1493.22,1496.71,1518.73,1479.82,0.49534605,4.0584826115
801040,2000-10-16,1483.09,1492.19,1507.5,1468.72,0.48072514,4.1081131787
801040,2000-10-17,1486.74,1485.24,1500.83,1468.31,0.62360178,3.8032174088
801040,2000-10-18,1504.48,1485.53,1515.91,1476.72,0.27896832,2.7958870156
801040,2000-10-19,1500.03,1507.81,1523.77,1488.48,0.42765958,3.470434146
801040,2000-10-20,1518.15,1500.9,1527.36,1484.67,0.54074064,4.8795088161
801040,2000-10-23,1544.04,1525.43,1563.82,1509.22,0.90432767,7.8464212496000005
801040,2000-10-24,1544.92,1547.45,1560.26,1523.68,0.5568492,4.4416170523
801040,2000-10-25,1564.49,1543.99,1578.05,1529.82,0.93305299,7.099018707999999
801040,2000-10-26,1551.17,1567.06,1578.95,1539.54,0.56355095,4.8413353056
801040,2000-10-27,1549.01,1549.53,1563.87,1528.24,0.43977862,3.8818875364
801040,2000-10-30,1555.6,1547.37,1571.72,1526.83,0.55062634,5.5222461185
801040,2000-10-31,1555.32,1556.11,1600.36,1540.85,0.78566574,6.6373766950999995
801040,2000-11-01,1560.76,1552.19,1572.02,1537.29,0.38655224,3.8130456824000003
801040,2000-11-02,1569.22,1563.7,1589.57,1553.21,0.55080114,4.801932238
801040,2000-11-03,1570.18,1570.51,1587.99,1554.93,0.50181479,5.1987809505
801040,2000-11-06,1572.38,1571.46,1590.28,1558.07,0.49522877,4.7317050545
801040,2000-11-07,1586.43,1576.14,1595.52,1558.61,0.61790338,5.8591648598
801040,2000-11-08,1592.83,1589.82,1608.34,1569.96,0.6598048,6.3999380072
801040,2000-11-09,1599.99,1596.76,1619.45,1571.24,0.89870878,9.122800099700001
801040,2000-11-10,1615.41,1602.98,1633.93,1588.4,0.97955556,9.2721096524
801040,2000-11-13,1631.35,1619.37,1647.68,1604.97,1.13462806,10.823534268900001
801040,2000-11-14,1638.84,1636.08,1652.24,1611.15,0.82686447,8.0073260992
801040,2000-11-15,1636.1,1640.51,1657.85,1618.52,1.02208976,8.1171576382
801040,2000-11-16,1660.43,1635.11,1669.87,1624.57,1.04776824,9.2274165154
801040,2000-11-17,1663.27,1667.29,1696.54,1645.16,1.59894024,12.484283167300001
801040,2000-11-20,1664.69,1666.06,1686.28,1637.01,1.10141455,8.7871290798
801040,2000-11-21,1662.31,1668.02,1698.18,1648.73,1.20156453,10.093669138300001
801040,2000-11-22,1667.99,1661.64,1679.56,1640.7,0.81526514,7.191833391399999
801040,2000-11-23,1668.64,1674.83,1691.22,1651.36,0.81348232,7.2752135441
801040,2000-11-24,1609.87,1671.12,1681.21,1594.83,1.09405817,9.258538439199999
801040,2000-11-27,1613.2,1597.57,1627.78,1582.51,0.76044009,6.5821130303999995
801040,2000-11-28,1633.51,1614.91,1642.74,1608.41,0.509428,4.3514696310000005
801040,2000-11-29,1622.82,1630.89,1647.03,1603.37,0.55907807,4.9198555226
801040,2000-11-30,1630.97,1623.02,1646.21,1605.86,0.48729085,4.2989870605
801040,2000-12-01,1643.57,1632.93,1657.77,1614.57,0.62504931,5.370048059
801040,2000-12-04,1658.86,1654.69,1679.87,1627.83,0.71955361,6.1395322629999995
801040,2000-12-05,1670.39,1661.14,1694.01,1644.01,0.80896225,7.3263867398
801040,2000-12-06,1647.07,1670.93,1686.4,1633.59,0.68651449,6.40295113
801040,2000-12-07,1640.81,1641.25,1658.41,1624.22,0.53505466,4.7837597585000005
801040,2000-12-08,1661.58,1643.58,1678.17,1633.88,0.58152323,5.3030815175
801040,2000-12-11,1646.0,1665.87,1679.93,1627.84,0.5205261,4.8692769341
801040,2000-12-12,1637.16,1648.19,1669.29,1616.97,0.66744344,5.2124350309
801040,2000-12-13,1628.26,1634.53,1652.25,1612.62,0.50467636,4.4828472253
801040,2000-12-14,1622.82,1628.24,1648.42,1610.79,0.42633358,3.9312498765
801040,2000-12-15,1610.17,1621.33,1636.51,1597.0,0.43928536,3.9450057269
801040,2000-12-18,1604.18,1610.23,1619.33,1576.31,0.39851606,3.5223292227
801040,2000-12-19,1608.02,1609.44,1627.39,1593.03,0.40078641,3.29719009
801040,2000-12-20,1614.52,1608.83,1624.9,1591.55,0.49414042,3.9933380335
801040,2000-12-21,1620.27,1618.97,1643.15,1596.74,0.63631453,5.4401947714
801040,2000-12-22,1612.81,1618.95,1638.28,1596.93,0.733799,6.760918869199999
801040,2000-12-25,1607.56,1614.81,1626.85,1588.19,0.63633215,5.4289938471
801040,2000-12-26,1604.15,1600.16,1621.38,1584.4,0.56033246,4.8624105450999995
801040,2000-12-27,1587.14,1598.29,1610.92,1575.09,0.581873,5.0174873957
801040,2000-12-28,1593.05,1579.8,1608.33,1567.68,0.71027828,6.5387766445
801040,2000-12-29,1607.51,1596.34,1620.09,1587.48,0.67284793,6.2455523266999995
801040,2001-01-02,1634.64,1612.33,1643.36,1601.02,0.83103134,7.671949941499999
801040,2001-01-03,1639.36,1628.91,1652.7,1614.61,0.98075409,8.6417160201
801040,2001-01-04,1635.25,1634.31,1659.58,1616.38,1.479988,13.853158743599998
801040,2001-01-05,1641.4,1631.74,1661.14,1610.19,1.32981873,12.6404562227
801040,2001-01-08,1658.67,1646.82,1684.53,1620.75,2.00807707,17.989057115399998
801040,2001-01-09,1663.72,1661.31,1688.51,1636.54,1.24843226,10.2724175585
801040,2001-01-10,1670.29,1666.19,1698.78,1641.67,1.36631516,12.7836058296
801040,2001-01-11,1666.89,1666.14,1689.5,1647.06,1.24308101,11.831441350899999
801040,2001-01-12,1667.59,1671.89,1693.31,1649.14,1.15485273,9.8884383117
801040,2001-01-15,1613.23,1663.29,1671.46,1605.05,1.15131695,9.7764141965
801040,2001-01-16,1646.86,1594.74,1659.75,1581.96,1.08829207,8.5106677066
801040,2001-01-17,1641.77,1650.1,1666.55,1630.9,0.89511238,6.7368936703
801040,2001-01-18,1648.59,1641.97,1666.33,1633.43,0.99786949,7.4419985573
801040,2001-01-19,1670.41,1652.87,1680.51,1647.62,1.35614282,10.4124950843
801040,2001-02-05,1639.77,1678.34,1692.69,1628.12,1.09432359,9.032569368099999
801040,2001-02-06,1650.95,1636.1,1661.73,1594.73,1.07650737,9.2057331109
801040,2001-02-07,1650.35,1652.08,1683.14,1629.49,1.24265115,10.5055290466
801040,2001-02-08,1608.92,1650.12,1665.91,1599.65,0.91719101,7.626397837000001
801040,2001-02-09,1633.74,1613.54,1655.03,1604.27,0.8695037,7.1681775315
801040,2001-02-12,1653.46,1640.27,1664.86,1614.82,1.37158371,10.1989873575
801040,2001-02-13,1655.78,1657.01,1676.18,1638.82,0.96120421,7.737221397100001
801040,2001-02-14,1652.46,1658.21,1666.43,1636.44,0.54551347,4.4982342839
801040,2001-02-15,1640.44,1652.35,1665.85,1629.69,0.58490412,4.6293281312
801040,2001-02-16,1637.7,1633.88,1645.66,1602.96,0.62291227,5.0981061049
801040,2001-02-19,1653.01,1637.81,1660.97,1621.77,0.54090319,4.9925445896
801040,2001-02-20,1641.79,1653.85,1670.01,1631.19,0.6530953,5.622374893
801040,2001-02-21,1610.48,1637.95,1645.44,1589.08,0.84690114,7.441951004600001
801040,2001-02-22,1606.07,1603.85,1627.97,1588.71,0.54553958,4.9238139698
801040,2001-02-23,1641.7,1603.1,1648.32,1595.65,0.85825858,8.2702819038
801040,2001-02-26,1657.5,1645.19,1668.08,1631.29,1.11607599,10.5107429856
801040,2001-02-27,1653.98,1660.18,1669.61,1632.52,1.0244454,8.7811561322
801040,2001-02-28,1651.48,1657.31,1671.18,1633.59,0.46759019,4.6498331583
801040,2001-03-01,1639.68,1650.03,1666.59,1614.18,4.35225699,26.096040853
801040,2001-03-02,1652.94,1639.07,1665.92,1629.32,2.07026554,14.695428438599999
801040,2001-03-05,1649.14,1652.86,1666.45,1632.87,0.92094664,7.5415021694
801040,2001-03-06,1661.53,1643.75,1671.34,1632.79,1.24063579,11.2620890602
801040,2001-03-07,1666.83,1663.41,1680.07,1651.33,1.21317438,10.4288447035
801040,2001-03-08,1661.08,1667.4,1676.22,1648.29,1.07816569,8.6336017759
801040,2001-03-09,1658.32,1666.38,1679.01,1644.99,1.3774643,11.710351194200001
801040,2001-03-12,1661.59,1658.0,1674.7,1637.77,0.84260941,7.1582108115
801040,2001-03-13,1656.98,1661.6,1675.69,1643.51,0.74790443,6.9760298603
801040,2001-03-14,1672.5,1656.9,1680.87,1647.71,0.86411571,7.9353456992
801040,2001-03-15,1674.36,1672.25,1690.87,1660.25,0.91677654,8.211882223
801040,2001-03-16,1672.84,1672.37,1688.92,1657.64,0.90326414,8.0171243713
801040,2001-03-19,1688.1,1673.04,1700.31,1660.23,1.40401278,12.2958265948
801040,2001-03-20,1693.53,1691.22,1709.22,1676.96,1.18713632,9.474611729
801040,2001-03-21,1703.67,1695.88,1714.24,1683.53,1.32140467,10.3090680468
801040,2001-03-22,1720.48,1708.28,1736.19,1697.05,2.22430989,16.8132151019
801040,2001-03-23,1695.16,1723.06,1737.54,1686.08,1.71916454,14.157869086
801040,2001-03-26,1720.02,1693.47,1726.68,1687.17,1.13818878,9.519052884299999
801040,2001-03-27,1732.05,1726.97,1750.3,1708.81,1.46301685,13.244627407100001
801040,2001-03-28,1734.59,1733.81,1751.7,1717.73,1.38941324,12.778571821400002
801040,2001-03-29,1727.19,1734.03,1749.81,1712.66,1.21037173,11.7879352291
801040,2001-03-30,1733.67,1723.57,1742.56,1710.78,1.04975197,9.7423845615
801040,2001-04-02,1742.46,1737.57,1758.38,1721.61,1.54381318,14.140266346099999
801040,2001-04-03,1739.73,1741.86,1755.74,1718.12,1.05411116,9.8788724683
801040,2001-04-04,1723.33,1739.51,1758.3,1710.24,1.59251318,13.435048843199999
801040,2001-04-05,1744.88,1721.3,1751.25,1711.26,1.11554125,10.0029171162
801040,2001-04-06,1735.58,1744.44,1757.9,1723.71,0.87851523,8.242186350399999
801040,2001-04-09,1739.22,1736.36,1749.83,1717.71,0.92851441,8.2911084265
801040,2001-04-10,1745.33,1736.9,1758.82,1727.37,0.85189082,7.7096539102
801040,2001-04-11,1747.63,1749.04,1763.28,1730.29,0.9892277,8.5333985238
801040,2001-04-12,1738.16,1749.17,1757.55,1725.65,1.22390655,10.6950960559
801040,2001-04-13,1735.88,1739.27,1749.13,1722.17,0.8615559,8.1273943421
801040,2001-04-16,1746.54,1737.22,1758.23,1720.99,1.17203704,10.9679183906
801040,2001-04-17,1746.37,1747.27,1763.06,1729.53,1.1125304,10.6344818016
801040,2001-04-18,1743.17,1751.39,1768.06,1729.86,1.12495263,10.2481412768
801040,2001-04-19,1737.91,1744.12,1757.69,1718.46,0.99724006,9.080167472000001
801040,2001-04-20,1718.17,1739.39,1748.92,1711.61,1.26029404,11.743247518499999
801040,2001-04-23,1704.59,1714.39,1725.41,1690.19,1.20002475,9.9694475721
801040,2001-04-24,1713.1,1706.48,1729.56,1695.0,0.79439456,7.0225491589999995
801040,2001-04-25,1698.82,1705.52,1725.42,1681.1,0.75837956,6.037164691
801040,2001-04-26,1675.51,1681.77,1694.84,1664.7,0.73302423,6.133492209299999
801040,2001-04-27,1690.34,1675.08,1701.2,1669.58,0.71030376,5.8377252870000005
801040,2001-04-30,1692.38,1685.82,1706.64,1668.4,0.38766782,3.977664167
801040,2001-05-08,1695.34,1691.7,1708.52,1678.53,0.32366078,2.902773517
801040,2001-05-09,1685.47,1696.85,1708.0,1675.51,0.48906437,4.4697664906
801040,2001-05-10,1686.9,1685.42,1698.55,1669.42,0.32151944,3.0642785114
801040,2001-05-11,1691.48,1687.28,1702.93,1672.63,0.48380616,4.6661503857
801040,2001-05-14,1695.85,1693.09,1706.55,1676.69,0.66875179,5.8774541401
801040,2001-05-15,1716.45,1699.27,1730.77,1689.14,0.84527992,7.423690483300001
801040,2001-05-16,1720.18,1719.29,1736.34,1702.5,0.55379044,5.9259154753
801040,2001-05-17,1707.19,1721.36,1731.34,1697.52,0.79566021,7.1487928623000006
801040,2001-05-18,1712.51,1709.99,1723.17,1692.92,0.79241015,6.8057514026
801040,2001-05-21,1719.28,1714.67,1737.98,1698.19,1.50771762,12.7506902283
801040,2001-05-22,1716.94,1718.09,1734.22,1701.26,0.71430879,6.3809646142
801040,2001-05-23,1700.7,1714.34,1721.66,1686.75,0.73444135,6.3837374774
801040,2001-05-24,1694.33,1699.18,1713.11,1682.7,0.74904919,6.3635404637
801040,2001-05-25,1694.83,1694.09,1711.21,1678.61,0.69266606,6.0262705035
801040,2001-05-28,1679.35,1695.21,1705.49,1664.83,0.81219961,7.0385427351
801040,2001-05-29,1686.83,1677.13,1707.8,1668.4,0.70843948,5.6338240809
801040,2001-05-30,1699.77,1687.34,1712.31,1677.28,0.68162007,6.2695515165
801040,2001-05-31,1699.31,1705.61,1720.54,1685.46,0.8366,7.7288697098000005
801040,2001-06-01,1707.2,1701.49,1724.12,1684.92,0.81277684,7.510844949400001
801040,2001-06-04,1702.39,1710.25,1722.17,1685.34,0.75475782,7.1530464671
801040,2001-06-05,1708.01,1703.56,1722.87,1691.53,0.68123497,6.1345394288
801040,2001-06-06,1713.6,1711.82,1728.92,1695.66,0.78730267,6.998772173200001
801040,2001-06-07,1706.53,1714.26,1724.07,1696.03,0.59717189,5.7652934941
801040,2001-06-08,1707.09,1705.12,1718.5,1692.02,0.54846128,5.1913382367
801040,2001-06-11,1703.06,1707.59,1718.17,1692.4,0.66468253,5.822195600900001
801040,2001-06-12,1710.7,1706.76,1722.04,1695.15,0.57184861,5.6618246792999996
801040,2001-06-13,1722.95,1712.45,1729.98,1702.5,0.77815665,7.0628382258
801040,2001-06-14,1706.83,1722.33,1737.79,1699.25,0.85008649,7.721769485499999
801040,2001-06-15,1719.05,1705.16,1729.66,1696.27,0.78524195,7.2413429252
801040,2001-06-18,1695.25,1719.9,1740.44,1682.29,1.05334202,8.7959145785
801040,2001-06-19,1696.52,1693.3,1712.78,1678.33,0.5850251,5.1018029738
801040,2001-06-20,1687.38,1697.23,1709.01,1678.35,0.5176009,4.5045728375
801040,2001-06-21,1701.84,1691.65,1714.93,1682.6,0.54195803,4.3535695681
801040,2001-06-22,1729.76,1707.11,1740.2,1697.74,1.10266999,7.8647282009
801040,2001-06-25,1742.85,1735.92,1758.08,1717.81,1.78823483,12.6283974638
801040,2001-06-26,1740.89,1745.86,1757.26,1725.66,0.89534855,7.4156870439
801040,2001-06-27,1737.96,1741.27,1757.8,1720.56,0.85062236,6.4779948226999995
801040,2001-06-28,1728.66,1736.27,1754.79,1717.54,1.01408684,6.9245731327
801040,2001-06-29,1724.74,1729.65,1742.49,1714.43,0.64224534,5.1780039848
801040,2001-07-02,1718.72,1727.73,1738.68,1709.99,0.57399446,4.6156510744
801040,2001-07-03,1719.93,1718.03,1731.05,1701.27,0.4454714,3.6848384968
801040,2001-07-04,1713.46,1721.91,1732.95,1704.5,0.42584464,3.405520045
801040,2001-07-05,1697.11,1713.69,1721.52,1689.63,0.51127713,4.1407028814
801040,2001-07-06,1690.94,1695.52,1706.15,1680.07,0.46459208,3.5175500672
801040,2001-07-09,1691.67,1690.9,1704.52,1676.87,0.4157775,3.298293332
801040,2001-07-10,1705.0,1697.35,1712.67,1685.72,0.33259584,2.8165852831000002
801040,2001-07-11,1694.36,1704.89,1716.41,1684.35,0.38365553,3.0078559582
801040,2001-07-12,1693.19,1692.79,1707.28,1680.07,0.51253217,3.9427619430000003
801040,2001-07-13,1689.68,1696.28,1707.83,1681.83,0.28554987,2.6416358751
801040,2001-07-16,1680.5,1698.0,1715.49,1668.1,0.57556595,5.4555842628999995
801040,2001-07-17,1676.03,1680.16,1690.35,1655.41,0.42532065,3.7006090058999996
801040,2001-07-18,1685.99,1677.83,1697.14,1665.25,0.29103283,2.9271487170999997
801040,2001-07-19,1687.69,1683.95,1698.97,1669.26,0.32903629,3.2610870835
801040,2001-07-20,1702.62,1691.88,1712.24,1678.39,0.41886456,4.3230753942
801040,2001-07-23,1701.82,1706.24,1724.44,1686.54,0.5761549,4.757905321
801040,2001-07-24,1680.25,1698.39,1704.85,1667.97,0.46837326,3.7855181558999997
801040,2001-07-25,1668.44,1676.34,1692.39,1657.87,0.41393565,3.1791486047000004
801040,2001-07-26,1650.87,1667.95,1676.93,1638.09,0.52662402,3.7441396285
801040,2001-07-27,1640.21,1652.4,1665.99,1631.57,0.40540839,2.958693041
801040,2001-07-30,1561.41,1635.81,1640.08,1549.87,0.98267994,6.810977807
801040,2001-07-31,1533.5,1548.49,1584.22,1513.75,0.60945319,4.3407864559
801040,2001-08-01,1586.23,1536.53,1591.74,1533.89,0.6088504,4.8034312537
801040,2001-08-02,1565.99,1587.06,1592.28,1525.58,0.47860733,3.4430053482
801040,2001-08-03,1569.29,1564.47,1582.57,1550.63,0.25162727,1.9585868156
801040,2001-08-06,1521.08,1568.22,1574.12,1502.75,0.52978653,4.0257055542
801040,2001-08-07,1535.78,1516.43,1546.28,1497.67,0.46661171,3.4678304756
801040,2001-08-08,1519.8,1534.43,1547.71,1503.62,0.38379215,2.7195191811000003
801040,2001-08-09,1537.33,1520.54,1542.29,1508.19,0.3181287,2.5131833106
801040,2001-08-10,1556.83,1542.45,1569.35,1536.19,0.32777081,2.8716959474
801040,2001-08-13,1558.55,1559.06,1573.79,1543.47,0.25332407,2.1776776369
801040,2001-08-14,1543.72,1559.63,1569.05,1530.05,0.26670277,2.2754252339
801040,2001-08-15,1548.79,1543.68,1557.87,1532.25,0.19270065,1.5233795586
801040,2001-08-16,1533.36,1548.42,1558.34,1527.12,0.21605768,1.6463938868999999
801040,2001-08-17,1534.15,1532.27,1545.53,1520.2,0.14402294,1.3508949139
801040,2001-08-20,1533.69,1533.64,1547.02,1519.67,0.15747891,1.4419595388
801040,2001-08-21,1539.15,1539.43,1553.52,1528.74,0.24526701,2.0480047356
801040,2001-08-22,1510.51,1537.51,1541.88,1494.43,0.44258831,3.2393541163
801040,2001-08-23,1505.81,1500.57,1515.79,1474.18,0.35005064,2.6369380156
801040,2001-08-24,1490.68,1505.95,1519.09,1483.12,0.23416833,1.7397502656000001
801040,2001-08-27,1443.22,1484.64,1488.64,1434.55,0.57889825,3.7501853936000002
801040,2001-08-28,1456.54,1433.98,1462.48,1411.25,0.44651828,2.9348266593
801040,2001-08-29,1458.6,1459.85,1476.36,1441.84,0.37666146,2.3663795714
801040,2001-08-30,1454.55,1456.47,1469.16,1435.89,0.36047396,2.3257886572
801040,2001-08-31,1453.6,1453.12,1466.37,1441.44,0.1848562,1.3237833922
801040,2001-09-03,1444.09,1451.44,1459.89,1433.9,0.19652549,1.3429297447
801040,2001-09-04,1468.22,1438.97,1473.76,1433.19,0.39508992,2.6235700859
801040,2001-09-05,1471.76,1471.93,1491.79,1457.63,0.40456915,2.8937728877
801040,2001-09-06,1462.88,1470.43,1481.83,1450.17,0.31893361,2.3551076576
801040,2001-09-07,1423.64,1458.55,1464.2,1418.49,0.42577055,2.8142631905
801040,2001-09-10,1452.32,1406.09,1463.52,1387.96,0.36776315,2.9617492158
801040,2001-09-11,1451.05,1449.87,1465.68,1435.19,0.27056265,2.070821628
801040,2001-09-12,1431.99,1414.79,1446.8,1381.95,0.45120905,3.2610178003
801040,2001-09-13,1423.98,1431.98,1445.82,1415.73,0.21962084,1.6741703852
801040,2001-09-14,1406.49,1423.65,1433.48,1397.02,0.34444279,2.2899817569
801040,2001-09-17,1376.71,1399.31,1406.98,1365.75,0.39744991,2.9376100362
801040,2001-09-18,1385.74,1375.55,1406.22,1366.59,0.25052574,1.8716089840999999
801040,2001-09-19,1401.9,1386.47,1408.28,1370.14,0.30549224,2.2008584151
801040,2001-09-20,1408.41,1405.18,1430.89,1389.55,0.36370782,2.6158385939
801040,2001-09-21,1412.66,1406.65,1443.13,1397.48,0.40280002,2.9412783755
801040,2001-09-24,1400.21,1409.72,1420.84,1391.58,0.16528523,1.2713682768999999
801040,2001-09-25,1396.96,1403.99,1418.91,1388.52,0.13655896,0.9892300237999999
801040,2001-09-26,1385.17,1398.31,1407.07,1375.9,0.25611493,1.7018213149
801040,2001-09-27,1386.81,1382.98,1403.06,1370.16,0.28086271,1.8561398941
801040,2001-09-28,1387.95,1386.91,1403.14,1369.56,0.22342485,1.7037812035
801040,2001-10-08,1368.28,1387.46,1400.88,1357.42,0.1661267,1.1146948358
801040,2001-10-09,1377.68,1365.72,1387.1,1359.51,0.15652604,1.1922908065
801040,2001-10-10,1346.43,1373.8,1383.67,1335.61,0.27642363,1.8144829919
801040,2001-10-11,1311.37,1340.79,1352.27,1301.01,0.36741401,2.3170132412
801040,2001-10-12,1342.58,1309.66,1359.26,1279.34,0.4614458,3.0913576638999998
801040,2001-10-15,1337.8,1341.21,1352.06,1315.69,0.21619827,1.4862111253999999
801040,2001-10-16,1322.48,1338.77,1347.13,1308.69,0.1746325,1.1268107282
801040,2001-10-17,1312.32,1317.96,1329.22,1298.57,0.15768627,1.0589295965
801040,2001-10-18,1296.11,1310.75,1323.21,1286.05,0.19548295,1.380367272
801040,2001-10-19,1266.08,1292.2,1300.94,1245.3,0.39281187,2.5519451349
801040,2001-10-22,1208.72,1256.73,1264.76,1202.71,0.36308308,2.2085024148
801040,2001-10-23,1328.18,1307.16,1328.81,1275.45,1.07268355,7.313079761699999
801040,2001-10-24,1357.6,1377.02,1394.16,1326.43,1.40104455,9.7098861315
801040,2001-10-25,1324.87,1349.65,1363.01,1308.74,0.59035786,4.0383291739
801040,2001-10-26,1320.22,1317.28,1334.36,1299.38,0.3400897,2.3962896939
801040,2001-10-29,1335.87,1320.46,1342.8,1311.92,0.26075812,1.8234522484
801040,2001-10-30,1324.0,1340.38,1348.12,1318.06,0.22809166,1.6164294727000001
801040,2001-10-31,1322.12,1319.83,1330.99,1299.04,0.31872085,1.8963858656
801040,2001-11-01,1337.93,1321.5,1351.14,1310.42,0.40716599,2.9997613534
801040,2001-11-02,1339.98,1337.4,1364.57,1326.38,0.47205257,3.1434661388
801040,2001-11-05,1331.91,1334.36,1346.72,1316.65,0.24458913,1.9762160646
801040,2001-11-06,1329.4,1331.2,1344.69,1317.24,0.2647348,1.8746376132
801040,2001-11-07,1267.59,1324.01,1330.46,1262.17,0.41383824,2.8202617773000003
801040,2001-11-08,1278.1,1244.33,1286.59,1227.14,0.31118818,2.0826646472
801040,2001-11-09,1289.3,1276.84,1300.65,1257.24,0.25507932,2.0259502139
801040,2001-11-12,1286.26,1288.98,1304.97,1271.58,0.17425407,1.2063875706
801040,2001-11-13,1291.0,1276.36,1304.2,1261.81,0.22343087,1.5073082782
801040,2001-11-14,1284.56,1290.39,1303.49,1275.31,0.15243794,1.0266961742
801040,2001-11-15,1284.99,1287.06,1297.98,1273.97,0.12948139,0.8531670777
801040,2001-11-16,1303.61,1362.29,1384.33,1292.61,0.6933121,5.2057178229000005
801040,2001-11-19,1315.2,1302.7,1320.89,1290.69,0.25201986,1.7504315275
801040,2001-11-20,1336.33,1316.71,1346.84,1309.38,0.59657792,4.0322209058
801040,2001-11-21,1345.14,1338.15,1353.99,1323.03,0.59376058,3.8447416906
801040,2001-11-22,1347.36,1343.45,1356.07,1329.82,0.26007675,1.6608479756999999
801040,2001-11-23,1349.81,1345.98,1363.25,1333.85,0.43293107,2.9903285358
801040,2001-11-26,1344.35,1348.51,1356.8,1333.23,0.30082627,2.0422035976
801040,2001-11-27,1357.48,1342.44,1360.29,1337.8,0.33785383,2.4325652069999997
801040,2001-11-28,1369.86,1359.67,1382.05,1355.84,0.67669739,4.8649336252
801040,2001-11-29,1364.28,1368.83,1378.19,1356.78,0.43698208,3.2577087345
801040,2001-11-30,1374.57,1364.01,1379.35,1357.97,0.38852778,2.8978786666
801040,2001-12-03,1385.28,1377.94,1395.06,1370.23,0.67359151,5.1530028636
801040,2001-12-04,1391.12,1387.34,1397.64,1373.1,0.85655899,5.4220193326
801040,2001-12-05,1379.01,1388.6,1411.36,1372.64,0.92991832,6.5000163479
801040,2001-12-06,1382.47,1375.93,1392.3,1366.57,0.44150365,3.2259227407999997
801040,2001-12-07,1377.23,1384.19,1392.82,1369.74,0.42859934,3.0827588997000004
801040,2001-12-10,1376.02,1375.79,1384.18,1361.86,0.33197062,2.4991800385
801040,2001-12-11,1360.14,1374.14,1382.47,1355.03,0.41628693,3.1268882739999997
801040,2001-12-12,1353.63,1356.09,1370.71,1344.3,0.57853909,3.7796883476
801040,2001-12-13,1334.58,1351.65,1363.17,1327.93,0.6225576,3.850900979
801040,2001-12-14,1321.91,1329.63,1340.41,1315.12,0.38145281,2.5310851716
801040,2001-12-17,1314.67,1319.92,1331.98,1302.11,0.27208346,1.76373972
801040,2001-12-18,1327.96,1313.69,1334.31,1301.58,0.36074117,2.5048902431
801040,2001-12-19,1318.03,1330.63,1337.11,1311.39,0.31881968,2.2044218016
801040,2001-12-20,1289.1,1312.17,1317.38,1278.14,0.46787563,3.0200352002999997
801040,2001-12-21,1296.53,1286.28,1302.99,1276.1,0.31862403,2.1969656424
801040,2001-12-24,1273.92,1295.29,1303.9,1265.19,0.41249947,2.7015230776
801040,2001-12-25,1279.59,1269.4,1289.14,1256.97,0.37821217,2.3792239066
801040,2001-12-26,1298.47,1278.65,1303.78,1270.27,0.36399512,2.04117543
801040,2001-12-27,1294.71,1301.52,1318.17,1285.23,0.44486102,2.6132887074
801040,2001-12-28,1310.29,1292.68,1317.31,1285.24,0.36777922,2.5441695133
801040,2001-12-31,1312.98,1310.11,1324.45,1296.65,0.42218452,3.1868648137
801040,2002-01-04,1286.39,1311.5,1314.26,1279.92,0.21113499,1.4231773385
801040,2002-01-07,1279.84,1282.04,1290.92,1262.95,0.22341687,1.3937684693
801040,2002-01-08,1274.98,1280.29,1294.21,1268.25,0.21063593,1.2609851574
801040,2002-01-09,1260.08,1271.44,1281.45,1249.62,0.37737386,2.2802789333
801040,2002-01-10,1273.69,1255.28,1282.12,1229.43,0.49506763,2.9405445254
801040,2002-01-11,1247.42,1272.82,1277.72,1242.26,0.31651791,1.8652288763
801040,2002-01-14,1210.39,1233.3,1243.6,1203.27,0.44896789,2.7647854398000002
801040,2002-01-15,1198.77,1204.39,1225.98,1187.86,0.40835535,2.376634272
801040,2002-01-16,1222.66,1200.35,1232.88,1183.02,0.6640225,3.5277821595
801040,2002-01-17,1181.96,1218.15,1227.83,1173.71,0.65091075,3.3821155027999996
801040,2002-01-18,1180.93,1170.13,1199.46,1139.06,0.79322759,4.3343341795
801040,2002-01-21,1148.87,1172.55,1185.81,1139.57,0.5946324,3.327927592
801040,2002-01-22,1145.88,1142.61,1175.5,1128.17,0.59660448,3.2312326567
801040,2002-01-23,1208.16,1139.98,1214.56,1128.5,0.86838736,4.6339730006
801040,2002-01-24,1212.89,1198.24,1239.68,1168.31,1.41999761,7.784453523300001
801040,2002-01-25,1210.58,1205.47,1227.92,1192.23,0.70580888,3.9277827316000002
801040,2002-01-28,1138.48,1208.1,1217.74,1131.17,1.11760863,5.6782060814
801040,2002-01-29,1165.71,1124.44,1176.62,1112.71,0.55851361,2.9160057135
801040,2002-01-30,1171.51,1165.84,1188.55,1148.75,0.39852494,2.1305496848
801040,2002-01-31,1237.74,1184.06,1256.39,1173.16,1.58135305,9.5057517093
801040,2002-02-01,1227.29,1241.14,1257.59,1218.28,0.99234445,6.3598205763
801040,2002-02-04,1248.42,1227.26,1255.6,1215.34,0.69915736,4.2841398513
801040,2002-02-05,1273.54,1248.12,1290.81,1238.46,1.5444733,8.656637892000001
801040,2002-02-06,1240.85,1270.91,1278.42,1236.45,0.8314853,4.9554913253
801040,2002-02-07,1263.63,1236.4,1273.92,1232.22,1.04375097,5.8279476387
801040,2002-02-08,1257.05,1269.18,1280.68,1253.25,0.65455781,4.1798156784
801040,2002-02-25,1276.14,1289.33,1297.7,1261.18,0.73286458,4.7149629088
801040,2002-02-26,1282.18,1277.91,1291.07,1257.2,0.77445033,5.1547277416
801040,2002-02-27,1283.06,1283.15,1297.29,1270.54,0.76005282,4.9111960627
801040,2002-02-28,1269.32,1282.66,1291.36,1263.07,0.5665828,3.5770575441
801040,2002-03-01,1251.59,1266.59,1273.21,1247.58,0.45277862,2.9232869244999997
801040,2002-03-04,1270.16,1248.29,1275.2,1238.63,0.48086476,3.4375058198
801040,2002-03-05,1295.66,1273.73,1305.36,1270.6,1.02348544,7.6089705625
801040,2002-03-06,1309.63,1304.59,1335.02,1293.4,2.04439423,14.1195608421
801040,2002-03-07,1337.35,1307.28,1342.96,1298.6,2.11313098,12.673724934400001
801040,2002-03-08,1366.97,1345.36,1380.93,1326.24,2.85586776,18.4897408376
801040,2002-03-11,1375.18,1367.97,1384.17,1345.16,1.93495747,12.7801131723
801040,2002-03-12,1350.98,1375.21,1389.55,1340.76,1.85547731,12.6909179422
801040,2002-03-13,1338.02,1344.81,1370.9,1326.99,1.21887762,8.1739169495
801040,2002-03-14,1369.83,1337.71,1374.74,1329.84,1.11762904,8.1556616626
801040,2002-03-15,1332.03,1374.37,1387.48,1325.34,1.24692901,9.1643731317
801040,2002-03-18,1334.82,1346.46,1368.0,1318.49,0.78242551,5.5052097023
801040,2002-03-19,1361.96,1336.69,1368.5,1327.87,0.94748306,7.0097955657
801040,2002-03-20,1368.11,1365.4,1383.08,1347.78,1.32577058,9.7587155342
801040,2002-03-21,1369.78,1368.61,1385.56,1352.49,1.17279633,8.4674895239
801040,2002-03-22,1357.31,1370.12,1376.28,1342.82,0.95686949,6.6471337155
801040,2002-03-25,1366.02,1354.94,1376.29,1344.46,1.02902074,6.6363553639
801040,2002-03-26,1348.15,1365.92,1373.22,1338.73,0.871573,5.9330431266999994
801040,2002-03-27,1362.51,1346.33,1370.32,1337.83,0.84855559,5.5316502399
801040,2002-03-28,1352.46,1358.8,1373.18,1340.76,1.01509394,6.8502506282
801040,2002-03-29,1309.61,1349.6,1353.22,1296.75,1.36107688,8.531152928500001
801040,2002-04-01,1317.0,1305.93,1329.55,1289.91,0.7820414,4.7935363061
801040,2002-04-02,1296.91,1319.73,1327.74,1287.91,0.72290534,4.6120969245
801040,2002-04-03,1302.54,1296.22,1316.16,1287.74,0.54429447,3.6634121371
801040,2002-04-04,1338.98,1301.03,1346.68,1291.26,0.89686301,6.3178051959
801040,2002-04-05,1338.19,1345.53,1360.79,1322.66,1.01685689,6.899278981599999
801040,2002-04-08,1343.23,1336.94,1353.82,1323.69,0.70389521,5.030005451
801040,2002-04-09,1362.45,1342.17,1373.03,1331.98,1.16793307,8.3713665104
801040,2002-04-10,1365.4,1366.36,1376.55,1347.57,0.88395227,6.3509639953
801040,2002-04-11,1344.69,1365.13,1375.28,1336.52,0.97506132,6.8897221514
801040,2002-04-12,1355.68,1344.06,1368.42,1337.15,0.74770683,5.2412674324
801040,2002-04-15,1352.07,1358.39,1370.7,1337.64,0.73248578,5.2083214962
801040,2002-04-16,1349.83,1351.04,1365.01,1337.71,0.62568096,4.7108109961
801040,2002-04-17,1350.92,1351.27,1364.29,1334.7,0.59933474,4.0459029831999995
801040,2002-04-18,1335.28,1349.53,1358.01,1327.74,0.48611333,3.4437154614999996
801040,2002-04-19,1335.84,1328.79,1342.27,1307.26,0.55223245,3.7968672045
801040,2002-04-22,1330.26,1333.26,1345.55,1316.01,0.47342425,3.4761543418
801040,2002-04-23,1330.25,1332.14,1347.61,1318.61,0.49940835,3.4187884011
801040,2002-04-24,1323.49,1329.05,1342.07,1313.78,0.42020255,2.8884155865
801040,2002-04-25,1325.63,1322.13,1336.35,1310.96,0.32653571,2.4751268312
801040,2002-04-26,1340.34,1327.99,1348.88,1321.79,0.46177355,3.3417968087
801040,2002-04-29,1357.16,1342.29,1365.83,1329.43,0.83826226,5.5484669154
801040,2002-04-30,1360.06,1361.99,1373.69,1348.15,0.64205885,4.8590654526999995
801040,2002-05-08,1349.32,1361.37,1369.3,1343.63,0.3461707,2.5085171263
801040,2002-05-09,1348.6,1345.41,1361.02,1334.82,0.45499919,3.2193939255
801040,2002-05-10,1340.36,1348.76,1356.48,1333.17,0.42999282,2.9948656508
801040,2002-05-13,1325.85,1338.05,1343.38,1317.25,0.45292475,3.1855640268000003
801040,2002-05-14,1321.25,1324.09,1337.03,1312.74,0.37439457,2.7562093543
801040,2002-05-15,1309.61,1320.41,1329.41,1303.91,0.35149212,2.5150763195
801040,2002-05-16,1266.5,1305.55,1309.23,1256.25,0.69002944,4.7000204981
801040,2002-05-17,1274.18,1263.23,1288.83,1253.89,0.52976968,3.684862341
801040,2002-05-20,1254.4,1270.56,1276.96,1234.0,0.41291211,2.7807991132999996
801040,2002-05-21,1288.56,1280.13,1304.37,1264.28,0.76164834,5.568672877000001
801040,2002-05-22,1270.89,1293.02,1299.1,1261.48,0.49019051,3.5447339492000003
801040,2002-05-23,1280.53,1273.63,1296.63,1267.69,0.43424026,3.037331557
801040,2002-05-24,1269.74,1281.53,1290.87,1256.93,0.51057761,3.4581066122000004
801040,2002-05-27,1276.37,1275.71,1288.89,1260.53,0.30810074,2.1220853299
801040,2002-05-28,1280.02,1278.72,1293.09,1269.56,0.30754119,2.4315541799
801040,2002-05-29,1254.63,1275.65,1280.58,1246.62,0.42035758,2.8366055145
801040,2002-05-30,1254.79,1254.66,1267.57,1235.85,0.48823899,2.9782178135
801040,2002-05-31,1252.69,1255.79,1268.76,1242.42,0.46805172,2.8766651444
801040,2002-06-03,1230.28,1243.5,1250.07,1219.31,0.46005531,2.8121961441
801040,2002-06-04,1234.18,1228.76,1244.98,1217.98,0.34055938,2.2221516599
801040,2002-06-05,1214.87,1231.63,1240.06,1205.57,0.36157941,2.3177464528
801040,2002-06-06,1257.75,1210.26,1275.0,1201.99,0.6739061,4.3141639031
801040,2002-06-07,1266.7,1258.02,1278.89,1242.45,0.75046982,4.8441017125
801040,2002-06-10,1264.52,1266.36,1276.24,1252.31,0.58268011,3.5140442868
801040,2002-06-11,1274.37,1262.89,1282.02,1256.81,0.49857911,2.9579206464
801040,2002-06-12,1273.58,1274.47,1282.3,1256.67,0.4548297,2.9727342272
801040,2002-06-13,1262.25,1273.38,1282.04,1258.59,0.35149088,2.1426807171
801040,2002-06-14,1249.54,1258.28,1265.11,1242.07,0.3235593,2.0064595447999998
801040,2002-06-17,1249.59,1241.22,1254.15,1232.62,0.22017457,1.3131422869
801040,2002-06-18,1273.0,1251.78,1280.07,1248.01,0.59180899,3.4050060514
801040,2002-06-19,1268.27,1275.37,1280.43,1259.11,0.38337886,2.167601529
801040,2002-06-20,1276.6,1270.32,1289.87,1264.89,0.44023383,2.4949926123
801040,2002-06-21,1312.0,1277.93,1322.46,1275.39,1.51928422,8.9329652016
801040,2002-06-24,1435.2,1435.86,1441.32,1371.73,7.9577304,49.445877070600005
801040,2002-06-25,1436.4,1440.13,1510.9,1395.98,7.40071859,43.400844739200004
801040,2002-06-26,1432.69,1428.87,1453.93,1402.75,2.81173979,16.78815213
801040,2002-06-27,1454.32,1434.31,1482.39,1421.13,3.6576669,20.7654002007
801040,2002-06-28,1452.95,1458.27,1480.69,1420.46,4.03950731,24.303494995500003
801040,2002-07-01,1428.43,1454.67,1468.73,1421.5,1.81133293,11.702463048399999
801040,2002-07-02,1436.61,1420.34,1446.49,1408.55,1.29122921,8.4618766059
801040,2002-07-03,1441.06,1439.91,1453.49,1425.79,1.18188496,7.6154495072
801040,2002-07-04,1423.08,1442.29,1453.58,1416.34,1.16538321,7.4961124455
801040,2002-07-05,1427.09,1421.94,1436.43,1405.93,0.90175957,5.8513649065
801040,2002-07-08,1433.84,1428.97,1445.88,1416.19,0.96940912,7.2375234571
801040,2002-07-09,1434.79,1436.7,1452.08,1422.32,1.0493614,6.7112623813
801040,2002-07-10,1414.91,1435.34,1443.01,1407.35,1.16670972,7.832387439600001
801040,2002-07-11,1412.52,1413.4,1427.86,1401.44,0.75031335,4.9089209174
801040,2002-07-12,1409.74,1411.24,1424.81,1401.54,0.71284203,4.5879829834
801040,2002-07-15,1398.14,1407.54,1416.19,1389.88,0.82394942,5.591276043
801040,2002-07-16,1403.33,1398.13,1418.39,1392.96,0.61888224,3.9769420178
801040,2002-07-17,1409.17,1403.99,1413.55,1387.99,0.53152999,3.4470472974
801040,2002-07-18,1411.06,1411.12,1422.15,1399.97,0.64690349,4.0649176424
801040,2002-07-19,1411.95,1412.07,1419.61,1402.34,0.4466435,2.9713999374
801040,2002-07-22,1388.96,1410.85,1415.64,1382.3,0.64741362,4.1413378247
801040,2002-07-23,1380.03,1386.94,1397.49,1372.94,0.60395173,3.6067958087
801040,2002-07-24,1373.89,1378.81,1390.82,1365.87,0.4220098,2.7431150038
801040,2002-07-25,1369.24,1378.16,1388.52,1360.56,0.5195434,3.4290899988
801040,2002-07-26,1366.22,1370.75,1378.13,1359.35,0.34732315,2.1210734965
801040,2002-07-29,1373.11,1364.17,1376.79,1354.88,0.37668206,2.34689017
801040,2002-07-30,1376.59,1375.07,1384.36,1361.7,0.45362651,2.8713583952999997
801040,2002-07-31,1364.46,1377.09,1382.67,1359.4,0.34338863,2.3108741979
801040,2002-08-01,1361.27,1361.58,1371.66,1350.76,0.39240091,2.3682512013999997
801040,2002-08-02,1368.34,1362.54,1376.07,1355.45,0.32042464,2.0235269299
801040,2002-08-05,1361.43,1368.18,1373.13,1355.11,0.22403898,1.4975218811000002
801040,2002-08-06,1377.25,1360.31,1390.42,1354.44,0.59649136,3.5732621164999996
801040,2002-08-07,1374.97,1376.04,1381.64,1365.16,0.27352287,1.8058902847
801040,2002-08-08,1367.76,1372.44,1386.38,1360.19,0.32662821,2.2208369635
801040,2002-08-09,1358.77,1366.6,1372.49,1350.7,0.36507307,2.5965144653
801040,2002-08-12,1350.74,1355.53,1363.14,1344.74,0.36660234,2.4866151501
801040,2002-08-13,1354.94,1351.95,1365.37,1345.7,0.23845952,1.5966535765
801040,2002-08-14,1363.45,1355.69,1367.55,1350.6,0.24667914,1.6012811619
801040,2002-08-15,1352.68,1363.97,1367.18,1346.72,0.40782966,2.2729553854
801040,2002-08-16,1363.39,1351.03,1374.26,1342.73,0.53816921,3.4815196676999998
801040,2002-08-19,1359.44,1361.93,1370.71,1350.82,0.37046355,2.2108907595
801040,2002-08-20,1380.68,1359.81,1387.67,1355.99,0.80032982,4.5604041230000005
801040,2002-08-21,1378.47,1381.52,1389.78,1370.6,0.54520318,3.094476527
801040,2002-08-22,1385.03,1378.35,1394.77,1371.75,0.62106435,3.9089836795
801040,2002-08-23,1380.67,1385.09,1392.48,1373.19,0.41603785,2.825960241
801040,2002-08-26,1367.93,1380.38,1383.93,1363.06,0.42346662,2.8205819969999997
801040,2002-08-27,1372.53,1368.31,1380.93,1362.12,0.46804302,3.3118661935
801040,2002-08-28,1371.66,1373.76,1382.14,1364.18,0.39558517,2.8376577189
801040,2002-08-29,1365.04,1373.94,1380.34,1361.01,0.34087981,2.3359278792
801040,2002-08-30,1364.52,1363.29,1372.62,1357.01,0.35067262,2.3908707342
801040,2002-09-02,1366.18,1363.53,1372.96,1357.45,0.22261039,1.5906731483
801040,2002-09-03,1371.64,1367.43,1380.22,1363.25,0.29825143,2.0202211715000002
801040,2002-09-04,1362.89,1371.88,1378.45,1358.5,0.38769634,2.4193678427000003
801040,2002-09-05,1345.62,1360.97,1364.85,1340.75,0.5228079,3.2618885554
801040,2002-09-06,1338.96,1344.06,1354.1,1333.45,0.59482875,3.4413811802999996
801040,2002-09-09,1328.81,1336.04,1341.84,1321.19,0.37098932,2.2488858885
801040,2002-09-10,1332.81,1326.73,1340.75,1321.37,0.25497957,1.651911825
801040,2002-09-11,1325.54,1331.51,1336.82,1312.3,0.51813641,2.9416924102999995
801040,2002-09-12,1327.01,1324.31,1337.41,1313.14,0.43201218,2.6907283265
801040,2002-09-13,1327.37,1325.93,1335.77,1318.41,0.44629173,3.0891441764999996
801040,2002-09-16,1309.66,1321.92,1329.8,1301.13,0.5132853,3.1851794451999997
801040,2002-09-17,1311.4,1308.98,1323.37,1297.31,0.72871073,5.0977870395
801040,2002-09-18,1302.21,1308.68,1316.42,1296.46,0.46360639,3.3666607908999997
801040,2002-09-19,1323.54,1299.26,1331.58,1292.56,0.53669629,3.5278872516
801040,2002-09-20,1310.62,1320.91,1326.18,1304.73,0.3078497,2.0792533893000003
801040,2002-09-23,1313.02,1308.29,1322.39,1299.97,0.22446984,1.5309522012
801040,2002-09-24,1305.63,1312.51,1319.64,1299.68,0.32775607,2.1495954267
801040,2002-09-25,1306.14,1303.99,1316.44,1296.78,0.35135462,2.3623850284
801040,2002-09-26,1302.5,1305.45,1315.24,1294.47,0.3496724,2.6725857679
801040,2002-09-27,1299.82,1301.4,1311.6,1289.96,0.33827933,2.2071596495
801040,2002-10-08,1288.94,1295.06,1300.62,1277.26,0.19362023,1.2397656627
801040,2002-10-09,1260.27,1286.68,1290.6,1253.53,0.39855025,2.3129990396
801040,2002-10-10,1257.1,1254.94,1272.95,1245.61,0.31020658,1.8746289468000001
801040,2002-10-11,1251.44,1255.89,1267.49,1244.54,0.46024816,3.1885923139999997
801040,2002-10-14,1255.58,1247.48,1261.29,1233.95,0.42536538,2.7313417138
801040,2002-10-15,1252.28,1253.18,1265.08,1241.74,0.36137823,2.3433401505
801040,2002-10-16,1264.44,1252.1,1279.42,1248.49,0.43724485,2.8344568197
801040,2002-10-17,1245.12,1263.36,1266.98,1240.37,0.32732772,2.0271716608
801040,2002-10-18,1253.58,1242.33,1261.91,1232.72,0.31386186,1.9930117036000001
801040,2002-10-21,1258.59,1251.22,1263.35,1242.73,0.18708911,1.2792999722
801040,2002-10-22,1277.15,1259.67,1288.05,1254.71,0.5979928,3.9589410331
801040,2002-10-23,1278.05,1275.6,1286.89,1265.3,0.35056878,2.3839125908
801040,2002-10-24,1266.56,1276.33,1283.05,1260.41,0.27392152,1.8928064534
801040,2002-10-25,1259.3,1268.21,1280.33,1251.77,0.43286825,2.5327237872999997
801040,2002-10-28,1243.57,1256.5,1265.74,1237.33,0.40445553,2.4382016371
801040,2002-10-29,1250.17,1244.32,1257.72,1230.15,0.2508929,1.6135336412
801040,2002-10-30,1249.02,1252.46,1261.34,1237.0,0.20373634,1.4259402924000002
801040,2002-10-31,1248.37,1251.74,1263.12,1242.26,0.19578974,1.277566081
801040,2002-11-01,1256.28,1247.48,1262.6,1239.84,0.25575391,1.5872622280000002
801040,2002-11-04,1269.9,1263.36,1274.87,1253.61,0.33153391,2.2625637144
801040,2002-11-05,1284.98,1271.28,1294.27,1264.14,0.85488322,5.5261292234
801040,2002-11-06,1278.13,1286.57,1291.86,1272.24,0.47368115,3.0439499596
801040,2002-11-07,1281.27,1278.79,1292.02,1270.38,0.71567909,3.9562472394
801040,2002-11-08,1257.13,1293.7,1300.61,1247.57,0.78004066,4.4462711958
801040,2002-11-11,1242.42,1255.11,1265.84,1235.34,0.32815685,1.9358157141999999
801040,2002-11-12,1222.22,1242.27,1256.12,1213.95,0.68601042,3.7887105748
801040,2002-11-13,1226.26,1218.57,1231.32,1202.0,0.44510075,2.5603530546
801040,2002-11-14,1203.03,1225.39,1230.1,1198.7,0.35534639,2.0201524328000002
801040,2002-11-15,1207.49,1200.45,1224.75,1192.84,0.35382162,2.0160222903
801040,2002-11-18,1197.33,1205.34,1215.71,1189.22,0.27932437,1.6548044713999999
801040,2002-11-19,1201.28,1194.86,1210.05,1181.32,0.32157328,1.9239445858000002
801040,2002-11-20,1174.97,1198.55,1202.17,1168.6,0.35999963,2.0919829033
801040,2002-11-21,1146.6,1169.52,1176.89,1142.09,0.51762067,2.813322315
801040,2002-11-22,1150.67,1146.02,1169.76,1128.25,0.47671715,2.5922018446
801040,2002-11-25,1157.12,1146.45,1164.31,1134.29,0.25484857,1.3597553346
801040,2002-11-26,1136.18,1155.96,1169.15,1132.35,0.3076676,1.6901412199
801040,2002-11-27,1151.1,1130.98,1161.69,1116.27,0.66444338,3.1787403724
801040,2002-11-28,1175.58,1145.66,1179.16,1136.17,0.61965477,3.2441894206999997
801040,2002-11-29,1184.73,1177.71,1202.18,1163.93,1.00121544,5.4175652878
801040,2002-12-02,1153.86,1183.07,1188.6,1150.51,0.46417119,2.7466218282
801040,2002-12-03,1165.04,1148.6,1169.23,1143.47,0.25305961,1.4079066999
801040,2002-12-04,1168.58,1168.05,1184.5,1156.94,0.3800955,2.231931269
801040,2002-12-05,1160.47,1165.11,1171.42,1150.61,0.28472028,1.5455651958
801040,2002-12-06,1158.39,1158.88,1170.27,1150.83,0.19144038,1.0603913958
801040,2002-12-09,1153.45,1155.35,1165.03,1147.0,0.1862124,1.0647016019
801040,2002-12-10,1142.29,1151.55,1162.96,1137.78,0.24888799,1.4498413981
801040,2002-12-11,1140.19,1139.47,1145.93,1128.93,0.21976376,1.2534066856000001
801040,2002-12-12,1145.0,1142.59,1159.91,1135.95,0.27011393,1.6000370751
801040,2002-12-13,1156.23,1139.0,1163.09,1129.93,0.368486,2.3092975548
801040,2002-12-16,1165.38,1155.61,1170.51,1149.18,0.38243258,2.3717563027
801040,2002-12-17,1172.55,1165.97,1176.74,1158.04,0.33165799,2.1908827763
801040,2002-12-18,1171.26,1170.61,1185.6,1162.18,0.59402431,3.5869613548
801040,2002-12-19,1170.88,1168.09,1178.59,1158.59,0.46129506,2.6859162227
801040,2002-12-20,1182.02,1169.0,1190.56,1161.69,0.8156096,4.6021155475
801040,2002-12-23,1181.73,1182.71,1196.76,1176.64,1.01113603,5.6107377097
801040,2002-12-24,1182.06,1179.9,1186.95,1169.66,0.40938505,2.2951005601
801040,2002-12-25,1175.82,1182.09,1189.72,1171.27,0.74144415,4.0503671074000005
801040,2002-12-26,1143.58,1171.82,1177.39,1136.75,0.76365896,4.1175649776
801040,2002-12-27,1143.02,1137.89,1154.45,1126.11,0.66879796,3.6182046445
801040,2002-12-30,1132.03,1141.36,1149.51,1121.85,0.61388929,3.1091583776
801040,2002-12-31,1124.8,1130.92,1143.92,1116.49,0.40957654,2.2411367499
801040,2003-01-02,1099.6,1117.64,1125.39,1094.02,0.47879884,2.5306091426
801040,2003-01-03,1099.39,1095.94,1107.32,1087.95,0.37779767,1.9968325135
801040,2003-01-06,1109.27,1096.89,1113.36,1088.65,0.38509159,2.1385004101
801040,2003-01-07,1110.52,1109.07,1123.0,1099.41,0.35717285,2.2179793913999997
801040,2003-01-08,1144.18,1109.11,1152.24,1104.24,0.70041026,3.7742028787
801040,2003-01-09,1161.17,1146.61,1173.0,1132.41,1.22206436,6.6867735212
801040,2003-01-10,1154.11,1163.32,1190.12,1149.28,1.52531239,8.961572819099999
801040,2003-01-13,1153.59,1150.69,1164.07,1141.95,0.42693865,2.6473256977
801040,2003-01-14,1229.51,1153.78,1252.31,1149.31,4.21661497,21.7905820482
801040,2003-01-15,1211.35,1232.63,1248.66,1197.65,2.30932048,12.868794257000001
801040,2003-01-16,1232.99,1210.53,1242.42,1199.91,2.19570062,11.693500119400001
801040,2003-01-17,1222.97,1234.05,1243.22,1212.74,1.38472581,7.5796253328
801040,2003-01-20,1236.75,1221.5,1248.46,1204.33,1.38784535,8.1236574928
801040,2003-01-21,1210.28,1237.41,1246.67,1204.24,1.32793117,7.7664671137
801040,2003-01-22,1209.19,1204.82,1221.69,1196.56,0.75134579,4.4531003116
801040,2003-01-23,1200.83,1206.65,1222.05,1194.88,0.56671166,3.1020919938
801040,2003-01-24,1222.73,1199.0,1236.88,1194.01,1.35364427,6.724316658999999
801040,2003-01-27,1241.04,1224.65,1256.9,1217.57,2.22316836,11.485009386600002
801040,2003-01-28,1246.75,1238.03,1262.37,1230.21,1.29285237,6.6776596165
801040,2003-01-29,1244.77,1247.56,1259.26,1238.48,1.21903689,6.466689693099999
801040,2003-02-10,1229.63,1243.19,1248.73,1221.8,0.60854041,3.271981545
801040,2003-02-11,1242.83,1227.01,1245.87,1223.18,0.47395484,2.7979166983
801040,2003-02-12,1258.42,1243.15,1265.78,1234.9,0.92953641,5.5111211591
801040,2003-02-13,1249.49,1261.61,1271.72,1244.56,1.04515352,6.015457709
801040,2003-02-14,1252.89,1248.29,1260.95,1240.87,0.60601274,3.5587437863
801040,2003-02-17,1241.48,1253.78,1263.34,1234.13,0.8362317,4.7211296952
801040,2003-02-18,1250.3,1241.95,1264.67,1233.5,1.03643546,6.3482678015
801040,2003-02-19,1266.45,1250.5,1270.13,1241.65,1.15051673,7.1256551342
801040,2003-02-20,1262.56,1268.35,1278.71,1255.45,1.12336487,6.560790916699999
801040,2003-02-21,1238.83,1261.11,1265.27,1233.67,1.17480997,6.9450412183
801040,2003-02-24,1247.09,1235.63,1258.66,1230.44,0.95854554,5.5922265947000005
801040,2003-02-25,1266.21,1248.33,1275.31,1244.56,1.16662405,6.8459590611
801040,2003-02-26,1266.96,1268.2,1275.7,1257.27,0.64255514,3.9185616122000004
801040,2003-02-27,1265.65,1267.24,1277.96,1257.47,0.76257482,4.7324201507
801040,2003-02-28,1264.72,1264.65,1272.85,1251.95,0.72464042,4.312708135299999
801040,2003-03-03,1278.98,1263.89,1283.3,1256.9,1.25790232,7.5229722864
801040,2003-03-04,1276.41,1280.14,1289.18,1268.01,0.73309283,4.6109359776
801040,2003-03-05,1274.83,1276.24,1283.07,1260.77,0.7947156,4.9478146652
801040,2003-03-06,1256.9,1273.53,1277.87,1251.2,0.84704272,5.1457218645
801040,2003-03-07,1249.5,1255.47,1263.77,1244.07,0.71123877,4.4378665977
801040,2003-03-10,1224.94,1247.05,1254.08,1221.58,0.73167656,4.359928889
801040,2003-03-11,1225.22,1223.19,1234.09,1216.57,0.4850661,3.0395198336
801040,2003-03-12,1234.82,1224.29,1239.46,1213.72,0.66635211,4.5485313718
801040,2003-03-13,1225.48,1234.97,1242.4,1220.4,0.46182338,3.1284838688
801040,2003-03-14,1231.03,1225.23,1239.77,1220.0,0.44160855,2.8947700157
801040,2003-03-17,1234.34,1228.84,1240.52,1213.69,0.62640027,4.2039054759
801040,2003-03-18,1225.62,1234.55,1247.98,1221.83,0.61348427,4.0775035363
801040,2003-03-19,1231.79,1224.57,1239.9,1214.9,0.5370419,3.3931462504
801040,2003-03-20,1226.04,1231.2,1239.62,1218.66,0.48706756,2.9849816376
801040,2003-03-21,1238.63,1226.52,1243.94,1220.81,0.4904473,3.1080214906
801040,2003-03-24,1240.58,1239.42,1248.32,1229.47,0.40454942,2.641218828
801040,2003-03-25,1228.75,1240.16,1244.78,1221.75,0.58224525,3.5255918877999997
801040,2003-03-26,1224.56,1227.02,1236.38,1217.34,0.42822169,2.6853699102999995
801040,2003-03-27,1256.49,1222.85,1268.58,1214.1,1.06395751,6.2681852585
801040,2003-03-28,1253.14,1256.76,1270.9,1244.06,1.12455376,7.0851116496
801040,2003-03-31,1274.54,1252.65,1281.16,1248.22,1.14025973,7.0239521631
801040,2003-04-01,1280.35,1276.86,1287.84,1267.34,1.1062558,7.0489673638
801040,2003-04-02,1286.64,1279.9,1300.01,1270.8,1.28436312,8.084805428500001
801040,2003-04-03,1279.2,1286.38,1297.21,1272.31,0.82601613,5.1971400853
801040,2003-04-04,1284.08,1277.72,1292.88,1269.3,0.978122,5.9770629762
801040,2003-04-07,1279.57,1285.3,1299.14,1272.47,1.05728976,6.6182949195
801040,2003-04-08,1306.56,1283.11,1321.63,1274.57,3.24487796,18.0222908114
801040,2003-04-09,1356.24,1306.36,1368.22,1299.23,5.03274417,30.5945740331
801040,2003-04-10,1355.11,1362.62,1394.7,1338.47,5.04569391,31.5904941031
801040,2003-04-11,1416.04,1354.94,1437.31,1342.25,6.38229508,40.256375530599996
801040,2003-04-14,1452.32,1425.12,1478.72,1400.46,7.4027736,50.9270407404
801040,2003-04-15,1465.48,1455.01,1484.71,1425.58,4.66653487,34.5257522984
801040,2003-04-16,1430.34,1473.67,1494.84,1413.14,5.50888043,41.233506864
801040,2003-04-17,1428.65,1434.53,1465.39,1394.06,4.07918946,30.3358833135
801040,2003-04-18,1389.35,1429.02,1444.45,1370.28,3.280699,23.952707315300003
801040,2003-04-21,1378.02,1378.66,1397.66,1349.17,2.55248197,17.8683626274
801040,2003-04-22,1371.03,1376.21,1390.55,1357.63,1.17469441,8.3084202171
801040,2003-04-23,1336.08,1371.48,1379.42,1329.06,1.90058466,12.9910337129
801040,2003-04-24,1328.11,1344.36,1364.88,1302.7,2.20695659,15.4518024797
801040,2003-04-25,1295.94,1320.17,1339.64,1282.05,2.03033278,13.028900596600002
801040,2003-04-28,1352.5,1290.23,1366.2,1268.39,2.68794252,17.306298656400003
801040,2003-04-29,1321.15,1351.2,1360.6,1308.14,2.24569471,14.805484070999999
801040,2003-04-30,1340.46,1323.03,1372.85,1312.55,2.62266227,16.745223993499998
801040,2003-05-12,1374.18,1346.5,1389.22,1328.67,2.6748097,17.8796336126
801040,2003-05-13,1351.32,1377.73,1413.23,1336.54,3.5698296,24.7296133435
801040,2003-05-14,1373.61,1345.08,1382.59,1324.81,2.11667566,13.881739978499999
801040,2003-05-15,1399.85,1375.52,1432.8,1366.06,3.8739019,25.5836440592
801040,2003-05-16,1402.68,1399.43,1420.27,1380.98,1.80504387,12.242434454100001
801040,2003-05-19,1399.26,1409.18,1427.46,1383.31,2.05156959,14.0438043226
801040,2003-05-20,1393.66,1396.3,1414.35,1376.99,1.66507229,11.9828975016
801040,2003-05-21,1377.18,1393.95,1409.78,1370.63,1.66043731,11.2632554579
801040,2003-05-22,1389.67,1377.33,1395.13,1358.03,1.08802892,7.5240447078
801040,2003-05-23,1407.84,1393.53,1430.69,1383.36,2.55212179,18.547318289
801040,2003-05-26,1406.46,1408.6,1421.98,1388.87,1.76573414,11.9538813771
801040,2003-05-27,1394.71,1404.3,1414.08,1376.35,1.67301323,11.4771732995
801040,2003-05-28,1373.93,1393.31,1405.36,1366.57,1.52477238,10.1097249801
801040,2003-05-29,1389.85,1371.2,1393.49,1355.89,1.38448664,9.7006815414
801040,2003-05-30,1383.07,1390.37,1401.19,1372.04,1.25771069,8.990805693099999
801040,2003-06-02,1369.04,1382.0,1387.24,1356.41,1.00972735,7.3809105942999995
801040,2003-06-03,1373.84,1369.5,1399.89,1362.97,1.08586169,7.6716585873000005
801040,2003-06-04,1422.22,1374.2,1450.48,1359.81,3.79068378,23.5479007901
801040,2003-06-05,1385.49,1422.17,1429.1,1379.24,2.46126441,14.3687862503
801040,2003-06-06,1371.02,1379.6,1402.94,1363.73,1.67667712,10.5213700339
801040,2003-06-09,1374.08,1368.28,1392.18,1358.48,1.2473303,7.9109021760000005
801040,2003-06-10,1383.28,1374.48,1393.89,1367.42,0.80649048,5.4409420666
801040,2003-06-11,1412.59,1387.79,1428.15,1380.76,2.74340921,17.6456775783
801040,2003-06-12,1413.54,1414.69,1426.64,1398.36,1.46810701,10.0358254403
801040,2003-06-13,1422.17,1416.91,1444.59,1406.96,2.27930825,14.4081914226
801040,2003-06-16,1416.63,1425.42,1435.77,1404.75,1.38379684,8.8221397922
801040,2003-06-17,1410.87,1417.57,1427.37,1400.63,1.01640795,6.554259962200001
801040,2003-06-18,1407.8,1413.57,1427.66,1401.43,1.0740847,6.9490433449
801040,2003-06-19,1386.83,1408.21,1414.99,1375.36,1.22983341,7.759558222100001
801040,2003-06-20,1380.89,1386.43,1402.09,1372.33,0.83670024,5.2035573519
801040,2003-06-23,1375.08,1379.51,1391.68,1363.88,0.91044947,5.713727442300001
801040,2003-06-24,1379.78,1375.78,1392.2,1368.2,0.776461,4.9519233088
801040,2003-06-25,1365.15,1380.44,1389.38,1359.47,0.67767642,4.0694991896
801040,2003-06-26,1368.55,1362.66,1378.82,1337.37,1.16411439,6.9863347036
801040,2003-06-27,1346.83,1369.66,1377.57,1340.55,0.7600835,4.8151497205
801040,2003-06-30,1337.38,1342.05,1359.3,1327.2,0.66527334,3.9760720239
801040,2003-07-01,1341.86,1340.77,1366.81,1332.24,0.87313528,5.2915804518
801040,2003-07-02,1360.16,1343.13,1364.96,1330.63,0.82132778,4.9939013365
801040,2003-07-03,1365.81,1362.7,1374.86,1353.96,0.74434257,4.6296767127
801040,2003-07-04,1366.45,1366.62,1380.18,1355.59,0.74438906,4.7881281114
801040,2003-07-07,1379.13,1365.77,1385.29,1355.05,0.923546,5.7643839254
801040,2003-07-08,1382.24,1379.73,1392.28,1370.7,0.75380872,5.0471226401
801040,2003-07-09,1371.8,1383.85,1388.41,1364.49,0.72825512,4.545443107300001
801040,2003-07-10,1401.38,1371.55,1416.45,1366.01,2.61979446,15.454065755
801040,2003-07-11,1396.23,1402.61,1410.5,1387.5,1.20736924,7.0466268324
801040,2003-07-14,1397.15,1397.67,1411.64,1387.4,0.77777415,4.8840873805000005
801040,2003-07-15,1410.51,1398.08,1427.52,1392.4,1.68748018,10.9103625875
801040,2003-07-16,1416.09,1411.86,1422.59,1398.92,1.21207297,7.950852386699999
801040,2003-07-17,1417.86,1417.38,1440.74,1405.79,2.26310852,15.0057497973
801040,2003-07-18,1376.24,1416.72,1422.66,1370.74,2.07476773,13.1638903975
801040,2003-07-21,1369.83,1370.42,1386.32,1353.24,1.31978542,8.2229271815
801040,2003-07-22,1379.5,1383.18,1398.24,1361.84,1.10045403,6.9176776175
801040,2003-07-23,1392.28,1381.4,1401.97,1368.66,1.16122985,7.8941424899
801040,2003-07-24,1387.0,1392.51,1406.42,1377.66,1.18873779,7.4558857876
801040,2003-07-25,1365.47,1384.44,1397.08,1355.7,1.32679951,8.026819648
801040,2003-07-28,1359.54,1362.03,1372.74,1347.5,0.72876733,4.4214193782999995
801040,2003-07-29,1370.21,1358.94,1378.49,1352.36,0.72438074,4.526320929
801040,2003-07-30,1373.15,1370.58,1382.88,1360.15,0.95872199,5.7717259316
801040,2003-07-31,1368.16,1374.42,1383.86,1361.73,0.66172441,4.194130917
801040,2003-08-01,1361.78,1365.66,1373.84,1347.97,0.74845224,4.7759567907
801040,2003-08-04,1373.94,1361.13,1376.86,1343.81,0.78676398,4.9953670526
801040,2003-08-05,1366.6,1374.79,1380.21,1358.59,0.60922554,3.9512746236000003
801040,2003-08-06,1357.12,1366.83,1374.5,1349.92,0.75511076,5.3217105403
801040,2003-08-07,1356.95,1354.76,1371.2,1348.14,0.55755135,3.5008698305
801040,2003-08-08,1337.26,1356.32,1361.93,1332.49,0.66759206,4.350181839599999
801040,2003-08-11,1339.05,1335.05,1345.02,1324.33,0.35543371,2.2529070835
801040,2003-08-12,1343.12,1337.98,1353.57,1330.49,0.35842056,2.2481343824
801040,2003-08-13,1324.5,1344.27,1346.95,1319.42,0.51323953,2.9225446319
801040,2003-08-14,1311.53,1321.54,1332.62,1305.76,0.61663684,3.4996690086
801040,2003-08-15,1304.02,1308.66,1316.61,1294.44,0.56939519,3.4600535613
801040,2003-08-18,1297.03,1303.69,1311.43,1288.8,0.43740565,2.7774006203
801040,2003-08-19,1301.93,1295.5,1311.93,1290.7,0.31837857,2.0284621745
801040,2003-08-20,1292.02,1300.84,1306.19,1279.91,0.45014941,2.7362156975
801040,2003-08-21,1287.44,1292.89,1298.26,1278.13,0.40498765,2.5007735233
801040,2003-08-22,1290.29,1284.39,1302.26,1277.62,0.35766032,2.2447946172999997
801040,2003-08-25,1293.71,1284.35,1307.91,1271.8,0.65665063,4.04812274
801040,2003-08-26,1293.43,1291.37,1303.54,1281.4,0.41441097,2.5575292345
801040,2003-08-27,1294.33,1294.26,1305.79,1285.56,0.33738273,2.0588741945
801040,2003-08-28,1282.1,1294.34,1302.38,1278.89,0.31374942,1.9275705399
801040,2003-08-29,1289.45,1279.6,1292.8,1264.5,0.45689616,2.5205549146
801040,2003-09-01,1310.47,1290.25,1315.28,1279.9,0.61036419,3.6698478163
801040,2003-09-02,1301.24,1311.34,1318.68,1294.03,0.50765834,3.2784471044
801040,2003-09-03,1299.8,1302.51,1311.17,1288.67,0.37126467,2.2488239694
801040,2003-09-04,1306.31,1301.28,1327.81,1292.41,0.75644023,4.6145007725
801040,2003-09-05,1288.46,1304.37,1308.96,1277.4,0.50600404,3.0395444906
801040,2003-09-08,1282.16,1285.66,1293.92,1270.71,0.38761838,2.1463843321000002
801040,2003-09-09,1271.88,1280.98,1288.27,1265.12,0.44511549,2.5628995388
801040,2003-09-10,1272.51,1270.5,1281.17,1261.9,0.28974694,1.66520396
801040,2003-09-11,1278.22,1272.31,1292.69,1267.74,0.33620631,2.1875299618
801040,2003-09-12,1270.11,1278.38,1290.31,1262.79,0.40450476,2.4041663316
801040,2003-09-15,1267.67,1266.7,1291.55,1259.3,0.42270198,2.3491811459
801040,2003-09-16,1269.05,1268.73,1279.71,1252.2,0.50786555,2.7795072686
801040,2003-09-17,1254.17,1269.86,1276.23,1247.14,0.4608233,2.5775253497
801040,2003-09-18,1245.6,1248.4,1269.86,1243.3,0.40551339,2.2002115512000002
801040,2003-09-19,1243.99,1245.09,1250.93,1236.88,0.4364213,2.3906381871
801040,2003-09-22,1232.77,1247.89,1252.72,1227.1,0.38647252,2.0513471487
801040,2003-09-23,1237.9,1230.72,1241.15,1216.51,0.3520789,1.9367435404
801040,2003-09-24,1242.29,1237.84,1242.79,1237.84,0.31411426,1.6964775565999999
801040,2003-09-25,1227.99,1242.3,1242.42,1226.56,0.26778241,1.4246982853
801040,2003-09-26,1225.9,1226.84,1242.56,1223.34,0.22647507,1.2297718304
801040,2003-09-29,1214.06,1224.31,1226.95,1212.62,0.3266839,1.7437134928
801040,2003-09-30,1228.45,1214.56,1233.57,1213.58,0.40400219,2.0630732736
801040,2003-10-08,1236.05,1227.25,1237.65,1214.57,0.29767799,1.5522514599000001
801040,2003-10-09,1235.11,1235.19,1244.91,1227.25,0.28654811,1.5074323741
801040,2003-10-10,1272.56,1236.04,1273.07,1234.43,1.10024192,5.7350921676999995
801040,2003-10-13,1272.17,1275.6,1280.24,1236.03,0.82947184,4.4621350918000005
801040,2003-10-14,1263.24,1272.28,1275.6,1259.94,0.57490923,3.2885367513999997
801040,2003-10-15,1262.46,1263.35,1279.45,1260.44,0.57758356,3.2950643095
801040,2003-10-16,1252.13,1261.36,1264.54,1249.4,0.44257608,2.4782309822
801040,2003-10-17,1260.97,1250.69,1265.93,1249.18,0.54035951,2.8982247894
801040,2003-10-20,1266.97,1257.94,1266.97,1250.69,0.80669651,4.311002628
801040,2003-10-21,1281.91,1268.65,1282.15,1257.94,1.03253257,5.6672621699
801040,2003-10-22,1328.89,1286.99,1343.54,1281.26,3.19243223,18.9831290121
801040,2003-10-23,1316.8,1329.89,1338.49,1314.46,1.82074316,10.8347348854
801040,2003-10-24,1332.78,1317.56,1340.07,1314.99,1.64080894,10.2601552397
801040,2003-10-27,1327.86,1334.62,1340.87,1316.72,1.26206242,7.679699012
801040,2003-10-28,1344.02,1323.46,1344.85,1319.31,1.97429914,11.5627758132
801040,2003-10-29,1332.53,1340.67,1349.04,1319.39,1.6071085,9.1675643526
801040,2003-10-30,1320.36,1324.39,1331.92,1315.51,0.91992773,5.374887243200001
801040,2003-10-31,1312.11,1312.17,1335.3,1300.94,1.57143149,9.1580995635
801040,2003-11-03,1339.29,1308.37,1345.19,1306.75,1.51063796,8.9041210922
801040,2003-11-04,1387.37,1342.15,1430.15,1338.13,5.6340493,35.209328089
801040,2003-11-05,1396.88,1386.01,1409.53,1378.73,3.17181231,19.5701067853
801040,2003-11-06,1387.99,1396.18,1399.83,1369.44,2.99532434,18.1934688627
801040,2003-11-07,1355.05,1384.33,1395.51,1355.05,3.04454961,18.061136882899998
801040,2003-11-10,1383.59,1346.33,1383.59,1345.49,1.66086651,9.7559367092
801040,2003-11-11,1387.92,1385.3,1405.09,1369.14,1.92801452,11.522608751300002
801040,2003-11-12,1363.32,1384.63,1384.94,1360.33,1.69593522,9.8812173709
801040,2003-11-13,1371.62,1360.44,1389.72,1357.57,1.54605833,9.0285430155
801040,2003-11-14,1378.96,1369.04,1385.7,1359.76,1.38271498,8.3533610711
801040,2003-11-17,1375.33,1379.42,1387.81,1369.68,0.90202974,5.6122019089999995
801040,2003-11-18,1349.72,1370.87,1374.04,1348.23,1.29037038,7.439767016699999
801040,2003-11-19,1362.55,1344.02,1366.4,1342.91,1.03671539,6.0649656126
801040,2003-11-20,1383.62,1361.2,1387.83,1352.75,1.8422788,10.7094402061
801040,2003-11-21,1392.3,1384.27,1441.13,1375.52,3.49136925,21.4641657052
801040,2003-11-24,1429.91,1393.62,1432.19,1392.93,3.15442974,19.2253815688
801040,2003-11-25,1422.09,1434.96,1437.33,1410.81,2.66833416,16.469638108599998
801040,2003-11-26,1442.93,1418.51,1447.88,1413.65,2.63730766,16.2684518953
801040,2003-11-27,1425.83,1444.32,1462.23,1424.98,2.63727444,16.4849673974
801040,2003-11-28,1438.04,1425.95,1445.3,1425.73,1.36571446,8.4468175037
801040,2003-12-01,1483.21,1437.78,1484.3,1436.41,3.29484966,20.6834270045
801040,2003-12-02,1482.59,1488.18,1495.6,1476.56,2.66273653,17.602674328699997
801040,2003-12-03,1494.6,1483.55,1516.97,1477.34,3.27915213,21.2107613389
801040,2003-12-04,1500.64,1495.49,1508.56,1490.13,2.39275004,16.6379083451
801040,2003-12-05,1485.46,1504.29,1505.74,1474.41,2.71975726,21.5370461166
801040,2003-12-08,1465.01,1486.05,1494.32,1462.73,2.12144968,15.6795045894
801040,2003-12-09,1482.1,1462.39,1482.25,1460.73,1.33277744,9.263921120700001
801040,2003-12-10,1501.31,1482.82,1501.43,1478.37,2.13251204,14.276614868900001
801040,2003-12-11,1482.79,1502.03,1503.46,1477.65,1.72598284,12.3565999843
801040,2003-12-12,1474.32,1478.29,1481.07,1465.22,1.45345313,9.2617976191
801040,2003-12-15,1479.89,1474.08,1482.1,1466.71,1.12855466,7.2786857921
801040,2003-12-16,1474.84,1481.39,1482.21,1450.59,1.52337907,10.1323625448
801040,2003-12-17,1466.37,1471.77,1496.19,1465.76,2.23517292,15.2746512683
801040,2003-12-18,1495.28,1463.18,1497.24,1462.54,2.62979168,18.189345596400003
801040,2003-12-19,1521.46,1493.58,1523.46,1492.72,4.11125647,28.6361713515
801040,2003-12-22,1565.0,1527.4,1583.42,1527.31,5.39609622,37.3688463185
801040,2003-12-23,1559.1,1568.06,1576.55,1546.69,3.18455635,23.6261895673
801040,2003-12-24,1575.85,1561.87,1578.07,1555.82,2.6542024,19.4933012111
801040,2003-12-25,1557.05,1575.85,1581.56,1550.6,2.6517,19.0442996803
801040,2003-12-26,1547.77,1556.42,1557.04,1535.08,2.29400411,16.3535502284
801040,2003-12-29,1527.61,1539.24,1548.43,1527.09,1.90521081,13.5052540712
801040,2003-12-30,1548.43,1528.35,1550.47,1527.01,1.96842788,13.7420744653
801040,2003-12-31,1525.73,1552.51,1554.06,1524.67,1.94075586,14.4066719882
801040,2004-01-02,1553.32,1527.76,1563.98,1527.07,1.90278944,14.323763336199999
801040,2004-01-05,1606.93,1554.5,1611.56,1554.2,3.87715622,27.8799990394
801040,2004-01-06,1617.95,1611.15,1617.95,1590.8,3.82411449,27.5488266455
801040,2004-01-07,1660.83,1618.65,1691.52,1613.16,5.49196276,41.2501179646
801040,2004-01-08,1661.64,1660.13,1674.12,1642.31,3.19432713,24.434232505100002
801040,2004-01-09,1625.6,1660.09,1680.31,1623.43,3.91220613,29.623605013400002
801040,2004-01-12,1683.87,1621.77,1684.58,1621.41,3.15229149,24.102622342600004
801040,2004-01-13,1673.49,1687.5,1697.62,1650.1,3.27988317,24.9550707892
801040,2004-01-14,1643.56,1675.72,1679.34,1632.95,2.34142469,18.639454228399998
801040,2004-01-15,1624.08,1643.19,1661.44,1620.88,2.22844856,17.6212386
801040,2004-01-16,1605.89,1622.68,1636.29,1595.76,2.95116244,22.0224656373
801040,2004-01-29,1617.2,1607.59,1617.87,1595.15,2.05181415,14.8247199543
801040,2004-01-30,1573.75,1618.24,1621.8,1573.45,3.14029886,22.404589926999996
801040,2004-02-02,1584.45,1594.39,1625.62,1555.59,3.55036989,25.2664427822
801040,2004-02-03,1617.58,1584.63,1617.58,1575.46,3.01266163,21.1869656555
801040,2004-02-04,1635.15,1621.72,1635.15,1604.92,3.72210677,27.0459193581
801040,2004-02-05,1620.47,1635.94,1637.65,1608.68,3.72577048,26.5788959355
801040,2004-02-06,1634.4,1617.53,1659.95,1600.3,4.70026194,33.0423064533
801040,2004-02-09,1669.35,1635.47,1676.78,1635.47,3.79787299,28.0846143258
801040,2004-02-10,1644.74,1675.25,1679.87,1638.54,3.40896473,24.8667994577
801040,2004-02-11,1618.38,1644.24,1648.44,1601.82,3.3841948,23.6131115304
801040,2004-02-12,1594.06,1620.77,1627.14,1591.62,3.46036231,24.2477113138
801040,2004-02-13,1596.91,1597.65,1613.04,1594.12,2.39946987,16.3771873409
801040,2004-02-16,1633.53,1601.08,1634.01,1600.85,2.41094724,17.3418731378
801040,2004-02-17,1647.74,1641.16,1655.34,1627.0,3.95043827,29.0915026425
801040,2004-02-18,1682.6,1646.2,1685.25,1637.45,4.69110676,35.3572917599
801040,2004-02-19,1676.41,1688.32,1693.52,1670.09,3.5421084,26.6405024746
801040,2004-02-20,1695.01,1679.73,1695.04,1672.38,3.40820189,25.418604429699997
801040,2004-02-23,1672.14,1699.08,1712.88,1672.07,4.14041553,30.814976560300003
801040,2004-02-24,1677.93,1664.19,1686.04,1644.16,3.95416887,28.7133975416
801040,2004-02-25,1648.53,1683.12,1705.13,1644.54,3.5620613,26.0124000448
801040,2004-02-26,1701.09,1644.75,1701.49,1637.39,4.97939341,35.1468036402
801040,2004-02-27,1710.33,1702.39,1719.33,1695.64,4.2371983,31.272308863200003
801040,2004-03-01,1746.52,1716.41,1748.58,1702.65,4.70274849,36.4849459048
801040,2004-03-02,1728.88,1749.69,1752.51,1723.03,3.61211467,28.8973379748
801040,2004-03-03,1687.57,1728.81,1730.57,1681.41,2.82090052,22.2690743135
801040,2004-03-04,1699.45,1688.57,1701.78,1667.53,1.91107556,14.5247400477
801040,2004-03-05,1690.03,1702.78,1709.53,1687.72,1.81843932,14.5201205459
801040,2004-03-08,1671.46,1688.5,1697.38,1667.95,1.77290401,13.7778750151
801040,2004-03-09,1681.09,1668.96,1706.95,1668.58,2.52917778,19.421011983299998
801040,2004-03-10,1724.95,1683.71,1724.95,1683.54,2.58349749,20.642222238800002
801040,2004-03-11,1738.95,1728.73,1742.97,1722.28,2.8057479,22.383672265999998
801040,2004-03-12,1741.88,1740.46,1745.36,1720.57,2.17796647,17.9097147254
801040,2004-03-15,1779.77,1745.45,1790.98,1745.45,4.40081661,35.3424610841
801040,2004-03-16,1789.51,1787.98,1796.63,1771.72,3.34506999,26.9179996381
801040,2004-03-17,1779.44,1791.7,1793.59,1764.76,2.63109752,21.561277472600004
801040,2004-03-18,1749.28,1781.96,1790.44,1747.41,2.79729601,23.3989047423
801040,2004-03-19,1779.83,1750.73,1780.24,1744.02,2.04942935,16.7200481588
801040,2004-03-22,1776.59,1782.99,1787.02,1766.61,2.24327867,17.7331873842
801040,2004-03-23,1749.09,1774.42,1778.92,1738.74,2.35735409,18.217276646400002
801040,2004-03-24,1742.67,1747.65,1774.43,1735.87,1.90540028,15.019892219
801040,2004-03-25,1744.54,1740.14,1755.55,1733.29,1.54398616,12.6444193885
801040,2004-03-26,1737.31,1744.81,1749.78,1727.72,1.59601194,12.6529819699
801040,2004-03-29,1709.09,1734.96,1744.81,1706.02,2.00132739,15.688554744000001
801040,2004-03-30,1716.17,1709.02,1735.85,1702.64,1.36289773,10.9665118341
801040,2004-03-31,1755.9,1717.85,1759.61,1709.02,2.24274284,18.3384223336
801040,2004-04-01,1760.68,1757.18,1764.7,1746.79,1.72031559,13.8478924341
801040,2004-04-02,1768.72,1761.02,1778.0,1759.35,2.15720189,17.5759050199
801040,2004-04-05,1745.69,1770.56,1773.58,1734.96,2.77010884,21.406133589
801040,2004-04-06,1747.69,1744.1,1747.91,1720.11,2.42547774,19.1330256233
801040,2004-04-07,1751.8,1748.39,1766.87,1740.98,2.1678117,17.5498164417
801040,2004-04-08,1752.72,1750.88,1759.55,1737.34,2.19040417,17.6890270023
801040,2004-04-09,1710.94,1753.13,1758.72,1707.81,2.51230387,20.540151340599998
801040,2004-04-12,1694.64,1702.22,1713.13,1683.89,1.8035071,14.2628609741
801040,2004-04-13,1687.52,1696.12,1708.34,1683.2,1.86558091,14.5100092982
801040,2004-04-14,1673.58,1687.8,1687.8,1654.44,1.83191813,13.8872670031
801040,2004-04-15,1659.57,1675.08,1680.56,1656.25,1.25545608,9.3391041148
801040,2004-04-16,1686.78,1663.04,1687.96,1645.18,2.01232991,15.168266138800002
801040,2004-04-19,1646.83,1688.37,1689.65,1645.84,1.35258447,10.219374345599999
801040,2004-04-20,1605.1,1646.2,1649.28,1603.13,1.6311935,11.8233322547
801040,2004-04-21,1577.5,1600.6,1606.56,1567.73,1.83494382,12.4801971244
801040,2004-04-22,1594.92,1577.59,1595.17,1569.32,1.13242761,8.0193320409
801040,2004-04-23,1578.55,1593.15,1593.72,1575.1,1.17149336,7.9920044324
801040,2004-04-26,1555.76,1571.39,1578.0,1544.67,1.09911721,7.9480415958
801040,2004-04-27,1499.99,1553.32,1560.03,1499.78,1.71785103,11.899629037999999
801040,2004-04-28,1501.91,1508.03,1517.51,1483.35,1.09188853,7.8409813749
801040,2004-04-29,1470.85,1500.16,1508.74,1468.89,1.48107504,10.1608477612
801040,2004-04-30,1482.45,1480.4,1488.53,1455.01,1.58030976,9.7276442187
801040,2004-05-10,1424.0,1480.01,1481.74,1422.54,1.20314855,7.427579036
801040,2004-05-11,1443.9,1417.63,1448.84,1405.48,1.44199252,8.9638901317
801040,2004-05-12,1478.87,1443.7,1479.02,1438.06,1.51477502,9.725323333
801040,2004-05-13,1465.4,1478.53,1478.64,1458.73,0.8406488,5.5222070696
801040,2004-05-14,1434.93,1464.84,1466.62,1431.51,0.97098499,6.241062630399999
801040,2004-05-17,1421.34,1427.78,1438.84,1416.05,0.75703199,4.7419624612
801040,2004-05-18,1485.54,1431.16,1486.02,1424.88,1.7133245,10.6471529574
801040,2004-05-19,1469.12,1485.5,1489.8,1466.91,1.60015916,10.3817603474
801040,2004-05-20,1460.25,1468.15,1476.81,1445.17,0.98271925,6.466692336
801040,2004-05-21,1480.35,1460.48,1496.44,1460.48,1.37415952,8.7726074658
801040,2004-05-24,1473.37,1483.55,1485.72,1465.89,0.70908104,4.6776300688
801040,2004-05-25,1437.36,1476.83,1478.5,1435.37,1.08697551,7.0699423403
801040,2004-05-26,1450.6,1437.27,1458.88,1431.03,0.76822454,5.026701759
801040,2004-05-27,1479.35,1452.36,1485.49,1444.97,1.37039141,9.1707135235
801040,2004-05-28,1468.12,1481.57,1481.89,1464.52,0.83422,5.517594787
801040,2004-05-31,1469.52,1466.57,1471.46,1459.16,0.58150812,4.1286761162
801040,2004-06-01,1488.47,1468.71,1488.47,1461.38,1.07339315,8.125087461
801040,2004-06-02,1461.04,1489.86,1490.77,1455.07,1.47920828,10.395212152000001
801040,2004-06-03,1450.4,1459.37,1466.27,1444.52,1.13177452,7.6265992375
801040,2004-06-04,1436.31,1449.68,1456.92,1433.81,0.95724757,6.3774756778
801040,2004-06-07,1415.63,1432.13,1434.56,1410.18,0.85632084,5.4203492386
801040,2004-06-08,1402.29,1413.98,1419.23,1396.71,0.80073265,5.1138578952
801040,2004-06-09,1398.64,1399.88,1428.06,1394.76,1.14152066,7.055612717100001
801040,2004-06-10,1416.88,1397.63,1427.26,1397.34,1.21810081,7.5765769935
801040,2004-06-11,1410.73,1423.75,1440.5,1407.72,1.02766141,6.4754925389
801040,2004-06-14,1362.83,1409.6,1412.3,1356.18,1.12359722,7.1087575491
801040,2004-06-15,1387.7,1364.75,1394.76,1359.92,0.86511409,5.3063649994999995
801040,2004-06-16,1419.93,1391.19,1440.2,1383.79,2.15361065,13.056835904100001
801040,2004-06-17,1388.46,1416.76,1417.47,1387.73,1.27012587,7.7865487051999995
801040,2004-06-18,1370.52,1392.42,1395.91,1353.46,1.11610431,6.6695123119
801040,2004-06-21,1386.29,1376.61,1387.1,1366.95,0.64855318,3.8600990238
801040,2004-06-22,1394.8,1390.98,1401.28,1378.08,0.80353256,4.9113092704
801040,2004-06-23,1385.42,1399.53,1399.68,1377.47,0.50669777,3.0834272131000002
801040,2004-06-24,1376.91,1384.6,1400.98,1376.72,0.8541664,5.2434752471
801040,2004-06-25,1353.39,1374.19,1387.86,1352.52,0.75873652,4.4250765809
801040,2004-06-28,1357.36,1349.48,1365.36,1345.02,0.79917882,4.7500782697
801040,2004-06-29,1388.41,1361.59,1388.41,1352.84,1.26242892,7.5106274683
801040,2004-06-30,1376.02,1386.84,1396.27,1372.2,1.02768061,6.2303434844000005
801040,2004-07-01,1420.91,1374.24,1428.89,1371.96,2.04541032,12.452499272699999
801040,2004-07-02,1428.04,1419.06,1432.82,1411.79,1.25658097,8.483825164299999
801040,2004-07-05,1428.63,1428.49,1428.97,1414.3,1.80346241,11.9249251707
801040,2004-07-06,1436.28,1429.5,1453.19,1429.39,1.57463067,10.367496390800001
801040,2004-07-07,1425.39,1435.03,1436.06,1420.09,0.88692581,5.724003708
801040,2004-07-08,1429.2,1424.36,1429.95,1415.92,0.88089255,5.5114528795
801040,2004-07-09,1418.47,1431.03,1441.5,1417.41,0.75898061,4.8502841325
801040,2004-07-12,1384.91,1411.53,1414.84,1384.71,0.9673822,6.210409572200001
801040,2004-07-13,1387.82,1384.76,1394.09,1375.19,0.93971067,6.2272050802
801040,2004-07-14,1396.04,1390.1,1402.24,1370.76,1.06885202,7.440468403
801040,2004-07-15,1416.16,1400.22,1416.9,1391.96,1.41780625,10.3027522181
801040,2004-07-16,1451.34,1420.28,1453.6,1415.03,2.42116486,16.7135912719
801040,2004-07-19,1455.81,1452.25,1466.92,1441.42,1.36358694,9.5447823949
801040,2004-07-20,1440.5,1456.2,1456.91,1437.32,1.14239462,7.5735661865
801040,2004-07-21,1438.42,1438.01,1442.27,1424.47,0.91865579,6.5587324883
801040,2004-07-22,1393.76,1437.77,1439.1,1392.45,1.44098359,9.1230114476
801040,2004-07-23,1392.2,1389.23,1395.13,1373.83,1.09571856,6.9151833542
801040,2004-07-26,1373.19,1385.05,1391.19,1365.61,0.7975418,4.7853414281
801040,2004-07-27,1372.29,1374.05,1383.56,1361.99,0.70661726,4.2916545188
801040,2004-07-28,1379.24,1378.42,1388.73,1360.01,0.84914119,5.4111136925
801040,2004-07-29,1394.0,1381.76,1394.15,1375.95,0.81744053,5.726672147
801040,2004-07-30,1383.11,1397.5,1398.14,1381.12,0.913728,6.1405561061
801040,2004-08-02,1368.69,1377.31,1380.47,1364.2,0.66197077,4.1304730275
801040,2004-08-03,1359.7,1368.01,1371.94,1356.68,0.65300552,4.5702072379
801040,2004-08-04,1418.61,1359.18,1443.94,1354.79,2.31836651,14.6689784759
801040,2004-08-05,1398.94,1413.82,1439.43,1395.19,1.99572922,12.666345266099999
801040,2004-08-06,1409.35,1400.22,1427.07,1397.6,1.9906564,12.5904537704
801040,2004-08-09,1410.04,1403.08,1414.13,1392.19,0.95794391,6.0980186512
801040,2004-08-10,1415.3,1409.88,1418.47,1405.55,0.63718854,3.8703018631
801040,2004-08-11,1402.08,1416.19,1417.44,1399.32,0.77111246,4.8001160407
801040,2004-08-12,1384.5,1395.84,1398.32,1377.49,0.88207321,5.3687182936
801040,2004-08-13,1368.24,1362.3,1384.3,1362.3,2.20380999,14.612942068099999
801040,2004-08-16,1366.36,1365.72,1378.9,1364.04,0.78342118,5.285662701000001
801040,2004-08-17,1377.05,1365.57,1380.88,1358.84,0.69172527,4.2213829094
801040,2004-08-18,1376.21,1376.87,1387.09,1374.14,0.64189433,4.0914005788
801040,2004-08-19,1368.95,1375.04,1375.37,1360.3,0.70149976,4.1730173338
801040,2004-08-20,1373.17,1362.91,1378.27,1357.69,0.85387978,5.4293171231
801040,2004-08-23,1365.35,1369.61,1369.92,1359.48,0.5881473,3.9254438747000004
801040,2004-08-24,1381.26,1363.61,1389.92,1353.79,0.99188256,5.7076602311
801040,2004-08-25,1380.42,1379.6,1382.4,1370.26,0.59079298,3.4584968387
801040,2004-08-26,1389.92,1382.34,1396.76,1376.93,1.13416657,6.6039417060000005
801040,2004-08-27,1381.46,1392.61,1401.5,1373.43,1.15317839,6.8445135736000005
801040,2004-08-30,1384.7,1377.98,1385.84,1373.7,0.60945677,3.7504366342
801040,2004-08-31,1399.92,1403.38,1420.03,1394.14,1.27609377,7.751382599099999
801040,2004-09-01,1377.49,1400.03,1401.12,1376.96,0.62943186,3.7816623416
801040,2004-09-02,1383.89,1372.98,1384.85,1358.93,0.77293646,4.9831943992
801040,2004-09-03,1378.01,1382.2,1385.11,1373.15,0.42374499,2.5159855133
801040,2004-09-06,1374.53,1373.89,1378.59,1370.36,0.30552867,1.7341559887
801040,2004-09-07,1380.3,1373.9,1380.3,1369.3,0.34881489,1.8926738109999999
801040,2004-09-08,1368.81,1381.01,1382.54,1363.29,0.48332233,2.805690358
801040,2004-09-09,1337.08,1364.85,1369.64,1334.4,0.86550065,5.0802007259
801040,2004-09-10,1343.0,1332.23,1343.37,1325.36,0.53308917,3.1966241117000003
801040,2004-09-13,1314.47,1340.5,1341.87,1313.89,0.6070906,3.5772053727
801040,2004-09-14,1355.59,1322.29,1356.83,1320.53,1.00220279,5.8402175421
801040,2004-09-15,1404.09,1355.91,1423.57,1351.77,2.53235335,15.2984353461
801040,2004-09-16,1437.84,1413.3,1456.43,1406.17,3.39723472,19.7754438573
801040,2004-09-17,1476.82,1441.98,1476.85,1427.1,3.83778397,22.930273875700003
801040,2004-09-20,1527.19,1483.07,1530.44,1482.36,4.51535746,28.9905520021
801040,2004-09-21,1552.04,1520.83,1563.81,1503.85,4.26612798,26.7284915744
801040,2004-09-22,1521.87,1553.78,1570.85,1521.46,4.76858316,31.1154356054
801040,2004-09-23,1566.23,1516.86,1566.23,1505.17,2.30196064,15.7728093045
801040,2004-09-24,1535.03,1577.56,1603.38,1531.21,4.75809054,34.569903236799995
801040,2004-09-27,1534.99,1555.79,1565.58,1525.98,2.08348296,13.7365149697
801040,2004-09-28,1542.66,1538.08,1550.05,1524.96,1.72359178,11.5836203276
801040,2004-09-29,1530.59,1545.75,1546.98,1529.14,1.16042607,7.3041414435
801040,2004-09-30,1516.2,1529.56,1532.59,1512.01,1.36395809,9.280690479
801040,2004-10-08,1551.72,1513.44,1551.9,1492.01,1.30771711,9.653863040700001
801040,2004-10-11,1537.48,1554.27,1567.56,1533.86,1.87411371,13.458615158299999
801040,2004-10-12,1507.09,1533.5,1537.85,1499.86,1.51043393,10.9454976974
801040,2004-10-13,1499.85,1503.78,1516.61,1486.94,1.45775551,9.9263371246
801040,2004-10-14,1439.96,1498.54,1500.39,1438.5,1.58421831,10.6821285766
801040,2004-10-15,1441.62,1441.65,1452.74,1426.71,1.3354008,10.7118665547
801040,2004-10-18,1452.05,1443.72,1464.12,1427.87,1.12230802,7.8762509963
801040,2004-10-19,1452.27,1453.66,1476.19,1446.67,1.1525461,7.1155499408
801040,2004-10-20,1436.1,1450.45,1452.28,1424.24,1.21971948,7.1749139691999995
801040,2004-10-21,1394.31,1436.46,1441.74,1385.11,2.18459831,10.8966936273
801040,2004-10-22,1415.49,1391.27,1416.81,1375.69,1.50353853,8.9647558122
801040,2004-10-25,1375.18,1427.06,1435.68,1370.99,2.42960012,13.0825544276
801040,2004-10-26,1388.04,1374.38,1394.22,1353.66,1.94227172,10.461104615
801040,2004-10-27,1417.84,1390.85,1417.84,1382.4,1.78557307,10.0509779135
801040,2004-10-28,1408.41,1421.35,1427.21,1404.11,1.64794691,9.909824998200001
801040,2004-10-29,1363.7,1377.65,1385.25,1352.95,1.97409945,10.5690247503
801040,2004-11-01,1359.69,1359.74,1371.47,1355.6,0.92862611,5.065205822799999
801040,2004-11-02,1359.63,1358.63,1361.3,1347.64,0.92898279,4.9506513434
801040,2004-11-03,1364.35,1361.79,1369.05,1347.81,1.12892935,8.3672107137
801040,2004-11-04,1344.12,1367.84,1385.09,1339.8,1.62783484,9.4642606562
801040,2004-11-05,1351.71,1350.01,1359.04,1341.72,1.10813452,6.4926203826
801040,2004-11-08,1346.31,1350.63,1350.98,1336.17,0.63187487,3.6159796510000004
801040,2004-11-09,1341.97,1349.13,1353.38,1334.36,0.69152541,3.7044474142
801040,2004-11-10,1381.67,1346.42,1387.53,1329.23,2.32246903,11.6188422461
801040,2004-11-11,1377.59,1386.88,1413.89,1375.97,2.48744735,12.802601875799999
801040,2004-11-12,1378.06,1378.91,1386.43,1370.27,1.19131044,6.5009042428
801040,2004-11-15,1392.72,1382.87,1393.83,1380.18,1.03504805,5.6549565724
801040,2004-11-16,1413.62,1397.28,1426.17,1393.49,2.43902854,12.8838049967
801040,2004-11-17,1386.06,1413.59,1413.74,1383.22,1.17995342,6.233313899400001
801040,2004-11-18,1394.22,1385.75,1394.66,1382.62,0.92816296,4.8170494018
801040,2004-11-19,1397.0,1396.1,1397.2,1386.0,1.23910738,6.1874779135
801040,2004-11-22,1401.4,1399.21,1406.14,1391.23,1.41205344,7.8452677257
801040,2004-11-23,1389.63,1405.07,1405.07,1387.71,1.30193338,7.153307485599999
801040,2004-11-24,1392.95,1390.9,1401.15,1388.32,1.5346705,7.8747243549
801040,2004-11-25,1389.24,1392.08,1395.21,1382.28,1.10470371,5.9132387174000005
801040,2004-11-26,1397.25,1390.9,1401.81,1389.27,1.02449785,5.5215030476999996
801040,2004-11-29,1390.49,1398.81,1410.01,1388.62,1.28119913,6.6566820401
801040,2004-11-30,1391.89,1391.19,1395.32,1384.76,0.82782111,4.2359343881000004
801040,2004-12-01,1390.58,1392.58,1394.47,1385.31,0.8726413,4.9192654212
801040,2004-12-02,1384.76,1391.09,1392.16,1379.74,0.90757551,5.1708704408
801040,2004-12-03,1381.9,1386.91,1391.26,1378.14,0.73121606,3.9446876231
801040,2004-12-06,1389.61,1383.65,1392.82,1375.34,0.7111015,3.4938390372000003
801040,2004-12-07,1378.24,1390.84,1391.92,1377.33,0.87970041,4.3062161645999995
801040,2004-12-08,1391.29,1385.55,1396.68,1385.15,1.13433949,5.2777517909
801040,2004-12-09,1431.52,1391.89,1469.55,1387.78,5.17923269,26.003804679499996
801040,2004-12-10,1414.8,1425.59,1443.74,1411.95,2.24424821,12.680446424100001
801040,2004-12-13,1431.09,1407.08,1431.09,1403.74,1.57137237,8.6237100119
801040,2004-12-14,1426.72,1431.2,1445.28,1421.27,1.90715513,9.63867789
801040,2004-12-15,1453.26,1428.69,1461.28,1423.35,3.02006115,16.2478919265
801040,2004-12-16,1436.44,1450.43,1458.73,1434.37,1.7976367,9.7095062393
801040,2004-12-17,1419.48,1432.17,1437.1,1415.32,1.30003898,6.9048636815
801040,2004-12-20,1397.64,1411.54,1416.19,1391.01,1.09259843,5.9756395573
801040,2004-12-21,1408.96,1395.77,1415.8,1395.18,1.23727937,6.3725882699000005
801040,2004-12-22,1440.35,1412.37,1440.87,1410.59,1.90788567,9.9432563455
801040,2004-12-23,1414.7,1442.77,1442.97,1412.55,1.32607989,6.686387310900001
801040,2004-12-24,1413.43,1413.05,1422.75,1408.57,0.84596375,4.1244982805
801040,2004-12-27,1424.42,1411.93,1434.17,1410.06,1.17378032,5.8208925419
801040,2004-12-28,1424.09,1425.96,1429.39,1417.84,1.14874406,5.8505511104
801040,2004-12-29,1411.22,1424.71,1434.81,1407.91,1.54287726,7.5535429181
801040,2004-12-30,1407.19,1411.23,1415.43,1399.09,0.99088806,4.9663178599
801040,2004-12-31,1401.72,1411.32,1419.62,1400.88,1.18937083,6.1133199284
801040,2005-01-04,1366.79,1396.06,1398.27,1363.41,1.64711967,8.2304994733
801040,2005-01-05,1377.57,1365.0,1383.24,1362.44,1.04574217,5.1146115446
801040,2005-01-06,1359.5,1378.21,1378.21,1353.96,1.03600067,5.0834065069
801040,2005-01-07,1354.18,1356.27,1369.04,1342.27,1.28565258,6.1916602037
801040,2005-01-10,1366.2,1349.24,1368.7,1344.1,0.8688618,4.1597210214
801040,2005-01-11,1371.48,1365.88,1374.87,1363.44,0.80615483,3.805457979
801040,2005-01-12,1373.51,1369.84,1373.73,1363.69,0.66174008,3.1813168422
801040,2005-01-13,1377.41,1372.74,1387.77,1366.38,1.04707731,5.2902202396
801040,2005-01-14,1369.88,1377.76,1391.84,1366.43,0.83989176,4.0600600805000004
801040,2005-01-17,1346.58,1356.69,1364.45,1343.11,1.02876702,5.1015196419999995
801040,2005-01-18,1365.68,1346.51,1365.68,1341.09,0.9108556,4.4419224859
801040,2005-01-19,1359.76,1363.58,1365.64,1354.69,0.82397015,4.1799288107
801040,2005-01-20,1347.82,1351.21,1355.08,1341.51,1.10720164,5.528437091900001
801040,2005-01-21,1391.85,1346.18,1394.86,1345.68,2.37759546,11.4709314065
801040,2005-01-24,1414.19,1418.51,1421.75,1398.7,2.20165398,11.416901543900002
801040,2005-01-25,1418.29,1411.92,1418.29,1393.29,1.54967007,9.145750230800001
801040,2005-01-26,1414.23,1415.47,1428.8,1411.21,1.17881186,6.6474237037
801040,2005-01-27,1398.36,1410.53,1414.43,1397.44,0.86705013,4.6859772597000005
801040,2005-01-28,1393.99,1396.91,1401.13,1388.95,1.02061291,5.0758714276
801040,2005-01-31,1385.38,1388.29,1396.69,1379.19,1.29441405,6.6520152703
801040,2005-02-01,1398.53,1384.11,1408.97,1382.48,1.47373459,8.695854500700001
801040,2005-02-02,1465.38,1399.85,1465.38,1398.66,3.29482831,18.6648589936
801040,2005-02-03,1448.42,1464.38,1474.33,1424.87,2.5906958,14.8274973954
801040,2005-02-04,1485.77,1448.66,1495.43,1443.86,3.07372286,18.1045672702
801040,2005-02-16,1496.47,1493.13,1518.15,1482.87,2.44771469,14.4897403436
801040,2005-02-17,1483.08,1497.01,1497.51,1473.37,1.54860998,9.002203504299999
801040,2005-02-18,1457.21,1482.32,1484.04,1456.97,1.52245982,8.1884646867
801040,2005-02-21,1488.67,1458.84,1488.96,1458.14,1.74061673,10.4104198297
801040,2005-02-22,1516.36,1490.78,1518.93,1481.8,2.68216947,15.539171573800001
801040,2005-02-23,1508.72,1511.23,1520.79,1486.77,4.04668253,22.3827852946
801040,2005-02-24,1508.98,1504.37,1515.79,1487.55,2.40165098,13.384507568699998
801040,2005-02-25,1508.76,1509.78,1528.93,1508.03,2.86861009,16.033201192
801040,2005-02-28,1504.84,1506.39,1513.32,1494.99,1.78767322,10.427969852
801040,2005-03-01,1494.87,1500.49,1506.56,1491.68,1.46592417,8.4220960598
801040,2005-03-02,1445.55,1493.14,1500.13,1444.41,3.25931564,18.287025649500002
801040,2005-03-03,1467.88,1441.5,1469.55,1438.66,1.96368564,10.951818416400002
801040,2005-03-04,1459.17,1471.31,1471.31,1457.16,1.19625968,8.3824134221
801040,2005-03-07,1471.36,1458.54,1479.54,1458.43,1.32555803,8.8490961149
801040,2005-03-08,1499.92,1474.53,1499.92,1474.2,1.73514025,11.771563410999999
801040,2005-03-09,1500.26,1502.63,1506.52,1491.4,1.90854533,12.1224317965
801040,2005-03-10,1458.78,1499.93,1500.37,1458.29,1.64811493,9.8565699253
801040,2005-03-11,1466.78,1457.12,1469.97,1448.44,1.63297977,10.9545706894
801040,2005-03-14,1481.11,1468.7,1502.17,1458.69,1.82731217,12.5070547008
801040,2005-03-15,1463.0,1482.35,1486.73,1461.62,1.31103909,8.5131289412
801040,2005-03-16,1453.74,1462.28,1465.14,1439.27,1.50473551,9.9063125285
801040,2005-03-17,1432.61,1453.81,1457.01,1432.61,1.53143724,9.0327447473
801040,2005-03-18,1418.46,1432.03,1438.05,1415.95,1.41916147,8.4525109791
801040,2005-03-21,1431.92,1418.0,1432.28,1413.7,0.90566134,5.1505931775
801040,2005-03-22,1409.54,1430.85,1431.51,1407.26,1.42857039,8.0995536842
801040,2005-03-23,1379.65,1406.67,1412.05,1379.65,1.52826472,9.5815963551
801040,2005-03-24,1392.18,1376.81,1401.09,1373.81,1.26473078,11.4284671935
801040,2005-03-25,1391.93,1392.01,1398.03,1384.94,1.13376029,6.9934463951
801040,2005-03-28,1394.93,1391.33,1396.13,1379.2,0.99572799,5.826932091000001
801040,2005-03-29,1395.29,1395.07,1408.79,1392.3,1.14550532,6.5388711471
801040,2005-03-30,1374.64,1391.0,1391.53,1373.92,1.14339172,7.247940127200001
801040,2005-03-31,1370.78,1364.67,1371.01,1349.24,1.19297183,6.6721880403
801040,2005-04-01,1429.54,1367.61,1447.87,1366.6,3.14266626,17.5532090704
801040,2005-04-04,1407.56,1417.15,1426.21,1400.91,1.97837521,10.9212203247
801040,2005-04-05,1387.82,1404.11,1413.69,1385.58,1.76682237,9.641577206900001
801040,2005-04-06,1386.84,1388.49,1393.97,1362.94,2.67158079,16.7601676182
801040,2005-04-07,1394.92,1386.55,1418.47,1379.03,2.80330937,16.5774117427
801040,2005-04-08,1406.04,1394.38,1406.07,1384.08,1.41235156,6.8070567043
801040,2005-04-11,1388.63,1407.8,1410.77,1387.74,1.70624516,10.557143378200001
801040,2005-04-12,1381.62,1384.8,1398.89,1379.94,1.4806785,8.051868608300001
801040,2005-04-13,1408.62,1392.27,1413.54,1392.11,2.1900579,11.9960752273
801040,2005-04-14,1402.14,1419.23,1422.18,1399.78,1.7623844,9.2766002213
801040,2005-04-15,1392.0,1392.8,1399.9,1384.88,1.95911141,11.9634018869
801040,2005-04-18,1378.94,1389.79,1396.27,1373.53,1.6199131,9.2706541985
801040,2005-04-19,1379.06,1379.83,1385.97,1366.28,1.7862708,10.5529498824
801040,2005-04-20,1380.66,1376.37,1387.21,1365.5,1.21182272,6.2910080137
801040,2005-04-21,1357.58,1379.23,1380.3,1355.61,1.43915908,8.0137384415
801040,2005-04-22,1347.48,1361.37,1364.73,1339.59,1.42846937,7.8926974445
801040,2005-04-25,1322.0,1341.62,1342.81,1314.0,1.69149096,9.3001366272
801040,2005-04-26,1317.11,1321.19,1332.27,1306.42,1.6596883,9.4369453189
801040,2005-04-27,1279.02,1296.48,1296.61,1278.13,2.17697739,11.3436671119
801040,2005-04-28,1285.82,1271.54,1288.3,1259.79,2.45975561,12.7519428647
801040,2005-04-29,1267.41,1277.12,1286.23,1263.47,1.52448291,8.9453728072
801040,2005-05-09,1229.21,1270.13,1277.03,1229.21,1.45304059,8.5462149848
801040,2005-05-10,1243.32,1222.68,1245.55,1217.41,1.4160568,7.666945071900001
801040,2005-05-11,1225.24,1240.38,1246.67,1222.47,0.96508709,5.6730541703999995
801040,2005-05-12,1188.28,1221.13,1225.74,1186.75,1.9569466,10.2614294844
801040,2005-05-13,1194.74,1184.87,1209.51,1176.97,1.65822219,8.619021164500001
801040,2005-05-16,1182.41,1193.48,1193.48,1170.62,1.16781046,5.658701891900001
801040,2005-05-17,1194.16,1181.04,1207.27,1174.71,1.5471657,7.9025874549
801040,2005-05-18,1196.21,1192.0,1203.47,1181.33,1.10778582,5.7512739693
801040,2005-05-19,1199.97,1197.5,1205.33,1178.32,1.37026358,6.033298072899999
801040,2005-05-20,1203.74,1199.2,1214.38,1193.1,1.51282852,6.4437602879
801040,2005-05-23,1177.55,1202.35,1203.43,1177.23,1.21844873,5.843402385499999
801040,2005-05-24,1172.14,1175.57,1179.48,1150.21,1.88724797,8.8453047757
801040,2005-05-25,1168.96,1170.35,1180.26,1159.34,1.09927076,5.6166136132
801040,2005-05-26,1164.9,1166.98,1180.21,1162.3,0.95964979,4.5500966302
801040,2005-05-27,1159.65,1163.08,1177.94,1158.38,1.04446118,4.8638372315
801040,2005-05-30,1165.38,1158.07,1171.8,1149.99,1.08939961,5.4299740311
801040,2005-05-31,1170.54,1168.84,1178.05,1162.95,1.09821899,5.2675712067000005
801040,2005-06-01,1155.73,1170.06,1181.31,1154.3,1.49474684,7.0326759214
801040,2005-06-02,1137.8,1151.49,1156.23,1130.03,1.56657574,7.6707413236
801040,2005-06-03,1132.74,1134.37,1139.99,1118.75,1.15567094,5.6072871384
801040,2005-06-06,1159.25,1130.84,1159.31,1120.05,1.51823582,7.655828335
801040,2005-06-07,1161.34,1166.39,1189.77,1160.36,2.37339762,14.349310677
801040,2005-06-08,1260.18,1170.16,1264.01,1170.08,6.25080485,31.9056652188
801040,2005-06-09,1268.34,1267.45,1288.45,1244.53,6.39805738,33.0902272378
801040,2005-06-10,1240.25,1267.32,1267.39,1229.55,3.55218057,18.571733285
801040,2005-06-13,1233.74,1241.12,1245.48,1211.59,2.46446325,12.339873221400001
801040,2005-06-14,1229.94,1238.34,1262.7,1228.99,3.03840314,15.1542599475
801040,2005-06-15,1215.5,1226.79,1229.88,1207.93,2.27173224,12.022939552
801040,2005-06-16,1229.02,1215.91,1229.03,1202.69,1.82950555,9.5747016018
801040,2005-06-17,1234.54,1253.94,1265.51,1232.12,4.13225896,22.230138294
801040,2005-06-20,1253.48,1233.38,1253.67,1217.81,3.45907027,17.7168632923
801040,2005-06-21,1231.69,1252.54,1252.54,1230.44,2.17717516,10.3964513513
801040,2005-06-22,1227.96,1230.83,1243.76,1218.85,1.67067865,7.8286312761
801040,2005-06-23,1225.33,1227.77,1238.84,1224.86,1.58625669,8.9680983749
801040,2005-06-24,1229.69,1223.29,1230.59,1218.49,1.11182137,5.3594237607
801040,2005-06-27,1244.27,1236.7,1249.81,1235.87,2.47506629,12.0339215055
801040,2005-06-28,1227.04,1240.27,1240.37,1225.29,1.72790051,7.7697515755
801040,2005-06-29,1224.52,1256.23,1257.65,1224.08,3.95774748,18.951807693499997
801040,2005-06-30,1193.61,1219.95,1220.4,1191.98,2.49348777,11.2667864658
801040,2005-07-01,1186.13,1190.49,1200.41,1183.07,1.70466094,7.9639331021
801040,2005-07-04,1180.03,1181.65,1184.43,1164.89,1.44855325,6.3525517479
801040,2005-07-05,1160.56,1176.45,1182.43,1157.01,1.27694698,5.4821751696000005
801040,2005-07-06,1154.93,1161.6,1168.66,1152.11,0.98223765,4.114298585799999
801040,2005-07-07,1158.89,1155.25,1164.36,1153.73,0.66640239,2.9203771966
801040,2005-07-08,1136.25,1155.65,1156.1,1135.23,0.98215429,4.1304097049
801040,2005-07-11,1131.78,1147.72,1161.05,1129.22,1.33829819,5.8891095173000005
801040,2005-07-12,1161.12,1130.75,1163.15,1122.49,2.45533768,10.8185555569
801040,2005-07-13,1155.79,1158.52,1166.48,1145.93,1.49331392,6.285689892100001
801040,2005-07-14,1162.78,1154.24,1172.46,1151.56,1.37504702,6.0905772462
801040,2005-07-15,1152.55,1163.43,1170.21,1148.5,1.16472759,5.0428027129
801040,2005-07-18,1148.86,1151.13,1157.22,1143.8,1.07585557,4.9421390969
801040,2005-07-19,1153.55,1147.1,1157.75,1144.43,1.08043321,4.9887355411000005
801040,2005-07-20,1165.65,1152.72,1167.26,1149.27,1.70384949,7.3605716797000005
801040,2005-07-21,1178.26,1165.89,1181.42,1159.61,2.39542891,10.2159814662
801040,2005-07-22,1181.77,1179.99,1191.19,1168.06,3.21851258,14.0419574598
801040,2005-07-25,1176.7,1185.11,1185.11,1174.6,1.24586695,5.3456881524
801040,2005-07-26,1196.75,1180.15,1198.87,1175.92,2.51876559,10.5363882191
801040,2005-07-27,1216.6,1199.96,1216.6,1194.81,2.83718305,11.572460198900002
801040,2005-07-28,1214.68,1221.26,1224.92,1212.34,2.59492558,12.378743293
801040,2005-07-29,1209.02,1217.05,1217.05,1205.51,1.64696536,7.534915725299999
801040,2005-08-01,1215.41,1211.81,1219.99,1207.96,1.36461611,5.7779345159
801040,2005-08-02,1229.15,1219.44,1229.26,1210.48,1.76954634,7.5364219176
801040,2005-08-03,1237.48,1234.54,1248.85,1228.56,2.94860836,13.2375178189
801040,2005-08-04,1229.49,1238.89,1238.98,1226.03,1.60186093,6.9200953261
801040,2005-08-05,1242.57,1233.37,1242.89,1229.6,2.23077613,9.6869886924
801040,2005-08-08,1255.06,1249.69,1261.41,1245.49,2.89851683,12.7040638379
801040,2005-08-09,1263.36,1259.38,1263.36,1244.23,2.6573147,11.650978909500001
801040,2005-08-10,1267.28,1269.19,1270.09,1252.96,2.99821146,13.1163566273
801040,2005-08-11,1284.44,1271.41,1285.63,1265.35,3.67868751,18.313700673499998
801040,2005-08-12,1273.03,1289.24,1295.62,1269.75,3.46873272,17.60773841
801040,2005-08-15,1291.41,1277.68,1291.82,1273.0,2.37317674,11.316506453599999
801040,2005-08-16,1289.32,1297.23,1299.14,1284.03,3.23607249,14.5848339997
801040,2005-08-17,1293.61,1292.58,1293.73,1271.96,2.72870205,12.4728522945
801040,2005-08-18,1231.71,1295.33,1296.34,1229.65,8.74130536,39.4584699358
801040,2005-08-19,1230.75,1229.02,1242.98,1216.01,4.23654982,18.7165560993
801040,2005-08-22,1240.44,1230.57,1243.9,1228.3,3.16155595,14.5215882442
801040,2005-08-23,1233.61,1240.69,1244.76,1221.25,3.23286709,13.930740878800002
801040,2005-08-24,1236.7,1232.68,1244.58,1230.25,2.65862365,11.7452074853
801040,2005-08-25,1229.1,1236.75,1237.52,1221.32,2.65350463,11.5608237416
801040,2005-08-26,1226.17,1228.57,1229.26,1219.18,2.67587291,11.3337049342
801040,2005-08-29,1207.05,1224.47,1224.82,1207.05,2.4484123,10.3445388916
801040,2005-08-30,1207.62,1203.2,1218.8,1196.55,2.42157171,9.994479228
801040,2005-08-31,1222.22,1208.15,1222.35,1206.41,1.78489713,7.4665580122
801040,2005-09-01,1238.11,1226.88,1239.11,1218.79,2.87605646,11.898555676700001
801040,2005-09-02,1233.27,1239.38,1239.38,1228.27,2.13977156,8.7524606632
801040,2005-09-05,1239.18,1233.29,1239.83,1228.29,2.43190961,10.2357224201
801040,2005-09-06,1218.6,1238.83,1240.89,1217.39,2.62720078,11.480479736500001
801040,2005-09-07,1232.29,1216.98,1232.29,1213.72,2.32449931,9.8112676056
801040,2005-09-08,1234.35,1233.9,1240.18,1228.01,2.73039726,11.770309030999998
801040,2005-09-09,1231.46,1234.0,1239.9,1226.05,1.89175882,8.1077715948
801040,2005-09-12,1233.38,1231.41,1240.56,1227.36,1.57837453,6.6843276355
801040,2005-09-13,1248.67,1233.54,1248.67,1228.86,2.89112602,12.071392888
801040,2005-09-14,1250.68,1249.05,1250.7,1241.48,2.60102145,10.869012713800002
801040,2005-09-15,1248.79,1251.62,1251.79,1244.29,2.06851779,8.4211684964
801040,2005-09-16,1249.65,1248.88,1250.09,1243.16,2.05183599,8.6445607327
801040,2005-09-19,1254.11,1249.42,1254.35,1245.38,2.33311949,9.6461116654
801040,2005-09-20,1245.21,1254.75,1254.91,1239.96,2.73362405,11.3834949993
801040,2005-09-21,1224.46,1243.81,1244.68,1221.57,2.80151051,11.7968096448
801040,2005-09-22,1191.3,1222.0,1222.76,1183.75,2.39595547,9.4697740491
801040,2005-09-23,1186.95,1191.24,1197.8,1184.96,1.19743296,4.9295279215
801040,2005-09-26,1181.21,1186.1,1193.41,1179.02,1.17938357,4.7457793221
801040,2005-09-27,1165.11,1180.99,1184.77,1164.34,1.19212874,4.9567488844
801040,2005-09-28,1165.68,1163.81,1171.77,1163.4,0.93471007,3.8781112330000003
801040,2005-09-29,1175.55,1165.73,1176.27,1165.3,1.50250045,5.956466150700001
801040,2005-09-30,1187.06,1176.86,1189.3,1174.96,1.31996166,5.642176613099999
801040,2005-10-10,1174.48,1183.94,1185.18,1172.69,0.89388017,4.0318855805
801040,2005-10-11,1181.35,1173.3,1181.35,1171.14,0.77815875,3.2140837655000003
801040,2005-10-12,1190.56,1186.69,1192.6,1180.68,1.70685276,7.7710368951
801040,2005-10-13,1186.19,1193.05,1195.6,1186.03,1.48006226,6.6614193478
801040,2005-10-14,1179.21,1186.54,1190.41,1177.73,1.37528312,6.260031349099999
801040,2005-10-17,1165.43,1176.54,1178.95,1159.14,1.18616678,5.364439634
801040,2005-10-18,1169.39,1167.42,1172.8,1163.51,2.61632269,10.2849869488
801040,2005-10-19,1158.95,1167.3,1170.12,1157.44,1.40556095,5.7004449275999995
801040,2005-10-20,1153.57,1156.73,1158.02,1144.83,1.7430226,7.3386628675
801040,2005-10-21,1154.22,1151.98,1158.08,1148.69,1.64277722,7.0325207355999995
801040,2005-10-24,1153.41,1151.49,1156.58,1148.31,1.51779108,6.2373008092
801040,2005-10-25,1138.35,1148.92,1152.15,1137.2,1.49373896,5.536204869500001
801040,2005-10-26,1105.86,1128.34,1136.83,1101.12,1.89372916,7.9785709914
801040,2005-10-27,1104.34,1100.41,1105.84,1090.34,1.38716354,5.4677834648
801040,2005-10-28,1102.8,1103.44,1108.17,1091.11,1.53335665,5.7207143835
801040,2005-10-31,1109.73,1099.53,1112.98,1093.58,1.52814349,6.3051454418
801040,2005-11-01,1101.3,1110.42,1110.44,1093.14,1.12509153,4.8402208456
801040,2005-11-02,1112.99,1102.18,1115.89,1099.6,1.37387932,5.638657005800001
801040,2005-11-03,1105.28,1114.53,1117.06,1103.75,1.10655531,4.4389264406
801040,2005-11-04,1108.39,1108.2,1110.1,1099.83,0.83905584,3.3548741876999997
801040,2005-11-07,1106.3,1110.11,1110.11,1097.95,0.98402711,3.7061313323
801040,2005-11-08,1107.29,1105.85,1107.29,1097.87,1.18903556,4.4676878471
801040,2005-11-09,1102.54,1107.26,1114.33,1101.78,1.47118399,5.7909438714
801040,2005-11-10,1084.25,1102.58,1103.92,1083.87,1.58434916,6.1128353686
801040,2005-11-11,1081.69,1085.56,1085.78,1077.07,1.4501222,5.476278862999999
801040,2005-11-14,1074.31,1080.89,1082.01,1070.04,0.9652499,3.9257228463
801040,2005-11-15,1070.01,1073.5,1080.33,1067.38,0.86241108,3.1349071006
801040,2005-11-16,1096.45,1070.13,1096.45,1057.76,2.06964814,7.065979251799999
801040,2005-11-17,1080.03,1096.11,1096.15,1080.03,1.39997941,4.8198446858
801040,2005-11-18,1104.8,1079.02,1112.05,1079.02,2.76978534,10.234085304
801040,2005-11-21,1110.37,1104.82,1115.16,1103.91,3.00713298,11.105094360299999
801040,2005-11-22,1102.38,1110.94,1113.16,1101.63,3.26260211,10.4748937276
801040,2005-11-23,1117.88,1100.04,1119.07,1099.74,4.30097826,13.4100395019
801040,2005-11-24,1128.57,1115.65,1150.34,1113.92,6.6535868,21.2522342774
801040,2005-11-25,1136.04,1123.16,1136.04,1121.72,5.96936303,18.2560978556
801040,2005-11-28,1123.59,1126.87,1133.0,1117.68,3.1461587,9.688535782799999
801040,2005-11-29,1111.09,1119.73,1123.49,1108.95,2.97233341,9.286463815800001
801040,2005-11-30,1111.22,1105.22,1111.99,1100.51,2.05625597,6.610737769299999
801040,2005-12-01,1115.96,1107.29,1118.52,1107.02,1.52586582,5.2518895202
801040,2005-12-02,1104.21,1111.55,1118.53,1101.86,3.77700526,13.7758589569
801040,2005-12-05,1097.18,1102.1,1104.45,1091.44,2.97664513,10.4227983641
801040,2005-12-06,1107.23,1093.14,1112.25,1093.13,2.52514689,8.9415155661
801040,2005-12-07,1110.78,1104.0,1112.69,1102.71,2.20492879,7.7301312595
801040,2005-12-08,1109.05,1108.54,1113.43,1102.09,1.87897474,6.9160172249
801040,2005-12-09,1119.68,1106.19,1122.27,1105.49,1.99742014,7.3745006002
801040,2005-12-12,1116.66,1116.95,1120.26,1111.82,1.21909609,4.5295089627
801040,2005-12-13,1115.77,1113.72,1116.15,1105.48,1.59468472,6.6582965612
801040,2005-12-14,1117.77,1111.84,1120.44,1108.17,2.01839198,7.3001585828
801040,2005-12-15,1117.94,1118.61,1123.6,1111.2,3.01054543,11.2491204666
801040,2005-12-16,1129.38,1115.65,1129.9,1114.07,2.31350537,8.4874121303
801040,2005-12-19,1134.2,1128.77,1134.87,1124.82,2.41043918,8.4419631179
801040,2005-12-20,1136.12,1133.05,1136.44,1126.15,2.11641436,7.510731687100001
801040,2005-12-21,1123.72,1135.54,1137.35,1122.52,1.88768807,6.468109599
801040,2005-12-22,1125.15,1123.12,1126.16,1119.11,1.54621178,5.6154348877
801040,2005-12-23,1130.81,1125.32,1131.15,1123.16,1.8625935,6.9593998078
801040,2005-12-26,1141.52,1129.68,1144.28,1128.28,2.29516422,8.7374707405
801040,2005-12-27,1145.27,1141.27,1149.18,1138.94,1.92181915,7.138208369299999
801040,2005-12-28,1157.98,1144.93,1158.21,1144.78,2.41415384,8.5232008442
801040,2005-12-29,1155.88,1156.46,1158.03,1152.83,2.91521006,10.401901930800001
801040,2005-12-30,1151.05,1158.07,1159.63,1146.82,2.86065104,12.1760365628
801040,2006-01-04,1162.24,1145.18,1162.32,1143.38,2.4347224,10.0125959333
801040,2006-01-05,1185.53,1161.01,1188.28,1159.49,4.02457392,16.6496015324
801040,2006-01-06,1189.5,1185.65,1195.58,1178.52,3.85504934,14.6357866918
801040,2006-01-09,1192.69,1189.24,1193.86,1182.06,3.0175189,11.4512477088
801040,2006-01-10,1190.9,1191.96,1192.14,1179.0,3.00371447,11.1657664169
801040,2006-01-11,1197.75,1189.55,1212.57,1184.48,5.04736205,17.8291785669
801040,2006-01-12,1208.93,1197.11,1208.96,1191.64,2.99280346,11.5214286699
801040,2006-01-13,1201.15,1207.74,1209.24,1194.19,2.61393391,9.8977316924
801040,2006-01-16,1181.66,1197.72,1199.65,1181.66,2.82833287,10.4544474211
801040,2006-01-17,1184.9,1178.67,1186.49,1177.34,2.66592321,10.1381382244
801040,2006-01-18,1202.75,1182.94,1202.81,1182.54,3.16583563,11.938245257
801040,2006-01-19,1229.74,1203.04,1236.89,1194.09,6.32661925,23.6673783247
801040,2006-01-20,1231.06,1227.16,1233.39,1219.25,4.67057629,17.7009510165
801040,2006-01-23,1246.65,1228.53,1247.43,1228.53,3.13095763,12.316710128499999
801040,2006-01-24,1247.22,1243.01,1256.45,1242.69,2.81903178,11.8087778745
801040,2006-01-25,1249.63,1241.84,1254.13,1239.63,2.09337841,8.4834677101
801040,2006-02-06,1284.01,1257.04,1290.1,1249.52,3.46141367,14.054216979400001
801040,2006-02-07,1282.08,1284.24,1291.23,1270.02,3.50570095,15.2906980077
801040,2006-02-08,1281.64,1278.11,1283.52,1269.64,2.67274639,10.944895841800001
801040,2006-02-09,1272.87,1278.58,1286.53,1270.1,2.91290506,11.940586488900001
801040,2006-02-10,1283.98,1272.1,1284.9,1267.03,2.93842916,11.6266966306
801040,2006-02-13,1284.49,1285.76,1288.02,1278.26,3.66086869,13.003594850499999
801040,2006-02-14,1278.09,1282.63,1284.23,1274.08,2.10288602,7.8061128362
801040,2006-02-15,1276.43,1277.05,1289.09,1273.6,2.83067813,11.5331369477
801040,2006-02-16,1248.57,1275.04,1277.35,1248.38,2.84417069,10.9052882458
801040,2006-02-17,1252.65,1244.96,1262.45,1241.32,2.47621258,9.2508604223
801040,2006-02-20,1258.32,1252.65,1266.56,1251.04,2.40152651,9.417619441900001
801040,2006-02-21,1293.67,1256.87,1293.67,1255.77,4.85950086,19.4841445106
801040,2006-02-22,1307.13,1293.75,1321.53,1293.37,5.5709804,23.121264313
801040,2006-02-23,1307.81,1307.34,1311.14,1290.97,2.87101281,11.7377296174
801040,2006-02-24,1315.71,1311.93,1326.08,1310.54,3.23610126,12.933309288299998
801040,2006-02-27,1300.22,1314.88,1318.63,1298.16,2.27628328,8.9106508749
801040,2006-02-28,1305.61,1297.15,1308.17,1286.41,2.47610257,9.579336057899999
801040,2006-03-01,1308.61,1307.3,1309.74,1297.65,2.48470844,9.6981490583
801040,2006-03-02,1280.38,1305.51,1306.67,1277.16,3.86537982,14.363861979100001
801040,2006-03-03,1288.33,1276.68,1288.74,1271.53,2.87499687,10.3911762236
801040,2006-03-06,1295.33,1288.3,1301.96,1287.51,2.73832748,10.1037557883
801040,2006-03-07,1268.8,1296.02,1296.95,1266.85,3.20008332,11.761301111
801040,2006-03-08,1249.43,1265.62,1267.13,1234.98,2.86849952,10.4607464905
801040,2006-03-09,1254.44,1248.93,1256.22,1244.39,2.29464793,7.64072369
801040,2006-03-10,1269.68,1254.12,1269.69,1253.84,1.86877815,7.4974415748
801040,2006-03-13,1286.18,1264.84,1288.21,1264.84,2.25885423,8.263055768400001
801040,2006-03-14,1285.65,1281.11,1287.7,1277.18,1.7401142,6.1397513084
801040,2006-03-15,1293.76,1277.81,1293.76,1277.79,2.33190984,8.463469342
801040,2006-03-16,1282.92,1288.54,1294.15,1279.67,2.05284631,7.5258308477
801040,2006-03-17,1277.67,1276.91,1285.08,1271.26,2.11670979,7.5248706417
801040,2006-03-20,1289.87,1272.12,1290.0,1271.64,1.40221228,5.0368288648
801040,2006-03-21,1287.23,1282.1,1293.12,1281.8,1.84661803,6.8932423661
801040,2006-03-22,1287.54,1280.17,1288.14,1277.25,1.85174452,7.0497301057
801040,2006-03-23,1283.28,1278.51,1285.5,1278.33,2.5165411,9.5808234556
801040,2006-03-24,1283.56,1277.52,1288.91,1276.84,2.4946554,9.7548303823
801040,2006-03-27,1286.33,1275.27,1286.43,1275.27,1.80178223,6.691321293
801040,2006-03-28,1300.93,1282.04,1301.14,1281.21,4.75031114,14.8461680398
801040,2006-03-29,1314.69,1297.43,1324.74,1292.96,5.52730177,18.4663270637
801040,2006-03-30,1300.17,1307.07,1314.49,1299.64,2.80755873,9.5428118978
801040,2006-03-31,1302.71,1292.62,1303.48,1292.19,3.63443591,11.2641115039
801040,2006-04-03,1311.57,1299.69,1311.97,1299.67,4.16281335,13.7975094995
801040,2006-04-04,1316.47,1306.71,1316.69,1303.65,3.73417379,12.6174183376
801040,2006-04-05,1318.01,1309.22,1326.35,1309.22,5.03594723,16.8697487975
801040,2006-04-06,1315.96,1313.79,1321.82,1309.91,4.93714359,16.454566986
801040,2006-04-07,1308.18,1312.42,1316.9,1302.05,4.90524339,16.7263239019
801040,2006-04-10,1327.43,1305.44,1334.38,1290.5,4.73566738,16.7667464725
801040,2006-04-11,1334.68,1324.14,1338.0,1321.14,4.533413,16.403985781099998
801040,2006-04-12,1325.28,1330.28,1334.41,1324.14,3.75336132,12.845006868099999
801040,2006-04-13,1331.37,1331.63,1344.62,1327.68,6.81952723,23.464025114899997
801040,2006-04-14,1379.49,1339.41,1384.51,1338.91,11.26876272,41.7376209321
801040,2006-04-17,1394.97,1379.55,1399.22,1379.55,6.35536294,23.287483604299997
801040,2006-04-18,1422.18,1396.14,1434.4,1386.22,7.41658429,32.5672947097
801040,2006-04-19,1408.9,1420.64,1423.75,1391.65,5.50961826,21.1207335332
801040,2006-04-20,1387.63,1409.58,1411.45,1383.37,5.72257076,22.1210904351
801040,2006-04-21,1389.52,1388.12,1396.3,1372.61,6.41795512,25.3041995463
801040,2006-04-24,1353.0,1388.03,1389.14,1349.04,6.45458638,22.605006672600002
801040,2006-04-25,1323.18,1348.07,1354.29,1313.19,7.02665446,24.248124766900002
801040,2006-04-26,1340.7,1326.36,1341.82,1312.58,6.44646807,22.6494288051
801040,2006-04-27,1325.68,1342.56,1344.75,1319.84,4.81077755,16.6717384021
801040,2006-04-28,1320.88,1313.15,1320.88,1293.9,4.98994462,17.606410221199997
801040,2006-05-08,1358.03,1324.27,1359.55,1321.13,5.47962509,20.1719200317
801040,2006-05-09,1387.02,1362.84,1387.02,1356.74,7.01860617,25.4210824585
801040,2006-05-10,1406.46,1390.3,1407.53,1370.68,7.45403811,27.890758366700002
801040,2006-05-11,1396.41,1410.63,1432.23,1395.19,8.50388223,32.566557345599996
801040,2006-05-12,1415.2,1400.07,1415.2,1391.08,6.73377629,25.904630206999997
801040,2006-05-15,1485.23,1426.72,1485.23,1423.58,11.63059246,44.509750601899995
801040,2006-05-16,1465.56,1493.31,1526.31,1454.54,11.98604781,46.1350650671
801040,2006-05-17,1484.75,1470.6,1487.57,1459.04,7.6620963,28.7831613455
801040,2006-05-18,1501.07,1481.3,1504.96,1468.8,8.33499259,31.862260608299998
801040,2006-05-19,1554.51,1506.53,1571.38,1503.15,11.80811131,44.766776075900005
801040,2006-05-22,1608.04,1557.98,1628.82,1549.98,12.75472924,50.7058375945
801040,2006-05-23,1541.14,1604.53,1604.53,1541.14,9.08288598,34.9234280198
801040,2006-05-24,1508.64,1552.93,1582.42,1467.42,7.933881,38.0431538611
801040,2006-05-25,1500.21,1508.76,1512.29,1469.39,5.65412909,24.059278851
801040,2006-05-26,1541.43,1504.0,1545.74,1503.35,5.81287277,25.6700574648
801040,2006-05-29,1614.01,1553.68,1621.24,1553.49,8.81851668,36.9198323133
801040,2006-05-30,1593.71,1617.95,1630.49,1581.41,6.49901709,27.9103391616
801040,2006-05-31,1587.42,1589.87,1611.94,1569.44,7.3240993,31.219973299099998
801040,2006-06-01,1623.09,1593.56,1623.59,1593.56,7.67657514,32.0484036113
801040,2006-06-02,1608.54,1638.06,1640.83,1602.99,10.27384615,42.46488319
801040,2006-06-05,1622.6,1615.54,1628.77,1584.11,9.06904861,34.321763993699996
801040,2006-06-06,1632.74,1619.21,1638.98,1611.08,7.50016395,30.6206885442
801040,2006-06-07,1537.15,1632.29,1637.84,1537.15,7.27686105,29.0350848392
801040,2006-06-08,1537.23,1525.93,1537.29,1488.81,5.81726973,22.541105948800002
801040,2006-06-09,1518.49,1535.58,1551.84,1515.07,5.69068564,23.7930739319
801040,2006-06-12,1532.9,1510.71,1539.53,1500.11,3.5413562,16.167431961400002
801040,2006-06-13,1514.7,1532.89,1537.2,1499.64,3.16039996,13.2429173607
801040,2006-06-14,1470.65,1508.98,1509.47,1459.92,3.71821065,14.3836553007
801040,2006-06-15,1463.77,1469.53,1482.7,1456.12,3.16323475,11.943823468
801040,2006-06-16,1504.23,1468.75,1504.23,1468.22,3.61124827,13.965402774600001
801040,2006-06-19,1513.27,1495.75,1523.08,1481.61,3.6837049,14.677946005199999
801040,2006-06-20,1514.98,1510.77,1517.75,1500.74,2.62188377,10.522736484600001
801040,2006-06-21,1505.2,1510.74,1515.34,1486.78,3.32982427,12.9959913316
801040,2006-06-22,1502.04,1508.1,1512.0,1498.48,2.8835979,11.593744613299998
801040,2006-06-23,1507.01,1501.91,1508.21,1485.12,2.81552503,11.1548492201
801040,2006-06-26,1546.47,1510.25,1546.9,1510.25,3.83945474,17.155684118099998
801040,2006-06-27,1551.85,1549.04,1558.85,1539.54,3.75026662,16.4170001754
801040,2006-06-28,1575.83,1553.08,1577.04,1549.21,4.4803274,16.982642539
801040,2006-06-29,1627.43,1580.1,1633.44,1579.99,7.19225217,28.8864895641
801040,2006-06-30,1617.18,1628.86,1639.35,1606.14,5.2920848,20.2190282343
801040,2006-07-03,1638.14,1625.39,1638.14,1617.84,4.26824669,17.7504862336
801040,2006-07-04,1611.32,1642.46,1642.46,1602.45,5.23069862,21.5344512036
801040,2006-07-05,1594.15,1611.7,1614.52,1579.42,3.64778183,14.7763595579
801040,2006-07-06,1615.2,1594.67,1615.2,1592.41,3.68228778,15.5337529305
801040,2006-07-07,1612.39,1618.44,1624.39,1606.79,4.25697241,19.207980446300002
801040,2006-07-10,1604.43,1615.61,1615.67,1588.22,3.72183335,16.0677963497
801040,2006-07-11,1595.69,1606.13,1608.14,1588.77,4.01786287,17.2903297409
801040,2006-07-12,1589.17,1597.79,1599.34,1588.03,4.05100148,17.4998125227
801040,2006-07-13,1517.32,1587.41,1591.07,1511.0,5.96918375,25.5259655505
801040,2006-07-14,1522.32,1508.12,1533.92,1498.51,3.91136933,17.5332564439
801040,2006-07-17,1542.56,1520.68,1542.56,1515.22,3.11674586,13.9214993956
801040,2006-07-18,1549.9,1542.47,1549.9,1529.55,3.05744882,12.934181277999999
801040,2006-07-19,1520.6,1547.84,1548.89,1512.0,3.11318912,13.7790727615
801040,2006-07-20,1520.31,1518.33,1528.5,1510.43,1.98155936,8.4792272549
801040,2006-07-21,1529.31,1518.01,1529.31,1515.43,2.34196131,9.960285983099999
801040,2006-07-24,1515.94,1516.11,1521.65,1501.71,2.06895424,8.4910446941
801040,2006-07-25,1533.67,1518.23,1535.71,1516.01,2.25929215,9.3101847762
801040,2006-07-26,1541.76,1537.61,1553.23,1525.22,2.57508344,10.5042632819
801040,2006-07-27,1518.62,1541.41,1544.22,1511.5,2.53077794,10.2720984964
801040,2006-07-28,1505.5,1520.73,1525.03,1493.83,2.84045807,12.961840543900001
801040,2006-07-31,1460.8,1505.45,1506.11,1460.6,3.10569172,12.582735763199999
801040,2006-08-01,1453.36,1459.6,1468.82,1447.81,2.18031383,8.7386199087
801040,2006-08-02,1442.4,1453.73,1458.24,1421.96,2.16161376,9.1280531388
801040,2006-08-03,1439.72,1444.94,1447.83,1429.63,1.51954756,6.4735233036
801040,2006-08-04,1414.0,1441.5,1446.14,1412.07,1.78491505,7.0746732867999995
801040,2006-08-07,1393.77,1409.83,1411.2,1391.83,1.79803604,6.8480070865
801040,2006-08-08,1426.44,1394.07,1426.44,1393.48,1.59732913,6.5142914778
801040,2006-08-09,1424.75,1429.26,1432.46,1418.06,1.2736514,5.2484075944
801040,2006-08-10,1441.61,1424.57,1441.61,1421.15,1.57538739,6.406646929
801040,2006-08-11,1446.43,1442.07,1448.28,1429.34,1.58759248,6.803606239
801040,2006-08-14,1425.84,1448.44,1453.63,1419.22,1.60482693,6.7551672786
801040,2006-08-15,1447.16,1427.94,1447.74,1425.55,1.90804224,7.9365717311
801040,2006-08-16,1456.85,1449.31,1457.27,1443.14,2.14034169,8.6929352423
801040,2006-08-17,1444.95,1454.64,1455.45,1433.96,1.3207358,5.3118630386
801040,2006-08-18,1439.62,1441.38,1451.62,1434.7,1.32733162,5.6967975965
801040,2006-08-21,1434.57,1407.25,1434.57,1398.46,1.55797279,5.8102044091
801040,2006-08-22,1446.01,1432.09,1446.68,1429.06,1.82248862,7.512480320800001
801040,2006-08-23,1451.93,1447.58,1460.18,1444.21,2.56844088,10.325754373099999
801040,2006-08-24,1450.02,1450.95,1451.7,1434.01,2.05220772,8.0711840501
801040,2006-08-25,1453.37,1449.12,1456.07,1446.74,2.3640939,9.2353378323
801040,2006-08-28,1475.66,1456.27,1475.66,1453.76,2.54702253,10.4299036937
801040,2006-08-29,1480.66,1480.43,1495.48,1476.53,3.28268239,14.2811642276
801040,2006-08-30,1479.8,1478.41,1481.63,1468.72,2.010189,8.085253561
801040,2006-08-31,1503.55,1481.67,1506.07,1480.95,3.80822579,14.5478145612
801040,2006-09-01,1506.5,1505.88,1516.4,1481.67,5.2990233,18.796625319100002
801040,2006-09-04,1513.22,1504.82,1515.44,1501.45,3.20623383,11.8692930697
801040,2006-09-05,1504.51,1516.06,1516.38,1498.91,3.41368201,12.7800049517
801040,2006-09-06,1506.39,1504.2,1516.06,1492.15,2.8404154,10.967608244100001
801040,2006-09-07,1478.7,1509.48,1509.66,1477.13,3.00879224,11.1443478798
801040,2006-09-08,1473.01,1481.89,1486.24,1468.44,1.90417254,8.0346200438
801040,2006-09-11,1475.08,1473.69,1478.49,1456.28,2.39227229,9.5848479739
801040,2006-09-12,1489.39,1473.77,1491.85,1472.49,2.86230057,12.1759158935
801040,2006-09-13,1486.27,1491.25,1507.95,1484.55,3.65567269,14.239555976400002
801040,2006-09-14,1482.23,1483.08,1488.97,1469.04,2.45749834,9.9357432571
801040,2006-09-15,1514.39,1479.83,1515.71,1477.86,4.85768693,19.160425559700002
801040,2006-09-18,1538.39,1526.47,1547.49,1525.85,5.21026537,21.2862088143
801040,2006-09-19,1529.94,1541.51,1544.64,1525.18,3.2082164,13.2897525119
801040,2006-09-20,1522.71,1526.95,1527.35,1513.82,2.45554711,10.386720841499999
801040,2006-09-21,1524.1,1520.53,1533.37,1519.86,2.62715267,10.8543720942
801040,2006-09-22,1499.25,1526.93,1527.36,1498.54,3.10957561,13.0285895523
801040,2006-09-25,1490.6,1498.37,1499.83,1484.85,2.50480111,10.228628944
801040,2006-09-26,1486.09,1489.46,1490.83,1476.22,2.04485621,8.3375977909
801040,2006-09-27,1490.11,1486.69,1491.97,1476.17,1.54625784,7.0510424098
801040,2006-09-28,1495.16,1490.7,1500.39,1487.04,2.50731771,10.268864001599999
801040,2006-09-29,1511.42,1497.26,1514.01,1496.33,2.33073404,10.938643456500001
801040,2006-10-09,1536.7,1523.77,1540.86,1523.77,3.34934368,14.889478368199999
801040,2006-10-10,1548.15,1537.77,1553.02,1531.01,4.29578665,18.1634779705
801040,2006-10-11,1564.31,1551.23,1565.7,1547.16,4.94229565,20.1535373419
801040,2006-10-12,1604.8,1568.63,1630.15,1564.13,11.29130287,44.1140722149
801040,2006-10-13,1592.14,1604.11,1607.71,1590.47,4.46899512,17.9673815214
801040,2006-10-16,1590.81,1593.88,1621.29,1588.44,4.49954492,17.8351413097
801040,2006-10-17,1579.62,1589.79,1600.5,1576.38,3.02982282,12.2527558366
801040,2006-10-18,1600.99,1578.94,1602.74,1577.82,3.36494527,13.4490423654
801040,2006-10-19,1605.91,1601.5,1621.02,1597.71,3.81032886,16.4767613743
801040,2006-10-20,1599.96,1608.97,1611.7,1597.28,3.33701324,13.6135491324
801040,2006-10-23,1567.22,1600.75,1609.3,1558.7,4.07422439,16.7037181806
801040,2006-10-24,1606.67,1570.02,1606.67,1570.02,3.89609198,16.037039956300003
801040,2006-10-25,1615.26,1611.4,1623.47,1597.45,5.42902992,25.3012752071
801040,2006-10-26,1629.4,1617.04,1631.71,1603.41,5.60069089,23.0791835451
801040,2006-10-27,1647.3,1627.93,1661.92,1616.85,7.73883316,32.8576257844
801040,2006-10-30,1713.29,1661.86,1722.9,1657.88,10.30019693,45.0659457341
801040,2006-10-31,1722.17,1720.27,1737.81,1710.43,7.39383001,34.830535034200004
801040,2006-11-01,1753.63,1723.39,1768.97,1706.88,6.36126454,28.6829569196
801040,2006-11-02,1786.26,1768.48,1808.61,1744.53,7.70045118,34.3062674927
801040,2006-11-03,1774.3,1797.95,1808.25,1772.79,9.35455155,38.9306605866
801040,2006-11-06,1870.06,1766.61,1870.92,1760.5,10.99656446,47.8951770105
801040,2006-11-07,1850.07,1881.47,1881.59,1828.4,8.0469088,37.1342402554
801040,2006-11-08,1806.49,1847.35,1849.97,1804.69,5.3055556,24.2172656731
801040,2006-11-09,1832.26,1796.59,1841.3,1792.27,5.83750354,26.296450253299998
801040,2006-11-10,1778.19,1832.95,1845.62,1771.49,7.14937789,32.1005595884
801040,2006-11-13,1718.48,1777.68,1796.18,1702.8,5.29273693,23.678091429499997
801040,2006-11-14,1723.01,1711.89,1723.41,1664.38,4.3283377,19.3236142791
801040,2006-11-15,1810.83,1719.17,1825.51,1713.65,7.70830483,34.6240204708
801040,2006-11-16,1811.23,1817.44,1884.21,1808.44,9.44417798,44.1792225939
801040,2006-11-17,1854.04,1797.01,1855.36,1787.75,5.51975305,28.0528915627
801040,2006-11-20,1901.36,1866.95,1902.92,1866.19,8.68404425,42.5435972413
801040,2006-11-21,1914.0,1894.71,1917.08,1854.4,7.42317021,36.7166732955
801040,2006-11-22,1899.56,1905.94,1922.47,1884.29,7.62658508,36.3959311332
801040,2006-11-23,1926.86,1894.91,1946.26,1893.56,6.92186623,31.9669366529
801040,2006-11-24,1923.16,1923.72,1932.34,1905.4,6.59168859,30.430346136799997
801040,2006-11-27,1943.0,1918.91,1950.87,1912.52,6.2545428,31.346754950300003
801040,2006-11-28,1924.35,1943.2,1943.2,1903.14,5.56184845,28.3242260998
801040,2006-11-29,1967.58,1898.04,1989.19,1881.42,6.18402146,31.3853634501
801040,2006-11-30,2058.89,1972.1,2067.31,1971.6,9.23187792,45.5147253401
801040,2006-12-01,2061.54,2070.82,2108.79,2055.49,8.27880551,42.4123509133
801040,2006-12-04,2109.19,2070.82,2119.63,2070.45,8.39773955,42.1642925186
801040,2006-12-05,2110.76,2116.95,2132.64,2096.2,7.54761043,37.3413857658
801040,2006-12-06,2089.49,2109.97,2127.79,2029.29,8.76102364,42.6204805937
801040,2006-12-07,2140.8,2089.7,2189.8,2087.72,10.98578553,55.6123737361
801040,2006-12-08,2066.59,2118.31,2153.6,2064.96,7.90979465,42.1359753924
801040,2006-12-11,2149.58,2059.54,2149.58,2059.17,5.85444247,30.935115338600003
801040,2006-12-12,2166.4,2160.43,2188.44,2108.37,6.88914379,35.1908093492
801040,2006-12-13,2186.7,2167.92,2190.64,2141.18,5.4474485,29.9604707007
801040,2006-12-14,2209.87,2193.99,2222.26,2189.01,5.37571325,29.0640613221
801040,2006-12-15,2226.75,2213.45,2226.93,2200.25,5.56728922,30.7116820871
801040,2006-12-18,2264.88,2236.87,2267.1,2231.75,7.58286443,39.5817874086
801040,2006-12-19,2292.83,2281.61,2325.3,2254.19,8.15491909,43.8838044568
801040,2006-12-20,2268.3,2288.81,2289.48,2242.14,6.01903026,32.532222779899996
801040,2006-12-21,2201.32,2262.79,2263.14,2196.07,8.15071164,44.7921615211
801040,2006-12-22,2175.22,2187.75,2211.85,2162.83,5.89937191,31.8913027056
801040,2006-12-25,2237.18,2180.34,2237.18,2179.85,6.9204839,36.682081429200004
801040,2006-12-26,2303.91,2247.86,2309.62,2246.85,10.8499979,54.877999846499996
801040,2006-12-27,2352.8,2316.81,2371.12,2316.43,9.22267912,47.86537548729999
801040,2006-12-28,2346.38,2359.76,2397.17,2331.34,7.34577432,39.306430402
801040,2006-12-29,2439.0,2358.36,2453.39,2358.04,9.07881289,52.8301429734
801040,2007-01-04,2554.84,2467.99,2632.4,2467.5,15.77607687,90.5335233669
801040,2007-01-05,2569.66,2544.56,2666.43,2512.52,11.64159871,68.35436715430001
801040,2007-01-08,2608.98,2568.36,2623.07,2532.52,9.02625462,52.6569969255
801040,2007-01-09,2792.93,2620.2,2792.99,2616.44,12.07281771,72.7388995013
801040,2007-01-10,2834.23,2814.9,2847.15,2620.19,10.41724266,65.99159644609999
801040,2007-01-11,2780.17,2843.98,2861.94,2771.56,8.9563448,56.267837505799996
801040,2007-01-12,2676.37,2750.54,2805.58,2656.05,9.06585221,55.359677947399994
801040,2007-01-15,2811.85,2660.43,2811.85,2660.43,7.93211101,51.538081087799995
801040,2007-01-16,2866.11,2852.14,2873.99,2808.77,9.62511569,60.1033530445
801040,2007-01-17,2890.86,2906.06,2997.34,2796.81,12.4672287,78.9677163324
801040,2007-01-18,2830.23,2885.02,2899.77,2733.34,11.42997101,75.50712817590001
801040,2007-01-19,2862.66,2826.28,2862.85,2803.47,11.19405354,73.1961273929
801040,2007-01-22,3004.9,2886.46,3004.91,2886.0,13.1861092,82.4808184207
801040,2007-01-23,3168.07,3046.39,3168.17,3016.53,17.89115797,116.03365060290001
801040,2007-01-24,3228.02,3185.93,3272.38,3178.8,14.49993126,96.8079695359
801040,2007-01-25,3056.61,3172.48,3186.15,3056.61,11.11925872,73.2662096895
801040,2007-01-26,3131.33,2998.48,3151.79,2923.35,10.73896541,68.12992419310001
801040,2007-01-29,3258.29,3151.22,3261.06,3151.22,10.49360087,73.0421380802
801040,2007-01-30,3250.08,3274.53,3310.85,3221.04,9.88051235,69.6616274761
801040,2007-01-31,2991.51,3238.65,3240.42,2970.79,10.47720673,73.9783607108
801040,2007-02-01,2949.92,2935.24,2989.5,2811.14,8.06608404,55.1498880658
801040,2007-02-02,2802.45,2942.12,2949.81,2802.45,8.02447761,55.076732258999996
801040,2007-02-05,2738.36,2771.7,2806.13,2723.51,6.8189446,46.4430929528
801040,2007-02-06,2760.43,2744.55,2764.98,2585.95,11.11395905,76.91660611729999
801040,2007-02-07,2851.77,2784.96,2880.39,2777.48,9.90273178,67.4799646053
801040,2007-02-08,2881.16,2859.66,2881.39,2800.12,8.84148076,58.2218657864
801040,2007-02-09,2812.19,2883.68,2884.31,2778.43,8.02394182,53.04700341149999
801040,2007-02-12,2936.69,2815.43,2936.69,2812.44,7.95602939,54.0250709554
801040,2007-02-13,2966.02,2947.7,2994.88,2935.27,7.61762553,51.867902560699996
801040,2007-02-14,3031.84,2972.93,3037.67,2956.92,8.66587033,58.7539553424
801040,2007-02-15,3156.18,3053.99,3156.54,3053.99,11.23425283,76.9438253114
801040,2007-02-16,3228.25,3195.58,3279.92,3155.52,13.47950681,92.6654022184
801040,2007-02-26,3429.66,3260.81,3438.26,3259.32,12.53071163,89.82735898940001
801040,2007-02-27,3119.95,3455.62,3475.77,3118.66,18.90582144,133.9278707327
801040,2007-02-28,3274.39,3037.13,3305.78,3037.13,14.41775065,102.63551606989999
801040,2007-03-01,3186.29,3308.43,3308.99,3124.39,14.86838022,105.0038788659
801040,2007-03-02,3185.16,3171.53,3213.48,3108.85,9.11284947,64.6463018166
801040,2007-03-05,3076.03,3174.3,3174.3,2980.32,9.63838435,66.75456826930001
801040,2007-03-06,3127.09,3063.72,3151.88,3031.02,6.86380205,50.083748811199996
801040,2007-03-07,3211.8,3157.32,3225.39,3156.05,9.55195612,68.5014706855
801040,2007-03-08,3243.65,3225.87,3244.9,3183.25,10.43700467,71.8489740681
801040,2007-03-09,3289.39,3258.74,3306.94,3239.39,12.44520356,92.3243199995
801040,2007-03-12,3336.94,3297.41,3342.42,3235.24,10.72698638,81.3252328001
801040,2007-03-13,3351.57,3346.27,3378.28,3313.23,12.44135968,89.33754844
801040,2007-03-14,3262.0,3316.76,3316.96,3222.86,12.64867442,91.4740611382
801040,2007-03-15,3325.86,3255.26,3325.92,3254.47,10.09004829,77.2140606657
801040,2007-03-16,3245.95,3336.88,3347.45,3209.77,10.18610064,76.08029823439999
801040,2007-03-19,3282.37,3133.16,3293.97,3116.04,8.83047936,69.0085012709
801040,2007-03-20,3286.89,3284.89,3292.2,3243.51,7.88224571,62.129924916099995
801040,2007-03-21,3307.52,3304.71,3328.15,3273.42,8.54774056,67.5004284645
801040,2007-03-22,3385.65,3326.59,3435.06,3316.6,14.57145851,115.8502537624
801040,2007-03-23,3443.4,3396.57,3448.65,3349.69,14.66744914,117.8863438309
801040,2007-03-26,3513.34,3459.69,3513.37,3458.63,11.99070881,93.9845977627
801040,2007-03-27,3492.59,3521.83,3522.71,3475.21,14.59424668,115.6091306208
801040,2007-03-28,3545.28,3501.84,3558.47,3385.02,19.18745612,150.531260305
801040,2007-03-29,3491.38,3556.97,3567.63,3491.38,17.72208768,150.8069283519
801040,2007-03-30,3552.32,3469.22,3566.03,3450.26,13.10636876,115.84211023110001
801040,2007-04-02,3738.94,3591.24,3739.03,3583.84,18.46302866,163.964854055
801040,2007-04-03,3753.69,3772.97,3821.87,3736.59,18.87697738,164.1183765408
801040,2007-04-04,3755.91,3757.41,3791.49,3705.66,12.62526319,110.5105251376
801040,2007-04-05,3806.83,3751.36,3810.2,3728.91,11.90464596,99.8324600152
801040,2007-04-06,3810.15,3776.42,3819.0,3761.04,12.63086135,104.00299008299999
801040,2007-04-09,3936.37,3828.01,3943.92,3824.78,17.53103763,148.572298487
801040,2007-04-10,4110.63,3972.68,4110.63,3958.72,20.864402,189.4152747893
801040,2007-04-11,4148.71,4140.99,4218.29,4064.23,19.37654786,179.5323468419
801040,2007-04-12,4163.45,4141.7,4163.45,4103.35,12.73376485,126.39878135200001
801040,2007-04-13,4059.68,4168.52,4168.52,4049.55,15.90457416,148.2544062565
801040,2007-04-16,4166.39,4083.15,4166.79,4060.71,12.33250143,119.5799205017
801040,2007-04-17,4205.37,4198.84,4229.59,4074.7,16.4551364,156.7839686134
801040,2007-04-18,4318.91,4243.74,4324.64,4172.09,18.57951038,179.437637228
801040,2007-04-19,4126.47,4315.41,4323.17,4003.41,18.24053007,179.6612110209
801040,2007-04-20,4343.18,4158.48,4352.8,4132.37,16.88682148,165.7197319092
801040,2007-04-23,4590.31,4398.26,4602.82,4391.06,19.23123079,192.86983060810002
801040,2007-04-24,4714.55,4654.39,4760.03,4585.66,22.63159981,238.22079930599998
801040,2007-04-25,4671.48,4721.2,4733.28,4588.6,16.35473668,171.1471687772
801040,2007-04-26,4706.78,4687.13,4706.91,4641.02,10.19662033,117.2679666762
801040,2007-04-27,4585.35,4719.63,4728.23,4576.87,11.79934561,129.41903246270002
801040,2007-04-30,4563.41,4567.38,4575.05,4482.51,12.56245847,138.7308043019
801040,2007-05-08,4734.06,4665.2,4745.99,4620.41,16.13109952,180.8362853108
801040,2007-05-09,4766.98,4748.89,4800.78,4585.3,18.15218639,209.0484937177
801040,2007-05-10,5003.9,4771.7,5063.18,4771.7,21.81525339,247.37762470189998
801040,2007-05-11,4965.88,4976.1,5027.09,4902.64,15.1899392,178.731390828
801040,2007-05-14,5040.82,4927.63,5117.9,4878.15,14.95749089,177.38294029
801040,2007-05-15,4875.13,5049.74,5061.33,4863.68,14.25992889,166.8513864284
801040,2007-05-16,4950.99,4879.1,4952.06,4756.7,12.19126716,140.1212463866
801040,2007-05-17,5083.77,4978.82,5101.44,4962.39,13.71159212,163.7422965113
801040,2007-05-18,5117.76,5074.65,5197.82,5053.23,13.84388061,167.2540343435
801040,2007-05-21,5184.38,4934.75,5252.2,4917.39,15.20935032,182.5057079314
801040,2007-05-22,5235.34,5197.66,5251.38,5162.31,20.27008632,240.0124611169
801040,2007-05-23,5271.21,5233.52,5275.2,5141.39,15.60693609,190.9995427028
801040,2007-05-24,5219.35,5276.07,5298.86,5133.18,15.88461964,190.81153886130002
801040,2007-05-25,5253.07,5188.85,5262.89,5170.44,14.35181592,170.67773186870002
801040,2007-05-28,5398.35,5301.68,5401.93,5301.68,19.87989614,243.1539937991
801040,2007-05-29,5446.76,5424.25,5447.49,5368.62,17.37934577,214.4916950168
801040,2007-05-30,4983.82,5111.91,5357.24,4963.4,18.40541216,225.2579749957
801040,2007-05-31,4983.03,4874.18,5077.63,4621.3,17.11384091,196.44250913349998
801040,2007-06-01,4681.83,4956.48,5033.84,4655.98,15.96628005,184.61439713619998
801040,2007-06-04,4293.5,4607.79,4704.25,4263.31,11.86520434,121.2742723881
801040,2007-06-05,4478.84,4113.93,4478.84,3986.97,17.80637787,169.2285226914
801040,2007-06-06,4538.04,4508.19,4564.58,4352.52,16.33983953,163.8016706161
801040,2007-06-07,4653.37,4541.8,4655.69,4517.32,15.17556561,161.0344127226
801040,2007-06-08,4680.7,4654.65,4706.64,4587.33,13.03443517,140.0162672642
801040,2007-06-11,4730.41,4693.36,4740.41,4664.5,12.86721272,140.4144758897
801040,2007-06-12,4915.81,4741.2,4917.84,4601.49,16.40270885,185.1300749131
801040,2007-06-13,5029.58,4975.38,5089.88,4949.06,18.29481156,206.74706438009997
801040,2007-06-14,4899.66,5016.24,5016.24,4891.98,12.85339258,142.8951615417
801040,2007-06-15,4852.22,4840.03,4897.0,4788.87,9.97138517,111.46690877280001
801040,2007-06-18,4988.73,4941.81,5003.43,4910.68,12.96368278,150.9051852815
801040,2007-06-19,5022.72,4999.4,5037.25,4949.39,11.74693412,144.9212076522
801040,2007-06-20,4991.1,5056.59,5146.02,4955.51,15.32525872,187.2749338159
801040,2007-06-21,4984.73,4970.55,5045.82,4892.39,11.72885261,142.43942524530001
801040,2007-06-22,4767.04,5002.04,5009.18,4653.65,12.54139527,145.6906428942
801040,2007-06-25,4507.75,4790.99,4844.2,4463.52,11.14246201,118.3950221969
801040,2007-06-26,4581.93,4399.79,4581.93,4340.55,9.02421127,88.3900268566
801040,2007-06-27,4665.19,4612.02,4688.35,4523.71,8.93288907,93.89234589510001
801040,2007-06-28,4515.24,4683.85,4756.72,4514.2,12.90426076,129.5334247279
801040,2007-06-29,4399.88,4378.41,4534.51,4363.06,7.88259499,81.6336724884
801040,2007-07-02,4497.57,4390.67,4518.15,4340.97,9.0199275,89.4225609441
801040,2007-07-03,4563.22,4549.25,4588.34,4479.97,7.23491356,75.3491450792
801040,2007-07-04,4443.57,4579.89,4581.15,4422.19,5.47591499,58.213573792700004
801040,2007-07-05,4120.14,4364.39,4384.87,4116.51,6.56197383,62.040134493000004
801040,2007-07-06,4332.53,4100.08,4333.01,4037.82,7.43240782,68.0959354193
801040,2007-07-09,4429.21,4383.13,4462.93,4327.1,7.03361822,71.048319263
801040,2007-07-10,4302.72,4433.13,4433.13,4287.61,5.23379139,50.6920866651
801040,2007-07-11,4322.39,4286.56,4322.39,4229.23,4.29568051,42.530738057
801040,2007-07-12,4355.93,4328.77,4378.98,4294.43,4.45849367,44.2900959935
801040,2007-07-13,4360.84,4363.65,4377.22,4301.13,4.01746715,38.5969740733
801040,2007-07-16,4209.49,4352.69,4352.9,4208.23,3.98460835,39.897340693400004
801040,2007-07-17,4273.7,4193.87,4303.45,4160.52,4.19355313,41.3240597724
801040,2007-07-18,4230.73,4265.23,4282.74,4173.71,5.73898473,61.8689748795
801040,2007-07-19,4166.52,4217.6,4219.75,4139.86,4.46227773,45.7310011772
801040,2007-07-20,4299.42,4172.39,4300.35,4172.07,7.33657984,74.233920239
801040,2007-07-23,4705.15,4313.38,4705.57,4313.38,17.82346529,187.3654826134
801040,2007-07-24,4738.02,4808.49,4894.88,4738.02,18.85895102,210.40265636990003
801040,2007-07-25,4847.24,4739.16,4855.89,4738.31,9.9036556,116.6639834751
801040,2007-07-26,4915.42,4878.9,4920.98,4832.91,9.99894051,116.56877398280001
801040,2007-07-27,5042.72,4885.04,5082.09,4819.32,12.51410352,145.916606591
801040,2007-07-30,5268.88,5040.33,5324.32,5039.69,14.55075004,175.0137054869
801040,2007-07-31,5269.24,5275.77,5381.12,5251.45,12.03054388,143.6254278633
801040,2007-08-01,5028.2,5278.22,5307.4,5001.29,12.08339302,137.5790424319
801040,2007-08-02,5207.51,5045.76,5261.72,5045.76,8.5787676,102.387185661
801040,2007-08-03,5276.01,5234.47,5292.28,5214.35,8.98742551,110.072189174
801040,2007-08-06,5568.32,5369.12,5568.46,5330.7,12.74827508,158.7778990947
801040,2007-08-07,5717.6,5606.5,5803.52,5539.73,16.88011066,212.61040726689998
801040,2007-08-08,5558.35,5666.85,5669.56,5454.85,10.71295027,133.2258180182
801040,2007-08-09,5726.2,5572.2,5727.3,5538.69,10.68874399,127.6630434768
801040,2007-08-10,5695.46,5715.52,5754.13,5554.83,11.89300482,146.1393155018
801040,2007-08-13,5633.1,5681.82,5728.0,5597.21,10.09479693,121.90631238360001
801040,2007-08-14,5653.63,5589.85,5672.75,5570.36,6.8655806,83.0434340162
801040,2007-08-15,5715.44,5632.69,5765.03,5514.23,8.85561292,109.48272337190001
801040,2007-08-16,5614.47,5654.31,5684.18,5535.48,7.50313425,98.1754788858
801040,2007-08-17,5516.5,5521.19,5695.81,5505.22,7.4633873,96.96879035549999
801040,2007-08-20,5933.72,5641.08,5933.91,5641.08,13.00131026,168.9044273475
801040,2007-08-21,5990.59,5987.79,6066.22,5953.41,11.24062836,159.4130361624
801040,2007-08-22,5973.57,5868.86,6026.16,5868.67,9.24820339,131.50677051879998
801040,2007-08-23,6008.32,5963.99,6008.32,5880.65,8.04795274,112.75367198290002
801040,2007-08-24,6191.47,6016.55,6275.52,6016.55,10.61731145,149.4187508276
801040,2007-08-27,6344.41,6234.98,6380.03,6234.98,11.51211365,160.6842825863
801040,2007-08-28,6412.61,6278.77,6413.3,6194.11,13.29217445,162.1635618508
801040,2007-08-29,6240.62,6353.34,6416.28,6212.93,11.52495885,144.0525562986
801040,2007-08-30,6347.6,6252.85,6351.89,6174.32,9.97559983,126.3594326127
801040,2007-08-31,6551.14,6345.39,6585.44,6339.69,12.52602438,165.38235626
801040,2007-09-03,6923.04,6595.31,6976.89,6595.31,14.9577402,207.9752662738
801040,2007-09-04,6781.82,6926.0,6973.03,6748.67,11.20627277,169.0935825452
801040,2007-09-05,6870.72,6739.86,6901.95,6689.03,8.63833436,131.9602815112
801040,2007-09-06,7007.49,6909.11,7121.44,6908.84,10.59076724,153.4698375863
801040,2007-09-07,6867.29,6974.72,7019.55,6857.86,12.56509478,191.43589568299998
801040,2007-09-10,6988.2,6733.03,6988.2,6646.24,9.1013148,141.4544727963
801040,2007-09-11,6615.93,6976.93,7084.75,6598.67,10.0660189,153.6349688665
801040,2007-09-12,6698.88,6562.3,6723.09,6476.81,8.82026535,132.032078982
801040,2007-09-13,7014.51,6702.68,7019.64,6702.68,11.06255258,161.5120355292
801040,2007-09-14,7344.27,7029.14,7410.03,7016.84,16.01861147,245.94807768560003
801040,2007-09-17,7683.12,7288.49,7687.35,7288.49,16.86033878,247.6827172565
801040,2007-09-18,7467.38,7721.2,7749.25,7345.56,17.6638447,274.9031825609
801040,2007-09-19,7252.48,7425.74,7453.55,7127.85,9.87029036,159.9445924533
801040,2007-09-20,7356.03,7280.86,7411.24,7269.02,9.34773914,162.7677206529
801040,2007-09-21,7118.85,7355.96,7384.14,6989.97,10.0745626,161.8458516532
801040,2007-09-24,7199.54,7092.99,7199.54,6835.8,9.22131066,140.00103250889998
801040,2007-09-25,6946.21,7170.98,7203.45,6908.14,6.14778636,99.801167124
801040,2007-09-26,6812.69,6880.44,7003.07,6736.51,6.24732152,96.34812958549999
801040,2007-09-27,6954.43,6766.09,6954.44,6766.09,5.17436712,77.9468400398
801040,2007-09-28,7105.45,6985.13,7140.39,6984.09,7.70731178,121.72284412020001
801040,2007-10-08,7028.3,7239.06,7283.35,7021.9,8.26915753,135.53291200569998
801040,2007-10-09,6951.91,6990.31,7022.6,6790.84,7.9415458,124.3024948845
801040,2007-10-10,7119.28,6968.63,7276.87,6967.6,10.80489398,165.5485749203
801040,2007-10-11,7074.12,7118.14,7143.43,6984.89,6.61625055,102.0115812209
801040,2007-10-12,7057.02,7121.25,7186.6,6800.65,9.84450728,156.803009792
801040,2007-10-15,7428.02,7065.3,7434.65,6900.99,12.0987248,204.0420994456
801040,2007-10-16,7336.68,7474.33,7568.7,7290.02,8.93116438,159.544665014
801040,2007-10-17,7255.7,7323.57,7434.19,7222.7,6.35152526,97.3174607386
801040,2007-10-18,6968.33,7264.32,7264.32,6959.48,6.9185372,118.6426818775
801040,2007-10-19,6898.68,6976.9,7087.91,6854.48,5.08680654,84.3821142444
801040,2007-10-22,6612.53,6776.84,6801.68,6611.49,4.91480451,77.8262892829
801040,2007-10-23,6734.84,6565.36,6734.84,6435.64,5.70466169,88.5648621366
801040,2007-10-24,6629.25,6737.02,6760.79,6618.06,5.00977098,79.904055372
801040,2007-10-25,6178.22,6529.28,6556.44,6167.81,6.46729353,92.0851202082
801040,2007-10-26,6263.04,6101.84,6318.41,6089.38,4.92790516,71.74219797939999
801040,2007-10-29,6583.84,6280.11,6583.84,6274.3,4.82636917,73.0364343574
801040,2007-10-30,6605.29,6543.77,6606.02,6395.41,6.79110572,110.56506457459999
801040,2007-10-31,6606.59,6615.39,6662.53,6491.98,7.03262506,112.4295014025
801040,2007-11-01,6339.85,6560.32,6584.54,6337.61,6.44953089,103.9284266893
801040,2007-11-02,6015.02,6197.78,6223.28,6006.15,6.58248052,98.1261321069
801040,2007-11-05,6142.9,6014.25,6210.65,5947.87,4.07619546,63.0812581562
801040,2007-11-06,6164.66,6193.45,6316.86,6141.76,4.33725753,61.7483779581
801040,2007-11-07,6045.85,6241.98,6264.17,5923.34,6.49537601,90.85685307790001
801040,2007-11-08,5715.35,6024.56,6025.71,5715.35,5.35944465,74.2594118923
801040,2007-11-09,5560.2,5651.24,5721.56,5547.85,5.43190825,75.3802585903
801040,2007-11-12,5506.11,5433.85,5578.45,5143.8,6.70252947,87.02081930770001
801040,2007-11-13,5558.95,5516.51,5749.25,5472.64,7.25111315,100.7459579391
801040,2007-11-14,5844.65,5659.75,5844.65,5577.8,6.28761301,88.32723649260001
801040,2007-11-15,5708.46,5827.6,5872.78,5687.06,4.98872442,67.51781723170001
801040,2007-11-16,5609.45,5607.61,5627.77,5511.54,3.29895793,42.124775675100004
801040,2007-11-19,5745.79,5650.55,5783.48,5643.7,3.44934054,45.374876961300004
801040,2007-11-20,5971.52,5702.0,6018.74,5674.13,6.45361727,91.4380273584
801040,2007-11-21,5871.34,6031.09,6093.13,5867.68,5.71172112,78.57343338140001
801040,2007-11-22,5674.97,5747.96,5854.22,5668.66,3.66093313,49.3731379505
801040,2007-11-23,5783.97,5631.62,5783.97,5589.52,2.85074992,38.907704562199996
801040,2007-11-26,5663.32,5881.92,5881.92,5631.62,3.38878615,45.7245581412
801040,2007-11-27,5576.3,5603.62,5715.02,5575.38,2.63198406,34.8597166744
801040,2007-11-28,5460.84,5615.58,5657.31,5422.31,3.23171662,43.4078989495
801040,2007-11-29,5578.01,5521.2,5610.5,5347.69,5.68120463,74.7007824308
801040,2007-11-30,5409.12,5570.71,5574.0,5396.68,3.77533107,50.0219908384
801040,2007-12-03,5467.32,5423.14,5548.82,5382.07,3.02833494,35.5299554031
801040,2007-12-04,5647.39,5486.02,5694.17,5485.1,4.92900324,67.8690827006
801040,2007-12-05,5973.85,5653.04,6008.9,5647.62,9.05783693,128.18792814629998
801040,2007-12-06,5949.02,6005.68,6017.42,5868.6,5.07599232,70.3158568058
801040,2007-12-07,6092.9,5959.79,6162.24,5959.57,5.97037951,85.8245873445
801040,2007-12-10,6237.01,6000.17,6268.12,5988.91,7.91215459,106.07600177360001
801040,2007-12-11,6226.12,6229.55,6262.42,6139.4,6.50929818,85.0479464613
801040,2007-12-12,6213.41,6230.73,6328.88,6162.31,5.85262054,85.7298537189
801040,2007-12-13,5893.46,6203.32,6224.35,5891.31,6.841799,97.5005440243
801040,2007-12-14,6036.5,5807.06,6038.04,5777.28,4.61239624,62.3232440533
801040,2007-12-17,5888.38,6049.96,6066.05,5878.14,4.06745911,54.9873310692
801040,2007-12-18,5998.77,5857.54,5999.79,5829.4,3.70560431,50.5514112009
801040,2007-12-19,6231.88,6056.02,6254.36,6038.16,7.28117802,105.20370401299999
801040,2007-12-20,6269.72,6251.31,6306.84,6193.83,5.48127178,78.3618875441
801040,2007-12-21,6394.01,6241.17,6418.36,6231.1,6.64093504,99.37793456860001
801040,2007-12-24,6409.1,6392.69,6470.42,6290.58,8.74927748,127.81867456110001
801040,2007-12-25,6580.08,6421.13,6652.81,6405.24,8.33636867,124.3948061365
801040,2007-12-26,6625.48,6596.88,6672.38,6516.32,5.99951101,86.5986793348
801040,2007-12-27,6697.93,6634.8,6699.03,6586.13,7.51857603,105.90739921309999
801040,2007-12-28,6697.21,6719.4,6775.28,6670.2,6.17740631,89.0675851628
801040,2008-01-02,6693.3,6708.07,6733.54,6565.11,6.05709966,88.9909005526
801040,2008-01-03,7003.84,6670.13,7003.85,6514.75,11.33219169,166.8148457989
801040,2008-01-04,6961.88,7005.76,7052.96,6959.42,8.93225422,132.754634015
801040,2008-01-07,7023.11,6937.95,7086.75,6895.19,7.70413299,113.16716842379999
801040,2008-01-08,7018.11,7052.93,7225.83,6957.05,10.97178465,166.2312067576
801040,2008-01-09,7188.72,6982.55,7188.72,6952.8,8.18907993,124.5122479079
801040,2008-01-10,7385.84,7223.07,7489.92,7222.77,11.00035617,172.6969671789
801040,2008-01-11,7334.64,7409.4,7432.01,7244.94,5.56760913,87.7350307082
801040,2008-01-14,7429.18,7360.84,7477.81,7304.17,6.58031157,105.8341734221
801040,2008-01-15,7436.24,7462.35,7584.96,7391.7,6.91424549,111.88418741950001
801040,2008-01-16,7078.66,7366.45,7381.99,7053.93,8.32122447,133.2482710644
801040,2008-01-17,6796.84,7008.79,7110.79,6624.12,9.26371928,145.0377975125
801040,2008-01-18,6852.75,6788.06,6895.22,6731.69,5.82893919,94.2267629457
801040,2008-01-21,6409.48,6868.37,6897.82,6388.17,6.20296419,93.8289995734
801040,2008-01-22,5954.39,6240.75,6347.27,5877.59,9.42343594,134.5833268365
801040,2008-01-23,6318.51,6044.24,6319.41,6020.58,7.10454674,99.8428955001
801040,2008-01-24,6295.36,6388.82,6392.59,6161.96,6.28766163,89.9890540047
801040,2008-01-25,6300.1,6271.42,6400.37,6106.26,6.02784559,91.32978194110001
801040,2008-01-28,5793.48,6230.72,6231.96,5790.64,4.95278037,68.6855983488
801040,2008-01-29,5845.25,5790.47,5952.13,5727.03,3.2172325,44.660939973999994
801040,2008-01-30,5899.99,5928.13,6014.47,5761.76,3.73447874,52.958490398500004
801040,2008-01-31,5931.25,5908.41,6093.08,5877.23,4.22321256,60.927409780299996
801040,2008-02-01,5886.19,5937.74,5990.54,5629.15,4.03627376,54.20255348680001
801040,2008-02-04,6429.58,6055.91,6429.73,6052.13,6.3356032,93.5703007111
801040,2008-02-05,6436.76,6459.52,6575.97,6348.38,4.80372534,70.950641953
801040,2008-02-13,6266.54,6351.79,6374.79,6248.77,2.81441887,39.3319828634
801040,2008-02-14,6358.58,6340.27,6451.82,6318.51,2.47775787,34.7668445474
801040,2008-02-15,6393.51,6317.56,6393.66,6239.64,3.64718282,49.9798864679
801040,2008-02-18,6524.61,6433.32,6609.15,6308.16,5.60672187,83.9789120799
801040,2008-02-19,6717.78,6541.62,6744.08,6493.62,5.76954471,92.22209449399999
801040,2008-02-20,6605.29,6759.16,6887.75,6601.46,5.99383245,89.4610337548
801040,2008-02-21,6732.89,6563.05,6808.28,6511.33,5.25203338,85.5512448827
801040,2008-02-22,6432.94,6716.01,6716.05,6349.44,5.69438063,89.9124856446
801040,2008-02-25,6279.21,6434.26,6482.58,6254.26,4.72160468,72.4403133974
801040,2008-02-26,6234.32,6499.72,6537.14,6053.29,4.70541482,73.6832286396
801040,2008-02-27,6334.84,6296.36,6348.56,6220.76,3.82497343,58.826260831899994
801040,2008-02-28,6417.92,6346.33,6499.54,6215.86,4.56381178,72.2016006525
801040,2008-02-29,6420.68,6377.96,6463.94,6344.62,3.63790439,56.415098630799996
801040,2008-03-03,6534.73,6400.77,6534.73,6326.79,5.25517298,80.3590232227
801040,2008-03-04,6311.33,6525.6,6575.04,6295.22,5.75204619,85.7551558326
801040,2008-03-05,6056.49,6250.96,6309.16,5897.17,7.2257978,107.56731909860001
801040,2008-03-06,6094.81,6084.23,6187.24,5939.69,5.48137319,80.5102537018
801040,2008-03-07,6014.52,6018.91,6100.39,5975.25,3.33967806,48.5049266525
801040,2008-03-10,5757.43,5979.38,5979.38,5728.36,4.05415726,56.515969345600006
801040,2008-03-11,5738.85,5701.19,5756.94,5595.12,3.21567732,43.8907280803
801040,2008-03-12,5601.41,5894.82,5911.49,5583.01,3.27221642,46.8012099769
801040,2008-03-13,5390.44,5544.74,5544.74,5286.76,4.11296614,54.059303918000005
801040,2008-03-14,5346.57,5350.59,5398.37,5228.56,2.61993842,34.1258177481
801040,2008-03-17,5027.09,5328.46,5328.46,5025.99,3.46316496,40.848183583600004
801040,2008-03-18,4781.82,4979.68,5118.39,4687.87,4.32019989,48.448283904899995
801040,2008-03-19,4971.33,4887.94,5053.23,4795.72,5.16346075,61.2545564391
801040,2008-03-20,5236.22,4908.22,5300.94,4716.45,6.07959421,70.5914367892
801040,2008-03-21,5540.01,5244.77,5603.62,5187.55,8.34878745,102.1505276286
801040,2008-03-24,5217.19,5636.27,5650.64,5216.85,7.89116581,97.1735463789
801040,2008-03-25,5376.93,5113.03,5461.15,5055.65,5.37791986,65.8260803904
801040,2008-03-26,5357.04,5402.08,5500.15,5311.5,4.2687499,53.9991577915
801040,2008-03-27,5017.9,5219.44,5284.9,5011.67,5.14346506,62.471983555
801040,2008-03-28,5178.46,4941.83,5207.41,4766.93,5.86474721,71.349951481
801040,2008-03-31,4904.05,4992.25,5073.61,4898.56,4.06131366,48.26936683979999
801040,2008-04-01,4494.81,4888.34,4929.95,4481.65,5.59569491,62.619123781499994
801040,2008-04-02,4437.81,4546.94,4655.13,4338.81,5.23302777,57.3191072575
801040,2008-04-03,4668.97,4412.65,4703.91,4382.64,4.1779123,48.907752905
801040,2008-04-07,4927.09,4627.06,4945.38,4573.4,5.28785189,62.345216899300006
801040,2008-04-08,4943.57,4923.51,5004.98,4856.45,5.2395005,61.848157475200004
801040,2008-04-09,4793.78,4920.5,5107.27,4786.13,5.80142565,73.6779576061
801040,2008-04-10,4873.62,4713.39,4874.69,4662.54,3.20814179,38.7059040625
801040,2008-04-11,4879.46,4913.21,4977.03,4843.19,2.89423966,35.9337230792
801040,2008-04-14,4538.91,4782.19,4782.19,4532.31,3.8375034,42.7776809889
801040,2008-04-15,4584.54,4520.06,4598.12,4350.12,3.9749559,43.3657246554
801040,2008-04-16,4377.47,4569.79,4569.93,4370.57,3.12495853,34.1797720772
801040,2008-04-17,4193.3,4370.76,4473.24,4119.76,4.18176986,42.921764806700004
801040,2008-04-18,4017.84,4183.52,4188.37,4008.84,2.97726196,29.8034115852
801040,2008-04-21,4021.09,4323.42,4323.42,3976.34,5.18585023,52.52895241270001
801040,2008-04-22,4099.39,3961.36,4101.89,3828.73,3.6868711,34.910786135500004
801040,2008-04-23,4322.4,4053.89,4339.82,4029.7,5.18691721,54.1632709079
801040,2008-04-24,4750.45,4728.98,4750.7,4643.74,10.85639506,119.5915101309
801040,2008-04-25,4873.0,4769.64,5082.17,4725.84,11.02940281,130.781776036
801040,2008-04-28,4807.59,4778.72,4904.9,4778.72,3.71551238,41.058645533
801040,2008-04-29,4828.86,4746.94,4882.35,4744.32,4.43168193,53.233851514399994
801040,2008-04-30,5066.72,4835.62,5074.23,4834.36,7.97310768,96.01041746799999
801040,2008-05-05,5177.6,5147.07,5182.71,5064.69,7.093918,83.6771744335
801040,2008-05-06,5115.12,5142.64,5216.79,5038.39,6.38830452,76.13594657979999
801040,2008-05-07,4819.31,5090.07,5152.17,4816.1,6.35266931,75.6862604325
801040,2008-05-08,4962.48,4774.99,4962.5,4735.19,4.79055272,58.502587531
801040,2008-05-09,5062.01,5027.62,5164.32,4962.91,8.12635549,98.2857588561
801040,2008-05-12,5145.97,4994.04,5202.29,4936.51,6.73565566,82.6972888819
801040,2008-05-13,5278.11,5002.14,5359.23,4989.87,9.72352538,120.01423811459999
801040,2008-05-14,5344.71,5309.0,5385.52,5238.47,7.59592184,91.33182809959999
801040,2008-05-15,5363.38,5387.32,5469.14,5362.66,7.19446462,86.4263750643
801040,2008-05-16,5300.45,5372.23,5426.13,5219.15,5.82959869,69.5924080149
801040,2008-05-19,5237.1,5294.94,5304.99,5190.16,4.91416101,57.3513458215
801040,2008-05-20,4958.92,5248.38,5301.59,4922.5,5.68402536,64.5665057233
801040,2008-05-21,5083.57,4893.34,5112.2,4763.52,6.62102164,71.0798493774
801040,2008-05-22,4990.62,5012.75,5134.52,4918.68,6.57497925,73.2102996306
801040,2008-05-23,4868.02,4947.62,4994.67,4813.94,4.35665453,47.456511532
801040,2008-05-26,4663.48,4813.69,4813.84,4658.23,3.9441405,42.2122206647
801040,2008-05-27,4707.11,4663.99,4744.7,4595.43,3.95654621,45.5908284971
801040,2008-05-28,4839.38,4722.4,4866.9,4664.44,3.85166686,43.5690971792
801040,2008-05-29,4684.17,4811.6,4818.13,4678.98,3.26048998,33.666260089699996
801040,2008-05-30,4725.41,4696.97,4738.64,4644.85,3.20168719,33.5363300252
801040,2008-06-02,4702.99,4712.65,4773.36,4622.46,2.79390884,30.643434156599998
801040,2008-06-03,4710.98,4691.12,4806.13,4629.77,2.88206539,33.213628300500005
801040,2008-06-04,4618.42,4700.73,4749.16,4558.88,2.91208678,31.4992105102
801040,2008-06-05,4514.14,4593.93,4603.94,4477.41,2.54609604,25.039009597899998
801040,2008-06-06,4550.35,4522.74,4636.93,4511.72,2.17014178,22.6384057969
801040,2008-06-10,4149.39,4374.44,4434.8,4114.84,3.66122367,34.177823940399996
801040,2008-06-11,4081.85,4117.12,4143.93,4035.69,2.8153772,25.462834659299997
801040,2008-06-12,4033.82,4083.65,4102.13,3935.8,2.99405113,25.3420129447
801040,2008-06-13,3980.44,4051.73,4126.36,3967.91,2.84260693,26.9362717702
801040,2008-06-16,3980.63,3989.7,4061.25,3893.11,2.81146234,26.3444729019
801040,2008-06-17,3840.63,3996.07,4037.59,3811.62,2.45001902,22.503828336799998
801040,2008-06-18,4024.12,3825.11,4060.89,3739.85,4.45913802,40.5816833744
801040,2008-06-19,3652.66,3990.63,3992.91,3652.66,4.01383842,36.4139791027
801040,2008-06-20,3598.01,3730.94,3785.67,3484.08,4.52627595,40.6354692512
801040,2008-06-23,3490.31,3644.89,3645.51,3478.5,2.01336723,17.7072252151
801040,2008-06-24,3452.25,3466.98,3544.08,3380.42,4.33494441,36.6058799303
801040,2008-06-25,3651.93,3445.31,3657.06,3442.4,5.13202019,44.1546196391
801040,2008-06-26,3634.97,3637.72,3690.58,3549.19,4.48892175,38.405162104
801040,2008-06-27,3396.02,3499.79,3504.67,3361.23,4.09888388,33.7823116976
801040,2008-06-30,3340.17,3381.72,3447.35,3295.88,2.4533695,19.216416305899997
801040,2008-07-01,3188.58,3349.16,3364.23,3179.07,2.98041978,24.040555613899997
801040,2008-07-02,3196.14,3201.12,3230.46,3151.85,2.96168231,23.9650027546
801040,2008-07-03,3298.97,3141.42,3344.49,3098.78,4.38602466,34.806236879000004
801040,2008-07-04,3271.66,3278.16,3351.26,3244.36,3.00451385,24.10504101
801040,2008-07-07,3527.82,3286.58,3539.21,3284.32,5.90827871,49.9835049937
801040,2008-07-08,3552.99,3542.59,3591.95,3471.83,5.82290226,49.151764290100004
801040,2008-07-09,3691.7,3585.75,3700.67,3580.87,7.64345452,66.87406932350001
801040,2008-07-10,3580.14,3632.56,3678.71,3580.14,5.46236055,46.6401877595
801040,2008-07-11,3500.95,3553.32,3582.16,3446.0,4.47339457,37.8404242642
801040,2008-07-14,3586.04,3461.18,3586.04,3446.54,3.4554924,29.6072602332
801040,2008-07-15,3484.28,3609.43,3639.09,3478.07,5.4676475,44.508918217
801040,2008-07-16,3321.45,3440.6,3445.99,3262.8,4.38700522,34.7997835605
801040,2008-07-17,3279.26,3378.85,3392.83,3259.95,2.88982476,23.1064435842
801040,2008-07-18,3379.16,3326.46,3392.52,3232.71,2.7800323,22.277269010999998
801040,2008-07-21,3495.64,3359.99,3506.77,3338.58,4.1055228,34.7200166056
801040,2008-07-22,3484.87,3484.71,3512.18,3450.86,3.52619766,30.399813807199997
801040,2008-07-23,3447.93,3505.93,3541.2,3446.58,3.5001822,30.524360796
801040,2008-07-24,3540.7,3470.54,3547.23,3442.89,4.51246454,38.2460441675
801040,2008-07-25,3471.24,3503.06,3509.15,3465.18,3.7256585,31.8751071399
801040,2008-07-28,3496.55,3490.7,3542.17,3476.83,3.67568647,28.285802746999998
801040,2008-07-29,3402.63,3450.78,3456.52,3391.55,4.9462402,37.5017965558
801040,2008-07-30,3374.39,3442.47,3452.73,3338.72,4.37316621,34.1205715542
801040,2008-07-31,3270.38,3386.24,3386.54,3270.38,3.49211703,26.114088994899998
801040,2008-08-01,3219.35,3252.75,3264.34,3132.66,5.96591153,44.1084617616
801040,2008-08-04,3074.74,3219.81,3219.81,3069.71,3.5108285,25.5803001223
801040,2008-08-05,2957.26,3084.61,3102.94,2940.5,6.66773571,49.1445025767
801040,2008-08-06,2944.05,2968.66,2986.81,2897.79,4.46364412,30.8188570169
801040,2008-08-07,2959.8,2939.57,2979.22,2921.73,3.02029729,21.237725784200002
801040,2008-08-08,2803.91,2958.6,2958.6,2793.89,3.50983962,23.3466459469
801040,2008-08-11,2678.89,2805.54,2809.99,2653.27,4.10933817,26.4561572381
801040,2008-08-12,2749.3,2669.49,2778.08,2662.2,3.93706927,25.546162384400002
801040,2008-08-13,2731.38,2733.68,2760.24,2627.57,3.55883943,22.466404327
801040,2008-08-14,2709.73,2695.49,2731.91,2666.91,2.21007513,13.917357210399999
801040,2008-08-15,2735.73,2741.41,2778.19,2723.46,2.87395306,19.0971692793
801040,2008-08-18,2590.15,2760.74,2760.74,2590.15,3.16760448,20.0673629843
801040,2008-08-19,2621.17,2557.36,2624.52,2556.33,1.99193356,12.256426856500001
801040,2008-08-20,2828.57,2596.45,2833.96,2568.67,5.24813998,33.2217758453
801040,2008-08-21,2700.88,2762.8,2792.48,2692.3,3.92115352,25.1412111414
801040,2008-08-22,2642.57,2672.57,2691.52,2603.51,2.26492885,14.0188167015
801040,2008-08-25,2617.97,2641.0,2655.94,2584.49,1.74690839,10.927059874700001
801040,2008-08-26,2488.89,2582.93,2584.36,2478.25,2.29131722,14.0188508505
801040,2008-08-27,2459.98,2483.66,2509.53,2417.42,2.44647789,14.775718745899999
801040,2008-08-28,2485.93,2466.99,2487.47,2446.64,1.99588352,12.2634677629
801040,2008-08-29,2563.39,2496.1,2588.99,2489.05,2.72192827,17.814381005599998
801040,2008-09-01,2521.32,2526.59,2575.82,2479.87,1.94252137,12.593349740599999
801040,2008-09-02,2532.46,2499.29,2553.57,2475.45,1.47065167,9.1174484328
801040,2008-09-03,2526.26,2534.51,2545.42,2494.15,1.62917095,10.326874356900001
801040,2008-09-04,2542.63,2524.47,2567.27,2524.35,1.4314017,8.4099579985
801040,2008-09-05,2495.89,2494.37,2517.06,2468.59,1.88187488,11.4038759614
801040,2008-09-08,2450.95,2494.68,2504.84,2442.3,1.35837234,7.786482604500001
801040,2008-09-09,2499.21,2461.09,2533.03,2446.93,1.49209663,9.1004978673
801040,2008-09-10,2510.82,2492.35,2571.05,2477.15,1.61890266,9.9770383851
801040,2008-09-11,2456.24,2523.03,2529.42,2445.61,1.5808228,9.759621540700001
801040,2008-09-12,2485.39,2453.94,2498.01,2453.48,1.33324471,7.381984285
801040,2008-09-16,2474.88,2489.32,2499.76,2451.93,2.26553319,13.5919077051
801040,2008-09-17,2377.37,2453.05,2497.16,2370.47,2.13581356,12.7319652143
801040,2008-09-18,2309.79,2336.92,2361.81,2226.09,3.34120435,18.4118550296
801040,2008-09-19,2520.17,2506.52,2520.17,2485.25,4.93424983,34.360595121100005
801040,2008-09-22,2577.82,2645.16,2730.52,2496.42,11.67995953,78.0537200631
801040,2008-09-23,2466.42,2488.16,2560.33,2431.08,5.58341712,34.6995252902
801040,2008-09-24,2501.67,2429.64,2507.78,2407.46,2.99190533,18.4097115143
801040,2008-09-25,2643.61,2502.79,2674.83,2502.79,7.05779881,46.192067569799995
801040,2008-09-26,2675.4,2653.78,2687.77,2620.78,4.86421678,32.0542051655
801040,2008-10-06,2475.36,2618.46,2620.86,2474.59,4.0977904,25.6616736771
801040,2008-10-07,2419.41,2388.8,2475.2,2347.2,2.74817246,16.1285072351
801040,2008-10-08,2351.43,2347.69,2380.13,2330.85,2.28146571,13.192857305899999
801040,2008-10-09,2291.86,2387.18,2396.21,2289.73,2.73767853,15.2204834234
801040,2008-10-10,2191.18,2217.04,2228.63,2178.08,2.9914801,15.854508126099999
801040,2008-10-13,2226.36,2153.88,2227.69,2090.17,3.34655721,16.6914991277
801040,2008-10-14,2160.53,2288.53,2290.71,2160.53,4.24729198,22.6889723475
801040,2008-10-15,2150.83,2132.06,2169.58,2091.05,3.56165486,18.3604419441
801040,2008-10-16,2078.18,2075.35,2118.41,2063.1,3.18457397,16.0212215174
801040,2008-10-17,2105.52,2081.77,2112.14,2074.17,2.02741944,10.0743363985
801040,2008-10-20,2147.67,2096.93,2159.43,2078.9,2.29923176,11.2945480711
801040,2008-10-21,2119.92,2145.33,2165.63,2119.92,2.70923081,13.5164531198
801040,2008-10-22,2076.86,2091.52,2120.99,2073.47,2.05579443,9.8552683968
801040,2008-10-23,2089.11,2048.88,2089.11,2044.47,1.74521548,7.9910109233
801040,2008-10-24,2022.45,2081.81,2092.01,2021.73,1.99660261,9.328298635
801040,2008-10-27,1884.25,1984.69,1990.58,1883.31,3.94887864,22.1506753639
801040,2008-10-28,1903.38,1850.07,1915.57,1842.85,3.76818485,22.0805911406
801040,2008-10-29,1870.64,1924.65,1947.43,1870.64,3.01935254,16.1499445111
801040,2008-10-30,1906.85,1874.78,1923.22,1840.03,4.06649387,19.3864397495
801040,2008-10-31,1851.79,1876.22,1890.34,1843.34,2.69288891,11.9930902192
801040,2008-11-03,1822.71,1836.79,1849.24,1818.64,2.1412306,9.926020384500001
801040,2008-11-04,1790.15,1812.33,1814.37,1779.75,2.12939849,10.6161757371
801040,2008-11-05,1852.58,1800.95,1874.32,1799.94,4.39189051,21.1064495662
801040,2008-11-06,1884.45,1808.72,1910.61,1791.85,5.56037767,23.230239799099998
801040,2008-11-07,1885.01,1836.47,1896.36,1833.46,3.97718535,17.7083794852
801040,2008-11-10,2032.29,1924.61,2032.67,1924.26,8.79910767,39.9402623186
801040,2008-11-11,2069.07,2067.32,2131.69,2057.48,13.39979011,66.6594331354
801040,2008-11-12,2088.0,2033.18,2097.2,2026.54,7.03545167,35.1957804256
801040,2008-11-13,2180.57,2061.16,2206.94,2051.47,10.88919372,53.8794413209
801040,2008-11-14,2218.2,2197.45,2220.53,2147.07,10.75614793,53.835178185100006
801040,2008-11-17,2235.21,2196.05,2236.81,2155.49,10.26202604,53.284482378
801040,2008-11-18,2058.78,2207.57,2225.69,2055.5,11.66609988,56.6494842782
801040,2008-11-19,2156.02,2045.76,2160.76,2037.86,9.28942158,44.0992921005
801040,2008-11-20,2107.81,2109.62,2166.16,2088.67,8.94942917,43.4965696915
801040,2008-11-21,2119.98,2054.24,2152.71,2017.12,9.49565609,45.402563451499994
801040,2008-11-24,2044.16,2118.54,2126.8,2042.41,5.5966323,26.0741913024
801040,2008-11-25,2025.19,2068.8,2080.16,1994.9,4.59224722,21.0514581238
801040,2008-11-26,2095.41,2023.64,2120.62,2004.31,8.34918798,39.7892337332
801040,2008-11-27,2133.7,2235.05,2237.22,2133.7,11.67722839,57.691412925600005
801040,2008-11-28,2111.39,2107.26,2146.34,2093.39,7.35752618,36.489337368200005
801040,2008-12-01,2115.09,2104.88,2115.09,2059.1,6.05857256,30.5378564323
801040,2008-12-02,2099.57,2071.13,2114.16,2063.0,5.51338197,27.333891922
801040,2008-12-03,2191.72,2112.77,2199.45,2111.47,9.78097795,47.764364056000005
801040,2008-12-04,2261.49,2214.36,2351.42,2202.14,17.92085386,91.2120330006
801040,2008-12-05,2290.66,2255.94,2292.07,2234.56,9.85845339,49.7687520804
801040,2008-12-08,2347.3,2311.96,2347.3,2290.56,12.15812668,63.6048284686
801040,2008-12-09,2329.14,2360.52,2400.66,2328.84,12.10353478,64.0288231296
801040,2008-12-10,2324.94,2313.16,2334.02,2227.01,12.11597223,65.30386574399999
801040,2008-12-11,2249.57,2299.79,2311.88,2247.99,8.45850762,44.485512339399996
801040,2008-12-12,2157.08,2225.27,2235.32,2133.13,8.00567901,40.0307214955
801040,2008-12-15,2181.74,2190.19,2200.97,2150.69,5.11500741,24.8676579616
801040,2008-12-16,2205.01,2161.91,2206.1,2135.96,4.54300436,22.3010144633
801040,2008-12-17,2213.58,2209.64,2246.18,2203.41,7.13966553,35.9182831293
801040,2008-12-18,2229.06,2211.36,2230.53,2179.31,5.33406034,28.0955341202
801040,2008-12-19,2234.16,2222.9,2267.49,2218.71,6.08142825,31.0941699071
801040,2008-12-22,2176.74,2226.39,2229.35,2166.95,5.7413304,28.7779508848
801040,2008-12-23,2085.24,2182.63,2184.67,2085.24,6.47887468,31.2955257692
801040,2008-12-24,2049.38,2069.27,2076.07,2038.57,4.43907039,20.721518418800002
801040,2008-12-25,2060.28,2054.51,2070.63,2034.65,3.49437606,16.7663530435
801040,2008-12-26,2066.38,2068.18,2077.65,2045.66,3.65927904,21.7386100789
801040,2008-12-29,2039.07,2061.36,2063.09,2005.23,3.099401,15.5725020739
801040,2008-12-30,1988.08,2019.65,2035.95,1982.35,4.91075103,21.7460109746
801040,2008-12-31,1949.93,1976.62,1984.52,1946.08,6.45819722,26.103182476300002
801040,2009-01-05,2066.44,1984.64,2066.44,1983.92,7.70548076,33.7093590786
801040,2009-01-06,2135.22,2063.0,2142.8,2050.71,11.4061534,53.565141760699994
801040,2009-01-07,2123.45,2131.8,2155.85,2120.64,8.91246537,42.3758408607
801040,2009-01-08,2064.76,2082.52,2092.46,2055.86,6.19251732,28.5235100514
801040,2009-01-09,2093.08,2064.63,2097.1,2064.63,5.2316418,24.413649916300002
801040,2009-01-12,2099.82,2088.03,2122.84,2077.36,5.71170306,27.7228821229
801040,2009-01-13,2103.7,2087.66,2146.94,2085.13,7.92304119,39.8205428499
801040,2009-01-14,2170.29,2112.14,2170.29,2099.42,8.56786946,43.472295717600005
801040,2009-01-15,2161.4,2154.72,2186.1,2142.89,8.55850923,42.5434184381
801040,2009-01-16,2187.74,2171.66,2209.99,2171.56,9.49739972,48.605616130200005
801040,2009-01-19,2208.25,2201.03,2241.31,2192.22,8.61501927,44.8501021431
801040,2009-01-20,2247.69,2208.47,2255.84,2202.99,7.94265625,40.216801994899996
801040,2009-01-21,2224.75,2217.59,2248.84,2206.9,6.47544056,35.4393074518
801040,2009-01-22,2232.01,2228.55,2240.67,2215.5,5.67193553,31.950744951799997
801040,2009-01-23,2261.68,2226.95,2281.45,2212.96,7.40472137,38.7038956826
801040,2009-02-02,2269.16,2280.65,2284.79,2246.21,5.12061543,25.9237783519
801040,2009-02-03,2293.49,2267.93,2293.49,2232.65,8.81556435,45.3031479628
801040,2009-02-04,2363.76,2297.55,2363.76,2293.63,12.04798574,62.2271230167
801040,2009-02-05,2385.19,2362.48,2468.54,2349.39,17.61403491,94.4983635743
801040,2009-02-06,2449.65,2384.12,2458.08,2384.12,11.64451066,61.8162126283
801040,2009-02-09,2529.07,2494.12,2534.34,2475.25,15.88143721,89.1439903718
801040,2009-02-10,2539.66,2523.07,2539.66,2465.55,14.56065123,83.0051838492
801040,2009-02-11,2508.82,2493.04,2559.91,2476.59,16.88416575,96.5459849798
801040,2009-02-12,2458.86,2515.79,2530.61,2388.62,14.87546533,84.7598687145
801040,2009-02-13,2518.95,2455.05,2518.95,2416.26,15.26716307,85.8626919918
801040,2009-02-16,2746.01,2546.36,2746.07,2545.98,26.13844705,157.8059087624
801040,2009-02-17,2615.47,2758.88,2758.88,2612.47,24.33440871,142.9355851297
801040,2009-02-18,2458.67,2546.44,2707.93,2455.86,14.70125489,82.5612165173
801040,2009-02-19,2555.09,2501.09,2599.91,2501.09,15.69386229,87.1657068174
801040,2009-02-20,2607.7,2576.86,2608.2,2529.34,11.586021,65.3519847297
801040,2009-02-23,2620.45,2587.52,2628.7,2531.2,13.18215117,78.063939742
801040,2009-02-24,2490.11,2585.52,2597.45,2488.33,16.44859141,100.95891920129999
801040,2009-02-25,2460.5,2508.1,2585.51,2399.24,11.25356096,66.3024167337
801040,2009-02-26,2357.61,2456.96,2482.94,2327.73,9.70559876,56.0888795718
801040,2009-02-27,2265.26,2337.75,2339.12,2239.68,9.26061413,47.6233986856
801040,2009-03-02,2290.69,2276.94,2294.92,2247.4,5.77581539,30.0739841172
801040,2009-03-03,2324.32,2267.39,2355.26,2248.23,9.31406295,49.0244556686
801040,2009-03-04,2431.36,2313.31,2441.56,2312.95,12.37446784,67.7770633206
801040,2009-03-05,2433.81,2452.2,2468.03,2348.51,13.00848893,73.7708475632
801040,2009-03-06,2393.35,2397.27,2436.67,2377.72,8.47663086,49.4077798859
801040,2009-03-09,2304.3,2406.77,2424.06,2304.3,7.91771432,42.8266864406
801040,2009-03-10,2333.91,2280.63,2333.91,2271.83,5.59187283,31.5463043728
801040,2009-03-11,2358.19,2375.93,2440.84,2303.74,10.80066668,57.80216637189999
801040,2009-03-12,2341.15,2346.64,2348.97,2288.14,5.96945699,31.1083322904
801040,2009-03-13,2328.09,2352.77,2360.2,2320.61,5.04421248,26.907279741999997
801040,2009-03-16,2361.81,2325.6,2369.47,2316.56,5.31429744,28.084028457600002
801040,2009-03-17,2428.0,2378.31,2431.71,2376.26,9.86445529,54.6390985318
801040,2009-03-18,2466.42,2437.15,2506.47,2437.15,14.26230029,82.500164499
801040,2009-03-19,2482.07,2465.8,2486.24,2428.08,10.9546105,63.0805139793
801040,2009-03-20,2525.39,2483.85,2552.08,2481.2,15.83619316,94.625191431
801040,2009-03-23,2559.49,2549.0,2596.94,2543.61,14.80568591,88.8653678666
801040,2009-03-24,2585.95,2593.66,2598.09,2549.84,12.84423139,77.4977722317
801040,2009-03-25,2496.38,2568.35,2568.35,2496.34,9.84987011,58.8989604746
801040,2009-03-26,2553.01,2507.57,2553.01,2471.61,8.80557515,52.437721985799996
801040,2009-03-27,2640.93,2577.24,2696.96,2557.98,23.47397248,140.57638144950002
801040,2009-03-30,2579.41,2641.96,2641.96,2574.67,11.76453574,72.1084543436
801040,2009-03-31,2556.37,2532.98,2557.26,2497.43,8.8859064,53.0750847114
801040,2009-04-01,2598.86,2566.95,2615.64,2561.85,11.49058255,69.5230008785
801040,2009-04-02,2650.23,2609.13,2668.37,2606.91,16.08085751,98.3145245476
801040,2009-04-03,2635.21,2667.52,2669.47,2600.61,14.10957539,94.0920891094
801040,2009-04-07,2602.98,2640.99,2650.46,2584.13,11.99198392,83.7983804576
801040,2009-04-08,2505.23,2584.61,2584.61,2505.23,12.14146163,77.4909116081
801040,2009-04-09,2530.82,2494.14,2530.82,2480.97,8.5997215,55.5654871763
801040,2009-04-10,2563.13,2540.8,2565.98,2511.86,11.08818966,68.7658923784
801040,2009-04-13,2671.37,2571.66,2680.86,2565.41,21.8142549,143.1028197443
801040,2009-04-14,2675.18,2641.19,2699.92,2641.19,11.70080002,73.67072345380001
801040,2009-04-15,2707.04,2659.84,2720.75,2641.08,20.93802243,138.893710904
801040,2009-04-16,2768.44,2702.67,2813.41,2697.2,25.57713408,166.4669391846
801040,2009-04-17,2678.67,2758.98,2761.25,2670.34,15.48232648,99.2132444957
801040,2009-04-20,2710.31,2660.39,2712.64,2657.38,11.93201705,82.7307315611
801040,2009-04-21,2699.55,2682.64,2720.3,2655.95,11.89730971,80.07125224810001
801040,2009-04-22,2606.79,2706.1,2726.73,2604.62,12.9569065,86.2410530382
801040,2009-04-23,2594.45,2583.23,2668.29,2564.2,8.70930048,56.546191649799994
801040,2009-04-24,2579.31,2599.01,2612.12,2577.06,6.20414912,36.417521557
801040,2009-04-27,2493.95,2570.03,2572.01,2491.71,7.3676448,40.4933910006
801040,2009-04-28,2486.72,2500.95,2500.95,2464.68,4.63919369,25.988436887800002
801040,2009-04-29,2536.21,2478.4,2543.78,2475.59,5.94120793,33.8771526816
801040,2009-04-30,2551.28,2544.57,2571.05,2537.07,7.14865595,40.6838338406
801040,2009-05-04,2690.63,2570.31,2699.25,2570.31,12.57052338,76.7199430399
801040,2009-05-05,2691.22,2713.19,2725.03,2684.59,11.82818838,73.92502238
801040,2009-05-06,2726.43,2685.59,2728.45,2678.52,11.80921087,77.9980290172
801040,2009-05-07,2727.5,2749.71,2813.91,2711.27,15.86817149,103.9293899863
801040,2009-05-08,2729.46,2704.39,2736.36,2677.84,9.08731686,57.316930991899994
801040,2009-05-11,2698.14,2747.11,2812.72,2693.05,13.53551783,86.32939838760001
801040,2009-05-12,2827.64,2668.07,2827.64,2668.07,15.01342646,93.8366530807
801040,2009-05-13,2831.69,2821.83,2872.6,2818.05,17.63329959,114.661149772
801040,2009-05-14,2797.09,2797.19,2800.12,2750.55,9.50392977,60.899580475200004
801040,2009-05-15,2767.83,2790.47,2795.78,2748.07,6.31508303,39.0587116773
801040,2009-05-18,2804.25,2751.14,2805.09,2719.53,7.96084245,51.683034564399996
801040,2009-05-19,2840.21,2809.74,2869.31,2809.74,13.29844207,86.0680494941
801040,2009-05-20,2795.66,2839.15,2845.52,2795.66,8.14173259,55.28773806939999
801040,2009-05-21,2743.2,2779.54,2805.82,2729.77,8.86608155,57.672940811400004
801040,2009-05-22,2747.93,2721.73,2761.48,2707.8,6.74607936,41.9925214581
801040,2009-05-25,2719.86,2688.07,2728.91,2651.47,7.32160606,45.0390385248
801040,2009-05-26,2685.51,2720.67,2735.5,2680.73,6.82008627,41.8693872442
801040,2009-05-27,2727.32,2697.24,2744.9,2673.67,6.87025157,42.2416370461
801040,2009-06-01,2813.91,2739.14,2821.94,2737.2,12.1335243,79.744514533
801040,2009-06-02,2813.33,2835.69,2857.18,2802.42,12.47848093,83.0058621786
801040,2009-06-03,2878.83,2817.95,2878.83,2801.48,13.80060115,88.7642126569
801040,2009-06-04,3000.5,2869.49,3042.93,2857.51,23.6250414,158.0539018728
801040,2009-06-05,2972.25,3004.6,3079.38,2968.71,17.60214162,122.7019526876
801040,2009-06-08,2981.19,2970.24,2988.46,2915.83,9.48720392,66.1644985331
801040,2009-06-09,3000.92,2978.74,3002.11,2921.44,11.51647538,80.74396100930001
801040,2009-06-10,3048.12,3005.37,3057.91,2979.33,12.89394196,91.38509230870001
801040,2009-06-11,2990.41,3052.01,3073.11,2982.38,10.044713,67.935902822
801040,2009-06-12,2903.18,2982.01,2982.59,2872.98,9.95190521,66.63687119869999
801040,2009-06-15,2906.73,2895.81,2908.57,2848.59,7.3258781,50.192690704300006
801040,2009-06-16,2941.1,2883.67,2978.51,2879.37,9.14044958,60.037793218599994
801040,2009-06-17,2964.89,2933.62,2965.19,2886.63,7.84735346,51.9269122814
801040,2009-06-18,2984.63,2970.86,2989.34,2944.77,8.86352707,58.257658061899996
801040,2009-06-19,2989.13,2993.45,3018.59,2955.83,9.34498301,62.718712556899995
801040,2009-06-22,3060.68,3013.17,3094.11,3002.02,15.22694158,101.8097185209
801040,2009-06-23,3162.17,3021.55,3202.56,3010.16,21.13049272,140.4527857201
801040,2009-06-24,3254.8,3168.66,3306.31,3164.58,22.91682682,159.075973266
801040,2009-06-25,3284.07,3247.54,3300.53,3207.36,13.41759136,91.9682443065
801040,2009-06-26,3263.73,3284.03,3321.56,3255.23,10.09244518,73.68352623
801040,2009-06-29,3268.65,3263.69,3276.8,3240.08,10.373764,77.502801875
801040,2009-06-30,3189.25,3273.63,3273.63,3181.41,9.77678343,69.7265196469
801040,2009-07-01,3301.93,3178.59,3301.93,3168.51,11.24646653,83.9433203826
801040,2009-07-02,3297.26,3317.03,3347.87,3274.19,11.12559022,87.5963349183
801040,2009-07-03,3293.96,3270.25,3326.78,3270.25,9.40448278,69.61093167920001
801040,2009-07-06,3529.54,3298.58,3531.7,3288.25,22.93380435,172.797490356
801040,2009-07-07,3535.99,3540.46,3647.27,3513.71,22.18332176,171.67114692270002
801040,2009-07-08,3540.66,3503.72,3589.14,3460.92,11.29459077,90.75410541049999
801040,2009-07-09,3603.7,3532.15,3663.79,3532.15,13.67663369,108.77237116270001
801040,2009-07-10,3569.58,3607.28,3611.11,3548.61,9.641338,78.4283656824
801040,2009-07-13,3529.49,3554.74,3589.81,3527.61,9.60175487,76.7369925161
801040,2009-07-14,3661.7,3537.4,3661.7,3537.4,13.78078307,106.9808887
801040,2009-07-15,3744.06,3675.77,3818.54,3675.77,18.75765219,155.17676791969998
801040,2009-07-16,3755.81,3753.27,3818.93,3711.01,13.83667036,118.33721606040001
801040,2009-07-17,3819.44,3753.86,3821.43,3748.29,12.7344976,114.6957229851
801040,2009-07-20,3875.26,3842.13,3918.85,3835.14,13.94402888,125.7481949731
801040,2009-07-21,3757.3,3877.14,3880.09,3745.75,11.43572502,101.7715303649
801040,2009-07-22,3807.36,3748.95,3834.92,3748.95,11.24928351,98.2153970611
801040,2009-07-23,3778.17,3804.97,3808.41,3718.73,10.08147679,85.9766926515
801040,2009-07-24,3772.41,3775.82,3783.22,3679.84,10.18831419,88.2548669199
801040,2009-07-27,3949.83,3774.38,3949.83,3774.38,15.45299909,135.6106928149
801040,2009-07-28,4240.93,3956.83,4241.56,3952.56,23.34112305,205.4394898959
801040,2009-07-29,4073.88,4251.32,4367.04,3933.39,24.61441071,210.12704541669999
801040,2009-07-30,4190.14,4071.16,4249.32,4067.79,14.53406441,132.6971028082
801040,2009-07-31,4292.85,4254.45,4292.85,4166.93,15.05037411,134.5106513738
801040,2009-08-03,4541.91,4319.97,4543.16,4319.97,18.33076556,171.4977960809
801040,2009-08-04,4518.29,4580.48,4627.22,4497.06,18.07016297,170.2122934083
801040,2009-08-05,4368.03,4483.9,4486.02,4276.72,13.59204243,129.6736763118
801040,2009-08-06,4179.25,4319.44,4321.56,4130.66,12.36227768,117.2928641312
801040,2009-08-07,4009.18,4180.27,4216.53,3991.02,11.80993104,105.76254937270001
801040,2009-08-10,4031.6,4049.43,4069.56,3936.72,9.37345824,82.4013667773
801040,2009-08-11,4055.77,4045.5,4055.77,3959.56,9.23234571,80.7710228296
801040,2009-08-12,3839.45,4018.51,4020.34,3814.52,12.21134304,105.8273432905
801040,2009-08-13,3868.96,3833.15,3869.39,3758.92,10.76436566,91.6215280356
801040,2009-08-14,3729.51,3857.35,3859.07,3726.71,10.14185109,84.3858805243
801040,2009-08-17,3427.33,3667.34,3676.61,3420.18,11.83955565,91.9477034809
801040,2009-08-18,3543.19,3384.06,3558.57,3384.06,15.16035702,114.8403826152
801040,2009-08-19,3295.56,3520.78,3522.51,3245.67,12.77737078,92.8512162895
801040,2009-08-20,3403.09,3288.89,3416.8,3277.68,10.87766452,80.7685052328
801040,2009-08-21,3499.4,3390.02,3542.49,3362.18,13.7576531,107.2340109307
801040,2009-08-24,3500.98,3500.1,3506.96,3422.89,10.65397935,83.1712280887
801040,2009-08-25,3329.58,3462.45,3464.16,3219.58,12.23109853,91.9487059816
801040,2009-08-26,3385.64,3299.07,3420.93,3272.05,8.58444311,64.73130390109999
801040,2009-08-27,3384.01,3349.71,3442.3,3330.93,10.21175542,81.9901057437
801040,2009-08-28,3217.02,3362.62,3379.35,3186.51,10.94732453,81.9756680157
801040,2009-08-31,2956.06,3172.82,3172.82,2945.02,10.67034008,73.3432408812
801040,2009-09-01,2970.39,2935.46,3021.22,2924.72,8.64908966,60.0442801176
801040,2009-09-02,2982.13,2942.39,3014.98,2928.16,6.80509789,46.823730607399995
801040,2009-09-03,3212.14,2987.52,3228.53,2985.46,13.09383052,90.8929834751
801040,2009-09-04,3187.08,3204.53,3234.5,3151.01,11.593955,82.5944721006
801040,2009-09-07,3181.15,3207.08,3273.01,3157.45,10.24878185,75.1407197515
801040,2009-09-08,3262.99,3150.14,3262.99,3081.5,11.48955168,83.5366091646
801040,2009-09-09,3374.17,3264.4,3376.66,3210.18,15.01713053,112.23630868299999
801040,2009-09-10,3324.62,3343.19,3381.43,3315.45,10.27156475,81.8202813012
801040,2009-09-11,3365.17,3298.15,3392.41,3295.26,9.10831274,67.3092458788
801040,2009-09-14,3400.91,3369.03,3406.85,3359.2,8.8448795,66.3320340167
801040,2009-09-15,3459.34,3411.17,3521.76,3356.34,13.26810498,100.7794216647
801040,2009-09-16,3373.98,3432.14,3432.14,3326.83,10.44586467,78.644013625
801040,2009-09-17,3408.09,3378.86,3426.21,3373.6,7.45126308,57.8239849629
801040,2009-09-18,3270.71,3399.93,3399.93,3240.92,10.11182711,74.0433400481
801040,2009-09-21,3215.37,3227.0,3227.0,3123.31,7.91948322,58.787457438100006
801040,2009-09-22,3093.51,3207.63,3208.67,3091.78,9.87216646,69.4704305054
801040,2009-09-23,3039.08,3100.64,3120.13,3011.89,7.73827021,54.571586528699996
801040,2009-09-24,3037.25,3009.62,3069.74,2953.44,6.56891457,45.2900906921
801040,2009-09-25,3007.82,3020.51,3036.4,2980.59,4.57039599,30.849005363699998
801040,2009-09-28,2928.63,3014.96,3047.86,2922.36,4.68921283,31.7039045028
801040,2009-09-29,2881.0,2924.57,2937.21,2818.42,5.61797479,35.971658307
801040,2009-09-30,2903.97,2890.82,2936.74,2890.82,4.10575438,26.7248506669
801040,2009-10-09,3049.22,2964.11,3051.85,2948.17,6.48352953,45.2292123342
801040,2009-10-12,3023.34,3042.14,3042.14,2980.79,6.75581967,46.8416525481
801040,2009-10-13,3105.7,3015.91,3107.22,3011.13,8.28670914,56.72365089
801040,2009-10-14,3124.75,3104.98,3170.93,3088.78,9.76265232,69.927138004
801040,2009-10-15,3173.34,3162.93,3231.92,3154.47,9.70591582,71.51296841930001
801040,2009-10-16,3170.97,3180.9,3189.81,3105.87,7.26869456,53.2145465546
801040,2009-10-19,3272.27,3160.38,3287.78,3151.61,10.17242431,76.6060245618
801040,2009-10-20,3279.73,3284.01,3291.86,3254.3,8.67190549,66.0627087399
801040,2009-10-21,3305.0,3282.93,3340.26,3245.0,11.5175371,88.0481298563
801040,2009-10-22,3261.15,3298.22,3310.15,3250.88,7.53599264,57.786965152700006
801040,2009-10-23,3302.39,3256.92,3333.98,3256.92,9.02087737,68.3699777511
801040,2009-10-26,3318.46,3303.58,3341.44,3279.94,7.70721757,59.6676025892
801040,2009-10-27,3177.92,3288.66,3288.66,3177.92,8.46200279,64.86292539850001
801040,2009-10-28,3149.72,3161.75,3183.1,3080.54,7.18059556,53.288453295
801040,2009-10-29,3062.25,3083.43,3095.26,3048.22,5.95338887,42.5925912949
801040,2009-10-30,3086.28,3112.64,3125.61,3080.7,5.58198468,39.5928798698
801040,2009-11-02,3157.53,3019.32,3157.75,3005.7,7.04713903,48.2635651607
801040,2009-11-03,3212.12,3165.03,3221.91,3155.01,8.02924902,59.4027020305
801040,2009-11-04,3252.01,3213.98,3277.52,3175.48,9.76741904,74.1223761247
801040,2009-11-05,3273.06,3252.19,3279.22,3216.51,8.39277309,61.923189173100006
801040,2009-11-06,3321.69,3293.31,3321.69,3293.31,13.19777825,101.32894839629999
801040,2009-11-09,3388.03,3318.8,3405.7,3318.8,11.52601459,91.00693445280001
801040,2009-11-10,3380.77,3408.05,3452.07,3378.85,11.89909733,94.9529651309
801040,2009-11-11,3390.37,3375.82,3428.75,3362.14,9.29680486,72.4376285683
801040,2009-11-12,3448.83,3402.44,3485.12,3402.44,11.40729984,90.7858204959
801040,2009-11-13,3432.2,3435.4,3451.72,3361.04,9.2703329,75.7907843735
801040,2009-11-16,3572.12,3443.55,3572.12,3443.55,14.50793437,115.7041311824
801040,2009-11-17,3570.33,3597.63,3621.82,3562.61,11.25050484,89.9760425062
801040,2009-11-18,3550.17,3565.7,3579.43,3522.22,8.77877349,70.789066928
801040,2009-11-19,3586.53,3556.13,3604.32,3522.98,9.75585072,77.2948262897
801040,2009-11-20,3589.88,3564.93,3617.61,3533.1,11.42649577,90.810790201
801040,2009-11-23,3628.71,3591.91,3628.71,3575.07,11.65668939,96.9081120828
801040,2009-11-24,3659.53,3666.54,3852.37,3624.86,27.57455788,222.0207531617
801040,2009-11-25,3860.32,3621.15,3860.32,3604.01,20.73438833,162.5810814077
801040,2009-11-26,3650.65,3850.37,3864.55,3636.25,17.43271334,142.0431679358
801040,2009-11-27,3455.06,3571.83,3604.14,3449.05,11.6291197,89.2228581556
801040,2009-11-30,3590.01,3487.1,3590.23,3487.1,8.73854747,68.48038016609999
801040,2009-12-01,3753.94,3585.52,3753.94,3556.89,12.76478648,103.7509592457
801040,2009-12-02,3755.56,3749.86,3771.27,3709.7,11.50943041,97.00799089440001
801040,2009-12-03,3819.41,3741.95,3860.51,3712.75,12.41111139,104.278734374
801040,2009-12-04,3837.19,3808.71,3894.19,3713.48,14.09015662,118.1641200886
801040,2009-12-07,3881.11,3828.71,3889.59,3819.01,10.27306076,88.374775416
801040,2009-12-08,3840.42,3876.23,3881.93,3788.38,9.38967719,79.3812220161
801040,2009-12-09,3798.38,3788.41,3845.96,3777.99,7.63545359,65.6364428855
801040,2009-12-10,3809.39,3821.19,3856.6,3753.61,6.6322757,57.4215939283
801040,2009-12-11,3820.65,3855.66,3881.38,3810.63,9.27787197,72.5809799554
801040,2009-12-14,3814.18,3818.27,3831.82,3689.49,10.22577554,79.7145026204
801040,2009-12-15,3785.22,3796.48,3819.78,3776.3,7.47325906,58.7428921561
801040,2009-12-16,3723.28,3751.84,3783.44,3712.46,4.8955863,42.9073234159
801040,2009-12-17,3610.24,3720.73,3737.42,3605.54,5.71364348,48.4903597701
801040,2009-12-18,3567.42,3575.01,3627.84,3548.41,5.49317659,46.669283745
801040,2009-12-21,3560.85,3561.02,3573.48,3508.42,4.14696581,34.5519536003
801040,2009-12-22,3473.27,3563.87,3583.99,3465.24,4.44796212,36.5451404003
801040,2009-12-23,3509.61,3465.28,3513.62,3450.94,4.27044429,34.7795470954
801040,2009-12-24,3644.47,3508.39,3655.59,3502.21,5.92727718,50.7211675204
801040,2009-12-25,3641.5,3638.16,3670.34,3626.87,3.95150861,34.5828778746
801040,2009-12-28,3716.94,3645.33,3748.31,3645.18,4.99572348,42.1193032197
801040,2009-12-29,3751.47,3725.61,3751.47,3694.0,4.87298595,44.120660295600004
801040,2009-12-30,3825.8,3745.16,3829.25,3743.44,7.35813185,63.7286241995
801040,2009-12-31,3824.97,3812.88,3826.55,3766.62,5.19289304,45.0847896444
801040,2010-01-04,3786.67,3838.67,3847.63,3786.67,4.82585408,43.506594476000004
801040,2010-01-05,3770.08,3784.02,3801.94,3710.03,5.8184822,50.7390343805
801040,2010-01-06,3802.48,3754.66,3860.43,3745.82,6.50998547,57.9946333934
801040,2010-01-07,3686.86,3786.51,3825.35,3681.98,6.2161239,54.670875532
801040,2010-01-08,3698.08,3672.11,3700.04,3627.28,5.55309629,49.698451650699994
801040,2010-01-11,3674.84,3755.55,3788.1,3661.08,5.53675744,49.833245927600004
801040,2010-01-12,3699.24,3670.87,3718.57,3590.37,7.04243173,63.50213752810001
801040,2010-01-13,3577.47,3621.67,3637.83,3563.35,9.21954471,82.8861292429
801040,2010-01-14,3620.67,3587.3,3621.69,3543.54,6.93828719,64.1422461083
801040,2010-01-15,3614.51,3613.16,3619.86,3576.71,6.19662471,56.1471088241
801040,2010-01-18,3629.19,3598.12,3629.47,3568.76,6.43483608,57.3316218284
801040,2010-01-19,3655.41,3627.07,3677.66,3626.19,7.74913873,66.4134603265
801040,2010-01-20,3513.91,3657.23,3666.62,3505.74,8.47731285,73.0856740611
801040,2010-01-21,3461.33,3505.44,3524.77,3431.38,6.66801445,57.6373265
801040,2010-01-22,3356.56,3415.41,3418.75,3300.74,8.45098296,68.5635188985
801040,2010-01-25,3308.22,3327.16,3365.01,3306.65,7.99001407,58.2933123499
801040,2010-01-26,3213.47,3299.46,3320.45,3197.51,6.57617734,47.7589922778
801040,2010-01-27,3200.48,3215.32,3232.34,3151.27,5.22131451,38.6188945802
801040,2010-01-28,3226.43,3184.68,3240.64,3163.74,4.62807623,35.9821358331
801040,2010-01-29,3225.82,3200.84,3271.31,3190.53,5.01961912,38.7178604824
801040,2010-02-01,3155.63,3217.19,3224.81,3134.37,4.99846378,36.1756886871
801040,2010-02-02,3144.75,3162.94,3196.7,3144.68,4.31175529,33.104799765900005
801040,2010-02-03,3220.96,3149.67,3220.96,3084.7,5.64979063,42.0387750794
801040,2010-02-04,3207.88,3193.36,3234.52,3176.13,4.56086109,34.6765277964
801040,2010-02-05,3133.63,3131.28,3160.83,3114.7,4.96180238,37.969077436599996
801040,2010-02-08,3136.29,3133.22,3162.22,3129.09,2.79557414,20.8058110162
801040,2010-02-09,3156.25,3129.57,3160.76,3129.34,2.91100725,21.9976278279
801040,2010-02-10,3197.0,3170.37,3197.12,3169.97,3.05330327,24.052826678400002
801040,2010-02-11,3288.56,3196.26,3308.0,3192.76,5.90343948,45.410599769099996
801040,2010-02-12,3323.53,3289.77,3323.53,3275.17,3.81724128,29.191657548000002
801040,2010-02-22,3313.7,3316.33,3352.73,3296.73,3.60194699,28.291781033899998
801040,2010-02-23,3293.86,3302.72,3307.99,3226.87,4.10560291,31.3899383539
801040,2010-02-24,3381.78,3261.04,3381.78,3243.49,7.69590541,58.625188523
801040,2010-02-25,3388.52,3370.96,3404.2,3358.8,6.98370295,53.5488343232
801040,2010-02-26,3341.21,3383.1,3384.41,3334.22,5.05997738,40.1119116741
801040,2010-03-01,3383.1,3345.23,3383.1,3345.23,5.48351967,42.2834266208
801040,2010-03-02,3346.46,3384.91,3388.44,3333.54,4.54216141,35.839562419800004
801040,2010-03-03,3381.84,3343.4,3383.76,3318.33,5.70911795,44.322561311099996
801040,2010-03-04,3304.51,3383.63,3399.04,3293.92,5.92853221,45.692804179899994
801040,2010-03-05,3333.14,3304.03,3362.77,3302.96,4.35335578,34.846604290900004
801040,2010-03-08,3396.8,3342.21,3407.86,3342.21,5.18129015,41.931823361999996
801040,2010-03-09,3400.51,3395.47,3425.1,3344.86,5.31149478,44.366286322
801040,2010-03-10,3411.83,3393.3,3463.52,3384.21,5.92712673,48.318520737700005
801040,2010-03-11,3422.33,3415.33,3444.68,3388.28,5.97745834,48.0759139463
801040,2010-03-12,3361.87,3424.8,3444.82,3359.76,5.46566953,44.6018619236
801040,2010-03-15,3274.2,3356.66,3356.98,3259.6,4.46347239,34.0917895046
801040,2010-03-16,3289.28,3269.9,3295.11,3260.87,2.88043912,22.275359851100003
801040,2010-03-17,3345.36,3305.95,3345.72,3294.39,4.20619319,33.8112942335
801040,2010-03-18,3328.0,3347.74,3356.32,3312.2,3.7507462,29.607953795900002
801040,2010-03-19,3361.46,3326.58,3361.95,3295.25,4.51733051,36.1688260998
801040,2010-03-22,3341.81,3357.71,3357.71,3319.31,4.28979052,35.127809183400004
801040,2010-03-23,3313.11,3338.79,3370.82,3312.63,6.14409157,46.133271617
801040,2010-03-24,3280.25,3313.39,3321.27,3267.96,5.78245741,44.9499429974
801040,2010-03-25,3248.89,3272.03,3285.07,3223.66,5.24000729,40.5175888335
801040,2010-03-26,3264.52,3239.44,3272.06,3221.31,4.0808889,32.0711433118
801040,2010-03-29,3330.4,3270.32,3335.92,3270.02,6.45154632,50.55134742600001
801040,2010-03-30,3323.42,3332.8,3338.2,3315.95,4.06876189,32.3007850532
801040,2010-03-31,3286.78,3325.77,3326.41,3271.6,4.60829473,38.8974088906
801040,2010-04-01,3322.19,3288.66,3322.19,3284.4,5.47457197,43.529145865299995
801040,2010-04-02,3347.67,3330.68,3348.76,3323.88,6.78014805,52.884580175100005
801040,2010-04-06,3353.74,3357.48,3368.04,3336.42,5.66365912,44.401760045900005
801040,2010-04-07,3343.36,3353.76,3370.69,3314.81,6.47065704,48.49031399810001
801040,2010-04-08,3279.59,3326.79,3327.25,3268.48,5.51262476,45.3778380229
801040,2010-04-09,3299.46,3284.79,3299.46,3272.86,4.46422613,36.1940038921
801040,2010-04-12,3248.1,3301.26,3306.48,3239.32,6.21177692,48.9607682035
801040,2010-04-13,3274.1,3247.37,3285.46,3224.08,6.04683859,50.6019261368
801040,2010-04-14,3294.2,3285.46,3302.89,3280.39,5.58096031,47.9793464691
801040,2010-04-15,3294.14,3299.78,3313.26,3268.87,6.40416417,50.650263978599995
801040,2010-04-16,3256.04,3289.72,3292.51,3253.69,4.53428852,36.292043188
801040,2010-04-19,3062.8,3222.68,3222.75,3061.01,7.95897705,58.4874695426
801040,2010-04-20,3005.34,3059.67,3080.79,2972.25,6.35737798,45.5982742895
801040,2010-04-21,3051.26,3009.21,3055.18,2984.95,5.53355449,41.9855538566
801040,2010-04-22,2999.17,3044.25,3046.41,2974.02,5.08614318,39.6174824664
801040,2010-04-23,2960.71,2987.32,3004.98,2954.86,4.59126462,33.254538720999996
801040,2010-04-26,2928.77,2975.85,2986.97,2923.39,4.54125186,33.1282533981
801040,2010-04-27,2847.56,2921.23,2921.65,2812.82,5.4186343,37.689960624099996
801040,2010-04-28,2875.86,2817.42,2881.97,2794.93,4.34713336,30.321284984200002
801040,2010-04-29,2841.83,2850.45,2885.74,2841.43,3.18092619,23.760393689
801040,2010-04-30,2918.17,2846.06,2918.58,2835.72,5.36250223,35.6758438659
801040,2010-05-04,2859.94,2877.94,2899.73,2850.82,3.49047778,23.602206254000002
801040,2010-05-05,2868.51,2836.04,2869.08,2768.9,4.51402648,31.5373975718
801040,2010-05-06,2745.02,2850.09,2850.09,2742.77,4.34272494,29.739579608299998
801040,2010-05-07,2673.97,2681.96,2714.52,2646.41,5.0279108,32.7345375015
801040,2010-05-10,2681.12,2674.45,2693.63,2628.28,3.62528342,23.5652714355
801040,2010-05-11,2689.61,2733.29,2772.06,2675.04,6.38472644,40.4853284081
801040,2010-05-12,2671.33,2662.47,2682.83,2608.9,4.5234111,28.5380255412
801040,2010-05-13,2711.89,2666.8,2711.89,2643.53,4.24085303,26.3254101957
801040,2010-05-14,2689.08,2692.55,2695.6,2666.43,3.58419472,23.3385784646
801040,2010-05-17,2516.4,2656.0,2656.0,2515.57,4.91779083,29.592231357600003
801040,2010-05-18,2579.75,2511.13,2591.89,2492.97,4.66911139,27.792473346399998
801040,2010-05-19,2564.03,2558.87,2599.93,2538.94,3.69646467,22.6709308047
801040,2010-05-20,2568.34,2550.76,2626.36,2544.7,4.55087188,28.770708633
801040,2010-05-21,2634.45,2512.27,2634.46,2499.42,5.0003482,32.466833106799996
801040,2010-05-24,2714.92,2659.87,2724.38,2648.37,6.56953906,39.4664276676
801040,2010-05-25,2647.16,2697.87,2697.87,2632.33,4.28863399,26.7964505765
801040,2010-05-26,2648.9,2650.89,2677.46,2634.21,3.23534255,21.6505248486
801040,2010-05-27,2681.13,2643.66,2689.83,2608.61,4.17370544,26.8275207931
801040,2010-05-28,2652.75,2706.76,2708.8,2642.56,4.16140933,26.7858940326
801040,2010-05-31,2576.57,2634.15,2644.88,2568.35,3.49453407,21.594380975300002
801040,2010-06-01,2542.63,2557.36,2571.75,2514.17,3.31620576,19.846452784500002
801040,2010-06-02,2563.89,2532.64,2563.89,2519.67,2.53835509,14.9902914155
801040,2010-06-03,2546.79,2569.26,2591.17,2540.97,3.0774683,18.1133562878
801040,2010-06-04,2529.72,2529.78,2533.15,2491.73,3.0725909,18.592062212000002
801040,2010-06-07,2469.87,2481.04,2486.67,2449.79,3.74539945,21.9193162123
801040,2010-06-08,2472.12,2466.58,2480.63,2454.29,2.32521054,15.3386148028
801040,2010-06-09,2530.7,2476.52,2539.71,2451.81,4.80237396,28.4646257254
801040,2010-06-10,2489.8,2508.99,2512.01,2485.26,3.45188705,20.3318914881
801040,2010-06-11,2532.66,2500.52,2559.32,2489.44,5.23389647,30.3414153267
801040,2010-06-17,2502.7,2541.53,2541.82,2500.7,2.90598336,17.165269038199998
801040,2010-06-18,2471.47,2504.81,2522.89,2465.47,3.08083973,17.4138189472
801040,2010-06-21,2542.13,2474.22,2544.8,2454.77,4.6009003,26.685189448499997
801040,2010-06-22,2553.15,2533.74,2570.32,2523.81,3.54848639,22.059309410999997
801040,2010-06-23,2505.06,2521.1,2523.94,2487.42,3.73323862,21.8149745278
801040,2010-06-24,2501.28,2496.8,2523.18,2484.62,2.70205549,15.9798813907
801040,2010-06-25,2477.06,2490.66,2490.75,2464.87,2.35139211,13.939984323900001
801040,2010-06-28,2479.28,2479.05,2486.61,2466.41,2.27367807,13.036561063399999
801040,2010-06-29,2376.81,2478.45,2482.69,2375.99,4.19454856,22.381369625900003
801040,2010-06-30,2340.87,2364.35,2364.35,2328.42,2.67769175,14.4205338732
801040,2010-07-01,2315.36,2333.93,2352.96,2310.26,2.6692991,13.8181252839
801040,2010-07-02,2325.93,2314.53,2329.64,2265.81,3.38246621,17.3674879246
801040,2010-07-05,2330.53,2303.88,2352.71,2277.03,3.24394681,17.094749878
801040,2010-07-06,2358.79,2315.94,2359.65,2312.7,3.13306273,16.8671112099
801040,2010-07-07,2372.53,2358.8,2373.6,2347.24,2.84905647,15.554064513
801040,2010-07-08,2360.02,2387.09,2390.09,2350.12,2.41898179,13.0411344175
801040,2010-07-09,2456.84,2363.91,2484.14,2347.92,7.06249381,37.9351975073
801040,2010-07-12,2466.93,2449.31,2476.28,2437.5,4.99528813,28.5289070138
801040,2010-07-13,2406.91,2445.86,2445.86,2400.57,3.33943668,18.828599440599998
801040,2010-07-14,2426.29,2404.54,2440.92,2404.54,3.23212173,18.920590763299998
801040,2010-07-15,2396.87,2421.4,2443.15,2395.71,3.23948025,18.6870314104
801040,2010-07-16,2426.71,2385.61,2434.75,2376.27,3.57079055,20.6810913365
801040,2010-07-19,2483.87,2400.75,2493.09,2396.4,5.64510353,33.2577616486
801040,2010-07-20,2525.87,2483.41,2533.83,2483.41,6.37414607,37.4461214615
801040,2010-07-21,2562.72,2538.31,2579.71,2536.28,8.00701538,47.7416879254
801040,2010-07-22,2583.12,2562.78,2590.86,2558.23,5.47439452,32.933482745700005
801040,2010-07-23,2580.81,2589.85,2594.36,2559.12,5.54272302,33.9328403653
801040,2010-07-26,2581.65,2580.46,2584.19,2544.07,4.98786307,32.7382122291
801040,2010-07-27,2569.41,2577.04,2578.83,2554.53,4.11243685,25.6980788688
801040,2010-07-28,2632.58,2571.43,2632.76,2560.25,6.66998411,40.9361585686
801040,2010-07-29,2685.95,2630.37,2741.31,2630.37,10.16361561,63.401238225
801040,2010-07-30,2680.94,2680.73,2681.12,2647.66,4.8318446,30.859632654400002
801040,2010-08-02,2713.12,2675.31,2713.58,2669.62,5.34173417,33.5458011339
801040,2010-08-03,2649.49,2722.28,2722.48,2649.15,5.94096523,37.8198810401
801040,2010-08-04,2636.55,2635.93,2651.59,2583.17,5.40568707,33.4432316871
801040,2010-08-05,2609.56,2629.64,2633.1,2591.46,4.81573428,30.161149066799997
801040,2010-08-06,2649.71,2606.89,2649.71,2592.09,4.65568888,30.445372378600002
801040,2010-08-09,2666.88,2651.71,2668.07,2639.72,5.12109973,31.882367029
801040,2010-08-10,2640.24,2671.47,2729.95,2636.86,7.55991732,47.8451975333
801040,2010-08-11,2640.13,2630.66,2649.55,2616.89,3.7266189,24.106416025599998
801040,2010-08-12,2596.16,2612.99,2633.11,2591.88,3.83391928,24.0396818259
801040,2010-08-13,2636.82,2597.24,2637.43,2588.38,3.11005634,19.9782040334
801040,2010-08-16,2692.62,2637.8,2692.7,2634.53,5.38341062,34.725044635799996
801040,2010-08-17,2696.38,2699.94,2712.69,2670.24,4.9173857,32.760884850500005
801040,2010-08-18,2685.79,2700.07,2704.36,2661.81,4.24006603,28.1417834616
801040,2010-08-19,2700.07,2683.96,2716.25,2662.56,5.44636299,35.6132212187
801040,2010-08-20,2643.06,2684.12,2687.29,2641.55,5.45096207,33.632973224699995
801040,2010-08-23,2639.43,2639.92,2661.43,2631.35,4.24080155,25.3954724427
801040,2010-08-24,2705.47,2638.71,2751.29,2610.78,9.92187752,57.6440391083
801040,2010-08-25,2629.88,2685.63,2695.4,2626.18,7.94788849,45.1189275902
801040,2010-08-26,2620.47,2631.84,2643.85,2610.64,4.12635682,24.6241689319
801040,2010-08-27,2618.26,2620.89,2628.15,2601.22,3.87293303,22.0762817948
801040,2010-08-30,2661.88,2641.12,2672.69,2639.03,4.65386232,28.7310975123
801040,2010-08-31,2659.19,2653.81,2663.44,2641.41,4.66033986,30.3131342709
801040,2010-09-01,2683.8,2673.95,2741.09,2665.63,9.94991566,70.2251202265
801040,2010-09-02,2728.3,2705.64,2728.44,2704.29,7.8873377,58.999225169300004
801040,2010-09-03,2706.02,2736.58,2737.6,2682.05,6.23140366,43.8874715556
801040,2010-09-06,2842.52,2734.37,2858.4,2734.37,13.76288706,87.0563642974
801040,2010-09-07,2885.28,2849.58,2922.36,2849.58,12.92080249,79.5175836863
801040,2010-09-08,2862.44,2871.24,2871.24,2821.47,6.25921286,42.0627675977
801040,2010-09-09,2771.79,2856.03,2856.08,2766.68,7.06429216,46.6089327847
801040,2010-09-10,2772.4,2775.61,2792.17,2722.26,5.39397685,37.510337002
801040,2010-09-13,2787.11,2777.08,2807.93,2758.43,4.54857377,31.574832919699997
801040,2010-09-14,2783.86,2787.86,2803.85,2764.6,4.66521935,33.6610876906
801040,2010-09-15,2750.03,2790.76,2790.76,2738.88,4.89458187,34.7588855953
801040,2010-09-16,2675.74,2752.28,2753.56,2655.3,4.58417068,30.5799065992
801040,2010-09-17,2670.21,2676.51,2686.52,2655.74,3.15430353,21.3106306822
801040,2010-09-20,2658.11,2672.07,2679.94,2634.38,2.88199897,19.548372401199998
801040,2010-09-21,2656.34,2659.54,2665.76,2637.88,2.35812246,16.5718770649
801040,2010-09-27,2689.15,2660.71,2691.15,2649.9,3.21678894,21.5925234939
801040,2010-09-28,2646.92,2680.53,2688.8,2645.5,3.35014187,22.3233793018
801040,2010-09-29,2656.41,2650.68,2673.32,2648.38,3.3874345,20.9793873638
801040,2010-09-30,2692.81,2645.68,2692.81,2641.78,3.23825368,20.8074713343
801040,2010-10-08,2765.36,2711.64,2778.76,2710.23,6.43934388,45.0021774151
801040,2010-10-11,2882.01,2784.82,2882.17,2784.82,11.62223426,82.4910823215
801040,2010-10-12,2888.17,2878.13,2912.26,2823.69,9.48906691,68.8223793534
801040,2010-10-13,2922.62,2912.38,2966.86,2899.32,11.32247893,79.9203397054
801040,2010-10-14,2911.21,2936.6,2966.22,2892.77,10.46195035,73.6308963121
801040,2010-10-15,3000.51,2903.57,3001.29,2898.7,14.0514259,97.0034349517
801040,2010-10-18,3057.36,3033.39,3192.75,3033.39,22.02194109,154.1687671418
801040,2010-10-19,3050.11,3064.81,3065.07,2973.87,12.74339727,83.2933027524
801040,2010-10-20,2963.5,2970.7,3000.03,2933.18,11.69722389,78.6826716489
801040,2010-10-21,2979.52,2959.92,2980.05,2910.04,8.24559039,57.677339293900005
801040,2010-10-22,2946.3,2963.9,2974.71,2927.97,6.9836303,49.206116989499996
801040,2010-10-25,2997.33,2939.11,2998.37,2918.09,8.9929271,65.5004199086
801040,2010-10-26,2993.13,3008.58,3037.15,2976.12,9.59788337,70.583749904
801040,2010-10-27,3003.36,2979.69,3075.1,2960.11,14.00610066,90.55983643540002
801040,2010-10-28,2990.97,2993.44,3043.91,2968.44,9.92109325,62.978850260200005
801040,2010-10-29,2964.69,2990.46,2997.49,2947.86,7.04379087,45.838419627200004
801040,2010-11-01,3049.05,2983.34,3053.2,2983.34,10.44698646,77.1993461469
801040,2010-11-02,3119.13,3068.35,3165.52,3067.33,15.65563655,127.0393423168
801040,2010-11-03,3063.75,3128.11,3129.51,3060.34,7.45221127,58.4028989139
801040,2010-11-04,3087.83,3082.98,3094.78,3047.25,10.7845949,72.2259787324
801040,2010-11-05,3092.07,3118.67,3130.27,3078.18,10.42747259,79.4988011889
801040,2010-11-08,3171.76,3108.53,3171.76,3080.96,12.11898194,88.40956575700001
801040,2010-11-09,3121.69,3164.11,3164.11,3095.97,9.87804608,76.7516712107
801040,2010-11-10,3081.2,3112.88,3112.88,3059.26,8.72668607,63.6402471794
801040,2010-11-11,3088.02,3065.67,3126.29,3062.68,10.34600646,76.4770725413
801040,2010-11-12,2906.53,3069.74,3082.76,2891.54,13.43163315,92.81599063790001
801040,2010-11-15,2892.54,2903.25,2924.1,2856.81,6.57154028,43.3453466255
801040,2010-11-16,2801.8,2894.45,2906.37,2794.61,8.22932465,54.528005617299996
801040,2010-11-17,2755.18,2780.66,2806.41,2745.38,5.44685127,34.617758942600005
801040,2010-11-18,2777.1,2776.83,2790.3,2754.75,4.13080971,28.1181652802
801040,2010-11-19,2787.64,2788.09,2794.44,2724.85,5.38217308,35.8141246701
801040,2010-11-22,2780.29,2765.02,2787.51,2756.68,5.49032563,36.4780547543
801040,2010-11-23,2699.71,2773.67,2773.67,2675.82,5.41407539,35.0496181368
801040,2010-11-24,2742.26,2690.03,2743.25,2690.03,4.00805168,28.638394357800003
801040,2010-11-25,2787.79,2750.99,2787.79,2741.95,5.33495205,36.242816754699994
801040,2010-11-26,2761.9,2784.25,2784.25,2744.63,3.98248212,28.209444694899997
801040,2010-11-29,2749.4,2760.1,2762.06,2729.4,3.27115806,22.7492382111
801040,2010-11-30,2703.0,2747.17,2763.29,2656.51,5.00683394,33.0792855636
801040,2010-12-01,2706.74,2697.03,2713.34,2691.45,2.44650336,15.9152751928
801040,2010-12-02,2714.56,2731.85,2738.44,2713.66,3.01073196,20.273023968
801040,2010-12-03,2721.15,2721.32,2726.59,2700.22,3.13413681,21.1030802028
801040,2010-12-06,2714.74,2719.32,2731.42,2697.2,3.07176769,22.2478407174
801040,2010-12-07,2736.02,2704.55,2739.56,2675.1,3.37827671,23.1910112917
801040,2010-12-08,2723.21,2731.79,2748.39,2718.06,3.22304156,23.0421113477
801040,2010-12-09,2730.31,2711.68,2788.69,2703.55,5.76317052,36.3228235409
801040,2010-12-10,2746.16,2723.98,2754.75,2719.55,3.32594193,21.2712156172
801040,2010-12-13,2824.82,2754.62,2827.94,2754.62,6.22352575,43.107873576
801040,2010-12-14,2831.63,2850.8,2875.31,2824.33,7.2099084,50.0562722839
801040,2010-12-15,2804.83,2831.12,2837.78,2799.88,5.13088406,37.6707942617
801040,2010-12-16,2797.93,2801.83,2814.31,2793.35,3.42086112,25.0451251887
801040,2010-12-17,2829.19,2807.68,2844.86,2797.37,4.04684249,32.0175831333
801040,2010-12-20,2794.05,2852.82,2855.32,2753.8,5.7879126,45.4235610063
801040,2010-12-21,2853.79,2805.68,2853.99,2787.07,7.53003766,67.25769016529999
801040,2010-12-22,2870.88,2864.54,2921.39,2858.47,7.73115597,61.856848673
801040,2010-12-23,2837.87,2881.28,2885.6,2835.08,6.40685965,55.5211004341
801040,2010-12-24,2814.86,2830.04,2833.98,2799.73,4.54578093,39.1559905597
801040,2010-12-27,2746.09,2818.43,2840.6,2746.09,5.89002724,48.96192066770001
801040,2010-12-28,2692.7,2741.46,2750.83,2692.7,4.42801243,31.867578304099997
801040,2010-12-29,2712.0,2693.68,2718.62,2693.68,4.35315302,37.3075780562
801040,2010-12-30,2715.44,2710.83,2737.16,2682.06,5.2629961,43.30022962060001
801040,2010-12-31,2741.57,2714.07,2743.03,2709.36,4.47084069,36.0850627088
801040,2011-01-04,2818.03,2763.58,2818.03,2750.55,6.81602755,54.7635935282
801040,2011-01-05,2797.65,2799.17,2807.14,2789.01,4.79183612,39.8112634144
801040,2011-01-06,2802.17,2798.27,2809.25,2781.98,3.59553895,30.6205993967
801040,2011-01-07,2806.01,2794.85,2844.33,2776.38,5.49602467,40.8721277943
801040,2011-01-10,2770.54,2807.84,2819.36,2766.78,4.56661375,34.6984528853
801040,2011-01-11,2783.91,2759.43,2788.07,2737.58,4.08534726,30.4349736379
801040,2011-01-12,2832.66,2790.42,2855.63,2786.2,6.77576837,46.3276689375
801040,2011-01-13,2819.92,2837.23,2839.78,2813.56,4.11448179,32.7701264091
801040,2011-01-14,2773.38,2811.5,2812.26,2756.41,3.56615429,26.6063667398
801040,2011-01-17,2688.37,2754.69,2769.91,2686.01,4.52644541,33.580436611799996
801040,2011-01-18,2688.18,2678.84,2695.92,2672.28,2.92493214,21.985378565599998
801040,2011-01-19,2738.15,2691.91,2739.97,2683.59,3.67731681,28.1188255983
801040,2011-01-20,2672.62,2739.45,2740.72,2672.09,4.23357591,33.0791970857
801040,2011-01-21,2713.75,2662.89,2742.64,2662.89,4.28577044,32.3179652823
801040,2011-01-24,2700.48,2720.65,2747.6,2699.01,3.88039982,29.266186013899997
801040,2011-01-25,2719.63,2706.29,2774.47,2701.87,5.53288719,39.6585795027
801040,2011-01-26,2747.95,2718.95,2748.77,2713.76,3.33270846,23.751124494299997
801040,2011-01-27,2771.77,2726.81,2785.94,2712.46,4.58381176,31.0354902906
801040,2011-01-28,2782.75,2776.63,2792.43,2759.31,3.88136253,28.5275337796
801040,2011-01-31,2832.48,2786.57,2836.41,2776.94,4.87928275,37.9857168429
801040,2011-02-01,2822.7,2838.36,2838.36,2800.4,3.48806804,31.6356571081
801040,2011-02-09,2796.83,2804.52,2822.75,2785.28,3.72663858,33.289873819899995
801040,2011-02-10,2850.12,2790.75,2853.97,2785.45,4.95386423,42.2290782997
801040,2011-02-11,2869.96,2846.92,2882.49,2841.99,6.29506568,52.403716621
801040,2011-02-14,2958.06,2870.48,2985.37,2870.48,10.76572901,85.5682091996
801040,2011-02-15,2951.02,2959.73,2981.75,2950.08,7.48207931,63.036817555
801040,2011-02-16,3026.01,2960.67,3029.51,2960.67,9.50697505,81.02422543850001
801040,2011-02-17,3047.2,3055.58,3069.08,3028.87,8.24106444,68.7957930279
801040,2011-02-18,3004.9,3047.97,3048.03,2981.32,8.61461139,69.5670266863
801040,2011-02-21,3072.35,2985.31,3073.35,2982.58,6.50287559,65.803413471
801040,2011-02-22,2992.12,3085.12,3090.03,2989.5,7.60048433,77.8738785368
801040,2011-02-23,2986.78,2982.57,3007.58,2966.35,4.76690758,46.5509498378
801040,2011-02-24,2988.08,2982.36,2992.23,2961.1,4.5214152,41.0101477755
801040,2011-02-25,2970.67,2984.99,2984.99,2948.6,4.08629301,37.9723604092
801040,2011-02-28,2995.65,2969.14,2995.65,2943.0,4.1488286,38.944342749200004
801040,2011-03-01,3002.09,2997.57,3021.65,2988.38,4.56654851,41.5862231972
801040,2011-03-02,3003.99,2990.54,3003.99,2963.53,5.09876726,49.2220021516
801040,2011-03-03,3001.56,3007.95,3026.35,2993.96,5.38573451,47.500962983
801040,2011-03-04,3056.49,3002.9,3065.83,3002.14,8.82059053,60.1361017913
801040,2011-03-07,3101.05,3059.14,3107.0,3059.05,9.76851292,75.3355192867
801040,2011-03-08,3100.25,3100.71,3111.54,3081.91,6.33883514,51.677554285
801040,2011-03-09,3082.25,3102.25,3106.19,3066.3,5.34853817,44.802741656
801040,2011-03-10,3033.31,3075.86,3075.86,3031.89,5.07867582,43.9388058321
801040,2011-03-11,3015.01,3018.38,3043.08,3008.41,4.16670574,36.4622769742
801040,2011-03-14,3060.5,3058.95,3085.16,3047.5,6.89832355,53.9865718243
801040,2011-03-15,3109.93,3079.28,3109.95,3000.24,13.87780006,93.8506372426
801040,2011-03-16,3179.39,3108.4,3195.29,3093.02,14.72967683,104.461778403
801040,2011-03-17,3075.45,3140.93,3149.06,3068.29,13.07684243,96.05403998860001
801040,2011-03-18,3080.37,3095.98,3110.55,3068.1,7.84180983,54.856020198500005
801040,2011-03-21,3055.75,3082.06,3089.58,3045.18,5.60314888,40.9066433279
801040,2011-03-22,3060.09,3062.55,3067.14,3022.11,5.19414704,39.2701813067
801040,2011-03-23,3090.23,3057.58,3090.23,3051.65,7.24308926,54.912019961700004
801040,2011-03-24,3072.7,3087.1,3087.13,3066.44,6.09854343,45.4935743746
801040,2011-03-25,3131.32,3077.55,3133.65,3074.16,10.52392856,83.0721415665
801040,2011-03-28,3201.79,3162.47,3234.45,3162.47,13.07590185,115.004934031
801040,2011-03-29,3201.48,3199.39,3291.31,3199.39,16.37561687,126.9289312784
801040,2011-03-30,3234.98,3199.43,3250.04,3178.31,10.3209736,77.2615323831
801040,2011-03-31,3168.67,3233.05,3233.06,3158.95,8.92837505,67.880575918
801040,2011-04-01,3212.31,3165.39,3216.17,3134.95,8.76631247,70.0534615233
801040,2011-04-06,3239.97,3193.95,3258.9,3189.44,11.15093792,91.3944516399
801040,2011-04-07,3260.55,3248.08,3287.9,3242.43,11.42808381,86.58134312450001
801040,2011-04-08,3328.04,3252.92,3329.09,3240.17,12.26337861,97.6086447075
801040,2011-04-11,3375.78,3342.42,3433.17,3336.54,22.82026547,169.31887637239998
801040,2011-04-12,3454.48,3364.12,3542.99,3355.21,28.98328334,201.98590031150002
801040,2011-04-13,3442.0,3428.03,3442.16,3389.95,16.53628472,114.2131047286
801040,2011-04-14,3438.25,3444.88,3503.28,3428.51,16.05381887,115.13944929610001
801040,2011-04-15,3445.04,3426.76,3463.47,3379.62,17.49582672,131.5048402016
801040,2011-04-18,3488.4,3429.97,3488.48,3408.01,16.01548984,121.2883353763
801040,2011-04-19,3455.75,3462.28,3558.1,3444.29,18.51812918,134.8846075616
801040,2011-04-20,3411.0,3443.67,3462.62,3399.49,13.37406475,100.3143896763
801040,2011-04-21,3523.11,3425.96,3540.23,3424.67,18.33704588,143.9881926473
801040,2011-04-22,3495.28,3529.36,3561.48,3483.56,14.44358236,110.6207372149
801040,2011-04-25,3384.26,3483.17,3483.17,3382.29,12.33228236,90.774527609
801040,2011-04-26,3313.93,3347.39,3358.8,3309.03,9.26004743,67.1181401346
801040,2011-04-27,3263.16,3314.04,3325.64,3227.12,13.53258028,98.0571794376
801040,2011-04-28,3136.94,3262.9,3273.91,3127.34,12.30622217,84.00388866899999
801040,2011-04-29,3207.51,3135.34,3210.46,3135.34,6.99514081,51.2888184329
801040,2011-05-03,3268.74,3214.77,3274.71,3174.79,11.19793599,79.835069729
801040,2011-05-04,3208.69,3248.13,3279.1,3184.74,12.7061876,91.71080666120001
801040,2011-05-05,3274.4,3187.04,3302.52,3166.29,13.42313727,92.1002067933
801040,2011-05-06,3218.68,3214.79,3252.41,3187.91,11.2842723,81.2696802622
801040,2011-05-09,3230.28,3220.66,3242.88,3216.91,6.47945632,47.849473107899996
801040,2011-05-10,3239.41,3232.24,3248.39,3204.64,7.68986468,56.0640912085
801040,2011-05-11,3204.21,3237.03,3238.14,3187.95,7.45727229,56.61983812890001
801040,2011-05-12,3106.09,3175.31,3179.56,3106.09,8.50795433,58.830284096199996
801040,2011-05-13,3107.86,3103.2,3130.58,3060.68,6.83769034,50.2654108196
801040,2011-05-16,3035.71,3094.99,3094.99,3033.99,6.6134433,45.094595648100004
801040,2011-05-17,3043.99,3030.28,3071.0,2997.78,6.17350456,44.1442001736
801040,2011-05-18,3086.28,3045.89,3092.05,3043.05,5.63074898,39.5961402779
801040,2011-05-19,3063.45,3090.95,3103.98,3059.26,6.41598342,46.5256447169
801040,2011-05-20,3052.03,3057.97,3062.53,3027.09,5.41916162,39.6636713404
801040,2011-05-23,2923.19,3039.56,3039.93,2922.85,6.82619479,45.4216306915
801040,2011-05-24,2949.09,2910.13,2957.14,2888.65,5.45085052,37.2393479236
801040,2011-05-25,2916.68,2945.56,2958.04,2911.2,4.75206776,32.959959288
801040,2011-05-26,2877.02,2936.33,2946.28,2877.02,4.30851516,29.9298750866
801040,2011-05-27,2847.49,2884.12,2895.47,2845.77,4.50526141,31.2123350451
801040,2011-05-30,2822.69,2845.13,2855.94,2817.36,3.70895047,23.5599717453
801040,2011-05-31,2902.04,2826.61,2902.04,2825.46,5.25387146,32.8235499121
801040,2011-06-01,2906.05,2903.08,2909.55,2886.74,4.36898149,30.9674057367
801040,2011-06-02,2933.62,2866.13,2960.99,2856.15,10.15987728,68.172622676
801040,2011-06-03,2960.81,2931.37,2973.95,2928.44,7.06463918,51.1247285035
801040,2011-06-07,3013.69,2954.59,3013.69,2954.59,7.71825636,57.2655721916
801040,2011-06-08,3014.33,3010.24,3015.26,2977.34,3.89264526,24.526608204000002
801040,2011-06-09,2934.59,2981.43,3015.03,2932.61,10.34263607,83.0752234541
801040,2011-06-10,2928.78,2922.95,2931.65,2876.03,6.71081521,50.2106592214
801040,2011-06-13,2929.6,2906.93,2950.77,2875.18,6.24608503,48.393404859200004
801040,2011-06-14,2971.78,2923.82,2977.77,2909.92,6.8100117,51.4871609396
801040,2011-06-15,2965.54,2959.87,3031.4,2953.44,9.6878837,67.280234828
801040,2011-06-16,2921.28,2932.58,2942.37,2902.78,7.40026409,55.030677871099996
801040,2011-06-17,2859.91,2915.13,2924.51,2859.89,5.98449841,44.183286076
801040,2011-06-20,2827.64,2846.58,2863.43,2809.61,4.5826429,31.466728949
801040,2011-06-21,2857.07,2835.94,2857.07,2814.77,5.10803773,36.370212087199995
801040,2011-06-22,2857.33,2857.13,2878.73,2847.84,4.984405,35.2599252117
801040,2011-06-23,2902.32,2849.25,2916.28,2820.83,6.42917182,44.8942821125
801040,2011-06-24,2972.94,2886.21,2998.36,2881.49,10.34743918,78.1903583329
801040,2011-06-27,2977.65,2969.71,2988.83,2950.93,8.29327108,61.9321867774
801040,2011-06-28,2975.09,2970.65,2982.16,2951.72,7.12667824,55.7793643659
801040,2011-06-29,2935.52,2974.48,2985.24,2935.25,6.61917177,48.194084025
801040,2011-06-30,2981.06,2935.64,3001.25,2935.64,7.92225387,58.3202534632
801040,2011-07-01,2974.74,2984.95,2998.51,2968.1,6.21785355,46.114932464300004
801040,2011-07-04,3043.0,2984.95,3043.0,2981.68,9.8382327,73.19506736439999
801040,2011-07-05,3079.36,3047.03,3079.36,3042.96,9.91227733,78.8855573967
801040,2011-07-06,3060.78,3072.52,3072.96,3034.58,7.5212079,59.0985879991
801040,2011-07-07,3036.53,3051.42,3075.02,3031.69,7.56878089,61.524811122299994
801040,2011-07-08,3052.04,3039.88,3052.04,3022.64,6.2401474,50.860742298699996
801040,2011-07-11,3057.94,3042.22,3067.75,3029.29,5.43488477,41.6435508726
801040,2011-07-12,3035.91,3034.74,3064.19,3026.62,8.03138323,57.2468535584
801040,2011-07-13,3075.72,3038.21,3077.03,3037.54,6.48695885,49.2748338143
801040,2011-07-14,3080.41,3074.8,3088.37,3051.06,6.6509417,49.372396317399996
801040,2011-07-15,3136.41,3078.64,3144.95,3059.38,10.11012646,83.0957890804
801040,2011-07-18,3121.71,3137.67,3141.52,3113.3,5.98588338,48.217459049300004
801040,2011-07-19,3082.44,3107.14,3107.26,3075.01,4.58349078,35.271253479
801040,2011-07-20,3048.43,3083.82,3097.96,3030.19,6.12544292,56.755791936499996
801040,2011-07-21,2993.97,3052.48,3057.91,2992.49,5.16237075,43.9008082092
801040,2011-07-22,2994.91,3001.76,3017.32,2987.58,3.80586646,30.9774500473
801040,2011-07-25,2889.68,2986.47,2986.47,2879.37,6.25547396,45.964378391800004
801040,2011-07-26,2914.28,2887.76,2914.6,2881.57,4.05704409,29.5634545791
801040,2011-07-27,2937.42,2902.58,2940.81,2888.53,4.31289083,33.4134742042
801040,2011-07-28,2949.59,2912.68,2967.13,2904.38,5.53703103,44.1268002929
801040,2011-07-29,2924.4,2940.05,2958.84,2908.77,4.65336262,38.3890112767
801040,2011-08-01,2918.63,2921.71,2929.94,2904.01,3.24763979,25.3289278458
801040,2011-08-02,2875.9,2903.55,2905.05,2844.04,4.24451879,31.1885303773
801040,2011-08-03,2888.3,2851.01,2932.84,2845.16,4.95454955,30.8547590329
801040,2011-08-04,2880.68,2886.14,2908.22,2875.43,3.09847165,21.8067299891
801040,2011-08-05,2797.49,2799.96,2821.64,2781.12,4.90235247,33.753936493699996
801040,2011-08-08,2657.76,2763.21,2776.33,2599.39,7.26022409,46.376337721999995
801040,2011-08-09,2645.42,2579.07,2667.01,2551.01,5.94141965,36.7221383575
801040,2011-08-10,2685.9,2689.58,2716.98,2677.75,5.75991763,36.085450690100004
801040,2011-08-11,2700.94,2632.53,2701.28,2626.84,4.6051134,28.959701335
801040,2011-08-12,2719.46,2723.77,2743.73,2717.42,4.58555704,31.103329097899998
801040,2011-08-15,2754.02,2727.47,2754.02,2713.89,4.35125297,29.214656636199997
801040,2011-08-16,2742.09,2757.28,2770.12,2736.79,5.02929658,31.9785508718
801040,2011-08-17,2715.13,2730.34,2743.32,2710.42,3.49290171,22.4078744213
801040,2011-08-18,2668.3,2714.83,2728.34,2668.3,3.6218633,22.375027203000002
801040,2011-08-19,2632.02,2617.54,2641.57,2606.83,3.69293107,23.3413184013
801040,2011-08-22,2601.42,2638.61,2656.62,2594.9,3.26468239,22.8531534317
801040,2011-08-23,2657.32,2610.32,2657.61,2595.37,3.28689414,22.0741935233
801040,2011-08-24,2636.53,2670.59,2681.21,2633.31,3.26720019,23.6055823749
801040,2011-08-25,2717.3,2650.53,2719.6,2642.25,5.61019654,36.0925613433
801040,2011-08-26,2715.07,2705.52,2723.37,2695.41,3.80153026,27.131763442399997
801040,2011-08-29,2670.68,2697.2,2698.91,2667.16,3.03841008,21.028336560699998
801040,2011-08-30,2660.59,2690.18,2719.35,2659.8,3.38572037,24.0662885606
801040,2011-08-31,2648.8,2658.38,2668.64,2626.79,2.4464289,16.3483714531
801040,2011-09-01,2635.29,2651.99,2669.75,2628.34,2.26819719,15.4380369418
801040,2011-09-02,2613.07,2632.93,2641.59,2601.0,2.18195338,13.8619307678
801040,2011-09-05,2545.5,2587.93,2589.61,2544.64,2.68450269,18.1612548984
801040,2011-09-06,2529.21,2530.26,2543.4,2520.82,2.16164305,15.3123413409
801040,2011-09-07,2591.98,2544.87,2594.82,2541.59,3.10966635,24.123218945700003
801040,2011-09-08,2568.19,2598.8,2602.79,2568.07,2.83655829,25.1132422498
801040,2011-09-09,2558.22,2573.28,2595.39,2551.28,2.05619589,16.3425006944
801040,2011-09-13,2520.89,2522.46,2525.28,2499.35,2.48237989,18.0986291237
801040,2011-09-14,2563.19,2530.48,2563.39,2495.29,2.96197201,21.5210642148
801040,2011-09-15,2567.11,2565.53,2588.07,2560.2,3.07384136,24.5622973316
801040,2011-09-16,2566.63,2578.63,2590.99,2564.72,2.94717476,26.2852874908
801040,2011-09-19,2506.03,2555.1,2555.52,2505.72,3.20199155,25.434392146999997
801040,2011-09-20,2524.26,2502.06,2527.74,2493.06,2.97677827,23.708299679099998
801040,2011-09-21,2592.43,2521.6,2602.78,2507.07,5.15774811,39.8740541252
801040,2011-09-22,2509.33,2565.76,2571.27,2509.03,3.97571835,31.2279763737
801040,2011-09-23,2485.55,2467.71,2496.22,2457.27,3.4761902,25.1846606704
801040,2011-09-26,2451.99,2470.45,2495.72,2447.14,3.06438091,25.8439140489
801040,2011-09-27,2477.72,2471.13,2490.55,2459.18,3.03925179,22.5022428925
801040,2011-09-28,2447.16,2492.44,2496.13,2444.67,3.03349743,21.7552132742
801040,2011-09-29,2392.39,2432.96,2439.14,2390.64,3.4400308,23.647634442399998
801040,2011-09-30,2383.38,2399.84,2405.72,2364.22,2.40997412,15.3629330643
801040,2011-10-10,2364.39,2388.79,2395.16,2358.91,1.83562496,10.4969586957
801040,2011-10-11,2373.56,2419.62,2425.07,2351.61,2.76692357,15.8475437283
801040,2011-10-12,2445.51,2361.49,2448.89,2344.62,4.55332981,25.495691825300003
801040,2011-10-13,2482.03,2434.82,2519.78,2429.4,5.6623804,31.216952249699997
801040,2011-10-14,2445.76,2461.73,2468.69,2426.67,3.13327129,18.1509760144
801040,2011-10-17,2435.83,2448.97,2468.48,2423.95,2.390056,14.174084201600001
801040,2011-10-18,2346.21,2417.55,2418.78,2343.88,3.31022632,19.286085676099997
801040,2011-10-19,2326.82,2348.98,2358.72,2321.93,2.71568895,15.958406009
801040,2011-10-20,2281.47,2318.98,2322.56,2265.54,3.08177011,16.7152091948
801040,2011-10-21,2264.25,2281.91,2287.36,2262.36,1.93670027,10.2610917441
801040,2011-10-24,2301.29,2270.58,2305.68,2236.45,3.3149726,17.584146508499998
801040,2011-10-25,2354.81,2300.9,2362.73,2277.4,4.77745064,26.0905418707
801040,2011-10-26,2368.3,2336.56,2388.15,2333.67,5.3092594,29.114991969499997
801040,2011-10-27,2371.88,2369.57,2404.35,2365.37,4.34621244,23.8591817606
801040,2011-10-28,2423.66,2404.61,2423.66,2393.15,5.66886516,32.739882679699996
801040,2011-10-31,2402.27,2417.23,2419.66,2388.31,4.02135909,22.7364717488
801040,2011-11-01,2388.91,2382.16,2410.07,2375.99,3.26726643,18.4074927516
801040,2011-11-02,2399.46,2356.07,2399.46,2333.06,4.17728215,23.051999672399997
801040,2011-11-03,2427.28,2403.84,2452.09,2402.01,7.2067444,41.0099797472
801040,2011-11-04,2439.42,2434.92,2454.18,2422.6,4.17072679,24.0694843367
801040,2011-11-07,2458.56,2447.54,2481.33,2447.42,5.3514638,31.3534441654
801040,2011-11-08,2422.84,2471.18,2475.68,2417.8,3.75127427,21.2940636464
801040,2011-11-09,2430.14,2425.62,2439.1,2394.69,3.14100729,18.1330110262
801040,2011-11-10,2425.02,2410.25,2472.7,2404.4,7.07385447,36.8932861516
801040,2011-11-11,2405.55,2450.13,2456.95,2399.07,6.0935761,31.9833941467
801040,2011-11-14,2433.87,2420.29,2434.38,2407.82,4.87787488,26.476470880500003
801040,2011-11-15,2449.59,2429.29,2449.59,2421.12,4.66904843,27.0529043059
801040,2011-11-16,2385.93,2446.76,2446.89,2380.0,4.76100741,26.381825648099998
801040,2011-11-17,2386.45,2389.55,2404.86,2377.3,3.53111568,19.1618655735
801040,2011-11-18,2320.93,2372.94,2372.94,2317.68,4.58272055,23.735083554699997
801040,2011-11-21,2313.15,2315.13,2317.27,2294.28,2.20737173,12.6619034744
801040,2011-11-22,2290.58,2292.82,2295.89,2270.22,2.87897422,14.808833966600002
801040,2011-11-23,2269.72,2291.01,2296.05,2269.72,1.98658704,10.6756863774
801040,2011-11-24,2268.18,2255.19,2276.94,2243.15,2.71984686,13.367460151500001
801040,2011-11-25,2245.26,2264.22,2271.64,2240.8,2.28391676,11.8608358446
801040,2011-11-28,2235.43,2248.99,2255.27,2223.51,2.18543819,11.226995207
801040,2011-11-29,2259.62,2252.4,2259.62,2235.96,2.36535735,12.6826454597
801040,2011-11-30,2155.09,2254.7,2255.13,2143.85,4.1002442,19.8983730827
801040,2011-12-01,2194.98,2202.31,2223.99,2185.41,3.53193964,19.044617615099998
801040,2011-12-02,2172.5,2187.99,2189.39,2163.99,2.68739732,15.6124573194
801040,2011-12-05,2128.45,2172.02,2172.55,2123.02,2.25769761,11.547284480799998
801040,2011-12-06,2124.05,2126.21,2131.15,2106.18,1.79888079,9.314768136
801040,2011-12-07,2122.36,2124.55,2132.39,2113.99,1.46306186,7.602491125
801040,2011-12-08,2140.99,2122.27,2151.89,2117.46,2.96432314,14.786836611300002
801040,2011-12-09,2109.72,2123.96,2127.13,2106.79,2.17209382,10.0899870968
801040,2011-12-12,2088.35,2109.8,2112.33,2085.05,1.73614663,8.2718102706
801040,2011-12-13,2023.06,2077.14,2079.46,2018.7,2.7386205,12.961482473299998
801040,2011-12-14,1995.51,2016.87,2027.83,1992.58,1.73520693,8.2443375112
801040,2011-12-15,1926.64,1984.87,1985.29,1926.63,2.87438426,12.847012026
801040,2011-12-16,1965.84,1929.03,1966.61,1917.21,2.67989376,12.382083811600001
801040,2011-12-19,1952.23,1953.96,1954.45,1901.1,2.66884282,11.8298976225
801040,2011-12-20,1950.36,1941.73,1968.55,1935.11,2.67117115,12.2279482537
801040,2011-12-21,1925.83,1965.66,1970.35,1923.83,2.53887538,11.721854000699999
801040,2011-12-22,1901.62,1910.56,1916.4,1863.74,3.18015937,14.098300498499999
801040,2011-12-23,1919.54,1896.49,1935.86,1891.07,2.36649629,10.5976121643
801040,2011-12-26,1949.4,1912.32,1968.66,1905.89,3.16909937,13.545426221300001
801040,2011-12-27,1929.65,1961.37,1964.04,1926.97,4.0537711,19.112343503399998
801040,2011-12-28,1956.78,1921.55,1956.97,1912.44,3.32142968,15.7031863595
801040,2011-12-29,1948.94,1944.47,1962.15,1941.89,2.82260547,13.7603760725
801040,2011-12-30,1967.41,1957.6,1973.0,1953.56,2.50419243,12.166406591600001
801040,2012-01-04,1942.09,1979.66,1979.66,1941.76,2.94931215,13.2668288525
801040,2012-01-05,1909.15,1934.11,1944.43,1907.39,2.82157549,12.9601269426
801040,2012-01-06,1942.37,1905.87,1942.88,1902.23,2.71470536,12.169213270999998
801040,2012-01-09,1998.42,1941.42,1999.77,1927.83,3.99044869,18.326940788599998
801040,2012-01-10,2068.13,1995.57,2073.72,1991.15,6.04520873,28.5860929445
801040,2012-01-11,2083.85,2066.86,2113.58,2050.85,6.52781615,31.3746945028
801040,2012-01-12,2068.15,2067.76,2094.08,2054.78,4.01745266,19.851480842
801040,2012-01-13,2020.02,2068.51,2073.71,2009.35,3.39654327,16.3632676764
801040,2012-01-16,1988.18,2004.4,2027.62,1987.95,2.57798055,12.669295802899999
801040,2012-01-17,2101.49,1986.54,2103.0,1984.59,5.06066821,24.8570416509
801040,2012-01-18,2078.99,2118.6,2137.56,2071.69,5.46201373,27.4846211804
801040,2012-01-19,2113.7,2076.43,2124.86,2068.45,4.23997347,21.565373752
801040,2012-01-20,2122.32,2116.99,2129.41,2098.93,3.21790327,16.566955297899998
801040,2012-01-30,2094.77,2124.21,2124.41,2094.32,2.17858477,10.4337348689
801040,2012-01-31,2077.66,2088.45,2092.49,2064.03,2.57802458,11.806920724300001
801040,2012-02-01,2053.65,2073.24,2084.07,2050.34,1.94431416,9.2355634422
801040,2012-02-02,2083.74,2058.9,2083.74,2053.87,2.01149395,9.8248976142
801040,2012-02-03,2094.87,2079.62,2096.98,2069.92,2.57755425,12.1241570215
801040,2012-02-06,2096.26,2096.0,2101.75,2086.62,2.41499177,11.5917075831
801040,2012-02-07,2069.22,2090.75,2095.04,2062.38,3.02907145,13.872488365599999
801040,2012-02-08,2112.5,2068.09,2116.07,2060.3,3.99769604,19.526845526
801040,2012-02-09,2120.38,2112.43,2132.89,2104.19,3.89021089,18.93602682
801040,2012-02-10,2141.76,2117.3,2168.92,2114.76,5.00164382,24.1057836652
801040,2012-02-13,2136.7,2123.41,2149.62,2114.45,3.20828579,15.1681905405
801040,2012-02-14,2124.97,2135.4,2136.04,2117.22,1.9237099,9.9465182603
801040,2012-02-15,2155.41,2122.86,2160.96,2121.32,4.16294968,19.244996578
801040,2012-02-16,2166.73,2156.4,2183.51,2150.39,5.30465521,30.0174665917
801040,2012-02-17,2162.71,2172.82,2178.39,2147.55,3.26686317,18.2985148336
801040,2012-02-20,2157.45,2184.44,2184.74,2155.45,3.62967023,20.1594727036
801040,2012-02-21,2163.05,2158.21,2163.05,2133.78,3.05949417,16.4315223856
801040,2012-02-22,2187.53,2162.66,2187.53,2154.07,5.08540979,26.0003253216
801040,2012-02-23,2215.86,2185.42,2233.33,2182.32,7.97628424,37.5971625305
801040,2012-02-24,2236.36,2213.91,2236.36,2191.62,6.41980263,32.4124096765
801040,2012-02-27,2249.57,2241.25,2282.78,2241.2,9.36535403,50.2204171621
801040,2012-02-28,2271.39,2240.99,2285.48,2220.6,7.22055413,36.291150507800005
801040,2012-02-29,2240.9,2264.38,2277.59,2239.65,5.22621506,29.2053003194
801040,2012-03-01,2229.42,2227.78,2245.2,2223.3,3.04272655,16.6000837448
801040,2012-03-02,2261.78,2230.04,2261.78,2229.96,4.61032288,25.188115293699997
801040,2012-03-05,2236.14,2263.17,2265.35,2234.17,4.27408657,23.6961130368
801040,2012-03-06,2194.54,2227.68,2228.4,2191.87,3.93472733,20.8166600721
801040,2012-03-07,2182.38,2173.98,2215.53,2166.38,4.19626689,22.7850580988
801040,2012-03-08,2197.51,2182.58,2209.76,2181.89,5.17490585,25.858455034499997
801040,2012-03-09,2210.07,2199.41,2212.23,2187.89,3.90481913,20.5636857725
801040,2012-03-12,2211.74,2212.27,2223.61,2198.45,4.49742684,23.526016739499997
801040,2012-03-13,2231.33,2210.76,2231.33,2203.17,3.87453009,21.668820441599998
801040,2012-03-14,2197.33,2240.05,2290.04,2187.04,13.33130315,71.3768930793
801040,2012-03-15,2153.18,2190.83,2198.74,2147.07,7.13116653,37.994286471399995
801040,2012-03-16,2176.47,2151.05,2176.47,2136.54,5.23120774,28.7269296058
801040,2012-03-19,2205.34,2171.45,2211.66,2156.26,6.73406405,39.2648560997
801040,2012-03-20,2225.06,2200.54,2251.86,2188.08,9.93852186,59.7107644064
801040,2012-03-21,2228.05,2230.56,2248.32,2202.2,6.47571726,39.728779981
801040,2012-03-22,2212.27,2223.18,2227.83,2199.02,3.97441858,24.571072542600003
801040,2012-03-23,2192.6,2202.58,2224.06,2185.43,5.38417873,32.8634701482
801040,2012-03-26,2194.22,2191.64,2201.57,2177.7,4.75080756,29.7946920967
801040,2012-03-27,2192.94,2197.92,2209.2,2189.7,3.88517963,24.4330200993
801040,2012-03-28,2098.57,2181.97,2182.88,2095.0,5.15872016,28.4939975302
801040,2012-03-29,2067.97,2085.16,2093.35,2049.76,4.92714511,26.6806674266
801040,2012-03-30,2052.44,2071.01,2082.01,2036.45,3.36988538,18.4493982581
801040,2012-04-05,2099.5,2049.52,2099.97,2044.06,4.05109534,21.665406740100003
801040,2012-04-06,2116.52,2097.62,2134.74,2093.4,4.56689265,27.0691567358
801040,2012-04-09,2133.57,2107.17,2162.83,2097.33,5.13048515,32.95410959
801040,2012-04-10,2137.16,2122.07,2137.16,2075.51,4.84795153,29.3463270673
801040,2012-04-11,2131.64,2111.86,2139.93,2104.03,3.33579585,19.8232580486
801040,2012-04-12,2152.68,2130.54,2154.89,2114.54,4.48034488,26.0155556323
801040,2012-04-13,2171.75,2160.82,2179.46,2151.8,4.0005561,24.2551178991
801040,2012-04-16,2169.21,2154.29,2177.41,2150.52,4.1825393,23.960834017399996
801040,2012-04-17,2144.84,2164.63,2175.12,2140.67,4.36570931,24.2304123705
801040,2012-04-18,2187.85,2147.53,2188.27,2142.3,5.06455122,28.164520374299997
801040,2012-04-19,2176.6,2181.42,2185.77,2165.23,3.95959694,22.7494026314
801040,2012-04-20,2200.26,2172.79,2205.69,2169.77,4.55001501,27.4273440461
801040,2012-04-23,2187.94,2197.54,2203.91,2181.38,4.6273817,27.517454154499998
801040,2012-04-24,2151.8,2170.86,2188.86,2115.6,5.190364,28.4336141081
801040,2012-04-25,2189.14,2142.45,2194.07,2135.77,4.80276687,27.3773503466
801040,2012-04-26,2180.1,2192.72,2194.54,2173.14,3.70907424,20.744311958900003
801040,2012-04-27,2169.18,2174.99,2192.52,2160.28,4.03124591,22.7804091984
801040,2012-05-02,2211.41,2187.11,2222.82,2180.44,6.21764116,35.212339075500005
801040,2012-05-03,2215.89,2209.85,2226.65,2205.9,4.04814987,23.9420188684
801040,2012-05-04,2249.38,2218.76,2249.38,2216.21,5.79727641,34.4023599811
801040,2012-05-07,2253.87,2238.12,2254.01,2229.85,5.61644398,34.7098568357
801040,2012-05-08,2241.34,2249.72,2250.4,2222.28,5.0924595,30.110105923000003
801040,2012-05-09,2188.36,2221.58,2222.07,2188.36,5.46791718,31.9866639073
801040,2012-05-10,2223.76,2184.56,2238.34,2184.56,6.88321887,43.1737472715
801040,2012-05-11,2193.32,2220.13,2222.06,2192.76,5.09983681,32.1044454632
801040,2012-05-14,2166.28,2206.1,2206.49,2163.38,5.35452049,32.6826398925
801040,2012-05-15,2143.36,2149.79,2151.88,2123.57,3.91913386,22.364709274299997
801040,2012-05-16,2127.14,2137.8,2147.33,2124.81,3.57972062,21.028576788
801040,2012-05-17,2140.69,2125.86,2148.97,2103.21,4.22555194,25.026920022600002
801040,2012-05-18,2117.43,2130.71,2150.43,2113.42,3.63395011,19.252226779
801040,2012-05-21,2133.42,2120.39,2145.32,2115.24,3.85933376,19.6159706156
801040,2012-05-22,2144.78,2139.07,2144.78,2132.18,3.01120751,15.542994218099999
801040,2012-05-23,2121.97,2140.91,2145.45,2107.72,3.17951574,17.1978587139
801040,2012-05-24,2107.32,2115.13,2127.51,2102.36,2.46555682,12.9094475946
801040,2012-05-25,2114.16,2106.93,2137.86,2094.01,4.44786614,19.9191745096
801040,2012-05-28,2164.85,2111.0,2164.85,2109.41,6.86396876,31.0160789609
801040,2012-05-29,2190.77,2168.36,2195.52,2164.67,6.56346446,36.736892384499996
801040,2012-05-30,2177.44,2188.15,2195.54,2173.43,4.31223101,23.704517514099997
801040,2012-05-31,2166.16,2165.19,2179.47,2159.79,3.68720756,20.704070527
801040,2012-06-01,2157.91,2171.77,2183.83,2153.99,3.68962667,21.0643757809
801040,2012-06-04,2103.03,2134.22,2136.07,2103.03,3.53312682,16.4936352892
801040,2012-06-05,2102.89,2105.28,2112.17,2095.86,2.40507694,11.6026469671
801040,2012-06-06,2096.79,2105.83,2108.91,2090.79,1.72559854,8.6672918386
801040,2012-06-07,2092.48,2112.75,2115.65,2086.78,2.25880131,11.3338734042
801040,2012-06-08,2077.0,2094.46,2094.83,2074.9,2.08034185,9.8511428235
801040,2012-06-11,2063.0,2057.15,2071.4,2036.68,2.94008229,16.7764054939
801040,2012-06-12,2031.74,2052.26,2054.93,2030.7,2.4641684,12.2896972215
801040,2012-06-13,2049.35,2037.88,2049.35,2026.45,2.71423038,14.115020881400001
801040,2012-06-14,2025.03,2045.75,2051.76,2023.31,2.84238905,15.5405062772
801040,2012-06-15,2027.38,2027.55,2036.07,2008.3,2.45186669,12.9343264066
801040,2012-06-18,2037.22,2035.02,2046.45,2031.86,2.10364812,11.1980919139
801040,2012-06-19,2017.55,2036.92,2036.97,2012.89,2.06547829,10.994242387
801040,2012-06-20,2014.56,2022.71,2027.38,2013.7,1.99913225,10.297180425399999
801040,2012-06-21,1985.27,2012.87,2012.89,1981.04,2.08423473,9.5059813462
801040,2012-06-25,1918.71,1976.82,1976.94,1918.38,3.13552696,15.7886268753
801040,2012-06-26,1910.23,1911.88,1914.74,1887.91,2.46914308,11.404707153599999
801040,2012-06-27,1888.36,1908.16,1913.68,1885.72,1.92618134,8.6866798349
801040,2012-06-28,1864.22,1893.19,1896.83,1864.19,2.46056615,10.6103097826
801040,2012-06-29,1878.52,1860.15,1879.88,1846.75,2.92641985,11.926996193299999
801040,2012-07-02,1882.13,1888.35,1890.44,1876.65,2.51878664,11.2391956693
801040,2012-07-03,1881.67,1882.6,1896.63,1875.64,2.15804372,9.7192692481
801040,2012-07-04,1878.72,1885.44,1888.96,1871.53,1.70930673,8.1968676484
801040,2012-07-05,1834.31,1873.72,1875.99,1832.2,2.30059427,10.330530347
801040,2012-07-06,1861.26,1844.51,1863.02,1816.17,2.66186712,11.2185367267
801040,2012-07-09,1805.42,1847.64,1848.87,1802.54,2.39193434,10.0048953595
801040,2012-07-10,1796.56,1802.09,1808.82,1793.2,1.95706146,7.4392689238
801040,2012-07-11,1825.1,1794.59,1831.14,1791.94,2.39836557,9.7044588784
801040,2012-07-12,1831.65,1814.76,1840.68,1802.54,3.01320317,12.4661529878
801040,2012-07-13,1832.94,1830.45,1851.03,1825.83,2.90964099,12.498955810899998
801040,2012-07-16,1779.43,1833.67,1833.67,1777.22,2.84006432,11.2603499564
801040,2012-07-17,1790.87,1772.63,1792.25,1772.59,1.60908768,6.385328728099999
801040,2012-07-18,1809.42,1788.36,1815.78,1778.4,2.52902016,9.8237946041
801040,2012-07-19,1811.94,1806.96,1824.31,1794.87,2.64447838,10.6530848244
801040,2012-07-20,1800.62,1812.88,1819.87,1796.8,2.28888733,9.004863103
801040,2012-07-23,1772.34,1793.1,1793.87,1764.39,2.67587278,10.1353600062
801040,2012-07-24,1787.43,1760.43,1803.81,1760.43,2.78340259,10.3113676133
801040,2012-07-25,1765.96,1782.26,1786.72,1763.56,2.56768704,9.0745647698
801040,2012-07-26,1790.43,1765.36,1809.8,1764.0,4.52073206,17.024831131
801040,2012-07-27,1785.07,1788.54,1793.22,1779.11,2.59110091,9.882149869400001
801040,2012-07-30,1771.24,1783.23,1790.66,1761.12,3.04820085,11.796220516400002
801040,2012-07-31,1758.97,1767.06,1772.21,1747.87,2.54426573,9.4134326977
801040,2012-08-01,1776.08,1754.94,1786.66,1754.74,2.25839172,8.7614588226
801040,2012-08-02,1790.14,1776.1,1822.21,1774.49,3.62279871,12.845250485
801040,2012-08-03,1806.61,1793.06,1806.61,1784.97,2.84765832,10.9734286978
801040,2012-08-06,1836.65,1801.26,1838.21,1799.16,4.12393576,18.1872891521
801040,2012-08-07,1859.9,1838.27,1865.52,1831.82,4.83521624,21.813597601799998
801040,2012-08-08,1840.1,1857.63,1857.85,1835.96,2.9584682,13.180614126099998
801040,2012-08-09,1855.43,1838.08,1857.95,1833.06,3.52877026,16.3736207076
801040,2012-08-10,1883.78,1875.11,1897.62,1869.09,4.98678266,24.9692170969
801040,2012-08-13,1859.24,1887.42,1887.73,1857.64,5.29859556,24.049748117399997
801040,2012-08-14,1868.61,1864.24,1870.52,1837.7,4.36873637,19.720959839200003
801040,2012-08-15,1856.98,1861.15,1875.01,1853.16,3.55006497,16.8599846999
801040,2012-08-16,1839.69,1852.93,1862.09,1838.94,2.5679412,11.683090574000001
801040,2012-08-17,1852.41,1836.83,1855.8,1836.1,2.61929959,12.1109308243
801040,2012-08-20,1836.15,1843.88,1844.26,1817.96,2.88205725,12.7702734595
801040,2012-08-21,1837.21,1833.43,1845.93,1826.96,2.96519847,13.474436369100001
801040,2012-08-22,1818.08,1834.19,1834.63,1813.25,2.72790102,11.820944006300001
801040,2012-08-23,1831.4,1819.07,1837.66,1817.77,2.95495815,13.8396522079
801040,2012-08-24,1800.7,1824.24,1826.2,1800.59,2.76376439,12.312927392899999
801040,2012-08-27,1747.45,1791.09,1791.63,1746.61,3.26373963,14.035932393800001
801040,2012-08-28,1798.07,1787.81,1812.68,1787.81,4.73722856,19.7223231717
801040,2012-08-29,1764.53,1789.92,1790.07,1758.99,3.74853494,15.9445306571
801040,2012-08-30,1746.14,1765.51,1772.33,1730.67,3.21146834,13.255429769000001
801040,2012-08-31,1737.68,1744.14,1750.45,1733.22,2.46350674,10.1646360723
801040,2012-09-03,1737.15,1731.51,1745.94,1725.03,2.72676285,10.8563893294
801040,2012-09-04,1705.79,1737.4,1737.88,1704.09,3.02560131,11.855414823299999
801040,2012-09-05,1689.67,1699.31,1701.93,1677.91,3.2796714,12.695003422300001
801040,2012-09-06,1705.55,1691.16,1706.16,1689.92,2.38257988,9.1138468865
801040,2012-09-07,1788.17,1715.61,1808.05,1714.9,8.18901862,32.859565301399996
801040,2012-09-10,1802.65,1786.81,1807.28,1778.16,5.52466487,23.0999199687
801040,2012-09-11,1795.85,1793.1,1801.42,1779.15,4.05423626,17.4029516445
801040,2012-09-12,1812.41,1802.71,1819.62,1796.04,4.99098542,22.0796088961
801040,2012-09-13,1806.02,1809.45,1833.93,1801.39,4.85421866,21.679881680700003
801040,2012-09-14,1816.28,1823.39,1828.85,1806.16,4.58333791,20.3084659156
801040,2012-09-17,1764.78,1813.58,1813.64,1764.1,3.73969273,16.2542961152
801040,2012-09-18,1741.96,1757.83,1757.83,1735.46,2.79929589,12.113901755599999
801040,2012-09-19,1749.06,1744.34,1751.55,1735.6,2.15483413,9.2459540675
801040,2012-09-20,1708.05,1745.87,1746.09,1706.58,3.08720965,12.549363182899999
801040,2012-09-21,1711.6,1707.58,1723.97,1703.42,2.27849975,9.0881781044
801040,2012-09-24,1704.03,1704.81,1715.76,1682.01,2.56161507,10.0030006424
801040,2012-09-25,1709.97,1700.76,1717.27,1697.6,2.5308177,10.6136347394
801040,2012-09-26,1679.82,1704.07,1706.66,1676.04,2.05977683,8.039015133
801040,2012-09-27,1715.8,1680.81,1724.55,1677.1,3.09774645,11.9166780744
801040,2012-09-28,1736.7,1705.32,1738.78,1702.48,3.19472708,12.5843205147
801040,2012-10-08,1726.56,1738.1,1742.76,1716.69,1.86723568,7.941965283099999
801040,2012-10-09,1763.1,1728.08,1764.02,1727.9,3.06961187,13.0691168203
801040,2012-10-10,1794.38,1759.31,1808.59,1752.36,4.40311889,16.615737991099998
801040,2012-10-11,1765.75,1788.15,1788.15,1763.94,3.67823399,13.3467480497
801040,2012-10-12,1759.07,1768.18,1778.23,1747.61,2.33483755,9.2990945924
801040,2012-10-15,1744.48,1757.63,1758.18,1733.64,1.82488418,7.5409759721
801040,2012-10-16,1738.33,1743.18,1747.59,1728.99,1.74679418,7.720598871900001
801040,2012-10-17,1741.27,1742.05,1746.24,1725.98,1.89228292,8.5724876853
801040,2012-10-18,1772.07,1745.27,1779.31,1743.89,3.2287337,13.7146203858
801040,2012-10-19,1775.77,1770.44,1791.76,1767.2,2.78513559,11.9802151845
801040,2012-10-22,1779.3,1766.82,1782.35,1761.03,2.09863347,8.9895041335
801040,2012-10-23,1798.22,1777.31,1798.22,1773.95,3.99600281,19.7172066519
801040,2012-10-24,1810.91,1787.55,1824.55,1783.25,5.54295726,25.0565537206
801040,2012-10-25,1833.71,1807.67,1881.7,1807.48,10.19916856,38.8755914199
801040,2012-10-26,1773.7,1820.95,1821.54,1767.29,6.22704759,23.407425333000003
801040,2012-10-29,1760.56,1766.36,1771.05,1751.67,3.48087393,14.758113961600001
801040,2012-10-30,1781.09,1760.01,1782.63,1749.03,4.62612952,21.2751165891
801040,2012-10-31,1779.04,1774.13,1779.42,1763.29,3.80635779,18.0979111589
801040,2012-11-01,1793.24,1776.46,1800.62,1775.91,4.03522606,18.658378434
801040,2012-11-02,1791.11,1793.84,1801.86,1777.62,3.18089112,14.3695365302
801040,2012-11-05,1790.44,1791.27,1794.94,1780.36,2.18739607,9.359767199
801040,2012-11-06,1773.48,1787.78,1788.31,1754.87,2.45012977,9.9925907521
801040,2012-11-07,1778.06,1771.62,1785.49,1766.72,2.1296067,9.1327015168
801040,2012-11-08,1734.82,1765.59,1766.59,1734.82,2.4698582,10.3454821948
801040,2012-11-09,1734.08,1732.35,1743.11,1730.55,1.4114836,5.783252589400001
801040,2012-11-12,1741.89,1736.81,1744.24,1730.45,1.44164262,5.7172268777
801040,2012-11-13,1726.09,1742.64,1742.64,1723.15,1.91476831,7.9512239789
801040,2012-11-14,1730.45,1725.31,1732.18,1718.11,1.43282598,5.9466671684
801040,2012-11-15,1706.52,1725.28,1729.22,1706.52,1.55160273,6.3099892025
801040,2012-11-16,1699.37,1703.93,1707.21,1690.71,1.40164453,5.527552731799999
801040,2012-11-19,1702.47,1696.81,1703.72,1691.29,1.07062309,4.276281597900001
801040,2012-11-20,1697.8,1707.1,1710.82,1696.84,1.08776906,4.4457761897
801040,2012-11-21,1717.33,1699.36,1718.35,1691.27,1.47762944,5.702105436699999
801040,2012-11-22,1703.5,1710.72,1711.74,1701.04,1.00570865,3.9592324262000003
801040,2012-11-23,1709.01,1707.02,1718.51,1704.08,1.12686395,4.5835168558
801040,2012-11-26,1709.29,1714.24,1722.27,1707.64,1.46394862,5.408396613400001
801040,2012-11-27,1701.71,1713.39,1737.13,1701.49,3.46893687,11.1670617967
801040,2012-11-28,1661.91,1691.64,1692.19,1652.17,3.03413937,10.5876254631
801040,2012-11-29,1685.79,1660.51,1697.71,1659.96,3.69145063,12.0623730417
801040,2012-11-30,1701.63,1689.29,1708.96,1689.03,3.53198363,11.5771213582
801040,2012-12-03,1668.06,1699.19,1699.73,1667.42,2.85793045,9.7663539835
801040,2012-12-04,1681.8,1662.79,1684.44,1655.81,2.65681835,9.157585723099999
801040,2012-12-05,1724.47,1680.9,1730.85,1676.08,4.51987959,15.979624964200001
801040,2012-12-06,1721.31,1721.53,1732.43,1717.8,3.20441215,11.5393873096
801040,2012-12-07,1750.97,1720.52,1754.12,1710.35,5.29736397,18.5933967574
801040,2012-12-10,1773.36,1752.2,1778.95,1746.58,4.96146138,17.8457752909
801040,2012-12-11,1762.92,1766.96,1780.19,1755.95,4.24833105,15.8937142381
801040,2012-12-12,1764.1,1760.79,1771.31,1751.75,3.00360228,11.3789225223
801040,2012-12-13,1737.33,1762.21,1762.32,1736.93,2.71079023,10.2592604623
801040,2012-12-14,1804.12,1737.28,1805.28,1737.28,6.17761105,22.95291218
801040,2012-12-17,1822.48,1806.66,1852.02,1806.61,6.92039867,27.208163657300002
801040,2012-12-18,1825.3,1820.22,1844.47,1809.82,5.28764428,20.7419624474
801040,2012-12-19,1820.17,1827.21,1830.0,1813.18,3.44956124,13.5906827469
801040,2012-12-20,1839.58,1816.57,1841.8,1809.02,4.55936298,19.597900205
801040,2012-12-21,1814.17,1836.44,1849.87,1810.87,4.39034014,18.2620946155
801040,2012-12-24,1807.57,1811.0,1820.55,1801.94,2.69504373,10.7071505944
801040,2012-12-25,1840.47,1804.95,1844.71,1795.94,5.02963722,20.1991799278
801040,2012-12-26,1848.39,1838.69,1853.52,1833.71,4.35678504,17.5319180866
801040,2012-12-27,1861.05,1850.21,1889.01,1838.1,7.51479274,28.796263576100003
801040,2012-12-28,1859.26,1853.35,1860.29,1843.19,5.32150511,20.1351941357
801040,2012-12-31,1873.29,1858.43,1881.52,1857.03,4.90391283,19.1478866444
801040,2013-01-04,1907.68,1920.99,1936.28,1892.06,8.2600287,31.877705716399998
801040,2013-01-07,1905.68,1908.99,1909.45,1893.87,4.82179599,19.2233827629
801040,2013-01-08,1911.14,1907.84,1914.21,1892.07,4.50062821,19.6151348589
801040,2013-01-09,1908.88,1907.85,1914.35,1894.93,5.01018794,24.8652559688
801040,2013-01-10,1926.91,1908.69,1943.08,1902.73,6.19819486,28.570520254699996
801040,2013-01-11,1882.22,1924.77,1929.28,1877.96,5.53994835,25.889594474499997
801040,2013-01-14,1927.38,1874.7,1933.76,1871.45,5.49154765,25.2514615277
801040,2013-01-15,1952.82,1928.82,1960.41,1928.82,6.59014965,31.0880763427
801040,2013-01-16,1940.13,1948.77,1951.41,1914.19,5.81030996,28.500002987
801040,2013-01-17,1927.9,1940.85,1950.73,1924.1,4.72555606,23.6681973061
801040,2013-01-18,1942.52,1937.78,1946.16,1919.2,4.78892962,21.368619381600002
801040,2013-01-21,1940.64,1940.43,1941.73,1927.82,4.3491695,18.8016590095
801040,2013-01-22,1914.23,1937.9,1937.99,1907.94,4.33727856,18.966244658
801040,2013-01-23,1933.91,1916.5,1951.92,1916.5,4.91858093,20.4410947368
801040,2013-01-24,1913.65,1935.66,1957.64,1904.91,6.57682147,29.8063340226
801040,2013-01-25,1896.11,1908.81,1916.02,1891.92,3.62605166,15.4486296227
801040,2013-01-28,1923.97,1898.09,1923.97,1897.86,3.62334498,15.479107960799999
801040,2013-01-29,1923.01,1924.69,1924.69,1912.78,3.83821092,16.8645914745
801040,2013-01-30,1935.49,1923.71,1940.48,1908.94,5.50487363,22.8129053896
801040,2013-01-31,1919.38,1932.49,1932.74,1914.57,4.35550893,18.8004553192
801040,2013-02-01,1921.06,1918.47,1923.8,1906.06,4.91852369,22.8557144452
801040,2013-02-04,1951.07,1921.77,1951.29,1915.51,6.05293136,28.6701883608
801040,2013-02-05,1969.78,1940.29,1971.07,1935.63,6.18834976,28.313643129299997
801040,2013-02-06,1961.89,1972.97,1974.52,1954.68,4.47774305,21.663398995500003
801040,2013-02-07,1958.68,1959.09,1962.1,1949.09,3.63160215,17.3224113356
801040,2013-02-08,1972.44,1956.68,1978.07,1956.56,3.7439965,16.9856042578
801040,2013-02-18,1953.94,1976.4,1978.25,1951.42,3.53910881,15.673994529100002
801040,2013-02-19,1919.74,1953.14,1955.98,1914.34,3.49668645,15.4821620057
801040,2013-02-20,1930.69,1922.89,1930.69,1917.86,2.68697702,11.889160696400001
801040,2013-02-21,1879.66,1920.69,1920.91,1867.68,4.59516954,19.0863445154
801040,2013-02-22,1874.15,1878.29,1884.83,1870.66,2.91248059,12.85525607
801040,2013-02-25,1871.59,1875.24,1884.7,1866.6,2.48401216,10.7658649664
801040,2013-02-26,1840.27,1867.29,1869.18,1837.66,3.52299573,16.303522361600002
801040,2013-02-27,1862.22,1841.32,1862.22,1840.58,3.1936738,14.667388803900002
801040,2013-02-28,1884.36,1865.4,1886.59,1852.53,3.51080886,15.656245201099999
801040,2013-03-01,1881.18,1883.41,1883.61,1859.6,2.98114192,13.134713599400001
801040,2013-03-04,1813.15,1871.09,1871.09,1805.64,5.05553291,20.1926032714
801040,2013-03-05,1833.08,1821.36,1838.29,1820.44,4.12158102,15.829888166400002
801040,2013-03-06,1850.74,1840.08,1850.74,1830.6,4.03956346,17.5747490565
801040,2013-03-07,1848.21,1855.13,1856.43,1833.57,4.21737209,19.185632463
801040,2013-03-08,1855.39,1846.63,1875.46,1838.45,4.07330456,18.229272324300002
801040,2013-03-11,1834.49,1840.94,1842.86,1829.8,2.59307481,10.844741044100001
801040,2013-03-12,1816.88,1830.97,1841.32,1803.54,3.76081365,16.631050192
801040,2013-03-13,1802.29,1813.33,1814.73,1795.79,2.99483347,12.710028113900002
801040,2013-03-14,1788.91,1795.72,1803.12,1787.08,2.23637536,9.4876937628
801040,2013-03-15,1790.49,1791.25,1814.36,1779.05,3.02789984,12.709555888099999
801040,2013-03-18,1762.8,1783.61,1787.38,1761.04,2.49767215,9.8799991398
801040,2013-03-19,1766.91,1763.88,1769.11,1748.63,2.04826648,8.0948750568
801040,2013-03-20,1796.46,1767.22,1796.62,1765.22,2.9278793,11.749381449100001
801040,2013-03-21,1809.2,1801.26,1813.0,1799.11,3.02631932,14.094445094300001
801040,2013-03-22,1805.87,1806.33,1809.74,1797.54,2.70219278,13.950859463699999
801040,2013-03-25,1848.08,1810.74,1853.17,1802.56,6.44882446,29.7940404438
801040,2013-03-26,1816.77,1837.83,1837.93,1808.07,4.80389433,22.8991144051
801040,2013-03-27,1821.02,1819.53,1829.11,1813.41,4.31711082,21.325852938900002
801040,2013-03-28,1789.55,1811.21,1811.55,1786.17,5.53417825,26.8924820669
801040,2013-03-29,1775.6,1787.9,1798.6,1773.38,4.89448238,24.1725426758
801040,2013-04-01,1782.39,1766.62,1782.71,1764.46,3.61474777,16.4081290345
801040,2013-04-02,1790.37,1782.74,1795.74,1778.92,4.15481918,19.860901553199998
801040,2013-04-03,1783.16,1790.56,1791.31,1776.72,3.92742748,18.4320422948
801040,2013-04-08,1770.77,1766.84,1771.17,1747.19,3.0971662,13.405419488800002
801040,2013-04-09,1781.36,1770.83,1785.55,1770.77,2.99844182,13.613848691600001
801040,2013-04-10,1784.94,1778.66,1788.9,1768.73,3.36258028,14.672942555399999
801040,2013-04-11,1768.2,1787.09,1788.42,1767.03,2.70381674,11.858313181
801040,2013-04-12,1755.46,1764.88,1771.44,1751.56,2.03483594,8.1938910534
801040,2013-04-15,1730.12,1750.57,1755.19,1727.53,2.03779236,8.153886761799999
801040,2013-04-16,1737.42,1722.76,1739.43,1718.73,1.97965628,7.7727285128
801040,2013-04-17,1732.89,1738.18,1738.85,1723.57,1.64499163,6.7698906236
801040,2013-04-18,1726.8,1726.17,1739.34,1720.85,1.72123615,7.57070357
801040,2013-04-19,1753.25,1728.06,1755.48,1727.5,2.72481059,11.3341085319
801040,2013-04-22,1758.3,1752.65,1764.83,1752.27,3.04213196,11.543475076500002
801040,2013-04-23,1718.18,1757.86,1757.86,1715.31,2.99976183,11.8043692576
801040,2013-04-24,1737.37,1718.79,1741.85,1715.77,2.71377771,11.279568723299999
801040,2013-04-25,1721.74,1735.47,1737.9,1718.31,2.42252551,10.4628395782
801040,2013-04-26,1712.07,1726.04,1730.12,1709.27,2.28864082,9.023914518
801040,2013-05-02,1705.2,1707.81,1712.43,1699.88,2.31129972,8.8423338148
801040,2013-05-03,1724.59,1707.86,1730.56,1707.61,2.43654687,9.7897273383
801040,2013-05-06,1739.2,1727.53,1745.02,1727.07,2.52673618,10.7139506226
801040,2013-05-07,1745.81,1736.72,1748.74,1732.66,2.42494866,10.2094120799
801040,2013-05-08,1750.03,1749.41,1754.29,1743.19,2.43384798,10.407933998899999
801040,2013-05-09,1734.67,1749.57,1749.82,1727.63,2.38014331,10.281839444600001
801040,2013-05-10,1742.07,1731.68,1743.22,1728.39,2.12748883,9.770965409
801040,2013-05-13,1745.78,1742.5,1747.59,1735.9,2.32718779,9.659215768400001
801040,2013-05-14,1730.81,1742.89,1743.75,1725.33,2.22536298,9.1778466264
801040,2013-05-15,1730.98,1730.96,1734.92,1725.87,1.71370174,7.0592626904
801040,2013-05-16,1743.47,1729.51,1743.65,1722.64,2.50497862,10.5311379951
801040,2013-05-17,1763.91,1742.24,1766.76,1740.7,3.58196203,14.3209646902
801040,2013-05-20,1771.69,1766.42,1774.73,1761.52,3.44881725,14.4468662955
801040,2013-05-21,1775.75,1769.22,1775.85,1764.23,3.20965966,14.2903324777
801040,2013-05-22,1783.12,1774.46,1786.56,1766.15,4.45670057,17.3783549534
801040,2013-05-23,1775.65,1777.61,1791.7,1770.46,4.26441823,17.8991673168
801040,2013-05-24,1780.26,1777.98,1786.71,1768.69,3.13614224,14.285146725799999
801040,2013-05-27,1770.61,1776.89,1777.42,1765.46,2.76408066,12.738543780599999
801040,2013-05-28,1780.72,1769.24,1780.93,1756.21,3.58636164,15.6393514505
801040,2013-05-29,1783.69,1780.85,1789.36,1776.72,4.04401546,17.3751782035
801040,2013-05-30,1770.44,1778.54,1779.81,1766.59,3.05137882,13.0185112641
801040,2013-05-31,1758.18,1771.48,1774.27,1756.84,2.66609281,11.544178560299999
801040,2013-06-03,1756.52,1757.49,1768.48,1753.63,2.28139104,9.886857925
801040,2013-06-04,1729.29,1756.22,1756.22,1726.58,2.59772412,11.290757055799999
801040,2013-06-05,1735.58,1727.98,1737.6,1723.98,1.97494944,9.777555660900001
801040,2013-06-06,1715.31,1731.7,1731.7,1713.7,2.01054578,8.780945387100001
801040,2013-06-07,1691.61,1714.61,1717.37,1688.22,2.67942802,10.755518781600001
801040,2013-06-13,1629.58,1679.71,1679.81,1619.79,3.1632519,12.565652538699998
801040,2013-06-14,1638.5,1628.7,1639.19,1622.07,2.39944883,9.7578349871
801040,2013-06-17,1633.18,1637.75,1641.89,1619.68,2.4538608,9.387799382
801040,2013-06-18,1614.92,1626.95,1627.03,1604.63,2.48439095,9.0618707494
801040,2013-06-19,1625.54,1609.15,1631.84,1578.52,4.47735823,14.7676355216
801040,2013-06-20,1572.3,1607.55,1608.22,1570.48,2.75463325,9.4805751777
801040,2013-06-21,1563.02,1557.64,1572.18,1547.26,2.59529917,9.148417308400001
801040,2013-06-24,1484.83,1561.31,1561.31,1478.21,3.73987967,12.4278718809
801040,2013-06-25,1451.78,1470.0,1474.34,1372.22,4.55646551,14.3169585067
801040,2013-06-26,1436.95,1451.76,1456.01,1419.86,3.439101,11.2413832228
801040,2013-06-27,1454.85,1438.09,1470.51,1427.34,4.99194096,16.2787149136
801040,2013-06-28,1442.17,1441.31,1459.31,1424.31,4.29489349,13.684728910499999
801040,2013-07-01,1441.64,1436.56,1443.32,1415.56,2.86886641,9.2090951784
801040,2013-07-02,1457.42,1439.34,1459.69,1425.25,3.55868677,11.077288308900002
801040,2013-07-03,1453.38,1449.43,1468.16,1441.55,4.07332018,13.318127237799999
801040,2013-07-04,1455.89,1446.73,1470.21,1433.3,3.57700028,12.03434638
801040,2013-07-05,1460.67,1454.52,1482.57,1448.4,3.56898879,12.3050664457
801040,2013-07-08,1406.78,1445.01,1445.13,1405.63,3.04895357,10.1554145692
801040,2013-07-09,1414.15,1404.32,1417.96,1401.94,1.82080099,5.9937596346
801040,2013-07-10,1448.34,1412.2,1448.38,1408.01,2.87076527,9.7870908801
801040,2013-07-11,1495.1,1449.83,1509.92,1449.79,5.82975224,19.6013254927
801040,2013-07-12,1467.89,1489.13,1497.91,1465.52,3.71972865,12.856414728399999
801040,2013-07-15,1480.65,1469.4,1489.51,1465.49,3.01056667,10.1334319252
801040,2013-07-16,1486.89,1477.7,1492.06,1464.05,2.83684294,9.8992288538
801040,2013-07-17,1477.18,1482.44,1490.43,1474.16,2.98816078,10.2832766941
801040,2013-07-18,1456.8,1473.4,1475.53,1455.35,2.52906757,8.6603353908
801040,2013-07-19,1427.18,1457.27,1462.28,1425.5,2.50888358,8.536902225599999
801040,2013-07-22,1436.92,1418.81,1436.92,1413.51,1.88658593,6.2615381585000005
801040,2013-07-23,1466.52,1439.16,1469.25,1434.08,2.88275641,10.3795665294
801040,2013-07-24,1455.02,1461.57,1462.45,1440.75,2.42866549,8.6176636913
801040,2013-07-25,1463.88,1457.93,1481.69,1451.07,4.07438291,13.255257243099999
801040,2013-07-26,1453.5,1457.16,1461.44,1443.22,2.55879504,8.5653587607
801040,2013-07-29,1421.66,1447.49,1447.64,1418.47,2.31327753,7.4209676104
801040,2013-07-30,1435.46,1421.29,1447.57,1420.01,2.04205063,6.7327653993
801040,2013-07-31,1438.72,1438.94,1453.81,1433.96,2.1046249,7.283732163300001
801040,2013-08-01,1463.66,1447.06,1463.66,1444.47,2.93339035,10.4871576886
801040,2013-08-02,1462.37,1466.73,1472.01,1459.56,2.5798262,9.7537371616
801040,2013-08-05,1476.83,1462.16,1476.83,1457.43,2.36908363,8.9352252392
801040,2013-08-06,1482.86,1472.02,1487.49,1464.0,2.7989124,10.2021521571
801040,2013-08-07,1474.54,1477.83,1489.75,1471.46,2.66507508,9.5759381012
801040,2013-08-08,1475.54,1478.17,1484.87,1470.72,2.29813664,8.545243125299999
801040,2013-08-09,1491.03,1478.4,1493.73,1477.57,3.56475678,13.422339709200001
801040,2013-08-12,1526.45,1495.12,1526.45,1491.59,4.71589773,16.6532104042
801040,2013-08-13,1546.8,1525.3,1559.84,1523.06,6.04923619,20.3547270822
801040,2013-08-14,1528.05,1545.21,1548.45,1521.23,3.83936342,13.233213628
801040,2013-08-15,1518.57,1528.3,1537.58,1516.37,2.90462407,9.9395967177
801040,2013-08-16,1505.43,1514.15,1556.89,1498.14,4.82029995,17.3703971831
801040,2013-08-19,1512.42,1495.17,1515.42,1490.36,2.68776296,9.9218579431
801040,2013-08-20,1495.8,1508.87,1514.0,1490.52,2.3712163,8.6487332561
801040,2013-08-21,1496.74,1498.16,1501.02,1487.89,1.84761033,6.9413940494
801040,2013-08-22,1489.4,1494.07,1499.14,1486.62,2.02832831,7.218465985800001
801040,2013-08-23,1476.72,1493.09,1495.26,1461.76,2.48719449,8.788978182000001
801040,2013-08-26,1503.04,1478.42,1503.04,1474.12,2.57588878,9.9156518512
801040,2013-08-27,1510.49,1501.77,1512.14,1496.88,2.78434874,11.731976939900001
801040,2013-08-28,1521.22,1502.6,1532.67,1494.97,4.50901533,16.5110035698
801040,2013-08-29,1516.65,1523.12,1526.06,1504.35,3.58092588,13.0284122894
801040,2013-08-30,1528.36,1513.26,1533.16,1505.62,4.80869385,17.625815243399998
801040,2013-09-02,1532.77,1531.53,1536.38,1520.53,4.2368117,15.507755723599999
801040,2013-09-03,1545.25,1527.53,1545.85,1526.98,4.01221646,14.7786617188
801040,2013-09-04,1594.14,1548.8,1618.17,1547.43,9.26876919,34.8444455345
801040,2013-09-05,1564.14,1581.41,1581.41,1551.13,5.01716774,19.477374170999997
801040,2013-09-06,1571.21,1556.84,1578.99,1548.41,4.11736926,16.8629393155
801040,2013-09-09,1600.88,1576.31,1603.28,1572.51,6.04938566,24.1595211602
801040,2013-09-10,1627.96,1599.81,1627.96,1594.84,7.51020549,27.6875426206
801040,2013-09-11,1672.96,1631.76,1712.74,1631.76,14.13635709,47.863852074700006
801040,2013-09-12,1653.96,1662.85,1662.85,1637.4,7.94844484,27.363391727699998
801040,2013-09-13,1629.48,1647.24,1647.24,1626.05,5.61323924,22.2231475243
801040,2013-09-16,1614.43,1629.28,1639.28,1613.18,4.30743328,17.1052631526
801040,2013-09-17,1582.29,1610.91,1611.11,1581.44,3.93700619,15.6538456421
801040,2013-09-18,1588.79,1580.87,1590.74,1574.56,2.58174372,10.0076404628
801040,2013-09-23,1598.06,1587.39,1599.53,1585.66,3.34441501,13.579899383599999
801040,2013-09-24,1575.69,1594.19,1594.24,1564.05,3.60478441,14.6804185076
801040,2013-09-25,1564.03,1573.51,1577.68,1562.74,3.52100547,14.886513651700001
801040,2013-09-26,1540.41,1562.75,1567.13,1538.37,3.74815556,14.8542922338
801040,2013-09-27,1539.71,1536.49,1543.82,1531.4,2.28008696,8.912352287300001
801040,2013-09-30,1547.06,1541.09,1547.06,1540.19,2.25978455,8.8790418058
801040,2013-10-08,1564.85,1541.68,1565.0,1534.01,3.27027491,12.467736793
801040,2013-10-09,1566.77,1558.8,1566.77,1554.39,2.78156037,10.802212239600001
801040,2013-10-10,1562.43,1565.6,1568.03,1548.65,3.63414947,13.5521462078
801040,2013-10-11,1589.07,1565.87,1591.22,1563.62,4.43021313,16.293551563
801040,2013-10-14,1598.55,1588.22,1600.81,1583.97,4.37850452,17.187045325
801040,2013-10-15,1590.21,1600.21,1600.21,1580.74,3.46547457,14.0209217354
801040,2013-10-16,1574.81,1593.37,1602.09,1569.17,4.80598132,18.4496607964
801040,2013-10-17,1576.82,1576.49,1589.36,1572.38,3.20838871,12.697502093699999
801040,2013-10-18,1577.36,1578.18,1582.31,1571.71,2.6328355,10.38280702
801040,2013-10-21,1594.31,1576.47,1595.61,1570.31,3.66497559,15.4057983449
801040,2013-10-22,1583.44,1592.65,1592.65,1580.41,3.27000013,15.016913134000001
801040,2013-10-23,1564.73,1583.89,1595.5,1562.27,3.34721262,13.287021799300001
801040,2013-10-24,1551.33,1562.74,1563.55,1547.49,2.48054789,9.6659749827
801040,2013-10-25,1530.54,1551.6,1556.06,1523.64,2.84371018,10.6914593348
801040,2013-10-28,1534.43,1532.19,1537.22,1523.29,2.0969942,8.5531248127
801040,2013-10-29,1499.15,1533.46,1541.16,1482.87,3.54170045,12.7302733488
801040,2013-10-30,1525.76,1497.98,1526.7,1494.77,3.0892431,11.836390003699998
801040,2013-10-31,1526.1,1522.53,1527.46,1511.71,2.4441945,9.7089120248
801040,2013-11-01,1522.94,1525.6,1527.48,1515.25,1.71135395,7.199085704600001
801040,2013-11-04,1528.6,1526.96,1534.01,1524.72,1.61951728,6.0696996701999995
801040,2013-11-05,1535.68,1529.09,1535.79,1514.88,2.1228071,9.814611337799999
801040,2013-11-06,1537.34,1531.79,1552.45,1526.61,3.225004,13.3183488796
801040,2013-11-07,1521.95,1534.32,1534.43,1520.13,1.93297134,7.739992282799999
801040,2013-11-08,1511.56,1519.02,1522.31,1508.08,1.96336115,7.339449072000001
801040,2013-11-11,1517.32,1511.98,1519.97,1509.62,1.73851157,6.4598643534
801040,2013-11-12,1524.67,1519.32,1526.05,1513.34,1.8833136,6.767475974500001
801040,2013-11-13,1503.33,1521.06,1521.87,1502.86,1.8911458,7.0395034378
801040,2013-11-14,1504.04,1501.39,1505.36,1491.91,1.70032175,6.5879611578
801040,2013-11-15,1522.12,1505.07,1531.18,1503.02,2.58795986,9.9942868399
801040,2013-11-18,1550.82,1524.93,1550.82,1524.31,3.4083514,13.108103046300002
801040,2013-11-19,1551.15,1554.15,1555.05,1543.83,2.85162957,12.4248601353
801040,2013-11-20,1562.5,1551.17,1562.67,1546.72,2.89445525,12.6308200946
801040,2013-11-21,1555.49,1558.74,1559.03,1547.87,2.46887354,10.2128357072
801040,2013-11-22,1549.14,1556.15,1557.74,1545.5,1.96321202,7.8121338269
801040,2013-11-25,1554.08,1556.06,1561.03,1551.95,2.63528957,13.464260783299999
801040,2013-11-26,1553.78,1553.24,1558.01,1546.82,2.65351798,12.435860789300001
801040,2013-11-27,1568.52,1553.47,1568.52,1548.7,3.10881164,13.4198146779
801040,2013-11-28,1593.02,1567.11,1599.48,1564.21,5.84489553,21.579920607600002
801040,2013-11-29,1593.39,1591.02,1596.25,1581.11,3.36716398,13.899094733
801040,2013-12-02,1562.38,1578.77,1586.88,1549.67,4.90555062,19.430751151099997
801040,2013-12-03,1588.05,1557.32,1591.02,1556.27,3.75878094,13.4110517359
801040,2013-12-04,1612.1,1585.66,1619.07,1583.91,4.99939974,18.1855145549
801040,2013-12-05,1612.88,1610.73,1622.58,1606.12,3.80126033,13.6536916832
801040,2013-12-06,1616.97,1611.46,1619.22,1604.9,4.20049779,14.2268272622
801040,2013-12-09,1616.69,1619.35,1624.35,1614.2,3.11919811,11.8295851348
801040,2013-12-10,1619.56,1616.57,1630.29,1606.63,3.7354621,12.4959031766
801040,2013-12-11,1590.1,1612.36,1612.42,1584.52,2.82540477,9.8730189736
801040,2013-12-12,1587.67,1586.85,1594.41,1583.57,1.98354425,7.144691272999999
801040,2013-12-13,1582.39,1579.35,1591.72,1576.63,2.08561762,7.7338583556
801040,2013-12-16,1561.82,1583.1,1584.56,1561.37,2.39021301,8.9012807939
801040,2013-12-17,1553.46,1563.11,1565.05,1550.91,1.7625695,6.7418903297
801040,2013-12-18,1550.61,1554.04,1557.74,1549.23,1.27796729,4.8079551871
801040,2013-12-19,1545.27,1555.45,1558.24,1543.59,1.89912281,6.279823968300001
801040,2013-12-20,1526.9,1547.48,1547.65,1525.13,2.35126698,7.9826282186
801040,2013-12-23,1525.07,1529.3,1530.95,1510.41,1.83668862,6.6582525087999995
801040,2013-12-24,1530.4,1525.73,1535.62,1522.46,1.52249576,5.1169097666
801040,2013-12-25,1535.97,1530.0,1536.34,1526.29,1.08632548,3.9682255401999997
801040,2013-12-26,1512.6,1544.36,1545.02,1511.27,1.92257114,7.3732593496000005
801040,2013-12-27,1527.38,1514.64,1533.07,1507.39,1.94355482,6.951603210399999
801040,2013-12-30,1523.03,1531.6,1534.8,1519.92,1.63749932,6.2632246738
801040,2013-12-31,1549.85,1535.85,1550.44,1534.63,1.95715484,7.1838966984
801040,2014-01-02,1561.16,1564.75,1565.78,1556.65,2.0084607,7.3770480535
801040,2014-01-03,1562.54,1575.74,1576.46,1556.58,6.22409271,28.8730563706
801040,2014-01-06,1517.68,1565.35,1565.69,1510.8,4.83509273,20.0611989907
801040,2014-01-07,1508.78,1510.17,1515.89,1503.42,2.68421092,11.0926940255
801040,2014-01-08,1493.7,1508.56,1517.7,1490.2,2.80223883,10.791005419300001
801040,2014-01-09,1466.99,1489.73,1494.77,1465.18,2.79966399,10.0043694748
801040,2014-01-10,1446.97,1465.23,1465.52,1443.58,2.9228421,10.3904350461
801040,2014-01-13,1443.01,1446.42,1453.91,1435.59,3.02164009,9.409007350700001
801040,2014-01-14,1458.32,1441.89,1462.61,1423.98,2.81066937,9.1125895896
801040,2014-01-15,1445.09,1453.08,1453.65,1437.47,1.63019229,5.6663644013
801040,2014-01-16,1453.7,1448.59,1463.2,1443.1,2.59435823,9.6334502416
801040,2014-01-17,1433.36,1449.13,1449.7,1428.47,2.65066789,9.7600448982
801040,2014-01-20,1429.32,1432.66,1435.37,1421.86,1.73602574,6.3057047029
801040,2014-01-21,1432.26,1425.67,1441.99,1425.62,1.84424667,6.9598596903
801040,2014-01-22,1464.1,1431.23,1464.73,1430.33,2.82130355,9.823623984500001
801040,2014-01-23,1452.09,1462.12,1467.21,1450.3,2.56595212,9.5953102618
801040,2014-01-24,1458.61,1449.63,1464.39,1446.27,2.72338025,10.6377056118
801040,2014-01-27,1442.19,1447.23,1449.59,1441.27,2.1374141,7.9676860639
801040,2014-01-28,1443.65,1444.88,1450.81,1437.33,1.4669641,4.7163141009
801040,2014-01-29,1443.88,1444.59,1448.15,1441.28,1.64670434,5.816897379299999
801040,2014-01-30,1429.41,1437.67,1437.82,1427.47,2.40333352,8.8075450148
801040,2014-02-07,1434.8,1419.26,1435.04,1417.4,2.08317746,7.1652205426
801040,2014-02-10,1464.19,1433.62,1466.34,1433.62,3.31153804,12.1134743801
801040,2014-02-11,1468.22,1461.32,1473.94,1454.29,3.25687409,12.104382888599998
801040,2014-02-12,1477.98,1466.88,1478.14,1465.23,3.02311274,12.5239924306
801040,2014-02-13,1466.64,1476.6,1481.96,1465.28,3.04261367,11.715466741199998
801040,2014-02-14,1484.98,1466.82,1487.01,1466.72,3.0174774,11.5948844721
801040,2014-02-17,1506.2,1489.94,1506.25,1485.93,4.24584497,17.713956893699997
801040,2014-02-18,1497.59,1504.02,1504.02,1487.59,4.03719238,15.001388005699999
801040,2014-02-19,1508.25,1492.51,1509.95,1481.99,4.60109252,17.861734201199997
801040,2014-02-20,1504.7,1508.48,1524.87,1503.89,6.1763421,23.7082657418
801040,2014-02-21,1483.7,1501.08,1503.69,1478.47,3.07553416,11.747863734200001
801040,2014-02-24,1473.78,1479.96,1480.1,1456.85,3.69577755,13.687497520099999
801040,2014-02-25,1445.74,1473.92,1479.32,1438.65,3.84629981,15.5601652898
801040,2014-02-26,1456.54,1441.38,1456.57,1435.15,3.01574618,12.2528127681
801040,2014-02-27,1466.11,1458.53,1476.63,1453.48,4.17520172,16.9417256174
801040,2014-02-28,1468.54,1461.84,1469.24,1446.68,3.14894906,14.9605666611
801040,2014-03-03,1474.98,1465.02,1480.03,1462.01,3.34577799,14.8852048949
801040,2014-03-04,1467.66,1467.71,1469.12,1459.24,3.22514491,13.970030876900001
801040,2014-03-05,1466.47,1468.88,1474.13,1462.7,2.69359003,12.163869369
801040,2014-03-06,1473.75,1463.67,1473.75,1453.38,2.94213252,12.6706972884
801040,2014-03-07,1474.63,1470.91,1481.53,1468.71,3.20819974,13.4428053435
801040,2014-03-10,1429.46,1464.86,1465.09,1426.99,3.73645256,13.171141754
801040,2014-03-11,1431.79,1428.18,1443.7,1423.31,3.20901322,14.7902443043
801040,2014-03-12,1431.23,1427.28,1447.39,1417.7,3.7185773,14.6190063826
801040,2014-03-13,1444.88,1430.09,1444.88,1424.77,3.2952765,12.383582842300001
801040,2014-03-14,1431.84,1436.95,1440.34,1421.97,2.29771566,9.0263064662
801040,2014-03-17,1441.82,1432.64,1442.91,1425.47,2.36237794,9.6434503634
801040,2014-03-18,1436.03,1442.01,1442.92,1431.83,2.30543111,9.594774038999999
801040,2014-03-19,1444.84,1432.98,1448.58,1424.16,3.87790114,12.716174596099998
801040,2014-03-20,1424.54,1440.28,1452.78,1423.3,4.06475106,13.144763178599998
801040,2014-03-21,1448.8,1419.54,1451.55,1413.61,3.81578828,12.986063753800002
801040,2014-03-24,1495.44,1450.74,1495.59,1447.16,8.23919579,26.2974332784
801040,2014-03-25,1483.92,1493.54,1497.83,1477.65,7.20199944,21.4719330942
801040,2014-03-26,1480.16,1483.23,1486.28,1472.39,4.21317884,13.7516089847
801040,2014-03-27,1471.88,1479.37,1491.37,1470.4,4.86559314,15.3670139289
801040,2014-03-28,1463.42,1465.73,1476.56,1460.02,4.26727176,13.278210707000001
801040,2014-03-31,1456.43,1464.13,1470.38,1450.29,3.22464707,10.9085330653
801040,2014-04-01,1470.07,1454.32,1471.46,1452.51,2.6291498,9.0999917584
801040,2014-04-02,1486.9,1467.3,1499.25,1465.42,4.92040277,14.9415242092
801040,2014-04-03,1460.72,1485.37,1485.45,1453.96,4.34640805,14.187227678800001
801040,2014-04-04,1474.78,1455.96,1475.22,1452.56,2.52459192,9.1421408893
801040,2014-04-08,1491.16,1469.11,1491.88,1467.35,3.57985685,12.9054707693
801040,2014-04-09,1492.44,1492.37,1495.61,1486.8,2.77603083,10.2949942974
801040,2014-04-10,1515.04,1492.18,1520.14,1485.18,6.5641978,20.8518577858
801040,2014-04-11,1522.07,1510.31,1528.43,1509.01,6.98280096,21.708716304699998
801040,2014-04-14,1519.09,1517.61,1520.74,1502.12,5.22972495,16.1875097335
801040,2014-04-15,1491.67,1513.3,1513.58,1490.97,4.26281314,13.7857210222
801040,2014-04-16,1495.87,1488.67,1499.52,1486.62,2.7761079,9.9683036505
801040,2014-04-17,1487.44,1495.82,1498.48,1485.87,2.53937017,9.4320423599
801040,2014-04-18,1488.93,1483.95,1491.92,1476.3,2.52463199,8.5433103416
801040,2014-04-21,1475.68,1480.33,1500.84,1475.68,3.58349137,12.6371318583
801040,2014-04-22,1467.53,1473.3,1479.14,1455.99,3.43698915,11.3525453943
801040,2014-04-23,1472.4,1464.57,1482.05,1461.9,3.7248418,12.4776932501
801040,2014-04-24,1459.64,1467.83,1474.37,1459.1,3.33896313,11.259373330399999
801040,2014-04-25,1432.79,1462.1,1462.13,1431.8,3.31020622,10.564659189
801040,2014-04-28,1401.51,1431.32,1431.55,1400.28,3.39786164,9.960348984400001
801040,2014-04-29,1407.46,1400.21,1409.63,1394.56,2.69359985,8.1560178389
801040,2014-04-30,1408.56,1407.2,1409.09,1399.48,2.85333425,8.3927359029
801040,2014-05-05,1412.58,1404.31,1415.41,1395.35,2.69687271,7.7433823608
801040,2014-05-06,1432.6,1412.64,1445.99,1412.64,5.10472863,17.549388118
801040,2014-05-07,1410.04,1422.28,1430.69,1407.95,3.21555367,10.8267489429
801040,2014-05-08,1412.28,1407.59,1425.52,1406.62,2.77691171,8.4325786358
801040,2014-05-09,1416.42,1412.03,1421.31,1406.78,2.92533418,9.786888089
801040,2014-05-12,1469.26,1424.89,1473.04,1424.76,6.36834562,19.2492622369
801040,2014-05-13,1458.93,1469.34,1473.86,1455.19,5.46846018,17.4604233982
801040,2014-05-14,1458.07,1454.91,1465.27,1449.02,3.56864616,11.023192113399999
801040,2014-05-15,1437.38,1451.45,1460.27,1436.5,3.72008607,13.274363572
801040,2014-05-16,1433.55,1432.63,1438.2,1424.51,2.39126749,8.242228799500001
801040,2014-05-19,1428.96,1430.21,1432.05,1419.9,2.24328875,8.0935842967
801040,2014-05-20,1426.79,1433.56,1438.39,1422.98,2.35201669,8.5436279935
801040,2014-05-21,1432.83,1421.3,1434.71,1411.33,2.11123691,7.1958256728
801040,2014-05-22,1429.91,1436.38,1446.73,1427.9,2.97143024,10.8436068195
801040,2014-05-23,1431.89,1428.53,1433.16,1423.68,2.08274592,6.8760745752
801040,2014-05-26,1441.35,1436.08,1443.27,1433.37,2.21983393,7.291084221599999
801040,2014-05-27,1436.71,1438.83,1443.56,1434.96,1.93160444,6.8697588746000005
801040,2014-05-28,1439.11,1436.22,1441.2,1427.2,2.31733111,7.7325835465
801040,2014-05-29,1426.3,1439.43,1440.01,1425.77,2.10715992,7.5322825901
801040,2014-05-30,1435.12,1426.41,1442.28,1426.41,3.16436068,11.6403745896
801040,2014-06-03,1431.28,1434.33,1438.32,1431.0,2.73865522,9.9430478015
801040,2014-06-04,1420.44,1432.22,1432.22,1415.03,2.90474335,11.1103535397
801040,2014-06-05,1429.26,1420.28,1430.12,1416.28,2.28606651,8.4862148753
801040,2014-06-06,1421.86,1428.81,1428.87,1416.11,2.13017777,8.0101912191
801040,2014-06-09,1419.35,1418.8,1427.95,1415.71,1.84473782,6.801436315
801040,2014-06-10,1428.84,1419.99,1428.84,1413.69,2.29495092,8.7120166467
801040,2014-06-11,1430.02,1424.72,1430.85,1422.62,2.34277846,9.9417955334
801040,2014-06-12,1430.44,1426.17,1432.02,1422.27,2.47898741,10.038531212799999
801040,2014-06-13,1437.74,1427.5,1438.55,1425.49,2.48568748,9.4127983972
801040,2014-06-16,1444.23,1438.56,1444.23,1436.42,2.93918011,11.9300386714
801040,2014-06-17,1434.98,1440.18,1441.86,1433.51,2.61861947,11.569887979
801040,2014-06-18,1430.51,1433.44,1434.11,1425.47,2.83628665,10.5662988023
801040,2014-06-19,1400.4,1427.53,1429.88,1396.56,3.09051528,11.0567239124
801040,2014-06-20,1404.41,1398.8,1406.91,1397.99,2.13970376,7.8523705646
801040,2014-06-23,1405.59,1405.18,1409.19,1398.01,2.3354571,8.1358533793
801040,2014-06-24,1418.15,1403.91,1419.47,1401.64,2.84410496,9.7646192388
801040,2014-06-25,1418.68,1414.8,1418.68,1408.36,2.4491888,8.333409683300001
801040,2014-06-26,1435.05,1418.83,1435.05,1418.8,3.1765273,11.586807370199999
801040,2014-06-27,1462.19,1431.09,1467.63,1431.09,6.41359522,19.865291971199998
801040,2014-06-30,1467.38,1454.87,1483.33,1454.87,5.08059548,17.0577055693
801040,2014-07-01,1464.24,1469.21,1473.25,1457.87,3.24757687,11.1377812907
801040,2014-07-02,1466.52,1462.78,1470.33,1457.59,4.13161692,14.1976985345
801040,2014-07-03,1475.35,1464.95,1481.29,1461.29,4.50248884,14.943591443099999
801040,2014-07-04,1472.2,1475.83,1483.52,1462.79,4.5975981,14.6689544984
801040,2014-07-07,1467.17,1467.91,1472.28,1459.86,2.9491224,9.919472242100001
801040,2014-07-08,1466.56,1465.9,1468.23,1455.42,2.60777216,10.1275681133
801040,2014-07-09,1460.12,1464.98,1473.22,1458.6,3.96737345,16.264704151300002
801040,2014-07-10,1471.7,1457.73,1471.7,1453.0,4.05951509,17.3684671127
801040,2014-07-11,1497.6,1469.97,1497.6,1468.13,5.09761774,18.9467152571
801040,2014-07-14,1509.43,1500.06,1509.84,1495.38,4.30230025,18.589304664
801040,2014-07-15,1530.58,1511.73,1546.33,1503.96,8.52153539,32.8260313324
801040,2014-07-16,1533.4,1527.18,1543.74,1526.45,6.82005557,26.4884283726
801040,2014-07-17,1522.24,1530.5,1530.55,1517.26,5.28124572,20.3012452868
801040,2014-07-18,1524.03,1514.13,1536.77,1514.13,4.73737932,19.0223281283
801040,2014-07-21,1528.94,1520.45,1533.69,1513.16,5.26127877,20.2864733764
801040,2014-07-22,1536.21,1521.38,1541.36,1517.73,4.93227511,18.5618948238
801040,2014-07-23,1542.74,1532.16,1552.19,1532.16,6.33089808,22.2419115098
801040,2014-07-24,1555.72,1539.44,1557.77,1535.88,6.51545344,23.121078122300002
801040,2014-07-25,1573.82,1552.99,1579.94,1552.34,7.4798046,25.2926606646
801040,2014-07-28,1602.59,1575.48,1608.74,1575.22,9.63838555,33.7267594188
801040,2014-07-29,1594.83,1603.6,1603.6,1586.24,7.41383353,29.166710943000002
801040,2014-07-30,1596.13,1587.95,1601.08,1584.43,7.28109007,28.631021068000003
801040,2014-07-31,1617.46,1590.76,1618.44,1585.4,7.8353138,28.7768758846
801040,2014-08-01,1626.87,1615.6,1658.73,1615.22,11.58262503,41.0024792123
801040,2014-08-04,1662.3,1625.85,1662.3,1622.32,8.58029312,31.356448140100003
801040,2014-08-05,1665.69,1662.28,1671.91,1648.95,7.89154056,28.6439637952
801040,2014-08-06,1704.98,1660.7,1715.69,1647.4,11.6439215,40.6763363133
801040,2014-08-07,1727.04,1722.25,1750.79,1710.61,15.93301083,62.0943194935
801040,2014-08-08,1714.74,1713.16,1718.73,1703.7,9.72757106,41.342193239699995
801040,2014-08-11,1736.49,1717.02,1737.15,1708.66,8.52814265,40.197086166300004
801040,2014-08-12,1729.58,1735.67,1742.49,1723.09,7.92504873,38.1497070962
801040,2014-08-13,1747.72,1724.76,1747.92,1701.41,9.80613154,45.2941256973
801040,2014-08-14,1711.95,1741.09,1747.37,1709.15,8.78578188,42.3920954282
801040,2014-08-15,1727.02,1711.34,1734.12,1711.27,6.92200629,34.2504421597
801040,2014-08-18,1741.12,1728.42,1742.06,1728.42,6.39474988,31.809693638000002
801040,2014-08-19,1767.61,1740.8,1767.61,1734.55,11.07357271,45.8398691576
801040,2014-08-20,1764.91,1759.44,1772.4,1753.04,9.73509776,41.1854729046
801040,2014-08-21,1757.91,1761.98,1767.84,1744.62,9.22922111,38.1592382675
801040,2014-08-22,1771.01,1756.93,1771.11,1747.18,8.29453652,37.175553854499995
801040,2014-08-25,1752.08,1763.99,1771.01,1747.25,10.99885478,43.5549685171
801040,2014-08-26,1726.95,1746.59,1752.08,1720.38,8.54228443,34.1996439862
801040,2014-08-27,1721.7,1723.76,1729.92,1718.21,5.48381004,24.5271953098
801040,2014-08-28,1710.71,1719.57,1731.93,1705.85,6.34840194,28.042096210900002
801040,2014-08-29,1713.27,1707.39,1714.75,1699.73,6.13993155,26.9030668102
801040,2014-09-01,1731.14,1711.63,1732.44,1707.48,5.78499639,25.2846703838
801040,2014-09-02,1759.69,1734.28,1760.49,1729.02,8.87627082,40.8290954025
801040,2014-09-03,1773.95,1757.62,1776.19,1753.98,10.91509697,44.1275816347
801040,2014-09-04,1785.9,1772.08,1785.9,1762.96,8.21435868,37.3031896113
801040,2014-09-05,1804.27,1784.99,1804.27,1778.64,8.31805649,36.6829412702
801040,2014-09-09,1840.42,1800.36,1844.84,1799.17,12.51537209,52.5895670519
801040,2014-09-10,1863.04,1835.8,1878.01,1829.0,15.46896546,56.5691171147
801040,2014-09-11,1831.85,1862.0,1862.72,1827.23,10.49357716,43.975795218100004
801040,2014-09-12,1850.29,1821.37,1850.29,1813.99,10.56155723,46.7851979796
801040,2014-09-15,1884.5,1846.31,1889.05,1844.98,12.1069506,54.8195474039
801040,2014-09-16,1869.44,1882.58,1942.0,1868.34,24.12202645,86.11301944659999
801040,2014-09-17,1871.75,1863.91,1872.26,1841.45,12.4708419,45.6691195133
801040,2014-09-18,1868.76,1867.18,1895.85,1860.1,11.76491102,43.6275676757
801040,2014-09-19,1879.38,1870.32,1881.69,1854.27,8.60544034,35.9913126656
801040,2014-09-22,1829.77,1869.5,1869.5,1824.16,8.69350821,33.7073395729
801040,2014-09-23,1847.82,1835.57,1851.72,1830.55,6.76389679,28.9346356279
801040,2014-09-24,1890.43,1841.37,1897.28,1836.96,10.45171556,48.048602593999995
801040,2014-09-25,1892.25,1894.17,1915.46,1884.4,9.72653635,45.0742557921
801040,2014-09-26,1908.29,1889.17,1913.55,1882.08,9.28568273,40.482106458800004
801040,2014-09-29,1914.16,1915.03,1929.11,1903.99,11.06928517,41.5836940414
801040,2014-09-30,1906.18,1906.56,1909.67,1896.13,9.80545222,34.131388809099995
801040,2014-10-08,1924.91,1909.95,1924.96,1901.68,9.67956413,34.3093109133
801040,2014-10-09,1951.34,1923.67,1951.34,1907.98,16.98591674,58.92583437060001
801040,2014-10-10,1946.72,1943.08,1949.0,1924.05,13.7977929,47.7201571067
801040,2014-10-13,1956.42,1940.33,1959.16,1930.29,11.07861117,40.6701673711
801040,2014-10-14,1978.69,1952.15,1995.88,1948.9,14.32661445,55.1950706533
801040,2014-10-15,2030.33,1973.82,2043.36,1961.76,20.56710089,74.8959968451
801040,2014-10-16,1979.34,2015.7,2046.68,1979.34,20.01228746,75.341880385
801040,2014-10-17,1949.4,1967.65,1980.94,1925.09,13.36308404,48.2927699401
801040,2014-10-20,1958.43,1951.64,1960.0,1940.82,8.48706425,31.7792055623
801040,2014-10-21,1933.89,1953.65,1968.64,1933.84,8.91884833,34.0160165868
801040,2014-10-22,1897.99,1931.91,1936.38,1895.72,8.75118515,32.032649569499995
801040,2014-10-23,1849.67,1891.45,1892.48,1846.49,9.09656724,32.1616028635
801040,2014-10-24,1854.64,1846.53,1867.76,1846.53,5.68638973,20.255988778699997
801040,2014-10-27,1853.3,1847.98,1853.38,1829.87,5.18524901,18.7063117045
801040,2014-10-28,1913.77,1855.34,1914.37,1854.96,9.12502708,34.5357385952
801040,2014-10-29,1965.8,1919.09,1975.2,1912.42,16.00499545,56.692425371999995
801040,2014-10-30,1986.12,1957.62,1998.95,1953.39,16.1644008,54.673131760299995
801040,2014-10-31,2023.67,2001.25,2068.89,2001.25,27.64186871,92.085900833
801040,2014-11-03,2074.97,2020.34,2076.86,2016.31,25.85531572,85.9969694046
801040,2014-11-04,2081.88,2076.26,2090.92,2061.86,22.51542905,80.971387361
801040,2014-11-05,2075.58,2079.16,2118.74,2058.22,20.54035498,75.0667700786
801040,2014-11-06,2056.2,2066.25,2066.25,2027.77,14.82191587,55.151482496599996
801040,2014-11-07,2020.26,2053.92,2059.36,2013.46,13.73708258,52.4572838105
801040,2014-11-10,2110.03,2032.3,2110.03,2029.14,23.86213873,86.5673492623
801040,2014-11-11,2056.46,2124.96,2145.71,2040.96,26.4508722,98.32036195120001
801040,2014-11-12,2084.31,2046.13,2084.31,2038.24,15.12040609,52.5675993665
801040,2014-11-13,2142.95,2085.51,2155.4,2051.9,28.2319773,98.41653587280001
801040,2014-11-14,2113.14,2134.51,2158.67,2103.24,27.00555106,91.705261194
801040,2014-11-17,2090.84,2121.55,2122.53,2082.35,17.81477751,62.8575971097
801040,2014-11-18,2079.31,2082.23,2090.64,2065.19,14.7182849,53.1286035607
801040,2014-11-19,2089.8,2073.91,2108.6,2070.97,12.71839834,45.9022252993
801040,2014-11-20,2075.84,2075.96,2092.28,2072.01,10.20112696,37.8346520645
801040,2014-11-21,2110.71,2073.92,2110.95,2069.45,11.49341496,44.372613156499995
801040,2014-11-24,2161.91,2136.41,2181.45,2118.02,22.85844881,86.5244007011
801040,2014-11-25,2196.03,2158.45,2200.91,2155.8,19.62062547,77.28373842399999
801040,2014-11-26,2191.42,2199.36,2208.11,2166.37,17.52567441,69.50398545569999
801040,2014-11-27,2209.81,2195.28,2221.99,2182.99,18.82502872,75.2057636881
801040,2014-11-28,2237.9,2212.47,2238.51,2189.67,24.12355161,95.8705052623
801040,2014-12-01,2296.48,2238.59,2307.73,2238.59,31.34700331,122.590885319
801040,2014-12-02,2325.18,2284.77,2337.39,2269.28,24.63137,101.41598610930001
801040,2014-12-03,2389.82,2327.15,2453.75,2327.15,40.0853459,162.94225575299998
801040,2014-12-04,2463.84,2395.17,2464.04,2382.24,30.10461481,128.7851184806
801040,2014-12-05,2376.02,2465.17,2488.77,2316.74,32.38855778,138.85648724930002
801040,2014-12-08,2496.05,2366.31,2511.96,2333.04,33.59300115,144.2681955422
801040,2014-12-09,2435.34,2481.99,2661.1,2423.21,48.91239117,220.26041359529998
801040,2014-12-10,2551.13,2428.11,2560.95,2372.49,30.27376946,134.9718436558
801040,2014-12-11,2741.03,2542.17,2741.32,2525.52,44.7308551,200.7476505544
801040,2014-12-12,2691.05,2769.23,2769.96,2678.76,35.76174767,160.839776986
801040,2014-12-15,2666.23,2673.1,2683.23,2613.45,23.85035584,108.5383837009
801040,2014-12-16,2740.08,2658.05,2764.87,2656.48,28.31164255,130.09435045709998
801040,2014-12-17,2723.85,2735.08,2782.52,2684.72,25.19637559,116.23595192629999
801040,2014-12-18,2760.57,2736.43,2796.58,2731.39,24.99953104,121.4340463334
801040,2014-12-19,2903.9,2758.04,2911.53,2753.03,40.6409101,194.10044722380002
801040,2014-12-22,2881.46,2935.2,3055.84,2844.81,44.43434577,216.3899766309
801040,2014-12-23,2693.44,2839.03,2839.03,2685.43,26.54328176,121.323301534
801040,2014-12-24,2630.96,2682.52,2699.04,2584.36,20.7997313,92.2390799087
801040,2014-12-25,2736.67,2630.55,2736.67,2630.55,18.17605111,81.5791072725
801040,2014-12-26,2776.16,2745.02,2778.87,2719.85,20.35341762,94.9187146363
801040,2014-12-29,2775.05,2777.77,2817.08,2742.46,22.1327648,105.21288566540001
801040,2014-12-30,2715.11,2771.38,2780.95,2689.96,17.67297822,81.3559848395
801040,2014-12-31,2763.95,2725.12,2769.7,2723.3,17.15110757,80.6979592613
801040,2015-01-05,2867.48,2760.74,2876.62,2760.74,27.71917066,133.4018553311
801040,2015-01-06,2815.31,2842.36,2848.41,2775.3,19.9413945,97.097737138
801040,2015-01-07,2837.07,2803.01,2854.83,2794.1,18.2258947,91.69749385959999
801040,2015-01-08,2753.14,2835.32,2840.39,2749.25,17.95903089,91.96766596280001
801040,2015-01-09,2719.27,2736.78,2793.58,2714.89,17.39190009,85.9158677079
801040,2015-01-12,2636.53,2688.55,2688.55,2619.64,15.17587134,71.4260770698
801040,2015-01-13,2639.97,2628.74,2658.4,2625.48,9.28292728,45.1023121211
801040,2015-01-14,2603.38,2641.37,2645.77,2583.55,9.92298844,46.484184339399995
801040,2015-01-15,2672.2,2600.04,2672.2,2584.2,11.42098364,53.052001556499995
801040,2015-01-16,2703.76,2680.74,2705.25,2667.3,13.59431528,65.9808920374
801040,2015-01-19,2485.14,2593.5,2627.61,2472.22,18.37763889,83.5875105052
801040,2015-01-20,2553.01,2495.86,2559.52,2495.86,12.51129916,56.4429601619
801040,2015-01-21,2647.28,2560.5,2650.32,2555.03,15.92552977,78.3107559413
801040,2015-01-22,2699.05,2647.03,2717.49,2637.43,18.52910758,89.32756431520001
801040,2015-01-23,2710.97,2717.5,2752.15,2692.82,18.70131689,91.73913136659999
801040,2015-01-26,2805.47,2730.36,2805.47,2703.46,22.7819186,125.5033079575
801040,2015-01-27,2805.61,2823.08,2824.11,2747.76,21.11270834,116.9059603293
801040,2015-01-28,2777.37,2786.96,2808.11,2764.5,14.58231104,79.3820519412
801040,2015-01-29,2793.31,2761.29,2826.84,2744.06,17.45039332,87.3050991054
801040,2015-01-30,2753.6,2792.68,2804.06,2752.63,13.42649201,69.1601610261
801040,2015-02-02,2728.11,2706.34,2773.03,2685.77,16.0478798,81.9700379144
801040,2015-02-03,2750.65,2733.0,2762.91,2723.49,10.86752457,59.339202433500006
801040,2015-02-04,2819.1,2773.03,2865.26,2773.03,19.04866869,102.67700722110001
801040,2015-02-05,2720.15,2858.49,2858.49,2720.15,17.69572679,95.7618207949
801040,2015-02-06,2652.84,2704.11,2716.68,2629.54,16.75257967,85.0733893256
801040,2015-02-09,2652.56,2642.14,2673.32,2616.09,11.23083259,57.9810326531
801040,2015-02-10,2690.0,2652.3,2690.22,2652.23,9.65419632,48.6275209349
801040,2015-02-11,2723.78,2689.68,2726.86,2688.46,9.28429087,49.2358854279
801040,2015-02-12,2712.07,2721.03,2722.86,2670.49,10.50153865,54.737938818
801040,2015-02-13,2779.87,2730.49,2811.96,2730.34,18.04498226,85.2620977782
801040,2015-02-16,2796.22,2785.31,2806.52,2768.8,13.54041472,65.6322991524
801040,2015-02-17,2826.06,2800.38,2843.79,2796.85,11.64876887,59.8261396949
801040,2015-02-25,2832.96,2834.64,2859.42,2822.85,12.57961545,62.9411910237
801040,2015-02-26,2877.04,2834.76,2877.04,2797.17,13.99536345,70.2686640753
801040,2015-02-27,2914.81,2874.49,2923.58,2872.69,16.94245667,90.3451476372
801040,2015-03-02,3014.07,2937.9,3037.17,2922.73,24.82600143,131.91134971399998
801040,2015-03-03,2960.16,2999.54,3007.46,2953.99,22.50288198,128.631810997
801040,2015-03-04,2969.55,2955.67,2973.23,2930.49,13.55641939,79.588892202
801040,2015-03-05,2925.14,2957.23,2961.34,2906.39,14.79699275,81.3017169205
801040,2015-03-06,2929.57,2916.55,2953.15,2909.22,16.86839047,90.2000217052
801040,2015-03-09,2946.03,2907.31,2946.88,2881.43,13.07232953,72.21050986600001
801040,2015-03-10,2947.52,2945.18,2962.66,2940.25,12.88832517,68.3830979263
801040,2015-03-11,2933.41,2952.51,2960.3,2919.4,12.4575865,67.3174482097
801040,2015-03-12,2961.51,2935.14,2961.51,2932.16,14.79802027,77.9234860496
801040,2015-03-13,3048.44,2972.88,3049.91,2969.82,19.50530694,105.150029248
801040,2015-03-16,3142.83,3068.97,3151.83,3054.52,22.82989947,133.63223907309998
801040,2015-03-17,3208.99,3161.23,3223.0,3157.61,29.61732955,169.1404586631
801040,2015-03-18,3349.82,3223.0,3366.11,3223.0,35.84842267,199.4215171632
801040,2015-03-19,3324.28,3361.19,3361.19,3285.61,32.12987664,186.7294243125
801040,2015-03-20,3316.51,3321.29,3349.79,3295.01,23.03595225,133.7325681319
801040,2015-03-23,3388.37,3332.64,3404.23,3329.94,32.78292831,185.0656647952
801040,2015-03-24,3511.22,3396.51,3583.24,3360.86,50.43088034,288.9022889596
801040,2015-03-25,3433.28,3495.37,3495.37,3402.46,31.97266792,187.6041114847
801040,2015-03-26,3433.39,3415.18,3482.87,3369.27,24.69417609,152.4009661562
801040,2015-03-27,3425.43,3409.05,3456.49,3394.17,18.39260028,112.09263573790001
801040,2015-03-30,3466.63,3474.38,3502.24,3440.87,31.2810344,196.2869444263
801040,2015-03-31,3444.5,3491.41,3518.79,3438.42,35.37787526,211.4238807675
801040,2015-04-01,3477.4,3437.01,3497.49,3428.66,23.53566665,147.0349619805
801040,2015-04-02,3499.21,3489.71,3505.47,3456.39,25.13333858,158.4976002197
801040,2015-04-03,3599.2,3483.55,3610.36,3464.39,33.73229565,207.7923688787
801040,2015-04-07,3645.81,3629.11,3654.11,3613.7,36.26888779,225.0969521968
801040,2015-04-08,3656.0,3659.26,3672.51,3535.68,39.37239478,243.7183266366
801040,2015-04-09,3660.08,3691.76,3705.91,3560.8,36.43323149,237.2819562444
801040,2015-04-10,3725.16,3656.93,3733.34,3619.5,31.96866146,209.4521326004
801040,2015-04-13,3805.7,3743.86,3810.61,3728.53,38.76122423,256.7813722312
801040,2015-04-14,3849.72,3800.28,3915.08,3761.83,42.57569375,281.3177861354
801040,2015-04-15,3703.81,3820.0,3820.0,3689.42,32.56795683,213.83313344340002
801040,2015-04-16,3740.98,3667.29,3751.12,3616.16,27.28363605,181.44727706860002
801040,2015-04-17,3853.69,3775.06,3907.1,3775.06,46.37548359,311.6148347114
801040,2015-04-20,3888.27,3810.48,3994.65,3753.23,55.60355502,372.60208902809995
801040,2015-04-21,4092.25,3890.98,4092.91,3886.19,52.15769452,357.7806481478
801040,2015-04-22,4193.07,4115.91,4216.89,4105.15,53.60874012,380.86619538760004
801040,2015-04-23,4363.56,4211.04,4405.98,4192.87,57.45794547,420.1106509485
801040,2015-04-24,4275.23,4328.54,4343.62,4212.95,48.91442473,358.7412011588
801040,2015-04-27,4351.14,4293.48,4375.28,4228.78,50.36769914,370.10062822419997
801040,2015-04-28,4187.72,4331.52,4347.34,4157.53,47.2215292,352.0390521858
801040,2015-04-29,4215.37,4184.85,4270.81,4179.22,31.15420278,229.5734800391
801040,2015-04-30,4131.27,4203.66,4221.85,4129.11,28.47740492,205.7969899606
801040,2015-05-04,4304.91,4162.57,4340.23,4160.05,34.16594879,254.73165813330002
801040,2015-05-05,4060.6,4331.77,4331.77,4013.49,42.24860503,301.03914880680003
801040,2015-05-06,3899.24,4068.54,4111.03,3843.78,30.97371984,211.48585966419998
801040,2015-05-07,3648.52,3860.05,3860.48,3645.01,28.24686029,179.94116522139998
801040,2015-05-08,3761.57,3689.23,3761.57,3639.54,26.47474882,168.1630150487
801040,2015-05-11,3880.68,3808.23,3880.68,3747.18,29.34841697,194.94557613810002
801040,2015-05-12,3930.26,3882.58,3941.98,3862.63,27.10265816,190.0898387739
801040,2015-05-13,3923.41,3919.87,4002.04,3869.58,30.77374863,212.5964574423
801040,2015-05-14,3991.01,3903.49,3995.07,3804.48,32.93059773,224.9273194043
801040,2015-05-15,3941.84,4014.05,4044.62,3938.57,34.90400812,252.033391955
801040,2015-05-18,3895.3,3910.48,3936.92,3887.43,21.64150955,149.0612035869
801040,2015-05-19,3991.84,3896.88,4001.36,3896.88,23.81952319,165.956558706
801040,2015-05-20,4030.42,4015.25,4090.44,4010.47,29.12715976,201.34119624150003
801040,2015-05-21,4085.8,4039.54,4085.8,3993.12,25.91488205,184.4062532204
801040,2015-05-22,4224.73,4131.48,4227.33,4113.03,48.22902925,347.52797480410004
801040,2015-05-25,4366.34,4237.42,4368.11,4213.43,49.37870722,360.3495826775
801040,2015-05-26,4486.85,4402.51,4507.68,4328.18,56.42254171,404.81656234129997
801040,2015-05-27,4587.23,4521.14,4620.1,4410.99,58.71023248,443.8810054068
801040,2015-05-28,4262.44,4581.03,4687.85,4255.81,62.06050356,461.41760982870005
801040,2015-05-29,4278.55,4251.5,4363.37,4051.17,44.6918095,314.7941917626
801040,2015-06-01,4499.04,4310.02,4499.04,4303.31,40.41908384,290.8723334669
801040,2015-06-02,4628.83,4522.23,4629.38,4496.57,43.41222344,331.5329109543
801040,2015-06-03,4561.88,4638.3,4638.3,4456.69,42.91564402,346.3014971971
801040,2015-06-04,4611.5,4561.92,4611.5,4305.01,46.83984093,365.6659836403
801040,2015-06-05,4798.53,4676.98,4820.04,4645.92,60.97995095,493.6377908482
801040,2015-06-08,4844.44,4827.93,4890.0,4753.67,57.94454602,474.9390768257
801040,2015-06-09,4871.61,4846.66,4890.81,4777.59,47.59584142,403.07910786300005
801040,2015-06-10,4914.51,4823.16,4966.39,4760.6,41.10889722,347.9768924559
801040,2015-06-11,5030.49,4900.4,5047.82,4399.77,43.78169158,387.356226885
801040,2015-06-12,5112.19,5052.83,5139.72,4982.31,50.77311204,439.8551930677
801040,2015-06-15,5232.1,5109.88,5355.23,5062.11,60.33379934,520.7172732898
801040,2015-06-16,4968.77,5141.21,5160.93,4930.68,39.6944829,347.1149136723
801040,2015-06-17,5079.04,4948.02,5102.66,4778.64,37.61225783,315.4442856993
801040,2015-06-18,5021.77,5063.87,5233.36,5004.26,41.26709116,357.42066006190004
801040,2015-06-19,4642.55,4860.36,4929.97,4642.55,34.93071282,279.6047792382
801040,2015-06-23,4704.91,4632.81,4706.46,4357.43,35.47613866,271.5932974622
801040,2015-06-24,4891.62,4740.65,4921.53,4720.87,47.03101329,370.90816614889997
801040,2015-06-25,4743.41,4874.9,4902.57,4661.23,44.30543159,349.0207232349
801040,2015-06-26,4396.13,4597.53,4650.32,4366.9,40.95691553,301.34778680470004
801040,2015-06-29,4219.97,4494.78,4512.38,4094.06,50.07863963,349.3914185296
801040,2015-06-30,4410.74,4179.11,4414.6,3964.6,37.20572812,252.1365131052
801040,2015-07-01,4222.49,4383.71,4498.22,4217.91,34.97542808,256.05140034880003
801040,2015-07-02,3949.02,4211.76,4240.01,3938.18,30.72835122,199.6377802018
801040,2015-07-03,3688.15,3826.64,3955.21,3677.98,28.71136733,162.8043827908
801040,2015-07-06,3624.07,3921.08,3921.08,3542.64,38.62101211,210.5466236221
801040,2015-07-07,3520.11,3512.73,3532.55,3399.83,31.54964838,153.07587728459998
801040,2015-07-08,3372.2,3324.41,3440.48,3312.6,31.08893158,139.5895862577
801040,2015-07-09,3557.59,3319.67,3557.59,3293.26,31.52460266,155.9589465541
801040,2015-07-10,3759.41,3611.01,3759.84,3590.18,28.42234361,164.5102577415
801040,2015-07-13,3915.1,3817.36,3952.96,3786.72,37.52643759,237.7883227854
801040,2015-07-14,3821.66,3899.71,3972.63,3782.12,35.04561071,217.2014885654
801040,2015-07-16,3667.26,3580.34,3753.32,3525.84,23.8598792,132.8250493322
801040,2015-07-17,3801.88,3678.38,3828.78,3672.32,24.74460451,143.0231863558
801040,2015-07-20,3830.21,3817.89,3881.92,3769.44,26.62799474,168.5458605257
801040,2015-07-21,3878.98,3793.02,3916.89,3758.37,25.8282319,170.9375469122
801040,2015-07-22,3888.34,3870.02,3912.09,3800.29,24.60096392,158.9202812772
801040,2015-07-23,4007.44,3893.2,4019.75,3884.02,30.99062495,199.210629269
801040,2015-07-24,3941.69,3993.68,4069.51,3915.5,35.44274751,231.1230134118
801040,2015-07-27,3669.65,3867.66,3949.31,3668.31,26.74776688,169.5527863966
801040,2015-07-28,3574.25,3538.27,3683.45,3458.54,25.7133364,145.7348086422
801040,2015-07-29,3735.49,3623.36,3735.81,3569.86,20.39789585,126.8324652885
801040,2015-07-30,3672.04,3745.34,3821.32,3655.23,23.92725055,164.7536279979
801040,2015-07-31,3640.85,3618.36,3690.47,3597.08,16.650997,110.1821683458
801040,2015-08-03,3632.96,3603.88,3633.9,3522.47,18.29806716,113.9260522864
801040,2015-08-04,3744.06,3620.31,3744.06,3597.01,18.7105064,124.29074138520001
801040,2015-08-05,3700.23,3732.18,3777.34,3671.81,17.04332655,120.2365068118
801040,2015-08-06,3653.15,3634.79,3703.36,3623.96,10.83593494,75.0721303061
801040,2015-08-07,3737.44,3682.82,3744.66,3679.0,14.52113172,99.8566544909
801040,2015-08-10,3925.31,3800.77,3948.28,3737.44,26.44583016,178.4630734837
801040,2015-08-11,3972.64,3936.72,4022.8,3903.98,30.8546319,208.17804795970002
801040,2015-08-12,3933.88,3927.35,4040.13,3912.8,23.83805838,163.3444857636
801040,2015-08-13,4013.11,3915.05,4013.11,3858.81,24.12841943,167.9655515266
801040,2015-08-14,3987.19,4031.22,4042.29,3967.19,21.95088148,157.4573728019
801040,2015-08-17,4126.66,3981.5,4136.18,3965.37,29.99799142,206.56068849669998
801040,2015-08-18,3845.7,4132.37,4144.76,3843.27,35.64612856,245.43478202720001
801040,2015-08-19,4001.31,3740.68,4017.65,3735.11,31.1776965,209.5833591321
801040,2015-08-20,3897.65,3963.91,3999.74,3865.2,27.79004599,186.6892603732
801040,2015-08-21,3732.18,3836.6,3871.43,3700.95,21.32420835,136.7467742778
801040,2015-08-24,3448.05,3558.89,3579.18,3448.05,15.12724988,80.2075495783
801040,2015-08-25,3194.13,3203.72,3250.81,3194.13,13.34853711,63.8202333902
801040,2015-08-26,3006.61,3131.49,3213.17,2989.64,24.71508299,116.78689457639999
801040,2015-08-27,3048.2,3010.92,3049.22,2911.87,20.36180644,97.1777985605
801040,2015-08-28,3220.97,3053.59,3227.0,3029.07,35.19470722,168.9009474657
801040,2015-08-31,3200.27,3183.61,3200.27,3108.81,27.40101721,136.3913312691
801040,2015-09-01,3145.76,3153.5,3180.58,3070.22,32.06660613,153.7939461888
801040,2015-09-07,3084.34,3118.4,3200.81,3072.21,15.56520682,77.1918231296
801040,2015-09-08,3133.06,3061.72,3146.78,2982.64,14.47306623,69.1348444597
801040,2015-09-09,3216.8,3135.71,3236.13,3114.26,21.47677325,109.75160744629999
801040,2015-09-10,3138.12,3142.24,3205.36,3130.02,19.39307473,98.67977627440001
801040,2015-09-11,3131.98,3124.88,3159.04,3087.8,14.11486482,72.6758533737
801040,2015-09-14,2946.97,3158.16,3163.14,2915.58,18.83187791,90.82952477309999
801040,2015-09-15,2728.19,2832.82,2871.94,2719.46,15.53654769,68.2407518942
801040,2015-09-16,2875.57,2706.31,2898.34,2701.39,17.937585,82.44232085670001
801040,2015-09-17,2780.39,2821.02,2907.72,2779.17,19.66289739,90.24831213549999
801040,2015-09-18,2778.19,2775.19,2800.31,2745.69,12.38688655,56.743207932299995
801040,2015-09-21,2814.39,2727.51,2822.06,2718.64,18.33803315,106.2191675014
801040,2015-09-22,2838.18,2819.85,2869.2,2807.63,18.61491202,102.41991031159999
801040,2015-09-23,2757.86,2782.35,2799.21,2728.97,15.73889323,82.54704723729999
801040,2015-09-24,2789.84,2760.72,2800.02,2751.62,12.48001599,67.75577757479999
801040,2015-09-25,2691.69,2767.38,2786.89,2676.27,12.98950975,68.5633902351
801040,2015-09-28,2719.46,2692.76,2719.46,2658.02,7.90698888,41.8812051784
801040,2015-09-29,2642.17,2674.57,2680.56,2634.18,9.27943572,46.1979351623
801040,2015-09-30,2667.77,2653.63,2680.08,2639.85,7.63545016,40.1173108899
801040,2015-10-08,2758.35,2742.53,2765.89,2713.95,13.28718681,68.4197803428
801040,2015-10-09,2783.9,2752.38,2801.47,2733.95,13.44866541,72.146830749
801040,2015-10-12,2893.29,2789.59,2919.7,2784.18,22.64531456,113.88854526639999
801040,2015-10-13,2900.46,2866.56,2909.48,2858.63,16.38185348,87.6108298859
801040,2015-10-14,2906.86,2889.79,2983.93,2885.21,21.94984587,110.16496369
801040,2015-10-15,2958.27,2880.59,2961.53,2878.87,20.88030735,105.6599040544
801040,2015-10-16,2986.28,2968.26,2989.27,2935.76,22.86129704,118.46263900129999
801040,2015-10-19,2980.0,2994.65,3012.29,2932.42,22.86902599,125.26421150709999
801040,2015-10-20,3011.47,2974.67,3011.47,2952.42,19.78578951,112.4641914293
801040,2015-10-21,2834.77,3005.34,3037.3,2826.76,29.14809101,159.24120167290002
801040,2015-10-22,2900.61,2838.68,2907.84,2805.65,19.99759564,106.242582126
801040,2015-10-23,2934.93,2902.62,2943.59,2884.92,20.25861719,103.7157210848
801040,2015-10-26,2928.16,2959.3,2960.2,2896.82,17.63729765,91.5054127306
801040,2015-10-27,2920.85,2909.83,2932.8,2820.86,16.13246065,91.15576541819999
801040,2015-10-28,2909.62,2912.04,2974.27,2900.6,20.3002142,108.7989142426
801040,2015-10-29,2899.53,2909.24,2922.56,2876.44,15.03831109,83.9424080612
801040,2015-10-30,2858.11,2880.67,2889.15,2843.88,11.58815497,62.75403154520001
801040,2015-11-02,2772.51,2808.61,2841.74,2772.51,11.81307316,60.456491791400005
801040,2015-11-03,2759.64,2779.29,2802.73,2747.08,10.35429702,52.9132851073
801040,2015-11-04,2861.36,2767.67,2861.47,2767.67,15.90792788,80.9119472117
801040,2015-11-05,2936.11,2857.93,2997.59,2850.98,31.15915437,154.2217668987
801040,2015-11-06,2982.62,2922.67,2999.76,2916.82,26.70860972,134.0913373923
801040,2015-11-09,3005.37,2959.07,3029.05,2944.11,25.79834312,134.3162468735
801040,2015-11-10,3026.04,2980.84,3037.28,2972.56,22.54732316,119.71516135110001
801040,2015-11-11,3050.89,3026.37,3123.74,3026.37,29.6505157,150.2793536307
801040,2015-11-12,3027.36,3035.63,3052.14,2995.34,23.51087702,126.2794796848
801040,2015-11-13,2942.91,2992.68,2998.99,2927.22,16.84316558,97.09351069569999
801040,2015-11-16,2965.6,2884.93,2965.6,2883.62,11.46527936,63.0797834213
801040,2015-11-17,2959.15,2982.46,3004.59,2951.15,17.30713944,95.69386006129999
801040,2015-11-18,2920.19,2955.55,2961.82,2913.1,12.30487083,67.9452021502
801040,2015-11-19,2958.76,2928.4,2958.76,2919.21,11.67754829,61.7118216427
801040,2015-11-20,2969.81,2957.71,2977.38,2945.2,13.61634011,76.57505214
801040,2015-11-23,2935.01,2966.09,2975.16,2928.07,13.37480456,75.1890725645
801040,2015-11-24,2942.49,2930.01,2942.49,2888.03,11.6275147,69.356904199
801040,2015-11-25,2960.51,2944.46,2962.26,2938.97,11.50615394,70.4280536149
801040,2015-11-26,2960.23,2968.66,2989.52,2952.94,13.53793326,80.36711041859999
801040,2015-11-27,2786.88,2967.65,2967.69,2764.16,19.77913744,122.7905394734
801040,2015-11-30,2763.13,2783.7,2801.47,2659.2,15.11838008,88.5402456351
801040,2015-12-01,2777.76,2772.82,2792.5,2746.18,9.80895317,63.1606252115
801040,2015-12-02,2851.07,2773.0,2852.55,2746.19,15.40650188,84.47192289590001
801040,2015-12-03,2871.24,2838.43,2886.0,2836.46,12.78081421,73.3701723713
801040,2015-12-04,2815.71,2854.18,2856.56,2800.19,10.64724492,64.2512982467
801040,2015-12-07,2817.78,2810.77,2823.13,2791.92,8.2276018,51.2560562412
801040,2015-12-08,2747.8,2801.85,2801.85,2746.47,9.0488348,51.691786040100006
801040,2015-12-09,2753.23,2739.35,2777.76,2738.78,8.32355412,49.249761855699994
801040,2015-12-10,2713.2,2754.56,2760.7,2710.45,8.66189886,49.869737568699996
801040,2015-12-11,2710.81,2706.56,2727.64,2678.75,8.3040016,45.28612608939999
801040,2015-12-14,2773.01,2681.29,2773.64,2677.41,11.13144024,57.267009746199996
801040,2015-12-15,2750.9,2767.25,2776.76,2743.01,8.03418916,43.667400573500004
801040,2015-12-16,2761.58,2761.18,2770.76,2747.76,7.88537912,43.8963666072
801040,2015-12-17,2856.68,2772.34,2864.62,2772.3,22.55106079,112.48088461969999
801040,2015-12-18,2836.29,2849.56,2858.34,2823.92,16.8426486,88.66990382739999
801040,2015-12-21,2877.97,2837.74,2888.03,2834.83,16.38879677,85.0201872782
801040,2015-12-22,2908.13,2883.89,2914.87,2876.15,16.24823834,84.96792893899999
801040,2015-12-23,2856.29,2898.53,2900.7,2851.74,12.88426587,72.148349361
801040,2015-12-24,2840.18,2854.2,2865.15,2814.0,9.14648403,55.3442246933
801040,2015-12-25,2848.29,2844.23,2849.43,2820.87,7.69510438,45.667040453199995
801040,2015-12-28,2787.96,2858.02,2862.85,2787.96,11.04226426,66.7987256574
801040,2015-12-29,2814.87,2782.76,2815.89,2764.5,9.02308833,53.1767993666
801040,2015-12-30,2815.93,2821.59,2824.16,2795.31,7.90816413,46.9747955408
801040,2015-12-31,2813.63,2814.99,2861.51,2812.11,11.97685658,64.8188774576
801040,2016-01-04,2616.17,2818.21,2830.96,2616.17,13.09653151,70.015661488
801040,2016-01-05,2691.2,2542.7,2729.39,2541.02,21.48126251,109.4597922724
801040,2016-01-06,2889.0,2697.09,2897.73,2690.11,36.89715049,181.5778426282
801040,2016-01-07,2640.89,2843.17,2872.39,2638.39,11.74047142,53.642642468000005
801040,2016-01-08,2834.26,2726.86,2857.53,2658.95,38.71371356,181.77902291590001
801040,2016-01-11,2675.81,2808.17,2810.55,2669.65,38.08583726,172.4614174862
801040,2016-01-12,2589.97,2662.43,2674.0,2532.73,23.25121829,102.0951806569
801040,2016-01-13,2587.14,2590.57,2736.41,2583.75,28.42693687,126.619918952
801040,2016-01-14,2652.45,2482.07,2676.46,2460.29,26.40650524,117.621454419
801040,2016-01-15,2504.23,2610.22,2635.35,2490.11,21.9445181,95.04555621969999
801040,2016-01-18,2490.6,2455.7,2517.64,2436.29,16.89767545,71.3516755428
801040,2016-01-19,2559.85,2480.93,2563.2,2460.82,16.97723157,73.125749558
801040,2016-01-20,2506.51,2527.56,2548.09,2473.39,16.88153714,74.5031552766
801040,2016-01-21,2395.86,2443.81,2495.45,2395.32,14.06185395,60.9466318313
801040,2016-01-22,2441.73,2415.09,2455.83,2378.91,13.89545282,59.2941171864
801040,2016-01-25,2464.62,2455.22,2498.41,2442.78,15.57080301,67.4756382169
801040,2016-01-26,2302.74,2418.85,2451.24,2295.49,18.57390156,79.6565407607
801040,2016-01-27,2296.24,2294.83,2313.84,2196.95,17.63470325,74.0000353021
801040,2016-01-28,2123.41,2257.34,2263.39,2122.15,13.48158361,54.2093640649
801040,2016-01-29,2185.61,2105.97,2203.12,2079.71,14.79888841,58.051623444700006
801040,2016-02-01,2089.36,2163.82,2175.5,2051.8,11.98269419,45.8221041419
801040,2016-02-02,2127.58,2077.55,2145.85,2077.55,11.48327383,56.0186519526
801040,2016-02-03,2099.1,2097.87,2101.86,2053.94,11.362804,51.0471949972
801040,2016-02-04,2140.16,2104.55,2149.78,2103.0,12.06050144,54.708019648900006
801040,2016-02-05,2133.38,2149.12,2166.85,2133.02,10.4171942,46.7224497759
801040,2016-02-15,2111.31,2061.88,2124.89,2053.81,7.95734296,33.999971851
801040,2016-02-16,2195.57,2116.63,2201.56,2116.28,12.45444484,53.1331863562
801040,2016-02-17,2230.4,2193.89,2239.5,2187.95,13.69144989,62.8004420205
801040,2016-02-18,2242.45,2243.21,2293.29,2235.24,15.01669552,71.3040377003
801040,2016-02-19,2231.67,2234.01,2245.23,2212.3,10.45349032,57.701383792399994
801040,2016-02-22,2348.77,2259.46,2391.66,2259.22,23.09422079,100.1935526498
801040,2016-02-23,2361.68,2351.83,2361.68,2317.92,19.13450464,97.7635626606
801040,2016-02-24,2376.09,2341.14,2377.66,2330.72,15.46420065,82.3961203707
801040,2016-02-25,2191.27,2369.96,2369.96,2172.89,18.65887991,90.7844517008
801040,2016-02-26,2245.97,2212.22,2264.89,2174.11,15.75552424,75.4259997847
801040,2016-02-29,2167.12,2230.27,2230.27,2108.1,15.05387086,68.7981198402
801040,2016-03-01,2218.22,2173.28,2224.99,2147.68,14.0400466,68.01587795569999
801040,2016-03-02,2364.07,2213.78,2380.99,2213.57,23.94119589,111.248537221
801040,2016-03-03,2336.23,2359.07,2387.58,2332.85,21.65769625,105.3468392315
801040,2016-03-04,2326.37,2330.02,2385.78,2282.85,19.52521441,92.84147004190001
801040,2016-03-07,2408.73,2411.05,2454.82,2367.87,21.86596746,99.0237236781
801040,2016-03-08,2410.38,2473.95,2474.68,2360.88,22.3886468,106.0247316919
801040,2016-03-09,2280.24,2319.29,2319.29,2266.33,15.49093694,70.6634060121
801040,2016-03-10,2236.44,2293.8,2303.62,2234.78,9.84716162,47.4110358295
801040,2016-03-11,2226.39,2208.27,2240.43,2197.71,7.05175919,32.6874886185
801040,2016-03-14,2288.47,2247.94,2306.43,2243.97,11.09865547,55.718357921800006
801040,2016-03-15,2247.66,2275.5,2277.73,2233.9,8.18984945,41.4331836664
801040,2016-03-16,2226.01,2250.55,2265.46,2215.97,7.39667641,34.7943699475
801040,2016-03-17,2268.01,2236.43,2278.38,2221.12,10.52304228,49.3985184327
801040,2016-03-18,2332.5,2278.36,2340.41,2275.96,16.49449031,78.3748846119
801040,2016-03-21,2385.64,2345.16,2385.64,2340.1,18.54950253,89.7408080199
801040,2016-03-22,2355.47,2366.65,2375.86,2344.76,14.08390793,71.4282289624
801040,2016-03-23,2370.59,2350.67,2375.14,2347.3,11.72478604,60.018041411999995
801040,2016-03-24,2316.6,2349.84,2352.77,2316.6,12.47649812,62.718238881800005
801040,2016-03-25,2324.08,2312.39,2330.42,2299.1,8.99645981,46.259982752
801040,2016-03-28,2307.04,2326.4,2350.66,2299.7,9.55095337,48.3769273979
801040,2016-03-29,2258.08,2302.35,2304.42,2244.08,8.2437224,39.7013940789
801040,2016-03-30,2315.97,2274.52,2316.19,2274.17,9.09971599,45.103934691899994
801040,2016-03-31,2318.34,2319.37,2325.43,2299.0,9.50866225,51.04971666350001
801040,2016-04-01,2333.49,2309.69,2336.8,2291.37,11.32199471,51.744425407399994
801040,2016-04-05,2376.61,2326.84,2381.11,2322.47,13.61562594,65.0901987125
801040,2016-04-06,2369.91,2369.47,2381.74,2348.85,11.58030011,58.3835981164
801040,2016-04-07,2365.77,2375.6,2414.55,2345.81,17.12130568,76.7543797387
801040,2016-04-08,2358.87,2341.76,2378.57,2329.45,15.09724691,70.4942865084
801040,2016-04-11,2449.55,2383.43,2478.8,2383.43,21.89196588,99.19902328399999
801040,2016-04-12,2461.8,2445.56,2490.1,2436.8,19.03955261,85.7169746941
801040,2016-04-13,2514.57,2490.71,2567.19,2490.71,27.75514962,127.821895808
801040,2016-04-14,2506.47,2525.68,2527.5,2471.55,14.32801761,70.3397460229
801040,2016-04-15,2477.94,2496.03,2501.8,2461.96,10.81098877,54.3002967031
801040,2016-04-20,2398.1,2501.72,2509.31,2346.79,16.73321879,77.3086860442
801040,2016-04-21,2447.08,2400.13,2495.7,2396.89,20.55099146,89.6635155667
801040,2016-04-22,2394.59,2396.42,2398.75,2353.93,12.65306847,53.887500938900004
801040,2016-04-25,2391.31,2382.53,2406.0,2355.62,8.17723159,36.9262604021
801040,2016-04-26,2396.28,2386.6,2398.88,2369.12,6.7478738,30.6690283038
801040,2016-04-27,2368.17,2396.61,2397.15,2364.09,6.32399748,30.1800400791
801040,2016-04-28,2341.21,2364.74,2369.22,2313.94,6.71040209,31.178259884899997
801040,2016-04-29,2348.77,2334.96,2367.28,2324.67,5.26817384,27.6725634448
801040,2016-05-03,2393.3,2351.37,2393.3,2340.84,7.37341143,37.3219609923
801040,2016-05-04,2377.3,2383.14,2390.95,2366.69,8.24336499,43.8286499501
801040,2016-05-05,2376.34,2371.4,2380.75,2356.5,6.67472014,34.699841313
801040,2016-05-06,2289.23,2373.7,2375.93,2289.19,9.88636423,47.6130501943
801040,2016-05-09,2164.8,2266.6,2266.6,2151.82,11.01465563,46.7530360623
801040,2016-05-10,2166.65,2161.65,2178.11,2155.63,5.7548446,23.0142036337
801040,2016-05-11,2151.18,2177.01,2182.28,2143.93,5.06175438,21.7626155761
801040,2016-05-12,2156.97,2129.68,2160.61,2098.4,6.44456095,26.068066206300003
801040,2016-05-13,2159.69,2145.31,2186.01,2139.99,6.46540044,28.6020256849
801040,2016-05-16,2171.42,2152.65,2172.24,2132.94,6.24018442,27.9724068616
801040,2016-05-17,2184.58,2171.45,2200.01,2169.43,7.73090676,34.6851345852
801040,2016-05-18,2131.41,2161.37,2161.37,2114.19,6.97819094,31.262293208000003
801040,2016-05-19,2160.72,2138.37,2182.2,2137.78,8.53933185,32.5711022538
801040,2016-05-20,2161.06,2133.16,2162.55,2130.6,6.25053343,24.796675480300003
801040,2016-05-23,2167.04,2162.09,2174.11,2155.67,5.70879487,23.1468500469
801040,2016-05-24,2145.4,2160.09,2160.09,2129.77,5.70781551,24.362951034699996
801040,2016-05-25,2155.01,2155.68,2170.35,2140.43,5.07204802,26.370984814099998
801040,2016-05-26,2162.64,2148.41,2162.64,2119.79,6.17183724,29.6584331902
801040,2016-05-27,2163.65,2154.6,2179.24,2146.33,5.87355995,25.9854295417
801040,2016-05-30,2156.17,2149.32,2166.03,2134.22,5.19488617,22.5657532464
801040,2016-05-31,2232.62,2155.81,2233.91,2155.47,11.40028075,48.6829029868
801040,2016-06-01,2233.65,2225.03,2245.39,2219.85,9.37383306,42.9483918528
801040,2016-06-02,2252.41,2228.23,2252.41,2224.18,6.97551167,35.059708479499996
801040,2016-06-03,2242.98,2256.21,2257.21,2232.99,6.45176106,35.0669459695
801040,2016-06-06,2249.44,2243.29,2252.83,2237.19,6.84831842,32.8559748845
801040,2016-06-07,2241.13,2247.73,2247.76,2232.84,5.26784566,26.8608370731
801040,2016-06-08,2231.04,2236.0,2237.4,2212.75,5.83333045,29.7579572324
801040,2016-06-13,2151.94,2209.63,2213.86,2151.54,7.20609829,36.3811985881
801040,2016-06-14,2151.19,2142.82,2159.51,2138.58,4.3126882,20.8874742741
801040,2016-06-15,2189.98,2129.2,2194.59,2125.59,6.28439519,34.00411389
801040,2016-06-16,2184.84,2180.95,2201.74,2179.56,6.7401749,39.3180896563
801040,2016-06-17,2202.41,2186.36,2227.71,2186.36,8.83948794,48.142948244799996
801040,2016-06-20,2184.21,2194.57,2194.57,2159.58,5.92823356,33.6808790735
801040,2016-06-21,2167.74,2190.87,2201.42,2160.96,7.57582625,39.0036404176
801040,2016-06-22,2189.16,2162.96,2189.16,2155.05,6.31869548,36.3101158841
801040,2016-06-23,2177.84,2185.05,2185.91,2160.48,5.73103418,30.9779028341
801040,2016-06-24,2144.07,2171.65,2185.75,2109.53,8.17217628,41.7603039171
801040,2016-06-27,2193.36,2147.71,2196.5,2147.71,9.58046497,46.4594943763
801040,2016-06-28,2184.2,2183.36,2186.14,2162.25,7.01289637,38.3947238694
801040,2016-06-29,2199.1,2186.43,2204.7,2182.11,7.59773512,38.3994024867
801040,2016-06-30,2194.45,2197.7,2198.46,2186.68,5.73936252,31.0451099419
801040,2016-07-01,2196.19,2195.77,2204.55,2186.28,5.91617372,30.8937249391
801040,2016-07-05,2259.23,2240.32,2278.16,2238.34,12.77887317,67.16572443300001
801040,2016-07-06,2252.07,2249.43,2258.4,2231.23,9.85819665,53.11500279
801040,2016-07-07,2263.11,2256.89,2267.97,2248.05,12.27526682,57.91531040899999
801040,2016-07-08,2241.55,2257.56,2257.56,2239.11,8.55417105,42.280972958
801040,2016-07-11,2250.72,2246.91,2268.12,2241.49,11.67510022,56.7011362646
801040,2016-07-12,2311.97,2249.39,2314.4,2249.39,19.8406713,96.2114509116
801040,2016-07-13,2309.23,2318.5,2331.92,2299.55,14.99067343,86.6932957681
801040,2016-07-14,2292.28,2305.08,2305.31,2278.31,9.45436667,51.162504532700005
801040,2016-07-15,2313.48,2297.86,2339.55,2294.24,13.82034645,63.7334239741
801040,2016-07-18,2282.99,2302.26,2305.75,2272.72,9.75304044,48.308611334700004
801040,2016-07-19,2279.36,2276.97,2280.06,2254.99,7.83028673,38.8724580222
801040,2016-07-20,2268.99,2277.92,2279.63,2264.07,4.92997183,26.473538197899998
801040,2016-07-21,2293.14,2271.91,2302.77,2271.54,7.20902867,43.210343403500005
801040,2016-07-22,2277.97,2292.3,2293.28,2273.19,7.71453016,46.0388727884
801040,2016-07-25,2272.68,2272.47,2283.59,2261.2,5.28654027,30.8518244354
801040,2016-07-26,2293.35,2270.47,2293.49,2269.9,5.83709503,33.3258029388
801040,2016-07-27,2222.82,2295.75,2300.39,2202.72,11.74156006,59.90851296939999
801040,2016-07-28,2224.78,2221.28,2233.83,2205.7,6.3465305,32.4806624607
801040,2016-07-29,2212.09,2223.11,2225.84,2207.1,4.29377398,22.9689850134
801040,2016-08-01,2205.23,2207.15,2209.55,2184.43,6.33040661,31.2432445985
801040,2016-08-02,2222.38,2205.97,2222.56,2201.67,5.10130977,26.5639490306
801040,2016-08-03,2230.3,2216.9,2231.03,2211.78,5.05257881,29.3292835008
801040,2016-08-04,2240.12,2228.35,2240.21,2216.52,4.73989263,25.611978056599998
801040,2016-08-05,2232.57,2238.83,2244.6,2231.73,5.68601185,30.9350881613
801040,2016-08-08,2282.45,2236.97,2282.63,2236.97,9.55779765,44.329233189499995
801040,2016-08-09,2290.43,2283.69,2290.51,2272.59,10.24017138,52.2122278707
801040,2016-08-10,2312.48,2289.89,2344.55,2289.89,12.79604053,60.901955776099996
801040,2016-08-11,2285.45,2303.49,2317.87,2285.45,10.02629096,50.4374619759
801040,2016-08-12,2305.34,2281.72,2306.09,2277.2,7.16830897,34.9529800544
801040,2016-08-15,2339.22,2306.15,2344.39,2302.46,13.75338597,65.7833863277
801040,2016-08-16,2375.22,2337.0,2381.09,2336.91,15.2749802,74.84686460520001
801040,2016-08-17,2404.89,2374.39,2433.22,2369.22,20.53045753,93.9556086458
801040,2016-08-18,2403.09,2392.03,2408.55,2389.23,11.98084574,62.6514785888
801040,2016-08-19,2393.34,2399.41,2399.41,2375.06,9.89884423,51.312917037
801040,2016-08-22,2372.0,2390.36,2402.4,2371.61,8.92362415,50.545290110100005
801040,2016-08-23,2370.85,2369.57,2380.44,2357.45,6.92080718,39.562334794499996
801040,2016-08-24,2381.91,2369.48,2390.15,2369.48,6.49114925,36.1655190023
801040,2016-08-25,2395.81,2373.26,2425.32,2361.63,12.16689039,59.717207229799996
801040,2016-08-26,2396.82,2396.16,2407.4,2385.36,8.25531182,42.5566734848
801040,2016-08-29,2400.13,2394.57,2408.74,2390.52,7.68999068,38.6753245515
801040,2016-08-30,2393.18,2399.46,2403.51,2385.0,6.62244723,34.780087641
801040,2016-08-31,2385.01,2390.91,2391.11,2375.92,5.71642199,28.830426330199998
801040,2016-09-01,2351.59,2383.36,2384.52,2351.59,7.40853275,37.7805224592
801040,2016-09-02,2347.82,2347.26,2356.8,2339.37,5.25152182,30.320197568
801040,2016-09-05,2375.49,2351.96,2386.34,2351.46,8.22732842,41.3850183927
801040,2016-09-06,2386.58,2380.13,2386.58,2356.43,7.49175262,38.9129588186
801040,2016-09-07,2392.18,2380.2,2406.86,2379.8,8.07750506,44.5608563013
801040,2016-09-08,2406.03,2392.62,2406.53,2390.57,5.68676646,32.4260843537
801040,2016-09-09,2399.5,2408.51,2415.24,2399.23,6.71843816,37.141980286199995
801040,2016-09-12,2333.23,2366.72,2374.82,2328.38,10.16444601,53.9932015368
801040,2016-09-13,2339.31,2343.87,2352.75,2330.4,5.20820229,26.3996796954
801040,2016-09-14,2330.91,2333.2,2344.48,2325.7,6.0310567,35.0808105388
801040,2016-09-19,2359.08,2334.94,2359.08,2334.94,5.06812786,27.927897591399997
801040,2016-09-20,2353.47,2360.63,2360.7,2348.59,5.34944868,26.4332316135
801040,2016-09-21,2376.37,2353.92,2405.0,2353.83,9.37389001,43.3471342345
801040,2016-09-22,2379.24,2378.87,2383.38,2373.91,6.43873437,30.5617166436
801040,2016-09-23,2382.73,2384.2,2395.69,2381.1,6.09604099,31.6219585933
801040,2016-09-26,2338.64,2381.77,2382.44,2337.99,6.55277058,32.9729044201
801040,2016-09-27,2340.48,2331.34,2340.71,2317.49,4.70451471,23.933854820900002
801040,2016-09-28,2342.43,2341.66,2347.43,2334.24,3.85651613,22.178611641999996
801040,2016-09-29,2341.27,2332.35,2348.61,2332.35,5.54579365,28.8358233954
801040,2016-09-30,2344.61,2339.37,2346.49,2332.78,4.47454637,21.7849409641
801040,2016-10-10,2401.85,2391.53,2402.38,2387.3,7.1307926,32.8464960759
801040,2016-10-11,2435.32,2425.51,2435.95,2409.36,13.23855798,60.0117319718
801040,2016-10-12,2417.93,2424.67,2424.67,2409.12,8.31500824,40.3567215827
801040,2016-10-13,2435.05,2417.25,2436.33,2417.08,9.43387528,48.008723303100005
801040,2016-10-14,2431.62,2437.28,2437.28,2411.71,8.99619408,50.9107627833
801040,2016-10-17,2431.32,2444.23,2457.29,2423.17,9.98059164,59.0235263017
801040,2016-10-18,2448.67,2422.57,2448.78,2416.21,9.03347725,46.9990392032
801040,2016-10-19,2442.11,2452.72,2461.24,2436.68,8.47281664,42.1016206336
801040,2016-10-20,2440.35,2442.68,2445.44,2432.32,7.48263583,36.4632328459
801040,2016-10-21,2436.7,2435.94,2448.09,2420.41,7.92553939,37.7145683499
801040,2016-10-24,2475.49,2436.18,2477.59,2434.87,14.77394262,61.8603220969
801040,2016-10-25,2501.13,2483.57,2502.18,2483.57,14.33673358,66.133844795
801040,2016-10-26,2489.05,2502.18,2502.36,2478.83,10.50695789,51.067687528
801040,2016-10-27,2486.25,2487.58,2487.82,2474.93,8.14453753,40.6415078458
801040,2016-10-28,2455.27,2480.03,2485.32,2454.02,7.60544719,36.8019783494
801040,2016-10-31,2448.09,2452.16,2453.55,2442.31,5.84110538,28.1845930599
801040,2016-11-01,2461.7,2450.39,2461.83,2445.91,5.71741024,27.685673713200003
801040,2016-11-02,2434.06,2454.38,2454.38,2431.11,7.6082749,36.7337940815
801040,2016-11-03,2446.42,2425.48,2451.29,2422.82,7.59565609,36.0510195043
801040,2016-11-04,2444.61,2442.44,2453.5,2439.21,6.42113983,31.029518329200002
801040,2016-11-07,2486.66,2445.95,2486.66,2441.1,11.06268108,47.6717282281
801040,2016-11-08,2482.03,2490.26,2492.34,2469.32,8.72894699,41.486139403
801040,2016-11-09,2471.61,2481.18,2483.16,2446.82,10.5116923,48.301082988900006
801040,2016-11-10,2499.03,2488.24,2505.4,2480.8,13.77653268,57.952490491099994
801040,2016-11-11,2561.79,2504.24,2561.79,2499.87,24.28584918,104.48730204459999
801040,2016-11-14,2582.86,2538.93,2586.61,2535.39,22.56299659,99.27230333620001
801040,2016-11-15,2562.89,2581.54,2599.64,2557.28,15.96447617,70.6050340662
801040,2016-11-16,2557.56,2555.32,2564.96,2536.82,14.35814871,59.839863459700005
801040,2016-11-17,2562.59,2551.14,2564.52,2540.49,9.77890112,44.93418595399999
801040,2016-11-18,2550.76,2558.75,2571.78,2548.57,9.2139564,42.4228437887
801040,2016-11-21,2560.32,2548.01,2575.37,2543.54,10.65167259,48.28285304439999
801040,2016-11-22,2602.86,2563.1,2605.8,2563.1,16.4825035,70.8841515817
801040,2016-11-23,2589.26,2609.69,2618.95,2580.82,15.08281481,72.7854385892
801040,2016-11-24,2596.61,2583.0,2605.78,2583.0,12.92894334,63.922538883
801040,2016-11-25,2642.27,2597.91,2643.25,2569.01,19.89035588,93.0665479384
801040,2016-11-28,2654.63,2649.37,2665.32,2639.82,16.05581163,78.26845944829999
801040,2016-11-29,2668.09,2649.46,2716.53,2643.91,25.22112415,119.18872500190001
801040,2016-11-30,2626.98,2647.26,2652.04,2616.71,15.26522412,79.4518729793
801040,2016-12-01,2671.42,2632.11,2671.42,2629.41,12.91824457,70.93046606600001
801040,2016-12-02,2650.1,2663.97,2691.74,2644.95,14.73755869,76.046062225
801040,2016-12-05,2632.14,2622.26,2652.9,2622.26,11.09101762,57.1214871642
801040,2016-12-06,2618.05,2637.45,2642.24,2614.87,9.24345918,47.3710566337
801040,2016-12-07,2689.25,2622.8,2689.25,2622.62,19.14081941,90.1116075943
801040,2016-12-08,2682.21,2716.56,2719.98,2677.69,16.60703171,86.43796029209999
801040,2016-12-09,2689.03,2671.74,2709.35,2647.05,14.58538519,73.7472347211
801040,2016-12-12,2630.01,2701.39,2749.63,2630.01,21.16000954,104.54120665190001
801040,2016-12-13,2678.97,2610.68,2678.97,2594.82,15.80582749,80.8592360388
801040,2016-12-14,2623.03,2660.65,2663.85,2618.88,14.68554082,80.215942502
801040,2016-12-15,2631.62,2600.67,2639.01,2600.67,12.05028395,69.8442614689
801040,2016-12-16,2622.19,2628.46,2643.62,2619.42,10.16051708,72.9253845325
801040,2016-12-19,2618.45,2617.06,2633.36,2610.76,8.88738832,57.0352636833
801040,2016-12-20,2576.01,2617.44,2617.44,2559.98,9.90626386,60.9988885365
801040,2016-12-21,2598.89,2581.43,2601.47,2580.87,9.46027509,56.834974789899995
801040,2016-12-22,2602.57,2593.14,2604.14,2585.18,9.44674553,56.8571385633
801040,2016-12-23,2580.15,2597.43,2597.6,2571.48,9.1709493,52.551279773500006
801040,2016-12-26,2575.29,2570.72,2575.29,2531.47,9.54823633,55.6970912325
801040,2016-12-27,2571.91,2572.48,2583.98,2571.49,7.39304072,43.3882320051
801040,2016-12-28,2567.41,2572.52,2587.83,2558.23,6.82917988,49.160607553
801040,2016-12-29,2579.67,2558.93,2592.06,2555.56,8.51547247,57.8211122888
801040,2016-12-30,2584.76,2576.44,2594.51,2576.44,7.5405453,55.310511562399995
801040,2017-01-03,2610.63,2586.47,2610.63,2585.67,8.37909068,55.454709811899995
801040,2017-01-04,2642.13,2608.14,2642.13,2608.14,9.31513513,60.0163222683
801040,2017-01-05,2645.93,2639.7,2651.44,2636.2,8.46555965,57.6793793257
801040,2017-01-06,2656.73,2641.47,2665.51,2639.37,10.76644227,62.7744355927
801040,2017-01-09,2680.69,2651.94,2680.69,2650.73,9.93654593,56.27531852640001
801040,2017-01-10,2704.98,2678.79,2721.34,2677.95,14.18238823,76.1959036749
801040,2017-01-11,2715.39,2703.82,2775.22,2703.82,18.03325657,93.27474625149999
801040,2017-01-12,2677.67,2708.75,2740.96,2673.97,14.12536834,75.42321996279999
801040,2017-01-13,2654.75,2669.53,2683.68,2647.98,10.18218429,54.829485086400005
801040,2017-01-16,2633.65,2662.0,2667.81,2573.74,15.74621074,74.8117354809
801040,2017-01-17,2646.36,2620.4,2647.48,2603.93,9.09668642,46.457087505299995
801040,2017-01-18,2694.05,2641.61,2697.19,2637.54,14.44286797,70.2892489299
801040,2017-01-19,2660.03,2685.28,2693.58,2657.95,10.2939554,54.377694750299995
801040,2017-01-20,2677.04,2656.76,2684.94,2656.76,9.96455738,49.991379283
801040,2017-01-23,2693.02,2671.7,2693.96,2671.7,10.43836929,52.2069716217
801040,2017-01-24,2731.63,2689.13,2743.95,2687.12,14.14634877,68.0282045701
801040,2017-01-25,2721.08,2727.16,2731.59,2713.74,8.91754089,46.837624421
801040,2017-01-26,2741.8,2721.03,2745.4,2719.39,8.60867755,43.0675794846
801040,2017-02-03,2719.16,2732.72,2735.24,2708.76,6.81701829,34.774716257399994
801040,2017-02-06,2713.59,2712.29,2714.57,2689.52,7.60235528,40.0687358382
801040,2017-02-07,2729.91,2708.45,2732.75,2703.93,8.57180671,49.1987150483
801040,2017-02-08,2737.09,2723.06,2737.09,2707.36,7.60437644,44.2697860476
801040,2017-02-09,2774.82,2735.93,2786.55,2734.88,16.8847534,81.7962723208
801040,2017-02-10,2851.76,2775.85,2871.87,2775.85,28.24700433,137.9041156019
801040,2017-02-13,2848.21,2858.67,2868.66,2837.43,22.32842312,108.61918702290001
801040,2017-02-14,2893.7,2845.82,2903.02,2840.26,22.31051052,106.4522266108
801040,2017-02-15,2859.73,2881.61,2894.59,2852.42,22.24586461,115.6259942473
801040,2017-02-16,2884.3,2848.94,2906.48,2848.94,20.6662542,99.5128978157
801040,2017-02-17,2843.38,2869.09,2878.05,2838.84,16.79558261,83.5867406095
801040,2017-02-20,2888.09,2846.52,2888.49,2846.52,15.85333828,82.6284649656
801040,2017-02-21,2901.83,2897.77,2914.97,2888.02,14.9653907,76.532817888
801040,2017-02-22,2935.68,2899.83,2938.91,2892.73,19.01090027,100.47858329350001
801040,2017-02-23,2889.84,2924.16,2931.08,2872.87,16.70832667,86.0638064642
801040,2017-02-24,2875.37,2879.46,2881.08,2845.73,13.13763892,68.4097605602
801040,2017-02-27,2894.23,2904.84,2936.18,2886.54,15.6963896,93.4026201558
801040,2017-02-28,2873.8,2881.43,2884.0,2854.68,10.18485432,59.1361741749
801040,2017-03-01,2874.13,2867.51,2893.09,2858.09,10.71862397,62.1886549969
801040,2017-03-02,2857.57,2879.01,2899.4,2855.78,10.11649291,58.808117528500006
801040,2017-03-03,2823.32,2840.29,2840.29,2812.85,9.70959045,53.23741470270001
801040,2017-03-06,2847.71,2820.34,2848.43,2820.34,7.764741,43.168043598900006
801040,2017-03-07,2831.89,2847.36,2847.36,2825.33,8.56046293,49.1301132045
801040,2017-03-08,2810.57,2832.97,2833.02,2801.3,9.31827119,52.1347475321
801040,2017-03-09,2793.57,2803.65,2803.78,2765.05,9.6516295,53.6483445804
801040,2017-03-10,2803.45,2791.32,2821.76,2791.32,8.31339657,45.224160563699996
801040,2017-03-13,2820.56,2800.05,2820.56,2776.85,8.20888039,44.232724131800005
801040,2017-03-14,2831.54,2818.97,2854.41,2818.6,9.14151892,49.6726602554
801040,2017-03-15,2842.2,2827.96,2854.62,2827.96,8.50230848,43.7978718868
801040,2017-03-16,2861.5,2844.97,2861.72,2841.45,8.91586891,49.1850813278
801040,2017-03-17,2806.03,2859.43,2859.43,2803.4,9.80241184,53.1124861613
801040,2017-03-20,2798.17,2808.09,2813.93,2782.26,7.31975856,41.099134486
801040,2017-03-21,2780.7,2796.52,2796.83,2770.39,7.51796293,41.5283390836
801040,2017-03-22,2731.78,2765.57,2766.03,2724.46,10.31592962,54.31542221390001
801040,2017-03-23,2737.16,2731.88,2755.16,2717.92,8.8925632,50.5924064599
801040,2017-03-24,2768.8,2736.08,2769.71,2719.76,11.71232128,59.3233885648
801040,2017-03-27,2749.47,2760.49,2760.92,2740.35,8.35227863,45.4785699974
801040,2017-03-28,2750.53,2743.86,2751.24,2735.87,6.55277622,36.3419739991
801040,2017-03-29,2769.16,2753.41,2792.45,2738.78,12.16295012,62.087063849399996
801040,2017-03-30,2726.59,2762.28,2774.91,2725.39,11.3912953,60.1744530825
801040,2017-03-31,2741.7,2729.16,2747.74,2719.2,9.08442444,48.9980693315
801040,2017-04-06,2863.27,2858.89,2870.05,2855.81,10.72266309,55.5223966995
801040,2017-04-07,2877.29,2885.29,2886.16,2857.63,20.10026051,120.1261023964
801040,2017-04-10,2922.91,2887.26,2935.5,2887.26,25.64759053,152.7713850772
801040,2017-04-11,2973.81,2948.83,2980.0,2938.48,27.62757035,173.1296085152
801040,2017-04-12,2930.02,2960.96,2989.97,2909.59,41.69999718,252.60994107049999
801040,2017-04-13,2941.5,2918.54,2950.35,2918.54,28.71155109,183.0961857375
801040,2017-04-14,2919.8,2946.0,2950.25,2904.99,27.60460824,166.6152711512
801040,2017-04-17,2857.71,2900.31,2900.61,2838.51,22.15134145,130.07136005360002
801040,2017-04-18,2804.65,2851.23,2860.64,2804.62,19.00016738,110.97315969629999
801040,2017-04-19,2728.08,2784.95,2789.52,2711.36,19.16157681,104.3402990581
801040,2017-04-20,2694.58,2728.2,2739.81,2673.03,17.52748862,90.9302252581
801040,2017-04-21,2704.06,2707.07,2723.71,2686.69,13.6605929,70.7573299062
801040,2017-04-24,2631.32,2699.55,2699.55,2628.39,12.61598209,63.6700661182
801040,2017-04-25,2645.65,2634.16,2669.5,2627.82,14.35213853,75.6381549974
801040,2017-04-26,2654.17,2634.53,2664.43,2623.41,16.0620233,83.39732419970001
801040,2017-04-27,2637.7,2643.85,2644.96,2591.63,15.71294736,80.4065157666
801040,2017-04-28,2703.95,2633.98,2703.95,2633.98,22.52462122,117.1335096397
801040,2017-05-02,2710.44,2698.8,2716.6,2691.91,17.85707411,96.7524326426
801040,2017-05-03,2674.24,2699.5,2705.0,2662.87,16.06629593,86.3145113684
801040,2017-05-04,2687.8,2659.41,2718.57,2658.04,16.78531914,91.78761645739999
801040,2017-05-05,2658.8,2683.58,2685.92,2657.48,17.50313942,109.539174584
801040,2017-05-08,2607.83,2657.92,2658.26,2606.04,16.31934716,95.4995965209
801040,2017-05-09,2606.24,2594.42,2607.74,2570.8,11.0167624,61.635068581800006
801040,2017-05-10,2554.05,2603.87,2620.64,2554.05,13.12647956,72.9634676157
801040,2017-05-11,2539.59,2534.94,2540.98,2479.29,15.19271278,78.7029215338
801040,2017-05-12,2530.0,2524.34,2543.19,2502.52,12.41464387,68.9020649264
801040,2017-05-15,2528.77,2530.71,2542.24,2526.45,9.30405958,51.801727138400004
801040,2017-05-16,2573.43,2519.54,2573.43,2505.8,14.92592587,80.7567716022
801040,2017-05-17,2594.37,2566.44,2608.4,2565.59,17.81403314,100.9720400607
801040,2017-05-18,2572.37,2571.13,2598.87,2565.84,12.26940924,67.5562670405
801040,2017-05-19,2589.22,2574.0,2597.07,2573.42,10.49573559,58.5082076166
801040,2017-05-22,2600.65,2595.14,2640.48,2595.14,14.91635925,82.0982840467
801040,2017-05-23,2565.92,2596.04,2606.82,2561.07,13.45854509,75.3306663083
801040,2017-05-24,2572.46,2551.08,2572.46,2522.7,9.93987507,53.1627453608
801040,2017-05-25,2619.38,2569.05,2622.14,2567.8,12.5085664,68.751088282
801040,2017-05-26,2620.67,2618.55,2642.88,2617.5,10.94947385,63.2605753079
801040,2017-05-31,2596.55,2636.26,2642.92,2595.55,9.29589857,50.03100651810001
801040,2017-06-01,2539.87,2585.64,2588.15,2537.8,10.16293503,51.16333836689999
801040,2017-06-02,2561.51,2533.52,2565.54,2520.92,7.62007975,38.3245106732
801040,2017-06-05,2560.82,2561.15,2574.14,2557.01,6.71630936,34.6092063986
801040,2017-06-06,2570.49,2552.68,2571.51,2546.0,6.81443225,32.6560637458
801040,2017-06-07,2612.12,2573.2,2613.02,2570.98,11.6355301,55.3402795797
801040,2017-06-08,2613.94,2608.35,2617.3,2602.12,9.50203378,48.0697350422
801040,2017-06-09,2605.77,2609.62,2614.62,2588.85,8.49400478,41.8134781089
801040,2017-06-12,2574.48,2593.61,2599.53,2572.18,8.57016572,44.4428604279
801040,2017-06-13,2607.72,2568.8,2607.96,2568.8,7.65092471,38.9862590118
801040,2017-06-14,2586.43,2586.74,2595.07,2578.02,8.41108817,44.029966205
801040,2017-06-15,2606.45,2579.46,2609.03,2579.46,8.60579383,43.6466920328
801040,2017-06-16,2602.32,2603.67,2613.14,2598.19,8.17046831,39.3884789779
801040,2017-06-19,2639.24,2596.07,2639.24,2595.8,9.97390114,48.320327230699995
801040,2017-06-20,2644.17,2638.46,2663.8,2633.2,12.00119608,61.9251073517
801040,2017-06-21,2660.9,2646.47,2676.97,2635.2,11.30653716,59.695452914499995
801040,2017-06-22,2616.91,2659.3,2662.39,2616.91,10.39753242,54.3865367162
801040,2017-06-23,2612.61,2613.38,2618.48,2581.03,10.47176814,49.895441812600005
801040,2017-06-26,2658.86,2611.55,2660.1,2606.57,10.42652525,50.4478876602
801040,2017-06-27,2663.12,2654.88,2668.47,2645.73,11.22778681,54.2978623858
801040,2017-06-28,2678.97,2656.22,2697.52,2653.2,14.90700436,70.6444674943
801040,2017-06-29,2687.61,2681.55,2692.31,2679.49,9.10571911,44.532435656800004
801040,2017-06-30,2678.67,2679.5,2687.63,2668.77,7.21001712,35.6264946221
801040,2017-07-03,2772.76,2685.09,2775.35,2685.09,20.01872113,93.9279066897
801040,2017-07-04,2738.28,2771.96,2772.16,2730.85,13.18527547,64.1653674154
801040,2017-07-05,2761.73,2739.05,2762.95,2739.04,11.02397715,56.7033060084
801040,2017-07-06,2800.46,2760.53,2800.46,2757.97,15.0859843,75.0753199653
801040,2017-07-07,2828.85,2787.7,2829.82,2780.61,16.50874881,77.8303403127
801040,2017-07-10,2887.66,2830.03,2917.47,2828.29,23.82920912,123.82505328229999
801040,2017-07-11,2844.35,2888.53,2892.47,2841.2,16.38215966,89.2450128239
801040,2017-07-12,2833.09,2845.98,2867.34,2786.69,14.81288525,75.80649035100001
801040,2017-07-13,2873.97,2837.51,2891.19,2837.11,16.60013751,75.5614363933
801040,2017-07-14,2869.3,2873.73,2880.84,2857.89,12.5731766,57.96858719390001
801040,2017-07-17,2792.48,2864.63,2868.93,2759.8,19.01869349,84.1638281207
801040,2017-07-18,2883.6,2784.99,2883.6,2784.99,18.94762245,81.8142270122
801040,2017-07-19,2982.57,2883.83,2987.22,2883.83,31.60885482,143.1728605261
801040,2017-07-20,2957.61,2983.82,2993.97,2950.68,21.58145549,104.1934273777
801040,2017-07-24,2934.67,2940.73,2975.23,2926.18,17.04417778,83.2063521558
801040,2017-07-25,2929.7,2931.74,2938.73,2891.79,18.37256433,87.3083164071
801040,2017-07-26,2938.48,2934.57,2954.17,2921.53,18.16327457,84.9944391601
801040,2017-07-27,2916.81,2935.37,2978.31,2912.07,24.87535016,118.60471882469999
801040,2017-07-28,2972.97,2908.98,2976.91,2894.81,25.04288276,113.88601089459999
801040,2017-07-31,3113.33,2991.22,3118.37,2991.16,42.30911306,204.03428787169997
801040,2017-08-01,3092.75,3123.32,3123.32,3076.58,29.5075272,147.2801262521
801040,2017-08-02,3150.81,3092.32,3197.67,3092.02,34.64777668,166.04335882520002
801040,2017-08-03,3253.51,3124.07,3253.51,3124.07,38.15681411,195.07479480840001
801040,2017-08-04,3279.01,3270.39,3435.13,3270.17,50.79932851,273.0839014957
801040,2017-08-07,3434.03,3371.65,3438.13,3262.17,51.07856111,274.2225343847
801040,2017-08-08,3365.69,3433.72,3490.43,3337.0,45.90640689,254.94003843919998
801040,2017-08-09,3428.71,3343.71,3450.3,3287.74,39.96996494,214.20069468990002
801040,2017-08-10,3309.24,3364.56,3385.55,3308.17,30.26874265,164.1345567179
801040,2017-08-11,3102.84,3241.5,3247.4,3090.15,35.8886724,180.74971297759998
801040,2017-08-14,3135.94,3108.73,3176.61,3099.08,26.55271938,138.121943803
801040,2017-08-15,3138.5,3108.65,3156.54,3081.47,21.03419702,110.3809620703
801040,2017-08-16,3120.18,3131.83,3154.02,3093.17,18.07539363,93.6020083726
801040,2017-08-17,3164.47,3162.71,3175.76,3130.59,20.50945927,111.65617781969999
801040,2017-08-18,3129.32,3135.42,3135.42,3100.31,16.00770991,84.95298002220001
801040,2017-08-21,3219.27,3142.72,3220.92,3129.74,20.50511291,114.3171400526
801040,2017-08-22,3204.95,3213.69,3233.84,3173.89,16.38563598,95.4095089784
801040,2017-08-23,3109.77,3145.12,3160.49,3105.33,16.94061401,86.83870209690001
801040,2017-08-24,3106.09,3125.73,3140.03,3102.47,11.54869637,60.447667019499995
801040,2017-08-25,3164.54,3119.56,3193.73,3107.55,19.07360528,104.7452756176
801040,2017-08-28,3185.39,3140.13,3203.75,3126.6,19.09382609,106.0047761572
801040,2017-08-29,3200.75,3180.42,3257.62,3168.96,19.99877117,114.5615071896
801040,2017-08-30,3319.09,3201.69,3347.09,3201.37,34.67210402,194.9751529259
801040,2017-08-31,3333.94,3312.8,3348.91,3283.6,28.86304273,172.1340334383
801040,2017-09-01,3472.31,3335.34,3548.04,3334.99,51.1782195,282.59363962189997
801040,2017-09-04,3476.26,3532.89,3556.03,3427.38,45.19950012,262.2591360119
801040,2017-09-05,3420.28,3461.79,3464.03,3374.26,27.16484025,159.9713151135
801040,2017-09-06,3447.8,3388.59,3478.95,3379.75,24.92522756,150.7733623167
801040,2017-09-07,3385.31,3433.99,3435.34,3361.91,22.86120114,142.8692815109
801040,2017-09-08,3360.14,3377.95,3409.11,3347.38,18.88299787,118.27940553229999
801040,2017-09-11,3377.27,3326.93,3378.01,3300.41,19.58364629,119.6073930609
801040,2017-09-12,3384.14,3409.96,3416.42,3367.66,28.81755149,170.114290519
801040,2017-09-13,3427.4,3372.88,3443.51,3369.55,25.81304913,159.0808769564
801040,2017-09-14,3344.73,3414.75,3429.77,3337.23,22.95544001,143.2758457019
801040,2017-09-15,3209.97,3334.81,3344.73,3198.82,27.79257207,160.6297988318
801040,2017-09-18,3194.53,3183.37,3205.05,3170.68,16.34959402,95.2389912322
801040,2017-09-19,3173.24,3200.27,3205.42,3166.18,13.13594403,73.6304284782
801040,2017-09-20,3206.38,3176.51,3206.42,3143.41,16.74305183,96.23351310209999
801040,2017-09-21,3165.86,3196.76,3229.34,3165.48,17.01639875,89.9383859933
801040,2017-09-22,3127.7,3119.11,3161.76,3088.07,20.80076992,107.14777458610001
801040,2017-09-25,3089.4,3112.02,3124.69,3083.96,12.1793243,63.4634884587
801040,2017-09-26,3135.99,3088.66,3158.97,3088.66,15.99810106,79.962179375
801040,2017-09-27,3211.72,3168.33,3228.61,3158.96,23.9416288,127.7365810872
801040,2017-09-28,3165.57,3205.67,3205.67,3162.91,16.43383581,87.18752913200001
801040,2017-09-29,3186.44,3161.43,3202.12,3157.84,13.63185054,73.9591919602
801040,2017-10-09,3209.95,3243.13,3253.25,3203.41,13.63415153,77.4624421794
801040,2017-10-10,3158.62,3203.91,3204.08,3151.19,15.78713326,97.3561080067
801040,2017-10-11,3137.69,3154.09,3165.28,3114.03,13.44509193,80.4953970226
801040,2017-10-12,3177.33,3135.9,3177.33,3107.18,15.57582219,89.7768513108
801040,2017-10-13,3193.21,3177.73,3208.51,3163.31,14.1690348,86.5330120066
801040,2017-10-16,3203.08,3202.53,3240.47,3183.05,15.2641709,91.9043030915
801040,2017-10-17,3156.07,3180.57,3181.48,3151.5,9.51185464,55.6231007751
801040,2017-10-18,3088.93,3149.44,3159.0,3088.17,11.65329545,66.2035784402
801040,2017-10-19,3040.21,3067.49,3067.49,3030.13,11.21955897,59.5032978924
801040,2017-10-20,3098.9,3036.36,3099.95,3036.08,9.24404578,51.2752425817
801040,2017-10-23,3086.2,3088.6,3093.6,3070.63,6.91483715,39.1100237777
801040,2017-10-24,3117.45,3089.53,3126.06,3089.53,9.55830068,55.4379581275
801040,2017-10-25,3122.09,3116.11,3133.89,3108.98,7.64004196,43.9366191811
801040,2017-10-26,3151.18,3108.68,3163.5,3101.08,10.53311941,62.3022695615
801040,2017-10-27,3113.13,3146.57,3158.18,3108.42,10.72738412,57.6964145788
801040,2017-10-30,3045.85,3121.61,3122.4,3032.57,11.83916664,63.6813635201
801040,2017-10-31,3057.17,3040.92,3063.2,3031.26,7.55332112,40.358832229099995
801040,2017-11-01,3074.61,3069.63,3096.98,3069.63,10.09393517,56.31583295229999
801040,2017-11-02,3066.45,3077.59,3084.74,3054.44,9.72887044,53.37229818
801040,2017-11-03,3010.36,3060.74,3060.74,2987.86,11.80793201,60.7996050634
801040,2017-11-06,3085.29,3017.4,3085.29,2992.43,13.91145845,77.8067824003
801040,2017-11-07,3148.7,3074.9,3188.47,3072.68,19.47569685,118.3892181306
801040,2017-11-08,3147.72,3135.03,3176.02,3121.46,12.22019103,73.982194579
801040,2017-11-09,3163.69,3169.53,3197.51,3144.31,11.12339958,70.6054735081
801040,2017-11-10,3153.12,3156.92,3156.92,3126.46,9.69320092,59.1005278441
801040,2017-11-13,3240.74,3152.21,3244.21,3148.8,17.99328016,113.2869927925
801040,2017-11-14,3269.84,3249.98,3310.0,3249.98,20.01816784,130.3516225364
801040,2017-11-15,3218.08,3230.36,3230.36,3201.03,12.45828774,78.93865121510001
801040,2017-11-16,3209.73,3211.15,3242.47,3179.69,10.80548491,72.25500347890001
801040,2017-11-17,3134.34,3194.29,3194.97,3118.17,15.38462499,92.1562895157
801040,2017-11-20,3134.27,3113.35,3136.27,3045.95,11.38799654,67.8188978553
801040,2017-11-21,3148.77,3132.48,3178.17,3130.16,10.6938174,68.7421799037
801040,2017-11-22,3197.12,3179.14,3197.75,3158.31,11.6875685,78.4771617887
801040,2017-11-23,3149.11,3197.19,3239.74,3144.39,13.81416591,88.0458736053
801040,2017-11-24,3168.12,3123.36,3168.14,3099.34,9.85672701,60.4881851171
801040,2017-11-27,3179.92,3199.41,3228.54,3163.24,13.92591717,96.80715449270001
801040,2017-11-28,3284.06,3168.28,3292.63,3149.88,20.23299383,143.9007330096
801040,2017-11-29,3377.64,3284.22,3398.58,3283.41,28.00189814,196.2230571057
801040,2017-11-30,3353.27,3385.38,3409.88,3346.91,18.59272676,138.6490876422
801040,2017-12-01,3342.15,3344.36,3352.38,3294.16,14.79289616,110.391151531
801040,2017-12-04,3311.16,3362.15,3387.75,3298.85,15.76389855,113.95739246030001
801040,2017-12-05,3238.46,3308.68,3318.7,3227.93,17.40725868,124.6540121677
801040,2017-12-06,3178.93,3204.87,3204.87,3108.77,16.71192065,116.5491340759
801040,2017-12-07,3118.52,3155.87,3175.57,3116.3,11.00630425,78.87859094550001
801040,2017-12-08,3171.49,3102.29,3184.34,3083.3,14.36918749,98.1402553385
801040,2017-12-11,3190.75,3174.01,3191.12,3154.24,11.14122385,72.7600088732
801040,2017-12-12,3146.78,3189.81,3224.57,3145.65,11.3781538,80.16227807770001
801040,2017-12-13,3158.63,3126.02,3163.72,3112.32,9.06762092,61.614265842600005
801040,2017-12-14,3156.75,3157.71,3163.45,3135.61,8.22281779,61.316520285100005
801040,2017-12-15,3076.91,3145.31,3156.79,3069.27,11.5226797,81.4742784922
801040,2017-12-18,3112.14,3102.37,3112.14,3075.94,8.86209274,61.275800930699994
801040,2017-12-19,3116.73,3105.71,3116.74,3094.27,6.6137963,43.3135524787
801040,2017-12-20,3036.86,3110.94,3114.77,3036.86,10.26510378,69.1207006084
801040,2017-12-21,3071.48,3034.28,3075.47,3031.36,8.24207909,54.4240775512
801040,2017-12-22,3076.38,3078.82,3096.79,3068.05,7.67106829,51.9932378317
801040,2017-12-25,3012.47,3062.66,3062.66,3012.42,8.68428657,55.6803548913
801040,2017-12-26,3028.02,3008.43,3031.84,2994.07,7.24641239,46.746881777
801040,2017-12-27,3029.04,3022.66,3075.5,3014.57,9.52047272,62.7025419158
801040,2017-12-28,3091.64,3015.63,3106.87,3015.63,12.85303952,81.3312796228
801040,2017-12-29,3095.11,3090.57,3104.83,3079.91,7.78409095,50.3125077415
801040,2018-01-02,3190.85,3101.91,3194.55,3098.08,14.19581737,96.8537781325
801040,2018-01-03,3205.83,3189.01,3251.17,3181.45,16.0905724,106.2808119626
801040,2018-01-04,3229.75,3194.33,3263.63,3184.95,15.76753228,109.10225873540001
801040,2018-01-05,3200.44,3218.14,3238.55,3195.77,11.91594679,87.4537903411
801040,2018-01-08,3284.87,3195.51,3290.25,3191.29,17.59734203,123.89343810950001
801040,2018-01-09,3255.48,3286.51,3286.54,3238.84,11.76505476,84.67057507
801040,2018-01-10,3239.1,3237.44,3265.46,3207.22,11.39713512,80.2489318586
801040,2018-01-11,3182.3,3227.53,3227.53,3176.14,10.17322849,72.4663047018
801040,2018-01-12,3217.74,3189.34,3248.62,3178.11,13.97096816,91.4467364836
801040,2018-01-15,3102.94,3190.34,3190.34,3089.67,14.76866898,93.25686691850001
801040,2018-01-16,3122.67,3100.91,3123.74,3096.03,8.99355979,60.2719292691
801040,2018-01-17,3157.04,3121.04,3171.08,3094.06,12.06596579,84.8600425563
801040,2018-01-18,3217.07,3152.77,3228.95,3152.77,16.84354719,113.20985710709999
801040,2018-01-19,3230.95,3216.36,3275.8,3209.96,18.90392829,133.86332702229998
801040,2018-01-22,3287.14,3254.65,3308.63,3254.65,19.87534067,145.5449529787
801040,2018-01-23,3268.86,3276.63,3276.63,3240.26,15.07339259,111.114689234
801040,2018-01-24,3277.44,3264.49,3295.65,3249.55,14.11652886,100.6079573768
801040,2018-01-25,3317.62,3287.27,3328.12,3264.3,17.10474864,115.5490393129
801040,2018-01-26,3287.99,3304.47,3315.95,3274.0,14.05026824,101.5445147593
801040,2018-01-29,3359.24,3333.53,3388.24,3333.53,21.70940283,142.1154193437
801040,2018-01-30,3310.71,3365.05,3374.88,3310.71,19.18008934,128.86812585229998
801040,2018-01-31,3300.08,3283.36,3328.39,3269.93,16.21498315,106.7970529395
801040,2018-02-01,3314.07,3323.38,3411.88,3284.1,22.00591672,148.5549914369
801040,2018-02-02,3434.11,3286.64,3439.0,3200.81,25.16338353,169.4608347678
801040,2018-02-05,3503.65,3377.39,3545.05,3372.95,27.72707999,200.4752983519
801040,2018-02-06,3371.04,3425.55,3473.89,3363.82,24.99308461,179.1173948086
801040,2018-02-07,3321.11,3442.17,3483.43,3301.3,23.58329618,172.2931817731
801040,2018-02-08,3279.83,3286.07,3319.1,3221.16,16.58761208,114.8198239392
801040,2018-02-09,3136.33,3210.86,3229.23,3074.62,23.07166217,155.1156056869
801040,2018-02-12,3172.37,3126.9,3175.04,3103.82,13.05172318,90.0969212763
801040,2018-02-13,3187.64,3187.84,3235.6,3163.83,13.04423398,96.9365686303
801040,2018-02-14,3271.64,3187.84,3280.64,3173.12,13.25886214,97.83163236809999
801040,2018-02-22,3325.37,3296.72,3325.68,3250.93,15.10979793,109.3999967884
801040,2018-02-23,3373.57,3318.15,3384.23,3291.4,17.26887907,120.6285523908
801040,2018-02-26,3412.96,3420.04,3440.49,3382.94,18.67017983,139.065276194
801040,2018-02-27,3330.21,3407.11,3407.11,3314.01,14.83308661,112.7689440132
801040,2018-02-28,3354.42,3301.7,3366.4,3278.28,13.65620066,100.7338538578
801040,2018-03-01,3355.21,3320.42,3385.86,3315.07,13.23325885,101.11155422690001
801040,2018-03-02,3263.93,3304.91,3305.13,3261.24,13.80479947,95.5185373258
801040,2018-03-05,3209.83,3264.47,3278.06,3187.05,12.71249621,95.9370642223
801040,2018-03-06,3286.3,3222.5,3286.3,3193.02,13.96817432,99.99772450040001
801040,2018-03-07,3216.5,3270.52,3278.82,3208.88,10.66882165,74.9020793926
801040,2018-03-08,3227.58,3205.35,3236.87,3205.2,8.11376853,55.6403774924
801040,2018-03-09,3175.23,3223.47,3223.47,3151.12,14.99536798,101.8167549101
801040,2018-03-12,3205.84,3174.51,3213.91,3160.16,13.00292381,89.7661752232
801040,2018-03-13,3186.85,3197.12,3224.8,3183.68,10.59873783,68.05203990470001
801040,2018-03-14,3226.75,3173.79,3239.34,3165.43,11.55620849,76.8675439837
801040,2018-03-15,3206.26,3210.94,3222.94,3182.94,8.68663694,54.7895178486
801040,2018-03-16,3168.42,3213.1,3213.18,3168.42,8.5644498,59.972575226400004
801040,2018-03-19,3086.11,3139.95,3139.95,3085.41,11.01308,71.5272264633
801040,2018-03-20,3103.68,3055.72,3108.95,3049.82,7.60815026,45.3082415287
801040,2018-03-21,3075.83,3113.81,3118.94,3064.52,8.40397332,51.8655867589
801040,2018-03-22,3046.83,3078.81,3084.02,3040.99,6.74469714,39.8965578341
801040,2018-03-23,2869.97,2941.1,2941.66,2826.16,18.14460784,95.21349985379999
801040,2018-03-26,2840.49,2811.76,2845.0,2773.4,11.16204282,59.157639619399994
801040,2018-03-27,2870.77,2872.21,2887.82,2853.11,8.53648946,49.483122423000005
801040,2018-03-28,2850.41,2824.83,2884.08,2819.39,6.82053123,39.0267374728
801040,2018-03-29,2930.62,2867.1,2941.65,2840.21,11.84850549,73.07218586319999
801040,2018-03-30,2918.6,2926.9,2929.43,2899.42,7.87846439,49.706963728299996
801040,2018-04-02,2916.57,2932.11,2967.21,2913.41,9.47059642,62.644054041400004
801040,2018-04-03,2865.27,2879.77,2888.59,2855.06,7.34429073,47.358161848900004
801040,2018-04-04,2818.02,2860.74,2870.69,2815.47,6.73427701,43.4102127179
801040,2018-04-09,2854.88,2817.13,2860.59,2814.11,6.58958268,42.3509316259
801040,2018-04-10,2941.69,2872.55,2942.19,2872.55,10.49592332,68.2568081346
801040,2018-04-11,2925.88,2966.31,2973.0,2921.17,8.63131517,57.340787822799996
801040,2018-04-12,2903.08,2924.17,2924.17,2897.15,5.96445588,38.824504767
801040,2018-04-13,2914.36,2914.66,2924.21,2894.66,5.75888466,37.281445326
801040,2018-04-16,2855.29,2907.13,2907.9,2838.91,6.60253524,43.038971995
801040,2018-04-17,2843.1,2854.28,2879.08,2838.16,5.27468394,34.0355994886
801040,2018-04-18,2889.65,2877.05,2904.37,2864.31,8.40691879,55.78959192600001
801040,2018-04-19,2951.29,2900.16,2953.99,2896.49,9.01069262,61.8828678608
801040,2018-04-20,2888.97,2939.31,2941.1,2882.01,8.29427698,47.487329442299995
801040,2018-04-23,2897.04,2888.73,2913.2,2874.79,7.56614141,43.0265057512
801040,2018-04-24,2957.5,2924.33,2985.25,2924.26,10.97532796,71.39477680520001
801040,2018-04-25,2945.39,2937.97,2945.51,2921.87,6.61724069,40.904421499
801040,2018-04-26,2914.47,2943.11,2943.18,2899.98,6.19292765,37.1002612144
801040,2018-04-27,2916.37,2921.98,2932.91,2891.17,5.93639304,35.652606945100004
801040,2018-05-02,2892.75,2899.78,2912.7,2859.69,8.6589723,53.55037292229999
801040,2018-05-03,2908.01,2891.22,2914.99,2881.64,7.98545595,48.1021912375
801040,2018-05-04,2887.81,2902.26,2912.14,2880.28,6.75413213,40.4029363307
801040,2018-05-07,2901.63,2888.79,2909.55,2886.77,6.25717491,37.0810862549
801040,2018-05-08,2910.35,2900.4,2920.05,2899.61,5.71996619,36.6483519041
801040,2018-05-09,2880.56,2905.25,2908.61,2865.08,6.79315718,41.356629007399995
801040,2018-05-10,2888.65,2886.67,2893.02,2873.81,5.14020999,29.3374370891
801040,2018-05-11,2894.04,2897.09,2899.9,2874.85,5.75679568,36.6656283652
801040,2018-05-14,2891.91,2894.09,2898.37,2884.27,4.93948131,30.420502814499997
801040,2018-05-15,2892.08,2899.05,2902.46,2865.68,6.16595574,40.1877567064
801040,2018-05-16,2866.69,2879.6,2880.78,2861.64,5.24018246,32.4546303677
801040,2018-05-17,2852.76,2865.93,2870.19,2848.33,5.16267459,30.097950095999998
801040,2018-05-18,2857.66,2848.32,2861.8,2836.51,4.96692154,30.262760149
801040,2018-05-21,2876.93,2884.33,2896.2,2872.8,7.61875642,44.6762110167
801040,2018-05-22,2847.06,2862.82,2862.82,2832.2,5.9151145,34.5973865502
801040,2018-05-23,2790.66,2839.87,2839.95,2790.46,6.25866388,36.8915768151
801040,2018-05-24,2789.9,2789.43,2798.72,2785.37,4.31792101,24.816330068899997
801040,2018-05-25,2769.8,2791.14,2793.04,2761.25,4.42534826,25.8259163324
801040,2018-05-28,2725.6,2766.21,2768.38,2722.83,9.64375684,34.6099101645
801040,2018-05-29,2748.72,2707.76,2756.53,2687.3,10.35715406,50.0913035675
801040,2018-05-30,2661.57,2709.75,2709.85,2660.45,8.43876735,40.0712564463
801040,2018-05-31,2700.33,2680.66,2701.32,2660.2,7.52032118,35.9829103152
801040,2018-06-01,2721.14,2691.6,2754.73,2691.6,9.4236933,51.623169464499995
801040,2018-06-04,2745.91,2733.59,2751.22,2728.86,6.86416781,36.4093029799
801040,2018-06-05,2752.86,2746.73,2752.88,2729.08,6.13100084,29.666150206300003
801040,2018-06-06,2764.86,2746.67,2769.57,2744.57,6.25576508,33.6935407664
801040,2018-06-07,2813.36,2778.41,2824.88,2778.41,12.74012259,69.83065776859999
801040,2018-06-08,2768.05,2776.31,2787.23,2752.64,9.27895554,50.931726338000004
801040,2018-06-11,2802.61,2754.46,2822.97,2750.19,10.08229313,60.487711140900004
801040,2018-06-12,2816.21,2804.32,2819.7,2774.84,8.30456942,47.76808505819999
801040,2018-06-13,2818.53,2801.12,2849.35,2797.01,11.06855428,64.4434718637
801040,2018-06-14,2867.93,2804.69,2883.96,2786.26,14.72743593,79.7594904097
801040,2018-06-15,2853.44,2853.32,2885.39,2842.47,15.32927273,82.7051154254
801040,2018-06-19,2674.55,2815.52,2815.52,2647.7,18.04098407,89.47852853290001
801040,2018-06-20,2739.24,2672.28,2743.38,2666.4,14.33959614,70.2269168663
801040,2018-06-21,2762.56,2733.22,2845.95,2730.29,20.3782065,95.21154988290002
801040,2018-06-22,2792.41,2726.26,2807.09,2696.39,16.33133583,81.4135636633
801040,2018-06-25,2730.55,2790.86,2793.18,2729.09,11.36494799,58.2374567218
801040,2018-06-26,2674.38,2685.56,2685.56,2616.63,12.54544848,67.2789939045
801040,2018-06-27,2609.72,2668.55,2676.91,2604.18,10.17114867,51.4720016439
801040,2018-06-28,2592.87,2618.7,2645.93,2586.82,8.79492852,44.9007864191
801040,2018-06-29,2632.04,2603.57,2636.5,2571.19,9.52328128,47.3739175863
801040,2018-07-02,2558.09,2619.08,2619.4,2535.95,9.43693872,47.462700443100005
801040,2018-07-03,2560.04,2554.21,2560.07,2503.1,7.90644871,38.7024129347
801040,2018-07-04,2580.99,2574.52,2622.34,2574.47,11.35277967,58.1079817865
801040,2018-07-05,2509.97,2560.12,2560.12,2507.67,9.68486836,45.6636055149
801040,2018-07-06,2526.22,2504.49,2549.05,2489.34,9.46944251,44.1933219954
801040,2018-07-09,2586.6,2540.41,2587.83,2537.11,8.70432831,44.6840743888
801040,2018-07-10,2618.04,2580.62,2636.72,2580.62,10.42313172,56.507838182
801040,2018-07-11,2583.35,2566.0,2587.18,2541.89,8.93596171,47.0964401418
801040,2018-07-12,2630.89,2597.41,2640.93,2597.41,10.81922523,58.69825987270001
801040,2018-07-13,2642.66,2640.1,2661.27,2614.53,10.14290176,57.3653821492
801040,2018-07-16,2635.78,2639.96,2647.23,2618.89,6.66897555,39.1830640992
801040,2018-07-17,2601.77,2623.82,2625.66,2576.88,6.81257203,40.0385419821
801040,2018-07-18,2592.14,2605.32,2622.2,2591.7,6.21140437,34.485457070900004
801040,2018-07-19,2638.94,2609.15,2648.83,2609.15,10.82396855,62.0642230185
801040,2018-07-20,2670.7,2631.98,2670.76,2604.46,10.74295469,59.3104922391
801040,2018-07-23,2736.37,2649.79,2745.88,2645.69,14.54597629,82.0446693037
801040,2018-07-24,2811.14,2777.25,2869.0,2777.25,22.40875425,131.2080138976
801040,2018-07-25,2863.74,2810.9,2892.43,2797.25,20.30123769,107.05729950950001
801040,2018-07-26,2835.66,2851.14,2863.36,2814.87,13.57808617,72.5085091964
801040,2018-07-27,2885.78,2866.16,2895.02,2832.4,17.67200012,93.1044413803
801040,2018-07-30,2902.99,2887.25,2953.46,2879.37,18.27252229,100.8307461184
801040,2018-07-31,2886.14,2884.07,2899.53,2844.01,10.29216898,59.7262976929
801040,2018-08-01,2800.04,2918.15,2923.86,2796.99,14.80962364,90.47446548120001
801040,2018-08-02,2796.41,2792.42,2809.21,2726.81,15.77797604,87.697904219
801040,2018-08-03,2769.8,2790.57,2832.41,2769.78,12.13732765,68.27893827369999
801040,2018-08-06,2755.19,2766.32,2791.58,2717.57,9.93318989,55.9953377467
801040,2018-08-07,2841.38,2769.89,2842.88,2746.06,11.91626111,66.4700273357
801040,2018-08-08,2854.85,2832.52,2899.79,2827.68,16.25425353,88.02316175680001
801040,2018-08-09,2874.4,2830.36,2889.73,2812.72,12.83020958,69.3258447569
801040,2018-08-10,2860.63,2871.42,2879.11,2845.54,9.68814349,56.238336002
801040,2018-08-13,2904.11,2837.49,2904.3,2824.82,12.12912393,74.1035954154
801040,2018-08-14,2856.9,2896.11,2898.63,2846.15,10.96845353,68.7475581128
801040,2018-08-15,2794.21,2853.31,2857.75,2786.56,9.6086028,56.0154254847
801040,2018-08-16,2758.0,2751.07,2788.5,2733.71,11.10547404,49.7108326317
801040,2018-08-17,2750.59,2786.29,2793.12,2747.13,9.72504031,50.719923701599996
801040,2018-08-20,2805.3,2761.22,2805.3,2736.42,9.54602111,52.3702480914
801040,2018-08-21,2802.39,2794.15,2822.05,2787.64,8.8805838,49.7478740031
801040,2018-08-22,2790.91,2793.86,2831.44,2790.91,8.29589826,45.302605022
801040,2018-08-23,2761.95,2784.43,2790.95,2735.5,9.37108236,52.3762056457
801040,2018-08-24,2746.94,2755.3,2761.79,2736.06,7.52879714,38.2961879909
801040,2018-08-27,2776.24,2747.97,2778.2,2742.27,9.21569539,47.070877463100004
801040,2018-08-28,2777.28,2775.08,2791.58,2765.01,8.17996577,45.4874329508
801040,2018-08-29,2753.15,2770.41,2773.92,2751.35,7.57658596,39.9434887246
801040,2018-08-30,2698.62,2747.84,2756.4,2698.62,10.46776909,56.3762314684
801040,2018-08-31,2687.91,2686.81,2707.75,2679.22,7.52259835,36.0091173994
801040,2018-09-03,2676.38,2684.84,2686.08,2645.29,7.52709606,37.4897189232
801040,2018-09-04,2703.34,2675.02,2715.27,2666.43,7.41044053,37.2865056661
801040,2018-09-05,2648.98,2693.37,2693.44,2648.98,6.71590313,34.9029412013
801040,2018-09-06,2639.91,2646.13,2672.31,2634.13,5.64315072,27.2182492053
801040,2018-09-07,2662.01,2659.47,2688.56,2650.76,7.23322913,37.0621181832
801040,2018-09-10,2653.51,2672.77,2676.54,2644.34,6.1150649,31.3092132521
801040,2018-09-11,2555.64,2634.22,2634.42,2544.72,13.65021981,71.862672071
801040,2018-09-12,2550.5,2551.69,2567.56,2540.0,7.08489465,35.587645239000004
801040,2018-09-13,2562.92,2569.65,2579.05,2537.87,7.22297876,34.389035970100004
801040,2018-09-14,2573.9,2563.44,2585.78,2550.66,7.48312272,32.6309609292
801040,2018-09-17,2518.25,2554.62,2555.87,2517.93,7.30246598,31.0647305358
801040,2018-09-18,2597.22,2512.51,2601.46,2511.28,10.98324919,53.1089525105
801040,2018-09-19,2607.63,2590.5,2627.0,2587.37,9.87202803,47.701506756099995
801040,2018-09-20,2618.54,2609.91,2633.13,2609.89,8.33649466,38.4956237007
801040,2018-09-21,2662.49,2617.39,2667.22,2602.6,9.97521485,45.8103177142
801040,2018-09-25,2636.07,2640.4,2649.82,2632.11,6.67636765,33.8402223141
801040,2018-09-26,2652.9,2649.36,2674.68,2645.41,9.69769541,45.9068912388
801040,2018-09-27,2654.07,2655.72,2672.45,2651.46,9.28009239,44.073934753100005
801040,2018-09-28,2688.32,2633.56,2692.17,2617.18,19.81940172,64.9134325441
801040,2018-10-08,2612.4,2644.52,2666.77,2602.93,15.71294994,54.985716627200006
801040,2018-10-09,2622.59,2608.02,2632.95,2607.11,9.4469516,35.5087150218
801040,2018-10-10,2632.82,2625.9,2647.2,2605.14,10.83735574,45.5177919185
801040,2018-10-11,2488.74,2564.32,2576.37,2470.71,15.14326052,58.121168063199995
801040,2018-10-12,2550.7,2477.92,2564.52,2450.45,14.18252622,57.2762134436
801040,2018-10-15,2507.53,2558.21,2558.21,2497.22,9.96583629,43.1239747853
801040,2018-10-16,2460.46,2500.72,2530.66,2453.69,8.72339175,38.9453404104
801040,2018-10-17,2494.05,2491.71,2498.01,2446.43,8.39658609,36.51975208
801040,2018-10-18,2400.78,2471.09,2471.22,2399.64,9.98675203,40.731453091300004
801040,2018-10-19,2446.72,2369.24,2450.02,2352.92,11.04383435,46.5260014633
801040,2018-10-22,2551.01,2462.08,2564.83,2462.04,15.08758332,66.6742251483
801040,2018-10-23,2493.66,2541.68,2549.91,2473.87,11.94097205,53.5492125768
801040,2018-10-24,2504.26,2484.55,2531.51,2471.98,9.07835294,40.6675317061
801040,2018-10-25,2513.49,2444.52,2515.07,2431.4,10.35959841,44.7172972546
801040,2018-10-26,2537.8,2524.8,2577.35,2524.8,13.83344534,61.469573848
801040,2018-10-29,2496.51,2528.57,2535.84,2486.46,8.56591133,37.0926790004
801040,2018-10-30,2524.02,2494.47,2531.38,2458.82,11.97284352,46.392771317
801040,2018-10-31,2555.6,2520.21,2570.68,2508.46,14.53631473,57.804775422
801040,2018-11-01,2530.32,2568.28,2573.52,2527.51,13.00024333,59.2672479554
801040,2018-11-02,2578.31,2548.82,2578.31,2539.38,12.52209284,57.434088032700004
801040,2018-11-05,2551.03,2566.92,2570.28,2528.85,10.65411033,49.496325208
801040,2018-11-06,2542.13,2544.33,2547.8,2527.37,7.49916846,35.7618643319
801040,2018-11-07,2517.66,2538.28,2560.08,2516.72,9.0075324,41.603080208
801040,2018-11-08,2514.07,2535.3,2536.67,2506.59,7.19776427,31.381876944299997
801040,2018-11-09,2488.3,2504.45,2511.86,2486.66,5.6631943,24.2491745515
801040,2018-11-12,2515.42,2476.39,2517.27,2470.1,9.22236872,40.8587742271
801040,2018-11-13,2542.2,2486.84,2551.22,2484.07,14.50912634,53.7021866863
801040,2018-11-14,2561.54,2534.8,2603.14,2532.91,19.95464338,72.389579904
801040,2018-11-15,2571.5,2553.39,2571.5,2543.92,10.34730753,41.7971150238
801040,2018-11-16,2535.61,2551.57,2556.14,2527.07,9.92092812,41.677525799899996
801040,2018-11-19,2527.53,2516.91,2527.53,2490.35,10.81847277,50.8555458265
801040,2018-11-20,2478.93,2494.92,2536.09,2478.93,11.66358768,61.0073605966
801040,2018-11-21,2481.16,2443.13,2500.08,2435.37,12.73013739,56.4418236971
801040,2018-11-22,2438.47,2463.98,2466.34,2434.79,7.30111232,35.820795368
801040,2018-11-23,2350.14,2431.09,2435.78,2350.14,9.81847583,44.212533037200004
801040,2018-11-26,2298.25,2326.33,2337.07,2292.05,7.85988609,38.3616045002
801040,2018-11-27,2288.17,2301.77,2308.24,2273.72,6.62774889,34.578184334899994
801040,2018-11-28,2291.43,2283.35,2293.41,2251.89,7.56248676,38.074314717600004
801040,2018-11-29,2248.71,2301.26,2303.93,2248.47,8.13031909,36.2679454256
801040,2018-11-30,2254.38,2238.55,2254.38,2220.16,8.545055,33.718904848499996
801040,2018-12-03,2301.7,2299.61,2313.79,2285.66,10.02677226,42.8030238592
801040,2018-12-04,2344.54,2303.31,2349.92,2294.85,10.13458585,49.0904099909
801040,2018-12-05,2330.73,2311.34,2340.39,2307.55,8.98723084,45.8024343239
801040,2018-12-06,2295.68,2320.34,2325.7,2295.68,6.58513778,32.264995897199995
801040,2018-12-07,2309.79,2295.28,2314.07,2295.2,4.98867784,26.124411625900002
801040,2018-12-10,2293.55,2297.36,2308.45,2282.49,5.65204652,28.0222803929
801040,2018-12-11,2294.38,2300.49,2300.85,2282.04,5.22425229,26.182763529499997
801040,2018-12-12,2301.48,2303.47,2312.86,2297.21,5.28008902,26.8867573921
801040,2018-12-13,2332.81,2308.3,2343.94,2298.16,9.18791609,40.7411800771
801040,2018-12-14,2284.04,2329.72,2330.46,2284.04,9.18411644,39.134440859
801040,2018-12-17,2300.32,2279.81,2304.35,2279.81,5.68912452,23.334168257800002
801040,2018-12-18,2280.19,2289.01,2305.73,2270.53,5.41378888,24.1374055402
801040,2018-12-19,2261.89,2284.47,2290.33,2261.89,4.39061127,19.9380497935
801040,2018-12-20,2259.69,2260.46,2270.01,2248.55,4.99682966,22.7176550173
801040,2018-12-21,2249.62,2257.73,2261.28,2241.63,4.67971186,21.4055635996
801040,2018-12-24,2253.29,2243.37,2257.0,2235.52,4.01359353,17.2268006501
801040,2018-12-25,2195.13,2236.23,2236.38,2166.0,7.55784112,29.98269432
801040,2018-12-26,2187.04,2193.07,2202.68,2182.9,3.95138941,16.8774243961
801040,2018-12-27,2172.34,2209.79,2209.79,2172.34,6.63101091,24.695370351399998
801040,2018-12-28,2178.37,2173.96,2188.13,2167.3,4.7675099,19.5597420617
801040,2019-01-02,2141.76,2179.56,2181.01,2138.61,4.86635619,21.9915517327
801040,2019-01-03,2152.15,2140.42,2161.47,2134.46,5.27682166,23.8167987768
801040,2019-01-04,2188.38,2132.35,2188.38,2128.28,7.03737634,28.397169388400002
801040,2019-01-07,2218.42,2198.64,2220.88,2186.51,7.70407918,33.0864978786
801040,2019-01-08,2211.93,2215.17,2220.94,2207.31,5.38014972,23.2402959783
801040,2019-01-09,2228.81,2217.23,2262.34,2217.15,8.44382671,37.388753611300004
801040,2019-01-10,2222.38,2229.09,2246.72,2218.57,5.77804413,26.0250411952
801040,2019-01-11,2239.15,2224.82,2240.74,2218.32,4.98618663,20.7162185053
801040,2019-01-14,2266.5,2238.86,2286.34,2238.86,9.58631291,42.1323688304
801040,2019-01-15,2268.43,2261.59,2271.49,2249.0,6.67409212,29.608678807600004
801040,2019-01-16,2263.28,2270.39,2274.51,2257.85,5.52312629,24.992542916799998
801040,2019-01-17,2268.42,2269.08,2295.12,2261.05,9.78410001,40.3747452004
801040,2019-01-18,2334.66,2274.07,2346.64,2269.5,16.81803276,73.539495057
801040,2019-01-21,2334.72,2336.28,2343.59,2323.86,10.55023531,50.3602897983
801040,2019-01-22,2286.84,2335.66,2335.66,2282.37,8.86743014,39.5928438626
801040,2019-01-23,2280.38,2281.32,2292.67,2266.86,5.52005224,25.802587705700002
801040,2019-01-24,2272.37,2281.48,2281.48,2252.88,5.65377528,26.6479095384
801040,2019-01-25,2279.22,2281.97,2295.36,2279.22,6.6194449,31.4852122197
801040,2019-01-28,2263.51,2288.43,2301.11,2261.41,6.020416,27.994823216999997
801040,2019-01-29,2287.63,2262.13,2291.49,2229.77,10.48449939,48.7751268788
801040,2019-01-30,2275.33,2278.6,2294.15,2274.86,8.10367012,39.1686499161
801040,2019-01-31,2261.23,2277.38,2286.89,2254.66,7.66023492,34.8054348339
801040,2019-02-01,2297.38,2273.39,2299.91,2267.53,6.7442578,31.2419940524
801040,2019-02-11,2337.22,2311.0,2339.48,2311.0,10.47371164,48.8665546987
801040,2019-02-12,2349.69,2328.81,2353.13,2321.27,11.08117788,50.261655738900004
801040,2019-02-13,2385.21,2349.93,2389.76,2333.42,15.05508503,67.2882549228
801040,2019-02-14,2381.72,2377.86,2395.21,2371.14,10.71789926,49.9607562095
801040,2019-02-15,2348.83,2376.31,2376.31,2347.62,9.18689256,44.296119714
801040,2019-02-18,2402.93,2361.93,2402.93,2361.89,13.39171813,59.057610906899995
801040,2019-02-19,2402.57,2403.33,2421.14,2381.85,14.49928087,62.4695491406
801040,2019-02-20,2413.66,2398.92,2434.18,2392.76,11.78107361,52.392810313999995
801040,2019-02-21,2388.08,2414.11,2424.59,2383.23,13.16880526,60.0748579916
801040,2019-02-22,2417.98,2394.39,2417.98,2380.97,12.64625401,62.1508665824
801040,2019-02-25,2542.86,2427.42,2543.44,2425.32,32.67232959,139.0279700702
801040,2019-02-26,2628.12,2538.8,2718.72,2516.51,47.7702588,195.4076732571
801040,2019-02-27,2599.64,2602.23,2652.17,2581.29,29.92481777,121.79036707610001
801040,2019-02-28,2600.85,2601.18,2624.8,2582.08,17.74850104,74.57058437239999
801040,2019-03-01,2637.05,2612.24,2637.05,2590.96,19.41796968,88.20664093120001
801040,2019-03-04,2671.16,2652.06,2712.69,2647.52,29.05384035,133.398958746
801040,2019-03-05,2675.24,2652.13,2677.05,2640.78,18.50221799,83.4245620213
801040,2019-03-06,2790.27,2674.15,2805.64,2674.15,47.43653605,184.0563764362
801040,2019-03-07,2800.99,2784.44,2826.21,2752.28,40.02787011,155.1076446589
801040,2019-03-08,2616.99,2740.23,2740.45,2615.28,32.4647562,131.5075055296
801040,2019-03-11,2675.32,2609.76,2678.24,2609.76,19.45751051,79.3063754946
801040,2019-03-12,2695.23,2706.42,2723.4,2667.97,22.73456394,98.1352108603
801040,2019-03-13,2653.31,2690.22,2690.22,2642.21,17.75419485,73.9101278915
801040,2019-03-14,2632.99,2640.86,2689.02,2613.71,19.25965108,81.022901947
801040,2019-03-15,2656.99,2643.04,2677.44,2638.26,15.39420682,72.4040011296
801040,2019-03-18,2765.42,2674.11,2771.3,2674.11,27.57829797,132.6529819061
801040,2019-03-19,2735.29,2766.32,2766.98,2724.28,20.13202192,103.65416226040001
801040,2019-03-20,2729.07,2732.58,2748.07,2696.18,17.50461896,85.3252976679
801040,2019-03-21,2726.26,2729.73,2741.45,2716.81,16.29300827,76.4606738746
801040,2019-03-22,2719.34,2723.88,2723.88,2681.53,15.09343774,69.7013798702
801040,2019-03-25,2655.12,2674.3,2692.35,2654.66,15.59376815,70.5502331857
801040,2019-03-26,2591.59,2662.66,2670.93,2583.35,15.15168692,64.7098348367
801040,2019-03-27,2611.26,2606.12,2611.35,2578.13,11.08434724,51.390055967799995
801040,2019-03-28,2564.31,2597.82,2597.82,2562.43,10.81128579,53.529930198
801040,2019-03-29,2635.0,2564.77,2636.81,2560.45,17.13519653,76.9214136371
801040,2019-04-01,2731.67,2660.87,2731.67,2660.87,23.07670162,117.9413324242
801040,2019-04-02,2732.47,2743.16,2743.16,2711.59,19.53601819,106.2437238273
801040,2019-04-03,2772.78,2724.79,2775.29,2717.0,20.309144,108.33327072770001
801040,2019-04-04,2782.31,2781.36,2809.8,2760.0,22.93481948,119.92980027120001
801040,2019-04-08,2899.25,2798.91,2899.25,2793.59,41.75801701,218.3379903973
801040,2019-04-09,2836.03,2890.45,2890.45,2813.76,25.40978935,140.1098754748
801040,2019-04-10,2799.76,2809.49,2824.0,2777.77,17.96409848,91.55054748309999
801040,2019-04-11,2748.16,2799.09,2804.65,2742.98,14.35024204,75.6780610311
801040,2019-04-12,2718.53,2727.6,2729.84,2701.52,14.69038872,77.7454952132
801040,2019-04-15,2699.47,2745.84,2756.98,2697.05,14.38429593,72.8685847694
801040,2019-04-16,2743.39,2685.69,2745.13,2671.16,13.64366684,64.5835505575
801040,2019-04-17,2737.07,2743.2,2745.07,2721.75,11.56597948,56.21449734
801040,2019-04-18,2727.99,2733.75,2747.81,2725.72,9.70099224,50.3190080195
801040,2019-04-19,2751.81,2731.66,2753.59,2699.14,12.39622847,59.979561638
801040,2019-04-22,2703.82,2756.63,2756.63,2697.33,11.92254207,58.2636796958
801040,2019-04-23,2669.98,2696.17,2696.17,2663.82,11.32664063,53.204801386199996
801040,2019-04-24,2680.67,2671.82,2681.74,2648.2,9.13778583,41.1051277316
801040,2019-04-25,2596.89,2665.44,2665.44,2596.85,12.82791251,60.453133748599996
801040,2019-04-26,2518.09,2566.9,2567.98,2516.71,13.64977864,58.65869912270001
801040,2019-04-29,2472.38,2522.95,2528.26,2463.58,11.09657193,49.8595552699
801040,2019-04-30,2493.94,2466.17,2503.0,2466.17,7.48124959,35.6405733403
801040,2019-05-06,2355.31,2447.1,2447.1,2323.86,14.27076285,60.9865599196
801040,2019-05-07,2368.17,2365.61,2382.52,2340.94,10.03670787,46.543759776
801040,2019-05-08,2320.5,2308.42,2342.79,2298.31,9.15258525,39.6621037606
801040,2019-05-09,2297.5,2303.7,2318.62,2282.86,7.39943021,32.0145553681
801040,2019-05-10,2349.2,2306.76,2349.2,2284.7,10.98926201,44.184653220200005
801040,2019-05-13,2312.61,2326.05,2328.34,2306.76,6.83098703,28.4236966016
801040,2019-05-14,2296.35,2285.15,2307.72,2285.15,7.0605126,28.6472479619
801040,2019-05-15,2335.15,2305.93,2340.9,2305.68,7.6847051,36.8418687973
801040,2019-05-16,2395.25,2333.12,2405.23,2333.03,16.18563197,54.2409421568
801040,2019-05-17,2317.97,2388.64,2388.64,2312.56,12.64956662,44.4685667908
801040,2019-05-20,2322.5,2310.57,2325.2,2280.2,9.0771691,32.451870443000004
801040,2019-05-21,2371.23,2316.68,2384.37,2316.68,15.8960525,49.9732468917
801040,2019-05-22,2330.53,2345.26,2362.39,2330.53,12.56435238,45.903402586999995
801040,2019-05-23,2303.31,2320.23,2331.04,2297.29,9.85894749,35.4389099385
801040,2019-05-24,2299.87,2289.67,2315.73,2289.67,7.90314155,26.714494119
801040,2019-05-27,2335.89,2300.71,2341.23,2295.81,10.33843074,34.7086037938
801040,2019-05-28,2345.82,2334.43,2356.12,2334.43,10.28833124,37.1128899885
801040,2019-05-29,2355.39,2343.93,2369.1,2343.75,11.93954233,35.8968059979
801040,2019-05-30,2331.79,2338.9,2340.36,2312.79,10.19046038,37.9506931746
801040,2019-05-31,2305.79,2297.95,2329.3,2293.2,12.27047379,38.4130801531
801040,2019-06-03,2295.2,2309.59,2320.09,2287.83,11.01579186,37.9822124893
801040,2019-06-04,2256.21,2290.75,2290.75,2248.34,8.59998284,31.461164351799997
801040,2019-06-05,2262.34,2281.74,2284.72,2260.45,6.71888546,26.571897124699998
801040,2019-06-06,2235.08,2263.13,2263.13,2234.09,8.51729748,27.7903683432
801040,2019-06-10,2235.5,2243.24,2248.71,2220.59,6.6591857,22.063106472399998
801040,2019-06-11,2308.23,2240.54,2311.44,2239.75,14.89233081,48.726291205900004
801040,2019-06-12,2291.81,2301.31,2317.68,2289.66,17.32865793,46.5924928175
801040,2019-06-13,2288.29,2284.84,2291.64,2264.87,10.41345727,29.302320931799997
801040,2019-06-14,2257.04,2288.67,2291.14,2257.04,8.88669233,27.5267650856
801040,2019-06-17,2261.51,2256.0,2268.23,2248.48,7.0865982,23.5202781109
801040,2019-06-18,2250.32,2264.62,2264.68,2245.73,6.87392545,19.6225768648
801040,2019-06-19,2265.27,2283.39,2294.46,2263.75,8.1270133,26.5121504583
801040,2019-06-20,2290.34,2266.95,2297.89,2252.0,10.68754434,35.3224170232
801040,2019-06-21,2314.04,2289.61,2317.66,2289.61,11.08968715,36.9285110903
801040,2019-06-24,2355.98,2322.97,2380.19,2322.93,15.43564704,65.3131667011
801040,2019-06-25,2323.71,2351.65,2351.65,2298.75,10.95163301,42.5418646334
801040,2019-06-26,2312.28,2314.42,2325.2,2309.98,5.80381246,24.1603965349
801040,2019-06-27,2318.94,2318.27,2342.71,2314.64,8.03623837,32.8304059096
801040,2019-06-28,2288.07,2314.02,2314.02,2276.19,7.10533645,25.6885361477
801040,2019-07-01,2330.1,2319.88,2332.25,2309.06,8.87069579,34.265115903
801040,2019-07-02,2322.33,2327.41,2327.41,2314.11,7.81281581,30.1471843868
801040,2019-07-03,2301.19,2319.14,2319.14,2293.74,7.52193001,26.9372828865
801040,2019-07-04,2300.45,2303.65,2309.7,2292.59,5.5263504,20.3036106566
801040,2019-07-05,2304.27,2299.43,2308.46,2287.56,4.09945745,16.5394659503
801040,2019-07-08,2237.35,2296.36,2296.36,2234.45,8.53973075,28.7059179813
801040,2019-07-09,2236.98,2239.91,2245.11,2223.96,4.39278018,16.3328692455
801040,2019-07-10,2212.4,2237.53,2239.59,2206.12,4.29331045,16.7292249814
801040,2019-07-11,2209.16,2219.69,2235.2,2204.8,4.03440371,15.576992054000002
801040,2019-07-12,2203.76,2203.85,2210.68,2191.59,3.92125764,14.4899691244
801040,2019-07-15,2210.89,2200.56,2216.83,2166.74,5.94378772,21.615997628899997
801040,2019-07-16,2217.95,2208.34,2226.81,2206.63,5.0265404,20.908603421400002
801040,2019-07-17,2214.78,2215.09,2225.69,2210.32,5.31579593,17.9474904668
801040,2019-07-18,2192.67,2210.23,2210.26,2192.67,5.03472364,16.659026715499998
801040,2019-07-19,2201.19,2193.73,2217.5,2193.24,4.51203694,16.2291289974
801040,2019-07-22,2161.62,2199.25,2199.25,2158.96,6.51110849,21.238407308699998
801040,2019-07-23,2177.28,2163.72,2178.54,2163.68,3.89124461,14.7413554667
801040,2019-07-24,2187.64,2180.59,2199.01,2180.59,4.29387385,16.2454743301
801040,2019-07-25,2185.46,2186.09,2188.98,2178.54,4.00505066,16.6718063535
801040,2019-07-26,2180.46,2178.06,2183.94,2173.3,3.50143664,13.403907493
801040,2019-07-29,2167.31,2174.82,2177.76,2163.13,3.67760984,14.8794608512
801040,2019-07-30,2179.71,2170.13,2186.4,2170.13,4.76914392,17.3739973365
801040,2019-07-31,2165.69,2176.66,2176.66,2163.87,4.27938708,16.8348126441
801040,2019-08-01,2141.79,2161.1,2161.14,2140.31,3.98954978,15.259485916600001
801040,2019-08-02,2117.79,2118.71,2118.71,2103.88,8.14236629,24.8552390108
801040,2019-08-05,2084.24,2109.11,2113.21,2082.67,5.85036607,19.43333666
801040,2019-08-06,2016.5,2056.49,2056.49,1995.36,9.23222504,28.724442021399998
801040,2019-08-07,2016.94,2022.27,2028.12,2010.08,5.40351474,17.0632200581
801040,2019-08-08,2026.88,2020.42,2032.35,2019.59,4.37807148,14.680786543900002
801040,2019-08-09,2019.54,2032.37,2040.72,2019.27,4.4555805,17.2338528953
801040,2019-08-12,2031.21,2020.97,2032.06,2011.03,3.76573666,14.3356112841
801040,2019-08-13,2013.92,2021.96,2022.13,2011.23,3.01201093,10.9228867953
801040,2019-08-14,2019.16,2029.81,2036.37,2017.89,3.09252931,11.2429006309
801040,2019-08-15,2023.23,1990.02,2026.34,1981.64,6.23756937,20.8915186648
801040,2019-08-16,2017.75,2020.54,2029.6,2015.96,4.02309721,14.6317406191
801040,2019-08-19,2059.2,2024.11,2059.44,2024.11,6.5312383,22.5203055422
801040,2019-08-20,2059.58,2059.24,2073.86,2055.55,5.97954885,21.1988778674
801040,2019-08-21,2052.3,2057.07,2060.42,2047.15,3.75571264,14.0692479746
801040,2019-08-22,2043.7,2055.92,2055.92,2036.29,3.89776413,13.7008611505
801040,2019-08-23,2044.22,2042.16,2048.68,2037.3,3.83153624,15.038642221400002
801040,2019-08-26,2028.19,2012.04,2030.07,2006.52,4.91676978,19.8546164244
801040,2019-08-27,2066.56,2036.88,2070.15,2035.14,7.3003484,25.939673514899997
801040,2019-08-28,2068.68,2063.18,2073.83,2058.81,6.85186608,23.536217547600003
801040,2019-08-29,2056.7,2069.7,2069.7,2051.96,5.14036524,17.4388396015
801040,2019-08-30,2041.89,2066.5,2069.41,2034.26,5.41827876,18.5043676443
801040,2019-09-02,2075.85,2045.19,2080.77,2040.88,7.3987006,25.2663161973
801040,2019-09-03,2083.94,2077.61,2086.61,2074.77,5.76137787,20.9692664352
801040,2019-09-04,2120.51,2079.1,2120.51,2078.01,8.71986973,33.4092030272
801040,2019-09-05,2124.7,2128.95,2153.3,2123.95,11.1273439,40.827227813600004
801040,2019-09-06,2120.17,2127.17,2132.31,2109.84,5.48324089,20.7110496489
801040,2019-09-09,2146.93,2135.72,2146.93,2126.75,6.89389945,27.3322129046
801040,2019-09-10,2151.13,2147.58,2151.23,2136.31,6.2976204,25.0445954998
801040,2019-09-11,2149.18,2154.8,2156.37,2144.84,5.6788814,23.1599999811
801040,2019-09-12,2170.47,2155.47,2173.89,2153.54,7.35957024,28.4284695508
801040,2019-09-16,2166.91,2172.87,2184.45,2162.52,7.272621,29.942898378000002
801040,2019-09-17,2121.34,2165.95,2165.95,2118.79,8.27287046,29.569016431399998
801040,2019-09-18,2114.92,2124.5,2130.52,2112.26,4.87986767,18.177402290899998
801040,2019-09-19,2121.84,2119.41,2126.18,2103.61,5.73657281,19.3884192804
801040,2019-09-20,2113.24,2124.09,2124.09,2110.14,5.46258556,19.5999309246
801040,2019-09-23,2094.69,2112.97,2112.97,2081.53,5.16363235,19.8172032255
801040,2019-09-24,2085.56,2095.81,2103.27,2083.19,4.15327675,16.5294185379
801040,2019-09-25,2062.64,2082.54,2082.62,2062.64,4.51571075,17.740368165899998
801040,2019-09-26,2050.57,2066.99,2070.61,2050.37,5.23362045,21.2820030362
801040,2019-09-27,2049.29,2051.43,2060.38,2047.55,4.68636042,22.3447142698
801040,2019-09-30,2034.98,2052.15,2057.24,2034.98,3.67474909,15.648190872699999
801040,2019-10-08,2042.43,2038.19,2052.1,2036.77,3.90866925,15.525314677699999
801040,2019-10-09,2057.31,2039.48,2057.31,2034.71,3.41770541,14.937488381800001
801040,2019-10-10,2065.75,2060.7,2066.05,2054.88,4.02822092,17.7906713987
801040,2019-10-11,2073.39,2069.25,2076.47,2055.69,4.64055083,19.6725226236
801040,2019-10-14,2091.32,2079.93,2101.86,2079.93,6.78314959,26.002078718099998
801040,2019-10-15,2073.86,2089.39,2089.39,2073.7,4.3040339,16.9892599425
801040,2019-10-16,2063.21,2077.48,2082.37,2061.3,3.80746171,15.5622510279
801040,2019-10-17,2056.68,2064.75,2065.37,2052.41,3.20731193,13.1206026476
801040,2019-10-18,2039.08,2059.77,2063.02,2034.19,4.91732894,18.1216052803
801040,2019-10-21,2033.82,2035.58,2035.58,2019.56,4.53077377,15.339336542
801040,2019-10-22,2042.47,2035.32,2043.61,2030.06,3.38775834,13.8155118742
801040,2019-10-23,2025.04,2038.96,2040.8,2022.49,3.35042494,14.210330711500001
801040,2019-10-24,2033.1,2023.12,2034.41,2020.79,3.39310666,13.6316962337
801040,2019-10-25,2041.73,2033.26,2042.34,2019.95,4.49594322,16.034124223699997
801040,2019-10-28,2051.74,2036.35,2051.77,2036.35,5.31459358,20.1190623749
801040,2019-10-29,2032.13,2050.55,2050.55,2031.81,4.40045223,16.7983433096
801040,2019-10-30,2013.88,2028.44,2028.44,2007.77,5.44548299,18.7951469383
801040,2019-10-31,1986.79,2011.3,2012.33,1981.33,6.53277218,19.8723835532
801040,2019-11-01,1998.06,1982.64,1998.78,1976.61,5.24036664,18.7548490762
801040,2019-11-04,1988.55,1998.46,2001.12,1987.42,5.01409977,19.328530302
801040,2019-11-05,1997.22,1989.79,2003.04,1979.44,5.29561605,19.8248576755
801040,2019-11-06,2003.69,1995.52,2017.65,1992.71,6.09841368,25.0185546481
801040,2019-11-07,1997.79,2003.86,2008.69,1992.96,4.94735516,19.020436065
801040,2019-11-08,1986.27,2003.0,2007.23,1984.42,6.02512125,20.4865321562
801040,2019-11-11,1941.28,1981.08,1981.08,1939.49,6.64521692,21.565961937399997
801040,2019-11-12,1940.75,1938.29,1943.27,1927.53,5.89706007,19.2274735541
801040,2019-11-13,1922.37,1941.06,1941.06,1915.35,6.83698837,20.1160421347
801040,2019-11-14,1925.6,1920.9,1929.63,1916.25,5.24173306,16.940875008800003
801040,2019-11-15,1932.12,1929.08,1955.36,1924.75,9.51718585,24.9625034736
801040,2019-11-18,1964.74,1929.72,1972.76,1927.29,9.45775954,37.17443882
801040,2019-11-19,1990.53,1966.03,1991.24,1963.87,7.86866195,33.6826952708
801040,2019-11-20,1983.6,1993.35,1994.1,1982.7,7.51709479,32.3800082199
801040,2019-11-21,1996.67,1978.31,1996.67,1973.42,7.31960635,26.9359635792
801040,2019-11-22,2023.73,1997.34,2026.45,1995.88,13.82054443,52.408570214099996
801040,2019-11-25,2118.23,2039.44,2133.61,2039.44,23.22827448,89.2467940175
801040,2019-11-26,2058.59,2109.47,2109.47,2058.59,17.2315878,66.4354687847
801040,2019-11-27,2068.2,2056.6,2075.28,2054.7,11.3474717,47.1399128925
801040,2019-11-28,2030.22,2060.15,2060.15,2025.08,9.48916261,36.6203374548
801040,2019-11-29,2032.18,2030.88,2046.0,2020.28,7.31197144,28.951999430500003
801040,2019-12-02,2038.44,2031.4,2040.41,2031.31,6.91449502,28.6744502719
801040,2019-12-03,2024.94,2029.89,2031.47,2016.39,6.12534523,24.7738796629
801040,2019-12-04,2021.72,2012.7,2024.37,2007.94,7.11522351,26.7521337844
801040,2019-12-05,2027.81,2021.93,2030.3,2015.19,6.12607188,24.203403887399997
801040,2019-12-06,2033.62,2025.37,2034.42,2019.32,5.23542522,21.823965915
801040,2019-12-09,2082.83,2040.42,2084.34,2038.69,12.64231624,52.3759070993
801040,2019-12-10,2069.44,2077.79,2077.79,2061.81,7.01116665,30.733190184
801040,2019-12-11,2088.82,2072.65,2105.32,2072.65,9.8297529,42.5417059611
801040,2019-12-12,2072.8,2086.55,2086.55,2071.43,7.61655148,32.756561338699996
801040,2019-12-13,2095.35,2083.63,2097.71,2077.46,9.70982687,40.1773075462
801040,2019-12-16,2111.34,2098.34,2112.09,2093.42,8.36779291,35.7695979957
801040,2019-12-17,2127.34,2108.4,2139.29,2101.53,13.67281281,51.3628458528
801040,2019-12-18,2119.26,2127.02,2132.99,2114.08,10.25865592,37.1138511281
801040,2019-12-19,2119.29,2113.77,2120.43,2105.26,7.77005719,30.119275877899998
801040,2019-12-20,2096.24,2117.34,2119.22,2096.16,8.13244536,32.0239849966
801040,2019-12-23,2056.56,2091.54,2099.12,2056.56,8.00539524,30.8860599532
801040,2019-12-24,2076.4,2058.46,2079.66,2052.76,5.39041707,21.8318267714
801040,2019-12-25,2064.89,2074.96,2074.96,2055.55,5.40839046,21.6620041904
801040,2019-12-26,2081.06,2061.32,2083.14,2061.32,5.98729807,25.7539040731
801040,2019-12-27,2093.03,2081.82,2115.07,2080.53,10.51439782,37.826851907800005
801040,2019-12-30,2118.94,2091.73,2120.71,2089.51,10.53005521,43.5986539366
801040,2019-12-31,2132.8,2116.81,2138.47,2105.49,10.58308091,45.4885077929
801040,2020-01-02,2150.93,2147.22,2162.36,2147.22,12.13720088,53.801629016499994
801040,2020-01-03,2144.84,2153.91,2153.91,2136.19,9.50984662,39.6152361374
801040,2020-01-06,2135.63,2133.81,2153.78,2126.76,10.67727024,43.887632213100005
801040,2020-01-07,2179.71,2138.76,2179.71,2138.76,14.95696385,59.649307674300005
801040,2020-01-08,2132.66,2169.19,2169.4,2128.99,11.96597591,48.0070292482
801040,2020-01-09,2146.87,2150.43,2154.8,2136.49,7.84733776,32.7571685655
801040,2020-01-10,2132.44,2149.45,2153.94,2124.93,7.44568207,31.0304962767
801040,2020-01-13,2140.31,2130.73,2140.31,2111.14,6.97841367,29.414913166599998
801040,2020-01-14,2145.97,2139.4,2156.78,2139.4,7.53580639,33.5229870566
801040,2020-01-15,2124.57,2145.2,2145.2,2120.04,6.59989335,28.716402415900003
801040,2020-01-16,2106.86,2127.92,2127.92,2106.29,5.72600436,23.8988172886
801040,2020-01-17,2104.63,2111.33,2116.87,2102.84,5.64394296,24.084223715900002
801040,2020-01-20,2107.86,2103.42,2108.06,2089.81,6.01670902,25.3108211625
801040,2020-01-21,2064.07,2104.22,2104.31,2060.49,7.36390568,29.5115013195
801040,2020-01-22,2066.88,2056.03,2072.34,2029.43,6.61403693,27.7681607284
801040,2020-01-23,2002.36,2051.97,2053.0,1993.48,9.44919709,35.1840205834
801040,2020-02-03,1806.42,1805.25,1814.94,1804.29,11.0509448,30.534851374000002
801040,2020-02-04,1824.09,1731.66,1828.88,1731.66,13.94601379,46.6275698229
801040,2020-02-05,1847.69,1821.24,1872.48,1819.43,10.95208564,37.8584235965
801040,2020-02-06,1858.46,1854.67,1863.6,1836.57,9.82061295,32.9650013658
801040,2020-02-07,1870.23,1854.08,1870.23,1843.79,9.10348826,30.2210404592
801040,2020-02-10,1904.88,1859.1,1905.38,1853.36,10.17895748,36.4267481522
801040,2020-02-11,1937.31,1904.28,1989.04,1904.28,16.0034899,55.0004643201
801040,2020-02-12,1932.79,1919.07,1932.79,1906.46,9.61512565,35.7210842295
801040,2020-02-13,1910.82,1929.48,1937.8,1908.57,7.83966547,29.267181068299998
801040,2020-02-14,1924.42,1908.56,1926.78,1907.1,8.05623313,28.2145625002
801040,2020-02-17,1964.88,1919.77,1965.33,1919.77,10.30963479,37.1470319004
801040,2020-02-18,1961.52,1963.74,1969.8,1949.97,9.83162238,36.1729251277
801040,2020-02-19,1943.17,1958.85,1963.08,1941.77,8.85360762,33.1461636354
801040,2020-02-20,1970.62,1949.97,1972.6,1935.87,11.21646431,39.6113396063
801040,2020-02-21,1976.27,1964.97,1979.93,1961.3,12.03667503,42.080894223200005
801040,2020-02-24,1961.63,1964.37,1967.35,1949.61,12.23747758,45.721091926499994
801040,2020-02-25,1936.36,1928.76,1939.48,1904.06,14.16796594,49.878339062399995
801040,2020-02-26,1976.23,1925.53,1999.89,1919.96,21.92321116,72.7871912891
801040,2020-02-27,1970.26,1971.36,1987.89,1967.44,13.24869306,49.151881144399994
801040,2020-02-28,1912.01,1924.35,1947.78,1906.63,15.54596959,56.6892316654
801040,2020-03-02,2006.81,1915.25,2010.31,1915.25,19.53020967,73.0914365827
801040,2020-03-03,2012.27,2037.8,2043.29,1998.42,19.17160458,78.0172961338
801040,2020-03-04,2041.54,1999.26,2041.54,1997.02,16.81562012,68.79587420060001
801040,2020-03-05,2078.28,2065.05,2093.88,2058.09,20.57978411,79.2303215533
801040,2020-03-06,2061.18,2058.42,2068.78,2049.72,14.89306213,69.2820451591
801040,2020-03-09,1991.79,2032.45,2032.45,1990.37,15.64993351,68.82657292100001
801040,2020-03-10,2026.85,1968.58,2032.84,1958.14,14.82238505,63.7696686971
801040,2020-03-11,2028.18,2023.84,2051.4,2022.18,13.16396567,61.148863939399995
801040,2020-03-12,2027.45,2017.22,2037.8,2010.83,13.38836668,62.0952290433
801040,2020-03-13,1988.39,1962.7,2008.13,1952.75,16.23489481,77.8236923373
801040,2020-03-16,1938.66,2005.18,2005.18,1938.48,12.97559596,59.4364466733
801040,2020-03-17,1923.91,1939.12,1962.39,1892.14,11.12962885,49.1842432879
801040,2020-03-18,1904.91,1932.9,1962.96,1904.91,11.12284477,54.146230960699995
801040,2020-03-19,1908.64,1904.11,1921.58,1874.71,11.94156234,53.4698163101
801040,2020-03-20,1918.98,1928.66,1936.17,1900.01,9.47923511,53.02864999810001
801040,2020-03-23,1866.41,1878.34,1895.76,1863.74,10.28494215,43.4702327498
801040,2020-03-24,1901.26,1892.26,1911.13,1871.09,8.8413583,41.007574772800005
801040,2020-03-25,1916.54,1934.3,1934.3,1902.01,9.51965548,41.5328932594
801040,2020-03-26,1887.14,1902.13,1906.85,1885.92,6.751978,30.287934587600002
801040,2020-03-27,1903.06,1905.08,1926.61,1892.95,9.30455138,40.1474520136
801040,2020-03-30,1877.21,1883.16,1895.31,1859.26,8.87128671,36.5486651846
801040,2020-03-31,1876.17,1889.27,1892.05,1868.98,8.65499351,33.3972899187
801040,2020-04-01,1862.26,1871.72,1885.61,1859.18,6.61062046,25.521407095300003
801040,2020-04-02,1896.89,1856.6,1896.89,1856.6,6.87155295,31.4149082316
801040,2020-04-03,1885.61,1893.12,1896.0,1879.7,6.33698278,30.2611894415
801040,2020-04-07,1929.29,1911.68,1932.15,1910.23,8.89684724,38.2910936107
801040,2020-04-08,1937.1,1932.55,1945.71,1929.76,8.45356934,44.8786946796
801040,2020-04-09,1959.52,1945.22,1966.78,1941.02,6.71259958,36.0623961111
801040,2020-04-10,1934.1,1967.11,1967.11,1931.52,7.29778674,42.0747645771
801040,2020-04-13,1943.58,1930.44,1948.23,1927.21,5.65410972,29.57099519
801040,2020-04-14,1963.01,1943.58,1963.37,1943.37,6.59131723,34.4277611822
801040,2020-04-15,1944.63,1962.97,1966.31,1944.63,6.08995352,32.090170792100004
801040,2020-04-16,1951.91,1931.67,1955.14,1927.67,7.15871028,47.6267879075
801040,2020-04-17,1950.87,1958.96,1963.14,1944.92,7.53017968,46.3710187011
801040,2020-04-20,1957.21,1948.01,1961.95,1939.8,7.13499164,39.7318745242
801040,2020-04-21,1945.57,1948.05,1956.77,1934.65,7.69925166,42.743109720999996
801040,2020-04-22,1944.29,1932.51,1944.59,1927.73,5.71054078,30.407001075300002
801040,2020-04-23,1927.28,1947.44,1947.44,1927.02,5.72602333,29.573050268600003
801040,2020-04-24,1909.95,1929.84,1931.37,1905.25,6.72709997,29.277340769299997
801040,2020-04-27,1907.64,1911.57,1921.6,1907.16,6.0893473,26.9403626307
801040,2020-04-28,1886.97,1907.4,1907.4,1853.07,9.78025661,37.4290590238
801040,2020-04-29,1889.72,1880.84,1893.24,1880.84,5.99353302,21.6124142671
801040,2020-04-30,1928.8,1891.82,1935.26,1891.64,9.74070935,39.3358141736
801040,2020-05-06,1932.54,1914.1,1937.17,1914.1,10.89127466,47.0844979563
801040,2020-05-07,1936.87,1936.73,1944.69,1931.41,11.50233102,40.4422391167
801040,2020-05-08,1950.29,1942.33,1952.94,1939.54,8.84616534,35.2112480898
801040,2020-05-11,1940.81,1955.25,1955.25,1936.82,9.97429212,43.0593378755
801040,2020-05-12,1935.46,1938.58,1938.75,1921.9,9.26074188,33.3388229981
801040,2020-05-13,1946.5,1922.91,1950.07,1916.15,8.82440459,49.329309443599996
801040,2020-05-14,1918.47,1937.83,1938.43,1917.7,7.85219203,42.9300554008
801040,2020-05-15,1905.91,1923.12,1923.12,1905.29,6.42184087,29.783900934000002
801040,2020-05-18,1910.4,1909.4,1927.42,1908.34,10.23233642,39.5027386677
801040,2020-05-19,1920.5,1920.43,1928.82,1913.77,6.83488225,30.513147910300003
801040,2020-05-20,1901.38,1916.79,1916.79,1898.68,7.74707917,33.0654208621
801040,2020-05-21,1904.36,1910.14,1919.13,1901.03,8.77452929,41.0669796517
801040,2020-05-22,1877.75,1900.97,1900.97,1874.81,9.58803057,40.390965667399996
801040,2020-05-25,1872.66,1876.01,1885.17,1867.16,6.85210203,28.6431492508
801040,2020-05-26,1893.81,1875.87,1893.81,1875.53,7.15069177,34.2060771341
801040,2020-05-27,1905.68,1892.36,1911.75,1885.78,13.96652885,48.8107049741
801040,2020-05-28,1887.31,1896.2,1902.57,1876.6,10.42099888,42.0804295028
801040,2020-05-29,1896.39,1884.8,1896.39,1876.88,10.00820921,42.4341038388
801040,2020-06-01,1918.0,1901.14,1922.37,1900.76,10.67918512,45.6642812684
801040,2020-06-02,1913.59,1918.39,1918.39,1900.43,9.52446602,41.2213098477
801040,2020-06-03,1907.42,1904.0,1915.46,1901.03,8.77966905,44.2389330953
801040,2020-06-04,1898.34,1911.41,1911.41,1889.01,6.74669922,33.1601263676
801040,2020-06-05,1888.16,1897.41,1901.07,1881.1,5.83643728,26.221996498600003
801040,2020-06-08,1901.88,1895.55,1912.42,1895.55,9.12912766,32.5633839003
801040,2020-06-09,1896.05,1902.25,1902.25,1890.93,5.98054563,27.0558358752
801040,2020-06-10,1903.02,1896.31,1909.6,1885.19,9.19538879,36.9796089584
801040,2020-06-11,1889.56,1898.3,1908.62,1887.78,9.07098478,37.7245706972
801040,2020-06-12,1897.39,1862.49,1900.86,1862.08,10.83769597,39.6753892819
801040,2020-06-15,1882.09,1893.28,1902.4,1880.65,11.9688567,45.9253401783
801040,2020-06-16,1949.8,1889.78,1949.8,1888.79,18.21909551,63.9398713916
801040,2020-06-17,1995.76,1956.33,2017.17,1956.33,25.7937985,93.45367690379999
801040,2020-06-18,2050.24,2011.26,2095.82,2003.36,35.40094034,121.74254417510001
801040,2020-06-19,2010.91,2040.17,2040.17,1994.55,25.73619048,85.8120225021
801040,2020-06-22,1969.68,2013.24,2013.24,1968.75,15.90514705,65.607654629
801040,2020-06-23,1963.17,1965.8,1971.48,1943.34,13.61362255,57.1142376314
801040,2020-06-24,1949.48,1961.4,1963.96,1947.31,9.83954164,41.813644372
801040,2020-06-29,1918.23,1939.1,1939.1,1915.79,10.00639399,38.9689254819
801040,2020-06-30,1918.45,1925.66,1927.37,1913.07,9.47707642,42.1250285012
801040,2020-07-01,1920.01,1916.24,1922.47,1898.0,10.98432824,47.204391287700005
801040,2020-07-02,1950.17,1914.82,1950.63,1914.76,16.20615684,57.4351218525
801040,2020-07-03,1978.91,1956.35,1998.81,1956.35,22.57822012,76.7161481352
801040,2020-07-06,2082.86,1994.51,2085.61,1994.51,36.90123839,125.9512095708
801040,2020-07-07,2070.63,2110.23,2124.85,2069.19,34.64717671,124.20098065559999
801040,2020-07-08,2145.34,2067.2,2151.97,2064.26,37.02583391,127.5580942355
801040,2020-07-09,2184.75,2133.63,2203.8,2112.12,38.81512393,143.8206534798
801040,2020-07-10,2108.16,2159.32,2159.32,2105.22,26.77973088,99.9469477
801040,2020-07-13,2170.51,2109.95,2176.08,2104.57,26.37020269,104.37564790440001
801040,2020-07-14,2153.22,2179.45,2218.56,2127.36,27.68631657,116.1799178174
801040,2020-07-15,2085.9,2154.65,2161.85,2077.73,22.35838407,87.5633176114
801040,2020-07-16,2018.8,2084.04,2108.08,2017.86,18.78549381,69.4490432942
801040,2020-07-17,2000.27,2021.33,2034.67,1987.88,14.66716787,54.2947082079
801040,2020-07-20,2103.97,2011.45,2103.97,2011.45,22.9145014,80.76062648279999
801040,2020-07-21,2085.45,2110.7,2114.17,2074.31,14.13022582,54.021355093000004
801040,2020-07-22,2082.2,2090.75,2112.53,2074.72,15.32463568,55.0440097567
801040,2020-07-23,2063.48,2068.44,2075.5,2028.61,16.73046892,56.6923695934
801040,2020-07-24,1991.2,2056.09,2057.43,1978.5,16.1642985,57.9703509465
801040,2020-07-27,1986.32,1992.07,1999.33,1971.69,9.44278041,36.0916692621
801040,2020-07-28,2004.42,1998.92,2021.74,1993.21,10.35659735,37.2114803313
801040,2020-07-29,2036.52,2002.23,2037.91,1983.06,11.64707716,43.396441159700004
801040,2020-07-30,2021.3,2035.22,2051.39,2019.91,10.25449942,39.4675333342
801040,2020-07-31,2027.7,2018.07,2043.79,2005.76,11.13736889,42.4926393642
801040,2020-08-03,2067.61,2036.82,2068.27,2036.82,13.96095239,53.03744413810001
801040,2020-08-04,2064.77,2075.83,2075.83,2050.97,13.18906156,54.529497121300004
801040,2020-08-05,2074.85,2064.65,2078.17,2040.62,17.00420151,63.8256626078
801040,2020-08-06,2093.89,2076.8,2100.95,2056.78,16.31700134,68.1415232639
801040,2020-08-07,2065.91,2092.09,2092.09,2044.63,14.33008634,59.0553763697
801040,2020-08-10,2079.84,2059.91,2088.01,2057.07,11.08320771,43.6028363779
801040,2020-08-11,2044.04,2088.3,2090.56,2040.43,12.71072901,48.5519079851
801040,2020-08-12,2036.36,2042.75,2042.75,2011.2,12.13826265,42.9444272832
801040,2020-08-13,2068.29,2041.2,2082.65,2041.2,15.94443631,49.2676913052
801040,2020-08-14,2067.17,2065.71,2069.8,2042.72,10.72478902,36.3484606677
801040,2020-08-17,2098.25,2068.93,2104.37,2063.08,16.78461527,55.8978845683
801040,2020-08-18,2122.74,2102.07,2138.9,2092.65,16.97865793,74.1952815841
801040,2020-08-19,2109.89,2123.69,2132.6,2106.55,14.58331761,58.3743810198
801040,2020-08-20,2099.43,2108.66,2131.01,2089.67,17.54071068,63.7854736745
801040,2020-08-21,2101.05,2098.53,2103.23,2087.07,12.12897393,49.344820898
801040,2020-08-24,2089.27,2105.1,2108.89,2087.81,10.71007007,48.3034314459
801040,2020-08-25,2063.54,2087.3,2093.35,2061.01,10.2375761,41.4405049397
801040,2020-08-26,2037.27,2064.43,2064.43,2029.7,9.76030798,38.7704349511
801040,2020-08-27,2048.25,2042.97,2052.17,2026.39,7.97038032,32.344617075
801040,2020-08-28,2087.12,2046.93,2089.39,2046.93,12.45636084,50.9779920879
801040,2020-08-31,2068.31,2087.68,2098.51,2068.31,11.04636975,47.796038674399995
801040,2020-09-01,2079.28,2070.72,2081.02,2069.45,7.0969191,33.1607809745
801040,2020-09-02,2080.95,2086.41,2089.47,2064.32,10.03195186,41.8668367406
801040,2020-09-03,2085.82,2083.89,2117.35,2079.93,11.85501365,50.8393485596
801040,2020-09-04,2070.13,2058.47,2074.64,2057.68,7.86471052,32.4872220209
801040,2020-09-07,2053.82,2073.02,2086.41,2050.36,8.99943104,37.0945659973
801040,2020-09-08,2086.87,2055.15,2090.86,2051.36,16.86715893,49.3438211785
801040,2020-09-09,2144.98,2068.64,2149.4,2068.64,41.4325324,102.77887709790001
801040,2020-09-10,2071.63,2149.97,2149.97,2065.26,30.05281112,78.6872829072
801040,2020-09-11,2063.57,2058.59,2069.65,2049.0,14.85945422,45.750955386499996
801040,2020-09-14,2075.03,2067.73,2085.7,2064.79,12.98897571,46.32661499979999
801040,2020-09-15,2069.85,2075.17,2075.17,2064.72,9.16327399,34.1075732922
801040,2020-09-16,2053.39,2070.39,2084.3,2046.55,9.13557901,39.94823296
801040,2020-09-17,2073.27,2046.26,2082.14,2046.26,10.06462259,51.67275117
801040,2020-09-18,2080.2,2068.47,2085.33,2056.1,11.88122942,59.09655299
801040,2020-09-21,2075.53,2086.15,2093.39,2073.0,9.35735074,47.99265676
801040,2020-09-22,2048.35,2062.21,2069.66,2044.86,8.30957631,34.60281074
801040,2020-09-23,2037.15,2053.58,2055.43,2035.25,6.07645141,27.12955191
801040,2020-09-24,1997.86,2031.88,2031.92,1997.86,8.28816037,34.09467096
801040,2020-09-25,2004.84,2003.18,2010.26,1997.78,6.27508477,27.40406128
801040,2020-09-28,1992.67,2004.94,2012.85,1990.23,6.07935072,25.32781782
801040,2020-09-29,2008.25,1995.86,2018.52,1995.86,6.13880387,27.85734183
801040,2020-09-30,1995.45,2010.71,2017.39,1984.53,5.78664896,26.12679008
801040,2020-10-09,2032.54,2014.05,2036.19,2014.05,6.97936095,30.69739787
801040,2020-10-12,2062.2,2036.27,2062.75,2036.09,9.9725942,40.2816274
801040,2020-10-13,2045.53,2057.94,2059.13,2040.09,6.74404673,30.042283
801040,2020-10-14,2036.48,2044.35,2044.35,2032.57,7.19970372,35.45520743
801040,2020-10-15,2037.8,2035.9,2048.78,2028.55,7.25444755,31.61724297
801040,2020-10-16,2063.61,2039.01,2069.03,2039.01,9.77107654,47.89601721
801040,2020-10-19,2063.44,2070.91,2095.49,2057.84,9.3651121,44.78941504
801040,2020-10-20,2055.84,2062.13,2062.45,2041.56,6.72993855,32.58069405
801040,2020-10-21,2057.75,2059.94,2059.94,2047.03,6.63551791,36.53644247
801040,2020-10-22,2048.46,2054.06,2056.57,2045.78,6.14478401,33.26330825
801040,2020-10-23,2041.18,2049.78,2056.79,2037.72,7.52928056,39.00174642
801040,2020-10-26,2051.49,2040.03,2052.82,2037.34,6.17399018,34.3166118
801040,2020-10-27,2058.26,2044.12,2058.26,2041.4,7.58361658,39.79401902
801040,2020-10-28,2064.68,2058.04,2070.73,2049.1,8.58114237,46.03746891
801040,2020-10-29,2063.78,2050.94,2072.03,2046.59,8.03883383,44.33897013
801040,2020-10-30,2029.6,2066.35,2069.68,2027.42,9.95151546,45.47726482
801040,2020-11-02,2051.25,2037.45,2056.91,2031.75,10.11264734,49.77871277
801040,2020-11-03,2079.04,2064.16,2084.32,2061.59,9.77533991,42.24586566
801040,2020-11-04,2097.93,2084.07,2099.78,2060.82,9.17847228,48.24106839
801040,2020-11-05,2163.87,2106.69,2164.77,2106.69,15.99213296,76.78789897
801040,2020-11-06,2174.81,2162.36,2177.77,2158.32,11.97660614,60.12767449
801040,2020-11-09,2228.45,2197.32,2235.05,2197.32,17.92483746,78.71248713
801040,2020-11-10,2214.3,2237.79,2244.93,2205.61,14.70439318,69.55299525
801040,2020-11-11,2237.78,2213.38,2264.51,2213.38,19.90872882,79.94712848
801040,2020-11-12,2254.27,2235.2,2254.55,2220.99,12.8267041,60.64494424
801040,2020-11-13,2251.62,2246.84,2263.0,2225.17,14.66584342,60.75749683
801040,2020-11-16,2325.24,2256.63,2325.24,2256.63,22.32580505,84.9158598
801040,2020-11-17,2303.96,2328.16,2337.61,2293.72,17.07182723,78.79696068
801040,2020-11-18,2328.32,2301.74,2338.98,2295.56,15.15652066,74.64312965
801040,2020-11-19,2303.76,2324.78,2333.66,2296.67,11.9604675,51.43049082
801040,2020-11-20,2347.76,2305.82,2350.98,2292.8,15.25590769,56.11754815
801040,2020-11-23,2367.15,2355.57,2399.27,2350.48,26.6034415,96.21925277
801040,2020-11-24,2389.24,2362.93,2395.7,2356.11,21.59057087,75.46706115
801040,2020-11-25,2321.67,2395.24,2395.24,2321.67,22.38971656,91.07521437
801040,2020-11-26,2292.33,2305.4,2315.53,2282.27,14.07924603,66.00894157
801040,2020-11-27,2297.09,2295.76,2332.34,2274.28,17.26108316,74.55668209
801040,2020-11-30,2251.05,2289.07,2318.19,2251.05,20.53099038,91.71512231
801040,2020-12-01,2271.83,2253.97,2277.82,2244.52,13.3015705,60.51689421
801040,2020-12-02,2288.32,2278.02,2295.05,2263.64,16.398403,72.11384038
801040,2020-12-03,2255.55,2285.75,2285.75,2251.2,14.79636268,63.23455315
801040,2020-12-04,2244.18,2251.67,2251.67,2215.32,12.11643456,52.53878184
801040,2020-12-07,2228.08,2247.02,2250.14,2215.76,11.51701689,52.99604345
801040,2020-12-08,2204.39,2225.92,2228.36,2203.72,10.01034892,43.34137662
801040,2020-12-09,2187.8,2207.54,2225.16,2187.8,10.31535088,44.63516061
801040,2020-12-10,2246.66,2199.7,2250.0,2199.69,18.45942232,78.85319681
801040,2020-12-11,2224.67,2261.47,2273.99,2201.65,19.66190342,82.64054654
801040,2020-12-14,2176.15,2208.89,2208.89,2157.79,15.75337896,69.15193588
801040,2020-12-15,2178.81,2178.97,2184.15,2156.33,9.92891017,48.8175748
801040,2020-12-16,2168.29,2179.17,2188.3,2155.38,8.42846655,44.43645991
801040,2020-12-17,2224.93,2165.84,2229.01,2164.97,12.99625244,62.77291503
801040,2020-12-18,2270.75,2228.63,2285.88,2228.63,18.32397256,71.354998
801040,2020-12-21,2299.68,2289.91,2305.13,2280.66,15.69425583,67.70423611
801040,2020-12-22,2223.69,2302.99,2302.99,2222.24,16.36991925,78.27272703
801040,2020-12-23,2234.83,2219.15,2252.39,2216.52,11.87932913,58.72270659
801040,2020-12-24,2220.51,2238.09,2250.0,2212.68,9.56924531,48.3816598
801040,2020-12-25,2262.96,2215.17,2266.2,2207.83,12.87312229,54.39326211
801040,2020-12-28,2231.75,2262.49,2262.49,2221.57,11.75384914,53.23315298
801040,2020-12-29,2202.5,2231.74,2239.78,2200.86,11.61387292,53.14959143
801040,2020-12-30,2219.71,2204.48,2235.55,2203.98,11.13294083,51.32105263
801040,2020-12-31,2237.34,2221.16,2237.43,2212.23,10.59273675,50.32428845
801040,2021-01-04,2280.27,2242.3,2287.81,2231.63,15.67409873,73.44778945
801040,2021-01-05,2271.26,2281.87,2281.87,2236.05,16.31859937,79.22561282
801040,2021-01-06,2279.15,2275.06,2282.45,2253.05,10.71655783,65.98256511
801040,2021-01-07,2325.36,2282.47,2347.29,2276.17,20.81068973,96.75524876
801040,2021-01-08,2328.86,2314.35,2328.86,2276.03,17.11231892,82.55089403
801040,2021-01-11,2273.48,2327.45,2328.48,2255.83,16.16082357,75.99490977
801040,2021-01-12,2301.77,2264.43,2302.07,2264.43,11.67618723,58.46624543
801040,2021-01-13,2303.3,2306.92,2320.89,2291.33,13.02723965,69.21650951
801040,2021-01-14,2340.84,2286.84,2342.46,2279.59,13.28292237,73.95974356
801040,2021-01-15,2293.53,2325.5,2329.44,2268.7,11.87655421,72.50478442
801040,2021-01-18,2287.3,2280.74,2305.31,2274.8,12.74993129,66.79926111
801040,2021-01-19,2278.36,2284.21,2287.86,2264.1,11.042143,59.82710775
801040,2021-01-20,2362.6,2305.13,2362.72,2305.08,22.16957389,96.76245337
801040,2021-01-21,2367.24,2359.12,2387.45,2347.12,26.49277262,86.28107217
801040,2021-01-22,2334.79,2361.93,2361.93,2321.99,17.2788877,65.15596412
801040,2021-01-25,2317.82,2326.2,2358.89,2313.16,14.20757541,70.92269429
801040,2021-01-26,2325.33,2309.47,2350.03,2305.97,13.72770638,73.94466006
801040,2021-01-27,2327.7,2317.81,2344.86,2311.32,10.70124413,60.42133344
801040,2021-01-28,2286.43,2307.7,2312.52,2280.51,11.88505847,56.39286466
801040,2021-01-29,2239.58,2291.34,2296.6,2226.21,12.40675206,61.74567434
801040,2021-02-01,2247.8,2242.92,2251.08,2232.28,10.85969488,50.80746287
801040,2021-02-02,2273.21,2242.93,2280.59,2236.82,10.32630827,54.38342944
801040,2021-02-03,2308.04,2270.06,2315.47,2248.22,23.38244529,73.72872114
801040,2021-02-04,2274.04,2294.2,2294.2,2253.14,15.79415793,59.05748521
801040,2021-02-05,2250.81,2253.78,2268.17,2243.48,11.60515551,48.38990186
801040,2021-02-08,2245.18,2235.89,2254.6,2224.23,10.49084503,46.90628831
801040,2021-02-09,2274.92,2233.57,2283.23,2230.74,9.30290796,44.36975081
801040,2021-02-10,2286.95,2270.55,2292.19,2256.95,11.08273462,48.43694502
801040,2021-02-18,2394.84,2336.92,2395.79,2336.92,20.42283537,80.37297579
801040,2021-02-19,2410.08,2382.26,2412.54,2372.93,17.41418906,72.95077857
801040,2021-02-22,2555.21,2428.26,2584.29,2428.26,45.36842185,168.19039111
801040,2021-02-23,2528.38,2556.2,2570.61,2503.24,42.1044548,129.5350271
801040,2021-02-24,2463.21,2521.17,2535.47,2451.24,33.47143244,106.38799509
801040,2021-02-25,2491.07,2499.13,2526.75,2486.11,40.14242931,117.97767275
801040,2021-02-26,2426.81,2420.44,2471.99,2419.59,33.37101768,99.64213138
801040,2021-03-01,2522.74,2423.2,2525.78,2423.2,37.765806,124.23621971
801040,2021-03-02,2504.5,2557.84,2582.87,2492.82,49.00848633,139.76851309
801040,2021-03-03,2694.78,2526.33,2694.78,2526.33,57.37942295,204.45747139
801040,2021-03-04,2742.98,2686.96,2811.69,2682.92,74.13597414,277.21005684
801040,2021-03-05,2614.25,2670.94,2670.94,2611.82,55.85714303,199.29313531
801040,2021-03-08,2591.7,2660.42,2724.32,2590.83,57.59828063,190.14886306
801040,2021-03-09,2632.14,2566.27,2728.27,2520.94,63.11570906,232.00988743
801040,2021-03-10,2579.04,2605.9,2666.91,2564.34,49.90281953,180.70731665
801040,2021-03-11,2712.06,2578.93,2714.67,2540.78,53.71490981,200.63968786
801040,2021-03-12,2729.61,2744.5,2771.17,2697.42,54.35878449,216.80450591
801040,2021-03-15,2768.64,2752.01,2837.06,2722.42,65.35634199,227.99009952
801040,2021-03-16,2727.93,2731.32,2742.8,2670.63,44.31138137,158.15721922
801040,2021-03-17,2689.17,2703.69,2703.69,2643.32,35.04953329,143.6264115
801040,2021-03-18,2725.84,2692.68,2765.98,2684.49,33.85319413,144.29028844
801040,2021-03-19,2716.35,2681.79,2735.52,2670.39,33.3341636,144.58555595
801040,2021-03-22,2733.56,2747.18,2795.72,2716.58,34.50516571,151.61706192
801040,2021-03-23,2625.56,2715.6,2731.71,2614.25,33.52272016,137.94137442
801040,2021-03-24,2513.99,2597.2,2597.2,2497.04,29.6878753,123.46272448
801040,2021-03-25,2510.39,2503.59,2536.13,2492.29,25.68158296,95.04546494
801040,2021-03-26,2560.9,2514.75,2562.92,2514.75,24.02670156,87.70300468
801040,2021-03-29,2587.53,2583.81,2611.75,2553.83,25.61351856,116.85285653
801040,2021-03-30,2613.56,2577.31,2619.6,2548.25,29.0349235,109.69484477
801040,2021-03-31,2587.66,2618.15,2628.09,2574.87,21.46534107,88.29719428
801040,2021-04-01,2679.22,2579.05,2694.62,2559.59,31.63857813,129.47192143
801040,2021-04-02,2632.66,2665.72,2665.72,2618.59,22.88787443,101.27676455
801040,2021-04-06,2665.55,2654.29,2698.76,2654.29,20.66754714,93.59591935
801040,2021-04-07,2781.94,2664.44,2787.28,2644.23,43.68049963,175.81451685
801040,2021-04-08,2813.14,2788.96,2893.69,2788.71,60.23946602,242.50492687
801040,2021-04-09,2843.76,2852.93,2861.52,2787.56,48.014091,199.1996581
801040,2021-04-12,2874.63,2825.91,2908.04,2803.45,55.26002761,226.81168436
801040,2021-04-13,2812.43,2845.13,2848.98,2779.22,48.52760327,186.59414367
801040,2021-04-14,2871.04,2774.48,2901.24,2774.48,43.15190126,175.26266726
801040,2021-04-15,2837.04,2850.16,2872.71,2817.95,30.95831588,126.81890465
801040,2021-04-16,2855.51,2832.94,2884.03,2823.32,32.23801137,143.36981382
801040,2021-04-19,2842.69,2836.1,2872.83,2812.7,29.26796759,127.42107816
801040,2021-04-20,2861.19,2836.0,2879.81,2832.95,32.78949237,141.55340682
801040,2021-04-21,2788.85,2841.86,2841.86,2754.8,28.82999708,121.68243742
801040,2021-04-22,2846.41,2800.72,2892.28,2800.72,31.53776299,147.30710914
801040,2021-04-23,2908.76,2837.98,2917.03,2818.09,34.03177616,158.73290147
801040,2021-04-26,2865.79,2935.29,2969.63,2864.89,29.4673505,149.65407959
801040,2021-04-27,2845.57,2857.52,2876.36,2797.04,25.66712288,115.93968423
801040,2021-04-28,2874.67,2828.39,2889.65,2823.11,23.29332265,112.95204635
801040,2021-04-29,2849.94,2875.61,2875.61,2794.17,26.50405695,116.93919732
801040,2021-04-30,2816.68,2838.2,2859.54,2806.19,25.27611757,114.63227549
801040,2021-05-06,2976.16,2872.59,2981.3,2872.59,39.34366744,182.87882595
801040,2021-05-07,3035.25,3021.5,3085.79,2976.66,53.63058779,235.62290632
801040,2021-05-10,3170.96,3128.52,3171.67,3055.76,70.16603318,288.42082581
801040,2021-05-11,3057.41,3113.85,3113.85,3006.34,62.4253932,257.22039305
801040,2021-05-12,3092.61,3048.67,3125.08,3034.44,48.64947848,197.64330876
801040,2021-05-13,2912.76,3027.64,3035.21,2905.51,49.6845123,196.06834915
801040,2021-05-14,2909.0,2920.29,2934.96,2868.65,38.85183092,165.83074003
801040,2021-05-17,2891.7,2893.68,2927.42,2858.74,31.06699835,130.70737075
801040,2021-05-18,2927.43,2916.02,2943.49,2902.23,24.76789676,104.94223648
801040,2021-05-19,2873.34,2899.16,2899.47,2845.19,29.40145008,132.09166514
801040,2021-05-20,2754.39,2764.37,2772.92,2700.66,39.48395104,163.42431139
801040,2021-05-21,2805.03,2750.09,2828.88,2743.32,31.5824812,126.38860712
801040,2021-05-24,2752.51,2752.86,2789.98,2736.6,23.69983758,99.51547371
801040,2021-05-25,2782.66,2765.39,2789.57,2711.0,24.86985319,113.67063313
801040,2021-05-26,2784.86,2761.34,2806.91,2753.13,22.57343071,94.97430944
801040,2021-05-27,2802.29,2784.04,2807.16,2779.52,22.28287443,93.39039325
801040,2021-05-28,2791.5,2854.03,2867.73,2782.86,27.22543001,121.84453941
801040,2021-05-31,2791.77,2811.75,2820.46,2774.6,20.98479829,91.78742568
801040,2021-06-01,2797.72,2767.43,2799.8,2707.24,29.29270405,126.24374554
801040,2021-06-02,2747.61,2783.96,2787.24,2741.57,19.59304515,88.67241502
801040,2021-06-03,2791.8,2729.5,2841.72,2729.5,38.98757879,140.32441952
801040,2021-06-04,2757.81,2764.01,2782.53,2736.94,23.4798481,91.98279986
801040,2021-06-07,2726.47,2751.26,2763.51,2720.06,17.9166858,73.83390537
801040,2021-06-08,2730.28,2718.47,2751.59,2705.82,19.63095626,83.81104072
801040,2021-06-09,2772.64,2735.13,2800.84,2735.13,22.50873283,101.41732604
801040,2021-06-10,2804.34,2785.58,2830.09,2767.89,23.23370722,110.98191858
801040,2021-06-11,2830.63,2816.86,2843.49,2796.39,24.53334677,115.25828749
801040,2021-06-15,2764.2,2825.02,2825.02,2744.62,21.15344891,92.38527317
801040,2021-06-16,2710.67,2756.33,2787.23,2704.76,16.74338826,76.55266396
801040,2021-06-17,2674.82,2703.24,2720.84,2671.53,17.00432584,80.72539175
801040,2021-06-18,2658.97,2647.38,2672.45,2615.87,18.51933087,86.49674927
801040,2021-06-21,2735.25,2693.88,2742.6,2693.88,23.73568965,114.89888795
801040,2021-06-22,2718.58,2734.32,2735.96,2700.6,21.91044591,106.34651558
801040,2021-06-23,2754.2,2721.45,2766.06,2701.76,19.53990835,96.49746671
801040,2021-06-24,2769.66,2754.91,2777.3,2726.93,17.96637124,93.41045245
801040,2021-06-25,2832.14,2778.86,2842.97,2763.42,30.34896349,130.39575221
801040,2021-06-28,2796.07,2819.22,2819.22,2784.48,22.17501246,101.95647432
801040,2021-06-29,2754.49,2793.06,2794.77,2753.87,17.63941141,82.41591001
801040,2021-06-30,2765.76,2764.57,2778.34,2746.59,16.2733931,81.65404151
801040,2021-07-01,2765.01,2795.81,2795.81,2762.78,17.94522575,91.65393538
801040,2021-07-02,2744.46,2742.18,2761.22,2730.44,16.74592093,92.93040571
801040,2021-07-05,2750.37,2752.21,2757.99,2734.14,20.51425531,94.79070812
801040,2021-07-06,2732.64,2755.72,2770.04,2710.12,20.22633383,101.13586666
801040,2021-07-07,2820.57,2736.85,2822.09,2731.2,39.13032564,130.66958399
801040,2021-07-08,2776.48,2803.98,2823.74,2775.34,35.3024062,120.64157091
801040,2021-07-09,2856.35,2748.05,2861.89,2729.23,44.1288323,145.22093562
801040,2021-07-12,2884.07,2884.38,2971.87,2878.41,56.38539984,209.51742689
801040,2021-07-13,2925.11,2883.86,2931.16,2842.89,44.05113623,175.97210352
801040,2021-07-14,2875.73,2929.59,2964.23,2872.09,48.12060406,173.29183211
801040,2021-07-15,3013.82,2870.72,3029.09,2848.88,63.85617729,240.37613742
801040,2021-07-16,3034.07,2994.09,3088.89,2993.62,55.15421106,238.55287064
801040,2021-07-19,2987.21,3045.43,3080.18,2986.16,39.31107838,169.90596507
801040,2021-07-20,2947.15,2944.84,2953.71,2914.16,30.83960176,128.784459
801040,2021-07-21,3018.22,2977.84,3029.51,2946.61,42.11161447,161.86651063
801040,2021-07-22,3180.32,3026.07,3191.21,3026.07,58.25776546,236.88673028
801040,2021-07-23,3235.76,3218.03,3327.07,3206.7,70.95040097,304.96712221
801040,2021-07-26,3181.19,3268.12,3269.61,3123.35,49.79756332,224.36105859
801040,2021-07-27,3045.82,3189.71,3238.86,3045.82,53.25586217,234.24139641
801040,2021-07-28,2970.97,3015.02,3044.16,2907.16,40.65188762,177.12929763
801040,2021-07-29,3077.68,3031.07,3077.68,2993.02,37.9546516,162.07244072
801040,2021-07-30,3252.3,3088.82,3268.63,3088.82,57.15058445,254.13044153
801040,2021-08-02,3099.12,3157.97,3157.97,3046.29,54.52497584,246.59827226
801040,2021-08-03,2975.67,3059.68,3089.78,2966.53,41.42659714,182.08792701
801040,2021-08-04,3109.47,2984.62,3118.61,2984.62,44.3596286,193.82589202
801040,2021-08-05,3088.41,3089.12,3093.26,3047.67,38.31062501,167.65376881
801040,2021-08-09,3172.36,3128.0,3175.3,3100.33,29.64694342,140.91124712
801040,2021-08-10,3193.93,3168.42,3201.24,3152.95,26.12592267,131.97423021
801040,2021-08-11,3258.84,3207.87,3261.29,3174.57,35.9595377,169.10051217
801040,2021-08-12,3331.82,3237.39,3372.77,3220.73,46.1495787,218.30167406
801040,2021-08-13,3334.97,3297.66,3372.46,3289.53,44.59924684,202.6750327
801040,2021-08-16,3318.49,3333.37,3361.3,3280.61,39.11348693,178.49544312
801040,2021-08-17,3256.31,3312.71,3349.25,3246.03,33.42193165,157.31627464
801040,2021-08-18,3288.16,3254.76,3312.41,3254.76,28.61838159,141.54667556
801040,2021-08-19,3277.76,3242.65,3301.54,3185.61,33.79667667,164.76491274
801040,2021-08-20,3325.19,3260.2,3329.41,3237.43,29.73552363,151.60813442
801040,2021-08-23,3327.09,3339.99,3361.29,3308.78,35.79423898,175.59862117
801040,2021-08-24,3412.92,3317.61,3449.01,3306.59,50.42715379,227.86035045
801040,2021-08-25,3431.7,3427.78,3437.28,3352.36,42.99080147,194.85942668
801040,2021-08-26,3546.78,3446.63,3593.93,3445.38,56.47470085,270.58525703
801040,2021-08-27,3560.09,3524.72,3567.06,3493.09,45.96380015,230.64842719
801040,2021-08-30,3639.78,3619.47,3660.09,3571.17,50.49240299,267.87785167
801040,2021-08-31,3823.54,3627.96,3826.03,3624.56,48.92879603,282.9218612
801040,2021-09-01,3756.8,3904.54,3983.07,3733.45,80.46905175,420.74561835
801040,2021-09-02,3841.98,3734.54,3884.92,3695.56,58.30188628,303.22413349
801040,2021-09-03,3758.82,3833.59,3859.85,3682.43,59.54631841,305.55174931
801040,2021-09-06,3784.64,3746.69,3819.76,3679.67,49.00700088,268.65825709
801040,2021-09-07,3973.81,3776.23,3985.4,3776.23,62.39427766,344.084859
801040,2021-09-08,3949.4,3935.03,3995.18,3910.34,51.60396608,288.24043805
801040,2021-09-09,4191.24,3947.42,4199.94,3944.03,64.35587293,388.14736297
801040,2021-09-10,4090.33,4158.45,4158.45,4066.93,55.74830532,345.72065248
801040,2021-09-13,4162.19,4070.66,4187.64,4069.45,47.58158721,296.71513576
801040,2021-09-14,3980.34,4133.53,4133.53,3973.13,47.05998993,294.92636215
801040,2021-09-15,3986.38,3978.69,4043.57,3938.13,34.55680101,234.46606999
801040,2021-09-16,3949.85,4059.75,4127.09,3949.85,49.39467313,298.4917465
801040,2021-09-17,3768.53,3927.09,3963.61,3669.45,51.77739793,295.54487533
801040,2021-09-22,3797.28,3712.38,3797.28,3699.27,32.50096191,197.19680724
801040,2021-09-23,3852.72,3839.24,3895.17,3769.2,49.89238565,268.6416336
801040,2021-09-24,3649.55,3824.11,3855.81,3641.98,46.52842418,250.84174235
801040,2021-09-27,3432.11,3635.26,3635.26,3422.65,41.04308646,210.6391159
801040,2021-09-28,3425.7,3426.59,3455.36,3374.93,28.44534764,148.02678687
801040,2021-09-29,3243.38,3395.79,3398.81,3239.02,34.77402448,180.37391365
801040,2021-09-30,3311.04,3264.89,3324.94,3255.59,26.75973145,140.05283582
801040,2021-10-11,3210.98,3248.88,3248.88,3154.33,26.31582853,137.12189658
801040,2021-10-12,3080.8,3203.49,3225.55,3045.09,32.32162018,168.88229241
801040,2021-10-13,3100.24,3078.04,3119.83,3025.76,23.5076413,118.264755
801040,2021-10-14,3115.74,3089.64,3152.81,3075.84,21.17004494,111.24054245
801040,2021-10-15,3094.71,3107.72,3114.08,3066.81,19.76821638,106.12595529
801040,2021-10-18,3154.95,3087.86,3165.61,3084.82,24.42971113,128.80411043
801040,2021-10-19,3161.57,3144.16,3163.32,3087.51,23.38772468,125.31395617
801040,2021-10-20,3171.24,3127.9,3205.06,3073.32,29.92932764,147.40284823
801040,2021-10-21,3167.84,3190.31,3236.53,3167.15,35.46994025,170.51750065
801040,2021-10-25,3064.56,3031.81,3068.58,3001.07,25.72470492,118.33144058
801040,2021-10-26,3055.52,3062.97,3106.57,3045.94,25.32297861,117.00561836
801040,2021-10-27,3000.16,3053.07,3061.54,2975.68,23.55790417,114.82705776
801040,2021-10-28,2897.15,2986.87,2986.91,2879.02,31.62020101,141.2835256
801040,2021-10-29,2924.2,2910.45,2926.16,2881.98,21.8496089,104.7629064
801040,2021-11-01,2900.07,2910.73,2937.2,2894.41,28.11365557,130.93555849
801040,2021-11-02,2807.45,2893.78,2912.91,2771.06,31.70915424,151.84157746
801040,2021-11-03,2822.85,2803.49,2827.3,2769.99,22.69455364,105.86525715
801040,2021-11-04,2808.32,2813.32,2813.39,2783.26,18.96268591,94.25640467
801040,2021-11-05,2715.38,2785.67,2785.67,2714.71,25.08995501,113.4403179
801040,2021-11-08,2786.32,2729.05,2802.65,2729.05,28.63786007,122.21605052
801040,2021-11-09,2781.42,2785.1,2803.91,2764.84,21.50743868,105.32454336
801040,2021-11-10,2776.8,2765.2,2780.64,2696.39,27.67567222,127.52435512
801040,2021-11-11,2826.73,2791.57,2840.96,2779.75,28.99158347,138.06888945
801040,2021-11-12,2790.81,2816.86,2835.02,2787.84,25.61757033,119.15433927
801040,2021-11-15,2783.26,2783.47,2784.67,2750.58,19.63043377,88.00232441
801040,2021-11-16,2727.57,2787.15,2799.2,2725.53,21.68238999,93.8835171
801040,2021-11-17,2778.34,2732.36,2782.74,2732.36,18.28171297,82.48967704
801040,2021-11-18,2829.43,2781.48,2845.82,2781.2,21.7193946,114.66206219
801040,2021-11-19,2870.16,2821.14,2872.35,2807.99,22.86629998,116.33072195
801040,2021-11-22,2881.11,2878.98,2892.33,2856.05,24.68458045,121.12749989
801040,2021-11-23,2944.1,2908.59,2983.43,2908.59,50.66831469,208.75065512
801040,2021-11-24,2964.26,2935.66,2993.69,2926.33,38.78351463,157.05179384
801040,2021-11-25,2917.2,2968.65,2968.65,2912.61,25.43111507,108.63665661
801040,2021-11-26,2986.01,2899.91,3019.18,2898.01,36.4757285,163.31880668
801040,2021-11-29,2969.82,2925.48,2976.72,2925.38,29.36539546,138.82286817
801040,2021-11-30,2952.97,2984.78,2987.22,2937.9,24.14733531,119.01333382
801040,2021-12-01,2967.9,2946.82,2967.9,2912.53,21.99191443,118.64627137
801040,2021-12-02,2999.15,2956.07,3013.48,2936.78,32.69727239,146.71735239
801040,2021-12-03,3002.36,2996.55,3008.04,2956.04,25.70792028,122.63861879
801040,2021-12-06,2979.58,3006.96,3049.31,2978.57,29.78589606,145.87199053
801040,2021-12-07,2988.4,3006.48,3020.24,2930.98,31.30689525,157.84259785
801040,2021-12-08,3020.13,2983.95,3021.71,2970.61,25.13062893,121.23629808
801040,2021-12-09,3036.95,3010.7,3061.2,2995.72,32.11309364,138.32924936
801040,2021-12-10,3006.83,3024.05,3024.05,2995.41,27.60625013,138.38841092
801040,2021-12-13,3008.85,3008.19,3011.57,2984.08,27.85684809,169.3826544
801040,2021-12-14,2953.71,2998.38,3002.67,2951.93,27.44984048,149.23076938
801040,2021-12-15,2976.53,2951.56,2999.29,2951.56,31.48008928,151.61980143
801040,2021-12-16,3063.78,2974.85,3063.78,2974.85,43.9078403,218.19454812
801040,2021-12-17,3050.22,3069.5,3103.68,3050.22,39.99608532,193.09681718
801040,2021-12-20,3008.71,3045.32,3085.7,3006.33,31.96628136,163.41055498
801040,2021-12-21,3045.56,3003.83,3045.85,2991.79,26.18802912,128.54809285
801040,2021-12-22,3017.7,3053.16,3053.16,3009.53,25.38955774,127.48109728
801040,2021-12-23,3013.11,3023.3,3031.42,2998.6,23.7835294,125.1282818
801040,2021-12-24,2928.37,3016.82,3016.82,2926.91,28.7843164,147.42513411
801040,2021-12-27,2917.26,2906.41,2941.25,2888.22,21.97372047,113.08927446
801040,2021-12-28,2948.85,2920.27,2949.84,2915.46,19.70912498,112.27332712
801040,2021-12-29,2956.97,2946.83,2997.16,2944.66,18.40641214,115.7326472
801040,2021-12-30,2968.51,2964.76,2987.42,2964.76,17.77313948,103.19247721
801040,2021-12-31,2999.35,2971.33,3005.87,2971.33,19.22865721,112.42043814
801040,2022-01-04,3024.55,3006.57,3035.76,3006.57,26.81271386,149.51568759
801040,2022-01-05,2970.56,3030.02,3030.02,2956.03,27.87459453,147.63076544
801040,2022-01-06,3037.22,2963.04,3045.35,2963.04,31.92226117,172.19972509
801040,2022-01-07,3063.76,3036.59,3091.54,3036.59,44.66265007,234.59831374
801040,2022-01-10,3052.9,3084.42,3084.42,3036.1,34.9769533,193.56413098
801040,2022-01-11,3053.37,3058.64,3097.08,3046.92,33.89555022,194.70250202
801040,2022-01-12,3009.98,3041.52,3041.52,2990.29,35.55564492,178.58647511
801040,2022-01-13,2955.2,3002.88,3002.88,2953.09,24.96329977,143.63061036
801040,2022-01-14,2917.72,2939.47,2940.08,2902.65,25.67527582,139.29171781
801040,2022-01-17,2923.53,2903.02,2931.42,2896.57,20.19587186,110.32869035
801040,2022-01-18,2961.85,2923.45,2972.65,2921.84,21.92729447,131.34116779
801040,2022-01-19,2976.91,2987.57,3000.89,2960.31,35.70360004,208.37555154
801040,2022-01-20,2952.68,2971.21,3001.28,2935.57,34.59610637,198.57557405
801040,2022-01-21,2910.64,2935.63,2935.66,2905.11,23.77133496,135.65170615
801040,2022-01-24,2950.45,2902.26,2971.86,2879.26,20.52436012,114.17124179
801040,2022-01-25,2839.18,2941.46,2949.44,2839.18,23.39118949,126.73079405
801040,2022-01-26,2862.33,2838.28,2895.1,2830.14,18.08207758,98.13088255
801040,2022-01-27,2807.81,2866.3,2879.58,2805.65,19.67327041,105.0200933
801040,2022-01-28,2778.63,2834.33,2834.33,2726.58,24.65920448,128.55201205
801040,2022-02-07,2890.85,2820.41,2895.49,2820.34,31.46563939,158.90724724
801040,2022-02-08,2965.37,2905.47,2966.28,2879.43,34.89727481,175.9033249
801040,2022-02-09,2991.96,2959.2,2994.23,2941.9,27.45310002,148.82947764
801040,2022-02-10,2997.24,2992.23,3010.44,2966.96,25.1579215,139.38530741
801040,2022-02-11,2971.78,2989.15,3022.73,2964.88,25.08906198,145.62455067
801040,2022-02-14,2919.74,2948.58,2975.16,2905.97,21.78830818,121.65431114
801040,2022-02-15,2908.59,2919.27,2925.23,2881.96,19.49776324,103.93813604
801040,2022-02-16,2959.28,2928.61,2979.25,2928.51,25.50549723,133.92664967
801040,2022-02-17,2973.34,2952.07,2987.6,2940.03,22.39289346,119.11520313
801040,2022-02-18,3048.57,2956.45,3050.77,2952.94,31.95718563,184.44923055
801040,2022-02-21,3051.69,3056.92,3061.07,3033.27,25.57494882,154.54391156
801040,2022-02-22,3006.92,3042.06,3051.91,2978.89,26.96773599,170.60453739
801040,2022-02-23,3021.09,3010.3,3022.09,2989.18,21.95957297,139.58154979
801040,2022-02-24,2930.94,3004.78,3010.21,2898.83,32.94364567,179.47698981
801040,2022-02-25,2992.01,2945.39,3049.69,2945.39,39.91813128,189.86686594
801040,2022-02-28,2998.42,2995.61,2998.91,2964.88,23.5699825,124.94190026
801040,2022-03-01,2992.56,3002.39,3023.94,2970.31,23.16744383,136.15814371
801040,2022-03-02,2994.29,2978.69,3012.52,2978.69,19.94014468,115.73170808
801040,2022-03-04,2983.67,3009.94,3027.4,2955.88,32.66804968,185.29453547
801040,2022-03-07,2943.66,2994.36,3004.87,2926.76,32.73544109,184.56306567
801040,2022-03-08,2831.73,2944.49,2945.02,2814.68,31.94246371,184.39082749
801040,2022-03-09,2772.09,2825.95,2827.5,2664.69,32.32662777,176.47389689
801040,2022-03-10,2820.0,2821.29,2844.58,2797.02,23.59469073,137.51753133
801040,2022-03-11,2800.91,2789.28,2809.83,2723.88,23.46288272,130.22168853
801040,2022-03-14,2714.28,2761.81,2794.57,2714.28,19.35681711,106.41508492
801040,2022-03-15,2518.3,2697.0,2697.0,2518.3,34.22806119,163.56147925
801040,2022-03-16,2595.51,2560.14,2607.83,2459.93,28.07105007,134.80257818
801040,2022-03-17,2647.32,2634.12,2687.99,2634.12,25.08978006,136.19136404
801040,2022-03-18,2671.5,2643.65,2677.21,2636.02,19.43906417,101.87171186
801040,2022-03-21,2677.19,2681.2,2695.44,2644.0,21.88865856,121.28233546
801040,2022-03-22,2713.76,2674.59,2729.67,2662.82,22.04479996,110.61962425
801040,2022-03-24,2680.33,2690.77,2703.18,2668.59,16.17802542,84.1881635
801040,2022-03-25,2654.76,2684.91,2696.26,2654.59,15.25682952,82.17446113
801040,2022-03-28,2664.63,2640.34,2687.06,2589.58,18.771685,95.43796133
801040,2022-03-29,2648.07,2664.04,2674.71,2637.61,14.42490687,78.09771609
801040,2022-03-30,2694.19,2660.22,2694.19,2652.15,17.95210678,92.17049486
801040,2022-04-01,2720.86,2681.61,2721.86,2670.24,17.42290061,98.43343587
801040,2022-04-06,2832.45,2721.99,2834.67,2708.74,38.69704133,191.81938861
801040,2022-04-07,2793.46,2815.16,2874.14,2793.46,44.81815389,225.32696202
801040,2022-04-08,2828.83,2792.02,2834.38,2747.3,35.93488246,191.69102191
801040,2022-04-11,2736.33,2811.63,2811.63,2728.37,32.30468514,176.61804862
801040,2022-04-12,2743.21,2718.72,2753.83,2705.78,25.53271507,139.7128943
801040,2022-04-13,2736.49,2723.44,2782.08,2699.88,24.95325666,141.3213291
801040,2022-04-15,2803.55,2775.62,2853.36,2772.01,40.15822372,208.81469152
801040,2022-04-18,2755.68,2768.62,2769.72,2738.96,27.01422612,134.649792
801040,2022-04-19,2792.89,2752.79,2803.5,2743.74,26.23963614,138.72282833
801040,2022-04-20,2678.12,2773.52,2781.67,2669.29,29.10462875,147.69385651
801040,2022-04-21,2553.79,2665.3,2665.3,2550.14,27.66456587,130.68530994
801040,2022-04-22,2549.94,2536.3,2571.11,2494.86,20.11283729,95.49865577
801040,2022-04-25,2371.43,2505.39,2505.39,2371.43,27.71623409,123.51597619
801040,2022-04-26,2311.6,2368.97,2395.98,2307.44,24.16057778,105.79924025
801040,2022-04-27,2409.31,2291.68,2410.11,2272.9,27.59621246,126.6571745
801040,2022-04-28,2384.98,2390.98,2411.48,2349.76,22.25362902,105.90806126
801040,2022-04-29,2475.78,2393.23,2478.07,2391.28,24.84844351,119.67931955
801040,2022-05-06,2403.27,2424.25,2435.12,2397.5,18.59769234,93.07599269
801040,2022-05-10,2434.42,2382.37,2440.18,2361.5,20.27156868,104.59107022
801040,2022-05-11,2451.62,2432.77,2503.18,2432.77,25.21009792,119.3348649
801040,2022-05-12,2442.23,2435.5,2458.21,2416.33,17.75829826,82.74062454
801040,2022-05-13,2450.93,2452.38,2457.61,2432.32,13.1106185,64.83284132
801040,2022-05-16,2464.81,2466.94,2472.99,2438.67,14.96675409,75.47886782
801040,2022-05-17,2476.71,2460.78,2478.93,2441.21,13.56858726,71.86456179
801040,2022-05-18,2484.24,2478.74,2498.25,2471.45,12.49579638,69.22111696
801040,2022-05-19,2486.08,2447.0,2486.08,2434.43,14.78979356,74.16830276
801040,2022-05-20,2526.63,2491.03,2528.76,2491.03,20.47574219,96.07680255
801040,2022-05-23,2599.42,2535.38,2602.86,2535.38,33.18541907,136.81057354
801040,2022-05-24,2505.26,2589.9,2595.58,2505.26,32.83350589,137.08458995
801040,2022-05-25,2520.01,2499.22,2531.13,2494.91,18.52887483,81.32205257
801040,2022-05-26,2548.55,2523.15,2558.92,2492.05,19.95749134,88.96806933
801040,2022-05-27,2545.98,2557.78,2568.41,2523.28,18.28267022,89.99430172
801040,2022-05-30,2552.61,2558.31,2565.01,2538.11,15.00500741,75.42717598
801040,2022-05-31,2571.63,2551.37,2572.5,2534.51,15.558979,79.71790461
801040,2022-06-01,2569.09,2562.87,2575.18,2544.26,15.9128546,83.45815277
801040,2022-06-02,2612.39,2553.67,2614.38,2552.36,29.22697885,125.56964103
801040,2022-06-06,2659.1,2606.75,2661.54,2598.28,28.33743642,136.96494474
801040,2022-06-07,2637.38,2655.34,2662.53,2623.76,21.95120158,115.84372843
801040,2022-06-08,2671.51,2643.07,2676.32,2624.47,25.87831651,131.86062024
801040,2022-06-09,2660.6,2667.14,2686.71,2646.94,22.6767789,117.46929547
801040,2022-06-10,2675.8,2637.43,2679.39,2630.05,24.32867136,121.2229492
801040,2022-06-13,2643.8,2659.22,2671.34,2623.22,28.02304486,142.59612424
801040,2022-06-14,2656.41,2614.91,2656.64,2575.76,25.86695762,129.53024215
801040,2022-06-15,2643.14,2642.25,2684.86,2632.62,28.54627433,143.70428675
801040,2022-06-16,2620.45,2639.57,2668.92,2615.82,24.22696362,115.34163394
801040,2022-06-17,2612.76,2599.67,2623.89,2584.34,21.87408739,116.07507862
801040,2022-06-20,2613.47,2603.23,2625.51,2598.96,19.53343234,112.39412474
801040,2022-06-21,2602.61,2606.19,2637.91,2579.12,36.48942922,146.83798698
801040,2022-06-22,2597.7,2604.86,2631.15,2582.45,40.2214632,149.60540016
801040,2022-06-23,2631.82,2602.78,2632.84,2588.24,41.42611176,148.71808462
801040,2022-06-24,2676.04,2630.75,2681.54,2625.86,39.48851296,154.30019402
801040,2022-06-27,2671.01,2683.0,2692.6,2665.87,31.98067046,136.53252457
801040,2022-06-28,2678.84,2671.01,2678.84,2651.46,30.212155,126.63907907
801040,2022-06-29,2626.94,2666.61,2676.76,2626.14,24.96070111,110.11324216
801040,2022-06-30,2625.42,2620.68,2642.63,2620.68,23.30524173,100.48209367
801040,2022-07-01,2670.86,2619.54,2672.02,2612.35,26.90062706,113.55904414
801040,2022-07-04,2699.21,2672.69,2702.44,2671.33,22.80826397,109.19822314
801040,2022-07-05,2748.02,2706.51,2762.13,2706.51,33.98212057,148.94683635
801040,2022-07-06,2716.26,2752.76,2753.92,2699.53,35.26229005,164.47877312
801040,2022-07-07,2742.25,2703.53,2757.82,2703.53,25.63184909,129.11419609
801040,2022-07-08,2706.75,2745.32,2745.32,2702.99,24.91321396,125.74193401
801040,2022-07-11,2665.42,2688.46,2688.89,2651.85,27.43281589,145.0478448
801040,2022-07-12,2679.36,2667.56,2712.27,2666.81,23.06931799,124.42778553
801040,2022-07-13,2671.84,2680.32,2682.91,2650.59,28.21109214,142.54030502
801040,2022-07-14,2647.38,2671.57,2671.57,2635.27,26.78228875,143.48156387
801040,2022-07-15,2577.4,2629.4,2644.44,2577.18,29.6143494,142.60483331
801040,2022-07-18,2620.0,2574.57,2622.03,2574.57,24.64355681,121.33504105
801040,2022-07-19,2623.96,2619.4,2625.85,2593.02,23.31597908,113.71230034
801040,2022-07-20,2660.03,2623.21,2668.8,2623.21,26.9357337,143.10568709
801040,2022-07-21,2638.93,2645.79,2672.7,2633.5,32.15574903,173.77007267
801040,2022-07-22,2624.28,2632.23,2641.26,2606.63,23.8259585,128.32811878
801040,2022-07-25,2578.3,2621.23,2621.23,2572.12,19.03734111,102.58468924
801040,2022-07-26,2607.24,2581.14,2617.23,2581.14,15.10351668,89.02937964
801040,2022-07-27,2610.34,2601.69,2614.06,2588.48,15.01573309,86.52601944
801040,2022-07-28,2604.93,2621.34,2621.34,2594.94,17.81818529,103.25087711
801040,2022-07-29,2610.32,2608.59,2630.42,2603.1,24.3277575,120.47260801
801040,2022-08-01,2587.93,2603.99,2603.99,2579.77,16.34188778,77.3190664
801040,2022-08-02,2499.57,2572.09,2572.09,2473.88,25.83130808,114.64735107
801040,2022-08-03,2466.51,2493.9,2535.24,2464.04,21.07149086,99.98483246
801040,2022-08-04,2472.36,2473.33,2480.36,2446.18,14.15370417,65.30668328
801040,2022-08-05,2508.64,2472.3,2509.44,2459.73,14.6554266,65.70139192
801040,2022-08-08,2527.71,2504.3,2533.28,2496.02,14.28891343,69.86691767
801040,2022-08-09,2536.0,2525.56,2542.18,2519.45,12.32848865,64.11444972
801040,2022-08-10,2522.21,2536.75,2544.75,2514.15,13.75358463,69.33972889
801040,2022-08-11,2542.81,2533.07,2544.89,2528.25,13.79557203,69.29229909
801040,2022-08-12,2538.53,2539.63,2554.16,2535.52,13.3618457,68.26027258
801040,2022-08-15,2552.6,2536.59,2559.41,2535.88,15.87795716,78.97737353
801040,2022-08-16,2573.6,2552.28,2580.41,2548.71,18.76673829,95.80351139
801040,2022-08-17,2564.41,2580.53,2580.53,2542.36,17.04306942,92.20608951
801040,2022-08-18,2533.51,2558.76,2558.76,2530.02,15.57690518,80.75913991
801040,2022-08-19,2520.54,2530.35,2541.42,2520.54,13.6449201,73.07948429
801040,2022-08-22,2558.75,2517.43,2562.75,2507.8,14.9882627,82.16014674
801040,2022-08-23,2537.93,2551.67,2551.67,2525.71,14.28821571,71.49451654
801040,2022-08-24,2477.2,2541.85,2553.77,2476.88,18.98995537,90.97388543
801040,2022-08-25,2493.36,2480.47,2494.78,2452.85,13.52908193,65.66855915
801040,2022-08-26,2472.83,2495.55,2497.69,2468.51,11.19240395,55.76702554
801040,2022-08-29,2491.19,2448.17,2491.19,2434.47,12.24990972,57.18394211
801040,2022-08-30,2484.93,2492.81,2502.84,2476.91,12.12086234,59.02968161
801040,2022-08-31,2440.83,2480.88,2483.33,2434.38,14.41486708,67.07294918
801040,2022-09-01,2428.03,2439.39,2460.36,2424.11,10.65995618,52.35802281
801040,2022-09-02,2416.4,2428.11,2432.7,2407.62,9.41215979,45.386828
801040,2022-09-05,2451.66,2415.43,2452.92,2408.88,12.82876955,58.08313785
801040,2022-09-06,2480.7,2458.01,2482.2,2456.28,13.54350677,65.19182621
801040,2022-09-07,2478.5,2473.89,2479.97,2464.1,11.4587987,57.00719479
801040,2022-09-08,2499.61,2485.33,2516.68,2482.58,15.12561701,78.07887402
801040,2022-09-09,2499.04,2495.87,2504.81,2483.13,13.17552547,68.45700992
801040,2022-09-13,2484.22,2505.76,2505.76,2482.74,11.83577341,62.19459047
801040,2022-09-14,2461.53,2455.66,2481.62,2451.93,11.73439567,60.79222366
801040,2022-09-15,2441.4,2472.75,2481.23,2421.51,15.18663456,76.57007854
801040,2022-09-16,2374.46,2439.02,2439.02,2374.46,15.90428433,72.46100132
801040,2022-09-19,2338.65,2371.41,2371.41,2329.36,13.20771893,54.96773141
801040,2022-09-20,2345.13,2347.67,2366.98,2339.64,10.60686937,48.07221766
801040,2022-09-21,2375.39,2340.45,2385.01,2312.04,15.40424799,64.68136518
801040,2022-09-22,2378.11,2363.7,2409.03,2363.59,16.68074498,76.59996733
801040,2022-09-23,2354.07,2373.59,2385.63,2337.64,14.84659311,67.77175396
801040,2022-09-26,2278.43,2338.97,2338.97,2278.43,14.68333975,60.37328363
801040,2022-09-27,2297.53,2279.63,2298.94,2260.32,11.70790326,51.92745072
801040,2022-09-28,2226.14,2290.11,2290.11,2226.14,12.10915195,52.87808708
801040,2022-09-29,2218.92,2246.57,2251.48,2212.09,10.21165855,43.63724161
801040,2022-09-30,2220.52,2218.98,2236.16,2215.22,8.91389793,37.88346401
801040,2022-10-10,2208.76,2225.78,2248.48,2201.98,11.52000894,46.77348791
801040,2022-10-11,2215.09,2206.49,2219.13,2185.74,9.43578887,39.11949562
801040,2022-10-12,2244.49,2218.81,2245.65,2178.22,12.16403311,52.61225475
801040,2022-10-13,2226.14,2227.07,2238.7,2219.88,11.02012322,46.77334251
801040,2022-10-14,2267.54,2237.49,2273.09,2237.22,12.99207424,55.59049319
801040,2022-10-17,2295.81,2261.58,2301.51,2258.91,11.20859725,48.8841501
801040,2022-10-18,2289.52,2306.51,2306.51,2287.41,9.79658661,47.40096261
801040,2022-10-19,2271.87,2289.92,2298.02,2271.06,10.96118235,54.66703322
801040,2022-10-20,2259.3,2267.17,2283.5,2236.75,11.78967265,52.88109045
801040,2022-10-21,2267.99,2266.75,2285.32,2262.87,10.71316579,55.30456633
801040,2022-10-24,2255.3,2272.85,2303.35,2244.74,13.84183699,69.46930611
801040,2022-10-25,2259.14,2248.88,2274.52,2233.67,11.35173244,58.83776725
801040,2022-10-26,2263.7,2256.32,2285.34,2256.32,14.58384053,65.15939396
801040,2022-10-27,2255.65,2264.9,2279.07,2255.65,12.05232585,58.45344827
801040,2022-10-28,2167.38,2238.93,2238.93,2162.59,15.64994563,65.59888025
801040,2022-10-31,2159.72,2153.9,2176.91,2141.54,12.59969836,56.31088894
801040,2022-11-01,2201.47,2162.17,2203.04,2162.17,12.25964946,51.31526152
801040,2022-11-02,2210.86,2198.74,2218.99,2195.95,12.67537503,55.80302883
801040,2022-11-03,2210.52,2199.0,2215.67,2198.05,9.83391675,49.08092643
801040,2022-11-04,2273.08,2217.1,2275.6,2217.04,17.39310087,78.8506594
801040,2022-11-07,2311.55,2280.66,2336.84,2280.66,23.76292981,101.03576281
801040,2022-11-08,2316.79,2314.6,2323.12,2302.36,15.70958482,78.25470714
801040,2022-11-09,2328.91,2328.57,2344.94,2325.59,13.76564585,72.55076539
801040,2022-11-10,2342.37,2328.08,2349.58,2313.02,27.21813408,92.97588865
801040,2022-11-11,2358.83,2378.63,2390.11,2348.38,27.544212,100.13824073
801040,2022-11-14,2338.76,2365.61,2374.75,2330.94,19.70115571,79.74433259
801040,2022-11-15,2361.51,2336.38,2364.86,2332.89,14.34628738,61.96681289
801040,2022-11-16,2350.87,2362.29,2363.59,2347.64,10.95142713,50.89315242
801040,2022-11-17,2346.4,2344.98,2346.4,2330.46,10.18022075,46.68507576
801040,2022-11-18,2338.86,2346.35,2358.28,2333.91,12.48837013,52.52017865
801040,2022-11-21,2339.24,2332.48,2341.78,2314.52,12.6937946,58.82000948
801040,2022-11-22,2349.91,2340.29,2370.32,2336.56,13.72949674,57.7354598
801040,2022-11-23,2366.76,2346.74,2372.84,2344.61,12.860043,56.23129645
801040,2022-11-24,2375.33,2374.75,2388.87,2369.72,11.18878725,58.596372
801040,2022-11-25,2389.11,2371.49,2395.75,2367.06,12.95588688,58.99624114
801040,2022-11-28,2364.23,2368.13,2368.13,2333.7,11.85441279,51.34434034
801040,2022-11-29,2406.53,2374.05,2409.23,2372.24,16.28479818,70.71562357
801040,2022-11-30,2396.22,2405.77,2410.18,2390.97,13.77916878,58.64374704
801040,2022-12-01,2408.63,2410.54,2422.56,2407.31,15.28264904,72.14412053
801040,2022-12-02,2394.19,2409.27,2409.27,2391.42,9.81299934,46.21930141
801040,2022-12-05,2461.92,2402.56,2471.85,2402.56,24.68567053,97.42252763
801040,2022-12-06,2453.0,2456.74,2462.05,2442.8,14.98964486,66.41689478
801040,2022-12-07,2424.04,2449.61,2449.61,2419.51,14.43006479,62.43747713
801040,2022-12-08,2420.16,2424.97,2433.2,2411.24,10.75885118,50.87792436
801040,2022-12-09,2445.86,2425.66,2458.61,2414.42,18.80417002,87.10448093
801040,2022-12-12,2383.51,2444.16,2444.16,2381.69,17.96090593,78.92848563
801040,2022-12-13,2409.7,2392.07,2423.6,2392.07,16.15824974,60.16149934
801040,2022-12-14,2386.77,2408.47,2418.68,2383.47,11.4329527,49.63586811
801040,2022-12-15,2372.59,2383.84,2387.8,2364.01,9.81368104,41.24999695
801040,2022-12-16,2398.01,2361.4,2414.32,2361.4,14.64563735,62.87104552
801040,2022-12-19,2331.6,2391.99,2400.74,2327.46,14.28759011,57.310845
801040,2022-12-20,2325.52,2327.33,2346.72,2316.38,8.28016213,34.64663929
801040,2022-12-21,2314.33,2324.96,2341.27,2307.74,6.79416449,29.98673728
801040,2022-12-22,2280.56,2331.83,2350.47,2274.73,9.5826021,39.20767902
801040,2022-12-23,2275.74,2272.91,2288.63,2258.66,6.32761102,27.2483685
801040,2022-12-26,2286.37,2276.45,2287.95,2273.46,6.75124605,28.78137207
801040,2022-12-27,2315.84,2296.24,2318.87,2296.23,7.73118507,31.0313861
801040,2022-12-28,2314.44,2317.06,2329.28,2303.99,8.1496406,37.14868382
801040,2022-12-29,2290.58,2315.16,2315.16,2289.81,8.56163037,36.4817183
801040,2022-12-30,2285.98,2299.31,2299.31,2278.58,6.62088152,29.64131265
801040,2023-01-03,2311.89,2283.34,2318.34,2277.52,8.81654195,38.07713
801040,2023-01-04,2311.94,2311.31,2328.01,2305.35,8.80476826,38.30171562
801040,2023-01-05,2320.77,2316.62,2326.93,2308.82,7.95990842,36.95903372
801040,2023-01-06,2335.36,2324.53,2352.73,2321.17,8.9750258,43.91665848
801040,2023-01-09,2342.6,2341.89,2354.42,2336.51,10.73992653,44.8039605
801040,2023-01-10,2318.32,2340.84,2340.84,2317.17,8.98132117,38.21483843
801040,2023-01-11,2324.62,2323.7,2338.71,2316.63,8.39974063,36.94877081
801040,2023-01-12,2319.7,2328.71,2330.44,2312.61,7.56402933,31.47275266
801040,2023-01-13,2327.09,2324.19,2330.74,2313.11,6.57804691,29.40908029
801040,2023-01-16,2345.61,2327.82,2354.55,2327.46,9.52855376,42.56819802
801040,2023-01-17,2338.89,2350.22,2350.22,2330.89,6.62726531,29.02596096
801040,2023-01-18,2348.18,2342.59,2351.73,2340.13,6.96074881,30.91548533
801040,2023-01-19,2367.62,2349.57,2369.57,2342.51,8.59061298,36.40969526
801040,2023-01-20,2413.74,2372.89,2413.74,2372.89,14.63273038,58.11674197
801040,2023-01-30,2440.34,2436.79,2462.3,2436.79,17.75623623,71.22576727
801040,2023-01-31,2452.33,2431.63,2455.29,2424.75,12.24756351,50.9557263
801040,2023-02-01,2494.27,2456.57,2498.6,2456.57,20.83120643,83.00402878
801040,2023-02-02,2481.03,2496.61,2496.61,2475.38,14.68509525,59.27025839
801040,2023-02-03,2454.97,2476.73,2476.73,2430.67,14.41705559,60.26891339
801040,2023-02-06,2436.12,2443.78,2445.73,2430.34,9.24071384,39.49121882
801040,2023-02-07,2452.37,2443.61,2454.21,2434.86,9.42176274,43.08935588
801040,2023-02-08,2435.88,2457.76,2457.76,2435.23,8.75926418,38.89052066
801040,2023-02-09,2468.68,2439.85,2470.06,2439.85,11.83985881,58.44269456
801040,2023-02-10,2452.51,2470.57,2474.17,2443.89,12.72872909,61.62887836
801040,2023-02-13,2480.65,2462.39,2483.51,2461.11,15.00709613,73.81322934
801040,2023-02-14,2507.35,2488.38,2507.35,2483.47,16.1337991,72.1161717
801040,2023-02-15,2486.32,2509.39,2509.39,2481.48,12.26580694,55.14074388
801040,2023-02-16,2457.15,2488.86,2505.57,2443.15,16.37134946,70.81939323
801040,2023-02-17,2459.04,2457.33,2481.31,2457.33,11.03455507,48.29395705
801040,2023-02-20,2520.09,2464.16,2520.09,2464.16,16.89855324,76.44581982
801040,2023-02-21,2580.21,2530.1,2587.44,2529.1,25.88118817,115.4706574
801040,2023-02-22,2577.64,2568.16,2582.75,2562.76,15.50050437,74.35752426
801040,2023-02-23,2569.82,2587.43,2592.16,2555.9,12.94437179,62.27580549
801040,2023-02-24,2574.09,2570.53,2579.89,2552.85,11.91687418,56.38672331
801040,2023-02-27,2554.97,2569.99,2591.21,2551.71,14.83286384,62.33264277
801040,2023-02-28,2563.84,2555.47,2567.0,2540.8,11.38969796,49.16187931
801040,2023-03-01,2574.99,2570.44,2580.89,2562.34,11.37282507,52.02488145
801040,2023-03-02,2586.22,2570.44,2596.05,2560.17,14.69657596,67.2030237
801040,2023-03-03,2600.95,2588.91,2604.03,2573.85,14.07910494,63.93961967
801040,2023-03-06,2575.13,2603.0,2603.0,2571.26,12.92275543,63.31808978
801040,2023-03-07,2547.22,2572.79,2591.19,2544.12,13.86570008,61.33595592
801040,2023-03-08,2561.01,2543.85,2567.79,2539.08,11.77868288,51.83691598
801040,2023-03-09,2555.23,2566.77,2571.46,2548.54,10.2382393,45.36084868
801040,2023-03-10,2498.57,2547.57,2547.57,2498.57,13.27888088,59.10544685
801040,2023-03-13,2511.86,2500.99,2523.35,2492.36,10.90901156,48.21333111
801040,2023-03-14,2490.22,2512.02,2528.71,2482.17,12.56655998,54.10691996
801040,2023-03-15,2536.67,2501.1,2544.57,2496.42,15.19930168,66.92986909
801040,2023-03-16,2472.05,2526.52,2526.52,2472.01,14.23228613,61.84820527
801040,2023-03-17,2485.1,2486.39,2504.39,2479.53,11.49909436,51.95750776
801040,2023-03-20,2441.46,2486.89,2486.89,2441.11,14.23814223,68.38586254
801040,2023-03-21,2427.29,2453.89,2453.89,2416.58,14.05263534,77.07113173
801040,2023-03-22,2421.82,2428.55,2438.5,2415.2,11.37437428,56.94572225
801040,2023-03-23,2408.11,2414.9,2415.5,2396.07,12.41227988,60.71990596
801040,2023-03-24,2397.06,2408.56,2409.61,2394.59,11.66094099,55.81723975
801040,2023-03-27,2366.82,2398.65,2398.65,2358.39,13.45342912,61.18514524
801040,2023-03-28,2355.2,2370.63,2376.45,2353.27,10.64043915,47.25633743
801040,2023-03-29,2340.58,2360.35,2361.86,2339.04,9.72381592,43.69313059
801040,2023-03-30,2354.14,2342.63,2356.11,2324.07,11.62663814,47.93967655
801040,2023-03-31,2373.08,2358.13,2376.48,2353.78,10.64292751,49.02013841
801040,2023-04-03,2373.21,2376.6,2378.28,2363.39,11.74410522,52.9282676
801040,2023-04-04,2381.74,2374.07,2387.93,2369.28,11.91724496,52.67368377
801040,2023-04-06,2378.84,2377.97,2385.91,2369.47,10.30266775,44.4137182
801040,2023-04-07,2384.0,2380.46,2388.78,2378.07,8.06109931,40.0018915
801040,2023-04-10,2372.96,2379.43,2387.33,2369.49,9.07162489,40.97298393
801040,2023-04-11,2391.28,2372.56,2391.28,2356.01,10.3318413,46.10813663
801040,2023-04-12,2425.71,2392.84,2431.01,2392.47,15.43336246,68.18883937
801040,2023-04-13,2408.55,2424.69,2433.28,2405.22,11.5163902,49.43576851
801040,2023-04-14,2428.41,2413.1,2432.23,2413.07,9.87615112,45.24582462
801040,2023-04-17,2448.26,2427.5,2449.88,2423.3,13.72724737,60.79955426
801040,2023-04-18,2432.27,2447.95,2447.95,2426.39,9.51152231,44.37746712
801040,2023-04-19,2427.19,2434.53,2442.74,2424.57,10.2885377,49.41323516
801040,2023-04-20,2397.45,2423.47,2423.47,2383.27,11.99787545,58.47020835
801040,2023-04-21,2351.11,2394.25,2404.47,2351.11,12.8369311,56.78036853
801040,2023-04-24,2303.91,2344.58,2344.58,2298.04,14.13272532,60.77317221
801040,2023-04-25,2259.19,2312.22,2312.22,2244.39,14.87191301,64.31114539
801040,2023-04-26,2277.7,2256.83,2285.03,2252.11,12.02036777,55.03901071
801040,2023-04-27,2287.99,2278.9,2297.88,2268.39,9.83580845,46.16275134
801040,2023-04-28,2309.7,2284.14,2310.84,2284.14,12.25322635,51.68511692
801040,2023-05-04,2322.16,2305.06,2333.29,2295.11,15.62870753,70.76558502
801040,2023-05-05,2305.28,2320.44,2335.16,2289.34,13.74920609,58.08319205
801040,2023-05-08,2351.65,2303.8,2353.07,2303.8,18.45781632,72.33622463
801040,2023-05-09,2360.69,2360.23,2401.15,2358.87,23.52510396,93.52628205
801040,2023-05-10,2346.39,2355.76,2370.85,2339.87,13.79850825,55.78506662
801040,2023-05-11,2343.67,2347.34,2353.09,2334.9,11.6662728,48.182257
801040,2023-05-12,2307.95,2340.82,2345.78,2307.06,10.22322616,43.7369346
801040,2023-05-15,2317.59,2308.01,2317.59,2286.14,11.16955396,46.63552063
801040,2023-05-16,2292.74,2316.54,2316.54,2288.24,8.81442657,35.75346971
801040,2023-05-17,2296.53,2287.3,2312.32,2283.18,8.10957701,36.40754011
801040,2023-05-18,2286.96,2301.3,2303.52,2280.17,8.48172968,36.78590126
801040,2023-05-19,2279.46,2285.58,2288.97,2264.76,8.87298703,35.71477472
801040,2023-05-22,2283.93,2277.1,2288.65,2271.53,9.30129775,34.64970868
801040,2023-05-23,2251.28,2281.41,2281.41,2251.28,8.5372298,32.57565823
801040,2023-05-24,2226.1,2249.44,2249.44,2224.2,9.38418028,36.62204447
801040,2023-05-25,2218.98,2221.03,2225.09,2198.51,9.7188701,36.37436893
801040,2023-05-26,2234.4,2224.54,2236.65,2201.81,8.47873031,34.09291318
801040,2023-05-29,2229.7,2235.17,2238.08,2222.53,8.4094331,34.58041726
801040,2023-05-30,2216.24,2227.79,2233.49,2191.76,8.94753246,37.33218719
801040,2023-05-31,2200.24,2207.3,2210.75,2192.88,8.64173096,36.69039374
801040,2023-06-01,2208.45,2198.83,2218.69,2191.64,9.50161786,39.87200887
801040,2023-06-02,2234.03,2209.55,2235.94,2209.55,10.05167624,40.45186348
801040,2023-06-05,2231.41,2237.49,2242.55,2225.36,8.30526844,35.56457988
801040,2023-06-06,2195.28,2230.41,2230.41,2195.28,9.76717474,38.74428701
801040,2023-06-07,2190.46,2197.68,2204.87,2184.22,6.41021737,25.26043398
801040,2023-06-08,2202.84,2189.55,2205.83,2180.92,7.40362451,29.842332
801040,2023-06-09,2201.76,2203.18,2205.05,2196.33,9.07594965,36.57406634
801040,2023-06-12,2196.14,2200.75,2204.14,2190.45,8.38330138,34.87631158
801040,2023-06-13,2196.63,2196.52,2203.56,2191.56,7.44669843,31.37434783
801040,2023-06-14,2191.42,2197.66,2205.44,2189.8,7.65227449,32.55462872
801040,2023-06-15,2201.11,2193.54,2202.14,2177.82,7.5381412,33.11837499
801040,2023-06-16,2215.66,2200.02,2218.41,2199.97,7.92844191,34.04387224
801040,2023-06-19,2185.26,2215.14,2215.14,2185.26,7.67476144,31.92663117
801040,2023-06-20,2167.35,2186.31,2186.35,2166.62,7.9574906,33.49127343
801040,2023-06-21,2149.8,2165.65,2170.61,2149.8,7.87214437,32.26163228
801040,2023-06-26,2129.0,2145.56,2145.56,2126.33,8.51384926,33.85208978
801040,2023-06-27,2172.17,2133.21,2175.76,2133.21,8.95147028,36.43924089
801040,2023-06-28,2175.63,2171.25,2177.51,2157.37,7.17494037,31.16440221
801040,2023-06-29,2166.41,2172.05,2173.12,2164.12,5.42109453,25.03525829
801040,2023-06-30,2188.14,2163.14,2195.65,2163.09,6.81466867,31.63552783
801040,2023-07-03,2221.67,2194.69,2228.39,2194.69,9.61226704,45.42795913
801040,2023-07-04,2226.12,2226.9,2232.35,2217.95,9.44346851,40.00491679
801040,2023-07-05,2252.55,2221.47,2257.56,2218.37,16.8514726,56.36216247
801040,2023-07-06,2223.38,2246.25,2246.25,2217.62,10.63281718,37.52985371
801040,2023-07-07,2224.12,2216.51,2234.93,2211.23,8.62739426,31.30447727
801040,2023-07-10,2223.84,2222.38,2232.47,2218.16,6.61043294,26.07624314
801040,2023-07-11,2233.53,2226.78,2234.68,2221.51,6.63089429,26.51902959
801040,2023-07-12,2217.72,2234.97,2234.97,2217.43,6.65826002,28.39258515
801040,2023-07-13,2232.95,2223.85,2241.18,2223.85,7.37071843,33.30540691
801040,2023-07-14,2227.03,2231.94,2238.17,2225.47,6.09732165,27.71113756
801040,2023-07-17,2205.9,2221.82,2221.82,2197.55,8.64968108,36.44571006
801040,2023-07-18,2207.97,2207.61,2214.96,2193.0,6.3095026,26.49995866
801040,2023-07-19,2212.78,2207.55,2213.68,2200.09,6.04832787,24.76691685
801040,2023-07-20,2205.9,2213.55,2223.82,2204.8,6.85029805,27.87898569
801040,2023-07-21,2208.4,2204.02,2213.87,2200.74,6.45608586,25.15173191
801040,2023-07-24,2199.93,2210.25,2210.26,2197.94,5.30419714,22.25085917
801040,2023-07-25,2259.44,2215.05,2260.76,2214.98,14.44525143,58.4923872
801040,2023-07-26,2297.73,2260.33,2297.73,2260.33,19.87480138,63.57864978
801040,2023-07-27,2332.03,2290.44,2354.63,2288.37,34.08328601,116.14316525
801040,2023-07-28,2368.92,2321.52,2376.89,2319.6,30.49030701,107.58320825
801040,2023-07-31,2376.62,2373.43,2394.58,2370.31,24.55071439,86.05308975
801040,2023-08-01,2424.12,2380.67,2459.52,2379.72,39.72329964,134.73996396
801040,2023-08-02,2405.72,2405.37,2415.74,2394.64,26.84435196,92.89419709
801040,2023-08-03,2405.76,2393.88,2406.41,2379.44,19.01221598,66.67280127
801040,2023-08-04,2388.76,2413.18,2426.33,2388.76,16.48336427,61.3869034
801040,2023-08-07,2355.7,2385.44,2385.44,2350.61,14.15646558,53.40970784
801040,2023-08-08,2334.97,2356.2,2358.2,2324.84,10.9260006,43.86647434
801040,2023-08-09,2329.8,2336.75,2343.77,2324.92,9.93487128,38.38727306
801040,2023-08-10,2332.19,2326.25,2343.32,2324.88,9.69059553,34.28517805
801040,2023-08-11,2289.97,2334.94,2334.94,2289.97,11.11888397,41.21140882
801040,2023-08-14,2296.24,2276.65,2303.22,2264.89,10.7888475,41.56405458
801040,2023-08-15,2288.67,2300.41,2304.93,2269.63,9.84926755,35.51867272
801040,2023-08-16,2288.24,2283.64,2308.5,2279.4,9.14911164,34.47145716
801040,2023-08-17,2296.4,2281.94,2298.61,2265.16,10.34658282,42.10932143
801040,2023-08-18,2278.81,2293.71,2318.19,2278.81,10.03898787,40.22223394
801040,2023-08-21,2254.23,2277.44,2290.5,2254.23,9.93500851,38.58101693
801040,2023-08-22,2257.82,2255.52,2267.66,2234.67,12.31498333,46.62722974
801040,2023-08-23,2229.75,2262.76,2262.76,2229.75,9.17651496,36.6011937
801040,2023-08-24,2206.39,2236.84,2244.03,2206.39,10.39153306,40.45411461
801040,2023-08-25,2214.28,2207.18,2236.77,2192.9,11.57763988,42.03940982
801040,2023-08-28,2254.54,2306.69,2310.76,2251.13,19.03559863,71.30073094
801040,2023-08-29,2254.5,2255.24,2275.57,2236.64,15.3583777,60.83669094
801040,2023-08-30,2233.97,2253.22,2266.41,2233.68,11.7479839,45.50582468
801040,2023-08-31,2217.21,2230.38,2242.81,2215.02,10.42575436,40.4805864
801040,2023-09-01,2267.6,2220.01,2272.93,2220.01,13.68928089,59.70684016
801040,2023-09-04,2341.12,2276.79,2351.47,2276.79,24.84439478,104.51310521
801040,2023-09-05,2320.63,2339.84,2339.84,2307.73,13.94565255,60.76495337
801040,2023-09-06,2295.55,2318.51,2318.51,2290.28,10.66529392,44.25901016
801040,2023-09-07,2261.1,2294.34,2294.34,2259.43,10.7827421,43.51033751
801040,2023-09-11,2249.64,2247.1,2258.65,2235.66,10.02034642,43.65527403
801040,2023-09-12,2248.81,2248.77,2258.46,2244.01,7.75369226,32.86073115
801040,2023-09-13,2258.8,2253.2,2280.12,2250.94,10.61590447,47.60216354
801040,2023-09-14,2278.1,2257.2,2280.66,2252.74,10.33925472,47.91386928
801040,2023-09-15,2285.4,2282.67,2306.66,2277.68,14.45943834,57.58746508
801040,2023-09-18,2278.5,2283.06,2283.06,2263.83,11.03984475,44.15299294
801040,2023-09-19,2297.13,2276.39,2301.7,2274.48,10.87712155,46.43185586
801040,2023-09-20,2294.29,2296.2,2303.84,2286.26,9.4858551,39.16828228
801040,2023-09-21,2273.39,2288.47,2295.48,2271.87,9.5069827,39.55732242
801040,2023-09-22,2269.42,2270.09,2270.21,2255.49,10.38857227,42.53900055
801040,2023-09-25,2254.41,2266.65,2271.95,2254.41,9.40321394,38.69930853
801040,2023-09-26,2235.42,2252.96,2254.41,2235.42,7.78087267,33.61013587
801040,2023-09-27,2224.7,2234.59,2243.61,2224.7,9.59702523,41.54745318
801040,2023-09-28,2234.91,2229.94,2241.83,2229.94,8.17250283,35.71152227
801040,2023-10-09,2224.5,2231.27,2231.27,2214.1,8.71375677,38.67112713
801040,2023-10-10,2210.54,2226.95,2231.13,2208.71,9.32293943,38.72085468
801040,2023-10-11,2192.56,2216.48,2216.48,2191.74,9.01535563,37.11080524
801040,2023-10-12,2233.96,2201.1,2236.19,2201.1,9.86496624,41.79224678
801040,2023-10-13,2215.11,2227.02,2227.02,2207.34,7.44331341,33.2119915
801040,2023-10-16,2205.43,2213.16,2214.65,2198.96,7.98503226,34.07551236
801040,2023-10-17,2217.37,2219.55,2229.35,2210.07,8.1186493,36.29588314
801040,2023-10-18,2186.86,2216.09,2216.09,2183.22,11.14219619,45.76815965
801040,2023-10-19,2145.63,2175.63,2175.63,2145.09,10.99288424,44.30077472
801040,2023-10-20,2143.83,2137.04,2162.28,2137.04,8.97986845,34.84048765
801040,2023-10-23,2091.07,2139.97,2139.97,2084.35,11.18956423,40.44881125
801040,2023-10-24,2119.72,2097.18,2124.17,2095.98,12.48335233,45.6373039
801040,2023-10-25,2197.98,2154.47,2205.51,2154.47,17.84033688,75.58920077
801040,2023-10-26,2200.41,2187.88,2203.16,2174.74,12.39491733,55.38543579
801040,2023-10-27,2212.37,2198.48,2218.86,2198.48,12.03199874,52.99551986
801040,2023-10-30,2224.53,2208.04,2235.4,2208.04,11.58358607,51.5589058
801040,2023-10-31,2218.2,2224.07,2238.54,2214.31,9.97008599,44.14628913
801040,2023-11-01,2217.87,2226.75,2227.32,2209.34,9.56173445,42.03945271
801040,2023-11-02,2197.08,2217.19,2219.92,2197.08,8.75050192,36.62141236
801040,2023-11-03,2184.55,2202.3,2209.72,2184.25,9.88142593,39.51591324
801040,2023-11-06,2185.02,2192.73,2192.97,2176.0,12.9187724,52.37044724
801040,2023-11-07,2175.41,2182.65,2182.65,2163.37,9.21339078,39.22287883
801040,2023-11-08,2154.35,2173.17,2173.17,2146.86,10.05395276,41.01210609
801040,2023-11-09,2164.61,2153.84,2173.13,2153.84,10.07963838,38.94401757
801040,2023-11-10,2158.2,2162.19,2163.5,2146.82,7.74710886,31.01522203
801040,2023-11-13,2211.69,2163.93,2211.69,2163.93,14.30677703,56.85258521
801040,2023-11-14,2196.7,2211.38,2211.38,2183.61,11.18597609,45.58319118
801040,2023-11-15,2232.65,2212.87,2234.87,2206.11,14.23828797,63.0842606
801040,2023-11-16,2212.23,2228.97,2228.97,2209.36,11.4212786,53.36330175
801040,2023-11-17,2209.82,2208.76,2216.45,2197.87,9.93093409,43.90395274
801040,2023-11-20,2215.37,2212.17,2224.19,2202.57,10.25601983,46.66387878
801040,2023-11-21,2215.43,2222.03,2238.72,2213.63,10.7546738,48.07130878
801040,2023-11-22,2192.16,2211.34,2216.13,2192.16,7.79917908,34.55109147
801040,2023-11-23,2215.31,2191.01,2216.15,2185.21,8.99505235,39.10921964
801040,2023-11-24,2210.24,2213.09,2221.43,2204.75,10.16072051,39.30743817
801040,2023-11-27,2202.33,2204.95,2208.32,2194.5,8.97811721,38.68045445
801040,2023-11-28,2208.69,2202.04,2211.21,2187.18,8.05298287,35.29580419
801040,2023-11-29,2185.28,2208.07,2209.36,2182.22,8.74135518,35.99888239
801040,2023-11-30,2177.97,2184.26,2185.86,2170.2,7.52243517,30.81702087
801040,2023-12-01,2187.63,2178.41,2194.13,2174.05,8.46679484,33.40423501
801040,2023-12-04,2191.01,2193.76,2200.03,2183.52,8.42381104,35.26875795
801040,2023-12-05,2157.91,2189.18,2189.18,2156.84,8.38849747,33.30525861
801040,2023-12-06,2157.67,2153.96,2167.22,2151.7,8.34929171,33.64338654
801040,2023-12-07,2155.72,2158.76,2161.57,2143.69,9.96752581,39.61680283
801040,2023-12-08,2160.36,2158.73,2172.76,2153.51,18.1290521,60.2834749
801040,2023-12-11,2158.54,2157.34,2159.43,2110.61,18.28647618,62.79674963
801040,2023-12-12,2145.91,2150.49,2150.49,2129.32,10.23084867,40.21301071
801040,2023-12-13,2119.35,2140.12,2141.27,2119.35,10.31478401,38.12234277
801040,2023-12-14,2117.72,2125.64,2129.38,2117.72,7.87668796,30.06380701
801040,2023-12-15,2110.84,2121.34,2128.94,2110.84,7.82583921,30.04971145
801040,2023-12-18,2082.61,2106.5,2106.5,2080.61,9.67793104,34.16864897
801040,2023-12-19,2072.24,2081.71,2081.71,2064.7,8.57267433,28.79833793
801040,2023-12-20,2057.76,2074.84,2082.76,2057.76,8.82761631,31.23178468
801040,2023-12-21,2065.35,2052.8,2068.07,2034.89,10.75092597,35.17732526
801040,2023-12-22,2072.79,2065.64,2084.92,2054.22,10.1375313,37.2568746
801040,2023-12-25,2071.59,2074.0,2078.69,2063.02,6.5973815,26.01352045
801040,2023-12-26,2061.47,2072.32,2075.34,2055.78,6.77969133,25.84909263
801040,2023-12-27,2064.39,2064.61,2068.48,2046.08,7.91142189,30.31597106
801040,2023-12-28,2093.88,2064.96,2100.37,2064.67,13.26795606,47.4521296
801040,2023-12-29,2099.0,2089.51,2103.89,2087.93,9.99887164,37.91509848
801040,2024-01-02,2115.61,2098.1,2125.95,2097.49,10.34744698,43.9475752
801040,2024-01-03,2132.6,2113.14,2134.85,2113.14,9.96083293,43.30071246
801040,2024-01-04,2132.22,2131.74,2137.3,2120.28,10.57239289,42.45869952
801040,2024-01-05,2116.28,2130.69,2146.53,2110.85,11.53233687,47.5602519
801040,2024-01-08,2077.07,2112.79,2112.79,2077.07,10.33939206,39.73594141
801040,2024-01-09,2080.41,2075.18,2087.7,2068.23,7.57451099,30.88647953
801040,2024-01-10,2067.3,2076.87,2084.63,2060.26,7.34410373,29.02269017
801040,2024-01-11,2068.55,2065.35,2077.09,2054.62,9.62971575,37.52992014
801040,2024-01-12,2066.13,2065.43,2086.87,2065.41,7.78834484,28.72342185
801040,2024-01-15,2052.43,2062.1,2064.97,2049.32,8.72741646,34.3843569
801040,2024-01-16,2041.5,2049.62,2053.57,2019.9,10.3996802,40.35923431
801040,2024-01-17,2002.3,2040.46,2041.37,2002.3,9.01519546,35.79964405
801040,2024-01-18,1977.62,1993.9,1993.9,1929.99,15.95993326,58.1305755
801040,2024-01-19,1968.14,1972.99,1982.26,1960.69,8.29934022,32.42387912
801040,2024-01-22,1883.27,1966.51,1966.51,1872.78,14.2772846,49.56382416
801040,2024-01-23,1899.25,1878.79,1908.69,1858.09,11.61699267,42.08628294
801040,2024-01-24,1950.78,1908.44,1950.78,1886.2,13.16248873,45.65513411
801040,2024-01-25,2021.8,1955.86,2021.8,1955.86,16.71482121,58.90983991
801040,2024-01-26,2041.27,2021.99,2048.86,2021.99,14.62160453,50.90814948
801040,2024-01-29,2025.18,2047.35,2049.75,2020.79,14.02314593,50.19062799
801040,2024-01-30,1990.05,2020.85,2030.76,1987.36,13.0348815,47.24620655
801040,2024-01-31,1953.73,1978.43,1998.94,1949.67,14.59807661,52.39504934
801040,2024-02-01,1934.57,1942.54,1967.59,1921.57,13.32624769,47.32393924
801040,2024-02-02,1899.8,1935.14,1964.25,1859.08,16.78799083,57.55484283
801040,2024-02-05,1849.26,1890.03,1890.14,1805.22,20.11623047,67.34083723
801040,2024-02-06,1932.09,1831.82,1941.43,1827.82,21.19327691,71.17874796
801040,2024-02-07,1992.97,1933.36,1998.57,1932.82,27.2365592,93.45841358
801040,2024-02-08,2018.67,1993.48,2035.91,1992.85,25.0526284,90.60188514
801040,2024-02-19,2041.01,2039.31,2051.76,2026.14,17.96965453,68.29984284
801040,2024-02-20,2050.23,2035.3,2053.34,2018.1,12.31783841,46.70919451
801040,2024-02-21,2051.07,2042.63,2085.37,2032.42,15.86731175,56.49696419
801040,2024-02-22,2070.35,2049.96,2070.35,2046.06,10.7950712,39.27313428
801040,2024-02-23,2072.73,2072.02,2074.45,2056.14,12.26528754,47.72219934
801040,2024-02-26,2061.57,2072.65,2082.45,2056.91,14.8897308,55.25506005
801040,2024-02-27,2077.07,2057.59,2077.07,2050.14,13.27457311,50.11278799
801040,2024-02-28,2049.51,2075.85,2104.21,2049.51,20.58112134,73.49493681
801040,2024-02-29,2085.1,2038.35,2085.1,2038.35,15.03734075,55.13393088
801040,2024-03-01,2082.66,2081.79,2094.18,2073.02,12.04362569,45.42990714
801040,2024-03-04,2068.03,2079.87,2083.23,2060.02,11.93964087,47.40006057
801040,2024-03-05,2060.93,2065.41,2069.97,2053.8,11.66534263,44.09116573
801040,2024-03-06,2076.44,2059.55,2089.34,2057.91,12.1613643,46.59890603
801040,2024-03-07,2115.19,2076.4,2139.74,2075.89,22.34063005,80.23700168
801040,2024-03-08,2120.22,2113.67,2125.52,2101.52,13.90032546,54.21102742
801040,2024-03-11,2123.58,2118.1,2133.24,2104.41,15.2850783,63.2573717
801040,2024-03-12,2094.18,2123.0,2123.32,2084.06,14.58440219,65.14855785
801040,2024-03-13,2092.09,2090.89,2100.16,2082.65,11.71480322,50.36917419
801040,2024-03-14,2082.44,2092.88,2112.02,2073.19,14.20966395,57.4144318
801040,2024-03-15,2121.67,2078.42,2122.09,2065.47,20.04284368,74.7033887
801040,2024-03-18,2117.61,2122.41,2122.59,2093.47,16.27688878,67.98107644
801040,2024-03-19,2137.81,2115.28,2168.07,2109.81,29.31193497,89.26499534
801040,2024-03-20,2122.98,2125.0,2131.2,2112.29,17.27956886,56.81833474
801040,2024-03-21,2119.18,2122.38,2126.14,2108.83,13.91387054,52.66232381
801040,2024-03-22,2093.62,2114.73,2117.27,2075.41,16.31026717,60.40939984
801040,2024-03-25,2083.57,2086.98,2115.64,2083.2,13.9890975,56.4132233
801040,2024-03-26,2079.36,2082.08,2088.61,2055.38,12.88472143,50.92313122
801040,2024-03-27,2050.39,2078.84,2086.13,2050.1,11.34599586,47.8389671
801040,2024-03-28,2058.93,2044.62,2076.8,2044.62,12.4380462,50.32898212
801040,2024-03-29,2087.95,2057.05,2088.38,2057.05,10.32412132,44.41958445
801040,2024-04-01,2112.16,2091.92,2112.92,2091.92,14.79004993,59.24930595
801040,2024-04-02,2141.45,2116.38,2147.99,2116.38,18.68426397,72.43873265
801040,2024-04-03,2158.07,2140.09,2159.67,2132.33,22.76046099,84.35117983
801040,2024-04-08,2147.25,2160.4,2187.24,2144.97,24.76280421,97.66605836
801040,2024-04-09,2157.06,2141.52,2162.48,2132.92,19.56975668,73.1768428
801040,2024-04-10,2131.47,2148.76,2155.89,2120.83,17.53235739,64.00496041
801040,2024-04-11,2151.66,2117.35,2176.07,2111.22,19.47391602,77.55169772
801040,2024-04-12,2144.94,2152.57,2161.08,2137.78,14.97114747,65.42670024
801040,2024-04-15,2145.0,2139.16,2167.7,2094.89,19.43492962,78.53373116
801040,2024-04-16,2094.31,2138.19,2148.73,2093.49,19.97238521,84.81563829
801040,2024-04-17,2169.09,2096.5,2169.09,2096.5,17.61108644,78.424407
801040,2024-04-18,2178.76,2166.25,2191.62,2166.25,15.19899603,70.87388058
801040,2024-04-19,2201.56,2170.43,2218.27,2170.43,16.83485322,76.50375638
801040,2024-04-22,2162.55,2199.61,2214.4,2159.04,15.74017209,74.16036432
801040,2024-04-23,2107.03,2157.68,2157.68,2104.7,15.66533285,68.19442218
801040,2024-04-24,2125.65,2107.53,2126.61,2094.83,10.80601678,48.55215764
801040,2024-04-25,2135.67,2121.48,2145.86,2118.64,11.72791014,49.9441564
801040,2024-04-26,2143.35,2126.03,2145.97,2112.83,14.30907272,62.28155702
801040,2024-04-29,2166.6,2132.85,2168.58,2120.09,17.38053477,74.632246
801040,2024-04-30,2128.02,2156.37,2165.41,2128.02,17.40867292,75.54520298
801040,2024-05-06,2162.27,2147.88,2162.27,2143.22,16.88272314,75.68594227
801040,2024-05-07,2152.72,2161.86,2169.05,2145.25,16.00434696,68.94825857
801040,2024-05-08,2126.12,2146.29,2146.29,2125.94,12.61858197,57.75341412
801040,2024-05-09,2158.04,2127.22,2163.31,2127.22,13.9574883,61.27083397
801040,2024-05-10,2152.22,2154.88,2157.47,2137.0,11.10146726,50.61426144
801040,2024-05-13,2146.61,2143.41,2153.92,2123.57,12.06257262,52.75301583
801040,2024-05-14,2134.35,2146.16,2155.46,2133.28,10.85525562,48.82332665
801040,2024-05-15,2124.14,2131.45,2142.37,2121.79,9.37446823,40.20827502
801040,2024-05-16,2138.69,2129.15,2158.71,2125.32,16.85391924,68.46404791
801040,2024-05-17,2160.09,2138.63,2160.09,2123.13,14.2019256,59.97364357
801040,2024-05-20,2167.87,2164.43,2173.78,2156.02,14.9879971,67.91455347
801040,2024-05-21,2148.75,2165.21,2169.88,2140.13,10.98482016,49.76330814
801040,2024-05-22,2152.83,2148.45,2172.47,2148.45,11.6345375,52.73590177
801040,2024-05-23,2101.34,2144.16,2144.16,2098.25,14.60324985,60.24428281
801040,2024-05-24,2091.68,2095.52,2115.56,2091.68,8.75121138,36.66758048
801040,2024-05-27,2104.93,2096.49,2105.75,2090.33,8.58218944,36.87450224
801040,2024-05-28,2095.12,2106.42,2119.61,2093.14,9.47075562,39.60381156
801040,2024-05-29,2099.71,2090.64,2115.01,2087.93,9.72254703,38.66771667
801040,2024-05-30,2090.27,2102.93,2120.31,2086.58,12.81424218,57.68418643
801040,2024-05-31,2080.74,2088.27,2099.85,2080.74,10.2971517,50.24122596
801040,2024-06-03,2031.38,2073.26,2073.26,2020.63,16.29377113,62.22041231
801040,2024-06-04,2050.22,2027.09,2052.23,2016.38,10.52988994,44.36296424
801040,2024-06-05,2013.09,2048.95,2048.98,2013.09,10.95314362,40.32980666
801040,2024-06-06,1980.74,2015.13,2023.96,1976.32,14.88916392,48.44281647
801040,2024-06-07,2004.21,1990.48,2005.88,1982.9,11.2321847,39.78837792
801040,2024-06-11,1977.45,1996.21,1996.21,1971.09,8.98990591,35.28583698
801040,2024-06-12,1978.47,1975.92,1983.98,1965.93,8.06241536,32.47849906
801040,2024-06-13,1944.06,1967.77,1967.77,1935.79,10.12495543,37.63566857
801040,2024-06-14,1968.8,1946.17,1972.94,1942.47,12.84612245,43.0260481
801040,2024-06-17,1926.92,1959.29,1961.94,1924.37,10.92362308,41.98661729
801040,2024-06-18,1942.9,1927.16,1943.09,1927.16,7.61361772,29.06687311
801040,2024-06-19,1936.58,1941.59,1946.74,1929.15,6.53640919,27.50084461
801040,2024-06-20,1913.07,1937.15,1937.15,1910.87,8.92150402,30.53538347
801040,2024-06-21,1907.04,1911.95,1926.45,1905.31,8.13678805,26.71136804
801040,2024-06-24,1871.63,1897.54,1902.17,1860.91,10.59680523,35.20425488
801040,2024-06-25,1878.58,1872.54,1896.47,1868.43,8.85851499,29.68044335
801040,2024-06-26,1905.59,1875.37,1907.82,1869.03,9.24862165,29.57817291
801040,2024-06-27,1877.05,1901.27,1904.98,1877.05,8.15865598,27.71718355
801040,2024-06-28,1877.16,1875.29,1895.69,1874.56,10.27856213,33.70368324
801040,2024-07-01,1909.17,1875.01,1913.05,1875.01,11.27975485,35.31184365
801040,2024-07-02,1921.82,1908.96,1929.89,1903.5,11.67497257,35.63004402
801040,2024-07-03,1919.85,1921.57,1933.49,1917.67,7.89589386,27.3276112
801040,2024-07-04,1894.87,1923.83,1931.41,1890.36,8.49866198,27.59022144
801040,2024-07-05,1913.29,1892.36,1914.48,1891.55,7.76808435,28.49017876
801040,2024-07-08,1896.11,1913.73,1916.04,1892.04,9.13517868,37.53817227
801040,2024-07-09,1906.14,1896.82,1909.36,1873.2,9.47167278,37.6119236
801040,2024-07-10,1884.63,1901.93,1907.26,1881.06,8.92475733,38.50170088
801040,2024-07-11,1921.07,1896.05,1923.05,1896.05,11.20186056,45.54883001
801040,2024-07-12,1911.65,1919.67,1924.6,1905.35,8.40771911,34.1391756
801040,2024-07-15,1914.88,1907.84,1919.83,1903.97,8.20189339,35.03147181
801040,2024-07-16,1909.45,1908.31,1915.52,1903.63,6.33786983,27.66213344
801040,2024-07-17,1897.76,1909.92,1912.57,1894.8,7.17144946,29.73419391
801040,2024-07-18,1907.25,1892.4,1907.94,1875.69,8.83197497,32.32519517
801040,2024-07-19,1893.7,1901.62,1902.51,1890.04,7.56140345,29.7949437
801040,2024-07-22,1880.99,1893.97,1893.97,1871.15,7.13722303,27.87081047
801040,2024-07-23,1841.47,1879.69,1879.69,1841.47,8.00141317,31.98621392
801040,2024-07-24,1833.36,1841.47,1847.86,1826.93,8.47039412,32.07982821
801040,2024-07-25,1828.15,1826.04,1835.66,1817.77,7.84222628,30.33708168
801040,2024-07-26,1843.5,1829.7,1851.8,1829.7,6.4295984,26.27128592
801040,2024-07-29,1853.24,1845.8,1860.23,1836.02,7.06683146,27.76242989
801040,2024-07-30,1857.78,1854.33,1860.36,1845.73,7.98365261,31.18154571
801040,2024-07-31,1892.54,1861.32,1894.99,1857.88,12.39073681,45.50452685
801040,2024-08-01,1883.43,1894.58,1904.25,1881.07,9.27553099,35.4234518
801040,2024-08-02,1869.94,1875.48,1890.49,1869.33,8.82394288,30.107049
801040,2024-08-05,1839.94,1862.45,1878.55,1839.94,10.60223842,38.43183338
801040,2024-08-06,1846.1,1847.35,1860.83,1832.1,7.73243099,31.30441354
801040,2024-08-07,1838.25,1844.27,1848.21,1832.44,6.12957376,25.21535295
801040,2024-08-08,1845.42,1835.46,1850.23,1823.64,6.70132466,24.54260492
801040,2024-08-09,1838.27,1849.78,1858.39,1838.27,6.19626692,23.65896577
801040,2024-08-12,1824.84,1836.8,1842.41,1821.82,6.27867884,22.95539609
801040,2024-08-13,1837.17,1826.74,1838.39,1819.29,7.22822363,26.35624607
801040,2024-08-14,1806.09,1838.53,1838.53,1806.09,7.80569667,32.72695173
801040,2024-08-15,1820.17,1802.86,1825.08,1797.39,8.54129888,33.21825505
801040,2024-08-16,1801.15,1824.06,1826.26,1799.06,8.52954247,33.89196762
801040,2024-08-19,1803.24,1800.04,1822.95,1799.42,7.05944397,27.53891492
801040,2024-08-20,1780.46,1806.2,1806.2,1775.12,8.30023404,31.19532517
801040,2024-08-21,1770.91,1776.92,1778.64,1763.07,6.51243615,25.50812983
801040,2024-08-22,1748.73,1771.86,1773.61,1746.78,7.18020153,26.28876313
801040,2024-08-23,1748.58,1744.71,1755.47,1740.31,6.95316721,23.51554377
801040,2024-08-26,1763.67,1749.99,1767.82,1748.03,6.71888882,23.2261339
801040,2024-08-27,1746.03,1760.26,1760.26,1739.04,6.09597761,21.70605525
801040,2024-08-28,1746.65,1744.82,1756.71,1741.38,6.3524235,23.95043941
801040,2024-08-29,1744.41,1745.2,1750.65,1732.01,6.87290565,28.44482793
801040,2024-08-30,1760.88,1741.84,1783.36,1735.92,11.43616401,43.45539593
801040,2024-09-02,1736.55,1759.42,1760.33,1736.48,8.68958879,32.72442043
801040,2024-09-03,1738.55,1736.26,1745.06,1731.33,8.43518831,31.66894736
801040,2024-09-04,1723.95,1732.51,1737.42,1720.59,7.01019116,26.71722303
801040,2024-09-05,1731.84,1722.65,1737.61,1721.55,6.19999726,24.25440074
801040,2024-09-06,1714.99,1732.38,1737.23,1713.27,6.37365041,23.27558429
801040,2024-09-09,1689.37,1710.88,1710.88,1680.62,8.44824945,29.09494267
801040,2024-09-10,1683.34,1690.15,1693.29,1660.94,8.48270288,28.95909656
801040,2024-09-11,1668.0,1678.72,1678.9,1660.56,7.53776913,26.38100093
801040,2024-09-12,1668.7,1668.42,1680.66,1660.79,8.14702073,27.89671901
801040,2024-09-13,1669.78,1669.42,1688.15,1667.35,9.5147248,30.35948067
801040,2024-09-18,1659.2,1668.82,1668.82,1635.37,9.35709308,29.32385877
801040,2024-09-19,1689.67,1668.65,1702.71,1657.14,11.95285995,38.23480417
801040,2024-09-20,1676.51,1687.81,1687.81,1668.19,8.29878618,28.7270989
801040,2024-09-23,1690.59,1674.05,1696.87,1670.66,8.70535884,28.980441
801040,2024-09-24,1785.2,1694.98,1786.35,1694.98,24.03074546,77.59463487
801040,2024-09-25,1819.68,1826.27,1870.0,1817.62,30.86259722,106.2795594
801040,2024-09-26,1914.52,1818.19,1915.07,1818.19,30.59029963,105.56606572
801040,2024-09-27,1966.78,1948.87,1971.24,1927.23,27.07456035,98.85920947
801040,2024-09-30,2145.9,2061.09,2152.89,2035.04,53.75649505,198.89718467
801040,2024-10-08,2217.59,2357.68,2357.68,2134.29,67.36070441,265.07708365
801040,2024-10-09,2038.66,2177.59,2177.59,2037.16,42.32339176,168.71867678
801040,2024-10-10,2072.09,2039.8,2125.72,2008.8,33.41276162,134.67811732
801040,2024-10-11,2040.12,2070.97,2093.04,2021.86,24.44512816,102.69403904
801040,2024-10-14,2078.13,2055.14,2084.91,2035.9,22.66847794,96.32035087
801040,2024-10-15,2026.88,2067.48,2074.91,2026.88,19.11091073,77.156065
801040,2024-10-16,2052.51,2012.41,2074.68,2012.41,22.33273727,79.03621587
801040,2024-10-17,2031.48,2061.16,2074.22,2030.87,26.12817442,93.69014335
801040,2024-10-18,2070.92,2026.87,2096.78,2009.2,31.2482949,126.05879178
801040,2024-10-21,2036.89,2077.39,2077.39,2027.14,25.26756371,109.50022035
801040,2024-10-22,2053.23,2031.01,2054.22,2024.92,19.47134181,79.02801999
801040,2024-10-23,2072.72,2052.2,2085.56,2048.4,23.47846974,86.9731152
801040,2024-10-24,2047.63,2063.82,2063.82,2036.57,15.41035807,57.41486183
801040,2024-10-25,2075.79,2045.91,2079.61,2045.91,22.78082718,77.10073617
801040,2024-10-28,2184.01,2095.86,2184.01,2095.86,45.15262059,166.87655621
801040,2024-10-29,2108.69,2194.64,2194.7,2107.54,43.08908102,146.28689329
801040,2024-10-30,2112.92,2087.15,2129.69,2087.15,32.07350247,107.05708021
801040,2024-10-31,2134.59,2106.65,2141.18,2099.47,38.3699189,123.48703494
801040,2024-11-01,2172.34,2136.62,2204.02,2136.62,54.39473104,168.73113547
801040,2024-11-04,2159.61,2179.67,2179.67,2127.48,45.44812569,138.3737583
801040,2024-11-05,2234.01,2148.26,2234.01,2147.78,54.44026343,167.38365635
801040,2024-11-06,2251.26,2232.51,2266.21,2205.91,60.04486275,179.42582993
801040,2024-11-07,2304.84,2231.74,2308.81,2224.95,53.89788095,172.125426
801040,2024-11-08,2281.13,2320.41,2337.7,2274.45,48.08801855,158.33302244
801040,2024-11-11,2265.09,2274.24,2284.87,2235.2,36.06425252,124.21683738
801040,2024-11-12,2233.61,2263.03,2277.33,2218.19,35.73534733,128.61422064
801040,2024-11-13,2228.95,2221.68,2258.38,2207.28,25.84653006,93.85926118
801040,2024-11-14,2168.47,2223.88,2224.95,2166.54,26.79161048,93.6607888
801040,2024-11-15,2137.56,2157.91,2187.08,2136.66,23.53621935,83.06336776
801040,2024-11-18,2165.98,2159.89,2215.22,2157.13,38.38038521,133.97242627
801040,2024-11-19,2164.49,2152.88,2164.49,2109.09,30.89370306,106.09387014
801040,2024-11-20,2179.16,2155.05,2181.36,2148.98,21.35044893,80.23255476
801040,2024-11-21,2183.37,2174.42,2188.15,2169.78,18.23502079,73.3645287
801040,2024-11-22,2113.39,2183.16,2194.94,2112.28,27.31430367,94.3126952
801040,2024-11-25,2124.58,2114.12,2143.16,2100.32,22.61684447,71.91771622
801040,2024-11-26,2107.2,2122.45,2133.82,2102.35,15.44528159,52.58515976
801040,2024-11-27,2125.34,2102.13,2125.34,2060.97,19.31509459,62.95007644
801040,2024-11-28,2132.19,2121.13,2148.44,2118.99,17.26684823,61.60289965
801040,2024-11-29,2143.51,2131.19,2157.57,2120.48,17.96075178,66.64119033
801040,2024-12-02,2206.03,2145.44,2213.58,2145.44,31.44339557,108.37446154
801040,2024-12-03,2198.51,2209.81,2209.81,2180.35,22.03508728,80.67008852
801040,2024-12-04,2200.74,2203.52,2218.98,2186.37,28.72630049,97.70746201
801040,2024-12-05,2218.33,2190.69,2220.32,2185.83,26.58417092,88.27433417
801040,2024-12-06,2263.78,2219.14,2267.08,2218.27,40.0627259,128.54029006
801040,2024-12-09,2277.26,2273.45,2309.9,2262.15,42.5452219,136.58016708
801040,2024-12-10,2277.07,2339.4,2344.93,2272.68,50.8466376,177.64969224
801040,2024-12-11,2316.86,2263.25,2329.54,2263.25,41.53314109,138.02405153
801040,2024-12-12,2298.92,2317.93,2317.93,2278.64,35.03277426,123.83097476
801040,2024-12-13,2245.81,2292.2,2294.33,2243.46,36.6799002,136.95221218
801040,2024-12-16,2225.45,2243.15,2248.11,2215.37,28.85181442,108.81264682
801040,2024-12-17,2198.28,2222.38,2223.49,2187.78,26.88979994,97.33760297
801040,2024-12-18,2224.98,2208.85,2245.4,2208.85,25.85334093,95.35381029
801040,2024-12-19,2212.49,2207.06,2217.66,2189.76,26.1643153,90.42979994
801040,2024-12-20,2182.73,2208.79,2209.91,2177.43,22.87958917,83.16783481
801040,2024-12-23,2153.07,2182.56,2184.59,2148.7,23.57598272,84.05487288
801040,2024-12-24,2179.51,2149.99,2182.82,2149.01,19.98496705,71.97487821
801040,2024-12-25,2153.93,2180.32,2180.32,2138.73,16.33642537,58.57205353
801040,2024-12-26,2154.2,2151.6,2160.85,2148.21,13.2134816,51.38814985
801040,2024-12-27,2158.6,2156.82,2182.54,2154.26,21.67819767,78.60583185
801040,2024-12-30,2146.24,2155.54,2155.54,2133.92,18.43947672,69.73868106
801040,2024-12-31,2102.31,2145.07,2151.08,2099.01,19.77319636,72.30308535
801040,2025-01-02,2061.01,2102.98,2112.78,2049.04,21.45104369,73.9292499
801040,2025-01-03,2022.78,2065.62,2078.08,2018.95,20.39783752,68.79441963
801040,2025-01-06,2046.66,2021.08,2049.29,2011.59,19.4165094,65.65354822
801040,2025-01-07,2048.94,2045.93,2053.46,2018.85,18.48753597,64.9497148
801040,2025-01-08,2024.45,2042.01,2042.01,1987.12,18.4797496,62.32246744
801040,2025-01-09,2011.65,2012.75,2024.02,2005.23,13.61571445,47.90607762
801040,2025-01-10,1979.15,2012.34,2021.12,1979.15,14.85766046,50.71596553
801040,2025-01-13,1996.56,1967.26,1998.78,1959.01,14.4982774,51.22747675
801040,2025-01-14,2042.24,2001.76,2046.3,1998.47,19.87932193,69.32109984
801040,2025-01-15,2039.02,2037.73,2045.89,2022.72,15.24465625,54.86482079
801040,2025-01-16,2059.0,2044.72,2074.67,2039.03,18.48303394,64.33430469
801040,2025-01-17,2045.19,2052.39,2052.39,2027.97,13.81196262,50.19237494
801040,2025-01-20,2054.79,2053.05,2065.61,2042.16,16.16893874,58.1664433
801040,2025-01-21,2026.2,2060.72,2060.72,2022.61,14.17492447,56.51229571
801040,2025-01-22,2023.09,2025.36,2026.34,2008.7,11.88644209,47.98784112
801040,2025-01-23,2014.08,2036.93,2056.93,2014.08,14.58768725,53.69474797
801040,2025-01-24,2055.72,2014.5,2060.66,2012.82,19.45796139,70.10132101
801040,2025-01-27,2077.3,2058.3,2097.08,2058.3,22.71062135,84.87326513
801040,2025-02-05,2059.27,2088.93,2088.93,2049.36,16.39559075,60.45376454
801040,2025-02-06,2084.59,2065.49,2086.03,2059.21,20.45977886,68.61898218
801040,2025-02-07,2133.79,2089.35,2140.14,2088.47,23.23436145,83.22459807
801040,2025-02-10,2153.36,2140.93,2162.62,2132.82,21.26446357,78.28358484
801040,2025-02-11,2141.11,2156.12,2156.12,2132.53,17.60822497,65.96993479
801040,2025-02-12,2149.25,2146.47,2150.88,2130.09,16.54676085,62.13788965
801040,2025-02-13,2160.87,2157.68,2177.91,2157.68,19.70484374,81.32991221
801040,2025-02-14,2149.15,2156.37,2156.37,2133.44,22.98838407,135.3580248
801040,2025-02-17,2162.92,2150.4,2170.94,2142.86,21.95893317,132.83793267
801040,2025-02-18,2137.93,2151.69,2160.07,2134.51,18.89397781,78.02803621
801040,2025-02-19,2136.13,2129.18,2140.39,2122.28,21.34632225,123.69529176
801040,2025-02-20,2154.34,2135.85,2162.24,2135.85,26.91197589,138.88781282
801040,2025-02-21,2156.28,2157.28,2164.9,2147.74,23.10026592,121.92288944
801040,2025-02-24,2162.16,2164.35,2175.28,2155.09,24.18300337,146.26798382
801040,2025-02-25,2155.71,2144.49,2169.33,2131.83,23.02348081,139.38426001
801040,2025-02-26,2265.55,2167.25,2265.85,2167.25,46.02284565,208.64382253
801040,2025-02-27,2270.95,2263.52,2271.26,2225.93,39.03832261,212.21847884
801040,2025-02-28,2224.75,2254.86,2265.79,2224.14,26.27481405,137.64840875
801040,2025-03-03,2236.29,2222.44,2271.11,2222.44,28.66262103,134.99351337
801040,2025-03-04,2251.4,2229.66,2263.72,2228.27,25.48316877,125.01737391
801040,2025-03-05,2262.18,2249.79,2264.62,2213.26,25.59110683,134.31645515
801040,2025-03-06,2253.5,2267.19,2267.7,2243.98,24.70858573,136.64980588
801040,2025-03-07,2284.84,2247.76,2299.09,2247.43,29.03368379,142.42801589
801040,2025-03-10,2265.36,2284.67,2286.26,2247.93,21.81184924,110.37702698
801040,2025-03-11,2305.33,2249.93,2305.33,2246.81,24.79968021,129.44936634
801040,2025-03-12,2303.21,2308.67,2318.99,2297.43,24.25432017,140.10578497
801040,2025-03-13,2330.61,2306.14,2330.61,2285.76,28.16391045,159.41304113
801040,2025-03-14,2318.59,2320.64,2324.25,2291.1,22.21319717,98.50890172
801040,2025-03-17,2304.59,2317.07,2332.7,2304.34,22.8686051,123.03292553
801040,2025-03-18,2292.41,2306.92,2306.92,2286.74,18.87328745,102.60912347
801040,2025-03-19,2286.01,2290.08,2290.08,2276.92,15.85954824,87.23774984
801040,2025-03-20,2300.83,2282.88,2318.25,2280.59,20.24005933,105.80428698
801040,2025-03-21,2314.31,2295.26,2336.91,2295.26,26.30154501,139.88176259
801040,2025-03-24,2311.91,2315.08,2321.59,2287.67,27.81355417,133.21250078
801040,2025-03-25,2309.01,2307.93,2335.45,2300.86,22.9430353,117.27787396
801040,2025-03-26,2301.6,2307.2,2316.3,2291.19,19.6795872,97.81316364
801040,2025-03-27,2275.71,2295.8,2295.92,2271.93,15.76546507,78.48067526
801040,2025-03-28,2253.39,2276.8,2279.39,2246.55,20.5373723,104.82453244
801040,2025-03-31,2220.82,2241.61,2243.58,2201.38,21.09446095,110.83385631
801040,2025-04-01,2250.03,2228.78,2262.03,2228.13,16.90265423,99.21210331
801040,2025-04-02,2236.98,2248.31,2254.68,2235.9,12.17259622,74.02599355
801040,2025-04-03,2251.02,2224.47,2256.64,2224.47,15.51971472,98.8115735
801040,2025-04-07,2037.82,2165.73,2166.7,2023.84,30.74287409,135.71673134
801040,2025-04-08,2056.13,2032.83,2059.73,2023.9,26.54213924,123.57776744
801040,2025-04-09,2077.84,2035.01,2081.9,1970.76,29.48799107,143.73472266
801040,2025-04-10,2107.1,2094.91,2129.26,2094.91,23.33431636,131.46919325
801040,2025-04-11,2109.42,2097.21,2125.68,2096.38,19.15095824,98.44758152
801040,2025-04-14,2133.99,2123.55,2143.02,2123.55,17.60110247,93.52736074
801040,2025-04-15,2113.96,2136.14,2136.14,2106.21,14.98114297,81.58556756
801040,2025-04-16,2102.66,2108.51,2108.51,2077.03,14.67963714,80.49425396
801040,2025-04-17,2102.42,2089.61,2121.13,2089.61,12.46338416,66.043158
801040,2025-04-18,2112.86,2102.68,2115.07,2093.06,11.30886113,55.29981777
801040,2025-04-21,2136.43,2111.4,2139.88,2110.6,15.85967328,83.67381177
801040,2025-04-22,2129.52,2138.48,2138.96,2121.76,13.77244826,73.08697234
801040,2025-04-23,2136.58,2134.31,2144.05,2130.95,14.37089719,78.35342312
801040,2025-04-24,2127.72,2132.32,2141.41,2117.18,12.7739248,68.26553807
801040,2025-04-25,2147.63,2129.35,2157.32,2128.91,16.68029001,80.05143948
801040,2025-04-28,2159.09,2153.09,2185.37,2152.65,21.53874276,110.17476943
801040,2025-04-29,2159.9,2157.3,2188.52,2155.73,17.19397375,83.3929069
801040,2025-04-30,2130.74,2156.72,2156.72,2130.6,16.89649981,83.27981553
801040,2025-05-06,2179.58,2141.83,2180.68,2139.16,22.78334409,107.36123945
801040,2025-05-07,2196.76,2195.05,2200.86,2181.54,17.98506294,91.47699781
801040,2025-05-08,2188.46,2190.16,2200.56,2179.05,14.25663543,73.40035453
801040,2025-05-09,2168.77,2186.39,2186.39,2164.14,14.27647814,70.12286778
801040,2025-05-12,2177.52,2173.69,2178.63,2164.89,14.07339889,66.12662613
801040,2025-05-13,2178.72,2190.46,2192.84,2173.34,12.6834161,62.28065604
801040,2025-05-14,2187.26,2176.45,2194.4,2169.43,14.42052799,57.60876038
801040,2025-05-15,2170.73,2187.14,2190.12,2170.73,13.2630893,54.65568625
801040,2025-05-16,2159.41,2166.43,2174.59,2152.14,12.008056,52.45866883
801040,2025-05-19,2175.06,2159.12,2177.74,2151.26,14.17218627,58.33610676
801040,2025-05-20,2172.28,2177.07,2177.95,2163.55,11.9608346,52.42194165
801040,2025-05-21,2169.69,2170.51,2175.74,2165.42,10.5101282,49.06604884
801040,2025-05-22,2150.32,2166.16,2172.63,2149.69,13.31543159,56.4629603
801040,2025-05-23,2139.2,2151.42,2167.99,2138.79,13.96245814,60.43127024
801040,2025-05-26,2142.61,2140.51,2152.38,2133.85,10.69159991,47.4897802
801040,2025-05-27,2132.05,2142.7,2142.7,2120.88,10.4249852,48.63546924
801040,2025-05-28,2118.99,2130.17,2132.21,2115.04,9.59691568,42.59180245
801040,2025-05-29,2128.72,2116.57,2136.09,2115.3,10.66610341,47.20447957
801040,2025-05-30,2124.17,2127.01,2130.17,2114.43,11.32213635,49.31740089
801040,2025-06-03,2095.0,2114.29,2114.29,2093.3,14.55222629,60.65221968
801040,2025-06-04,2119.68,2098.34,2122.15,2098.34,13.3680126,56.1026808
801040,2025-06-05,2113.33,2121.13,2121.13,2106.4,13.53963854,61.04063443
801040,2025-06-06,2119.39,2115.83,2127.62,2114.9,12.04296253,54.23143371
801040,2025-06-09,2135.91,2125.14,2137.35,2118.51,14.59897186,58.86765925
801040,2025-06-10,2128.23,2140.99,2141.21,2114.9,13.29045126,56.5307658
801040,2025-06-11,2147.95,2124.89,2157.24,2123.49,18.377005,71.20005036
801040,2025-06-12,2140.26,2144.46,2145.18,2131.84,16.18058051,61.66585589
801040,2025-06-13,2120.22,2137.83,2137.83,2114.2,14.92501999,63.82595942
801040,2025-06-16,2117.87,2112.96,2129.32,2112.96,13.63895204,55.69434424
801040,2025-06-17,2124.26,2120.28,2126.47,2116.05,12.91113116,51.64415419
801040,2025-06-18,2101.44,2122.47,2122.47,2096.36,11.70586836,47.85491074
801040,2025-06-19,2074.14,2100.0,2103.16,2069.31,14.63186098,66.72197001
801040,2025-06-20,2076.84,2075.97,2087.46,2074.31,11.5125492,54.61110247
801040,2025-06-23,2074.63,2067.13,2079.9,2064.97,12.20788003,55.14787238
801040,2025-06-24,2098.71,2076.69,2098.71,2074.53,13.09837194,60.32761087
801040,2025-06-25,2115.43,2098.32,2118.87,2098.32,14.67812844,65.93078219
801040,2025-06-26,2099.44,2114.32,2118.42,2099.44,13.64466554,66.24566946
801040,2025-06-27,2112.34,2105.1,2127.26,2105.1,17.64217834,75.66780576
801040,2025-06-30,2123.09,2116.66,2129.5,2115.12,15.68974041,69.15698197
801040,2025-07-01,2139.0,2125.72,2141.42,2115.47,16.04732252,66.78844027
801040,2025-07-02,2211.19,2137.83,2216.89,2135.94,41.9521912,154.85005158
801040,2025-07-03,2208.26,2207.19,2210.66,2178.13,37.69222562,134.9845204
801040,2025-07-04,2219.26,2205.91,2253.56,2205.91,35.01631515,137.90096539
801040,2025-07-07,2218.29,2212.85,2224.67,2202.37,24.06391704,98.42333996
801040,2025-07-08,2255.12,2216.26,2256.58,2209.88,31.61609036,127.37783264
801040,2025-07-09,2240.93,2261.53,2277.74,2237.07,27.56215814,117.17705319
801040,2025-07-10,2273.31,2251.01,2280.72,2245.33,36.81357898,139.82910267
801040,2025-07-11,2317.13,2287.16,2335.55,2284.91,45.41549079,173.05181046
801040,2025-07-14,2320.69,2325.13,2355.81,2320.69,52.95508994,179.91641614
801040,2025-07-15,2291.87,2315.74,2324.96,2280.1,40.13926604,147.79997401
801040,2025-07-16,2262.58,2288.83,2288.83,2249.74,30.90401144,120.87925074
801040,2025-07-17,2294.69,2259.86,2298.82,2255.18,28.48735782,113.14108516
801040,2025-07-18,2325.53,2300.55,2336.0,2300.55,40.36579229,136.21009776
801040,2025-07-21,2405.62,2352.3,2425.27,2352.3,54.22935523,197.14260088
801040,2025-07-22,2467.93,2413.17,2468.78,2401.03,53.36463746,207.54814068
801040,2025-07-23,2467.68,2489.83,2550.49,2464.3,72.76185175,274.32637404
801040,2025-07-24,2533.72,2441.93,2533.72,2441.93,64.11811979,231.86382324
801040,2025-07-25,2503.9,2550.72,2550.72,2499.62,63.54299423,229.49658861
801040,2025-07-28,2468.49,2496.36,2496.36,2450.98,49.80423376,188.01092903
801040,2025-07-29,2532.43,2465.54,2535.42,2465.54,52.81469752,196.25465334
801040,2025-07-30,2584.33,2548.42,2614.15,2548.42,69.57523879,252.83296403
801040,2025-07-31,2478.93,2567.6,2567.6,2470.92,64.10986645,232.92702382
801040,2025-08-01,2447.76,2462.59,2474.54,2445.29,43.52881634,158.92703642
801040,2025-08-04,2448.46,2432.29,2451.95,2423.75,33.43689206,130.5248342
801040,2025-08-05,2483.92,2450.23,2496.14,2450.23,37.35317593,147.11146093
801040,2025-08-06,2485.3,2483.68,2488.27,2467.03,33.43712636,131.96964123
801040,2025-08-07,2480.96,2482.73,2486.33,2431.49,45.17531124,162.9058049
801040,2025-08-08,2508.62,2465.9,2520.83,2465.9,36.7783773,148.892751
801040,2025-08-11,2507.96,2522.01,2522.01,2502.36,32.79021934,136.93533959
801040,2025-08-12,2487.07,2506.67,2506.67,2482.78,28.88490265,122.2849539
801040,2025-08-13,2490.44,2489.82,2505.98,2486.49,32.93559243,152.81811522
801040,2025-08-14,2441.45,2491.18,2491.18,2441.45,35.76678587,156.04316563
801040,2025-08-15,2457.37,2431.66,2465.31,2431.66,29.83121321,125.29213261
801040,2025-08-18,2476.28,2466.05,2492.86,2455.9,45.02156529,176.43490705
801040,2025-08-19,2474.51,2480.98,2495.01,2464.17,37.78753462,143.84898073
801040,2025-08-20,2494.64,2466.8,2508.99,2466.37,35.27591317,137.79950829
801040,2025-08-21,2508.13,2493.03,2530.09,2493.03,39.5890057,157.44343087
801040,2025-08-22,2505.41,2508.7,2519.74,2490.3,40.67820066,172.76669926
801040,2025-08-25,2574.09,2512.94,2590.44,2511.01,51.15961813,214.06604554
801040,2025-08-26,2548.84,2577.83,2577.83,2535.97,55.29034757,227.78149206
801040,2025-08-27,2494.46,2547.09,2563.29,2494.46,52.72389041,221.95072364
801040,2025-08-28,2493.08,2485.9,2505.79,2437.82,43.75487936,179.71431945
801040,2025-08-29,2498.05,2492.87,2523.02,2489.89,41.98989995,169.34010451
801040,2025-09-01,2498.6,2509.67,2511.12,2479.5,39.01088194,166.32772518
801040,2025-09-02,2473.1,2494.04,2494.04,2452.94,35.52155175,148.28445263
801040,2025-09-03,2430.15,2476.38,2478.03,2421.43,29.21542797,114.48747372
801040,2025-09-04,2394.4,2424.84,2425.62,2369.32,30.55880981,117.03314821
801040,2025-09-05,2418.88,2393.07,2422.01,2378.67,26.3673398,103.93665764
801040,2025-09-08,2461.67,2421.81,2464.78,2419.91,27.88202551,121.1137717
801040,2025-09-09,2463.88,2457.52,2489.47,2448.54,29.97248024,133.41482293
801040,2025-09-10,2447.94,2453.33,2459.01,2426.1,23.6636657,103.94012377
801040,2025-09-11,2473.94,2445.39,2475.56,2435.86,25.33472347,105.85983174
801040,2025-09-12,2508.81,2477.06,2525.24,2461.17,43.89888923,178.47632736
801040,2025-09-15,2494.84,2505.87,2514.78,2472.55,34.22072807,144.36729067
801040,2025-09-16,2493.35,2497.22,2505.12,2451.57,35.01099744,137.64105059
801040,2025-09-17,2492.72,2479.32,2493.09,2462.85,27.41145099,113.42605988
801040,2025-09-18,2442.76,2487.66,2496.13,2427.55,37.49586434,146.08248433
801040,2025-09-19,2434.77,2442.97,2470.89,2428.24,30.9948162,120.17750228
801040,2025-09-22,2429.06,2429.1,2429.1,2393.8,28.50660509,107.00815607
801040,2025-09-23,2381.67,2422.07,2422.07,2352.4,28.25245762,104.40707739
801040,2025-09-24,2404.35,2372.13,2406.92,2361.93,20.63632355,99.41422121
801040,2025-09-25,2403.37,2409.46,2423.01,2398.97,23.36356409,125.90034979
801040,2025-09-26,2407.58,2394.61,2425.86,2394.61,21.76907878,109.96703622
801040,2025-09-29,2467.63,2408.24,2468.22,2380.35,29.88756202,126.99129082
801040,2025-09-30,2493.2,2467.31,2499.56,2467.31,28.82764448,128.81853267
801040,2025-10-09,2577.51,2526.3,2577.51,2525.43,48.66770546,202.63514574
801040,2025-10-10,2597.51,2570.82,2603.46,2552.35,41.63720653,184.12556831
801040,2025-10-13,2636.1,2569.94,2638.47,2569.94,51.58094287,204.03342363
801040,2025-10-14,2627.72,2672.88,2696.03,2617.61,76.83866171,286.2777928
801040,2025-10-15,2622.21,2630.24,2644.72,2593.42,54.49447969,199.76494015
801040,2025-10-16,2566.16,2607.11,2607.89,2559.83,38.00582458,154.02797582
801040,2025-10-17,2545.42,2567.82,2619.55,2542.16,43.3909439,169.27708024
801040,2025-10-20,2550.58,2553.25,2556.75,2533.09,34.28387659,136.90590721
801040,2025-10-21,2576.18,2549.44,2580.62,2547.6,28.30029924,119.79056372
801040,2025-10-22,2569.52,2562.18,2585.63,2552.99,26.15045335,106.94558578
801040,2025-10-23,2579.01,2564.79,2581.76,2535.05,25.60602746,110.94576754
801040,2025-10-24,2556.61,2580.37,2592.03,2548.02,30.36137838,128.5762312
801040,2025-10-27,2605.59,2572.71,2628.05,2572.71,39.13365622,171.19120117
801040,2025-10-28,2570.35,2602.58,2602.58,2567.06,33.95253137,145.2957051
801040,2025-10-29,2602.64,2578.06,2602.83,2556.53,29.45603982,137.81951512
801040,2025-10-30,2626.08,2607.69,2647.15,2607.69,45.72163734,198.33280135
801040,2025-10-31,2621.93,2630.0,2649.16,2621.68,37.93017421,184.35109548
801040,2025-11-03,2671.73,2675.87,2675.87,2642.58,44.97071753,209.70630244
801040,2025-11-04,2671.04,2662.47,2706.22,2656.12,49.19393238,206.49001724
801040,2025-11-05,2685.9,2638.53,2690.08,2638.53,41.92500358,178.64459263
801040,2025-11-06,2732.64,2690.18,2732.64,2689.61,39.11241674,182.82580184
801040,2025-11-07,2736.97,2728.02,2752.34,2726.44,36.34278254,181.1158505
801040,2025-11-10,2724.43,2737.58,2745.12,2710.65,34.67679085,189.37909493
801040,2025-11-11,2741.36,2719.76,2747.2,2705.11,34.24308953,175.5788442
801040,2025-11-12,2721.53,2733.12,2741.31,2704.69,31.47930238,160.53029195
801040,2025-11-13,2765.97,2719.1,2770.06,2718.5,34.99717887,169.98941831
801040,2025-11-14,2762.67,2752.06,2783.16,2752.06,33.24370489,151.68407411
801040,2025-11-17,2771.27,2765.48,2778.52,2750.23,27.68142738,155.94416966
801040,2025-11-18,2692.27,2771.53,2771.53,2682.59,38.36675094,197.26201116
801040,2025-11-19,2690.64,2692.63,2713.32,2659.78,29.88149779,159.97932109
801040,2025-11-20,2688.19,2687.01,2722.49,2684.89,23.59211596,137.65598329
801040,2025-11-21,2569.78,2650.47,2650.47,2569.78,31.95993181,137.5369719
801040,2025-11-24,2563.54,2565.28,2579.82,2547.59,23.42856399,111.631239
801040,2025-11-25,2581.18,2573.67,2593.07,2566.03,21.06692742,121.05225901
801040,2025-11-26,2570.14,2584.47,2597.26,2569.36,20.37532544,111.51736942
801040,2025-11-27,2564.84,2574.67,2583.85,2563.02,17.95365155,89.23354488
801040,2025-11-28,2605.6,2565.99,2607.48,2560.87,21.58058635,102.20791598
801040,2025-12-01,2629.03,2618.15,2637.55,2614.37,25.0495981,132.42132314
801040,2025-12-02,2617.71,2623.04,2623.04,2600.25,21.55953748,104.13991187
801040,2025-12-03,2602.94,2616.72,2628.04,2595.91,20.49962158,102.97837971
801040,2025-12-04,2585.39,2607.58,2607.58,2579.23,16.9469979,86.3285484
801040,2025-12-05,2616.64,2581.0,2621.25,2573.15,20.64826213,93.74556394
801040,2025-12-08,2609.55,2617.68,2620.75,2586.24,20.47339829,102.55720725
801040,2025-12-09,2545.07,2600.09,2600.09,2543.92,21.19674739,100.39472431
801040,2025-12-10,2558.35,2544.38,2564.14,2534.96,17.59812201,90.72869673
801040,2025-12-11,2518.27,2564.51,2564.51,2518.27,18.7069275,94.76349959
801040,2025-12-12,2540.98,2529.91,2547.58,2522.48,23.33467467,121.55610677
801040,2025-12-15,2564.12,2537.22,2585.74,2537.22,23.5088783,121.76612544
801040,2025-12-16,2519.05,2566.22,2566.22,2513.19,24.63035066,116.54575207
801040,2025-12-17,2551.16,2522.56,2558.66,2502.58,19.90857812,96.66453998
801040,2025-12-18,2545.87,2544.54,2565.3,2542.83,16.31996865,89.50818787
801040,2025-12-19,2594.15,2545.28,2602.36,2545.28,23.50633738,115.9485305
801040,2025-12-22,2617.45,2608.95,2633.76,2608.95,24.44318666,123.22404672
801040,2025-12-23,2610.27,2618.6,2629.63,2600.09,21.39341734,114.1860137
801040,2025-12-24,2629.79,2612.1,2634.66,2603.41,18.60364214,102.76202563
801040,2025-12-25,2642.31,2622.1,2650.97,2606.78,18.81947243,100.05494153
801040,2025-12-26,2677.84,2648.71,2687.54,2648.71,23.16269006,124.64134121
801040,2025-12-29,2669.21,2688.88,2694.93,2667.16,23.68650271,134.98125159
801040,2025-12-30,2658.94,2655.05,2683.2,2641.96,19.49860254,106.8807301
801040,2025-12-31,2660.39,2659.98,2668.83,2643.76,17.10163787,95.05589458
801040,2026-01-05,2661.57,2674.11,2674.11,2646.14,25.6753503,132.12139782
801040,2026-01-06,2717.91,2665.51,2717.91,2665.51,34.64171618,175.58433907
801040,2026-01-07,2734.08,2726.06,2742.05,2713.41,40.14446911,187.20125501
801040,2026-01-08,2733.46,2721.76,2747.96,2715.02,31.06087137,155.98185908
801040,2026-01-09,2752.25,2735.16,2764.94,2735.16,35.63145925,174.55350955
801040,2026-01-12,2811.54,2779.01,2813.71,2776.25,48.91810921,231.1608669
801040,2026-01-13,2769.28,2811.08,2816.24,2762.92,41.37094046,206.93154993
801040,2026-01-14,2757.2,2763.9,2810.04,2739.13,47.59215814,231.14673269
801040,2026-01-15,2738.93,2752.07,2777.02,2728.37,32.82015512,165.5519569
801040,2026-01-16,2699.79,2746.56,2763.2,2695.01,36.3270974,170.50923831
801040,2026-01-19,2724.98,2658.8,2727.0,2658.8,43.53347099,186.43558754
801040,2026-01-20,2737.91,2724.63,2745.06,2682.52,38.94149881,182.04071474
801040,2026-01-21,2775.98,2724.47,2782.01,2718.8,36.27707072,163.96027364
801040,2026-01-22,2826.31,2781.96,2836.28,2781.96,50.5496474,210.01132458
801040,2026-01-23,2897.11,2833.49,2901.39,2817.57,44.40656147,206.94958563
801040,2026-01-26,2901.93,2902.57,2934.4,2887.53,48.02142352,237.97616022
801040,2026-01-27,2862.96,2892.76,2896.89,2828.9,44.8595003,217.05279143
801040,2026-01-28,2924.86,2861.47,2931.25,2825.62,50.84354657,237.75169466
801040,2026-01-29,2931.28,2927.5,2962.2,2903.34,63.57710467,272.56153549
801040,2026-01-30,2848.46,2892.47,2900.71,2789.91,57.82126437,243.72532748
801040,2026-02-02,2679.64,2797.54,2798.84,2675.53,49.76895529,222.67446977
801040,2026-02-03,2767.65,2714.34,2769.87,2705.21,33.65275673,155.55503434
801040,2026-02-04,2824.74,2768.51,2826.83,2759.53,32.44926577,151.14962619
801040,2026-02-05,2763.89,2805.37,2808.52,2748.26,28.28103176,133.64388241
801040,2026-02-06,2753.17,2736.54,2790.4,2722.2,23.89025967,121.52460984
801040,2026-02-09,2809.42,2787.15,2812.01,2787.15,35.27499393,146.65458896
801040,2026-02-10,2810.82,2816.12,2819.63,2778.67,33.24069454,147.46516819
801040,2026-02-11,2857.96,2801.9,2865.18,2801.9,33.80214633,155.07142506
801040,2026-02-12,2861.91,2856.45,2881.36,2831.4,31.77698463,152.18629669
801040,2026-02-13,2791.43,2847.0,2847.0,2786.84,32.86916722,161.76318236
801040,2026-02-24,2857.98,2827.93,2865.31,2827.93,32.15207986,157.09813296
801040,2026-02-25,2992.14,2863.71,3033.41,2863.71,70.58095025,302.90737395
801040,2026-02-26,3031.82,3015.53,3034.91,2988.02,68.88754297,299.05187535
801040,2026-02-27,3133.97,3014.14,3145.67,3014.14,80.53163045,370.61474939
801040,2026-03-02,3144.92,3118.48,3147.77,3062.62,72.4153398,355.02912405
801040,2026-03-03,3013.96,3128.79,3151.72,3007.09,62.94387318,304.25511907
801040,2026-03-04,2999.85,2977.8,3077.98,2977.8,46.79378707,219.85937463
801040,2026-03-05,3012.69,3041.82,3059.82,2996.28,42.08574389,212.10541948
801040,2026-03-06,3022.79,2997.1,3034.76,2969.57,36.64778023,184.63310044
801040,2026-03-09,3003.49,2993.31,3013.22,2941.09,38.18498396,204.8508353
801040,2026-03-10,2988.51,3015.99,3017.04,2976.54,38.6920818,192.18750387
801040,2026-03-11,2977.47,2983.84,2984.42,2959.28,37.47505046,186.24208863
801040,2026-03-12,2997.91,2976.79,3015.61,2963.54,43.0888642,216.44470422
801040,2026-03-13,2972.26,2989.05,3043.77,2964.29,51.25069705,240.01995815
801040,2026-03-16,2878.43,2961.04,2961.04,2840.98,52.36260998,233.21326557
801040,2026-03-17,2861.78,2888.13,2940.64,2861.14,41.46105437,180.68309555
801040,2026-03-18,2839.93,2861.51,2864.66,2806.37,40.65112067,173.00122424
801040,2026-03-19,2724.1,2809.59,2809.59,2712.43,45.40801731,181.48637031
801040,2026-03-20,2666.44,2726.39,2737.49,2666.44,34.96203287,151.9984086
801040,2026-03-23,2554.47,2620.04,2640.02,2541.24,40.17313681,170.97812747
801040,2026-03-24,2636.56,2597.56,2636.8,2558.88,32.65290321,148.82506682
801040,2026-03-25,2684.56,2653.52,2686.02,2653.52,32.24890656,141.97292453
801040,2026-03-26,2637.43,2678.66,2695.84,2628.88,26.67302445,118.38687532
801040,2026-03-27,2677.57,2608.64,2690.06,2608.64,23.11667478,108.82418383
801040,2026-03-30,2693.33,2656.58,2694.56,2638.94,23.41028797,108.64667512
801040,2026-03-31,2646.7,2692.66,2698.8,2646.7,24.89468138,116.16923002
801040,2026-04-01,2688.55,2684.03,2700.35,2676.92,29.72803723,118.89151265
801040,2026-04-02,2658.65,2677.96,2684.28,2643.7,26.58758326,113.12515842
801040,2026-04-03,2625.11,2662.45,2662.45,2623.92,27.86724737,107.28087983
801040,2026-04-07,2642.84,2624.12,2644.53,2605.69,25.85069624,100.61952234
801040,2026-04-08,2729.46,2685.85,2729.46,2685.85,30.6898229,130.78101708
801040,2026-04-09,2720.53,2720.28,2739.84,2708.71,30.81458496,157.23170608
801040,2026-04-10,2717.95,2737.8,2748.55,2716.96,29.9659692,150.90543843
801040,2026-04-13,2750.92,2725.22,2760.76,2718.46,38.57263379,172.63992734
801040,2026-04-14,2734.92,2761.23,2761.23,2707.84,37.5914955,175.39740112
801040,2026-04-15,2707.99,2739.54,2758.69,2704.74,25.43334354,127.98567388
801040,2026-04-16,2765.62,2713.22,2767.58,2712.82,26.35986495,137.51788671
801040,2026-04-17,2758.63,2766.05,2768.5,2746.15,22.72156194,130.57348488
801040,2026-04-20,2753.9,2755.14,2766.41,2738.37,29.35936025,146.30474629
801040,2026-04-21,2739.54,2753.08,2753.08,2726.9,22.1016348,111.30002204
801040,2026-04-22,2757.44,2729.61,2760.76,2724.59,24.35413041,133.58611547
801040,2026-04-23,2708.11,2750.46,2751.76,2701.23,32.39292854,165.45322696
801040,2026-04-24,2699.05,2692.44,2712.85,2671.63,24.77849689,145.30961598
801040,2026-04-27,2674.38,2693.91,2701.18,2666.64,24.3851332,134.4137532
801040,2026-04-28,2671.62,2661.13,2676.21,2648.32,24.30397271,127.43539
801040,2026-04-29,2729.47,2647.12,2732.72,2647.12,35.63078988,162.98227948
801040,2026-04-30,2690.21,2719.7,2730.67,2682.13,29.3219958,154.10221228
801040,2026-05-06,2733.43,2703.21,2734.72,2695.75,33.22886363,164.60665249
801040,2026-05-07,2721.84,2735.12,2746.73,2703.34,25.92564525,150.54092256
801040,2026-05-08,2720.26,2717.7,2721.96,2685.29,25.80779231,138.38901857
801040,2026-05-11,2727.91,2725.64,2740.65,2706.43,34.61400863,170.8558141
801040,2026-05-12,2684.33,2734.97,2734.97,2679.53,28.38357283,137.84638743
801040,2026-05-13,2675.47,2682.95,2691.92,2669.69,24.13893996,129.51332363
801040,2026-05-14,2608.31,2674.73,2674.73,2608.31,25.97820137,125.98047171
801040,2026-05-15,2559.25,2609.37,2609.85,2553.36,27.51829628,132.04384865
801040,2026-05-18,2525.02,2546.78,2546.78,2508.83,22.74150474,116.02014413
801040,2026-05-19,2523.82,2525.2,2539.38,2493.74,18.8833923,97.63600693
801040,2026-05-20,2495.75,2519.03,2519.03,2474.78,19.88905947,107.2123336
801040,2026-05-21,2441.99,2498.75,2518.17,2441.99,22.67486294,109.92011875
801040,2026-05-22,2454.94,2446.32,2461.5,2424.25,20.86978055,105.49232117
801040,2026-05-25,2449.62,2463.08,2476.96,2434.72,19.3493089,95.12309519
801040,2026-05-26,2462.61,2443.95,2464.11,2412.98,23.01012063,109.22511615
801040,2026-05-27,2396.03,2457.3,2468.27,2384.66,22.70181962,101.03109827
801040,2026-05-28,2394.79,2389.16,2409.65,2372.58,19.20913079,91.66563605
801040,2026-05-29,2379.05,2398.97,2415.8,2369.6,23.68874041,111.23102163
801040,2026-06-01,2394.99,2376.03,2404.36,2365.02,19.65221327,89.61458983
801040,2026-06-02,2371.1,2397.47,2403.53,2357.31,20.39568546,93.3589834
801040,2026-06-03,2365.5,2366.51,2385.58,2351.48,22.61175432,100.46251283
801040,2026-06-04,2341.66,2355.52,2355.52,2325.55,19.57392714,91.71122773
801040,2026-06-05,2349.15,2337.47,2375.34,2337.47,20.43364195,99.77607372
801040,2026-06-08,2286.51,2318.17,2331.43,2263.03,26.43154488,118.66895648
801040,2026-06-09,2298.22,2291.07,2300.6,2256.64,20.61675937,95.77007059
801040,2026-06-10,2275.63,2279.91,2297.51,2255.7,21.15400089,94.65877955
801040,2026-06-11,2275.8,2265.99,2287.23,2242.8,18.80900892,91.86348635
801040,2026-06-12,2335.32,2290.26,2353.41,2279.02,30.77749866,139.4347789
801040,2026-06-15,2357.92,2361.53,2393.52,2338.45,28.83163536,134.82775529
801040,2026-06-16,2343.93,2346.07,2357.62,2319.79,26.58472039,118.36315128
801040,2026-06-17,2296.75,2337.41,2337.41,2284.34,21.98969447,106.19354129
801040,2026-06-18,2295.3,2287.99,2331.77,2274.23,23.11896944,112.04896815
801040,2026-06-22,2334.1,2283.24,2334.72,2265.69,34.27275025,150.46897574
801040,2026-06-23,2272.04,2321.9,2337.61,2265.62,32.15492748,136.29464881
801040,2026-06-24,2245.88,2267.26,2268.35,2221.01,21.60041875,102.55235581
801040,2026-06-25,2219.84,2232.43,2236.81,2201.19,23.14982099,109.70000712
801040,2026-06-26,2151.97,2212.31,2214.15,2149.02,26.32229224,112.62982404
801040,2026-06-29,2150.85,2143.56,2167.67,2114.32,26.30099393,112.03201777
801040,2026-06-30,2154.68,2145.19,2159.69,2124.27,22.49170445,93.75708272
801040,2026-07-01,2200.22,2153.75,2220.72,2153.75,27.52169546,116.16860255
801040,2026-07-02,2200.93,2196.49,2228.18,2196.49,25.11524216,106.05006487
801040,2026-07-03,2197.78,2214.76,2220.31,2185.59,22.01494531,91.35732445
801040,2026-07-06,2186.24,2197.82,2211.96,2172.64,19.03396219,78.43037133
801040,2026-07-07,2148.05,2183.99,2183.99,2132.84,18.28708665,72.09185674
801040,2026-07-08,2120.41,2139.57,2146.47,2115.51,17.41294635,76.16194901
801040,2026-07-09,2076.14,2112.93,2115.43,2051.99,21.38511488,85.83218559
801040,2026-07-10,2107.21,2073.13,2130.86,2071.84,25.15734494,94.20830753
801040,2026-07-13,2066.04,2099.93,2102.06,2061.67,19.87676676,75.83299535
801040,2026-07-14,2121.71,2078.06,2123.31,2072.53,22.95238852,80.16313096
801040,2026-07-15,2150.93,2117.01,2166.55,2114.59,23.0861939,86.5150123
801040,2026-07-16,2132.64,2141.3,2149.73,2120.89,19.50162621,73.35238846
801040,2026-07-17,2101.23,2124.81,2151.15,2096.8,22.32803005,85.76463016
801040,2026-07-20,2120.97,2107.67,2140.91,2092.3,24.0089651,99.113078
801040,2026-07-21,2129.21,2118.08,2146.89,2118.08,24.79090687,102.62535458
801040,2026-07-22,2135.33,2123.07,2140.28,2115.73,19.52355784,83.83629326
801040,2026-07-23,2190.94,2131.03,2193.14,2126.93,22.1713986,89.63388707
801040,2026-07-24,2128.46,2178.87,2181.99,2128.46,17.5243481,69.21997111
801040,2026-07-27,2164.89,2128.43,2166.36,2128.43,14.90192903,61.64810168
801040,2026-07-28,2159.26,2149.78,2168.21,2143.32,14.5714796,57.39548707
801040,2026-07-29,2207.56,2160.78,2218.2,2160.68,23.20939101,88.38635002
801040,2026-07-30,2221.28,2202.54,2244.31,2202.54,21.31714581,80.85773995
801040,2026-07-31,2225.07,2218.81,2231.99,2215.82,20.21319117,81.5046637
801040,2026-08-03,2255.45,2225.32,2259.25,2225.32,20.41216022,82.36299949
801040,2026-08-04,2227.65,2258.81,2258.81,2221.28,19.13342612,78.76925409
801040,2026-08-05,2234.75,2231.53,2245.36,2219.08,19.74247749,80.49085721
801040,2026-08-06,2217.49,2234.3,2237.61,2195.94,21.69696274,87.54006774
801040,2026-08-07,2212.76,2214.17,2217.46,2194.91,21.32211029,80.04674931
801040,2026-08-10,2233.61,2212.79,2235.27,2211.32,18.57165836,79.95382072
801040,2026-08-11,2199.74,2233.28,2233.3,2198.09,19.12828789,84.60528781
801040,2026-08-12,2213.06,2197.84,2218.23,2195.22,16.90274627,75.34005726
801040,2026-08-13,2179.71,2211.96,2211.96,2179.71,18.08193964,76.19809292
801040,2026-08-14,2186.03,2178.08,2189.2,2170.54,16.32000676,70.87447336
801040,2026-08-17,2200.11,2188.18,2201.81,2170.83,14.53288189,68.14032902
801040,2026-08-18,2201.97,2196.36,2203.07,2186.99,14.88832317,70.31580967
801040,2026-08-19,2165.38,2191.68,2191.68,2160.79,16.78784196,69.72263409
801040,2026-08-20,2177.91,2171.02,2191.12,2167.8,14.30962138,60.6947063
801040,2026-08-21,2178.18,2168.7,2181.39,2155.1,14.43760721,67.90953066
801040,2026-08-24,2197.92,2184.57,2205.04,2184.57,20.36989854,85.36141187
801040,2026-08-25,2202.41,2186.53,2205.53,2183.62,17.56604563,74.40134375
801040,2026-08-26,2231.84,2200.41,2244.07,2200.41,18.58115145,77.64994255
801040,2026-08-27,2226.45,2224.43,2228.69,2200.61,18.11949713,71.18765102
801040,2026-08-28,2248.44,2223.28,2252.56,2216.93,17.91957713,74.16707229
801040,2026-08-31,2231.38,2242.94,2242.94,2221.75,19.29799587,80.05374348
801040,2026-09-01,2248.85,2231.63,2259.43,2231.08,18.04782989,73.40916603
801040,2026-09-02,2214.27,2238.16,2238.16,2197.62,17.68482812,72.24542706
801040,2026-09-03,2208.61,2215.66,2227.22,2207.69,14.04400462,58.88056983
801040,2026-09-04,2211.71,2215.02,2237.51,2206.86,15.11105911,63.39659244
801040,2026-09-07,2185.28,2207.73,2207.73,2182.44,15.58756303,68.32905246
801040,2026-09-08,2227.45,2186.06,2231.27,2185.48,21.25394745,85.98233213
801040,2026-09-09,2244.6,2225.64,2246.37,2212.41,17.67942964,80.61683849
801040,2026-09-10,2222.3,2236.67,2237.59,2222.3,14.41867063,65.63654523
801040,2026-09-11,2171.74,2207.57,2207.57,2155.89,20.65209832,84.92427634
801040,2026-09-14,2165.14,2162.71,2171.95,2146.86,13.85232807,57.14845723
801040,2026-09-15,2149.53,2161.47,2167.38,2147.16,12.4243874,54.84501477
801040,2026-09-16,2149.33,2143.25,2157.93,2117.4,15.78415828,64.45273776
801040,2026-09-17,2136.53,2139.31,2149.25,2123.64,13.76438233,59.37557786
801040,2026-09-18,2151.44,2140.28,2156.08,2140.03,13.90879284,61.21724103
801040,2026-09-21,2173.66,2154.23,2177.26,2154.23,15.4620879,66.54795279
801040,2026-09-22,2152.96,2178.07,2178.07,2151.57,15.23858466,70.28202651
801040,2026-09-23,2140.13,2152.18,2173.47,2138.35,20.49389097,74.3317901
801040,2026-09-24,2118.55,2131.25,2131.25,2112.45,16.3672579,61.75800602
801040,2026-09-28,2084.42,2114.08,2114.08,2076.15,14.00862941,56.31074566
801040,2026-09-29,2099.81,2080.9,2108.05,2080.9,13.20171448,51.73813695
801040,2026-09-30,2125.77,2103.35,2130.71,2102.02,13.89806869,53.33567545
