代码,日期,收盘,开盘,最高,最低,成交量,成交额
801180,1999-12-30,1000.0,1000.0,1000.0,1000.0,0.19186717,2.1408573081
801180,2000-01-04,1032.15,1003.46,1039.87,991.98,0.4892108,5.5311674825
801180,2000-01-05,1034.17,1033.21,1064.41,1014.91,0.80159281,9.8395930538
801180,2000-01-06,1069.96,1030.2,1077.16,1017.56,0.75604821,8.7282742522
801180,2000-01-07,1107.52,1077.79,1121.05,1066.43,1.50444797,17.02138962
801180,2000-01-10,1133.78,1118.61,1151.69,1089.97,1.59177,18.08699915
801180,2000-01-11,1083.97,1133.59,1148.37,1070.14,1.23691204,14.4263626662
801180,2000-01-12,1058.68,1080.62,1107.23,1044.88,1.0465351,12.599070113
801180,2000-01-13,1051.14,1056.02,1078.96,1039.35,0.65097935,7.5487864316
801180,2000-01-14,1038.64,1054.28,1071.45,1027.0,0.61839079,6.6358795985
801180,2000-01-17,1057.72,1035.77,1069.68,1021.86,0.71816487,6.801787350700001
801180,2000-01-18,1053.7,1060.37,1080.12,1037.63,0.97473471,9.918460663300001
801180,2000-01-19,1062.14,1053.05,1076.04,1039.79,0.64624775,7.122440899600001
801180,2000-01-20,1082.54,1063.51,1093.29,1053.53,0.76378323,8.659984147100001
801180,2000-01-21,1080.92,1087.33,1111.84,1060.61,1.22824952,14.0069260002
801180,2000-01-24,1092.06,1080.84,1110.53,1052.77,1.41675182,16.2794889648
801180,2000-01-25,1093.5,1094.61,1128.01,1069.89,1.24180368,14.666408069500001
801180,2000-01-26,1102.74,1094.51,1121.58,1075.89,0.90692296,10.1606573846
801180,2000-01-27,1119.8,1112.95,1145.73,1091.56,1.35831984,15.6700974122
801180,2000-01-28,1146.88,1129.81,1169.78,1109.91,1.81517212,21.3064606754
801180,2000-02-14,1250.26,1189.29,1253.16,1174.34,2.1346657,25.887843386100002
801180,2000-02-15,1248.13,1277.68,1335.79,1219.99,3.2810313,41.2699606581
801180,2000-02-16,1281.06,1255.07,1307.44,1216.14,3.35589399,38.6548127976
801180,2000-02-17,1250.23,1312.24,1374.85,1213.75,4.80126778,58.4019218993
801180,2000-02-18,1263.63,1245.89,1288.66,1187.87,2.41858923,29.649271531999997
801180,2000-02-21,1288.6,1281.88,1332.54,1231.1,3.1843227,41.911144825
801180,2000-02-22,1241.08,1304.38,1343.44,1225.93,3.01470472,42.8695009829
801180,2000-02-23,1212.82,1230.64,1259.6,1187.95,1.87811594,25.023215861700002
801180,2000-02-24,1233.37,1208.48,1250.11,1190.78,1.38176992,21.4198102871
801180,2000-02-25,1225.59,1232.83,1260.1,1199.03,1.76698292,24.1189709301
801180,2000-02-28,1279.61,1228.31,1295.67,1214.15,2.37347187,31.4102940878
801180,2000-02-29,1305.27,1296.64,1346.8,1248.86,3.19707919,42.571825196599995
801180,2000-03-01,1308.49,1315.17,1356.33,1274.56,2.58994938,33.4819745406
801180,2000-03-02,1309.6,1310.35,1350.61,1276.94,2.39533211,30.185927750599998
801180,2000-03-03,1320.73,1321.68,1358.3,1294.4,2.30017882,29.416298543200003
801180,2000-03-06,1255.9,1329.67,1353.7,1245.82,2.22278046,27.823776383400002
801180,2000-03-07,1255.62,1236.06,1268.75,1217.46,1.30979395,15.5734261839
801180,2000-03-08,1282.95,1263.69,1303.2,1244.02,1.36705033,16.319498136700002
801180,2000-03-09,1274.54,1286.61,1309.86,1250.31,1.22895847,15.3652849908
801180,2000-03-10,1258.28,1274.75,1300.29,1242.24,1.24595847,16.4234002652
801180,2000-03-13,1288.19,1257.53,1305.26,1242.99,1.319301,17.5898060016
801180,2000-03-14,1263.84,1259.72,1292.37,1212.51,1.93963547,22.6964617033
801180,2000-03-15,1277.46,1260.88,1305.69,1242.25,1.96467755,21.4619702112
801180,2000-03-16,1213.87,1269.38,1278.42,1195.68,1.53839627,16.616861111400002
801180,2000-03-17,1258.05,1207.99,1270.23,1201.51,1.83113248,21.1610849583
801180,2000-03-20,1293.07,1247.51,1309.9,1221.34,2.20643875,27.042603149899996
801180,2000-03-21,1305.41,1295.47,1338.35,1269.28,2.06220302,24.563962620700003
801180,2000-03-22,1310.16,1306.02,1344.24,1282.66,1.82450475,22.2606583085
801180,2000-03-23,1332.27,1313.62,1349.67,1290.99,1.83926804,22.253374996999998
801180,2000-03-24,1326.93,1339.84,1377.22,1305.83,2.58348528,31.9411706562
801180,2000-03-27,1378.08,1334.58,1397.17,1320.47,2.84489775,33.0973970186
801180,2000-03-28,1377.17,1395.22,1427.12,1348.52,2.92636776,34.001909767
801180,2000-03-29,1366.09,1388.0,1406.61,1333.27,2.44007455,26.469091993400003
801180,2000-03-30,1384.85,1370.15,1407.97,1349.44,2.24169955,25.895906410300004
801180,2000-03-31,1375.7,1385.42,1411.6,1349.63,2.24502071,25.986561850999998
801180,2000-04-03,1379.91,1380.24,1421.44,1355.7,2.75228941,31.681485649299997
801180,2000-04-04,1356.99,1374.22,1395.08,1334.85,2.01645432,23.3048581797
801180,2000-04-05,1375.83,1350.86,1397.54,1335.07,1.77774814,20.7387999116
801180,2000-04-06,1429.48,1384.43,1440.31,1371.21,3.08414557,36.6979418665
801180,2000-04-07,1431.03,1444.5,1472.99,1407.4,3.53749942,41.7630549415
801180,2000-04-10,1438.1,1436.85,1469.78,1408.16,2.42798784,29.2430116373
801180,2000-04-11,1419.2,1439.44,1461.73,1398.27,2.18246845,26.312025523699997
801180,2000-04-12,1409.77,1419.42,1446.23,1382.44,1.8437545,22.341115649299997
801180,2000-04-13,1425.27,1413.74,1450.13,1395.57,1.73145629,21.3146664202
801180,2000-04-14,1423.12,1434.33,1452.07,1399.45,2.24351023,24.3224510607
801180,2000-04-17,1390.51,1417.99,1435.15,1364.06,2.60825725,26.6657669594
801180,2000-04-18,1398.64,1404.94,1429.42,1365.61,0.68603701,7.51735762
801180,2000-04-19,1415.18,1405.42,1440.51,1386.82,1.65779308,19.685645203900002
801180,2000-04-20,1427.46,1416.18,1454.85,1396.07,2.0416349,25.513247432199996
801180,2000-04-21,1423.42,1432.67,1469.35,1403.59,2.18148182,27.9059812628
801180,2000-04-24,1425.73,1424.67,1463.37,1393.02,2.16727419,25.2564956395
801180,2000-04-25,1411.96,1426.74,1445.66,1394.03,1.37491458,16.091996373900002
801180,2000-04-26,1408.93,1414.79,1441.46,1393.6,1.14159839,13.152282749600001
801180,2000-04-27,1386.57,1410.08,1430.33,1374.53,1.35356613,15.1412612639
801180,2000-04-28,1411.46,1385.74,1425.04,1368.44,1.7017824,18.386166524100002
801180,2000-05-08,1414.24,1417.37,1444.48,1388.7,1.34916926,14.9358308183
801180,2000-05-09,1388.61,1412.94,1431.31,1370.87,1.28955505,14.778820046199998
801180,2000-05-10,1341.8,1382.22,1395.24,1328.79,1.50532582,15.5879939703
801180,2000-05-11,1315.09,1334.07,1361.06,1299.61,1.22031162,12.3767458423
801180,2000-05-12,1310.9,1317.49,1344.71,1292.62,1.33892234,13.515378518299999
801180,2000-05-15,1288.52,1311.47,1326.15,1267.28,1.04339574,10.3809676192
801180,2000-05-16,1307.83,1290.92,1325.56,1279.13,0.84225233,8.9538322757
801180,2000-05-17,1308.66,1311.72,1337.6,1291.8,0.80236538,7.8464652801999994
801180,2000-05-18,1340.21,1312.06,1348.81,1295.47,0.8902328,9.6723125435
801180,2000-05-19,1361.13,1348.4,1377.82,1327.07,1.52394389,17.6811583767
801180,2000-05-22,1400.74,1369.35,1418.47,1356.02,1.88983308,22.558765568400002
801180,2000-05-23,1398.42,1407.53,1429.16,1369.54,1.44100245,17.1951438768
801180,2000-05-24,1419.91,1395.05,1445.99,1376.37,2.11981854,23.9304884912
801180,2000-05-25,1439.4,1431.42,1464.33,1406.93,2.27019208,25.4073821996
801180,2000-05-26,1434.47,1444.22,1470.08,1413.04,1.7264386,20.5034069112
801180,2000-05-29,1448.57,1437.91,1475.1,1415.55,1.85181995,22.2598296585
801180,2000-05-30,1434.62,1452.81,1479.17,1412.15,1.77694874,21.366575568
801180,2000-05-31,1454.02,1432.84,1474.58,1415.97,1.79353627,20.7744682697
801180,2000-06-01,1476.42,1461.76,1510.75,1443.39,2.49566828,30.7572370592
801180,2000-06-02,1484.7,1478.98,1512.31,1449.28,2.66272314,28.393021099400002
801180,2000-06-05,1465.99,1489.63,1522.58,1447.17,2.79179402,30.730716653
801180,2000-06-06,1495.32,1463.63,1511.15,1444.75,2.47225915,27.5798100081
801180,2000-06-07,1504.37,1502.94,1530.73,1478.87,2.10928978,24.4291800118
801180,2000-06-08,1503.17,1508.2,1538.04,1471.86,2.64985383,29.044347748299998
801180,2000-06-09,1487.54,1502.12,1536.37,1468.18,2.18491902,24.4501009289
801180,2000-06-12,1496.88,1480.86,1518.84,1456.27,1.70279792,20.0950085956
801180,2000-06-13,1517.58,1501.78,1534.71,1478.74,1.70981519,20.435598809200002
801180,2000-06-14,1513.91,1522.85,1551.82,1490.23,1.81826534,22.9004713013
801180,2000-06-15,1523.54,1515.59,1549.7,1488.5,2.10037955,26.049924204
801180,2000-06-16,1499.66,1524.14,1548.35,1483.83,1.96199159,23.6815532573
801180,2000-06-19,1485.48,1495.63,1520.68,1462.81,1.48089115,18.7719082393
801180,2000-06-20,1482.97,1481.79,1515.33,1456.83,1.36787481,17.5242620291
801180,2000-06-21,1493.01,1482.87,1510.55,1465.57,0.92113506,11.983871911400001
801180,2000-06-22,1486.63,1497.09,1515.82,1469.42,0.89045528,11.2201627596
801180,2000-06-23,1500.39,1485.97,1517.94,1469.37,1.11125511,13.6160481401
801180,2000-06-26,1512.93,1500.22,1537.42,1480.31,1.26197882,16.270681117
801180,2000-06-27,1517.19,1517.13,1545.0,1491.27,1.66851313,19.4749977753
801180,2000-06-28,1525.22,1525.36,1558.42,1501.16,1.64115428,19.742103187
801180,2000-06-29,1523.14,1530.51,1561.65,1495.53,1.82689431,24.7822929163
801180,2000-06-30,1512.63,1525.01,1562.59,1495.9,2.00504566,26.919652859499998
801180,2000-07-03,1481.29,1505.59,1528.87,1463.05,1.51969858,19.0144335133
801180,2000-07-04,1490.8,1476.82,1503.19,1458.77,0.79716568,9.8675470863
801180,2000-07-05,1486.81,1495.61,1515.88,1471.84,0.88492615,11.1661900622
801180,2000-07-06,1476.0,1486.04,1504.21,1462.1,0.71674637,8.912727541699999
801180,2000-07-07,1493.97,1476.68,1510.94,1466.58,0.77970093,9.864718035700001
801180,2000-07-10,1503.29,1496.97,1527.21,1472.6,1.1310184,14.334254160699999
801180,2000-07-11,1517.57,1507.32,1546.01,1485.68,1.3609613,18.0165226328
801180,2000-07-12,1519.59,1521.09,1548.96,1496.85,1.37155209,17.2378109301
801180,2000-07-13,1525.79,1523.53,1557.42,1499.29,1.89102781,24.153152321999997
801180,2000-07-14,1533.88,1526.41,1557.87,1504.49,1.59996041,21.1003780066
801180,2000-07-17,1522.12,1539.07,1561.22,1507.45,1.58213735,19.0378885654
801180,2000-07-18,1527.79,1523.26,1546.45,1502.07,1.14234702,13.9903276481
801180,2000-07-19,1525.1,1531.69,1550.63,1507.12,1.15001412,14.0143862125
801180,2000-07-20,1525.49,1525.44,1549.46,1499.02,1.37731178,16.6827438519
801180,2000-07-21,1530.9,1527.96,1559.54,1511.59,1.52761956,18.2207680181
801180,2000-07-24,1539.21,1533.58,1562.09,1508.82,1.41946756,17.176708048
801180,2000-07-25,1545.84,1541.56,1568.24,1525.98,1.18391404,14.374863885999998
801180,2000-07-26,1557.13,1548.9,1573.39,1530.16,1.19077639,14.7081854529
801180,2000-07-27,1553.66,1561.85,1584.97,1533.46,1.69382871,21.2546405045
801180,2000-07-28,1556.24,1555.88,1583.41,1533.88,1.57106147,19.4129955204
801180,2000-07-31,1561.77,1560.49,1582.85,1536.78,1.6702595,20.386660518299998
801180,2000-08-01,1567.34,1565.92,1593.66,1542.66,1.46354385,17.724476256099997
801180,2000-08-02,1561.09,1568.39,1583.6,1541.17,1.17693588,14.345170555
801180,2000-08-03,1563.25,1561.51,1586.77,1542.86,1.33159419,16.680671326
801180,2000-08-04,1549.01,1563.93,1582.63,1531.32,1.47128323,17.6842581169
801180,2000-08-07,1560.27,1548.0,1577.88,1526.17,1.11714952,14.2462098175
801180,2000-08-08,1567.57,1563.83,1588.11,1545.06,1.38829497,16.985011561300002
801180,2000-08-09,1573.37,1572.6,1596.52,1550.33,1.50731154,19.3906767953
801180,2000-08-10,1570.88,1577.75,1598.23,1551.12,1.46383098,18.3821736972
801180,2000-08-11,1577.17,1575.38,1603.67,1554.63,1.41209314,18.097505523800002
801180,2000-08-14,1584.2,1583.94,1606.9,1565.72,1.47120646,18.9811499004
801180,2000-08-15,1578.54,1588.54,1604.32,1564.61,1.22161659,15.340272383299999
801180,2000-08-16,1587.15,1582.9,1607.88,1567.08,1.2273389,15.573260324300001
801180,2000-08-17,1585.41,1589.07,1610.6,1571.8,0.98461357,12.458056734300001
801180,2000-08-18,1583.69,1589.71,1606.79,1569.32,0.97919377,12.1683072753
801180,2000-08-21,1593.12,1585.07,1608.07,1560.82,1.48312046,18.13275246
801180,2000-08-22,1569.72,1597.96,1623.29,1560.81,1.71123487,20.663109044200002
801180,2000-08-23,1558.68,1559.42,1590.65,1486.29,2.62540272,32.435592214
801180,2000-08-24,1573.09,1559.57,1590.34,1537.96,1.99064502,23.0112180954
801180,2000-08-25,1584.77,1578.75,1603.02,1558.01,1.45466904,17.1929167917
801180,2000-08-28,1591.09,1588.31,1611.79,1567.69,1.50486965,18.4106476308
801180,2000-08-29,1595.56,1592.66,1617.73,1573.12,1.46369008,18.090531411700002
801180,2000-08-30,1578.16,1596.73,1618.38,1567.03,1.36876908,16.856098137
801180,2000-08-31,1529.68,1568.66,1581.98,1523.54,1.51048192,18.1708339829
801180,2000-09-01,1513.83,1521.17,1549.02,1498.91,1.18969131,14.2445035729
801180,2000-09-04,1519.92,1508.02,1535.54,1483.47,1.38880313,15.785193778499998
801180,2000-09-05,1492.72,1534.71,1552.91,1478.99,1.25547692,14.2097557357
801180,2000-09-06,1457.91,1485.98,1503.19,1447.08,0.96184348,11.271730523599999
801180,2000-09-07,1477.65,1463.59,1502.16,1453.36,0.78762878,9.2710779414
801180,2000-09-08,1483.41,1481.72,1502.6,1458.3,0.80586911,10.0717964193
801180,2000-09-11,1491.97,1488.78,1510.42,1465.65,0.68275159,8.4294775795
801180,2000-09-12,1510.11,1495.75,1524.72,1477.04,0.73840956,9.1851381776
801180,2000-09-13,1516.57,1510.57,1537.17,1493.12,0.86457477,10.8549810712
801180,2000-09-14,1512.39,1517.03,1537.43,1495.71,0.72892361,9.1636018122
801180,2000-09-15,1515.97,1517.17,1535.95,1495.08,0.704128,9.2166408781
801180,2000-09-18,1488.88,1517.92,1534.94,1480.8,0.75142572,9.4202843869
801180,2000-09-19,1456.91,1478.85,1490.9,1442.3,0.74021314,8.5650685796
801180,2000-09-20,1474.32,1456.62,1486.16,1440.34,0.55692067,7.061148907100001
801180,2000-09-21,1460.31,1474.82,1492.7,1450.59,0.59945381,8.0448251771
801180,2000-09-22,1445.6,1456.0,1474.2,1431.78,0.5908164,7.03744973
801180,2000-09-25,1436.25,1446.2,1464.91,1424.75,0.50283509,6.3463994151
801180,2000-09-26,1448.88,1439.33,1462.77,1427.13,0.481324,6.2048976397
801180,2000-09-27,1465.0,1451.32,1474.15,1438.4,0.43283799,5.8075375611
801180,2000-09-28,1440.47,1467.07,1475.61,1432.94,0.45000898,5.865949607999999
801180,2000-09-29,1460.58,1440.67,1470.97,1434.59,0.46022455,6.294067063200001
801180,2000-10-09,1467.61,1463.67,1483.11,1438.13,0.62920859,7.9942814872
801180,2000-10-10,1487.32,1471.07,1497.39,1458.11,0.69796742,8.6175986912
801180,2000-10-11,1480.99,1492.32,1509.12,1468.18,0.88161974,11.070625028
801180,2000-10-12,1478.55,1483.1,1500.75,1458.3,0.95995982,11.1709980529
801180,2000-10-13,1479.34,1482.12,1510.8,1462.1,0.90772624,11.209443981700002
801180,2000-10-16,1468.51,1479.4,1500.56,1449.25,0.81380719,10.253533922
801180,2000-10-17,1471.63,1466.7,1489.58,1449.82,0.63163954,7.9251116995
801180,2000-10-18,1481.42,1474.73,1496.82,1460.94,0.61481145,8.2446717377
801180,2000-10-19,1470.68,1484.27,1499.91,1460.78,0.59720151,7.5718810521
801180,2000-10-20,1493.67,1469.57,1511.17,1454.67,1.01405246,13.753844016199999
801180,2000-10-23,1504.1,1498.18,1520.12,1478.35,0.92345795,13.216916700399999
801180,2000-10-24,1502.76,1506.18,1523.62,1484.92,0.73568821,9.9118986395
801180,2000-10-25,1515.58,1504.28,1530.77,1489.36,1.05296914,14.700647313800001
801180,2000-10-26,1505.29,1518.65,1532.93,1493.04,0.80922509,10.692465003999999
801180,2000-10-27,1510.59,1508.31,1526.89,1493.2,0.67473172,8.859006169099999
801180,2000-10-30,1510.17,1512.61,1530.6,1491.62,0.706443,8.8544888558
801180,2000-10-31,1498.47,1510.28,1527.91,1484.86,0.70920927,8.9691967693
801180,2000-11-01,1507.1,1497.39,1519.0,1484.76,0.60676852,7.4956192107
801180,2000-11-02,1508.88,1510.12,1528.58,1495.09,0.66731542,8.3057849407
801180,2000-11-03,1502.59,1510.1,1522.42,1490.51,0.54550523,6.7220779473
801180,2000-11-06,1510.04,1502.3,1526.54,1489.69,0.65390137,8.1662249947
801180,2000-11-07,1514.35,1509.98,1529.37,1496.57,0.56378764,7.152089387799999
801180,2000-11-08,1523.66,1516.72,1535.12,1503.3,0.66743737,8.407141146499999
801180,2000-11-09,1537.03,1524.28,1545.92,1510.32,0.937079,11.2248061219
801180,2000-11-10,1557.95,1539.47,1582.0,1526.72,1.53852685,19.6406002367
801180,2000-11-13,1576.08,1564.71,1595.37,1549.14,1.58967502,21.5840990917
801180,2000-11-14,1585.94,1578.74,1601.59,1554.45,1.2936632,17.2900790206
801180,2000-11-15,1588.57,1588.73,1617.0,1568.4,1.45364943,18.7920416516
801180,2000-11-16,1600.8,1588.78,1613.55,1574.19,1.20408438,16.1367348043
801180,2000-11-17,1591.72,1604.16,1624.86,1578.58,1.2377023,16.5620160999
801180,2000-11-20,1605.26,1592.82,1621.05,1567.91,1.1812197,15.700667985499999
801180,2000-11-21,1601.95,1607.86,1633.23,1586.81,1.07493219,14.524460447100001
801180,2000-11-22,1623.17,1601.08,1634.85,1589.23,1.09131049,14.814627998099999
801180,2000-11-23,1631.88,1629.55,1656.95,1609.92,1.34234516,18.5585538395
801180,2000-11-24,1572.8,1630.83,1650.59,1557.86,1.47023965,19.67755892
801180,2000-11-27,1579.98,1563.36,1599.22,1545.95,1.01612855,13.677952579500001
801180,2000-11-28,1604.57,1583.64,1618.21,1576.69,0.86855758,11.3265381624
801180,2000-11-29,1593.61,1608.24,1622.61,1575.76,0.97434639,11.949348719300001
801180,2000-11-30,1591.39,1594.71,1612.22,1571.61,0.7193397,9.45813468
801180,2000-12-01,1601.91,1595.82,1620.58,1583.21,0.89801212,12.140205063699998
801180,2000-12-04,1623.0,1605.46,1639.49,1589.05,1.24281089,15.9548019481
801180,2000-12-05,1623.48,1627.51,1648.37,1605.97,1.12721351,15.4530636291
801180,2000-12-06,1599.85,1625.28,1637.47,1588.97,0.88316125,11.4119253607
801180,2000-12-07,1591.67,1596.66,1614.52,1571.15,0.84127219,10.6445923376
801180,2000-12-08,1595.53,1593.08,1622.07,1579.18,0.92872401,11.7906999027
801180,2000-12-11,1577.16,1596.82,1611.05,1563.14,0.81011197,10.1928351971
801180,2000-12-12,1589.97,1580.73,1602.55,1562.67,0.70790219,8.910964107
801180,2000-12-13,1583.57,1592.73,1607.78,1570.74,0.67252161,8.5941347665
801180,2000-12-14,1576.91,1586.0,1601.63,1564.23,0.60328115,7.384756404299999
801180,2000-12-15,1570.37,1579.6,1594.47,1555.33,0.70355629,8.9760401887
801180,2000-12-18,1571.83,1569.4,1589.8,1541.7,0.76558261,9.7422005149
801180,2000-12-19,1574.75,1574.86,1597.2,1560.73,0.69286517,9.2549608248
801180,2000-12-20,1593.51,1578.82,1606.42,1562.84,0.87271931,11.9888281976
801180,2000-12-21,1591.81,1599.77,1619.98,1580.52,0.78587281,10.5611830302
801180,2000-12-22,1591.38,1592.66,1615.85,1574.0,0.81862829,11.491311870799999
801180,2000-12-25,1591.82,1594.76,1620.14,1573.02,1.04203113,14.825644811199998
801180,2000-12-26,1601.82,1595.55,1620.28,1578.7,0.81737868,11.9105221993
801180,2000-12-27,1583.32,1601.71,1620.32,1572.08,0.738314,10.1699639131
801180,2000-12-28,1585.52,1585.11,1604.79,1568.31,0.65181668,8.9663025934
801180,2000-12-29,1598.51,1587.35,1614.37,1576.98,0.71265341,9.720222957899999
801180,2001-01-02,1629.31,1601.45,1640.07,1587.89,0.85473129,12.1978387826
801180,2001-01-03,1651.01,1636.96,1676.82,1619.68,1.66176111,22.4412626127
801180,2001-01-04,1639.79,1653.72,1669.74,1628.69,1.11797603,15.3246706306
801180,2001-01-05,1651.57,1640.42,1669.63,1624.55,1.15325081,15.4363167304
801180,2001-01-08,1642.9,1656.95,1674.46,1613.05,1.37397332,17.8822842783
801180,2001-01-09,1643.13,1640.97,1666.87,1617.64,1.08846118,14.4555833214
801180,2001-01-10,1688.75,1646.28,1703.65,1634.12,1.86910597,26.7152151473
801180,2001-01-11,1683.77,1704.15,1717.61,1666.58,1.75952571,24.825116616
801180,2001-01-12,1666.38,1685.96,1700.08,1653.67,1.46338001,17.826138268399998
801180,2001-01-15,1609.82,1656.11,1672.25,1596.61,1.39233546,18.357667371199998
801180,2001-01-16,1621.54,1595.76,1635.25,1573.78,0.99856056,12.9103610069
801180,2001-01-17,1608.36,1621.76,1633.34,1595.81,0.55428342,6.9043980651
801180,2001-01-18,1608.83,1608.12,1630.93,1595.21,0.77295003,9.3989059776
801180,2001-01-19,1625.04,1612.02,1638.4,1605.3,0.69908608,8.8369338993
801180,2001-02-05,1573.99,1629.67,1639.61,1562.69,0.58064259,7.6604183047
801180,2001-02-06,1561.65,1565.59,1577.44,1522.78,0.55751274,6.939922011799999
801180,2001-02-07,1543.14,1563.03,1573.62,1532.31,0.3473375,4.2286502624
801180,2001-02-08,1499.66,1540.63,1554.54,1490.86,0.48129155,5.9416414783
801180,2001-02-09,1521.04,1501.97,1538.85,1496.36,0.4366042,5.5801277892
801180,2001-02-12,1526.12,1524.0,1540.75,1496.87,0.40831974,5.0866742404
801180,2001-02-13,1528.67,1529.3,1547.87,1513.26,0.43389773,5.6620897030999995
801180,2001-02-14,1527.42,1528.02,1541.21,1512.47,0.30024665,3.8279294014999996
801180,2001-02-15,1515.77,1526.02,1541.14,1505.32,0.34584883,4.3612105618
801180,2001-02-16,1517.73,1509.77,1527.15,1482.93,0.4223836,5.0782405578
801180,2001-02-19,1539.87,1519.21,1549.09,1502.47,0.47321143,6.2963162473
801180,2001-02-20,1522.47,1541.76,1558.57,1512.27,0.58784057,7.4282348638
801180,2001-02-21,1470.84,1512.18,1521.03,1453.09,0.9793573,12.187036232
801180,2001-02-22,1462.62,1459.98,1487.66,1440.41,0.56104085,6.647762985700001
801180,2001-02-23,1479.54,1460.39,1486.75,1447.3,0.49000383,5.576346011699999
801180,2001-02-26,1489.19,1482.2,1500.1,1464.63,0.5140166,6.1199177687
801180,2001-02-27,1506.61,1493.2,1517.12,1476.9,0.52788067,6.720358130299999
801180,2001-02-28,1500.46,1508.51,1522.07,1487.6,0.37891741,4.5990410947
801180,2001-03-01,1504.47,1502.21,1519.03,1490.15,0.39394438,4.7977287503
801180,2001-03-02,1522.04,1507.12,1533.37,1500.74,0.53705377,6.774273154199999
801180,2001-03-05,1517.9,1524.64,1536.61,1507.0,0.46218922,5.7209674289
801180,2001-03-06,1519.31,1519.1,1533.57,1498.58,0.49523297,6.121377294199999
801180,2001-03-07,1522.15,1523.62,1539.45,1509.81,0.4900341,5.7639598422
801180,2001-03-08,1535.59,1524.91,1548.06,1514.56,0.53790552,6.8320290809
801180,2001-03-09,1545.44,1539.42,1561.7,1525.51,0.72861925,9.420993038099999
801180,2001-03-12,1545.61,1550.85,1566.94,1530.3,0.60592341,7.5793398353
801180,2001-03-13,1535.36,1547.4,1558.95,1521.67,0.54030992,6.729313314700001
801180,2001-03-14,1550.13,1532.88,1558.0,1523.23,0.48727065,6.20404204
801180,2001-03-15,1550.46,1551.93,1566.5,1537.69,0.58481205,7.4803477875999995
801180,2001-03-16,1545.2,1550.97,1563.02,1530.21,0.57620031,7.3443252035
801180,2001-03-19,1558.46,1545.4,1570.16,1531.84,0.7470783,10.3204862418
801180,2001-03-20,1571.16,1561.61,1584.2,1551.55,0.72311816,9.5245198696
801180,2001-03-21,1581.16,1572.37,1592.38,1559.56,0.71323228,9.546254915599999
801180,2001-03-22,1599.67,1586.2,1615.41,1573.1,1.33652382,16.393627212000002
801180,2001-03-23,1573.07,1602.39,1619.85,1563.68,1.53283588,19.148375869000002
801180,2001-03-26,1599.83,1571.97,1610.69,1566.69,1.08808009,14.5886404795
801180,2001-03-27,1611.32,1606.16,1624.92,1590.06,1.14694917,14.795810792100001
801180,2001-03-28,1616.47,1613.8,1629.71,1595.66,1.26343911,16.6274132293
801180,2001-03-29,1610.89,1617.66,1634.46,1598.56,1.302112,16.364292511600002
801180,2001-03-30,1618.42,1611.77,1629.44,1596.49,0.85707566,12.28355675
801180,2001-04-02,1618.59,1619.87,1635.1,1601.65,0.95955422,13.683518213900001
801180,2001-04-03,1614.57,1618.69,1631.18,1598.56,0.81101013,11.0373257826
801180,2001-04-04,1593.73,1615.31,1632.38,1583.48,1.0093244,13.9913924262
801180,2001-04-05,1612.61,1589.11,1617.87,1582.44,0.83422515,11.3729908105
801180,2001-04-06,1607.06,1615.29,1629.27,1597.72,0.73949507,10.8438327295
801180,2001-04-09,1615.97,1606.17,1628.22,1590.54,0.87795695,12.0993842791
801180,2001-04-10,1628.3,1619.75,1644.08,1608.78,0.68650561,9.835144550199999
801180,2001-04-11,1625.45,1632.05,1642.32,1612.0,0.69612783,9.8108415746
801180,2001-04-12,1626.12,1627.4,1651.31,1611.98,0.95963957,13.7620906998
801180,2001-04-13,1633.9,1627.21,1646.22,1615.52,0.73959068,10.6254182931
801180,2001-04-16,1656.17,1637.81,1669.47,1627.6,1.40006657,20.607896653599997
801180,2001-04-17,1675.62,1662.26,1697.85,1644.33,1.93647272,28.477751908000002
801180,2001-04-18,1658.72,1679.34,1692.9,1646.99,1.46544488,19.666873796300003
801180,2001-04-19,1653.62,1655.9,1672.48,1624.74,1.29681282,18.434806635799998
801180,2001-04-20,1642.9,1654.15,1686.14,1625.17,1.70809752,24.889108339499998
801180,2001-04-23,1639.32,1640.17,1663.96,1616.43,1.41599847,21.884555697899998
801180,2001-04-24,1649.81,1642.56,1665.97,1630.1,1.15089443,15.3070355377
801180,2001-04-25,1621.33,1652.33,1668.03,1609.75,1.22913426,17.363606249100002
801180,2001-04-26,1609.73,1616.8,1641.53,1599.01,0.94754528,13.029780551400002
801180,2001-04-27,1615.02,1612.31,1632.59,1601.59,0.6464509,8.7387655056
801180,2001-04-30,1618.59,1616.9,1637.41,1602.83,0.69576596,9.992659597100001
801180,2001-05-08,1631.22,1621.89,1645.13,1611.2,0.42537863,6.083503927100001
801180,2001-05-09,1631.77,1634.76,1653.31,1614.04,0.61989434,8.9773107647
801180,2001-05-10,1643.56,1632.78,1658.84,1623.03,0.68140058,9.3629298303
801180,2001-05-11,1649.22,1646.76,1664.12,1630.97,0.70769266,9.890136419700001
801180,2001-05-14,1663.86,1654.45,1679.02,1639.93,1.14940472,16.146008478800002
801180,2001-05-15,1666.39,1668.02,1687.83,1646.43,1.2641109,17.63551236
801180,2001-05-16,1670.97,1669.54,1688.49,1650.66,1.16571502,16.3115308138
801180,2001-05-17,1662.25,1673.31,1689.92,1649.53,1.06018865,15.6437478915
801180,2001-05-18,1670.89,1662.66,1683.98,1645.79,0.92502512,13.0907103303
801180,2001-05-21,1682.15,1678.21,1701.63,1658.67,1.62275706,21.1274825032
801180,2001-05-22,1679.45,1685.38,1701.64,1665.15,1.03358901,14.494641406900001
801180,2001-05-23,1666.29,1680.1,1693.37,1646.28,1.05217452,14.8568854602
801180,2001-05-24,1668.25,1667.45,1690.48,1652.46,1.03774559,14.819320221600002
801180,2001-05-25,1664.21,1670.88,1689.77,1647.1,1.11065627,15.6173518008
801180,2001-05-28,1646.64,1664.74,1678.44,1630.55,1.08499886,15.7022952562
801180,2001-05-29,1646.57,1645.55,1667.42,1629.88,0.812663,11.587550956300001
801180,2001-05-30,1667.32,1648.23,1677.59,1641.23,0.7006118,10.2694427396
801180,2001-05-31,1668.04,1673.26,1691.17,1652.54,0.86074136,12.551229919
801180,2001-06-01,1671.88,1670.01,1693.13,1655.22,0.91780337,12.3703176401
801180,2001-06-04,1676.96,1675.75,1697.05,1657.51,1.02969142,15.0266208119
801180,2001-06-05,1685.54,1678.51,1701.41,1665.13,0.93660196,13.709690415
801180,2001-06-06,1685.53,1688.35,1702.74,1667.29,0.8305789,11.7819683887
801180,2001-06-07,1680.85,1687.72,1703.7,1670.22,0.86890076,12.2134463351
801180,2001-06-08,1677.57,1680.31,1697.14,1657.28,0.80373468,10.8118379129
801180,2001-06-11,1676.64,1678.33,1698.78,1657.52,0.85754197,12.105535803399999
801180,2001-06-12,1688.08,1678.0,1701.3,1664.63,0.8851479,12.4361365984
801180,2001-06-13,1698.5,1691.11,1713.12,1675.94,0.94848449,13.3944836423
801180,2001-06-14,1665.78,1699.62,1711.06,1658.58,0.94629127,13.2547482008
801180,2001-06-15,1674.21,1664.86,1692.85,1650.66,0.83109299,11.2411790685
801180,2001-06-18,1638.53,1675.24,1684.63,1624.87,0.98241231,13.3111916193
801180,2001-06-19,1643.56,1636.36,1661.91,1621.49,0.70805736,10.5213304084
801180,2001-06-20,1635.27,1644.29,1659.69,1624.31,0.55586324,7.9862537543
801180,2001-06-21,1653.45,1635.31,1661.78,1626.27,0.51782793,7.6602994488
801180,2001-06-22,1665.78,1655.44,1676.5,1642.23,0.75814088,10.591991722000001
801180,2001-06-25,1689.41,1669.58,1703.19,1658.98,0.93181713,13.0369162819
801180,2001-06-26,1698.01,1696.75,1716.72,1679.92,1.11459326,16.5537820897
801180,2001-06-27,1697.58,1701.4,1717.42,1678.98,0.87674429,12.9178165333
801180,2001-06-28,1687.34,1697.51,1715.55,1675.46,0.74000556,10.7961039198
801180,2001-06-29,1685.44,1688.57,1706.74,1673.44,0.47615844,6.7180314569
801180,2001-07-02,1677.29,1686.9,1703.62,1667.4,0.60741568,8.8840692293
801180,2001-07-03,1682.27,1681.63,1695.01,1658.87,0.50125307,7.4882288187
801180,2001-07-04,1678.99,1686.01,1701.87,1667.67,0.54811795,8.0651010776
801180,2001-07-05,1663.05,1678.69,1687.82,1652.82,0.57079187,8.3678722242
801180,2001-07-06,1654.89,1661.52,1677.59,1645.23,0.52601341,7.5420092462
801180,2001-07-09,1663.71,1655.44,1677.31,1644.23,0.57182727,8.4640321633
801180,2001-07-10,1682.91,1667.58,1692.24,1659.28,0.78522231,12.347017895
801180,2001-07-11,1669.76,1686.41,1697.21,1659.57,0.71870544,11.3959466306
801180,2001-07-12,1669.27,1664.81,1681.54,1649.13,0.6529526,10.496829344
801180,2001-07-13,1665.18,1673.9,1692.06,1656.67,0.67196504,11.085135776500001
801180,2001-07-16,1669.21,1687.28,1709.57,1654.69,1.2907468,21.5165915217
801180,2001-07-17,1662.55,1669.51,1683.18,1638.4,0.79883209,12.3144759377
801180,2001-07-18,1666.35,1667.12,1683.47,1651.03,0.52866213,8.0597535967
801180,2001-07-19,1665.64,1668.97,1680.24,1645.91,0.45992673,6.8198183966
801180,2001-07-20,1715.64,1670.64,1734.42,1660.41,1.7720833,28.040939301399998
801180,2001-07-23,1713.63,1724.58,1743.08,1698.97,1.68370679,26.6681319555
801180,2001-07-24,1693.55,1706.14,1719.02,1674.49,1.06393472,16.8610497427
801180,2001-07-25,1673.04,1686.14,1703.85,1661.89,0.82692895,12.512381268399999
801180,2001-07-26,1663.5,1669.63,1688.2,1646.59,0.71354501,10.8149187856
801180,2001-07-27,1637.37,1666.5,1680.62,1631.23,0.66901272,9.6553426551
801180,2001-07-30,1551.15,1630.98,1637.3,1541.99,0.9522895,13.0063975825
801180,2001-07-31,1528.91,1532.22,1587.8,1505.18,0.8787372,12.122581764400001
801180,2001-08-01,1580.97,1533.59,1589.48,1528.9,0.89284089,13.898156161400001
801180,2001-08-02,1559.13,1582.84,1589.3,1517.22,0.77981403,11.3012787602
801180,2001-08-03,1567.54,1561.5,1584.1,1546.38,0.64065543,9.336999372200001
801180,2001-08-06,1513.52,1562.29,1569.12,1493.5,0.86381468,11.7906824497
801180,2001-08-07,1525.7,1509.21,1542.72,1487.21,0.67434039,9.272437091
801180,2001-08-08,1520.01,1525.69,1541.25,1505.13,0.44579365,5.9967486861
801180,2001-08-09,1553.07,1524.44,1563.74,1516.68,0.78549497,11.1367535229
801180,2001-08-10,1571.3,1559.11,1584.74,1547.79,0.94031661,12.6906509118
801180,2001-08-13,1571.24,1573.98,1588.19,1555.72,0.69598745,9.8496901924
801180,2001-08-14,1566.07,1573.51,1588.8,1542.84,0.67359013,9.785029667
801180,2001-08-15,1570.44,1568.46,1584.51,1552.39,0.56785503,8.5346677541
801180,2001-08-16,1545.85,1570.93,1581.8,1539.8,0.61168544,8.9910977062
801180,2001-08-17,1542.66,1538.78,1557.15,1522.79,0.52189382,6.9938951546000006
801180,2001-08-20,1552.44,1540.89,1564.4,1528.96,0.36252893,5.0618861842000005
801180,2001-08-21,1559.68,1554.98,1576.08,1545.83,0.39322343,5.4834006277
801180,2001-08-22,1537.9,1553.92,1564.96,1520.72,0.71875512,10.101876580399999
801180,2001-08-23,1544.2,1528.01,1556.09,1507.34,0.58190771,8.2090998583
801180,2001-08-24,1528.58,1545.99,1563.82,1520.33,0.55890859,7.6511003586
801180,2001-08-27,1473.98,1518.94,1525.28,1467.43,0.69563084,9.2409875013
801180,2001-08-28,1489.39,1469.27,1500.33,1440.54,0.61498914,8.0684470697
801180,2001-08-29,1487.24,1494.98,1513.26,1477.03,0.44050786,5.7950961442999995
801180,2001-08-30,1477.16,1483.13,1497.81,1463.95,0.33020775,4.2612853917
801180,2001-08-31,1472.85,1478.51,1492.83,1463.54,0.29783775,3.8779941335
801180,2001-09-03,1453.77,1470.78,1482.08,1442.17,0.4262941,5.533145230700001
801180,2001-09-04,1487.35,1451.22,1491.5,1443.74,0.49834064,6.3684126797000005
801180,2001-09-05,1489.86,1493.64,1514.88,1480.21,0.45562584,5.8423111238
801180,2001-09-06,1490.05,1489.05,1511.84,1473.67,0.43220685,5.7316883371000005
801180,2001-09-07,1442.41,1485.49,1494.46,1436.28,0.62017219,7.6776121177
801180,2001-09-10,1485.17,1427.78,1497.08,1409.56,0.5027083,6.4883662236
801180,2001-09-11,1489.99,1488.18,1506.59,1468.9,0.43505674,5.4815845645
801180,2001-09-12,1465.08,1449.18,1481.82,1417.61,0.64816538,8.1671174641
801180,2001-09-13,1459.33,1465.96,1486.15,1450.41,0.2758978,3.501561358
801180,2001-09-14,1442.21,1460.15,1475.69,1433.02,0.45273535,6.0465481618
801180,2001-09-17,1409.66,1435.05,1447.25,1402.32,0.60457502,6.9626219836
801180,2001-09-18,1420.47,1412.55,1448.29,1400.33,0.50063711,6.0136197205999995
801180,2001-09-19,1437.89,1424.41,1444.65,1402.2,0.39131743,4.7314129052
801180,2001-09-20,1429.72,1440.17,1456.5,1420.12,0.44157197,5.4937268783
801180,2001-09-21,1419.47,1425.27,1442.96,1407.84,0.40162192,4.7951393356
801180,2001-09-24,1408.71,1415.4,1433.22,1398.57,0.31430947,3.6888274519
801180,2001-09-25,1411.61,1415.08,1439.65,1400.07,0.31887073,4.0215209967000005
801180,2001-09-26,1390.81,1412.01,1419.62,1384.85,0.30361545,3.6259945241000002
801180,2001-09-27,1386.8,1389.12,1408.23,1372.01,0.41788374,5.1620563215
801180,2001-09-28,1384.41,1388.47,1403.96,1367.31,0.3475423,4.1809635853
801180,2001-10-08,1354.86,1384.45,1400.7,1343.22,0.31652767,3.8073265881
801180,2001-10-09,1373.3,1355.99,1387.42,1345.17,0.33357641,4.195508256
801180,2001-10-10,1330.92,1373.52,1381.1,1319.41,0.44090137,5.3210248577999995
801180,2001-10-11,1281.06,1327.63,1345.19,1271.25,0.58974997,7.0815682685
801180,2001-10-12,1314.91,1281.6,1335.06,1224.72,0.87636508,10.1620096236
801180,2001-10-15,1314.0,1312.98,1333.71,1286.17,0.43555489,5.127341803399999
801180,2001-10-16,1282.1,1316.69,1324.08,1269.37,0.37946302,4.3934551039
801180,2001-10-17,1270.09,1277.98,1296.37,1255.37,0.29959209,3.4543278691
801180,2001-10-18,1240.01,1268.61,1281.07,1230.33,0.36231465,3.9633385480000003
801180,2001-10-19,1199.5,1232.7,1241.18,1181.85,0.53477916,5.5874408488
801180,2001-10-22,1163.07,1188.47,1207.38,1152.71,0.41780652,4.0940147400999995
801180,2001-10-23,1276.2,1259.9,1276.85,1235.43,1.08295991,11.8449871347
801180,2001-10-24,1331.37,1335.32,1359.43,1291.11,1.99268368,22.6748506958
801180,2001-10-25,1298.28,1323.73,1336.16,1281.97,1.17077408,13.524899248199999
801180,2001-10-26,1296.46,1291.92,1314.65,1273.15,0.79035023,9.376870972899999
801180,2001-10-29,1316.29,1299.7,1326.93,1292.32,0.55136273,6.0585522665
801180,2001-10-30,1304.2,1319.05,1330.55,1292.19,0.4323418,4.6775973112
801180,2001-10-31,1308.19,1299.63,1316.81,1274.07,0.42482429,4.5307480523
801180,2001-11-01,1325.84,1312.95,1342.19,1302.63,0.6900267,7.4974736463
801180,2001-11-02,1314.75,1320.95,1334.09,1303.9,0.4238734,4.3332709254
801180,2001-11-05,1305.12,1310.13,1320.67,1290.51,0.31944258,3.4156436832
801180,2001-11-06,1298.88,1303.0,1315.82,1289.54,0.26740429,2.9563542091
801180,2001-11-07,1228.55,1294.64,1300.94,1222.5,0.66896386,6.9505520579999995
801180,2001-11-08,1240.28,1208.53,1250.18,1189.04,0.48598007,5.0813401593
801180,2001-11-09,1266.81,1242.24,1277.67,1216.54,0.57883927,6.2317795167
801180,2001-11-12,1257.13,1268.17,1282.77,1241.88,0.41649883,4.4634149204
801180,2001-11-13,1247.35,1242.35,1261.37,1227.65,0.29322559,3.0973951068
801180,2001-11-14,1252.07,1249.22,1267.32,1240.56,0.21429051,2.3189393711
801180,2001-11-15,1257.07,1254.74,1270.59,1242.32,0.30589981,3.3615646602999996
801180,2001-11-16,1282.22,1346.49,1360.22,1272.37,1.18437297,13.6235766323
801180,2001-11-19,1301.84,1284.34,1311.69,1270.45,0.5621239,6.348976615
801180,2001-11-20,1325.76,1302.63,1336.0,1292.62,0.88096651,10.1180444953
801180,2001-11-21,1327.76,1326.2,1337.23,1307.28,0.60178323,6.972358655599999
801180,2001-11-22,1340.39,1327.44,1348.57,1315.39,0.65707708,7.482904134
801180,2001-11-23,1337.01,1340.85,1353.37,1322.09,0.67761309,7.6178573386
801180,2001-11-26,1331.03,1332.61,1345.17,1314.01,0.49340105,5.5268737983000005
801180,2001-11-27,1345.24,1329.74,1349.19,1323.68,0.44929037,5.0204409623
801180,2001-11-28,1353.68,1347.92,1366.83,1339.59,0.72160614,7.913989415
801180,2001-11-29,1356.75,1353.0,1370.75,1342.98,0.619392,6.7442879223
801180,2001-11-30,1371.77,1357.21,1378.05,1350.05,0.57411961,6.3174560603
801180,2001-12-03,1385.93,1375.59,1399.27,1367.19,0.80423559,9.517513972
801180,2001-12-04,1391.38,1386.68,1401.29,1369.57,0.87238345,10.202532696799999
801180,2001-12-05,1364.0,1386.43,1400.38,1357.65,0.94306981,10.8187550348
801180,2001-12-06,1375.63,1358.7,1383.35,1350.67,0.74433798,8.3251328137
801180,2001-12-07,1371.25,1374.78,1388.7,1361.41,0.58902559,5.9451410047
801180,2001-12-10,1380.32,1369.85,1388.61,1354.69,0.54367804,6.0582010862
801180,2001-12-11,1359.61,1377.98,1387.98,1352.0,0.47652081,5.2965735372000005
801180,2001-12-12,1343.89,1353.31,1366.41,1337.47,0.42416629,4.6406247502
801180,2001-12-13,1323.39,1341.44,1356.28,1317.45,0.52670028,5.9075659067999995
801180,2001-12-14,1310.41,1317.68,1330.71,1301.9,0.3575417,3.9158231975
801180,2001-12-17,1303.74,1308.06,1322.78,1292.96,0.30374107,3.4008352563999997
801180,2001-12-18,1327.11,1306.1,1332.22,1297.54,0.33646158,3.8313885406
801180,2001-12-19,1312.32,1328.74,1338.28,1306.93,0.32035565,3.7150548804000003
801180,2001-12-20,1278.53,1307.34,1312.97,1268.75,0.45047662,4.9826287178
801180,2001-12-21,1283.98,1276.02,1292.56,1266.37,0.29174635,2.9537370413999997
801180,2001-12-24,1259.24,1284.07,1291.82,1248.59,0.3137568,3.4180051844
801180,2001-12-25,1262.71,1256.53,1272.64,1242.8,0.3012819,3.4492632457999997
801180,2001-12-26,1277.77,1259.72,1283.55,1248.18,0.33262739,3.7216120824
801180,2001-12-27,1267.82,1279.34,1291.13,1260.86,0.3541357,4.1706032942
801180,2001-12-28,1271.22,1266.74,1283.65,1246.97,0.44677228,5.1409317604
801180,2001-12-31,1272.84,1276.27,1292.74,1252.94,0.44284567,5.019614081
801180,2002-01-04,1251.97,1269.08,1277.88,1242.03,0.23971915,2.4978505569
801180,2002-01-07,1237.68,1245.9,1252.75,1223.95,0.23786081,2.5074531572
801180,2002-01-08,1227.38,1238.64,1253.18,1222.27,0.22515433,2.3594958738
801180,2002-01-09,1203.69,1222.87,1230.8,1193.02,0.36712561,3.7181683939999997
801180,2002-01-10,1214.95,1198.15,1225.57,1166.99,0.48850205,4.8180507352
801180,2002-01-11,1183.49,1214.1,1219.04,1177.47,0.32045101,3.224266159
801180,2002-01-14,1137.62,1168.41,1177.73,1128.02,0.52299712,5.0521933256
801180,2002-01-15,1113.63,1128.41,1148.44,1102.04,0.4969204,4.7344870492
801180,2002-01-16,1127.18,1112.98,1140.27,1090.97,0.46678174,4.335081525400001
801180,2002-01-17,1071.28,1122.22,1130.75,1061.02,0.46089631,4.2079436596
801180,2002-01-18,1058.29,1060.29,1086.37,1022.49,0.61208372,5.403590799
801180,2002-01-21,1009.87,1049.9,1058.37,999.4,0.50026488,4.200766928999999
801180,2002-01-22,999.35,1002.46,1037.87,983.37,0.50765273,4.1181759791
801180,2002-01-23,1071.67,995.65,1075.91,982.31,0.8646985,7.2478332359
801180,2002-01-24,1085.67,1064.06,1108.97,1028.82,1.24926252,10.7252356243
801180,2002-01-25,1086.51,1076.72,1104.9,1063.78,0.73781869,6.061766648
801180,2002-01-28,1014.27,1079.76,1094.23,1007.11,0.88486699,7.242510552100001
801180,2002-01-29,1044.94,1003.66,1056.28,991.04,0.66603086,5.2672298156999995
801180,2002-01-30,1052.47,1046.68,1069.63,1029.47,0.56872676,4.2677350382
801180,2002-01-31,1127.76,1075.11,1140.07,1064.65,1.59596992,14.2236525696
801180,2002-02-01,1138.64,1131.15,1177.38,1112.73,1.73594276,16.5608457515
801180,2002-02-04,1157.52,1137.7,1166.54,1123.25,0.85017743,7.6267613392
801180,2002-02-05,1159.97,1157.55,1174.43,1139.56,0.84497713,7.380028423
801180,2002-02-06,1132.56,1161.39,1170.66,1126.02,0.87520787,7.9364467821
801180,2002-02-07,1154.6,1127.85,1170.21,1122.56,0.77379516,7.5033717719
801180,2002-02-08,1148.02,1159.37,1176.28,1140.94,0.66856387,6.4923280744000005
801180,2002-02-25,1187.38,1185.65,1211.51,1167.83,1.29554316,12.4718224575
801180,2002-02-26,1189.72,1187.2,1199.19,1166.69,0.85356332,7.3229541951999995
801180,2002-02-27,1191.1,1190.24,1205.43,1179.13,0.59576027,5.5485139452
801180,2002-02-28,1178.01,1188.99,1201.02,1170.6,0.58507181,5.3756030179
801180,2002-03-01,1163.71,1174.22,1187.8,1154.04,0.59875151,5.3281173684
801180,2002-03-04,1186.84,1156.89,1190.06,1150.25,0.72172823,6.9934809577
801180,2002-03-05,1231.06,1189.84,1244.98,1184.71,1.78194402,18.50155563
801180,2002-03-06,1256.84,1237.98,1291.31,1228.11,2.88724092,28.300208236
801180,2002-03-07,1313.36,1259.59,1319.9,1252.93,2.98670224,30.1601849445
801180,2002-03-08,1335.49,1327.19,1358.44,1288.56,3.76048787,37.221635766700004
801180,2002-03-11,1352.84,1336.26,1366.41,1308.93,2.72134428,28.0378316757
801180,2002-03-12,1347.26,1353.67,1395.5,1322.19,3.59311867,39.1091798757
801180,2002-03-13,1309.02,1337.95,1360.93,1301.57,2.16302987,21.847680265999998
801180,2002-03-14,1349.79,1305.22,1358.48,1298.05,1.94369637,19.9345926849
801180,2002-03-15,1303.73,1355.11,1370.54,1297.95,1.73198551,18.0954479579
801180,2002-03-18,1314.61,1323.22,1349.94,1291.44,1.39454497,14.0701149521
801180,2002-03-19,1343.59,1316.07,1354.44,1305.38,1.68825489,18.0785164871
801180,2002-03-20,1358.75,1348.32,1375.77,1329.74,1.86280147,20.7666008948
801180,2002-03-21,1360.71,1363.52,1385.42,1339.24,1.80374377,17.868537111400002
801180,2002-03-22,1343.66,1358.33,1370.93,1327.45,1.33724417,13.8105260503
801180,2002-03-25,1352.27,1341.93,1365.34,1328.18,1.07701847,11.737725689000001
801180,2002-03-26,1336.55,1347.84,1363.77,1317.72,1.36687769,15.086533366800001
801180,2002-03-27,1344.16,1329.78,1353.6,1317.13,1.16824545,12.3373580499
801180,2002-03-28,1344.89,1345.36,1368.51,1331.1,1.24605095,14.1923313431
801180,2002-03-29,1303.39,1339.93,1346.6,1291.82,1.23260366,12.9107764339
801180,2002-04-01,1310.51,1296.07,1324.78,1283.81,0.85811065,9.2575710142
801180,2002-04-02,1287.23,1310.29,1320.54,1274.69,0.93622252,9.9863466663
801180,2002-04-03,1288.78,1287.46,1310.17,1273.34,0.9436079,10.190205697
801180,2002-04-04,1328.08,1285.66,1335.23,1267.61,1.31429973,14.237795104100002
801180,2002-04-05,1325.97,1334.88,1357.79,1311.86,1.55014741,16.789815549
801180,2002-04-08,1336.88,1325.24,1350.53,1310.8,1.10044234,12.4804159621
801180,2002-04-09,1366.91,1336.98,1381.51,1326.11,2.05692258,22.284967275
801180,2002-04-10,1372.26,1368.71,1389.63,1352.89,1.57165481,17.0177306077
801180,2002-04-11,1350.59,1372.9,1391.98,1343.61,1.50135952,15.975836713900001
801180,2002-04-12,1357.86,1348.53,1373.39,1340.48,0.88534401,9.9843767103
801180,2002-04-15,1355.45,1360.42,1373.22,1338.1,0.80045203,8.6888339382
801180,2002-04-16,1351.3,1354.39,1369.62,1337.74,0.60895104,6.576752494500001
801180,2002-04-17,1349.75,1352.44,1364.88,1334.95,0.71930745,8.0052954622
801180,2002-04-18,1337.28,1348.8,1364.82,1329.71,0.7897283,8.8163275351
801180,2002-04-19,1336.86,1333.99,1347.76,1297.82,1.1673204,11.7554612697
801180,2002-04-22,1323.64,1330.62,1343.21,1309.25,0.60619426,6.4671974705999995
801180,2002-04-23,1319.49,1321.29,1340.13,1309.64,0.59018354,6.0290687548
801180,2002-04-24,1306.86,1319.42,1331.25,1295.22,0.70628657,7.76736971
801180,2002-04-25,1314.28,1305.91,1326.23,1294.75,0.53774206,5.7093360527999995
801180,2002-04-26,1339.35,1317.78,1349.16,1312.13,0.86879955,9.085374379600001
801180,2002-04-29,1363.16,1340.13,1371.69,1331.58,1.155018,13.3572045679
801180,2002-04-30,1358.48,1366.79,1380.08,1346.34,0.96929888,10.520177137000001
801180,2002-05-08,1344.23,1359.77,1369.44,1335.17,0.54497601,5.6159956874
801180,2002-05-09,1348.58,1340.36,1365.52,1332.28,0.82499576,8.4381314282
801180,2002-05-10,1333.91,1348.13,1358.39,1325.32,0.73313573,7.9895000526999995
801180,2002-05-13,1323.47,1329.01,1339.22,1312.14,0.54572473,5.9790604854
801180,2002-05-14,1318.5,1321.61,1339.95,1309.74,0.52815011,5.6733943648
801180,2002-05-15,1304.76,1317.75,1330.28,1298.01,0.61387635,6.4330469437
801180,2002-05-16,1255.62,1297.75,1303.84,1248.27,0.92076337,9.1867509282
801180,2002-05-17,1266.56,1254.75,1281.64,1236.88,0.76802797,7.8121882307
801180,2002-05-20,1246.42,1263.38,1270.0,1225.11,0.53989058,5.1861741607
801180,2002-05-21,1287.02,1277.54,1304.93,1258.68,1.08330904,10.989220955
801180,2002-05-22,1264.57,1288.05,1299.21,1256.61,0.60875669,6.3574466014999995
801180,2002-05-23,1272.91,1271.68,1294.51,1259.58,0.55433464,5.6469661447
801180,2002-05-24,1254.42,1274.24,1282.23,1242.06,0.5168783,5.1936580037
801180,2002-05-27,1261.53,1262.84,1276.38,1244.23,0.37827466,3.7438633633
801180,2002-05-28,1264.97,1263.73,1280.12,1253.3,0.41256308,4.279319224
801180,2002-05-29,1236.95,1263.06,1267.89,1227.81,0.55299253,5.351213528500001
801180,2002-05-30,1233.18,1235.01,1247.23,1211.4,0.46871793,4.6355306029
801180,2002-05-31,1227.31,1232.95,1245.91,1217.2,0.48269783,4.9094143275
801180,2002-06-03,1198.35,1218.5,1225.49,1187.47,0.59938822,5.6811893303
801180,2002-06-04,1205.79,1200.65,1220.51,1185.31,0.51774277,4.9214372882
801180,2002-06-05,1174.4,1203.58,1207.98,1168.84,0.47703282,4.220377516
801180,2002-06-06,1230.65,1170.61,1249.19,1158.68,1.02844374,9.8892427362
801180,2002-06-07,1242.57,1232.07,1261.73,1212.86,1.25362039,11.5557164578
801180,2002-06-10,1231.96,1237.64,1250.24,1217.65,0.65144482,6.200722691699999
801180,2002-06-11,1242.72,1231.49,1254.25,1224.32,0.57637328,5.7670390115
801180,2002-06-12,1232.88,1242.16,1247.91,1220.23,0.41492872,3.9713276574000003
801180,2002-06-13,1223.62,1231.64,1250.65,1217.37,0.43132946,4.3585436177
801180,2002-06-14,1205.66,1217.47,1226.87,1199.34,0.41465091,4.1863987902
801180,2002-06-17,1209.33,1197.13,1216.61,1184.93,0.37149575,3.7897279411
801180,2002-06-18,1238.04,1214.79,1248.6,1209.56,0.76728687,7.8514940979
801180,2002-06-19,1221.95,1238.43,1243.69,1215.67,0.39065154,3.8055735949000002
801180,2002-06-20,1236.71,1224.85,1253.62,1219.96,0.75085888,6.6423241248
801180,2002-06-21,1294.14,1238.23,1306.34,1233.91,2.57931874,24.194488445500003
801180,2002-06-24,1413.71,1410.87,1418.46,1365.63,4.59361634,51.8321887662
801180,2002-06-25,1422.41,1436.06,1472.88,1397.46,5.08512209,52.47164102560001
801180,2002-06-26,1426.53,1414.27,1453.04,1385.43,3.86274778,36.6418994618
801180,2002-06-27,1422.6,1425.75,1449.52,1397.62,2.59934805,26.0597797802
801180,2002-06-28,1425.98,1422.85,1455.88,1389.51,2.59022674,27.8069573707
801180,2002-07-01,1404.93,1425.96,1443.79,1394.8,1.98694161,20.2886874851
801180,2002-07-02,1423.86,1399.32,1439.38,1387.98,1.95612344,20.0692505657
801180,2002-07-03,1418.53,1423.37,1436.87,1402.7,1.52264594,15.7690853171
801180,2002-07-04,1407.7,1418.95,1436.26,1398.17,1.61966573,16.0041760041
801180,2002-07-05,1415.42,1406.4,1426.07,1391.04,0.95062992,10.2020908154
801180,2002-07-08,1423.3,1415.19,1432.4,1403.75,1.02978603,10.637516252200001
801180,2002-07-09,1417.27,1423.64,1437.37,1408.66,1.25645437,12.52579592
801180,2002-07-10,1393.54,1415.11,1424.04,1385.47,1.30887932,12.996056606500002
801180,2002-07-11,1393.91,1390.33,1413.96,1378.51,1.0704448,11.276056345399999
801180,2002-07-12,1399.29,1392.97,1415.06,1385.82,1.01524468,11.687692803900001
801180,2002-07-15,1385.74,1397.07,1406.14,1377.17,0.87037481,9.067145827300001
801180,2002-07-16,1388.24,1385.72,1406.22,1377.86,0.74758053,7.7973176647
801180,2002-07-17,1400.24,1393.19,1408.43,1377.3,0.72227402,7.8663795695
801180,2002-07-18,1402.57,1402.78,1416.48,1389.99,0.80608772,8.658229024299999
801180,2002-07-19,1406.36,1404.67,1416.63,1392.79,0.76607084,8.6412204867
801180,2002-07-22,1381.34,1404.77,1410.4,1374.8,0.84894594,9.1095961298
801180,2002-07-23,1371.6,1379.24,1391.04,1364.57,0.68567633,7.0528758071
801180,2002-07-24,1368.32,1373.87,1386.18,1357.81,0.68254711,7.149468333200001
801180,2002-07-25,1358.11,1372.78,1383.95,1347.16,0.8350998,8.5820915385
801180,2002-07-26,1348.92,1360.43,1370.0,1342.16,0.61928979,6.2161662938
801180,2002-07-29,1356.29,1345.35,1360.59,1333.37,0.66671344,6.9209084260000004
801180,2002-07-30,1354.45,1355.27,1365.53,1338.07,0.52100377,5.3589327902
801180,2002-07-31,1339.94,1353.78,1362.68,1332.66,0.56074168,5.859729557300001
801180,2002-08-01,1339.29,1336.31,1350.43,1322.53,0.54084009,5.6293088902
801180,2002-08-02,1341.29,1338.34,1349.53,1329.44,0.38354401,4.224973884700001
801180,2002-08-05,1334.46,1341.17,1347.74,1325.49,0.35529714,3.6549878267
801180,2002-08-06,1356.25,1332.11,1373.36,1326.12,0.94396776,8.826819836799999
801180,2002-08-07,1349.51,1355.22,1361.24,1342.44,0.38828634,4.0265741963999995
801180,2002-08-08,1344.29,1351.16,1364.45,1338.4,0.55310103,5.0615727423
801180,2002-08-09,1333.17,1341.77,1349.3,1326.07,0.43481199,4.4270906089999995
801180,2002-08-12,1324.63,1325.53,1335.94,1314.87,0.33256882,3.3307669265
801180,2002-08-13,1327.99,1324.72,1339.33,1318.7,0.31572018,3.2051242760000003
801180,2002-08-14,1339.26,1327.86,1343.19,1320.24,0.30209202,3.0885817888
801180,2002-08-15,1326.23,1338.94,1344.5,1319.87,0.34107684,3.3567514387
801180,2002-08-16,1334.98,1324.28,1345.74,1312.71,0.39152378,3.9891082038
801180,2002-08-19,1329.45,1332.11,1340.92,1320.6,0.2345199,2.3885295704
801180,2002-08-20,1348.18,1328.95,1355.34,1324.47,0.52354309,5.3013613376999995
801180,2002-08-21,1351.06,1349.26,1363.48,1339.71,0.53992282,5.270938518
801180,2002-08-22,1361.47,1350.92,1372.29,1342.84,0.70926927,7.4230256394000005
801180,2002-08-23,1357.65,1362.21,1370.58,1349.2,0.41042977,4.3480589777
801180,2002-08-26,1342.79,1357.5,1361.98,1337.48,0.40757461,4.1254556595
801180,2002-08-27,1352.25,1342.42,1360.94,1335.74,0.53157295,5.8106273651
801180,2002-08-28,1347.41,1352.72,1359.04,1341.05,0.34305798,3.7647624318
801180,2002-08-29,1338.71,1347.41,1354.89,1333.64,0.31405955,3.2344807692
801180,2002-08-30,1338.52,1339.19,1348.65,1330.88,0.31277817,3.24779052
801180,2002-09-02,1336.73,1338.96,1345.95,1328.61,0.29658786,3.1933692904
801180,2002-09-03,1341.9,1338.84,1353.25,1333.85,0.32873371,3.4793017632999996
801180,2002-09-04,1333.59,1342.72,1348.92,1328.4,0.33708814,3.6959319104
801180,2002-09-05,1315.45,1332.91,1337.25,1309.42,0.52336572,5.1081816059
801180,2002-09-06,1306.88,1313.75,1323.16,1301.06,0.4636587,4.6129127774
801180,2002-09-09,1292.62,1302.79,1308.83,1282.72,0.40556156,4.0677699583999996
801180,2002-09-10,1291.34,1291.38,1303.49,1280.77,0.36086399,3.7677480686
801180,2002-09-11,1288.34,1291.71,1297.74,1273.65,0.31565289,3.2014512086
801180,2002-09-12,1293.9,1289.82,1304.41,1279.94,0.26650762,3.2110442813
801180,2002-09-13,1289.54,1293.3,1300.72,1281.28,0.23844251,2.5286392031
801180,2002-09-16,1271.21,1286.27,1292.0,1262.98,0.40983981,4.1045385251
801180,2002-09-17,1268.93,1272.39,1283.45,1255.67,0.37372158,3.6545094074
801180,2002-09-18,1261.69,1268.13,1275.53,1254.22,0.281648,3.1138685202999996
801180,2002-09-19,1299.5,1258.18,1312.4,1247.9,0.92946096,9.3727001074
801180,2002-09-20,1282.64,1296.96,1309.19,1275.26,0.83831357,8.566573375
801180,2002-09-23,1285.54,1278.89,1297.87,1271.07,0.47111883,5.1823488567
801180,2002-09-24,1277.3,1285.01,1290.58,1270.24,0.39972215,4.4625056297
801180,2002-09-25,1276.14,1274.85,1292.19,1264.7,0.44203932,4.8793025664
801180,2002-09-26,1267.51,1276.21,1287.35,1261.39,0.45509206,4.8219557321
801180,2002-09-27,1261.49,1267.79,1278.54,1251.1,0.34332614,3.5104000105
801180,2002-10-08,1255.94,1255.92,1266.8,1239.02,0.30850907,2.8578790639
801180,2002-10-09,1227.5,1251.46,1258.69,1211.09,0.43439275,4.0603345719999995
801180,2002-10-10,1224.82,1224.18,1244.17,1215.07,0.30616558,2.8498415408
801180,2002-10-11,1222.19,1227.87,1238.61,1214.67,0.26927599,2.5462991498
801180,2002-10-14,1229.68,1219.44,1239.82,1202.9,0.44284111,4.0584444573
801180,2002-10-15,1221.7,1228.66,1237.96,1213.24,0.3705493,3.4919685506
801180,2002-10-16,1234.97,1221.84,1251.55,1217.03,0.54209182,5.0918656867
801180,2002-10-17,1215.05,1234.41,1240.65,1208.06,0.40088506,3.6950893781
801180,2002-10-18,1222.73,1212.26,1233.18,1200.7,0.50060986,5.2293738541
801180,2002-10-21,1225.83,1220.99,1232.5,1208.52,0.32780827,3.154796455
801180,2002-10-22,1242.36,1226.73,1250.03,1220.23,0.58457025,5.6753025067
801180,2002-10-23,1244.8,1241.12,1253.77,1227.56,0.533432,4.9990980429
801180,2002-10-24,1232.83,1241.67,1251.28,1224.87,0.55606195,5.4744383066
801180,2002-10-25,1218.74,1232.49,1243.92,1211.68,0.47079963,4.4917289462
801180,2002-10-28,1206.49,1213.72,1225.66,1197.76,0.48606417,4.2809728037
801180,2002-10-29,1211.73,1204.84,1219.57,1189.13,0.44199985,4.048855650299999
801180,2002-10-30,1209.37,1209.25,1220.22,1194.63,0.38634871,3.5885437069
801180,2002-10-31,1207.17,1208.93,1224.7,1199.08,0.34553289,3.5269836358999997
801180,2002-11-01,1207.49,1205.27,1215.9,1192.93,0.25637263,2.3250115828
801180,2002-11-04,1225.27,1214.35,1232.46,1205.03,0.36118737,3.4623410775
801180,2002-11-05,1247.28,1226.53,1256.78,1219.83,0.85733978,8.4009513125
801180,2002-11-06,1243.11,1246.82,1255.22,1232.86,0.5417131,5.3066288922
801180,2002-11-07,1239.46,1243.0,1252.41,1230.1,0.43194171,4.1836674278
801180,2002-11-08,1206.19,1250.67,1259.16,1199.06,0.5949052,5.5974303983
801180,2002-11-11,1190.5,1205.08,1216.68,1183.25,0.36124872,3.3914915471
801180,2002-11-12,1163.27,1189.28,1201.45,1153.67,0.60727914,5.2771328662
801180,2002-11-13,1163.12,1159.02,1170.55,1136.33,0.50488446,4.3258139224
801180,2002-11-14,1134.67,1161.88,1167.27,1129.77,0.43021754,3.8912202206999997
801180,2002-11-15,1134.95,1130.51,1155.58,1120.46,0.4660058,4.120030889200001
801180,2002-11-18,1121.08,1136.38,1145.79,1112.55,0.37895092,3.5803505339
801180,2002-11-19,1133.62,1121.57,1140.31,1108.45,0.41491068,3.6879549412
801180,2002-11-20,1103.2,1129.67,1134.67,1094.59,0.48151712,4.282676594700001
801180,2002-11-21,1067.47,1098.6,1107.03,1058.96,0.59948475,4.7363243656
801180,2002-11-22,1073.44,1071.05,1095.86,1046.71,0.61944539,4.9495014871
801180,2002-11-25,1078.19,1069.45,1087.51,1056.77,0.33378189,2.5137389867
801180,2002-11-26,1054.5,1076.95,1091.13,1049.32,0.38110401,3.0270193526
801180,2002-11-27,1060.43,1046.96,1070.22,1031.63,0.44681141,3.4771450579
801180,2002-11-28,1093.89,1059.89,1098.7,1049.95,0.60392725,4.7320881393
801180,2002-11-29,1119.68,1095.26,1143.67,1081.52,1.43525413,11.857324325799999
801180,2002-12-02,1084.64,1116.42,1121.7,1078.96,0.63880903,5.5478177660000005
801180,2002-12-03,1098.75,1080.44,1105.14,1073.05,0.43561496,3.8196914333
801180,2002-12-04,1103.25,1107.73,1126.2,1092.22,0.86381325,7.622073115599999
801180,2002-12-05,1094.58,1097.69,1105.21,1080.67,0.45945263,3.8939614879000004
801180,2002-12-06,1102.81,1094.9,1126.27,1083.28,0.62052727,5.7564396765999994
801180,2002-12-09,1098.33,1099.72,1113.21,1089.68,0.35392615,3.291158977
801180,2002-12-10,1079.58,1096.38,1106.58,1074.32,0.42877907,3.7759394829
801180,2002-12-11,1080.05,1076.67,1088.37,1062.75,0.41652601,3.8270487481
801180,2002-12-12,1087.44,1079.5,1103.82,1073.23,0.47189378,4.3175176837
801180,2002-12-13,1099.24,1078.35,1107.31,1066.35,0.51236088,4.6607041726
801180,2002-12-16,1104.6,1100.35,1114.08,1089.57,0.58371261,5.0825841522
801180,2002-12-17,1114.8,1105.38,1120.62,1097.97,0.56632168,4.7429474875999995
801180,2002-12-18,1107.58,1114.31,1130.48,1100.66,0.7016186,5.885521339299999
801180,2002-12-19,1107.72,1105.51,1115.31,1094.94,0.39672081,3.5026754811000003
801180,2002-12-20,1119.34,1108.88,1127.26,1100.27,0.5460565,4.5556319922
801180,2002-12-23,1121.16,1120.71,1136.44,1112.37,0.59646963,5.1725523475
801180,2002-12-24,1122.54,1120.26,1129.98,1108.2,0.50211499,4.485818388
801180,2002-12-25,1114.96,1123.2,1133.38,1109.2,0.59032961,5.408676910800001
801180,2002-12-26,1081.29,1111.35,1118.0,1075.2,0.70864366,6.0630843677
801180,2002-12-27,1080.3,1077.21,1093.6,1063.31,0.51808035,4.3284917186000005
801180,2002-12-30,1066.12,1075.81,1083.5,1056.74,0.3808589,3.1280570156
801180,2002-12-31,1058.41,1064.64,1080.46,1047.68,0.49706891,4.3487700863
801180,2003-01-02,1031.03,1050.06,1061.72,1025.4,0.37463768,2.9928496067
801180,2003-01-03,1030.57,1027.35,1041.19,1019.3,0.28010349,2.1734277495
801180,2003-01-06,1043.57,1028.95,1048.37,1019.73,0.2966909,2.4582649256
801180,2003-01-07,1039.46,1044.38,1059.17,1030.39,0.48193563,3.6662320060000004
801180,2003-01-08,1066.94,1039.11,1072.46,1032.73,0.57626727,4.5455951899
801180,2003-01-09,1089.43,1070.29,1097.65,1056.48,1.05360405,8.561521105
801180,2003-01-10,1076.12,1088.14,1101.01,1070.74,0.93546204,7.3858715752999995
801180,2003-01-13,1076.09,1073.11,1088.21,1064.48,0.50727947,4.082471990299999
801180,2003-01-14,1124.33,1076.79,1141.98,1070.98,1.73983001,14.043580215899999
801180,2003-01-15,1122.52,1128.87,1157.62,1108.42,1.72285121,14.4776932432
801180,2003-01-16,1143.09,1123.4,1149.77,1115.09,1.18328257,10.2030845976
801180,2003-01-17,1134.6,1143.69,1155.78,1125.26,1.06792355,8.8867155148
801180,2003-01-20,1146.37,1131.74,1152.74,1116.75,1.01836322,8.6621853474
801180,2003-01-21,1123.69,1148.22,1160.28,1119.77,0.90450368,7.595650728
801180,2003-01-22,1125.63,1119.19,1135.83,1110.09,0.84084883,7.256386701399999
801180,2003-01-23,1112.85,1124.33,1137.31,1107.45,0.79296576,6.4323972316999996
801180,2003-01-24,1126.46,1112.57,1133.19,1103.16,0.7018148,5.8917733533000005
801180,2003-01-27,1142.25,1129.15,1151.04,1122.39,0.8274427,6.9925459106
801180,2003-01-28,1146.95,1143.47,1155.66,1131.9,0.63716506,5.8029879813
801180,2003-01-29,1145.85,1147.36,1159.76,1137.74,0.77426553,7.116816495499999
801180,2003-02-10,1127.9,1143.97,1148.75,1121.91,0.38653644,3.3507526799000003
801180,2003-02-11,1141.09,1124.21,1144.34,1119.54,0.40762411,3.7377773369
801180,2003-02-12,1153.33,1140.88,1158.24,1129.62,0.7368169,6.6720516196
801180,2003-02-13,1155.19,1155.18,1176.04,1145.58,1.1124004,10.4283809596
801180,2003-02-14,1166.07,1154.77,1178.37,1149.18,1.10738777,10.7414495806
801180,2003-02-17,1160.28,1166.78,1182.49,1151.42,1.10027999,10.0373074308
801180,2003-02-18,1161.65,1159.16,1170.7,1149.22,0.67981703,6.071589051799999
801180,2003-02-19,1172.31,1162.54,1177.78,1153.48,0.82656918,7.709993992699999
801180,2003-02-20,1165.42,1173.57,1180.73,1159.34,0.66377462,6.1808516857
801180,2003-02-21,1142.66,1163.27,1168.95,1137.09,1.04337331,8.828187574600001
801180,2003-02-24,1146.88,1139.97,1157.72,1134.61,0.76911268,6.9583717184000005
801180,2003-02-25,1174.53,1147.38,1186.45,1145.19,1.45756761,13.21524399
801180,2003-02-26,1172.65,1175.52,1183.0,1161.29,0.73948107,7.2355499655
801180,2003-02-27,1171.66,1173.31,1184.19,1162.43,0.69373458,6.5213933925
801180,2003-02-28,1169.48,1171.39,1178.43,1156.7,0.70695838,6.572851717200001
801180,2003-03-03,1179.13,1170.15,1183.52,1160.39,0.77035752,7.616445066
801180,2003-03-04,1179.36,1180.13,1190.7,1169.49,0.75716473,7.5646496865
801180,2003-03-05,1175.57,1180.49,1187.99,1165.07,0.82404204,7.7888074311
801180,2003-03-06,1157.68,1174.91,1179.32,1152.26,0.70090089,6.5544738195
801180,2003-03-07,1154.2,1156.19,1168.26,1147.53,0.72493772,6.7275690783
801180,2003-03-10,1130.81,1152.96,1159.74,1127.04,0.71326423,6.045792194500001
801180,2003-03-11,1130.16,1129.9,1140.78,1121.76,0.43257671,3.7176180558999996
801180,2003-03-12,1134.12,1130.76,1140.01,1116.52,0.43986613,3.9893326202
801180,2003-03-13,1123.65,1134.14,1140.26,1118.73,0.43675396,3.8301556819
801180,2003-03-14,1128.65,1122.39,1138.92,1115.96,0.5502997,5.2792815524000005
801180,2003-03-17,1123.55,1126.84,1134.06,1109.62,0.52277386,4.6892702029
801180,2003-03-18,1119.72,1125.58,1140.46,1114.38,0.63818118,6.2417794204999995
801180,2003-03-19,1124.6,1119.99,1135.22,1110.18,0.58789826,5.6970222894
801180,2003-03-20,1116.37,1124.37,1132.09,1109.99,0.38624047,3.4721014664
801180,2003-03-21,1126.85,1115.66,1132.98,1111.61,0.37166934,3.9335071725
801180,2003-03-24,1130.55,1128.26,1138.31,1120.13,0.33720734,3.2650531531
801180,2003-03-25,1117.7,1129.34,1135.53,1112.41,0.40472937,3.8117645456
801180,2003-03-26,1109.45,1116.4,1126.35,1102.53,0.42254904,4.0136431976999996
801180,2003-03-27,1135.16,1109.52,1144.81,1094.75,0.76254115,6.934155201499999
801180,2003-03-28,1129.47,1135.33,1150.04,1121.02,0.7457416,7.1831317454
801180,2003-03-31,1137.98,1128.93,1144.03,1120.09,0.66936873,6.264148411
801180,2003-04-01,1155.81,1140.28,1169.23,1131.41,1.22392283,11.0040125556
801180,2003-04-02,1150.16,1156.11,1162.38,1142.2,0.76775108,6.7014950120000005
801180,2003-04-03,1141.77,1149.44,1157.85,1134.04,0.64445968,6.1981803998
801180,2003-04-04,1145.19,1140.45,1153.77,1132.43,0.6527529,6.027259148
801180,2003-04-07,1133.98,1146.06,1155.84,1126.35,0.70277673,6.2605695125
801180,2003-04-08,1129.82,1132.98,1144.58,1118.11,0.81855981,7.3001270351
801180,2003-04-09,1137.64,1129.7,1145.58,1109.87,1.05071466,9.1133865788
801180,2003-04-10,1152.92,1138.63,1169.91,1123.87,1.7427327,16.0070186512
801180,2003-04-11,1167.51,1152.35,1177.38,1141.72,1.5387755,13.8990771704
801180,2003-04-14,1209.41,1172.31,1220.29,1164.91,2.73612509,24.697873326999996
801180,2003-04-15,1216.45,1213.53,1236.39,1190.48,2.16774211,21.2111583162
801180,2003-04-16,1193.97,1216.49,1240.04,1182.97,2.50225965,23.7879375096
801180,2003-04-17,1188.57,1189.78,1207.43,1169.42,1.32924516,12.5572174978
801180,2003-04-18,1188.43,1187.01,1212.6,1173.07,1.62940099,15.5155920904
801180,2003-04-21,1162.3,1185.71,1192.36,1147.22,1.29233562,12.3768275282
801180,2003-04-22,1162.56,1166.76,1183.65,1149.8,0.84674141,7.6174584407
801180,2003-04-23,1159.12,1160.75,1187.44,1142.01,1.82894941,16.7896470212
801180,2003-04-24,1124.99,1154.59,1169.53,1110.09,1.90161089,17.8945364143
801180,2003-04-25,1099.98,1120.98,1137.67,1088.8,1.44763856,13.1270801507
801180,2003-04-28,1116.64,1095.08,1127.47,1065.97,1.52936354,13.0147083889
801180,2003-04-29,1090.19,1112.44,1124.96,1077.68,1.33944507,11.2974828523
801180,2003-04-30,1085.78,1088.81,1110.74,1071.5,1.23205207,10.4970056564
801180,2003-05-12,1063.84,1084.11,1093.63,1049.57,0.96467182,7.7830885864
801180,2003-05-13,1035.54,1060.52,1075.2,1018.62,1.48851263,12.234834409600001
801180,2003-05-14,1055.94,1031.07,1063.5,1021.68,1.79172716,13.2052821988
801180,2003-05-15,1087.51,1056.44,1096.25,1043.62,2.12597303,17.6100075676
801180,2003-05-16,1090.6,1087.66,1107.72,1071.3,1.60608768,14.3378522021
801180,2003-05-19,1097.88,1091.4,1112.28,1080.1,1.22462893,9.9807255428
801180,2003-05-20,1082.42,1096.26,1102.17,1072.45,0.945036,8.1009135567
801180,2003-05-21,1083.56,1083.73,1098.43,1073.83,0.80825528,7.0711688071
801180,2003-05-22,1084.82,1082.65,1094.17,1070.08,0.8127451,7.0659724967
801180,2003-05-23,1091.44,1087.33,1103.72,1075.47,1.17577273,8.8424985657
801180,2003-05-26,1097.05,1093.05,1108.77,1082.84,1.06665332,8.525722569600001
801180,2003-05-27,1102.76,1098.77,1112.09,1084.16,1.25521027,9.5003430609
801180,2003-05-28,1095.94,1104.4,1118.44,1085.69,1.1070717,8.1812877207
801180,2003-05-29,1109.14,1093.76,1116.0,1079.31,1.33219511,10.3863272772
801180,2003-05-30,1127.62,1110.31,1146.89,1101.55,2.52986869,21.3672669526
801180,2003-06-02,1131.92,1129.16,1145.05,1113.56,1.53415827,11.8959948013
801180,2003-06-03,1116.07,1133.18,1141.86,1109.84,1.31954949,9.854714876000001
801180,2003-06-04,1117.26,1114.14,1127.0,1096.48,1.12345098,8.4999470591
801180,2003-06-05,1103.93,1119.99,1126.91,1097.12,1.10252619,8.419425102
801180,2003-06-06,1089.72,1102.25,1111.66,1083.99,0.94640821,7.3679419942
801180,2003-06-09,1078.58,1086.09,1095.64,1070.21,0.68943253,5.3080393176
801180,2003-06-10,1084.34,1078.37,1096.51,1072.65,0.56743042,4.3646274283999995
801180,2003-06-11,1100.21,1085.82,1105.4,1081.16,0.69959866,5.6229540237
801180,2003-06-12,1095.3,1102.09,1108.37,1086.44,0.62185745,4.9402217021
801180,2003-06-13,1099.66,1095.9,1109.75,1088.24,0.68033325,5.2502518605
801180,2003-06-16,1096.55,1099.86,1108.8,1086.18,0.80732778,6.1695934298
801180,2003-06-17,1094.12,1096.94,1107.35,1084.11,0.68321353,5.482051222999999
801180,2003-06-18,1092.25,1093.67,1106.98,1083.54,0.73436919,5.9297155361
801180,2003-06-19,1080.79,1092.34,1100.75,1069.34,0.84782309,6.4734733292
801180,2003-06-20,1077.45,1079.89,1091.77,1069.54,0.6769323,5.2903422852999995
801180,2003-06-23,1061.57,1075.27,1081.27,1054.84,0.64158159,4.8737481459
801180,2003-06-24,1063.94,1061.08,1072.29,1051.85,0.47563198,3.7749634725
801180,2003-06-25,1055.73,1064.67,1072.55,1049.72,0.54417794,4.024351795199999
801180,2003-06-26,1051.29,1051.78,1063.1,1024.36,1.05054291,7.5580131201
801180,2003-06-27,1034.11,1050.16,1056.43,1029.33,0.79401939,6.0176086674
801180,2003-06-30,1024.57,1034.24,1044.24,1017.18,0.52049456,3.7207514473
801180,2003-07-01,1019.68,1022.37,1037.88,1013.09,0.60808555,4.3720490673
801180,2003-07-02,1020.72,1020.11,1031.06,1001.89,0.68045441,4.6872490818
801180,2003-07-03,1025.46,1020.86,1033.94,1012.0,0.52553449,3.7435228054
801180,2003-07-04,1023.06,1025.76,1034.57,1014.41,0.49919005,3.475860494
801180,2003-07-07,1021.84,1021.05,1031.49,1008.14,0.57237663,3.8503917718
801180,2003-07-08,1036.28,1022.26,1044.5,1017.8,0.74039389,5.3771314189999995
801180,2003-07-09,1031.01,1036.61,1043.2,1023.03,0.57075079,4.1726566955
801180,2003-07-10,1043.39,1030.69,1049.67,1020.97,0.95941893,6.7787475798
801180,2003-07-11,1039.97,1043.99,1050.98,1031.5,0.56335325,4.3813915322
801180,2003-07-14,1032.79,1039.92,1046.43,1024.36,0.53089222,3.9391689432
801180,2003-07-15,1034.41,1032.44,1042.23,1022.79,0.52531235,4.105134197
801180,2003-07-16,1039.12,1035.69,1048.16,1026.62,0.59388451,4.3696957880000005
801180,2003-07-17,1037.14,1039.04,1048.18,1025.48,0.75727725,5.7919548929
801180,2003-07-18,1015.71,1036.55,1044.01,1011.25,0.72290126,5.173284456
801180,2003-07-21,1001.42,1008.85,1019.08,988.48,0.68140019,4.7428804054
801180,2003-07-22,1010.31,1004.76,1021.69,993.07,0.51042422,3.5985025622
801180,2003-07-23,1013.01,1010.56,1019.5,1001.42,0.43114379,3.1901604815
801180,2003-07-24,1003.07,1013.16,1018.01,999.08,0.37886187,3.0648524058999995
801180,2003-07-25,993.52,1002.76,1012.55,985.79,0.51100542,3.6026163699000002
801180,2003-07-28,985.47,992.69,998.88,976.69,0.42551205,2.8525002718
801180,2003-07-29,992.92,987.82,1000.35,979.19,0.32398925,2.3262899424000003
801180,2003-07-30,994.95,993.71,1004.18,984.51,0.4131285,3.0486801688
801180,2003-07-31,992.55,997.33,1004.07,985.55,0.37036718,2.6841715427
801180,2003-08-01,988.44,990.51,996.77,973.79,0.44042408,3.0847605809
801180,2003-08-04,1005.95,987.49,1010.48,977.9,0.64802614,4.7298237312
801180,2003-08-05,1006.64,1005.36,1015.18,995.37,0.545695,3.7774841756999997
801180,2003-08-06,1009.01,1005.36,1019.37,995.79,0.63678089,4.4422501774
801180,2003-08-07,1007.96,1007.69,1018.87,1000.11,0.45171055,3.2921241807
801180,2003-08-08,997.83,1007.63,1014.93,991.58,0.66366156,4.3547495837
801180,2003-08-11,1001.85,996.73,1006.81,987.82,0.34466045,2.3451625
801180,2003-08-12,1005.33,1002.86,1012.15,995.8,0.34552297,2.3391612486
801180,2003-08-13,994.72,1004.82,1012.17,990.42,0.3081736,2.1452147994999997
801180,2003-08-14,988.06,992.36,1004.42,981.93,0.36632903,2.5111823338
801180,2003-08-15,985.39,986.71,995.99,977.72,0.39135762,2.8018854380000002
801180,2003-08-18,985.62,985.65,997.48,978.52,0.31905254,2.4734344913
801180,2003-08-19,993.01,987.81,1002.03,982.9,0.41065749,2.7052407193
801180,2003-08-20,986.85,991.73,996.33,977.36,0.32644201,2.1517578252000003
801180,2003-08-21,986.66,987.33,997.02,978.19,0.42128755,2.7044433358999997
801180,2003-08-22,988.48,986.28,999.19,979.59,0.52025606,3.4503052260000002
801180,2003-08-25,974.1,982.74,990.22,965.4,0.51119084,3.4170161685000005
801180,2003-08-26,974.04,973.15,983.38,964.29,0.36653064,2.4018943755
801180,2003-08-27,974.78,973.99,985.59,963.87,0.40647397,2.6606662986000003
801180,2003-08-28,969.7,975.36,987.27,963.19,0.47956914,3.3998171335
801180,2003-08-29,973.91,967.68,980.0,957.09,0.42728612,2.8662147637
801180,2003-09-01,994.88,977.84,999.14,968.63,0.55204467,3.8444311654
801180,2003-09-02,993.63,995.03,1006.42,983.17,0.58741969,4.2267757344
801180,2003-09-03,999.33,993.07,1010.63,982.26,0.65193178,4.5832836874
801180,2003-09-04,999.04,999.8,1019.62,990.44,0.82091892,6.0566141205
801180,2003-09-05,985.2,996.89,1003.12,976.08,0.66914993,4.5088953958
801180,2003-09-08,982.52,982.52,991.42,970.52,0.42461708,2.7898717318
801180,2003-09-09,977.5,980.34,990.81,968.87,0.47668803,3.3644459496
801180,2003-09-10,977.55,976.63,984.73,966.82,0.37595687,2.4459414156
801180,2003-09-11,977.86,978.49,989.01,970.54,0.37067031,2.5612395974
801180,2003-09-12,963.82,976.48,981.2,958.01,0.4209827,2.9084722088
801180,2003-09-15,951.29,961.66,972.91,945.49,0.40733123,2.6389255424
801180,2003-09-16,961.65,950.47,965.58,943.75,0.38743898,2.5640715796999998
801180,2003-09-17,948.65,961.57,964.91,943.88,0.29405806,1.8933912706
801180,2003-09-18,949.27,947.33,961.57,946.41,0.33175984,2.1989079914
801180,2003-09-19,951.7,951.71,954.17,945.15,0.29061297,1.8371367591
801180,2003-09-22,948.93,952.99,960.32,941.68,0.29610215,2.1156557425
801180,2003-09-23,955.25,948.74,959.02,939.61,0.28039782,1.9390535327
801180,2003-09-24,962.82,956.95,962.82,956.95,0.36460441,2.4561442949
801180,2003-09-25,948.19,963.55,963.66,947.15,0.28546991,1.9045734097999998
801180,2003-09-26,940.1,947.42,963.58,938.88,0.26003698,1.6527258083
801180,2003-09-29,924.68,939.01,947.42,923.7,0.33427018,2.0993410593
801180,2003-09-30,931.51,925.53,939.01,918.38,0.3560055,2.2010342359
801180,2003-10-08,932.34,930.5,933.97,925.53,0.25570149,1.6576326149
801180,2003-10-09,930.67,932.0,937.83,929.51,0.22906359,1.4543625041
801180,2003-10-10,951.27,929.4,952.59,929.24,0.44352053,2.8580772493
801180,2003-10-13,948.73,954.09,955.6,929.4,0.40311803,2.382906974
801180,2003-10-14,940.11,948.05,954.09,938.3,0.29229431,1.9664889621000001
801180,2003-10-15,951.24,940.8,970.74,940.11,0.92121654,5.6160354765
801180,2003-10-16,932.42,948.62,951.24,930.4,0.56004768,3.2170591951
801180,2003-10-17,933.51,932.55,948.61,930.72,0.35990135,2.3486213573
801180,2003-10-20,925.3,931.31,933.73,923.19,0.26890151,1.6185028503999999
801180,2003-10-21,932.97,925.25,933.46,923.99,0.60203079,3.4560566087
801180,2003-10-22,952.37,935.03,953.62,931.88,0.91169998,5.7851793209
801180,2003-10-23,940.86,953.68,956.31,939.45,0.57982298,4.0354003051
801180,2003-10-24,934.83,940.01,945.67,932.99,0.52683818,3.376162227
801180,2003-10-27,919.71,933.71,936.42,914.51,0.4538924,2.6607103539
801180,2003-10-28,905.03,917.2,923.64,898.51,0.56184604,3.2849191178
801180,2003-10-29,888.69,904.73,908.34,878.67,0.60908535,3.4697869129
801180,2003-10-30,873.65,885.94,895.15,871.55,0.44520239,2.6275106967
801180,2003-10-31,878.41,871.8,890.64,870.52,0.4085943,2.4296495791
801180,2003-11-03,885.68,882.04,886.73,874.54,0.34285539,2.1213813991999997
801180,2003-11-04,897.79,888.22,906.54,884.57,0.84063216,5.0177222864
801180,2003-11-05,890.07,897.83,904.93,887.35,0.66469251,3.9764616259
801180,2003-11-06,862.33,890.19,893.43,861.16,0.83189138,4.9024596647
801180,2003-11-07,849.95,858.28,864.73,836.66,0.71696077,4.1328258641
801180,2003-11-10,849.42,847.42,850.29,841.75,0.33733925,1.9628995513999998
801180,2003-11-11,850.22,849.55,853.28,843.9,0.34561012,2.0324450656
801180,2003-11-12,830.79,848.13,849.0,829.95,0.44172577,2.4781573571
801180,2003-11-13,833.8,827.67,834.45,823.93,0.50193067,2.6217675256
801180,2003-11-14,842.64,831.53,842.79,829.32,0.51824159,3.1202359417000003
801180,2003-11-17,836.76,840.48,841.49,834.49,0.39786575,2.3125068668
801180,2003-11-18,829.85,835.5,837.58,827.75,0.33865828,1.9035663391
801180,2003-11-19,845.09,828.44,846.99,827.74,0.58022377,3.3030243258999996
801180,2003-11-20,874.76,845.22,874.82,840.14,1.61449828,9.744214767999999
801180,2003-11-21,858.31,876.63,883.27,857.07,1.18436171,6.9028053541
801180,2003-11-24,885.6,857.13,885.81,856.46,1.2759555,7.4144307388
801180,2003-11-25,897.32,890.23,911.04,887.37,2.12780687,12.7003461723
801180,2003-11-26,897.66,896.67,901.59,888.63,1.44511839,8.7537925109
801180,2003-11-27,876.68,897.98,900.17,875.34,1.06004733,6.4688738889
801180,2003-11-28,887.41,877.11,888.85,875.21,1.01131774,6.170364865
801180,2003-12-01,904.24,887.93,904.33,887.71,0.99897177,6.4787680353
801180,2003-12-02,903.73,908.31,910.74,899.92,1.24794214,8.0773313561
801180,2003-12-03,902.06,902.99,906.07,896.27,1.15308652,7.6515112978
801180,2003-12-04,906.87,901.18,907.29,896.31,1.04631836,6.6594636218
801180,2003-12-05,907.05,908.37,913.14,902.24,0.92350873,5.8009834187000004
801180,2003-12-08,896.86,908.45,909.57,895.13,0.65535811,4.1210497556
801180,2003-12-09,898.43,894.79,901.15,889.93,0.59358304,3.8047931017
801180,2003-12-10,905.95,898.56,906.07,895.98,0.9074665,5.7847865047
801180,2003-12-11,910.33,907.63,911.84,904.7,1.17702008,7.639189891799999
801180,2003-12-12,911.27,910.83,913.69,908.56,1.0182629,6.7580028312
801180,2003-12-15,911.62,912.28,915.53,909.9,0.92034663,5.7207903574
801180,2003-12-16,902.53,910.0,912.04,892.57,1.04356388,6.4122006609
801180,2003-12-17,895.15,900.39,906.62,894.84,0.9819861,6.4052656469
801180,2003-12-18,880.53,891.94,894.58,877.02,0.96750185,5.9561063742
801180,2003-12-19,853.36,880.01,881.81,845.07,1.52340617,8.9239879398
801180,2003-12-22,868.43,847.96,868.52,832.7,1.53216317,8.9403856813
801180,2003-12-23,872.52,869.68,876.03,860.49,1.23395625,7.5854209323
801180,2003-12-24,874.98,873.47,875.1,868.45,1.13265415,6.9436872691
801180,2003-12-25,880.75,875.58,884.92,875.01,1.14270302,7.241569291599999
801180,2003-12-26,879.08,881.73,883.41,874.83,0.8789779,5.498426138099999
801180,2003-12-29,867.82,877.41,878.18,866.83,0.74414926,4.4194363017
801180,2003-12-30,868.34,865.84,870.68,864.67,0.72503973,4.2375159006
801180,2003-12-31,863.19,869.5,871.46,862.14,0.77321495,4.7219858198
801180,2004-01-02,873.39,862.44,878.13,862.07,0.78082934,4.9924534455
801180,2004-01-05,883.97,874.09,883.97,872.71,1.58476975,10.3719707644
801180,2004-01-06,887.88,885.03,887.98,876.91,1.73495339,10.9117546327
801180,2004-01-07,896.86,889.05,898.05,882.5,1.54767718,9.823465382
801180,2004-01-08,909.0,896.96,910.23,893.22,1.63562485,10.4385622048
801180,2004-01-09,903.82,910.6,918.31,903.72,1.99157965,13.2188310477
801180,2004-01-12,915.52,902.61,915.72,899.05,1.17092288,7.729899126499999
801180,2004-01-13,929.47,915.88,931.12,907.03,1.89894787,12.3232368409
801180,2004-01-14,931.67,929.18,931.75,921.81,1.42557207,9.1658350351
801180,2004-01-15,938.69,932.13,945.14,927.62,1.84004859,12.5982258229
801180,2004-01-16,948.22,943.58,951.81,939.71,1.64007626,11.488832273900002
801180,2004-01-29,981.41,953.65,981.76,953.27,1.79590488,12.7260745139
801180,2004-01-30,968.33,984.38,984.38,968.1,2.20564433,14.6002735474
801180,2004-02-02,990.49,986.17,998.41,971.73,2.46832481,17.6151918366
801180,2004-02-03,1002.37,992.63,1007.32,987.09,1.86864983,12.3876744701
801180,2004-02-04,1031.87,1008.63,1031.94,1007.68,3.13684364,21.9558668263
801180,2004-02-05,1042.11,1034.07,1042.27,1027.16,2.78993007,19.5175278824
801180,2004-02-06,1028.44,1040.94,1041.34,1027.54,2.59843733,18.1867497553
801180,2004-02-09,1052.87,1028.62,1052.92,1028.23,2.02782385,14.9401065793
801180,2004-02-10,1085.12,1060.02,1099.35,1057.42,4.28303292,32.7602045813
801180,2004-02-11,1087.36,1086.35,1087.75,1068.59,3.0833901,22.991090046300002
801180,2004-02-12,1086.73,1088.54,1096.9,1081.51,2.87928594,21.9448864914
801180,2004-02-13,1072.95,1086.22,1087.96,1069.72,2.83738101,19.9770265042
801180,2004-02-16,1095.28,1071.54,1095.57,1071.47,1.99706739,14.8614564807
801180,2004-02-17,1102.69,1099.31,1104.93,1097.36,2.28766748,17.558172982000002
801180,2004-02-18,1110.9,1102.98,1111.59,1095.8,2.69593565,20.7055131639
801180,2004-02-19,1109.76,1112.52,1115.02,1102.39,2.48215227,19.4678808677
801180,2004-02-20,1119.18,1110.78,1119.42,1104.81,2.36980476,18.2790018424
801180,2004-02-23,1095.34,1121.84,1124.61,1094.27,2.70288347,20.6458341744
801180,2004-02-24,1086.83,1090.92,1093.2,1066.33,2.55360925,19.35580304
801180,2004-02-25,1058.45,1088.79,1097.77,1055.96,1.94695877,14.9657957908
801180,2004-02-26,1047.86,1053.55,1059.8,1039.19,1.78577709,12.8898355775
801180,2004-02-27,1062.82,1049.07,1063.08,1048.28,1.25135494,9.3491496589
801180,2004-03-01,1079.04,1063.04,1079.09,1051.12,1.57059921,11.776720251199999
801180,2004-03-02,1074.53,1079.95,1080.41,1069.96,1.51092948,11.5519864547
801180,2004-03-03,1057.81,1073.33,1078.1,1053.19,1.46014083,11.323387991199999
801180,2004-03-04,1061.19,1054.77,1061.86,1043.13,1.36638316,10.074025434600001
801180,2004-03-05,1055.73,1064.74,1068.17,1054.98,1.41664427,10.929000336400001
801180,2004-03-08,1036.31,1056.24,1057.63,1035.84,1.60805208,12.665690535
801180,2004-03-09,1028.56,1037.17,1045.12,1028.2,1.48166748,11.406408471199999
801180,2004-03-10,1052.12,1028.23,1052.16,1027.6,1.20745813,9.323381709500001
801180,2004-03-11,1072.73,1054.06,1075.52,1049.5,2.03426838,16.4446940454
801180,2004-03-12,1066.83,1072.13,1072.35,1056.84,1.47562332,11.820398141400002
801180,2004-03-15,1085.99,1065.61,1086.24,1065.05,1.86729472,14.924724858
801180,2004-03-16,1088.11,1089.03,1092.76,1082.85,1.79361089,13.969434610799999
801180,2004-03-17,1093.55,1088.39,1096.45,1082.24,1.68587171,13.4671121177
801180,2004-03-18,1070.32,1091.37,1093.11,1068.02,2.25914998,18.4851923368
801180,2004-03-19,1084.75,1067.54,1084.94,1064.79,1.83085428,14.2446383493
801180,2004-03-22,1095.02,1082.64,1095.06,1075.6,1.96673612,14.639409519700001
801180,2004-03-23,1095.99,1095.3,1099.16,1083.02,1.87149877,14.8743068948
801180,2004-03-24,1098.33,1094.88,1103.71,1091.06,1.96308576,15.4836977464
801180,2004-03-25,1098.72,1096.66,1102.8,1091.3,1.36556071,11.0884532047
801180,2004-03-26,1096.26,1098.75,1102.69,1090.15,1.45318422,11.7316206284
801180,2004-03-29,1085.22,1095.15,1099.52,1084.52,1.33662999,10.694366991499999
801180,2004-03-30,1089.13,1084.61,1095.51,1078.71,1.19991219,9.7772458758
801180,2004-03-31,1101.97,1090.27,1102.59,1084.61,1.54917656,12.274415129300001
801180,2004-04-01,1110.29,1105.33,1113.51,1101.47,1.69580225,13.492646653900001
801180,2004-04-02,1126.11,1114.78,1129.62,1111.63,2.41315357,19.3854877204
801180,2004-04-05,1133.8,1128.45,1134.25,1121.24,2.12064267,16.7036318923
801180,2004-04-06,1142.49,1133.8,1142.68,1127.59,1.81858054,14.528889486099999
801180,2004-04-07,1137.17,1143.45,1143.98,1134.21,1.88416069,14.6557698941
801180,2004-04-08,1128.02,1136.2,1139.17,1127.19,1.7937392,14.4329925732
801180,2004-04-09,1104.19,1128.05,1129.75,1100.71,2.13458288,16.5771921887
801180,2004-04-12,1103.24,1097.4,1107.39,1085.92,1.67999221,12.884661998
801180,2004-04-13,1103.21,1106.32,1111.61,1099.02,1.58612566,12.198442628499999
801180,2004-04-14,1080.84,1102.89,1104.93,1070.51,1.59110685,12.0405669319
801180,2004-04-15,1064.59,1085.55,1088.61,1062.22,1.19106588,9.0907224959
801180,2004-04-16,1065.73,1064.33,1072.67,1036.5,1.49262189,11.185716686
801180,2004-04-19,1053.52,1064.73,1068.98,1051.71,1.11676369,8.2793498617
801180,2004-04-20,1049.88,1051.94,1057.08,1041.49,0.95609788,7.0693570697000006
801180,2004-04-21,1042.15,1049.03,1052.27,1032.56,1.0438513,7.4511684526
801180,2004-04-22,1043.57,1040.96,1048.14,1033.26,0.95732496,7.0216590903
801180,2004-04-23,1031.49,1041.47,1041.92,1020.83,0.93479829,7.065597396599999
801180,2004-04-26,1025.98,1027.69,1032.95,1016.7,0.73770394,5.4171831166999995
801180,2004-04-27,1010.14,1026.75,1027.73,1007.63,1.04845051,7.2547531648
801180,2004-04-28,984.35,1000.49,1014.65,973.07,1.32576063,9.3328258819
801180,2004-04-29,949.78,974.42,980.97,949.1,1.26005937,8.841277643
801180,2004-04-30,949.86,944.45,954.45,935.17,0.84496614,5.7524860391
801180,2004-05-10,925.73,949.01,953.2,923.66,0.53017889,3.5465855745
801180,2004-05-11,928.37,920.83,933.21,918.33,0.47522738,3.2705821233999997
801180,2004-05-12,949.13,926.47,949.49,924.47,0.71997461,4.832722655
801180,2004-05-13,943.13,948.37,951.75,939.43,0.61211235,4.4144676464999995
801180,2004-05-14,922.94,940.99,943.33,919.18,0.73100708,4.8686764706
801180,2004-05-17,914.48,915.39,921.36,911.27,0.52398681,3.496904689
801180,2004-05-18,929.33,913.37,929.69,909.65,0.64978121,4.2062133846
801180,2004-05-19,930.43,929.96,937.44,925.63,1.22909425,7.753396369600001
801180,2004-05-20,919.21,928.1,934.21,915.78,0.92573594,5.7684725327
801180,2004-05-21,922.23,919.27,923.04,913.27,0.63672359,4.0832390668
801180,2004-05-24,911.29,922.55,923.2,910.73,0.54675383,3.4738096658999997
801180,2004-05-25,883.9,910.08,914.8,882.93,0.75931822,4.7503979905
801180,2004-05-26,885.69,882.51,890.16,878.75,0.46249899,2.6920455926
801180,2004-05-27,911.56,887.03,912.75,885.15,0.93661816,5.8005164014999995
801180,2004-05-28,906.6,911.66,914.1,904.98,0.78491376,5.0278082566
801180,2004-05-31,911.9,907.4,912.55,906.19,0.56378178,3.6742291052
801180,2004-06-01,925.38,913.71,925.49,912.58,0.87939858,5.818339517999999
801180,2004-06-02,923.14,926.34,926.34,916.37,1.0671384,7.3471874360000005
801180,2004-06-03,907.87,921.45,923.45,906.02,0.81582445,5.3551390241000005
801180,2004-06-04,909.24,905.65,913.91,904.96,0.85449058,5.5603819983000005
801180,2004-06-07,897.45,907.24,908.69,892.28,0.73894511,4.4631986951
801180,2004-06-08,887.46,895.8,899.97,885.93,0.77468765,4.7280962849
801180,2004-06-09,858.73,885.14,890.48,856.26,0.93163683,5.3811161157
801180,2004-06-10,856.2,856.58,862.25,851.59,0.64495735,3.6605907009
801180,2004-06-11,869.08,860.63,888.29,857.66,1.0083519,6.475572050199999
801180,2004-06-14,844.89,868.79,870.29,840.61,0.95603682,6.4899267879
801180,2004-06-15,860.2,843.68,863.87,842.43,0.74395851,4.7880844659
801180,2004-06-16,862.69,862.45,871.32,853.41,0.71272193,4.3996612411000005
801180,2004-06-17,845.83,861.87,863.36,844.44,0.60661706,3.5102873529000003
801180,2004-06-18,835.44,844.44,851.84,828.02,0.60887893,3.458533286
801180,2004-06-21,847.33,834.09,847.53,831.57,0.46512711,2.734929899
801180,2004-06-22,857.45,848.11,860.67,843.62,0.71030196,4.437735735
801180,2004-06-23,850.96,857.61,857.61,844.55,0.63833512,4.1538265306
801180,2004-06-24,841.3,850.71,854.54,841.01,0.66250439,3.9185586387
801180,2004-06-25,820.61,840.42,843.79,819.71,0.65773361,3.6753325945
801180,2004-06-28,806.88,820.21,823.8,805.46,0.49444076,2.6297985791
801180,2004-06-29,812.09,804.98,812.48,795.95,0.63237789,3.3972189377999995
801180,2004-06-30,803.87,813.13,814.39,802.39,0.54709363,3.0747888552
801180,2004-07-01,831.13,802.69,831.41,802.16,0.91997033,5.211547699
801180,2004-07-02,832.0,830.95,835.69,822.91,0.75216368,4.26924238
801180,2004-07-05,829.79,830.18,831.01,823.77,0.40814723,2.4219351362
801180,2004-07-06,838.55,830.95,843.13,829.53,0.70785319,4.1392267362
801180,2004-07-07,830.47,838.23,838.78,828.45,0.54767471,3.1472266524
801180,2004-07-08,828.64,828.94,834.23,821.6,0.465404,2.6506145369
801180,2004-07-09,823.81,828.18,834.01,822.1,0.40298766,2.3575515583
801180,2004-07-12,802.16,821.73,826.52,801.47,0.58393015,3.0450307912
801180,2004-07-13,804.66,801.99,808.79,799.17,0.46762145,2.5198136613
801180,2004-07-14,798.23,805.0,807.15,785.8,0.57364889,3.0355122468
801180,2004-07-15,805.98,799.61,808.34,795.5,0.63760671,3.5985754364
801180,2004-07-16,830.75,807.12,830.89,805.18,1.20704257,6.8865007753
801180,2004-07-19,830.67,829.97,833.92,824.37,0.77473501,4.5204085246
801180,2004-07-20,822.14,829.68,830.67,821.16,0.73660778,4.2367205786
801180,2004-07-21,821.22,821.66,825.39,817.13,0.51658451,3.0256586095999998
801180,2004-07-22,802.52,822.02,823.51,801.2,0.76629793,4.0666217016
801180,2004-07-23,804.29,800.14,807.55,791.86,0.55979908,3.0059384222000003
801180,2004-07-26,792.16,801.03,803.24,787.09,0.4432402,2.3329798096000003
801180,2004-07-27,787.78,791.1,797.19,782.83,0.43734448,2.2655607055
801180,2004-07-28,792.48,788.69,794.89,783.51,0.40398626,2.2041043997
801180,2004-07-29,807.5,793.92,807.55,790.89,0.54000916,3.0409765725
801180,2004-07-30,797.76,808.27,809.38,796.94,0.61630687,3.4384892564
801180,2004-08-02,788.32,794.4,800.67,786.87,0.3505237,1.9155022921
801180,2004-08-03,786.26,788.43,791.94,783.78,0.40160152,2.2249495303
801180,2004-08-04,808.42,785.38,814.38,785.38,0.80581985,4.408477137
801180,2004-08-05,802.52,808.14,810.06,800.99,0.65161782,3.5793803216000004
801180,2004-08-06,801.05,802.92,808.52,796.66,0.50857787,2.7707473505
801180,2004-08-09,801.32,799.17,801.78,795.1,0.39508362,2.1513197447
801180,2004-08-10,805.78,801.43,807.08,799.94,0.3588047,1.9729483332
801180,2004-08-11,792.29,804.96,805.95,791.27,0.42697424,2.361249007
801180,2004-08-12,781.22,787.11,792.83,775.98,0.48911964,2.5437354026
801180,2004-08-13,784.82,779.26,788.75,778.21,0.37333724,2.0316865951
801180,2004-08-16,773.73,784.27,787.15,770.19,0.58159493,2.9354339277999997
801180,2004-08-17,774.61,773.89,778.71,766.12,0.55332386,2.8332126146
801180,2004-08-18,771.99,775.54,780.37,770.97,0.70007799,3.9325942631
801180,2004-08-19,756.1,769.74,772.66,752.06,0.62916707,3.2880480703
801180,2004-08-20,760.39,755.82,766.14,747.9,0.57521252,2.93350299
801180,2004-08-23,753.11,758.79,759.67,751.86,0.37588623,1.9464140702000001
801180,2004-08-24,767.12,752.94,769.7,751.87,0.71420613,3.7002941058
801180,2004-08-25,773.19,768.28,779.96,761.09,0.73539732,3.9377741199000003
801180,2004-08-26,762.65,769.62,771.22,762.5,0.48731654,2.6298530875
801180,2004-08-27,741.74,761.52,764.94,738.8,0.89426669,4.6660318486
801180,2004-08-30,742.74,738.3,744.84,734.63,0.37394923,1.9637405164
801180,2004-08-31,759.24,759.07,767.96,753.43,0.69968011,3.7050755139
801180,2004-09-01,746.91,757.56,758.86,746.08,0.36573081,1.9075759031
801180,2004-09-02,759.31,745.75,759.31,743.21,0.51110283,2.6481471922
801180,2004-09-03,756.64,758.27,761.78,753.26,0.52118785,2.498972919
801180,2004-09-06,757.08,755.7,757.65,752.77,0.27540038,1.3444325147999998
801180,2004-09-07,756.77,756.81,758.02,751.18,0.25533258,1.2747051802
801180,2004-09-08,751.79,756.33,757.83,749.13,0.3830456,1.8967213912
801180,2004-09-09,734.73,750.57,753.03,732.82,0.49002453,2.4320821519
801180,2004-09-10,736.66,732.39,738.15,729.24,0.3697519,1.7385044624000001
801180,2004-09-13,720.44,733.51,735.09,719.78,0.40316554,1.9375401075999998
801180,2004-09-14,745.56,724.51,745.62,722.88,0.71104434,3.4350614233999996
801180,2004-09-15,783.96,747.42,793.9,741.88,1.92317925,9.822407694199999
801180,2004-09-16,795.72,787.04,796.88,782.16,1.90210936,9.8492594891
801180,2004-09-17,822.79,797.17,822.79,793.89,2.24098063,12.371151821700002
801180,2004-09-20,852.72,827.81,852.96,823.08,2.80403383,15.788064941300002
801180,2004-09-21,849.17,855.27,861.32,835.61,2.52113884,14.7623251232
801180,2004-09-22,821.88,846.03,850.2,821.88,1.98367636,11.1797100533
801180,2004-09-23,844.99,821.5,845.33,817.19,1.49572654,8.5138172074
801180,2004-09-24,823.71,852.1,859.62,823.67,2.61556095,15.4076279298
801180,2004-09-27,815.48,828.21,839.15,810.6,1.16318011,6.5123756659000005
801180,2004-09-28,819.75,819.69,822.9,809.14,1.03082012,5.891691779099999
801180,2004-09-29,810.73,820.75,821.88,809.63,0.80518457,4.3696684104
801180,2004-09-30,797.03,810.85,815.3,795.39,0.77587941,4.214528608
801180,2004-10-08,821.45,797.87,821.69,792.39,0.72994003,4.2953382183999995
801180,2004-10-11,822.44,822.81,836.99,817.68,1.39122354,8.3682961062
801180,2004-10-12,820.22,819.91,826.41,817.25,1.57602967,9.1546100009
801180,2004-10-13,824.43,820.28,828.35,817.1,1.2749301,7.5279274184
801180,2004-10-14,781.83,824.74,824.74,781.72,1.34224084,7.9645968158
801180,2004-10-15,777.42,778.45,786.03,766.45,0.8954946,4.7994711233
801180,2004-10-18,779.62,777.01,783.48,769.68,0.86458293,5.0821782011000005
801180,2004-10-19,783.22,782.91,796.16,780.26,0.91093748,5.329342727099999
801180,2004-10-20,776.02,781.51,785.24,765.07,0.73281232,4.017961546
801180,2004-10-21,760.38,777.15,782.49,758.81,0.91459935,4.9418345795
801180,2004-10-22,763.56,758.5,764.04,741.96,0.95464629,4.8041057529
801180,2004-10-25,750.44,769.69,773.01,748.9,1.03084701,5.6882330724
801180,2004-10-26,760.31,749.98,760.31,741.53,0.89722086,4.5872115214999996
801180,2004-10-27,770.01,762.0,770.01,750.68,1.37187317,7.0356967313
801180,2004-10-28,777.15,771.13,787.96,769.55,1.40956566,7.471076169400001
801180,2004-10-29,744.72,748.92,759.77,743.69,2.55857099,14.2979879422
801180,2004-11-01,722.57,736.15,737.98,718.6,1.42178996,7.421446092899999
801180,2004-11-02,722.5,720.79,724.47,717.86,0.74833227,3.7875576399
801180,2004-11-03,736.13,725.54,736.26,720.76,0.7915559,3.9675523263
801180,2004-11-04,721.61,738.63,739.72,720.65,0.89453754,4.4830230182
801180,2004-11-05,724.12,724.9,727.85,719.83,0.66413382,3.3200601338999998
801180,2004-11-08,723.6,723.05,726.2,717.54,0.52465295,2.6394917534
801180,2004-11-09,728.89,724.99,729.5,721.65,0.48020346,2.5270827772
801180,2004-11-10,755.38,731.6,755.51,725.42,1.38229662,7.0866097211
801180,2004-11-11,748.34,756.16,766.55,748.11,1.51683067,7.6268403865
801180,2004-11-12,747.69,746.36,752.32,742.31,0.7965918,4.0886789353
801180,2004-11-15,757.54,749.48,757.54,748.35,0.93119738,5.3058164069
801180,2004-11-16,754.65,758.71,759.04,749.15,0.68574374,3.4872673964999996
801180,2004-11-17,745.0,754.34,757.2,743.1,0.67586936,3.3604631261
801180,2004-11-18,756.11,744.8,756.11,744.8,0.87852785,4.3506931583999995
801180,2004-11-19,766.85,756.17,766.85,753.48,1.18059011,6.1800838937
801180,2004-11-22,777.26,769.74,777.98,767.86,1.42165328,7.6057419264999995
801180,2004-11-23,776.22,777.49,777.82,769.24,1.11776072,5.5542566816
801180,2004-11-24,773.91,777.72,785.56,773.91,1.65569483,8.9339795146
801180,2004-11-25,762.59,771.62,774.28,760.13,1.01443875,5.4315799365999995
801180,2004-11-26,765.71,762.03,769.49,761.39,0.80466651,4.2007193053
801180,2004-11-29,754.05,764.13,765.7,753.45,0.73433316,3.7687540236
801180,2004-11-30,757.86,753.18,758.08,751.83,0.63544401,3.2163150187
801180,2004-12-01,755.76,758.08,759.36,754.09,0.67595738,3.3549616693
801180,2004-12-02,762.41,754.12,762.41,753.88,0.96753412,4.6628479485000005
801180,2004-12-03,768.8,763.97,769.48,761.29,0.90661536,4.5338053126
801180,2004-12-06,772.86,770.9,774.6,765.58,1.00768913,5.3539596207999995
801180,2004-12-07,761.17,773.96,773.96,760.66,0.9475225,4.9236626854
801180,2004-12-08,761.08,764.07,768.52,758.15,0.70023302,3.1938865826
801180,2004-12-09,762.57,760.35,767.53,755.9,0.86103447,3.8856348951
801180,2004-12-10,747.59,761.64,762.04,747.0,0.72511817,3.3441680977
801180,2004-12-13,738.67,743.37,746.96,736.84,0.56077583,2.5740233097
801180,2004-12-14,736.9,739.95,742.46,735.87,0.42769303,1.9319831179
801180,2004-12-15,733.05,737.43,738.72,724.33,0.53465879,2.5481825731
801180,2004-12-16,729.86,731.03,733.5,727.95,0.43167604,2.0302710241999997
801180,2004-12-17,727.43,729.16,732.05,726.17,0.42174814,2.0627344321
801180,2004-12-20,720.03,725.68,727.67,718.07,0.46790973,2.4254373875999997
801180,2004-12-21,723.22,720.82,727.71,720.2,0.40310064,1.9591144325999998
801180,2004-12-22,744.45,726.37,744.5,722.57,0.83565815,4.4849078282
801180,2004-12-23,729.71,745.91,746.03,728.65,0.53723167,2.6627541988
801180,2004-12-24,730.83,729.42,738.85,727.73,0.39484243,2.0258489154
801180,2004-12-27,728.61,730.79,732.81,727.21,0.32228264,1.5112840746
801180,2004-12-28,726.07,728.04,730.71,723.24,0.41030893,1.9361036246
801180,2004-12-29,724.61,726.44,729.23,722.24,0.5388788,2.6908498382
801180,2004-12-30,724.05,723.77,727.69,718.71,0.60304256,3.0830094242
801180,2004-12-31,717.69,725.06,727.05,713.69,0.62122221,3.2383583487
801180,2005-01-04,711.77,713.42,718.06,707.85,0.42814835,2.0822175393999998
801180,2005-01-05,729.05,712.15,730.07,710.55,0.76115824,4.1084065069
801180,2005-01-06,727.19,729.98,729.98,721.99,0.8604825,4.8105078155
801180,2005-01-07,740.33,725.68,748.13,724.96,1.28008851,7.2382008432000005
801180,2005-01-10,745.26,739.2,745.55,737.85,0.97188988,5.0977822715
801180,2005-01-11,748.05,745.31,748.1,741.32,0.76680561,4.0359091231
801180,2005-01-12,746.85,748.39,748.46,739.93,0.68029293,3.6574946073000003
801180,2005-01-13,752.53,745.69,752.59,743.23,0.94069829,5.0638775336
801180,2005-01-14,740.38,750.88,754.92,739.24,0.75234628,4.1017375613
801180,2005-01-17,732.46,732.75,736.37,728.88,0.85712317,4.6644289879
801180,2005-01-18,742.69,733.15,742.7,730.71,0.78014248,4.370392995
801180,2005-01-19,736.9,742.01,742.8,735.5,0.873443,4.7397911395
801180,2005-01-20,729.54,734.16,737.35,725.15,0.74829535,3.8720389935000004
801180,2005-01-21,745.08,729.43,745.35,721.1,1.10343602,5.5841562551
801180,2005-01-24,761.82,759.31,763.14,750.72,1.34741237,7.0400850487
801180,2005-01-25,760.2,760.17,761.53,750.43,1.02387023,5.8387516896000005
801180,2005-01-26,754.47,758.69,760.54,750.86,0.87129096,4.6738693720999995
801180,2005-01-27,750.75,752.21,759.94,749.61,1.19436308,6.2917083566
801180,2005-01-28,735.05,748.63,751.34,733.16,0.86333563,4.4316397754
801180,2005-01-31,718.6,731.93,737.69,718.6,0.80067359,3.5934892624
801180,2005-02-01,712.95,718.23,726.28,711.24,0.7786147,3.6771642110000005
801180,2005-02-02,750.1,712.63,750.16,712.63,1.26959846,6.643409899400001
801180,2005-02-03,742.81,748.67,759.8,727.36,1.60474189,8.7623848239
801180,2005-02-04,761.81,740.5,764.38,740.5,1.58902426,8.892511668500001
801180,2005-02-16,765.38,767.66,773.36,764.44,1.15681576,6.4491912435000005
801180,2005-02-17,767.06,766.5,768.25,759.28,0.93341189,5.1141519921
801180,2005-02-18,753.32,766.45,767.61,752.68,1.15411166,6.070500329
801180,2005-02-21,767.65,753.65,767.65,753.09,1.09649478,5.6499738584
801180,2005-02-22,783.0,767.04,784.52,764.51,2.50414583,11.9694229115
801180,2005-02-23,783.42,783.22,787.01,777.01,2.24836986,11.132546778499998
801180,2005-02-24,779.87,780.42,781.19,769.9,1.60774775,8.5953410062
801180,2005-02-25,778.95,779.58,790.26,778.33,1.84541732,9.761846255
801180,2005-02-28,766.47,777.85,779.76,764.3,1.74773194,10.007008958
801180,2005-03-01,767.14,766.06,770.01,762.24,1.36052828,7.0230544733
801180,2005-03-02,756.33,767.75,771.32,755.05,1.50606957,7.8552587263
801180,2005-03-03,762.4,756.42,762.71,751.76,0.9438106,4.8284930127
801180,2005-03-04,759.9,764.39,764.57,758.28,0.87429733,4.6029915966
801180,2005-03-07,763.73,761.7,765.64,759.72,1.07275654,5.4266916914
801180,2005-03-08,775.85,767.34,775.85,763.36,1.47338288,8.405707453
801180,2005-03-09,773.37,776.96,778.47,769.92,1.50154568,8.5450153096
801180,2005-03-10,751.59,771.64,773.31,750.13,1.32330919,6.795662764099999
801180,2005-03-11,751.18,750.31,754.82,746.53,1.00678525,4.949342764
801180,2005-03-14,743.25,750.95,751.5,736.2,1.21482314,6.1070838292
801180,2005-03-15,730.48,743.22,745.42,729.5,0.95898635,5.1682709802
801180,2005-03-16,724.96,728.55,732.16,719.81,0.84305338,4.5813598275
801180,2005-03-17,700.81,717.41,718.19,700.61,1.43271696,7.5016874436
801180,2005-03-18,693.8,697.52,701.11,689.18,1.00147257,4.7450410971
801180,2005-03-21,690.59,691.69,694.47,684.32,0.71690398,3.3732334626
801180,2005-03-22,672.22,690.14,690.79,670.17,1.10589906,5.1994115799000005
801180,2005-03-23,675.58,671.98,684.79,670.12,0.94490091,4.5911821508
801180,2005-03-24,684.43,675.91,684.43,672.49,0.7091207,3.3175095903
801180,2005-03-25,681.34,685.38,687.11,678.72,0.6151093,2.937661798
801180,2005-03-28,670.98,680.73,682.28,664.67,0.60882463,2.7526704627
801180,2005-03-29,666.3,669.76,675.73,665.72,0.49989092,2.2885852917
801180,2005-03-30,658.98,663.79,670.13,648.98,1.00185042,4.481369008500001
801180,2005-03-31,662.17,655.13,662.41,649.76,0.77221597,3.4549832450999998
801180,2005-04-01,681.05,660.59,688.36,655.38,1.18155561,5.7037868088999994
801180,2005-04-04,666.34,673.1,676.15,665.45,0.86723187,4.2945078737
801180,2005-04-05,662.63,664.82,669.89,661.33,0.8720068,4.148250497699999
801180,2005-04-06,672.5,662.57,672.97,657.83,1.13201792,5.707380240499999
801180,2005-04-07,685.66,672.91,692.72,670.26,1.6398395,8.0886394485
801180,2005-04-08,697.14,684.76,697.24,682.63,1.37641427,6.473489786
801180,2005-04-11,692.55,697.07,698.51,688.63,1.33556898,6.2396675368
801180,2005-04-12,679.86,691.72,693.67,679.52,0.90153533,4.312701833999999
801180,2005-04-13,696.57,686.38,697.89,684.86,1.3579324,6.850173786900001
801180,2005-04-14,684.74,698.92,699.91,683.79,1.06088101,4.910047060899999
801180,2005-04-15,670.87,681.88,686.41,669.31,0.93056428,4.2383510711
801180,2005-04-18,662.09,668.34,673.57,658.03,0.73258102,3.5310190362
801180,2005-04-19,666.27,662.06,666.72,659.91,0.65750622,3.1733202483999996
801180,2005-04-20,649.72,665.04,665.81,647.06,0.85806697,4.0158532818
801180,2005-04-21,630.87,647.12,651.94,628.99,0.96926399,4.0645403765
801180,2005-04-22,624.09,628.91,632.61,619.99,0.90280719,3.6631262204
801180,2005-04-25,619.74,623.24,624.87,611.11,0.94786127,4.2649093817
801180,2005-04-26,628.13,616.72,628.88,616.39,0.88654393,3.533523785
801180,2005-04-27,622.94,630.91,631.79,622.17,0.91493673,3.8963765577999996
801180,2005-04-28,637.61,619.27,638.85,613.21,1.27402025,5.804487
801180,2005-04-29,637.18,635.87,641.4,629.53,0.90022316,3.862970896
801180,2005-05-09,613.65,638.49,639.02,613.18,0.64286397,2.7206706748
801180,2005-05-10,617.87,611.65,619.16,599.29,0.7198132,3.0723647571
801180,2005-05-11,611.95,617.35,622.25,611.3,0.93277057,4.3687393868
801180,2005-05-12,600.58,607.94,609.58,596.78,0.81339626,3.6771217921
801180,2005-05-13,587.32,596.28,604.33,577.58,1.2822399,5.9071792005
801180,2005-05-16,576.71,582.24,582.24,572.78,0.7596381,3.117874277
801180,2005-05-17,589.69,576.42,590.44,573.76,0.83088895,3.0851780549
801180,2005-05-18,594.06,588.29,594.38,584.91,0.77254098,2.9966255286
801180,2005-05-19,597.48,594.58,600.85,589.35,0.75960997,2.9709885332
801180,2005-05-20,594.53,597.79,601.37,593.35,0.68487696,2.7327449156
801180,2005-05-23,577.0,591.37,595.79,575.93,0.669063,2.3962614547
801180,2005-05-24,587.67,576.07,590.5,574.8,0.67608418,2.4732342528999998
801180,2005-05-25,591.34,587.07,595.34,582.42,0.87199966,3.1423023851
801180,2005-05-26,584.35,590.62,593.57,582.54,0.62749535,2.3706292416999997
801180,2005-05-27,578.24,582.86,590.61,576.47,0.79667384,2.9314491962
801180,2005-05-30,582.91,576.24,584.0,572.76,0.65909257,2.4203320676
801180,2005-05-31,582.23,583.35,585.87,579.6,0.66241261,2.4272634803
801180,2005-06-01,569.48,581.07,581.98,569.13,0.68276598,2.4127979524
801180,2005-06-02,561.63,568.35,573.51,557.91,0.7793064,2.8714799504000004
801180,2005-06-03,561.91,559.85,564.76,554.87,0.72219288,2.572921681
801180,2005-06-06,571.93,561.64,571.93,552.88,0.81942287,2.9789157344999997
801180,2005-06-07,576.33,573.42,584.36,570.26,1.20308984,4.5472779082
801180,2005-06-08,620.87,585.0,623.54,579.77,2.77438919,10.842813274100001
801180,2005-06-09,619.99,621.14,628.27,610.02,2.383798,9.5574171202
801180,2005-06-10,607.56,620.09,620.43,603.24,1.86185902,7.3456648125
801180,2005-06-13,609.38,607.44,611.86,600.27,1.11130747,4.385221279
801180,2005-06-14,602.14,611.51,616.12,601.74,1.14487654,4.4916365747
801180,2005-06-15,585.53,599.1,603.9,584.28,0.93360824,3.4963386573000004
801180,2005-06-16,591.32,585.69,592.58,580.78,0.82163061,3.2864384272000002
801180,2005-06-17,592.39,593.44,595.0,587.12,0.92355758,3.8389980477999996
801180,2005-06-20,608.1,591.17,608.22,583.86,1.24910133,5.3585437108
801180,2005-06-21,602.33,608.22,608.38,599.31,1.05937404,4.3711633779
801180,2005-06-22,605.47,600.59,606.35,598.98,0.95391122,4.026080214599999
801180,2005-06-23,600.03,606.9,607.72,599.25,0.9885623,4.2798926768
801180,2005-06-24,603.5,597.26,603.5,596.17,0.77064035,3.2655218841000004
801180,2005-06-27,620.64,609.24,622.99,607.75,1.65902876,6.9989052345000005
801180,2005-06-28,614.17,617.37,619.38,610.88,1.30837994,5.6903267358
801180,2005-06-29,608.7,613.46,615.07,608.56,1.07432818,4.1924532703
801180,2005-06-30,591.53,605.72,607.95,591.11,1.1840919,4.4743383736
801180,2005-07-01,574.25,588.3,592.97,573.48,1.30302523,4.7040851955
801180,2005-07-04,570.23,571.28,578.54,557.88,1.23834037,4.3011622922
801180,2005-07-05,567.89,567.98,573.06,563.51,1.02250129,3.4099650392000003
801180,2005-07-06,566.81,567.56,573.07,563.03,0.87502315,2.9734000336
801180,2005-07-07,569.21,566.05,570.96,564.91,0.81622732,2.8553424431
801180,2005-07-08,550.9,566.27,567.49,549.7,0.91000265,3.0205454939
801180,2005-07-11,542.28,554.56,566.47,541.31,0.83153062,2.7471263993
801180,2005-07-12,560.2,540.12,561.44,539.18,1.3685949,4.3480626283
801180,2005-07-13,557.52,559.68,560.02,553.35,0.96704827,3.1319318882
801180,2005-07-14,557.69,556.36,563.43,554.8,0.98653209,3.2080036417
801180,2005-07-15,547.66,557.39,560.91,545.24,0.97421869,3.2549396018
801180,2005-07-18,533.72,546.23,551.91,533.22,0.92190161,2.7656377526
801180,2005-07-19,544.26,533.55,544.28,532.08,1.03106494,3.1062392565
801180,2005-07-20,550.07,543.79,551.73,540.56,1.28929089,3.9052385239999996
801180,2005-07-21,552.25,548.48,552.25,543.05,1.13530251,3.9206214011
801180,2005-07-22,578.11,561.13,589.33,556.72,3.50191792,12.8747126934
801180,2005-07-25,587.18,576.67,590.12,574.23,2.64835952,10.5353539975
801180,2005-07-26,601.77,586.43,602.1,585.49,2.98034967,11.539501101900001
801180,2005-07-27,607.04,601.5,607.04,592.97,2.48878782,9.4227281941
801180,2005-07-28,603.21,606.29,611.74,599.8,2.66608891,9.915045842
801180,2005-07-29,603.59,601.86,606.07,597.51,1.82059643,6.6065303775999995
801180,2005-08-01,602.9,604.35,608.42,594.32,1.80149178,6.7205720004
801180,2005-08-02,615.77,603.33,616.12,600.01,2.08812418,7.5238367568
801180,2005-08-03,626.83,617.47,636.77,615.83,3.88161522,14.6697033201
801180,2005-08-04,626.03,625.32,629.17,620.32,2.30657069,8.5065674088
801180,2005-08-05,631.95,626.08,634.28,626.01,2.75897342,10.6071605465
801180,2005-08-08,634.84,633.22,640.49,629.8,2.95049194,11.522015469300001
801180,2005-08-09,641.36,633.71,641.6,626.09,2.74814607,10.1451281369
801180,2005-08-10,646.68,640.75,646.72,632.42,2.87748075,10.6789818335
801180,2005-08-11,656.03,647.01,656.59,643.65,3.30652155,13.242983889000001
801180,2005-08-12,636.52,655.63,666.02,633.19,5.19313347,20.6767411351
801180,2005-08-15,650.39,634.59,650.4,631.37,2.51776151,9.7961047098
801180,2005-08-16,643.6,649.22,650.14,636.73,3.07335154,12.1446272562
801180,2005-08-17,650.97,640.7,651.17,628.75,3.32508955,12.4084681422
801180,2005-08-18,630.48,651.77,663.46,629.78,4.2842771,15.9212217067
801180,2005-08-19,629.08,627.28,635.96,616.64,2.51203895,9.1349163522
801180,2005-08-22,639.42,627.91,640.53,627.91,2.09454292,7.6432435865
801180,2005-08-23,628.39,639.19,639.89,622.9,1.5691028,5.867971654600001
801180,2005-08-24,634.8,629.67,636.78,629.04,1.80336098,6.581132215399999
801180,2005-08-25,641.77,636.22,642.87,632.21,1.91089987,6.8974437938
801180,2005-08-26,639.25,643.01,643.01,632.19,2.10509462,7.5415371876999995
801180,2005-08-29,630.48,639.11,639.14,627.23,2.0372633,6.7963110354
801180,2005-08-30,627.4,628.9,631.75,627.06,1.30593425,4.7098115319
801180,2005-08-31,642.9,627.07,642.98,623.57,2.22140186,7.831114520700001
801180,2005-09-01,661.21,644.91,661.6,642.06,3.77521907,14.5887075576
801180,2005-09-02,664.05,663.36,665.96,657.72,3.29360102,12.4921563352
801180,2005-09-05,674.01,665.0,674.52,661.27,2.73841992,10.4409551173
801180,2005-09-06,670.63,674.78,695.39,667.78,4.95370961,20.1690279081
801180,2005-09-07,692.34,668.13,692.39,667.38,4.04230148,16.697748274400002
801180,2005-09-08,686.83,695.57,696.75,679.6,3.25563727,13.688517623900001
801180,2005-09-09,679.61,686.88,689.7,676.44,2.27437119,9.0583489817
801180,2005-09-12,680.96,678.9,681.72,676.77,1.6476658,6.1353576608000004
801180,2005-09-13,692.62,680.0,692.67,678.37,2.28988766,8.7288560121
801180,2005-09-14,696.84,693.44,697.24,688.69,2.98323163,11.247968696
801180,2005-09-15,696.57,696.47,697.86,691.68,2.43737929,9.7047226601
801180,2005-09-16,695.73,696.06,697.0,689.79,2.10399668,8.211525462100001
801180,2005-09-19,702.39,694.98,702.57,692.56,2.31867093,9.1379362623
801180,2005-09-20,695.85,701.79,702.7,688.16,2.95911313,11.7832393216
801180,2005-09-21,681.64,693.58,696.19,681.5,2.87054709,10.5618287122
801180,2005-09-22,657.47,679.86,682.53,649.55,2.31995057,8.8033331018
801180,2005-09-23,650.52,654.28,661.39,650.32,1.59652431,5.9204794159
801180,2005-09-26,653.43,648.23,653.5,648.11,1.06537723,3.8033555703
801180,2005-09-27,640.88,652.56,655.54,639.93,1.44333959,5.181056907
801180,2005-09-28,644.42,640.05,650.26,640.05,1.29911774,5.0252531171
801180,2005-09-29,657.94,644.82,658.22,643.8,1.66415581,6.6708178965
801180,2005-09-30,655.78,658.81,659.11,653.88,1.41280959,5.5055487997000006
801180,2005-10-10,646.24,656.79,658.26,645.32,0.88926457,3.4099517054
801180,2005-10-11,658.65,644.99,658.65,642.64,1.08133611,4.2319699123
801180,2005-10-12,663.14,659.36,664.93,654.66,1.18918508,4.9616695909
801180,2005-10-13,660.3,663.66,665.07,659.41,1.25494006,5.054753327699999
801180,2005-10-14,655.06,660.23,661.61,653.06,1.15285817,4.812723948
801180,2005-10-17,655.68,654.44,655.8,649.35,1.20180576,5.0221223752999995
801180,2005-10-18,664.13,656.37,664.15,652.65,1.41471877,5.949893928200001
801180,2005-10-19,659.5,663.95,667.46,658.14,1.35534459,5.7810165516
801180,2005-10-20,663.24,665.43,666.58,654.18,3.00745205,11.713589258499999
801180,2005-10-21,667.4,662.39,670.39,660.77,1.72762484,7.0564685511
801180,2005-10-24,673.1,666.72,673.13,662.75,1.71093873,6.6933090782
801180,2005-10-25,659.25,670.77,672.07,659.09,1.57612853,6.0373174221
801180,2005-10-26,645.34,656.37,662.58,644.3,1.62743511,6.125222877300001
801180,2005-10-27,638.89,642.15,647.16,634.84,1.48690144,5.3113245738
801180,2005-10-28,622.53,638.53,640.81,615.45,1.50114176,5.371851433
801180,2005-10-31,625.85,620.36,627.66,618.48,0.98699245,3.4727778262999998
801180,2005-11-01,618.48,623.87,625.32,610.26,1.05309239,3.8912156199
801180,2005-11-02,632.55,619.09,633.59,618.97,1.53961889,5.5794956385
801180,2005-11-03,626.46,631.57,634.61,624.32,1.39430009,4.7638071129
801180,2005-11-04,633.02,623.96,633.02,620.37,1.69512988,6.5484823512
801180,2005-11-07,637.98,629.14,637.98,628.04,0.8398528,3.0544577927999996
801180,2005-11-08,645.98,634.94,646.21,633.96,1.32836403,4.9563172978
801180,2005-11-09,647.71,642.82,653.67,641.46,1.59246722,6.490279763999999
801180,2005-11-10,633.78,642.99,646.84,633.24,1.25146512,4.9999866949000005
801180,2005-11-11,638.23,629.09,641.1,629.09,0.98835771,3.7850470537
801180,2005-11-14,641.95,634.49,642.0,632.14,0.82047639,2.9054001619
801180,2005-11-15,638.58,639.56,644.97,636.91,0.83593436,2.9671756268
801180,2005-11-16,643.21,633.8,643.21,633.1,0.69108285,2.4752889491
801180,2005-11-17,646.78,641.61,647.55,640.16,0.84408225,3.5298496012
801180,2005-11-18,655.53,644.28,658.74,644.16,1.46658372,5.6466765384
801180,2005-11-21,660.59,654.96,662.56,652.74,1.37620913,4.7414773268
801180,2005-11-22,650.6,658.96,661.29,650.48,1.03198101,3.4118649052
801180,2005-11-23,654.75,646.2,655.45,646.2,0.70265731,2.4521272049
801180,2005-11-24,654.37,651.36,657.85,649.08,0.7389503,2.8315712051
801180,2005-11-25,654.79,651.3,655.32,651.05,0.72482721,2.6297143118
801180,2005-11-28,654.57,651.95,657.01,651.83,0.68206218,2.4540640202
801180,2005-11-29,648.76,650.76,654.07,648.25,0.77694412,2.9286203769999997
801180,2005-11-30,650.1,644.23,650.68,644.23,0.72150871,2.791381873
801180,2005-12-01,647.42,646.38,651.8,646.06,0.8963559,3.1974793588
801180,2005-12-02,639.51,645.34,647.58,637.81,1.8052614,6.5656094744
801180,2005-12-05,627.23,636.76,639.0,626.63,1.29504775,4.3704407581
801180,2005-12-06,627.93,625.73,630.38,620.21,1.18164759,4.1701412469
801180,2005-12-07,635.59,627.84,635.92,625.12,1.04955278,3.7262694629000004
801180,2005-12-08,637.31,635.38,640.36,632.27,0.97091989,3.8240926975
801180,2005-12-09,650.96,637.64,651.39,635.97,1.45587522,5.9407929037
801180,2005-12-12,658.19,649.33,660.08,647.11,1.40906886,5.4562500248
801180,2005-12-13,658.75,657.48,660.03,652.21,0.94897978,3.631802962
801180,2005-12-14,671.1,656.32,671.97,655.22,1.56405462,6.2635336661
801180,2005-12-15,666.95,669.29,675.18,664.53,1.38201816,5.308765417
801180,2005-12-16,673.15,664.68,674.03,664.68,1.28114531,4.7428990541000005
801180,2005-12-19,676.42,669.95,679.43,668.93,1.3694687,5.5555817019000004
801180,2005-12-20,676.17,673.51,677.5,671.41,0.99140901,3.5940607571
801180,2005-12-21,670.18,672.96,677.6,669.16,0.93639918,3.4906554106
801180,2005-12-22,674.75,665.9,674.94,665.87,0.88424991,3.3601808319
801180,2005-12-23,681.6,671.65,682.1,671.0,1.16564703,4.3431760349
801180,2005-12-26,690.45,682.65,693.89,681.28,1.69324779,7.1910600197
801180,2005-12-27,688.5,688.37,690.66,683.86,1.23177513,4.838742243
801180,2005-12-28,690.62,685.81,691.07,685.67,1.17786583,4.8550131251
801180,2005-12-29,698.82,691.33,701.42,690.91,1.88763936,8.1210871021
801180,2005-12-30,690.41,699.15,702.35,689.43,1.64374847,7.5339217272
801180,2006-01-04,709.55,690.85,709.55,690.82,1.5724175,7.3378358837999995
801180,2006-01-05,724.32,709.31,726.1,704.66,2.18461676,10.0164168213
801180,2006-01-06,728.16,724.88,731.42,721.15,2.36801756,10.2681766658
801180,2006-01-09,729.66,726.99,730.08,722.15,2.05100193,8.9708119948
801180,2006-01-10,734.75,727.97,735.05,719.96,1.82575892,7.5628715147
801180,2006-01-11,731.23,732.39,734.69,721.71,2.17384979,8.8683803285
801180,2006-01-12,735.57,727.76,735.82,724.51,2.46576999,10.8469277679
801180,2006-01-13,728.1,732.95,735.39,721.8,2.89033158,12.2402460769
801180,2006-01-16,713.89,725.15,727.24,712.22,2.30921909,8.9050909491
801180,2006-01-17,720.46,710.95,724.45,710.62,1.70928763,6.747875355800001
801180,2006-01-18,736.54,718.82,736.54,718.16,2.18144258,8.9937855686
801180,2006-01-19,741.92,736.09,743.25,732.02,2.66949551,10.805435680699999
801180,2006-01-20,737.96,742.18,743.5,733.14,1.86896637,7.4195477936000005
801180,2006-01-23,736.61,736.13,738.84,730.46,1.86037202,7.736412983999999
801180,2006-01-24,747.33,735.08,755.95,733.25,2.17402455,9.2808096283
801180,2006-01-25,763.78,746.23,764.04,745.86,2.4470226,10.61608365
801180,2006-02-06,791.76,764.76,799.33,755.62,2.57814051,11.7010971395
801180,2006-02-07,781.45,791.37,793.16,772.83,2.64481248,11.6966397324
801180,2006-02-08,783.52,778.91,783.64,772.52,1.71578837,7.2528148019000005
801180,2006-02-09,772.3,782.44,783.05,770.3,2.60253445,11.4706016974
801180,2006-02-10,782.76,770.74,782.89,768.14,2.13022012,9.0672317728
801180,2006-02-13,777.27,782.11,783.91,769.15,2.03268765,7.944632898099999
801180,2006-02-14,791.83,774.67,791.9,774.13,2.18524502,9.6954306563
801180,2006-02-15,805.23,792.11,814.32,791.55,3.02693687,14.6366790997
801180,2006-02-16,786.53,804.42,805.64,785.72,2.87706003,12.384769184000001
801180,2006-02-17,803.5,784.28,808.38,784.28,3.31877561,15.0017342649
801180,2006-02-20,814.32,802.5,828.28,802.5,4.01186788,19.1608572055
801180,2006-02-21,822.2,810.23,822.54,801.81,2.99381874,13.5064851353
801180,2006-02-22,817.1,819.81,825.12,816.04,2.66304649,11.9485672904
801180,2006-02-23,816.38,815.2,818.84,804.15,2.57257692,11.1111650019
801180,2006-02-24,826.75,815.72,829.45,815.7,2.79079639,12.1261064278
801180,2006-02-27,812.03,825.68,828.49,808.71,2.31157835,10.1764171368
801180,2006-02-28,812.39,806.93,812.95,795.57,1.81662755,7.6479101186000005
801180,2006-03-01,817.93,810.33,819.18,810.32,1.76831036,7.667942854
801180,2006-03-02,800.3,817.96,819.66,795.58,2.59348036,10.5424998657
801180,2006-03-03,802.73,800.62,806.38,790.0,2.10916531,9.6813783731
801180,2006-03-06,798.53,800.7,803.15,794.09,1.40355444,6.019900721799999
801180,2006-03-07,772.86,797.61,798.92,771.04,1.99774219,8.5647469614
801180,2006-03-08,759.74,769.97,777.77,751.01,1.82707779,8.0377298012
801180,2006-03-09,757.86,760.07,765.09,756.19,1.04405112,4.4775743153
801180,2006-03-10,760.94,758.39,766.05,757.43,0.94916549,4.1397832846
801180,2006-03-13,785.95,762.75,786.04,761.3,1.3668514,6.4854719837
801180,2006-03-14,781.03,786.75,786.75,775.2,1.05426724,4.7291905061
801180,2006-03-15,790.69,781.32,791.05,778.97,1.33223531,5.9047336897000005
801180,2006-03-16,798.07,791.84,798.95,785.5,1.71582266,8.227592534
801180,2006-03-17,794.57,799.47,804.9,794.18,1.71592965,7.9458989324000004
801180,2006-03-20,821.64,795.34,821.69,791.05,2.74236299,12.8214044816
801180,2006-03-21,822.88,824.77,839.47,815.99,3.57801626,18.0687955474
801180,2006-03-22,839.23,822.33,840.97,818.32,2.79347234,13.699929056099998
801180,2006-03-23,836.54,840.26,842.3,832.71,2.33695143,10.8388678485
801180,2006-03-24,835.27,837.41,845.63,834.86,3.00726151,14.0862676324
801180,2006-03-27,859.33,835.59,859.51,833.93,2.89826164,14.018813679600001
801180,2006-03-28,874.71,860.6,875.47,857.82,4.70003713,20.9229700124
801180,2006-03-29,888.22,876.11,912.86,873.17,6.1276066,31.4378385802
801180,2006-03-30,877.98,884.32,891.92,877.6,4.03703884,19.8276727133
801180,2006-03-31,870.42,858.87,873.29,855.43,3.02105463,14.6546558954
801180,2006-04-03,895.0,870.33,898.7,870.2,3.98581652,19.807352886500002
801180,2006-04-04,893.31,896.02,897.08,878.32,3.89933742,19.4074640621
801180,2006-04-05,915.23,893.2,915.61,888.07,5.39583461,30.3019858802
801180,2006-04-06,918.45,915.1,925.01,907.83,4.83249625,25.2357313289
801180,2006-04-07,916.55,917.15,927.49,907.76,3.76128955,18.8787739819
801180,2006-04-10,923.21,916.97,937.17,894.85,4.42985346,21.7118616735
801180,2006-04-11,933.96,924.2,936.36,915.29,4.90356925,24.5639977266
801180,2006-04-12,915.2,934.83,934.83,914.79,4.30817082,22.2317900119
801180,2006-04-13,888.23,911.49,918.92,886.33,4.66122713,23.3959789417
801180,2006-04-14,907.92,884.1,907.92,882.05,3.30175979,15.962511903800001
801180,2006-04-17,898.33,904.32,907.29,892.03,3.62126434,18.7074193089
801180,2006-04-18,903.57,898.68,905.21,886.59,3.37171706,17.5245980576
801180,2006-04-19,925.81,902.4,932.6,902.13,4.13751911,21.9673278364
801180,2006-04-20,909.72,923.16,925.92,903.41,3.94665175,19.8806033297
801180,2006-04-21,910.75,905.45,918.65,886.39,3.67489166,18.9236372284
801180,2006-04-24,882.29,905.74,908.63,879.64,3.86201477,20.4813300401
801180,2006-04-25,903.11,875.3,919.19,864.17,4.10554695,23.1244973733
801180,2006-04-26,899.7,898.19,909.27,891.21,3.62517203,19.5804761852
801180,2006-04-27,902.24,897.57,910.26,895.58,3.12767484,15.7262117108
801180,2006-04-28,887.4,874.05,893.64,868.22,4.71144862,23.9161658064
801180,2006-05-08,940.41,886.78,941.25,886.65,4.47945928,24.9649940913
801180,2006-05-09,956.8,941.5,970.41,941.24,4.98084238,28.365122392199996
801180,2006-05-10,959.33,954.77,965.74,945.54,4.90984834,27.1119680812
801180,2006-05-11,922.52,954.7,963.95,921.06,7.40319969,41.109804165999996
801180,2006-05-12,917.98,916.38,918.45,902.96,6.20227236,33.6207487605
801180,2006-05-15,950.26,917.41,950.29,899.2,8.7758541,46.999577530799996
801180,2006-05-16,914.18,944.16,947.27,911.28,6.44667885,33.4634868295
801180,2006-05-17,931.57,911.29,936.77,908.13,5.48279234,27.120810278
801180,2006-05-18,942.39,919.02,947.54,903.18,5.49443098,28.486983818400002
801180,2006-05-19,953.47,938.71,956.22,932.32,5.94440484,31.4132743275
801180,2006-05-22,976.82,951.21,986.25,948.05,6.67003561,35.878608401
801180,2006-05-23,941.48,970.8,973.95,941.48,5.25912301,26.7299195284
801180,2006-05-24,945.02,940.04,964.14,926.06,5.49659987,29.2549749977
801180,2006-05-25,965.1,941.37,967.35,940.73,4.65025033,25.142326534699997
801180,2006-05-26,967.8,962.83,968.6,961.2,4.55707705,23.576876644400002
801180,2006-05-29,975.18,968.77,977.31,961.27,4.18175127,21.761160203400003
801180,2006-05-30,991.32,976.63,993.88,973.38,4.94572305,27.4707066102
801180,2006-05-31,984.45,995.97,1001.12,975.44,4.93177326,26.6307713923
801180,2006-06-01,1003.97,982.9,1003.97,981.87,5.4390691,29.3545140857
801180,2006-06-02,975.21,1006.07,1007.32,969.9,6.61275058,34.451429740900004
801180,2006-06-05,990.67,973.93,990.67,947.35,5.87428834,29.653843352800003
801180,2006-06-06,980.66,987.7,991.41,976.51,4.67849946,23.348166689499998
801180,2006-06-07,944.78,978.71,988.95,940.53,4.86906195,24.6590361683
801180,2006-06-08,941.52,934.85,947.08,913.27,4.93241654,23.6533128363
801180,2006-06-09,923.65,939.1,952.86,923.6,4.7579987,23.6682629907
801180,2006-06-12,922.37,919.0,929.97,912.57,2.76084527,13.1751686999
801180,2006-06-13,916.42,921.81,929.88,905.99,2.98050296,14.6293461057
801180,2006-06-14,907.24,912.86,913.39,900.84,2.78841331,13.670609046500001
801180,2006-06-15,912.98,906.16,924.64,905.72,2.63821154,13.378510766400002
801180,2006-06-16,941.83,919.61,941.87,917.74,3.44112232,17.1241886718
801180,2006-06-19,951.4,935.33,954.95,926.09,3.88908735,19.1390248285
801180,2006-06-20,956.23,952.43,958.48,945.41,3.76631579,18.893777281800002
801180,2006-06-21,940.97,956.76,957.06,937.05,3.24994949,16.3364743624
801180,2006-06-22,937.83,937.78,944.26,933.97,3.02090069,15.3703448504
801180,2006-06-23,946.35,939.46,946.35,932.43,3.13844143,16.1065273081
801180,2006-06-26,950.22,946.5,950.52,941.57,2.78825703,14.169429190999999
801180,2006-06-27,943.47,951.06,951.58,938.14,2.6907916,13.8120168378
801180,2006-06-28,944.33,942.64,946.87,937.44,2.56718491,12.1862165504
801180,2006-06-29,975.62,946.06,978.81,944.9,4.76052967,25.0423990416
801180,2006-06-30,975.01,976.24,981.27,967.64,4.13702236,20.9621676361
801180,2006-07-03,1005.78,979.07,1006.0,978.75,4.91080332,26.307848696
801180,2006-07-04,999.9,1008.1,1012.79,991.61,4.81627018,25.7589561419
801180,2006-07-05,987.84,998.42,999.26,974.4,3.29468617,17.148230922
801180,2006-07-06,1012.66,989.54,1012.66,987.0,4.07723149,21.1524629
801180,2006-07-07,1005.34,1018.51,1018.51,1002.79,4.41403196,22.6642494575
801180,2006-07-10,1030.49,1009.37,1033.29,1004.85,4.83743198,27.611351167
801180,2006-07-11,1041.35,1037.85,1043.27,1028.64,4.77757085,28.9573482345
801180,2006-07-12,1063.32,1041.65,1076.67,1040.05,6.93411071,43.2720199039
801180,2006-07-13,1013.21,1061.58,1069.6,1002.7,7.39457643,42.5307595535
801180,2006-07-14,1038.49,1004.61,1051.72,998.29,5.80225441,34.7525717743
801180,2006-07-17,1062.25,1028.48,1062.35,1028.04,4.0909763,25.0895109717
801180,2006-07-18,1073.85,1067.98,1074.34,1054.46,4.75096389,28.121116444600002
801180,2006-07-19,1036.96,1070.69,1071.26,1031.45,4.51914483,25.7496296107
801180,2006-07-20,1040.88,1035.7,1045.43,1022.35,3.07626608,17.9227015998
801180,2006-07-21,1062.36,1046.07,1065.8,1044.5,4.05704798,23.2438105456
801180,2006-07-24,1065.82,1048.2,1069.04,1036.42,4.13587538,23.3324359014
801180,2006-07-25,1072.52,1065.31,1080.26,1054.75,3.61848571,20.7357139812
801180,2006-07-26,1069.09,1075.6,1077.27,1066.24,3.83589529,22.506572030999997
801180,2006-07-27,1053.61,1065.33,1071.17,1046.5,4.28047173,24.1557334985
801180,2006-07-28,1050.7,1055.28,1062.07,1034.98,3.78504926,20.1188033178
801180,2006-07-31,1002.19,1051.47,1051.47,1001.93,4.21612355,22.3206959767
801180,2006-08-01,999.54,1003.58,1016.9,995.76,2.89267649,15.1433743894
801180,2006-08-02,1000.72,1000.79,1005.47,985.64,2.33226683,11.5378420976
801180,2006-08-03,1001.03,1002.59,1006.65,992.34,1.89641107,9.3829329385
801180,2006-08-04,982.24,1002.15,1008.65,981.79,2.26058737,11.542667918900001
801180,2006-08-07,954.52,975.79,977.76,953.92,2.29840448,11.6450606589
801180,2006-08-08,978.74,958.8,978.74,955.8,2.1201114,12.735255136900001
801180,2006-08-09,981.37,983.13,986.16,973.72,2.31496811,13.385372298900002
801180,2006-08-10,1007.35,983.91,1007.35,981.56,3.51400554,18.8486617111
801180,2006-08-11,1017.36,1010.68,1020.38,1005.76,2.835812,16.6024614266
801180,2006-08-14,1003.15,1019.38,1024.85,994.03,2.85065459,16.2639478348
801180,2006-08-15,1044.3,1000.95,1044.3,996.86,3.82942513,23.1890184286
801180,2006-08-16,1056.13,1048.59,1068.35,1040.39,5.34214484,32.5163468101
801180,2006-08-17,1045.16,1054.16,1054.16,1031.68,3.45772119,19.071248301
801180,2006-08-18,1043.21,1044.34,1059.18,1040.74,2.53940928,14.1530343835
801180,2006-08-21,1046.58,1004.43,1046.75,1002.55,3.01178118,17.390539941
801180,2006-08-22,1045.15,1045.35,1051.99,1038.83,3.17357671,17.049532193399997
801180,2006-08-23,1043.87,1044.44,1055.07,1041.2,2.76377329,15.557960961700001
801180,2006-08-24,1052.14,1042.57,1052.14,1037.57,2.89372573,16.7335011095
801180,2006-08-25,1061.95,1054.08,1070.6,1050.31,3.67916617,21.834119112699998
801180,2006-08-28,1114.96,1065.7,1121.48,1064.99,6.68757059,42.016615141799996
801180,2006-08-29,1109.11,1121.42,1134.55,1108.28,6.29775181,39.097192990799996
801180,2006-08-30,1143.76,1106.41,1146.24,1102.8,6.03693212,36.5011950255
801180,2006-08-31,1145.87,1144.86,1156.54,1136.06,5.87010294,33.791882987
801180,2006-09-01,1127.6,1146.6,1153.02,1121.18,5.30782095,31.9158172854
801180,2006-09-04,1156.31,1123.32,1156.31,1123.24,4.81570566,30.055695159099997
801180,2006-09-05,1153.04,1158.93,1175.96,1151.04,5.34817336,33.4151137816
801180,2006-09-06,1136.63,1149.86,1158.92,1116.99,4.75715791,29.017485151
801180,2006-09-07,1118.93,1131.99,1135.4,1110.97,3.38926644,19.5692932315
801180,2006-09-08,1127.27,1117.91,1141.43,1117.91,2.76764425,17.784729664500002
801180,2006-09-11,1159.07,1130.72,1159.07,1119.55,4.5105045,27.3804737011
801180,2006-09-12,1157.84,1159.94,1169.29,1151.43,3.83581839,24.7043788759
801180,2006-09-13,1143.1,1159.79,1163.14,1142.19,4.02576936,24.374919962399996
801180,2006-09-14,1137.21,1138.13,1142.53,1118.54,3.45381816,20.5994057554
801180,2006-09-15,1158.84,1137.92,1159.9,1134.5,4.2013074,24.3893141134
801180,2006-09-18,1174.6,1162.36,1175.47,1159.55,4.36731089,24.989819153499997
801180,2006-09-19,1165.45,1174.44,1177.59,1162.29,3.75352917,21.2395850578
801180,2006-09-20,1202.99,1163.68,1211.22,1161.31,6.27495309,38.912912034099996
801180,2006-09-21,1208.74,1200.74,1220.89,1198.13,5.11052459,29.7178184001
801180,2006-09-22,1208.32,1209.81,1223.26,1197.74,5.44176291,32.814910793
801180,2006-09-25,1207.86,1207.87,1232.95,1190.61,5.53454994,36.0987038442
801180,2006-09-26,1181.14,1202.53,1202.99,1171.88,4.50220374,28.81255846
801180,2006-09-27,1188.38,1177.08,1189.12,1172.69,3.73255254,21.2708434767
801180,2006-09-28,1189.99,1189.17,1197.26,1184.53,3.20392005,19.4744761387
801180,2006-09-29,1207.67,1194.21,1215.12,1193.11,4.26521722,26.3410282949
801180,2006-10-09,1201.65,1219.12,1225.16,1190.52,5.21325216,34.4177877267
801180,2006-10-10,1167.82,1201.19,1201.64,1161.27,5.74464872,36.9022671102
801180,2006-10-11,1171.93,1165.26,1173.2,1160.42,3.39454106,20.9795677617
801180,2006-10-12,1146.62,1170.94,1171.93,1146.51,3.8351035,23.161487972699998
801180,2006-10-13,1156.26,1145.3,1160.14,1144.34,3.07134408,18.065281276300002
801180,2006-10-16,1147.63,1155.18,1157.36,1139.8,3.1577002,18.1340105235
801180,2006-10-17,1152.84,1145.8,1163.45,1142.24,3.16033331,18.4033133053
801180,2006-10-18,1188.43,1152.91,1188.43,1151.26,3.28303004,20.6104953657
801180,2006-10-19,1184.86,1186.54,1193.29,1177.82,3.37807943,20.9627186548
801180,2006-10-20,1181.36,1182.64,1187.02,1172.41,3.35660168,20.5550232255
801180,2006-10-23,1148.87,1179.02,1179.98,1142.45,4.26135989,22.8701226479
801180,2006-10-24,1185.2,1151.3,1185.23,1150.5,4.23513381,24.6762600375
801180,2006-10-25,1179.95,1188.23,1201.42,1172.17,4.99647647,27.3894934197
801180,2006-10-26,1204.11,1180.01,1207.14,1171.59,4.72957403,29.3689166816
801180,2006-10-27,1188.83,1203.25,1216.32,1188.48,4.01179415,24.7296943473
801180,2006-10-30,1168.99,1187.13,1191.81,1154.5,3.55331662,20.8561232561
801180,2006-10-31,1187.02,1167.73,1187.02,1167.36,3.7467438,22.784092868000002
801180,2006-11-01,1186.08,1187.85,1205.98,1164.07,4.162286,22.961334991100003
801180,2006-11-02,1181.21,1185.5,1197.98,1156.85,3.85128719,21.2851143135
801180,2006-11-03,1194.9,1180.85,1209.51,1179.8,3.91797,24.037039639899998
801180,2006-11-06,1196.57,1184.67,1200.42,1177.48,3.7951478,22.3407197078
801180,2006-11-07,1200.67,1196.12,1200.67,1169.84,4.72837606,29.106646135500004
801180,2006-11-08,1189.22,1197.18,1198.31,1184.84,3.4869647,20.4338631573
801180,2006-11-09,1240.97,1186.5,1244.66,1183.6,6.65166812,41.840882263299996
801180,2006-11-10,1226.26,1241.52,1254.0,1213.57,6.23601052,38.9720402944
801180,2006-11-13,1224.63,1220.91,1266.81,1214.37,5.77901369,36.7971899653
801180,2006-11-14,1231.67,1223.46,1233.94,1195.45,4.54367941,29.409077023600002
801180,2006-11-15,1282.89,1228.93,1282.89,1228.71,5.63178429,38.471684066
801180,2006-11-16,1275.95,1282.18,1304.63,1275.26,6.14511686,43.0459133895
801180,2006-11-17,1325.1,1271.88,1325.1,1265.21,5.77830372,39.157549828
801180,2006-11-20,1371.53,1324.06,1377.29,1323.69,7.87000403,55.3910587934
801180,2006-11-21,1377.14,1370.4,1382.64,1345.07,6.56292534,46.6377022474
801180,2006-11-22,1372.19,1373.67,1389.32,1353.71,6.49915647,46.076867946899995
801180,2006-11-23,1394.12,1370.43,1409.22,1368.37,6.61418823,47.226197167399995
801180,2006-11-24,1409.9,1391.08,1435.57,1364.98,9.8802611,68.7887946609
801180,2006-11-27,1426.6,1402.35,1429.03,1387.69,6.8570824,48.2228748298
801180,2006-11-28,1439.12,1422.27,1459.78,1417.0,7.30975366,54.2928598224
801180,2006-11-29,1442.53,1411.2,1455.44,1401.09,6.74375638,48.3402629166
801180,2006-11-30,1526.85,1447.71,1529.18,1445.86,8.68621664,64.2560137525
801180,2006-12-01,1535.61,1532.05,1577.54,1531.35,9.36041258,72.4155238275
801180,2006-12-04,1567.94,1530.66,1567.94,1522.95,7.89853511,58.1698773555
801180,2006-12-05,1618.91,1572.44,1657.35,1564.98,10.68956445,80.22248677340001
801180,2006-12-06,1587.13,1615.28,1620.16,1531.79,10.41197114,78.9364075576
801180,2006-12-07,1544.86,1576.79,1603.54,1544.86,8.23456048,64.2487087661
801180,2006-12-08,1473.25,1517.24,1530.61,1471.18,5.90898314,45.1591331724
801180,2006-12-11,1569.62,1463.49,1569.62,1463.35,7.1160111,55.3801301957
801180,2006-12-12,1582.3,1571.45,1605.31,1545.27,7.18324943,57.0574808754
801180,2006-12-13,1583.58,1581.6,1590.69,1554.42,5.18043259,41.2939033664
801180,2006-12-14,1593.97,1583.71,1599.05,1572.54,5.22829594,40.1062046518
801180,2006-12-15,1639.28,1601.09,1649.74,1596.3,6.74756182,54.8841219368
801180,2006-12-18,1712.24,1645.17,1713.4,1641.19,7.99431413,66.1739807193
801180,2006-12-19,1702.53,1720.72,1728.49,1672.52,7.37878786,62.608085615600004
801180,2006-12-20,1730.75,1686.86,1730.75,1671.13,6.43178433,47.6409251873
801180,2006-12-21,1713.8,1709.37,1740.38,1708.47,7.22359841,47.9249909404
801180,2006-12-22,1696.1,1682.95,1712.56,1682.36,5.56027304,36.651241444600004
801180,2006-12-25,1735.39,1698.4,1783.53,1674.75,7.28194694,55.377669375
801180,2006-12-26,1723.06,1739.23,1754.34,1702.74,5.48899123,40.3758603474
801180,2006-12-27,1742.11,1718.84,1749.99,1713.4,5.39373893,38.8199177737
801180,2006-12-28,1709.68,1744.85,1762.49,1700.3,6.37835132,47.6589416979
801180,2006-12-29,1749.67,1715.56,1766.59,1715.56,6.88130421,58.9389006134
801180,2007-01-04,1764.38,1773.28,1838.63,1753.22,7.87596318,69.38823135310001
801180,2007-01-05,1744.99,1751.28,1763.02,1725.97,6.41822748,49.926972974499996
801180,2007-01-08,1806.71,1739.19,1808.58,1737.57,8.60345752,70.1692413571
801180,2007-01-09,1851.72,1814.14,1857.14,1796.66,9.21229097,74.69683877899999
801180,2007-01-10,1953.44,1866.88,1953.44,1814.12,10.52788976,86.54234065700001
801180,2007-01-11,1910.35,1945.46,1971.75,1910.35,10.39935229,84.13068159609999
801180,2007-01-12,1848.6,1904.44,1929.09,1833.52,9.02920548,67.2217895436
801180,2007-01-15,1968.18,1844.94,1968.18,1843.95,8.22363815,72.5680287742
801180,2007-01-16,2084.73,1984.05,2088.83,1970.69,11.12904548,95.68176327409999
801180,2007-01-17,1908.13,2075.68,2075.76,1900.56,15.79737253,145.95803927129998
801180,2007-01-18,1853.93,1830.49,1856.28,1756.17,13.90457213,126.50192327239999
801180,2007-01-19,1885.22,1858.0,1885.22,1827.5,11.19681641,93.0333203558
801180,2007-01-22,1940.89,1899.51,1941.16,1872.0,13.10271836,108.60934387459999
801180,2007-01-23,1940.24,1948.84,1952.79,1859.81,13.51411273,108.0868963107
801180,2007-01-24,2005.07,1929.77,2025.4,1925.28,12.58484612,109.1639337567
801180,2007-01-25,1963.59,1986.05,2044.39,1946.37,12.27835972,105.6111721001
801180,2007-01-26,2025.74,1935.58,2032.4,1908.05,10.60575051,92.77956161610001
801180,2007-01-29,2034.98,2032.37,2065.34,2010.81,9.82399429,89.53227028879999
801180,2007-01-30,1935.24,2029.08,2032.76,1932.59,9.74272837,89.0395287818
801180,2007-01-31,1806.33,1917.32,1919.96,1799.91,9.81812262,82.1182182107
801180,2007-02-01,1827.54,1777.1,1841.82,1774.51,7.0397409,57.689363600200004
801180,2007-02-02,1735.7,1825.0,1829.14,1733.59,6.58652372,54.8211124604
801180,2007-02-05,1753.22,1725.49,1765.18,1708.73,4.96356818,42.4973993892
801180,2007-02-06,1778.32,1754.19,1778.32,1706.99,6.06466182,53.33310891560001
801180,2007-02-07,1819.54,1786.59,1839.59,1786.0,6.97069266,60.9639796071
801180,2007-02-08,1819.58,1820.03,1829.24,1795.59,6.42993461,50.844767673999996
801180,2007-02-09,1821.69,1817.09,1831.77,1784.21,6.73393325,53.2711289553
801180,2007-02-12,1912.29,1817.36,1912.29,1813.89,8.11636144,71.83643505399999
801180,2007-02-13,1959.43,1936.4,1966.53,1924.61,7.589308,68.4134104375
801180,2007-02-14,2010.52,1960.7,2010.52,1953.24,7.85552953,67.6184792251
801180,2007-02-15,2067.72,2025.18,2068.45,2022.66,9.12420039,79.5240070163
801180,2007-02-16,2042.04,2081.9,2089.92,2041.56,9.97814956,85.13133922520001
801180,2007-02-26,2039.22,2039.93,2042.41,1994.28,9.68993944,85.8888297064
801180,2007-02-27,1870.13,2045.09,2062.69,1869.07,15.45191751,133.4735529753
801180,2007-02-28,1965.39,1856.19,1972.49,1853.97,10.6217984,88.18573444440001
801180,2007-03-01,1919.91,1974.7,1976.45,1894.3,10.73874141,88.3605508902
801180,2007-03-02,1972.82,1922.05,1987.66,1917.05,8.45721593,74.1786973001
801180,2007-03-05,2046.52,1965.61,2051.09,1949.19,11.05742808,101.90900886909999
801180,2007-03-06,2044.2,2025.66,2066.74,2005.93,7.74394339,71.5507154072
801180,2007-03-07,2091.57,2038.56,2091.57,2036.97,8.41913232,75.72790346779999
801180,2007-03-08,2133.52,2085.68,2137.68,2074.31,9.31587115,83.3753858371
801180,2007-03-09,2129.22,2130.96,2144.25,2092.54,9.78922939,88.7072871141
801180,2007-03-12,2153.7,2113.46,2155.25,2098.64,9.25913568,86.3762992181
801180,2007-03-13,2171.19,2144.08,2173.26,2134.47,9.29711748,89.1202895874
801180,2007-03-14,2144.42,2145.73,2174.34,2090.85,9.88219755,87.3640275696
801180,2007-03-15,2216.94,2147.18,2230.86,2146.74,9.77499197,101.6753525161
801180,2007-03-16,2183.11,2229.47,2236.99,2151.91,9.47304798,90.07072674610001
801180,2007-03-19,2221.92,2109.49,2226.29,2100.44,9.20780983,93.2929169446
801180,2007-03-20,2263.17,2230.39,2264.13,2180.09,8.59109791,89.1467503843
801180,2007-03-21,2311.2,2270.45,2313.29,2268.36,9.26496957,97.67952023139999
801180,2007-03-22,2286.68,2319.22,2329.22,2280.38,10.56397295,111.6518134968
801180,2007-03-23,2275.82,2278.17,2288.0,2229.71,9.87590232,95.6807051797
801180,2007-03-26,2315.93,2281.88,2316.38,2275.39,9.87056115,96.37693206760001
801180,2007-03-27,2346.3,2320.15,2351.83,2302.21,10.53231378,108.3145596609
801180,2007-03-28,2334.45,2346.1,2370.23,2247.33,11.64617201,118.2907737784
801180,2007-03-29,2312.97,2338.11,2356.53,2312.97,9.85830383,105.74535097200001
801180,2007-03-30,2313.48,2301.11,2322.72,2283.84,6.9342222,72.7684648342
801180,2007-04-02,2383.86,2319.4,2387.83,2316.73,8.77187849,95.3942488057
801180,2007-04-03,2426.72,2387.29,2427.26,2379.39,9.89538579,111.77938654110001
801180,2007-04-04,2440.05,2427.71,2450.28,2410.51,9.6547811,107.03384608360001
801180,2007-04-05,2475.79,2433.34,2482.62,2423.86,10.16885914,115.13504222
801180,2007-04-06,2520.36,2464.95,2522.3,2447.64,11.2582752,129.1709289388
801180,2007-04-09,2553.98,2534.53,2564.15,2534.53,11.54953983,132.07540008360002
801180,2007-04-10,2557.7,2555.35,2564.29,2484.89,11.1143498,124.6874238707
801180,2007-04-11,2615.39,2553.89,2618.09,2548.65,12.45413489,144.9057363599
801180,2007-04-12,2657.03,2610.9,2657.03,2600.45,11.01516765,131.0127543003
801180,2007-04-13,2631.66,2652.68,2669.28,2624.31,12.3677556,140.7974726591
801180,2007-04-16,2691.06,2623.98,2691.06,2623.8,10.40690532,123.1169561598
801180,2007-04-17,2800.71,2719.86,2801.03,2702.37,15.14759807,185.3132572102
801180,2007-04-18,2811.78,2806.07,2822.16,2771.64,12.81042616,157.43050998430002
801180,2007-04-19,2634.96,2781.43,2800.82,2585.03,14.85393647,175.6540973066
801180,2007-04-20,2749.53,2651.06,2760.5,2640.8,11.56015036,142.6931029604
801180,2007-04-23,2860.08,2769.84,2866.28,2769.34,12.98820284,162.75170302
801180,2007-04-24,2839.6,2872.19,2884.2,2824.95,14.76646772,187.2226976668
801180,2007-04-25,2852.11,2822.51,2854.77,2774.17,12.12586441,154.681965302
801180,2007-04-26,2894.64,2847.88,2904.3,2846.14,10.87800865,136.8445044195
801180,2007-04-27,2865.78,2896.13,2902.68,2833.55,11.38942342,146.5847749509
801180,2007-04-30,2935.61,2851.44,2935.92,2851.44,13.05042736,175.10869554759998
801180,2007-05-08,3126.77,3010.8,3141.84,3000.1,14.24564835,208.24378802959998
801180,2007-05-09,3208.58,3141.86,3216.86,3047.11,15.47934016,223.43292318009998
801180,2007-05-10,3207.83,3228.78,3231.48,3175.93,12.80498618,179.6366596423
801180,2007-05-11,3204.28,3171.99,3216.11,3101.18,11.97957969,169.86973744620002
801180,2007-05-14,3309.05,3163.65,3339.39,3124.82,13.57743233,200.2354955099
801180,2007-05-15,3220.46,3314.35,3347.74,3220.43,14.56134647,211.6082461728
801180,2007-05-16,3311.41,3204.07,3312.36,3141.9,11.3490953,159.26291436190002
801180,2007-05-17,3432.65,3336.26,3444.63,3325.06,12.23743315,182.1318407012
801180,2007-05-18,3474.5,3429.34,3509.86,3395.27,11.09694164,169.4270504707
801180,2007-05-21,3578.76,3335.08,3601.46,3332.58,13.95716936,210.0647286323
801180,2007-05-22,3685.86,3606.92,3722.0,3589.01,14.38222467,226.5447101334
801180,2007-05-23,3830.23,3696.08,3841.32,3686.39,14.99586829,238.90904559849997
801180,2007-05-24,3859.24,3851.35,3923.93,3763.77,18.42060437,290.1768800875
801180,2007-05-25,3894.05,3814.5,3910.8,3809.66,13.58636446,221.2549624252
801180,2007-05-28,3985.13,3917.65,4012.74,3917.65,13.42251436,221.49773009849997
801180,2007-05-29,4165.72,3999.57,4165.99,3998.22,14.21967231,242.26802540650002
801180,2007-05-30,3948.07,3868.36,4178.05,3841.67,19.47438634,346.456333124
801180,2007-05-31,4010.23,3888.0,4071.86,3740.24,16.96822301,294.7088726248
801180,2007-06-01,3708.88,4014.24,4050.24,3684.25,15.38883617,272.5392057316
801180,2007-06-04,3376.65,3655.7,3659.4,3375.63,7.96600486,128.505763411
801180,2007-06-05,3485.96,3201.26,3485.96,3102.97,13.28314263,183.797331802
801180,2007-06-06,3601.03,3498.66,3630.94,3406.51,13.97068677,202.6608927062
801180,2007-06-07,3740.25,3612.41,3740.43,3600.61,12.7182088,188.9499124113
801180,2007-06-08,3732.22,3765.79,3779.15,3690.57,11.99630021,180.189833757
801180,2007-06-11,3822.79,3754.6,3834.01,3750.49,12.27302886,191.4060498647
801180,2007-06-12,3867.88,3842.59,3872.14,3689.9,13.86916524,215.8575686643
801180,2007-06-13,4033.48,3896.77,4063.39,3895.84,13.81030966,228.37890146919997
801180,2007-06-14,3942.59,4016.34,4057.41,3920.01,12.59201016,197.74925260650002
801180,2007-06-15,3943.55,3907.24,3971.64,3874.5,10.00473245,160.3696163874
801180,2007-06-18,4096.9,4019.27,4108.92,4006.31,11.33105989,189.6963080868
801180,2007-06-19,4255.76,4099.27,4261.73,4066.62,12.91551942,223.35953309290002
801180,2007-06-20,4114.48,4286.22,4333.16,4089.45,13.67834643,231.0785214354
801180,2007-06-21,4122.2,4090.3,4173.72,4053.25,9.87708994,163.3718917866
801180,2007-06-22,3996.28,4128.17,4178.77,3913.65,11.8845363,201.0175985768
801180,2007-06-25,3814.52,4004.74,4053.91,3789.22,9.98636821,165.2436100855
801180,2007-06-26,3860.07,3723.4,3860.09,3656.93,8.64784171,130.0812336973
801180,2007-06-27,3990.56,3879.73,4004.52,3860.15,8.84337602,142.8884418245
801180,2007-06-28,3771.23,3976.87,4000.4,3771.23,8.05245203,133.0691440165
801180,2007-06-29,3646.65,3650.33,3740.52,3592.31,7.35617375,110.12870779010001
801180,2007-07-02,3613.74,3602.52,3664.34,3508.32,6.573678,92.95943140909999
801180,2007-07-03,3688.92,3636.16,3693.83,3595.83,5.97121571,84.83178456819999
801180,2007-07-04,3646.13,3689.13,3765.43,3628.12,5.68939316,85.3406164578
801180,2007-07-05,3436.67,3571.33,3610.93,3436.67,5.78481945,80.5102081256
801180,2007-07-06,3592.77,3399.3,3595.18,3338.02,7.48562433,97.9465365782
801180,2007-07-09,3726.78,3620.95,3744.31,3612.32,7.60327618,108.8600881381
801180,2007-07-10,3702.35,3734.88,3775.13,3684.8,8.11607284,126.5958586153
801180,2007-07-11,3791.15,3681.63,3818.98,3679.1,6.73853901,100.8159229384
801180,2007-07-12,3807.77,3789.3,3851.37,3778.91,5.66056761,81.434447218
801180,2007-07-13,3800.72,3794.54,3813.71,3764.65,3.83044099,51.258808727399995
801180,2007-07-16,3689.04,3794.23,3822.25,3688.51,4.82256839,69.2187636047
801180,2007-07-17,3912.65,3661.2,3944.29,3656.45,6.82687482,110.4274135776
801180,2007-07-18,4012.58,3913.39,4109.25,3900.58,9.59958355,159.1445494934
801180,2007-07-19,3997.35,3969.22,4046.93,3948.02,4.97352651,81.1457708098
801180,2007-07-20,4307.68,3984.96,4309.07,3981.84,12.14583385,194.87690473880002
801180,2007-07-23,4419.06,4358.88,4530.86,4357.34,14.62844822,235.51422056259997
801180,2007-07-24,4509.16,4430.4,4631.9,4357.47,12.93711614,212.927340315
801180,2007-07-25,4567.61,4516.22,4568.36,4478.56,9.74680774,161.7161461007
801180,2007-07-26,4626.28,4571.05,4664.42,4479.49,10.30496237,174.5693730572
801180,2007-07-27,4696.3,4590.58,4703.8,4522.58,10.38345769,173.4589978895
801180,2007-07-30,4801.98,4659.62,4914.8,4659.62,11.90776092,213.12572827990002
801180,2007-07-31,4796.06,4784.15,4832.99,4717.19,10.71513166,184.4686211701
801180,2007-08-01,4744.76,4789.88,4957.19,4674.9,12.64730451,217.8006485557
801180,2007-08-02,5089.0,4771.02,5089.0,4771.02,13.77020842,244.16347594029997
801180,2007-08-03,5296.16,5121.62,5383.63,5120.69,16.64322819,308.69294968400004
801180,2007-08-06,5331.37,5327.93,5356.79,5213.0,12.57825516,233.89629160959998
801180,2007-08-07,5266.84,5333.3,5345.88,5184.3,11.6127964,236.0414042143
801180,2007-08-08,5098.85,5195.62,5214.16,5005.78,10.80618053,210.837398061
801180,2007-08-09,5355.3,5104.15,5355.3,5094.97,10.22830579,215.3985239841
801180,2007-08-10,5164.97,5322.76,5329.32,5087.86,9.36891265,187.5401242373
801180,2007-08-13,5045.84,5111.14,5111.14,4964.33,8.94109145,167.3263491903
801180,2007-08-14,5122.77,5022.71,5139.44,4987.37,7.33770193,147.5355972134
801180,2007-08-15,5180.85,5169.06,5244.03,5108.79,8.47794475,165.9970624592
801180,2007-08-16,5050.57,5120.48,5145.22,5007.33,8.02528974,154.6031339756
801180,2007-08-17,4937.82,5018.92,5091.42,4926.25,7.08487948,144.4704958526
801180,2007-08-20,5208.98,5044.08,5209.61,5042.48,7.02814493,142.3560647804
801180,2007-08-21,5254.83,5248.34,5295.88,5213.53,7.52663297,159.9085113223
801180,2007-08-22,5343.48,5232.67,5386.65,5180.68,9.53981583,193.4416706863
801180,2007-08-23,5513.53,5369.8,5576.42,5357.81,9.91204914,219.07216967349999
801180,2007-08-24,5537.08,5502.99,5571.53,5495.01,8.16341719,152.2629973511
801180,2007-08-27,5529.95,5577.78,5629.2,5516.79,9.64592373,173.0924607243
801180,2007-08-28,5510.05,5482.3,5515.43,5396.78,9.98751849,195.2256244088
801180,2007-08-29,5470.44,5522.22,5695.58,5442.39,10.42130184,224.002834134
801180,2007-08-30,5492.76,5491.44,5556.29,5426.43,10.03042608,205.3434270414
801180,2007-08-31,5570.85,5521.49,5573.65,5506.52,8.99871281,180.12098933599998
801180,2007-09-03,5617.48,5612.53,5665.28,5575.66,11.23057638,223.8193303129
801180,2007-09-04,5629.34,5639.65,5742.88,5602.58,13.01028678,253.5165115223
801180,2007-09-05,5523.5,5625.48,5651.92,5446.22,9.19544578,183.910556315
801180,2007-09-06,5553.57,5560.86,5602.96,5469.81,9.90328489,194.53739951560001
801180,2007-09-07,5379.99,5512.5,5519.69,5377.0,11.00061803,218.48215247529998
801180,2007-09-10,5434.85,5295.65,5451.3,5256.46,8.27899381,167.4449025615
801180,2007-09-11,5116.11,5431.35,5437.08,5110.61,9.21469701,180.6278885457
801180,2007-09-12,5164.26,5109.04,5205.76,5018.3,7.43389388,143.1373100882
801180,2007-09-13,5367.23,5194.35,5395.15,5174.79,7.29684554,161.28819724459998
801180,2007-09-14,5354.57,5350.15,5389.2,5264.13,6.51015111,126.03553324309999
801180,2007-09-17,5410.81,5302.88,5453.05,5302.1,7.62222857,155.8861217088
801180,2007-09-18,5303.51,5423.86,5423.86,5265.22,7.9651297,165.4378874693
801180,2007-09-19,5323.28,5323.29,5410.68,5311.54,7.12969969,142.5342740374
801180,2007-09-20,5292.17,5341.44,5394.55,5264.96,6.60428964,133.5517478688
801180,2007-09-21,5210.92,5300.71,5335.21,5113.38,6.95127743,137.6054974422
801180,2007-09-24,5311.35,5212.65,5331.88,5114.52,6.65003987,136.0194101058
801180,2007-09-25,5380.35,5312.15,5448.1,5281.57,6.24121142,133.672324744
801180,2007-09-26,5170.85,5344.87,5371.6,5146.85,5.26126966,109.0954874397
801180,2007-09-27,5089.43,5154.81,5161.72,5051.65,5.16513493,103.6932160408
801180,2007-09-28,5224.13,5123.81,5248.52,5118.09,6.17451042,125.1118493103
801180,2007-10-08,5553.41,5313.55,5578.06,5255.4,9.70145297,229.1262109722
801180,2007-10-09,5576.19,5548.46,5676.36,5485.64,7.6462493,178.5058104443
801180,2007-10-10,5527.31,5584.12,5687.43,5506.6,7.11276931,160.613975337
801180,2007-10-11,5483.3,5522.52,5584.23,5481.49,7.60408233,158.6372407746
801180,2007-10-12,5258.39,5454.82,5454.82,5057.82,9.03721522,184.6259628288
801180,2007-10-15,5042.52,5212.87,5223.54,4993.29,6.75976362,140.5427309158
801180,2007-10-16,5164.22,5049.52,5175.53,5033.5,5.62584146,120.71408633530001
801180,2007-10-17,5071.43,5140.05,5184.69,5057.14,4.98125472,107.041104496
801180,2007-10-18,4951.28,5057.97,5092.85,4943.27,5.54594912,105.9097647895
801180,2007-10-19,5048.88,4984.89,5139.61,4963.82,4.72393233,103.4501996851
801180,2007-10-22,4982.55,4972.31,5087.27,4929.64,4.4130279,91.08281968370001
801180,2007-10-23,5074.18,4985.56,5079.71,4922.79,4.80597178,99.39275103770001
801180,2007-10-24,5134.65,5089.72,5256.51,5076.93,6.07994535,141.9890009442
801180,2007-10-25,4998.4,5099.84,5202.72,4919.62,6.02097321,128.8070733602
801180,2007-10-26,5199.99,4963.38,5246.19,4963.38,5.89960547,139.3113271618
801180,2007-10-29,5259.87,5244.59,5364.03,5202.4,4.22628373,94.5541524208
801180,2007-10-30,5288.73,5271.53,5307.94,5218.05,3.84963402,80.9235236275
801180,2007-10-31,5629.61,5344.82,5629.61,5335.09,7.12078178,148.3568025628
801180,2007-11-01,5709.8,5647.76,5849.78,5605.75,7.69648841,180.1026725095
801180,2007-11-02,5575.22,5604.61,5780.39,5559.31,5.47735819,121.26994231229999
801180,2007-11-05,5317.13,5503.36,5518.61,5274.85,4.28839368,96.5679324175
801180,2007-11-06,5304.42,5278.98,5408.22,5262.01,3.44122346,74.7498307457
801180,2007-11-07,5334.44,5336.35,5383.27,5227.92,3.28610938,65.9254469728
801180,2007-11-08,5118.17,5305.83,5314.65,5116.32,3.85803999,76.78168544649999
801180,2007-11-09,5102.83,5079.15,5198.04,5013.11,3.31233015,66.983920348
801180,2007-11-12,5181.6,4996.58,5204.49,4950.32,3.76770332,82.0220151267
801180,2007-11-13,5078.12,5215.85,5272.59,5026.7,3.59091312,77.4608284409
801180,2007-11-14,5193.16,5116.16,5193.16,5004.22,3.52771162,74.0851604734
801180,2007-11-15,5115.08,5175.8,5200.7,5102.95,3.57453035,71.7160114118
801180,2007-11-16,4990.8,5042.11,5055.35,4905.58,3.53055612,74.65662820189999
801180,2007-11-19,4886.71,4971.13,4978.0,4864.79,3.45383325,69.34346475529999
801180,2007-11-20,4945.19,4863.48,4966.39,4807.99,4.05946492,80.9829730695
801180,2007-11-21,4885.5,4950.37,5021.95,4879.81,3.23852918,60.7013890989
801180,2007-11-22,4637.51,4792.36,4806.68,4620.0,3.28796046,64.33322214350001
801180,2007-11-23,4678.43,4580.6,4685.57,4580.6,2.50594892,49.3798275215
801180,2007-11-26,4620.54,4749.9,4749.9,4582.23,2.76964721,50.5569071224
801180,2007-11-27,4464.2,4593.3,4680.69,4462.49,2.98445446,56.917680196800006
801180,2007-11-28,4351.51,4464.89,4508.09,4318.39,2.81752752,55.1381615316
801180,2007-11-29,4497.71,4401.65,4510.68,4300.88,3.32967869,62.2324274525
801180,2007-11-30,4480.39,4505.68,4584.32,4461.1,3.52747875,62.101517524799995
801180,2007-12-03,4639.3,4460.41,4682.02,4431.64,4.04715111,76.714296688
801180,2007-12-04,4696.58,4655.92,4750.19,4628.56,3.67132937,67.1771744551
801180,2007-12-05,4778.43,4696.23,4781.64,4666.97,3.32968588,58.4426973357
801180,2007-12-06,4758.58,4786.16,4834.4,4707.39,3.10990324,54.3511648439
801180,2007-12-07,4794.5,4770.78,4794.5,4686.89,3.46800222,60.0600465449
801180,2007-12-10,4818.12,4693.92,4829.33,4677.55,5.39807219,102.7840996784
801180,2007-12-11,4742.76,4816.22,4829.28,4680.94,4.72144466,91.6349955506
801180,2007-12-12,4592.3,4688.95,4693.24,4559.73,7.34795688,150.3524620012
801180,2007-12-13,4379.79,4549.48,4556.31,4378.23,6.98091301,140.0874869961
801180,2007-12-14,4445.66,4313.61,4446.33,4289.36,4.56036373,85.1235682277
801180,2007-12-17,4171.12,4408.99,4413.19,4164.73,6.5582626,130.3646362734
801180,2007-12-18,4173.34,4141.35,4244.96,4128.97,3.44829162,63.53618687310001
801180,2007-12-19,4280.16,4220.71,4285.88,4215.64,4.81691321,74.4120612923
801180,2007-12-20,4384.94,4292.52,4390.75,4240.17,5.00492773,86.9028079371
801180,2007-12-21,4392.76,4354.11,4412.16,4339.54,5.66222415,99.3266007522
801180,2007-12-24,4452.98,4419.15,4452.98,4345.95,7.00758239,134.2552945751
801180,2007-12-25,4391.72,4453.44,4458.5,4374.23,7.33624341,139.5893175424
801180,2007-12-26,4442.16,4390.87,4451.49,4370.4,7.59785099,134.4967695253
801180,2007-12-27,4636.81,4452.89,4646.57,4426.07,9.82343179,199.86358423389999
801180,2007-12-28,4641.32,4629.02,4700.18,4622.45,8.23475381,163.0403869466
801180,2008-01-02,4793.17,4662.12,4811.26,4634.74,8.83697992,172.4200309328
801180,2008-01-03,4785.56,4798.99,4798.99,4738.26,9.19902219,176.361655519
801180,2008-01-04,4896.09,4792.81,4912.66,4740.62,8.3374343,168.36757571040002
801180,2008-01-07,5017.38,4896.74,5043.45,4891.41,8.90995218,179.54347282869998
801180,2008-01-08,4890.38,4995.57,5013.31,4856.3,9.51903626,193.0533690385
801180,2008-01-09,4973.29,4859.91,4973.29,4824.49,6.28880771,127.4190050157
801180,2008-01-10,5104.47,4993.13,5131.49,4979.68,8.55895834,182.48734608349997
801180,2008-01-11,5152.48,5126.54,5177.14,5085.81,7.02273973,138.54539329370002
801180,2008-01-14,5216.25,5172.97,5222.77,5135.72,6.84265179,141.3219391565
801180,2008-01-15,5126.26,5225.8,5239.54,5118.29,7.08391384,149.9800910894
801180,2008-01-16,4885.73,5073.44,5084.82,4883.73,7.86449047,167.45929339879999
801180,2008-01-17,4754.78,4847.36,4932.4,4632.48,7.78974688,162.2643802232
801180,2008-01-18,4804.35,4757.94,4811.58,4711.91,5.58372147,104.74605924149999
801180,2008-01-21,4543.68,4815.61,4820.64,4518.31,6.63247971,125.4718866311
801180,2008-01-22,4167.59,4428.51,4443.63,4139.66,7.19196401,123.583892636
801180,2008-01-23,4335.12,4179.82,4336.13,4139.03,7.33028867,128.03031773540002
801180,2008-01-24,4427.92,4370.35,4439.96,4275.86,7.80020652,138.2975248678
801180,2008-01-25,4630.13,4410.9,4711.96,4352.97,8.52145669,163.21952565889998
801180,2008-01-28,4322.26,4602.18,4604.86,4320.21,5.88454768,102.8316545083
801180,2008-01-29,4392.08,4306.71,4487.92,4303.04,4.40098634,80.01117905640001
801180,2008-01-30,4422.32,4462.1,4540.18,4327.54,4.94790176,93.490230911
801180,2008-01-31,4388.48,4443.45,4498.89,4385.37,3.6215468,72.0510602667
801180,2008-02-01,4335.16,4386.27,4443.85,4207.19,4.60790442,86.2805968431
801180,2008-02-04,4655.59,4449.62,4660.98,4441.68,5.2384245,111.4978858802
801180,2008-02-05,4600.66,4629.54,4677.8,4571.92,4.47550505,84.17282706
801180,2008-02-13,4532.49,4549.05,4597.46,4465.23,3.06799686,54.7650217299
801180,2008-02-14,4549.31,4571.75,4607.73,4520.15,3.1792396,56.8126660662
801180,2008-02-15,4457.62,4529.24,4529.24,4389.98,3.18347736,56.1988704466
801180,2008-02-18,4595.27,4530.01,4613.78,4504.97,5.25308598,92.0177490234
801180,2008-02-19,4681.33,4594.79,4681.33,4569.11,5.40071618,95.32795903600001
801180,2008-02-20,4529.84,4668.36,4696.82,4529.84,5.44855459,103.193378344
801180,2008-02-21,4452.4,4507.16,4512.48,4383.39,4.35011528,82.9186277108
801180,2008-02-22,4295.79,4435.89,4435.98,4252.54,5.61016839,100.6018241703
801180,2008-02-25,4111.62,4308.57,4339.29,4102.33,5.02639673,90.19962218370001
801180,2008-02-26,4116.27,4232.97,4248.18,4003.62,4.68632991,83.5211092715
801180,2008-02-27,4224.49,4151.03,4251.74,4105.26,4.05301795,69.6156160898
801180,2008-02-28,4178.29,4235.34,4235.73,4150.45,3.31229714,56.6163100647
801180,2008-02-29,4240.54,4183.87,4242.49,4158.05,3.19520477,54.3229322458
801180,2008-03-03,4323.68,4223.54,4341.95,4170.41,5.68762476,96.2385037664
801180,2008-03-04,4185.14,4337.01,4363.12,4177.6,6.46640494,107.48726473100001
801180,2008-03-05,4221.48,4176.3,4221.62,4027.0,7.28365262,118.5166617859
801180,2008-03-06,4245.41,4221.7,4326.32,4172.95,7.53419699,121.8195457989
801180,2008-03-07,4259.59,4205.82,4329.75,4183.95,5.8781745,93.82105124809999
801180,2008-03-10,4099.45,4242.39,4242.39,4081.58,4.90989871,77.82925679659999
801180,2008-03-11,4102.08,4062.05,4130.24,3988.09,3.98522567,64.41373996109999
801180,2008-03-12,3948.84,4184.17,4190.1,3948.69,4.66549176,78.07150681649999
801180,2008-03-13,3818.0,3899.46,3917.46,3751.73,5.25080279,82.9752114321
801180,2008-03-14,3798.81,3808.44,3840.27,3726.66,3.18521091,50.7339068155
801180,2008-03-17,3727.05,3796.16,3858.12,3717.72,4.30762196,68.4529145491
801180,2008-03-18,3547.3,3672.17,3768.37,3502.15,4.32270984,64.63666556310001
801180,2008-03-19,3756.15,3616.37,3777.99,3605.86,5.5377446,91.1482092248
801180,2008-03-20,3942.58,3692.89,3973.96,3595.35,7.02863034,119.8057393066
801180,2008-03-21,3963.77,3963.69,4090.41,3862.11,6.24079977,107.2387450243
801180,2008-03-24,3778.53,4007.69,4034.35,3778.53,4.95612967,81.72641561420001
801180,2008-03-25,3939.35,3720.94,3995.35,3680.69,5.3949644,93.232914812
801180,2008-03-26,3916.03,3952.99,4030.92,3878.19,4.45359104,83.0275862317
801180,2008-03-27,3901.44,3855.16,4031.9,3817.09,6.22487512,110.24334091440001
801180,2008-03-28,4123.28,3874.32,4127.27,3836.0,8.09097772,148.0604799958
801180,2008-03-31,4000.73,4007.06,4116.18,3994.66,5.73129867,99.688508199
801180,2008-04-01,3730.86,3988.76,4034.16,3711.34,6.10088111,106.45635819629999
801180,2008-04-02,3660.98,3771.09,3835.2,3604.07,5.94187868,92.6090169772
801180,2008-04-03,3656.63,3614.07,3699.28,3478.22,5.09293943,78.3924272842
801180,2008-04-07,3848.7,3599.75,3871.0,3557.63,5.40065606,88.9565015442
801180,2008-04-08,3948.41,3841.44,3967.52,3810.95,6.0667275,104.2159825578
801180,2008-04-09,3716.87,3920.15,4002.11,3716.87,6.18196623,101.4825297344
801180,2008-04-10,3792.97,3651.75,3792.97,3621.02,4.45077622,66.1105465972
801180,2008-04-11,3803.38,3817.7,3863.6,3775.42,4.43456633,64.29053913770001
801180,2008-04-14,3471.73,3702.2,3718.18,3467.3,6.37477764,100.47751311370001
801180,2008-04-15,3403.13,3413.53,3429.11,3251.55,5.93864238,90.60491503860001
801180,2008-04-16,3254.59,3352.84,3377.38,3254.3,3.61938658,51.4780319652
801180,2008-04-17,3149.66,3262.55,3338.28,3107.87,3.70917734,51.13342997149999
801180,2008-04-18,3017.87,3137.51,3151.8,2999.59,3.49905828,44.7863933273
801180,2008-04-21,2864.47,3242.87,3244.36,2819.53,6.28371173,82.5861330236
801180,2008-04-22,2909.77,2815.48,2927.57,2743.29,4.66552746,56.7719817407
801180,2008-04-23,3026.46,2833.83,3034.47,2833.44,4.42660541,50.8278603592
801180,2008-04-24,3298.82,3286.68,3299.99,3239.9,9.75113652,123.7193260133
801180,2008-04-25,3435.1,3340.22,3538.36,3314.35,11.23618581,173.4063727446
801180,2008-04-28,3345.92,3375.95,3435.58,3317.08,7.11507203,99.086379239
801180,2008-04-29,3367.81,3316.39,3395.3,3314.53,5.20021221,67.3369971538
801180,2008-04-30,3527.99,3376.67,3540.66,3373.31,8.29737353,116.35757819790001
801180,2008-05-05,3646.52,3581.28,3646.52,3545.71,8.84829718,123.46433122299999
801180,2008-05-06,3598.89,3630.94,3652.53,3564.01,7.61861906,103.8102202286
801180,2008-05-07,3371.68,3574.96,3625.58,3371.25,8.30544828,116.41119278030001
801180,2008-05-08,3450.18,3323.03,3454.85,3310.37,7.20343296,96.49903243760001
801180,2008-05-09,3353.68,3483.51,3498.14,3291.52,8.69103353,125.97010556010001
801180,2008-05-12,3326.98,3287.32,3376.18,3181.39,6.99524716,93.00620858180001
801180,2008-05-13,3263.49,3209.62,3352.2,3185.51,7.14686933,90.96302658100001
801180,2008-05-14,3389.15,3253.71,3392.04,3251.22,6.3078654,81.99165721840001
801180,2008-05-15,3387.32,3434.35,3495.65,3384.43,7.56727865,97.8139381861
801180,2008-05-16,3344.75,3376.13,3424.67,3290.53,6.51672337,79.4174321385
801180,2008-05-19,3264.49,3333.08,3334.86,3241.96,5.00738869,65.855508013
801180,2008-05-20,3102.14,3260.19,3317.26,3089.43,6.48419056,83.321022338
801180,2008-05-21,3154.48,3062.53,3163.11,2984.06,6.59002151,78.90521533020001
801180,2008-05-22,3063.06,3111.74,3122.73,3060.53,5.50064099,67.2099689544
801180,2008-05-23,3017.73,3052.65,3090.23,2968.06,4.78379257,55.622858066599996
801180,2008-05-26,2970.7,2983.22,3047.84,2906.88,5.02434298,58.756908015600004
801180,2008-05-27,3015.06,2961.39,3029.56,2941.63,4.17754172,48.663305483100004
801180,2008-05-28,3097.9,3020.08,3111.07,3016.71,5.29127756,62.3897537977
801180,2008-05-29,2981.33,3090.89,3093.38,2981.33,5.02274088,59.188224634399994
801180,2008-05-30,3015.08,2974.3,3018.74,2964.2,4.71503488,56.0293034721
801180,2008-06-02,2990.97,2991.58,3039.32,2921.97,3.98100213,43.888410934700005
801180,2008-06-03,3019.68,2993.95,3061.53,2931.59,4.20345546,48.4458924843
801180,2008-06-04,3084.76,3007.78,3125.13,2957.75,5.7656338,73.3087486753
801180,2008-06-05,3051.28,3029.05,3073.9,3024.33,3.90085283,44.1017080336
801180,2008-06-06,3003.26,3042.23,3047.17,2983.05,4.0568388,48.7628287246
801180,2008-06-10,2724.17,2871.34,2982.9,2721.51,4.72620827,51.890548491400004
801180,2008-06-11,2586.82,2638.92,2656.02,2554.6,4.88172343,50.4254684684
801180,2008-06-12,2623.56,2571.3,2642.29,2520.64,5.42069183,57.4599535391
801180,2008-06-13,2487.51,2613.2,2619.57,2486.55,4.71687434,46.9221728734
801180,2008-06-16,2490.09,2478.07,2544.59,2414.3,5.47720163,51.5879788816
801180,2008-06-17,2341.26,2479.5,2502.89,2331.96,4.84082901,42.9804537368
801180,2008-06-18,2426.54,2311.45,2456.03,2243.49,6.72145296,59.6355915739
801180,2008-06-19,2206.13,2389.57,2394.02,2203.85,5.51952495,46.174765281300004
801180,2008-06-20,2225.72,2204.08,2348.49,2100.98,6.96965991,56.4824979385
801180,2008-06-23,2178.57,2185.15,2245.62,2158.68,3.85589771,30.0920024112
801180,2008-06-24,2267.34,2174.17,2286.95,2173.24,5.22486788,44.2107239808
801180,2008-06-25,2387.33,2264.23,2397.11,2258.6,7.25257394,59.8939462186
801180,2008-06-26,2411.36,2383.44,2458.22,2370.36,8.46770204,71.43870572659999
801180,2008-06-27,2239.07,2317.96,2325.28,2216.96,6.57474268,55.6997667617
801180,2008-06-30,2237.3,2213.16,2262.44,2195.33,4.00650006,31.860681235100003
801180,2008-07-01,2142.47,2236.9,2249.65,2135.36,4.64915018,38.7553516512
801180,2008-07-02,2164.29,2144.73,2188.81,2121.5,4.51232225,38.9296592664
801180,2008-07-03,2219.27,2116.23,2263.25,2088.08,7.42901784,62.3298475899
801180,2008-07-04,2268.15,2206.71,2300.09,2193.09,8.40107585,71.2019459768
801180,2008-07-07,2423.17,2257.27,2428.49,2256.08,10.69230758,91.2064395685
801180,2008-07-08,2459.63,2443.45,2463.57,2381.31,11.42070915,99.9943776283
801180,2008-07-09,2615.52,2475.72,2631.41,2473.89,15.23013194,139.3038440853
801180,2008-07-10,2601.13,2582.63,2716.3,2557.41,16.51647,155.8082956568
801180,2008-07-11,2536.52,2576.45,2606.76,2490.51,10.79057871,98.8656603742
801180,2008-07-14,2554.01,2517.78,2567.84,2498.64,7.63486507,68.36994476939999
801180,2008-07-15,2405.26,2567.69,2584.2,2402.41,11.50281104,100.43054004940001
801180,2008-07-16,2245.3,2365.68,2372.72,2221.08,9.12279662,74.3224315091
801180,2008-07-17,2207.49,2280.16,2328.38,2194.44,7.12532682,59.0103959912
801180,2008-07-18,2297.29,2229.4,2297.29,2166.77,7.02498924,57.107221985699994
801180,2008-07-21,2421.97,2281.72,2424.12,2269.28,8.70256081,75.8134305199
801180,2008-07-22,2415.02,2417.85,2461.52,2411.26,7.56841195,68.5605827015
801180,2008-07-23,2398.77,2426.75,2444.3,2380.61,7.05675422,64.0679189881
801180,2008-07-24,2539.49,2414.36,2555.2,2412.01,12.43533435,113.99923154700001
801180,2008-07-25,2513.57,2490.82,2557.18,2471.24,10.74932468,96.7074197691
801180,2008-07-28,2548.77,2539.16,2608.94,2526.78,10.61959017,98.61035952790002
801180,2008-07-29,2475.28,2487.23,2499.8,2452.66,8.42298526,73.3136144047
801180,2008-07-30,2455.18,2505.22,2516.7,2424.56,6.23258374,54.039297535100005
801180,2008-07-31,2355.14,2456.7,2463.59,2354.6,6.21958814,53.7160363923
801180,2008-08-01,2413.83,2336.21,2442.07,2309.53,6.80999423,59.285910978100006
801180,2008-08-04,2341.99,2385.07,2403.11,2332.31,4.9810634,42.2525499258
801180,2008-08-05,2235.96,2335.49,2358.58,2225.86,6.35686289,52.71289489350001
801180,2008-08-06,2223.04,2251.56,2265.06,2179.87,5.43259522,44.745251743999994
801180,2008-08-07,2260.88,2218.27,2275.61,2214.75,5.01147924,40.3382628495
801180,2008-08-08,2097.29,2267.28,2267.49,2097.29,5.90809596,46.297981148000005
801180,2008-08-11,1959.54,2083.86,2088.68,1941.43,5.37059648,37.9258749606
801180,2008-08-12,1945.27,1925.12,1977.23,1906.23,4.44556367,30.115943243
801180,2008-08-13,1966.85,1927.71,1988.48,1866.18,5.01639689,34.7395109609
801180,2008-08-14,1988.75,1953.59,2013.06,1932.85,4.18168384,30.782743927800002
801180,2008-08-15,1957.4,1974.81,2000.79,1941.77,3.73477073,27.5669285189
801180,2008-08-18,1826.76,1955.07,1957.55,1826.76,4.09940486,27.1952726912
801180,2008-08-19,1856.89,1796.79,1861.38,1785.81,3.27999253,20.7879010103
801180,2008-08-20,2021.34,1838.57,2023.55,1820.16,7.35688078,52.302464549300005
801180,2008-08-21,1953.56,1982.61,2029.53,1942.41,6.28325652,46.6807321544
801180,2008-08-22,1906.86,1929.15,1944.43,1869.91,4.67419072,32.0165798985
801180,2008-08-25,1902.91,1905.04,1939.97,1876.68,3.40914542,24.234687619200002
801180,2008-08-26,1844.03,1874.88,1905.21,1811.37,4.1905426,27.6386953424
801180,2008-08-27,1859.84,1834.64,1895.97,1824.05,4.70601457,31.0773217806
801180,2008-08-28,1837.82,1853.83,1877.89,1835.09,4.04970597,26.296819609099998
801180,2008-08-29,1913.88,1851.04,1939.09,1841.58,6.62111128,43.9429568554
801180,2008-09-01,1862.94,1894.25,1914.99,1829.82,4.42764475,27.6217109666
801180,2008-09-02,1861.8,1851.53,1888.17,1836.85,3.95185244,23.518612091999998
801180,2008-09-03,1843.64,1859.38,1883.7,1814.67,4.95912471,29.501814853899997
801180,2008-09-04,1852.82,1836.9,1872.99,1822.98,3.47949323,20.047794329400002
801180,2008-09-05,1757.6,1802.39,1818.75,1756.35,4.54774705,26.861646275100004
801180,2008-09-08,1660.84,1756.82,1778.34,1651.23,4.91066903,29.740473434800002
801180,2008-09-09,1663.72,1661.42,1678.99,1644.92,3.25635531,19.0984991326
801180,2008-09-10,1661.88,1644.64,1695.33,1627.11,4.08333211,23.6446480131
801180,2008-09-11,1584.5,1650.27,1653.53,1576.09,4.14417196,23.887329675300002
801180,2008-09-12,1590.91,1579.26,1616.46,1578.81,3.56401388,20.385346034
801180,2008-09-16,1577.43,1609.18,1623.64,1573.43,6.67445616,39.3104911195
801180,2008-09-17,1504.88,1573.21,1580.79,1500.09,5.60393003,30.0327814254
801180,2008-09-18,1480.83,1458.88,1504.77,1397.25,6.62161358,34.0016098904
801180,2008-09-19,1626.86,1619.04,1626.86,1596.32,6.55534152,36.753254169499996
801180,2008-09-22,1711.17,1740.49,1776.8,1638.36,14.90021873,90.44923390049999
801180,2008-09-23,1584.95,1640.57,1641.6,1584.84,7.90133223,44.37568113020001
801180,2008-09-24,1588.65,1548.2,1588.65,1520.45,5.48959211,30.4089206885
801180,2008-09-25,1663.3,1588.08,1695.31,1581.55,11.07499477,64.9328880935
801180,2008-09-26,1768.03,1665.63,1777.7,1659.86,12.81082695,77.03904243640001
801180,2008-10-06,1691.36,1712.42,1754.39,1677.93,8.79534308,52.6555921262
801180,2008-10-07,1748.06,1629.17,1785.51,1615.8,8.68998629,53.517584363800005
801180,2008-10-08,1711.19,1702.23,1760.47,1686.23,7.32005303,44.836233817600004
801180,2008-10-09,1656.22,1755.93,1756.49,1637.05,8.06350895,49.137022825600006
801180,2008-10-10,1554.09,1578.99,1593.39,1552.53,6.04139568,31.3041022862
801180,2008-10-13,1637.32,1535.18,1637.32,1477.89,6.56680302,35.9017459316
801180,2008-10-14,1631.12,1681.19,1731.7,1631.12,11.91634416,70.11915590640001
801180,2008-10-15,1652.38,1613.93,1667.48,1605.62,7.97008738,44.724308155600006
801180,2008-10-16,1645.74,1579.3,1686.79,1574.58,11.67878722,66.6697004367
801180,2008-10-17,1650.19,1663.47,1669.41,1598.3,7.74378742,42.7321380467
801180,2008-10-20,1722.16,1655.71,1722.16,1617.99,9.85943267,56.679613125500005
801180,2008-10-21,1685.71,1715.62,1736.93,1683.78,9.71284235,55.2803986999
801180,2008-10-22,1617.75,1659.05,1690.18,1616.44,6.89515874,39.358826742800005
801180,2008-10-23,1680.12,1635.85,1684.29,1604.44,9.91463633,60.367929788299996
801180,2008-10-24,1605.83,1668.8,1673.21,1582.59,6.6443119,37.2351886118
801180,2008-10-27,1472.13,1566.52,1570.25,1467.65,6.59134391,33.6462441156
801180,2008-10-28,1491.69,1415.76,1503.67,1392.45,8.55833465,44.3998846032
801180,2008-10-29,1464.88,1506.45,1518.65,1461.47,7.22052057,37.8807814861
801180,2008-10-30,1487.81,1476.92,1522.99,1458.93,6.39956411,34.855484800999996
801180,2008-10-31,1466.48,1480.2,1496.06,1455.12,3.78444199,18.328816402
801180,2008-11-03,1452.1,1454.17,1487.81,1447.67,3.34410098,16.49559227
801180,2008-11-04,1382.41,1447.09,1449.37,1378.45,4.44851831,21.8303728112
801180,2008-11-05,1434.95,1392.39,1450.53,1390.42,5.169579,24.6718468169
801180,2008-11-06,1390.8,1398.65,1399.6,1378.76,4.15130136,19.1517708954
801180,2008-11-07,1417.06,1361.62,1426.56,1354.62,4.52127363,20.6538621461
801180,2008-11-10,1520.37,1445.59,1520.38,1442.43,8.7827209,43.444328582
801180,2008-11-11,1531.82,1516.33,1598.48,1498.21,11.23317594,58.00912300979999
801180,2008-11-12,1563.11,1508.48,1564.99,1504.43,7.14373422,35.7386923328
801180,2008-11-13,1627.81,1537.19,1657.85,1523.99,13.4751055,72.2559373555
801180,2008-11-14,1711.85,1652.03,1711.85,1643.64,15.73907411,86.2702263268
801180,2008-11-17,1738.59,1695.17,1738.59,1664.58,17.47746233,98.0279527763
801180,2008-11-18,1598.52,1714.27,1730.66,1590.09,15.83056838,85.6979602654
801180,2008-11-19,1714.68,1587.36,1718.11,1579.06,13.63274579,75.6102250441
801180,2008-11-20,1764.93,1682.19,1797.57,1677.77,20.41745316,116.84652315459999
801180,2008-11-21,1829.27,1709.19,1881.45,1679.44,24.33759975,146.48931814510001
801180,2008-11-24,1697.87,1795.73,1804.81,1697.87,12.34613138,71.890139518
801180,2008-11-25,1701.21,1720.89,1748.52,1658.77,8.75082867,51.655998026199995
801180,2008-11-26,1739.93,1697.82,1776.36,1676.35,10.38435102,64.2181994923
801180,2008-11-27,1790.76,1897.89,1897.89,1790.76,25.38945757,158.9514322315
801180,2008-11-28,1735.83,1761.4,1771.71,1723.19,12.41250762,67.34347149140001
801180,2008-12-01,1774.54,1722.53,1788.0,1708.14,10.41874859,60.4211698715
801180,2008-12-02,1776.96,1726.12,1806.08,1724.31,11.28881779,61.539599036700004
801180,2008-12-03,1846.59,1784.89,1847.21,1774.03,14.16161583,79.7038054783
801180,2008-12-04,1855.99,1867.35,1931.01,1855.36,17.43571636,102.04697140340001
801180,2008-12-05,1947.05,1850.88,1953.05,1850.88,17.41813658,105.8262818359
801180,2008-12-08,2026.31,1975.84,2044.8,1969.3,22.19850697,142.6422776515
801180,2008-12-09,1956.04,2033.7,2033.7,1951.01,15.77554308,96.7883683306
801180,2008-12-10,1997.3,1941.86,1998.91,1919.01,12.63648857,78.4253342871
801180,2008-12-11,1982.62,1994.96,2050.06,1979.59,14.43069556,92.3215825701
801180,2008-12-12,1889.83,1967.46,1981.89,1864.13,11.29820169,67.91767166359999
801180,2008-12-15,1892.3,1922.88,1935.15,1852.38,9.58535924,56.81402323
801180,2008-12-16,1969.35,1878.92,1969.35,1860.7,12.27664493,72.3466872254
801180,2008-12-17,1977.64,1975.48,2002.06,1964.34,13.85932593,84.1282288732
801180,2008-12-18,2003.45,2009.25,2011.28,1958.7,15.88275753,100.0613213417
801180,2008-12-19,1993.3,1992.32,2008.08,1964.91,11.54811908,70.4088822992
801180,2008-12-22,1923.08,1989.85,1992.43,1893.33,10.97016,69.5767152375
801180,2008-12-23,1803.77,1934.66,1934.75,1799.39,12.99496644,79.5251580316
801180,2008-12-24,1751.43,1774.83,1791.31,1736.47,8.45797541,47.312547592899996
801180,2008-12-25,1735.22,1757.19,1770.64,1702.62,7.11256867,39.2927601525
801180,2008-12-26,1706.76,1738.99,1739.13,1700.43,5.44621756,31.2897485839
801180,2008-12-29,1711.88,1695.92,1717.01,1651.54,6.16213804,34.8530009465
801180,2008-12-30,1681.18,1705.14,1722.88,1667.01,6.03210367,34.2413017214
801180,2008-12-31,1664.9,1680.71,1696.9,1660.08,5.29921256,29.8803492476
801180,2009-01-05,1733.54,1692.22,1733.54,1680.46,6.43142714,36.382439889400004
801180,2009-01-06,1796.73,1730.38,1800.22,1721.36,9.12234175,52.9692938046
801180,2009-01-07,1793.84,1802.18,1825.31,1791.31,7.81193273,45.042151472200004
801180,2009-01-08,1798.9,1771.98,1811.98,1765.85,8.28237203,50.851038389399996
801180,2009-01-09,1828.66,1792.28,1836.14,1784.83,7.12597459,44.6459895942
801180,2009-01-12,1824.24,1814.76,1854.54,1802.91,8.37825436,52.823300582799995
801180,2009-01-13,1770.28,1799.65,1804.26,1769.28,8.12184974,48.9821156253
801180,2009-01-14,1836.49,1765.72,1836.49,1765.38,8.52924223,51.1165921291
801180,2009-01-15,1849.17,1814.14,1882.65,1810.38,12.41360846,75.7027024553
801180,2009-01-16,1874.34,1850.86,1907.38,1850.28,13.65309626,86.33059952629999
801180,2009-01-19,1895.25,1887.76,1930.99,1872.49,11.04481548,72.3699244293
801180,2009-01-20,1878.41,1891.32,1891.88,1851.38,6.84132299,43.217530050600004
801180,2009-01-21,1899.12,1854.46,1910.19,1848.62,9.26425971,59.2367978207
801180,2009-01-22,1912.05,1904.78,1918.41,1877.61,8.28384755,53.360731268900004
801180,2009-01-23,1904.69,1908.45,1931.84,1899.81,7.36179944,47.60899957229999
801180,2009-02-02,1941.37,1916.84,1941.84,1898.72,8.19839604,52.4964450095
801180,2009-02-03,1980.22,1936.93,1982.29,1921.17,16.88063225,109.72505096969999
801180,2009-02-04,2029.22,1982.48,2029.22,1974.42,16.53735779,108.7613366827
801180,2009-02-05,2012.01,2027.75,2077.14,1995.29,19.75317086,130.62886682389998
801180,2009-02-06,2135.31,2020.67,2142.05,2020.67,22.56384506,151.9302262537
801180,2009-02-09,2205.78,2175.86,2221.31,2145.23,25.14454151,173.2067619675
801180,2009-02-10,2282.1,2196.07,2283.33,2175.23,22.98361868,162.108297473
801180,2009-02-11,2267.93,2238.82,2325.73,2229.24,25.36829334,179.5413286136
801180,2009-02-12,2337.05,2277.58,2337.05,2215.59,23.95324829,168.2670956472
801180,2009-02-13,2444.39,2347.12,2449.47,2320.67,28.0076117,208.3891080496
801180,2009-02-16,2449.77,2471.33,2479.16,2393.97,27.49249576,210.5912912674
801180,2009-02-17,2322.79,2443.15,2455.86,2321.36,23.68683418,183.29153406700001
801180,2009-02-18,2230.09,2271.6,2354.18,2224.93,19.81421926,145.9048355288
801180,2009-02-19,2276.75,2249.64,2284.86,2217.2,15.75404232,119.1628816105
801180,2009-02-20,2314.94,2271.08,2317.6,2244.57,14.54725823,115.35647541370001
801180,2009-02-23,2423.61,2343.87,2437.68,2343.01,21.09072727,170.2987544348
801180,2009-02-24,2354.7,2393.12,2487.11,2352.34,23.48244653,189.6459516768
801180,2009-02-25,2291.67,2354.36,2393.12,2223.53,19.45126875,152.64227129530002
801180,2009-02-26,2141.29,2276.75,2314.72,2114.99,16.13781973,119.31220005780001
801180,2009-02-27,2073.12,2109.39,2123.83,2022.05,13.82701502,96.3029005228
801180,2009-03-02,2157.59,2060.06,2169.27,2055.73,12.00238911,85.0205431801
801180,2009-03-03,2159.51,2101.91,2203.27,2088.43,11.67721298,84.6232758302
801180,2009-03-04,2304.37,2178.27,2309.47,2176.0,17.67638741,134.0920666875
801180,2009-03-05,2322.47,2332.04,2381.58,2251.38,18.92457822,145.3532872009
801180,2009-03-06,2343.52,2281.07,2383.52,2280.73,15.78267363,119.7765197668
801180,2009-03-09,2273.57,2362.4,2429.59,2260.52,15.42592207,121.76820317079999
801180,2009-03-10,2297.05,2245.27,2297.05,2206.96,10.12942244,75.27468056859999
801180,2009-03-11,2262.8,2346.64,2354.02,2251.67,12.07413631,90.6874613895
801180,2009-03-12,2294.53,2255.11,2304.18,2191.73,12.35480683,92.1144997998
801180,2009-03-13,2255.81,2298.81,2318.13,2251.03,11.41323129,86.0765327143
801180,2009-03-16,2311.4,2243.55,2317.99,2235.09,9.67295867,74.8906118634
801180,2009-03-17,2447.94,2317.4,2461.87,2316.31,21.2650166,167.4547373197
801180,2009-03-18,2456.76,2465.17,2513.76,2444.46,23.46813354,183.31475277959998
801180,2009-03-19,2509.68,2457.73,2518.87,2457.73,18.220032,146.2239936123
801180,2009-03-20,2471.28,2521.46,2523.51,2424.52,17.78055124,146.2008797591
801180,2009-03-23,2561.99,2468.91,2577.96,2459.05,22.62875898,186.83009845970003
801180,2009-03-24,2604.51,2600.03,2642.01,2585.4,22.49789437,189.0206344157
801180,2009-03-25,2552.48,2581.41,2648.55,2552.48,17.86288586,149.9738632904
801180,2009-03-26,2613.99,2563.37,2613.99,2509.62,16.88564073,141.8133123714
801180,2009-03-27,2609.49,2627.21,2632.74,2590.69,17.01012871,145.4821882352
801180,2009-03-30,2575.76,2603.69,2608.64,2567.48,13.844744,110.9314741714
801180,2009-03-31,2639.23,2520.7,2639.23,2508.85,16.96723819,145.8700433222
801180,2009-04-01,2690.22,2646.22,2721.38,2644.31,20.84750815,178.9279910492
801180,2009-04-02,2709.8,2703.32,2747.29,2697.39,21.51355485,187.38078193240003
801180,2009-04-03,2703.18,2733.65,2772.0,2690.26,18.82992735,165.4298733021
801180,2009-04-07,2687.03,2703.52,2717.22,2649.36,13.12380695,114.11344603030001
801180,2009-04-08,2575.56,2679.99,2694.94,2574.93,14.69002681,122.6704161541
801180,2009-04-09,2634.75,2575.09,2634.75,2561.18,12.84024336,108.44830717139999
801180,2009-04-10,2716.97,2638.99,2716.97,2635.92,15.03626483,129.2500039802
801180,2009-04-13,2747.85,2741.82,2767.84,2727.73,18.10566579,158.82721788
801180,2009-04-14,2825.09,2747.06,2843.7,2737.15,19.97254233,187.1533331738
801180,2009-04-15,2814.68,2807.67,2823.28,2745.52,17.18375365,159.7337581097
801180,2009-04-16,2798.44,2816.65,2817.9,2753.23,19.0956031,165.5133518836
801180,2009-04-17,2788.98,2790.15,2823.39,2765.3,16.68264472,152.6420520106
801180,2009-04-20,2841.03,2777.07,2841.03,2773.17,18.04583416,151.0590421666
801180,2009-04-21,2808.73,2803.05,2840.94,2765.17,18.76125355,156.9494093591
801180,2009-04-22,2691.63,2819.54,2862.69,2675.68,21.70632898,191.936261487
801180,2009-04-23,2715.49,2669.75,2743.4,2633.45,13.46114565,114.9627598208
801180,2009-04-24,2679.61,2721.65,2728.37,2678.65,11.3183242,98.27894697200001
801180,2009-04-27,2588.66,2666.9,2678.48,2578.54,11.64055901,99.17255190430001
801180,2009-04-28,2611.09,2574.54,2616.59,2571.54,8.7808944,74.4281126835
801180,2009-04-29,2737.18,2614.33,2742.11,2613.66,13.36127221,118.16850124940001
801180,2009-04-30,2825.43,2772.03,2843.04,2769.84,17.73234659,168.58747550389998
801180,2009-05-04,2939.97,2836.68,2956.7,2822.44,19.38576772,181.459576823
801180,2009-05-05,2983.05,2955.16,3003.04,2954.33,18.78279152,173.03614458040002
801180,2009-05-06,3061.8,2981.09,3068.37,2972.91,20.31748234,190.0234053312
801180,2009-05-07,3053.59,3085.2,3102.19,2981.0,19.85876175,187.2025369929
801180,2009-05-08,3171.61,3029.46,3204.87,3020.04,26.60701627,234.8305419334
801180,2009-05-11,3044.46,3195.6,3229.64,3044.46,26.60621279,239.24870357400002
801180,2009-05-12,3184.06,3008.78,3184.06,3007.82,17.94923941,155.9259761243
801180,2009-05-13,3179.11,3176.44,3207.84,3156.27,16.92494168,155.37092569950002
801180,2009-05-14,3205.43,3141.81,3215.98,3104.38,16.18223791,152.0788356015
801180,2009-05-15,3197.95,3202.42,3242.76,3165.23,14.18029566,133.3679815115
801180,2009-05-18,3164.36,3176.82,3176.82,3101.86,12.99928257,124.19886141190001
801180,2009-05-19,3202.01,3190.84,3242.5,3177.67,14.59320308,143.7204431655
801180,2009-05-20,3188.47,3203.21,3217.53,3180.36,12.61843099,118.5056712423
801180,2009-05-21,3113.38,3168.24,3175.53,3088.6,14.55825304,137.2041898129
801180,2009-05-22,3093.98,3093.06,3131.47,3070.09,9.99912678,96.0940508128
801180,2009-05-25,3145.23,3015.43,3153.79,3000.74,15.62600863,151.8163832278
801180,2009-05-26,3076.14,3136.06,3136.06,3071.12,13.17099038,127.4467445644
801180,2009-05-27,3083.55,3099.97,3118.16,3057.6,10.12908867,95.69682889229999
801180,2009-06-01,3201.29,3142.55,3207.14,3141.74,13.97253041,137.3075820289
801180,2009-06-02,3250.87,3227.24,3274.63,3217.16,16.70380797,166.4678605484
801180,2009-06-03,3407.96,3251.9,3409.7,3247.14,24.50648796,248.1313315858
801180,2009-06-04,3376.52,3396.38,3415.01,3327.37,18.27781234,187.8443522936
801180,2009-06-05,3319.54,3384.65,3391.99,3314.7,13.51505039,138.6229706581
801180,2009-06-08,3368.23,3312.39,3435.02,3293.36,15.6393505,160.764177833
801180,2009-06-09,3397.66,3380.42,3402.82,3322.38,15.30463329,154.3984151401
801180,2009-06-10,3386.51,3423.04,3436.54,3371.32,16.58470946,168.66574462170001
801180,2009-06-11,3313.54,3381.47,3383.4,3296.26,16.81300124,178.7067019935
801180,2009-06-12,3274.13,3297.4,3347.45,3226.97,14.83128807,149.6587695223
801180,2009-06-15,3334.38,3269.5,3334.38,3252.11,11.18550548,115.33380368280001
801180,2009-06-16,3295.68,3308.08,3324.2,3282.29,10.87371094,110.9734955885
801180,2009-06-17,3499.47,3289.3,3527.08,3280.63,21.30201012,228.7327400023
801180,2009-06-18,3521.49,3484.21,3548.62,3469.62,18.85311149,212.55323139360002
801180,2009-06-19,3578.13,3520.59,3594.79,3509.33,17.05017105,187.1681711395
801180,2009-06-22,3538.22,3607.42,3628.65,3516.58,15.6359272,173.03258902169998
801180,2009-06-23,3504.1,3480.49,3563.05,3450.99,13.62928841,151.1809279244
801180,2009-06-24,3549.76,3500.99,3567.66,3468.6,12.79481409,142.37582377799998
801180,2009-06-25,3581.16,3557.04,3627.9,3545.51,16.31326097,182.4697079255
801180,2009-06-26,3650.95,3593.11,3675.74,3565.5,19.52523177,206.5119892987
801180,2009-06-29,3746.04,3653.14,3828.58,3652.32,25.00273138,270.6130472427
801180,2009-06-30,3739.32,3749.69,3787.43,3725.41,15.85403994,177.4004624461
801180,2009-07-01,3922.88,3728.81,3961.36,3725.94,26.38880609,286.5929235503
801180,2009-07-02,3982.67,3938.61,3982.67,3919.02,25.20833014,261.1912989566
801180,2009-07-03,4198.15,3937.37,4200.11,3931.86,30.25861394,338.7810859271
801180,2009-07-06,4166.57,4213.94,4300.1,4159.93,26.16980642,321.7380707955
801180,2009-07-07,4034.32,4144.62,4147.28,4018.26,19.98915514,248.6568585525
801180,2009-07-08,4147.97,3989.11,4180.66,3970.98,20.92435153,262.3695449385
801180,2009-07-09,4121.63,4136.08,4143.17,4065.66,16.13704422,196.1343805591
801180,2009-07-10,4171.05,4109.14,4222.58,4071.05,21.04995296,258.2347797028
801180,2009-07-13,4137.67,4133.29,4204.85,4121.88,16.98808467,209.8059292187
801180,2009-07-14,4254.45,4139.07,4254.45,4139.07,19.37650816,242.6907927796
801180,2009-07-15,4240.98,4255.81,4279.64,4216.63,20.74188505,269.3429821636
801180,2009-07-16,4237.88,4240.52,4315.54,4176.84,21.43363241,280.2529578264
801180,2009-07-17,4226.22,4220.26,4256.89,4181.34,17.85017561,229.5082810784
801180,2009-07-20,4204.14,4201.47,4213.06,4125.11,22.58131222,296.04631956599997
801180,2009-07-21,4178.88,4183.31,4270.67,4144.81,26.07096877,330.3786624597
801180,2009-07-22,4211.21,4140.29,4211.21,4138.94,19.61644524,249.3875143225
801180,2009-07-23,4349.69,4205.68,4369.84,4205.2,28.28075993,370.9115922747
801180,2009-07-24,4295.11,4369.21,4396.46,4210.85,21.56209705,278.3661416648
801180,2009-07-27,4312.04,4299.86,4312.04,4228.86,18.74577946,257.855910584
801180,2009-07-28,4356.54,4305.35,4392.29,4213.58,24.35013645,326.6495939671
801180,2009-07-29,4015.4,4338.52,4339.5,3949.14,24.24161526,311.6659472715
801180,2009-07-30,3957.2,4014.88,4086.44,3812.97,22.24520192,285.9971375879
801180,2009-07-31,4072.37,3975.91,4079.58,3915.6,20.29144992,265.1140728597
801180,2009-08-03,4045.41,4068.52,4071.78,3971.94,19.58640446,254.83605995669998
801180,2009-08-04,4065.48,4062.26,4118.57,4016.83,21.30649143,274.82367119270003
801180,2009-08-05,3991.1,4052.24,4054.73,3940.49,18.44885229,231.1852827935
801180,2009-08-06,4055.29,3961.39,4149.79,3838.1,25.68256185,336.6825538902
801180,2009-08-07,3899.73,4021.06,4029.78,3884.64,15.08231347,189.5296072
801180,2009-08-10,3857.82,3932.13,3970.8,3810.01,12.43956461,158.2111707502
801180,2009-08-11,3919.93,3870.25,3941.26,3868.66,10.66416477,144.8465050945
801180,2009-08-12,3869.87,3912.61,3968.89,3860.78,16.21884345,227.2568766638
801180,2009-08-13,3967.54,3875.97,3991.36,3784.85,17.50836048,245.385912715
801180,2009-08-14,3886.77,3967.68,4026.61,3882.18,16.52665825,221.93739482770002
801180,2009-08-17,3553.83,3828.1,3838.55,3544.92,15.95718771,189.8144174848
801180,2009-08-18,3554.25,3512.07,3582.75,3460.86,10.83249512,124.4257644838
801180,2009-08-19,3300.21,3563.91,3568.13,3256.66,12.61711359,142.7793801725
801180,2009-08-20,3405.81,3305.95,3416.71,3271.81,12.71732748,141.1047693623
801180,2009-08-21,3460.79,3398.79,3499.63,3372.08,12.878302,137.160661536
801180,2009-08-24,3497.78,3483.66,3513.95,3440.77,11.91793385,128.7970033844
801180,2009-08-25,3341.74,3483.23,3483.74,3254.91,14.18769107,151.07431525049998
801180,2009-08-26,3445.04,3319.67,3466.85,3299.77,13.34450366,145.0965843313
801180,2009-08-27,3437.0,3409.68,3490.64,3377.86,14.08148564,151.5307535453
801180,2009-08-28,3297.43,3427.17,3438.76,3288.56,11.94650327,130.4479358852
801180,2009-08-31,3013.82,3246.22,3250.04,3011.35,12.87428653,135.1662189625
801180,2009-09-01,3068.13,2976.51,3159.61,2962.74,13.38532143,136.5946132684
801180,2009-09-02,3103.47,3035.09,3132.68,3021.13,10.44997016,110.6760446774
801180,2009-09-03,3343.49,3115.29,3355.76,3112.3,17.64588151,192.9707300812
801180,2009-09-04,3391.67,3352.59,3425.68,3337.42,16.73120085,187.80877885330003
801180,2009-09-07,3377.14,3407.56,3449.92,3343.49,14.34027048,157.0696135858
801180,2009-09-08,3490.15,3353.25,3490.15,3316.54,15.96830679,182.5229846909
801180,2009-09-09,3497.75,3496.82,3520.09,3446.61,13.94579915,154.6457771048
801180,2009-09-10,3506.41,3490.23,3569.7,3489.75,13.03495753,150.3138555072
801180,2009-09-11,3593.02,3492.41,3624.49,3492.41,14.57541962,166.4940020004
801180,2009-09-14,3696.28,3624.95,3698.52,3623.94,15.70797752,176.4987575319
801180,2009-09-15,3700.74,3691.89,3717.79,3655.74,14.3867745,160.1922899552
801180,2009-09-16,3650.15,3689.94,3713.24,3586.76,16.10837799,178.08085583509998
801180,2009-09-17,3701.12,3648.46,3710.42,3646.23,15.45432092,172.5165505196
801180,2009-09-18,3521.62,3703.74,3706.93,3477.29,16.20675831,185.2479269034
801180,2009-09-21,3498.93,3474.62,3498.93,3362.03,10.81406859,120.77710621850001
801180,2009-09-22,3389.15,3481.84,3538.96,3388.19,9.92055849,113.9856329144
801180,2009-09-23,3284.12,3374.83,3414.38,3257.04,10.44664871,113.46225970459999
801180,2009-09-24,3357.16,3261.45,3415.9,3197.97,11.86727887,131.36640906280002
801180,2009-09-25,3313.03,3329.56,3368.12,3284.36,7.84790539,85.6498814633
801180,2009-09-28,3199.89,3324.36,3353.01,3182.72,6.78224158,74.1776792398
801180,2009-09-29,3202.85,3202.47,3227.96,3135.24,7.3806652,79.3677220133
801180,2009-09-30,3251.9,3227.2,3283.5,3223.65,6.94616947,77.0099796491
801180,2009-10-09,3412.87,3317.69,3412.87,3299.21,8.62923476,98.0085309415
801180,2009-10-12,3414.95,3417.1,3466.17,3395.46,8.35156808,98.80631092950001
801180,2009-10-13,3469.15,3399.17,3469.15,3390.74,7.79326131,88.6947366601
801180,2009-10-14,3589.07,3483.14,3639.86,3481.06,17.09037805,208.20670982849998
801180,2009-10-15,3596.29,3613.27,3646.18,3573.43,11.52558373,134.5875459559
801180,2009-10-16,3631.72,3599.36,3636.17,3567.76,10.4466064,128.0484730341
801180,2009-10-19,3840.3,3636.23,3840.74,3633.5,21.02581357,255.53835347470002
801180,2009-10-20,3860.21,3864.84,3875.82,3812.09,18.33018283,220.5636411906
801180,2009-10-21,3883.6,3856.51,3978.03,3836.98,21.43301811,250.4424146259
801180,2009-10-22,3880.55,3859.33,3930.47,3852.26,18.83574648,198.403868977
801180,2009-10-23,3943.73,3891.12,3999.53,3887.83,22.62547521,247.32294863669998
801180,2009-10-26,3920.7,3952.97,3977.36,3894.15,15.09328756,167.2736359079
801180,2009-10-27,3807.16,3884.77,3906.01,3807.16,15.48271708,183.4120488714
801180,2009-10-28,3802.16,3789.45,3820.57,3711.55,13.23208504,155.7224405422
801180,2009-10-29,3670.28,3722.0,3733.99,3656.58,12.78622353,150.7707884598
801180,2009-10-30,3691.76,3728.37,3751.5,3689.19,12.52239618,148.6962368667
801180,2009-11-02,3839.14,3609.67,3839.14,3592.32,16.64374534,196.1864647628
801180,2009-11-03,3879.97,3865.45,3891.82,3846.61,21.67968621,258.4230016914
801180,2009-11-04,3842.16,3881.11,3881.11,3797.81,18.46704248,224.5513073807
801180,2009-11-05,3863.22,3847.82,3914.43,3838.49,15.8183594,197.89966050740003
801180,2009-11-06,3932.58,3900.57,3932.58,3900.57,21.24363473,254.59416569040002
801180,2009-11-09,3916.96,3934.34,3951.21,3862.87,16.40022216,192.7131403805
801180,2009-11-10,3980.22,3945.92,4009.71,3924.28,21.04693561,261.8477813152
801180,2009-11-11,3957.3,3969.49,3986.03,3924.62,15.07649378,185.977172076
801180,2009-11-12,3928.29,3964.01,3983.48,3918.47,15.16902955,180.3239796776
801180,2009-11-13,3927.63,3910.17,3932.73,3846.4,15.37291015,186.17348258099997
801180,2009-11-16,4036.94,3939.45,4036.94,3939.45,21.34395572,261.62763486169996
801180,2009-11-17,4065.13,4051.82,4098.41,4045.7,21.3893089,259.049999846
801180,2009-11-18,4033.64,4058.34,4064.12,4013.93,16.45733645,198.49972983930002
801180,2009-11-19,4069.6,4034.53,4069.6,4009.79,18.25994768,216.7982410962
801180,2009-11-20,4107.59,4060.59,4138.01,4026.66,20.70266131,252.9457872292
801180,2009-11-23,4113.57,4104.45,4113.57,4073.69,18.93461117,236.80439527619998
801180,2009-11-24,4010.01,4125.08,4204.5,4001.15,31.91197586,403.2662255926
801180,2009-11-25,4117.63,3995.21,4117.63,3957.14,24.82200561,304.1208377173
801180,2009-11-26,4045.03,4129.21,4256.66,4028.98,32.34851554,413.8337110879
801180,2009-11-27,3838.32,3964.72,4003.03,3814.66,21.92866769,253.2217782029
801180,2009-11-30,3941.97,3861.07,3941.97,3855.72,15.03928228,183.7594149764
801180,2009-12-01,3978.91,3942.29,3981.44,3879.18,18.00048613,219.4126188968
801180,2009-12-02,4079.73,3991.41,4127.93,3984.43,23.47927559,298.393025494
801180,2009-12-03,4048.81,4090.18,4091.23,4003.17,17.71833376,225.9610185153
801180,2009-12-04,4037.31,4041.38,4080.72,3908.12,20.32606915,262.8263084722
801180,2009-12-07,4126.58,4041.39,4129.62,4014.24,17.47867091,229.1071070875
801180,2009-12-08,4127.59,4147.24,4214.97,4108.89,22.40947965,294.0716704038
801180,2009-12-09,4039.99,4085.77,4111.94,4024.24,13.81856306,175.56295560549998
801180,2009-12-10,4020.01,4057.23,4083.67,3984.22,11.45145624,150.83622829040002
801180,2009-12-11,3991.9,4028.89,4038.52,3980.41,9.63420564,122.41451956040001
801180,2009-12-14,3968.27,3989.11,3989.41,3867.21,11.4452006,148.1456997695
801180,2009-12-15,3837.36,3925.05,3925.27,3822.62,17.83980947,235.9307202523
801180,2009-12-16,3800.86,3817.11,3839.7,3786.11,11.55712583,150.0568526205
801180,2009-12-17,3734.24,3807.75,3821.95,3729.66,10.8069887,135.4694179757
801180,2009-12-18,3485.86,3687.31,3688.57,3475.58,16.68019724,199.7047172891
801180,2009-12-21,3527.38,3477.77,3539.53,3432.22,11.12008496,132.3387516342
801180,2009-12-22,3380.79,3523.37,3523.37,3365.78,11.71192436,136.88585635409999
801180,2009-12-23,3408.17,3380.86,3422.99,3369.43,8.79418838,104.95646687899999
801180,2009-12-24,3486.03,3404.14,3490.71,3384.42,12.13030749,141.7506626519
801180,2009-12-25,3497.8,3485.11,3516.88,3449.84,10.97230745,125.5524491682
801180,2009-12-28,3537.15,3499.45,3555.57,3499.45,10.94843862,124.6631538873
801180,2009-12-29,3513.89,3539.46,3540.16,3467.16,11.16821407,132.1482047583
801180,2009-12-30,3583.88,3507.71,3583.88,3477.52,15.81513736,188.8217195062
801180,2009-12-31,3602.36,3574.09,3611.37,3547.08,13.84044675,170.2719865076
801180,2010-01-04,3536.03,3611.5,3615.57,3536.03,11.5377865,142.35497683149998
801180,2010-01-05,3459.33,3528.57,3530.12,3421.0,17.4093464,208.23646618330002
801180,2010-01-06,3465.8,3454.02,3510.59,3426.65,13.90772518,165.9906043163
801180,2010-01-07,3442.29,3456.43,3494.42,3416.0,14.25798995,166.9104654011
801180,2010-01-08,3491.63,3432.96,3491.63,3420.97,12.53620231,148.8911963797
801180,2010-01-11,3423.24,3529.98,3538.0,3403.16,15.19668945,183.34512118130002
801180,2010-01-12,3471.89,3418.25,3478.95,3369.73,15.86198581,187.6825124147
801180,2010-01-13,3360.59,3379.19,3406.49,3354.51,15.12828061,175.3114752289
801180,2010-01-14,3400.17,3364.16,3407.81,3346.8,12.51423139,140.6444359073
801180,2010-01-15,3467.07,3412.06,3484.15,3411.77,16.19105743,190.6579171905
801180,2010-01-18,3518.35,3467.03,3518.43,3460.33,15.36548105,184.58461406520001
801180,2010-01-19,3518.56,3529.36,3540.32,3504.74,14.85307249,179.7200532682
801180,2010-01-20,3403.4,3520.65,3525.17,3394.78,18.02120752,208.11164077610002
801180,2010-01-21,3445.23,3407.71,3460.02,3380.22,12.85004359,146.6763630433
801180,2010-01-22,3361.2,3395.99,3425.12,3320.81,15.39994246,177.1827592926
801180,2010-01-25,3305.08,3340.0,3356.35,3303.39,8.80991855,98.6997288359
801180,2010-01-26,3150.46,3304.46,3317.38,3133.01,11.28775052,124.34329306059999
801180,2010-01-27,3142.85,3155.13,3203.01,3110.5,8.68542736,97.3540202195
801180,2010-01-28,3173.49,3135.82,3183.51,3113.62,7.86285758,90.11588918870001
801180,2010-01-29,3162.76,3148.44,3209.08,3136.49,8.76508927,99.8678377484
801180,2010-02-01,3190.99,3151.65,3205.26,3081.77,10.94181444,116.0641993216
801180,2010-02-02,3158.44,3193.33,3213.0,3157.95,10.49230246,118.27505324379999
801180,2010-02-03,3229.02,3154.0,3232.09,3075.66,12.32277918,139.5045751932
801180,2010-02-04,3258.0,3208.06,3292.04,3193.54,14.4815486,162.1588597418
801180,2010-02-05,3163.02,3184.06,3220.19,3141.03,13.47174013,142.6316045193
801180,2010-02-08,3141.35,3158.79,3171.55,3122.59,9.54657147,96.1294411324
801180,2010-02-09,3129.64,3133.1,3158.11,3115.07,7.15413998,74.8170885412
801180,2010-02-10,3175.16,3148.01,3175.16,3133.17,6.16945191,66.024773318
801180,2010-02-11,3197.95,3179.12,3226.05,3172.45,7.32537906,80.921174218
801180,2010-02-12,3227.05,3211.06,3228.0,3203.81,6.13065924,67.0642275439
801180,2010-02-22,3192.83,3209.68,3217.36,3189.82,7.24061627,76.90938542949999
801180,2010-02-23,3174.95,3189.41,3190.5,3127.32,8.21459439,86.0642760078
801180,2010-02-24,3230.69,3150.97,3230.69,3138.95,9.459673,99.5900012848
801180,2010-02-25,3328.44,3245.85,3330.65,3243.2,16.04606889,173.60254883119998
801180,2010-02-26,3314.9,3322.5,3339.79,3308.69,11.85779188,128.899887764
801180,2010-03-01,3336.04,3307.86,3340.2,3284.67,12.80069089,137.2151342673
801180,2010-03-02,3358.82,3338.26,3359.9,3330.68,14.20773898,154.7853399553
801180,2010-03-03,3357.26,3358.43,3359.96,3331.97,13.46623252,148.5386566537
801180,2010-03-04,3276.43,3361.84,3409.44,3267.39,17.34190738,188.19406971200002
801180,2010-03-05,3275.61,3279.47,3296.26,3240.92,10.34681859,111.25181817059999
801180,2010-03-08,3329.27,3287.59,3347.13,3279.1,11.58288623,124.37066176559999
801180,2010-03-09,3408.35,3327.62,3439.12,3292.68,20.04278134,227.6277378961
801180,2010-03-10,3351.1,3403.44,3409.49,3338.37,13.30876298,150.1139465746
801180,2010-03-11,3328.65,3348.39,3374.44,3302.16,9.20947014,104.3942285869
801180,2010-03-12,3268.86,3326.23,3330.46,3266.27,8.60260951,93.69402112639999
801180,2010-03-15,3255.56,3264.5,3271.34,3233.8,6.9369901,77.8133011984
801180,2010-03-16,3290.68,3258.93,3290.68,3249.73,6.63156148,74.9655019029
801180,2010-03-17,3367.68,3301.96,3367.68,3292.65,10.97324382,130.3696880267
801180,2010-03-18,3408.56,3370.94,3440.07,3370.43,15.17307964,174.94838294209998
801180,2010-03-19,3437.84,3414.99,3459.56,3412.83,12.1947495,137.0128968192
801180,2010-03-22,3430.35,3439.76,3442.79,3408.57,10.42620838,118.34438746209999
801180,2010-03-23,3391.59,3430.11,3430.43,3380.62,9.44473342,110.43634289209999
801180,2010-03-24,3391.0,3391.3,3406.91,3379.76,9.04136833,102.54833749059999
801180,2010-03-25,3331.37,3386.69,3387.03,3328.83,10.05480379,113.8288520014
801180,2010-03-26,3382.66,3330.13,3391.89,3321.21,9.72239607,114.85582109100001
801180,2010-03-29,3454.5,3392.84,3454.5,3392.34,13.34129566,160.18318613469998
801180,2010-03-30,3463.25,3451.12,3472.41,3446.53,10.58670995,127.2500297001
801180,2010-03-31,3470.74,3466.04,3493.81,3450.66,11.08365007,132.9194995958
801180,2010-04-01,3564.01,3477.76,3564.01,3477.59,16.83045842,200.1990803186
801180,2010-04-02,3576.72,3569.23,3597.42,3561.47,15.68382633,187.3019090275
801180,2010-04-06,3513.84,3586.41,3589.5,3486.97,18.21901948,213.19068274880001
801180,2010-04-07,3466.72,3502.94,3504.3,3447.39,14.7358454,170.12964882120002
801180,2010-04-08,3408.36,3461.22,3461.42,3397.33,14.73948561,172.0601788732
801180,2010-04-09,3427.38,3407.88,3427.38,3393.03,12.24738861,141.3303677397
801180,2010-04-12,3318.29,3431.06,3431.63,3302.3,20.85338429,247.06635015470002
801180,2010-04-13,3327.0,3328.0,3339.42,3263.79,13.87752849,161.5169781266
801180,2010-04-14,3328.27,3322.61,3328.27,3290.19,10.65789683,116.2189612624
801180,2010-04-15,3275.07,3307.82,3307.91,3256.63,13.02911631,139.2927330974
801180,2010-04-16,3252.9,3255.99,3279.91,3209.18,11.35977555,123.2464049851
801180,2010-04-19,2988.09,3191.13,3191.38,2987.73,17.9948865,189.1966970418
801180,2010-04-20,2882.29,2982.42,2982.42,2852.46,14.2901506,137.5323294232
801180,2010-04-21,2953.67,2875.09,2956.06,2871.77,13.67522497,134.2552570288
801180,2010-04-22,2903.11,2936.67,2936.8,2876.34,15.16527922,149.4546690828
801180,2010-04-23,2910.31,2896.34,2933.47,2893.05,11.254112,113.44725897149999
801180,2010-04-26,2881.31,2913.54,2921.18,2876.43,9.93930117,97.6481659813
801180,2010-04-27,2852.22,2876.81,2877.34,2801.18,12.80216451,123.14826525229999
801180,2010-04-28,2845.85,2821.59,2868.66,2807.7,9.47217359,93.17845348709999
801180,2010-04-29,2820.96,2866.35,2885.27,2820.96,10.23114847,103.0579870927
801180,2010-04-30,2805.41,2820.5,2824.72,2759.02,9.71939174,93.26286048
801180,2010-05-04,2656.92,2738.79,2759.19,2647.96,11.10405445,101.46055192780001
801180,2010-05-05,2702.04,2621.57,2713.06,2575.63,13.66794401,120.0097304451
801180,2010-05-06,2557.92,2676.25,2676.54,2557.92,11.48757299,100.39315567860001
801180,2010-05-07,2537.68,2495.8,2584.92,2485.18,9.98696992,86.48901398860001
801180,2010-05-10,2591.66,2545.72,2603.08,2524.77,10.65405305,92.55284781690001
801180,2010-05-11,2534.43,2640.51,2646.32,2528.58,9.85415797,84.8844341399
801180,2010-05-12,2585.28,2511.92,2585.28,2483.05,11.67473323,99.6764154463
801180,2010-05-13,2599.79,2581.27,2599.79,2531.14,10.75243659,92.053961541
801180,2010-05-14,2568.74,2575.33,2585.4,2550.31,8.76465761,75.162069143
801180,2010-05-17,2387.12,2529.42,2529.7,2387.12,10.16075832,81.8207279423
801180,2010-05-18,2526.25,2384.96,2543.49,2360.31,15.05488077,120.06627500969999
801180,2010-05-19,2492.72,2489.67,2536.36,2451.23,11.66781097,95.0349912525
801180,2010-05-20,2441.91,2460.3,2511.94,2438.03,8.36711386,67.5869507207
801180,2010-05-21,2538.52,2374.69,2539.55,2368.83,15.10004552,122.784390739
801180,2010-05-24,2675.13,2575.02,2700.77,2574.45,21.08256798,183.5796543534
801180,2010-05-25,2605.7,2629.02,2631.16,2578.77,14.29439783,118.99329240770001
801180,2010-05-26,2613.25,2596.31,2638.06,2567.72,9.96098376,84.3244175751
801180,2010-05-27,2637.08,2587.08,2645.63,2547.98,11.58757256,98.40910598069999
801180,2010-05-28,2603.28,2653.98,2662.66,2584.63,10.67031851,91.6328096705
801180,2010-05-31,2513.18,2582.6,2613.66,2513.18,9.8745707,80.3057478332
801180,2010-06-01,2469.33,2487.25,2505.54,2434.02,10.16312777,79.1801536823
801180,2010-06-02,2536.93,2456.62,2536.93,2454.47,11.32991442,92.0376110934
801180,2010-06-03,2496.58,2544.47,2557.81,2496.58,10.90083023,87.9915177515
801180,2010-06-04,2530.06,2474.21,2542.88,2467.94,10.41857793,82.6121446034
801180,2010-06-07,2492.07,2470.55,2508.82,2463.35,9.78101767,78.7776231939
801180,2010-06-08,2500.94,2483.74,2516.02,2473.1,8.4470164,70.1211958785
801180,2010-06-09,2596.89,2510.73,2603.32,2491.4,16.16826545,131.50993207940002
801180,2010-06-10,2557.33,2569.34,2587.12,2553.91,11.56988292,94.2792118928
801180,2010-06-11,2559.47,2569.67,2577.3,2551.16,9.37433404,77.9290384372
801180,2010-06-17,2571.56,2570.04,2591.53,2564.22,9.296273,77.7110140266
801180,2010-06-18,2554.46,2566.86,2634.55,2543.58,14.90995603,121.7990907158
801180,2010-06-21,2672.97,2563.07,2682.79,2550.94,19.25938959,159.8146408406
801180,2010-06-22,2681.46,2661.42,2689.47,2653.65,14.0308189,119.1108024085
801180,2010-06-23,2663.53,2663.2,2695.71,2627.56,12.23275004,103.730383621
801180,2010-06-24,2657.17,2657.55,2680.25,2639.7,9.33398255,76.7865331446
801180,2010-06-25,2618.2,2641.01,2645.74,2597.99,8.90513138,72.6362951104
801180,2010-06-28,2593.67,2616.6,2632.27,2588.3,6.56081392,53.098081651
801180,2010-06-29,2432.52,2594.84,2603.36,2432.52,13.66202822,102.1294547939
801180,2010-06-30,2366.97,2402.48,2406.08,2363.65,9.20640701,69.2810161493
801180,2010-07-01,2351.58,2363.01,2403.95,2351.58,8.56259906,62.092120371099995
801180,2010-07-02,2433.79,2355.15,2452.0,2310.37,13.61414542,98.4852559385
801180,2010-07-05,2435.12,2397.21,2457.02,2377.33,9.47604757,74.6585573139
801180,2010-07-06,2473.55,2420.01,2485.13,2416.48,11.09014087,84.4693641866
801180,2010-07-07,2485.54,2472.93,2490.1,2458.26,9.52842014,73.5041720028
801180,2010-07-08,2488.26,2498.01,2526.54,2477.96,10.69044832,80.771212593
801180,2010-07-09,2559.71,2490.54,2578.32,2476.63,15.27800121,119.67801016530001
801180,2010-07-12,2642.33,2566.1,2678.98,2557.33,20.61349441,168.053155452
801180,2010-07-13,2555.65,2589.82,2590.12,2548.76,14.26616037,112.48514197600001
801180,2010-07-14,2570.95,2553.57,2611.46,2553.41,11.70715999,94.0414385227
801180,2010-07-15,2550.64,2565.83,2624.87,2550.47,12.34519262,102.143533192
801180,2010-07-16,2571.13,2538.7,2582.31,2502.02,10.10733156,81.0388184129
801180,2010-07-19,2637.54,2540.34,2649.82,2536.31,13.96923516,118.80152218079999
801180,2010-07-20,2689.51,2643.59,2694.77,2643.59,18.66992799,156.95857840989999
801180,2010-07-21,2678.22,2690.47,2698.08,2664.4,14.9598478,126.406144343
801180,2010-07-22,2747.95,2666.85,2753.54,2661.35,20.55745295,173.3113658922
801180,2010-07-23,2746.58,2758.5,2765.82,2711.65,16.63467078,142.99633145549998
801180,2010-07-26,2765.91,2750.52,2766.57,2723.15,15.01696999,126.0862077331
801180,2010-07-27,2755.76,2757.15,2784.72,2743.46,14.86735238,122.7310413909
801180,2010-07-28,2849.12,2751.43,2857.76,2737.95,22.61665714,191.5181475274
801180,2010-07-29,2866.72,2853.49,2870.82,2831.17,23.68468468,189.4180298377
801180,2010-07-30,2874.7,2855.05,2877.45,2835.77,17.87370849,145.8092240672
801180,2010-08-02,2916.45,2867.82,2916.51,2864.29,20.15140669,168.5256514224
801180,2010-08-03,2891.53,2918.02,2968.75,2891.53,23.98501151,198.03037926009998
801180,2010-08-04,2889.67,2880.92,2903.55,2812.58,20.6867202,172.2934136385
801180,2010-08-05,2827.03,2882.49,2882.75,2806.35,21.72795426,185.7573073355
801180,2010-08-06,2843.43,2813.47,2845.2,2754.16,20.63656301,175.6652080965
801180,2010-08-09,2868.13,2830.41,2873.57,2812.85,18.91944581,159.2594189766
801180,2010-08-10,2782.7,2868.15,2884.56,2781.57,19.66914626,166.5870643303
801180,2010-08-11,2837.28,2759.39,2838.21,2759.39,17.23887791,149.30654029
801180,2010-08-12,2840.52,2802.32,2900.62,2795.47,21.08453796,186.29325348860002
801180,2010-08-13,2898.69,2836.92,2898.69,2803.75,16.99856199,147.5980121741
801180,2010-08-16,2931.26,2885.98,2938.05,2871.78,19.55293969,167.5237025762
801180,2010-08-17,2972.86,2936.51,2984.15,2928.76,21.25152976,187.0878357796
801180,2010-08-18,2939.43,2971.05,2979.51,2922.68,17.42275288,152.1119712424
801180,2010-08-19,2932.34,2943.4,2961.74,2903.72,18.57422853,168.7494162102
801180,2010-08-20,2876.08,2914.97,2925.14,2871.4,18.25252245,159.006322025
801180,2010-08-23,2852.54,2871.97,2895.1,2842.05,15.40638317,136.9029677266
801180,2010-08-24,2901.01,2851.37,2917.96,2834.47,16.41639845,146.7325778579
801180,2010-08-25,2802.19,2879.85,2889.58,2800.91,16.00805433,136.5726785016
801180,2010-08-26,2806.54,2806.08,2831.87,2790.05,10.80721933,96.6456132011
801180,2010-08-27,2806.58,2802.74,2818.15,2786.55,9.42424735,82.9264297905
801180,2010-08-30,2836.19,2819.26,2839.01,2798.05,13.11237596,116.2845301425
801180,2010-08-31,2818.62,2827.86,2827.93,2793.76,14.19056318,123.96839695370001
801180,2010-09-01,2785.36,2816.25,2841.6,2762.97,16.04997256,142.5235459808
801180,2010-09-02,2806.44,2807.84,2817.72,2788.67,15.67051931,136.9632232918
801180,2010-09-03,2794.1,2812.5,2817.15,2770.56,15.78814232,139.49730310299998
801180,2010-09-06,2839.82,2807.31,2842.7,2797.9,16.97704052,155.6205896016
801180,2010-09-07,2855.39,2845.06,2866.86,2837.78,15.11317853,140.9299136966
801180,2010-09-08,2820.29,2847.51,2847.55,2805.55,15.4400946,135.8662705762
801180,2010-09-09,2743.29,2820.38,2820.64,2740.31,18.66145955,166.66636919319998
801180,2010-09-10,2711.3,2741.44,2749.04,2679.15,14.01811952,123.52177364020001
801180,2010-09-13,2772.81,2712.7,2797.28,2704.46,15.34695065,131.57342485270001
801180,2010-09-14,2753.04,2775.07,2775.16,2734.16,13.49533476,119.58678863850001
801180,2010-09-15,2727.79,2751.31,2762.74,2721.43,13.66612922,123.4178062883
801180,2010-09-16,2674.33,2723.16,2730.46,2656.28,13.63185652,117.4824228063
801180,2010-09-17,2681.0,2682.13,2700.7,2674.5,10.97067645,96.85078235959999
801180,2010-09-20,2648.23,2685.24,2693.81,2639.31,10.47827334,88.7547087857
801180,2010-09-21,2650.15,2654.76,2667.79,2641.35,7.98125882,69.1682817818
801180,2010-09-27,2688.54,2654.07,2693.02,2618.64,12.04053323,104.0285490126
801180,2010-09-28,2645.15,2672.79,2691.57,2643.21,11.20667281,98.2724024061
801180,2010-09-29,2621.9,2638.75,2660.27,2620.24,9.29164763,79.6177204757
801180,2010-09-30,2723.05,2596.73,2736.19,2587.97,16.50990202,142.9487060123
801180,2010-10-08,2760.21,2705.52,2778.06,2684.08,18.86867859,164.197750065
801180,2010-10-11,2843.26,2754.44,2862.94,2753.05,22.75273613,201.57845689470003
801180,2010-10-12,2848.16,2829.04,2882.97,2816.84,17.63463736,157.1247928871
801180,2010-10-13,2992.93,2849.03,3008.85,2848.11,30.97288536,282.2572215317
801180,2010-10-14,2935.85,2997.61,3027.96,2934.41,25.90518724,243.19708446310003
801180,2010-10-15,2965.34,2915.36,2965.34,2904.54,20.32527368,190.864639127
801180,2010-10-18,3006.37,2961.69,3058.38,2961.69,29.77166111,271.38276306209997
801180,2010-10-19,3011.49,2998.82,3011.49,2941.69,18.7257838,164.9137635215
801180,2010-10-20,2878.24,2902.25,2907.43,2822.06,27.37837252,245.6070890973
801180,2010-10-21,2880.6,2860.88,2900.12,2845.42,17.37386929,156.2112233663
801180,2010-10-22,2888.54,2882.23,2906.71,2864.91,15.42349757,137.8586812172
801180,2010-10-25,2937.6,2893.57,2937.6,2864.76,20.28752059,181.0448550458
801180,2010-10-26,2986.92,2942.29,3022.33,2932.12,24.36948213,220.54821084990002
801180,2010-10-27,2998.52,2983.98,3078.41,2971.91,24.76795294,227.03192591169997
801180,2010-10-28,3030.28,2992.02,3065.23,2991.36,21.3082416,189.5991381529
801180,2010-10-29,2984.51,3030.63,3031.07,2953.87,20.79582966,183.31365220759997
801180,2010-11-01,3015.48,2979.89,3016.37,2970.17,23.67005853,216.17696426830003
801180,2010-11-02,3041.05,3012.62,3067.19,2988.21,28.53837674,262.0962802709
801180,2010-11-03,3032.92,3032.72,3075.08,3011.66,22.03094342,205.78771828819998
801180,2010-11-04,3051.9,3028.32,3061.8,3015.22,18.95245572,175.8497742545
801180,2010-11-05,3103.39,3078.99,3103.4,3058.97,23.50107159,223.4405523326
801180,2010-11-08,3172.98,3128.78,3184.3,3128.48,28.68101385,274.4708691265
801180,2010-11-09,3115.33,3168.44,3169.74,3097.08,27.38631142,255.7005560163
801180,2010-11-10,3042.53,3095.01,3095.07,3018.56,25.54195057,240.8289231334
801180,2010-11-11,3030.96,3032.79,3066.84,3021.88,24.24611477,228.97677257200002
801180,2010-11-12,2824.93,3021.34,3022.35,2817.19,27.50405753,248.1027380928
801180,2010-11-15,2855.57,2833.12,2855.88,2801.3,16.4546518,149.0917351209
801180,2010-11-16,2737.89,2855.75,2855.78,2722.1,16.74769218,151.3644832275
801180,2010-11-17,2715.25,2711.15,2758.38,2703.1,12.98296454,112.6438695777
801180,2010-11-18,2753.59,2740.34,2756.66,2713.54,9.97659945,91.6734247784
801180,2010-11-19,2773.83,2763.77,2773.92,2696.54,12.51636291,112.85567749209999
801180,2010-11-22,2776.7,2748.0,2798.75,2739.39,14.89681684,132.9428948168
801180,2010-11-23,2711.38,2762.72,2762.76,2677.87,12.01616398,106.4704242599
801180,2010-11-24,2759.19,2698.68,2759.19,2698.66,10.59050606,97.8587238045
801180,2010-11-25,2834.74,2768.1,2846.35,2752.08,16.967009,154.6260135389
801180,2010-11-26,2778.57,2818.36,2818.51,2760.4,11.46164565,105.6552151836
801180,2010-11-29,2767.3,2769.35,2783.9,2744.21,9.02816045,82.73790700560001
801180,2010-11-30,2713.43,2765.06,2790.09,2653.78,13.5114342,118.6696798907
801180,2010-12-01,2726.71,2707.77,2734.03,2699.98,8.4738644,77.3633127203
801180,2010-12-02,2743.7,2759.1,2769.72,2743.27,10.75185782,97.7263848457
801180,2010-12-03,2782.83,2754.42,2796.3,2746.56,12.51185327,112.1028182348
801180,2010-12-06,2765.38,2781.69,2800.01,2758.42,10.65248725,97.7931680866
801180,2010-12-07,2809.18,2760.41,2811.36,2738.43,12.68128866,115.07848253190001
801180,2010-12-08,2774.68,2804.21,2815.07,2768.38,11.74992093,104.68652590479999
801180,2010-12-09,2692.31,2767.02,2767.02,2691.01,13.23551081,114.46635514329999
801180,2010-12-10,2700.3,2680.01,2711.51,2674.21,9.32605871,80.48050016399999
801180,2010-12-13,2776.97,2718.22,2777.4,2717.96,13.25213541,114.19734924870001
801180,2010-12-14,2802.72,2782.97,2804.86,2767.76,14.50972638,129.8975757056
801180,2010-12-15,2783.01,2801.09,2804.59,2776.14,12.65396846,117.3468991514
801180,2010-12-16,2810.21,2776.86,2836.12,2775.64,14.16466206,126.31613563309999
801180,2010-12-17,2800.36,2808.26,2810.34,2789.79,9.55614301,83.8300550125
801180,2010-12-20,2761.8,2806.85,2818.1,2719.93,12.11405114,108.63277435139999
801180,2010-12-21,2932.81,2769.56,2944.84,2765.89,28.02028709,258.273067496
801180,2010-12-22,2898.87,2935.02,2980.95,2882.38,22.18072536,218.149489446
801180,2010-12-23,2873.19,2888.16,2909.59,2858.2,13.06137649,129.0575727307
801180,2010-12-24,2903.76,2853.65,2931.54,2845.96,16.99481554,155.0287485516
801180,2010-12-27,2820.11,2889.94,2931.9,2817.78,17.95255256,167.77710398440001
801180,2010-12-28,2704.92,2802.65,2815.94,2702.28,13.47749439,123.0253911383
801180,2010-12-29,2729.24,2706.48,2735.59,2686.59,9.49739484,85.7873741774
801180,2010-12-30,2691.77,2720.37,2720.51,2667.62,10.54414061,96.129933653
801180,2010-12-31,2732.01,2694.45,2732.33,2691.01,9.91172641,84.844398853
801180,2011-01-04,2871.18,2745.29,2889.0,2733.49,20.19702323,186.4868638409
801180,2011-01-05,2870.0,2851.4,2898.63,2837.84,16.42124691,150.0869358503
801180,2011-01-06,2885.95,2871.32,2905.06,2847.72,12.78395811,126.1923616691
801180,2011-01-07,2899.81,2885.74,2968.56,2879.5,18.69183891,174.7959222342
801180,2011-01-10,2832.06,2903.03,2947.9,2825.88,14.08321356,133.1583031717
801180,2011-01-11,2906.59,2818.29,2914.56,2812.84,14.50796002,133.5925797953
801180,2011-01-12,2939.22,2914.36,2974.1,2893.26,16.87715262,153.1726625632
801180,2011-01-13,2900.41,2940.82,2950.44,2897.32,10.12910811,93.6543982133
801180,2011-01-14,2884.21,2888.74,2901.87,2857.78,10.53111091,97.07612772680001
801180,2011-01-17,2706.89,2857.37,2868.63,2696.6,13.70781043,121.47180817489999
801180,2011-01-18,2697.72,2695.07,2726.28,2679.11,9.0640275,78.9213696003
801180,2011-01-19,2754.42,2695.21,2757.36,2667.27,10.31763232,93.3972981058
801180,2011-01-20,2656.02,2746.48,2751.53,2654.95,10.262407,93.9562545792
801180,2011-01-21,2714.57,2651.17,2780.17,2650.7,13.30298251,117.53413605600001
801180,2011-01-24,2714.36,2715.26,2753.82,2681.7,9.92161158,91.2261392593
801180,2011-01-25,2695.07,2703.34,2737.71,2673.94,7.38624888,67.3284146178
801180,2011-01-26,2721.45,2693.08,2722.81,2689.89,6.26627965,55.5925550481
801180,2011-01-27,2674.41,2655.74,2677.42,2599.24,15.21509441,134.33507889950002
801180,2011-01-28,2677.24,2672.0,2719.47,2649.61,13.3682802,118.40354222139999
801180,2011-01-31,2679.17,2668.0,2679.81,2650.16,10.51565639,93.9716276632
801180,2011-02-01,2691.65,2682.67,2697.74,2668.17,9.70729408,87.74449416559999
801180,2011-02-09,2646.16,2658.36,2676.6,2638.31,10.61366709,94.7449336267
801180,2011-02-10,2703.98,2643.35,2703.98,2643.02,12.29846405,107.21603921110001
801180,2011-02-11,2772.96,2698.62,2786.35,2691.38,18.766891,173.5834865136
801180,2011-02-14,2837.08,2770.22,2844.31,2769.61,21.02874268,196.07121197
801180,2011-02-15,2827.37,2835.67,2858.56,2825.52,18.23490319,171.5356195041
801180,2011-02-16,2841.16,2819.48,2841.16,2803.54,14.79158581,129.1655181681
801180,2011-02-17,2820.32,2842.15,2843.84,2795.41,17.50800654,164.99012035459998
801180,2011-02-18,2815.11,2817.29,2850.38,2804.15,15.31927671,156.74173649530002
801180,2011-02-21,2849.76,2792.85,2849.76,2788.43,16.54023675,159.4691448366
801180,2011-02-22,2762.26,2850.38,2850.41,2755.97,22.84096541,226.8919916286
801180,2011-02-23,2793.76,2750.36,2800.21,2750.36,16.77333642,162.8572317913
801180,2011-02-24,2816.21,2793.66,2821.95,2786.59,18.4584455,170.6381138279
801180,2011-02-25,2811.86,2812.02,2820.08,2780.73,15.99041742,153.6871778811
801180,2011-02-28,2836.97,2811.38,2836.97,2796.24,18.57305532,186.15882895209998
801180,2011-03-01,2882.4,2833.94,2902.72,2833.28,24.96138218,239.97859919270002
801180,2011-03-02,2870.9,2860.47,2870.9,2830.19,18.7455883,180.6666776332
801180,2011-03-03,2852.22,2866.04,2890.7,2847.27,18.32860327,173.4412285501
801180,2011-03-04,2912.19,2858.48,2915.36,2849.63,20.06837281,194.8108156563
801180,2011-03-07,2941.01,2929.79,2954.74,2924.92,23.58551069,232.4924614113
801180,2011-03-08,2966.85,2943.62,2978.55,2940.95,21.10068073,203.97086296950002
801180,2011-03-09,2958.24,2968.93,2973.39,2947.78,17.17178068,156.6307098169
801180,2011-03-10,2947.95,2953.24,2974.03,2926.05,20.04678546,179.042916487
801180,2011-03-11,2908.95,2931.59,2948.34,2905.42,16.41572541,148.3873753021
801180,2011-03-14,2921.32,2893.73,2921.32,2883.99,13.50747408,122.6307967607
801180,2011-03-15,2886.04,2908.35,2916.17,2839.03,18.94353831,179.287635108
801180,2011-03-16,2904.57,2880.63,2909.65,2875.89,14.88689561,145.05873114989998
801180,2011-03-17,2861.1,2879.72,2896.29,2851.11,15.06901853,143.0947929111
801180,2011-03-18,2904.98,2878.65,2920.82,2873.93,14.91628552,138.9185090132
801180,2011-03-21,2925.55,2901.31,2950.17,2899.02,16.40828807,158.93459682559998
801180,2011-03-22,2921.09,2927.59,2932.21,2894.22,11.93780362,121.7004184015
801180,2011-03-23,3008.9,2917.98,3029.83,2917.88,25.18337366,247.22529205650002
801180,2011-03-24,2999.93,3005.35,3027.59,2989.49,18.4708358,184.01339376869998
801180,2011-03-25,3061.59,3001.32,3079.13,3001.16,23.97838704,233.6529005928
801180,2011-03-28,3070.61,3074.82,3118.51,3063.61,25.25223779,250.4995955496
801180,2011-03-29,3062.36,3062.06,3117.14,3047.97,28.22124132,245.976424253
801180,2011-03-30,3027.87,3054.18,3062.67,3002.87,18.55006961,166.530497095
801180,2011-03-31,2983.31,3029.73,3044.52,2979.46,16.42875113,147.59562675360002
801180,2011-04-01,3049.4,2975.63,3049.42,2973.14,14.45064054,136.7661134159
801180,2011-04-06,3090.49,3032.24,3105.62,3027.29,18.83779344,186.3012355788
801180,2011-04-07,3095.94,3088.11,3115.38,3080.32,15.1310667,146.7197580448
801180,2011-04-08,3099.58,3094.54,3101.56,3078.4,12.90266762,122.4304092051
801180,2011-04-11,3034.5,3098.46,3106.05,3032.17,18.12381896,171.4307133461
801180,2011-04-12,3036.8,3025.38,3054.73,3021.94,15.23525429,138.8659277439
801180,2011-04-13,3078.12,3026.88,3078.12,3002.19,15.65160475,148.9569024118
801180,2011-04-14,3037.14,3072.82,3073.16,3031.41,14.81919237,131.8916382883
801180,2011-04-15,3098.96,3031.68,3100.11,3028.76,19.66825692,181.8789707018
801180,2011-04-18,3141.04,3087.73,3151.2,3083.08,22.87513268,217.0234732171
801180,2011-04-19,3084.44,3117.63,3117.77,3074.57,17.5138536,165.2818223942
801180,2011-04-20,3059.47,3080.95,3098.36,3050.95,14.64899227,138.4174333794
801180,2011-04-21,3074.05,3067.02,3077.05,3054.49,14.11800757,139.3117916859
801180,2011-04-22,3052.54,3069.04,3069.13,3044.48,13.24042413,124.3254065826
801180,2011-04-25,2991.13,3041.47,3041.9,2990.67,12.89937701,119.620354945
801180,2011-04-26,2981.24,2980.45,2997.86,2956.75,10.5630983,98.05045167700001
801180,2011-04-27,2915.48,2985.46,2992.49,2893.53,12.01198467,108.91340992209999
801180,2011-04-28,2844.81,2919.72,2927.51,2844.27,10.82152981,98.27157611969999
801180,2011-04-29,2893.83,2841.23,2893.83,2841.14,8.36138939,74.418841363
801180,2011-05-03,2914.91,2889.01,2914.91,2860.13,9.36715526,83.35299550970001
801180,2011-05-04,2854.93,2897.83,2905.48,2850.26,10.28349961,89.05747530219999
801180,2011-05-05,2892.09,2846.06,2901.24,2845.1,10.88063216,97.9217083428
801180,2011-05-06,2891.17,2866.86,2899.27,2856.37,9.57714993,87.00155710850001
801180,2011-05-09,2898.01,2890.57,2905.78,2884.6,8.7885349,76.5239103078
801180,2011-05-10,2912.73,2899.09,2912.73,2879.95,8.3102505,74.6720730897
801180,2011-05-11,2926.9,2909.49,2943.95,2885.97,11.63551341,102.8864525521
801180,2011-05-12,2909.74,2908.65,2954.36,2901.31,13.9248493,121.70791295459999
801180,2011-05-13,2952.37,2909.26,2952.37,2904.51,12.27852896,107.71588414770001
801180,2011-05-16,2973.43,2948.7,2987.33,2946.31,15.69336291,138.2483520375
801180,2011-05-17,2965.78,2960.55,2990.07,2943.41,15.59628895,138.0453830332
801180,2011-05-18,2981.35,2960.16,2984.47,2953.47,11.47374695,99.3588680162
801180,2011-05-19,2939.24,2985.77,2989.12,2936.99,12.458886,111.39017280639999
801180,2011-05-20,2929.58,2935.17,2942.58,2921.96,10.82865445,93.861420736
801180,2011-05-23,2822.83,2918.33,2922.46,2822.83,14.01702895,122.3356757772
801180,2011-05-24,2824.69,2811.37,2831.01,2796.61,10.1236128,88.1822423564
801180,2011-05-25,2789.36,2817.5,2832.91,2785.48,11.53079154,101.0308588168
801180,2011-05-26,2774.08,2803.74,2814.68,2774.08,11.47128512,99.1047974551
801180,2011-05-27,2727.39,2768.39,2777.37,2727.39,10.80781745,90.42432713870001
801180,2011-05-30,2652.12,2713.03,2713.51,2650.04,8.88888765,73.1152940846
801180,2011-05-31,2680.57,2652.49,2680.57,2623.39,8.3898483,71.1201250193
801180,2011-06-01,2693.01,2673.26,2693.01,2660.65,7.96529386,67.2396058043
801180,2011-06-02,2643.73,2659.81,2667.5,2610.15,8.77575246,72.3651709425
801180,2011-06-03,2690.47,2643.83,2697.09,2643.75,7.58731696,64.8018381112
801180,2011-06-07,2710.76,2684.57,2714.11,2684.57,7.08880141,61.8089248151
801180,2011-06-08,2771.78,2716.99,2774.28,2699.4,12.18430141,99.2988894689
801180,2011-06-09,2701.66,2759.2,2759.76,2701.66,9.47912164,79.00257045020001
801180,2011-06-10,2729.18,2702.61,2749.05,2691.31,9.32635236,76.4600013618
801180,2011-06-13,2717.38,2708.89,2727.97,2683.14,7.31321407,59.77611654020001
801180,2011-06-14,2801.56,2718.47,2835.76,2717.98,14.700329,121.87753370700001
801180,2011-06-15,2770.16,2792.58,2806.93,2770.16,9.36314281,79.70473464279999
801180,2011-06-16,2718.78,2746.67,2762.56,2714.89,9.44467398,77.72914586430001
801180,2011-06-17,2711.52,2717.22,2756.46,2711.52,9.03059917,79.3468596934
801180,2011-06-20,2716.45,2709.58,2745.37,2697.14,9.09463578,76.6722658495
801180,2011-06-21,2759.61,2721.71,2765.78,2720.46,11.08368887,92.3708406223
801180,2011-06-22,2748.31,2763.98,2770.52,2729.16,8.01381705,67.798936015
801180,2011-06-23,2784.6,2739.45,2791.51,2732.3,9.44141706,80.4339704287
801180,2011-06-24,2829.84,2780.64,2845.76,2777.63,14.51019248,123.3191689091
801180,2011-06-27,2841.53,2835.55,2855.71,2813.87,13.3721762,117.2756683367
801180,2011-06-28,2855.79,2840.33,2862.99,2822.28,11.68021051,105.2919864178
801180,2011-06-29,2817.16,2848.85,2858.57,2817.16,10.1509675,88.5670555207
801180,2011-06-30,2868.0,2815.65,2878.06,2815.53,12.5915347,110.8005661395
801180,2011-07-01,2911.48,2871.34,2933.42,2869.15,15.05655554,129.3879279496
801180,2011-07-04,2957.18,2922.68,2963.99,2922.61,15.87870818,140.96706794879998
801180,2011-07-05,2970.59,2956.22,2992.59,2953.91,15.9030806,141.3852507664
801180,2011-07-06,2951.77,2962.23,2962.28,2918.7,12.5078911,111.2021713366
801180,2011-07-07,2944.16,2954.5,2982.92,2931.52,14.68929261,134.3424974091
801180,2011-07-08,2956.28,2940.34,2970.58,2937.63,10.34645332,96.5753649783
801180,2011-07-11,2952.81,2941.64,2959.48,2923.28,9.41629341,87.6012538717
801180,2011-07-12,2880.71,2930.17,2930.65,2876.57,10.73819218,97.3008373581
801180,2011-07-13,2924.41,2883.07,2929.15,2882.97,9.59121415,89.2832301219
801180,2011-07-14,2927.39,2927.67,2940.58,2902.68,10.42736169,98.5766097489
801180,2011-07-15,2893.4,2897.43,2897.65,2862.25,14.20451136,132.9054716404
801180,2011-07-18,2904.71,2887.29,2911.97,2869.82,15.42123685,132.4918299685
801180,2011-07-19,2910.81,2884.39,2920.41,2872.99,12.63139578,111.48765851190001
801180,2011-07-20,2900.61,2919.78,2925.2,2881.3,9.20089526,84.635322108
801180,2011-07-21,2863.74,2902.54,2907.91,2862.27,10.25833703,90.8623939024
801180,2011-07-22,2869.33,2870.82,2879.79,2855.99,9.81090187,87.4560001433
801180,2011-07-25,2747.38,2848.81,2849.09,2739.62,12.6948459,110.021092366
801180,2011-07-26,2756.51,2745.16,2757.89,2738.53,6.9239552,59.3136336261
801180,2011-07-27,2778.87,2744.38,2785.92,2735.39,8.18856993,70.2260849698
801180,2011-07-28,2769.2,2757.62,2771.69,2744.78,7.7167306,66.9825531432
801180,2011-07-29,2778.0,2767.47,2792.48,2765.2,7.94827434,66.16117642020001
801180,2011-08-01,2801.93,2775.91,2807.9,2762.97,7.11297433,61.2307491139
801180,2011-08-02,2793.5,2785.91,2793.65,2747.64,8.05223485,68.78727333409999
801180,2011-08-03,2805.73,2770.37,2807.32,2768.84,7.98902165,70.9768435849
801180,2011-08-04,2808.41,2813.24,2829.34,2802.6,8.20234157,76.5046729186
801180,2011-08-05,2751.15,2731.53,2769.89,2718.77,9.29364697,81.3389283566
801180,2011-08-08,2648.28,2719.73,2743.73,2602.23,12.39077168,102.5463460405
801180,2011-08-09,2679.28,2583.96,2692.59,2570.97,14.02178635,118.19958667799999
801180,2011-08-10,2725.45,2719.81,2771.83,2716.22,15.03270927,131.0784252152
801180,2011-08-11,2775.45,2680.78,2775.45,2680.78,13.35037039,116.74811680219999
801180,2011-08-12,2784.12,2783.55,2798.17,2773.45,15.01603469,124.3549878609
801180,2011-08-15,2820.82,2786.86,2822.65,2780.38,12.43728243,113.55736921719999
801180,2011-08-16,2788.2,2821.12,2828.82,2780.12,11.86941203,106.50499257889999
801180,2011-08-17,2773.14,2773.51,2803.77,2756.42,11.24952254,99.0425093081
801180,2011-08-18,2713.28,2767.6,2769.47,2710.93,10.09724282,86.7089470227
801180,2011-08-19,2704.49,2666.7,2709.84,2666.11,8.51794434,72.5061112973
801180,2011-08-22,2683.94,2701.75,2723.57,2677.34,7.14420035,62.5082148782
801180,2011-08-23,2734.72,2692.83,2734.72,2689.55,7.8204281,67.119757007
801180,2011-08-24,2711.94,2745.63,2753.29,2707.0,8.17953693,70.3741351947
801180,2011-08-25,2797.86,2718.6,2797.86,2709.86,11.48884872,94.3082950523
801180,2011-08-26,2797.58,2784.69,2804.76,2779.64,9.21826974,78.7140688251
801180,2011-08-29,2745.28,2777.42,2780.01,2741.46,8.89442163,76.2374405635
801180,2011-08-30,2728.95,2759.88,2782.52,2725.27,8.28861733,73.4446817562
801180,2011-08-31,2717.44,2727.7,2737.89,2695.74,6.97609842,60.768716841599996
801180,2011-09-01,2702.35,2722.54,2734.65,2695.17,6.35973845,52.7988181123
801180,2011-09-02,2672.77,2700.96,2703.61,2661.58,6.10375628,50.347113408999995
801180,2011-09-05,2624.57,2655.09,2656.11,2623.75,6.41109739,50.9152875875
801180,2011-09-06,2613.62,2610.06,2628.83,2603.55,5.2688998,41.65735098
801180,2011-09-07,2667.67,2627.46,2667.67,2620.2,6.81943673,57.354722062
801180,2011-09-08,2638.7,2673.38,2673.38,2636.92,6.07892581,50.929741542799995
801180,2011-09-09,2626.08,2645.66,2666.73,2619.76,5.41139536,44.7761629505
801180,2011-09-13,2594.72,2592.22,2602.09,2577.17,5.37294279,44.2365364329
801180,2011-09-14,2614.78,2600.97,2614.78,2563.6,5.13916848,41.6553377775
801180,2011-09-15,2621.73,2615.9,2641.84,2611.8,5.79311411,47.8934116984
801180,2011-09-16,2617.39,2635.92,2648.97,2611.91,5.52176152,47.0247153684
801180,2011-09-19,2538.68,2600.77,2601.34,2536.55,6.21165196,48.812852219899995
801180,2011-09-20,2536.36,2537.74,2549.68,2516.93,5.34787624,43.67000632640001
801180,2011-09-21,2598.81,2538.55,2602.1,2526.65,8.60642998,69.9251705756
801180,2011-09-22,2493.0,2577.26,2582.08,2492.27,9.44784384,75.9851601217
801180,2011-09-23,2470.17,2455.18,2495.62,2437.25,9.03058632,67.5636480683
801180,2011-09-26,2408.22,2453.78,2477.82,2398.03,7.84759492,60.5219805211
801180,2011-09-27,2405.72,2426.46,2433.62,2389.11,7.2133147,55.018554843400004
801180,2011-09-28,2360.46,2418.74,2421.01,2353.47,7.124041,53.6774224176
801180,2011-09-29,2327.62,2348.33,2364.69,2315.16,7.76929203,55.3464165634
801180,2011-09-30,2326.43,2329.08,2348.22,2314.12,5.47436178,40.364748525799996
801180,2011-10-10,2282.35,2332.19,2335.28,2274.04,5.80214867,42.1128100113
801180,2011-10-11,2270.53,2327.96,2337.06,2249.38,7.61595012,54.6837990526
801180,2011-10-12,2356.22,2257.47,2360.02,2247.28,10.77274486,79.6161577793
801180,2011-10-13,2379.12,2348.28,2394.22,2342.9,9.83158473,72.70581515800001
801180,2011-10-14,2370.91,2373.64,2381.21,2346.96,7.19534663,52.442764948599994
801180,2011-10-17,2369.98,2373.5,2392.48,2359.5,8.20137986,59.91464518430001
801180,2011-10-18,2292.18,2350.15,2351.83,2288.94,8.07029643,58.64196730770001
801180,2011-10-19,2271.81,2296.65,2307.01,2268.9,7.89296845,57.7128150443
801180,2011-10-20,2211.31,2258.3,2259.31,2192.73,8.666438,59.2061432469
801180,2011-10-21,2202.97,2212.06,2232.19,2198.49,6.92069053,47.754668093999996
801180,2011-10-24,2257.28,2201.34,2257.28,2184.9,9.12303129,62.7604249318
801180,2011-10-25,2328.11,2251.57,2337.4,2247.27,13.91712668,96.4306772259
801180,2011-10-26,2376.19,2314.93,2395.45,2313.97,16.92250139,120.1618302036
801180,2011-10-27,2382.54,2376.93,2390.64,2368.3,13.21155533,94.37387187280001
801180,2011-10-28,2456.12,2409.22,2517.0,2408.83,21.39387311,148.8574795854
801180,2011-10-31,2461.81,2436.23,2463.01,2413.55,14.75963933,104.9351676827
801180,2011-11-01,2429.66,2433.22,2473.54,2418.12,12.58215352,94.2184619291
801180,2011-11-02,2471.88,2392.13,2471.88,2388.26,12.89505878,98.8993594012
801180,2011-11-03,2461.15,2478.15,2489.79,2460.59,17.05217844,128.0188568536
801180,2011-11-04,2490.77,2481.68,2500.57,2474.53,17.07847016,126.562297441
801180,2011-11-07,2456.11,2479.41,2487.77,2451.61,11.33222658,84.39882710810001
801180,2011-11-08,2428.95,2462.21,2463.77,2421.01,11.76809464,87.6814704029
801180,2011-11-09,2451.42,2430.65,2451.53,2403.48,10.78211645,86.8239132116
801180,2011-11-10,2401.79,2423.13,2428.24,2397.01,10.15791057,77.6574198002
801180,2011-11-11,2411.53,2401.89,2428.26,2400.05,8.79555306,73.5420855382
801180,2011-11-14,2469.77,2423.99,2469.77,2422.22,11.17917425,85.99888076090001
801180,2011-11-15,2467.26,2463.29,2467.55,2451.99,9.47155304,74.2353343487
801180,2011-11-16,2401.99,2465.12,2466.05,2388.92,12.05806825,92.1035296844
801180,2011-11-17,2394.68,2402.5,2418.99,2388.43,9.53793605,73.2720333778
801180,2011-11-18,2325.22,2377.76,2380.24,2313.97,11.0123602,79.680558235
801180,2011-11-21,2330.01,2323.14,2330.01,2304.85,7.51032373,53.6425673105
801180,2011-11-22,2329.33,2310.57,2332.94,2300.11,6.93266644,50.018567005
801180,2011-11-23,2306.68,2330.45,2331.41,2304.05,6.00656169,43.2074612657
801180,2011-11-24,2329.38,2288.73,2348.2,2276.72,7.85991731,56.306106327100004
801180,2011-11-25,2296.58,2320.37,2328.55,2287.32,6.17516975,44.8031158871
801180,2011-11-28,2288.47,2299.12,2304.26,2275.98,5.78841376,42.421216214699996
801180,2011-11-29,2327.96,2307.89,2331.1,2291.88,7.17996585,53.0155549917
801180,2011-11-30,2255.18,2319.83,2320.98,2237.21,8.57964262,58.291674611000005
801180,2011-12-01,2332.33,2339.28,2388.3,2325.99,15.396536,111.48206980020001
801180,2011-12-02,2309.39,2314.77,2318.4,2286.69,7.82194492,53.997837153599995
801180,2011-12-05,2280.67,2303.94,2304.89,2265.72,6.97615669,48.610435455600005
801180,2011-12-06,2294.35,2272.38,2306.68,2269.99,7.09452353,49.0289872978
801180,2011-12-07,2298.38,2292.26,2306.04,2279.55,5.4558963,37.5845618213
801180,2011-12-08,2304.47,2294.39,2321.99,2265.64,6.59209544,45.928446512600004
801180,2011-12-09,2312.55,2287.07,2340.49,2285.6,7.20352877,51.4046162113
801180,2011-12-12,2250.35,2292.83,2293.91,2250.35,6.30196753,42.5428545934
801180,2011-12-13,2183.54,2235.74,2241.1,2179.94,6.77539128,43.08918983
801180,2011-12-14,2145.1,2177.57,2190.0,2140.89,5.12617815,33.4407122236
801180,2011-12-15,2129.52,2134.65,2160.23,2120.99,6.89995801,43.2667123135
801180,2011-12-16,2191.45,2123.6,2191.45,2123.58,6.95221606,44.707766720600006
801180,2011-12-19,2193.77,2171.51,2194.95,2144.0,7.01259139,46.1804651996
801180,2011-12-20,2193.32,2185.25,2242.75,2183.91,7.52906638,49.878326035
801180,2011-12-21,2134.25,2206.8,2214.57,2133.82,6.00838428,40.6536301134
801180,2011-12-22,2120.03,2118.46,2141.01,2068.12,6.91880515,43.6750988001
801180,2011-12-23,2156.11,2113.31,2177.45,2107.55,7.14424594,46.8542805437
801180,2011-12-26,2139.06,2141.47,2174.14,2138.77,5.13743872,34.107958206
801180,2011-12-27,2097.21,2136.24,2144.2,2094.59,5.4542809,34.4261042007
801180,2011-12-28,2092.52,2086.41,2096.14,2045.28,6.32327323,38.817289839699995
801180,2011-12-29,2086.89,2079.32,2107.16,2074.73,5.45018351,34.4365288017
801180,2011-12-30,2130.95,2092.2,2135.27,2090.39,6.94093706,43.5297132317
801180,2012-01-04,2086.06,2138.95,2153.57,2084.94,6.45944322,41.3170153546
801180,2012-01-05,2038.63,2074.69,2085.1,2033.24,7.01616819,44.801915527
801180,2012-01-06,2039.41,2037.63,2044.63,1995.21,6.62100711,42.7804692344
801180,2012-01-09,2117.61,2036.34,2117.61,2018.06,9.20803483,59.077057598100005
801180,2012-01-10,2178.32,2111.52,2185.71,2107.36,13.50990488,91.52337618370001
801180,2012-01-11,2173.39,2170.51,2180.36,2150.51,9.96017845,67.4531585546
801180,2012-01-12,2186.83,2164.14,2231.85,2162.97,10.53990816,70.6244197621
801180,2012-01-13,2136.26,2183.94,2190.75,2114.87,8.40123389,57.662537281800006
801180,2012-01-16,2085.26,2119.29,2132.89,2084.94,5.62729918,39.1902199716
801180,2012-01-17,2180.24,2088.16,2189.55,2066.57,10.42816424,72.7659763349
801180,2012-01-18,2148.49,2174.26,2199.4,2141.35,9.1268048,65.0821577373
801180,2012-01-19,2198.62,2153.01,2200.72,2141.35,8.49619696,58.836458537700004
801180,2012-01-20,2234.93,2202.08,2241.21,2198.41,8.37124797,58.774335853800004
801180,2012-01-30,2182.28,2236.49,2236.49,2182.28,7.71373442,55.0987211632
801180,2012-01-31,2198.72,2183.3,2198.72,2176.0,5.87362378,41.7308142012
801180,2012-02-01,2170.28,2188.65,2213.09,2163.06,6.55068101,45.2578872325
801180,2012-02-02,2214.84,2174.9,2214.84,2163.26,7.74189155,56.0877045804
801180,2012-02-03,2242.66,2210.31,2247.4,2207.16,9.9466286,69.3971675009
801180,2012-02-06,2229.75,2239.99,2250.17,2218.83,10.29527516,73.7654560382
801180,2012-02-07,2178.28,2217.48,2218.28,2167.13,8.97172903,63.8166067888
801180,2012-02-08,2235.86,2177.54,2240.99,2174.82,10.47185581,76.6336436986
801180,2012-02-09,2276.31,2234.96,2298.59,2230.36,18.62701221,127.6275162552
801180,2012-02-10,2316.29,2279.22,2353.34,2279.16,20.67386435,146.7976905042
801180,2012-02-13,2285.88,2256.8,2301.8,2240.89,13.92145632,100.7415056817
801180,2012-02-14,2302.37,2277.79,2302.47,2261.32,12.28494871,85.6507081659
801180,2012-02-15,2325.71,2291.87,2333.97,2283.22,13.38880332,94.45862094459999
801180,2012-02-16,2321.03,2320.34,2336.97,2299.03,12.15493812,84.01562556340001
801180,2012-02-17,2324.53,2330.15,2337.18,2294.26,11.6045409,81.40760236199999
801180,2012-02-20,2342.64,2361.62,2376.59,2341.58,16.03231431,113.3875576783
801180,2012-02-21,2377.91,2340.42,2377.91,2318.24,13.06930648,95.5542643935
801180,2012-02-22,2447.94,2385.44,2447.94,2385.23,22.64090721,160.50437172809998
801180,2012-02-23,2448.22,2446.95,2467.0,2430.13,16.27927266,116.8514518457
801180,2012-02-24,2555.26,2446.56,2565.38,2445.02,31.20341989,210.7718229855
801180,2012-02-27,2555.59,2563.67,2595.36,2555.22,29.38165485,200.962494902
801180,2012-02-28,2540.23,2547.82,2557.69,2509.12,18.59175425,134.0288279056
801180,2012-02-29,2468.75,2501.12,2506.53,2461.42,16.77757842,123.5824340865
801180,2012-03-01,2490.2,2456.61,2507.54,2456.61,12.37954838,91.0207014671
801180,2012-03-02,2588.59,2489.64,2593.2,2489.38,21.69221562,157.9156480131
801180,2012-03-05,2574.25,2600.06,2614.8,2569.97,17.25008433,127.4084286259
801180,2012-03-06,2556.12,2567.15,2572.6,2533.39,14.20040448,105.4241770911
801180,2012-03-07,2534.33,2528.49,2563.03,2524.86,12.55609581,92.53160029370001
801180,2012-03-08,2577.34,2540.48,2593.49,2540.3,14.01919483,104.20786757290001
801180,2012-03-09,2588.87,2584.68,2588.87,2558.38,11.28560727,82.22214065109999
801180,2012-03-12,2548.16,2584.16,2584.62,2525.87,15.27702564,120.5657259637
801180,2012-03-13,2572.76,2549.3,2572.76,2542.12,12.80805844,98.7109540764
801180,2012-03-14,2454.37,2582.37,2603.66,2444.17,23.41600498,176.73660372060002
801180,2012-03-15,2381.94,2443.87,2452.12,2358.53,17.89887144,126.5642965756
801180,2012-03-16,2420.47,2382.47,2421.61,2373.37,12.18968364,89.8145053201
801180,2012-03-19,2435.01,2412.94,2435.01,2395.1,11.99619242,88.7639653587
801180,2012-03-20,2426.14,2427.36,2453.09,2412.89,13.60576034,100.8906675579
801180,2012-03-21,2429.5,2433.49,2451.32,2405.78,11.59476586,86.71205862
801180,2012-03-22,2451.69,2425.13,2465.92,2421.6,12.77241208,93.0781093398
801180,2012-03-23,2396.78,2438.83,2441.19,2389.82,10.71139951,79.4531339378
801180,2012-03-26,2380.11,2392.45,2399.32,2368.32,7.50887363,57.6888539862
801180,2012-03-27,2375.42,2390.38,2399.47,2373.47,8.56498041,63.7024577158
801180,2012-03-28,2326.87,2370.44,2395.2,2320.99,13.35452559,93.10206101969999
801180,2012-03-29,2342.72,2314.21,2379.32,2297.11,13.25933103,91.59466055290001
801180,2012-03-30,2370.98,2340.12,2372.35,2340.12,10.12915235,70.88265786689999
801180,2012-04-05,2426.82,2360.25,2429.8,2359.91,11.19967253,80.6616362404
801180,2012-04-06,2448.9,2424.59,2465.55,2421.98,12.26081959,87.8021994142
801180,2012-04-09,2413.32,2437.84,2442.26,2413.15,9.37869354,66.5736597866
801180,2012-04-10,2469.18,2405.76,2469.18,2379.82,11.53973047,82.6290008712
801180,2012-04-11,2504.28,2442.18,2557.7,2437.84,19.20105968,136.3225329316
801180,2012-04-12,2559.59,2505.95,2559.87,2496.97,20.11721628,136.3753812747
801180,2012-04-13,2567.8,2575.14,2602.86,2566.38,22.42188302,161.6222832055
801180,2012-04-16,2598.44,2549.33,2617.11,2541.32,22.68273476,157.1007638699
801180,2012-04-17,2530.09,2597.23,2609.21,2528.45,22.95012426,153.5365492793
801180,2012-04-18,2604.4,2533.12,2608.2,2525.46,19.90580511,142.2532746533
801180,2012-04-19,2592.06,2596.16,2605.78,2574.49,17.5436109,123.964607989
801180,2012-04-20,2619.01,2579.47,2625.96,2562.62,22.06835445,152.1190633559
801180,2012-04-23,2595.44,2616.62,2621.93,2574.15,21.7665376,149.3959405055
801180,2012-04-24,2620.06,2579.45,2638.13,2542.01,26.82677952,183.34178165950001
801180,2012-04-25,2713.94,2611.97,2724.93,2604.58,37.15069857,258.0045497148
801180,2012-04-26,2695.06,2721.22,2731.96,2687.01,29.16368178,199.1755771434
801180,2012-04-27,2677.07,2685.26,2701.69,2670.56,18.49636595,128.7589017873
801180,2012-05-02,2715.3,2696.07,2737.53,2671.09,21.74172229,161.2549546914
801180,2012-05-03,2699.85,2708.27,2714.77,2666.37,16.75425204,126.8407381561
801180,2012-05-04,2716.24,2693.14,2718.83,2666.85,15.99631033,124.80230699139999
801180,2012-05-07,2707.88,2696.68,2707.88,2675.16,16.1959515,124.0055734485
801180,2012-05-08,2699.31,2706.39,2709.13,2672.55,15.40165632,120.72027583110001
801180,2012-05-09,2656.51,2673.76,2675.27,2652.22,14.1294779,107.26779079479999
801180,2012-05-10,2652.62,2651.15,2664.46,2640.1,11.58021621,86.4930376394
801180,2012-05-11,2630.07,2645.83,2658.64,2629.92,9.57930882,73.1115378139
801180,2012-05-14,2646.45,2656.99,2690.2,2643.16,14.46311586,109.20899454379999
801180,2012-05-15,2651.76,2624.03,2652.22,2615.35,11.38583238,85.6121400831
801180,2012-05-16,2593.64,2642.05,2642.4,2593.64,11.06398513,80.4601841934
801180,2012-05-17,2631.36,2593.6,2638.25,2583.64,12.34271312,95.65085448399999
801180,2012-05-18,2580.85,2612.4,2626.96,2578.24,12.6462972,93.7063275166
801180,2012-05-21,2586.98,2578.99,2602.87,2563.1,8.35942412,60.1095997948
801180,2012-05-22,2659.58,2596.48,2659.58,2595.35,11.04053991,82.1457634905
801180,2012-05-23,2682.73,2656.47,2695.62,2652.72,14.58936732,109.700959653
801180,2012-05-24,2658.83,2676.34,2701.84,2652.52,11.91065589,90.71539263620001
801180,2012-05-25,2648.64,2662.1,2689.04,2643.69,11.509448,89.0302090258
801180,2012-05-28,2715.88,2637.01,2715.88,2608.68,14.53990726,113.2282615357
801180,2012-05-29,2745.51,2713.04,2755.57,2707.09,16.26095198,130.4943967093
801180,2012-05-30,2769.23,2744.19,2805.57,2743.42,17.96814197,140.0553042385
801180,2012-05-31,2758.17,2751.34,2771.44,2735.75,10.25186355,79.6584297476
801180,2012-06-01,2750.85,2755.95,2771.18,2735.45,10.26412001,78.9477987753
801180,2012-06-04,2663.93,2711.08,2732.76,2663.93,13.07041535,103.88867484309999
801180,2012-06-05,2669.64,2669.81,2681.07,2647.96,10.08459474,78.2041757377
801180,2012-06-06,2648.34,2668.17,2674.46,2629.27,8.39434433,64.4380025384
801180,2012-06-07,2660.77,2673.7,2709.83,2652.73,11.34013361,87.49743635639999
801180,2012-06-08,2659.12,2705.4,2717.22,2649.49,13.15351363,102.8721818636
801180,2012-06-11,2736.62,2664.99,2756.12,2655.31,14.01221821,107.645504556
801180,2012-06-12,2763.89,2722.53,2787.22,2717.96,15.54502519,117.2735890726
801180,2012-06-13,2788.54,2772.7,2791.49,2761.28,14.3846016,111.3892482222
801180,2012-06-14,2762.18,2783.28,2794.39,2760.08,10.71622949,81.942914202
801180,2012-06-15,2717.07,2767.73,2769.72,2670.77,12.51225246,100.73737373899999
801180,2012-06-18,2737.09,2724.38,2740.92,2717.96,9.65303897,77.294333885
801180,2012-06-19,2691.12,2729.32,2729.47,2686.4,10.37847786,81.9233257577
801180,2012-06-20,2674.47,2694.92,2700.53,2663.19,8.02079682,63.1354543748
801180,2012-06-21,2675.51,2668.67,2691.6,2656.13,10.07318604,76.1331739597
801180,2012-06-25,2581.24,2662.34,2662.56,2576.63,12.6834629,92.8502262754
801180,2012-06-26,2609.31,2565.36,2614.91,2561.55,11.38852577,86.9247839636
801180,2012-06-27,2607.39,2596.5,2643.93,2591.57,10.31229735,79.0965261891
801180,2012-06-28,2574.43,2617.88,2629.75,2574.43,9.86658549,75.3439127104
801180,2012-06-29,2595.63,2564.94,2596.39,2544.35,9.56891837,69.062387199
801180,2012-07-02,2622.17,2609.82,2633.54,2598.47,8.63536282,67.3197433439
801180,2012-07-03,2663.92,2621.19,2688.46,2610.33,11.85828045,90.5217618577
801180,2012-07-04,2650.32,2668.37,2674.38,2640.09,9.36375729,70.24707390409999
801180,2012-07-05,2627.13,2633.14,2651.52,2617.29,11.00107336,81.0867331321
801180,2012-07-06,2715.85,2668.25,2717.18,2656.13,15.7293795,121.71672999219999
801180,2012-07-09,2667.5,2686.83,2732.47,2666.24,13.08913125,102.7055786736
801180,2012-07-10,2610.66,2653.55,2655.48,2598.45,10.74312989,81.6100369387
801180,2012-07-11,2597.31,2602.94,2628.45,2571.23,8.44149369,66.37735414720001
801180,2012-07-12,2655.21,2595.34,2660.15,2579.72,11.03573081,82.38929291859999
801180,2012-07-13,2649.7,2643.24,2670.16,2639.47,8.62659096,64.5700043901
801180,2012-07-16,2555.38,2649.54,2649.83,2550.72,10.19064318,72.30660461949999
801180,2012-07-17,2591.55,2545.05,2601.03,2545.05,8.90712142,60.7109165733
801180,2012-07-18,2532.61,2589.63,2595.2,2468.08,15.56096143,113.5912917546
801180,2012-07-19,2540.51,2518.26,2566.64,2498.69,12.65960034,89.5644376832
801180,2012-07-20,2516.98,2523.8,2541.83,2505.45,12.40106422,86.8636639107
801180,2012-07-23,2483.28,2490.94,2495.14,2461.36,8.85712833,61.5407366165
801180,2012-07-24,2518.44,2470.91,2539.34,2470.9,8.90345956,61.729683594399994
801180,2012-07-25,2467.29,2501.08,2501.83,2461.02,8.82066648,62.123226440399996
801180,2012-07-26,2414.48,2463.36,2476.41,2408.03,9.82926938,69.03387603430001
801180,2012-07-27,2414.22,2418.7,2426.86,2404.39,6.99175606,47.4039683663
801180,2012-07-30,2388.25,2415.02,2426.82,2380.69,6.83822329,45.8764783937
801180,2012-07-31,2406.65,2387.11,2421.18,2371.34,7.58106238,50.8636498909
801180,2012-08-01,2431.46,2401.19,2456.94,2401.19,8.03045994,55.837062126599996
801180,2012-08-02,2315.31,2425.01,2426.36,2300.7,11.17917451,77.55988061229999
801180,2012-08-03,2345.9,2331.79,2345.9,2306.23,10.14533182,67.76738339090001
801180,2012-08-06,2393.18,2341.94,2394.22,2337.04,12.61516308,86.5162543153
801180,2012-08-07,2414.21,2395.57,2414.21,2387.63,13.00420939,87.28196518690001
801180,2012-08-08,2422.88,2410.75,2435.62,2406.44,12.8007105,91.0024566892
801180,2012-08-09,2457.53,2425.13,2465.31,2425.13,15.12898485,106.32691504120001
801180,2012-08-10,2426.83,2450.57,2450.7,2421.89,12.3613265,80.92035762649999
801180,2012-08-13,2348.58,2415.09,2415.52,2344.89,13.15143875,95.7327284059
801180,2012-08-14,2377.66,2346.7,2377.66,2321.19,11.32656923,85.6836861595
801180,2012-08-15,2359.68,2366.44,2376.61,2356.85,8.2974256,59.9555603117
801180,2012-08-16,2356.23,2351.61,2371.74,2351.58,6.52706767,46.771527120200005
801180,2012-08-17,2353.2,2353.57,2361.33,2327.04,5.97983627,40.9163077802
801180,2012-08-20,2326.48,2329.33,2331.8,2292.86,7.22668423,50.2361806067
801180,2012-08-21,2320.11,2323.47,2352.68,2311.02,9.55504439,66.4005325093
801180,2012-08-22,2282.66,2322.62,2322.79,2269.77,10.74190769,75.0747083794
801180,2012-08-23,2290.11,2282.5,2299.1,2267.22,8.90367134,62.993932478199994
801180,2012-08-24,2270.19,2278.27,2285.04,2264.53,9.09044838,59.24955140350001
801180,2012-08-27,2243.8,2257.37,2265.73,2241.99,9.27459313,58.768354935299996
801180,2012-08-28,2230.93,2238.07,2246.3,2213.49,7.06803511,45.263158652399994
801180,2012-08-29,2214.54,2226.36,2241.28,2213.17,6.72335408,43.5569047096
801180,2012-08-30,2205.21,2201.41,2225.04,2180.99,7.92708415,49.3059522717
801180,2012-08-31,2223.23,2198.88,2229.56,2198.88,5.96390052,38.239462295100004
801180,2012-09-03,2291.35,2220.26,2294.44,2218.29,10.37762381,69.2751611687
801180,2012-09-04,2260.18,2284.56,2293.98,2255.25,7.03961981,45.419187073500005
801180,2012-09-05,2287.4,2258.9,2296.27,2258.81,7.25642354,45.57317614
801180,2012-09-06,2297.62,2290.46,2308.73,2284.64,6.91899628,43.2481919269
801180,2012-09-07,2376.56,2312.5,2414.43,2311.49,17.04679125,109.174494287
801180,2012-09-10,2384.76,2378.64,2396.22,2367.78,11.71313938,77.48394705449999
801180,2012-09-11,2359.21,2372.43,2373.24,2345.22,8.32772023,54.9204295484
801180,2012-09-12,2369.31,2371.01,2385.1,2341.21,9.6128619,63.5814738508
801180,2012-09-13,2340.88,2364.8,2383.77,2340.88,8.27769084,56.444769380100006
801180,2012-09-14,2338.94,2360.29,2367.41,2310.23,10.81477623,70.317148042
801180,2012-09-17,2248.93,2333.07,2336.35,2246.96,12.53822526,84.6037360763
801180,2012-09-18,2243.49,2237.45,2257.95,2233.19,6.60149931,43.687530988199995
801180,2012-09-19,2253.63,2244.93,2255.13,2234.41,6.76699133,45.115557144300006
801180,2012-09-20,2192.32,2246.99,2247.56,2192.11,9.50846547,60.566359134799995
801180,2012-09-21,2194.97,2184.54,2209.33,2181.44,8.69567449,57.1582033654
801180,2012-09-24,2214.72,2182.06,2224.42,2166.29,7.51877042,47.9201507545
801180,2012-09-25,2214.3,2211.75,2225.44,2203.89,6.19571575,39.1722624239
801180,2012-09-26,2177.2,2211.36,2215.73,2173.12,7.0883332,40.4099746071
801180,2012-09-27,2239.53,2175.91,2242.08,2168.58,9.69798733,59.2969868083
801180,2012-09-28,2295.9,2222.26,2296.75,2218.68,10.27726837,66.25776951649999
801180,2012-10-08,2260.47,2289.56,2299.5,2248.23,6.70856925,42.0547303708
801180,2012-10-09,2317.86,2268.64,2317.86,2268.14,10.01594553,62.9102671205
801180,2012-10-10,2335.56,2312.31,2335.56,2298.8,10.20018637,61.2563970292
801180,2012-10-11,2305.06,2326.49,2335.75,2303.44,8.54083449,53.3054737818
801180,2012-10-12,2308.48,2314.03,2333.03,2284.59,8.29479669,50.471906338500006
801180,2012-10-15,2295.01,2311.66,2312.54,2277.92,6.24352545,37.1388330593
801180,2012-10-16,2299.21,2295.48,2314.93,2285.0,7.92566492,48.1992852531
801180,2012-10-17,2293.66,2304.78,2308.05,2274.33,6.94594024,43.388186392600005
801180,2012-10-18,2376.66,2298.16,2382.85,2297.89,16.37852333,102.3452798039
801180,2012-10-19,2376.37,2370.14,2400.49,2370.03,12.64644063,77.72142384899999
801180,2012-10-22,2404.24,2361.25,2409.48,2347.75,11.3091471,73.9344287888
801180,2012-10-23,2393.93,2402.78,2440.93,2390.06,16.05947551,93.87602698219999
801180,2012-10-24,2388.16,2385.53,2403.63,2376.76,10.93788353,63.502093431300004
801180,2012-10-25,2353.2,2385.31,2398.9,2347.36,10.42040264,59.679994371499994
801180,2012-10-26,2309.74,2353.33,2357.36,2293.75,9.69853334,56.186774183599994
801180,2012-10-29,2313.02,2302.84,2313.02,2287.61,7.45847982,42.7154253861
801180,2012-10-30,2342.06,2315.74,2366.95,2311.92,10.94501957,64.7612726076
801180,2012-10-31,2350.61,2341.28,2351.88,2322.76,9.44358944,56.792131402200006
801180,2012-11-01,2437.31,2348.97,2457.15,2348.77,22.52703199,136.506552724
801180,2012-11-02,2488.52,2439.63,2498.61,2439.44,26.75776704,158.754746847
801180,2012-11-05,2467.15,2478.64,2488.67,2442.19,18.17731356,111.3718064895
801180,2012-11-06,2441.79,2461.97,2461.97,2401.28,15.58347206,97.6423376262
801180,2012-11-07,2419.58,2433.44,2447.39,2408.71,10.45608118,68.4496311076
801180,2012-11-08,2385.11,2397.58,2441.98,2383.73,13.64772021,86.913974077
801180,2012-11-09,2381.98,2375.53,2400.95,2372.65,9.69192037,60.2457829689
801180,2012-11-12,2435.09,2383.91,2435.09,2383.47,12.20482287,77.07405872689999
801180,2012-11-13,2357.2,2430.1,2430.22,2351.89,12.735273,76.5996942478
801180,2012-11-14,2343.69,2353.66,2361.1,2321.17,8.24884228,51.0096767371
801180,2012-11-15,2314.52,2327.72,2358.5,2312.37,8.72723025,54.3910618379
801180,2012-11-16,2318.86,2303.75,2318.9,2295.81,8.44786727,51.6267179858
801180,2012-11-19,2317.09,2314.25,2322.72,2285.92,7.11243809,44.363428491899995
801180,2012-11-20,2325.93,2323.2,2351.89,2314.06,8.25685987,53.123760957799995
801180,2012-11-21,2371.89,2322.98,2372.24,2300.53,10.71286574,68.4933907936
801180,2012-11-22,2352.2,2352.21,2371.99,2342.99,8.38466204,53.9180302429
801180,2012-11-23,2363.42,2355.11,2379.9,2350.07,7.57516816,50.8065716434
801180,2012-11-26,2347.21,2358.48,2362.97,2337.71,6.39802759,41.6231838625
801180,2012-11-27,2297.97,2332.9,2337.82,2297.8,7.88004841,47.866777237
801180,2012-11-28,2240.47,2285.8,2286.59,2236.28,7.59602078,47.0142409101
801180,2012-11-29,2235.17,2240.37,2264.64,2235.17,6.70539196,40.747793427800005
801180,2012-11-30,2313.3,2235.07,2335.94,2233.64,12.69726684,79.70419883609999
801180,2012-12-03,2315.67,2311.15,2367.38,2310.39,13.11323095,85.9350374168
801180,2012-12-04,2343.77,2306.74,2344.99,2279.87,9.91705346,62.5908101591
801180,2012-12-05,2415.37,2334.45,2449.12,2333.95,18.55087648,118.68034099299999
801180,2012-12-06,2434.7,2412.82,2450.38,2412.8,13.48861818,87.73525173709999
801180,2012-12-07,2453.28,2432.55,2464.42,2415.74,17.09573358,110.83178751969999
801180,2012-12-10,2483.75,2460.15,2486.01,2433.99,17.7471464,118.7509136519
801180,2012-12-11,2469.82,2470.79,2499.05,2461.92,16.90269644,106.7343464641
801180,2012-12-12,2473.49,2465.66,2487.09,2443.82,13.57061548,86.8382612632
801180,2012-12-13,2478.42,2467.24,2501.36,2452.82,13.9975345,89.5295771421
801180,2012-12-14,2584.73,2479.07,2589.65,2478.96,26.3385849,172.8346149616
801180,2012-12-17,2569.99,2585.32,2621.24,2560.45,23.06040236,161.1286990554
801180,2012-12-18,2520.98,2560.08,2593.16,2508.05,22.02785818,152.5027358627
801180,2012-12-19,2530.0,2512.18,2540.1,2487.59,19.09206724,133.1623406398
801180,2012-12-20,2553.01,2514.98,2560.3,2501.24,15.80661906,106.85514600049999
801180,2012-12-21,2526.97,2557.24,2584.89,2516.45,15.66213078,106.45047212520001
801180,2012-12-24,2547.59,2521.17,2553.06,2518.5,11.16215965,77.5469153075
801180,2012-12-25,2662.43,2542.03,2679.23,2535.95,29.08156023,200.87320801439998
801180,2012-12-26,2704.19,2662.47,2710.51,2662.02,25.13237209,173.9025791584
801180,2012-12-27,2683.8,2708.56,2729.23,2679.22,19.8892156,139.7119552243
801180,2012-12-28,2745.84,2681.61,2745.84,2681.29,23.1767621,153.6368391924
801180,2012-12-31,2807.1,2753.85,2819.74,2751.29,27.78243443,194.0501676588
801180,2013-01-04,2827.05,2830.81,2848.25,2786.66,24.51345888,179.47465679290002
801180,2013-01-07,2815.3,2816.88,2818.45,2789.56,17.12636398,124.45866094559999
801180,2013-01-08,2806.29,2811.96,2818.26,2765.99,20.1406919,143.9539732514
801180,2013-01-09,2802.26,2797.22,2810.76,2777.04,17.30408524,126.45602271620001
801180,2013-01-10,2831.38,2800.63,2849.02,2799.58,20.22626976,146.3803164425
801180,2013-01-11,2742.34,2829.79,2831.95,2735.36,21.56069542,151.1529322319
801180,2013-01-14,2823.65,2733.31,2828.13,2732.86,21.00355467,154.6003345761
801180,2013-01-15,2830.05,2826.83,2835.7,2811.08,20.15406302,144.5940871278
801180,2013-01-16,2787.45,2825.05,2825.19,2758.34,20.58513345,148.9893048863
801180,2013-01-17,2778.55,2779.98,2808.62,2774.28,16.53873732,120.0755990886
801180,2013-01-18,2861.96,2787.5,2861.96,2781.74,23.32975956,166.88540198360002
801180,2013-01-21,2893.42,2920.9,2931.86,2884.57,23.5033924,171.1356848924
801180,2013-01-22,2878.01,2915.17,2915.18,2861.95,24.76597675,201.5803766382
801180,2013-01-23,2883.75,2869.96,2910.8,2847.96,20.56317325,150.2883644641
801180,2013-01-24,2848.68,2873.5,2937.24,2818.68,26.51318367,203.0390666854
801180,2013-01-25,2799.96,2845.99,2849.38,2794.9,14.20073882,111.60473761739999
801180,2013-01-28,2895.93,2800.65,2895.93,2800.5,19.03740628,146.162643021
801180,2013-01-29,2912.92,2901.45,2959.47,2900.89,21.03997309,162.6202212012
801180,2013-01-30,2981.91,2912.95,2981.91,2907.33,24.02508937,183.9770284157
801180,2013-01-31,2864.87,2968.56,2968.56,2859.97,21.94653676,174.90155745189998
801180,2013-02-01,2871.68,2865.96,2871.96,2826.58,17.58277622,146.0079669109
801180,2013-02-04,2855.86,2872.76,2880.83,2815.02,21.19473795,169.0628393649
801180,2013-02-05,2936.52,2839.84,2950.75,2835.98,22.29146879,171.493076617
801180,2013-02-06,2902.32,2930.89,2930.93,2891.26,14.533742,111.7717822709
801180,2013-02-07,2885.9,2895.31,2895.59,2867.11,12.64902037,99.73948324620001
801180,2013-02-08,2909.19,2879.42,2922.59,2879.38,13.13216506,100.76084790879999
801180,2013-02-18,2884.96,2924.42,2928.78,2870.02,15.8615128,120.47941706799999
801180,2013-02-19,2774.88,2881.36,2881.55,2766.72,18.38560556,143.34120223760002
801180,2013-02-20,2813.76,2773.35,2813.76,2762.23,14.03590608,106.84296541139999
801180,2013-02-21,2763.65,2791.23,2819.59,2730.18,18.59447541,140.8105716968
801180,2013-02-22,2763.76,2759.08,2796.37,2757.28,12.84772917,95.4870744971
801180,2013-02-25,2738.3,2766.09,2783.25,2719.92,11.89708366,90.305661739
801180,2013-02-26,2691.07,2719.87,2755.65,2687.19,12.28251989,91.0945749908
801180,2013-02-27,2759.93,2698.81,2764.53,2698.46,14.09649415,111.6994884069
801180,2013-02-28,2850.57,2775.38,2860.23,2774.73,19.38391546,157.7522063078
801180,2013-03-01,2841.32,2850.65,2861.34,2806.9,14.47780216,113.0329154998
801180,2013-03-04,2596.23,2686.66,2686.71,2591.55,27.58413528,196.96406462240003
801180,2013-03-05,2607.89,2566.16,2612.97,2538.91,20.30356653,156.9575717261
801180,2013-03-06,2628.9,2611.3,2643.95,2611.21,17.29235363,131.00981904379998
801180,2013-03-07,2644.4,2622.78,2670.67,2600.29,16.90433806,124.6870388334
801180,2013-03-08,2612.88,2648.24,2650.9,2609.57,11.74938755,87.0068532023
801180,2013-03-11,2636.78,2609.0,2646.41,2599.92,10.42528734,76.86405937890001
801180,2013-03-12,2623.36,2633.03,2676.67,2595.92,13.25848835,96.7026992081
801180,2013-03-13,2574.65,2617.26,2617.27,2561.01,11.14881985,81.1675484464
801180,2013-03-14,2572.09,2566.47,2591.9,2560.88,9.54821965,67.3806174872
801180,2013-03-15,2531.25,2568.36,2588.07,2507.14,13.05306459,96.4469993672
801180,2013-03-18,2533.44,2524.19,2554.07,2520.99,9.83155427,69.2021422363
801180,2013-03-19,2598.89,2537.28,2600.45,2533.05,14.09297442,100.6128014267
801180,2013-03-20,2666.69,2597.35,2669.44,2595.16,18.70743624,138.021266484
801180,2013-03-21,2647.83,2665.81,2671.74,2626.69,15.57805869,110.934461731
801180,2013-03-22,2664.62,2645.13,2668.04,2630.93,13.42688843,98.88897446780001
801180,2013-03-25,2678.91,2667.61,2692.79,2657.5,12.70790598,91.67761443239999
801180,2013-03-26,2673.74,2672.76,2726.47,2667.14,15.28584738,119.0371863102
801180,2013-03-27,2687.51,2668.98,2712.35,2667.78,13.44472732,99.14224656629999
801180,2013-03-28,2596.81,2657.59,2657.96,2592.84,14.31607677,104.7633739538
801180,2013-03-29,2591.37,2600.43,2612.13,2580.85,10.59793638,76.0280580476
801180,2013-04-01,2633.04,2599.47,2669.45,2599.17,12.89111367,93.9105445932
801180,2013-04-02,2663.88,2636.98,2695.07,2635.18,14.34757818,107.3077390012
801180,2013-04-03,2632.4,2667.87,2680.39,2616.69,10.53035162,75.2031581893
801180,2013-04-08,2599.02,2574.9,2599.02,2546.09,9.74939539,69.0334859526
801180,2013-04-09,2638.82,2601.3,2649.62,2601.07,10.59319078,77.5625841229
801180,2013-04-10,2638.41,2644.03,2659.41,2622.54,10.15033958,72.0140699021
801180,2013-04-11,2630.39,2657.6,2666.5,2629.26,10.34380234,72.4354438143
801180,2013-04-12,2620.39,2625.28,2642.3,2615.65,10.00253587,68.2438948595
801180,2013-04-15,2633.85,2619.38,2658.79,2597.11,12.09491643,87.6319295031
801180,2013-04-16,2730.92,2613.39,2730.92,2610.28,17.98738748,135.2725395637
801180,2013-04-17,2735.44,2730.19,2753.62,2701.47,15.1943803,113.917470187
801180,2013-04-18,2735.91,2718.1,2768.42,2711.38,12.61624136,94.5295470597
801180,2013-04-19,2777.29,2741.07,2779.69,2737.46,17.91703645,132.9828882031
801180,2013-04-22,2735.23,2763.53,2772.34,2708.81,14.26316842,108.7723197419
801180,2013-04-23,2640.77,2728.08,2728.2,2635.0,15.12889081,106.96483854520001
801180,2013-04-24,2671.47,2643.53,2685.13,2629.76,12.0917217,87.2869339395
801180,2013-04-25,2617.08,2658.96,2659.76,2611.09,14.65638234,107.9814213966
801180,2013-04-26,2606.73,2620.44,2634.89,2600.92,10.84600888,77.4744687892
801180,2013-05-02,2645.05,2592.97,2645.78,2588.31,9.81699966,72.9768384357
801180,2013-05-03,2683.8,2655.44,2714.84,2652.84,13.32942713,104.44107284350001
801180,2013-05-06,2697.08,2686.75,2707.22,2673.41,12.39722836,95.2857682313
801180,2013-05-07,2726.29,2689.27,2734.55,2689.15,13.09569507,98.3886519982
801180,2013-05-08,2737.69,2744.93,2772.94,2727.77,13.49870802,100.25240746
801180,2013-05-09,2697.81,2730.47,2731.49,2674.88,13.6678404,98.6037565687
801180,2013-05-10,2730.74,2692.58,2730.74,2688.33,12.75828289,90.2335346542
801180,2013-05-13,2712.24,2734.22,2736.33,2697.23,10.64725022,78.0961663151
801180,2013-05-14,2674.13,2708.03,2710.95,2660.55,11.1819894,82.2317571354
801180,2013-05-15,2686.88,2677.13,2692.69,2670.68,10.04204744,71.9399431011
801180,2013-05-16,2776.23,2681.29,2776.23,2674.19,18.22492348,134.8023654875
801180,2013-05-17,2853.22,2779.73,2862.34,2779.72,25.36931082,187.4347611934
801180,2013-05-20,2845.55,2868.61,2904.25,2841.2,23.89968589,184.2398304954
801180,2013-05-21,2873.81,2844.97,2873.81,2830.77,18.48426893,136.830207287
801180,2013-05-22,2894.72,2866.97,2929.13,2860.59,21.39085,162.48675114649998
801180,2013-05-23,2866.19,2886.42,2933.72,2856.1,19.80183706,151.7630532917
801180,2013-05-24,2870.95,2869.76,2890.01,2836.52,14.64446562,110.77632317969999
801180,2013-05-27,2867.58,2857.93,2869.02,2839.08,14.97780107,111.7901209358
801180,2013-05-28,2965.36,2863.17,2965.36,2855.38,22.62722544,173.81518017279998
801180,2013-05-29,2979.13,2969.52,3005.99,2969.48,24.23852128,190.87312563919997
801180,2013-05-30,2970.2,2962.28,2985.99,2953.28,15.53028849,122.58556094139999
801180,2013-05-31,2911.2,2972.55,2983.09,2910.92,15.257509,119.0086846012
801180,2013-06-03,2926.49,2910.6,2962.84,2910.59,13.84518506,108.3383988041
801180,2013-06-04,2884.21,2926.86,2935.16,2864.81,14.86488629,116.32960300209999
801180,2013-06-05,2886.14,2883.04,2889.5,2852.06,10.58561959,82.15289411479999
801180,2013-06-06,2816.12,2875.72,2881.09,2815.31,12.89510943,101.8767080981
801180,2013-06-07,2751.68,2814.25,2824.66,2736.56,12.98685159,99.4747989069
801180,2013-06-13,2638.16,2714.12,2714.14,2617.02,13.23637474,99.9194490101
801180,2013-06-14,2664.94,2646.58,2669.07,2638.13,9.5704025,74.40462341930001
801180,2013-06-17,2633.27,2668.33,2671.66,2600.99,11.35678961,92.1854699665
801180,2013-06-18,2662.61,2635.84,2662.61,2625.48,9.28257464,72.0398408495
801180,2013-06-19,2636.57,2649.61,2650.02,2602.85,10.48725252,79.2136165026
801180,2013-06-20,2567.16,2624.85,2643.83,2565.63,10.73727219,81.2770421337
801180,2013-06-21,2556.06,2525.18,2572.26,2504.33,10.72677443,78.8367896141
801180,2013-06-24,2354.51,2549.89,2550.36,2345.61,16.94739055,120.0153259482
801180,2013-06-25,2313.55,2324.82,2353.96,2163.53,20.32899213,131.0218610784
801180,2013-06-26,2341.8,2330.12,2355.18,2296.32,14.43839712,96.5749652909
801180,2013-06-27,2353.66,2355.77,2403.05,2353.66,16.13868322,109.1532891595
801180,2013-06-28,2449.88,2357.71,2499.25,2356.3,21.80150894,156.1784488631
801180,2013-07-01,2461.68,2425.13,2465.41,2407.71,11.28912696,75.0829465657
801180,2013-07-02,2454.93,2456.55,2461.36,2411.02,11.43784624,76.5797649377
801180,2013-07-03,2406.27,2445.92,2446.6,2355.68,11.68837321,80.0498763674
801180,2013-07-04,2467.66,2393.1,2492.27,2385.13,14.07691946,100.0331164459
801180,2013-07-05,2527.2,2509.93,2586.35,2509.41,17.4002675,124.0356230287
801180,2013-07-08,2474.95,2493.72,2532.52,2473.54,13.00231002,88.72619750850001
801180,2013-07-09,2434.75,2468.99,2484.67,2422.46,9.35231827,65.8428249576
801180,2013-07-10,2548.75,2445.68,2548.75,2438.02,13.93792954,96.9840041569
801180,2013-07-11,2654.46,2559.71,2687.97,2559.59,23.74799674,174.4615843745
801180,2013-07-12,2598.35,2660.4,2674.55,2592.73,15.01767882,106.79622802819999
801180,2013-07-15,2621.0,2607.4,2653.2,2582.21,12.57166356,89.81913543959999
801180,2013-07-16,2623.21,2608.86,2626.7,2563.27,13.15014692,93.7251417074
801180,2013-07-17,2628.35,2605.9,2673.2,2581.83,17.44708416,119.6079838043
801180,2013-07-18,2586.3,2622.86,2638.79,2582.39,15.53128382,101.0903440755
801180,2013-07-19,2472.88,2586.11,2590.96,2472.88,16.83253743,117.3514033856
801180,2013-07-22,2472.86,2458.1,2482.32,2434.17,10.52720366,72.2520371025
801180,2013-07-23,2549.63,2477.69,2554.94,2474.42,13.16578416,89.5362296853
801180,2013-07-24,2509.45,2531.61,2537.17,2472.72,11.96052006,84.0244172944
801180,2013-07-25,2499.13,2512.65,2528.58,2485.52,11.19105575,73.97583221949999
801180,2013-07-26,2487.16,2487.02,2510.79,2472.66,9.08425176,61.5158681985
801180,2013-07-29,2420.25,2471.15,2472.17,2408.65,10.979156,77.6271690211
801180,2013-07-30,2453.9,2422.28,2484.92,2406.54,10.11962079,70.5748592317
801180,2013-07-31,2506.62,2552.28,2589.56,2501.01,16.02402248,118.89358291159999
801180,2013-08-01,2562.59,2510.56,2564.7,2507.22,12.54937804,87.0691273668
801180,2013-08-02,2605.97,2618.18,2649.04,2603.6,17.44298116,123.5177381364
801180,2013-08-05,2625.65,2593.18,2625.65,2579.04,12.0736297,81.31329582949999
801180,2013-08-06,2622.13,2610.11,2629.44,2581.51,14.01329754,96.98766885010001
801180,2013-08-07,2644.52,2645.93,2693.91,2642.59,18.37622079,130.1048420972
801180,2013-08-08,2621.12,2647.53,2649.23,2614.2,11.25295453,75.03159452060001
801180,2013-08-09,2625.31,2634.29,2644.61,2593.85,11.05542082,75.0128487891
801180,2013-08-12,2698.03,2634.23,2698.03,2634.1,16.08015287,110.55024575190001
801180,2013-08-13,2714.54,2700.34,2714.54,2687.82,15.81161798,100.8513133001
801180,2013-08-14,2707.99,2724.41,2745.86,2699.28,15.67475876,99.9518134315
801180,2013-08-15,2665.39,2703.01,2710.71,2664.04,12.09467906,80.6494419679
801180,2013-08-16,2643.98,2653.74,2745.45,2635.53,17.78311603,121.50017849620001
801180,2013-08-19,2661.05,2627.37,2665.66,2619.96,11.44868991,75.9133507979
801180,2013-08-20,2622.84,2652.3,2670.26,2610.93,13.18338541,91.0354138845
801180,2013-08-21,2605.67,2622.5,2622.55,2587.47,11.16910561,76.4219160128
801180,2013-08-22,2598.92,2602.55,2626.33,2594.97,12.30537629,77.7628256117
801180,2013-08-23,2592.59,2610.68,2617.12,2546.86,13.6234499,88.47289329559999
801180,2013-08-26,2648.19,2594.99,2648.19,2584.55,15.70838329,103.1141902796
801180,2013-08-27,2665.34,2649.37,2679.48,2644.37,18.92353624,126.16004128459998
801180,2013-08-28,2647.46,2647.54,2669.36,2619.84,23.7249524,152.2864252752
801180,2013-08-29,2665.6,2650.75,2671.53,2640.06,23.96837571,146.9153318358
801180,2013-08-30,2679.66,2668.59,2711.69,2663.09,26.86878615,173.7770086966
801180,2013-09-02,2626.05,2688.58,2691.66,2589.76,22.45301848,151.4056440985
801180,2013-09-03,2704.54,2627.57,2704.54,2618.84,25.0650949,168.43170743139999
801180,2013-09-04,2695.83,2705.27,2717.08,2687.97,20.92065677,141.9023673921
801180,2013-09-05,2689.24,2702.02,2717.24,2686.28,18.43588165,128.302048471
801180,2013-09-06,2698.08,2687.0,2712.58,2678.34,19.4027915,145.780907009
801180,2013-09-09,2772.47,2710.02,2799.5,2700.87,28.24437421,212.84967910310002
801180,2013-09-10,2822.34,2783.16,2822.34,2779.01,27.67533791,212.88441872009997
801180,2013-09-11,2831.81,2835.47,2858.86,2811.04,26.68498791,199.8347014646
801180,2013-09-12,2833.63,2825.74,2851.37,2798.57,21.5274232,154.124410061
801180,2013-09-13,2827.97,2833.18,2840.56,2808.8,23.57963462,158.5721670633
801180,2013-09-16,2800.77,2842.43,2846.83,2797.97,19.72983595,156.1929016017
801180,2013-09-17,2710.68,2798.87,2799.04,2710.68,20.12960716,174.1933016946
801180,2013-09-18,2732.98,2707.14,2736.13,2700.52,14.44596082,126.4578088975
801180,2013-09-23,2770.22,2744.52,2770.22,2738.95,16.21709922,142.0373567763
801180,2013-09-24,2759.93,2765.99,2768.49,2730.8,24.05031219,203.90691387319998
801180,2013-09-25,2736.27,2762.41,2770.89,2727.94,24.12647499,204.4188535613
801180,2013-09-26,2657.2,2731.21,2733.56,2654.42,19.88780033,182.06087143349998
801180,2013-09-27,2640.45,2650.43,2660.62,2627.02,13.44933431,128.22006549600002
801180,2013-09-30,2664.35,2647.46,2666.75,2647.21,11.47245957,105.0449459162
801180,2013-10-08,2750.84,2662.78,2750.84,2649.82,19.28260955,155.9447250167
801180,2013-10-09,2748.86,2741.72,2748.86,2725.33,18.59453405,145.6478709549
801180,2013-10-10,2757.07,2751.91,2781.82,2744.78,23.02306539,167.38554936219998
801180,2013-10-11,2791.74,2768.14,2797.31,2757.41,21.30156322,167.61452691739998
801180,2013-10-14,2768.31,2795.04,2796.24,2754.78,23.22981297,191.04119586080003
801180,2013-10-15,2774.74,2768.52,2775.9,2746.93,22.51524282,166.4359966657
801180,2013-10-16,2692.66,2761.74,2762.17,2679.25,22.1684277,162.58184673350002
801180,2013-10-17,2683.55,2705.39,2717.96,2676.35,15.21999585,115.6275832869
801180,2013-10-18,2697.47,2686.57,2704.83,2673.13,11.36323702,83.30353815689999
801180,2013-10-21,2727.56,2699.99,2728.8,2682.36,15.50521421,113.7744044051
801180,2013-10-22,2703.87,2726.0,2727.42,2694.24,16.99691849,121.7345158559
801180,2013-10-23,2671.55,2708.18,2728.42,2664.88,18.38217879,134.1243094412
801180,2013-10-24,2648.83,2660.51,2679.98,2644.9,14.48706875,114.4399984725
801180,2013-10-25,2612.25,2647.33,2658.44,2600.24,14.07818917,110.2799970428
801180,2013-10-28,2589.82,2616.24,2618.03,2578.63,11.2264249,84.266511169
801180,2013-10-29,2547.59,2587.74,2611.83,2498.55,16.61019597,115.9148266336
801180,2013-10-30,2585.86,2549.17,2585.86,2532.86,11.87518293,83.3538755206
801180,2013-10-31,2606.38,2614.75,2665.05,2606.36,18.22648973,138.8610835938
801180,2013-11-01,2622.46,2593.72,2632.05,2591.38,12.16831334,88.4252082827
801180,2013-11-04,2613.98,2626.14,2631.86,2607.53,9.82291496,66.0811859588
801180,2013-11-05,2629.13,2605.98,2629.53,2582.32,11.69522325,80.9419961558
801180,2013-11-06,2591.76,2618.86,2624.06,2591.63,12.700729,88.67747334110001
801180,2013-11-07,2576.86,2582.87,2593.97,2567.33,9.74751772,67.7066892133
801180,2013-11-08,2558.25,2573.33,2585.13,2552.25,11.71821475,89.9044890011
801180,2013-11-11,2524.93,2550.29,2556.29,2499.93,9.79505537,74.5364708263
801180,2013-11-12,2552.68,2523.39,2554.1,2521.99,11.10923273,78.4418954324
801180,2013-11-13,2516.3,2545.36,2547.2,2516.25,10.58208278,75.9380098997
801180,2013-11-14,2513.1,2517.8,2521.17,2493.8,10.8505348,78.06309522939999
801180,2013-11-15,2567.28,2512.63,2586.54,2511.68,15.18663405,111.1996382895
801180,2013-11-18,2640.13,2575.52,2640.13,2565.61,18.94428044,134.5570027137
801180,2013-11-19,2638.86,2633.19,2647.55,2613.69,16.1182673,121.73178253
801180,2013-11-20,2649.5,2649.9,2651.53,2627.15,14.96050399,107.1008822731
801180,2013-11-21,2610.15,2630.62,2630.8,2600.42,17.29132466,124.08306138809999
801180,2013-11-22,2579.25,2615.16,2615.96,2575.6,16.3788102,116.3357373127
801180,2013-11-25,2578.19,2563.81,2595.53,2554.97,16.00874602,113.51052701270001
801180,2013-11-26,2565.71,2577.14,2583.57,2560.74,13.93189938,97.9822033811
801180,2013-11-27,2574.64,2562.72,2581.03,2547.33,13.3630062,92.8173643776
801180,2013-11-28,2603.85,2577.13,2621.88,2576.22,15.37110111,109.1048112809
801180,2013-11-29,2603.28,2605.71,2613.77,2595.96,11.71538356,84.1886371107
801180,2013-12-02,2518.82,2569.82,2581.57,2500.76,17.38847308,120.8902328118
801180,2013-12-03,2556.36,2510.5,2557.89,2505.34,12.10370469,81.6673635832
801180,2013-12-04,2608.09,2555.1,2624.94,2550.96,18.92450124,137.2886805313
801180,2013-12-05,2607.63,2611.88,2625.24,2601.51,13.70881838,108.8510200954
801180,2013-12-06,2594.89,2600.38,2611.87,2588.82,11.37118846,80.5067585701
801180,2013-12-09,2593.92,2601.77,2609.91,2586.23,9.99740454,69.7158110822
801180,2013-12-10,2619.55,2597.68,2623.23,2597.35,13.65914564,98.2713955165
801180,2013-12-11,2594.91,2613.26,2614.43,2581.18,15.48693734,109.7766839735
801180,2013-12-12,2597.65,2588.64,2611.14,2588.58,12.36882714,85.6737650797
801180,2013-12-13,2607.12,2588.34,2615.35,2585.96,13.47720714,93.45673648889999
801180,2013-12-16,2572.05,2614.87,2620.67,2571.71,14.93654351,101.6304695453
801180,2013-12-17,2543.02,2571.78,2573.89,2540.41,12.55114235,87.88313440120001
801180,2013-12-18,2530.78,2544.53,2546.82,2524.87,9.29791307,63.207548476599996
801180,2013-12-19,2491.28,2535.89,2539.7,2487.85,10.1164551,70.201798061
801180,2013-12-20,2444.62,2492.25,2495.15,2439.8,10.20105087,70.58742180649999
801180,2013-12-23,2417.7,2443.55,2447.86,2400.0,8.94768497,61.3067691479
801180,2013-12-24,2431.22,2421.53,2458.52,2412.87,9.01018731,63.227160959799996
801180,2013-12-25,2451.14,2432.33,2451.25,2418.84,8.56909634,59.0412465893
801180,2013-12-26,2404.38,2448.12,2448.16,2402.79,11.34144112,74.19935152800001
801180,2013-12-27,2444.32,2405.5,2454.48,2405.15,10.98382204,73.62601841600001
801180,2013-12-30,2436.23,2453.32,2455.96,2430.57,10.490196,70.75509010489999
801180,2013-12-31,2471.92,2423.42,2471.92,2416.69,11.33180367,76.2161930584
801180,2014-01-02,2459.28,2462.87,2466.97,2451.81,8.97119249,57.864330932799994
801180,2014-01-03,2421.87,2452.1,2452.66,2409.73,9.22338537,60.2309783659
801180,2014-01-06,2328.24,2414.61,2415.21,2324.8,12.38950535,79.1695643179
801180,2014-01-07,2321.96,2316.27,2339.22,2310.62,9.00068686,59.9795778217
801180,2014-01-08,2300.89,2325.17,2339.87,2295.14,9.98623087,63.8140116171
801180,2014-01-09,2297.3,2301.51,2330.42,2295.54,10.83930646,72.3419173787
801180,2014-01-10,2271.06,2288.18,2294.33,2265.35,10.43676022,62.2862729793
801180,2014-01-13,2241.98,2270.6,2287.39,2223.28,10.28774311,68.1180446628
801180,2014-01-14,2271.7,2237.06,2285.08,2210.31,10.89531253,70.1019466601
801180,2014-01-15,2261.73,2266.78,2273.12,2248.48,9.82003226,63.4359427224
801180,2014-01-16,2272.54,2262.64,2285.36,2251.84,9.74976903,63.4922996411
801180,2014-01-17,2245.57,2263.18,2265.9,2243.33,8.11063531,51.8549864155
801180,2014-01-20,2242.71,2240.41,2253.05,2234.15,6.77900871,43.3267973681
801180,2014-01-21,2271.19,2248.3,2274.42,2247.95,8.51261366,55.4515726142
801180,2014-01-22,2378.29,2276.54,2379.3,2272.77,17.22839423,119.53756210879999
801180,2014-01-23,2363.91,2377.8,2386.4,2355.67,13.43374429,92.52601149600001
801180,2014-01-24,2421.49,2356.22,2445.19,2354.46,18.16128799,123.97160700389999
801180,2014-01-27,2393.23,2403.91,2407.91,2384.53,12.70143942,88.58864077540001
801180,2014-01-28,2391.13,2396.45,2414.12,2379.13,9.36674206,68.6558142128
801180,2014-01-29,2387.92,2398.11,2401.16,2377.5,9.05756375,64.1991923682
801180,2014-01-30,2363.05,2382.89,2383.32,2354.11,7.99193976,55.387188225100005
801180,2014-02-07,2378.49,2347.8,2378.49,2334.26,8.15651699,57.613117612399996
801180,2014-02-10,2431.39,2385.97,2434.47,2385.92,14.84821716,102.4549554818
801180,2014-02-11,2451.22,2430.48,2458.83,2423.32,16.86083435,117.3220477869
801180,2014-02-12,2466.22,2454.37,2466.39,2447.8,16.53873221,112.8158818331
801180,2014-02-13,2433.27,2463.74,2464.95,2433.27,16.9613593,116.6936953331
801180,2014-02-14,2457.36,2434.24,2457.36,2429.88,15.22093535,103.6954010059
801180,2014-02-17,2466.32,2463.03,2466.32,2445.87,17.02703711,113.31609579270001
801180,2014-02-18,2453.04,2464.56,2464.59,2440.74,18.14755788,121.7763721305
801180,2014-02-19,2482.03,2451.1,2488.36,2444.89,20.69026587,142.502424096
801180,2014-02-20,2450.5,2484.01,2497.36,2449.12,18.3743768,124.8792239157
801180,2014-02-21,2425.75,2449.47,2457.64,2411.38,15.55135519,107.3629867783
801180,2014-02-24,2298.52,2390.74,2391.13,2289.54,21.76454096,144.3334117174
801180,2014-02-25,2259.24,2296.84,2305.28,2249.95,19.21085927,123.7015643872
801180,2014-02-26,2279.35,2249.18,2279.38,2234.53,13.95506511,90.63232772139999
801180,2014-02-27,2253.28,2284.61,2292.65,2248.24,14.61463371,98.5067959174
801180,2014-02-28,2286.61,2255.34,2286.61,2238.23,12.36764919,81.3365433295
801180,2014-03-03,2304.76,2280.45,2304.97,2272.57,13.96364281,92.97097802370001
801180,2014-03-04,2341.28,2325.62,2345.63,2310.04,18.32683829,124.1666231638
801180,2014-03-05,2312.55,2341.31,2341.6,2310.71,13.90934321,92.2404189612
801180,2014-03-06,2388.98,2311.88,2408.45,2296.5,22.55661508,149.5536913913
801180,2014-03-07,2356.19,2384.64,2394.83,2349.09,15.76853694,106.6308026012
801180,2014-03-10,2280.08,2337.41,2337.65,2271.03,14.0974515,91.9798218784
801180,2014-03-11,2324.63,2275.3,2340.12,2274.26,15.63237245,104.22636543690001
801180,2014-03-12,2358.55,2315.62,2390.17,2310.82,21.20651223,135.6229339969
801180,2014-03-13,2371.29,2353.7,2381.21,2342.42,17.05750499,106.07514844459999
801180,2014-03-14,2353.09,2359.5,2384.82,2335.55,15.26977168,96.2180574595
801180,2014-03-17,2400.22,2366.71,2400.22,2366.71,15.48047241,103.40864104049999
801180,2014-03-18,2386.84,2401.45,2402.27,2375.33,15.7334375,107.39325085700001
801180,2014-03-19,2386.0,2372.49,2386.0,2339.62,18.01294259,120.84355882370001
801180,2014-03-20,2373.46,2390.31,2439.14,2373.46,22.09127108,148.9890882534
801180,2014-03-21,2476.41,2365.11,2482.14,2361.0,30.08783616,198.1255030692
801180,2014-03-24,2549.04,2491.16,2561.59,2483.41,35.07793887,235.51025645619998
801180,2014-03-25,2549.67,2548.5,2586.65,2536.16,32.24800133,222.7783049297
801180,2014-03-26,2528.11,2555.86,2558.23,2512.82,23.90078995,153.4770510361
801180,2014-03-27,2538.78,2523.19,2580.14,2511.88,30.24683015,208.22845083939998
801180,2014-03-28,2528.17,2530.85,2572.59,2520.02,29.77529329,194.5098397576
801180,2014-03-31,2508.87,2534.02,2543.7,2485.02,18.95534638,123.8825930597
801180,2014-04-01,2534.59,2506.86,2538.59,2498.13,18.1012445,115.8345258778
801180,2014-04-02,2616.4,2538.59,2633.23,2538.58,34.36310385,223.273722381
801180,2014-04-03,2568.03,2616.45,2616.46,2556.96,28.05968848,178.2064193045
801180,2014-04-04,2582.8,2560.28,2588.39,2556.51,20.04683716,131.2680529749
801180,2014-04-08,2598.39,2571.0,2601.99,2559.97,20.68635357,139.6659439755
801180,2014-04-09,2600.31,2599.45,2610.19,2588.55,19.28681364,136.851243958
801180,2014-04-10,2582.26,2597.29,2599.18,2560.0,23.26115974,164.2619783853
801180,2014-04-11,2567.34,2568.31,2571.15,2548.64,17.10290357,117.8573808197
801180,2014-04-14,2588.24,2566.13,2588.24,2554.99,17.90696128,130.72555550229998
801180,2014-04-15,2553.5,2576.84,2579.33,2546.63,20.14596827,146.7394776261
801180,2014-04-16,2570.86,2544.05,2577.93,2543.88,16.04271743,119.1345702716
801180,2014-04-17,2551.78,2572.2,2574.56,2551.14,15.27973806,112.6808862983
801180,2014-04-18,2548.66,2541.84,2550.73,2529.74,13.11846391,98.36219527959999
801180,2014-04-21,2501.29,2527.85,2552.16,2501.29,14.58419291,107.4303059628
801180,2014-04-22,2526.52,2500.65,2526.53,2483.95,15.72801875,125.9180738833
801180,2014-04-23,2520.76,2517.68,2531.24,2511.11,11.69769388,90.3198053043
801180,2014-04-24,2538.35,2518.55,2572.02,2514.33,16.11489903,120.6570257323
801180,2014-04-25,2515.12,2558.23,2565.95,2512.74,19.83411532,140.6117142539
801180,2014-04-28,2473.2,2512.2,2524.29,2471.94,19.88453473,130.0586347563
801180,2014-04-29,2468.17,2461.25,2470.55,2433.74,12.56596815,87.58465938200001
801180,2014-04-30,2464.71,2456.18,2467.01,2446.5,10.82250636,75.6521449876
801180,2014-05-05,2436.67,2452.47,2452.6,2414.3,12.07099161,81.6621168512
801180,2014-05-06,2432.57,2425.33,2444.85,2421.79,13.07737099,88.1930811556
801180,2014-05-07,2411.68,2426.45,2434.9,2410.04,12.82397032,88.9907013043
801180,2014-05-08,2397.78,2387.87,2434.64,2373.84,14.11058591,92.8144768744
801180,2014-05-09,2363.56,2392.5,2392.77,2348.17,11.76928704,73.9217845058
801180,2014-05-12,2399.52,2375.47,2399.59,2349.85,15.2884992,98.5850925885
801180,2014-05-13,2426.53,2399.89,2431.74,2399.04,14.11052968,98.64732551700001
801180,2014-05-14,2443.31,2450.36,2472.22,2441.67,14.42425192,95.9442186365
801180,2014-05-15,2397.96,2430.13,2430.24,2397.68,11.24038183,75.3725167604
801180,2014-05-16,2413.98,2390.5,2417.73,2390.44,9.57530128,69.1846981593
801180,2014-05-19,2394.05,2406.57,2407.39,2375.0,9.80226458,71.8551806808
801180,2014-05-20,2399.26,2400.13,2409.31,2393.78,9.17471229,64.65281054270001
801180,2014-05-21,2419.42,2390.39,2420.97,2373.04,9.25931026,64.3805086879
801180,2014-05-22,2427.57,2411.23,2454.0,2409.17,12.90300228,94.50480766540001
801180,2014-05-23,2480.86,2430.82,2484.01,2429.47,15.39539864,110.2246173094
801180,2014-05-26,2482.18,2484.41,2487.9,2470.59,10.95867943,77.7154938515
801180,2014-05-27,2486.31,2479.34,2499.59,2474.81,11.17290542,80.2683479274
801180,2014-05-28,2512.47,2485.64,2512.47,2482.14,12.50751835,85.7731616328
801180,2014-05-29,2500.22,2520.07,2536.56,2499.78,13.88135819,102.5180017539
801180,2014-05-30,2483.13,2497.79,2499.96,2470.88,10.47512416,73.0875120151
801180,2014-06-03,2466.36,2477.9,2489.45,2465.6,9.92366111,67.0164550319
801180,2014-06-04,2429.36,2461.4,2461.67,2414.32,9.25715842,62.72414856979999
801180,2014-06-05,2463.81,2426.1,2463.81,2424.62,8.73744737,61.8049918441
801180,2014-06-06,2452.74,2462.38,2463.28,2432.02,8.24554586,59.0775596081
801180,2014-06-09,2463.49,2443.8,2493.93,2439.33,10.72845937,73.2401179831
801180,2014-06-10,2481.1,2459.95,2486.58,2453.52,10.5043691,71.7725556717
801180,2014-06-11,2483.51,2474.44,2489.74,2472.68,9.19970889,62.863039031199996
801180,2014-06-12,2463.65,2476.65,2477.13,2450.0,10.25872031,72.2450913261
801180,2014-06-13,2475.97,2461.1,2483.9,2455.22,10.57173887,70.157808753
801180,2014-06-16,2475.71,2476.34,2483.16,2459.81,12.98732971,85.3616568657
801180,2014-06-17,2462.02,2467.96,2468.53,2455.51,13.93749595,91.5219296865
801180,2014-06-18,2451.81,2459.41,2472.94,2449.91,12.43419189,80.1354010482
801180,2014-06-19,2396.43,2451.02,2453.65,2392.45,13.18575848,82.8483473816
801180,2014-06-20,2417.16,2395.58,2417.16,2395.53,9.16203909,57.18764186560001
801180,2014-06-23,2420.09,2419.96,2429.61,2412.07,11.08717142,67.0349571884
801180,2014-06-24,2424.56,2420.78,2424.72,2413.58,9.92669508,60.6054736058
801180,2014-06-25,2417.07,2421.18,2421.23,2402.43,9.88887178,62.2129217959
801180,2014-06-26,2446.49,2416.57,2449.75,2416.41,12.64577638,79.003314366
801180,2014-06-27,2462.22,2446.66,2470.44,2446.66,15.17896492,95.9653303979
801180,2014-06-30,2466.81,2461.48,2476.59,2459.09,13.43338384,82.5269242992
801180,2014-07-01,2467.05,2468.24,2470.22,2455.78,12.64813962,76.4772564992
801180,2014-07-02,2470.5,2463.57,2470.5,2453.76,12.43099805,73.44323839970001
801180,2014-07-03,2492.37,2469.07,2497.46,2466.71,17.19777066,97.604194569
801180,2014-07-04,2512.91,2492.63,2513.65,2492.6,14.7215376,92.6839508319
801180,2014-07-07,2545.05,2516.36,2556.98,2512.36,15.65785773,101.1392669031
801180,2014-07-08,2544.79,2546.88,2547.94,2522.09,13.197785,83.0658166275
801180,2014-07-09,2504.84,2539.75,2543.62,2504.84,13.6727705,87.7850119752
801180,2014-07-10,2513.66,2501.17,2522.32,2501.11,10.39695441,70.8242009026
801180,2014-07-11,2544.91,2519.43,2555.11,2517.68,13.81067712,89.2556230506
801180,2014-07-14,2572.28,2544.94,2572.28,2544.72,14.10288108,90.2912558357
801180,2014-07-15,2572.85,2567.84,2573.7,2558.77,18.35077755,122.60051611290001
801180,2014-07-16,2579.27,2570.7,2594.3,2570.26,17.58729667,112.67358959180001
801180,2014-07-17,2560.59,2578.18,2578.18,2545.46,14.85317567,97.238384911
801180,2014-07-18,2610.45,2548.78,2624.51,2547.09,22.410184,147.293063192
801180,2014-07-21,2613.09,2610.05,2624.36,2604.99,16.36760823,108.51288750040001
801180,2014-07-22,2644.0,2606.32,2650.44,2606.24,17.63324646,113.87164513139999
801180,2014-07-23,2654.89,2644.86,2666.77,2644.86,20.03818617,131.0049327335
801180,2014-07-24,2724.7,2656.34,2728.22,2656.32,30.40553454,195.5597024614
801180,2014-07-25,2735.55,2731.95,2735.55,2700.22,19.85613535,129.852999528
801180,2014-07-28,2767.71,2741.32,2776.26,2735.74,26.80486088,177.9640004427
801180,2014-07-29,2795.15,2771.31,2795.15,2766.62,27.13763593,186.5597930537
801180,2014-07-30,2749.65,2784.01,2787.57,2737.23,27.19694336,190.915733544
801180,2014-07-31,2787.43,2745.25,2787.43,2739.83,21.756206,144.1863034813
801180,2014-08-01,2747.06,2771.71,2791.28,2746.12,20.96529288,139.4962536764
801180,2014-08-04,2797.95,2752.96,2797.95,2747.41,19.82738788,130.9869111583
801180,2014-08-05,2785.26,2799.45,2799.45,2766.91,19.72725652,130.379334967
801180,2014-08-06,2774.61,2773.5,2778.82,2747.19,21.0569233,133.5470983235
801180,2014-08-07,2754.45,2773.92,2793.7,2753.4,21.48253908,132.6323011109
801180,2014-08-08,2749.68,2753.44,2762.41,2732.18,17.59733946,115.850464626
801180,2014-08-11,2794.92,2756.22,2795.11,2755.63,19.33130076,132.4652951467
801180,2014-08-12,2804.35,2793.52,2804.73,2785.36,19.19667049,135.7289478107
801180,2014-08-13,2813.5,2809.3,2814.39,2775.99,21.5206697,158.4726270794
801180,2014-08-14,2790.35,2808.82,2823.08,2788.66,23.03603139,150.5155202722
801180,2014-08-15,2814.16,2791.52,2822.78,2787.5,20.64541355,138.2816280585
801180,2014-08-18,2828.67,2814.82,2828.67,2811.38,20.74111912,141.12787644600002
801180,2014-08-19,2834.75,2832.3,2834.75,2811.95,24.35959272,161.6033646293
801180,2014-08-20,2833.13,2832.73,2841.16,2822.68,24.36912289,156.57647899059998
801180,2014-08-21,2833.3,2832.53,2833.51,2793.41,22.3601924,150.4731681627
801180,2014-08-22,2858.61,2831.66,2859.38,2828.76,21.36489009,147.5653754183
801180,2014-08-25,2827.27,2851.49,2858.61,2823.62,19.87298989,138.69484382139999
801180,2014-08-26,2787.11,2815.11,2827.27,2775.85,20.26560899,140.0258568458
801180,2014-08-27,2793.08,2780.39,2797.62,2777.91,16.37376413,119.4134070232
801180,2014-08-28,2771.59,2794.67,2796.53,2764.46,15.87571081,118.7627166514
801180,2014-08-29,2794.73,2773.09,2794.73,2768.83,12.97048347,97.1695344848
801180,2014-09-01,2820.52,2793.35,2820.52,2788.03,15.72007205,118.433812268
801180,2014-09-02,2856.43,2826.36,2856.43,2822.88,22.12349295,163.7076416465
801180,2014-09-03,2894.81,2857.74,2898.76,2857.74,25.85638775,194.90059308669998
801180,2014-09-04,2933.41,2912.71,2933.41,2912.37,29.03515563,217.52745469479999
801180,2014-09-05,2943.24,2940.31,2949.33,2928.91,25.48232172,194.1650782257
801180,2014-09-09,2936.17,2946.51,2946.52,2921.49,23.59101844,184.658268508
801180,2014-09-10,2931.83,2924.11,2932.04,2901.49,23.1709279,177.85243907900002
801180,2014-09-11,2925.66,2926.91,2961.92,2907.99,27.01719782,197.0420495114
801180,2014-09-12,2957.47,2919.68,2957.93,2918.01,23.54172312,158.45205053450002
801180,2014-09-15,2961.89,2950.48,2962.55,2936.2,27.7967045,196.6207435296
801180,2014-09-16,2906.61,2965.82,2994.2,2904.51,38.13831734,263.2823132038
801180,2014-09-17,2957.81,2914.2,2957.81,2899.86,33.2881179,221.09181810619998
801180,2014-09-18,2946.71,2951.37,2954.75,2933.95,27.10700927,180.07887772540002
801180,2014-09-19,2968.75,2946.8,2968.81,2931.29,23.96170031,170.4621520077
801180,2014-09-22,2938.73,2965.02,2965.02,2930.43,25.36269069,184.8609683502
801180,2014-09-23,2975.72,2949.86,2975.97,2949.86,23.7809372,175.4152983352
801180,2014-09-24,3005.57,2968.1,3005.57,2959.52,26.4975399,189.75421177830003
801180,2014-09-25,2991.74,3013.06,3019.25,2983.03,26.37325914,188.84787778240002
801180,2014-09-26,2988.59,2983.36,2989.24,2969.76,21.34405278,151.21599865780001
801180,2014-09-29,2995.03,2993.7,3001.47,2980.53,22.54916687,168.2806447221
801180,2014-09-30,3009.95,2998.11,3013.88,2989.89,21.22942513,156.35015294049998
801180,2014-10-08,3068.19,3069.67,3079.96,3045.36,31.73221919,229.959103658
801180,2014-10-09,3077.95,3067.66,3081.87,3044.55,31.99189557,225.9870027295
801180,2014-10-10,3107.5,3069.45,3110.33,3059.41,36.9597862,268.15742065169997
801180,2014-10-13,3130.15,3099.9,3130.15,3085.15,30.63153814,231.5797843059
801180,2014-10-14,3106.91,3126.44,3130.11,3088.48,29.84078742,208.5275406222
801180,2014-10-15,3090.36,3103.15,3109.35,3060.53,25.05782279,179.3545079469
801180,2014-10-16,3033.98,3071.11,3082.14,3033.98,27.30573567,200.1470021919
801180,2014-10-17,3031.01,3032.85,3052.5,2983.8,25.26964439,190.4167171216
801180,2014-10-20,3047.98,3039.59,3048.68,3023.97,23.1501168,172.10612119580003
801180,2014-10-21,3019.4,3043.58,3048.88,3012.02,22.72979338,168.11437333979998
801180,2014-10-22,2983.42,3018.63,3025.44,2981.55,20.05964026,150.40371877209998
801180,2014-10-23,2928.94,2978.18,2986.31,2923.45,20.2654347,151.9948501156
801180,2014-10-24,2943.21,2928.89,2952.26,2927.3,15.91239193,116.6976457833
801180,2014-10-27,2923.2,2934.39,2934.56,2914.33,17.15805657,125.2691454858
801180,2014-10-28,3000.2,2934.71,3000.2,2934.01,22.36515631,161.82098798290002
801180,2014-10-29,3062.56,3004.66,3064.64,2988.39,32.19092616,242.92395651459998
801180,2014-10-30,3052.36,3061.41,3065.9,3035.29,27.35834069,212.60298889610002
801180,2014-10-31,3092.05,3058.26,3092.05,3054.7,30.81893529,224.6291681093
801180,2014-11-03,3111.36,3104.13,3125.95,3095.6,29.21249036,218.79949934869998
801180,2014-11-04,3104.01,3103.06,3111.03,3089.64,26.32220081,193.72785106560002
801180,2014-11-05,3095.86,3100.11,3104.06,3085.61,20.79800585,158.4637123474
801180,2014-11-06,3112.39,3098.73,3123.42,3090.75,20.95840194,156.94224426719998
801180,2014-11-07,3100.44,3115.07,3151.79,3086.97,26.64821579,203.2598312921
801180,2014-11-10,3140.43,3114.6,3140.43,3099.0,24.54646416,189.4459781436
801180,2014-11-11,3105.34,3150.56,3162.85,3075.72,35.42994434,266.0143162664
801180,2014-11-12,3169.0,3094.1,3169.0,3091.12,25.31735297,202.56572001979998
801180,2014-11-13,3146.34,3170.02,3178.78,3134.69,27.52993504,235.0809535698
801180,2014-11-14,3159.53,3132.32,3163.2,3117.3,24.54465607,207.4127214257
801180,2014-11-17,3160.09,3165.55,3185.14,3145.42,23.67446221,213.7375113408
801180,2014-11-18,3150.98,3150.85,3161.25,3138.81,22.4912475,190.71863415060002
801180,2014-11-19,3148.97,3145.08,3159.83,3140.7,21.14762856,179.1296283914
801180,2014-11-20,3143.76,3137.41,3152.54,3132.34,17.95692067,150.49611164
801180,2014-11-21,3188.7,3142.58,3188.7,3142.58,23.55140653,194.5391235952
801180,2014-11-24,3348.02,3307.51,3372.67,3291.53,63.88443483,513.9299323915
801180,2014-11-25,3372.81,3361.07,3374.47,3342.72,43.59934273,365.2791538701
801180,2014-11-26,3385.98,3368.88,3385.98,3347.83,37.5742127,318.70045166069997
801180,2014-11-27,3414.43,3388.23,3421.64,3367.49,40.6326523,338.3682180225
801180,2014-11-28,3534.14,3408.65,3538.43,3398.4,58.43350286,480.89465516900003
801180,2014-12-01,3481.72,3536.64,3555.16,3472.09,45.42904136,397.7023432972
801180,2014-12-02,3549.0,3464.34,3564.86,3454.95,39.04764544,342.8040706187
801180,2014-12-03,3619.0,3565.45,3724.81,3550.49,58.31663014,510.99303018230006
801180,2014-12-04,3733.02,3621.2,3735.19,3604.3,49.86129522,436.87288918800004
801180,2014-12-05,3647.24,3746.78,3767.03,3548.63,56.70976201,509.2132205768
801180,2014-12-08,3795.66,3635.8,3814.09,3611.22,52.78673631,499.2170400788
801180,2014-12-09,3599.16,3751.15,3926.81,3577.52,67.4206693,634.9344065766
801180,2014-12-10,3741.91,3607.73,3742.14,3570.92,40.10023156,378.738103271
801180,2014-12-11,3800.32,3721.33,3848.33,3707.6,42.64859988,396.5043646361
801180,2014-12-12,3775.09,3799.25,3814.93,3740.85,35.36655276,317.19248574790004
801180,2014-12-15,3745.98,3770.05,3770.05,3684.5,35.33779426,335.4139064523
801180,2014-12-16,3798.84,3735.19,3798.84,3703.86,37.9305124,345.6678084019
801180,2014-12-17,3853.01,3793.12,3853.01,3766.17,46.08653552,431.3398793931
801180,2014-12-18,3811.24,3871.07,3903.24,3803.29,35.27217296,345.61393684940003
801180,2014-12-19,3765.48,3806.95,3809.52,3692.05,36.55980027,349.0544654386
801180,2014-12-22,3668.53,3757.44,3773.81,3631.24,40.93274929,375.5816485314
801180,2014-12-23,3642.26,3644.55,3756.63,3588.17,32.67564559,297.5738074495
801180,2014-12-24,3589.95,3638.66,3645.56,3548.17,27.55919351,254.9525205888
801180,2014-12-25,3667.02,3596.34,3667.02,3594.99,24.42150648,233.2019159072
801180,2014-12-26,3786.03,3673.68,3789.52,3673.55,35.53503422,347.2014594796
801180,2014-12-29,3902.26,3849.44,3960.89,3815.95,57.35275335,587.3241829954001
801180,2014-12-30,3869.68,3898.93,3966.68,3831.05,43.10559897,445.25686043739995
801180,2014-12-31,4085.59,3857.65,4085.59,3855.43,47.45877176,460.37895781459997
801180,2015-01-05,4232.15,4171.95,4329.16,4160.53,67.45778011,692.6722117772999
801180,2015-01-06,4113.73,4174.85,4174.85,4047.56,42.84826656,439.51839208440003
801180,2015-01-07,4118.13,4082.52,4145.71,4069.26,30.22705816,319.4644198144
801180,2015-01-08,4018.29,4121.62,4121.66,4002.46,30.52225298,322.5706371324
801180,2015-01-09,3975.9,4003.34,4111.77,3974.99,31.94482812,343.8618847853
801180,2015-01-12,3887.28,3939.75,3939.84,3843.14,26.36038726,256.4070324704
801180,2015-01-13,3899.47,3876.55,3932.79,3876.47,19.64331446,199.99638419669998
801180,2015-01-14,3915.66,3902.3,3945.57,3880.67,20.04234723,210.8829673159
801180,2015-01-15,4048.73,3920.15,4048.73,3919.97,26.4471545,293.345253887
801180,2015-01-16,4048.13,4046.13,4056.97,3994.16,27.45930115,294.54110006220003
801180,2015-01-19,3772.58,3848.6,3947.42,3750.77,36.46635756,363.883390985
801180,2015-01-20,3894.43,3793.05,3900.2,3792.97,33.66462031,346.39212110949995
801180,2015-01-21,4069.3,3899.99,4079.16,3886.96,41.99085754,451.73341289129996
801180,2015-01-22,4141.99,4071.2,4159.18,4068.32,33.41880468,372.7396491838
801180,2015-01-23,4169.43,4147.5,4198.47,4109.76,35.10447168,388.3959407896
801180,2015-01-26,4227.2,4185.26,4229.55,4139.7,30.84581708,340.511852418
801180,2015-01-27,4153.9,4228.06,4228.66,4079.46,34.2552094,380.0235942735
801180,2015-01-28,4098.9,4130.55,4147.75,4085.59,24.04394829,264.0191212398
801180,2015-01-29,4084.56,4054.49,4109.18,4046.65,21.4254084,228.7809931454
801180,2015-01-30,4097.44,4096.32,4168.73,4042.08,28.49277695,302.3833090702
801180,2015-02-02,4054.69,4023.69,4125.39,4006.48,24.31457172,257.3402715998
801180,2015-02-03,4089.04,4074.59,4089.53,3998.05,24.98428529,266.6994190867
801180,2015-02-04,4081.1,4092.64,4133.5,4075.11,23.79846351,261.88042073540004
801180,2015-02-05,4049.09,4197.98,4199.02,4049.09,30.57945305,348.9246333496
801180,2015-02-06,3927.69,4015.24,4017.59,3903.92,24.47297642,258.8618859695
801180,2015-02-09,3886.05,3896.42,3916.52,3859.23,17.2168654,185.7569168121
801180,2015-02-10,3952.64,3879.55,3952.64,3873.63,16.17246779,170.2284300774
801180,2015-02-11,3983.71,3972.1,3993.3,3963.43,15.94675227,174.4795354246
801180,2015-02-12,4005.29,3976.53,4012.35,3958.5,16.19737484,178.1591449477
801180,2015-02-13,4104.69,4026.04,4137.03,4025.45,25.45380246,280.4447767395
801180,2015-02-16,4113.72,4100.92,4120.54,4087.02,21.02666369,232.5892640048
801180,2015-02-17,4177.86,4129.65,4177.97,4129.43,22.40121898,246.5220897564
801180,2015-02-25,4120.17,4178.17,4180.45,4110.78,20.41929316,230.6768350707
801180,2015-02-26,4212.45,4116.32,4212.45,4116.18,25.01176355,270.7575445275
801180,2015-02-27,4213.18,4205.4,4227.05,4195.36,23.34433947,249.1611022486
801180,2015-03-02,4258.78,4284.4,4293.34,4225.24,39.23749932,422.8468713948
801180,2015-03-03,4156.06,4232.03,4246.72,4150.67,38.0123804,404.22910521769995
801180,2015-03-04,4193.38,4151.89,4193.38,4145.06,30.20157515,306.0719246407
801180,2015-03-05,4162.89,4183.74,4190.14,4139.94,32.00726179,335.5867742795
801180,2015-03-06,4159.82,4165.04,4196.44,4147.72,28.09251903,294.1628361763
801180,2015-03-09,4223.05,4140.91,4226.54,4088.21,31.35597805,324.0636294573
801180,2015-03-10,4220.31,4210.07,4235.41,4200.81,26.70289566,277.4456658772
801180,2015-03-11,4234.53,4225.23,4257.36,4215.15,29.61079313,321.175457125
801180,2015-03-12,4288.87,4252.95,4290.31,4235.89,32.50283929,355.4450163693
801180,2015-03-13,4294.46,4292.85,4296.61,4276.74,26.91714563,303.9401779334
801180,2015-03-16,4411.45,4323.73,4411.45,4322.1,38.37357343,435.9704289918
801180,2015-03-17,4458.66,4432.57,4472.43,4408.82,46.11229516,503.7081549546
801180,2015-03-18,4564.48,4461.33,4564.48,4460.53,49.0006777,537.1827652239
801180,2015-03-19,4550.03,4558.69,4558.69,4504.59,43.22045984,470.28510937949994
801180,2015-03-20,4642.07,4558.65,4667.71,4554.88,51.11581187,567.7583017573
801180,2015-03-23,4750.02,4697.73,4778.25,4697.73,53.29122412,617.8466906923001
801180,2015-03-24,4738.21,4779.32,4779.32,4597.27,61.48968891,698.9576291717999
801180,2015-03-25,4730.19,4753.47,4762.24,4693.24,50.033217,567.7705149866
801180,2015-03-26,4726.33,4722.79,4769.11,4676.27,46.21213316,550.4614400685
801180,2015-03-27,4887.26,4780.35,4887.26,4750.2,52.42800754,623.2533758581
801180,2015-03-30,5118.9,4916.62,5151.18,4892.7,77.00635143,953.7961998059
801180,2015-03-31,5030.66,5247.27,5271.04,5017.76,76.62432974,1012.3751699992
801180,2015-04-01,5043.87,5023.03,5047.27,4963.28,49.39630862,621.359841358
801180,2015-04-02,5055.57,5051.36,5080.0,4995.59,50.467432,632.8045810075
801180,2015-04-03,5107.35,5019.26,5107.35,4995.56,50.46023512,637.2359326075
801180,2015-04-07,5235.47,5145.33,5235.47,5134.63,57.31560851,711.5453418078
801180,2015-04-08,5285.51,5260.0,5285.51,5131.65,62.92608066,809.6115932475
801180,2015-04-09,5433.7,5279.76,5441.28,5144.01,71.90173828,923.4890632688
801180,2015-04-10,5474.26,5396.44,5497.55,5362.13,61.80913624,800.9806286036
801180,2015-04-13,5538.77,5484.31,5574.8,5446.13,60.35519281,793.1352811930001
801180,2015-04-14,5508.79,5525.41,5559.01,5462.86,54.42336971,722.9163420282001
801180,2015-04-15,5346.41,5489.26,5489.26,5327.01,48.05646304,615.0903224006
801180,2015-04-16,5435.69,5295.22,5440.23,5250.05,43.43949031,549.8730461016
801180,2015-04-17,5496.72,5485.09,5532.52,5420.91,54.77062037,701.5019443200999
801180,2015-04-20,5423.8,5533.62,5606.46,5409.15,63.48129133,809.7425602617999
801180,2015-04-21,5555.7,5418.36,5555.7,5404.04,48.43967991,594.5259415984
801180,2015-04-22,5711.66,5587.49,5712.76,5587.49,60.96926784,785.1091828448
801180,2015-04-23,5735.44,5758.6,5771.82,5655.07,60.75465363,804.07843277
801180,2015-04-24,5709.21,5677.29,5744.71,5628.47,53.57265028,713.9030239741
801180,2015-04-27,5768.93,5748.53,5787.44,5682.61,58.45476323,787.0176628828999
801180,2015-04-28,5641.94,5772.03,5773.2,5592.74,56.4662079,751.3774730046001
801180,2015-04-29,5734.54,5617.36,5753.07,5585.74,44.91299228,591.0658433149
801180,2015-04-30,5861.22,5761.78,5925.48,5752.39,61.17061474,834.5608098547999
801180,2015-05-04,5867.33,5901.94,5937.4,5846.38,56.25778623,761.1244975225
801180,2015-05-05,5577.9,5873.42,5873.57,5542.46,54.15710446,710.7632521911
801180,2015-05-06,5472.52,5596.16,5654.58,5424.1,43.88696428,563.7951322284
801180,2015-05-07,5403.71,5449.6,5474.92,5379.07,38.38669109,482.2033809087
801180,2015-05-08,5546.63,5452.19,5546.63,5410.32,39.65785591,504.7542652963
801180,2015-05-11,5725.63,5650.57,5730.7,5608.68,54.78181253,722.9210207702
801180,2015-05-12,5771.13,5735.59,5771.26,5683.69,51.91429416,696.7524695267999
801180,2015-05-13,5906.83,5766.01,5915.04,5716.16,59.64640568,813.3585950252001
801180,2015-05-14,5869.66,5915.35,5960.31,5848.0,53.19041241,727.4258352129
801180,2015-05-15,5778.54,5864.79,5864.79,5719.08,45.53333716,625.5713392086
801180,2015-05-18,5805.18,5759.48,5830.11,5730.28,41.3298369,585.0328503474
801180,2015-05-19,5993.11,5821.48,5993.46,5821.45,46.4035585,640.6076921242
801180,2015-05-20,6062.64,6045.66,6151.13,6040.24,61.29478319,843.0451956049001
801180,2015-05-21,6213.86,6091.62,6213.86,6070.5,57.87662852,779.1290469385001
801180,2015-05-22,6366.15,6272.62,6369.08,6222.39,70.31863827,993.0850706168
801180,2015-05-25,6546.8,6350.77,6558.38,6318.64,74.07187097,1097.12616878
801180,2015-05-26,6733.76,6592.16,6740.01,6496.6,78.48555638,1203.3496155912
801180,2015-05-27,6744.96,6743.86,6771.09,6596.77,70.88915861,1105.1624647495
801180,2015-05-28,6333.93,6769.37,6851.33,6332.68,80.83300535,1252.0243043288
801180,2015-05-29,6366.91,6322.44,6464.89,6027.56,62.90742188,928.3007773905999
801180,2015-06-01,6663.93,6404.34,6663.93,6398.32,57.08869679,881.4872581541999
801180,2015-06-02,6849.71,6718.86,6849.71,6677.78,62.34631275,986.6394549976
801180,2015-06-03,6923.81,6901.01,6927.85,6744.32,66.57059912,1053.5180489355
801180,2015-06-04,6914.13,6937.38,6956.2,6486.13,70.01489444,1084.021539558
801180,2015-06-05,7130.16,7021.65,7142.28,6914.6,85.45618333,1350.500989587
801180,2015-06-08,7195.25,7150.85,7215.02,7041.96,84.42775912,1355.5698030162
801180,2015-06-09,7131.1,7192.47,7192.47,7053.12,61.9160613,1015.6521255966001
801180,2015-06-10,7269.09,7085.93,7350.87,7005.51,63.13182545,1036.1964772133
801180,2015-06-11,7358.36,7271.05,7358.36,6475.0,63.1942534,1053.5554877424001
801180,2015-06-12,7480.48,7409.09,7541.92,7405.33,66.79968283,1134.2974503007001
801180,2015-06-15,7413.03,7535.83,7550.85,7367.3,75.74753168,1268.8907758764
801180,2015-06-16,7191.78,7328.53,7370.44,7122.06,66.57858038,1081.9373232483001
801180,2015-06-17,7273.17,7180.39,7291.14,6901.93,55.54027315,887.8294965792999
801180,2015-06-18,7129.1,7276.7,7412.66,7122.78,58.76585652,949.8551994128
801180,2015-06-19,6651.32,6982.95,7068.96,6638.11,53.55502852,817.5879323302
801180,2015-06-23,6650.55,6622.02,6678.89,6218.71,51.28864328,753.8234672897
801180,2015-06-24,6817.87,6709.2,6819.03,6573.42,56.71102021,892.5850102171
801180,2015-06-25,6650.43,6822.93,6950.74,6570.26,63.15887333,992.5195484745
801180,2015-06-26,6111.45,6431.9,6468.33,6079.14,50.64243744,725.6830304833001
801180,2015-06-29,5840.24,6299.13,6305.57,5641.9,69.24576241,944.0506854416001
801180,2015-06-30,6111.36,5759.52,6113.29,5459.67,70.74133545,922.1145008842
801180,2015-07-01,5758.19,6034.18,6179.04,5733.39,55.11385596,749.5656104748
801180,2015-07-02,5398.61,5733.53,5765.65,5312.12,50.62422435,612.2442616455
801180,2015-07-03,5035.66,5181.72,5371.16,4984.03,51.19656103,564.0893040146
801180,2015-07-06,4979.94,5399.64,5399.64,4783.15,76.66261237,827.3650671011
801180,2015-07-07,4731.28,4799.91,4857.19,4669.96,47.82881478,482.4510866048
801180,2015-07-08,4512.31,4478.62,4562.2,4459.63,50.33529516,510.38998987639997
801180,2015-07-09,4739.54,4450.91,4741.77,4431.65,42.26285452,419.3335919792
801180,2015-07-10,4955.68,4796.79,4994.48,4793.8,39.27201238,472.95086855669996
801180,2015-07-13,5183.51,5087.87,5214.15,5034.86,48.43359764,575.5473359356
801180,2015-07-14,5243.43,5238.61,5381.65,5176.76,56.26027105,686.8995433808
801180,2015-07-16,5052.87,4921.73,5170.36,4812.94,47.52341241,521.96140953
801180,2015-07-17,5301.69,5099.33,5346.32,5089.95,47.21650978,545.2071736485
801180,2015-07-20,5395.83,5333.65,5450.2,5255.39,54.9672546,656.4721073782
801180,2015-07-21,5404.55,5308.53,5467.97,5250.82,50.0349056,603.7753069393
801180,2015-07-22,5446.3,5393.42,5468.57,5293.19,51.9919743,629.3623795106
801180,2015-07-23,5651.3,5457.18,5667.87,5455.84,60.37212868,738.1025675842
801180,2015-07-24,5647.97,5686.24,5823.49,5590.91,71.97179697,928.0604486641
801180,2015-07-27,5211.06,5551.93,5725.08,5209.97,61.56721324,806.3394308283999
801180,2015-07-28,5139.98,4986.65,5282.56,4877.97,59.63526751,695.8542808175999
801180,2015-07-29,5339.26,5210.99,5339.26,5036.35,43.58267954,549.4925554911
801180,2015-07-30,5161.48,5313.78,5403.47,5142.84,47.7020024,601.1459228717
801180,2015-07-31,5159.05,5087.73,5242.1,5068.31,39.6600918,482.36520033849996
801180,2015-08-03,5091.08,5106.47,5167.88,4967.01,45.27593196,541.2233230642
801180,2015-08-04,5303.56,5071.15,5303.69,5034.94,43.12208697,510.1079556889
801180,2015-08-05,5181.91,5273.77,5311.4,5145.55,39.29421142,483.89982890059997
801180,2015-08-06,5082.91,5040.73,5162.1,5025.45,27.78664068,335.69449318290003
801180,2015-08-07,5221.0,5117.48,5223.42,5117.48,34.99488706,427.96957150800006
801180,2015-08-10,5470.6,5261.77,5496.81,5221.0,49.95577573,629.4665079443
801180,2015-08-11,5514.77,5462.25,5592.78,5441.24,53.4666211,677.0705756929
801180,2015-08-12,5445.49,5437.22,5516.3,5421.72,43.7901799,570.4679769371
801180,2015-08-13,5612.6,5419.36,5612.6,5419.3,51.40283681,678.4248748277
801180,2015-08-14,5742.19,5669.68,5789.13,5662.6,63.08833715,829.000481958
801180,2015-08-17,5918.69,5748.13,5919.06,5722.47,66.92229319,912.2016899027001
801180,2015-08-18,5475.06,5932.01,5945.16,5465.06,72.6452944,952.5017338718
801180,2015-08-19,5612.4,5280.08,5652.78,5157.5,61.41704656,776.5208864171001
801180,2015-08-20,5354.2,5531.1,5588.95,5350.33,48.91331932,623.3198692376001
801180,2015-08-21,5064.04,5254.6,5328.63,5042.93,44.19788561,545.4386853092
801180,2015-08-24,4638.21,4822.79,4851.27,4626.84,35.93900671,403.5141380924
801180,2015-08-25,4315.14,4299.79,4429.37,4281.18,38.50657029,380.80909300959996
801180,2015-08-26,4219.89,4338.83,4499.49,4150.6,55.21995363,546.6095243146
801180,2015-08-27,4364.84,4304.12,4366.25,4111.62,44.28860485,445.081445976
801180,2015-08-28,4624.65,4448.0,4625.46,4418.63,47.33821699,505.5929099377
801180,2015-08-31,4534.88,4593.21,4593.21,4476.16,41.31078001,445.4554906421
801180,2015-09-01,4398.46,4500.38,4500.38,4312.5,40.02085883,408.03640702160004
801180,2015-09-07,4253.99,4331.6,4454.49,4222.56,36.23514978,366.90319969800004
801180,2015-09-08,4400.21,4222.77,4405.29,4155.12,29.01580001,290.62403056380003
801180,2015-09-09,4534.13,4429.42,4563.45,4408.02,46.48229272,501.7930481262
801180,2015-09-10,4472.8,4469.12,4543.48,4449.5,34.86770708,370.02976836019997
801180,2015-09-11,4553.16,4474.17,4553.16,4455.11,33.39449009,362.83270362339994
801180,2015-09-14,4323.7,4579.91,4589.29,4259.98,44.6801859,468.1282128701
801180,2015-09-15,4108.65,4212.47,4275.34,4092.66,33.27261568,312.22734476290003
801180,2015-09-16,4362.05,4118.06,4394.26,4106.67,38.1172536,365.65722553480003
801180,2015-09-17,4249.09,4332.25,4446.5,4248.79,40.9219922,412.4761322306
801180,2015-09-18,4277.23,4273.98,4309.99,4220.4,25.54731707,258.11434209099997
801180,2015-09-21,4387.64,4229.37,4391.0,4221.51,29.29019817,301.2757618969
801180,2015-09-22,4432.66,4393.15,4475.97,4380.94,35.29477123,366.98840499709996
801180,2015-09-23,4355.3,4371.88,4418.54,4331.46,29.27370147,308.01100533380003
801180,2015-09-24,4382.27,4353.58,4392.97,4332.66,26.07257574,270.69601350880004
801180,2015-09-25,4273.87,4353.24,4399.55,4245.49,30.76479826,356.09002711290003
801180,2015-09-28,4300.32,4279.89,4306.17,4214.02,18.86651973,214.0554920535
801180,2015-09-29,4208.68,4239.51,4261.72,4192.01,20.35541169,216.0928774771
801180,2015-09-30,4234.09,4225.67,4256.41,4191.6,17.75375761,185.3756414296
801180,2015-10-08,4388.76,4370.6,4412.82,4340.19,28.39043518,302.9837342569
801180,2015-10-09,4452.7,4390.52,4466.76,4377.44,29.27183114,289.5485377687
801180,2015-10-12,4611.07,4478.97,4661.09,4474.44,45.86227245,511.359138407
801180,2015-10-13,4646.51,4576.84,4664.73,4561.13,38.75731314,420.4099281343
801180,2015-10-14,4587.73,4621.94,4658.04,4579.13,38.17344888,418.6652981896
801180,2015-10-15,4718.78,4569.94,4719.16,4569.94,39.47765548,439.56807296269994
801180,2015-10-16,4852.92,4743.68,4859.7,4732.02,57.56998248,633.9050614525
801180,2015-10-19,4860.5,4881.59,4919.1,4795.38,53.43438307,643.0546964601999
801180,2015-10-20,4911.74,4847.47,4911.74,4816.36,40.33675594,477.0418923599
801180,2015-10-21,4660.79,4917.44,4950.35,4635.28,59.20583261,662.459907939
801180,2015-10-22,4833.88,4656.25,4836.92,4656.25,48.30222955,543.0855514382
801180,2015-10-23,5007.59,4862.28,5035.43,4851.68,58.12396316,675.9158552489
801180,2015-10-26,4991.85,5087.5,5087.95,4932.4,57.73677356,676.5818291859999
801180,2015-10-27,4982.1,4943.91,5013.97,4785.68,43.26028993,505.1496644585
801180,2015-10-28,4855.75,4942.35,5000.79,4839.28,36.89868804,433.28967219300006
801180,2015-10-29,4914.95,4886.08,4964.18,4856.35,32.48459187,378.6213037255
801180,2015-10-30,4923.82,4926.64,4977.71,4872.84,34.21212019,397.7258714578
801180,2015-11-02,4817.6,4826.69,4933.53,4809.64,29.49751399,343.0850111628
801180,2015-11-03,4816.23,4816.98,4859.13,4772.61,23.13886138,284.2124898023
801180,2015-11-04,5041.19,4835.1,5041.19,4834.7,41.8170553,501.1644378713
801180,2015-11-05,5070.22,5039.76,5152.69,5036.05,53.74283501,628.1763087098001
801180,2015-11-06,5149.5,5077.06,5156.48,5070.18,43.21059342,513.6467992365
801180,2015-11-09,5238.03,5142.71,5270.94,5135.88,51.58567807,634.2151449416
801180,2015-11-10,5213.17,5209.88,5251.73,5169.88,46.52581419,599.180711297
801180,2015-11-11,5272.24,5222.89,5279.83,5209.52,41.9725742,525.0767904891001
801180,2015-11-12,5249.85,5288.68,5291.05,5194.07,43.06875198,534.4594046821
801180,2015-11-13,5166.14,5190.79,5221.52,5114.64,39.52761028,499.4949704886
801180,2015-11-16,5255.77,5085.68,5255.77,5079.53,32.49568023,395.675821504
801180,2015-11-17,5236.34,5296.97,5341.53,5221.56,43.09067086,537.8379598582
801180,2015-11-18,5319.66,5233.57,5493.44,5221.14,56.94341428,670.4512976555001
801180,2015-11-19,5352.67,5311.04,5352.67,5238.89,36.60343492,441.494198256
801180,2015-11-20,5413.58,5357.43,5434.28,5351.18,42.41868599,529.4984611552
801180,2015-11-23,5389.31,5438.54,5471.8,5370.05,42.32215972,520.2540931116
801180,2015-11-24,5398.97,5387.6,5399.04,5315.34,35.90139575,433.3370626402
801180,2015-11-25,5435.09,5382.59,5440.09,5375.76,35.54270039,439.27705915769997
801180,2015-11-26,5445.26,5469.85,5513.11,5430.33,43.55890064,550.6664740189
801180,2015-11-27,5121.12,5414.5,5414.5,5085.92,45.01086862,546.7992953782
801180,2015-11-30,5198.53,5126.51,5212.31,4971.05,39.92638219,484.6635748789
801180,2015-12-01,5433.19,5203.31,5509.36,5173.65,58.669612,725.1978461821001
801180,2015-12-02,5513.98,5408.85,5555.06,5326.01,58.88672032,739.1647983029
801180,2015-12-03,5639.65,5529.16,5640.68,5495.16,50.39127205,624.5846796018
801180,2015-12-04,5583.92,5593.1,5658.21,5560.33,46.16093088,613.1260359825
801180,2015-12-07,5606.19,5591.7,5609.04,5549.12,40.51762211,570.7157885619
801180,2015-12-08,5490.43,5578.97,5582.67,5474.13,39.22019404,513.7496501188
801180,2015-12-09,5602.01,5493.59,5618.04,5493.2,40.55706055,529.1348262324
801180,2015-12-10,5529.76,5595.96,5681.12,5521.59,36.50121476,508.7592650641
801180,2015-12-11,5491.13,5496.25,5520.8,5449.87,31.2042614,427.81673718559995
801180,2015-12-14,5584.03,5432.64,5584.03,5425.98,29.70156171,407.1041185911
801180,2015-12-15,5689.56,5597.17,5735.98,5596.99,33.54678297,460.1651117333
801180,2015-12-16,5671.35,5685.63,5710.98,5649.53,31.35094541,431.20586510870004
801180,2015-12-17,5946.7,5709.52,5956.36,5708.07,53.82613319,710.0083863272
801180,2015-12-18,5993.03,5967.98,6091.34,5949.63,53.62496779,721.2561932450999
801180,2015-12-21,6107.63,5991.05,6116.08,5989.42,47.35595222,610.4092286887001
801180,2015-12-22,6176.65,6142.0,6176.65,6081.5,44.94563153,588.114877823
801180,2015-12-23,6160.78,6173.39,6239.33,6133.99,50.198013,663.947607759
801180,2015-12-24,6071.56,6143.27,6148.06,5986.18,37.67449875,492.28608808440003
801180,2015-12-25,6102.47,6077.49,6131.27,6056.49,34.00710245,449.97269941080003
801180,2015-12-28,5926.41,6120.48,6128.0,5926.41,41.00889866,550.8902604849
801180,2015-12-29,5977.89,5914.11,5977.89,5862.53,32.06914307,432.5246006866
801180,2015-12-30,5991.25,5976.71,5994.0,5932.31,28.31695084,377.5775359557
801180,2015-12-31,5918.08,5996.03,6020.01,5918.08,27.45391629,376.2473945334
801180,2016-01-04,5478.39,5917.35,5923.05,5478.3,28.47454568,339.6301696314
801180,2016-01-05,5432.49,5256.01,5502.44,5234.97,41.60009065,454.69521228860003
801180,2016-01-06,5554.07,5448.81,5554.07,5421.97,34.44662187,378.9852384692
801180,2016-01-07,5118.04,5446.07,5519.93,5111.39,9.72771863,108.9122688918
801180,2016-01-08,5183.74,5201.92,5263.56,4927.99,41.0026295,437.33999839809997
801180,2016-01-11,4892.31,5084.48,5136.4,4885.19,40.69317879,420.7247617774
801180,2016-01-12,4909.88,4882.13,4973.46,4819.76,34.53916685,352.9539592224
801180,2016-01-13,4755.25,4927.55,4968.86,4754.89,30.41680647,311.0610639712
801180,2016-01-14,4876.74,4607.89,4883.16,4596.64,31.71489488,325.4435825638
801180,2016-01-15,4685.57,4829.78,4874.31,4654.08,30.20645814,305.4588639442
801180,2016-01-18,4729.55,4592.52,4787.27,4589.5,24.18992157,255.08161076349998
801180,2016-01-19,4925.93,4736.34,4934.67,4724.73,32.00826577,334.9311107407
801180,2016-01-20,4871.11,4899.08,4958.98,4844.53,32.13758164,339.9903662064
801180,2016-01-21,4694.69,4790.5,4893.88,4691.85,27.92152682,293.4068545144
801180,2016-01-22,4745.91,4730.78,4767.64,4623.67,23.38993999,242.7335245518
801180,2016-01-25,4787.59,4769.66,4816.28,4739.68,21.89786078,237.95979137959998
801180,2016-01-26,4463.8,4730.68,4739.69,4458.15,28.15144403,285.975037381
801180,2016-01-27,4408.9,4463.03,4480.92,4236.71,29.19096051,273.6179634368
801180,2016-01-28,4277.31,4356.44,4420.36,4263.6,23.56061849,226.4546638408
801180,2016-01-29,4424.82,4270.89,4454.41,4270.89,24.87244772,238.5188496286
801180,2016-02-01,4387.61,4423.79,4447.55,4329.96,22.35497306,209.1834576622
801180,2016-02-02,4523.55,4384.67,4542.61,4384.67,23.75275709,227.2580654507
801180,2016-02-03,4583.35,4525.65,4600.31,4514.05,28.78733464,274.5933625105
801180,2016-02-04,4626.72,4583.52,4640.67,4581.43,27.31380964,268.0200485133
801180,2016-02-05,4561.01,4636.48,4645.69,4557.6,19.17064953,192.2354900401
801180,2016-02-15,4530.49,4422.33,4552.57,4421.44,18.41812766,188.95030123470002
801180,2016-02-16,4689.79,4550.93,4692.98,4550.27,26.18368209,272.1499222262
801180,2016-02-17,4749.41,4685.63,4753.23,4668.88,30.22048973,316.6822439758
801180,2016-02-18,4754.94,4778.33,4815.09,4747.36,32.35721308,348.2792012242
801180,2016-02-19,4750.58,4737.22,4769.81,4706.9,24.02903458,254.9175139123
801180,2016-02-22,4855.65,4830.19,4871.43,4822.83,32.39885785,336.5854763731
801180,2016-02-23,4814.02,4849.67,4855.59,4762.58,25.59711631,279.2514997299
801180,2016-02-24,4854.44,4796.74,4854.44,4756.44,27.52857037,299.5096769103
801180,2016-02-25,4524.22,4841.88,4841.97,4498.55,35.18020268,335.6577192207
801180,2016-02-26,4535.57,4547.09,4570.31,4448.51,25.17179527,240.1324679831
801180,2016-02-29,4423.9,4550.24,4598.13,4363.36,31.70827621,284.9531048219
801180,2016-03-01,4553.11,4452.9,4594.79,4418.13,36.14656055,332.832383992
801180,2016-03-02,4848.18,4541.52,4851.32,4541.52,56.92229066,530.3405513401
801180,2016-03-03,4843.58,4910.57,4985.29,4839.55,68.70296544,627.6970613495
801180,2016-03-04,4751.97,4806.67,4900.87,4689.55,50.90387364,485.2019449139
801180,2016-03-07,4791.34,4796.67,4837.8,4747.37,32.26327971,313.95591799150003
801180,2016-03-08,4741.88,4783.6,4783.6,4582.15,35.1762638,326.08170693110003
801180,2016-03-09,4644.25,4639.8,4675.03,4599.36,25.52839885,249.30612526049998
801180,2016-03-10,4541.51,4640.64,4667.9,4538.35,23.39497974,233.80887039200002
801180,2016-03-11,4509.67,4500.57,4537.25,4455.05,19.18477542,179.95530811650002
801180,2016-03-14,4624.22,4551.54,4666.05,4550.78,26.96740898,257.0319297406
801180,2016-03-15,4592.71,4614.84,4624.7,4542.37,22.13451963,214.3397193434
801180,2016-03-16,4561.98,4605.05,4616.79,4548.29,21.51130288,209.0177925163
801180,2016-03-17,4652.38,4574.85,4665.64,4555.15,26.49484777,256.9978924134
801180,2016-03-18,4783.2,4661.58,4797.33,4661.4,39.60298668,390.125860475
801180,2016-03-21,4892.95,4823.13,4894.22,4812.66,43.63784516,428.9788367301
801180,2016-03-22,4839.3,4859.36,4872.26,4830.74,33.37086036,340.8802761889
801180,2016-03-23,4862.52,4822.84,4862.56,4805.6,27.48239753,298.3648198372
801180,2016-03-24,4806.8,4823.65,4879.55,4784.35,32.95305843,334.1635584205
801180,2016-03-25,4854.5,4799.95,4862.19,4799.95,26.36902842,267.0742186161
801180,2016-03-28,4802.97,4857.18,4883.62,4788.65,33.58704727,361.6203333719
801180,2016-03-29,4722.24,4793.05,4801.32,4693.46,25.82594754,272.753094647
801180,2016-03-30,4844.05,4755.12,4844.05,4755.12,26.18853863,290.63233380549997
801180,2016-03-31,4844.64,4858.24,4882.28,4832.98,27.09561419,302.1077157318
801180,2016-04-01,4843.8,4828.3,4844.33,4767.7,22.70822697,243.51497094560003
801180,2016-04-05,4940.4,4845.47,4943.45,4845.37,31.51114149,330.915834386
801180,2016-04-06,4942.04,4924.53,4961.9,4901.35,27.97639363,304.6253048838
801180,2016-04-07,4876.96,4958.26,4965.15,4876.96,27.57046405,295.3499933466
801180,2016-04-08,4847.06,4850.54,4861.3,4799.88,22.82999585,243.97841138330003
801180,2016-04-11,4923.67,4881.36,4943.52,4881.36,25.55454661,268.1048375927
801180,2016-04-12,4898.99,4918.06,4932.78,4857.83,22.46342326,237.59799462310002
801180,2016-04-13,4946.07,4919.67,4990.05,4919.67,33.39117892,332.7425101646
801180,2016-04-14,4998.44,4971.21,4998.44,4952.34,29.53322271,264.8309715873
801180,2016-04-15,5003.66,5004.96,5020.13,4970.26,27.673431,290.2316759581
801180,2016-04-20,4790.46,4955.92,4962.21,4692.56,36.2917039,377.8920245564
801180,2016-04-21,4744.44,4768.2,4815.24,4739.5,20.71590859,220.29920306740001
801180,2016-04-22,4772.01,4720.94,4772.64,4702.15,15.77371315,164.0426650709
801180,2016-04-25,4740.05,4756.02,4756.31,4697.37,13.82603943,141.737143513
801180,2016-04-26,4779.96,4736.64,4780.26,4733.54,13.21780757,139.1144976297
801180,2016-04-27,4786.96,4784.83,4818.1,4780.1,15.18196112,158.9281139613
801180,2016-04-28,4769.82,4790.95,4796.65,4721.5,15.66757948,164.29918271
801180,2016-04-29,4768.14,4758.17,4785.45,4748.73,14.42724082,153.4463926716
801180,2016-05-03,4847.54,4772.15,4847.55,4756.84,19.73263609,206.27375908759998
801180,2016-05-04,4853.44,4837.59,4871.56,4830.27,18.77823603,205.0578284141
801180,2016-05-05,4884.0,4846.41,4886.07,4841.56,18.10697926,201.9929748628
801180,2016-05-06,4754.46,4886.56,4895.19,4754.44,25.31956035,273.584099012
801180,2016-05-09,4608.9,4720.51,4720.51,4592.19,21.14997244,212.9124144468
801180,2016-05-10,4604.69,4598.77,4625.18,4585.17,13.43284712,139.85360779270002
801180,2016-05-11,4590.14,4628.28,4636.72,4581.12,14.64312465,148.68362089549998
801180,2016-05-12,4565.24,4550.69,4567.09,4490.35,15.3271373,143.4608146039
801180,2016-05-13,4553.66,4556.31,4591.33,4532.39,13.14331729,126.2090370634
801180,2016-05-16,4587.12,4547.23,4587.46,4521.22,12.73700717,123.358314676
801180,2016-05-17,4559.23,4577.29,4587.18,4543.13,12.89553329,131.83855638309998
801180,2016-05-18,4507.56,4540.94,4545.75,4462.48,18.00808641,183.3037870785
801180,2016-05-19,4501.52,4499.65,4541.85,4495.44,12.86694849,140.4806251004
801180,2016-05-20,4527.46,4473.9,4527.46,4459.78,11.70951902,126.2431207062
801180,2016-05-23,4572.56,4529.95,4575.85,4529.65,14.06591255,155.1829847436
801180,2016-05-24,4533.61,4567.92,4567.92,4514.6,13.33591278,135.6290227044
801180,2016-05-25,4520.59,4553.83,4565.69,4505.56,12.67255967,131.0173389361
801180,2016-05-26,4519.24,4518.11,4531.19,4444.77,13.8417998,136.9703837259
801180,2016-05-27,4528.17,4511.17,4546.48,4501.88,14.30755889,143.3403676252
801180,2016-05-30,4505.88,4512.34,4528.22,4481.16,11.7486863,123.76569442360001
801180,2016-05-31,4637.41,4507.54,4637.41,4507.25,22.71883496,227.7784679864
801180,2016-06-01,4639.52,4639.34,4659.47,4630.79,20.0943698,209.84820566349998
801180,2016-06-02,4667.28,4637.67,4667.28,4636.56,17.99754438,186.28569139110002
801180,2016-06-03,4672.02,4674.97,4683.52,4647.28,19.0180167,196.34108828680002
801180,2016-06-06,4682.37,4682.82,4691.34,4664.84,17.86181415,194.1947227378
801180,2016-06-07,4666.04,4682.92,4685.93,4654.1,14.54828441,150.8099590186
801180,2016-06-08,4667.94,4663.98,4682.23,4633.78,16.37290291,165.7278249447
801180,2016-06-13,4501.95,4625.1,4625.1,4501.22,18.00313016,178.67811607060003
801180,2016-06-14,4514.99,4492.92,4516.64,4482.53,13.24149531,125.71409662379999
801180,2016-06-15,4599.75,4476.44,4609.24,4472.15,18.88394142,180.267659094
801180,2016-06-16,4571.15,4595.18,4601.13,4562.87,17.76728353,175.87681768439998
801180,2016-06-17,4590.3,4575.13,4612.27,4572.17,17.88015291,176.19483517790002
801180,2016-06-20,4597.44,4592.83,4601.1,4557.31,16.56872534,163.365009386
801180,2016-06-21,4581.83,4615.09,4634.96,4569.55,18.35361516,180.3642571378
801180,2016-06-22,4617.31,4571.19,4617.31,4566.33,14.93371625,145.2325926963
801180,2016-06-23,4600.28,4612.83,4620.28,4583.47,16.20011966,160.40719924110002
801180,2016-06-24,4557.04,4595.73,4624.31,4478.78,21.60051602,217.1781360012
801180,2016-06-27,4618.47,4533.6,4618.47,4531.99,17.75323221,177.7686526627
801180,2016-06-28,4645.99,4607.5,4646.45,4598.43,19.29338308,201.7512586006
801180,2016-06-29,4662.2,4658.38,4669.4,4647.85,19.90661911,211.8293129571
801180,2016-06-30,4670.5,4658.59,4671.27,4647.45,17.91113862,195.5148949816
801180,2016-07-01,4677.19,4670.18,4691.02,4670.16,17.77127698,176.03644312560002
801180,2016-07-05,4645.56,4617.24,4645.83,4615.72,24.62964943,259.5294390327
801180,2016-07-06,4659.7,4634.69,4709.73,4619.38,33.7562636,428.8214364672
801180,2016-07-07,4622.9,4632.53,4639.62,4596.08,24.36615495,280.8093868527
801180,2016-07-08,4613.02,4614.32,4626.02,4581.52,19.23728064,218.5277853391
801180,2016-07-11,4573.66,4606.25,4622.2,4569.78,20.49279526,225.4696514897
801180,2016-07-12,4616.62,4570.77,4616.82,4520.24,22.55474696,235.61123785880002
801180,2016-07-13,4663.87,4620.34,4665.78,4620.25,26.20477729,270.2959079104
801180,2016-07-14,4672.54,4663.61,4688.95,4654.83,25.64409999,250.5324635002
801180,2016-07-15,4681.86,4676.92,4696.32,4672.57,23.55852389,234.0214754811
801180,2016-07-18,4648.44,4668.33,4678.96,4635.14,21.74072229,221.4974934322
801180,2016-07-19,4632.58,4640.23,4646.13,4600.79,19.32096236,212.2912228575
801180,2016-07-20,4624.81,4625.98,4651.83,4607.54,21.59367062,231.2487058456
801180,2016-07-21,4637.19,4619.49,4659.92,4616.33,21.90042234,231.9221026763
801180,2016-07-22,4617.42,4637.29,4655.29,4611.55,22.09902747,243.5595448272
801180,2016-07-25,4647.36,4608.38,4657.47,4597.79,22.44524157,245.1887580893
801180,2016-07-26,4688.17,4644.08,4688.17,4641.97,21.98493461,226.5980987344
801180,2016-07-27,4540.9,4682.64,4685.01,4457.42,32.80642251,337.76009624479997
801180,2016-07-28,4556.38,4529.77,4559.18,4482.59,22.5481739,234.3699501066
801180,2016-07-29,4498.01,4522.24,4525.97,4489.13,17.45335089,187.09878679919998
801180,2016-08-01,4448.39,4485.31,4488.15,4415.76,17.38515956,173.1605603425
801180,2016-08-02,4505.89,4445.27,4506.16,4445.27,14.2746661,149.917253091
801180,2016-08-03,4571.26,4495.9,4575.52,4490.63,21.8861303,219.61346730990002
801180,2016-08-04,4659.71,4556.95,4659.97,4534.59,26.70958129,277.93375845080004
801180,2016-08-05,4705.73,4686.76,4766.74,4664.51,29.71666815,323.2145589409
801180,2016-08-08,4797.87,4689.56,4831.45,4682.45,34.81139901,358.6545744125
801180,2016-08-09,4810.54,4803.29,4811.3,4762.52,27.66500549,289.1504359884
801180,2016-08-10,4745.5,4794.45,4795.9,4744.84,22.52634714,240.05348755240001
801180,2016-08-11,4683.28,4736.84,4739.52,4681.19,20.72481854,216.16864122479998
801180,2016-08-12,4901.66,4682.31,4904.72,4680.49,41.31457895,422.1768597975
801180,2016-08-15,5124.58,4942.3,5137.8,4942.26,65.49575532,685.3937556908
801180,2016-08-16,5171.5,5176.72,5212.52,5128.98,54.7280474,622.9954571094
801180,2016-08-17,5101.06,5129.64,5154.17,5057.82,43.29078869,493.5417775851
801180,2016-08-18,5187.99,5085.39,5349.52,5083.45,71.42197027,731.5680298052
801180,2016-08-19,5132.74,5154.48,5164.53,5104.37,44.52740341,459.4457535558
801180,2016-08-22,5100.84,5140.46,5198.23,5094.66,39.22556645,428.0004749145
801180,2016-08-23,5074.42,5076.62,5108.83,5031.46,31.7738295,353.4814246285
801180,2016-08-24,5036.8,5068.84,5086.59,5019.92,27.66001403,310.39257314720004
801180,2016-08-25,4950.09,4986.05,4986.11,4887.7,30.79621729,329.6787848572
801180,2016-08-26,4930.46,4957.88,4970.95,4918.95,22.80735957,246.6370204537
801180,2016-08-29,4957.1,4926.43,4962.07,4926.34,20.22827871,210.06234843069998
801180,2016-08-30,4932.51,4957.96,4967.64,4925.71,19.86896147,210.28166101169998
801180,2016-08-31,5042.12,4930.53,5076.12,4921.12,31.40119805,343.6959838308
801180,2016-09-01,4911.13,5032.27,5032.46,4910.2,29.34919715,329.1022768438
801180,2016-09-02,4918.51,4892.35,4959.0,4885.43,22.16680461,252.79570339720001
801180,2016-09-05,4913.88,4918.18,4932.39,4900.48,17.63357958,193.6408490211
801180,2016-09-06,4941.79,4913.49,4941.92,4869.82,19.64298757,210.27613374869998
801180,2016-09-07,4939.17,4944.7,4968.78,4934.23,20.38523656,212.30142409650003
801180,2016-09-08,4954.49,4932.41,4989.23,4930.57,18.22280985,199.9845232164
801180,2016-09-09,4906.94,4953.03,4954.21,4906.64,19.78489634,210.28272803209998
801180,2016-09-12,4848.41,4826.4,4854.91,4799.27,25.46416305,265.5505577823
801180,2016-09-13,4876.45,4855.64,4876.45,4841.05,20.83248312,209.26328892630002
801180,2016-09-14,4866.59,4845.39,4884.85,4831.18,18.76329699,184.7294628443
801180,2016-09-19,4901.83,4872.84,4902.38,4872.83,16.8366881,168.1682130322
801180,2016-09-20,4912.14,4903.97,4918.1,4887.46,16.19334721,172.11165669099998
801180,2016-09-21,4952.32,4914.56,4953.11,4901.16,17.65148782,203.990307548
801180,2016-09-22,5074.65,4983.97,5110.39,4978.6,31.65393489,368.31281685790003
801180,2016-09-23,4992.13,5061.49,5063.35,4991.42,24.15690614,250.677904087
801180,2016-09-26,4902.08,4977.49,4980.8,4900.24,24.73689643,236.68278721229998
801180,2016-09-27,4990.76,4888.86,4999.0,4888.86,26.25126726,253.6054168258
801180,2016-09-28,4983.21,4989.91,5024.8,4946.34,19.5510012,202.8712123495
801180,2016-09-29,4999.65,4982.47,5021.38,4973.89,17.63579141,190.3894030368
801180,2016-09-30,5025.19,4993.23,5057.99,4991.03,17.33670176,190.81462107240003
801180,2016-10-10,4956.56,4958.52,4958.81,4862.78,28.10505265,289.1050202011
801180,2016-10-11,4996.91,4943.04,5017.6,4933.31,26.36042452,268.7075116541
801180,2016-10-12,5008.86,4979.25,5008.86,4967.35,21.73246031,224.61235643560002
801180,2016-10-13,5021.67,5001.87,5041.62,4988.63,21.52441105,225.6218055345
801180,2016-10-14,5017.12,5021.61,5025.93,4995.46,21.09236976,230.5579685971
801180,2016-10-17,4959.98,5011.77,5023.64,4946.1,20.8313616,223.4817682261
801180,2016-10-18,5004.97,4952.76,5005.02,4940.15,20.77528244,205.2781468328
801180,2016-10-19,4998.02,5009.67,5031.51,4985.97,19.69935643,207.1979947238
801180,2016-10-20,5009.6,4991.56,5029.14,4985.22,20.18288447,213.98627729240002
801180,2016-10-21,4982.02,5001.1,5005.83,4945.03,21.11531312,230.2279429223
801180,2016-10-24,5016.27,4987.98,5021.77,4977.08,21.89221323,226.0626888539
801180,2016-10-25,5034.44,5021.78,5037.66,5018.04,20.70231117,226.37572055290002
801180,2016-10-26,5054.1,5036.21,5054.7,5021.38,25.4239728,256.3003401784
801180,2016-10-27,5037.78,5044.93,5048.18,5026.14,19.67097083,209.06286459650002
801180,2016-10-28,4999.36,5030.33,5040.34,4998.72,22.04209979,233.31661023520002
801180,2016-10-31,5006.34,4995.7,5011.4,4969.49,19.35196738,202.5121827441
801180,2016-11-01,5061.02,5016.42,5062.54,5012.7,22.90832996,253.9022686669
801180,2016-11-02,5011.38,5042.36,5043.88,5008.43,24.26653558,270.7033210362
801180,2016-11-03,5030.69,4995.0,5052.18,4991.67,23.88816276,261.83497618
801180,2016-11-04,5009.47,5029.51,5046.03,5000.15,20.67969223,220.4748580121
801180,2016-11-07,4988.86,5004.04,5010.48,4976.49,17.12159156,181.92022069919997
801180,2016-11-08,5015.26,5000.48,5019.29,4994.48,17.7050149,179.96586493810003
801180,2016-11-09,5048.61,5026.07,5082.73,4996.8,28.67598817,343.846479116
801180,2016-11-10,5108.47,5066.97,5138.32,5063.03,25.62902997,290.46018983790003
801180,2016-11-11,5110.98,5099.34,5119.34,5094.98,25.0788167,267.4974778225
801180,2016-11-14,5108.35,5112.01,5114.91,5085.13,23.84355953,248.6968806034
801180,2016-11-15,5164.24,5107.51,5183.28,5098.37,24.54225176,267.9086875466
801180,2016-11-16,5162.31,5157.12,5173.79,5136.36,21.2630839,241.1661347566
801180,2016-11-17,5168.35,5155.19,5168.35,5140.68,20.80946066,224.85267856709999
801180,2016-11-18,5180.54,5195.13,5240.89,5177.79,23.4240777,267.146012325
801180,2016-11-21,5189.37,5164.39,5213.75,5161.43,20.59192674,233.4015920932
801180,2016-11-22,5213.99,5185.7,5213.99,5185.3,20.56516383,218.3522112789
801180,2016-11-23,5259.44,5234.0,5316.94,5221.37,36.34515136,363.87847609610003
801180,2016-11-24,5275.8,5243.66,5304.98,5228.97,28.1859426,293.1776075903
801180,2016-11-25,5319.91,5272.9,5345.36,5269.6,28.51681055,312.9019860153
801180,2016-11-28,5290.31,5331.33,5337.78,5265.31,26.74470851,302.399624273
801180,2016-11-29,5226.3,5272.72,5283.32,5222.4,27.38634146,295.41002203520003
801180,2016-11-30,5230.68,5263.15,5269.72,5213.7,23.7386517,252.9681683694
801180,2016-12-01,5320.53,5224.38,5332.78,5222.53,36.03416422,361.6451400896
801180,2016-12-02,5249.57,5306.48,5310.39,5242.62,28.9746798,291.2450070877
801180,2016-12-05,5127.82,5154.99,5171.96,5109.3,23.05765732,235.54775641220002
801180,2016-12-06,5117.92,5121.26,5139.17,5109.83,14.78147908,152.2340835089
801180,2016-12-07,5150.35,5116.66,5151.26,5089.85,15.76032821,162.1497245825
801180,2016-12-08,5117.31,5150.96,5151.35,5115.2,14.38336525,148.5374940889
801180,2016-12-09,5143.65,5113.88,5152.14,5108.96,16.55420409,173.8122100777
801180,2016-12-12,4964.5,5139.17,5139.32,4960.34,24.51168162,248.10765275580002
801180,2016-12-13,4980.74,4950.84,4991.2,4907.32,17.66518601,182.931108684
801180,2016-12-14,4946.55,4969.46,4993.7,4939.83,21.1823819,200.00224847150002
801180,2016-12-15,4963.46,4926.49,4976.83,4921.82,18.39171751,183.3014069925
801180,2016-12-16,4996.7,4961.07,5004.12,4958.22,18.26427918,179.2311091943
801180,2016-12-19,4958.16,4985.83,4986.12,4946.21,19.95714248,213.87549046959998
801180,2016-12-20,4919.5,4947.54,4947.83,4897.2,19.06396725,193.1435831756
801180,2016-12-21,4935.03,4920.23,4939.07,4918.38,16.71243054,166.4223089634
801180,2016-12-22,4934.73,4924.39,4943.0,4901.32,15.20522535,154.6693534068
801180,2016-12-23,4878.6,4929.23,4929.47,4876.83,14.9727403,155.90106632040002
801180,2016-12-26,4886.16,4867.11,4886.78,4823.99,14.61895476,150.0918952665
801180,2016-12-27,4913.34,4884.86,4932.29,4881.68,15.11126056,164.06995686940002
801180,2016-12-28,4885.89,4903.48,4911.27,4874.85,17.08997193,168.1441629086
801180,2016-12-29,4866.46,4880.66,4895.31,4859.47,14.85971638,148.411493225
801180,2016-12-30,4871.19,4872.44,4894.39,4854.96,15.13947517,153.8566281557
801180,2017-01-03,4909.34,4878.81,4909.34,4878.62,14.25263692,134.5806596448
801180,2017-01-04,4939.61,4909.17,4939.85,4896.17,17.26337956,172.77883879349997
801180,2017-01-05,4931.6,4937.7,4948.97,4930.37,15.83223901,161.9637518845
801180,2017-01-06,4913.59,4927.54,4927.68,4906.52,16.32804425,163.39988106709998
801180,2017-01-09,4928.25,4908.48,4928.25,4900.39,15.13757312,148.22414633120002
801180,2017-01-10,4917.7,4927.65,4933.23,4912.93,15.34645088,150.1103229928
801180,2017-01-11,4870.24,4910.2,4919.19,4869.15,14.67499483,147.0140797916
801180,2017-01-12,4845.1,4864.01,4873.26,4835.73,14.36290744,131.3731641838
801180,2017-01-13,4836.63,4859.62,4893.96,4831.34,15.44313043,155.34209570049998
801180,2017-01-16,4736.18,4825.59,4826.03,4635.39,22.31025714,211.5469808055
801180,2017-01-17,4740.03,4713.61,4742.68,4666.64,14.12451754,134.895110465
801180,2017-01-18,4758.58,4732.49,4774.07,4725.4,12.16022055,120.12122191649999
801180,2017-01-19,4734.29,4745.88,4759.42,4729.42,11.01836531,103.6256531814
801180,2017-01-20,4774.58,4728.44,4776.72,4728.44,12.60081596,124.19309869809999
801180,2017-01-23,4802.03,4777.21,4808.38,4777.21,13.92534595,131.66710793229998
801180,2017-01-24,4788.37,4799.85,4800.54,4784.72,13.59175285,124.47439194799999
801180,2017-01-25,4793.89,4784.62,4800.91,4780.23,11.68092889,106.4623178449
801180,2017-01-26,4814.98,4801.49,4817.9,4800.58,8.75060655,82.273561187
801180,2017-02-03,4802.02,4818.85,4819.68,4794.53,7.8099327,72.5095356391
801180,2017-02-06,4826.49,4800.3,4826.49,4791.93,10.9541086,103.3206245269
801180,2017-02-07,4831.54,4821.9,4834.98,4812.3,12.22971295,110.82052824270001
801180,2017-02-08,4855.62,4828.58,4855.62,4808.89,13.99789304,122.83144459629999
801180,2017-02-09,4900.79,4856.5,4910.45,4854.29,17.74851126,178.8038081018
801180,2017-02-10,4895.8,4899.32,4909.17,4890.25,15.29739752,149.7810980681
801180,2017-02-13,4912.41,4892.26,4912.41,4887.0,14.26012647,135.7857480001
801180,2017-02-14,4917.15,4911.66,4917.85,4898.74,13.62100344,139.78956369739998
801180,2017-02-15,4885.43,4915.11,4922.37,4879.95,16.0746399,168.4825209935
801180,2017-02-16,4909.98,4884.83,4911.22,4880.82,14.4695625,140.3409978428
801180,2017-02-17,4869.17,4908.91,4918.61,4868.33,15.77180744,151.3097233956
801180,2017-02-20,4930.97,4866.51,4930.97,4866.4,16.96059672,170.7723920928
801180,2017-02-21,4963.75,4936.62,4963.96,4933.8,18.33956182,183.8442058861
801180,2017-02-22,4979.63,4959.28,4979.63,4955.74,17.22730578,171.63233355
801180,2017-02-23,4954.09,4976.77,4977.9,4931.04,15.90922268,160.3360314651
801180,2017-02-24,4953.95,4944.56,4953.95,4926.24,12.40922006,124.8713346709
801180,2017-02-27,4909.14,4947.52,4947.52,4904.82,15.21585181,157.5672963201
801180,2017-02-28,4930.59,4907.56,4930.59,4906.14,13.69932666,136.1349720002
801180,2017-03-01,4947.01,4931.81,4954.25,4931.61,14.76143905,154.5762116592
801180,2017-03-02,4911.97,4951.59,4958.5,4911.97,14.48669373,144.6947650552
801180,2017-03-03,4906.59,4904.93,4910.06,4883.72,12.95626033,126.41659577729999
801180,2017-03-06,4940.46,4909.52,4940.46,4909.45,13.1544506,134.75531174489998
801180,2017-03-07,4955.5,4942.6,4955.5,4936.7,12.79316769,137.7403790114
801180,2017-03-08,4969.2,4955.93,4980.42,4951.01,14.64370772,166.7807378427
801180,2017-03-09,4940.83,4961.97,4962.21,4920.46,13.42987667,137.5843516407
801180,2017-03-10,4953.9,4940.22,4973.71,4940.22,14.65162745,141.5569280461
801180,2017-03-13,5010.93,4949.61,5015.6,4923.34,18.45667512,194.91949237080001
801180,2017-03-14,5035.83,5015.02,5088.29,5014.77,18.72250412,202.01646421470002
801180,2017-03-15,5029.76,5024.25,5036.8,4998.6,15.36061565,159.1094975774
801180,2017-03-16,5054.77,5037.46,5067.41,5037.4,20.95247574,195.6253681636
801180,2017-03-17,5006.22,5073.4,5080.11,5003.47,19.5067833,197.9595727167
801180,2017-03-20,4975.72,4990.7,4992.07,4950.36,16.95538663,169.7067214309
801180,2017-03-21,4991.45,4972.83,4991.52,4965.68,13.90937896,136.4289523458
801180,2017-03-22,4945.74,4967.45,4971.72,4932.52,17.96355227,175.5200765242
801180,2017-03-23,4947.49,4944.83,4960.48,4926.12,16.43672674,168.1257214298
801180,2017-03-24,4956.89,4941.07,4957.62,4928.23,15.20510841,156.9451994556
801180,2017-03-27,4932.15,4959.1,4959.71,4928.97,13.88497067,144.5763554787
801180,2017-03-28,4926.91,4934.43,4938.61,4921.06,11.45042506,119.43262447309999
801180,2017-03-29,4896.65,4930.95,4931.09,4893.4,13.96979797,141.1282292668
801180,2017-03-30,4827.57,4889.47,4889.86,4819.75,17.13616777,171.5583242173
801180,2017-03-31,4835.04,4818.55,4835.13,4813.26,12.62242683,127.4589156613
801180,2017-04-06,4980.43,4971.11,4985.59,4961.94,26.63922237,274.6557570709
801180,2017-04-07,5009.47,5000.97,5022.43,4979.61,28.33544463,296.8318778207
801180,2017-04-10,5071.18,5021.16,5083.16,5013.23,34.57979565,369.82342519879995
801180,2017-04-11,5168.26,5091.13,5170.57,5061.41,39.5362797,448.2995066189
801180,2017-04-12,5173.24,5210.42,5233.18,5164.64,51.11718484,710.9437977071001
801180,2017-04-13,5208.01,5171.84,5228.29,5151.52,37.65894375,372.1670874453
801180,2017-04-14,5130.41,5213.13,5213.16,5123.31,32.28054293,330.5024953014
801180,2017-04-17,5045.45,5099.43,5099.48,5011.16,30.44695319,372.77237817279996
801180,2017-04-18,5007.23,5028.44,5059.8,5005.17,26.03862607,321.5033071559
801180,2017-04-19,4962.25,4980.31,4986.15,4914.47,24.72136291,246.9250046098
801180,2017-04-20,4930.0,4950.84,4970.45,4895.32,23.08828,271.14686034470003
801180,2017-04-21,4913.23,4931.34,4944.25,4900.0,20.17398829,234.13025458669998
801180,2017-04-24,4817.82,4902.38,4902.51,4806.3,19.80112563,212.39653276209998
801180,2017-04-25,4823.29,4817.94,4870.06,4805.69,18.76259064,214.97937331650002
801180,2017-04-26,4842.34,4817.57,4851.97,4805.43,19.72163076,227.86785136970002
801180,2017-04-27,4784.94,4825.24,4825.32,4713.93,24.57221367,269.037394429
801180,2017-04-28,4818.85,4765.42,4818.85,4765.42,20.59455534,230.4321774077
801180,2017-05-02,4794.99,4806.76,4808.11,4784.3,20.99994663,245.38670905720002
801180,2017-05-03,4753.45,4787.11,4787.15,4740.68,21.48951251,237.51887185259997
801180,2017-05-04,4744.78,4737.38,4789.56,4727.67,20.14334655,219.1030063769
801180,2017-05-05,4706.08,4729.79,4734.16,4704.02,18.67665834,209.4295734654
801180,2017-05-08,4612.76,4688.75,4691.06,4612.45,19.49799531,214.56760334080002
801180,2017-05-09,4622.48,4599.26,4623.48,4574.17,13.00275696,135.4071841357
801180,2017-05-10,4545.71,4620.9,4646.48,4545.71,15.83923418,162.0233324895
801180,2017-05-11,4559.6,4529.93,4565.24,4460.36,18.61236314,181.593790461
801180,2017-05-12,4569.59,4538.49,4576.67,4514.12,14.69632576,149.64736456379998
801180,2017-05-15,4591.52,4563.09,4608.96,4552.35,14.15099211,146.0803913277
801180,2017-05-16,4638.1,4578.72,4638.83,4550.51,19.39683505,201.8359400783
801180,2017-05-17,4638.88,4627.17,4658.82,4625.97,17.65618751,191.34840633599998
801180,2017-05-18,4631.11,4605.6,4643.51,4605.6,16.59282418,172.3336069274
801180,2017-05-19,4636.88,4621.04,4640.75,4614.96,15.47319071,151.4926135365
801180,2017-05-22,4576.53,4624.75,4630.38,4559.01,15.80523533,151.3423402581
801180,2017-05-23,4540.08,4569.67,4589.42,4532.49,18.93823015,187.8816933894
801180,2017-05-24,4536.58,4512.2,4536.58,4463.29,16.23811381,150.6323085516
801180,2017-05-25,4650.42,4530.37,4661.45,4529.97,25.76616141,245.5413428032
801180,2017-05-26,4633.39,4637.95,4662.18,4628.81,20.86480024,200.0553507548
801180,2017-05-31,4679.42,4723.58,4731.53,4679.17,23.67351903,228.9044467939
801180,2017-06-01,4649.58,4658.74,4684.47,4645.56,22.82218386,225.7216757577
801180,2017-06-02,4688.37,4637.39,4691.39,4618.36,23.22831538,211.49076930470002
801180,2017-06-05,4689.24,4674.39,4698.38,4669.18,19.59089062,176.99910815869998
801180,2017-06-06,4718.95,4680.43,4728.34,4672.07,20.28633076,199.1187211978
801180,2017-06-07,4783.52,4716.27,4783.52,4714.94,26.21128016,247.9955350546
801180,2017-06-08,4784.13,4776.2,4790.53,4771.24,24.07535059,237.3651051837
801180,2017-06-09,4780.05,4767.94,4782.14,4755.35,22.37644469,219.14996978029998
801180,2017-06-12,4751.3,4778.07,4820.79,4743.63,21.8811896,219.13240292810002
801180,2017-06-13,4776.04,4744.79,4778.65,4742.56,17.7355117,171.426886
801180,2017-06-14,4714.24,4764.21,4764.37,4713.18,19.16297716,183.0198965823
801180,2017-06-15,4723.03,4700.17,4723.26,4690.98,16.36647819,151.2835274884
801180,2017-06-16,4717.43,4718.93,4727.84,4714.47,15.4779444,144.5470932889
801180,2017-06-19,4741.52,4714.18,4746.43,4714.06,14.61616823,139.802486904
801180,2017-06-20,4740.74,4745.72,4752.0,4731.79,15.78207097,155.0328276575
801180,2017-06-21,4766.95,4757.52,4766.95,4733.53,16.62530677,173.3414141239
801180,2017-06-22,4736.73,4762.13,4815.85,4736.73,21.63235496,229.3803909084
801180,2017-06-23,4809.7,4720.69,4810.66,4720.69,22.3908186,236.5546772802
801180,2017-06-26,4930.19,4834.53,4938.85,4830.42,25.75712872,283.699552128
801180,2017-06-27,4902.68,4920.5,4920.5,4884.36,17.85473236,197.0327315669
801180,2017-06-28,4848.39,4891.01,4897.38,4845.28,15.04036007,165.6360370896
801180,2017-06-29,4846.24,4852.74,4863.61,4831.9,13.06133784,138.0780492355
801180,2017-06-30,4834.39,4833.71,4844.32,4813.66,13.65926359,139.2664657356
801180,2017-07-03,4845.69,4835.81,4847.28,4819.37,13.15840259,131.4219056442
801180,2017-07-04,4785.69,4845.81,4847.13,4778.93,14.66440539,155.7661520106
801180,2017-07-05,4818.97,4780.19,4819.07,4755.92,15.20469997,151.4026161447
801180,2017-07-06,4797.85,4811.45,4821.26,4776.35,16.39840287,150.7474227619
801180,2017-07-07,4827.02,4790.66,4827.87,4781.49,15.72990568,151.24918526049998
801180,2017-07-10,4833.56,4813.04,4870.51,4809.7,18.20208301,178.1517097719
801180,2017-07-11,4813.07,4828.51,4858.25,4812.7,16.46333114,161.1954947892
801180,2017-07-12,4825.47,4827.18,4855.73,4794.34,17.90082031,184.37891923419997
801180,2017-07-13,4806.67,4803.09,4817.73,4791.24,15.23584637,157.6604800085
801180,2017-07-14,4819.9,4808.14,4820.4,4796.82,13.88105493,134.3749356365
801180,2017-07-17,4654.62,4817.85,4818.49,4652.0,23.56705948,212.3377511153
801180,2017-07-18,4708.24,4655.96,4709.53,4647.54,17.89186661,169.5345275338
801180,2017-07-19,4760.22,4691.73,4760.38,4689.45,19.51929419,189.49398059540002
801180,2017-07-20,4838.72,4746.53,4861.5,4746.53,24.69780951,228.20027329229998
801180,2017-07-24,4821.76,4824.97,4855.14,4813.44,27.00800539,261.5929814752
801180,2017-07-25,4767.2,4807.37,4807.67,4751.65,20.34555367,193.9588717066
801180,2017-07-26,4767.52,4764.86,4782.82,4729.06,18.44222841,177.7486579667
801180,2017-07-27,4798.76,4760.32,4815.22,4755.14,23.27047814,219.1257347973
801180,2017-07-28,4816.97,4789.68,4832.76,4789.2,19.92684209,186.763341142
801180,2017-07-31,4820.2,4817.38,4823.51,4781.13,20.54896903,197.4234819584
801180,2017-08-01,4846.7,4813.14,4848.57,4809.65,23.6367594,228.6800779429
801180,2017-08-02,4796.8,4840.06,4852.08,4795.05,24.10765251,233.33097710090001
801180,2017-08-03,4772.1,4788.42,4788.42,4754.3,20.27257028,200.7753252898
801180,2017-08-04,4728.05,4770.17,4779.82,4728.05,19.59050412,177.203682623
801180,2017-08-07,4735.38,4720.65,4736.09,4709.05,15.00306569,135.2765893101
801180,2017-08-08,4738.95,4743.68,4748.79,4725.64,16.0079279,148.8811285293
801180,2017-08-09,4744.92,4735.83,4746.87,4724.26,13.15437163,122.6581175267
801180,2017-08-10,4716.65,4742.01,4744.37,4680.76,17.56666505,159.0218290575
801180,2017-08-11,4627.63,4688.08,4700.91,4624.27,19.43594349,180.7557612984
801180,2017-08-14,4676.93,4634.93,4677.01,4634.87,16.49685228,155.7736939571
801180,2017-08-15,4696.4,4678.13,4698.13,4677.07,14.56678538,134.30360868120002
801180,2017-08-16,4700.08,4695.46,4701.94,4677.57,16.01123488,150.3548064364
801180,2017-08-17,4721.0,4699.32,4721.52,4696.97,15.640731,141.2006734994
801180,2017-08-18,4769.1,4703.37,4773.68,4697.11,19.95683512,199.2669486631
801180,2017-08-21,4789.03,4768.45,4789.03,4764.71,16.51088521,161.4890159226
801180,2017-08-22,4787.38,4793.46,4809.08,4776.67,16.08902446,163.590601113
801180,2017-08-23,4770.56,4785.74,4785.74,4756.59,13.44688018,127.3992986797
801180,2017-08-24,4749.48,4769.5,4775.86,4746.06,13.52248441,125.9532218271
801180,2017-08-25,4794.54,4754.15,4796.81,4748.68,14.12362065,135.5730456826
801180,2017-08-28,4842.6,4798.56,4862.05,4794.19,19.32942652,191.3869255059
801180,2017-08-29,4827.69,4832.09,4835.08,4817.19,16.46787717,163.4043492273
801180,2017-08-30,4847.73,4837.34,4858.72,4834.92,18.70893823,190.1146234427
801180,2017-08-31,4830.9,4842.06,4854.25,4811.53,18.60795418,189.3249064938
801180,2017-09-01,4815.09,4826.96,4830.95,4805.67,18.46581779,174.7361945273
801180,2017-09-04,4817.55,4810.61,4818.65,4795.52,19.00663325,181.5911590071
801180,2017-09-05,4854.05,4815.48,4854.09,4815.48,17.13669854,170.7969242687
801180,2017-09-06,4853.96,4846.22,4860.61,4832.31,16.36990109,159.61550193780002
801180,2017-09-07,4959.01,4861.39,5004.99,4856.05,30.81298229,311.595242262
801180,2017-09-08,4963.31,4949.21,4991.27,4929.35,21.10908186,222.7806382104
801180,2017-09-11,4949.33,4963.88,4994.94,4931.97,18.09616291,190.1219120959
801180,2017-09-12,4921.18,4944.28,4951.55,4913.98,19.08300764,193.2179373377
801180,2017-09-13,4952.26,4920.8,4955.23,4914.59,13.99232496,141.4072633982
801180,2017-09-14,5058.43,4953.39,5072.36,4947.44,25.91664131,269.3767493451
801180,2017-09-15,5145.33,5052.7,5216.34,5052.7,37.07612102,382.20779973739997
801180,2017-09-18,5116.76,5151.91,5192.44,5114.95,26.91979949,285.7253510545
801180,2017-09-19,5203.73,5128.4,5273.64,5128.4,42.31732243,417.47368188879994
801180,2017-09-20,5190.8,5187.34,5197.13,5156.59,28.84491615,290.0031811396
801180,2017-09-21,5106.88,5177.03,5177.3,5104.84,23.03551988,232.4960151442
801180,2017-09-22,5085.18,5103.38,5130.42,5075.11,17.04158767,172.9718445369
801180,2017-09-25,4886.07,5029.95,5033.39,4882.57,25.02615909,249.18249914470002
801180,2017-09-26,4913.79,4881.66,4928.36,4881.66,13.02340118,133.6148491715
801180,2017-09-27,4950.94,4921.3,4957.58,4907.67,14.35626793,149.537261103
801180,2017-09-28,4876.41,4954.07,4954.22,4874.19,15.58923567,155.3483352549
801180,2017-09-29,4889.36,4885.72,4913.61,4879.79,12.21883919,125.0505659134
801180,2017-10-09,4933.78,4983.48,4993.57,4929.9,15.53386843,165.74059783
801180,2017-10-10,4937.45,4933.01,4938.05,4907.61,12.86767888,133.0091013458
801180,2017-10-11,4930.66,4941.13,4953.46,4919.68,13.80749371,137.8121905682
801180,2017-10-12,4912.2,4931.42,4931.62,4891.9,11.33777817,112.86935259110001
801180,2017-10-13,4917.74,4915.25,4929.38,4907.88,10.02667429,98.35203140120001
801180,2017-10-16,4840.49,4919.86,4919.86,4839.27,13.40714286,128.1910671518
801180,2017-10-17,4855.16,4838.09,4867.96,4828.6,10.56346376,103.4424178649
801180,2017-10-18,4845.46,4857.43,4862.48,4839.27,13.5213042,136.6241727807
801180,2017-10-19,4801.67,4839.28,4840.58,4795.45,12.6746466,122.1564644631
801180,2017-10-20,4858.32,4804.82,4858.49,4802.16,10.90006355,120.4072184526
801180,2017-10-23,4872.11,4862.27,4875.35,4851.36,11.8367587,128.8202808348
801180,2017-10-24,4926.61,4869.72,4937.72,4863.06,15.84560195,172.4999369398
801180,2017-10-25,4956.05,4922.46,4984.17,4917.58,13.56298097,148.6215888205
801180,2017-10-26,4942.86,4944.59,4963.24,4923.37,13.0270955,145.2826091642
801180,2017-10-27,4923.84,4946.31,4967.96,4914.9,13.41578089,145.1391127371
801180,2017-10-30,4886.33,4920.84,4929.21,4843.09,15.90836887,167.8227676853
801180,2017-10-31,4921.66,4878.95,4923.03,4870.67,12.41826377,136.7217479979
801180,2017-11-01,4919.32,4917.25,4979.47,4908.19,14.24030803,155.8313850872
801180,2017-11-02,4894.98,4913.29,4913.39,4871.28,12.59486422,131.73518641889999
801180,2017-11-03,4829.53,4887.28,4891.87,4799.96,13.90073226,148.25353755700002
801180,2017-11-06,4797.08,4820.35,4820.84,4767.74,12.95513666,131.6506321959
801180,2017-11-07,4828.09,4797.94,4828.16,4792.95,13.29472847,137.9061470757
801180,2017-11-08,4832.98,4819.5,4860.61,4814.35,13.71699046,141.6365202027
801180,2017-11-09,4858.02,4829.01,4858.3,4827.1,13.23341122,146.0631911031
801180,2017-11-10,4834.42,4856.1,4856.78,4825.01,14.02972764,156.07146682180002
801180,2017-11-13,4824.9,4837.04,4843.67,4816.43,14.68321458,164.42075646790002
801180,2017-11-14,4851.44,4820.97,4852.94,4805.01,14.80223506,173.70865882459998
801180,2017-11-15,4847.08,4838.59,4854.77,4825.28,13.22026947,145.486305869
801180,2017-11-16,4896.14,4835.13,4910.64,4834.69,15.98533382,169.8547388317
801180,2017-11-17,4846.41,4893.95,4906.21,4840.83,20.16631766,213.673566174
801180,2017-11-20,4836.27,4824.32,4836.53,4746.34,14.19321417,146.0813422057
801180,2017-11-21,4960.44,4822.97,4960.47,4821.59,18.02111948,209.6424629275
801180,2017-11-22,4977.8,4969.69,5010.29,4944.21,19.17515472,217.9352551231
801180,2017-11-23,4872.95,4972.75,4979.53,4865.93,15.64179543,170.3720187061
801180,2017-11-24,4912.28,4860.99,4915.61,4843.2,12.25740696,136.4827032311
801180,2017-11-27,4876.12,4901.3,4940.23,4855.81,12.17014121,133.6107068807
801180,2017-11-28,4858.4,4861.11,4867.42,4812.21,11.3255411,119.6097424721
801180,2017-11-29,5047.89,4859.28,5047.89,4842.34,20.3148705,223.7735746789
801180,2017-11-30,4922.45,5020.65,5022.7,4890.67,16.54059159,193.07882546849999
801180,2017-12-01,4928.77,4899.55,4983.02,4899.48,13.85961958,151.427754128
801180,2017-12-04,4892.92,4910.32,4919.56,4868.05,12.26698132,127.4588028035
801180,2017-12-05,4855.28,4874.67,4898.69,4848.71,15.6853944,172.835872794
801180,2017-12-06,4850.74,4832.92,4866.34,4804.21,11.48376723,119.9187613158
801180,2017-12-07,4842.35,4846.59,4926.44,4834.77,13.10102186,141.2225085088
801180,2017-12-08,4851.23,4815.84,4852.57,4797.63,12.02230808,127.4707106319
801180,2017-12-11,4879.56,4846.87,4879.56,4837.8,11.91622722,123.11413075850001
801180,2017-12-12,4849.68,4871.94,4907.28,4848.9,12.76284349,129.1282064306
801180,2017-12-13,4859.26,4844.18,4859.77,4831.8,9.60574428,97.7306572447
801180,2017-12-14,4854.68,4855.01,4876.06,4839.84,10.63455893,110.99101493229999
801180,2017-12-15,4791.95,4844.65,4854.79,4785.25,11.10429217,113.7153640624
801180,2017-12-18,4753.84,4788.98,4792.43,4730.5,10.59034568,107.9801140303
801180,2017-12-19,4794.87,4759.85,4794.87,4754.47,9.12639984,91.07792655899999
801180,2017-12-20,4735.58,4784.91,4792.56,4725.13,11.57505796,113.1198858795
801180,2017-12-21,4814.21,4737.35,4834.37,4736.57,13.80670301,146.06367243190002
801180,2017-12-22,4810.54,4804.82,4824.17,4804.82,9.35171017,96.9108912909
801180,2017-12-25,4840.11,4831.31,4909.05,4831.31,14.63659736,155.4752478152
801180,2017-12-26,4865.6,4842.5,4865.78,4834.39,10.95960345,108.5647719934
801180,2017-12-27,4843.78,4855.06,4872.8,4834.51,11.53777915,117.6148112119
801180,2017-12-28,4845.35,4828.28,4859.24,4813.76,11.60491651,113.5840096913
801180,2017-12-29,4910.39,4842.79,4916.07,4842.4,13.08539096,132.5033914375
801180,2018-01-02,5041.19,4935.13,5073.63,4935.13,23.94200648,264.4053046872
801180,2018-01-03,5070.75,5040.89,5122.98,5026.22,24.18860273,270.226915273
801180,2018-01-04,5107.72,5087.82,5117.47,5053.83,18.94939669,208.53525277560001
801180,2018-01-05,5289.07,5107.95,5375.64,5101.94,43.98465159,450.65606136879995
801180,2018-01-08,5404.35,5334.9,5498.44,5334.9,44.44595236,470.4320600311
801180,2018-01-09,5422.88,5386.22,5467.55,5366.43,32.66232136,313.0095466709
801180,2018-01-10,5408.18,5423.78,5492.89,5369.18,28.95199564,290.4001730438
801180,2018-01-11,5401.02,5395.56,5406.57,5328.65,26.60541306,262.0618106926
801180,2018-01-12,5443.44,5391.87,5531.82,5391.87,36.9414945,345.1511018774
801180,2018-01-15,5455.14,5467.11,5529.1,5427.15,38.91032823,393.4157063309
801180,2018-01-16,5745.45,5429.86,5786.71,5426.82,48.30567749,524.3871285564
801180,2018-01-17,5677.94,5728.69,5781.9,5581.51,43.33042297,497.15853602190003
801180,2018-01-18,5644.82,5663.2,5699.16,5618.3,26.39324163,306.5400271733
801180,2018-01-19,5606.97,5648.36,5762.88,5598.38,30.87017014,355.8485656242
801180,2018-01-22,5625.53,5586.7,5635.39,5568.62,23.33376757,265.0923633204
801180,2018-01-23,5750.67,5645.59,5799.01,5645.39,31.95200576,400.6615210554
801180,2018-01-24,5739.07,5738.56,5827.97,5701.37,28.49388011,346.1613569793
801180,2018-01-25,5661.55,5720.17,5720.19,5567.82,27.41441303,342.0512357855
801180,2018-01-26,5722.67,5644.72,5769.84,5634.59,27.6394942,320.7879109412
801180,2018-01-29,5658.49,5734.81,5779.15,5611.06,26.84203729,322.9941415807
801180,2018-01-30,5532.78,5641.04,5656.89,5530.71,24.86681262,305.01238805080004
801180,2018-01-31,5579.14,5539.02,5636.62,5475.4,28.67751603,346.9911564919
801180,2018-02-01,5480.1,5581.22,5609.26,5460.42,31.28645768,357.5530095898
801180,2018-02-02,5473.24,5394.13,5481.9,5298.88,25.97613628,306.95127229450003
801180,2018-02-05,5486.84,5398.83,5486.84,5386.56,19.95650073,241.772168261
801180,2018-02-06,5231.16,5368.56,5390.33,5221.84,26.54578522,309.380796068
801180,2018-02-07,4989.29,5324.62,5337.42,4947.59,30.69783185,360.7068744132
801180,2018-02-08,4958.66,4965.03,5027.63,4909.81,18.81641556,221.3266617066
801180,2018-02-09,4702.48,4818.66,4840.15,4631.14,26.19496698,277.1182316731
801180,2018-02-12,4784.23,4717.12,4802.18,4700.61,16.46746286,182.1256061502
801180,2018-02-13,4871.75,4825.19,4962.66,4824.7,18.13875344,200.5560226412
801180,2018-02-14,4898.94,4868.55,4907.64,4821.58,11.54802533,117.16670037520001
801180,2018-02-22,4977.45,4962.9,4988.56,4936.41,17.371065,157.6357359669
801180,2018-02-23,5035.77,4993.11,5080.56,4967.74,17.73407382,181.0372919618
801180,2018-02-26,5016.19,5056.4,5065.12,4896.56,22.46850511,235.44386489549998
801180,2018-02-27,4920.0,5002.29,5002.55,4905.77,20.04166105,212.6703005025
801180,2018-02-28,4941.57,4875.96,4984.23,4838.91,18.55318064,201.92576722389998
801180,2018-03-01,4929.92,4894.92,4973.88,4887.01,16.74028178,174.42259803759998
801180,2018-03-02,4917.22,4887.06,4949.73,4862.31,15.05640804,157.8707449137
801180,2018-03-05,4924.61,4930.05,4986.09,4914.24,13.8981583,154.6061912568
801180,2018-03-06,5069.54,4940.64,5069.9,4897.14,22.63686586,238.3968376166
801180,2018-03-07,5015.73,5048.56,5085.83,5007.12,17.06886848,184.9873241859
801180,2018-03-08,5064.14,5015.07,5067.11,5001.41,16.35986729,160.6208427833
801180,2018-03-09,5064.03,5072.91,5080.06,5033.33,17.83767929,171.6934378225
801180,2018-03-12,4995.64,5068.23,5071.78,4959.11,23.73369629,260.49557793099996
801180,2018-03-13,4978.94,4981.81,5010.72,4971.05,17.81233425,161.8839502742
801180,2018-03-14,4972.31,4967.72,5001.5,4947.56,16.46811209,165.3580591237
801180,2018-03-15,4953.82,4960.71,4995.02,4929.09,14.56950165,149.44351259299998
801180,2018-03-16,4970.88,4951.19,5014.06,4951.15,14.26654922,154.92400645799998
801180,2018-03-19,4893.9,4961.83,4961.83,4887.69,15.02331617,160.8984595594
801180,2018-03-20,4873.99,4856.73,4884.81,4826.7,15.64874914,139.16758820430002
801180,2018-03-21,4890.45,4879.87,4945.43,4878.52,20.58669885,171.8674309806
801180,2018-03-22,4839.23,4889.86,4897.98,4823.58,17.65229239,156.76122400239998
801180,2018-03-23,4680.78,4702.68,4723.2,4587.6,25.05737944,226.8075146009
801180,2018-03-26,4658.58,4622.97,4658.58,4585.26,17.09156623,158.1913694254
801180,2018-03-27,4729.57,4719.45,4754.18,4696.76,18.31037481,175.9855080863
801180,2018-03-28,4716.42,4674.79,4775.85,4666.14,14.98366263,149.3432173056
801180,2018-03-29,4898.61,4729.52,4928.69,4672.57,24.69520146,268.87805319209997
801180,2018-03-30,4852.31,4874.6,4881.11,4838.13,16.97787488,183.4986546866
801180,2018-04-02,4860.47,4861.81,4940.34,4854.82,18.76473175,195.87806510849998
801180,2018-04-03,4819.04,4798.33,4844.94,4775.53,14.74183682,146.9203761114
801180,2018-04-04,4791.76,4798.31,4857.29,4790.24,13.51601815,141.6924092532
801180,2018-04-09,4758.64,4779.24,4801.73,4728.88,13.55724572,134.4711100068
801180,2018-04-10,4850.51,4762.09,4850.51,4750.82,16.47474754,180.2657241821
801180,2018-04-11,4900.45,4855.3,4946.86,4845.11,17.56129941,197.8091716165
801180,2018-04-12,4852.86,4886.27,4904.39,4840.89,13.07250187,136.5619346858
801180,2018-04-13,4817.88,4873.37,4890.48,4807.45,11.49434758,123.3574145334
801180,2018-04-16,4693.57,4801.98,4802.55,4664.27,18.96247386,202.2621156517
801180,2018-04-17,4629.51,4699.03,4699.69,4627.53,16.04441386,152.0294189892
801180,2018-04-18,4657.86,4679.32,4696.39,4608.11,16.28137842,161.595439741
801180,2018-04-19,4677.27,4659.37,4695.76,4647.71,13.64256379,128.5720110174
801180,2018-04-20,4608.13,4666.89,4670.38,4592.22,14.08649062,126.86006763479999
801180,2018-04-23,4595.92,4594.09,4621.44,4564.56,12.12853532,111.9229888423
801180,2018-04-24,4712.82,4616.66,4735.76,4616.17,16.82833147,175.81868819919998
801180,2018-04-25,4669.01,4683.07,4688.15,4656.5,13.31288799,129.2830319811
801180,2018-04-26,4585.77,4691.78,4693.82,4573.53,14.47076777,135.79100249299998
801180,2018-04-27,4572.67,4588.29,4597.75,4499.96,14.46013551,135.4095271367
801180,2018-05-02,4561.03,4572.51,4601.64,4542.53,13.54457509,113.31504420110001
801180,2018-05-03,4572.29,4554.45,4579.27,4503.99,13.61087556,124.38787195559999
801180,2018-05-04,4566.27,4566.62,4602.96,4561.88,11.97523071,114.208082991
801180,2018-05-07,4631.73,4576.38,4635.34,4566.27,13.65093863,132.5516856426
801180,2018-05-08,4701.47,4632.32,4725.37,4629.01,15.57946252,163.4540700798
801180,2018-05-09,4671.58,4693.84,4697.87,4658.02,12.61108301,125.1572995924
801180,2018-05-10,4700.1,4681.39,4701.26,4655.14,15.28619255,143.7563931922
801180,2018-05-11,4658.15,4703.3,4704.44,4657.7,14.96635268,123.5924879024
801180,2018-05-14,4634.24,4658.37,4677.07,4622.27,13.0455363,117.7240932018
801180,2018-05-15,4657.91,4645.03,4657.91,4619.95,10.94957794,104.91357426479999
801180,2018-05-16,4620.69,4643.02,4649.18,4618.4,10.77379578,107.2243642092
801180,2018-05-17,4602.3,4619.58,4643.38,4599.78,10.47134895,102.70047714120001
801180,2018-05-18,4630.75,4596.92,4630.84,4576.29,9.88499655,94.26907133799999
801180,2018-05-21,4629.34,4644.14,4645.1,4621.3,12.25357393,119.42647326059999
801180,2018-05-22,4577.83,4626.39,4626.39,4554.6,12.68214403,129.7010377975
801180,2018-05-23,4525.05,4565.24,4565.54,4524.03,12.04252345,117.43690978069999
801180,2018-05-24,4509.29,4525.39,4530.97,4502.81,11.54738609,104.68024876790001
801180,2018-05-25,4493.82,4508.52,4521.25,4476.71,12.71893184,111.83152379139999
801180,2018-05-28,4459.93,4486.48,4490.59,4452.88,12.24569483,102.2092144315
801180,2018-05-29,4403.26,4447.8,4447.93,4358.06,15.54439062,150.3493522862
801180,2018-05-30,4275.29,4349.11,4349.86,4274.13,13.95359236,114.46901370350001
801180,2018-05-31,4338.58,4297.26,4345.19,4266.72,11.80494491,111.0228173692
801180,2018-06-01,4345.48,4319.67,4396.98,4313.45,11.90471679,109.7360067656
801180,2018-06-04,4423.3,4357.85,4431.21,4357.76,12.58504971,125.7296361085
801180,2018-06-05,4449.1,4415.76,4453.38,4398.83,11.25348783,109.82118959709999
801180,2018-06-06,4417.92,4438.14,4446.85,4408.46,9.5482883,92.9999479606
801180,2018-06-07,4460.15,4427.52,4474.86,4421.65,11.56033779,120.193306272
801180,2018-06-08,4368.56,4431.31,4431.78,4343.14,11.49242914,102.3198873324
801180,2018-06-11,4407.84,4359.01,4431.66,4352.11,10.63591112,103.6603225819
801180,2018-06-12,4432.2,4414.75,4442.77,4379.44,10.183438,95.5757214767
801180,2018-06-13,4412.23,4415.86,4469.06,4406.45,12.04160969,115.92434298309999
801180,2018-06-14,4392.71,4392.64,4421.92,4374.78,10.01191643,90.16429714889999
801180,2018-06-15,4413.18,4389.31,4475.0,4389.28,15.92319208,146.7832675731
801180,2018-06-19,4187.14,4345.17,4346.07,4145.49,23.3232274,190.6166946503
801180,2018-06-20,4244.45,4167.31,4250.3,4158.19,15.44271251,122.034889459
801180,2018-06-21,4225.97,4230.6,4330.11,4219.72,17.42187859,147.3397708129
801180,2018-06-22,4265.15,4200.55,4265.15,4185.41,12.53086575,103.58379069200001
801180,2018-06-25,4137.37,4296.1,4304.4,4135.74,14.07964951,125.3012740499
801180,2018-06-26,4027.63,4049.58,4057.08,3967.76,16.31731491,138.4225213903
801180,2018-06-27,3931.05,4023.38,4023.78,3890.3,17.19772576,138.61071465700002
801180,2018-06-28,3881.83,3900.49,3947.71,3867.74,12.47074017,95.0593754059
801180,2018-06-29,3984.69,3885.16,3984.74,3879.57,12.76023778,95.72326073219999
801180,2018-07-02,3808.96,3976.14,3976.68,3777.79,16.51616139,142.216760884
801180,2018-07-03,3840.22,3817.81,3840.22,3752.51,16.70882211,108.3081223001
801180,2018-07-04,3764.08,3819.02,3841.63,3756.22,14.07584376,88.2591524876
801180,2018-07-05,3698.18,3755.68,3781.54,3692.3,14.06162726,91.3608076517
801180,2018-07-06,3694.22,3705.82,3721.19,3608.47,15.51021665,104.34265414379999
801180,2018-07-09,3780.72,3698.92,3780.84,3697.52,12.57126679,92.0095132039
801180,2018-07-10,3822.48,3793.99,3839.07,3774.09,12.92299989,104.68876514639999
801180,2018-07-11,3727.37,3756.09,3756.8,3691.23,12.31921415,82.5044185032
801180,2018-07-12,3795.34,3727.2,3809.37,3727.2,13.32715582,94.4558951777
801180,2018-07-13,3799.35,3830.66,3848.78,3788.76,12.64007645,97.1661897384
801180,2018-07-16,3749.3,3794.53,3794.75,3722.69,11.09684381,84.5823500673
801180,2018-07-17,3748.41,3738.26,3757.4,3713.76,9.7204493,67.4549888818
801180,2018-07-18,3698.46,3747.61,3752.59,3698.41,10.07687277,73.1912730799
801180,2018-07-19,3683.85,3711.39,3731.19,3676.3,9.31190891,68.7317292499
801180,2018-07-20,3739.88,3682.48,3757.95,3637.45,11.73401363,97.5536788911
801180,2018-07-23,3814.67,3720.86,3821.69,3713.21,12.85891469,106.7846065736
801180,2018-07-24,3902.12,3831.31,3932.56,3831.31,17.52168887,146.8127273729
801180,2018-07-25,3897.36,3907.06,3913.79,3875.05,12.7070643,83.5058705498
801180,2018-07-26,3887.11,3907.06,3938.53,3878.83,17.87751589,107.2897425891
801180,2018-07-27,3874.43,3878.39,3906.09,3855.39,14.34478438,87.20192181969999
801180,2018-07-30,3851.69,3874.11,3904.42,3829.83,13.07024304,84.9443309531
801180,2018-07-31,3895.34,3859.18,3904.41,3852.96,11.45952099,84.1440187645
801180,2018-08-01,3771.94,3865.53,3865.71,3771.94,15.05905867,116.82256789700001
801180,2018-08-02,3662.15,3753.05,3754.22,3599.11,15.57532991,104.7466811851
801180,2018-08-03,3624.97,3656.37,3671.05,3623.59,9.22619128,63.9775981434
801180,2018-08-06,3552.8,3622.69,3627.64,3533.47,10.38068681,68.0698802447
801180,2018-08-07,3662.6,3567.82,3662.6,3555.22,11.41663073,77.3196659246
801180,2018-08-08,3616.17,3660.31,3685.36,3616.17,10.05846025,70.0245321237
801180,2018-08-09,3708.46,3608.84,3715.53,3601.56,12.17400102,97.7410703493
801180,2018-08-10,3764.49,3734.18,3819.33,3734.18,14.06855699,122.7133816073
801180,2018-08-13,3720.78,3692.35,3729.99,3665.1,11.13002847,81.33067091470001
801180,2018-08-14,3675.96,3707.33,3709.87,3651.13,9.76252373,75.9550643418
801180,2018-08-15,3621.81,3673.24,3674.1,3618.64,12.26620227,68.7208971149
801180,2018-08-16,3623.57,3573.19,3645.88,3557.81,12.74061601,76.0925694157
801180,2018-08-17,3588.67,3643.16,3653.47,3583.61,13.8186594,75.8729653265
801180,2018-08-20,3622.96,3591.84,3624.34,3572.99,13.03813543,75.85924311640001
801180,2018-08-21,3659.94,3622.82,3667.3,3609.24,12.38299772,76.401270125
801180,2018-08-22,3633.03,3647.13,3647.74,3628.05,9.31171408,57.399599781999996
801180,2018-08-23,3611.32,3615.97,3637.18,3579.79,9.04674015,58.9608279916
801180,2018-08-24,3612.52,3603.25,3631.54,3580.95,9.82736801,55.806226503299996
801180,2018-08-27,3712.32,3623.12,3714.72,3623.12,12.80317189,95.0078478954
801180,2018-08-28,3710.83,3707.86,3730.21,3700.0,10.46384193,68.76870548720001
801180,2018-08-29,3720.96,3703.9,3744.2,3703.38,16.59950126,76.92449450779999
801180,2018-08-30,3679.06,3714.84,3732.28,3678.8,14.2872053,67.9215635819
801180,2018-08-31,3702.2,3666.77,3728.79,3645.43,14.87641858,86.51696439979999
801180,2018-09-03,3687.93,3688.57,3713.99,3659.14,13.53482096,78.5372338495
801180,2018-09-04,3737.27,3689.72,3742.4,3673.86,14.84396896,76.2972500443
801180,2018-09-05,3663.36,3717.65,3726.53,3663.36,17.8660064,77.30164651060001
801180,2018-09-06,3610.25,3655.62,3676.01,3596.5,8.62615444,65.3556195892
801180,2018-09-07,3634.28,3616.37,3667.22,3609.34,9.18672314,63.348761125699994
801180,2018-09-10,3633.91,3642.55,3668.34,3630.42,10.55073814,78.2795497458
801180,2018-09-11,3609.31,3630.4,3642.11,3588.91,8.80395131,58.9648309422
801180,2018-09-12,3601.57,3610.39,3617.96,3578.22,7.44649116,49.7935174088
801180,2018-09-13,3626.89,3632.51,3645.37,3585.8,13.41204918,62.704834034799994
801180,2018-09-14,3630.7,3628.24,3641.28,3601.82,15.46352649,65.2707242451
801180,2018-09-17,3580.87,3611.38,3612.69,3566.77,12.0664838,56.754794875200005
801180,2018-09-18,3628.17,3567.77,3629.64,3562.06,11.94817939,62.23318201479999
801180,2018-09-19,3746.05,3622.91,3770.39,3618.94,19.80303696,149.9251216719
801180,2018-09-20,3733.31,3732.25,3753.05,3720.11,15.77046617,97.012750414
801180,2018-09-21,3841.84,3745.37,3849.23,3725.72,17.98867396,131.20783600049998
801180,2018-09-25,3724.53,3754.76,3755.45,3708.94,14.88581925,118.357340098
801180,2018-09-26,3727.56,3728.52,3759.98,3697.5,16.48870738,101.58422629610001
801180,2018-09-27,3691.55,3726.59,3727.13,3686.11,15.71110629,80.9982378484
801180,2018-09-28,3695.91,3694.53,3728.66,3678.37,13.52931464,88.2989625166
801180,2018-10-08,3525.68,3602.78,3608.22,3519.13,14.96065261,98.51158171659999
801180,2018-10-09,3509.28,3523.12,3529.1,3487.04,9.60685661,59.555422031000006
801180,2018-10-10,3505.93,3508.97,3529.25,3475.78,14.85890238,65.7501758279
801180,2018-10-11,3287.2,3415.41,3427.86,3269.59,20.16159029,106.4475904105
801180,2018-10-12,3315.09,3260.49,3315.65,3194.71,16.73953829,88.15589857129999
801180,2018-10-15,3250.78,3310.7,3314.17,3243.99,13.95652862,66.6324106297
801180,2018-10-16,3167.51,3254.95,3284.1,3150.13,15.56998801,76.7329197068
801180,2018-10-17,3196.72,3201.65,3215.14,3151.83,17.13833099,69.84378044520001
801180,2018-10-18,3127.79,3179.45,3180.38,3126.06,13.23281066,68.7303115338
801180,2018-10-19,3224.38,3105.81,3227.91,3096.05,14.0437495,85.2712593392
801180,2018-10-22,3371.53,3255.49,3404.82,3255.07,20.21824532,128.5451797308
801180,2018-10-23,3307.4,3375.05,3384.8,3290.64,16.61604578,94.17303574450001
801180,2018-10-24,3337.39,3303.01,3388.18,3301.34,12.92777062,77.5870541076
801180,2018-10-25,3412.3,3264.28,3412.3,3246.42,16.58128262,114.5301496034
801180,2018-10-26,3484.85,3430.97,3567.14,3430.53,22.28931656,139.4218169134
801180,2018-10-29,3414.92,3498.94,3511.1,3393.94,19.88153728,112.34295000899999
801180,2018-10-30,3475.55,3429.07,3503.82,3399.34,17.84589361,108.0355973707
801180,2018-10-31,3517.32,3480.95,3548.76,3453.06,16.21179786,97.35913239770001
801180,2018-11-01,3536.86,3563.41,3600.68,3534.94,19.65710634,126.10821900479999
801180,2018-11-02,3575.15,3596.89,3611.03,3517.64,18.5319057,126.90460709959999
801180,2018-11-05,3560.4,3556.78,3560.4,3519.33,19.0539608,121.2601066569
801180,2018-11-06,3601.95,3559.12,3602.68,3551.32,17.11594688,113.57754703549999
801180,2018-11-07,3570.75,3603.86,3619.69,3565.22,15.92387557,106.5796644335
801180,2018-11-08,3569.02,3591.76,3610.76,3566.13,17.10255135,112.4114632947
801180,2018-11-09,3545.57,3552.78,3585.51,3545.57,15.93996505,98.02158115530001
801180,2018-11-12,3612.43,3541.75,3615.15,3541.75,17.55745533,105.26859474790001
801180,2018-11-13,3664.54,3575.12,3679.66,3573.23,27.06047408,161.25340779180002
801180,2018-11-14,3692.11,3673.56,3735.22,3673.56,28.35375114,181.1368200643
801180,2018-11-15,3742.29,3689.6,3742.29,3688.44,22.2539868,143.7851206867
801180,2018-11-16,3818.53,3746.04,3843.01,3733.14,26.8031725,187.95244668939998
801180,2018-11-19,3938.42,3831.75,3938.42,3831.75,32.84818921,253.4047249946
801180,2018-11-20,3835.9,3895.22,3944.51,3823.11,31.03567117,231.9112749821
801180,2018-11-21,3877.87,3793.58,3907.47,3791.97,29.43115865,220.7347100202
801180,2018-11-22,3853.4,3881.75,3884.84,3825.26,22.12236074,168.06993157739998
801180,2018-11-23,3711.27,3837.04,3837.22,3693.97,22.87051356,143.8118897736
801180,2018-11-26,3722.1,3714.44,3761.64,3694.68,16.51597945,112.86416803870002
801180,2018-11-27,3704.74,3738.73,3745.77,3689.32,16.38613242,108.8175822513
801180,2018-11-28,3767.0,3705.7,3767.0,3688.55,18.07952152,124.56718435360001
801180,2018-11-29,3674.59,3783.28,3809.93,3674.59,17.541087,121.835270474
801180,2018-11-30,3692.11,3671.62,3695.11,3629.95,14.44376345,92.22408593709999
801180,2018-12-03,3747.55,3769.05,3781.26,3696.51,20.65428754,152.3357914453
801180,2018-12-04,3716.5,3732.87,3732.87,3686.89,18.86519186,140.7190022293
801180,2018-12-05,3708.96,3658.35,3740.28,3654.21,15.70762279,117.3484139386
801180,2018-12-06,3663.31,3677.76,3692.62,3660.67,13.93093022,92.7377590235
801180,2018-12-07,3678.47,3665.7,3705.21,3665.6,11.04972354,79.3120187649
801180,2018-12-10,3622.78,3660.03,3672.53,3615.47,12.27995875,79.90689850140001
801180,2018-12-11,3692.22,3633.57,3692.22,3632.75,13.20645363,89.4404614134
801180,2018-12-12,3721.92,3714.6,3759.22,3709.11,15.04604358,111.510725368
801180,2018-12-13,3790.92,3747.12,3811.69,3731.87,17.91520027,132.2741303178
801180,2018-12-14,3703.19,3779.25,3793.41,3703.19,16.74051967,112.101885737
801180,2018-12-17,3718.31,3699.99,3724.4,3667.78,13.88207408,93.8094191018
801180,2018-12-18,3635.68,3691.21,3701.06,3607.61,13.67504022,98.7203181531
801180,2018-12-19,3624.93,3654.91,3678.58,3619.93,16.82282115,100.3190377996
801180,2018-12-20,3624.97,3634.98,3657.46,3598.36,16.96642871,113.09794737040001
801180,2018-12-21,3545.14,3604.27,3605.98,3510.14,16.85592157,115.51366876530001
801180,2018-12-24,3535.84,3524.0,3537.26,3501.95,12.34830374,84.7547723301
801180,2018-12-25,3511.13,3496.89,3521.99,3446.83,16.70126559,104.33286800129999
801180,2018-12-26,3507.23,3501.7,3521.67,3478.11,13.34454421,90.1286780037
801180,2018-12-27,3470.29,3552.97,3561.45,3470.05,15.43233337,102.21626292299999
801180,2018-12-28,3496.73,3482.16,3515.91,3477.51,12.55108586,85.7647615173
801180,2019-01-02,3469.66,3492.49,3498.84,3451.53,12.26204188,83.5243907073
801180,2019-01-03,3465.51,3455.0,3509.56,3448.21,13.15603375,91.5331776148
801180,2019-01-04,3555.57,3429.45,3555.57,3429.45,20.72315133,121.5488766764
801180,2019-01-07,3582.78,3586.78,3607.07,3570.2,18.70922374,118.323522305
801180,2019-01-08,3563.8,3578.94,3578.94,3542.83,14.00147581,85.9703678054
801180,2019-01-09,3586.56,3578.76,3630.67,3574.24,17.92477419,112.21241207290001
801180,2019-01-10,3557.87,3578.51,3591.58,3554.35,12.83327945,81.3407833973
801180,2019-01-11,3582.82,3564.89,3585.86,3554.96,12.62191006,76.48367844260001
801180,2019-01-14,3556.1,3576.08,3578.83,3550.35,12.17828137,73.8517232371
801180,2019-01-15,3581.48,3552.6,3581.48,3503.78,13.6746634,91.1126035482
801180,2019-01-16,3595.08,3579.37,3605.2,3570.5,15.60157508,95.8840287408
801180,2019-01-17,3576.15,3601.65,3606.01,3567.26,16.44886497,108.8176017187
801180,2019-01-18,3614.6,3578.7,3615.41,3573.29,15.97605819,102.6519520425
801180,2019-01-21,3603.36,3614.17,3631.66,3586.85,13.19074584,86.56223556209999
801180,2019-01-22,3588.63,3599.55,3644.75,3580.75,15.05392166,103.151623806
801180,2019-01-23,3581.28,3582.44,3594.07,3570.79,13.09055876,80.6146124676
801180,2019-01-24,3583.0,3589.11,3590.88,3551.24,14.121624,86.2134312381
801180,2019-01-25,3608.47,3595.51,3643.1,3595.51,15.72002784,107.4538761556
801180,2019-01-28,3597.7,3626.09,3651.15,3589.63,13.23405223,83.793970833
801180,2019-01-29,3624.71,3589.13,3632.82,3544.01,17.09188934,108.28339801950001
801180,2019-01-30,3638.63,3607.58,3698.36,3603.78,15.07768374,111.6027941623
801180,2019-01-31,3632.81,3649.55,3675.48,3613.94,16.17508145,101.9653547407
801180,2019-02-01,3675.05,3660.41,3675.05,3613.31,12.93209078,90.7331121208
801180,2019-02-11,3728.71,3660.26,3728.71,3647.57,14.12158817,100.73668278299999
801180,2019-02-12,3749.28,3717.77,3754.22,3705.54,17.92469361,117.1839751852
801180,2019-02-13,3811.9,3748.25,3817.34,3742.08,21.21848148,149.1146190239
801180,2019-02-14,3820.61,3806.32,3834.1,3795.89,19.0199587,136.7108209171
801180,2019-02-15,3745.15,3810.58,3814.26,3743.22,19.01996242,135.3464092249
801180,2019-02-18,3845.94,3776.75,3845.94,3776.73,23.65925579,163.2894829678
801180,2019-02-19,3851.1,3879.88,3889.88,3826.76,32.5611729,221.4529993843
801180,2019-02-20,3898.41,3853.14,3912.74,3839.38,28.42227368,198.1141691492
801180,2019-02-21,3855.94,3894.59,3916.95,3843.66,28.432624,196.00865895369998
801180,2019-02-22,3914.74,3848.35,3914.74,3830.28,27.02065395,189.1180645612
801180,2019-02-25,4130.41,3957.49,4133.42,3953.72,45.02653644,326.8457513317
801180,2019-02-26,4100.13,4151.56,4193.51,4096.49,47.63186702,343.4144018747
801180,2019-02-27,4148.86,4096.81,4201.4,4096.73,45.34386683,332.2891049012
801180,2019-02-28,4130.16,4138.67,4203.11,4112.5,37.34734272,277.6237439802
801180,2019-03-01,4159.72,4138.57,4159.72,4081.98,31.8429172,238.7548214
801180,2019-03-04,4284.3,4187.4,4366.06,4187.4,52.03776038,424.22527749470004
801180,2019-03-05,4390.78,4287.66,4390.87,4272.44,42.88299941,340.78497141450003
801180,2019-03-06,4415.09,4417.13,4417.13,4341.17,50.61485099,379.71608626489996
801180,2019-03-07,4381.91,4399.89,4414.14,4331.35,51.71162511,395.82469053690005
801180,2019-03-08,4158.85,4290.09,4325.51,4154.72,47.76859797,354.4947273746
801180,2019-03-11,4252.82,4132.6,4256.02,4107.45,36.43052176,303.85140034
801180,2019-03-12,4305.09,4294.63,4356.92,4256.23,41.20127851,336.4152093715
801180,2019-03-13,4383.27,4323.73,4433.09,4280.85,47.7762079,410.9927565796
801180,2019-03-14,4293.43,4367.7,4433.67,4260.88,39.67618844,335.46912665959997
801180,2019-03-15,4422.95,4298.31,4463.94,4298.18,43.70126654,413.35784351940003
801180,2019-03-18,4566.72,4440.55,4567.9,4380.86,44.77200774,409.344603281
801180,2019-03-19,4548.13,4562.67,4640.81,4520.8,38.3797017,345.03434639589995
801180,2019-03-20,4581.05,4540.77,4595.5,4479.77,38.01592312,327.2983796153
801180,2019-03-21,4595.24,4586.2,4643.3,4580.4,43.0657491,373.12480402150004
801180,2019-03-22,4615.75,4594.11,4615.96,4531.5,37.04722779,326.8436509204
801180,2019-03-25,4523.18,4546.56,4604.97,4520.23,40.00209768,354.6257607608
801180,2019-03-26,4435.33,4545.38,4558.51,4428.84,37.29653218,303.1873393392
801180,2019-03-27,4487.87,4462.06,4488.63,4407.66,28.74919571,236.4264954119
801180,2019-03-28,4401.97,4470.36,4489.67,4400.43,28.33861963,230.10582772709998
801180,2019-03-29,4619.89,4414.05,4619.89,4410.05,38.58902499,330.7550711013
801180,2019-04-01,4776.24,4673.89,4810.06,4673.89,49.26018134,424.62460171419997
801180,2019-04-02,4798.94,4807.41,4813.32,4771.86,45.50927353,376.10251372650004
801180,2019-04-03,4868.49,4770.14,4870.3,4754.82,42.92257404,374.514470847
801180,2019-04-04,4881.0,4891.14,4915.92,4838.55,40.4340854,355.5797750268
801180,2019-04-08,4839.82,4896.82,4933.43,4781.51,41.56495432,370.1990278654
801180,2019-04-09,4969.47,4871.93,4969.47,4871.93,38.98902918,361.4547815996
801180,2019-04-10,4923.22,4929.41,4958.17,4877.46,38.77164555,317.0540090595
801180,2019-04-11,4839.16,4926.78,4952.5,4816.92,39.74535889,312.2315922185
801180,2019-04-12,4795.51,4836.81,4850.59,4765.27,30.42231355,251.50328046459998
801180,2019-04-15,4764.53,4872.71,4891.94,4764.53,35.34890698,296.3561711663
801180,2019-04-16,4843.92,4740.09,4843.92,4647.1,38.39065502,305.47858107900004
801180,2019-04-17,4795.57,4835.91,4836.09,4772.59,38.41683183,293.2782606288
801180,2019-04-18,4743.11,4786.05,4786.05,4732.2,28.32444322,219.2745574209
801180,2019-04-19,4785.81,4741.57,4785.81,4709.28,27.82491965,210.7702334787
801180,2019-04-22,4614.72,4758.67,4758.67,4604.34,37.75098689,345.5948197218
801180,2019-04-23,4630.18,4613.7,4672.68,4608.77,33.18835648,292.2649455926
801180,2019-04-24,4617.09,4649.71,4649.71,4553.85,26.62300016,230.4664990375
801180,2019-04-25,4497.09,4599.2,4628.04,4495.09,29.65949031,227.9816099261
801180,2019-04-26,4446.4,4470.67,4500.07,4440.19,24.52226863,188.3058974514
801180,2019-04-29,4403.81,4445.03,4473.93,4396.28,26.8136781,208.5252129789
801180,2019-04-30,4436.7,4385.79,4446.86,4383.93,22.68359539,182.0177998695
801180,2019-05-06,4137.68,4296.4,4312.65,4102.48,30.13980427,232.5233154186
801180,2019-05-07,4216.43,4172.57,4227.79,4150.35,23.73784274,178.3065909713
801180,2019-05-08,4181.54,4142.15,4241.15,4135.55,20.40883801,150.3736245873
801180,2019-05-09,4105.36,4149.41,4181.07,4097.01,18.24779293,140.2328906895
801180,2019-05-10,4245.67,4145.01,4245.67,4082.74,25.66358573,189.59714680419998
801180,2019-05-13,4229.27,4186.31,4236.76,4183.13,18.12215038,141.4235903531
801180,2019-05-14,4186.16,4177.4,4232.14,4168.31,17.26305182,146.68924168700002
801180,2019-05-15,4258.68,4220.29,4275.52,4217.48,19.65707556,146.03040740149999
801180,2019-05-16,4288.12,4250.48,4288.12,4243.68,20.6629231,148.268831783
801180,2019-05-17,4147.64,4290.44,4290.55,4137.72,22.8175708,154.7329367741
801180,2019-05-20,4116.64,4149.27,4155.13,4063.47,16.00397185,115.3417570316
801180,2019-05-21,4173.72,4115.3,4201.65,4113.63,16.79613757,126.89206291379999
801180,2019-05-22,4146.85,4170.47,4173.35,4133.41,13.90444108,104.7881694514
801180,2019-05-23,4079.35,4129.72,4132.0,4073.24,15.53143158,118.96706344299999
801180,2019-05-24,4074.82,4082.15,4109.22,4067.29,13.02853803,102.72139588040001
801180,2019-05-27,4132.89,4071.54,4135.05,4039.12,15.56676139,112.14460721559999
801180,2019-05-28,4168.5,4128.02,4186.12,4120.57,19.61235252,162.4946161976
801180,2019-05-29,4131.37,4147.17,4159.56,4128.26,16.51143573,123.3714389462
801180,2019-05-30,4100.55,4116.85,4116.85,4069.58,17.08810152,119.6039714244
801180,2019-05-31,4105.98,4100.54,4130.49,4090.41,16.07027998,115.9237789275
801180,2019-06-03,4067.25,4113.42,4139.05,4059.19,16.61693079,122.91969378690001
801180,2019-06-04,4032.84,4069.96,4070.14,4017.95,16.28034966,113.7665777946
801180,2019-06-05,4074.5,4067.28,4118.95,4056.07,18.56404423,147.5159472409
801180,2019-06-06,4027.58,4071.61,4071.61,4013.55,15.24276344,110.78683682709999
801180,2019-06-10,4083.42,4044.64,4104.87,4031.3,14.20452034,109.7683227402
801180,2019-06-11,4193.06,4092.76,4194.63,4092.71,21.41568239,161.3317795314
801180,2019-06-12,4157.45,4181.54,4181.54,4142.56,17.16246363,127.3274812384
801180,2019-06-13,4142.62,4150.25,4152.01,4110.77,16.2743068,120.41217737049999
801180,2019-06-14,4113.78,4154.51,4177.16,4105.96,17.95104348,128.01344673719998
801180,2019-06-17,4108.02,4102.6,4134.56,4092.73,12.17911492,82.9516773607
801180,2019-06-18,4086.2,4117.36,4117.36,4069.23,11.08557852,77.582134997
801180,2019-06-19,4108.86,4161.26,4178.75,4101.89,16.85107928,125.7788653578
801180,2019-06-20,4189.34,4105.26,4203.84,4094.52,21.48070703,157.83023695120002
801180,2019-06-21,4206.33,4195.75,4222.83,4190.92,21.63917743,155.24774862569998
801180,2019-06-24,4193.53,4204.21,4204.23,4176.9,15.20577032,103.6949050458
801180,2019-06-25,4177.44,4199.7,4199.83,4118.94,16.64921561,128.792732741
801180,2019-06-26,4154.27,4160.15,4175.8,4145.12,12.06272617,91.6587942492
801180,2019-06-27,4170.88,4162.5,4193.95,4159.8,13.1124823,100.8477494264
801180,2019-06-28,4143.07,4168.6,4168.86,4130.14,13.30968334,98.72485890829999
801180,2019-07-01,4240.97,4200.61,4240.97,4188.37,19.67966036,165.4102875717
801180,2019-07-02,4264.05,4235.79,4264.05,4214.28,18.44493836,142.31379881540002
801180,2019-07-03,4295.06,4254.81,4320.71,4241.83,21.16354722,171.1231406613
801180,2019-07-04,4326.45,4284.12,4381.67,4284.12,23.74887452,187.23907552650002
801180,2019-07-05,4283.74,4300.89,4302.41,4265.31,16.72600859,124.3992811007
801180,2019-07-08,4187.13,4265.4,4265.7,4153.63,21.23642665,157.2620360443
801180,2019-07-09,4171.56,4174.51,4210.09,4158.38,18.23110674,200.5344829672
801180,2019-07-10,4132.5,4183.08,4183.08,4118.1,15.04987649,131.3204258614
801180,2019-07-11,4114.16,4142.28,4170.05,4108.7,14.14555222,126.6436267503
801180,2019-07-12,4139.13,4109.69,4149.04,4102.0,13.74210797,124.2059643082
801180,2019-07-15,4144.09,4121.31,4158.78,4065.78,15.64457128,130.72174163350002
801180,2019-07-16,4176.78,4144.35,4184.05,4138.9,13.77720192,125.0732720243
801180,2019-07-17,4201.27,4170.22,4213.66,4160.61,14.20526812,134.3463327819
801180,2019-07-18,4156.95,4186.24,4186.49,4156.95,12.1273691,106.42344416739999
801180,2019-07-19,4251.62,4201.24,4264.18,4200.84,18.03438727,167.8160696514
801180,2019-07-22,4210.02,4257.75,4272.84,4197.02,17.67582921,154.0885878766
801180,2019-07-23,4163.76,4199.44,4208.2,4138.31,14.69153602,137.563782634
801180,2019-07-24,4169.98,4168.77,4187.14,4158.67,14.62851122,124.30537216530001
801180,2019-07-25,4177.99,4171.64,4177.99,4142.65,13.06293334,110.7878341425
801180,2019-07-26,4180.01,4160.52,4187.59,4155.24,11.32204026,98.6362704714
801180,2019-07-29,4158.15,4175.26,4188.07,4149.75,10.54346273,85.0401233703
801180,2019-07-30,4181.74,4159.11,4204.8,4158.99,11.83347178,92.0098891204
801180,2019-07-31,4080.89,4148.47,4148.91,4075.3,15.16174367,132.7622488137
801180,2019-08-01,4017.89,4060.56,4069.16,4010.08,13.70617592,110.4558389644
801180,2019-08-02,3956.06,3939.62,3965.14,3922.92,15.24075711,117.4153143393
801180,2019-08-05,3863.76,3929.03,3929.18,3863.76,12.69482772,101.31489159770001
801180,2019-08-06,3812.85,3812.05,3828.46,3752.92,18.71500895,136.95168932459998
801180,2019-08-07,3833.11,3836.54,3853.45,3825.51,12.57391163,98.31506961870001
801180,2019-08-08,3835.1,3842.69,3845.91,3826.6,11.15300216,77.2032798334
801180,2019-08-09,3780.07,3847.57,3847.57,3775.09,11.47672171,87.8918999239
801180,2019-08-12,3842.91,3779.96,3842.91,3779.96,10.6484492,77.56861605649999
801180,2019-08-13,3807.21,3823.22,3831.83,3797.58,10.55605863,72.2127078061
801180,2019-08-14,3806.07,3850.99,3852.76,3802.54,12.17944982,85.4473795097
801180,2019-08-15,3806.64,3726.21,3806.66,3712.43,12.26576094,88.39877552819999
801180,2019-08-16,3802.81,3809.3,3834.32,3796.98,12.66683329,94.0601739214
801180,2019-08-19,3919.44,3870.18,3919.44,3850.49,18.83861092,141.838988908
801180,2019-08-20,3935.78,3921.18,3956.86,3916.43,17.41173058,135.0338943582
801180,2019-08-21,3951.66,3934.99,3970.22,3933.66,14.94666194,119.51997593709999
801180,2019-08-22,3930.31,3965.23,3965.26,3917.86,13.56071804,103.97712877040001
801180,2019-08-23,3922.32,3938.02,3945.5,3911.81,14.04881714,101.84900577469999
801180,2019-08-26,3872.77,3844.89,3877.42,3838.52,15.80127828,104.6580025787
801180,2019-08-27,3911.8,3895.88,3937.66,3895.56,18.70992744,131.4911474096
801180,2019-08-28,3902.68,3910.92,3915.79,3888.49,13.98578371,90.40604207860001
801180,2019-08-29,3841.28,3907.61,3907.61,3838.43,16.30623677,122.9858096257
801180,2019-08-30,3806.76,3867.43,3868.82,3795.53,17.23452989,120.2469009492
801180,2019-09-02,3844.95,3804.14,3851.46,3799.82,17.82602603,118.27994155719999
801180,2019-09-03,3832.52,3848.43,3849.09,3818.64,16.65832195,114.85109610629999
801180,2019-09-04,3934.93,3831.0,3934.93,3825.54,24.3015834,172.92408477880002
801180,2019-09-05,3939.62,3946.29,4001.86,3934.7,28.12332626,201.7150914549
801180,2019-09-06,3948.81,3952.49,3952.49,3923.39,18.13482263,125.62247494649999
801180,2019-09-09,3999.74,3980.28,3999.74,3976.76,20.36551116,149.2644741395
801180,2019-09-10,3995.26,4004.91,4005.1,3968.59,18.12371061,117.35765663040002
801180,2019-09-11,3981.72,4005.26,4005.32,3970.41,18.41687682,125.91767727959999
801180,2019-09-12,4067.86,4000.51,4071.82,4000.37,21.861227,181.84138146220002
801180,2019-09-16,4046.21,4075.43,4075.43,4035.37,18.71266006,140.0981050152
801180,2019-09-17,3980.03,4040.53,4040.58,3967.29,18.50355596,126.48200529639999
801180,2019-09-18,4015.53,3990.32,4034.91,3987.61,15.86955789,124.1192231191
801180,2019-09-19,4011.17,4024.18,4024.18,3990.65,14.66165688,103.7200456316
801180,2019-09-20,4005.34,4014.52,4014.64,3992.95,15.13457527,113.30567727319999
801180,2019-09-23,3940.28,3992.26,3992.3,3917.45,14.72587948,109.434819169
801180,2019-09-24,3936.96,3945.05,3971.15,3933.68,14.83052014,107.0068961124
801180,2019-09-25,3905.85,3931.21,3931.45,3905.59,15.09514123,108.888890823
801180,2019-09-26,3885.35,3915.9,3941.82,3884.31,15.5347844,119.88224560549999
801180,2019-09-27,3871.9,3885.8,3888.82,3864.94,10.6033947,82.4076614067
801180,2019-09-30,3855.76,3868.62,3887.43,3854.44,9.30550142,70.8189764345
801180,2019-10-08,3932.49,3866.11,3960.77,3865.91,13.34923018,121.2185184996
801180,2019-10-09,4007.76,3918.14,4015.81,3918.14,17.30918393,154.0033970801
801180,2019-10-10,4015.36,4010.52,4025.89,3988.39,14.57819177,113.2806106815
801180,2019-10-11,4038.5,4029.03,4041.87,4010.91,15.37631684,120.1972567866
801180,2019-10-14,4080.12,4061.4,4112.0,4056.93,19.69379535,153.8086483544
801180,2019-10-15,4056.06,4083.43,4097.46,4048.84,16.85057949,112.4252470932
801180,2019-10-16,4078.74,4068.86,4150.06,4068.85,21.02479989,153.1346397531
801180,2019-10-17,4057.33,4083.26,4088.58,4047.44,15.32445672,107.38741752940001
801180,2019-10-18,3985.56,4067.93,4088.09,3976.48,16.40194592,113.26124176350001
801180,2019-10-21,4046.02,3994.16,4060.13,3993.86,15.02073415,124.1895185244
801180,2019-10-22,4053.76,4056.54,4056.56,4019.17,13.13442405,101.69729303780001
801180,2019-10-23,4000.52,4047.79,4051.29,3985.92,12.72370047,100.03229450399999
801180,2019-10-24,4018.75,4002.2,4023.1,3992.36,11.81337588,88.5085919071
801180,2019-10-25,4048.4,4031.36,4051.31,4011.56,13.73580166,107.50210340459999
801180,2019-10-28,4032.53,4040.11,4040.15,4001.57,17.77699937,141.7829618527
801180,2019-10-29,3994.1,4034.11,4034.19,3994.1,14.18526789,108.3691256074
801180,2019-10-30,3960.44,3984.77,3990.93,3952.27,15.09643628,111.76513506100001
801180,2019-10-31,3933.33,3969.2,3974.37,3922.95,14.61032902,104.7040044468
801180,2019-11-01,3997.23,3931.91,3997.23,3911.12,23.5434811,157.3952872602
801180,2019-11-04,3993.88,4009.09,4011.8,3980.32,22.4816892,151.7070657243
801180,2019-11-05,4009.14,3999.2,4032.55,3971.15,21.49979205,162.14473514280002
801180,2019-11-06,3970.14,4007.51,4007.66,3958.49,20.32279773,137.6914531069
801180,2019-11-07,3985.95,3966.83,3995.52,3960.28,18.95727592,122.2236213872
801180,2019-11-08,3964.73,4003.26,4010.91,3961.9,19.02952678,124.6104419768
801180,2019-11-11,3871.2,3943.04,3943.04,3867.13,17.70602732,121.1474969227
801180,2019-11-12,3876.41,3874.5,3887.05,3852.81,13.24996437,85.2419014555
801180,2019-11-13,3846.24,3876.76,3876.93,3833.03,13.65864701,86.4528650276
801180,2019-11-14,3851.41,3850.72,3860.07,3840.14,12.35547894,83.06726101470001
801180,2019-11-15,3822.78,3853.41,3857.16,3822.78,12.16052333,85.3977503453
801180,2019-11-18,3843.98,3817.24,3852.95,3795.15,11.93485254,85.48494119520001
801180,2019-11-19,3901.39,3843.67,3901.39,3843.54,13.52465906,99.100719113
801180,2019-11-20,3875.66,3896.05,3906.1,3873.22,13.79930113,92.4797232931
801180,2019-11-21,3870.43,3860.79,3877.47,3847.08,11.17524654,76.55226569050001
801180,2019-11-22,3867.51,3875.94,3906.33,3846.19,14.61739578,101.9888325742
801180,2019-11-25,3967.45,3878.54,3974.02,3878.54,18.93571472,153.2535508837
801180,2019-11-26,3946.7,3972.14,3972.14,3934.96,14.1774114,110.15787466409999
801180,2019-11-27,3927.48,3941.23,3954.97,3921.97,12.50892751,95.71781233879999
801180,2019-11-28,3895.58,3930.1,3930.54,3886.35,12.46766359,83.0120712742
801180,2019-11-29,3886.57,3894.63,3902.39,3873.59,10.16590852,73.0148078122
801180,2019-12-02,3941.4,3898.35,3941.49,3898.26,13.24221436,117.1654329729
801180,2019-12-03,3956.98,3926.73,3956.98,3921.71,12.98558683,98.62282973129999
801180,2019-12-04,3932.11,3944.0,3944.85,3922.74,10.78375171,74.4775863712
801180,2019-12-05,3938.34,3943.97,3944.1,3923.16,12.54445086,88.9911796892
801180,2019-12-06,3955.23,3940.39,3955.23,3934.41,12.05411968,86.47068776309999
801180,2019-12-09,4024.37,3964.59,4024.37,3964.54,17.52460167,152.0893818819
801180,2019-12-10,4013.4,4015.14,4016.36,3992.97,14.35161681,108.6385558332
801180,2019-12-11,4031.61,4026.33,4056.45,4011.63,16.32888675,134.0352314734
801180,2019-12-12,4004.9,4030.0,4035.38,4002.22,14.97014229,113.1600938256
801180,2019-12-13,4054.99,4036.94,4055.7,4036.79,18.38912787,169.7553542841
801180,2019-12-16,4111.73,4057.57,4111.73,4040.13,19.60698026,180.1839674389
801180,2019-12-17,4191.83,4107.14,4238.36,4101.45,27.94330741,230.65777574810002
801180,2019-12-18,4177.6,4188.12,4222.21,4171.28,21.48329363,161.1441776128
801180,2019-12-19,4200.87,4179.04,4221.61,4179.0,16.92868158,125.40247617620001
801180,2019-12-20,4233.89,4214.94,4267.56,4214.94,20.39898158,154.4188126846
801180,2019-12-23,4141.27,4232.4,4244.69,4138.81,20.99606089,150.90946723209998
801180,2019-12-24,4123.75,4146.2,4150.78,4090.26,15.90289461,116.77847307360001
801180,2019-12-25,4111.77,4117.9,4123.38,4102.05,14.38258786,104.27770563440001
801180,2019-12-26,4207.3,4133.56,4217.59,4133.56,19.79494998,163.5312378331
801180,2019-12-27,4199.18,4208.01,4237.34,4198.06,21.04603879,162.54602571360002
801180,2019-12-30,4265.04,4223.05,4265.04,4201.32,21.84980968,170.8494937171
801180,2019-12-31,4292.31,4258.56,4304.07,4250.55,19.20616646,147.11635892520002
801180,2020-01-02,4341.6,4350.99,4404.61,4339.8,25.63368481,208.9615157915
801180,2020-01-03,4304.69,4355.57,4355.57,4280.78,22.772828,187.04734446
801180,2020-01-06,4264.86,4270.89,4291.94,4240.36,24.87780185,198.99572650049998
801180,2020-01-07,4304.58,4271.57,4304.58,4271.53,21.76662211,165.22051588760002
801180,2020-01-08,4235.6,4272.24,4275.17,4221.9,24.80018662,182.279233062
801180,2020-01-09,4318.75,4294.36,4333.02,4289.4,21.53456719,178.7442571742
801180,2020-01-10,4272.2,4320.09,4322.03,4262.15,18.99819482,147.7962558657
801180,2020-01-13,4309.89,4272.14,4309.89,4254.95,17.9433284,149.038345072
801180,2020-01-14,4298.85,4315.88,4327.95,4296.61,20.34936011,158.65119287209998
801180,2020-01-15,4238.96,4289.5,4295.25,4233.57,18.42730119,141.9759867681
801180,2020-01-16,4224.06,4251.48,4258.93,4218.28,15.46809658,124.14281417469999
801180,2020-01-17,4213.84,4238.64,4251.47,4202.23,14.40832792,113.21654573290002
801180,2020-01-20,4192.07,4214.58,4214.61,4159.25,16.82673319,136.4699870985
801180,2020-01-21,4103.56,4174.31,4174.31,4103.56,18.52541403,150.8621131958
801180,2020-01-22,4160.2,4094.97,4169.0,4074.11,17.93020913,150.8798147916
801180,2020-01-23,4009.45,4115.14,4117.51,3987.75,20.95127229,166.2204801764
801180,2020-02-03,3637.68,3618.29,3673.39,3618.29,14.90222817,142.2388416039
801180,2020-02-04,3660.96,3532.71,3672.64,3532.71,29.95679274,196.5354401179
801180,2020-02-05,3693.85,3656.46,3730.71,3641.11,23.21689529,154.7738653731
801180,2020-02-06,3736.88,3709.21,3752.04,3667.18,22.95447293,156.4589952243
801180,2020-02-07,3726.07,3711.93,3726.07,3680.3,22.68446996,145.4160877425
801180,2020-02-10,3814.7,3699.38,3817.04,3689.72,22.27264097,159.9795266235
801180,2020-02-11,3846.05,3809.78,3879.8,3807.8,20.27746138,142.9531550992
801180,2020-02-12,3852.85,3833.78,3853.72,3821.25,16.67986414,114.16858902700001
801180,2020-02-13,3905.26,3876.7,3970.45,3876.7,23.26932528,170.9688989358
801180,2020-02-14,4006.01,3909.9,4006.01,3909.9,24.95604457,188.82752188740002
801180,2020-02-17,4037.51,4025.82,4037.51,3983.26,25.68472804,192.8362182975
801180,2020-02-18,3999.71,4019.05,4019.16,3970.33,26.99933297,183.320315588
801180,2020-02-19,4008.72,3992.9,4039.17,3987.45,26.97161852,174.1145702605
801180,2020-02-20,4050.52,4002.01,4050.52,3970.63,29.77456927,203.2200168013
801180,2020-02-21,4015.0,4044.41,4044.41,4001.0,29.23895048,206.7399673468
801180,2020-02-24,3964.05,3997.55,3997.61,3927.77,30.12367505,208.5588765697
801180,2020-02-25,3965.87,3916.47,3983.11,3886.14,34.02443196,232.28072688950002
801180,2020-02-26,4051.89,3915.36,4129.79,3911.46,45.26579738,326.7730643745
801180,2020-02-27,4007.73,4063.76,4064.2,4000.29,29.40001004,203.04819112310003
801180,2020-02-28,3931.95,3935.02,4039.81,3923.34,33.11830811,237.6234985118
801180,2020-03-02,4111.12,3960.79,4129.49,3960.79,33.32420042,260.1535599557
801180,2020-03-03,4114.67,4154.02,4169.31,4073.32,33.54255488,240.4389441986
801180,2020-03-04,4254.31,4119.5,4265.29,4090.8,46.70025203,317.9771600183
801180,2020-03-05,4287.2,4229.59,4302.86,4219.79,48.34115608,319.6779761012
801180,2020-03-06,4178.43,4230.24,4234.81,4166.78,37.05193861,233.1123681327
801180,2020-03-09,4058.77,4104.6,4104.6,4056.14,34.03319622,235.4133162033
801180,2020-03-10,4114.09,4035.14,4116.4,3996.75,30.6900963,204.6775916762
801180,2020-03-11,4082.08,4121.23,4146.84,4082.08,28.17534587,182.9772346734
801180,2020-03-12,4027.86,4035.95,4065.49,3993.1,25.75505952,165.8670937325
801180,2020-03-13,3980.8,3844.23,3997.28,3827.11,29.53562042,192.37235766490002
801180,2020-03-16,3865.56,4002.89,4002.89,3852.12,32.78603094,206.08869254479998
801180,2020-03-17,3817.76,3863.81,3912.47,3738.51,29.28066968,185.4719252546
801180,2020-03-18,3678.42,3808.63,3833.93,3675.88,28.69427609,214.4048583405
801180,2020-03-19,3603.12,3644.6,3668.22,3509.74,27.77822438,203.3900108409
801180,2020-03-20,3688.25,3639.91,3690.98,3608.61,23.09918175,164.50251954799998
801180,2020-03-23,3539.12,3575.56,3599.3,3533.69,21.0835378,139.53126502950002
801180,2020-03-24,3617.28,3600.24,3620.89,3546.7,21.14686926,143.3170346109
801180,2020-03-25,3773.74,3681.55,3784.49,3661.14,29.95667834,206.1616695596
801180,2020-03-26,3733.56,3735.01,3772.2,3720.7,20.98434374,134.0287681465
801180,2020-03-27,3769.52,3782.24,3825.84,3757.97,22.17672277,151.4108579034
801180,2020-03-30,3720.48,3720.95,3749.17,3699.04,18.99142492,136.9776643472
801180,2020-03-31,3686.79,3750.15,3755.0,3671.0,15.66835891,112.9992063183
801180,2020-04-01,3709.99,3706.05,3763.77,3702.23,15.12636849,117.6685346314
801180,2020-04-02,3747.22,3690.23,3747.22,3687.43,14.4603327,98.2163732834
801180,2020-04-03,3743.63,3737.39,3761.12,3723.11,14.17760919,97.02923942139999
801180,2020-04-07,3797.86,3799.61,3803.51,3774.04,19.5155133,132.67620498760002
801180,2020-04-08,3780.17,3779.77,3789.06,3756.82,16.12637931,104.642381545
801180,2020-04-09,3772.0,3797.09,3799.23,3766.31,16.59861173,101.77709287040001
801180,2020-04-10,3754.97,3786.74,3817.03,3743.2,20.54082884,127.3192715748
801180,2020-04-13,3748.64,3739.31,3753.76,3726.49,15.19624126,93.6273301235
801180,2020-04-14,3818.68,3760.81,3822.86,3760.75,17.56106991,120.62715249520001
801180,2020-04-15,3764.87,3811.38,3811.39,3759.06,16.25887979,106.12717329870001
801180,2020-04-16,3777.82,3761.12,3784.63,3749.11,15.64966315,101.3078582239
801180,2020-04-17,3792.28,3798.91,3814.18,3781.34,17.09374102,117.65396877020001
801180,2020-04-20,3787.63,3795.59,3795.59,3740.11,16.6181375,121.4366756024
801180,2020-04-21,3742.3,3770.18,3780.29,3718.24,17.95713153,124.1562661225
801180,2020-04-22,3764.69,3721.03,3764.69,3706.51,15.82856226,104.4069823792
801180,2020-04-23,3759.3,3772.17,3772.75,3743.11,17.18812912,111.38600318569999
801180,2020-04-24,3718.82,3757.29,3757.48,3707.12,16.40848539,105.4798502006
801180,2020-04-27,3748.34,3731.04,3775.07,3729.66,17.72941406,124.60652466239999
801180,2020-04-28,3758.29,3769.12,3776.97,3692.71,21.11314204,148.851683272
801180,2020-04-29,3819.97,3747.95,3819.97,3747.95,20.08089103,140.1812823396
801180,2020-04-30,3842.72,3821.71,3849.58,3818.09,25.57533468,172.60289632349998
801180,2020-05-06,3824.56,3807.56,3827.61,3791.91,25.69268747,184.425587387
801180,2020-05-07,3797.89,3814.37,3818.17,3793.86,24.73401838,162.5224696735
801180,2020-05-08,3835.2,3813.66,3844.65,3796.94,24.91543203,172.05326973830003
801180,2020-05-11,3837.27,3836.19,3847.71,3825.03,22.78543761,156.0901432965
801180,2020-05-12,3797.05,3835.56,3835.63,3784.7,19.32211278,132.8181954363
801180,2020-05-13,3803.28,3785.24,3803.28,3776.28,18.27691914,127.28949373180001
801180,2020-05-14,3756.37,3790.69,3790.84,3752.96,21.23299514,136.30967264059998
801180,2020-05-15,3766.21,3772.32,3782.54,3763.37,22.22807475,140.6629935679
801180,2020-05-18,3792.1,3777.06,3809.12,3777.06,22.31214819,167.0952081669
801180,2020-05-19,3791.15,3824.02,3824.02,3781.35,18.89296433,131.0492475389
801180,2020-05-20,3754.36,3785.76,3785.97,3749.88,20.68710568,148.9443165864
801180,2020-05-21,3741.01,3763.2,3770.7,3734.03,20.18180299,131.176290781
801180,2020-05-22,3669.37,3738.16,3738.33,3669.37,20.05014664,136.9866450146
801180,2020-05-25,3705.25,3676.01,3716.81,3667.78,16.49728374,112.2805118605
801180,2020-05-26,3747.31,3719.28,3747.83,3710.64,16.8908171,116.2208270903
801180,2020-05-27,3755.74,3750.03,3769.76,3739.05,20.11294135,136.9870091548
801180,2020-05-28,3769.94,3760.16,3815.91,3756.81,20.17255174,149.7995124531
801180,2020-05-29,3723.77,3745.25,3745.42,3717.06,19.83985738,136.7450979937
801180,2020-06-01,3820.59,3747.11,3820.59,3747.11,23.22801408,169.2035630283
801180,2020-06-02,3889.89,3823.63,3894.45,3823.6,27.55317294,201.70147216770002
801180,2020-06-03,3872.46,3904.31,3946.94,3871.86,29.05158077,209.2644798593
801180,2020-06-04,3856.75,3892.92,3895.36,3845.01,26.18865179,183.0199669112
801180,2020-06-05,3836.75,3858.69,3858.69,3811.25,25.04908619,172.3578076724
801180,2020-06-08,3869.65,3863.2,3888.97,3856.61,23.26799647,175.90683644540002
801180,2020-06-09,3870.05,3870.89,3879.82,3857.06,20.05758164,168.24739545059998
801180,2020-06-10,3842.63,3872.12,3872.28,3831.63,20.44723645,165.4156899725
801180,2020-06-11,3815.41,3836.05,3855.36,3804.68,22.74408075,187.9127447041
801180,2020-06-12,3808.26,3758.32,3823.68,3755.5,21.09729404,172.3083091184
801180,2020-06-15,3790.48,3787.5,3842.14,3787.48,24.55605105,204.86008784810002
801180,2020-06-16,3843.74,3818.01,3843.78,3816.53,22.20605666,176.6408612165
801180,2020-06-17,3825.19,3841.05,3841.12,3810.83,22.54286552,179.56027473
801180,2020-06-18,3850.9,3826.77,3862.95,3825.68,22.74164731,183.4913376686
801180,2020-06-19,3860.01,3848.97,3864.24,3834.41,22.14334991,180.5868984818
801180,2020-06-22,3835.74,3853.14,3862.13,3833.74,22.627035,176.5059525904
801180,2020-06-23,3818.84,3833.4,3833.43,3809.2,21.07105456,158.2891975445
801180,2020-06-24,3881.92,3829.25,3890.46,3829.25,24.04324947,202.5827801389
801180,2020-06-29,3836.49,3867.25,3867.25,3829.25,22.86116527,186.50933151529998
801180,2020-06-30,3896.61,3852.3,3896.69,3845.06,24.93862143,187.81419656740002
801180,2020-07-01,4094.86,3907.26,4129.69,3859.65,43.03809966,363.0310028985
801180,2020-07-02,4228.89,4117.43,4247.34,4117.43,50.89118838,426.7764755891
801180,2020-07-03,4257.19,4246.16,4290.69,4200.16,54.16540426,438.77232635620004
801180,2020-07-06,4575.4,4327.04,4579.17,4327.04,66.73613902,552.4185734673
801180,2020-07-07,4533.32,4652.14,4690.36,4523.62,68.29136801,573.0169718724
801180,2020-07-08,4562.36,4517.36,4592.17,4462.37,54.97989025,463.1213589346
801180,2020-07-09,4627.17,4568.64,4627.17,4531.61,57.13230203,482.6555726083
801180,2020-07-10,4536.71,4563.82,4608.97,4520.38,55.89058054,492.77950795239997
801180,2020-07-13,4580.48,4527.28,4594.17,4471.17,56.45001036,473.0319277449
801180,2020-07-14,4520.75,4572.25,4604.65,4454.16,52.31159536,445.3097442558
801180,2020-07-15,4385.02,4532.2,4551.37,4385.02,46.41672223,384.0865762468
801180,2020-07-16,4251.86,4390.12,4436.71,4251.86,50.20857129,393.7760608567
801180,2020-07-17,4212.1,4244.13,4265.14,4168.77,38.07875779,295.2629927028
801180,2020-07-20,4367.5,4241.15,4368.86,4234.9,35.52480002,282.3726125838
801180,2020-07-21,4373.33,4387.63,4403.56,4344.26,30.23682642,239.0071157623
801180,2020-07-22,4370.1,4361.66,4430.83,4336.35,35.23938176,286.57740073419995
801180,2020-07-23,4297.79,4319.45,4336.72,4221.9,33.17870312,263.7448156739
801180,2020-07-24,4175.75,4278.5,4338.3,4154.27,36.02175693,283.2822857362
801180,2020-07-27,4110.08,4195.88,4195.88,4087.65,29.28195128,225.5300871841
801180,2020-07-28,4129.56,4130.29,4147.61,4101.08,24.5810258,186.6111797653
801180,2020-07-29,4197.9,4113.4,4198.48,4088.1,25.1370144,201.6885868714
801180,2020-07-30,4179.61,4195.24,4197.76,4157.5,27.12406445,215.515849213
801180,2020-07-31,4190.32,4167.87,4230.66,4138.21,28.56544706,224.76335015880002
801180,2020-08-03,4279.71,4216.96,4279.71,4216.96,34.87867544,278.5445609957
801180,2020-08-04,4326.26,4292.12,4348.83,4255.43,40.35849046,332.7793197431
801180,2020-08-05,4271.89,4305.86,4305.86,4234.25,32.49733396,267.3336919767
801180,2020-08-06,4284.2,4278.2,4305.78,4230.05,30.2142525,243.3087897298
801180,2020-08-07,4240.95,4265.05,4274.02,4205.01,32.87659083,249.3597397295
801180,2020-08-10,4333.62,4238.51,4359.68,4233.48,33.78609299,286.9853394561
801180,2020-08-11,4291.89,4342.97,4377.7,4291.89,32.72790512,282.9786838894
801180,2020-08-12,4332.28,4284.78,4333.48,4246.33,30.18315356,257.90879675860003
801180,2020-08-13,4331.01,4340.45,4347.62,4311.43,24.39002296,196.97384425180002
801180,2020-08-14,4362.76,4308.06,4363.88,4282.2,25.86986531,211.889220969
801180,2020-08-17,4442.35,4370.59,4484.65,4357.23,33.81682786,281.2276422773
801180,2020-08-18,4420.84,4445.07,4445.08,4397.49,30.10009754,246.91054829720002
801180,2020-08-19,4353.98,4414.96,4414.99,4352.85,28.03118936,222.6289737091
801180,2020-08-20,4321.41,4340.31,4350.02,4310.36,23.14092432,173.32901277
801180,2020-08-21,4332.16,4348.74,4356.63,4304.04,20.31831319,156.6217696493
801180,2020-08-24,4317.04,4347.99,4365.54,4313.48,22.41748099,172.591973893
801180,2020-08-25,4302.22,4324.95,4352.38,4293.9,22.91069634,171.21760415219998
801180,2020-08-26,4251.69,4304.41,4316.06,4234.81,26.62690594,193.9828738135
801180,2020-08-27,4227.65,4248.41,4248.49,4195.18,22.56410678,175.32061246580002
801180,2020-08-28,4292.16,4230.24,4294.99,4227.56,24.05167163,187.7236525463
801180,2020-08-31,4258.81,4309.23,4338.82,4254.97,29.25020797,230.1972197946
801180,2020-09-01,4247.97,4255.77,4255.8,4222.85,24.98548565,184.92721528549998
801180,2020-09-02,4251.93,4257.69,4264.36,4209.86,22.37846614,175.045974244
801180,2020-09-03,4232.19,4250.28,4272.92,4225.34,20.10246514,156.4251204664
801180,2020-09-04,4241.9,4187.98,4244.2,4168.09,18.37797627,142.4892798013
801180,2020-09-07,4228.44,4230.57,4323.6,4217.91,25.04678387,213.32916365009999
801180,2020-09-08,4243.6,4244.65,4278.8,4224.41,23.7108151,177.5768898561
801180,2020-09-09,4197.56,4213.17,4247.32,4175.85,29.11833357,190.49259059169998
801180,2020-09-10,4207.5,4245.41,4314.72,4199.06,29.47842437,220.91306785790002
801180,2020-09-11,4192.16,4194.24,4203.03,4171.68,22.18474769,165.181989675
801180,2020-09-14,4176.17,4202.25,4210.82,4156.43,19.68531439,148.5863651645
801180,2020-09-15,4201.05,4175.03,4209.05,4156.06,20.84151123,162.9910175473
801180,2020-09-16,4237.39,4198.33,4256.1,4178.62,21.87169807,168.8369662
801180,2020-09-17,4215.85,4228.16,4240.65,4197.62,18.75919708,141.80329002
801180,2020-09-18,4348.72,4216.29,4348.72,4210.26,29.49787072,248.45356227
801180,2020-09-21,4316.98,4355.98,4355.98,4312.12,21.86753216,173.90882399
801180,2020-09-22,4265.07,4285.56,4323.74,4253.19,18.67355381,147.88492536
801180,2020-09-23,4240.7,4279.9,4280.5,4232.27,16.37117481,124.275753
801180,2020-09-24,4154.77,4227.6,4227.72,4150.85,18.5399502,137.64989623
801180,2020-09-25,4072.36,4156.13,4166.68,4062.39,18.4680534,143.88250175
801180,2020-09-28,4100.69,4089.34,4127.64,4087.86,15.24902254,119.89400703
801180,2020-09-29,4091.78,4111.03,4117.43,4091.78,13.52041739,102.09299666
801180,2020-09-30,4061.43,4117.37,4117.37,4032.18,13.02300199,103.16733131
801180,2020-10-09,4103.05,4093.49,4107.31,4081.46,15.77704278,127.94483258
801180,2020-10-12,4193.93,4130.44,4199.22,4129.11,21.85868141,179.05135106
801180,2020-10-13,4161.62,4185.68,4185.68,4141.86,15.13118282,126.58999688
801180,2020-10-14,4104.48,4150.43,4150.61,4095.95,15.62617832,126.0246793
801180,2020-10-15,4087.84,4096.34,4111.71,4081.21,13.64653649,107.27535872
801180,2020-10-16,4098.28,4086.96,4107.76,4081.59,13.83456118,108.88459195
801180,2020-10-19,4086.89,4114.09,4181.35,4077.64,16.5706471,149.90415012
801180,2020-10-20,4068.86,4076.44,4076.57,4036.32,13.03098058,109.40880498
801180,2020-10-21,4056.28,4070.67,4070.77,4027.19,12.33456796,95.9666214
801180,2020-10-22,4062.2,4047.93,4069.92,4042.36,12.9300369,106.93239221
801180,2020-10-23,4052.39,4057.03,4075.12,4050.85,12.60722245,107.4961059
801180,2020-10-26,4022.19,4053.36,4053.36,4005.8,12.33637454,103.85399248
801180,2020-10-27,3977.1,4011.51,4014.76,3966.99,12.46383791,103.24116846
801180,2020-10-28,3939.9,3975.72,3975.84,3919.09,11.78210806,99.62112466
801180,2020-10-29,3943.84,3909.57,3950.52,3893.69,12.80494653,96.76078174
801180,2020-10-30,3882.75,3942.39,3990.67,3877.62,17.52627936,142.04468095
801180,2020-11-02,3886.41,3887.77,3909.69,3878.6,16.52959282,131.56218121
801180,2020-11-03,3933.92,3894.18,3936.32,3875.27,14.34491933,113.41382217
801180,2020-11-04,3926.34,3931.02,3936.27,3905.63,12.11217019,94.77595239
801180,2020-11-05,4023.41,3951.8,4031.98,3950.73,16.64567424,152.04871004
801180,2020-11-06,4032.03,4030.86,4044.64,4011.28,14.28261492,127.82205697
801180,2020-11-09,4062.66,4052.95,4074.24,4045.95,20.37280744,170.02370667
801180,2020-11-10,4041.49,4077.27,4101.11,4029.34,16.88318139,139.13818795
801180,2020-11-11,4075.5,4039.72,4101.78,4035.75,17.67390251,153.06206806
801180,2020-11-12,4053.92,4073.28,4073.28,4034.21,15.70871511,123.55987739
801180,2020-11-13,3985.09,4038.18,4038.36,3967.48,15.18351188,121.60285852
801180,2020-11-16,4020.01,3998.02,4020.01,3988.28,14.89359279,113.43584714
801180,2020-11-17,4097.26,4021.74,4115.05,4019.95,23.02995377,189.85474523
801180,2020-11-18,4136.74,4097.8,4164.23,4066.39,22.75630939,191.87362637
801180,2020-11-19,4137.61,4130.05,4150.06,4115.52,17.42221749,138.352393
801180,2020-11-20,4124.1,4136.76,4136.85,4089.78,14.57382681,106.10445517
801180,2020-11-23,4141.61,4121.2,4165.15,4103.48,18.33944439,137.32755131
801180,2020-11-24,4117.37,4137.01,4155.29,4106.28,15.62349731,115.10644957
801180,2020-11-25,4094.68,4134.21,4157.62,4094.68,19.27369821,134.85844716
801180,2020-11-26,4086.26,4092.41,4092.96,4043.3,14.86187231,106.72283404
801180,2020-11-27,4159.2,4101.05,4169.16,4101.05,17.33681119,138.36468387
801180,2020-11-30,4120.78,4169.37,4243.36,4120.78,24.41222436,208.36166417
801180,2020-12-01,4142.51,4117.57,4145.9,4059.42,23.69323765,169.13628824
801180,2020-12-02,4174.02,4150.99,4229.49,4135.47,24.42109011,182.0746121
801180,2020-12-03,4149.3,4182.19,4182.22,4128.43,17.32905206,122.41171232
801180,2020-12-04,4094.11,4150.78,4150.8,4084.14,14.64546372,116.78565765
801180,2020-12-07,4032.95,4096.55,4096.6,4029.39,15.29106028,116.10633227
801180,2020-12-08,4012.81,4036.13,4044.23,4009.53,12.534696,92.06974625
801180,2020-12-09,3951.31,4021.25,4021.25,3951.31,15.0441962,108.13157818
801180,2020-12-10,3942.62,3951.78,3957.48,3931.98,13.14909133,96.55057535
801180,2020-12-11,3899.51,3950.37,3950.37,3874.9,18.79906734,123.70790771
801180,2020-12-14,3944.25,3914.68,3944.78,3906.23,16.6721863,116.28269105
801180,2020-12-15,3904.76,3935.68,3935.75,3889.48,14.40261379,96.9211018
801180,2020-12-16,3890.43,3908.9,3912.09,3872.28,12.58338878,86.29913935
801180,2020-12-17,3914.94,3886.52,3918.22,3856.07,14.66454715,98.45747412
801180,2020-12-18,3886.36,3912.74,3923.33,3880.71,12.82994754,96.73856325
801180,2020-12-21,3870.05,3875.39,3891.0,3842.17,13.81834681,105.31682615
801180,2020-12-22,3830.73,3857.94,3885.93,3824.76,16.01806297,118.45472318
801180,2020-12-23,3812.7,3830.74,3831.63,3793.93,15.88875089,124.23140358
801180,2020-12-24,3770.08,3812.31,3823.34,3759.04,15.65865914,107.05915518
801180,2020-12-25,3781.34,3769.07,3792.43,3747.67,12.82818235,86.43032227
801180,2020-12-28,3765.58,3777.8,3788.62,3745.63,14.42288762,110.65966047
801180,2020-12-29,3795.97,3774.27,3816.4,3774.25,13.5933999,102.95640776
801180,2020-12-30,3782.95,3791.06,3796.88,3772.9,13.6474033,102.21234576
801180,2020-12-31,3826.41,3777.18,3826.41,3772.8,17.9480141,126.33513597
801180,2021-01-04,3735.92,3800.7,3800.73,3719.36,24.29334053,190.62127366
801180,2021-01-05,3730.67,3723.18,3730.7,3661.33,21.41687371,167.31939013
801180,2021-01-06,3749.03,3720.7,3750.87,3720.7,17.74611185,142.15998786
801180,2021-01-07,3699.98,3761.31,3788.16,3672.4,21.98621725,164.82855647
801180,2021-01-08,3745.03,3696.89,3752.52,3680.95,20.33339608,150.82325145
801180,2021-01-11,3730.21,3747.01,3786.14,3725.25,21.14135583,170.33661709
801180,2021-01-12,3732.53,3725.88,3732.53,3700.41,18.86916807,143.82843974
801180,2021-01-13,3746.08,3741.3,3767.29,3714.87,21.57665325,163.71313302
801180,2021-01-14,3777.44,3740.55,3818.35,3740.55,20.50462099,159.38139131
801180,2021-01-15,3793.42,3776.55,3841.51,3776.55,21.61166537,167.01509064
801180,2021-01-18,3867.81,3801.36,3867.81,3787.66,25.74768334,195.51043626
801180,2021-01-19,3939.48,3851.59,4006.63,3825.97,36.44018595,275.93298325
801180,2021-01-20,3874.49,3915.78,3915.78,3861.34,26.19824018,180.81936422
801180,2021-01-21,3840.05,3861.3,3872.42,3837.31,29.30341096,185.74815213
801180,2021-01-22,3747.69,3823.8,3823.82,3742.74,27.85130176,181.58971255
801180,2021-01-25,3712.66,3736.07,3736.07,3688.01,25.9201442,176.13675051
801180,2021-01-26,3716.54,3701.95,3752.86,3701.37,19.86035422,137.63223125
801180,2021-01-27,3689.97,3714.55,3734.65,3686.88,20.82861182,145.2095602
801180,2021-01-28,3625.63,3657.94,3658.01,3619.88,19.13326028,137.03924389
801180,2021-01-29,3565.13,3634.18,3634.18,3548.69,20.12490137,147.62589203
801180,2021-02-01,3584.94,3562.53,3588.24,3537.55,20.35927633,137.2518151
801180,2021-02-02,3604.04,3593.37,3620.68,3579.24,18.94480265,131.38638958
801180,2021-02-03,3564.23,3603.2,3603.39,3551.29,18.54627442,123.19446721
801180,2021-02-04,3524.01,3556.29,3559.59,3507.54,21.7145968,132.42019531
801180,2021-02-05,3592.35,3528.63,3627.33,3528.63,23.52340541,156.07924127
801180,2021-02-08,3601.87,3603.06,3640.22,3583.79,18.74248054,127.08523645
801180,2021-02-09,3596.01,3597.3,3600.57,3563.75,16.5659562,112.15587589
801180,2021-02-10,3594.31,3588.09,3618.36,3578.51,15.78668711,108.9001343
801180,2021-02-18,3714.65,3622.12,3716.2,3622.03,23.96037487,167.91573415
801180,2021-02-19,3766.07,3692.39,3766.07,3688.27,24.72163392,163.63779572
801180,2021-02-22,3786.46,3760.08,3838.83,3760.08,29.50347771,196.08954073
801180,2021-02-23,3763.02,3769.29,3790.19,3745.54,22.21558092,156.22922127
801180,2021-02-24,3778.88,3761.53,3827.41,3749.55,23.77856615,174.02184285
801180,2021-02-25,4010.56,3812.32,4053.11,3812.3,49.47637429,408.00536095
801180,2021-02-26,3933.24,3945.57,4007.03,3900.12,38.01586662,320.47280433
801180,2021-03-01,3971.08,3941.42,3994.82,3894.97,26.46401389,207.90880002
801180,2021-03-02,3942.3,3964.51,4052.6,3938.26,24.98963303,193.52967015
801180,2021-03-03,3973.96,3921.26,3985.32,3906.81,21.67496927,165.0649876
801180,2021-03-04,3921.47,3962.83,4010.27,3908.28,24.30781797,183.5121026
801180,2021-03-05,3860.87,3889.39,3923.18,3819.96,23.2197714,176.52923779
801180,2021-03-08,3819.19,3884.2,3909.82,3819.19,27.89151842,170.85536761
801180,2021-03-09,3770.98,3821.84,3842.01,3738.65,26.02108206,170.74965601
801180,2021-03-10,3728.39,3784.93,3784.93,3720.76,19.73360759,132.1624093
801180,2021-03-11,3779.91,3734.66,3793.03,3734.35,17.92754555,123.73714006
801180,2021-03-12,3831.77,3781.65,3881.39,3749.08,22.52497087,157.49963843
801180,2021-03-15,3825.48,3825.32,3854.74,3806.88,20.37680327,133.82305039
801180,2021-03-16,3939.98,3832.04,3952.94,3817.73,25.3197137,185.85951174
801180,2021-03-17,3930.14,3922.76,3967.37,3915.96,22.99202441,153.97137188
801180,2021-03-18,3931.35,3929.37,3959.88,3920.88,21.33950916,144.76218921
801180,2021-03-19,3838.94,3907.24,3907.38,3820.01,22.06783896,166.40763644
801180,2021-03-22,3882.21,3821.36,3882.99,3821.36,19.65593389,136.5431427
801180,2021-03-23,3849.31,3882.78,3882.79,3833.02,18.7739912,122.75460134
801180,2021-03-24,3788.88,3835.27,3835.35,3776.47,21.95700625,144.99798679
801180,2021-03-25,3771.58,3788.23,3796.7,3762.6,17.55069298,108.89506101
801180,2021-03-26,3794.99,3779.95,3804.8,3779.89,15.77381646,106.72636924
801180,2021-03-29,3812.56,3788.02,3826.32,3765.44,17.34259763,125.31338398
801180,2021-03-30,3814.36,3807.91,3837.62,3789.13,16.94622568,118.72920882
801180,2021-03-31,3779.47,3798.71,3798.75,3762.71,17.33950428,139.22876072
801180,2021-04-01,3780.37,3784.07,3788.36,3760.78,15.21519602,106.98294676
801180,2021-04-02,3807.27,3790.63,3807.27,3777.25,16.66568563,105.78655522
801180,2021-04-06,3791.74,3812.92,3812.92,3785.95,15.37820496,103.41665923
801180,2021-04-07,3832.16,3795.84,3832.16,3783.84,20.45212003,125.98775566
801180,2021-04-08,3778.46,3815.68,3815.68,3778.21,21.28173898,143.66657527
801180,2021-04-09,3775.94,3780.85,3780.92,3760.87,17.9934219,121.83872013
801180,2021-04-12,3777.22,3781.55,3794.23,3768.6,22.81094594,142.44582454
801180,2021-04-13,3741.84,3776.49,3778.63,3730.54,23.35785773,133.59021351
801180,2021-04-14,3774.48,3741.44,3776.25,3738.44,19.30599835,120.50729007
801180,2021-04-15,3765.92,3766.96,3779.79,3743.0,22.57955125,124.30057525
801180,2021-04-16,3825.49,3777.18,3825.68,3771.79,25.09653033,137.64546657
801180,2021-04-19,3822.63,3818.7,3827.16,3802.17,26.7415444,154.76097691
801180,2021-04-20,3795.48,3806.43,3818.87,3793.78,23.52424355,150.60047367
801180,2021-04-21,3801.77,3782.97,3803.19,3765.88,21.61288851,142.79229969
801180,2021-04-22,3811.68,3812.83,3832.94,3803.01,21.09053208,137.87522199
801180,2021-04-23,3751.44,3793.95,3794.01,3739.31,20.92887365,156.12267069
801180,2021-04-26,3723.66,3746.28,3763.51,3721.42,18.67924389,145.68029414
801180,2021-04-27,3728.06,3720.63,3731.03,3704.56,18.17347128,128.28245018
801180,2021-04-28,3732.47,3728.88,3736.89,3717.64,19.73278318,138.5732755
801180,2021-04-29,3757.01,3738.16,3758.19,3723.25,20.15257325,145.9983569
801180,2021-04-30,3721.14,3748.72,3755.99,3699.59,26.12333884,190.4679846
801180,2021-05-06,3705.61,3708.37,3731.53,3694.54,22.7711804,179.2217104
801180,2021-05-07,3689.63,3700.25,3710.4,3685.03,21.09939451,151.70788737
801180,2021-05-10,3651.24,3684.53,3684.53,3632.09,21.58279108,154.77090626
801180,2021-05-11,3695.03,3637.92,3704.12,3627.93,27.64442265,178.25628848
801180,2021-05-12,3675.58,3677.32,3682.93,3661.38,22.76353501,161.15469124
801180,2021-05-13,3689.39,3661.15,3692.82,3661.15,24.39283181,174.43993755
801180,2021-05-14,3731.14,3694.69,3731.45,3694.69,29.48023136,209.52326498
801180,2021-05-17,3719.77,3720.04,3739.76,3711.39,25.5884442,192.7217542
801180,2021-05-18,3755.88,3717.88,3756.64,3715.73,20.33866418,154.88802577
801180,2021-05-19,3720.82,3753.01,3753.03,3716.3,21.17825832,174.36561567
801180,2021-05-20,3709.48,3711.62,3716.44,3698.52,21.86886727,168.25296452
801180,2021-05-21,3690.59,3709.78,3716.36,3687.41,20.07915362,152.26113948
801180,2021-05-24,3698.16,3681.87,3706.06,3678.92,22.32531067,169.89915972
801180,2021-05-25,3744.68,3700.14,3748.22,3693.06,22.87248349,183.26670368
801180,2021-05-26,3788.63,3747.11,3820.57,3746.94,28.25152677,221.31717608
801180,2021-05-27,3810.2,3785.49,3815.2,3774.13,25.55582491,192.45127479
801180,2021-05-28,3796.43,3811.62,3834.24,3785.72,27.92680985,216.0309755
801180,2021-05-31,3787.06,3798.84,3799.65,3769.96,25.08278767,205.45161842
801180,2021-06-01,3774.45,3791.84,3791.86,3754.94,25.23102765,196.30499537
801180,2021-06-02,3770.75,3763.98,3798.79,3755.59,25.97466774,200.81714146
801180,2021-06-03,3781.27,3772.49,3813.38,3768.28,26.70572556,201.07256808
801180,2021-06-04,3744.09,3770.89,3782.56,3735.57,25.12053651,209.49850365
801180,2021-06-07,3688.77,3725.43,3725.48,3681.7,23.0418756,187.00767912
801180,2021-06-08,3705.41,3700.51,3722.15,3695.91,21.39749555,173.69350456
801180,2021-06-09,3683.63,3699.66,3699.66,3679.08,19.9250395,156.3869185
801180,2021-06-10,3657.68,3677.57,3685.47,3656.89,19.34463322,150.83308488
801180,2021-06-11,3633.04,3656.62,3656.62,3628.43,22.39171915,170.53607066
801180,2021-06-15,3562.12,3627.58,3627.59,3559.94,21.52689556,155.15193969
801180,2021-06-16,3568.93,3558.07,3603.09,3557.83,16.49032172,124.96845978
801180,2021-06-17,3576.17,3566.76,3588.28,3558.41,17.49062118,132.26806911
801180,2021-06-18,3558.75,3570.62,3570.79,3541.11,19.59952252,152.51901746
801180,2021-06-21,3543.75,3546.79,3550.7,3530.72,17.97175788,146.3413873
801180,2021-06-22,3539.18,3547.05,3560.36,3526.85,16.8502414,131.36403806
801180,2021-06-23,3555.17,3541.36,3556.5,3532.36,17.91481026,148.15257636
801180,2021-06-24,3536.48,3552.73,3563.68,3533.31,16.43309253,131.47531582
801180,2021-06-25,3555.21,3542.16,3557.53,3534.91,15.53456454,111.30530282
801180,2021-06-28,3507.37,3559.63,3559.63,3505.36,16.8326029,121.74882263
801180,2021-06-29,3485.56,3507.44,3516.8,3483.22,18.6782524,143.4302298
801180,2021-06-30,3481.81,3489.04,3495.78,3475.67,16.15425503,121.22433581
801180,2021-07-01,3557.19,3486.66,3584.42,3479.94,21.1301346,180.57754778
801180,2021-07-02,3490.06,3540.6,3540.6,3487.97,17.36659091,137.6465407
801180,2021-07-05,3467.65,3486.94,3486.94,3449.14,15.56426275,124.30844747
801180,2021-07-06,3524.44,3470.62,3537.82,3469.31,20.03221938,157.6494435
801180,2021-07-07,3495.72,3504.09,3516.98,3485.23,16.33773196,122.51172289
801180,2021-07-08,3477.14,3504.22,3504.23,3462.99,18.61323595,140.8966266
801180,2021-07-09,3471.66,3450.45,3478.23,3450.36,16.02483823,115.49021571
801180,2021-07-12,3445.99,3494.28,3494.28,3444.4,18.9336546,143.96301043
801180,2021-07-13,3458.32,3442.98,3471.94,3433.16,17.17442357,135.06130151
801180,2021-07-14,3404.95,3454.6,3454.62,3404.95,17.06962838,137.83896115
801180,2021-07-15,3413.81,3401.82,3419.26,3386.88,17.81029085,134.95265847
801180,2021-07-16,3414.3,3410.71,3428.67,3410.71,17.56591521,154.58725362
801180,2021-07-19,3365.87,3401.44,3401.44,3346.79,17.11238818,130.64920501
801180,2021-07-20,3344.09,3341.79,3347.48,3326.43,16.91097417,116.07330116
801180,2021-07-21,3326.97,3344.75,3358.71,3320.11,16.04844723,120.82963041
801180,2021-07-22,3357.53,3331.52,3361.22,3325.4,19.67469635,148.31327102
801180,2021-07-23,3335.64,3352.44,3354.6,3322.0,22.04000603,158.83216296
801180,2021-07-26,3194.71,3307.99,3308.0,3177.49,25.27281221,198.99614723
801180,2021-07-27,3080.25,3187.91,3187.91,3080.25,25.40452888,199.02030926
801180,2021-07-28,3056.11,3065.17,3082.6,3030.24,20.97016206,148.35146541
801180,2021-07-29,3070.11,3081.71,3085.4,3045.03,17.05196442,123.60620502
801180,2021-07-30,3070.16,3054.28,3075.21,3023.46,17.2552241,120.35022215
801180,2021-08-02,3105.06,3058.5,3118.87,3019.75,21.09795463,150.4510261
801180,2021-08-03,3099.86,3095.64,3119.51,3095.39,18.47521052,129.90908792
801180,2021-08-04,3082.05,3098.17,3098.17,3075.76,14.76811701,106.13259935
801180,2021-08-05,3121.2,3094.35,3177.06,3094.34,23.51531634,160.47302762
801180,2021-08-09,3222.84,3112.33,3254.68,3110.3,24.32838718,175.17857785
801180,2021-08-10,3221.36,3219.75,3227.08,3179.62,20.5507018,146.01391717
801180,2021-08-11,3328.37,3263.16,3382.66,3263.16,30.27665493,232.01846603
801180,2021-08-12,3291.66,3316.61,3333.44,3291.66,19.31023237,139.56419462
801180,2021-08-13,3281.54,3287.94,3310.73,3261.22,17.64952646,133.31944865
801180,2021-08-16,3301.51,3270.58,3335.05,3263.77,21.50165538,162.27475852
801180,2021-08-17,3294.11,3288.74,3357.5,3279.72,23.86099782,176.35091729
801180,2021-08-18,3333.65,3290.36,3341.59,3263.19,19.08347339,145.79782189
801180,2021-08-19,3285.0,3317.65,3321.97,3277.0,17.53239069,135.06784202
801180,2021-08-20,3285.7,3288.88,3298.16,3252.27,18.75263691,151.23279759
801180,2021-08-23,3284.87,3286.44,3302.22,3283.34,17.93103653,136.13810653
801180,2021-08-24,3300.84,3284.69,3317.27,3284.66,20.40939962,158.32891936
801180,2021-08-25,3260.84,3285.97,3286.0,3248.94,21.79688362,169.6505873
801180,2021-08-26,3232.51,3249.74,3272.31,3230.44,23.45135833,172.6206213
801180,2021-08-27,3218.71,3227.71,3228.29,3198.54,22.15852581,148.78248003
801180,2021-08-30,3157.09,3191.45,3191.45,3150.59,26.43029177,196.21483431
801180,2021-08-31,3224.52,3152.21,3226.63,3150.71,27.00794917,188.17759652
801180,2021-09-01,3323.91,3219.29,3338.31,3215.04,32.42967123,234.43390513
801180,2021-09-02,3374.65,3330.92,3392.89,3318.18,27.3848003,204.34735979
801180,2021-09-03,3382.17,3392.22,3413.2,3354.23,32.52768492,218.77934552
801180,2021-09-06,3357.79,3368.88,3387.01,3347.59,31.48033447,204.87265862
801180,2021-09-07,3371.7,3364.77,3378.05,3335.54,28.97645742,184.13776873
801180,2021-09-08,3371.58,3372.0,3393.94,3370.51,28.02333262,171.04620046
801180,2021-09-09,3379.32,3371.69,3388.44,3352.49,24.86477001,155.5309824
801180,2021-09-10,3397.29,3386.97,3430.21,3375.29,29.45398362,189.45053079
801180,2021-09-13,3472.8,3392.43,3472.9,3375.65,30.37111775,218.08094126
801180,2021-09-14,3372.99,3469.13,3484.89,3370.42,29.47069422,214.68970989
801180,2021-09-15,3331.78,3358.43,3367.14,3315.68,24.89864065,191.10626794
801180,2021-09-16,3251.3,3332.26,3336.71,3249.8,32.06553793,208.69371366
801180,2021-09-17,3266.77,3247.06,3283.41,3235.25,26.70588439,181.26569397
801180,2021-09-22,3344.32,3211.63,3347.39,3211.63,27.16764345,213.05529842
801180,2021-09-23,3409.65,3354.59,3456.24,3354.57,31.69270469,229.93294715
801180,2021-09-24,3378.77,3407.87,3437.68,3374.63,25.07893622,176.57463321
801180,2021-09-27,3272.55,3371.03,3373.15,3268.14,26.59491916,180.39874377
801180,2021-09-28,3382.58,3321.85,3404.59,3321.77,25.50192707,202.70943199
801180,2021-09-29,3356.8,3389.81,3403.2,3355.63,24.28198486,173.0276556
801180,2021-09-30,3394.35,3386.34,3430.18,3373.7,22.57437556,165.79214067
801180,2021-10-11,3419.39,3388.22,3456.72,3388.21,21.19380954,157.85528026
801180,2021-10-12,3434.99,3412.02,3491.99,3404.65,25.38448848,197.21645371
801180,2021-10-13,3419.49,3432.71,3445.36,3383.13,20.21036725,152.46932841
801180,2021-10-14,3351.28,3407.8,3410.72,3348.38,19.98416719,148.00246554
801180,2021-10-15,3337.18,3347.78,3362.31,3327.4,22.80239502,149.29629319
801180,2021-10-18,3296.46,3327.48,3327.48,3254.2,20.90707968,154.44917576
801180,2021-10-19,3275.53,3295.56,3300.48,3258.46,17.04339633,123.81835115
801180,2021-10-20,3252.22,3277.53,3281.54,3244.03,18.342449,140.80744535
801180,2021-10-21,3313.05,3263.66,3321.86,3255.76,21.45029734,166.45072144
801180,2021-10-25,3296.09,3296.88,3358.59,3278.69,26.0202074,191.18414473
801180,2021-10-26,3227.77,3294.53,3304.79,3227.77,20.60117355,164.8175594
801180,2021-10-27,3186.88,3222.55,3222.57,3176.68,19.15350577,139.88116035
801180,2021-10-28,3125.97,3183.53,3184.0,3118.44,19.0865137,138.65119677
801180,2021-10-29,3092.67,3111.6,3111.6,3063.8,21.12427672,167.06114919
801180,2021-11-01,3067.65,3081.23,3099.09,3059.03,20.92050782,143.40143838
801180,2021-11-02,3001.34,3067.81,3082.53,2981.32,21.77576674,149.25548274
801180,2021-11-03,3048.16,3003.43,3052.99,2995.91,17.28845178,120.65910587
801180,2021-11-04,3037.03,3043.49,3043.49,3008.92,15.62210536,102.79768312
801180,2021-11-05,2993.14,3029.86,3029.94,2991.31,18.64945707,124.55834401
801180,2021-11-08,3027.93,3010.58,3028.63,3010.58,17.39928239,123.30473185
801180,2021-11-09,3028.35,3024.12,3033.88,3012.59,14.92188746,98.26092906
801180,2021-11-10,3112.9,3037.41,3116.55,2999.63,21.92277994,156.27882827
801180,2021-11-11,3295.11,3117.43,3297.51,3117.43,37.34703226,283.77444852
801180,2021-11-12,3246.48,3283.17,3283.17,3209.35,31.72454693,231.87146823
801180,2021-11-15,3217.55,3242.49,3242.52,3189.52,22.48824614,152.35597215
801180,2021-11-16,3189.95,3209.9,3229.2,3189.43,19.65027747,126.44645893
801180,2021-11-17,3203.57,3196.5,3206.3,3174.75,16.55323265,113.37274844
801180,2021-11-18,3159.56,3200.45,3200.45,3155.74,17.59381374,125.55656517
801180,2021-11-19,3260.83,3152.05,3276.22,3150.75,23.07645386,176.12569543
801180,2021-11-22,3201.01,3255.93,3255.94,3192.64,21.7119025,169.22691356
801180,2021-11-23,3223.6,3199.41,3247.11,3193.33,18.73384375,138.15789504
801180,2021-11-24,3245.44,3217.61,3270.28,3217.2,21.4185339,151.99118588
801180,2021-11-25,3235.92,3240.83,3259.8,3234.22,18.30980458,130.39204175
801180,2021-11-26,3213.24,3227.49,3227.57,3203.89,16.90726109,124.75713111
801180,2021-11-29,3168.4,3176.28,3186.74,3160.87,18.0980699,126.87528683
801180,2021-11-30,3159.96,3166.38,3192.87,3148.93,17.90333304,123.58913796
801180,2021-12-01,3200.53,3154.64,3212.06,3154.64,18.98452652,133.44741347
801180,2021-12-02,3226.95,3192.35,3236.03,3176.84,19.99220439,138.85039332
801180,2021-12-03,3258.21,3228.7,3266.35,3206.32,19.9364717,139.35005925
801180,2021-12-06,3262.63,3302.86,3336.5,3262.63,24.14048167,174.79838934
801180,2021-12-07,3300.2,3328.84,3347.05,3287.76,34.44575417,229.15104212
801180,2021-12-08,3293.72,3302.72,3302.72,3250.37,25.73608386,175.70828361
801180,2021-12-09,3353.24,3291.72,3366.97,3291.72,30.89524228,205.10804156
801180,2021-12-10,3332.75,3333.68,3352.45,3318.45,31.5961945,200.87852789
801180,2021-12-13,3306.4,3328.67,3344.91,3303.86,26.7605948,175.21833836
801180,2021-12-14,3267.78,3299.06,3299.08,3262.73,23.57090279,164.95188257
801180,2021-12-15,3293.1,3264.1,3313.73,3261.98,28.71498328,167.26437153
801180,2021-12-16,3311.15,3286.21,3319.07,3275.3,25.97491068,149.55161352
801180,2021-12-17,3309.06,3308.63,3349.16,3300.66,33.30896299,163.39776064
801180,2021-12-20,3333.62,3308.69,3380.7,3308.69,42.26146289,216.86510296
801180,2021-12-21,3500.36,3341.75,3503.22,3341.75,68.25290162,351.42059069
801180,2021-12-22,3440.47,3517.37,3523.56,3436.11,76.92461579,357.82645529
801180,2021-12-23,3394.23,3419.59,3442.2,3376.17,46.70581555,230.30868346
801180,2021-12-24,3349.85,3378.09,3378.09,3328.23,36.58929619,182.96434236
801180,2021-12-27,3350.79,3357.16,3396.48,3346.55,30.73211461,179.5699423
801180,2021-12-28,3334.47,3332.04,3339.69,3302.64,29.52302755,171.45700306
801180,2021-12-29,3317.83,3333.32,3335.54,3309.35,23.35400651,137.95703554
801180,2021-12-30,3316.75,3314.47,3331.41,3314.47,24.23539287,146.71232024
801180,2021-12-31,3371.59,3315.88,3391.45,3315.87,25.03646013,166.77862057
801180,2022-01-04,3423.07,3355.4,3427.03,3338.43,32.80341676,207.60057235
801180,2022-01-05,3450.43,3419.56,3498.38,3417.93,37.05079142,248.11710608
801180,2022-01-06,3438.11,3440.44,3494.59,3430.02,35.3267451,212.37451857
801180,2022-01-07,3522.02,3461.34,3563.8,3461.34,54.53211243,316.92840165
801180,2022-01-10,3566.28,3502.57,3574.51,3498.88,50.24137387,289.62778499
801180,2022-01-11,3568.27,3559.7,3648.58,3549.54,49.59754916,300.76250077
801180,2022-01-12,3544.77,3554.95,3554.95,3490.43,38.0935294,223.13057344
801180,2022-01-13,3490.26,3536.42,3590.82,3489.93,45.54084309,237.33463062
801180,2022-01-14,3398.64,3485.87,3485.87,3396.92,41.57356329,229.40139738
801180,2022-01-17,3433.45,3398.5,3452.7,3398.48,31.19147797,184.16912298
801180,2022-01-18,3500.33,3436.39,3536.49,3429.95,36.08673521,215.43176614
801180,2022-01-19,3517.63,3510.26,3553.89,3498.9,33.98824164,209.06426886
801180,2022-01-20,3501.33,3545.77,3585.29,3498.37,43.81073763,275.24541613
801180,2022-01-21,3473.93,3487.57,3500.05,3448.63,34.41392571,193.64244215
801180,2022-01-24,3503.41,3466.8,3535.21,3427.17,30.07794028,180.28032947
801180,2022-01-25,3380.68,3487.88,3494.6,3380.32,32.09640386,185.09324149
801180,2022-01-26,3385.27,3399.18,3411.18,3356.29,26.77929197,143.91491749
801180,2022-01-27,3327.09,3370.55,3389.46,3325.79,26.55357702,151.21532889
801180,2022-01-28,3328.14,3346.09,3369.14,3318.27,25.67838693,147.24241122
801180,2022-02-07,3383.42,3320.15,3388.88,3299.36,30.95145284,172.72998253
801180,2022-02-08,3416.03,3367.64,3417.56,3361.73,34.97596731,180.44875582
801180,2022-02-09,3411.59,3419.85,3485.79,3406.33,36.1798843,211.99593472
801180,2022-02-10,3456.99,3400.15,3481.32,3360.6,31.90790983,195.3851411
801180,2022-02-11,3461.25,3477.73,3528.38,3459.34,42.7402613,238.14129612
801180,2022-02-14,3363.69,3428.06,3428.2,3356.97,39.48464031,211.29892986
801180,2022-02-15,3328.73,3362.58,3362.6,3309.99,30.16841872,162.35268326
801180,2022-02-16,3369.74,3334.82,3389.84,3327.97,26.48893448,145.32694848
801180,2022-02-17,3325.95,3368.34,3368.37,3313.55,28.00428596,157.87709437
801180,2022-02-18,3436.03,3318.83,3437.88,3318.76,36.79028889,209.10251275
801180,2022-02-21,3469.84,3432.16,3479.32,3401.36,36.45208661,191.11969439
801180,2022-02-22,3451.09,3452.56,3498.77,3432.21,35.42748076,199.36361222
801180,2022-02-23,3413.46,3447.24,3447.38,3397.86,31.56518051,185.3252344
801180,2022-02-24,3337.22,3401.17,3422.7,3307.62,39.83268866,222.05992447
801180,2022-02-25,3325.51,3347.53,3383.04,3316.84,26.93854335,164.00107379
801180,2022-02-28,3302.2,3318.22,3321.12,3269.56,25.83493123,154.15690761
801180,2022-03-01,3338.6,3296.98,3340.62,3296.98,24.21352889,152.87161848
801180,2022-03-02,3357.79,3343.44,3392.69,3334.22,27.09357596,167.21280534
801180,2022-03-04,3366.46,3393.39,3393.43,3338.78,29.62903187,192.49258316
801180,2022-03-07,3362.07,3359.76,3409.98,3352.53,33.54203876,204.92096695
801180,2022-03-08,3252.92,3353.75,3353.79,3251.91,32.59829377,196.311268
801180,2022-03-09,3154.93,3266.33,3267.49,3051.28,37.67196852,238.1815477
801180,2022-03-10,3178.25,3201.67,3220.71,3160.11,27.31109466,160.29006741
801180,2022-03-11,3182.14,3136.37,3185.93,3094.67,27.96415889,171.69257934
801180,2022-03-14,3118.63,3146.14,3224.82,3118.63,29.46237099,179.82048792
801180,2022-03-15,2892.44,3093.55,3093.63,2890.57,39.57180572,232.6006294
801180,2022-03-16,2979.76,2917.08,3000.73,2833.6,38.41541815,230.93380283
801180,2022-03-17,3103.19,3086.19,3143.0,3079.81,46.68599629,265.45944249
801180,2022-03-18,3245.3,3071.66,3246.53,3071.66,54.18663834,284.52091481
801180,2022-03-21,3240.44,3230.38,3260.6,3190.64,57.18441693,280.63740539
801180,2022-03-22,3353.97,3215.1,3381.95,3215.1,83.3871514,432.56620349
801180,2022-03-24,3361.34,3367.56,3419.63,3354.02,79.20784622,376.27100597
801180,2022-03-25,3369.98,3346.55,3424.56,3310.87,87.30250386,411.88441394
801180,2022-03-28,3436.93,3340.45,3466.81,3337.53,91.8279375,443.9378338
801180,2022-03-29,3381.23,3411.62,3425.56,3368.28,87.11418351,417.37033724
801180,2022-03-30,3573.19,3392.15,3605.35,3392.15,112.88733077,584.45653721
801180,2022-04-01,3734.58,3586.11,3749.24,3575.84,122.02753744,702.77644551
801180,2022-04-06,3837.52,3798.04,3889.38,3732.37,123.70998534,732.12304755
801180,2022-04-07,3696.09,3768.81,3827.99,3693.17,119.09143932,661.24113086
801180,2022-04-08,3795.88,3687.29,3821.26,3624.33,122.43604239,678.05076063
801180,2022-04-11,3652.82,3731.09,3731.09,3637.97,96.08380626,547.64367734
801180,2022-04-12,3571.72,3636.84,3695.86,3560.03,102.2261043,557.04871207
801180,2022-04-13,3538.16,3532.35,3617.71,3472.42,88.50183315,471.20133017
801180,2022-04-15,3685.71,3641.67,3781.44,3641.67,89.709556,511.26220686
801180,2022-04-18,3561.96,3621.63,3694.91,3554.42,81.29422603,452.30973553
801180,2022-04-19,3576.73,3544.61,3592.94,3469.52,71.03302141,370.57759504
801180,2022-04-20,3399.84,3559.47,3559.47,3373.13,75.70350917,422.86827247
801180,2022-04-21,3308.96,3376.49,3401.29,3295.1,62.27057021,325.7673115
801180,2022-04-22,3346.45,3275.9,3373.2,3254.99,54.3430329,293.85307846
801180,2022-04-25,3165.01,3301.89,3365.8,3165.01,59.56885129,306.81267656
801180,2022-04-26,3167.87,3171.91,3265.5,3155.03,62.05199484,312.59500096
801180,2022-04-27,3115.41,3119.59,3176.07,3037.42,69.60768279,357.6050425
801180,2022-04-28,3206.24,3101.17,3227.81,3089.66,69.25720895,360.52869081
801180,2022-04-29,3314.41,3201.38,3320.47,3172.7,79.64136148,432.17941549
801180,2022-05-06,3133.95,3207.43,3229.2,3118.98,63.73038507,334.71346584
801180,2022-05-10,3205.12,3128.18,3214.86,3099.2,69.37276922,377.53457457
801180,2022-05-11,3165.86,3198.37,3228.48,3163.22,75.63538506,418.07074606
801180,2022-05-12,3116.46,3155.58,3174.34,3076.15,63.97268098,357.00026535
801180,2022-05-13,3256.43,3124.24,3256.43,3107.24,82.97908809,445.28694432
801180,2022-05-16,3308.29,3342.59,3349.11,3249.92,84.35568577,468.63772006
801180,2022-05-17,3267.98,3286.96,3304.63,3216.26,68.43806909,367.75488972
801180,2022-05-18,3244.0,3252.89,3285.49,3209.42,57.43544197,307.69087117
801180,2022-05-19,3316.78,3191.42,3320.4,3191.42,71.59028053,377.99942762
801180,2022-05-20,3275.07,3331.52,3331.52,3253.97,71.02793175,396.74076841
801180,2022-05-23,3204.7,3258.67,3262.72,3196.74,53.4875062,305.28817791
801180,2022-05-24,3130.46,3200.31,3204.93,3130.46,60.63329803,314.12097041
801180,2022-05-25,3155.27,3123.8,3156.62,3101.02,41.84347365,210.29235707
801180,2022-05-26,3182.74,3154.66,3208.22,3148.46,49.49655615,259.60972058
801180,2022-05-27,3164.05,3181.02,3189.5,3143.85,46.17523498,253.89227313
801180,2022-05-30,3126.75,3161.34,3179.9,3111.78,43.92382659,262.48578193
801180,2022-05-31,3118.44,3120.44,3127.12,3089.63,42.27639902,252.56516661
801180,2022-06-01,3131.08,3114.59,3154.82,3100.72,41.40366947,239.01076552
801180,2022-06-02,3088.78,3118.9,3118.9,3076.91,42.60350818,236.65643054
801180,2022-06-06,3062.95,3075.26,3075.26,3015.26,45.26322696,274.1516553
801180,2022-06-07,3103.72,3056.79,3103.72,3055.19,45.79049276,258.96772391
801180,2022-06-08,3076.46,3097.54,3097.54,3041.44,42.04601479,236.33877413
801180,2022-06-09,3095.19,3072.35,3121.95,3072.35,41.90916994,241.6694293
801180,2022-06-10,3093.89,3073.89,3094.81,3069.11,42.20989606,225.30761854
801180,2022-06-13,3013.72,3068.89,3072.06,2993.53,40.17866298,232.24090434
801180,2022-06-14,3059.68,2989.13,3059.68,2985.0,43.36509182,229.55875284
801180,2022-06-15,3126.53,3061.32,3187.1,3051.18,61.36164804,333.1591738
801180,2022-06-16,3100.48,3123.09,3164.89,3088.33,39.51028519,210.89272845
801180,2022-06-17,3084.4,3081.69,3105.14,3060.39,37.24003241,203.31812589
801180,2022-06-20,3152.48,3099.41,3164.4,3093.75,41.2361554,252.67940355
801180,2022-06-21,3173.8,3157.55,3237.81,3152.45,50.23748258,290.37816524
801180,2022-06-22,3120.71,3170.07,3170.07,3118.81,36.82967523,205.56142876
801180,2022-06-23,3169.23,3118.12,3169.87,3097.79,34.02870261,197.29158236
801180,2022-06-24,3141.87,3166.32,3176.09,3125.17,33.31947282,198.29019946
801180,2022-06-27,3158.88,3141.25,3184.7,3134.24,34.97134015,208.35844181
801180,2022-06-28,3142.64,3151.07,3157.59,3124.07,34.44135374,200.82318195
801180,2022-06-29,3249.79,3145.81,3275.38,3145.79,57.05047458,359.44710477
801180,2022-06-30,3293.43,3258.22,3314.18,3233.57,45.63488519,299.97364464
801180,2022-07-01,3276.09,3293.18,3325.3,3273.74,37.79395026,227.13480677
801180,2022-07-04,3254.63,3264.59,3264.59,3221.24,33.12903089,200.94851313
801180,2022-07-05,3214.22,3249.55,3255.89,3186.78,30.25478336,193.34227994
801180,2022-07-06,3131.48,3193.05,3194.37,3112.49,30.19279275,175.20420146
801180,2022-07-07,3128.09,3137.43,3163.05,3117.86,24.0295458,147.28309419
801180,2022-07-08,3133.38,3129.32,3160.65,3116.17,22.82198415,133.20820127
801180,2022-07-11,3090.05,3118.0,3135.34,3081.69,24.55909992,134.82319453
801180,2022-07-12,3107.81,3088.74,3128.07,3083.72,26.09496932,152.33070436
801180,2022-07-13,3140.11,3112.89,3188.2,3112.66,33.70924385,206.92914336
801180,2022-07-14,3087.48,3123.89,3125.9,3072.38,37.54602471,214.22663445
801180,2022-07-15,2943.26,3067.09,3067.09,2943.26,45.40726942,239.29408792
801180,2022-07-18,3033.38,2943.28,3040.07,2943.28,37.49614423,190.99849269
801180,2022-07-19,3044.66,3033.5,3047.63,3005.49,32.4908756,165.31263113
801180,2022-07-20,3043.39,3048.53,3063.93,3037.18,26.57453049,148.58817407
801180,2022-07-21,3009.45,3037.89,3042.3,3000.2,29.65048573,185.5635428
801180,2022-07-22,3002.04,3009.56,3027.33,2977.03,24.65780128,139.95329256
801180,2022-07-25,3034.18,3006.35,3063.0,3005.2,33.77179502,190.3778442
801180,2022-07-26,3150.05,3030.41,3159.03,3027.65,51.95806569,271.8270155
801180,2022-07-27,3133.45,3144.77,3148.37,3102.74,49.51393357,244.8832165
801180,2022-07-28,3140.71,3134.0,3174.46,3115.53,44.82924227,224.87027615
801180,2022-07-29,3087.5,3137.86,3137.86,3084.94,37.31649388,199.81124971
801180,2022-08-01,3044.27,3076.03,3076.03,3026.63,28.01325495,164.62067165
801180,2022-08-02,2955.62,3021.1,3021.16,2928.5,35.93635715,189.31113458
801180,2022-08-03,2886.61,2956.22,2983.86,2879.48,27.89093466,164.56136423
801180,2022-08-04,2907.78,2893.07,2915.78,2865.41,22.58977447,126.33113157
801180,2022-08-05,2948.54,2908.3,2949.67,2900.85,24.33199389,136.86898033
801180,2022-08-08,2957.05,2962.64,3020.16,2946.9,29.88308464,169.89477156
801180,2022-08-09,2949.53,2952.82,2978.91,2928.16,27.81269606,143.53673042
801180,2022-08-10,2929.85,2941.93,2955.8,2922.18,21.46073759,131.76340781
801180,2022-08-11,2972.75,2941.61,2975.67,2941.61,24.96034957,140.36611471
801180,2022-08-12,2997.74,2964.57,3007.16,2956.35,29.68028359,155.50446359
801180,2022-08-15,2985.91,2994.98,3024.92,2982.81,28.26985008,150.61713098
801180,2022-08-16,3031.6,3000.89,3053.66,3000.89,40.97328123,196.22999441
801180,2022-08-17,3087.92,3030.21,3104.25,3015.97,44.6422404,217.32335493
801180,2022-08-18,3055.82,3081.28,3081.32,3036.21,34.90135863,162.73135265
801180,2022-08-19,3096.33,3051.32,3132.21,3051.32,36.45894562,196.37154523
801180,2022-08-22,3108.76,3094.3,3125.89,3071.47,33.62598087,186.75450674
801180,2022-08-23,3080.52,3105.56,3107.18,3059.48,27.26138854,151.97518519
801180,2022-08-24,3023.82,3073.39,3078.5,3021.47,31.27986837,166.48638792
801180,2022-08-25,3039.28,3022.84,3046.86,2999.98,28.88739907,160.12630065
801180,2022-08-26,3015.81,3038.99,3040.56,3009.08,24.88299875,137.31172146
801180,2022-08-29,3010.07,2984.72,3011.89,2954.8,23.259816,124.82125207
801180,2022-08-30,3048.02,3010.05,3052.07,3010.05,26.47109059,135.48956878
801180,2022-08-31,3053.69,3062.27,3094.86,3049.35,30.2256835,177.26359458
801180,2022-09-01,3091.07,3055.65,3147.86,3049.25,43.72958414,226.85363234
801180,2022-09-02,3073.62,3094.38,3094.38,3053.22,31.03860436,165.34080204
801180,2022-09-05,3125.82,3072.34,3126.58,3068.59,34.665123,180.15745458
801180,2022-09-06,3208.34,3129.01,3211.96,3129.01,47.54717794,263.52099635
801180,2022-09-07,3203.33,3194.65,3218.63,3164.52,39.37113055,211.98983798
801180,2022-09-08,3201.65,3211.32,3225.89,3169.63,32.84046479,181.89304608
801180,2022-09-09,3304.48,3197.89,3311.79,3197.28,53.6892975,312.81833678
801180,2022-09-13,3238.24,3292.13,3295.25,3225.1,44.77142639,255.48416568
801180,2022-09-14,3225.82,3204.07,3281.83,3204.07,37.57936759,216.14098204
801180,2022-09-15,3301.66,3251.08,3320.5,3241.26,57.49042102,327.47411673
801180,2022-09-16,3177.51,3283.79,3298.45,3177.51,59.61547101,332.20028872
801180,2022-09-19,3182.49,3161.45,3190.86,3129.71,41.5050363,229.76009159
801180,2022-09-20,3128.59,3189.89,3218.96,3111.85,42.12643612,237.92509005
801180,2022-09-21,3172.56,3119.28,3192.13,3081.42,48.6036052,233.64404636
801180,2022-09-22,3122.04,3156.57,3170.76,3099.68,42.30229388,210.75696722
801180,2022-09-23,3099.67,3115.27,3192.89,3097.01,45.42848437,214.14418424
801180,2022-09-26,3069.24,3107.62,3152.61,3066.55,44.00395095,204.88273142
801180,2022-09-27,3090.84,3070.91,3092.39,3015.77,39.33601583,189.97080561
801180,2022-09-28,3031.45,3072.48,3082.32,3031.45,34.60424947,161.83608806
801180,2022-09-29,2962.26,3046.92,3046.92,2953.74,35.07242971,156.82587592
801180,2022-09-30,3022.3,3007.6,3063.61,2964.6,36.62794235,183.24172323
801180,2022-10-10,3023.86,3023.48,3112.27,3021.68,37.17306911,197.04273699
801180,2022-10-11,2962.03,3018.69,3018.69,2950.78,30.21238488,148.86851141
801180,2022-10-12,3019.53,2958.62,3019.53,2940.39,32.65356461,152.71680214
801180,2022-10-13,2964.38,2994.93,2994.98,2916.56,32.55205989,166.58432182
801180,2022-10-14,2970.88,2967.21,3035.75,2960.8,32.90529547,165.50984424
801180,2022-10-17,2970.77,2945.8,2972.04,2885.73,33.58632001,167.73321761
801180,2022-10-18,2937.29,2971.52,2990.56,2918.47,31.6750944,152.50735781
801180,2022-10-19,2920.88,2929.58,2965.44,2920.88,29.18224073,144.52584705
801180,2022-10-20,2896.27,2906.89,2922.19,2884.44,27.30089744,128.17362397
801180,2022-10-21,2904.12,2920.62,2952.94,2894.18,31.52709931,155.49086974
801180,2022-10-24,2804.87,2883.37,2886.79,2798.11,35.26955629,169.25928213
801180,2022-10-25,2773.82,2795.44,2806.97,2755.18,26.38775071,126.97530129
801180,2022-10-26,2739.91,2776.78,2786.05,2729.57,27.02087596,151.8133159
801180,2022-10-27,2764.8,2742.34,2787.67,2742.34,26.56386541,135.58014072
801180,2022-10-28,2667.16,2751.74,2751.79,2662.49,32.11200233,141.79772693
801180,2022-10-31,2577.31,2627.99,2627.99,2546.8,32.92023196,173.15260065
801180,2022-11-01,2609.16,2576.83,2609.16,2536.55,30.25458873,165.88978786
801180,2022-11-02,2651.28,2590.76,2665.67,2585.21,29.68789216,149.81683079
801180,2022-11-03,2621.38,2627.28,2653.8,2610.01,24.35949378,125.52616382
801180,2022-11-04,2683.42,2619.14,2696.36,2619.0,28.99357674,148.36032262
801180,2022-11-07,2713.88,2677.11,2719.63,2672.39,30.58523406,141.44939275
801180,2022-11-08,2722.19,2713.79,2748.68,2702.93,27.79505027,152.15107591
801180,2022-11-09,2769.17,2755.12,2826.87,2755.12,43.60824096,220.4969356
801180,2022-11-10,2770.02,2750.07,2784.78,2720.54,40.83599088,180.32621572
801180,2022-11-11,2958.24,2834.28,2987.18,2834.28,80.798521,385.77333016
801180,2022-11-14,3019.81,3066.1,3077.14,2982.51,87.76601197,432.32624243
801180,2022-11-15,3045.49,3010.15,3079.79,2990.64,71.26391146,369.67747262
801180,2022-11-16,2986.22,3030.47,3036.63,2968.68,59.06300326,304.81753332
801180,2022-11-17,2994.21,2977.46,3014.53,2961.06,45.99765884,235.88391038
801180,2022-11-18,2965.16,2995.85,3005.18,2958.61,43.0808836,222.29933898
801180,2022-11-21,2947.05,2944.68,2947.87,2880.18,38.04511687,196.70583375
801180,2022-11-22,2927.4,2974.29,2999.41,2913.9,37.59347582,198.30138135
801180,2022-11-23,2922.63,2909.52,2936.96,2900.78,26.94594086,133.95413665
801180,2022-11-24,2976.83,2979.27,2996.98,2940.11,50.74498642,258.11208659
801180,2022-11-25,3116.08,2989.88,3124.95,2989.88,73.1608651,382.44745619
801180,2022-11-28,3102.41,3048.43,3108.13,3025.68,58.71278962,291.95136911
801180,2022-11-29,3349.29,3267.73,3359.36,3207.12,103.18106091,533.81065228
801180,2022-11-30,3293.73,3361.25,3439.93,3282.26,122.76964455,631.38039744
801180,2022-12-01,3288.58,3301.72,3334.07,3259.73,102.55816647,513.58651389
801180,2022-12-02,3223.73,3255.02,3255.02,3167.65,73.13703574,409.00853833
801180,2022-12-05,3255.28,3251.67,3302.04,3250.7,71.33734681,406.8556111
801180,2022-12-06,3234.3,3233.76,3255.36,3204.47,58.81745976,311.05287202
801180,2022-12-07,3174.67,3206.41,3222.09,3143.24,47.7679407,262.77038005
801180,2022-12-08,3234.78,3171.36,3253.34,3171.36,55.7860645,297.11109694
801180,2022-12-09,3313.1,3243.28,3330.96,3243.28,69.49407413,398.85102361
801180,2022-12-12,3193.09,3270.37,3271.57,3190.26,48.24701628,260.76216729
801180,2022-12-13,3219.13,3187.32,3235.76,3171.19,42.12365547,221.48363561
801180,2022-12-14,3183.83,3212.91,3220.55,3175.82,36.58311791,193.24119383
801180,2022-12-15,3188.79,3165.99,3192.51,3116.83,38.65502867,220.05946647
801180,2022-12-16,3230.79,3211.76,3268.6,3190.03,55.94912008,308.82020975
801180,2022-12-19,3213.98,3238.92,3297.24,3175.62,55.88102564,323.50665974
801180,2022-12-20,3102.73,3157.32,3158.11,3102.73,46.32339343,267.57517311
801180,2022-12-21,3085.15,3093.62,3125.59,3074.4,37.60631286,208.53308445
801180,2022-12-22,3079.45,3122.57,3146.14,3069.82,40.56688172,222.57585261
801180,2022-12-23,3080.08,3055.18,3104.27,3055.18,31.79783643,182.85560108
801180,2022-12-26,3031.25,3071.26,3071.26,3023.32,33.44495065,195.84387615
801180,2022-12-27,3053.45,3039.02,3088.53,3033.25,35.81963534,211.31336225
801180,2022-12-28,3059.24,3041.97,3075.58,3019.41,36.45497595,207.92366345
801180,2022-12-29,2982.42,3045.39,3045.5,2974.18,36.66524747,197.38461707
801180,2022-12-30,2995.12,2990.41,3003.31,2964.54,31.41649213,169.48502089
801180,2023-01-03,3028.61,2998.62,3051.42,2991.59,33.15523002,193.1672896
801180,2023-01-04,3143.92,3027.98,3164.38,3026.09,52.72322823,310.28113572
801180,2023-01-05,3148.53,3144.2,3160.59,3114.05,42.86444035,246.34442093
801180,2023-01-06,3111.19,3181.03,3186.98,3107.29,40.76117935,232.55745548
801180,2023-01-09,3079.34,3115.67,3126.87,3073.75,29.98050875,183.29148828
801180,2023-01-10,3070.42,3083.7,3088.58,3057.96,26.88135268,152.74568482
801180,2023-01-11,3097.79,3078.08,3144.35,3078.08,29.70646723,194.55496941
801180,2023-01-12,3042.76,3087.42,3087.42,3027.04,27.9388951,170.73417798
801180,2023-01-13,3059.79,3035.57,3062.28,3032.99,23.63914311,142.4135783
801180,2023-01-16,3072.29,3057.64,3078.79,3029.6,29.11354058,161.78482805
801180,2023-01-17,3068.25,3073.49,3077.82,3041.19,24.4365148,136.4515967
801180,2023-01-18,3047.62,3074.23,3092.26,3045.24,23.85101761,123.93961009
801180,2023-01-19,3061.01,3036.42,3061.01,3017.43,24.26262163,125.81935699
801180,2023-01-20,3082.99,3054.95,3083.74,3048.1,26.01774555,133.90578488
801180,2023-01-30,3058.95,3118.87,3118.87,3053.74,37.0075567,203.25900983
801180,2023-01-31,3106.31,3043.7,3107.68,3032.28,39.05341886,190.92298667
801180,2023-02-01,3096.86,3102.98,3103.68,3058.03,34.40229979,182.07445733
801180,2023-02-02,3103.47,3096.0,3118.04,3068.32,34.82107969,194.97700714
801180,2023-02-03,3060.11,3092.26,3092.31,3044.56,30.40331817,160.8435915
801180,2023-02-06,3008.84,3038.82,3038.82,3003.59,28.41982192,162.22265293
801180,2023-02-07,3051.57,3010.75,3065.13,3010.75,31.84765927,176.83262487
801180,2023-02-08,3052.6,3047.93,3084.54,3047.93,30.14154877,158.8837121
801180,2023-02-09,3077.05,3050.8,3086.07,3041.19,25.36074924,137.61481042
801180,2023-02-10,3094.78,3073.45,3113.24,3063.16,27.6953556,146.46072474
801180,2023-02-13,3093.54,3085.29,3103.54,3063.3,27.29148576,158.6088843
801180,2023-02-14,3098.74,3101.29,3130.79,3084.77,27.608775,147.7024859
801180,2023-02-15,3047.26,3091.16,3091.16,3041.42,24.67694759,144.53001844
801180,2023-02-16,3013.55,3047.8,3087.82,2998.19,33.32461219,174.70208428
801180,2023-02-17,2997.11,3011.82,3035.62,2997.11,23.95818019,124.37150367
801180,2023-02-20,3047.35,2994.96,3047.35,2992.6,26.95258513,139.9106727
801180,2023-02-21,3070.1,3085.59,3101.77,3046.39,34.66482708,183.76636885
801180,2023-02-22,3051.26,3045.34,3055.72,3039.52,25.11706622,124.36084503
801180,2023-02-23,3057.23,3054.01,3081.43,3045.39,28.10965268,140.04903586
801180,2023-02-24,3025.31,3060.31,3060.31,3004.84,21.66008697,115.27199377
801180,2023-02-27,3020.02,3027.24,3050.95,3015.73,21.18717779,113.18542984
801180,2023-02-28,3043.71,3022.45,3045.04,2998.45,25.77858408,123.01023772
801180,2023-03-01,3065.61,3040.54,3065.61,3036.11,26.60473139,139.8603585
801180,2023-03-02,3032.3,3055.73,3056.64,3029.74,22.69836599,140.62629474
801180,2023-03-03,3047.63,3036.42,3048.83,3021.91,23.94072423,130.77890296
801180,2023-03-06,2998.85,3045.08,3045.08,2991.51,25.02034831,146.40056482
801180,2023-03-07,2942.35,2998.34,3003.27,2942.35,23.19908512,126.11867201
801180,2023-03-08,2952.79,2939.05,2952.82,2931.03,17.02088945,95.69248986
801180,2023-03-09,2950.45,2957.21,2963.76,2942.04,19.71047788,101.96269677
801180,2023-03-10,2898.13,2935.31,2935.34,2894.87,22.85463447,119.44884444
801180,2023-03-13,2882.9,2889.19,2909.94,2868.23,21.82404041,111.07244841
801180,2023-03-14,2859.92,2878.84,2892.52,2834.98,23.58032445,119.79634765
801180,2023-03-15,2899.68,2873.22,2905.47,2873.18,22.14243794,113.84242971
801180,2023-03-16,2871.13,2884.56,2905.55,2871.13,21.24558798,120.40405053
801180,2023-03-17,2894.29,2889.2,2919.98,2889.2,21.52945975,122.19417647
801180,2023-03-20,2876.54,2910.57,2925.72,2873.42,23.87270791,127.96660574
801180,2023-03-21,2876.11,2881.65,2884.88,2862.45,18.52721774,115.77408349
801180,2023-03-22,2905.93,2879.81,2910.2,2876.45,20.4956244,121.22390317
801180,2023-03-23,2894.75,2898.9,2905.05,2876.87,21.13106239,133.24032335
801180,2023-03-24,2901.79,2894.57,2915.61,2867.78,32.38741099,181.23633625
801180,2023-03-27,2852.3,2893.17,2893.17,2843.72,27.13243615,155.57005241
801180,2023-03-28,2820.88,2853.31,2864.63,2819.5,21.7868856,130.90326691
801180,2023-03-29,2813.72,2826.54,2842.07,2807.12,23.01151828,128.21829954
801180,2023-03-30,2821.31,2815.13,2824.72,2786.92,22.97104515,118.26499528
801180,2023-03-31,2812.03,2825.78,2839.7,2806.84,19.27661623,115.00471948
801180,2023-04-03,2873.82,2815.82,2882.39,2815.82,26.04497184,159.78530636
801180,2023-04-04,2850.47,2872.3,2879.15,2845.53,23.82251111,139.56573144
801180,2023-04-06,2838.06,2844.95,2860.94,2830.35,24.98269455,124.65929498
801180,2023-04-07,2942.67,2848.87,2944.86,2848.87,39.39565285,222.45137109
801180,2023-04-10,2918.8,2933.23,2934.49,2912.84,34.65826985,173.9134821
801180,2023-04-11,2954.96,2915.33,2957.69,2897.36,35.5591016,172.90562054
801180,2023-04-12,2955.16,2959.28,2974.81,2927.38,30.66039047,141.7490026
801180,2023-04-13,2945.21,2944.52,2957.88,2931.51,29.04197994,129.52285308
801180,2023-04-14,2934.26,2951.76,2955.49,2926.15,27.75496326,135.40554516
801180,2023-04-17,2930.01,2923.47,2930.01,2906.05,25.09942232,135.1283854
801180,2023-04-18,2912.05,2928.65,2946.28,2906.21,23.37937118,117.51460702
801180,2023-04-19,2857.14,2909.36,2909.4,2854.54,28.48722363,149.82393394
801180,2023-04-20,2838.23,2850.72,2850.72,2820.17,26.15365449,125.87515194
801180,2023-04-21,2795.71,2844.22,2870.42,2795.53,29.98826872,140.6350291
801180,2023-04-24,2748.2,2785.2,2785.2,2740.98,29.98605284,126.78462798
801180,2023-04-25,2718.54,2749.89,2749.89,2686.79,31.55534209,112.55783537
801180,2023-04-26,2707.97,2692.68,2718.06,2674.04,25.62266339,98.56866932
801180,2023-04-27,2714.19,2702.7,2726.48,2691.14,28.39183709,93.9251319
801180,2023-04-28,2740.1,2706.81,2740.44,2706.81,28.81100775,110.39719093
801180,2023-05-04,2739.41,2719.65,2753.75,2717.21,28.40150408,147.28305403
801180,2023-05-05,2818.16,2732.99,2822.84,2732.99,39.78892143,198.0905312
801180,2023-05-08,2820.28,2795.2,2823.85,2753.05,31.05341051,166.66129399
801180,2023-05-09,2822.36,2807.89,2883.39,2807.89,36.67238412,196.249111
801180,2023-05-10,2790.04,2818.42,2824.47,2771.76,27.40155851,130.08538622
801180,2023-05-11,2798.31,2789.19,2813.59,2787.76,27.03339389,113.57406071
801180,2023-05-12,2768.78,2791.77,2815.41,2767.5,24.98233603,110.02713104
801180,2023-05-15,2762.01,2765.07,2765.07,2716.33,25.51402276,114.51044321
801180,2023-05-16,2726.58,2761.38,2761.39,2722.17,20.73115792,87.40353065
801180,2023-05-17,2714.14,2717.42,2735.86,2702.3,18.21566279,83.63335584
801180,2023-05-18,2694.47,2716.73,2724.6,2683.68,18.56157642,84.33217188
801180,2023-05-19,2659.13,2690.22,2690.22,2654.76,23.19897084,100.54455034
801180,2023-05-22,2644.7,2648.65,2648.65,2623.96,24.72869127,101.46087252
801180,2023-05-23,2618.52,2637.71,2658.34,2618.52,25.65388134,100.55434363
801180,2023-05-24,2551.44,2609.03,2609.03,2551.44,26.14405411,109.52406119
801180,2023-05-25,2545.98,2535.86,2554.44,2519.78,20.54112798,86.81076459
801180,2023-05-26,2566.48,2540.35,2568.11,2517.97,27.32734973,86.99112004
801180,2023-05-29,2538.43,2555.67,2564.17,2535.79,26.71960263,87.20829436
801180,2023-05-30,2571.24,2530.76,2572.4,2484.9,28.09318143,112.89503992
801180,2023-05-31,2552.13,2561.64,2587.61,2543.24,23.79288203,91.37234414
801180,2023-06-01,2536.82,2544.45,2551.24,2515.2,22.401593,87.73108072
801180,2023-06-02,2634.46,2544.97,2642.61,2544.97,37.33987802,171.28107905
801180,2023-06-05,2620.67,2613.49,2625.25,2594.54,30.69219641,127.18993489
801180,2023-06-06,2626.73,2619.98,2682.77,2619.98,38.05996317,167.10173373
801180,2023-06-07,2659.59,2636.07,2693.31,2636.07,30.45872441,155.61082848
801180,2023-06-08,2710.72,2654.65,2723.81,2635.32,35.01283066,185.7672277
801180,2023-06-09,2666.93,2691.8,2692.23,2659.0,29.75352711,147.95986363
801180,2023-06-12,2664.08,2660.67,2683.82,2639.61,25.23635976,131.2371005
801180,2023-06-13,2668.88,2666.9,2703.61,2658.61,21.84598737,119.73408902
801180,2023-06-14,2646.49,2677.91,2684.84,2643.73,25.38352704,121.0178333
801180,2023-06-15,2672.43,2647.04,2677.32,2647.03,26.42798695,126.10821655
801180,2023-06-16,2672.96,2673.99,2696.03,2669.75,29.76934941,143.86821893
801180,2023-06-19,2624.89,2675.12,2675.12,2621.97,28.47600346,144.2960018
801180,2023-06-20,2576.23,2622.36,2622.36,2574.89,23.47898685,115.40925135
801180,2023-06-21,2547.79,2567.76,2586.73,2547.79,25.80686154,104.40319871
801180,2023-06-26,2503.26,2531.73,2537.75,2500.09,30.71967467,107.74690116
801180,2023-06-27,2601.23,2508.88,2607.89,2503.99,32.20448897,138.38635483
801180,2023-06-28,2588.27,2602.79,2602.79,2565.97,25.25436455,101.30827596
801180,2023-06-29,2551.42,2582.8,2585.16,2550.49,22.04286853,86.98218398
801180,2023-06-30,2567.03,2555.63,2599.66,2553.83,25.23744854,101.87729406
801180,2023-07-03,2588.45,2572.92,2597.21,2572.92,24.54992245,104.97576112
801180,2023-07-04,2556.64,2586.05,2586.05,2541.78,30.03680159,114.94010987
801180,2023-07-05,2557.58,2551.11,2579.82,2546.56,25.3932315,96.32402973
801180,2023-07-06,2580.5,2553.17,2590.08,2544.41,37.69523439,126.95384803
801180,2023-07-07,2574.43,2576.5,2602.22,2568.16,45.91763972,142.44349303
801180,2023-07-10,2568.62,2573.18,2583.66,2561.52,30.53523607,102.27303027
801180,2023-07-11,2567.49,2595.36,2602.65,2562.19,32.57471898,115.05002194
801180,2023-07-12,2517.57,2559.58,2559.58,2513.28,33.51332933,125.71790938
801180,2023-07-13,2536.72,2521.62,2539.76,2521.62,24.78030175,99.05629879
801180,2023-07-14,2529.46,2533.0,2544.42,2516.5,22.70204112,90.41482222
801180,2023-07-17,2521.41,2516.07,2521.41,2499.11,24.05019267,93.38980539
801180,2023-07-18,2537.13,2519.72,2549.36,2507.36,25.0245774,107.65065852
801180,2023-07-19,2573.18,2528.57,2575.24,2528.16,30.7760208,136.94901202
801180,2023-07-20,2578.13,2571.37,2604.74,2566.04,37.42323023,152.64497343
801180,2023-07-21,2619.55,2573.91,2623.17,2571.34,53.89920007,201.38172462
801180,2023-07-24,2603.74,2639.27,2639.27,2575.29,66.28398316,229.55539374
801180,2023-07-25,2762.94,2649.12,2762.94,2649.12,76.20389677,368.77779838
801180,2023-07-26,2811.66,2769.19,2829.99,2764.89,81.10086055,396.58256848
801180,2023-07-27,2791.4,2776.78,2838.23,2756.45,102.61954612,402.2807358
801180,2023-07-28,2875.76,2800.64,2883.79,2797.59,97.33226086,413.87827056
801180,2023-07-31,2930.4,2902.38,2977.58,2902.38,98.91479754,471.8983116
801180,2023-08-01,2913.05,2919.78,2961.18,2901.64,102.96759975,444.92442296
801180,2023-08-02,2938.13,2908.97,2981.37,2908.97,92.79780147,429.84412398
801180,2023-08-03,2990.18,2922.72,2990.18,2890.39,95.98269998,447.07119036
801180,2023-08-04,2967.66,3030.64,3033.39,2957.52,90.84977936,438.55073294
801180,2023-08-07,2866.76,2926.36,2926.36,2856.02,72.20235076,331.65640723
801180,2023-08-08,2825.23,2864.38,2870.02,2822.37,55.74019538,237.21588948
801180,2023-08-09,2832.71,2824.89,2867.32,2813.8,51.9585056,223.25165448
801180,2023-08-10,2842.73,2828.48,2864.45,2818.33,42.49539998,185.94972897
801180,2023-08-11,2831.5,2873.52,2888.2,2809.01,66.16511267,285.56156783
801180,2023-08-14,2796.59,2767.93,2806.43,2740.48,53.59252503,227.84833481
801180,2023-08-15,2785.77,2796.67,2805.82,2755.25,44.09501459,178.98448558
801180,2023-08-16,2838.12,2779.35,2875.64,2768.86,60.47883439,264.03144596
801180,2023-08-17,2831.02,2816.35,2847.79,2802.8,48.71041459,212.10895981
801180,2023-08-18,2776.99,2835.66,2868.14,2776.99,51.39337428,218.04323551
801180,2023-08-21,2722.08,2767.57,2775.79,2722.08,41.96792315,174.56258621
801180,2023-08-22,2736.6,2729.25,2747.18,2702.61,40.50723779,166.62627207
801180,2023-08-23,2686.32,2732.05,2732.05,2686.32,36.75850351,154.76173144
801180,2023-08-24,2659.9,2692.9,2696.72,2641.89,36.08286871,153.46059104
801180,2023-08-25,2681.92,2648.35,2725.34,2645.71,46.53191448,212.08749237
801180,2023-08-28,2799.31,2865.83,2865.83,2788.04,80.67236569,395.37973427
801180,2023-08-29,2876.68,2787.27,2876.68,2784.57,89.59167495,405.20562471
801180,2023-08-30,2867.01,2866.77,2895.82,2852.68,72.18470041,335.1018156
801180,2023-08-31,2727.31,2860.86,2868.9,2725.53,68.10344278,322.17268159
801180,2023-09-01,2739.32,2767.58,2775.48,2730.91,57.35883981,264.21623292
801180,2023-09-04,2749.88,2768.07,2794.34,2743.63,53.82327292,250.84381834
801180,2023-09-05,2686.02,2742.81,2742.81,2679.16,46.05644729,205.67674247
801180,2023-09-06,2748.78,2682.26,2754.69,2663.16,55.57217799,253.17939751
801180,2023-09-07,2727.03,2742.14,2780.65,2727.03,55.93390574,250.29440327
801180,2023-09-11,2692.46,2716.35,2716.35,2667.15,39.70111737,230.04360394
801180,2023-09-12,2681.05,2688.84,2694.88,2671.32,32.72963615,201.7598522
801180,2023-09-13,2680.43,2678.16,2702.53,2663.36,33.70189494,194.35472027
801180,2023-09-14,2657.01,2672.2,2677.38,2648.15,31.71972827,171.45472962
801180,2023-09-15,2664.66,2669.85,2678.54,2648.28,29.71543637,184.93328111
801180,2023-09-18,2637.84,2651.51,2651.51,2621.34,32.74942181,183.86400674
801180,2023-09-19,2630.14,2635.32,2646.9,2624.51,25.65968998,142.83273879
801180,2023-09-20,2630.0,2626.12,2646.51,2619.04,26.52212365,145.18312719
801180,2023-09-21,2626.94,2634.03,2661.46,2626.59,27.26753062,139.64721104
801180,2023-09-22,2651.1,2618.7,2653.61,2616.04,32.78051233,157.99255167
801180,2023-09-25,2592.6,2638.63,2638.63,2591.75,32.30631047,183.22308177
801180,2023-09-26,2580.12,2585.14,2590.09,2579.52,24.13454057,142.96067282
801180,2023-09-27,2568.97,2575.65,2588.9,2568.97,27.57666534,136.44903556
801180,2023-09-28,2577.66,2574.09,2583.01,2566.38,24.4792364,128.14999671
801180,2023-10-09,2517.83,2567.3,2567.3,2511.19,30.27858687,150.77070985
801180,2023-10-10,2506.9,2517.32,2533.53,2505.92,24.52264386,137.63696892
801180,2023-10-11,2502.87,2511.5,2518.78,2491.74,26.30842531,122.63705438
801180,2023-10-12,2513.71,2516.9,2518.34,2492.55,23.18084831,151.66054507
801180,2023-10-13,2490.11,2500.2,2508.71,2483.16,22.14649047,138.35554338
801180,2023-10-16,2450.48,2486.48,2492.39,2443.6,22.52014949,125.0963102
801180,2023-10-17,2435.66,2448.36,2448.9,2421.16,23.66465929,141.06144424
801180,2023-10-18,2395.97,2431.75,2431.78,2395.97,20.45530573,125.28848399
801180,2023-10-19,2371.17,2387.04,2404.76,2371.01,22.60948526,139.38790172
801180,2023-10-20,2385.08,2360.71,2411.43,2351.62,32.2903,143.03958178
801180,2023-10-23,2341.13,2367.83,2377.7,2330.89,34.74771229,148.21304146
801180,2023-10-24,2388.82,2348.05,2395.61,2344.07,36.69603789,153.19415089
801180,2023-10-25,2392.44,2411.33,2418.61,2392.21,35.0419859,158.68784054
801180,2023-10-26,2364.39,2375.57,2375.57,2352.64,33.67269768,144.91834717
801180,2023-10-27,2390.29,2360.58,2395.75,2356.44,30.64543229,156.96597089
801180,2023-10-30,2383.47,2378.08,2391.73,2364.64,42.11973064,201.48636301
801180,2023-10-31,2390.17,2372.66,2396.66,2347.26,47.94731986,222.43283627
801180,2023-11-01,2370.79,2381.55,2389.84,2366.03,41.1541774,175.88996137
801180,2023-11-02,2355.21,2365.47,2377.05,2349.99,33.13705813,141.19746999
801180,2023-11-03,2346.39,2354.88,2357.64,2338.76,25.80122035,123.63565936
801180,2023-11-06,2418.05,2359.26,2419.9,2359.26,41.56565111,192.18697328
801180,2023-11-07,2419.03,2426.46,2435.97,2406.46,34.17245446,182.77073776
801180,2023-11-08,2441.32,2411.87,2454.13,2411.14,38.09793099,196.06312659
801180,2023-11-09,2427.6,2443.3,2466.44,2423.66,39.37346918,194.03583467
801180,2023-11-10,2399.49,2418.4,2418.43,2382.58,30.05078968,145.68567206
801180,2023-11-13,2400.61,2402.39,2406.78,2382.33,28.50851338,142.96017961
801180,2023-11-14,2432.9,2397.93,2432.9,2397.64,33.79161735,163.84842682
801180,2023-11-15,2421.89,2454.72,2455.32,2416.65,31.4374814,152.7644921
801180,2023-11-16,2409.42,2413.99,2418.75,2388.21,30.05320533,167.57724241
801180,2023-11-17,2392.12,2398.51,2403.4,2378.61,24.14218482,127.24604096
801180,2023-11-20,2394.34,2404.85,2408.36,2386.17,24.99279397,128.23591411
801180,2023-11-21,2447.66,2411.23,2480.78,2411.23,62.58152475,271.70467062
801180,2023-11-22,2437.4,2440.76,2486.13,2437.4,52.28840881,224.70312834
801180,2023-11-23,2493.26,2435.51,2504.25,2415.22,61.70021197,262.63624239
801180,2023-11-24,2491.85,2501.84,2522.13,2484.54,59.83617235,259.63161936
801180,2023-11-27,2444.83,2478.15,2478.15,2431.29,49.11395863,241.89838951
801180,2023-11-28,2418.82,2438.66,2439.88,2411.55,36.31018336,170.16812484
801180,2023-11-29,2358.55,2413.0,2418.2,2355.9,36.7033938,164.86436611
801180,2023-11-30,2354.78,2355.51,2366.55,2344.86,28.47175754,137.54803807
801180,2023-12-01,2370.09,2352.58,2378.27,2346.97,34.83560846,145.3240307
801180,2023-12-04,2340.92,2366.37,2366.99,2333.7,29.25047591,140.63830459
801180,2023-12-05,2290.16,2334.56,2336.57,2290.16,27.65179586,134.63650348
801180,2023-12-06,2316.81,2286.03,2328.1,2285.37,27.26067636,128.3119923
801180,2023-12-07,2325.07,2311.77,2335.02,2302.75,32.67736797,146.85886375
801180,2023-12-08,2282.47,2321.11,2321.11,2280.01,34.95643488,152.30829531
801180,2023-12-11,2269.9,2269.38,2270.66,2237.78,33.36986493,138.06991056
801180,2023-12-12,2340.09,2290.14,2340.8,2281.42,39.85768509,190.35163632
801180,2023-12-13,2291.33,2317.34,2317.34,2291.33,32.89110136,159.98143473
801180,2023-12-14,2282.9,2297.82,2318.34,2281.55,24.99343716,123.22406624
801180,2023-12-15,2307.2,2310.34,2339.6,2303.18,36.47466043,173.10266051
801180,2023-12-18,2280.61,2291.86,2337.44,2276.45,37.17613159,162.83403599
801180,2023-12-19,2251.7,2275.27,2284.47,2233.27,28.87566374,125.21404376
801180,2023-12-20,2217.21,2251.08,2253.03,2217.21,23.04179182,113.78216119
801180,2023-12-21,2240.83,2204.21,2243.05,2201.94,32.92832738,136.94072264
801180,2023-12-22,2211.76,2237.14,2237.14,2205.56,29.59535918,123.92329883
801180,2023-12-25,2187.69,2204.49,2204.86,2182.79,22.14353306,88.89303433
801180,2023-12-26,2153.13,2185.35,2186.53,2153.03,21.42929242,89.11167047
801180,2023-12-27,2158.58,2153.58,2168.5,2139.57,23.99393914,89.59045315
801180,2023-12-28,2214.14,2153.22,2218.76,2142.15,27.7189159,116.00376365
801180,2023-12-29,2204.67,2209.61,2223.12,2196.78,24.03004255,102.62513735
801180,2024-01-02,2162.04,2202.52,2203.68,2162.04,24.53100102,115.54538662
801180,2024-01-03,2173.05,2160.9,2190.91,2159.68,24.86420547,113.91534854
801180,2024-01-04,2143.25,2167.33,2167.58,2132.5,23.07266347,103.08285222
801180,2024-01-05,2140.34,2141.21,2171.35,2131.96,27.72188036,115.90492036
801180,2024-01-08,2102.48,2148.85,2150.72,2102.48,29.63662393,117.35669648
801180,2024-01-09,2114.89,2102.06,2130.85,2092.64,24.74905191,96.56770024
801180,2024-01-10,2107.21,2106.75,2125.86,2090.91,21.75019131,86.14976669
801180,2024-01-11,2124.45,2104.07,2129.77,2093.74,24.61678347,100.52266233
801180,2024-01-12,2116.98,2116.34,2148.13,2115.93,25.584993,98.48430116
801180,2024-01-15,2125.66,2108.49,2135.68,2088.86,25.2630684,99.39436112
801180,2024-01-16,2103.95,2123.11,2131.42,2079.82,28.98630447,106.316744
801180,2024-01-17,2046.69,2096.17,2096.17,2046.69,24.12473216,89.2344857
801180,2024-01-18,2043.97,2035.53,2044.09,1985.63,28.77638217,112.06569553
801180,2024-01-19,2041.46,2037.27,2059.13,2030.55,18.73802826,77.88199377
801180,2024-01-22,1948.4,2028.54,2029.51,1938.4,28.26404312,111.33548265
801180,2024-01-23,1976.37,1942.92,1984.04,1922.81,25.06829928,99.89690182
801180,2024-01-24,2047.5,1986.62,2047.5,1976.43,35.40318809,143.07449387
801180,2024-01-25,2157.8,2059.74,2159.93,2059.74,43.52804552,197.81142668
801180,2024-01-26,2224.72,2169.23,2247.84,2168.25,55.88259623,269.15667616
801180,2024-01-29,2183.82,2254.07,2254.07,2183.52,52.72264174,259.8563944
801180,2024-01-30,2107.26,2161.95,2176.09,2105.55,40.13217701,190.38238669
801180,2024-01-31,2027.04,2086.71,2096.35,2022.77,42.90160195,183.31287646
801180,2024-02-01,1978.39,2007.14,2021.22,1964.99,39.27142592,161.03757976
801180,2024-02-02,1968.46,1980.9,2052.32,1913.3,44.81408313,188.69078392
801180,2024-02-05,1855.64,1947.17,1947.17,1830.74,44.54331585,166.76441305
801180,2024-02-06,1894.63,1817.22,1921.95,1782.37,50.9823822,173.71961119
801180,2024-02-07,1893.05,1892.44,1912.47,1867.49,48.83972068,176.66517158
801180,2024-02-08,1988.23,1902.62,1988.57,1902.42,50.24724327,186.13988998
801180,2024-02-19,1997.25,2002.79,2002.79,1955.76,46.8770413,179.84906877
801180,2024-02-20,2014.9,1998.28,2017.91,1984.66,37.74835885,149.21346411
801180,2024-02-21,2057.72,1996.61,2106.25,1987.17,47.43022154,201.25029059
801180,2024-02-22,2060.28,2044.08,2068.24,2031.96,34.79958737,140.48752848
801180,2024-02-23,2077.64,2059.93,2079.73,2050.07,34.70484074,135.89396638
801180,2024-02-26,2060.75,2071.25,2089.34,2043.96,36.91423148,144.06130202
801180,2024-02-27,2099.97,2051.2,2099.97,2049.53,36.52846613,143.00368851
801180,2024-02-28,2034.18,2099.34,2124.13,2034.18,50.66748755,198.07470641
801180,2024-02-29,2073.17,2017.33,2073.17,2017.33,34.25801497,138.75237795
801180,2024-03-01,2062.76,2078.75,2081.31,2046.74,30.71074503,134.3548853
801180,2024-03-04,2011.08,2050.34,2050.34,1992.33,34.86345774,171.28077841
801180,2024-03-05,2006.92,1996.36,2019.42,1975.99,32.81990594,159.97817892
801180,2024-03-06,1992.5,1995.84,2011.77,1979.3,26.62883821,121.79658344
801180,2024-03-07,1976.23,1995.69,2010.6,1976.23,28.3234202,126.4896015
801180,2024-03-08,1969.45,1976.22,1979.43,1950.88,26.3959192,111.40739249
801180,2024-03-11,2018.72,1970.95,2018.72,1970.51,31.0817773,136.72388547
801180,2024-03-12,2097.64,2015.82,2114.06,2006.97,52.24185054,229.27118695
801180,2024-03-13,2048.53,2081.65,2081.65,2041.08,36.44368187,156.72051401
801180,2024-03-14,2060.46,2042.6,2082.26,2041.86,32.5929,143.81794875
801180,2024-03-15,2057.55,2052.5,2069.33,2037.45,27.67488678,119.59498558
801180,2024-03-18,2057.71,2057.81,2057.81,2038.91,27.50386003,125.130803
801180,2024-03-19,2041.34,2052.02,2060.33,2041.34,26.93421141,120.85921047
801180,2024-03-20,2046.3,2036.53,2052.18,2028.42,24.81720918,113.02144057
801180,2024-03-21,2058.44,2044.57,2074.57,2044.54,30.14580294,134.7819565
801180,2024-03-22,2030.17,2051.6,2051.6,2010.05,33.15163959,134.66725514
801180,2024-03-25,2043.05,2026.72,2084.19,2014.11,35.93798409,171.06759944
801180,2024-03-26,2071.82,2037.37,2074.2,2035.4,37.0396115,164.36251913
801180,2024-03-27,2011.08,2065.3,2065.3,2011.08,34.89042273,147.06801371
801180,2024-03-28,2018.69,2002.91,2037.29,2002.3,29.38284306,129.50793977
801180,2024-03-29,1994.8,1999.66,2012.38,1981.92,28.20617947,120.36823853
801180,2024-04-01,2015.73,1993.14,2026.79,1993.14,27.54358738,127.23358153
801180,2024-04-02,1992.68,2011.26,2014.1,1983.91,39.27741278,165.69429274
801180,2024-04-03,1965.83,1981.25,1989.24,1964.39,27.10565858,114.83124287
801180,2024-04-08,1927.42,1956.21,1965.5,1927.42,27.51439231,112.75546637
801180,2024-04-09,1940.54,1928.77,1940.54,1923.7,23.16872912,96.30763846
801180,2024-04-10,1876.21,1936.97,1937.01,1862.93,28.7547082,120.6093853
801180,2024-04-11,1870.86,1856.95,1883.03,1849.94,21.23889784,88.78238466
801180,2024-04-12,1825.59,1863.7,1873.75,1825.22,24.35568664,95.91009271
801180,2024-04-15,1806.5,1815.05,1833.06,1775.04,32.65813684,117.34830052
801180,2024-04-16,1759.85,1792.36,1792.36,1746.37,31.38185784,118.31426396
801180,2024-04-17,1808.45,1756.72,1809.6,1756.72,29.03464264,112.54341571
801180,2024-04-18,1794.53,1802.24,1817.1,1782.86,24.47766469,103.36712044
801180,2024-04-19,1773.25,1782.62,1801.18,1769.42,23.56805412,88.85565394
801180,2024-04-22,1761.32,1770.77,1781.62,1756.2,21.98695308,93.42443381
801180,2024-04-23,1750.21,1761.56,1767.9,1747.56,17.65345072,76.00800112
801180,2024-04-24,1746.84,1750.53,1750.53,1729.15,20.17215903,77.83723654
801180,2024-04-25,1756.52,1738.21,1771.78,1736.03,21.54241529,86.63411354
801180,2024-04-26,1828.17,1751.93,1829.9,1743.21,35.65896329,162.5951246
801180,2024-04-29,1946.65,1819.37,1947.81,1819.37,55.76718234,252.91986884
801180,2024-04-30,1909.74,1949.07,1952.61,1897.57,55.1078077,243.10737423
801180,2024-05-06,1920.29,1953.34,1979.43,1920.17,54.53301702,242.57328894
801180,2024-05-07,1950.11,1908.75,1959.88,1903.9,53.11974816,218.70420878
801180,2024-05-08,1892.62,1933.54,1933.54,1892.56,35.50955323,145.97441135
801180,2024-05-09,1923.62,1901.6,1949.28,1901.6,42.60556759,174.16091412
801180,2024-05-10,1993.38,1932.78,2004.33,1921.05,63.01857224,273.89881192
801180,2024-05-13,1968.03,1969.16,1988.32,1951.79,43.91431455,193.72324152
801180,2024-05-14,1977.13,1965.93,1994.56,1955.17,38.55464544,166.58869784
801180,2024-05-15,2017.19,1970.58,2064.6,1970.58,55.54604944,262.09364296
801180,2024-05-16,2091.3,2017.39,2118.25,2017.39,74.27518258,346.61291177
801180,2024-05-17,2245.52,2119.21,2245.68,2084.76,113.74131049,542.64212628
801180,2024-05-20,2213.32,2230.58,2274.34,2195.88,103.13128302,507.7803086
801180,2024-05-21,2214.21,2196.06,2238.57,2196.06,75.06740803,350.86015874
801180,2024-05-22,2243.64,2220.84,2322.44,2216.97,97.25795148,484.00032721
801180,2024-05-23,2203.49,2207.23,2216.3,2168.32,78.35281987,377.69418981
801180,2024-05-24,2127.32,2177.75,2177.75,2124.92,55.37047741,263.13253166
801180,2024-05-27,2124.81,2118.89,2124.81,2072.14,47.18625975,226.31780649
801180,2024-05-28,2068.69,2148.04,2148.04,2063.57,53.32453504,264.07051551
801180,2024-05-29,2076.17,2069.34,2116.61,2065.74,47.96361719,216.22118308
801180,2024-05-30,2027.7,2056.83,2058.53,2020.91,43.74094558,200.64193107
801180,2024-05-31,2026.98,2030.9,2049.36,2017.75,37.00122567,167.79039341
801180,2024-06-03,1994.4,2015.55,2015.55,1980.26,38.45241449,164.81787509
801180,2024-06-04,2029.18,1989.16,2044.59,1966.43,44.64380725,204.69111535
801180,2024-06-05,1976.34,2018.34,2018.34,1975.64,34.15022815,145.55791771
801180,2024-06-06,1942.31,1976.54,1992.68,1926.58,37.52097573,155.27845796
801180,2024-06-07,1983.33,1948.03,1992.76,1948.03,34.59263842,169.10230106
801180,2024-06-11,1960.39,1971.76,1989.67,1945.52,29.55931628,150.05074118
801180,2024-06-12,1955.26,1953.56,1966.61,1945.12,26.34490071,120.9846169
801180,2024-06-13,1922.04,1968.2,1969.44,1915.97,33.12518646,150.34793199
801180,2024-06-14,1954.1,1914.57,1972.34,1909.78,38.08562585,171.82583026
801180,2024-06-17,1918.54,1935.64,1940.26,1913.99,29.33363946,138.25740057
801180,2024-06-18,1910.67,1917.38,1917.38,1906.94,24.72215113,110.63556183
801180,2024-06-19,1895.82,1910.79,1918.25,1893.01,23.73998655,108.66199089
801180,2024-06-20,1840.71,1891.71,1891.71,1839.99,29.21497012,123.21911418
801180,2024-06-21,1841.47,1843.43,1860.47,1835.93,20.3620826,88.79341799
801180,2024-06-24,1781.55,1828.66,1833.95,1779.36,27.76460658,111.24019152
801180,2024-06-25,1804.66,1781.72,1830.71,1770.33,33.80485999,132.47923763
801180,2024-06-26,1811.62,1793.23,1814.43,1777.74,27.14685867,101.62932513
801180,2024-06-27,1774.57,1813.87,1825.68,1774.57,28.87131377,115.48278397
801180,2024-06-28,1753.96,1768.05,1795.46,1747.69,28.34410214,116.35000318
801180,2024-07-01,1836.58,1754.26,1841.38,1754.26,38.11209847,160.39976769
801180,2024-07-02,1821.05,1831.27,1864.02,1815.8,36.56147999,147.43392213
801180,2024-07-03,1840.66,1818.83,1863.62,1799.47,34.4962122,140.06098627
801180,2024-07-04,1777.57,1833.92,1833.92,1777.0,29.59425838,113.54185584
801180,2024-07-05,1768.22,1771.99,1785.9,1751.96,22.16610053,86.95636748
801180,2024-07-08,1715.58,1760.11,1760.11,1709.4,24.58039163,94.65949793
801180,2024-07-09,1727.75,1715.74,1733.01,1685.81,25.32158464,99.61876207
801180,2024-07-10,1702.91,1704.05,1727.53,1685.11,24.94269898,92.27717055
801180,2024-07-11,1743.32,1723.51,1748.42,1710.08,25.64468072,99.89959972
801180,2024-07-12,1787.87,1753.39,1823.58,1753.39,39.39638744,161.60087174
801180,2024-07-15,1759.71,1774.9,1777.45,1753.48,23.93939526,93.21228568
801180,2024-07-16,1769.71,1757.65,1783.59,1746.54,21.01508268,89.87945
801180,2024-07-17,1796.42,1767.91,1814.74,1767.91,30.36288606,133.42027856
801180,2024-07-18,1808.18,1792.49,1808.51,1773.34,24.13230952,111.89295615
801180,2024-07-19,1774.97,1793.77,1793.77,1760.5,24.37277368,111.68716341
801180,2024-07-22,1765.46,1774.31,1777.93,1750.77,19.49122005,85.81909044
801180,2024-07-23,1737.15,1762.76,1777.82,1737.15,21.4419128,86.10964282
801180,2024-07-24,1692.18,1733.97,1744.09,1689.72,23.92337429,90.37544621
801180,2024-07-25,1705.96,1687.79,1720.85,1686.44,18.78375383,69.82604362
801180,2024-07-26,1727.17,1707.76,1745.73,1707.71,18.1668531,70.19657308
801180,2024-07-29,1704.14,1726.43,1726.43,1695.23,19.89683218,80.72126745
801180,2024-07-30,1727.97,1689.19,1734.24,1689.19,28.57680739,110.90160682
801180,2024-07-31,1793.73,1728.32,1794.92,1715.71,35.10530678,144.58970071
801180,2024-08-01,1761.72,1793.89,1803.45,1760.58,28.52638772,119.97921223
801180,2024-08-02,1749.94,1748.86,1778.15,1747.99,27.89112284,108.5038404
801180,2024-08-05,1730.59,1736.65,1785.76,1730.59,32.52820366,126.17064768
801180,2024-08-06,1772.92,1744.72,1773.49,1737.39,30.64949234,119.02151467
801180,2024-08-07,1754.26,1764.81,1765.85,1739.45,23.45602524,89.89511099
801180,2024-08-08,1777.77,1762.64,1813.72,1746.09,38.39298299,146.86035373
801180,2024-08-09,1806.99,1769.77,1846.9,1769.77,51.51893704,199.72359538
801180,2024-08-12,1749.37,1800.63,1802.72,1744.6,37.00229679,135.40989117
801180,2024-08-13,1745.38,1744.58,1749.99,1726.28,23.64168024,83.52821993
801180,2024-08-14,1730.71,1742.91,1751.03,1730.71,17.38608623,62.70528834
801180,2024-08-15,1759.33,1726.53,1767.48,1719.19,29.40602218,108.1855248
801180,2024-08-16,1736.31,1754.15,1759.54,1735.22,26.38038095,92.8128857
801180,2024-08-19,1729.44,1728.86,1749.04,1717.25,23.20029106,82.23101884
801180,2024-08-20,1699.58,1730.19,1734.73,1694.41,20.5006059,74.61376744
801180,2024-08-21,1692.2,1694.84,1705.44,1678.6,19.18797875,71.63650163
801180,2024-08-22,1682.67,1696.99,1715.22,1681.76,21.28518983,81.93353095
801180,2024-08-23,1670.65,1676.08,1682.73,1662.61,18.64014176,70.37620503
801180,2024-08-26,1691.52,1668.38,1704.65,1660.68,18.63858,71.555106
801180,2024-08-27,1640.46,1687.16,1687.16,1636.98,19.00955091,71.08435655
801180,2024-08-28,1627.84,1637.16,1646.93,1621.35,16.77881496,54.86356337
801180,2024-08-29,1633.91,1622.48,1641.08,1618.31,16.28561419,54.61379871
801180,2024-08-30,1713.17,1634.85,1752.91,1634.85,43.25517492,172.90388713
801180,2024-09-02,1667.01,1695.86,1707.39,1666.42,31.56446899,114.9385168
801180,2024-09-03,1686.17,1663.81,1700.14,1653.47,25.75536121,97.10180727
801180,2024-09-04,1666.29,1676.53,1712.51,1664.46,26.28449979,99.6219193
801180,2024-09-05,1699.28,1682.81,1708.78,1678.26,28.90110166,101.64825097
801180,2024-09-06,1672.36,1690.46,1698.4,1670.48,22.09091589,76.70018198
801180,2024-09-09,1663.66,1663.01,1675.69,1645.02,17.09462525,63.75426959
801180,2024-09-10,1646.31,1664.18,1669.83,1625.22,18.96866744,73.26199883
801180,2024-09-11,1649.74,1637.66,1658.81,1630.61,15.77252421,63.62292297
801180,2024-09-12,1651.35,1648.24,1674.08,1648.24,16.65284007,66.88684948
801180,2024-09-13,1664.0,1656.44,1678.46,1653.78,22.87299305,88.29845912
801180,2024-09-18,1703.23,1672.53,1719.76,1655.06,33.78651015,129.463687
801180,2024-09-19,1750.38,1711.35,1775.84,1711.27,45.72763314,203.77217539
801180,2024-09-20,1778.14,1723.05,1784.01,1723.05,45.78149921,200.92458161
801180,2024-09-23,1778.76,1758.34,1790.72,1752.52,33.2502415,147.01332039
801180,2024-09-24,1819.65,1810.41,1822.0,1766.9,51.58685324,240.89869812
801180,2024-09-25,1851.19,1826.53,1924.16,1822.82,68.61888693,296.40082546
801180,2024-09-26,2000.75,1839.38,2000.92,1839.38,88.7131342,379.84373391
801180,2024-09-27,2136.34,2080.14,2137.02,2070.37,84.18578984,410.61006263
801180,2024-09-30,2333.64,2303.42,2337.17,2217.08,107.36668071,582.17409982
801180,2024-10-08,2387.25,2557.26,2557.26,2270.43,156.12444935,858.02569697
801180,2024-10-09,2173.12,2298.09,2298.09,2173.12,83.24892096,449.09845555
801180,2024-10-10,2143.65,2132.57,2210.21,2084.4,75.63458344,381.54931586
801180,2024-10-11,2139.74,2124.52,2181.23,2113.26,59.45885536,296.64169927
801180,2024-10-14,2222.2,2205.35,2242.67,2165.5,67.20404604,356.23162001
801180,2024-10-15,2189.92,2189.18,2248.8,2181.35,60.01911782,312.84525441
801180,2024-10-16,2310.35,2211.7,2311.11,2211.7,83.64375289,462.24256454
801180,2024-10-17,2166.41,2313.94,2313.94,2166.02,82.66184078,433.22319257
801180,2024-10-18,2203.07,2139.8,2235.88,2107.06,66.81827867,358.34374079
801180,2024-10-21,2211.66,2207.08,2230.09,2180.37,56.97763378,333.91849881
801180,2024-10-22,2233.36,2203.21,2234.37,2203.21,45.44133734,259.97151198
801180,2024-10-23,2237.08,2229.39,2261.52,2219.79,49.62257838,267.67479383
801180,2024-10-24,2230.68,2223.08,2256.48,2221.01,43.85320296,226.11038708
801180,2024-10-25,2268.6,2240.92,2287.44,2240.92,54.13725886,277.56793991
801180,2024-10-28,2347.18,2277.03,2347.18,2277.03,67.25266123,343.29420118
801180,2024-10-29,2296.91,2349.38,2381.67,2296.91,66.26555502,347.89670152
801180,2024-10-30,2329.99,2298.06,2362.55,2298.06,70.26490594,357.33853848
801180,2024-10-31,2404.97,2325.55,2453.96,2315.13,91.62332132,471.64163171
801180,2024-11-01,2404.94,2423.77,2459.16,2376.08,92.36624454,523.18930141
801180,2024-11-04,2403.88,2407.77,2407.77,2353.04,67.93143931,404.83131925
801180,2024-11-05,2504.48,2398.26,2510.74,2397.57,78.62706944,467.79999447
801180,2024-11-06,2557.46,2515.8,2598.23,2456.99,100.82258141,575.82877576
801180,2024-11-07,2656.47,2526.74,2657.64,2525.48,98.79155181,563.70204342
801180,2024-11-08,2569.08,2701.55,2701.55,2562.23,110.88673466,596.00515533
801180,2024-11-11,2542.13,2548.76,2571.76,2507.35,77.35635625,436.28297637
801180,2024-11-12,2522.68,2530.75,2573.37,2501.94,68.4131739,392.56475115
801180,2024-11-13,2500.0,2504.96,2539.54,2470.82,65.55434442,346.95815283
801180,2024-11-14,2418.34,2545.55,2545.55,2418.34,65.57687908,352.74671011
801180,2024-11-15,2340.04,2400.38,2415.02,2339.96,55.79507259,280.08678007
801180,2024-11-18,2359.98,2365.72,2418.19,2350.24,67.86037026,319.02041069
801180,2024-11-19,2370.63,2354.2,2370.63,2302.47,62.73634144,286.0705475
801180,2024-11-20,2387.96,2357.87,2391.75,2342.71,50.05796197,238.85879829
801180,2024-11-21,2381.41,2377.68,2390.7,2361.56,45.00624579,222.63760806
801180,2024-11-22,2320.59,2376.2,2408.91,2320.48,57.34088168,285.75297654
801180,2024-11-25,2313.73,2319.61,2329.22,2277.91,47.70459061,230.54038312
801180,2024-11-26,2318.77,2306.56,2344.42,2301.61,39.98869008,205.37304763
801180,2024-11-27,2351.16,2303.7,2351.16,2266.65,43.01461079,216.13933133
801180,2024-11-28,2379.16,2353.75,2404.19,2353.75,56.79557749,281.16054326
801180,2024-11-29,2391.95,2362.04,2418.69,2357.92,51.79679311,278.0991796
801180,2024-12-02,2451.0,2387.77,2457.73,2386.92,63.01550519,318.20741831
801180,2024-12-03,2475.65,2451.57,2484.67,2439.89,68.72574445,347.68831322
801180,2024-12-04,2422.54,2469.65,2477.18,2414.69,62.71521143,308.47356596
801180,2024-12-05,2436.97,2413.37,2436.97,2401.93,50.13965691,238.23217288
801180,2024-12-06,2470.44,2436.93,2484.24,2425.1,71.28849064,329.01684939
801180,2024-12-09,2398.14,2467.4,2471.94,2384.8,68.35234654,312.90928614
801180,2024-12-10,2420.42,2524.97,2524.97,2417.95,84.66357475,415.34737425
801180,2024-12-11,2475.68,2409.33,2483.37,2408.46,77.68089725,347.47168209
801180,2024-12-12,2506.48,2470.58,2507.69,2450.35,80.28490215,363.03403169
801180,2024-12-13,2424.66,2484.54,2484.54,2423.72,80.00577321,373.00518802
801180,2024-12-16,2397.55,2430.41,2431.34,2387.66,60.67417437,282.1232997
801180,2024-12-17,2331.98,2396.93,2397.85,2330.45,59.53374533,268.0404237
801180,2024-12-18,2331.01,2340.05,2341.94,2322.16,45.76950391,205.578798
801180,2024-12-19,2305.09,2299.43,2310.33,2284.41,47.18257831,212.14143437
801180,2024-12-20,2307.55,2299.15,2317.41,2290.24,41.76867369,197.73137288
801180,2024-12-23,2226.42,2299.42,2299.47,2225.51,47.47022354,208.55412284
801180,2024-12-24,2235.21,2224.25,2238.45,2212.43,37.73904926,164.77247722
801180,2024-12-25,2202.37,2231.98,2231.98,2178.46,38.46590744,171.19101013
801180,2024-12-26,2201.56,2198.49,2217.59,2192.38,29.30694228,133.13456341
801180,2024-12-27,2225.78,2201.57,2241.14,2200.7,34.76366969,158.32049486
801180,2024-12-30,2192.88,2213.55,2213.55,2177.38,33.89011252,151.3893703
801180,2024-12-31,2157.29,2194.48,2208.2,2157.29,32.79032145,156.77992926
801180,2025-01-02,2120.94,2157.93,2190.53,2105.48,42.333863,193.43123475
801180,2025-01-03,2055.39,2124.39,2124.39,2052.08,41.78771503,173.07654252
801180,2025-01-06,2041.27,2049.57,2094.49,2021.83,33.22442508,135.64158397
801180,2025-01-07,2063.62,2041.61,2063.95,2031.15,28.23609245,117.81858685
801180,2025-01-08,2054.54,2057.61,2064.34,2010.59,32.48029974,135.6560485
801180,2025-01-09,2055.64,2045.8,2067.02,2042.68,30.63380348,125.60480373
801180,2025-01-10,1999.59,2057.23,2060.79,1999.59,32.75202035,136.63045171
801180,2025-01-13,2021.92,1978.88,2022.05,1968.88,27.90309089,117.41122294
801180,2025-01-14,2080.18,2024.31,2082.33,2024.22,35.66059729,153.22289276
801180,2025-01-15,2071.97,2076.64,2092.45,2052.23,30.90976595,129.64814903
801180,2025-01-16,2076.59,2075.72,2113.56,2060.84,33.29012706,137.10422621
801180,2025-01-17,2077.32,2051.11,2093.07,2040.1,36.65763888,167.65395582
801180,2025-01-20,2086.22,2075.26,2107.85,2042.1,37.80790349,164.93536112
801180,2025-01-21,2107.34,2091.82,2159.4,2084.55,53.51908886,247.49986568
801180,2025-01-22,2035.22,2085.62,2085.62,2031.44,39.82447222,174.21679294
801180,2025-01-23,2053.59,2056.37,2101.14,2053.59,39.86429637,188.17164513
801180,2025-01-24,2050.53,2045.9,2062.28,2033.81,31.75476486,138.11554456
801180,2025-01-27,2025.21,2046.38,2076.41,2025.21,30.00646791,126.9238226
801180,2025-02-05,2013.39,2024.88,2025.44,1999.12,31.23906872,132.63244017
801180,2025-02-06,2032.37,2012.25,2040.39,1998.41,34.94050589,145.78816311
801180,2025-02-07,2078.91,2031.33,2097.75,2025.8,44.36518717,197.75109549
801180,2025-02-10,2110.21,2078.11,2112.03,2078.11,38.0660082,170.05703478
801180,2025-02-11,2074.94,2118.46,2118.46,2068.76,32.44494961,145.50809748
801180,2025-02-12,2139.32,2077.72,2139.37,2060.31,44.59615448,212.28325841
801180,2025-02-13,2151.42,2125.48,2178.97,2122.53,59.00558664,285.5153669
801180,2025-02-14,2120.95,2145.51,2151.76,2107.14,43.81525031,193.96834665
801180,2025-02-17,2136.54,2121.08,2153.88,2112.43,46.0667415,202.33855728
801180,2025-02-18,2077.96,2134.32,2134.32,2073.3,39.83764795,174.6217365
801180,2025-02-19,2100.39,2076.59,2100.39,2074.42,31.4004608,142.62145691
801180,2025-02-20,2088.55,2097.32,2097.32,2079.14,33.13222707,150.70458912
801180,2025-02-21,2087.51,2091.92,2101.13,2065.55,38.05094604,177.82726899
801180,2025-02-24,2122.09,2087.96,2134.26,2087.96,47.19848213,230.10099814
801180,2025-02-25,2108.41,2104.16,2131.89,2095.64,39.31221135,189.68621212
801180,2025-02-26,2154.89,2118.57,2154.89,2118.54,47.34627084,226.93103669
801180,2025-02-27,2165.52,2152.86,2183.33,2150.25,47.44284183,231.11597637
801180,2025-02-28,2133.95,2159.22,2173.66,2132.57,49.39381166,235.01574732
801180,2025-03-03,2144.27,2139.14,2181.81,2135.13,43.97790031,213.7870445
801180,2025-03-04,2138.15,2130.79,2139.82,2112.11,32.64978396,160.98570068
801180,2025-03-05,2106.87,2133.91,2133.91,2084.3,36.74742823,172.02309409
801180,2025-03-06,2155.98,2116.06,2156.94,2112.76,42.52875197,203.05438315
801180,2025-03-07,2114.62,2140.8,2140.8,2110.37,36.25169227,169.74683264
801180,2025-03-10,2110.25,2122.16,2125.9,2100.98,28.25794251,145.16621191
801180,2025-03-11,2112.33,2091.99,2112.33,2084.71,27.55718085,148.35597471
801180,2025-03-12,2102.93,2111.5,2113.55,2100.36,25.28703572,130.88269552
801180,2025-03-13,2082.98,2098.94,2099.59,2068.68,24.38086073,116.8943396
801180,2025-03-14,2124.72,2086.18,2124.72,2084.16,35.17495034,168.77225221
801180,2025-03-17,2145.14,2135.22,2159.74,2135.22,37.22788635,167.30880415
801180,2025-03-18,2136.74,2146.29,2147.38,2129.62,30.19025349,137.85778083
801180,2025-03-19,2123.06,2134.13,2134.13,2116.28,25.29973576,118.25336822
801180,2025-03-20,2121.54,2120.75,2134.95,2118.45,25.48582176,120.5995141
801180,2025-03-21,2099.98,2115.13,2121.43,2090.03,29.31104645,139.70663737
801180,2025-03-24,2062.76,2096.4,2096.4,2043.97,33.46552264,142.47672975
801180,2025-03-25,2066.64,2060.72,2073.45,2051.32,23.86398994,104.68635537
801180,2025-03-26,2081.71,2066.15,2093.4,2066.15,27.18218415,113.07029796
801180,2025-03-27,2077.88,2079.93,2089.69,2057.85,27.66923643,119.73594791
801180,2025-03-28,2068.68,2077.39,2078.57,2059.04,27.57112414,117.59576211
801180,2025-03-31,2031.53,2061.85,2062.77,2023.4,32.15372028,138.74525682
801180,2025-04-01,2036.89,2031.55,2046.49,2029.8,26.92410666,118.22510453
801180,2025-04-02,2029.05,2032.78,2035.86,2024.55,19.9220379,87.02326264
801180,2025-04-03,2050.05,2015.5,2069.49,2014.23,26.78472059,126.09080484
801180,2025-04-07,1870.99,1967.59,1970.43,1856.83,36.42358263,161.07289743
801180,2025-04-08,1911.96,1859.53,1911.96,1858.27,39.22070557,171.35934553
801180,2025-04-09,1996.06,1889.34,2000.6,1851.69,48.76500559,218.85066155
801180,2025-04-10,2040.02,1991.17,2053.18,1979.79,47.4499275,223.1432781
801180,2025-04-11,2019.99,2021.93,2029.74,2003.56,33.71147111,161.16783722
801180,2025-04-14,2023.97,2018.13,2033.99,2015.91,30.31965463,136.86183455
801180,2025-04-15,2006.61,2023.18,2023.18,1994.33,23.05833808,99.83261898
801180,2025-04-16,2010.36,2006.35,2026.86,1988.63,27.40339751,118.59231747
801180,2025-04-17,2057.05,2001.39,2087.62,2001.13,43.18100855,208.68922547
801180,2025-04-18,2088.6,2052.69,2092.45,2045.05,45.15454655,196.41463966
801180,2025-04-21,2078.99,2075.29,2083.58,2058.19,38.79858013,166.85181594
801180,2025-04-22,2096.51,2075.18,2105.92,2074.04,43.00176218,196.06428097
801180,2025-04-23,2067.48,2092.68,2097.46,2063.19,40.14437362,181.87863616
801180,2025-04-24,2073.75,2066.25,2097.67,2049.86,40.81321721,178.62042922
801180,2025-04-25,2061.25,2073.45,2131.67,2060.03,62.97417354,293.29808457
801180,2025-04-28,1985.71,2045.52,2045.82,1983.36,51.62896958,218.50446517
801180,2025-04-29,1987.19,1980.62,1992.1,1976.73,28.51581065,119.57686997
801180,2025-04-30,1998.59,1990.02,2014.88,1990.02,37.00653619,147.91229607
801180,2025-05-06,2021.08,2007.8,2021.08,2007.02,33.85569201,150.70106625
801180,2025-05-07,2042.45,2064.77,2082.85,2034.52,44.10251784,195.36552515
801180,2025-05-08,2039.74,2036.67,2049.2,2030.67,35.66572336,144.77916363
801180,2025-05-09,2006.78,2041.2,2041.2,2006.78,31.16081862,133.79995493
801180,2025-05-12,2019.97,2016.85,2019.97,2009.49,25.16737433,111.14123281
801180,2025-05-13,2014.36,2031.85,2032.33,2011.03,25.00183956,108.62922218
801180,2025-05-14,2025.25,2014.9,2034.71,2002.64,30.639638,122.78145437
801180,2025-05-15,2001.7,2023.35,2025.46,2001.7,26.07016653,107.3577628
801180,2025-05-16,2000.54,2003.4,2004.95,1989.49,24.00245452,97.95243129
801180,2025-05-19,2035.57,2005.24,2043.01,2005.24,37.43122359,145.36968557
801180,2025-05-20,2033.24,2035.95,2038.46,2023.79,33.76506112,136.81613588
801180,2025-05-21,2022.52,2032.07,2032.12,2015.7,28.66977302,115.85642489
801180,2025-05-22,1994.41,2017.42,2019.2,1993.45,29.23979478,124.37352814
801180,2025-05-23,1971.22,1992.47,1998.41,1971.22,26.85243852,109.86029643
801180,2025-05-26,1975.29,1969.6,1984.71,1967.41,21.51647012,92.75081218
801180,2025-05-27,1987.64,1976.78,1990.84,1976.26,24.12578683,97.2568703
801180,2025-05-28,1974.18,1988.3,1990.82,1971.7,20.7436474,86.61915005
801180,2025-05-29,1993.04,1973.89,1995.73,1970.34,24.13579905,100.50661557
801180,2025-05-30,1989.86,1990.39,1998.22,1987.52,25.03540471,111.23942238
801180,2025-06-03,1983.77,1978.72,1993.57,1978.51,25.71660721,112.95457634
801180,2025-06-04,2003.49,1986.85,2004.8,1986.45,28.10543587,120.03018037
801180,2025-06-05,2004.34,2002.95,2012.26,1994.25,26.50194332,113.93831924
801180,2025-06-06,2006.95,2005.73,2011.69,2001.08,25.53188707,104.30583991
801180,2025-06-09,2008.13,2007.3,2011.8,1998.62,25.74816918,108.49056856
801180,2025-06-10,2001.4,2009.56,2024.09,1987.03,33.21478866,144.50638376
801180,2025-06-11,2013.73,2000.23,2020.72,2000.23,28.6677566,124.93933228
801180,2025-06-12,2002.62,2010.87,2010.87,1994.71,25.40270865,109.19079009
801180,2025-06-13,1971.62,1997.97,1997.97,1969.33,31.80234049,131.9728851
801180,2025-06-16,2008.08,1973.28,2018.65,1973.28,31.35152373,147.45669362
801180,2025-06-17,2002.21,2006.64,2006.76,1994.82,21.85055418,99.54584964
801180,2025-06-18,1975.24,1999.92,1999.93,1969.9,22.61086227,100.45074986
801180,2025-06-19,1939.73,1971.29,1973.32,1936.86,23.6473642,100.80728468
801180,2025-06-20,1938.26,1939.73,1948.87,1935.62,17.98935983,83.16268697
801180,2025-06-23,1949.48,1926.63,1950.86,1917.87,19.21988256,83.462328
801180,2025-06-24,1973.65,1950.46,1973.65,1950.46,22.6975162,97.45758947
801180,2025-06-25,2001.28,1975.23,2001.85,1967.75,28.60204517,124.94880801
801180,2025-06-26,1992.63,1998.97,2005.44,1987.95,26.21108428,116.42445588
801180,2025-06-27,1997.82,1991.23,2020.83,1991.23,27.9757777,118.16948095
801180,2025-06-30,2008.35,2001.96,2012.88,2000.41,23.53157839,107.97085514
801180,2025-07-01,2001.37,2010.36,2010.36,1989.9,23.4371922,117.36987681
801180,2025-07-02,2012.38,2000.63,2012.86,1993.69,28.20338944,120.99822053
801180,2025-07-03,2012.16,2011.97,2027.41,2010.43,24.97077281,106.04136743
801180,2025-07-04,2003.54,2015.14,2018.26,2001.78,28.26641908,115.01872514
801180,2025-07-07,2037.17,2000.81,2042.93,2000.81,36.8102682,159.54294734
801180,2025-07-08,2057.08,2035.96,2057.08,2033.17,35.36346991,153.61606596
801180,2025-07-09,2056.89,2056.77,2064.91,2050.04,34.18774581,153.09078683
801180,2025-07-10,2122.6,2054.1,2132.21,2054.1,63.50121351,272.05489615
801180,2025-07-11,2126.08,2130.51,2136.45,2118.31,59.10161713,259.0800523
801180,2025-07-14,2098.56,2125.0,2127.85,2092.75,53.11973849,217.68393411
801180,2025-07-15,2078.0,2090.94,2091.92,2047.89,59.20786557,249.50402408
801180,2025-07-16,2071.98,2071.91,2088.52,2062.47,40.51638131,184.40017026
801180,2025-07-17,2070.11,2067.37,2075.32,2060.07,34.41215971,154.22249529
801180,2025-07-18,2080.0,2073.63,2080.04,2064.46,31.10883117,151.69590717
801180,2025-07-21,2098.62,2079.34,2101.04,2079.24,37.33087481,173.2503895
801180,2025-07-22,2121.43,2107.18,2121.57,2085.89,43.42678471,205.16830154
801180,2025-07-23,2110.68,2123.26,2146.94,2109.38,47.13090515,242.65697519
801180,2025-07-24,2151.03,2105.35,2157.12,2105.35,47.22908557,226.52583052
801180,2025-07-25,2164.62,2157.16,2173.0,2142.39,42.32952935,236.05995083
801180,2025-07-28,2171.75,2162.03,2179.65,2141.95,36.51677906,208.67746929
801180,2025-07-29,2179.09,2166.02,2179.09,2161.17,38.4575402,213.73616184
801180,2025-07-30,2161.72,2172.34,2187.11,2161.37,40.77661659,236.28494404
801180,2025-07-31,2093.78,2151.2,2151.2,2088.82,45.54928426,251.19911404
801180,2025-08-01,2090.3,2093.47,2101.69,2084.16,26.77342867,155.00720692
801180,2025-08-04,2092.0,2083.92,2092.28,2076.92,22.01815934,120.40665274
801180,2025-08-05,2115.95,2092.92,2120.16,2092.92,26.11927054,166.90031982
801180,2025-08-06,2118.54,2112.23,2122.27,2101.82,26.51703986,158.85420153
801180,2025-08-07,2135.92,2115.33,2137.46,2110.86,29.38793232,178.30351293
801180,2025-08-08,2135.43,2133.3,2139.14,2124.71,27.25671022,170.54484134
801180,2025-08-11,2161.81,2150.2,2165.85,2150.2,38.01296022,203.4936958
801180,2025-08-12,2176.82,2164.76,2183.41,2162.58,37.14410378,225.53670093
801180,2025-08-13,2185.61,2188.51,2194.34,2175.41,38.37003301,227.12073924
801180,2025-08-14,2173.7,2197.2,2217.06,2173.1,47.19544127,272.65121888
801180,2025-08-15,2219.49,2184.82,2221.07,2184.82,47.51416723,278.74832709
801180,2025-08-18,2209.2,2232.73,2232.73,2204.54,55.33720917,321.95144689
801180,2025-08-19,2223.95,2208.05,2238.69,2208.05,55.60320805,320.44560596
801180,2025-08-20,2227.49,2215.86,2227.49,2198.23,48.05948715,268.73810571
801180,2025-08-21,2221.01,2228.93,2231.9,2215.09,42.14978517,224.13773991
801180,2025-08-22,2230.67,2223.84,2230.73,2213.59,41.1709111,214.60937471
801180,2025-08-25,2304.7,2245.59,2325.87,2244.76,87.2178398,442.40596909
801180,2025-08-26,2296.32,2290.55,2301.1,2273.77,56.50914519,351.54493792
801180,2025-08-27,2215.8,2286.12,2292.7,2215.8,57.74779431,340.32491699
801180,2025-08-28,2241.04,2218.99,2247.57,2200.47,47.76782656,264.40503896
801180,2025-08-29,2229.34,2268.92,2273.85,2229.34,48.88876441,333.31947206
801180,2025-09-01,2246.31,2233.64,2259.95,2223.67,46.00297235,281.2614953
801180,2025-09-02,2230.06,2243.67,2254.05,2219.8,48.89261134,304.87471527
801180,2025-09-03,2201.1,2238.27,2238.27,2192.91,46.02305013,277.07797903
801180,2025-09-04,2176.61,2200.23,2200.66,2159.28,43.69598103,244.99264764
801180,2025-09-05,2196.34,2176.55,2196.34,2158.7,42.75654755,234.22172631
801180,2025-09-08,2216.57,2206.94,2228.32,2206.03,50.61434858,270.54343049
801180,2025-09-09,2252.96,2222.18,2254.72,2217.09,60.29232143,320.8917658
801180,2025-09-10,2264.65,2245.04,2274.55,2245.04,54.50681889,272.20614593
801180,2025-09-11,2293.18,2258.2,2293.18,2247.59,54.92029085,297.99856137
801180,2025-09-12,2327.74,2293.82,2342.81,2293.82,72.66678018,385.09086139
801180,2025-09-15,2339.14,2329.4,2339.7,2285.63,79.17318396,369.76484803
801180,2025-09-16,2370.16,2332.65,2370.25,2332.63,79.92369276,367.03276548
801180,2025-09-17,2388.0,2365.19,2393.03,2343.0,75.97857904,382.23324377
801180,2025-09-18,2335.82,2387.77,2408.87,2320.18,81.97824774,453.52674165
801180,2025-09-19,2344.38,2341.67,2348.0,2291.57,73.66690526,396.66144191
801180,2025-09-22,2348.72,2325.82,2352.22,2295.66,60.54501761,351.83216911
801180,2025-09-23,2303.68,2331.13,2331.13,2255.1,66.53818142,377.06302779
801180,2025-09-24,2355.53,2294.57,2367.99,2294.56,55.53113732,340.82939274
801180,2025-09-25,2336.07,2357.43,2362.26,2330.51,50.30889495,363.48987187
801180,2025-09-26,2340.73,2323.64,2388.81,2323.64,49.77505301,344.33959054
801180,2025-09-29,2360.97,2338.85,2369.53,2318.46,46.7205481,313.51900149
801180,2025-09-30,2411.09,2366.94,2411.44,2365.61,48.20854689,349.68016309
801180,2025-10-09,2377.64,2400.97,2400.97,2345.05,55.57388525,388.95657396
801180,2025-10-10,2391.36,2355.37,2400.25,2355.37,52.17083447,343.12221017
801180,2025-10-13,2384.55,2323.43,2385.79,2323.43,46.66244108,302.88207281
801180,2025-10-14,2379.66,2394.03,2438.32,2371.16,58.49120825,373.4179908
801180,2025-10-15,2382.33,2380.55,2388.84,2358.73,42.01355153,257.65878889
801180,2025-10-16,2363.76,2376.78,2384.8,2353.39,41.87739187,241.98717824
801180,2025-10-17,2335.28,2364.12,2384.55,2334.18,48.69807189,284.35939924
801180,2025-10-20,2348.03,2351.19,2362.49,2338.94,44.42656138,263.02703878
801180,2025-10-21,2400.88,2343.94,2402.54,2337.75,55.94661018,295.07338149
801180,2025-10-22,2418.99,2401.11,2439.33,2396.66,62.35626071,363.32080828
801180,2025-10-23,2394.93,2432.68,2432.68,2373.34,57.46382312,338.24596105
801180,2025-10-24,2370.55,2394.64,2404.73,2368.74,47.7469373,285.36910208
801180,2025-10-27,2367.92,2382.39,2387.09,2366.05,41.59274753,267.43206313
801180,2025-10-28,2362.47,2369.96,2376.14,2359.93,42.78419589,264.84923466
801180,2025-10-29,2375.56,2359.76,2379.93,2354.18,55.76680786,296.82234671
801180,2025-10-30,2342.43,2373.53,2373.53,2342.43,51.26651957,282.78171646
801180,2025-10-31,2353.92,2345.77,2365.18,2345.77,54.68693982,297.53731169
801180,2025-11-03,2354.15,2354.57,2355.33,2333.15,48.97906357,270.77474091
801180,2025-11-04,2347.24,2357.34,2363.5,2335.39,49.81360505,259.45117381
801180,2025-11-05,2360.72,2323.55,2367.04,2323.55,53.01809881,257.96260222
801180,2025-11-06,2354.74,2365.83,2365.83,2347.71,51.40579734,254.43609736
801180,2025-11-07,2348.63,2357.51,2360.88,2348.17,48.39832172,245.77401122
801180,2025-11-10,2373.51,2346.01,2373.53,2345.55,54.35039636,274.30898403
801180,2025-11-11,2392.69,2375.56,2399.87,2375.56,58.94524985,299.31643772
801180,2025-11-12,2378.37,2391.42,2393.43,2368.44,54.30099545,261.84492358
801180,2025-11-13,2402.59,2372.11,2404.34,2353.81,60.21738873,285.47490015
801180,2025-11-14,2412.05,2394.55,2440.51,2394.55,62.52376307,313.91860719
801180,2025-11-17,2436.17,2414.46,2437.39,2414.46,59.52411375,289.29158802
801180,2025-11-18,2390.48,2445.94,2445.94,2375.37,84.85750669,395.89179484
801180,2025-11-19,2340.46,2380.81,2387.11,2331.0,69.57953196,338.71730875
801180,2025-11-20,2348.16,2340.1,2378.56,2311.19,73.29539202,348.229938
801180,2025-11-21,2271.52,2315.73,2340.99,2271.52,64.73504953,301.68381829
801180,2025-11-24,2277.41,2274.61,2301.19,2268.3,50.82309513,257.01256173
801180,2025-11-25,2300.72,2279.14,2312.55,2269.27,53.80748497,255.26156638
801180,2025-11-26,2293.3,2299.23,2323.18,2291.52,54.45909661,282.5967249
801180,2025-11-27,2278.78,2277.44,2298.79,2251.39,54.33931742,284.62456856
801180,2025-11-28,2287.77,2270.2,2288.17,2246.98,54.47010515,280.405201
801180,2025-12-01,2286.44,2289.02,2300.95,2281.08,50.45082463,276.1756008
801180,2025-12-02,2288.11,2283.32,2291.53,2259.84,51.1445681,254.35146433
801180,2025-12-03,2253.03,2289.92,2289.92,2251.73,51.99264558,251.339814
801180,2025-12-04,2235.14,2251.15,2251.15,2222.8,47.48469347,227.35437326
801180,2025-12-05,2238.52,2227.91,2240.09,2201.17,46.35598739,225.50799032
801180,2025-12-08,2249.53,2235.39,2256.28,2235.39,46.01595341,242.77727753
801180,2025-12-09,2202.29,2239.74,2239.77,2201.89,47.43019144,232.44860671
801180,2025-12-10,2258.02,2194.61,2269.11,2189.09,68.05237238,317.62651374
801180,2025-12-11,2189.0,2247.31,2247.31,2189.0,59.74311057,278.97902792
801180,2025-12-12,2179.87,2194.34,2200.32,2179.77,43.74017506,232.66837279
801180,2025-12-15,2159.88,2158.87,2177.61,2155.82,37.42366849,182.01008111
801180,2025-12-16,2137.66,2160.24,2169.57,2122.52,45.92948688,210.33994007
801180,2025-12-17,2139.53,2126.82,2143.34,2103.47,37.92626732,172.8779628
801180,2025-12-18,2128.09,2134.51,2150.6,2128.09,33.47474384,168.11288988
801180,2025-12-19,2170.86,2128.94,2174.26,2128.91,44.43727745,206.63035855
801180,2025-12-22,2189.96,2174.72,2194.48,2172.02,42.86764206,217.8537391
801180,2025-12-23,2172.07,2196.94,2196.95,2167.23,42.21774191,212.0953873
801180,2025-12-24,2186.66,2168.98,2191.4,2168.98,32.64835121,179.65237426
801180,2025-12-25,2203.49,2198.93,2208.03,2185.07,42.40328631,233.14931422
801180,2025-12-26,2212.34,2201.1,2230.48,2199.93,43.76473075,239.05057204
801180,2025-12-29,2199.34,2215.71,2226.93,2193.84,46.39634868,253.80756731
801180,2025-12-30,2172.51,2187.05,2187.05,2167.34,44.46256263,231.37503157
801180,2025-12-31,2197.09,2185.01,2207.84,2163.41,44.38132436,252.81852482
801180,2026-01-05,2225.97,2200.31,2232.37,2200.31,52.53423016,306.71238245
801180,2026-01-06,2254.31,2226.58,2260.9,2226.58,51.88410364,282.99631467
801180,2026-01-07,2255.75,2262.89,2280.23,2244.75,46.39714361,300.29564308
801180,2026-01-08,2291.93,2248.32,2306.97,2244.08,68.07729034,362.87096302
801180,2026-01-09,2308.54,2292.69,2310.35,2278.13,59.42076141,340.72124858
801180,2026-01-12,2301.73,2304.77,2319.85,2292.89,58.4446371,340.45577274
801180,2026-01-13,2263.19,2299.44,2300.45,2259.86,55.87826064,307.1144929
801180,2026-01-14,2236.55,2257.83,2286.51,2222.7,60.36212883,322.79949243
801180,2026-01-15,2246.0,2232.38,2257.61,2226.44,48.10915741,253.24547793
801180,2026-01-16,2227.38,2257.5,2257.5,2217.62,47.63968666,258.17444095
801180,2026-01-19,2251.61,2224.38,2261.42,2217.09,54.66797027,279.59828324
801180,2026-01-20,2286.45,2242.26,2291.67,2242.26,68.54477557,351.88429128
801180,2026-01-21,2300.94,2273.13,2312.68,2273.13,58.84498298,327.42945744
801180,2026-01-22,2317.76,2307.56,2322.5,2299.78,53.97816596,308.03563013
801180,2026-01-23,2343.49,2320.33,2347.13,2311.42,54.03398776,297.35559051
801180,2026-01-26,2291.26,2343.69,2343.69,2282.48,56.43455768,294.7222744
801180,2026-01-27,2270.03,2287.56,2287.56,2240.45,45.94723453,237.56701595
801180,2026-01-28,2289.05,2281.04,2298.93,2268.86,44.8497855,241.14033825
801180,2026-01-29,2349.8,2282.94,2368.77,2272.73,76.60850328,384.56418783
801180,2026-01-30,2291.65,2334.57,2337.59,2275.02,61.7782631,308.52798535
801180,2026-02-02,2213.49,2257.83,2282.59,2213.04,51.10346158,247.75387044
801180,2026-02-03,2255.48,2244.63,2261.7,2229.15,45.23882051,206.2425757
801180,2026-02-04,2322.38,2250.91,2324.24,2244.51,65.2717298,303.75560631
801180,2026-02-05,2316.76,2308.55,2331.28,2305.98,51.27308101,245.51572871
801180,2026-02-06,2291.85,2301.2,2314.9,2285.02,40.69535999,201.92314709
801180,2026-02-09,2336.82,2310.0,2359.56,2310.0,50.21338426,246.01650806
801180,2026-02-10,2304.21,2336.59,2336.59,2302.34,38.50123275,190.83183452
801180,2026-02-11,2300.93,2300.47,2314.77,2291.2,31.78072174,156.74698346
801180,2026-02-12,2285.39,2302.07,2311.4,2285.39,35.48233818,170.25539686
801180,2026-02-13,2276.06,2288.96,2302.81,2273.41,32.82631126,172.0029231
801180,2026-02-24,2282.39,2287.74,2295.44,2269.48,34.35915959,184.11216481
801180,2026-02-25,2340.21,2287.7,2355.5,2287.7,50.82657256,255.69878212
801180,2026-02-26,2287.62,2342.38,2342.38,2282.23,49.31144043,243.09938873
801180,2026-02-27,2289.83,2284.54,2290.42,2269.95,31.65695212,164.9536498
801180,2026-03-02,2240.0,2252.95,2265.73,2223.09,41.38674317,205.9121123
801180,2026-03-03,2179.22,2240.23,2252.9,2178.61,41.38241868,202.13727156
801180,2026-03-04,2157.24,2160.19,2185.52,2141.39,32.27519399,158.94707028
801180,2026-03-05,2171.56,2182.33,2190.05,2163.57,27.79570185,146.02018301
801180,2026-03-06,2196.1,2164.66,2196.6,2164.66,29.22922052,144.72205954
801180,2026-03-09,2161.42,2165.45,2165.45,2130.23,31.46130146,165.63384485
801180,2026-03-10,2184.08,2176.49,2185.47,2172.24,26.97195738,138.89793444
801180,2026-03-11,2190.83,2182.72,2195.14,2177.71,27.32480561,142.38348041
801180,2026-03-12,2182.02,2187.66,2198.6,2172.39,27.67098444,134.43143298
801180,2026-03-13,2184.48,2179.75,2222.42,2179.75,36.24977802,180.68307755
801180,2026-03-16,2197.45,2186.78,2214.04,2181.25,32.37572829,165.06484041
801180,2026-03-17,2205.49,2207.31,2247.66,2204.41,51.98507326,228.20642826
801180,2026-03-18,2182.42,2202.75,2202.75,2161.69,40.22679916,191.43773749
801180,2026-03-19,2122.59,2162.68,2165.67,2116.83,34.23519132,162.12458609
801180,2026-03-20,2092.49,2127.55,2139.73,2092.49,34.85926142,167.26041255
801180,2026-03-23,1987.85,2062.02,2063.54,1977.52,45.91118857,213.30754218
801180,2026-03-24,2045.52,2018.94,2045.52,1992.16,38.02955238,175.52008019
801180,2026-03-25,2077.47,2049.25,2077.47,2048.14,32.36774482,156.94085788
801180,2026-03-26,2044.52,2074.66,2091.65,2041.57,29.77865463,146.12195409
801180,2026-03-27,2062.77,2025.52,2066.13,2025.52,30.32006049,144.39420365
801180,2026-03-30,2055.78,2040.17,2057.12,2015.48,30.15408189,144.77359892
801180,2026-03-31,2032.13,2058.24,2078.79,2031.41,32.14113111,150.12229824
801180,2026-04-01,2042.75,2060.37,2060.37,2032.46,30.56856946,146.244456
801180,2026-04-02,1996.84,2036.22,2036.22,1990.49,30.21867404,141.47046725
801180,2026-04-03,1951.94,1998.66,1998.66,1948.15,27.0845324,117.53306931
801180,2026-04-07,1965.57,1952.16,1967.3,1947.44,23.63821216,110.53400451
801180,2026-04-08,2038.72,1995.23,2038.72,1995.23,31.78746872,156.61762076
801180,2026-04-09,2014.9,2023.38,2024.34,2006.2,29.03884655,155.7080707
801180,2026-04-10,2030.15,2025.56,2047.0,2025.56,26.621593,140.29533316
801180,2026-04-13,2050.2,2018.84,2056.05,2017.53,31.8723893,158.86462723
801180,2026-04-14,2103.59,2063.41,2104.66,2058.33,47.12675868,222.08336566
801180,2026-04-15,2070.69,2106.53,2108.09,2067.69,48.95831767,205.45679021
801180,2026-04-16,2083.27,2069.42,2086.18,2065.17,34.79509036,151.8345796
801180,2026-04-17,2114.07,2086.44,2130.53,2083.49,41.14582828,199.38248565
801180,2026-04-20,2105.62,2107.56,2107.56,2093.14,36.35560271,186.83321264
801180,2026-04-21,2107.84,2105.2,2115.55,2098.31,32.82021555,160.67499837
801180,2026-04-22,2116.32,2102.29,2117.36,2098.48,33.52579615,166.67518748
801180,2026-04-23,2103.49,2113.95,2124.07,2098.43,34.44515907,190.46433965
801180,2026-04-24,2093.3,2098.1,2103.28,2085.29,33.13441162,198.85458853
801180,2026-04-27,2093.56,2091.82,2099.11,2062.9,37.84677888,198.89824424
801180,2026-04-28,2098.47,2093.12,2109.31,2090.06,37.80435279,195.97282693
801180,2026-04-29,2139.29,2095.24,2143.34,2095.24,41.74807789,201.38283732
801180,2026-04-30,2173.89,2142.4,2184.9,2141.96,47.05528829,255.59716546
801180,2026-05-06,2215.85,2192.96,2222.55,2181.79,54.5504394,310.53360789
801180,2026-05-07,2225.9,2216.19,2229.63,2214.71,52.32189219,282.4520499
801180,2026-05-08,2255.05,2219.37,2262.82,2218.29,51.4398428,279.53440498
801180,2026-05-11,2295.11,2265.96,2312.15,2262.66,60.86423627,347.27517205
801180,2026-05-12,2296.79,2296.59,2314.25,2271.18,51.61569928,319.57527801
801180,2026-05-13,2268.62,2286.72,2293.32,2261.99,47.75889817,298.2498718
801180,2026-05-14,2214.24,2278.73,2278.73,2214.24,42.96677071,262.54105155
801180,2026-05-15,2182.3,2215.99,2223.27,2169.67,46.19913383,296.81058003
801180,2026-05-18,2156.46,2168.47,2168.47,2141.7,40.832856,239.31663333
801180,2026-05-19,2176.04,2152.48,2178.16,2145.59,37.719543,261.76544737
801180,2026-05-20,2160.28,2167.05,2167.34,2139.87,39.36559324,268.22013976
801180,2026-05-21,2085.52,2165.64,2174.51,2082.38,52.4663462,340.07668082
801180,2026-05-22,2101.76,2090.16,2115.42,2078.85,39.96072565,293.40621527
801180,2026-05-25,2116.57,2097.93,2123.56,2092.41,39.56352109,273.59638167
801180,2026-05-26,2089.59,2108.44,2108.44,2069.8,43.10363848,258.2984176
801180,2026-05-27,2037.91,2084.77,2089.7,2029.0,44.14173278,245.32584438
801180,2026-05-28,2059.13,2036.42,2066.47,2036.42,40.16025479,227.92332658
801180,2026-05-29,2069.2,2077.45,2128.11,2064.75,63.68611113,315.12383838
801180,2026-06-01,2077.14,2052.54,2088.34,2040.65,55.7179498,257.5291729
801180,2026-06-02,2043.31,2081.02,2082.07,2035.24,45.12292494,212.59667797
801180,2026-06-03,2028.13,2044.55,2044.55,2016.36,48.22888107,245.8266183
801180,2026-06-04,2009.28,2013.37,2042.55,1997.55,46.50614221,217.64973378
801180,2026-06-05,1996.03,2005.36,2028.78,1989.98,47.05375169,247.23491628
801180,2026-06-08,1946.2,1951.55,1989.61,1925.51,50.96810124,232.00617737
801180,2026-06-09,1947.41,1960.08,1960.08,1918.49,51.7300214,235.33478776
801180,2026-06-10,1942.23,1931.28,1946.94,1924.97,40.03584246,194.67487289
801180,2026-06-11,1935.32,1932.44,1952.41,1928.23,39.42761961,216.02566171
801180,2026-06-12,1952.51,1943.33,1970.27,1933.89,47.19274578,248.2438726
801180,2026-06-15,1964.88,1952.89,1976.35,1950.57,40.64247572,224.17026344
801180,2026-06-16,1941.53,1959.53,1959.53,1933.87,36.92870642,200.83819113
801180,2026-06-17,1927.8,1936.75,1936.75,1915.39,38.45098099,208.76538106
801180,2026-06-18,1917.0,1923.86,1939.32,1899.97,36.56551137,220.38028159
801180,2026-06-22,1917.77,1919.19,1919.19,1872.4,41.88532559,245.26744993
801180,2026-06-23,1910.84,1910.59,1948.96,1902.95,39.79980425,215.69381186
801180,2026-06-24,1880.99,1905.09,1905.09,1866.08,42.07261746,232.80144632
801180,2026-06-25,1860.81,1877.28,1883.0,1847.66,42.70930946,236.84685698
801180,2026-06-26,1843.72,1855.23,1878.46,1843.72,44.68224695,251.03777511
801180,2026-06-29,1823.24,1846.39,1846.39,1800.2,44.4882545,252.09664284
801180,2026-06-30,1835.9,1815.1,1836.19,1814.88,34.07760288,208.11668005
801180,2026-07-01,1881.75,1841.49,1907.25,1835.25,46.57304471,289.9937042
801180,2026-07-02,1853.38,1872.65,1902.19,1853.04,41.9777934,198.58889859
801180,2026-07-03,1856.63,1862.44,1880.09,1854.38,34.3791949,164.36816585
801180,2026-07-06,1873.17,1866.3,1881.3,1860.06,38.23612301,159.32041976
801180,2026-07-07,1830.2,1871.3,1871.3,1825.1,39.15975417,171.71471697
801180,2026-07-08,1835.52,1831.7,1847.68,1815.46,33.84429901,163.79209311
801180,2026-07-09,1856.87,1834.77,1858.87,1827.02,34.69369111,161.31371767
801180,2026-07-10,1891.81,1856.32,1924.32,1856.32,49.31466402,237.028613
801180,2026-07-13,1836.7,1874.16,1887.63,1833.73,39.68129752,196.90104674
801180,2026-07-14,1848.99,1848.03,1850.31,1819.19,29.68305809,155.26032193
801180,2026-07-15,1857.56,1835.67,1880.91,1835.64,39.67261093,191.88681682
801180,2026-07-16,1879.64,1843.58,1892.04,1842.59,40.49598637,183.6622205
801180,2026-07-17,1801.38,1867.06,1880.68,1796.24,43.5344501,180.01564646
801180,2026-07-20,1779.35,1799.61,1815.6,1766.7,39.49655403,169.27047072
801180,2026-07-21,1765.68,1767.4,1778.42,1733.31,40.14302824,179.86513642
801180,2026-07-22,1786.64,1752.5,1786.69,1752.47,34.01171572,164.50759479
801180,2026-07-23,1791.28,1773.91,1791.92,1761.74,29.73668768,134.79124573
801180,2026-07-24,1741.7,1778.75,1782.81,1741.7,28.40149656,120.40279416
801180,2026-07-27,1779.94,1734.09,1780.11,1734.09,27.9734883,125.12854619
801180,2026-07-28,1789.43,1782.01,1808.73,1780.92,29.58149536,132.45465159
801180,2026-07-29,1820.83,1791.54,1833.98,1789.64,37.63428799,182.02663365
801180,2026-07-30,1811.42,1806.7,1844.18,1799.79,36.39336452,170.51444138
801180,2026-07-31,1829.38,1809.83,1835.11,1809.83,35.5738243,168.25395177
801180,2026-08-03,1844.64,1822.36,1844.64,1820.3,32.64069272,144.33291942
801180,2026-08-04,1836.9,1845.02,1845.02,1824.99,33.72323025,146.67639336
801180,2026-08-05,1865.58,1832.11,1865.58,1832.11,33.3506048,159.29601864
801180,2026-08-06,1877.2,1855.25,1879.7,1851.02,34.65298393,152.29481842
801180,2026-08-07,1867.55,1872.68,1872.68,1840.34,34.728595,146.6021817
801180,2026-08-10,1898.04,1877.85,1900.04,1875.24,38.36425702,154.61606801
801180,2026-08-11,1897.89,1892.5,1914.62,1888.0,32.45714028,127.17368381
801180,2026-08-12,1963.49,1898.55,1968.27,1898.55,49.93236832,198.01447572
801180,2026-08-13,1920.26,1967.7,1967.7,1920.26,47.10582165,200.05002224
801180,2026-08-14,1901.41,1919.62,1919.67,1881.81,40.21051316,169.15103695
801180,2026-08-17,1910.29,1898.18,1911.69,1881.62,33.77827836,151.37438554
801180,2026-08-18,1904.72,1912.39,1919.17,1898.92,30.81113238,144.55164065
801180,2026-08-19,1867.32,1895.22,1908.06,1863.75,42.6225619,179.87052526
801180,2026-08-20,1887.4,1864.82,1912.3,1864.18,47.61069101,194.37050343
801180,2026-08-21,1866.97,1876.14,1876.4,1840.61,35.18501112,144.92483354
801180,2026-08-24,1838.68,1866.42,1872.73,1826.86,29.95355451,130.37377655
801180,2026-08-25,1867.81,1829.62,1871.31,1829.62,36.65201086,144.79467095
801180,2026-08-26,1891.13,1864.94,1899.61,1864.94,34.91760723,139.50602424
801180,2026-08-27,1899.41,1886.32,1904.89,1884.29,32.24392618,134.62609785
801180,2026-08-28,1915.38,1900.89,1935.58,1899.1,39.6224135,167.26960941
801180,2026-08-31,1889.02,1981.79,1981.79,1888.24,73.24872866,325.42709762
801180,2026-09-01,1886.83,1870.67,1899.56,1870.67,57.56565625,240.12622007
801180,2026-09-02,1870.3,1871.67,1881.04,1845.48,48.32868867,197.23175139
801180,2026-09-03,1875.74,1870.64,1900.52,1866.04,44.56717421,182.50346169
801180,2026-09-04,1897.36,1878.54,1928.04,1878.54,55.0580529,217.92264907
801180,2026-09-07,1900.71,1892.24,1906.64,1885.46,40.44337196,166.19092079
801180,2026-09-08,1939.08,1904.74,1944.97,1904.74,49.92889935,198.50323781
801180,2026-09-09,1904.72,1932.79,1932.79,1899.74,43.31387704,171.57866608
801180,2026-09-10,1891.51,1900.02,1904.1,1882.36,31.90764066,122.86793724
801180,2026-09-11,1836.18,1877.58,1877.58,1822.45,37.64681757,139.62738878
801180,2026-09-14,1837.14,1827.26,1839.22,1820.56,24.3208131,95.23232574
801180,2026-09-15,1811.36,1832.13,1832.13,1809.5,26.91986028,103.18182518
801180,2026-09-16,1830.1,1807.76,1835.9,1799.29,26.38218808,107.5648508
801180,2026-09-17,1834.16,1822.38,1837.44,1815.56,29.7967219,109.67575166
801180,2026-09-18,1896.07,1837.45,1898.39,1836.35,48.63816515,180.15522456
801180,2026-09-21,1971.06,1886.68,1975.3,1878.92,72.28579358,268.51834183
801180,2026-09-22,1984.76,1964.66,1993.02,1959.64,69.27318063,275.1653837
801180,2026-09-23,1985.19,1982.18,2046.13,1981.36,82.78919848,312.47661845
801180,2026-09-24,1939.38,1971.15,1979.19,1935.81,64.59945669,235.85675766
801180,2026-09-28,1916.64,1936.66,1936.66,1904.76,50.45243158,191.54364464
801180,2026-09-29,1994.39,1928.85,1999.48,1928.85,74.76948275,287.11058342
801180,2026-09-30,2007.7,1954.27,2025.25,1893.48,97.80075026,382.64173617
