代码,日期,收盘,开盘,最高,最低,成交量,成交额
801140,1999-12-30,1000.0,1000.0,1000.0,1000.0,0.09385293,0.9721319565000001
801140,2000-01-04,1025.14,1005.48,1031.93,992.8,0.12911339,1.4525756425
801140,2000-01-05,1032.21,1024.17,1057.76,1012.14,0.24880758,3.0492451644
801140,2000-01-06,1069.82,1034.18,1077.56,1019.95,0.25100759,3.0870073785
801140,2000-01-07,1107.35,1082.85,1118.52,1070.25,0.41747783,5.0344932474
801140,2000-01-10,1126.33,1118.89,1140.13,1090.42,0.54752323,5.9994431206
801140,2000-01-11,1094.73,1131.83,1156.18,1070.24,0.8130758,8.626778952
801140,2000-01-12,1059.84,1090.21,1111.77,1049.76,0.48965945,5.0750332679
801140,2000-01-13,1045.29,1061.77,1078.5,1035.84,0.25730052,2.8265899096
801140,2000-01-14,1042.81,1046.63,1069.38,1023.8,0.24362242,2.6095194597
801140,2000-01-17,1055.99,1039.38,1067.42,1027.68,0.20619249,2.3401594533
801140,2000-01-18,1059.99,1058.64,1082.44,1042.05,0.17857864,2.0456001436
801140,2000-01-19,1066.55,1057.5,1081.21,1043.26,0.19341272,2.0599863519999997
801140,2000-01-20,1088.12,1069.02,1098.92,1055.59,0.22992592,2.4609743151
801140,2000-01-21,1081.67,1090.25,1115.22,1062.09,0.37067872,4.1452850008999995
801140,2000-01-24,1085.43,1083.35,1107.64,1048.54,0.57336457,5.8672616766
801140,2000-01-25,1083.77,1089.34,1113.06,1058.89,0.39794149,4.364636914
801140,2000-01-26,1088.15,1085.77,1109.07,1064.89,0.31591606,3.2136629914999997
801140,2000-01-27,1104.65,1093.02,1130.9,1071.1,0.49574357,5.7571282875
801140,2000-01-28,1120.25,1108.67,1139.38,1087.18,0.57105838,6.3763052695
801140,2000-02-14,1225.67,1160.17,1228.62,1146.4,0.65065572,7.627709512899999
801140,2000-02-15,1220.77,1250.97,1300.87,1194.8,1.02341298,12.6220940556
801140,2000-02-16,1233.59,1228.12,1266.93,1179.22,0.98658216,11.866844173299999
801140,2000-02-17,1218.85,1265.07,1315.99,1158.19,1.61858979,21.485541676900002
801140,2000-02-18,1248.52,1212.39,1273.52,1158.75,0.88504183,11.28446934
801140,2000-02-21,1282.21,1260.26,1327.0,1216.6,1.21510794,15.6446897687
801140,2000-02-22,1218.25,1285.07,1312.07,1209.3,0.70139778,8.5676966351
801140,2000-02-23,1176.4,1200.65,1225.35,1156.79,0.5280582,5.9413721024
801140,2000-02-24,1207.39,1171.3,1219.74,1163.59,0.39178449,4.4501652531
801140,2000-02-25,1207.02,1210.81,1237.96,1182.21,0.44554861,5.1913235954
801140,2000-02-28,1247.76,1204.7,1263.61,1188.52,0.64682001,8.001745938500001
801140,2000-02-29,1241.34,1260.38,1286.21,1198.76,0.68142765,8.630257913200001
801140,2000-03-01,1237.11,1247.67,1278.35,1206.08,0.48186377,5.965997484400001
801140,2000-03-02,1258.44,1236.83,1283.85,1211.25,0.55862277,8.9065252144
801140,2000-03-03,1280.59,1269.03,1305.76,1250.08,0.66419068,9.3802358092
801140,2000-03-06,1236.7,1289.39,1318.04,1225.89,0.73815366,9.532571183
801140,2000-03-07,1255.77,1225.3,1269.17,1204.75,0.37373357,4.6197219517
801140,2000-03-08,1279.85,1257.97,1294.48,1239.28,0.3835588,5.2199243782
801140,2000-03-09,1261.22,1286.13,1303.28,1239.42,0.37421556,4.9941609728
801140,2000-03-10,1244.77,1262.81,1280.25,1229.57,0.28626559,3.5116483811
801140,2000-03-13,1268.87,1241.6,1279.44,1230.29,0.28766788,3.7154428099000003
801140,2000-03-14,1248.89,1251.35,1268.8,1197.68,0.46925742,5.5767531876
801140,2000-03-15,1251.18,1246.28,1280.48,1225.99,0.39275127,4.6045033907
801140,2000-03-16,1199.98,1242.95,1258.89,1181.83,0.35696461,4.2196026435
801140,2000-03-17,1233.14,1193.32,1242.03,1188.14,0.31691777,4.0564081732999995
801140,2000-03-20,1265.05,1215.43,1278.53,1201.68,0.46360569,5.7371993575
801140,2000-03-21,1276.95,1265.49,1300.22,1241.65,0.60287332,7.6123353555
801140,2000-03-22,1282.36,1276.8,1307.7,1250.16,0.47719772,5.738417951900001
801140,2000-03-23,1306.55,1286.36,1322.56,1267.36,0.58203203,7.0025862656
801140,2000-03-24,1279.49,1311.33,1330.94,1268.56,0.57527044,6.8175965175
801140,2000-03-27,1326.62,1287.02,1341.97,1274.37,0.71596158,8.5189641399
801140,2000-03-28,1338.69,1339.31,1377.59,1301.68,0.89470054,9.7856471826
801140,2000-03-29,1331.47,1341.52,1363.56,1298.26,0.61938825,7.2818847270000004
801140,2000-03-30,1337.97,1332.84,1361.82,1309.27,0.58310957,6.9517762374
801140,2000-03-31,1335.3,1337.48,1367.51,1311.8,0.64840339,7.4946343969
801140,2000-04-03,1332.56,1337.67,1371.65,1315.87,0.4973917,5.96648434
801140,2000-04-04,1305.96,1332.75,1341.84,1290.13,0.45766245,5.3764336879
801140,2000-04-05,1311.82,1301.71,1330.39,1282.2,0.32207327,3.8406583983999996
801140,2000-04-06,1339.52,1320.31,1350.92,1308.72,0.36790063,4.4557481573
801140,2000-04-07,1351.7,1351.76,1373.78,1326.31,0.48331922,5.7626703369
801140,2000-04-10,1360.55,1357.81,1383.32,1336.88,0.44992649,5.4290657215
801140,2000-04-11,1342.65,1365.08,1381.13,1328.21,0.36917893,4.537011161000001
801140,2000-04-12,1344.07,1348.36,1373.09,1314.15,0.54304162,5.7446187526
801140,2000-04-13,1367.59,1347.65,1386.78,1332.28,0.5849853,7.1389958316
801140,2000-04-14,1358.26,1372.88,1389.95,1338.16,0.66797401,8.2205619002
801140,2000-04-17,1334.11,1350.52,1369.19,1306.11,0.69956632,7.9928341064
801140,2000-04-18,1341.25,1345.75,1366.04,1310.88,0.16724757,2.36833432
801140,2000-04-19,1372.93,1359.61,1389.8,1340.15,0.47660413,5.8888681113
801140,2000-04-20,1381.6,1374.0,1404.49,1356.14,0.52533686,6.1873960039
801140,2000-04-21,1366.05,1386.0,1403.92,1351.13,0.39852109,4.8553616
801140,2000-04-24,1351.38,1363.11,1382.63,1331.64,0.32354562,3.7831586163999997
801140,2000-04-25,1350.36,1349.72,1372.67,1331.47,0.24523062,2.8788185954000003
801140,2000-04-26,1348.69,1354.61,1373.92,1335.1,0.28631237,3.3755448868
801140,2000-04-27,1328.12,1348.35,1361.19,1319.16,0.30970494,3.5702103686
801140,2000-04-28,1347.92,1326.07,1356.39,1309.43,0.33892457,4.2403448096
801140,2000-05-08,1343.07,1348.01,1370.98,1317.37,0.26081117,3.0368944125999997
801140,2000-05-09,1329.91,1347.41,1361.19,1307.46,0.28831915,3.7155342707
801140,2000-05-10,1286.6,1326.32,1333.07,1274.96,0.23553067,2.995741986
801140,2000-05-11,1256.08,1282.35,1295.8,1243.61,0.17928194,1.9857457873
801140,2000-05-12,1247.58,1261.03,1277.83,1234.3,0.15228202,1.8126459592
801140,2000-05-15,1238.29,1249.65,1266.31,1217.94,0.14775535,1.7033530469999998
801140,2000-05-16,1256.72,1242.43,1268.54,1231.93,0.18180096,2.2827319291
801140,2000-05-17,1250.55,1259.89,1274.94,1238.84,0.18302235,2.2611576126
801140,2000-05-18,1278.73,1253.08,1288.43,1239.58,0.24750898,3.1977944629
801140,2000-05-19,1301.37,1285.18,1316.62,1269.68,0.43400193,5.893727083
801140,2000-05-22,1334.46,1307.39,1350.2,1287.44,0.4994867,6.4078681886
801140,2000-05-23,1330.58,1340.02,1352.24,1309.34,0.36623198,4.5595925005
801140,2000-05-24,1352.92,1331.12,1371.58,1318.19,0.47551661,6.1340223488
801140,2000-05-25,1385.06,1358.52,1398.97,1344.36,0.64304259,8.2929445511
801140,2000-05-26,1389.14,1385.27,1415.28,1351.26,0.55603132,7.2493493062
801140,2000-05-29,1402.52,1397.05,1424.68,1370.48,0.750296,8.9137591194
801140,2000-05-30,1385.02,1404.21,1436.84,1360.23,0.55116707,6.8780754511
801140,2000-05-31,1401.82,1381.68,1423.5,1362.28,0.46013095,5.7980606944
801140,2000-06-01,1407.38,1405.88,1433.2,1373.2,0.5309028,5.8241314627
801140,2000-06-02,1404.26,1410.75,1429.42,1382.3,0.44883101,4.8984064007
801140,2000-06-05,1374.51,1408.17,1426.02,1358.93,0.48838784,5.5514997603
801140,2000-06-06,1396.88,1373.91,1406.68,1358.41,0.28077323,3.3807802354
801140,2000-06-07,1407.44,1403.29,1427.36,1381.58,0.4169436,4.8768389323
801140,2000-06-08,1400.24,1410.47,1425.69,1382.48,0.39079035,4.2604237277
801140,2000-06-09,1382.55,1405.54,1420.77,1370.39,0.36073362,4.1226091415
801140,2000-06-12,1386.07,1379.17,1397.41,1354.93,0.25044642,3.1094866838999997
801140,2000-06-13,1408.31,1391.04,1416.95,1376.96,0.33082168,3.9475548883
801140,2000-06-14,1404.28,1413.18,1425.39,1384.76,0.32261235,3.7910077632
801140,2000-06-15,1414.33,1402.74,1431.91,1386.7,0.39803413,4.5743735605
801140,2000-06-16,1401.73,1418.03,1435.7,1388.69,0.37843855,4.6621589944999995
801140,2000-06-19,1398.55,1399.9,1422.24,1380.69,0.38908386,4.5394044075
801140,2000-06-20,1374.63,1389.84,1408.9,1358.09,0.62038209,6.2029718488
801140,2000-06-21,1392.03,1374.04,1408.24,1360.6,0.46293849,4.7438333915
801140,2000-06-22,1385.0,1395.7,1411.17,1374.93,0.32371573,3.7928145937999997
801140,2000-06-23,1389.39,1389.86,1404.87,1371.46,0.31332045,3.5435061318
801140,2000-06-26,1414.43,1395.3,1432.08,1385.13,0.45476147,5.103029933399999
801140,2000-06-27,1416.03,1419.22,1439.21,1398.21,0.42784238,4.8784940978
801140,2000-06-28,1417.81,1419.05,1443.12,1396.47,0.39811121,4.3868035278
801140,2000-06-29,1416.15,1419.95,1444.71,1393.2,0.49254607,5.7395081769
801140,2000-06-30,1409.48,1421.59,1440.51,1398.12,0.53609933,6.1590068678
801140,2000-07-03,1396.85,1405.46,1430.01,1377.31,0.47648724,5.354434144
801140,2000-07-04,1406.96,1394.28,1421.49,1377.94,0.3575786,3.9956427478
801140,2000-07-05,1407.83,1409.54,1426.63,1394.47,0.32953905,3.6697538487
801140,2000-07-06,1400.28,1411.36,1426.51,1387.06,0.36382185,4.0266383609
801140,2000-07-07,1411.79,1402.73,1427.83,1385.2,0.34818571,3.8446699468000003
801140,2000-07-10,1437.66,1418.15,1454.81,1402.79,0.52310139,5.980930943300001
801140,2000-07-11,1446.87,1447.75,1470.06,1421.53,0.4456191,5.2056054681
801140,2000-07-12,1453.17,1450.82,1470.08,1426.31,0.45611584,5.4884717787
801140,2000-07-13,1444.81,1455.63,1476.5,1425.23,0.49051659,5.9370951085
801140,2000-07-14,1447.52,1445.46,1468.82,1423.48,0.49694295,6.129937902000001
801140,2000-07-17,1444.23,1445.06,1470.18,1420.13,0.32521932,4.4588236661
801140,2000-07-18,1445.62,1443.82,1464.75,1428.32,0.27843499,3.3006918147000004
801140,2000-07-19,1461.17,1449.39,1483.4,1436.53,0.48626872,5.7278717083
801140,2000-07-20,1462.42,1465.6,1485.54,1441.1,0.45858159,5.5673373787000004
801140,2000-07-21,1483.88,1468.03,1501.73,1453.46,0.58490036,6.913166019099999
801140,2000-07-24,1486.48,1491.54,1512.25,1468.72,0.7670038,9.1533049241
801140,2000-07-25,1485.75,1484.11,1508.97,1460.44,0.52747104,6.242533794500001
801140,2000-07-26,1510.77,1487.04,1525.46,1476.98,0.60856018,7.357862153999999
801140,2000-07-27,1514.03,1517.41,1541.93,1494.92,0.61543639,7.690838185900001
801140,2000-07-28,1531.54,1527.07,1557.2,1500.73,0.87402507,11.0429000627
801140,2000-07-31,1535.61,1538.59,1558.75,1515.48,1.0013796,13.5607223439
801140,2000-08-01,1544.02,1539.48,1569.77,1522.15,0.54047321,7.1697634617
801140,2000-08-02,1530.91,1547.09,1558.98,1517.78,0.46203752,6.029633194800001
801140,2000-08-03,1548.81,1530.68,1569.81,1520.47,0.57934107,7.862254376
801140,2000-08-04,1527.09,1548.25,1566.69,1509.25,0.46044322,5.9722156446
801140,2000-08-07,1536.56,1524.05,1554.96,1503.41,0.33274043,4.5050674141
801140,2000-08-08,1546.65,1540.29,1567.85,1522.11,0.3493731,4.7196054853
801140,2000-08-09,1553.24,1547.1,1573.36,1531.18,0.39921858,5.497545616900001
801140,2000-08-10,1551.35,1553.16,1576.13,1529.71,0.36170848,5.0223205688
801140,2000-08-11,1561.82,1552.8,1584.2,1535.14,0.35081242,5.4474573054999995
801140,2000-08-14,1577.95,1566.84,1595.71,1546.88,0.36700456,5.6637929025
801140,2000-08-15,1583.87,1580.92,1602.91,1558.69,0.3166298,4.772509063999999
801140,2000-08-16,1586.99,1589.0,1611.55,1567.88,0.37435864,5.1886094732
801140,2000-08-17,1587.34,1589.87,1606.0,1567.21,0.33980805,4.9585755248000005
801140,2000-08-18,1582.0,1589.57,1603.92,1569.8,0.29769749,4.2218385043
801140,2000-08-21,1593.66,1585.4,1614.97,1562.88,0.47580807,6.8994680822
801140,2000-08-22,1572.28,1596.95,1621.32,1565.14,0.5010357,6.747742521
801140,2000-08-23,1565.5,1566.63,1594.71,1493.2,0.68300017,8.8896021949
801140,2000-08-24,1594.91,1570.02,1614.99,1547.94,0.77766299,10.4381648177
801140,2000-08-25,1611.61,1598.86,1622.49,1578.37,0.45133578,6.217724389600001
801140,2000-08-28,1636.1,1619.53,1651.75,1597.45,0.61435152,8.3859915769
801140,2000-08-29,1647.68,1636.42,1667.99,1615.04,0.39039951,5.4859549388
801140,2000-08-30,1642.76,1663.44,1682.12,1618.29,0.52377305,7.5755750936
801140,2000-08-31,1597.15,1626.76,1648.01,1587.36,0.57384494,7.914443632699999
801140,2000-09-01,1567.16,1585.51,1614.07,1553.74,0.46226254,6.291411630700001
801140,2000-09-04,1587.38,1571.82,1608.12,1542.86,0.42244527,5.9410123947
801140,2000-09-05,1555.38,1595.02,1612.19,1545.02,0.42846439,6.3834010533
801140,2000-09-06,1526.54,1550.36,1572.44,1507.06,0.41907129,4.4639065751
801140,2000-09-07,1558.45,1531.9,1576.73,1520.39,0.44992409,4.6258816623
801140,2000-09-08,1566.24,1565.51,1585.73,1535.01,0.50714763,5.0888467142
801140,2000-09-11,1564.83,1570.29,1587.78,1539.37,1.13331848,10.4742680798
801140,2000-09-12,1568.62,1562.91,1580.75,1542.31,0.43231189,4.4323143325
801140,2000-09-13,1580.28,1569.01,1600.81,1556.39,0.46047993,5.0872310591000005
801140,2000-09-14,1567.83,1583.44,1595.69,1550.23,0.31035749,3.6275982631
801140,2000-09-15,1572.77,1566.57,1589.17,1548.13,0.38745697,4.4238983822
801140,2000-09-18,1534.84,1570.06,1583.47,1522.82,0.57202502,5.7665372549
801140,2000-09-19,1485.04,1519.56,1529.71,1469.95,0.62038098,5.6915412584
801140,2000-09-20,1494.28,1479.59,1509.8,1463.57,0.29505938,3.0836313614999997
801140,2000-09-21,1482.62,1494.05,1509.91,1463.82,0.37049508,3.6646537532
801140,2000-09-22,1467.48,1479.0,1492.3,1446.16,0.26578528,2.8033530289999997
801140,2000-09-25,1460.37,1466.28,1487.62,1439.93,0.22392747,2.2792294416
801140,2000-09-26,1469.51,1462.81,1485.41,1450.41,0.15604651,1.8677643799
801140,2000-09-27,1495.52,1471.85,1503.64,1456.47,0.19711261,2.2051019782
801140,2000-09-28,1473.91,1497.74,1507.38,1460.42,0.20945428,2.6429148281
801140,2000-09-29,1488.82,1471.62,1501.48,1465.48,0.19316175,2.5488922894
801140,2000-10-09,1501.51,1488.48,1515.75,1466.64,0.26801465,3.5330153710000003
801140,2000-10-10,1525.67,1504.6,1537.76,1490.98,0.3598559,4.8334991307
801140,2000-10-11,1519.42,1528.31,1546.41,1501.26,0.30928581,3.9994539138
801140,2000-10-12,1519.05,1518.54,1539.93,1496.86,0.35759008,4.67743784
801140,2000-10-13,1504.38,1517.32,1531.52,1492.4,0.27769064,3.702815233
801140,2000-10-16,1486.99,1496.74,1514.78,1473.17,0.26797718,3.4744262567
801140,2000-10-17,1492.29,1483.1,1506.97,1469.19,0.14300306,1.8093381003
801140,2000-10-18,1500.44,1493.54,1516.95,1478.53,0.18428329,2.4253322483
801140,2000-10-19,1490.64,1501.72,1513.95,1482.89,0.15312835,2.0087460252000002
801140,2000-10-20,1505.22,1490.49,1518.3,1477.69,0.22910175,2.9186521919999997
801140,2000-10-23,1522.37,1509.14,1533.5,1494.3,0.23415663,2.9813996942000003
801140,2000-10-24,1520.4,1523.7,1536.69,1503.19,0.18253891,2.3207936657
801140,2000-10-25,1534.84,1518.65,1544.41,1504.96,0.32431792,4.0557936893
801140,2000-10-26,1533.61,1536.72,1557.92,1515.77,0.62336537,6.261976164400001
801140,2000-10-27,1527.34,1531.15,1548.14,1512.06,0.32790037,4.2280715807
801140,2000-10-30,1535.79,1526.72,1551.61,1504.65,0.3169705,4.2444449606
801140,2000-10-31,1524.3,1537.69,1551.68,1512.34,0.27751827,3.6607336203
801140,2000-11-01,1529.95,1522.18,1543.42,1509.12,0.17776057,2.3437674038
801140,2000-11-02,1527.87,1531.2,1549.68,1518.04,0.20343814,2.6778624262
801140,2000-11-03,1527.02,1529.83,1544.34,1514.44,0.24369408,3.1047059735
801140,2000-11-06,1540.32,1527.91,1551.8,1513.77,0.2920194,3.7152615032
801140,2000-11-07,1543.83,1539.86,1560.02,1526.46,0.27085132,3.439174439
801140,2000-11-08,1549.02,1545.31,1561.91,1531.43,0.25806897,3.3660098555
801140,2000-11-09,1558.87,1554.22,1569.94,1538.47,0.33499041,4.4888190397
801140,2000-11-10,1570.89,1561.33,1590.79,1547.31,0.37312799,4.9220068084
801140,2000-11-13,1586.55,1575.57,1599.56,1561.21,0.40690633,5.328425884700001
801140,2000-11-14,1598.87,1588.71,1612.88,1565.22,0.40173739,5.2903079573000005
801140,2000-11-15,1600.51,1601.66,1626.91,1584.3,0.44306638,5.6956585696
801140,2000-11-16,1608.42,1601.51,1623.74,1584.34,0.3656217,4.8874391812
801140,2000-11-17,1605.6,1613.64,1627.22,1591.31,0.32757949,4.2504709661
801140,2000-11-20,1612.98,1607.94,1628.4,1584.9,0.43135914,5.477652053300001
801140,2000-11-21,1608.53,1616.26,1641.04,1597.81,0.39314457,5.2653289314
801140,2000-11-22,1627.77,1610.38,1639.69,1599.88,0.3531993,4.8517239544
801140,2000-11-23,1639.32,1630.9,1657.45,1613.04,0.48924488,6.4140921285
801140,2000-11-24,1592.04,1639.36,1662.04,1573.99,0.66231606,9.2777884225
801140,2000-11-27,1595.29,1583.49,1614.24,1564.0,0.44383753,6.3158076792
801140,2000-11-28,1616.37,1600.83,1626.79,1590.82,0.27109673,3.7165629458
801140,2000-11-29,1605.93,1616.52,1632.08,1589.83,0.33013656,4.6371680208
801140,2000-11-30,1607.67,1608.87,1627.03,1587.61,0.33577147,4.7527774901
801140,2000-12-01,1612.09,1608.48,1627.46,1593.78,0.27733443,3.93512179
801140,2000-12-04,1625.87,1616.61,1639.39,1599.41,0.42548396,6.2410504461
801140,2000-12-05,1627.41,1628.27,1648.02,1608.93,0.36445202,5.1738966246
801140,2000-12-06,1610.19,1627.7,1649.15,1599.07,0.4497615,6.6123133243
801140,2000-12-07,1606.63,1608.35,1629.03,1586.64,0.41459023,6.0113172058
801140,2000-12-08,1611.6,1609.8,1634.34,1591.44,0.2854613,4.1772437158999995
801140,2000-12-11,1582.59,1609.46,1620.69,1573.52,0.28384518,4.0579722014
801140,2000-12-12,1596.47,1581.89,1611.83,1570.39,0.24143139,3.3729035741000004
801140,2000-12-13,1599.79,1597.78,1616.73,1584.04,0.19121993,2.82621096
801140,2000-12-14,1595.57,1599.18,1616.81,1583.94,0.18152691,2.5809687146
801140,2000-12-15,1581.82,1595.8,1609.3,1570.93,0.20368738,2.9318668888999997
801140,2000-12-18,1577.12,1579.89,1593.71,1554.94,0.20796446,2.9589189836000003
801140,2000-12-19,1584.68,1580.13,1604.03,1565.31,0.19836763,2.9153505357
801140,2000-12-20,1594.93,1581.58,1608.48,1569.21,0.2116543,2.9293851261
801140,2000-12-21,1601.85,1599.44,1624.26,1584.87,0.27677831,3.9998495227999995
801140,2000-12-22,1595.48,1605.97,1622.87,1580.51,0.29620697,4.3137981602
801140,2000-12-25,1598.25,1597.23,1617.91,1576.46,0.29242249,4.2408994175
801140,2000-12-26,1601.0,1600.91,1616.71,1584.78,0.24117614,3.57182946
801140,2000-12-27,1598.64,1603.73,1631.68,1581.28,0.35246056,4.3730200658
801140,2000-12-28,1596.07,1596.95,1619.43,1580.62,0.21636694,3.0400333594999998
801140,2000-12-29,1605.42,1594.44,1618.06,1585.39,0.18349435,2.6502881255
801140,2001-01-02,1628.28,1608.32,1635.56,1595.22,0.2602063,3.7814492357
801140,2001-01-03,1635.74,1628.64,1646.17,1611.67,0.31206889,4.5576155123
801140,2001-01-04,1631.41,1638.32,1655.14,1616.55,0.32945101,4.5958509519
801140,2001-01-05,1637.48,1633.68,1651.7,1613.39,0.40855197,5.660396035900001
801140,2001-01-08,1622.56,1638.27,1655.3,1599.36,0.34406371,4.7858778187999995
801140,2001-01-09,1625.47,1619.52,1645.88,1603.42,0.26094176,3.8265288819
801140,2001-01-10,1643.38,1623.16,1652.25,1614.65,0.22831809,3.3293039723
801140,2001-01-11,1645.1,1648.45,1664.37,1631.43,0.30736529,4.5184121050999995
801140,2001-01-12,1635.95,1642.19,1659.03,1621.17,0.25799001,3.886158164
801140,2001-01-15,1577.96,1632.31,1636.62,1568.42,0.28768177,4.0734351349
801140,2001-01-16,1585.41,1568.61,1596.54,1549.3,0.18325869,2.6521161490000003
801140,2001-01-17,1576.68,1585.54,1595.71,1568.24,0.11294862,1.6030316894999999
801140,2001-01-18,1581.14,1575.9,1594.46,1564.24,0.15465449,2.1588390522
801140,2001-01-19,1602.19,1583.2,1612.51,1579.2,0.16269056,2.2789043033
801140,2001-02-05,1565.96,1599.61,1618.14,1553.22,0.15120956,2.1269079333
801140,2001-02-06,1554.38,1560.92,1570.16,1524.84,0.16611107,2.3769503214
801140,2001-02-07,1539.77,1552.99,1565.37,1530.66,0.11264137,1.6382371751
801140,2001-02-08,1497.16,1539.93,1552.74,1485.12,0.15056136,2.2439585245
801140,2001-02-09,1508.88,1499.21,1533.4,1481.82,0.14245766,2.0677843037
801140,2001-02-12,1508.31,1506.74,1519.11,1476.67,0.12398103,1.6865466294999998
801140,2001-02-13,1509.91,1508.41,1527.36,1495.52,0.11066016,1.5145641375
801140,2001-02-14,1506.44,1504.94,1517.18,1492.43,0.08873925,1.2521253547
801140,2001-02-15,1495.0,1505.9,1518.07,1488.31,0.07996117,1.0522079321
801140,2001-02-16,1488.39,1491.11,1499.47,1462.76,0.11309265,1.4332392203
801140,2001-02-19,1508.52,1486.65,1516.3,1476.49,0.09760796,1.3391200438
801140,2001-02-20,1495.89,1509.39,1525.88,1487.36,0.1262362,1.7936169913
801140,2001-02-21,1452.81,1487.83,1495.5,1443.55,0.18455661,2.4655503237
801140,2001-02-22,1455.51,1451.08,1478.81,1437.6,0.11857354,1.5547862896
801140,2001-02-23,1474.39,1454.97,1478.46,1443.41,0.11079865,1.4283131191999998
801140,2001-02-26,1496.01,1479.74,1506.72,1468.25,0.12242046,1.7461719012
801140,2001-02-27,1508.84,1502.47,1522.35,1482.43,0.13132816,1.9396719946
801140,2001-02-28,1502.14,1512.4,1520.21,1490.12,0.08741285,1.2251458068
801140,2001-03-01,1507.17,1503.02,1519.49,1487.63,0.09921059,1.3413359542
801140,2001-03-02,1519.9,1510.65,1528.58,1502.75,0.13841747,1.8492783184000001
801140,2001-03-05,1518.54,1518.14,1533.29,1500.46,0.12535117,1.6340167859999999
801140,2001-03-06,1512.41,1516.65,1522.9,1499.41,0.10059898,1.3563291653
801140,2001-03-07,1520.66,1513.93,1534.0,1502.27,0.14850011,1.6728818785
801140,2001-03-08,1530.38,1521.66,1538.91,1512.98,0.17942277,1.9708936483000001
801140,2001-03-09,1533.88,1533.09,1547.53,1517.47,0.1997498,2.5421155115
801140,2001-03-12,1526.14,1534.42,1544.73,1515.44,0.1493745,1.9416464068000001
801140,2001-03-13,1519.05,1526.06,1536.93,1508.66,0.12519825,1.7342140838
801140,2001-03-14,1532.15,1516.94,1537.64,1507.91,0.12201507,1.6801700206
801140,2001-03-15,1537.9,1532.25,1553.22,1520.99,0.18088498,2.5928185596
801140,2001-03-16,1536.4,1537.51,1552.58,1523.75,0.15756316,2.2610775209000002
801140,2001-03-19,1546.36,1536.03,1554.38,1521.56,0.21092784,2.7976077752
801140,2001-03-20,1554.22,1548.08,1563.81,1538.02,0.20207095,2.6286570456000002
801140,2001-03-21,1564.79,1557.25,1575.0,1546.61,0.2754374,3.6627170158999998
801140,2001-03-22,1567.54,1569.18,1584.93,1551.17,0.3317129,4.9385355085
801140,2001-03-23,1543.25,1570.28,1578.06,1538.03,0.29665011,4.3382479836000005
801140,2001-03-26,1561.41,1542.38,1571.83,1533.51,0.21060244,3.1435098275
801140,2001-03-27,1575.14,1567.79,1589.3,1556.59,0.2315121,3.4081612714
801140,2001-03-28,1585.34,1577.35,1593.16,1564.29,0.2595908,3.7994419212
801140,2001-03-29,1587.44,1586.06,1601.22,1572.09,0.28023195,3.9825416369
801140,2001-03-30,1598.58,1593.17,1609.31,1577.06,0.26661272,3.8643289185
801140,2001-04-02,1608.14,1602.49,1621.86,1591.78,0.34817682,4.989096909100001
801140,2001-04-03,1597.4,1609.52,1616.71,1584.7,0.26201988,3.7396047
801140,2001-04-04,1574.48,1598.91,1610.42,1565.57,0.3285261,4.7376172922
801140,2001-04-05,1591.67,1570.79,1595.32,1561.35,0.23754759,3.4793798165
801140,2001-04-06,1585.5,1592.86,1606.12,1576.66,0.26117674,3.8781028357
801140,2001-04-09,1598.28,1585.04,1607.46,1573.4,0.24194823,3.2899304274000003
801140,2001-04-10,1599.76,1596.97,1615.47,1582.75,0.23135815,3.3072995189
801140,2001-04-11,1608.35,1602.62,1620.33,1588.52,0.33159708,4.8156107527
801140,2001-04-12,1609.69,1609.72,1626.23,1593.23,0.34623498,4.9476474601
801140,2001-04-13,1618.46,1608.73,1629.13,1596.03,0.32394642,4.4252079024
801140,2001-04-16,1628.35,1618.37,1646.13,1607.03,0.56604653,7.4028048992999995
801140,2001-04-17,1634.63,1633.53,1651.02,1613.94,0.52038053,6.266579567999999
801140,2001-04-18,1632.69,1636.66,1656.87,1617.3,0.45505229,6.0334685197
801140,2001-04-19,1630.57,1629.76,1648.32,1607.32,0.45327192,6.3939199465
801140,2001-04-20,1611.96,1632.59,1649.61,1606.27,0.42871191,5.9988965280999995
801140,2001-04-23,1601.12,1612.57,1627.01,1585.11,0.39060093,5.8771510788
801140,2001-04-24,1619.08,1602.97,1631.85,1594.83,0.40345718,6.2851773708000005
801140,2001-04-25,1593.95,1614.95,1630.04,1579.03,0.2493241,3.9023997176
801140,2001-04-26,1573.27,1580.94,1601.88,1559.65,0.2716297,4.1283156832
801140,2001-04-27,1581.88,1572.2,1597.45,1565.31,0.25297894,3.9621037582
801140,2001-04-30,1586.36,1583.66,1601.24,1570.67,0.20503569,3.121432894
801140,2001-05-08,1601.22,1586.14,1611.41,1578.24,0.23194032,3.8064073339999998
801140,2001-05-09,1592.73,1603.78,1617.2,1583.3,0.23392174,3.6042432716
801140,2001-05-10,1613.49,1598.71,1626.58,1586.05,0.30009841,4.7980040387
801140,2001-05-11,1622.85,1620.28,1639.37,1602.89,0.3736176,5.7573757625
801140,2001-05-14,1637.67,1625.32,1650.19,1613.69,0.46306868,7.047414451799999
801140,2001-05-15,1649.09,1641.16,1664.21,1625.68,0.5017133,7.1642548604
801140,2001-05-16,1654.51,1651.16,1672.39,1637.36,0.44794943,7.044643435
801140,2001-05-17,1646.27,1654.58,1667.67,1635.02,0.39570998,5.9281266764
801140,2001-05-18,1660.67,1646.95,1670.44,1632.4,0.40109985,5.7287228276999995
801140,2001-05-21,1676.93,1665.89,1696.0,1652.58,0.54923307,7.9968682264
801140,2001-05-22,1678.57,1675.56,1697.33,1657.11,0.44413729,6.8195179505
801140,2001-05-23,1660.36,1675.91,1690.02,1640.79,0.45405994,6.568065024199999
801140,2001-05-24,1670.12,1660.66,1688.56,1646.67,0.39337334,5.865360905399999
801140,2001-05-25,1666.73,1670.79,1692.71,1649.46,0.35893572,5.0687887652
801140,2001-05-28,1658.62,1671.1,1689.21,1641.6,0.37220192,5.097622760899999
801140,2001-05-29,1658.53,1657.59,1677.89,1644.37,0.25146369,3.6450852825
801140,2001-05-30,1680.43,1659.28,1691.75,1649.44,0.42771258,6.076113826699999
801140,2001-05-31,1683.17,1688.74,1706.62,1666.35,0.44517542,6.8274275852
801140,2001-06-01,1683.63,1685.24,1700.28,1670.11,0.34339013,5.1850522222
801140,2001-06-04,1699.93,1685.83,1717.97,1673.55,0.4529091,6.4880532376
801140,2001-06-05,1704.03,1702.49,1723.73,1687.51,0.40717273,5.960650752699999
801140,2001-06-06,1704.11,1705.33,1722.75,1681.74,0.41075183,6.1355987192
801140,2001-06-07,1692.36,1705.05,1720.02,1682.36,0.475394,6.4851862852
801140,2001-06-08,1693.05,1695.85,1713.79,1669.7,0.46691591,6.6841967746
801140,2001-06-11,1687.47,1695.3,1713.76,1672.41,0.41326233,6.0677163955
801140,2001-06-12,1703.89,1688.17,1712.69,1677.0,0.32187098,4.9095713272
801140,2001-06-13,1718.85,1708.41,1729.86,1692.89,0.45478057,6.8472260664
801140,2001-06-14,1680.22,1719.01,1728.02,1674.12,0.42750881,6.4315435055
801140,2001-06-15,1690.57,1675.39,1704.2,1659.81,0.35526312,5.3668889809
801140,2001-06-18,1652.07,1690.65,1702.47,1637.71,0.35234214,5.1166629641000005
801140,2001-06-19,1651.55,1652.88,1671.22,1633.22,0.21158948,3.0428406205000003
801140,2001-06-20,1645.39,1653.35,1668.16,1632.97,0.1953221,2.6890079216000005
801140,2001-06-21,1664.61,1648.44,1671.94,1639.52,0.20783553,2.7736223937
801140,2001-06-22,1676.28,1665.83,1691.35,1655.18,0.23383876,3.1296961673
801140,2001-06-25,1687.72,1677.67,1697.89,1663.74,0.18700996,2.748057489
801140,2001-06-26,1690.83,1692.68,1709.16,1678.32,0.24527552,3.514696518
801140,2001-06-27,1687.03,1695.42,1705.55,1674.21,0.19738956,2.7827206998
801140,2001-06-28,1674.93,1687.37,1701.02,1662.73,0.27091875,3.8521061929
801140,2001-06-29,1675.4,1676.41,1692.05,1664.97,0.20086986,2.9900259822
801140,2001-07-02,1667.03,1677.53,1690.33,1655.78,0.16283126,2.4253420669
801140,2001-07-03,1675.19,1668.4,1682.96,1655.24,0.13603294,1.9719235106
801140,2001-07-04,1669.01,1680.05,1688.45,1662.84,0.12145903,1.7451608974000001
801140,2001-07-05,1647.29,1666.37,1674.29,1641.76,0.18051675,2.6475427392
801140,2001-07-06,1641.31,1645.52,1658.9,1632.95,0.14521966,2.2090463651
801140,2001-07-09,1642.97,1640.96,1655.98,1627.33,0.13014136,1.9628112622
801140,2001-07-10,1656.89,1645.0,1664.23,1638.67,0.11850275,1.7584073078
801140,2001-07-11,1634.99,1658.38,1663.19,1630.2,0.1243129,1.7153023276
801140,2001-07-12,1628.12,1632.42,1640.02,1614.8,0.11723055,1.6502502896
801140,2001-07-13,1627.91,1631.2,1646.02,1619.65,0.10548453,1.5248455447
801140,2001-07-16,1611.2,1636.81,1652.13,1601.18,0.15850811,2.3629691034
801140,2001-07-17,1609.31,1610.97,1623.2,1584.49,0.15134333,2.2414846534
801140,2001-07-18,1613.98,1612.24,1625.85,1598.89,0.08314657,1.2310715471
801140,2001-07-19,1621.83,1614.48,1630.47,1603.58,0.09590292,1.4115633184999998
801140,2001-07-20,1646.31,1626.87,1655.13,1620.07,0.14887304,2.2753193862
801140,2001-07-23,1635.58,1645.99,1657.28,1625.05,0.13356776,1.9188235475
801140,2001-07-24,1611.35,1627.7,1635.99,1599.61,0.15093054,2.2405919887
801140,2001-07-25,1594.74,1605.16,1620.81,1585.99,0.12034569,1.787460419
801140,2001-07-26,1576.06,1590.07,1603.74,1566.41,0.1419098,2.1156520197999997
801140,2001-07-27,1562.29,1578.49,1594.22,1553.12,0.14025504,2.0726987475
801140,2001-07-30,1468.18,1554.21,1559.05,1459.83,0.22567808,3.1834395091000003
801140,2001-07-31,1429.47,1449.17,1489.31,1412.11,0.18989438,2.5599468889
801140,2001-08-01,1486.36,1438.23,1492.25,1433.92,0.17649901,2.4655884437
801140,2001-08-02,1464.12,1485.83,1494.47,1419.41,0.15057369,2.0843299053
801140,2001-08-03,1463.57,1463.01,1479.23,1447.01,0.08587243,1.3377428973
801140,2001-08-06,1404.89,1456.81,1463.47,1387.78,0.13697505,1.8092604284
801140,2001-08-07,1414.38,1399.34,1425.1,1372.21,0.15527042,2.0505295871
801140,2001-08-08,1414.27,1413.25,1427.99,1393.75,0.0822803,1.0877499834
801140,2001-08-09,1442.98,1419.58,1448.8,1407.99,0.09522074,1.3398633593
801140,2001-08-10,1460.24,1450.25,1473.63,1439.09,0.14532126,1.9791136893999999
801140,2001-08-13,1459.5,1462.74,1471.06,1444.62,0.10422221,1.4367756
801140,2001-08-14,1446.06,1459.95,1473.26,1431.91,0.10360591,1.4300424138999999
801140,2001-08-15,1453.55,1447.6,1463.65,1436.37,0.07789757,1.145194157
801140,2001-08-16,1431.5,1454.82,1461.72,1426.56,0.08113302,1.1136205245
801140,2001-08-17,1429.07,1428.09,1441.75,1413.82,0.06975292,0.9714717068000001
801140,2001-08-20,1435.54,1428.98,1445.86,1416.5,0.05044699,0.6638288498
801140,2001-08-21,1444.71,1440.71,1457.93,1431.8,0.0744225,0.9563804634999999
801140,2001-08-22,1422.7,1441.51,1447.86,1409.68,0.1090766,1.4073330377000002
801140,2001-08-23,1421.33,1413.51,1429.86,1392.3,0.10542615,1.24427673
801140,2001-08-24,1409.6,1422.49,1437.19,1403.07,0.07585741,0.9321512311
801140,2001-08-27,1355.33,1398.23,1405.34,1350.3,0.12792531,1.5963642965
801140,2001-08-28,1369.0,1345.25,1374.42,1322.79,0.1081173,1.3087328693
801140,2001-08-29,1366.67,1369.84,1388.58,1354.78,0.07123774,0.8855703319
801140,2001-08-30,1359.77,1366.37,1377.53,1350.86,0.05673636,0.6987036363
801140,2001-08-31,1361.12,1360.48,1374.03,1346.59,0.06653101,0.8500226101
801140,2001-09-03,1346.71,1354.73,1365.62,1336.99,0.07618409,0.8863239076
801140,2001-09-04,1381.12,1347.5,1386.4,1339.85,0.11440727,1.7196384549000001
801140,2001-09-05,1386.68,1387.63,1410.2,1376.98,0.13381866,1.9556594356
801140,2001-09-06,1382.54,1385.65,1400.89,1371.57,0.10730291,1.4671624303
801140,2001-09-07,1346.89,1378.0,1387.26,1336.15,0.14434079,2.0970046825
801140,2001-09-10,1385.35,1331.85,1392.13,1316.23,0.14897753,2.101292622
801140,2001-09-11,1392.53,1386.82,1409.57,1372.46,0.13063839,1.7627443846000002
801140,2001-09-12,1378.64,1358.18,1389.2,1331.34,0.15913247,2.1665543603999997
801140,2001-09-13,1372.75,1377.64,1394.31,1364.36,0.09466053,1.2781857217
801140,2001-09-14,1347.52,1374.18,1381.83,1340.52,0.09931329,1.2727471756
801140,2001-09-17,1325.91,1342.34,1354.98,1312.23,0.12255551,1.4123706965
801140,2001-09-18,1332.81,1325.34,1353.81,1311.85,0.07763627,0.9731560768999999
801140,2001-09-19,1349.28,1335.01,1352.96,1315.43,0.06571119,0.8727191857
801140,2001-09-20,1343.67,1352.18,1366.22,1335.87,0.08481182,1.1333736129
801140,2001-09-21,1331.6,1340.09,1351.26,1322.43,0.06957151,0.8580056439
801140,2001-09-24,1319.54,1329.69,1339.45,1309.95,0.06932819,0.8455711029999999
801140,2001-09-25,1320.79,1327.08,1339.2,1311.58,0.06062207,0.6948064096
801140,2001-09-26,1303.69,1318.76,1327.72,1294.24,0.07312594,0.8282517583
801140,2001-09-27,1294.35,1299.17,1315.61,1272.98,0.09466009,1.1104192758
801140,2001-09-28,1293.33,1293.0,1309.66,1274.54,0.09727792,1.2132590677
801140,2001-10-08,1260.37,1293.24,1307.04,1252.06,0.07131329,1.0345679131999999
801140,2001-10-09,1272.41,1259.02,1289.15,1247.37,0.08071389,1.0712168077
801140,2001-10-10,1224.7,1274.78,1278.71,1212.05,0.12879532,1.6557159805000001
801140,2001-10-11,1188.03,1217.81,1236.44,1172.19,0.13786289,1.5932905821
801140,2001-10-12,1230.57,1190.07,1244.53,1158.44,0.18923119,2.232559106
801140,2001-10-15,1233.22,1234.04,1254.67,1208.16,0.15008534,1.6997945253
801140,2001-10-16,1214.48,1234.63,1246.35,1203.02,0.10737379,1.3683994063
801140,2001-10-17,1206.89,1212.19,1227.38,1189.77,0.09498021,1.1910390379
801140,2001-10-18,1188.99,1206.75,1219.57,1178.16,0.10956493,1.3409581428
801140,2001-10-19,1156.39,1181.44,1193.47,1128.2,0.16676821,1.877201172
801140,2001-10-22,1124.08,1143.18,1162.37,1110.61,0.1166624,1.2651774614
801140,2001-10-23,1232.18,1213.77,1234.02,1189.7,0.37880932,4.641488059599999
801140,2001-10-24,1278.67,1280.0,1311.24,1236.35,0.61848237,7.37045419
801140,2001-10-25,1243.37,1270.44,1284.89,1231.49,0.28255098,3.2592843114
801140,2001-10-26,1240.56,1237.17,1259.9,1215.23,0.1762545,2.0102256334
801140,2001-10-29,1264.59,1243.63,1274.09,1237.02,0.1603128,1.8496089003999998
801140,2001-10-30,1257.15,1265.47,1281.29,1244.17,0.14122781,1.4485859391
801140,2001-10-31,1256.89,1249.91,1261.21,1229.5,0.08541321,0.9613963602
801140,2001-11-01,1270.39,1260.71,1280.28,1250.04,0.12472036,1.3789593775
801140,2001-11-02,1256.44,1266.51,1276.81,1246.71,0.10465998,1.2068340192
801140,2001-11-05,1239.61,1251.38,1258.71,1230.13,0.09300146,0.933328638
801140,2001-11-06,1237.15,1237.13,1255.87,1226.75,0.08926614,0.852937281
801140,2001-11-07,1175.03,1234.83,1243.81,1165.9,0.15407436,1.6930523371000001
801140,2001-11-08,1180.72,1152.83,1191.93,1130.3,0.118596,1.2993330925
801140,2001-11-09,1197.75,1178.52,1209.02,1158.79,0.11091565,1.2639947616
801140,2001-11-12,1190.51,1193.96,1211.37,1176.91,0.09269332,1.094387724
801140,2001-11-13,1184.05,1178.38,1197.37,1165.44,0.08325177,0.9498385159
801140,2001-11-14,1186.34,1185.53,1204.16,1175.8,0.06736595,0.7497516098
801140,2001-11-15,1191.3,1193.83,1204.3,1179.19,0.05081857,0.5831542052
801140,2001-11-16,1209.64,1278.89,1295.29,1202.55,0.25209462,2.9394928369
801140,2001-11-19,1224.84,1206.97,1230.19,1198.19,0.10529377,1.2662048219
801140,2001-11-20,1250.6,1228.75,1261.27,1220.75,0.18214866,2.0636692471
801140,2001-11-21,1260.03,1252.15,1270.04,1238.85,0.22041841,2.2397895323
801140,2001-11-22,1268.6,1262.07,1278.73,1250.75,0.19347686,1.953983227
801140,2001-11-23,1267.84,1272.27,1281.59,1252.45,0.18505536,1.9210283394
801140,2001-11-26,1262.72,1257.72,1275.5,1242.69,0.17492326,1.9336383315999999
801140,2001-11-27,1277.11,1263.36,1280.79,1255.96,0.19742285,2.2576824444
801140,2001-11-28,1284.99,1281.07,1297.02,1272.01,0.20850821,2.4111621399
801140,2001-11-29,1287.67,1285.72,1301.0,1273.06,0.18419908,2.2465476921
801140,2001-11-30,1299.03,1288.86,1306.61,1281.14,0.18319599,2.1324541837
801140,2001-12-03,1310.88,1302.74,1320.82,1295.22,0.19977482,2.2814412073
801140,2001-12-04,1315.96,1309.98,1321.02,1296.11,0.16412591,1.8737036061
801140,2001-12-05,1295.65,1312.4,1329.38,1288.74,0.24939468,2.8497766493
801140,2001-12-06,1302.25,1288.99,1309.51,1278.52,0.17608657,2.0737670538999997
801140,2001-12-07,1301.51,1303.1,1317.06,1289.77,0.14083103,1.7150947781
801140,2001-12-10,1298.72,1299.98,1308.47,1279.37,0.1145981,1.3844739578
801140,2001-12-11,1282.06,1297.68,1306.1,1276.82,0.09689652,1.1660080685
801140,2001-12-12,1275.43,1279.72,1293.01,1266.88,0.1189632,1.414454191
801140,2001-12-13,1254.21,1273.55,1283.76,1250.06,0.11828268,1.3844577118999999
801140,2001-12-14,1245.8,1250.07,1263.24,1234.35,0.09974638,1.1470496646
801140,2001-12-17,1245.5,1243.61,1256.81,1230.05,0.08759007,1.0494197077
801140,2001-12-18,1257.87,1245.57,1266.28,1232.04,0.13554812,1.6124486143
801140,2001-12-19,1247.54,1261.26,1269.69,1240.45,0.12244525,1.7315029974
801140,2001-12-20,1211.8,1237.2,1242.57,1204.67,0.16198306,1.9477742186000002
801140,2001-12-21,1218.06,1206.97,1229.15,1192.73,0.19515674,2.0223652669
801140,2001-12-24,1196.68,1217.14,1230.26,1183.48,0.16574824,2.0126651450999997
801140,2001-12-25,1200.26,1192.64,1211.79,1174.89,0.18493962,2.0129244413
801140,2001-12-26,1212.26,1196.47,1216.93,1185.5,0.13110926,1.4696013865000002
801140,2001-12-27,1209.68,1212.69,1230.24,1196.46,0.19448977,2.5261819272999997
801140,2001-12-28,1217.73,1211.43,1232.67,1193.61,0.16646795,1.8505980928
801140,2001-12-31,1218.51,1214.64,1234.2,1202.68,0.1502658,1.8727405749000001
801140,2002-01-04,1196.19,1217.46,1225.55,1187.5,0.10127157,1.3616567484
801140,2002-01-07,1179.37,1183.75,1194.68,1164.15,0.09492384,1.1556104759999999
801140,2002-01-08,1165.47,1177.97,1190.66,1160.14,0.08921897,1.2355619989
801140,2002-01-09,1147.74,1160.37,1167.78,1136.38,0.11561525,1.2343436278
801140,2002-01-10,1162.91,1146.69,1172.09,1118.27,0.18681394,1.9711470613
801140,2002-01-11,1128.07,1156.7,1163.13,1124.8,0.16265849,1.6584916378999999
801140,2002-01-14,1078.37,1107.3,1119.93,1071.38,0.21025755,2.1378843647
801140,2002-01-15,1052.61,1067.38,1090.02,1040.88,0.22773474,2.2830704153
801140,2002-01-16,1068.15,1053.89,1083.63,1030.43,0.21268877,2.1053701101
801140,2002-01-17,1009.82,1058.76,1066.14,999.89,0.19730635,1.9099327978
801140,2002-01-18,999.96,994.95,1027.95,960.04,0.28887195,2.4686422284000002
801140,2002-01-21,958.3,990.61,1006.94,947.64,0.17862754,1.724484282
801140,2002-01-22,947.59,946.94,981.41,932.87,0.25473987,2.2172064025
801140,2002-01-23,1021.17,942.7,1023.19,930.81,0.42429875,3.7092116658
801140,2002-01-24,1027.33,1010.61,1050.88,976.31,0.56187312,5.071325364
801140,2002-01-25,1029.76,1018.75,1043.73,1007.3,0.29989936,2.5443052124000003
801140,2002-01-28,959.01,1027.55,1041.56,949.43,0.39020846,3.4905268057999996
801140,2002-01-29,989.59,946.45,998.39,935.32,0.27881339,2.2593325117
801140,2002-01-30,1000.9,989.34,1013.49,976.38,0.23806179,1.7537345007
801140,2002-01-31,1073.71,1012.46,1087.17,1010.9,0.57210459,5.3359802181000004
801140,2002-02-01,1070.67,1075.14,1095.44,1056.83,0.41125922,3.8594607352
801140,2002-02-04,1092.74,1070.36,1098.6,1056.24,0.33317562,2.8964469712
801140,2002-02-05,1107.36,1094.29,1122.82,1080.11,0.46191183,3.6097720454
801140,2002-02-06,1075.5,1104.32,1112.27,1067.79,0.32366897,2.7293860017
801140,2002-02-07,1101.7,1071.45,1112.59,1065.49,0.28911855,2.6555272076
801140,2002-02-08,1098.0,1107.89,1121.34,1089.29,0.26296377,2.4823764440000002
801140,2002-02-25,1120.93,1123.23,1138.34,1103.96,0.259205,2.4315731273
801140,2002-02-26,1121.53,1119.54,1129.46,1095.31,0.23052756,1.9574191864
801140,2002-02-27,1124.32,1118.76,1135.05,1106.32,0.20789052,2.0418343130000003
801140,2002-02-28,1109.03,1121.74,1131.01,1101.11,0.1662292,1.6009255934
801140,2002-03-01,1089.26,1105.64,1114.25,1082.94,0.18173376,1.5630116891999999
801140,2002-03-04,1112.73,1082.76,1115.29,1076.42,0.1499423,1.3314433813
801140,2002-03-05,1137.34,1114.38,1145.34,1109.43,0.3093747,2.9986693857
801140,2002-03-06,1144.97,1143.58,1173.74,1132.09,0.53015825,4.960625052799999
801140,2002-03-07,1178.14,1144.37,1183.82,1138.06,0.53547391,4.9401175998
801140,2002-03-08,1194.75,1181.14,1208.48,1161.98,0.69830196,6.622309885599999
801140,2002-03-11,1239.17,1199.87,1245.31,1183.51,0.76775641,7.0263006575
801140,2002-03-12,1223.96,1238.38,1265.35,1207.9,0.73083222,6.7009249185
801140,2002-03-13,1196.93,1209.78,1235.21,1182.31,0.58842948,5.2889901681
801140,2002-03-14,1239.18,1194.66,1243.27,1187.8,0.53374081,5.301432245
801140,2002-03-15,1202.68,1243.62,1260.9,1196.04,0.52859826,5.7283114912
801140,2002-03-18,1206.86,1218.19,1243.7,1187.37,0.3274001,3.4347718516000003
801140,2002-03-19,1239.89,1208.16,1244.7,1197.33,0.39094536,4.5663150549000004
801140,2002-03-20,1252.88,1244.95,1267.44,1227.57,0.54263743,6.037714714600001
801140,2002-03-21,1257.77,1253.56,1278.81,1234.47,0.37882007,4.0279264545
801140,2002-03-22,1252.92,1255.81,1275.28,1234.01,0.46963953,4.7832950848
801140,2002-03-25,1262.09,1252.64,1273.01,1239.87,0.33632019,3.8036366956
801140,2002-03-26,1242.8,1261.3,1270.58,1230.12,0.31901478,3.4373440669
801140,2002-03-27,1253.52,1238.96,1260.83,1226.97,0.30197022,2.9516839362000002
801140,2002-03-28,1253.39,1254.48,1273.38,1236.39,0.27853824,2.9672421616
801140,2002-03-29,1210.02,1251.14,1257.43,1200.48,0.36245407,3.6473769807
801140,2002-04-01,1219.32,1204.67,1228.48,1190.85,0.31429065,2.9494038951999997
801140,2002-04-02,1192.52,1216.86,1227.01,1181.26,0.27717121,2.6701662392
801140,2002-04-03,1193.84,1191.04,1212.52,1177.4,0.25052957,2.6140175368
801140,2002-04-04,1230.14,1192.61,1236.07,1180.02,0.32069356,3.2901993720999996
801140,2002-04-05,1228.56,1237.62,1252.92,1216.9,0.34576391,3.6213938949
801140,2002-04-08,1226.63,1228.35,1239.88,1212.97,0.18369386,1.922163314
801140,2002-04-09,1254.04,1228.38,1265.98,1219.62,0.42602486,4.7178441516000005
801140,2002-04-10,1258.67,1258.15,1273.64,1241.75,0.45557817,5.112079513
801140,2002-04-11,1232.56,1259.51,1267.09,1225.77,0.31017965,3.3158480921
801140,2002-04-12,1236.6,1228.14,1249.13,1220.84,0.21914711,2.2698712686
801140,2002-04-15,1234.64,1238.13,1252.31,1219.23,0.20401545,2.1640861157
801140,2002-04-16,1230.41,1234.68,1247.45,1219.53,0.17467523,1.9242340988
801140,2002-04-17,1228.2,1233.12,1244.6,1212.67,0.18474031,1.8773521179
801140,2002-04-18,1206.6,1226.93,1233.21,1201.84,0.22260497,2.1132595603
801140,2002-04-19,1218.63,1202.12,1222.99,1182.04,0.24927022,2.3733874209
801140,2002-04-22,1208.32,1213.47,1224.51,1193.06,0.18718511,1.9468532502000002
801140,2002-04-23,1203.19,1207.09,1219.26,1192.55,0.11720469,1.2327609498999998
801140,2002-04-24,1192.63,1202.66,1212.07,1185.84,0.13177598,1.2426191939
801140,2002-04-25,1197.12,1190.72,1206.58,1178.99,0.16138564,1.6308905042
801140,2002-04-26,1218.76,1199.65,1226.33,1193.76,0.23860485,2.5124987605
801140,2002-04-29,1241.34,1217.07,1252.47,1208.77,0.32895923,3.8090874414999996
801140,2002-04-30,1245.1,1247.27,1260.27,1229.16,0.25997525,2.8865273343
801140,2002-05-08,1231.47,1245.31,1254.98,1223.97,0.18482753,2.0605634684
801140,2002-05-09,1229.56,1226.81,1247.51,1217.26,0.16124106,1.6918128569
801140,2002-05-10,1220.94,1231.83,1243.58,1213.3,0.16008081,1.6983195443999999
801140,2002-05-13,1216.0,1220.44,1230.81,1203.56,0.16508947,1.8070571013999999
801140,2002-05-14,1214.73,1213.25,1229.46,1203.21,0.17679199,2.0331329782
801140,2002-05-15,1203.75,1213.56,1223.93,1196.48,0.15789552,1.8808659134999999
801140,2002-05-16,1156.33,1194.28,1203.5,1145.06,0.24671857,2.4536141573
801140,2002-05-17,1172.35,1154.27,1184.31,1144.01,0.21413458,2.2285156563
801140,2002-05-20,1153.54,1170.86,1178.4,1135.39,0.2049361,2.0047020525
801140,2002-05-21,1186.91,1178.97,1204.29,1161.13,0.29536962,3.1369300827999997
801140,2002-05-22,1174.58,1191.77,1197.81,1163.84,0.16554657,1.6648693987999998
801140,2002-05-23,1179.09,1179.26,1200.46,1168.19,0.12572257,1.272963633
801140,2002-05-24,1163.42,1181.4,1187.72,1151.01,0.12479688,1.2334097403
801140,2002-05-27,1169.11,1169.59,1181.95,1152.93,0.09225279,0.9302157413
801140,2002-05-28,1174.91,1172.79,1187.71,1163.72,0.10138726,1.0461202552
801140,2002-05-29,1145.08,1170.96,1177.05,1135.46,0.16706304,1.8694982417
801140,2002-05-30,1142.0,1143.97,1157.62,1122.09,0.14761603,1.4810481768000001
801140,2002-05-31,1138.07,1141.33,1155.1,1127.42,0.09656997,0.9543497539
801140,2002-06-03,1107.7,1125.74,1132.59,1097.99,0.13435312,1.3263866801000002
801140,2002-06-04,1114.01,1109.06,1127.73,1095.19,0.11340173,1.1071951626
801140,2002-06-05,1083.07,1108.4,1114.08,1078.45,0.09322375,0.8371412534999999
801140,2002-06-06,1134.95,1079.05,1154.53,1068.26,0.21550863,2.0116604108000002
801140,2002-06-07,1145.4,1136.52,1160.24,1120.33,0.24853604,2.253593118
801140,2002-06-10,1136.62,1139.64,1150.54,1123.78,0.13313053,1.2919190651
801140,2002-06-11,1148.13,1135.65,1158.22,1127.52,0.13919965,1.4294850536
801140,2002-06-12,1140.74,1144.64,1155.1,1125.37,0.10735663,1.135753354
801140,2002-06-13,1131.07,1137.94,1149.25,1123.49,0.11192956,1.0179735242
801140,2002-06-14,1111.95,1123.96,1134.61,1104.82,0.1391158,1.1307539902
801140,2002-06-17,1114.99,1107.79,1121.73,1098.02,0.07874344,0.6294045398
801140,2002-06-18,1141.44,1120.39,1150.22,1116.21,0.16890626,1.4900288452000001
801140,2002-06-19,1127.71,1145.47,1149.93,1124.19,0.08596023,0.7435311284999999
801140,2002-06-20,1138.07,1132.52,1154.8,1125.47,0.12775065,1.0941583114
801140,2002-06-21,1178.65,1142.3,1188.42,1136.93,0.37034668,3.3133453233999997
801140,2002-06-24,1288.52,1286.05,1293.66,1233.37,2.02403729,23.2266940125
801140,2002-06-25,1266.09,1294.02,1323.35,1251.57,1.11779225,11.7463230375
801140,2002-06-26,1264.97,1257.86,1281.31,1235.97,0.48925938,4.9846636666
801140,2002-06-27,1260.87,1265.26,1282.07,1246.72,0.4783356,4.6741070468
801140,2002-06-28,1256.61,1264.91,1282.69,1238.51,0.55571218,5.3525004014999995
801140,2002-07-01,1246.86,1256.74,1274.03,1236.25,0.23567143,2.2561796218
801140,2002-07-02,1260.37,1241.92,1266.29,1228.77,0.34857771,3.2132442381999997
801140,2002-07-03,1269.43,1259.88,1279.61,1246.46,0.4200181,4.0270850388
801140,2002-07-04,1259.23,1269.42,1281.22,1251.48,0.43961962,4.081514014700001
801140,2002-07-05,1265.88,1255.78,1273.52,1245.82,0.29307424,3.0062754938
801140,2002-07-08,1279.71,1266.81,1291.5,1259.11,0.37400239,4.006888794
801140,2002-07-09,1277.33,1279.68,1290.82,1267.23,0.2734173,2.9086801347000004
801140,2002-07-10,1258.58,1277.01,1283.67,1249.25,0.38977009,3.8123449950999997
801140,2002-07-11,1255.96,1253.76,1269.74,1243.99,0.25751386,2.5340237759999997
801140,2002-07-12,1259.43,1255.23,1269.29,1245.65,0.26136813,3.0162865607
801140,2002-07-15,1244.05,1256.36,1264.1,1236.21,0.24575439,2.6487381616
801140,2002-07-16,1245.54,1244.5,1262.27,1235.71,0.16935432,1.9184028382
801140,2002-07-17,1252.73,1247.42,1259.01,1233.01,0.15998547,1.7980246953999999
801140,2002-07-18,1259.72,1255.12,1268.33,1244.38,0.22334877,2.344659999
801140,2002-07-19,1266.24,1260.36,1274.15,1250.69,0.20472173,2.3641857000999997
801140,2002-07-22,1248.53,1265.15,1272.17,1241.26,0.28496536,3.0715865719
801140,2002-07-23,1244.33,1245.94,1259.58,1235.25,0.23307403,2.2395452538
801140,2002-07-24,1242.04,1246.96,1255.58,1234.49,0.23339126,2.1442191127
801140,2002-07-25,1234.15,1246.89,1254.97,1226.86,0.1567345,1.5529190405000002
801140,2002-07-26,1228.74,1234.46,1244.71,1222.72,0.15484137,1.5875694283000001
801140,2002-07-29,1234.76,1225.42,1239.15,1215.09,0.12137812,1.3389237704999999
801140,2002-07-30,1236.53,1235.99,1247.19,1223.53,0.16849027,1.7251847426
801140,2002-07-31,1227.04,1233.39,1244.69,1218.59,0.17534401,1.7379048191
801140,2002-08-01,1231.83,1224.96,1240.0,1212.78,0.14801524,1.5560994936
801140,2002-08-02,1237.14,1232.64,1243.16,1222.85,0.1290612,1.4406716628999998
801140,2002-08-05,1233.18,1234.67,1243.16,1224.41,0.12218283,1.2908732784
801140,2002-08-06,1240.41,1232.46,1252.56,1223.01,0.16523116,1.6732792894
801140,2002-08-07,1234.87,1240.52,1245.31,1227.3,0.0961191,1.0076723195000001
801140,2002-08-08,1227.14,1236.01,1245.53,1222.58,0.12477439,1.3916954187000001
801140,2002-08-09,1224.13,1225.43,1235.49,1214.3,0.17393648,2.057047191
801140,2002-08-12,1215.09,1218.05,1225.24,1207.42,0.11212088,1.2709850684000001
801140,2002-08-13,1219.7,1214.44,1229.45,1208.43,0.09548697,1.0660433220999999
801140,2002-08-14,1227.7,1217.98,1232.2,1210.7,0.10902812,1.1946950289
801140,2002-08-15,1220.0,1226.87,1233.06,1212.98,0.1033422,1.0604184562
801140,2002-08-16,1228.41,1217.69,1235.76,1208.69,0.11610383,1.2359052998
801140,2002-08-19,1224.6,1224.41,1234.87,1212.73,0.08599213,0.9864881042
801140,2002-08-20,1241.7,1224.28,1248.23,1220.49,0.16263329,1.80382156
801140,2002-08-21,1241.47,1242.4,1251.7,1230.71,0.13098832,1.5411206641
801140,2002-08-22,1252.11,1242.33,1262.73,1236.4,0.22705836,2.5901328006
801140,2002-08-23,1248.03,1253.47,1259.68,1241.92,0.13969427,1.6311326813
801140,2002-08-26,1239.52,1247.4,1255.51,1231.96,0.15825591,1.8328419674
801140,2002-08-27,1246.66,1241.36,1257.98,1230.24,0.17861248,2.1188407401
801140,2002-08-28,1243.12,1246.31,1255.73,1236.33,0.11062324,1.2394738581
801140,2002-08-29,1247.48,1243.43,1273.18,1234.06,0.63648607,4.4429224538
801140,2002-08-30,1237.55,1246.17,1252.81,1229.2,0.30615038,2.1783629683
801140,2002-09-02,1237.15,1235.83,1244.69,1226.83,0.1384304,1.3864949054
801140,2002-09-03,1236.53,1238.84,1248.23,1229.91,0.12069556,1.1437892801
801140,2002-09-04,1235.34,1236.32,1248.72,1225.73,0.25235593,2.4248742948
801140,2002-09-05,1222.08,1232.6,1241.0,1212.1,0.33443961,3.1206903006
801140,2002-09-06,1211.86,1218.59,1228.99,1205.78,0.19326087,1.8287099972
801140,2002-09-09,1207.2,1208.22,1218.31,1195.15,0.14214827,1.4235313059
801140,2002-09-10,1211.09,1206.71,1218.7,1198.19,0.13325672,1.3908950163
801140,2002-09-11,1207.33,1211.09,1217.57,1193.81,0.16081933,1.5602933325
801140,2002-09-12,1212.53,1208.45,1222.2,1198.45,0.14006664,1.5211349741
801140,2002-09-13,1210.51,1211.79,1218.6,1202.43,0.07328113,0.7712615984000001
801140,2002-09-16,1194.54,1207.4,1211.21,1185.23,0.11011426,1.0507383906999999
801140,2002-09-17,1192.6,1196.07,1207.66,1179.95,0.15712866,1.5074017594
801140,2002-09-18,1182.19,1190.65,1197.79,1177.33,0.08802469,0.854974947
801140,2002-09-19,1201.2,1179.22,1210.77,1169.26,0.16490457,1.6077231694999998
801140,2002-09-20,1191.4,1193.38,1206.56,1180.86,0.11988235,1.2683993759
801140,2002-09-23,1189.77,1187.83,1198.14,1177.27,0.0692998,0.7307093625
801140,2002-09-24,1185.59,1185.82,1197.07,1176.2,0.09498116,1.0308493472
801140,2002-09-25,1185.44,1183.64,1196.17,1172.47,0.13795895,1.5561838987
801140,2002-09-26,1175.23,1184.21,1192.81,1170.74,0.12485159,1.2535821485
801140,2002-09-27,1172.95,1173.22,1185.35,1163.27,0.08573522,0.8824829090999999
801140,2002-10-08,1163.64,1166.03,1175.51,1151.99,0.05682379,0.5203225448
801140,2002-10-09,1136.73,1159.81,1165.59,1127.2,0.11372786,1.1655200712
801140,2002-10-10,1134.88,1132.03,1149.45,1124.58,0.08144235,0.7934533005
801140,2002-10-11,1131.24,1134.23,1147.67,1122.66,0.09812544,0.9606957776
801140,2002-10-14,1137.61,1127.98,1144.53,1111.48,0.11932854,1.10602914
801140,2002-10-15,1132.27,1134.91,1146.77,1120.82,0.11365949,1.1293898938
801140,2002-10-16,1141.73,1132.91,1153.58,1127.01,0.14886747,1.6033282397
801140,2002-10-17,1125.46,1142.46,1147.17,1117.69,0.12497185,1.4191804782
801140,2002-10-18,1126.11,1120.46,1136.08,1108.03,0.13695915,1.4857096167
801140,2002-10-21,1131.34,1121.6,1136.92,1112.99,0.09381606,0.9115730676
801140,2002-10-22,1148.53,1132.18,1157.26,1127.92,0.21180468,2.1622093613
801140,2002-10-23,1152.44,1145.55,1158.46,1134.33,0.15443697,1.6654756553999999
801140,2002-10-24,1140.54,1151.89,1156.66,1133.39,0.12363069,1.2514697548
801140,2002-10-25,1131.56,1142.93,1153.19,1125.9,0.17224456,1.8793587378
801140,2002-10-28,1118.83,1132.71,1140.31,1110.64,0.20301051,2.0764406122
801140,2002-10-29,1118.61,1115.26,1128.82,1095.79,0.20592619,2.0784891364
801140,2002-10-30,1114.6,1115.37,1124.55,1101.64,0.13196261,1.4632064437
801140,2002-10-31,1112.0,1114.11,1126.45,1105.03,0.10709028,1.0938430383
801140,2002-11-01,1100.16,1106.98,1116.65,1088.78,0.1568797,1.6436396935
801140,2002-11-04,1108.49,1103.61,1118.74,1088.71,0.15669109,1.6182673993
801140,2002-11-05,1129.25,1110.68,1138.66,1103.02,0.26225673,2.6811242823
801140,2002-11-06,1127.76,1132.04,1143.2,1118.28,0.20848093,2.2212248588
801140,2002-11-07,1128.23,1127.13,1139.27,1114.66,0.14942576,1.5802409637000001
801140,2002-11-08,1101.95,1139.26,1149.01,1093.98,0.22889954,2.2480010758
801140,2002-11-11,1089.78,1101.42,1112.93,1082.62,0.17403306,1.7008401532
801140,2002-11-12,1066.88,1088.32,1098.54,1058.47,0.22455098,2.2805588712000002
801140,2002-11-13,1068.81,1063.72,1074.81,1045.0,0.16810123,1.551002136
801140,2002-11-14,1048.86,1066.19,1071.18,1040.89,0.15207526,1.5868255822
801140,2002-11-15,1051.68,1044.14,1068.82,1036.89,0.14382971,1.3689547234000001
801140,2002-11-18,1043.5,1051.47,1060.71,1033.91,0.1195896,1.4087258684000001
801140,2002-11-19,1054.56,1043.26,1064.03,1030.94,0.17068758,1.8720863036000002
801140,2002-11-20,1025.51,1049.35,1053.42,1018.28,0.16774135,1.6225256799
801140,2002-11-21,1003.61,1021.3,1030.46,994.07,0.22581644,2.0260396612
801140,2002-11-22,1016.41,1004.21,1037.98,985.03,0.34301934,2.6602190188
801140,2002-11-25,1016.18,1009.84,1029.41,996.01,0.21888321,1.9046392468
801140,2002-11-26,994.9,1016.33,1029.77,988.58,0.23818903,2.3338860807
801140,2002-11-27,1004.73,984.6,1015.47,972.25,0.25491696,1.9626025844
801140,2002-11-28,1027.72,1001.24,1031.51,993.62,0.29489262,2.6908066361
801140,2002-11-29,1038.83,1028.83,1056.04,1018.49,0.39082069,3.2002464567
801140,2002-12-02,1009.4,1032.36,1041.04,1003.17,0.15889843,1.3143285059
801140,2002-12-03,1024.3,1000.09,1031.3,993.08,0.19850782,1.7112123925
801140,2002-12-04,1025.73,1025.7,1046.26,1015.29,0.22234057,2.0157514374
801140,2002-12-05,1019.71,1021.54,1031.3,1006.68,0.14944426,1.2479479238
801140,2002-12-06,1018.22,1018.92,1034.05,1008.19,0.12839994,1.1341263121
801140,2002-12-09,1018.91,1015.16,1030.72,1006.45,0.11037423,1.0346821370000001
801140,2002-12-10,1005.11,1017.21,1027.85,999.65,0.16262872,1.4948569562
801140,2002-12-11,1001.72,1001.25,1009.64,988.11,0.10493892,0.8148088848
801140,2002-12-12,1004.84,1000.38,1019.25,995.26,0.10380862,0.8141323962
801140,2002-12-13,1018.37,996.11,1025.45,989.4,0.14948281,1.1784163233
801140,2002-12-16,1029.58,1018.85,1037.57,1011.0,0.21632353,1.9755167798
801140,2002-12-17,1037.97,1027.21,1042.37,1018.48,0.19053931,1.7008689008000002
801140,2002-12-18,1031.8,1036.46,1047.16,1024.6,0.20000354,1.7424952159
801140,2002-12-19,1032.36,1030.19,1039.31,1020.0,0.10152123,0.8926108409000001
801140,2002-12-20,1044.51,1034.05,1050.95,1025.23,0.18952234,1.6718608196
801140,2002-12-23,1049.71,1046.81,1065.62,1039.17,0.29370595,2.5303633909
801140,2002-12-24,1054.31,1048.34,1057.71,1038.41,0.17485207,1.6843869851
801140,2002-12-25,1050.83,1057.3,1067.54,1044.1,0.20159173,1.9737643604
801140,2002-12-26,1022.09,1049.06,1056.26,1014.01,0.3212144,2.8931787044
801140,2002-12-27,1020.24,1017.82,1033.98,1001.64,0.20406559,1.8259925647
801140,2002-12-30,1013.15,1014.64,1028.98,996.87,0.18986321,1.8804301491
801140,2002-12-31,1004.35,1015.26,1029.91,992.36,0.22475235,2.3574063436
801140,2003-01-02,984.88,996.59,1013.36,976.25,0.18454267,1.5981777465
801140,2003-01-03,986.03,981.87,997.1,968.96,0.15175495,1.3304506622
801140,2003-01-06,998.49,983.13,1005.29,972.12,0.14434322,1.2496626814
801140,2003-01-07,994.06,997.64,1012.86,982.62,0.13131225,1.1389645684999998
801140,2003-01-08,1017.95,994.36,1024.14,984.36,0.18816076,1.5431263411000002
801140,2003-01-09,1030.99,1018.09,1040.38,1005.21,0.31731873,2.7587287866000003
801140,2003-01-10,1028.63,1029.18,1060.25,1014.4,0.34806887,2.5408799799
801140,2003-01-13,1034.31,1023.87,1042.3,1017.06,0.1996444,1.6132036887999999
801140,2003-01-14,1074.61,1034.41,1090.94,1028.78,0.54959126,4.5393702665
801140,2003-01-15,1063.97,1079.04,1093.79,1052.17,0.42243823,3.6511292733999996
801140,2003-01-16,1082.29,1060.34,1088.52,1054.59,0.32696107,2.8671349172000005
801140,2003-01-17,1077.92,1084.83,1099.14,1067.42,0.43728437,3.6013353442000002
801140,2003-01-20,1076.76,1074.91,1086.83,1055.46,0.24838598,2.2149348913
801140,2003-01-21,1064.16,1078.96,1092.59,1055.51,0.36146544,3.2510369057
801140,2003-01-22,1068.56,1058.33,1076.77,1048.43,0.25607082,2.240094462
801140,2003-01-23,1061.97,1066.9,1081.23,1053.19,0.23166655,2.0332685675
801140,2003-01-24,1072.59,1060.76,1078.22,1052.67,0.20173417,1.7472708549
801140,2003-01-27,1087.62,1075.21,1095.02,1067.49,0.23484731,2.0612154794
801140,2003-01-28,1091.33,1088.32,1099.68,1076.55,0.28395556,2.455268067
801140,2003-01-29,1091.46,1091.03,1102.73,1080.67,0.21291515,1.9517120796
801140,2003-02-10,1084.48,1089.84,1099.96,1072.75,0.1423848,1.3029237069
801140,2003-02-11,1096.39,1082.77,1100.23,1073.74,0.16055899,1.3661760791
801140,2003-02-12,1104.76,1094.42,1109.35,1083.0,0.24789002,2.0869911292
801140,2003-02-13,1101.33,1105.14,1116.51,1093.37,0.23179159,1.9500492408
801140,2003-02-14,1110.32,1100.43,1116.2,1091.91,0.20566053,1.9722855959
801140,2003-02-17,1100.12,1109.66,1117.85,1091.33,0.17908308,1.6324394613
801140,2003-02-18,1097.64,1099.06,1109.39,1084.95,0.1966196,1.9622930387000002
801140,2003-02-19,1106.6,1095.3,1110.17,1085.45,0.17769301,1.7265715597
801140,2003-02-20,1105.86,1108.13,1119.3,1095.85,0.23606874,1.9973666274000001
801140,2003-02-21,1085.39,1103.9,1107.54,1078.11,0.21534383,1.9258434627
801140,2003-02-24,1092.23,1083.34,1101.93,1078.53,0.24413616,2.6140943572
801140,2003-02-25,1109.0,1091.99,1114.06,1087.46,0.24454876,2.5112441816
801140,2003-02-26,1106.9,1109.46,1118.61,1095.55,0.18955913,1.9367315672
801140,2003-02-27,1105.44,1105.69,1118.86,1094.48,0.17875696,1.8445103434
801140,2003-02-28,1102.76,1101.91,1112.51,1089.28,0.16076142,1.6428538295
801140,2003-03-03,1111.3,1101.43,1116.32,1094.65,0.14384206,1.4342972238999998
801140,2003-03-04,1109.99,1109.9,1119.97,1098.32,0.18015764,1.7546791561000001
801140,2003-03-05,1105.36,1108.37,1114.89,1093.88,0.15789381,1.616750944
801140,2003-03-06,1093.36,1103.56,1111.56,1086.96,0.22306932,2.0839692964
801140,2003-03-07,1091.71,1092.1,1102.04,1082.18,0.18141539,1.7094342401
801140,2003-03-10,1072.7,1091.41,1098.94,1065.95,0.2351404,2.3461331941
801140,2003-03-11,1072.11,1070.4,1082.11,1062.11,0.1376098,1.3134534390000001
801140,2003-03-12,1076.83,1071.3,1084.09,1060.04,0.20630564,1.8544583624000002
801140,2003-03-13,1075.96,1076.3,1088.41,1066.79,0.16353228,1.4833913206
801140,2003-03-14,1074.35,1075.2,1085.59,1067.45,0.15795382,1.5011051384
801140,2003-03-17,1067.95,1073.16,1081.88,1054.28,0.14902997,1.4256328672
801140,2003-03-18,1064.0,1068.3,1081.87,1056.43,0.18515418,1.7066511141
801140,2003-03-19,1067.8,1063.31,1077.32,1053.27,0.19029311,1.8122036837
801140,2003-03-20,1067.51,1067.86,1084.27,1055.81,0.17466524,1.553478286
801140,2003-03-21,1078.06,1066.0,1082.4,1061.64,0.16184106,1.3938475694999999
801140,2003-03-24,1078.14,1077.92,1085.36,1069.96,0.10417089,0.9374303871999999
801140,2003-03-25,1068.97,1078.48,1085.56,1062.95,0.11651546,1.0913509001000001
801140,2003-03-26,1065.05,1067.5,1078.6,1055.99,0.15193355,1.4710690422
801140,2003-03-27,1088.83,1063.8,1097.02,1052.4,0.2342592,2.2476318259
801140,2003-03-28,1080.69,1084.75,1096.98,1071.21,0.16934375,1.4553689697
801140,2003-03-31,1089.93,1079.54,1096.66,1071.25,0.209272,2.0254150707
801140,2003-04-01,1091.68,1089.5,1099.26,1080.99,0.21106566,1.9807240819999998
801140,2003-04-02,1087.38,1090.77,1099.68,1079.33,0.17327939,1.7698271861000001
801140,2003-04-03,1083.37,1084.69,1097.44,1072.8,0.20477251,1.9979165503
801140,2003-04-04,1087.46,1081.06,1094.95,1074.6,0.19918823,1.9846849882
801140,2003-04-07,1079.32,1088.03,1096.43,1071.38,0.23532802,2.2709485019
801140,2003-04-08,1071.26,1079.54,1088.15,1061.4,0.26364691,2.492615904
801140,2003-04-09,1072.54,1069.59,1081.54,1051.7,0.30035373,2.590365869
801140,2003-04-10,1074.14,1071.32,1087.0,1051.98,0.44757208,4.16759157
801140,2003-04-11,1086.27,1071.78,1097.78,1059.83,0.42181073,4.0559229923
801140,2003-04-14,1119.15,1085.91,1126.92,1077.48,0.69446208,6.3615690128999995
801140,2003-04-15,1136.24,1123.06,1149.27,1108.42,0.62537288,6.625395085599999
801140,2003-04-16,1114.45,1142.32,1155.73,1100.0,0.58725997,5.553922065
801140,2003-04-17,1115.49,1113.72,1130.55,1095.61,0.42120583,3.7738843993
801140,2003-04-18,1116.11,1116.59,1133.41,1096.77,0.3021788,2.9014333237
801140,2003-04-21,1094.19,1115.51,1120.75,1081.6,0.2431574,2.1484133582
801140,2003-04-22,1090.58,1088.29,1105.45,1075.86,0.18258572,1.8263034784999999
801140,2003-04-23,1077.61,1089.18,1100.48,1065.15,0.24844516,2.5187098757
801140,2003-04-24,1049.26,1075.01,1083.2,1039.53,0.25151692,2.2754846431
801140,2003-04-25,1038.56,1046.17,1061.98,1028.89,0.23505275,2.0013325489
801140,2003-04-28,1047.07,1033.83,1054.88,1008.07,0.27131228,2.3654089366
801140,2003-04-29,1029.33,1043.65,1053.09,1017.69,0.22453521,1.8418105193
801140,2003-04-30,1028.36,1026.46,1044.68,1012.78,0.2897513,2.6866187215
801140,2003-05-12,1013.06,1022.2,1036.44,999.25,0.16021505,1.3827180832
801140,2003-05-13,991.51,1010.6,1024.47,969.9,0.34508877,3.0413270244999997
801140,2003-05-14,1007.04,987.54,1015.5,978.0,0.24107202,2.2232364112000003
801140,2003-05-15,1026.24,1005.95,1035.53,994.51,0.29188863,2.4551305009
801140,2003-05-16,1030.66,1028.14,1044.74,1012.89,0.27487071,2.2825864743
801140,2003-05-19,1041.92,1031.38,1052.76,1020.19,0.32446604,3.0132592861000003
801140,2003-05-20,1029.08,1039.06,1045.89,1019.95,0.22636308,2.2910472389
801140,2003-05-21,1031.16,1031.76,1043.45,1018.62,0.21444732,1.91801583
801140,2003-05-22,1035.39,1031.96,1042.41,1019.35,0.19269092,1.4751428084
801140,2003-05-23,1037.12,1034.92,1050.42,1022.78,0.34180476,2.8906300481000002
801140,2003-05-26,1046.06,1039.58,1056.15,1026.21,0.27335105,2.3456899309
801140,2003-05-27,1051.72,1045.88,1060.72,1032.28,0.2762661,2.3519596308
801140,2003-05-28,1045.98,1054.27,1064.56,1033.77,0.31447174,2.4958228691
801140,2003-05-29,1051.01,1044.97,1058.27,1030.15,0.28363781,2.4028603937
801140,2003-05-30,1065.32,1049.97,1072.15,1043.42,0.30646262,2.6554194272
801140,2003-06-02,1072.41,1066.62,1081.44,1055.11,0.33012006,2.9333517688999997
801140,2003-06-03,1069.75,1071.81,1085.61,1059.39,0.40286613,3.1832497318
801140,2003-06-04,1069.75,1067.89,1081.21,1053.16,0.39121124,3.3884594777999997
801140,2003-06-05,1068.13,1068.77,1084.11,1057.34,0.31429592,2.5542448490000003
801140,2003-06-06,1055.62,1065.62,1073.88,1048.74,0.29352025,2.3522916465
801140,2003-06-09,1045.2,1053.24,1059.58,1035.99,0.21098939,1.682046213
801140,2003-06-10,1054.48,1044.66,1062.36,1038.21,0.2263626,1.9742423241
801140,2003-06-11,1070.63,1054.86,1075.03,1048.75,0.25847335,2.3397421925999997
801140,2003-06-12,1071.32,1070.17,1083.36,1060.11,0.3020764,2.4657421453
801140,2003-06-13,1084.91,1071.2,1095.71,1064.49,0.42092451,3.7741228520999996
801140,2003-06-16,1077.88,1084.54,1091.47,1067.45,0.25391771,2.1397890735
801140,2003-06-17,1079.47,1079.53,1091.76,1067.76,0.25665878,2.3325887633
801140,2003-06-18,1079.8,1079.44,1093.27,1066.02,0.26736415,2.6261720901
801140,2003-06-19,1070.65,1078.81,1087.24,1058.16,0.3218582,3.0284673489
801140,2003-06-20,1064.38,1066.51,1079.5,1054.99,0.19862575,1.9185884857
801140,2003-06-23,1049.72,1059.7,1067.82,1042.15,0.19466771,1.7944824088
801140,2003-06-24,1050.31,1048.96,1059.95,1040.4,0.15666801,1.4208136052000002
801140,2003-06-25,1046.98,1051.27,1062.75,1038.76,0.1877507,1.7546024036
801140,2003-06-26,1045.29,1045.27,1057.85,1029.17,0.27815551,2.7106630967000003
801140,2003-06-27,1034.02,1045.5,1053.97,1022.58,0.30026509,2.9602894089
801140,2003-06-30,1023.97,1033.48,1042.28,1015.21,0.19277393,1.8671078908
801140,2003-07-01,1020.73,1022.2,1039.74,1009.58,0.25272039,2.3751289016999997
801140,2003-07-02,1017.12,1017.25,1027.14,1002.49,0.21750022,1.9105358372999999
801140,2003-07-03,1019.63,1018.35,1028.92,1007.9,0.16135532,1.3975354237
801140,2003-07-04,1014.76,1021.28,1031.84,1004.88,0.16471745,1.5490514738999999
801140,2003-07-07,1013.7,1009.44,1021.61,997.57,0.18483758,1.6372415138999998
801140,2003-07-08,1019.47,1012.53,1026.41,1005.99,0.18734822,1.5309190573
801140,2003-07-09,1015.88,1019.29,1027.19,1007.31,0.18716553,1.461576094
801140,2003-07-10,1029.11,1014.15,1034.6,1007.39,0.28323481,2.4097963353
801140,2003-07-11,1026.48,1029.13,1036.32,1014.93,0.21266243,1.7802746671
801140,2003-07-14,1020.35,1024.67,1033.12,1011.61,0.17375769,1.3652681342
801140,2003-07-15,1016.13,1019.17,1029.67,1004.94,0.21839907,1.7262345366999998
801140,2003-07-16,1018.79,1017.45,1027.17,1006.87,0.17556109,1.4311287647
801140,2003-07-17,1023.74,1017.24,1033.48,1007.75,0.24735593,2.0816945731
801140,2003-07-18,1007.64,1022.81,1029.77,1003.39,0.2442024,2.0503176773
801140,2003-07-21,991.78,1003.61,1010.12,979.0,0.22941421,1.8106614613
801140,2003-07-22,1001.01,997.33,1012.03,985.47,0.19607109,1.6061326334000001
801140,2003-07-23,1004.58,1001.85,1012.41,990.99,0.1534154,1.2547820289
801140,2003-07-24,1001.6,1004.56,1013.65,989.82,0.17056059,1.4327974153
801140,2003-07-25,989.08,998.42,1007.97,981.13,0.18731727,1.5682707012000001
801140,2003-07-28,986.85,987.7,997.51,974.69,0.13754364,1.0687022814
801140,2003-07-29,992.12,988.39,998.66,978.95,0.14222227,1.1220903964
801140,2003-07-30,993.14,993.63,1002.81,980.73,0.18329755,1.39743697
801140,2003-07-31,998.76,993.58,1005.55,985.4,0.14013948,1.0849066379999999
801140,2003-08-01,995.76,990.94,1005.7,979.33,0.17232492,1.3781581006999999
801140,2003-08-04,1004.03,994.35,1010.46,984.99,0.18318196,1.3788665907
801140,2003-08-05,1005.06,1003.61,1014.52,993.94,0.15761618,1.2739476126
801140,2003-08-06,1002.48,1003.15,1015.63,994.07,0.14092737,1.0748970578
801140,2003-08-07,1002.9,1003.31,1013.66,993.25,0.13831184,1.0697745902
801140,2003-08-08,989.51,1000.17,1006.65,983.67,0.15666735,1.1497442064
801140,2003-08-11,989.49,986.51,996.78,977.09,0.10545302,0.7679901137999999
801140,2003-08-12,995.05,988.96,1002.53,981.03,0.15680817,1.1523714029
801140,2003-08-13,985.61,996.37,999.46,982.07,0.11176104,0.8290466669
801140,2003-08-14,980.31,984.55,995.46,973.97,0.13428634,1.0430897748999999
801140,2003-08-15,979.27,977.0,989.02,968.68,0.16028355,1.3239841704000002
801140,2003-08-18,978.45,978.31,989.38,970.15,0.13108588,1.1791403002
801140,2003-08-19,982.0,979.15,989.9,972.12,0.14000104,1.1948441574
801140,2003-08-20,981.25,982.77,990.99,968.43,0.16023215,1.4380509379
801140,2003-08-21,978.65,979.09,989.35,969.69,0.12723253,1.1565927326
801140,2003-08-22,976.86,974.45,987.46,967.79,0.12651408,1.0013009836
801140,2003-08-25,965.07,972.48,983.52,949.52,0.17867462,1.3985668769
801140,2003-08-26,965.35,964.21,975.04,953.05,0.1252276,1.0654296772
801140,2003-08-27,966.37,966.21,979.34,956.52,0.14171129,1.2020052702
801140,2003-08-28,951.79,966.04,972.66,946.7,0.1383845,1.1254770859999998
801140,2003-08-29,957.45,949.55,964.21,938.14,0.20894721,1.8147022794999998
801140,2003-09-01,976.42,957.36,982.84,946.91,0.24688249,2.1923604673
801140,2003-09-02,971.2,977.28,984.53,962.23,0.33448854,2.7869027156
801140,2003-09-03,970.62,968.09,980.49,955.55,0.21417662,1.796002336
801140,2003-09-04,970.0,969.84,982.54,960.34,0.18960547,1.4506303512999998
801140,2003-09-05,960.83,968.51,975.31,952.36,0.18211237,1.5432080237
801140,2003-09-08,958.54,958.42,969.39,945.0,0.16230001,1.2919962487999999
801140,2003-09-09,956.88,956.88,965.86,945.08,0.176429,1.8992393544
801140,2003-09-10,961.73,955.34,969.32,946.75,0.17176685,1.5963835346000002
801140,2003-09-11,961.38,961.57,971.0,953.8,0.12106233,1.0178244586
801140,2003-09-12,952.32,959.9,967.7,943.72,0.19138607,1.6080614404
801140,2003-09-15,943.1,949.33,959.72,934.83,0.15630813,1.2876926898999999
801140,2003-09-16,948.7,944.64,956.48,933.53,0.15957891,1.2723691858
801140,2003-09-17,939.78,948.61,953.47,930.22,0.17538035,1.202642273
801140,2003-09-18,936.99,938.41,948.62,934.07,0.15493716,1.1586848308
801140,2003-09-19,937.15,935.16,939.35,929.17,0.14350657,1.0559041223
801140,2003-09-22,938.21,937.26,947.24,927.37,0.15930552,1.1909124011
801140,2003-09-23,942.85,936.11,946.36,925.27,0.1426229,1.2301474190000001
801140,2003-09-24,944.12,944.27,944.27,938.49,0.15610485,1.2783016323
801140,2003-09-25,933.69,941.72,944.47,931.31,0.29047222,2.0729368936
801140,2003-09-26,932.84,931.33,941.36,927.4,0.20497826,1.5414300235
801140,2003-09-29,922.17,929.05,932.84,920.05,0.21999696,1.5483353847999999
801140,2003-09-30,924.04,921.69,929.04,912.85,0.19403331,1.4407115788
801140,2003-10-08,927.37,924.12,927.48,915.75,0.20238791,1.4040843471000002
801140,2003-10-09,920.74,925.55,928.78,919.15,0.19682822,1.5209127717
801140,2003-10-10,935.69,920.34,936.2,917.35,0.29039655,2.2799944845
801140,2003-10-13,930.64,935.16,936.33,920.34,0.25085999,1.7607218799000002
801140,2003-10-14,921.56,929.57,935.15,920.47,0.17146478,1.1571827495
801140,2003-10-15,916.08,921.49,929.56,913.79,0.17296149,1.4045279005000002
801140,2003-10-16,903.63,915.01,921.49,901.84,0.15843032,1.2711389416
801140,2003-10-17,906.78,901.38,915.01,899.67,0.1532074,1.0838920576
801140,2003-10-20,895.53,904.4,906.8,892.97,0.15849353,1.0815825752
801140,2003-10-21,895.55,895.14,904.39,887.91,0.13845089,0.9940942127
801140,2003-10-22,909.91,897.0,910.38,893.09,0.31900837,2.4637205662
801140,2003-10-23,901.26,914.61,914.61,899.33,0.25555213,1.9456634037
801140,2003-10-24,887.34,899.97,906.27,884.44,0.23258881,1.5311728387999999
801140,2003-10-27,874.01,884.5,892.77,870.26,0.21080187,1.4025838011000002
801140,2003-10-28,866.07,869.78,881.84,859.47,0.20993398,1.2554475704
801140,2003-10-29,846.36,865.43,866.95,837.45,0.30870467,1.9301297928999999
801140,2003-10-30,832.52,843.55,851.9,827.66,0.21473119,1.1920563134
801140,2003-10-31,839.09,830.57,848.43,828.22,0.28028778,1.4925027843
801140,2003-11-03,838.96,836.77,839.52,828.6,0.23809095,1.5105764243000002
801140,2003-11-04,851.39,837.91,857.71,836.56,0.39750215,2.5300067828999997
801140,2003-11-05,837.44,849.96,850.66,832.37,0.30505458,1.7704655644
801140,2003-11-06,807.72,834.34,841.35,805.93,0.34926567,1.9290301791
801140,2003-11-07,794.25,802.55,814.42,784.21,0.34168146,1.9273285462
801140,2003-11-10,792.98,792.29,799.0,783.74,0.24729703,1.2581162103
801140,2003-11-11,796.22,791.13,796.31,785.79,0.23747935,1.3417079415000002
801140,2003-11-12,785.55,793.09,795.21,783.4,0.25604918,1.6633436911000001
801140,2003-11-13,792.68,782.16,792.91,781.93,0.24794648,1.4780315908000001
801140,2003-11-14,797.25,790.97,798.43,788.25,0.18055502,1.0240619567
801140,2003-11-17,798.04,797.03,798.31,793.03,0.17449353,1.0181684973
801140,2003-11-18,791.64,796.46,798.16,789.6,0.32426235,1.5967148208000002
801140,2003-11-19,802.48,790.0,802.55,788.61,0.27054874,1.5894454630000001
801140,2003-11-20,824.98,801.04,825.26,794.58,0.53817279,3.1842890356
801140,2003-11-21,813.88,821.23,829.63,810.25,0.65397111,4.1461802141
801140,2003-11-24,835.86,814.02,836.1,810.35,0.56332263,3.4733169432
801140,2003-11-25,849.03,838.79,854.88,834.62,0.9635068,5.8577405491
801140,2003-11-26,853.22,847.33,854.84,843.89,0.82261663,4.5999268039
801140,2003-11-27,832.15,853.33,853.78,830.51,0.55576729,3.3415749845
801140,2003-11-28,829.97,828.27,835.07,825.29,0.30132169,1.8836946831999999
801140,2003-12-01,847.9,830.5,847.9,828.12,0.36357896,2.2392365433
801140,2003-12-02,854.6,850.75,855.22,845.09,0.53307509,3.4611737617
801140,2003-12-03,857.79,855.0,860.91,849.0,0.5701884,3.7011303618999998
801140,2003-12-04,865.78,859.48,866.2,854.24,0.59308706,3.7052775745999997
801140,2003-12-05,859.93,860.69,867.52,854.35,0.47933511,3.1028969027999995
801140,2003-12-08,847.4,858.46,860.72,845.01,0.47507257,3.2083640801
801140,2003-12-09,850.73,845.64,852.27,841.69,0.39116877,2.7027348785000003
801140,2003-12-10,857.73,852.21,858.28,847.02,0.54564073,3.6788749852
801140,2003-12-11,858.52,857.84,859.0,853.51,0.40797506,2.6286664331
801140,2003-12-12,860.36,860.33,860.93,854.98,0.32720869,2.2279880312
801140,2003-12-15,861.84,862.27,864.26,859.07,0.35786965,2.3221626793
801140,2003-12-16,851.35,861.69,863.02,844.03,0.37068271,2.313246553
801140,2003-12-17,843.29,850.14,855.03,843.19,0.48428645,3.7152152695
801140,2003-12-18,834.4,839.31,844.34,829.21,0.5353254,3.5974521364
801140,2003-12-19,809.29,833.88,835.05,800.77,0.54033068,3.56312793
801140,2003-12-22,816.71,800.13,817.27,788.1,0.5525604,3.5227676306999998
801140,2003-12-23,823.32,814.87,824.7,809.06,0.58033118,4.160296002
801140,2003-12-24,826.65,822.12,828.24,820.29,0.57486696,3.9166374848000003
801140,2003-12-25,818.9,825.67,826.94,816.46,0.49267768,3.3284794233999997
801140,2003-12-26,827.04,820.0,827.4,817.71,0.71231636,5.4771903523
801140,2003-12-29,824.65,825.9,828.64,821.12,0.54498773,3.8005708747000004
801140,2003-12-30,824.73,825.5,827.27,820.97,0.44691934,3.3491971778
801140,2003-12-31,816.78,824.65,825.85,814.28,0.50099593,3.1679869541000003
801140,2004-01-02,825.05,812.85,825.72,809.73,0.47579527,3.3355770989
801140,2004-01-05,832.78,825.15,832.78,823.87,0.67622208,4.6368264311
801140,2004-01-06,830.58,833.06,833.65,823.56,0.69492458,4.6458494313
801140,2004-01-07,842.58,829.73,844.07,826.26,0.68641009,4.8527249552
801140,2004-01-08,867.99,843.83,868.18,841.88,0.75404586,5.7864419974
801140,2004-01-09,857.75,869.47,876.12,857.6,0.69850212,5.0540163029
801140,2004-01-12,867.56,853.84,867.59,851.66,0.4420987,3.0822429945
801140,2004-01-13,879.87,868.7,879.99,864.22,0.5840471,4.1169742933
801140,2004-01-14,878.55,880.95,881.57,867.8,0.50396733,3.2978178311
801140,2004-01-15,872.63,878.57,881.88,871.53,0.48756808,3.4020173632
801140,2004-01-16,875.84,870.15,878.35,866.82,0.42046243,2.9429805450999997
801140,2004-01-29,895.73,878.66,895.81,878.14,0.38725373,2.8496726847000002
801140,2004-01-30,878.24,896.54,897.57,877.79,0.5969474,3.9032154427999997
801140,2004-02-02,892.83,890.89,903.98,876.98,0.72428067,5.001123016
801140,2004-02-03,908.77,892.99,909.04,891.02,0.84044865,5.7807554268
801140,2004-02-04,928.09,912.22,928.24,910.33,0.94257047,6.5745636976999995
801140,2004-02-05,950.64,930.45,950.91,929.23,1.36535073,8.6195439551
801140,2004-02-06,939.63,951.98,956.62,938.93,1.29546593,8.542387067
801140,2004-02-09,948.45,939.26,948.65,936.87,0.75997686,5.8003074349
801140,2004-02-10,945.04,950.32,953.49,940.75,0.85808339,6.224469421499999
801140,2004-02-11,944.56,943.01,945.49,934.96,0.7017845,4.7102973964
801140,2004-02-12,964.1,946.51,964.34,946.3,0.96092715,6.635698000800001
801140,2004-02-13,954.21,966.04,969.0,951.27,0.80181629,5.5853853105999995
801140,2004-02-16,973.54,955.79,973.58,954.97,0.74077187,5.879937970299999
801140,2004-02-17,979.56,978.46,983.53,973.05,0.87132093,6.5875814544
801140,2004-02-18,993.52,981.8,993.64,977.85,0.95160887,7.3622045335
801140,2004-02-19,994.59,993.24,995.89,987.49,0.83789346,6.0923739592
801140,2004-02-20,995.2,995.23,996.18,985.4,0.73397829,5.4318194296
801140,2004-02-23,977.67,998.27,1001.8,977.45,1.09660403,7.3545052363
801140,2004-02-24,967.61,973.72,976.67,949.19,0.82381515,5.659357367
801140,2004-02-25,945.35,969.42,975.9,943.06,0.65607355,4.6003808733
801140,2004-02-26,938.38,936.33,945.38,930.05,0.63053848,4.2153602731
801140,2004-02-27,949.75,936.76,950.14,935.29,0.52930228,3.7315296066
801140,2004-03-01,960.93,949.27,961.04,943.99,0.50425383,3.8383253152999997
801140,2004-03-02,962.63,961.3,965.17,953.57,0.6233592,4.5206895567
801140,2004-03-03,943.86,961.52,962.36,938.95,0.58706025,4.1091436386
801140,2004-03-04,947.61,939.48,948.04,932.89,0.55872342,4.0555167958
801140,2004-03-05,941.75,948.27,949.59,940.17,0.50462531,3.6328747701
801140,2004-03-08,917.6,941.35,942.82,917.21,0.55402374,3.8399855508
801140,2004-03-09,911.41,918.47,922.43,910.5,0.42515806,2.8930670306999997
801140,2004-03-10,928.51,912.1,928.51,910.33,0.3553098,2.4108539119
801140,2004-03-11,944.02,929.13,945.19,926.2,0.48067148,3.5212247345999996
801140,2004-03-12,948.96,944.97,952.6,941.4,0.57417964,3.6572888725999997
801140,2004-03-15,963.85,948.53,964.54,948.53,0.53967934,4.2711100398
801140,2004-03-16,972.31,962.05,972.33,954.74,0.57984096,4.6040608364999995
801140,2004-03-17,973.0,973.63,975.71,965.73,0.63050625,5.0302905694
801140,2004-03-18,959.17,974.19,974.95,957.89,0.7084324,5.269944425299999
801140,2004-03-19,972.77,957.68,973.87,956.23,0.66489536,4.6889122297000005
801140,2004-03-22,981.63,975.87,981.63,967.82,0.65873728,4.9153057459
801140,2004-03-23,977.52,979.33,982.0,972.28,0.45893563,3.4151102973
801140,2004-03-24,977.1,977.3,984.81,972.12,0.53158177,4.2398291565
801140,2004-03-25,989.71,976.03,991.77,974.97,0.90625641,6.1623863359
801140,2004-03-26,978.94,991.0,992.4,978.22,0.60182437,4.1636824529
801140,2004-03-29,967.18,978.19,991.0,965.61,0.54911316,4.0016766843000005
801140,2004-03-30,968.39,965.43,978.2,957.86,0.41560327,3.0245367926999998
801140,2004-03-31,982.99,969.77,983.57,965.43,0.62493827,4.5663967120999995
801140,2004-04-01,989.29,983.77,989.29,980.72,0.64447014,5.1026356618
801140,2004-04-02,992.7,989.84,994.42,986.3,0.69630983,5.0219078525
801140,2004-04-05,1004.43,995.99,1005.0,990.81,0.75404261,5.7064410187
801140,2004-04-06,1020.0,1008.08,1020.16,1003.8,0.85703865,6.9517627987
801140,2004-04-07,1020.47,1022.41,1028.98,1018.54,0.91016751,6.99875135
801140,2004-04-08,1014.64,1021.04,1024.34,1013.42,0.71913618,5.3088791519
801140,2004-04-09,981.9,1014.96,1017.71,979.46,0.76615745,5.7129306506
801140,2004-04-12,983.88,975.55,986.52,968.5,0.47107862,3.4844329570999997
801140,2004-04-13,974.47,984.17,984.82,973.4,0.5735267,4.0175549088
801140,2004-04-14,957.69,975.26,979.84,950.32,0.6278016,4.2021199481
801140,2004-04-15,939.52,957.86,965.13,938.87,0.4632498,3.2328873519999997
801140,2004-04-16,944.08,941.42,948.17,922.21,0.5074021,3.4145035803
801140,2004-04-19,936.1,945.34,947.1,933.11,0.31042651,2.2759376064
801140,2004-04-20,934.18,933.03,939.44,929.04,0.34105904,2.3810553853
801140,2004-04-21,922.76,932.2,936.47,921.7,0.37098556,2.5432541884999997
801140,2004-04-22,923.2,922.26,926.91,909.85,0.39236787,2.7496335783999997
801140,2004-04-23,906.96,920.4,921.72,906.21,0.36285427,2.1701297597
801140,2004-04-26,899.17,903.08,910.09,897.42,0.25111067,1.6712327087
801140,2004-04-27,891.85,899.49,904.54,888.63,0.32881909,2.0747612416
801140,2004-04-28,892.12,890.3,896.54,881.02,0.42796166,2.4984558761
801140,2004-04-29,878.22,893.01,895.88,877.74,0.29002983,1.9736260091
801140,2004-04-30,881.01,878.28,886.46,866.26,0.24252938,1.7000906968
801140,2004-05-10,861.49,880.69,882.38,859.37,0.19511142,1.3593234019999998
801140,2004-05-11,857.03,859.55,868.82,852.6,0.15472689,1.0317831726
801140,2004-05-12,877.54,856.53,877.64,854.93,0.28159693,1.8035341842
801140,2004-05-13,875.78,878.17,879.38,869.83,0.18892379,1.1852393692
801140,2004-05-14,860.07,875.89,877.22,858.21,0.23380511,1.5328921032
801140,2004-05-17,857.68,865.63,873.33,854.57,0.30262805,2.1131268863
801140,2004-05-18,868.46,857.52,868.46,853.07,0.24330687,1.5201465494
801140,2004-05-19,871.05,872.18,877.35,865.63,0.36019332,2.3127929609
801140,2004-05-20,866.52,871.99,877.46,863.85,0.27533655,1.7061891324
801140,2004-05-21,866.53,865.64,873.78,861.13,0.22522967,1.4931366397999999
801140,2004-05-24,858.07,866.74,867.32,856.84,0.21545432,1.3530281477000001
801140,2004-05-25,835.43,856.46,863.53,834.87,0.27894561,1.6748992508000002
801140,2004-05-26,835.58,832.63,840.75,829.08,0.19540935,1.1977990873
801140,2004-05-27,852.92,834.79,853.69,830.49,0.28217988,1.8281042476
801140,2004-05-28,847.87,852.72,854.53,846.92,0.16521771,1.1029287149
801140,2004-05-31,847.48,845.31,849.5,842.51,0.15553793,0.949632932
801140,2004-06-01,864.38,848.98,864.75,844.41,0.42093684,3.0633296607
801140,2004-06-02,864.72,866.04,868.4,861.12,0.45965309,3.364056573
801140,2004-06-03,854.04,865.1,868.27,850.74,0.3411464,2.4575555511
801140,2004-06-04,856.7,850.37,877.07,849.58,0.31996724,1.9167632637
801140,2004-06-07,837.64,852.68,855.31,835.01,0.2696158,1.6500232066
801140,2004-06-08,827.39,837.38,843.85,825.82,0.27986688,1.7064054922
801140,2004-06-09,804.97,824.78,832.08,802.65,0.35960949,2.1091067808
801140,2004-06-10,799.14,801.41,807.01,794.0,0.30505638,1.7826937233000002
801140,2004-06-11,798.59,801.42,811.88,797.13,0.29734699,1.7122875191999998
801140,2004-06-14,784.1,797.03,798.94,778.18,0.38814786,2.089112584
801140,2004-06-15,796.15,781.72,798.65,778.9,0.34644215,2.0114311215000003
801140,2004-06-16,796.93,794.33,805.92,787.89,0.27214699,1.6559066647
801140,2004-06-17,780.8,796.28,797.68,779.25,0.22407773,1.4494114812999999
801140,2004-06-18,776.07,778.08,790.52,767.78,0.23697885,1.5089087169
801140,2004-06-21,785.19,772.53,785.76,772.47,0.22614157,1.5161325167
801140,2004-06-22,791.91,784.0,795.02,777.27,0.30455292,2.1689701687
801140,2004-06-23,787.73,791.07,792.2,780.76,0.20521289,1.322033227
801140,2004-06-24,783.04,787.27,791.23,782.26,0.21729456,1.3406163939
801140,2004-06-25,765.29,783.98,787.0,764.94,0.2243816,1.461905402
801140,2004-06-28,741.88,760.5,771.61,741.64,0.2282928,1.3511027747
801140,2004-06-29,746.51,744.86,749.52,734.28,0.23654361,1.3074227275
801140,2004-06-30,745.23,747.96,751.08,743.61,0.1802462,1.1308864411
801140,2004-07-01,770.33,745.83,770.56,745.05,0.388523,2.2569721324
801140,2004-07-02,772.07,770.18,775.02,758.69,0.29407215,1.5987986335
801140,2004-07-05,773.19,770.07,773.31,764.94,0.14914289,0.8262039506000001
801140,2004-07-06,776.81,775.04,781.42,772.42,0.21588065,1.2299872051
801140,2004-07-07,766.67,776.07,776.25,765.21,0.17979139,0.9603584756
801140,2004-07-08,768.15,766.35,772.01,762.55,0.16200844,0.920644468
801140,2004-07-09,768.59,770.07,773.85,766.78,0.20111518,1.0599648098
801140,2004-07-12,747.48,763.7,769.88,745.72,0.24336385,1.6190788811
801140,2004-07-13,745.65,746.48,756.37,740.52,0.27941721,1.7855993597
801140,2004-07-14,727.35,744.45,746.05,714.01,0.34979303,2.3155074297
801140,2004-07-15,729.65,724.53,732.75,720.66,0.38268227,2.5790340792
801140,2004-07-16,755.65,730.74,756.51,728.96,0.57858751,4.5907058392
801140,2004-07-19,756.88,755.59,759.39,751.42,0.39305999,2.7998859964999996
801140,2004-07-20,750.73,757.16,757.16,748.6,0.34454038,2.3549361372999997
801140,2004-07-21,748.68,749.34,754.57,744.59,0.22506568,1.7073631254
801140,2004-07-22,728.0,752.08,754.1,726.58,0.38030815,2.652883662
801140,2004-07-23,731.89,725.03,732.02,719.01,0.32170257,1.8826064791
801140,2004-07-26,723.22,726.93,728.92,719.48,0.34104568,1.9979161022
801140,2004-07-27,716.34,721.44,725.28,712.14,0.33007265,1.9438541625
801140,2004-07-28,722.8,717.03,723.68,712.8,0.27089916,1.485443984
801140,2004-07-29,731.53,723.99,731.66,719.92,0.24288518,1.5548027291
801140,2004-07-30,721.54,727.52,732.73,720.89,0.24166912,1.3845463896999999
801140,2004-08-02,717.05,714.97,719.23,712.36,0.19382891,1.1249416467
801140,2004-08-03,720.15,716.55,721.77,714.09,0.22550203,1.3239282328
801140,2004-08-04,736.33,719.0,740.27,718.17,0.40146482,2.3665092913
801140,2004-08-05,733.14,736.11,738.79,729.28,0.448438,2.8452428072000004
801140,2004-08-06,730.76,730.49,736.56,725.04,0.31787977,2.0845739586
801140,2004-08-09,722.03,727.29,730.28,719.94,0.29687047,1.8144207519
801140,2004-08-10,726.84,722.75,728.29,722.57,0.18664925,1.2071879057
801140,2004-08-11,716.6,725.38,726.4,714.41,0.26183328,1.3197826094
801140,2004-08-12,705.61,709.97,717.92,700.26,0.24307096,1.2837918242
801140,2004-08-13,709.23,701.23,712.88,701.23,0.1881272,1.1341662556999998
801140,2004-08-16,697.26,707.17,709.02,695.58,0.22756587,1.5718445461000001
801140,2004-08-17,700.59,697.86,702.73,692.74,0.20227642,1.2233477343
801140,2004-08-18,702.07,699.71,705.79,697.39,0.31931722,1.5392434856000001
801140,2004-08-19,695.67,701.62,702.95,692.17,0.26561061,1.3056113287
801140,2004-08-20,699.71,693.69,703.72,690.44,0.36441963,1.7187661824
801140,2004-08-23,696.41,697.19,698.65,690.13,0.24015389,1.2063759664
801140,2004-08-24,705.49,695.06,708.72,690.82,0.41265577,1.9531455023
801140,2004-08-25,702.44,701.75,703.74,698.19,0.24459666,1.0731184913
801140,2004-08-26,693.91,699.65,701.84,693.08,0.24669678,1.1455020149
801140,2004-08-27,686.91,691.3,697.39,684.45,0.26149513,1.1885898553
801140,2004-08-30,688.34,683.76,689.24,681.09,0.19097667,0.8464120968000001
801140,2004-08-31,699.32,699.39,708.58,695.96,0.47586599,2.2398122213
801140,2004-09-01,689.92,694.72,698.38,688.39,0.19814212,1.0283197803
801140,2004-09-02,701.06,687.39,701.06,684.03,0.24083346,1.173483499
801140,2004-09-03,702.63,698.03,704.06,694.79,0.28898295,1.2699203769
801140,2004-09-06,700.01,699.79,702.48,696.79,0.15747891,0.7237596421
801140,2004-09-07,698.5,699.92,701.0,693.65,0.1657348,0.7354663029
801140,2004-09-08,695.11,698.68,700.09,691.53,0.18179151,0.9145483244
801140,2004-09-09,682.62,690.64,696.05,680.18,0.2335462,1.1436939627
801140,2004-09-10,685.32,678.79,685.36,675.97,0.17110078,0.8349249722
801140,2004-09-13,673.32,681.67,685.46,671.87,0.23045584,1.126829455
801140,2004-09-14,696.86,678.54,697.64,675.23,0.45247681,2.2173646706
801140,2004-09-15,728.5,698.63,738.63,696.02,1.07000311,5.6593067439
801140,2004-09-16,735.49,729.34,735.49,722.88,0.87247592,4.9933178183999996
801140,2004-09-17,758.07,735.84,758.36,730.4,1.02302054,5.9297347571
801140,2004-09-20,781.3,759.48,781.73,759.15,1.40887709,8.5053672429
801140,2004-09-21,781.66,783.42,789.22,773.05,1.16043121,7.3663702551
801140,2004-09-22,765.82,778.91,780.94,763.25,0.94017769,5.8887192291999995
801140,2004-09-23,785.22,761.81,785.22,757.99,0.60180548,3.6689351284
801140,2004-09-24,765.88,788.15,794.43,764.82,1.19701701,7.4817780859
801140,2004-09-27,754.23,769.48,779.57,751.06,0.61303491,3.2541646039999996
801140,2004-09-28,766.22,756.07,766.64,750.59,0.52541983,2.9714128816
801140,2004-09-29,760.61,766.88,769.78,758.25,0.47390987,2.8337500327
801140,2004-09-30,750.54,758.97,762.83,747.33,0.44138869,2.4405136845
801140,2004-10-08,761.63,748.62,762.04,739.57,0.43260642,2.6605908306
801140,2004-10-11,765.46,763.76,774.5,756.41,0.95897313,6.5293743263
801140,2004-10-12,756.5,764.93,767.76,753.66,0.81072647,4.6855203521
801140,2004-10-13,754.78,754.0,759.18,748.32,0.48868622,2.5705870138
801140,2004-10-14,716.69,755.05,756.94,716.59,0.53807309,3.0535355592
801140,2004-10-15,712.59,711.97,724.01,704.86,0.41862749,2.126539681
801140,2004-10-18,711.22,712.53,714.86,703.52,0.35060136,1.6645951018
801140,2004-10-19,711.7,714.23,723.9,710.35,0.39749747,1.9634954906
801140,2004-10-20,705.52,711.12,713.04,696.67,0.34234519,1.5093107181
801140,2004-10-21,697.22,706.29,709.37,692.85,0.47437241,2.2018537222
801140,2004-10-22,705.77,696.73,706.16,681.94,0.54965987,2.6830603559
801140,2004-10-25,700.42,711.68,713.18,699.46,0.63068631,3.0400630563999997
801140,2004-10-26,716.28,699.57,716.54,697.62,0.70372932,3.5227534645999996
801140,2004-10-27,727.14,717.4,727.99,712.74,0.81406568,4.3936792939
801140,2004-10-28,721.4,729.49,734.17,719.95,0.68736784,3.6339701979
801140,2004-10-29,713.19,705.75,718.79,701.13,0.42963763,2.473500065
801140,2004-11-01,709.48,709.74,715.23,708.04,0.26025313,1.3481883307
801140,2004-11-02,705.87,708.92,711.58,701.44,0.25665759,1.2873020296
801140,2004-11-03,723.15,709.67,723.36,707.14,0.40604521,2.2808293377
801140,2004-11-04,705.98,723.0,724.45,704.9,0.34334809,1.9058014363999998
801140,2004-11-05,705.93,705.94,711.18,702.24,0.37783344,1.4357853912
801140,2004-11-08,705.26,704.01,707.19,698.52,0.28197723,1.1148602424
801140,2004-11-09,712.29,704.83,712.29,703.86,0.28151405,1.3916473703999999
801140,2004-11-10,736.93,713.1,738.55,710.13,0.72477628,3.9916652066000005
801140,2004-11-11,735.23,739.37,747.49,734.79,1.01287963,5.1708413254000005
801140,2004-11-12,735.4,735.88,739.17,731.27,0.62992893,3.1083766756
801140,2004-11-15,746.55,737.19,746.55,734.65,0.52943213,3.0344903372000003
801140,2004-11-16,744.91,746.72,749.29,740.21,0.51693513,2.6895448015
801140,2004-11-17,736.02,743.62,745.75,732.61,0.42108216,1.9895455900999999
801140,2004-11-18,751.0,736.86,751.11,734.9,0.51183512,3.0813714632
801140,2004-11-19,758.15,751.63,758.64,747.9,0.58152161,3.0895686979000003
801140,2004-11-22,761.81,759.01,765.03,756.65,0.63817851,3.4069553017
801140,2004-11-23,763.78,762.26,764.09,758.12,0.65776165,3.19493675
801140,2004-11-24,755.77,763.89,765.57,755.77,0.68313157,2.9324669872
801140,2004-11-25,752.38,753.91,759.2,748.73,0.47526665,2.1477849702
801140,2004-11-26,752.51,745.71,757.32,745.33,0.31061535,1.5127631234
801140,2004-11-29,742.69,752.52,754.18,741.74,0.32497695,1.9027592087
801140,2004-11-30,744.09,741.92,747.17,738.97,0.45721544,2.0547810595
801140,2004-12-01,742.39,744.1,744.86,740.07,0.44997504,1.9194796579
801140,2004-12-02,741.19,741.44,742.39,737.19,0.50538676,2.2011930928
801140,2004-12-03,747.62,742.58,748.9,740.53,0.4528267,2.2312777437
801140,2004-12-06,751.09,747.16,752.38,743.96,0.39530583,1.7264724632
801140,2004-12-07,742.46,750.73,751.63,741.79,0.32153498,1.4940774583
801140,2004-12-08,743.42,745.69,749.05,740.53,0.38794766,1.5047017812999999
801140,2004-12-09,744.54,743.09,748.51,737.87,0.61224276,2.4097438864
801140,2004-12-10,731.5,743.46,744.47,730.8,0.33393478,1.4646715517
801140,2004-12-13,722.68,727.35,735.97,717.74,0.32010496,1.4514172523
801140,2004-12-14,722.64,721.77,725.69,719.56,0.28997515,1.2604222345
801140,2004-12-15,720.75,722.5,725.03,711.15,0.33702635,1.5260866649
801140,2004-12-16,713.93,718.2,720.67,712.21,0.46064492,1.9429898322999999
801140,2004-12-17,705.89,709.64,714.07,704.81,0.37158045,1.5223971537
801140,2004-12-20,697.86,701.12,705.73,696.04,0.37805478,1.5461566775
801140,2004-12-21,695.11,696.7,703.22,693.05,0.39914578,1.7026252284999999
801140,2004-12-22,713.17,694.24,713.36,694.24,0.47534331,2.0574721007
801140,2004-12-23,701.2,711.82,713.95,697.18,0.46328042,2.1628314025
801140,2004-12-24,699.78,696.54,707.95,696.27,0.28721886,1.1867133307
801140,2004-12-27,698.58,699.56,702.52,695.87,0.28528994,1.1593838986
801140,2004-12-28,699.99,696.9,700.73,695.3,0.24293619,0.9702988166
801140,2004-12-29,694.9,697.29,699.23,692.06,0.22410776,0.9462791526000001
801140,2004-12-30,693.88,693.15,695.87,687.51,0.30349749,1.2337733843
801140,2004-12-31,687.13,694.75,695.39,685.64,0.27246662,1.1963153740999999
801140,2005-01-04,676.57,681.98,689.89,675.43,0.28027452,1.2703053245
801140,2005-01-05,685.8,676.01,687.74,675.9,0.30467917,1.4357963689
801140,2005-01-06,683.91,683.27,685.97,679.99,0.27903366,1.2640323957
801140,2005-01-07,685.85,683.35,689.48,680.38,0.33933719,1.3544232137999999
801140,2005-01-10,690.58,684.21,690.58,681.91,0.33920424,1.3859984814
801140,2005-01-11,691.31,687.65,691.76,686.87,0.33340954,1.4576906039
801140,2005-01-12,692.04,691.07,692.23,687.98,0.31077546,1.4062284795
801140,2005-01-13,693.39,691.1,693.93,689.61,0.39891409,1.8705682663
801140,2005-01-14,686.82,691.85,696.18,685.28,0.35002253,1.7118225971
801140,2005-01-17,669.84,680.31,685.72,668.51,0.41228964,1.9561393733
801140,2005-01-18,662.35,668.67,672.42,654.36,0.63769799,2.8007721666000003
801140,2005-01-19,656.95,659.85,661.19,654.68,0.4024296,1.5410860038
801140,2005-01-20,648.17,652.63,656.61,644.3,0.37340436,1.4986707419
801140,2005-01-21,662.28,645.52,662.32,639.9,0.39023605,1.7237974431
801140,2005-01-24,673.19,677.3,678.94,664.83,0.55152149,2.88817652
801140,2005-01-25,666.98,669.91,674.62,662.58,0.34871478,1.6054462699
801140,2005-01-26,662.95,665.75,669.62,660.88,0.2824305,1.2683954262000001
801140,2005-01-27,655.59,659.28,663.36,654.98,0.27303838,1.1537804797
801140,2005-01-28,648.03,653.52,656.29,645.66,0.29732674,1.3636581856999999
801140,2005-01-31,630.49,642.88,649.41,628.19,0.31009124,1.2913234739
801140,2005-02-01,624.37,628.62,634.86,623.25,0.2722398,1.1328484891
801140,2005-02-02,653.76,624.59,654.68,622.68,0.60506045,2.6782580917
801140,2005-02-03,638.68,652.06,654.62,632.15,0.54883235,2.3246392388
801140,2005-02-04,647.91,636.01,648.52,635.72,0.45891021,1.8659943959999998
801140,2005-02-16,654.07,654.57,660.0,648.53,0.4911482,1.9766040387000001
801140,2005-02-17,653.19,651.88,655.37,646.75,0.31550526,1.4233857784000001
801140,2005-02-18,645.47,651.3,653.09,644.68,0.36979019,1.7026739007
801140,2005-02-21,653.93,645.78,653.93,644.6,0.41753496,2.0523012621000003
801140,2005-02-22,671.62,655.33,671.62,652.33,0.86669555,4.2552348988
801140,2005-02-23,674.08,670.48,675.57,665.93,0.82033799,3.9202905701999997
801140,2005-02-24,674.65,673.17,675.89,669.76,0.84545304,3.6333688563
801140,2005-02-25,676.08,673.88,681.6,671.88,1.07704625,5.1587494261
801140,2005-02-28,672.89,676.36,677.95,668.8,0.72710128,3.3781849217
801140,2005-03-01,669.33,672.35,674.15,666.19,0.53849264,2.4271793555000003
801140,2005-03-02,664.09,668.8,674.5,663.17,0.66557218,2.8372057886
801140,2005-03-03,664.48,661.53,665.07,656.92,0.3960036,1.6732577900999999
801140,2005-03-04,658.86,665.15,665.75,657.38,0.35141949,1.564230975
801140,2005-03-07,662.75,659.66,663.57,658.61,0.48649945,2.2201387314
801140,2005-03-08,674.74,664.86,674.74,662.91,0.69795621,3.4852313911
801140,2005-03-09,677.27,676.0,678.39,673.24,0.69110032,3.6361443155
801140,2005-03-10,659.65,677.92,679.13,658.36,0.69541954,3.3713718991
801140,2005-03-11,654.54,658.54,664.86,649.51,0.73911363,4.3309651277
801140,2005-03-14,650.88,653.37,655.76,641.16,0.60005842,3.5579971561000003
801140,2005-03-15,643.59,650.17,651.31,641.42,0.55212698,2.7579010993
801140,2005-03-16,637.5,641.69,645.7,632.1,0.54333551,2.5721364962999997
801140,2005-03-17,631.33,635.63,636.85,628.45,0.50201429,2.1860491789
801140,2005-03-18,621.01,630.95,633.38,619.78,0.45130911,1.8782261340000002
801140,2005-03-21,613.59,619.58,622.7,610.63,0.51298099,2.3909020816999997
801140,2005-03-22,591.65,610.63,611.91,588.6,0.57998343,3.0894539091000004
801140,2005-03-23,595.5,588.79,605.04,588.21,0.51110539,2.6631825015
801140,2005-03-24,603.97,595.13,603.97,592.85,0.39182116,1.7972303126
801140,2005-03-25,601.52,602.47,605.0,598.59,0.49616555,1.6856069005
801140,2005-03-28,596.91,599.78,600.51,590.12,0.48913446,1.725484559
801140,2005-03-29,592.97,598.0,602.41,592.53,0.49325462,2.2686877259
801140,2005-03-30,585.8,593.0,596.31,583.18,0.56259156,2.4477630596
801140,2005-03-31,589.81,583.96,589.94,579.6,0.54216329,2.1005270849
801140,2005-04-01,608.88,588.14,615.55,585.01,0.85987729,3.826312352
801140,2005-04-04,594.17,601.86,603.32,593.89,0.65107819,2.5123379084
801140,2005-04-05,583.79,591.28,594.84,583.04,0.51562718,2.3037497237
801140,2005-04-06,585.0,580.82,588.21,573.27,0.69085074,3.4504177751
801140,2005-04-07,596.71,584.0,603.69,582.1,1.00026599,4.4475379774
801140,2005-04-08,611.3,593.63,612.44,591.93,0.80242484,3.3987286051999996
801140,2005-04-11,617.17,612.95,624.01,610.23,1.23539095,4.8830415176
801140,2005-04-12,603.19,615.13,615.91,602.91,0.59638468,2.4666361842
801140,2005-04-13,622.19,609.84,623.33,608.96,1.05578704,4.8507215123
801140,2005-04-14,615.4,624.8,625.69,613.77,0.77525659,3.6700135500999997
801140,2005-04-15,607.94,612.4,616.17,603.53,0.68753306,3.4555416186000003
801140,2005-04-18,594.16,603.22,605.26,589.59,0.56132178,2.3955684644
801140,2005-04-19,593.11,591.72,596.88,587.36,0.43919845,1.8694354956
801140,2005-04-20,586.69,591.53,593.05,582.9,0.46623523,1.9605423311
801140,2005-04-21,580.1,585.36,588.6,576.2,0.46475633,1.9666195692
801140,2005-04-22,570.67,576.83,582.34,567.27,0.60343214,2.7684235111
801140,2005-04-25,560.18,568.79,570.89,552.78,0.51857499,2.2685635674
801140,2005-04-26,564.77,558.47,565.25,554.37,0.47911682,2.1388057634999997
801140,2005-04-27,557.51,564.72,565.47,556.11,0.48086259,2.1777709606
801140,2005-04-28,570.83,555.52,571.64,548.91,0.60501383,3.0469256712
801140,2005-04-29,563.9,569.1,571.43,561.64,0.62223028,2.8294404239
801140,2005-05-09,547.01,565.26,565.78,546.34,0.31572291,1.600563643
801140,2005-05-10,548.6,544.79,550.9,537.12,0.35768168,1.7077364373
801140,2005-05-11,547.86,547.54,551.36,545.53,0.3330657,1.6807899219
801140,2005-05-12,546.62,550.98,553.25,540.56,0.35878636,1.6574215697999999
801140,2005-05-13,552.38,550.97,553.39,542.17,1.35908524,4.7131064761
801140,2005-05-16,546.99,548.42,548.42,542.88,0.74428615,2.8140937
801140,2005-05-17,551.4,544.98,553.48,542.16,0.56143215,2.3170580468
801140,2005-05-18,554.27,550.07,555.04,546.67,0.60042133,2.2762977658000003
801140,2005-05-19,559.07,555.23,560.56,550.16,0.48858798,2.0707452313
801140,2005-05-20,555.96,558.51,563.46,555.67,0.39895026,1.7446280369
801140,2005-05-23,543.42,552.31,555.92,541.94,0.26008125,1.1884857626
801140,2005-05-24,548.87,540.35,551.02,539.79,0.42223374,1.8685344256
801140,2005-05-25,548.1,548.63,553.46,543.17,0.36799358,1.5323688664
801140,2005-05-26,544.59,546.61,550.53,540.53,0.44492996,1.9447754847
801140,2005-05-27,538.13,542.37,548.1,536.82,0.39900084,1.7399172800999998
801140,2005-05-30,542.96,535.61,543.83,533.15,0.2883868,1.194322243
801140,2005-05-31,542.36,543.61,545.46,539.83,0.28892004,1.1240763242
801140,2005-06-01,532.57,540.65,541.75,529.98,0.45681502,1.8153028113
801140,2005-06-02,519.28,530.6,534.78,516.49,0.55089779,2.2537855035
801140,2005-06-03,515.48,513.74,520.34,507.2,0.37159555,1.5797613231
801140,2005-06-06,523.6,510.54,523.6,508.32,0.38323522,1.5095246786
801140,2005-06-07,522.1,524.2,532.25,520.61,0.4062128,1.8503022213999998
801140,2005-06-08,558.98,521.65,561.24,521.02,1.00479806,4.5038112204
801140,2005-06-09,564.56,558.23,571.43,551.6,1.00942455,4.8106121177
801140,2005-06-10,554.67,561.97,563.81,550.95,0.6984354,3.4757305786000003
801140,2005-06-13,551.69,551.96,556.45,545.23,0.47861917,2.247699191
801140,2005-06-14,546.01,551.93,558.4,545.48,0.45109791,2.1138518467
801140,2005-06-15,534.48,543.09,548.28,533.42,0.35431969,1.61520515
801140,2005-06-16,541.74,533.99,541.81,530.67,0.58690842,2.2955131782
801140,2005-06-17,537.3,541.25,544.07,534.92,0.3285517,1.701802749
801140,2005-06-20,554.6,537.26,554.72,534.31,0.63904806,3.1677272438
801140,2005-06-21,549.78,551.75,554.4,548.53,0.54195305,2.7276827889999997
801140,2005-06-22,555.36,549.81,562.65,549.81,0.50334645,2.3253559706
801140,2005-06-23,552.42,554.59,559.12,551.49,0.46153369,2.1756558045
801140,2005-06-24,552.07,549.22,553.47,548.06,0.31829715,1.4223197283000002
801140,2005-06-27,563.38,555.22,566.4,554.72,0.51754234,2.5505503199
801140,2005-06-28,557.46,561.98,564.3,556.66,0.38179588,2.1886245338999997
801140,2005-06-29,553.57,554.45,557.93,553.26,0.32712893,1.6128441422
801140,2005-06-30,540.98,550.43,552.97,540.15,0.37316327,1.9092535113
801140,2005-07-01,526.01,538.4,542.78,524.74,0.42824248,2.0045366341
801140,2005-07-04,522.94,519.26,526.72,512.43,0.32137396,1.5408990921
801140,2005-07-05,522.83,521.45,525.25,519.44,0.35501367,1.7490577556
801140,2005-07-06,520.3,521.43,525.4,518.63,0.29514772,1.4308052137
801140,2005-07-07,522.18,517.46,523.48,517.46,0.23597429,1.0632655301
801140,2005-07-08,511.09,518.91,521.61,508.78,0.27840003,1.2301286954000001
801140,2005-07-11,505.13,515.27,524.88,501.22,0.32881549,1.4998000957
801140,2005-07-12,518.59,500.61,519.3,499.99,0.45172419,2.1646959563999997
801140,2005-07-13,513.41,515.05,517.89,510.9,0.3657466,1.9319357537000001
801140,2005-07-14,515.68,511.11,517.07,511.06,0.36541313,1.8555376344999999
801140,2005-07-15,509.78,513.6,517.75,506.99,0.40579117,1.6669738575
801140,2005-07-18,500.56,507.04,511.5,497.8,0.32772415,1.4498408119
801140,2005-07-19,505.74,498.6,505.74,497.43,0.31199821,1.2845189002
801140,2005-07-20,511.22,505.62,515.13,504.96,0.37367779,1.4457457988999998
801140,2005-07-21,508.91,508.38,511.63,503.8,0.31491674,1.3436180194
801140,2005-07-22,523.79,516.45,528.91,514.5,0.9476534,4.3650075061
801140,2005-07-25,522.44,523.33,528.49,522.29,0.62083942,2.6889566663999998
801140,2005-07-26,533.91,529.39,535.04,521.68,1.18390091,4.3095133468
801140,2005-07-27,545.82,533.34,546.0,528.88,1.41760369,5.1679694607
801140,2005-07-28,542.49,541.93,548.69,540.8,0.70699723,2.9722524761
801140,2005-07-29,540.22,542.05,544.42,536.91,1.54120725,4.7519712677
801140,2005-08-01,547.51,540.09,547.86,540.05,1.27733025,4.1623693439
801140,2005-08-02,554.95,547.32,554.95,543.18,1.05169951,4.1326429839
801140,2005-08-03,561.51,556.31,569.06,553.69,2.11440688,7.0633959223
801140,2005-08-04,558.58,560.35,561.81,555.88,1.42586677,4.619889660899999
801140,2005-08-05,567.69,558.24,568.58,558.17,1.4731503,5.6961663191
801140,2005-08-08,571.31,567.03,574.37,565.56,1.51474457,6.4563533815
801140,2005-08-09,575.67,568.61,576.25,562.91,1.29534262,5.226249393
801140,2005-08-10,582.98,573.65,582.99,571.62,1.38112057,5.4997418517
801140,2005-08-11,582.83,579.9,584.19,577.13,1.66551473,6.4722065588
801140,2005-08-12,572.77,581.53,585.29,569.79,1.80245587,6.8115758494000005
801140,2005-08-15,579.47,570.36,580.12,569.48,1.17797934,5.4576379418
801140,2005-08-16,578.05,578.27,581.69,572.58,1.35088915,6.0520182433
801140,2005-08-17,582.93,575.41,583.04,567.71,1.37556743,5.8169411432
801140,2005-08-18,566.63,582.08,590.63,564.9,1.88148042,7.3666597308
801140,2005-08-19,562.89,562.35,569.9,552.9,1.16077236,4.6548918419
801140,2005-08-22,568.35,560.31,568.4,559.11,0.87572063,3.2113194252999997
801140,2005-08-23,560.01,568.67,568.67,555.99,0.85404072,3.1312004106
801140,2005-08-24,563.55,560.3,565.91,558.02,0.85664724,3.2792155638
801140,2005-08-25,567.08,563.0,567.08,559.33,0.98389935,3.4687878062
801140,2005-08-26,569.66,567.93,570.82,565.43,1.2133317,4.1815314772
801140,2005-08-29,562.35,570.15,570.72,559.89,1.13191997,3.6241144743
801140,2005-08-30,557.39,560.8,564.6,556.9,0.69126326,2.6382528624
801140,2005-08-31,565.75,555.62,565.75,553.36,0.74518993,2.6378480140000002
801140,2005-09-01,580.93,566.53,580.93,564.35,1.26802796,4.621510121
801140,2005-09-02,584.04,584.37,584.52,578.65,1.31084701,4.9844773479
801140,2005-09-05,586.85,585.02,587.92,580.94,1.05283823,3.8287007852999997
801140,2005-09-06,577.0,588.53,593.25,576.36,1.3793105,5.3104088364
801140,2005-09-07,590.09,575.96,590.09,574.4,1.14148437,4.4481306556
801140,2005-09-08,592.62,590.97,594.76,583.98,1.41335432,5.5798837439
801140,2005-09-09,589.36,593.04,596.96,586.32,1.04521714,4.5308437985
801140,2005-09-12,590.85,588.16,591.09,586.22,0.66428259,2.4598677929
801140,2005-09-13,603.0,590.34,603.0,589.35,1.05300725,4.1845480956
801140,2005-09-14,606.62,602.46,606.75,600.19,1.58870114,5.8599950787
801140,2005-09-15,609.4,606.61,610.81,605.83,1.22489942,4.6396084709
801140,2005-09-16,608.97,608.55,609.88,603.77,0.86644706,3.3082368056
801140,2005-09-19,615.08,607.94,615.71,607.46,0.95627125,3.4768916032
801140,2005-09-20,614.34,615.5,618.27,611.16,1.53234004,5.432680042
801140,2005-09-21,600.62,611.66,615.13,600.47,1.29903463,4.7660505033
801140,2005-09-22,582.17,599.55,603.36,576.37,1.16225649,4.5208615726
801140,2005-09-23,572.88,579.17,583.41,572.38,0.75278378,2.8862760485
801140,2005-09-26,576.58,571.54,576.61,570.89,0.52242925,1.9190649612000001
801140,2005-09-27,566.03,575.84,578.22,565.47,0.652172,2.2883292905
801140,2005-09-28,563.61,564.92,568.87,561.82,0.59433388,2.1735254371
801140,2005-09-29,570.33,562.5,570.33,561.49,0.75298116,3.0342602709
801140,2005-09-30,565.34,570.32,570.65,564.81,0.60916224,2.3054407314
801140,2005-10-10,560.57,566.69,569.15,558.28,0.45882633,1.5909177078
801140,2005-10-11,568.81,560.95,568.88,559.29,0.49145739,1.7737820425
801140,2005-10-12,571.9,569.23,574.24,565.17,0.61945645,2.4680631647
801140,2005-10-13,571.0,575.22,576.33,568.58,0.62735228,2.9374945988
801140,2005-10-14,563.36,571.84,573.77,563.27,0.60193485,2.6060323876
801140,2005-10-17,560.69,564.83,565.74,555.94,0.51117346,1.8993681943
801140,2005-10-18,565.72,562.54,565.79,559.61,0.52944267,2.0184544901
801140,2005-10-19,563.21,568.38,568.38,561.44,0.61088255,2.3543292066
801140,2005-10-20,564.11,565.75,567.17,558.23,0.50571391,1.8826293246999999
801140,2005-10-21,567.91,567.5,568.94,563.57,0.70246775,2.5570893015
801140,2005-10-24,566.76,570.88,570.99,565.27,0.42502356,1.4839094194999998
801140,2005-10-25,559.36,569.13,570.08,559.07,0.40832704,1.3519289106999999
801140,2005-10-26,541.86,558.95,562.72,541.62,0.5221756,1.780236685
801140,2005-10-27,534.97,538.84,545.52,531.99,0.54345352,1.8382867581
801140,2005-10-28,524.92,535.72,537.45,518.91,0.54252866,1.7291985703
801140,2005-10-31,526.59,523.79,528.37,521.7,0.46028921,1.4480333521000002
801140,2005-11-01,522.36,526.66,526.89,515.08,0.47181051,1.6295408352
801140,2005-11-02,532.72,522.95,533.7,522.24,0.72334194,2.3499864045
801140,2005-11-03,527.94,533.86,536.95,527.18,0.63717678,1.9130547556
801140,2005-11-04,531.09,527.96,532.3,523.5,0.51688273,1.7175879767
801140,2005-11-07,534.28,531.53,534.28,527.74,0.452146,1.7085799754
801140,2005-11-08,537.25,534.35,537.73,529.54,0.51376038,1.8988929859
801140,2005-11-09,539.96,537.19,543.02,535.98,0.82001719,3.1309267116000004
801140,2005-11-10,524.91,538.08,539.65,524.66,0.68559997,2.5816330969
801140,2005-11-11,526.63,524.05,528.79,521.0,0.48897413,1.6699459966999999
801140,2005-11-14,528.74,527.37,528.93,523.82,0.45116621,1.7891066144
801140,2005-11-15,524.71,529.13,532.86,521.59,0.48259275,1.8595921566
801140,2005-11-16,529.2,524.08,529.2,518.68,0.49271313,1.5565341328
801140,2005-11-17,528.0,529.64,531.61,527.42,0.44262809,1.3713467503999999
801140,2005-11-18,543.74,528.66,544.09,527.66,1.00247375,3.5775397524
801140,2005-11-21,544.6,543.77,546.44,541.51,0.53292186,1.8908023731
801140,2005-11-22,532.84,544.89,544.92,532.53,0.46636744,1.7103958949
801140,2005-11-23,537.79,533.88,538.25,531.26,0.35400135,1.3051499571
801140,2005-11-24,541.39,537.71,544.49,535.53,0.65548811,2.6047663095
801140,2005-11-25,544.59,543.81,546.04,542.1,0.62370086,2.4081861945
801140,2005-11-28,541.44,544.64,545.43,540.47,0.56928808,2.2155327334
801140,2005-11-29,534.74,541.7,542.57,534.74,0.51525345,1.9744700086000002
801140,2005-11-30,537.54,534.24,537.9,531.06,0.5877259,2.4668581642
801140,2005-12-01,533.97,537.57,537.77,532.58,0.38709808,1.5761472363999998
801140,2005-12-02,528.55,533.08,534.67,526.68,0.41319179,1.5071570533
801140,2005-12-05,518.24,527.35,529.33,517.13,0.45010692,1.5837070106
801140,2005-12-06,520.68,514.65,521.11,514.42,0.44228694,1.4726723966
801140,2005-12-07,524.89,521.22,525.01,516.23,0.39810967,1.2927715139
801140,2005-12-08,522.36,525.29,526.51,518.79,0.39884219,1.3855937092
801140,2005-12-09,530.74,520.9,531.13,519.99,0.51691136,1.6487484856999999
801140,2005-12-12,533.12,530.62,534.19,528.45,0.51307362,1.7558922521
801140,2005-12-13,530.7,531.26,532.74,525.9,0.35635473,1.1997346531
801140,2005-12-14,537.02,529.95,537.38,527.76,0.54206975,1.9540625501
801140,2005-12-15,535.62,537.77,540.31,533.74,0.6098254,2.3022108655
801140,2005-12-16,540.24,534.74,540.49,532.39,0.5526997,1.8249410238
801140,2005-12-19,540.79,539.81,542.21,538.32,0.51374958,1.7283205355000002
801140,2005-12-20,541.28,540.11,541.62,536.59,0.39265253,1.3650832653
801140,2005-12-21,536.34,540.92,542.69,534.75,0.49772668,1.8346020531
801140,2005-12-22,540.08,534.57,540.08,534.36,0.49848649,1.8083194250999999
801140,2005-12-23,548.35,539.39,548.35,538.47,0.77841651,2.6497057786
801140,2005-12-26,553.2,549.02,555.19,547.91,0.85872903,3.256758942
801140,2005-12-27,552.57,552.0,554.12,549.26,0.79265872,2.6905171679000004
801140,2005-12-28,552.18,551.44,552.23,548.73,0.5879758,2.04921422
801140,2005-12-29,554.42,551.73,554.81,551.04,0.85554753,2.9504150092000003
801140,2005-12-30,548.98,554.49,556.92,547.33,0.71822469,2.7182808034
801140,2006-01-04,555.71,549.1,556.14,547.0,0.79325003,2.9674357316
801140,2006-01-05,564.61,556.56,564.88,555.11,1.3886732,4.947565775299999
801140,2006-01-06,571.24,565.53,574.62,560.64,1.28966608,5.1627533876
801140,2006-01-09,578.66,572.38,579.41,570.41,1.23420294,4.8835927304
801140,2006-01-10,582.42,577.84,582.88,573.67,1.05714037,4.2467661946
801140,2006-01-11,581.6,581.09,585.92,575.89,1.219013,5.1789452746
801140,2006-01-12,590.42,579.83,590.44,578.79,1.08598491,4.4462813625
801140,2006-01-13,589.41,590.17,591.69,584.02,1.10452069,4.4337131587
801140,2006-01-16,581.95,589.66,590.17,580.85,1.20070635,4.8970855639
801140,2006-01-17,588.23,579.93,588.58,579.83,1.05731719,4.6726935687
801140,2006-01-18,600.97,588.14,602.83,587.72,1.2485952,5.6272713787
801140,2006-01-19,603.34,601.02,603.65,595.63,1.337366,5.5110754729
801140,2006-01-20,606.49,604.51,608.35,601.27,1.89031746,6.9026334921000005
801140,2006-01-23,603.91,604.61,606.11,598.36,1.08536434,4.5984511903
801140,2006-01-24,598.13,600.63,604.22,597.9,1.03772206,4.4373280131
801140,2006-01-25,595.73,594.54,600.11,593.15,0.94799585,3.9611460278
801140,2006-02-06,606.16,595.03,610.69,589.43,0.93666394,3.8053835538
801140,2006-02-07,604.52,605.33,609.26,599.37,1.27261635,4.906007425199999
801140,2006-02-08,608.4,601.59,608.41,600.21,0.98506958,3.8440985641000003
801140,2006-02-09,603.5,606.06,609.54,601.94,1.22172642,4.4426604876999995
801140,2006-02-10,607.79,600.54,608.03,600.54,0.91919756,3.5403406525
801140,2006-02-13,602.43,607.66,608.58,594.33,1.06950826,4.6348223731000004
801140,2006-02-14,607.0,600.93,607.03,599.66,1.06181109,4.2834959007
801140,2006-02-15,608.2,608.06,611.41,605.39,1.01994113,4.4564541203
801140,2006-02-16,590.93,607.56,610.54,590.55,1.4651924,5.8762795933000005
801140,2006-02-17,584.37,589.26,593.62,583.77,0.97673518,4.1334001838
801140,2006-02-20,581.29,582.43,585.91,579.64,0.74448634,2.5742276232
801140,2006-02-21,589.12,579.82,589.22,574.63,0.80862455,2.7900915893000002
801140,2006-02-22,592.89,588.53,596.26,587.74,0.94111049,4.1213135363
801140,2006-02-23,592.56,591.5,593.19,586.52,0.77959087,2.7898099997
801140,2006-02-24,598.33,592.65,598.33,592.6,0.79364535,3.5378457373
801140,2006-02-27,597.58,598.75,599.89,595.48,0.71927732,2.7461565948000004
801140,2006-02-28,595.14,596.15,598.52,586.64,0.70736718,2.5836129975
801140,2006-03-01,599.89,594.47,599.89,592.55,0.84747832,3.1925664917
801140,2006-03-02,592.7,599.68,605.21,590.58,1.30904058,5.5084935087
801140,2006-03-03,593.96,591.5,595.6,586.25,0.97088736,3.7175528981
801140,2006-03-06,592.15,594.22,595.6,590.28,0.89189628,3.0370070779000002
801140,2006-03-07,576.57,591.07,591.99,575.82,0.77099051,2.8699575176
801140,2006-03-08,573.07,575.73,578.4,567.48,0.63305217,2.343426528
801140,2006-03-09,571.62,572.4,576.07,569.63,0.52491762,2.1833959608
801140,2006-03-10,572.76,571.45,575.0,570.77,0.42258662,1.6690821425
801140,2006-03-13,576.82,573.35,576.87,572.91,0.36644031,1.4103717561000002
801140,2006-03-14,575.25,577.22,578.32,571.44,0.42783744,1.5968994794
801140,2006-03-15,581.47,573.98,581.47,573.28,0.61536359,2.4543226412
801140,2006-03-16,582.24,581.2,582.62,578.48,0.67037797,2.7196375058999998
801140,2006-03-17,585.1,581.45,585.42,579.24,0.67266196,2.8504886969
801140,2006-03-20,593.57,585.86,593.57,584.02,1.16032986,3.9558710565
801140,2006-03-21,594.4,593.14,598.53,590.93,1.18997021,4.1525820783
801140,2006-03-22,598.12,594.06,598.12,590.3,1.0477759,4.3931073614
801140,2006-03-23,602.26,597.38,602.73,596.02,1.12363422,4.6955709646
801140,2006-03-24,595.63,601.76,602.15,595.13,0.92413194,3.7645165078
801140,2006-03-27,599.58,595.97,599.58,590.37,0.82750819,3.307449756
801140,2006-03-28,604.66,599.15,604.89,596.73,0.9678463,4.096311625299999
801140,2006-03-29,604.19,604.29,608.87,602.74,1.58128818,6.739323037999999
801140,2006-03-30,592.74,602.04,603.5,591.97,1.09004386,4.6822932006
801140,2006-03-31,596.17,591.63,596.56,587.88,1.01045997,4.286622351
801140,2006-04-03,609.74,598.26,609.74,597.83,1.38205531,6.289706875599999
801140,2006-04-04,620.33,610.86,620.33,609.29,1.80962493,7.513152203400001
801140,2006-04-05,623.12,621.28,623.24,619.56,1.60455587,6.8929532528
801140,2006-04-06,624.35,624.3,630.43,620.36,1.89634971,8.268588125
801140,2006-04-07,633.49,623.16,633.49,621.8,2.17202219,8.2866214557
801140,2006-04-10,642.73,633.69,649.54,624.74,2.01182012,8.128877931
801140,2006-04-11,638.19,641.83,644.67,632.68,1.74797773,7.3911267689999995
801140,2006-04-12,643.07,637.69,645.84,637.69,1.70607169,8.1652011835
801140,2006-04-13,621.14,641.74,647.65,621.14,1.7584017,7.4800951855
801140,2006-04-14,632.26,618.8,632.76,614.63,1.27681106,5.3673983008
801140,2006-04-17,633.16,630.21,635.38,624.31,1.46629364,6.1962181313
801140,2006-04-18,634.93,632.63,638.06,628.41,1.35346923,6.0234570398
801140,2006-04-19,636.15,635.26,636.77,626.82,1.50742775,6.632015728300001
801140,2006-04-20,631.18,635.65,636.63,624.92,1.38208418,5.9125150682
801140,2006-04-21,638.16,630.46,639.63,627.65,2.08614065,8.2940078549
801140,2006-04-24,624.99,637.31,638.06,621.03,2.35575916,8.813500495
801140,2006-04-25,623.52,622.62,626.58,614.0,2.21672975,8.210341135
801140,2006-04-26,633.63,626.92,635.98,624.41,2.62446468,8.9749502818
801140,2006-04-27,629.23,634.57,636.32,623.46,1.55909028,6.7436200603
801140,2006-04-28,629.65,623.1,631.38,614.63,1.56446831,6.6679066895000005
801140,2006-05-08,643.33,629.68,644.16,629.2,1.89571258,8.3703852261
801140,2006-05-09,667.06,643.11,667.09,639.04,2.93748154,12.543115473199999
801140,2006-05-10,677.06,669.67,681.54,661.26,3.25407598,14.554904755799999
801140,2006-05-11,664.51,675.73,688.99,664.51,2.77129337,12.3014704647
801140,2006-05-12,677.84,660.11,678.21,656.47,2.55587531,11.1834175542
801140,2006-05-15,704.44,683.23,704.44,671.24,3.58660964,18.6246708611
801140,2006-05-16,681.55,706.42,713.51,677.61,3.4189658,15.924262519200001
801140,2006-05-17,706.74,681.57,709.07,680.1,2.96123034,15.3680654299
801140,2006-05-18,717.83,706.31,722.31,696.9,3.28557987,14.663411730899998
801140,2006-05-19,733.88,717.22,735.25,714.08,3.08770578,14.7836360997
801140,2006-05-22,753.35,733.85,757.13,733.85,3.38963739,15.8310047496
801140,2006-05-23,706.13,746.65,747.19,705.79,2.99799753,14.192289692200001
801140,2006-05-24,698.18,710.4,718.13,680.48,2.29438684,10.0489912921
801140,2006-05-25,717.13,703.18,718.22,699.35,2.38736198,9.619336779400001
801140,2006-05-26,726.56,722.41,727.39,717.52,2.34116293,9.3266852211
801140,2006-05-29,742.85,728.03,743.02,724.3,2.11822153,9.7911893611
801140,2006-05-30,751.98,744.92,752.87,734.79,2.24846479,10.4746001331
801140,2006-05-31,743.16,749.95,757.15,738.12,2.45953881,11.6299531358
801140,2006-06-01,782.25,743.05,782.25,743.02,3.37355064,15.525759163699998
801140,2006-06-02,792.13,788.21,800.43,778.14,4.30214606,19.153968935
801140,2006-06-05,808.73,797.18,808.73,780.05,3.01801587,14.995648714300001
801140,2006-06-06,798.57,806.52,809.76,795.13,2.28414469,11.0131160673
801140,2006-06-07,734.97,797.41,797.7,734.97,2.60664048,12.3374745129
801140,2006-06-08,737.33,728.62,739.2,710.19,2.15169947,9.524170012699999
801140,2006-06-09,720.77,736.93,740.51,720.2,1.75007886,7.7113089667
801140,2006-06-12,720.45,720.82,727.27,713.81,1.07007771,4.723938711000001
801140,2006-06-13,722.5,723.49,730.22,714.15,1.13069928,5.2815591833
801140,2006-06-14,718.33,723.0,723.06,704.56,1.09390735,5.0482599712
801140,2006-06-15,719.43,719.21,726.43,716.84,0.99643704,4.7662335236
801140,2006-06-16,737.49,722.27,737.72,721.3,1.07862014,5.3140738073
801140,2006-06-19,742.78,736.94,748.22,724.65,1.33946518,6.329694280700001
801140,2006-06-20,757.08,746.27,757.08,742.89,1.47930796,7.419169403300001
801140,2006-06-21,754.43,758.25,761.73,748.0,1.63702648,7.390734953
801140,2006-06-22,752.75,752.84,755.59,744.97,1.11065625,5.2987395335
801140,2006-06-23,761.51,751.99,762.22,744.78,1.18480482,5.6556977951
801140,2006-06-26,779.64,764.77,780.75,763.76,1.27683802,6.3850192468
801140,2006-06-27,784.04,784.47,784.81,771.9,1.33482362,6.5367436904
801140,2006-06-28,783.81,785.11,787.52,776.0,1.28952662,6.6354903879
801140,2006-06-29,799.53,787.38,800.19,785.91,2.07445962,9.7008748798
801140,2006-06-30,794.18,803.56,804.69,790.13,1.92381841,8.9709849807
801140,2006-07-03,806.55,798.96,806.55,795.11,1.91103748,9.3233381451
801140,2006-07-04,799.2,809.43,809.53,792.72,2.22280231,10.8745327575
801140,2006-07-05,790.25,798.94,800.6,780.67,1.25017343,6.3641689152
801140,2006-07-06,810.09,789.77,810.09,788.93,1.3340055,7.175011052
801140,2006-07-07,809.35,816.22,816.22,806.35,1.55722928,7.695867482200001
801140,2006-07-10,821.46,812.38,821.62,805.4,1.61326797,8.258457779
801140,2006-07-11,827.51,825.69,828.31,820.77,1.65017915,8.9760195357
801140,2006-07-12,821.49,828.96,830.69,820.67,1.69343375,8.8879879609
801140,2006-07-13,771.11,819.63,819.63,770.32,2.53780817,12.4678542186
801140,2006-07-14,780.5,765.09,784.65,761.96,1.49862931,7.5311118622
801140,2006-07-17,794.57,778.16,794.57,773.55,1.13449649,6.0593251057
801140,2006-07-18,800.34,794.9,800.46,785.75,1.07971611,5.394219939
801140,2006-07-19,788.61,799.41,799.62,782.56,1.36333351,6.9170726502
801140,2006-07-20,796.38,787.81,800.21,784.59,1.45538254,7.0229893517
801140,2006-07-21,801.32,794.05,801.52,791.92,1.13925345,5.6039615655
801140,2006-07-24,798.6,789.05,798.72,779.57,1.0460008,5.2688157573000005
801140,2006-07-25,807.12,800.53,807.74,791.41,1.2203663,6.1061222722
801140,2006-07-26,813.07,807.9,814.71,802.13,1.2390076,6.4155122101
801140,2006-07-27,814.13,814.93,824.95,805.33,2.07803211,8.9850884831
801140,2006-07-28,807.17,812.49,817.84,797.8,1.30220926,6.0966518836
801140,2006-07-31,767.33,802.25,805.29,766.25,1.37076084,6.3485003975
801140,2006-08-01,761.84,765.07,774.32,757.58,1.00193852,4.5019713815
801140,2006-08-02,759.88,762.95,766.9,747.14,1.17454871,5.1787588861
801140,2006-08-03,756.83,763.41,764.07,751.01,0.95720395,4.2827185592
801140,2006-08-04,736.04,755.66,760.04,735.01,1.02435996,4.635954427300001
801140,2006-08-07,716.38,730.8,734.37,714.42,0.92349478,3.9467680173
801140,2006-08-08,739.1,717.79,739.1,716.69,0.74573996,3.3010532460000004
801140,2006-08-09,744.88,742.78,746.85,737.13,0.80299498,3.5556144148000004
801140,2006-08-10,757.44,746.71,757.44,743.95,0.89511796,4.2679245499
801140,2006-08-11,761.27,758.47,763.25,752.99,0.704231,3.6177705411
801140,2006-08-14,741.36,759.75,762.27,740.05,0.96795933,4.8588272342000005
801140,2006-08-15,757.29,737.38,757.64,737.0,0.74838705,3.8888320306
801140,2006-08-16,767.32,758.26,767.32,749.4,0.93092488,5.5897250229
801140,2006-08-17,762.06,766.56,766.56,755.75,0.83428328,4.4352278816
801140,2006-08-18,760.76,762.93,768.57,759.18,0.84781384,4.1264066775
801140,2006-08-21,766.28,737.36,766.28,733.02,1.21312765,5.3641367153
801140,2006-08-22,770.54,767.21,773.42,755.75,1.00315452,4.5977537132999995
801140,2006-08-23,770.45,770.28,774.77,766.61,1.0669098,5.3064389781
801140,2006-08-24,773.37,769.22,773.51,762.94,0.84713954,3.9842991722
801140,2006-08-25,774.49,772.88,777.87,769.52,0.95807888,4.3683792249
801140,2006-08-28,790.3,777.48,790.79,774.49,1.41696852,6.5168109532
801140,2006-08-29,788.62,790.84,802.51,788.62,1.79775588,8.5798402002
801140,2006-08-30,796.24,788.44,796.62,786.28,1.18581012,5.112780562
801140,2006-08-31,802.16,796.76,802.86,795.95,1.16448075,5.851914638999999
801140,2006-09-01,787.77,803.62,803.62,786.8,1.04409976,5.2170875737
801140,2006-09-04,800.28,787.02,800.28,786.18,0.83645188,4.4430074054
801140,2006-09-05,798.36,800.69,803.1,795.18,1.10678835,5.4164366962
801140,2006-09-06,801.28,799.41,801.51,791.3,1.06981209,5.1496257506
801140,2006-09-07,791.3,801.55,802.46,787.64,0.81037789,4.0162101199
801140,2006-09-08,792.32,789.87,795.09,788.56,0.73594693,3.5010931593
801140,2006-09-11,796.0,792.11,796.0,782.57,0.82445442,3.9869352232999997
801140,2006-09-12,799.6,798.17,801.09,794.43,0.97759972,4.949266812099999
801140,2006-09-13,795.06,799.86,803.07,794.59,1.11830527,5.3576688805
801140,2006-09-14,799.27,793.18,799.27,785.5,1.02050167,4.8254836891
801140,2006-09-15,808.39,798.37,808.66,797.05,1.26145742,5.583435960499999
801140,2006-09-18,818.92,811.44,818.92,808.96,1.72929804,7.8563255216
801140,2006-09-19,816.02,820.52,820.89,812.15,1.47765469,6.4969144108000005
801140,2006-09-20,817.89,814.04,819.49,809.46,1.33435745,6.1558365446000005
801140,2006-09-21,822.33,817.95,823.73,816.27,1.51663308,6.8313641569
801140,2006-09-22,810.42,821.76,822.8,809.74,1.29697122,5.395519827999999
801140,2006-09-25,809.98,808.51,813.03,803.01,0.99224456,4.4577457955
801140,2006-09-26,808.01,810.53,811.71,801.89,1.27392981,5.2488439042
801140,2006-09-27,812.49,805.85,812.49,805.61,0.80788147,3.4987613811
801140,2006-09-28,814.06,810.63,817.63,810.63,1.01715506,4.7855190164999994
801140,2006-09-29,819.22,815.7,819.83,814.86,1.16116609,5.5310862341
801140,2006-10-09,833.32,823.99,833.32,822.32,1.39932849,6.0713201020000005
801140,2006-10-10,843.61,835.29,843.61,829.75,1.78012814,8.757679469600001
801140,2006-10-11,847.34,844.24,847.47,834.54,1.63281949,7.513674260299999
801140,2006-10-12,840.34,847.63,848.55,837.94,1.54626033,6.9538434438
801140,2006-10-13,846.39,838.82,847.98,836.13,1.16565505,5.5808416054
801140,2006-10-16,850.73,849.96,855.25,846.63,2.29583249,9.2172756256
801140,2006-10-17,850.49,849.01,857.34,846.45,1.73674803,7.966262395399999
801140,2006-10-18,855.65,850.55,855.85,848.61,1.39311761,6.6069537288
801140,2006-10-19,857.75,857.14,859.77,852.7,1.26823837,5.9377520527
801140,2006-10-20,851.11,858.98,862.9,849.87,1.42809071,6.692260275900001
801140,2006-10-23,827.38,850.24,855.26,824.27,1.424364,6.696654111
801140,2006-10-24,846.66,826.25,846.66,825.53,1.11039283,5.3664185845
801140,2006-10-25,845.79,847.9,851.73,836.95,1.23987664,6.0412467533
801140,2006-10-26,839.96,846.46,846.46,836.7,1.18134351,5.7249789157
801140,2006-10-27,824.43,839.7,839.88,820.7,1.10555062,5.1534073151
801140,2006-10-30,826.39,824.11,826.39,813.04,0.86515391,4.0673628151
801140,2006-10-31,833.3,826.23,833.64,824.5,0.78869291,3.9361077315
801140,2006-11-01,846.95,834.95,853.65,823.64,1.27861703,6.8555454761000005
801140,2006-11-02,851.33,847.09,861.96,833.97,1.41203588,7.7707366928
801140,2006-11-03,851.53,851.17,854.24,847.87,1.22419584,6.2531739268
801140,2006-11-06,852.76,844.6,855.07,841.41,1.34357436,7.1236250275
801140,2006-11-07,848.82,851.96,852.66,832.25,1.55327048,7.981133585299999
801140,2006-11-08,849.58,848.34,854.15,844.12,1.32179538,6.4521831197
801140,2006-11-09,855.38,847.86,855.38,844.4,1.17451673,5.9597240525
801140,2006-11-10,833.38,856.33,856.71,828.25,1.45268969,7.0467598927
801140,2006-11-13,810.03,831.03,836.16,805.71,1.16660891,5.6112263466
801140,2006-11-14,821.03,809.03,821.14,801.33,1.02549631,4.8902519433
801140,2006-11-15,830.9,821.47,830.9,814.0,0.91876619,4.7105884453
801140,2006-11-16,817.15,832.41,834.16,816.38,1.13709835,5.966774994700001
801140,2006-11-17,829.56,815.0,829.77,813.57,0.9205505,4.3811231339
801140,2006-11-20,831.34,830.44,831.95,823.85,1.28747306,6.3262020039
801140,2006-11-21,833.37,831.07,833.37,819.24,1.11187981,5.9285842674
801140,2006-11-22,841.78,832.73,848.15,828.94,1.67197432,8.8966688261
801140,2006-11-23,849.2,841.07,849.67,838.84,1.70725041,9.4767843615
801140,2006-11-24,852.64,848.0,854.38,842.35,1.44767142,7.105525018
801140,2006-11-27,866.03,851.36,866.03,850.21,1.36872892,7.4989112401
801140,2006-11-28,866.26,865.49,872.57,860.39,1.31329119,7.5448764111
801140,2006-11-29,871.67,856.7,871.67,850.33,1.29191729,7.2518895754
801140,2006-11-30,882.32,872.95,884.33,871.47,1.9029788,10.127064257699999
801140,2006-12-01,881.13,881.61,883.03,876.35,1.94026818,10.8865872599
801140,2006-12-04,899.57,882.46,899.57,882.34,2.56015378,13.7484523245
801140,2006-12-05,901.88,902.83,905.48,892.83,2.61119053,14.5250598906
801140,2006-12-06,894.41,901.63,904.38,866.07,3.49132731,17.7264756001
801140,2006-12-07,886.92,890.09,897.02,886.03,2.45780895,12.831826722
801140,2006-12-08,866.76,878.68,884.73,866.5,2.62387951,12.742950305399999
801140,2006-12-11,899.6,867.36,899.6,866.44,3.5946303,15.3704524291
801140,2006-12-12,895.35,903.79,903.98,881.93,2.4298644,11.3885051716
801140,2006-12-13,917.74,894.8,917.74,893.43,2.56827878,13.8350858546
801140,2006-12-14,924.91,910.83,927.32,910.21,1.87595402,9.487052306499999
801140,2006-12-15,945.22,929.3,946.22,915.13,2.35806076,14.372507591
801140,2006-12-18,951.73,952.29,956.58,943.99,2.50533849,15.7945792693
801140,2006-12-19,969.51,951.22,970.41,942.74,2.64586377,15.620217583699999
801140,2006-12-20,975.05,962.68,976.37,952.25,2.40876918,13.966252765799998
801140,2006-12-21,966.27,975.99,985.55,964.01,2.69802906,14.8628688457
801140,2006-12-22,957.83,958.17,967.02,945.26,1.93826501,11.272441281199999
801140,2006-12-25,976.72,958.96,979.47,958.19,2.21974449,13.091152310899998
801140,2006-12-26,957.34,977.98,980.37,952.29,1.57763022,9.2949115069
801140,2006-12-27,959.92,955.5,962.77,950.6,1.71443139,9.1753601627
801140,2006-12-28,941.0,960.79,960.79,933.89,1.92185629,10.3398389401
801140,2006-12-29,961.03,943.54,966.83,942.21,1.99505305,12.515752623800001
801140,2007-01-04,959.46,965.33,975.4,955.32,1.92587268,12.7126733503
801140,2007-01-05,983.34,961.14,983.34,956.45,2.69020309,11.6348536209
801140,2007-01-08,1030.84,989.33,1031.25,989.13,3.47526554,18.837915586199998
801140,2007-01-09,1051.53,1039.88,1052.36,1033.11,3.50350264,18.7545759791
801140,2007-01-10,1080.18,1058.18,1080.18,1040.01,4.34085682,23.7560673662
801140,2007-01-11,1077.65,1082.41,1108.81,1071.33,4.23625075,24.746276654299997
801140,2007-01-12,1039.81,1068.26,1087.17,1038.71,3.36436118,19.4762069658
801140,2007-01-15,1093.63,1038.79,1093.63,1038.79,3.10830558,19.225978412699998
801140,2007-01-16,1119.37,1103.52,1120.13,1089.41,3.26977654,20.5209565633
801140,2007-01-17,1109.02,1124.46,1139.12,1086.29,3.94844203,26.1435202664
801140,2007-01-18,1138.65,1105.52,1138.9,1089.05,3.75127012,23.1094771281
801140,2007-01-19,1197.95,1144.35,1197.97,1144.35,5.48506396,33.3677663863
801140,2007-01-22,1253.18,1216.06,1253.18,1214.7,5.73853823,37.823697284699996
801140,2007-01-23,1249.49,1256.47,1256.87,1206.64,4.69036327,30.262404575999998
801140,2007-01-24,1258.35,1244.94,1266.29,1227.65,3.58371059,23.320522754299997
801140,2007-01-25,1190.24,1247.75,1248.65,1189.81,3.63330748,23.5907412221
801140,2007-01-26,1193.38,1173.83,1200.01,1120.21,3.44993646,21.591680712800002
801140,2007-01-29,1239.39,1205.89,1239.78,1204.98,3.58901667,23.1181828227
801140,2007-01-30,1242.02,1248.1,1252.96,1222.12,4.431233,26.106835365100004
801140,2007-01-31,1186.85,1239.73,1243.91,1176.01,4.30287463,25.4639427266
801140,2007-02-01,1209.95,1172.81,1218.86,1150.56,3.74925164,21.846289652
801140,2007-02-02,1187.1,1212.09,1221.29,1184.49,3.19142721,18.5495570983
801140,2007-02-05,1190.61,1183.45,1201.92,1174.21,2.46927583,14.1242744572
801140,2007-02-06,1205.22,1189.82,1205.6,1179.2,2.40099861,14.6520174409
801140,2007-02-07,1229.11,1214.21,1230.77,1210.47,2.69401072,17.2714354843
801140,2007-02-08,1244.67,1237.52,1247.64,1226.72,2.69462636,17.746200963
801140,2007-02-09,1257.28,1244.94,1260.56,1239.33,2.78054348,18.4636195882
801140,2007-02-12,1296.45,1258.16,1296.54,1256.07,2.78693209,18.7395783733
801140,2007-02-13,1321.26,1309.02,1321.81,1303.12,3.23139159,20.7378811622
801140,2007-02-14,1350.72,1322.08,1354.55,1321.66,3.35135824,23.4338770288
801140,2007-02-15,1386.96,1358.73,1387.95,1354.98,3.92931131,27.452395334200002
801140,2007-02-16,1402.57,1397.22,1424.95,1387.26,4.38820532,32.471829417600006
801140,2007-02-26,1451.02,1410.21,1451.02,1393.53,3.99623463,28.8292953496
801140,2007-02-27,1314.97,1454.43,1468.57,1313.13,5.36388804,37.7212447548
801140,2007-02-28,1377.07,1292.62,1379.21,1292.18,4.2667832,28.9233930428
801140,2007-03-01,1339.53,1381.19,1382.16,1320.85,5.71291818,35.370211128899996
801140,2007-03-02,1361.74,1341.26,1368.84,1335.68,3.70625875,23.699550685300004
801140,2007-03-05,1359.08,1364.32,1381.9,1312.71,3.85594391,24.822429056799997
801140,2007-03-06,1365.1,1352.69,1369.68,1338.71,2.42569312,17.3418671072
801140,2007-03-07,1399.22,1371.22,1399.38,1370.76,3.12909616,21.224703728599998
801140,2007-03-08,1431.41,1406.4,1431.49,1389.52,3.54934488,24.076909454299997
801140,2007-03-09,1443.37,1435.48,1456.18,1417.55,4.25443583,31.1960714869
801140,2007-03-12,1453.04,1440.11,1455.67,1415.71,3.64425299,26.282334724299997
801140,2007-03-13,1476.77,1453.13,1478.15,1447.32,4.80577571,35.3144985904
801140,2007-03-14,1456.35,1448.11,1472.3,1426.63,3.73275068,25.8086601404
801140,2007-03-15,1478.49,1443.17,1478.88,1439.45,3.87751649,26.741294557399996
801140,2007-03-16,1451.16,1468.26,1483.44,1435.43,4.20165467,29.625869573400003
801140,2007-03-19,1491.54,1405.65,1491.96,1399.24,5.21344828,37.3717319319
801140,2007-03-20,1524.05,1490.46,1526.5,1477.17,4.80841375,31.8923607399
801140,2007-03-21,1545.25,1522.64,1545.93,1519.41,3.72777209,28.646074098000003
801140,2007-03-22,1548.42,1541.83,1570.52,1524.51,4.28702112,34.5118343946
801140,2007-03-23,1555.27,1542.85,1558.0,1522.4,3.84355639,29.9340710276
801140,2007-03-26,1605.18,1567.05,1605.18,1567.05,4.00584232,33.341249244699995
801140,2007-03-27,1638.31,1614.37,1641.94,1602.15,4.3574211,37.1144215787
801140,2007-03-28,1632.15,1647.44,1658.98,1569.62,5.01290069,42.668345505
801140,2007-03-29,1579.96,1637.03,1639.49,1579.69,5.17622964,41.4247786971
801140,2007-03-30,1603.3,1569.21,1608.25,1561.96,3.51800964,26.9698071502
801140,2007-04-02,1631.64,1605.44,1631.64,1599.03,3.04326384,24.5912602499
801140,2007-04-03,1640.88,1637.11,1640.88,1621.83,3.5139176,30.229359382
801140,2007-04-04,1661.44,1643.1,1666.18,1636.5,3.83292679,32.727295534
801140,2007-04-05,1684.02,1660.46,1687.67,1649.89,3.38640421,29.63134463
801140,2007-04-06,1698.6,1669.28,1698.65,1664.4,4.42703571,37.8361880508
801140,2007-04-09,1738.62,1706.95,1738.62,1706.82,5.62024931,47.239052443999995
801140,2007-04-10,1746.64,1745.29,1756.21,1694.4,5.88711438,50.308958212600004
801140,2007-04-11,1767.13,1751.43,1767.58,1721.56,5.06814888,46.5624144719
801140,2007-04-12,1813.54,1771.91,1814.19,1763.64,4.76559047,47.125345628199995
801140,2007-04-13,1796.92,1808.62,1826.98,1787.86,5.29385654,48.8745925117
801140,2007-04-16,1875.44,1805.0,1875.74,1802.32,5.87566186,53.3653498925
801140,2007-04-17,1951.37,1905.98,1951.37,1876.41,7.83837216,73.0766114599
801140,2007-04-18,1983.19,1954.68,1989.31,1945.95,5.39494453,53.1397575733
801140,2007-04-19,1852.64,1972.14,1985.86,1815.87,6.58380746,63.5668552359
801140,2007-04-20,1952.22,1864.04,1956.85,1860.35,5.11360076,49.5233887588
801140,2007-04-23,2036.66,1972.12,2041.68,1967.51,6.24441196,64.36200230989999
801140,2007-04-24,2040.02,2047.92,2066.5,2013.51,7.16495314,74.4368434327
801140,2007-04-25,2019.54,2024.15,2038.71,1977.48,4.7276177,48.748699639099996
801140,2007-04-26,2075.51,2023.22,2077.5,2021.75,5.14065316,55.7711564933
801140,2007-04-27,2083.99,2056.51,2091.33,2045.47,4.9520185,49.8599182843
801140,2007-04-30,2101.73,2072.13,2105.7,2060.89,5.38242596,55.7659964903
801140,2007-05-08,2181.99,2138.19,2182.97,2132.12,5.61981303,60.9437154042
801140,2007-05-09,2204.31,2192.76,2208.61,2108.97,7.5083672,83.06156953850001
801140,2007-05-10,2192.72,2203.17,2203.17,2167.64,5.67724387,64.4009368879
801140,2007-05-11,2174.68,2178.27,2197.67,2136.45,4.74167512,53.9899342862
801140,2007-05-14,2172.97,2140.36,2188.02,2121.15,4.47583336,50.1331514971
801140,2007-05-15,2109.78,2173.22,2185.39,2098.25,4.52908149,51.5794971092
801140,2007-05-16,2170.24,2096.49,2170.49,2061.96,4.53011141,49.586909959799996
801140,2007-05-17,2234.53,2178.36,2239.8,2171.74,5.6878353,63.8126578314
801140,2007-05-18,2264.1,2238.91,2281.31,2227.26,6.28675087,69.4782775719
801140,2007-05-21,2332.69,2196.24,2333.47,2188.38,5.39047664,63.6819473315
801140,2007-05-22,2375.66,2342.28,2386.57,2339.18,7.13308576,83.50852785069999
801140,2007-05-23,2415.54,2390.01,2416.94,2366.18,6.35307058,75.15310941060001
801140,2007-05-24,2389.29,2425.35,2430.25,2337.3,5.71351582,69.869714742
801140,2007-05-25,2433.84,2385.02,2440.82,2362.06,5.97010492,73.2577418424
801140,2007-05-28,2493.91,2454.7,2506.29,2453.9,6.74199813,85.1478918194
801140,2007-05-29,2525.49,2506.69,2525.49,2468.48,6.05533074,76.6747544139
801140,2007-05-30,2317.18,2333.49,2473.7,2309.79,6.30294001,79.5431486529
801140,2007-05-31,2237.88,2261.91,2299.57,2151.42,5.74778036,67.1149873325
801140,2007-06-01,2082.86,2228.65,2269.82,2073.6,5.18448126,57.1751852786
801140,2007-06-04,1888.08,2049.96,2076.49,1886.04,3.52830369,35.9092745414
801140,2007-06-05,1922.22,1808.77,1922.47,1724.67,5.59828608,49.7258791286
801140,2007-06-06,1962.22,1926.78,1986.06,1868.11,5.36568957,50.5994959846
801140,2007-06-07,2067.54,1962.09,2068.41,1962.06,5.38909897,50.4934937584
801140,2007-06-08,2087.99,2071.05,2106.7,2054.38,5.1790056,51.1132764849
801140,2007-06-11,2129.7,2106.84,2142.66,2101.32,4.70336806,48.9882179689
801140,2007-06-12,2180.54,2134.49,2180.71,2034.77,5.36747306,55.0524202976
801140,2007-06-13,2283.84,2206.81,2284.01,2194.89,6.99818635,72.0573176465
801140,2007-06-14,2247.75,2283.21,2299.88,2218.38,5.80450161,61.973191571
801140,2007-06-15,2246.19,2237.19,2265.43,2212.93,4.19366187,43.9655456186
801140,2007-06-18,2310.65,2294.48,2330.22,2276.95,4.42941802,51.1162855592
801140,2007-06-19,2340.61,2311.28,2340.61,2273.03,4.78725909,53.6583837261
801140,2007-06-20,2274.45,2335.83,2361.23,2269.39,5.26426106,55.82547559
801140,2007-06-21,2250.4,2258.66,2295.91,2211.64,3.73931622,39.991121299899994
801140,2007-06-22,2136.61,2259.65,2274.51,2093.04,4.06461207,43.8815726262
801140,2007-06-25,2004.8,2149.9,2172.2,1989.23,3.39825441,34.2397122325
801140,2007-06-26,2062.47,1963.11,2062.47,1918.37,3.01639248,28.168251743600003
801140,2007-06-27,2107.59,2061.73,2118.55,2040.56,3.32564451,33.479810729899995
801140,2007-06-28,1988.68,2109.09,2111.1,1988.19,3.25866985,33.3213469759
801140,2007-06-29,1911.09,1931.88,1967.41,1875.9,2.95207459,27.228203005100003
801140,2007-07-02,1922.06,1897.16,1930.04,1851.34,2.40314969,20.6678400598
801140,2007-07-03,1948.11,1941.35,1954.92,1901.09,2.24361752,19.5855664949
801140,2007-07-04,1889.53,1950.9,1954.15,1881.54,1.62835287,14.8683874967
801140,2007-07-05,1758.0,1862.34,1866.65,1757.8,1.96740564,16.6363504048
801140,2007-07-06,1865.82,1745.53,1866.28,1731.74,2.6246559,21.0439922415
801140,2007-07-09,1920.46,1879.21,1924.93,1867.83,2.76163005,24.160758997800002
801140,2007-07-10,1853.12,1916.6,1918.01,1845.14,2.05073138,18.1236157208
801140,2007-07-11,1870.02,1831.81,1870.62,1831.81,1.31077296,11.724470242899999
801140,2007-07-12,1884.51,1870.0,1890.99,1865.04,1.36589738,11.7549075293
801140,2007-07-13,1882.61,1886.55,1886.55,1854.71,1.3391236,12.0165997348
801140,2007-07-16,1829.15,1874.81,1879.88,1828.7,1.39018958,12.906666530499999
801140,2007-07-17,1860.97,1819.31,1874.71,1809.47,1.30160902,11.3606316831
801140,2007-07-18,1867.65,1858.61,1887.47,1845.18,1.48973504,13.5728483512
801140,2007-07-19,1859.96,1869.39,1873.57,1844.94,1.37646045,12.4944794452
801140,2007-07-20,1938.72,1864.26,1941.01,1863.87,2.71832565,25.167700655900003
801140,2007-07-23,2039.58,1947.92,2044.8,1944.6,3.31647107,32.085488661999996
801140,2007-07-24,2042.12,2060.75,2072.34,2031.64,3.54254947,34.0772152347
801140,2007-07-25,2108.83,2040.75,2109.39,2038.93,3.12729992,30.1233439782
801140,2007-07-26,2155.21,2129.47,2169.51,2125.56,3.33552978,34.1368672464
801140,2007-07-27,2177.52,2153.11,2185.02,2117.74,3.19799629,32.121915169
801140,2007-07-30,2218.69,2180.77,2232.67,2180.57,3.79943707,39.3011780776
801140,2007-07-31,2241.95,2206.03,2241.95,2170.97,3.74501793,37.2972549607
801140,2007-08-01,2156.92,2251.66,2273.87,2151.23,5.30941329,55.9469244575
801140,2007-08-02,2243.5,2158.38,2243.5,2157.07,4.0947506,46.3729548904
801140,2007-08-03,2258.64,2250.75,2263.86,2225.03,3.68011712,43.7918901033
801140,2007-08-06,2306.21,2265.79,2306.21,2256.2,3.12662514,37.252635660900005
801140,2007-08-07,2310.45,2308.71,2338.54,2291.18,4.11273892,49.0755810621
801140,2007-08-08,2254.54,2290.15,2299.27,2209.81,3.34266518,36.7908349782
801140,2007-08-09,2274.15,2254.56,2284.8,2252.2,3.06152889,33.717112875
801140,2007-08-10,2223.47,2268.53,2275.31,2173.82,2.9296015,31.648635796399997
801140,2007-08-13,2244.37,2225.44,2256.2,2203.11,2.75225615,28.210885959299997
801140,2007-08-14,2286.88,2234.57,2287.27,2232.22,2.74198801,29.9906270705
801140,2007-08-15,2287.07,2284.69,2301.6,2229.7,2.86187516,32.4538863579
801140,2007-08-16,2296.63,2282.12,2308.84,2261.7,3.49123504,35.922622414
801140,2007-08-17,2265.62,2279.98,2313.05,2259.11,2.86692044,31.7311790131
801140,2007-08-20,2346.53,2297.2,2349.95,2296.22,3.42937562,37.475127515
801140,2007-08-21,2387.1,2358.51,2399.55,2343.16,4.76920909,53.0801558007
801140,2007-08-22,2454.92,2366.88,2472.88,2366.88,6.20227107,72.07212301439999
801140,2007-08-23,2486.33,2466.99,2495.03,2463.93,4.80069734,60.207866433
801140,2007-08-24,2494.47,2484.59,2511.67,2479.1,4.79913982,58.965369977600005
801140,2007-08-27,2538.8,2525.3,2568.83,2518.75,4.99970397,64.8350824697
801140,2007-08-28,2556.05,2518.69,2568.89,2481.59,4.71979621,59.7049916717
801140,2007-08-29,2487.43,2520.75,2538.37,2474.95,3.66547831,46.6422134942
801140,2007-08-30,2569.81,2488.58,2569.81,2488.58,3.61678218,42.3919058058
801140,2007-08-31,2629.98,2588.57,2648.02,2579.24,4.82398909,56.5321005454
801140,2007-09-03,2674.75,2650.32,2689.5,2650.32,4.35858314,54.0714132503
801140,2007-09-04,2638.84,2678.96,2697.48,2627.35,3.67753311,45.55584530189999
801140,2007-09-05,2641.42,2626.67,2650.45,2580.87,3.25717721,40.3168689118
801140,2007-09-06,2656.7,2640.06,2686.38,2640.06,3.30826213,42.7454523846
801140,2007-09-07,2615.36,2634.26,2688.11,2589.96,3.89020491,51.703282892299995
801140,2007-09-10,2715.59,2578.57,2715.82,2569.48,3.75635945,48.8444102613
801140,2007-09-11,2597.69,2714.29,2736.84,2590.34,4.9428794,60.0812238756
801140,2007-09-12,2618.09,2607.87,2627.59,2550.25,3.54874725,40.0688109373
801140,2007-09-13,2676.23,2637.0,2676.23,2606.38,3.5182444,43.0829395724
801140,2007-09-14,2691.81,2672.16,2699.46,2647.66,3.68160912,46.377171805299994
801140,2007-09-17,2722.67,2676.64,2723.24,2676.64,4.06744459,50.9673440399
801140,2007-09-18,2779.13,2747.99,2779.17,2691.15,3.67027598,49.8748254032
801140,2007-09-19,2763.39,2792.51,2810.34,2757.05,4.01257392,49.428014401300004
801140,2007-09-20,2804.2,2783.66,2806.61,2766.21,3.926036,48.815162970500005
801140,2007-09-21,2786.15,2813.07,2818.36,2714.95,3.80217479,47.5150716134
801140,2007-09-24,2748.55,2789.5,2793.89,2725.82,3.04627264,42.2395363137
801140,2007-09-25,2702.57,2749.35,2760.14,2684.36,2.589308,35.5523065521
801140,2007-09-26,2656.98,2696.67,2708.15,2632.32,2.35004797,31.831994765799998
801140,2007-09-27,2677.62,2654.05,2681.15,2639.7,1.8301009,24.5291931742
801140,2007-09-28,2737.45,2702.09,2744.47,2697.42,2.65975775,34.5389427918
801140,2007-10-08,2694.72,2772.14,2786.35,2690.78,2.38374803,31.7123099841
801140,2007-10-09,2697.68,2684.54,2699.68,2624.17,2.10594807,28.365359891
801140,2007-10-10,2676.67,2697.36,2704.29,2656.4,2.2870045,32.194687538000004
801140,2007-10-11,2611.67,2672.77,2677.38,2607.02,2.36853083,32.1696000386
801140,2007-10-12,2528.57,2606.5,2610.55,2414.76,3.07126561,38.8775690074
801140,2007-10-15,2527.86,2537.25,2543.31,2475.13,2.38678317,32.8649136575
801140,2007-10-16,2567.99,2530.26,2568.38,2494.49,1.87726844,26.208914979699998
801140,2007-10-17,2560.39,2570.29,2570.29,2537.29,1.69636596,24.494883541900002
801140,2007-10-18,2495.0,2556.81,2557.79,2489.86,1.7036969,23.0060930409
801140,2007-10-19,2485.26,2509.36,2528.7,2472.81,1.37885527,18.0553254597
801140,2007-10-22,2408.32,2458.23,2469.31,2396.85,1.44953839,17.9814754914
801140,2007-10-23,2420.65,2417.73,2436.18,2353.8,1.52249337,19.4081993884
801140,2007-10-24,2342.23,2432.29,2434.19,2341.84,1.55798992,19.2279353254
801140,2007-10-25,2166.8,2313.87,2338.46,2158.45,2.13126368,24.7804701675
801140,2007-10-26,2150.26,2124.93,2169.95,2090.9,1.58130172,19.490034637
801140,2007-10-29,2181.74,2155.81,2181.74,2131.66,1.17700546,14.0030423905
801140,2007-10-30,2226.34,2191.51,2226.34,2184.11,1.39746735,16.192688431300002
801140,2007-10-31,2319.22,2253.14,2324.82,2242.1,2.1809518,26.9592644971
801140,2007-11-01,2222.58,2320.75,2322.12,2222.44,1.4590243,17.6624680438
801140,2007-11-02,2164.82,2183.1,2210.8,2157.24,1.39630104,16.6002740387
801140,2007-11-05,2204.12,2160.04,2208.36,2146.01,1.17674676,13.300382134400001
801140,2007-11-06,2227.14,2196.58,2245.74,2194.49,1.1534807,12.7695792709
801140,2007-11-07,2238.15,2237.61,2250.66,2200.16,1.35436956,14.9110242758
801140,2007-11-08,2164.51,2232.14,2238.15,2161.03,1.52826296,17.1830641098
801140,2007-11-09,2139.56,2144.13,2174.77,2117.02,1.43378724,16.6300078961
801140,2007-11-12,2100.66,2095.58,2115.59,2049.3,1.38728617,15.665513033800002
801140,2007-11-13,2103.66,2116.42,2136.24,2078.62,1.18111134,14.0233177739
801140,2007-11-14,2186.41,2129.83,2186.41,2123.27,1.59889072,19.3113159722
801140,2007-11-15,2157.45,2183.25,2189.87,2147.76,1.54313486,17.9695153831
801140,2007-11-16,2160.06,2134.55,2167.84,2121.49,1.01574817,12.0716064872
801140,2007-11-19,2214.52,2150.45,2215.3,2147.42,1.32581296,17.3352575639
801140,2007-11-20,2241.61,2206.06,2249.09,2198.08,1.63329938,21.0586394857
801140,2007-11-21,2204.25,2240.55,2256.78,2201.26,1.18826048,15.150470948399999
801140,2007-11-22,2099.72,2165.39,2174.74,2094.32,1.18652729,14.4229812685
801140,2007-11-23,2137.7,2076.78,2137.7,2074.01,0.87578762,10.2828618736
801140,2007-11-26,2132.15,2161.64,2185.59,2076.78,1.17460362,14.4169395001
801140,2007-11-27,2133.96,2115.15,2155.3,2113.61,0.95721475,11.751173839100002
801140,2007-11-28,2124.94,2133.43,2159.54,2110.98,0.87904592,9.6960909191
801140,2007-11-29,2188.52,2135.22,2190.38,2118.36,1.49788421,18.750605376099998
801140,2007-11-30,2154.09,2192.94,2196.18,2146.13,1.21896958,13.8019915348
801140,2007-12-03,2181.78,2139.97,2184.48,2139.97,1.25031882,13.2690715876
801140,2007-12-04,2181.78,2182.23,2199.26,2175.21,1.25184082,13.8405203916
801140,2007-12-05,2222.53,2178.03,2223.66,2173.81,1.44621676,16.869267346300003
801140,2007-12-06,2231.34,2224.92,2232.38,2209.71,1.17653631,14.5835181294
801140,2007-12-07,2267.61,2231.97,2267.61,2228.59,1.29580239,16.0697944111
801140,2007-12-10,2318.98,2232.24,2323.77,2229.63,1.93087567,24.2632928232
801140,2007-12-11,2356.28,2331.73,2356.87,2311.13,2.38499149,28.418427950100003
801140,2007-12-12,2369.61,2342.63,2383.95,2337.45,1.90388764,25.7192377672
801140,2007-12-13,2310.26,2366.09,2385.09,2305.94,2.58838343,30.128793324
801140,2007-12-14,2340.07,2298.02,2340.07,2268.69,1.73232488,19.5667799252
801140,2007-12-17,2368.46,2350.91,2396.47,2331.7,2.34464253,29.445201417
801140,2007-12-18,2377.36,2360.29,2403.06,2358.03,1.85349846,24.95244938
801140,2007-12-19,2416.87,2387.89,2428.06,2384.81,1.96453931,26.224446215700002
801140,2007-12-20,2432.08,2424.03,2441.34,2414.06,1.92055176,23.2546167306
801140,2007-12-21,2525.2,2423.75,2526.79,2423.75,2.95145427,39.016474619600004
801140,2007-12-24,2537.42,2535.86,2577.72,2535.38,2.77072851,39.8570218181
801140,2007-12-25,2566.27,2534.7,2569.0,2529.77,2.07027112,27.538319131999998
801140,2007-12-26,2606.65,2565.57,2606.82,2559.6,2.2873104,29.847432274899997
801140,2007-12-27,2611.57,2615.01,2637.9,2603.72,2.77068844,38.9427304987
801140,2007-12-28,2607.1,2609.39,2623.36,2590.11,2.47112822,33.6822652614
801140,2008-01-02,2697.99,2601.84,2698.08,2600.89,2.7438704,38.2592857307
801140,2008-01-03,2748.93,2702.49,2764.44,2695.2,3.11119047,47.2946910341
801140,2008-01-04,2737.23,2750.89,2754.78,2718.63,2.34802885,33.7923304217
801140,2008-01-07,2777.84,2724.74,2784.15,2712.27,2.8437732,42.746299576700004
801140,2008-01-08,2698.82,2779.15,2792.71,2683.06,3.09904731,42.617436172199994
801140,2008-01-09,2762.6,2679.73,2762.6,2675.67,2.35522339,32.7731059871
801140,2008-01-10,2773.96,2782.33,2806.08,2762.26,2.88546386,40.2535397953
801140,2008-01-11,2758.29,2789.15,2790.11,2730.66,3.03825724,43.196015449099995
801140,2008-01-14,2774.08,2750.04,2777.9,2725.14,2.79165682,39.7009140235
801140,2008-01-15,2810.0,2777.61,2824.41,2772.44,2.9936517,41.527260124499996
801140,2008-01-16,2788.61,2793.51,2807.93,2759.5,2.792083,40.3626114041
801140,2008-01-17,2726.79,2769.2,2814.35,2643.02,2.94298335,42.9344910345
801140,2008-01-18,2746.72,2732.32,2770.13,2693.6,2.24977767,33.0936092153
801140,2008-01-21,2692.67,2759.12,2764.95,2683.74,3.47045807,49.0431605175
801140,2008-01-22,2455.0,2601.02,2620.54,2444.35,2.82387874,38.869422936
801140,2008-01-23,2580.15,2441.07,2580.42,2421.89,2.7984647,39.999673100100004
801140,2008-01-24,2662.77,2600.33,2687.51,2584.69,3.50204789,48.0712665143
801140,2008-01-25,2645.85,2649.5,2684.28,2638.04,2.24505774,30.0901443948
801140,2008-01-28,2442.3,2634.64,2639.51,2429.5,2.18046221,29.216422397600002
801140,2008-01-29,2493.23,2455.59,2526.81,2448.3,1.58941129,21.3041411055
801140,2008-01-30,2516.43,2516.43,2552.09,2448.59,1.70588184,23.6317834714
801140,2008-01-31,2424.43,2506.24,2518.7,2422.74,1.35881879,18.8524833157
801140,2008-02-01,2319.74,2419.17,2429.34,2238.33,1.62781339,20.5594976342
801140,2008-02-04,2512.14,2378.88,2515.16,2370.86,1.75951994,24.1534317501
801140,2008-02-05,2514.44,2496.72,2537.7,2470.0,1.39538577,18.5531763809
801140,2008-02-13,2492.4,2488.08,2519.75,2450.91,1.19916162,15.3645025407
801140,2008-02-14,2537.75,2508.34,2542.6,2501.0,1.28982109,17.501410448599998
801140,2008-02-15,2554.02,2524.56,2554.02,2498.15,1.68296591,24.3710195875
801140,2008-02-18,2610.85,2583.07,2626.46,2577.89,2.12513008,32.3155426695
801140,2008-02-19,2662.84,2615.18,2668.39,2598.08,1.87348029,28.050081245999998
801140,2008-02-20,2616.48,2676.44,2682.64,2611.61,1.91430157,27.6362350215
801140,2008-02-21,2622.49,2602.81,2644.22,2561.86,2.0513157,28.8235299168
801140,2008-02-22,2556.52,2616.84,2618.26,2519.58,1.89164214,26.9244073646
801140,2008-02-25,2450.74,2559.21,2567.57,2442.91,1.5135514,21.1829852808
801140,2008-02-26,2453.76,2513.88,2535.64,2379.96,1.50672989,21.5106758836
801140,2008-02-27,2506.78,2465.67,2519.21,2445.75,1.52029322,20.3741159649
801140,2008-02-28,2513.03,2519.85,2536.44,2484.18,1.73989705,22.9380821938
801140,2008-02-29,2536.66,2513.11,2536.66,2501.02,1.80019708,23.7337730463
801140,2008-03-03,2619.53,2523.43,2619.7,2512.5,3.2551457,42.7593514221
801140,2008-03-04,2617.25,2636.31,2650.02,2608.95,3.64775178,46.188242163599995
801140,2008-03-05,2659.79,2610.71,2660.52,2586.24,3.35558074,43.256816616
801140,2008-03-06,2759.18,2682.53,2789.98,2676.58,6.73368141,83.8467353623
801140,2008-03-07,2679.93,2756.27,2772.23,2668.08,4.37186349,53.689072022
801140,2008-03-10,2629.39,2672.17,2691.49,2604.36,3.43169177,40.784794208499996
801140,2008-03-11,2657.99,2595.57,2657.99,2549.33,2.50953267,30.7588696008
801140,2008-03-12,2580.66,2703.7,2709.35,2580.66,2.779309,34.4386858572
801140,2008-03-13,2449.98,2546.56,2556.86,2412.53,2.96169767,34.4690143541
801140,2008-03-14,2428.46,2426.99,2466.7,2403.96,1.64438258,19.3112908738
801140,2008-03-17,2221.32,2416.85,2420.53,2218.3,2.07512623,24.0464505002
801140,2008-03-18,2062.5,2175.33,2218.32,2019.42,2.3619047,25.582583486
801140,2008-03-19,2145.92,2102.83,2178.83,2048.86,2.48435001,26.271064513000002
801140,2008-03-20,2236.16,2105.19,2266.32,2014.58,2.76702579,30.492052467399997
801140,2008-03-21,2254.68,2220.44,2279.39,2204.2,2.50874787,28.2328480093
801140,2008-03-24,2195.27,2283.52,2299.69,2195.27,2.68326838,31.065100879899997
801140,2008-03-25,2211.62,2144.49,2237.2,2134.22,1.96368962,23.589931440100003
801140,2008-03-26,2205.41,2221.91,2258.61,2187.89,1.52872458,18.6868859616
801140,2008-03-27,2100.36,2174.57,2179.78,2088.26,2.00265899,22.9089076142
801140,2008-03-28,2173.49,2066.97,2173.73,2012.53,1.89529314,21.3455599093
801140,2008-03-31,2081.43,2114.74,2146.99,2067.29,1.48041771,16.7149855293
801140,2008-04-01,1919.47,2075.55,2100.94,1909.28,1.88118281,19.7167257824
801140,2008-04-02,1840.22,1946.92,1957.77,1814.84,1.67861755,16.1462588996
801140,2008-04-03,1902.24,1815.82,1917.14,1790.29,1.53856921,15.066556863499999
801140,2008-04-07,2033.78,1887.18,2034.38,1867.1,2.04244769,22.3331140299
801140,2008-04-08,2057.74,2039.06,2084.82,2016.37,2.11719723,23.032849495900003
801140,2008-04-09,1988.65,2045.81,2121.12,1982.76,2.44339715,26.067218328200003
801140,2008-04-10,2063.86,1956.36,2064.29,1950.92,2.06318991,22.8056702421
801140,2008-04-11,2073.22,2053.33,2103.13,2032.83,1.49007021,16.3582042273
801140,2008-04-14,1950.92,2022.71,2041.58,1939.62,1.89670347,20.5631052225
801140,2008-04-15,2004.92,1933.32,2005.33,1895.33,1.66826461,17.5518550925
801140,2008-04-16,1945.7,1996.2,2002.56,1930.73,1.44721477,15.2184778224
801140,2008-04-17,1888.74,1944.15,1979.13,1853.18,1.48516919,15.7243550967
801140,2008-04-18,1791.74,1870.35,1884.85,1783.0,1.42496323,13.8899693534
801140,2008-04-21,1799.83,1933.41,1933.71,1767.61,1.80529766,17.858245848800003
801140,2008-04-22,1794.53,1763.37,1798.86,1694.88,1.62753932,14.924574126900001
801140,2008-04-23,1873.02,1773.84,1882.22,1760.15,2.14433988,21.5541657279
801140,2008-04-24,2033.75,2010.46,2037.6,1953.2,4.74340657,46.592208769799996
801140,2008-04-25,1994.41,2004.83,2057.7,1984.14,3.8681259,39.3026292537
801140,2008-04-28,1964.09,1957.66,1992.48,1943.17,2.27823959,22.3118170557
801140,2008-04-29,1984.75,1956.51,1989.03,1940.26,2.26587864,21.607664741
801140,2008-04-30,2064.46,2010.97,2070.58,1988.58,3.19747313,32.5124203045
801140,2008-05-05,2126.08,2100.0,2126.1,2049.59,3.65573599,42.9812740203
801140,2008-05-06,2128.35,2106.18,2162.02,2079.95,3.56637145,38.3812987178
801140,2008-05-07,2028.13,2117.04,2133.95,2028.0,2.86824631,30.577453054699998
801140,2008-05-08,2071.98,2011.08,2072.03,1998.89,2.16698335,23.7003965713
801140,2008-05-09,2065.82,2081.84,2094.51,2018.53,2.3861887,25.7650570212
801140,2008-05-12,2121.24,2046.27,2132.39,2017.94,2.33184842,26.530937886
801140,2008-05-13,2127.49,2050.83,2150.27,2042.81,3.57762315,39.209798852
801140,2008-05-14,2164.35,2121.67,2169.68,2112.99,2.74478975,29.799202583499998
801140,2008-05-15,2142.48,2174.19,2192.62,2142.11,2.76481925,29.9968610456
801140,2008-05-16,2114.44,2141.88,2159.22,2076.09,2.21436469,23.032997957600003
801140,2008-05-19,2153.66,2105.69,2164.19,2080.9,1.77707982,21.0080044374
801140,2008-05-20,2018.83,2146.17,2157.34,2013.2,2.08645751,21.8582496766
801140,2008-05-21,2026.57,1980.71,2045.24,1921.54,2.08160402,22.5006073807
801140,2008-05-22,1981.39,2009.38,2034.57,1979.77,1.74407229,18.7863635991
801140,2008-05-23,1964.69,1969.61,1999.77,1935.64,1.44011088,15.4322862074
801140,2008-05-26,1879.19,1949.08,1950.98,1873.27,1.34271307,13.206284396900001
801140,2008-05-27,1889.58,1871.05,1898.4,1861.59,0.97712817,9.7119734311
801140,2008-05-28,1943.39,1894.61,1951.76,1885.14,1.26286858,11.838643121199999
801140,2008-05-29,1905.26,1947.64,1953.65,1905.26,1.43099352,13.517156290399999
801140,2008-05-30,1905.73,1908.24,1925.23,1874.3,1.4355128,13.6438066874
801140,2008-06-02,1915.86,1906.38,1938.68,1876.0,1.48490652,13.027329226099999
801140,2008-06-03,1903.64,1917.81,1945.32,1873.36,1.30091926,12.339681260599999
801140,2008-06-04,1879.85,1901.81,1923.56,1841.31,1.17918515,11.1888226479
801140,2008-06-05,1858.64,1875.51,1884.86,1844.32,1.0678817,10.496544992899999
801140,2008-06-06,1831.88,1861.69,1865.93,1824.69,0.98920555,10.043303800599999
801140,2008-06-10,1657.24,1755.85,1790.64,1653.7,1.36666079,12.81108474
801140,2008-06-11,1601.33,1627.14,1631.64,1577.26,1.24599142,10.479240385499999
801140,2008-06-12,1575.82,1592.01,1606.42,1542.26,1.22517556,10.004909680199999
801140,2008-06-13,1515.14,1583.57,1595.9,1513.11,1.08869622,8.464139892
801140,2008-06-16,1498.22,1523.6,1539.07,1461.69,1.15183655,8.9863627823
801140,2008-06-17,1408.24,1495.28,1513.11,1400.85,1.57746245,12.156451506400002
801140,2008-06-18,1486.22,1392.81,1493.81,1349.54,2.13453619,15.5631247481
801140,2008-06-19,1351.14,1463.52,1464.37,1349.86,1.74316824,12.7448493625
801140,2008-06-20,1345.69,1345.88,1416.24,1284.4,2.07957338,14.8079229612
801140,2008-06-23,1317.74,1330.79,1349.62,1309.98,1.19205141,7.7640432451
801140,2008-06-24,1351.74,1311.24,1358.76,1311.24,1.30664189,8.8766643677
801140,2008-06-25,1429.25,1349.22,1429.36,1341.24,2.04304651,14.507293447999999
801140,2008-06-26,1458.31,1438.29,1475.84,1419.66,2.41593364,18.6096883182
801140,2008-06-27,1347.0,1403.03,1405.62,1327.14,1.98723778,14.0454234499
801140,2008-06-30,1354.36,1339.76,1361.86,1321.62,1.03691889,7.479904964
801140,2008-07-01,1327.48,1361.35,1367.17,1321.77,1.43296458,11.178169584900001
801140,2008-07-02,1355.78,1330.67,1371.66,1323.18,1.61248245,12.2750871753
801140,2008-07-03,1426.38,1338.19,1441.56,1325.46,2.52404789,19.0050681235
801140,2008-07-04,1418.05,1419.56,1444.13,1401.3,1.83711432,14.3881106497
801140,2008-07-07,1504.04,1422.06,1505.23,1419.18,2.67606119,20.8396361683
801140,2008-07-08,1523.52,1507.95,1528.65,1478.13,2.80058694,21.908755741100002
801140,2008-07-09,1569.86,1526.6,1573.38,1525.06,3.46787478,26.5284782256
801140,2008-07-10,1529.48,1550.29,1579.76,1529.48,3.13263927,23.8034684357
801140,2008-07-11,1525.72,1518.21,1537.4,1498.03,2.63544068,20.356379836800002
801140,2008-07-14,1563.67,1526.76,1563.67,1525.97,2.5935791,21.1356668353
801140,2008-07-15,1511.12,1574.32,1581.34,1500.45,2.82754266,22.5174224336
801140,2008-07-16,1435.69,1500.39,1504.35,1409.86,2.27122624,17.188320505
801140,2008-07-17,1427.82,1459.1,1478.71,1413.97,1.93727768,14.8491814554
801140,2008-07-18,1498.49,1443.15,1498.49,1416.89,2.05749767,15.4508409882
801140,2008-07-21,1561.68,1496.06,1562.68,1485.62,2.23112848,18.3159682171
801140,2008-07-22,1569.67,1572.84,1588.81,1563.06,2.55198773,18.85482445
801140,2008-07-23,1567.23,1580.37,1591.96,1561.84,3.2064842,27.0999155973
801140,2008-07-24,1596.2,1578.25,1599.61,1562.51,2.88613669,26.311574464299998
801140,2008-07-25,1573.87,1576.67,1589.23,1566.66,2.14103278,18.8171118131
801140,2008-07-28,1597.91,1583.35,1598.2,1580.54,2.09360826,18.3939487826
801140,2008-07-29,1559.93,1581.33,1583.75,1550.43,1.98495107,18.5745053606
801140,2008-07-30,1556.46,1581.79,1586.58,1542.94,2.02251763,18.8494947238
801140,2008-07-31,1497.11,1561.12,1569.55,1495.3,2.03045923,17.9317120037
801140,2008-08-01,1513.07,1485.09,1527.17,1461.79,1.69499161,15.0850830616
801140,2008-08-04,1496.18,1500.77,1525.95,1490.38,1.39185841,13.044429264300001
801140,2008-08-05,1449.33,1498.28,1506.33,1445.14,1.44736218,13.3847888847
801140,2008-08-06,1442.63,1462.14,1469.44,1420.61,1.21597985,10.6915700161
801140,2008-08-07,1462.0,1443.58,1463.8,1432.6,1.25020268,10.8610445668
801140,2008-08-08,1358.58,1463.89,1463.89,1356.76,1.64625403,13.608160302
801140,2008-08-11,1246.64,1353.25,1362.74,1239.44,1.636329,11.647263634100002
801140,2008-08-12,1233.24,1225.85,1251.63,1218.48,1.2913571,9.028546756
801140,2008-08-13,1229.9,1223.85,1242.22,1175.79,1.3545886,9.350035061
801140,2008-08-14,1238.13,1215.57,1248.36,1213.83,1.12423647,9.112682673
801140,2008-08-15,1240.56,1230.64,1253.25,1224.44,0.73105932,4.8236562824
801140,2008-08-18,1157.04,1246.04,1246.85,1156.53,1.31947357,10.1503022473
801140,2008-08-19,1187.34,1143.86,1188.6,1137.55,1.0752067,7.8535087979
801140,2008-08-20,1286.34,1179.71,1288.78,1162.37,2.09009388,15.2216791746
801140,2008-08-21,1243.2,1266.27,1292.9,1234.66,1.70888526,13.148467117300001
801140,2008-08-22,1217.18,1233.86,1240.9,1193.35,1.14229994,8.7947214661
801140,2008-08-25,1220.52,1217.11,1238.71,1201.13,0.98967869,7.549954829600001
801140,2008-08-26,1159.82,1205.7,1209.77,1145.27,1.24511785,8.849428038300001
801140,2008-08-27,1157.22,1152.13,1178.57,1129.41,0.95378867,6.654990550700001
801140,2008-08-28,1156.47,1151.11,1169.17,1148.03,0.72995693,4.893902505
801140,2008-08-29,1187.97,1165.66,1201.92,1154.61,1.15758929,7.5386002858
801140,2008-09-01,1168.96,1183.93,1204.41,1151.95,1.0663938,6.831431638500001
801140,2008-09-02,1169.19,1157.84,1179.94,1144.49,0.96206641,6.049444641699999
801140,2008-09-03,1152.08,1163.85,1174.83,1131.04,1.3167711,8.762411779099999
801140,2008-09-04,1158.43,1147.34,1168.52,1135.31,1.34191779,7.7565117054999995
801140,2008-09-05,1104.68,1123.89,1131.86,1101.31,1.45231227,8.5618585001
801140,2008-09-08,1051.04,1101.53,1116.99,1040.09,1.35827016,7.8351731952999994
801140,2008-09-09,1054.52,1052.85,1061.62,1033.11,1.01983083,6.1547942768
801140,2008-09-10,1063.24,1047.24,1078.31,1031.35,1.25810372,7.887604208200001
801140,2008-09-11,1035.56,1057.84,1065.91,1030.53,1.14182589,7.8054743009
801140,2008-09-12,1028.81,1029.73,1044.25,1027.33,0.82127229,4.850457129
801140,2008-09-16,1003.3,1028.5,1029.17,996.7,1.02890008,6.0600735625999995
801140,2008-09-17,986.89,999.98,1010.34,980.02,0.98606374,5.6376319297
801140,2008-09-18,962.01,966.12,973.03,908.29,1.59021963,8.3997713463
801140,2008-09-19,1056.64,1050.29,1056.64,1034.64,2.28913791,13.7907388267
801140,2008-09-22,1091.42,1113.15,1151.21,1055.69,3.9872669,24.295125902600002
801140,2008-09-23,1006.4,1050.96,1051.98,1005.74,2.08367466,11.9184398251
801140,2008-09-24,1019.34,985.17,1019.34,977.85,1.80135558,10.5632653338
801140,2008-09-25,1043.94,1020.63,1054.14,1018.36,2.47422416,15.0862516096
801140,2008-09-26,1038.74,1048.67,1052.37,1020.59,1.86290355,11.837666526900001
801140,2008-10-06,994.58,1019.18,1020.49,991.63,1.36148267,8.1515227092
801140,2008-10-07,985.11,960.71,994.92,951.13,1.47536481,8.6819796183
801140,2008-10-08,956.35,962.83,978.17,945.39,1.41590895,7.7520030364
801140,2008-10-09,936.1,972.47,975.13,935.98,1.12437748,6.1476944127
801140,2008-10-10,871.25,907.16,908.86,870.95,1.42990522,7.201217866
801140,2008-10-13,887.18,858.78,887.18,829.13,1.36278693,6.6601221585
801140,2008-10-14,857.6,917.06,918.29,857.03,1.78344802,9.025287498600001
801140,2008-10-15,851.96,846.28,855.87,838.21,1.16301536,5.6925327782
801140,2008-10-16,801.66,818.21,825.99,799.17,1.63216662,7.3831746119
801140,2008-10-17,813.15,807.32,816.97,798.85,1.19946939,5.4073547709000005
801140,2008-10-20,842.09,810.07,842.13,799.34,1.4512741,6.7456697318
801140,2008-10-21,836.01,843.3,853.98,834.51,1.49180882,7.1091168553
801140,2008-10-22,828.89,826.86,847.08,824.53,1.43389403,6.375146974400001
801140,2008-10-23,835.64,809.6,835.64,804.93,1.59978339,8.0980090204
801140,2008-10-24,824.32,833.74,843.51,814.01,1.34158124,6.7846253915
801140,2008-10-27,753.72,806.88,811.57,753.65,1.49182957,6.9587897778
801140,2008-10-28,765.86,734.61,770.61,728.92,1.59781209,7.4297235722
801140,2008-10-29,741.88,776.03,776.82,737.93,1.60586553,7.080341374600001
801140,2008-10-30,744.81,743.61,755.79,732.9,1.69390141,7.5320773259000005
801140,2008-10-31,724.75,742.01,745.28,720.28,1.24111704,5.4502145592
801140,2008-11-03,709.09,719.96,724.3,705.39,0.95824846,4.012195101600001
801140,2008-11-04,699.75,703.69,707.96,690.31,1.02099745,4.2399022976
801140,2008-11-05,726.91,703.53,732.74,703.04,1.61573572,6.729272426900001
801140,2008-11-06,708.26,708.04,711.01,700.21,1.02728057,4.2911711255
801140,2008-11-07,725.05,695.53,728.83,693.45,1.34866269,5.3550369017
801140,2008-11-10,778.7,737.16,780.77,732.45,2.52304944,10.5147529984
801140,2008-11-11,770.71,771.74,788.71,764.18,2.58285479,11.277036488499999
801140,2008-11-12,791.48,760.91,791.48,760.11,1.86098466,8.1381083801
801140,2008-11-13,839.64,781.71,846.38,780.6,3.93799799,17.5604040774
801140,2008-11-14,874.85,846.35,874.85,831.31,5.05526477,22.2734374586
801140,2008-11-17,918.35,871.01,918.35,860.79,4.72283964,22.6072410902
801140,2008-11-18,840.73,905.7,921.49,838.75,5.16378383,23.938919156300003
801140,2008-11-19,895.48,832.69,896.26,832.69,3.8764442,18.2357633439
801140,2008-11-20,892.47,883.72,911.75,875.99,3.84228098,17.4256482888
801140,2008-11-21,881.61,870.63,899.86,841.48,3.36586012,16.1345534768
801140,2008-11-24,843.99,878.17,886.99,842.81,2.46711818,14.9672500444
801140,2008-11-25,838.77,856.81,862.31,817.43,2.06894171,11.9407972574
801140,2008-11-26,847.49,837.36,854.07,831.85,1.80599638,9.7563059981
801140,2008-11-27,854.62,903.39,906.68,854.19,3.48386817,18.3260197778
801140,2008-11-28,840.57,847.98,853.16,830.76,2.38994426,11.6294249292
801140,2008-12-01,880.24,837.97,880.35,828.62,2.92130401,15.583666136500002
801140,2008-12-02,901.59,863.3,902.42,856.8,4.2041294,22.847519604699997
801140,2008-12-03,938.98,905.56,938.98,903.27,4.68487866,24.1469175663
801140,2008-12-04,943.88,948.1,982.14,940.29,6.46141443,34.3398376946
801140,2008-12-05,972.13,934.92,972.4,934.11,3.98118017,21.4718104278
801140,2008-12-08,1015.29,984.92,1015.36,982.63,5.67559375,29.6968747243
801140,2008-12-09,985.41,1022.74,1022.94,982.23,5.47819765,28.673262511799997
801140,2008-12-10,1020.89,976.99,1020.89,964.48,4.82691362,25.940251753600002
801140,2008-12-11,988.27,1016.83,1019.52,986.73,4.98660968,27.0626842679
801140,2008-12-12,944.03,981.04,983.75,928.71,3.42786107,17.7151349752
801140,2008-12-15,956.4,951.86,959.76,928.41,2.77371909,14.3312159955
801140,2008-12-16,960.83,946.43,962.68,919.07,2.57573108,13.028760261099999
801140,2008-12-17,967.59,964.48,982.72,960.0,3.19493001,17.5877174114
801140,2008-12-18,990.8,968.77,990.8,958.43,3.29789227,17.8897466742
801140,2008-12-19,1012.93,994.65,1027.16,994.17,4.8929696,27.5243702712
801140,2008-12-22,1008.62,1011.12,1018.16,988.45,3.75855367,20.9952770905
801140,2008-12-23,941.82,1012.1,1012.2,939.27,3.88845151,20.8556314232
801140,2008-12-24,921.03,933.96,936.88,909.92,2.82634199,15.406044355
801140,2008-12-25,917.51,921.33,932.04,903.23,2.2277506,12.163560345799999
801140,2008-12-26,910.54,919.54,923.78,906.59,1.84577014,9.9565437117
801140,2008-12-29,905.05,906.13,907.89,885.86,2.22360117,10.8378476896
801140,2008-12-30,903.92,903.82,914.88,896.94,2.23586765,11.9326404472
801140,2008-12-31,890.96,904.94,906.87,887.17,2.18991006,11.1844990722
801140,2009-01-05,923.87,904.0,924.09,898.03,2.43055238,13.5010714096
801140,2009-01-06,956.13,922.75,956.13,918.05,3.77650025,19.4726228165
801140,2009-01-07,963.0,955.2,969.98,951.62,3.43246188,18.8602293167
801140,2009-01-08,942.7,948.71,958.32,930.87,2.96321705,17.4157598251
801140,2009-01-09,969.71,941.0,970.79,940.97,3.01210014,16.5153148153
801140,2009-01-12,986.5,967.58,1002.76,964.84,3.98887694,22.3135523729
801140,2009-01-13,954.82,974.81,977.67,951.79,2.64142707,12.746906909100002
801140,2009-01-14,989.95,951.51,989.95,951.51,3.12094487,18.6604719049
801140,2009-01-15,993.45,978.38,1009.32,976.77,3.93205018,21.8010283827
801140,2009-01-16,1003.01,998.57,1018.32,996.96,4.7675346,26.8722643114
801140,2009-01-19,994.39,1009.03,1013.8,985.74,3.21677846,18.3766912852
801140,2009-01-20,997.82,992.61,997.82,978.96,2.51748345,14.1298050826
801140,2009-01-21,1000.31,984.8,1008.26,981.4,2.91042815,16.0620085822
801140,2009-01-22,1011.87,1002.66,1011.87,995.85,2.91933681,15.9744702171
801140,2009-01-23,1007.52,1010.39,1019.13,1003.75,2.95483584,16.193650663499998
801140,2009-02-02,1041.64,1015.95,1041.98,1010.15,3.53588521,19.3889871753
801140,2009-02-03,1083.62,1041.55,1084.51,1037.91,6.09682332,34.6257506605
801140,2009-02-04,1128.55,1089.49,1128.55,1088.3,6.56578316,38.3257756395
801140,2009-02-05,1102.62,1124.39,1127.19,1092.33,5.53341034,33.4038874401
801140,2009-02-06,1154.5,1102.82,1157.38,1102.7,6.32851475,35.5223462324
801140,2009-02-09,1191.31,1171.66,1191.31,1150.96,7.43277061,45.0894382044
801140,2009-02-10,1218.8,1181.2,1218.8,1168.11,6.79047105,40.828163528400005
801140,2009-02-11,1215.47,1196.36,1243.23,1190.59,7.64683295,47.1168333837
801140,2009-02-12,1224.83,1217.62,1226.22,1178.32,6.32909762,38.3719393141
801140,2009-02-13,1279.41,1225.26,1281.45,1223.93,7.48629524,49.1473208672
801140,2009-02-16,1305.53,1289.73,1306.17,1268.91,7.46226797,48.5497499583
801140,2009-02-17,1257.73,1304.68,1305.83,1253.74,7.50307496,51.714795691800006
801140,2009-02-18,1180.34,1226.97,1270.78,1180.04,5.6933265,39.3335903563
801140,2009-02-19,1201.81,1190.34,1206.77,1174.9,4.3456802,29.685071583400003
801140,2009-02-20,1241.02,1210.88,1241.46,1198.24,4.73766074,33.2257674457
801140,2009-02-23,1288.82,1237.66,1289.98,1220.81,6.0368228,40.3057567775
801140,2009-02-24,1215.49,1274.56,1289.17,1212.08,6.89725672,45.2350635395
801140,2009-02-25,1213.42,1224.87,1274.56,1169.34,5.01973411,32.8534061639
801140,2009-02-26,1124.61,1210.89,1231.4,1107.9,5.19080101,32.6022268214
801140,2009-02-27,1054.58,1107.41,1111.69,1044.21,4.22168154,24.6088901703
801140,2009-03-02,1081.34,1039.89,1082.01,1038.33,2.90514518,16.7152344304
801140,2009-03-03,1086.6,1054.69,1093.56,1044.97,3.67065038,21.571469261500003
801140,2009-03-04,1146.91,1086.79,1150.67,1085.19,5.21970711,32.1198918576
801140,2009-03-05,1168.07,1162.96,1179.03,1114.2,6.25865359,38.9315432687
801140,2009-03-06,1158.97,1145.36,1168.61,1141.76,4.83506949,30.8641444978
801140,2009-03-09,1111.41,1161.57,1172.07,1103.31,4.55967154,27.789266305300004
801140,2009-03-10,1144.88,1098.43,1144.88,1093.84,3.38480885,19.2370353718
801140,2009-03-11,1135.62,1162.38,1165.77,1121.26,4.04310447,24.5974020204
801140,2009-03-12,1131.24,1127.14,1135.88,1093.29,2.86124941,17.0637560593
801140,2009-03-13,1119.54,1134.57,1141.96,1115.08,3.02174372,16.6435302715
801140,2009-03-16,1141.91,1117.52,1143.34,1111.49,2.92416138,17.4022677948
801140,2009-03-17,1179.97,1143.23,1184.28,1135.71,4.69091473,29.6013594573
801140,2009-03-18,1188.78,1183.25,1207.6,1181.01,5.06473225,32.533201996399995
801140,2009-03-19,1223.44,1191.31,1223.44,1191.06,5.17759909,34.4472418369
801140,2009-03-20,1222.72,1226.52,1227.24,1198.32,5.37529737,34.9440584752
801140,2009-03-23,1249.7,1222.87,1253.53,1220.16,5.96121642,39.9495778891
801140,2009-03-24,1252.48,1259.84,1260.52,1243.51,5.37702257,37.0240320742
801140,2009-03-25,1225.96,1251.16,1259.05,1225.58,5.09728284,37.1149409606
801140,2009-03-26,1262.38,1222.54,1262.38,1212.24,4.67773753,33.2025334169
801140,2009-03-27,1280.68,1261.58,1285.11,1259.58,6.49877255,41.9782297577
801140,2009-03-30,1283.62,1285.5,1297.16,1276.6,6.16030972,40.2025879873
801140,2009-03-31,1295.58,1261.66,1295.58,1255.39,5.19725143,33.1103315111
801140,2009-04-01,1326.66,1306.63,1329.62,1304.4,8.21812014,51.7929680599
801140,2009-04-02,1350.44,1330.55,1370.51,1330.47,10.05222939,69.1361419016
801140,2009-04-03,1329.01,1355.19,1358.3,1322.38,6.29693834,42.8962694813
801140,2009-04-07,1340.81,1326.78,1340.81,1321.82,4.69838773,32.7933951856
801140,2009-04-08,1284.85,1335.67,1336.39,1284.85,5.22239444,36.494568719499995
801140,2009-04-09,1302.25,1279.8,1302.26,1263.6,4.15834862,27.1939653677
801140,2009-04-10,1346.02,1309.93,1347.03,1302.62,6.25602516,42.2082368359
801140,2009-04-13,1370.56,1358.08,1370.86,1347.5,7.34873336,51.789682193999994
801140,2009-04-14,1385.13,1368.66,1391.76,1359.72,6.12703392,46.7482182253
801140,2009-04-15,1394.04,1374.89,1394.04,1353.38,6.66020313,47.9447817004
801140,2009-04-16,1403.83,1390.08,1409.95,1372.12,6.65367087,48.8153806666
801140,2009-04-17,1392.58,1400.1,1415.41,1379.19,6.71142241,47.6826214792
801140,2009-04-20,1430.16,1382.99,1430.16,1380.97,5.90769136,43.5481532086
801140,2009-04-21,1432.71,1413.8,1440.09,1393.47,6.68276022,45.9724428062
801140,2009-04-22,1383.99,1436.79,1461.77,1365.18,9.30825137,67.7472886036
801140,2009-04-23,1384.96,1366.84,1409.86,1338.77,5.52037711,39.3179359278
801140,2009-04-24,1370.95,1385.85,1394.41,1364.51,4.67528408,33.157561208800004
801140,2009-04-27,1303.99,1366.38,1369.56,1300.35,4.30837997,29.356780126500002
801140,2009-04-28,1312.86,1294.39,1313.67,1288.37,3.04555694,21.465044740499998
801140,2009-04-29,1349.38,1310.76,1349.38,1309.55,4.56475564,31.969631916300003
801140,2009-04-30,1359.34,1353.51,1366.17,1342.22,4.7043983,33.7550599396
801140,2009-05-04,1404.16,1363.73,1404.85,1363.11,5.59828726,41.7574127062
801140,2009-05-05,1422.56,1413.01,1425.83,1401.05,6.06704462,44.1636657151
801140,2009-05-06,1444.9,1419.24,1450.32,1412.27,6.90673138,51.3199965518
801140,2009-05-07,1438.34,1448.94,1451.19,1402.49,7.6219285,55.4803808108
801140,2009-05-08,1433.44,1429.44,1438.67,1410.04,5.53822388,41.732972967399995
801140,2009-05-11,1372.72,1433.97,1440.62,1372.72,6.01362019,42.9209135153
801140,2009-05-12,1404.92,1361.84,1404.92,1360.35,3.95250176,27.1191082351
801140,2009-05-13,1424.93,1404.14,1424.93,1397.12,4.64003195,34.5290828436
801140,2009-05-14,1427.09,1413.99,1427.9,1405.16,4.47179481,34.131848882
801140,2009-05-15,1433.84,1432.41,1441.54,1420.85,5.33715286,42.095631903299996
801140,2009-05-18,1438.25,1428.44,1440.55,1404.92,4.63867671,35.632488270399996
801140,2009-05-19,1448.12,1444.95,1449.64,1434.24,5.04625512,38.6975022895
801140,2009-05-20,1432.67,1445.35,1452.46,1431.69,5.24213539,38.590191608400005
801140,2009-05-21,1395.53,1422.77,1427.89,1389.2,4.49298038,33.019168688
801140,2009-05-22,1398.26,1386.44,1406.76,1385.07,3.10996773,22.727932615
801140,2009-05-25,1390.48,1361.91,1396.57,1348.17,3.63587329,26.0891531497
801140,2009-05-26,1392.46,1387.2,1407.04,1387.03,3.12250259,21.8923015861
801140,2009-05-27,1400.53,1400.8,1409.17,1387.71,3.77937261,26.3528029113
801140,2009-06-01,1418.3,1407.45,1419.15,1407.45,4.42807497,31.965778589899998
801140,2009-06-02,1424.47,1420.38,1431.42,1412.76,4.63001474,34.2572748092
801140,2009-06-03,1434.63,1422.46,1435.61,1422.28,4.7429171,36.6004218562
801140,2009-06-04,1432.24,1431.05,1440.14,1409.96,5.67344597,41.3672443974
801140,2009-06-05,1435.82,1436.64,1452.32,1422.81,5.61875182,42.886799126
801140,2009-06-08,1439.75,1440.4,1455.39,1428.85,5.10865158,39.9981321072
801140,2009-06-09,1442.21,1441.02,1444.17,1402.86,4.94902763,36.915431446999996
801140,2009-06-10,1460.53,1443.2,1460.58,1440.48,5.29535823,39.1234103206
801140,2009-06-11,1455.82,1456.49,1472.94,1444.17,5.10384233,37.291062165300005
801140,2009-06-12,1419.13,1453.39,1456.2,1410.19,4.35756703,31.158482567600004
801140,2009-06-15,1438.17,1416.17,1438.17,1411.31,3.30873026,24.2419692805
801140,2009-06-16,1436.45,1427.52,1439.78,1421.41,3.20166303,24.3548371215
801140,2009-06-17,1450.27,1437.4,1452.55,1429.92,3.9570989,29.132027144400002
801140,2009-06-18,1448.09,1451.31,1452.61,1439.84,4.80001279,35.0928873743
801140,2009-06-19,1461.68,1446.74,1461.68,1441.57,5.48868828,39.936316457
801140,2009-06-22,1463.25,1470.53,1481.22,1458.02,6.18852541,43.0825131024
801140,2009-06-23,1452.6,1445.3,1463.41,1437.76,3.98402204,28.771599900300004
801140,2009-06-24,1466.11,1453.59,1466.11,1445.9,4.30062952,32.0544268743
801140,2009-06-25,1459.76,1467.42,1468.55,1451.86,4.2726198,30.8543240246
801140,2009-06-26,1463.88,1461.22,1467.12,1451.27,4.44104964,31.1629815213
801140,2009-06-29,1466.1,1466.33,1470.88,1457.42,4.47296079,31.243339491300002
801140,2009-06-30,1449.58,1466.06,1466.24,1444.53,4.15359557,29.5987435045
801140,2009-07-01,1469.7,1447.46,1469.7,1446.47,4.36077747,32.1730516732
801140,2009-07-02,1473.54,1474.83,1476.89,1463.97,5.51661363,38.4397108569
801140,2009-07-03,1475.37,1466.78,1475.37,1459.0,5.09788585,37.4730191535
801140,2009-07-06,1494.43,1475.86,1494.69,1473.03,6.14806106,45.449266585100005
801140,2009-07-07,1515.87,1494.44,1536.91,1488.16,7.35738076,56.7485549921
801140,2009-07-08,1520.12,1508.98,1520.93,1495.47,5.10629622,39.3739592992
801140,2009-07-09,1550.85,1518.56,1550.85,1517.61,5.73500223,44.833088348400004
801140,2009-07-10,1557.59,1556.31,1568.01,1552.04,6.17584335,49.7896079767
801140,2009-07-13,1582.8,1554.15,1588.84,1553.37,7.15433472,55.7747669576
801140,2009-07-14,1613.41,1583.54,1613.41,1583.54,6.59867746,53.97423473479999
801140,2009-07-15,1624.43,1614.28,1626.27,1612.1,6.34675224,52.1433749863
801140,2009-07-16,1616.63,1625.89,1634.17,1615.69,6.75058679,57.2156648833
801140,2009-07-17,1616.82,1612.96,1625.1,1599.94,4.90423682,41.109237273000005
801140,2009-07-20,1654.24,1624.43,1654.7,1622.29,6.99844775,58.5798615518
801140,2009-07-21,1595.56,1656.29,1656.31,1590.32,6.84331121,54.775914103999995
801140,2009-07-22,1614.75,1591.78,1618.9,1591.78,5.17034499,41.0710146883
801140,2009-07-23,1638.44,1618.37,1639.53,1615.21,5.93779818,48.0078181682
801140,2009-07-24,1659.33,1645.63,1670.79,1622.1,8.6633676,71.01675310729999
801140,2009-07-27,1686.32,1660.18,1688.54,1660.18,6.27555293,55.793048541800005
801140,2009-07-28,1710.71,1680.75,1710.83,1667.92,7.2087772,60.708727476499995
801140,2009-07-29,1600.8,1702.97,1710.41,1565.76,7.65247071,63.5980886329
801140,2009-07-30,1627.49,1606.05,1631.09,1567.45,5.65165817,46.3812971016
801140,2009-07-31,1679.91,1631.28,1681.85,1631.28,6.60731149,56.159979562299995
801140,2009-08-03,1763.52,1685.83,1769.38,1684.16,9.65802433,85.6945752031
801140,2009-08-04,1785.6,1770.99,1807.16,1759.72,9.48656245,88.3875737974
801140,2009-08-05,1789.69,1782.15,1810.09,1752.15,7.72307445,72.0118474578
801140,2009-08-06,1752.68,1779.32,1787.54,1726.06,5.9642032,54.8731980886
801140,2009-08-07,1701.12,1750.2,1761.1,1692.67,5.58617549,52.0345915464
801140,2009-08-10,1732.18,1726.31,1741.68,1698.38,5.11264594,49.1481237203
801140,2009-08-11,1747.38,1736.33,1747.38,1718.08,4.18037597,42.941966653499996
801140,2009-08-12,1638.06,1738.73,1739.24,1635.44,4.70875775,43.2893798128
801140,2009-08-13,1637.55,1637.52,1650.53,1601.99,3.75155108,33.7563658399
801140,2009-08-14,1562.42,1636.82,1641.83,1562.42,4.03334325,35.8050467639
801140,2009-08-17,1474.42,1540.82,1556.75,1474.42,4.32399285,35.737241329899994
801140,2009-08-18,1504.78,1461.37,1507.61,1457.24,3.36215853,26.8694056936
801140,2009-08-19,1432.73,1503.29,1508.11,1420.96,3.99573323,31.5301007515
801140,2009-08-20,1485.79,1435.49,1489.04,1429.67,3.67751291,30.3473010642
801140,2009-08-21,1535.57,1482.97,1535.57,1472.27,4.81833181,40.1361042634
801140,2009-08-24,1565.16,1535.66,1566.7,1528.59,4.79406938,38.0880777988
801140,2009-08-25,1546.24,1556.66,1557.52,1498.9,5.37078232,47.2917136528
801140,2009-08-26,1585.6,1535.25,1604.47,1526.53,5.23683628,48.3322645446
801140,2009-08-27,1609.61,1576.4,1621.52,1570.49,5.29560599,48.4183077559
801140,2009-08-28,1560.15,1598.94,1603.44,1551.53,3.59317113,31.4559616911
801140,2009-08-31,1446.86,1535.33,1536.13,1445.71,3.73968827,31.967552953200002
801140,2009-09-01,1434.83,1435.47,1466.92,1422.12,3.03837725,24.1170687491
801140,2009-09-02,1440.17,1426.51,1451.73,1411.18,2.32037865,18.6193669594
801140,2009-09-03,1507.94,1442.14,1511.69,1438.8,3.85289117,32.145506587199996
801140,2009-09-04,1535.57,1501.69,1538.09,1496.85,4.64061475,36.5455658833
801140,2009-09-07,1544.89,1539.53,1562.82,1527.44,4.92483245,42.4459109783
801140,2009-09-08,1572.42,1533.09,1572.42,1517.77,4.39293485,41.1199775464
801140,2009-09-09,1579.56,1575.45,1586.17,1554.74,4.66441324,43.4964178126
801140,2009-09-10,1559.92,1578.53,1585.1,1554.64,4.13374825,38.821743374899995
801140,2009-09-11,1598.37,1554.89,1602.98,1554.2,4.84364068,39.8670742961
801140,2009-09-14,1659.26,1606.72,1666.13,1605.52,8.50132029,71.77147712060001
801140,2009-09-15,1666.06,1658.43,1677.68,1646.54,6.80669873,60.4451535849
801140,2009-09-16,1692.81,1664.69,1702.79,1655.7,6.9176429,62.9345340111
801140,2009-09-17,1717.32,1689.94,1721.97,1688.83,6.32923479,59.642348373199994
801140,2009-09-18,1674.32,1720.17,1730.29,1660.2,7.18106138,71.484083089
801140,2009-09-21,1680.66,1654.64,1681.76,1618.61,4.78999329,47.2664260045
801140,2009-09-22,1644.65,1676.37,1696.02,1644.65,4.67074765,43.8051827475
801140,2009-09-23,1592.04,1637.73,1650.69,1579.55,4.5900751,40.5428819079
801140,2009-09-24,1587.17,1580.93,1606.21,1547.27,3.71733817,32.976381093600004
801140,2009-09-25,1576.83,1585.49,1596.11,1567.07,3.03497772,26.0943516044
801140,2009-09-28,1528.4,1578.72,1597.18,1522.33,3.11120288,28.5286413526
801140,2009-09-29,1493.93,1528.19,1538.05,1468.58,2.80832947,23.8051777236
801140,2009-09-30,1506.05,1509.28,1526.04,1501.57,2.49456873,20.3271518276
801140,2009-10-09,1584.5,1533.44,1584.5,1530.64,3.33601209,28.9150643229
801140,2009-10-12,1594.39,1591.2,1608.65,1575.01,3.83183259,34.6795715765
801140,2009-10-13,1628.5,1590.09,1628.5,1589.51,3.88729025,33.4992825869
801140,2009-10-14,1647.38,1633.92,1666.32,1632.74,5.76140788,53.1815042342
801140,2009-10-15,1657.02,1657.62,1663.78,1641.96,4.6327647,41.2813267281
801140,2009-10-16,1658.96,1659.31,1661.6,1625.95,4.46938538,40.086326338
801140,2009-10-19,1690.13,1656.99,1690.15,1653.99,4.91218615,44.169831648199995
801140,2009-10-20,1706.48,1697.72,1706.48,1685.33,5.37602381,50.76743568569999
801140,2009-10-21,1716.28,1702.59,1724.84,1690.9,6.4621784,58.728811416000006
801140,2009-10-22,1708.18,1704.76,1722.64,1696.01,4.61381553,43.7221548718
801140,2009-10-23,1724.6,1710.38,1729.5,1709.58,5.4239278,50.2384974451
801140,2009-10-26,1717.12,1727.99,1731.85,1704.0,4.55565555,42.9738318543
801140,2009-10-27,1687.55,1706.81,1715.14,1686.67,5.17397385,50.3309755508
801140,2009-10-28,1706.45,1679.82,1706.46,1666.71,5.73650852,56.8962912198
801140,2009-10-29,1676.26,1678.23,1695.21,1668.99,4.90882562,48.7363456483
801140,2009-10-30,1688.18,1693.05,1713.12,1682.82,4.88125009,49.6527370861
801140,2009-11-02,1733.98,1661.26,1733.98,1656.71,5.44102524,51.6466117523
801140,2009-11-03,1777.26,1740.22,1780.15,1738.1,6.95971246,68.3869265158
801140,2009-11-04,1781.48,1788.3,1790.19,1767.4,6.98103815,65.3123920039
801140,2009-11-05,1798.49,1778.11,1799.62,1775.79,5.73903697,55.4215929967
801140,2009-11-06,1803.52,1803.9,1803.9,1803.52,7.47546727,72.5998497321
801140,2009-11-09,1812.13,1798.62,1812.13,1787.34,5.68215845,55.048160510600006
801140,2009-11-10,1807.63,1819.68,1820.91,1806.22,5.19109537,50.7391961603
801140,2009-11-11,1809.68,1804.92,1812.17,1784.92,5.35982459,52.0543001557
801140,2009-11-12,1818.61,1810.14,1837.22,1809.4,6.02080611,56.881672375600004
801140,2009-11-13,1844.02,1813.46,1844.02,1802.43,5.91207997,56.781460156
801140,2009-11-16,1894.58,1859.67,1897.99,1859.25,8.30829908,80.6444087583
801140,2009-11-17,1891.95,1898.48,1898.48,1875.37,5.91853302,59.732998987100004
801140,2009-11-18,1901.19,1891.92,1901.67,1882.76,6.16670053,57.5449742929
801140,2009-11-19,1943.17,1903.87,1943.17,1903.39,7.72391219,75.8982352278
801140,2009-11-20,1958.99,1935.13,1975.32,1927.64,8.00715298,78.94464404189999
801140,2009-11-23,1984.75,1957.03,1984.76,1956.74,6.83990001,71.900788055
801140,2009-11-24,1862.01,1991.2,1993.2,1852.1,9.30068181,93.9337410939
801140,2009-11-25,1922.39,1854.32,1924.39,1843.35,6.9018931,66.9102608349
801140,2009-11-26,1820.46,1922.39,1926.39,1812.73,7.70979465,74.62904382069999
801140,2009-11-27,1779.42,1793.49,1836.76,1767.17,5.61163097,51.069267236
801140,2009-11-30,1860.03,1796.29,1860.04,1794.97,5.34803237,49.6334232761
801140,2009-12-01,1940.26,1859.17,1943.65,1852.6,8.7966391,79.9700178121
801140,2009-12-02,1972.52,1960.35,1986.2,1954.54,12.09653592,106.81711336129999
801140,2009-12-03,1984.95,1970.31,1984.95,1954.64,8.07314117,75.89300073439999
801140,2009-12-04,1932.47,1980.83,1994.66,1885.7,8.68969925,82.9548758359
801140,2009-12-07,1980.8,1930.28,1982.55,1930.28,6.21958366,60.51528991520001
801140,2009-12-08,1979.14,1983.57,1993.96,1960.29,6.5331138,64.0188768562
801140,2009-12-09,1951.93,1957.75,1973.41,1941.21,5.43954981,51.6620480299
801140,2009-12-10,1974.59,1961.04,1975.96,1949.36,4.60257075,46.607494087700005
801140,2009-12-11,1977.51,1980.57,1987.68,1964.62,4.26156544,43.7300026571
801140,2009-12-14,1960.46,1973.01,1975.1,1919.38,4.4759606,47.9377093317
801140,2009-12-15,1959.81,1956.88,1975.8,1952.93,3.75363504,39.14317138
801140,2009-12-16,1944.58,1951.66,1962.73,1936.55,3.7835278,39.4835793408
801140,2009-12-17,1886.22,1939.63,1946.44,1885.64,3.76971457,38.2673371965
801140,2009-12-18,1842.86,1869.12,1889.83,1837.16,4.70868995,43.1889969923
801140,2009-12-21,1863.24,1843.7,1863.82,1834.48,3.08789031,29.1154071116
801140,2009-12-22,1810.0,1864.38,1864.38,1810.0,3.83271096,33.8176495944
801140,2009-12-23,1840.84,1810.39,1840.84,1805.37,2.88909755,26.6952367591
801140,2009-12-24,1893.37,1843.05,1894.86,1837.35,4.13177308,39.7823166983
801140,2009-12-25,1902.21,1890.53,1910.23,1879.74,3.55290885,34.928616266300004
801140,2009-12-28,1934.75,1903.1,1934.75,1902.27,3.8609463,37.7571210508
801140,2009-12-29,1945.81,1937.35,1946.0,1914.45,4.56568644,46.288509227700004
801140,2009-12-30,1927.8,1941.98,1947.56,1918.69,3.89244323,39.2410127754
801140,2009-12-31,1952.86,1929.23,1953.28,1926.24,4.20106792,43.6969695689
801140,2010-01-04,1960.65,1962.21,1974.54,1950.61,4.36643274,45.559199156400005
801140,2010-01-05,1973.05,1965.04,1973.28,1941.35,4.70698866,49.9818792179
801140,2010-01-06,1965.62,1975.29,1998.87,1965.56,6.30773679,59.2686770795
801140,2010-01-07,1931.5,1960.36,1969.72,1919.99,5.98092981,55.6331089349
801140,2010-01-08,1951.46,1920.06,1951.46,1911.17,3.88635536,37.2866838945
801140,2010-01-11,1965.53,1959.91,1967.24,1943.11,4.62361296,48.0203731528
801140,2010-01-12,2017.74,1966.63,2017.74,1962.56,6.27633803,63.4387598796
801140,2010-01-13,2006.13,1979.76,2026.09,1975.08,6.24014504,69.0052939216
801140,2010-01-14,2055.62,2010.14,2055.84,2006.36,5.72506028,66.1861558376
801140,2010-01-15,2074.78,2058.09,2080.95,2056.08,6.08049422,65.3509112855
801140,2010-01-18,2104.42,2074.19,2105.37,2069.01,5.6595257,64.08801523460001
801140,2010-01-19,2102.91,2105.07,2116.75,2074.48,6.72329265,72.2492887058
801140,2010-01-20,2018.54,2102.23,2103.15,2011.16,7.33644515,79.6164453612
801140,2010-01-21,2036.9,2015.53,2051.73,2011.39,4.23244836,46.6121101229
801140,2010-01-22,1984.96,2011.06,2018.59,1950.55,4.57656986,50.2566432456
801140,2010-01-25,1957.28,1971.88,1992.88,1954.31,2.87385834,31.7335075923
801140,2010-01-26,1880.12,1956.62,1966.96,1862.14,3.55140661,36.6034516079
801140,2010-01-27,1861.45,1878.29,1893.5,1843.92,2.96881069,32.161937362399996
801140,2010-01-28,1880.38,1857.82,1883.34,1848.95,2.90224762,31.2127599389
801140,2010-01-29,1892.15,1870.64,1913.28,1864.54,3.28717058,37.374566271599996
801140,2010-02-01,1862.58,1885.85,1887.53,1845.54,3.61556773,39.3803542306
801140,2010-02-02,1844.82,1869.16,1879.06,1842.87,3.031077,32.0548322452
801140,2010-02-03,1880.04,1848.77,1880.04,1792.01,3.9930224,41.4071857598
801140,2010-02-04,1896.43,1871.03,1914.83,1857.97,4.32045102,46.335440139300005
801140,2010-02-05,1849.84,1854.59,1877.92,1831.11,3.66863429,40.4536198896
801140,2010-02-08,1848.73,1847.36,1858.66,1839.54,2.35469628,28.573080457
801140,2010-02-09,1852.17,1841.99,1857.52,1840.32,1.84222725,21.061906981
801140,2010-02-10,1881.96,1863.05,1881.96,1857.51,2.22096564,25.7615619621
801140,2010-02-11,1879.24,1883.38,1887.22,1874.99,2.06524813,24.0610261691
801140,2010-02-12,1899.22,1882.38,1899.22,1881.21,2.08961189,24.6470957786
801140,2010-02-22,1899.75,1894.18,1916.67,1892.86,3.01455878,29.6638025639
801140,2010-02-23,1931.54,1895.74,1931.54,1868.49,5.41389659,48.611456933
801140,2010-02-24,1959.56,1919.98,1959.56,1915.99,5.96928741,53.9931343933
801140,2010-02-25,1983.16,1959.59,1985.62,1956.62,4.82352824,51.608623998999995
801140,2010-02-26,2000.73,1978.3,2005.99,1977.67,5.46983673,53.9920775759
801140,2010-03-01,2018.33,2005.15,2026.54,2004.81,5.2066577,53.5938699183
801140,2010-03-02,2018.93,2017.97,2021.15,1995.55,5.11325004,53.957819128100006
801140,2010-03-03,2038.69,2020.03,2038.69,2010.54,5.34043516,55.6512245504
801140,2010-03-04,1967.9,2036.58,2043.16,1962.67,5.66507441,59.4343075654
801140,2010-03-05,1975.77,1969.01,1984.87,1947.87,4.20217197,47.364493119399995
801140,2010-03-08,1996.73,1979.05,2001.79,1978.99,3.45584052,38.3570696532
801140,2010-03-09,1992.79,1996.99,2000.08,1972.3,3.50320831,38.3984475952
801140,2010-03-10,1988.93,1997.5,2017.82,1975.61,5.0134389,52.1846714697
801140,2010-03-11,1991.47,1986.21,1997.62,1969.43,4.398223,49.714390855
801140,2010-03-12,1962.31,1989.98,1993.51,1960.54,4.14372911,46.72235104399999
801140,2010-03-15,1950.58,1959.77,1964.25,1937.17,2.79027303,30.4559878951
801140,2010-03-16,1963.72,1948.72,1963.72,1933.33,2.69316774,28.5251025829
801140,2010-03-17,2010.91,1967.5,2010.96,1964.47,4.05355464,43.2598065567
801140,2010-03-18,2018.7,2017.81,2021.7,2004.79,3.82104615,41.7664469038
801140,2010-03-19,2029.36,2020.15,2030.81,2005.64,3.57458301,37.9791910154
801140,2010-03-22,2035.08,2029.9,2037.98,2021.85,3.65185215,40.198263692800005
801140,2010-03-23,2005.39,2034.61,2034.78,1999.11,4.17611237,49.6802661944
801140,2010-03-24,2012.08,2005.09,2018.74,2004.75,4.43927337,52.0631244508
801140,2010-03-25,1979.34,2009.76,2009.81,1973.28,3.86205082,46.4012258757
801140,2010-03-26,2014.74,1976.98,2016.04,1976.68,3.83668849,45.7310399758
801140,2010-03-29,2040.55,2024.67,2040.55,2017.86,4.73008087,58.0580469768
801140,2010-03-30,2055.87,2039.75,2057.56,2035.91,4.79685481,55.9478498904
801140,2010-03-31,2054.22,2051.26,2059.45,2047.68,4.38699244,52.4199535753
801140,2010-04-01,2083.27,2054.44,2083.34,2053.78,5.60227387,67.8033031435
801140,2010-04-02,2109.91,2083.84,2113.05,2079.28,7.05119799,75.7821631495
801140,2010-04-06,2109.21,2113.22,2117.72,2097.41,5.18271165,58.966402387399995
801140,2010-04-07,2121.41,2108.5,2121.41,2099.17,4.74051388,60.1526428139
801140,2010-04-08,2139.38,2117.04,2143.93,2115.22,7.3872033,78.4292855159
801140,2010-04-09,2168.83,2140.64,2168.83,2138.3,6.37601589,73.572006155
801140,2010-04-12,2185.51,2175.18,2195.63,2171.56,7.67743629,86.8114445782
801140,2010-04-13,2147.89,2186.75,2192.86,2092.9,8.49973003,94.48323790959999
801140,2010-04-14,2179.35,2144.82,2179.35,2141.06,5.45582185,60.3836805854
801140,2010-04-15,2150.22,2178.37,2183.27,2129.92,5.03280882,58.821778783199996
801140,2010-04-16,2160.28,2145.39,2168.57,2128.08,4.09876443,44.8181381733
801140,2010-04-19,2070.46,2138.61,2153.23,2068.18,5.99173123,65.4769984812
801140,2010-04-20,2085.78,2071.64,2085.78,2042.88,3.75735469,41.6037231615
801140,2010-04-21,2153.41,2084.29,2153.67,2081.94,6.14486093,70.9194471133
801140,2010-04-22,2157.73,2148.27,2174.15,2128.73,5.79397456,69.0901519018
801140,2010-04-23,2142.21,2150.79,2173.01,2130.01,5.10095897,58.917294418599994
801140,2010-04-26,2130.97,2142.11,2149.14,2127.28,4.23131753,50.224305332200004
801140,2010-04-27,2056.43,2124.91,2125.53,2018.57,5.12571799,55.2281822618
801140,2010-04-28,2034.38,2033.71,2065.16,2016.37,3.23512046,39.5251182686
801140,2010-04-29,1968.77,2037.26,2051.81,1968.1,3.8905765,43.5847641867
801140,2010-04-30,1925.83,1968.17,1968.96,1889.96,3.46446132,37.4604320033
801140,2010-05-04,1907.63,1886.22,1938.34,1879.62,2.48699212,28.0955901402
801140,2010-05-05,1964.86,1887.46,1964.86,1887.46,3.27713943,36.1360808437
801140,2010-05-06,1892.18,1959.63,1963.22,1891.36,3.20995851,34.889564612600005
801140,2010-05-07,1838.45,1852.48,1890.63,1835.55,3.46564286,35.0703019606
801140,2010-05-10,1823.72,1835.23,1855.62,1774.45,3.01389599,31.0248563986
801140,2010-05-11,1772.71,1856.7,1864.05,1768.45,2.97879541,29.967075216399998
801140,2010-05-12,1741.88,1759.5,1785.72,1712.75,2.87636267,28.3186056348
801140,2010-05-13,1780.28,1745.07,1780.28,1714.45,2.67114244,26.3945040335
801140,2010-05-14,1782.76,1769.35,1798.03,1760.75,2.52749779,25.9546493713
801140,2010-05-17,1656.24,1758.21,1759.65,1656.05,3.21108386,30.119218123000003
801140,2010-05-18,1675.21,1645.81,1681.69,1605.42,3.43608017,30.7180938385
801140,2010-05-19,1665.91,1660.32,1693.8,1642.34,2.4403063,23.294391762100002
801140,2010-05-20,1639.45,1651.08,1687.03,1634.03,2.49378158,22.8633938963
801140,2010-05-21,1663.65,1596.41,1663.72,1589.53,3.09922781,27.3081341135
801140,2010-05-24,1738.18,1678.89,1742.5,1677.69,4.27297427,39.8916930731
801140,2010-05-25,1716.37,1723.7,1736.79,1701.01,3.24818425,30.0543703822
801140,2010-05-26,1729.29,1712.26,1731.43,1703.89,2.52290237,24.632262950900003
801140,2010-05-27,1760.03,1724.72,1763.68,1704.39,3.35525972,31.3255224443
801140,2010-05-28,1766.34,1775.11,1793.07,1756.15,4.32051963,42.1056895058
801140,2010-05-31,1706.99,1758.7,1769.48,1706.99,2.69461783,27.6419182982
801140,2010-06-01,1670.0,1684.17,1698.28,1639.7,2.54515805,23.866715853400002
801140,2010-06-02,1696.75,1661.9,1696.75,1646.59,2.08551179,19.5972650518
801140,2010-06-03,1686.0,1705.17,1722.56,1685.11,2.58097762,25.43165678
801140,2010-06-04,1693.06,1673.93,1693.12,1662.97,1.92542587,18.23387075
801140,2010-06-07,1671.89,1654.22,1675.82,1646.46,2.03484923,19.702918599500002
801140,2010-06-08,1691.22,1670.4,1692.2,1668.5,2.51540935,25.043428492600004
801140,2010-06-09,1745.82,1700.83,1745.84,1700.06,4.29087315,37.2320108257
801140,2010-06-10,1744.78,1736.45,1759.22,1730.89,3.32479481,30.5619964111
801140,2010-06-11,1736.71,1753.51,1756.6,1730.47,2.648098,25.1593768093
801140,2010-06-17,1721.29,1746.57,1752.19,1720.78,2.08949351,19.325281850499998
801140,2010-06-18,1658.24,1716.88,1719.0,1642.88,2.66518493,24.8580508573
801140,2010-06-21,1722.6,1664.57,1722.91,1657.48,3.72497788,30.3313803833
801140,2010-06-22,1733.82,1721.78,1743.81,1716.63,3.60560941,30.2552258515
801140,2010-06-23,1718.59,1724.5,1739.13,1695.39,2.84748538,24.1052114654
801140,2010-06-24,1722.3,1718.21,1729.61,1707.24,2.2125117,19.826871614
801140,2010-06-25,1696.31,1713.07,1714.23,1678.64,2.29320577,20.943564604000002
801140,2010-06-28,1670.95,1692.37,1697.72,1664.64,1.81544037,15.833372815799999
801140,2010-06-29,1584.25,1671.26,1680.27,1584.25,3.03131676,23.953298478
801140,2010-06-30,1542.86,1563.25,1565.01,1523.93,2.23540317,16.8332350032
801140,2010-07-01,1524.28,1541.33,1555.94,1521.01,1.74524312,14.2075288049
801140,2010-07-02,1518.96,1519.64,1525.09,1463.92,2.19655446,17.3756913648
801140,2010-07-05,1511.18,1502.66,1521.13,1487.36,1.61485334,13.3130912754
801140,2010-07-06,1552.96,1512.37,1552.96,1510.54,2.07691364,17.2521428949
801140,2010-07-07,1573.71,1558.17,1573.79,1549.51,2.0344031,15.9889910806
801140,2010-07-08,1568.22,1578.86,1578.95,1554.01,2.0147889,17.416883823699997
801140,2010-07-09,1606.92,1567.87,1611.7,1557.29,2.87000094,24.3535413756
801140,2010-07-12,1631.65,1608.33,1638.29,1602.45,3.19842803,27.173290479299997
801140,2010-07-13,1607.17,1618.74,1619.19,1584.31,2.63649313,22.517695602899998
801140,2010-07-14,1628.51,1610.99,1642.81,1610.7,3.22555285,27.477499907600002
801140,2010-07-15,1593.32,1623.25,1640.31,1592.4,3.18675407,26.2549434212
801140,2010-07-16,1602.47,1583.16,1605.15,1567.84,2.4312921,20.151980750899998
801140,2010-07-19,1634.76,1585.21,1639.69,1580.5,2.89359934,24.698417117800002
801140,2010-07-20,1678.88,1636.49,1678.88,1636.49,4.59900909,39.299424164
801140,2010-07-21,1679.66,1678.88,1696.64,1669.43,4.53673725,37.9016283899
801140,2010-07-22,1700.5,1673.13,1700.5,1668.42,3.53543582,31.237716661300002
801140,2010-07-23,1710.66,1702.22,1710.94,1687.97,4.39065261,37.4311553104
801140,2010-07-26,1727.79,1710.89,1727.79,1699.06,3.98014265,34.6427907316
801140,2010-07-27,1719.42,1723.66,1728.87,1711.46,3.79087479,32.9817222679
801140,2010-07-28,1757.4,1713.17,1757.4,1711.36,5.47250523,46.323036423599994
801140,2010-07-29,1775.69,1758.72,1777.32,1752.01,6.16634386,52.8309954285
801140,2010-07-30,1777.16,1775.08,1784.27,1753.06,5.1275722,46.2692439996
801140,2010-08-02,1807.39,1775.82,1807.39,1774.62,5.26106279,47.029736282100004
801140,2010-08-03,1772.8,1806.44,1813.8,1772.8,5.47276144,48.305071008599995
801140,2010-08-04,1783.47,1765.49,1783.47,1737.02,4.26401694,37.6514490066
801140,2010-08-05,1802.89,1781.51,1817.1,1778.07,5.22030916,46.184049788900005
801140,2010-08-06,1836.97,1801.24,1836.97,1790.46,5.44235939,47.8403093112
801140,2010-08-09,1872.12,1843.89,1873.05,1843.89,6.35449479,58.969621904499995
801140,2010-08-10,1799.04,1867.54,1870.83,1799.04,6.55158922,58.738880575799996
801140,2010-08-11,1821.16,1791.08,1823.86,1790.36,3.62915153,33.8450274853
801140,2010-08-12,1789.31,1799.83,1825.63,1785.17,3.58293566,33.940698456599996
801140,2010-08-13,1823.89,1788.87,1823.89,1781.7,3.53033447,34.0528308136
801140,2010-08-16,1858.85,1822.02,1859.6,1816.7,4.69971302,44.4962726114
801140,2010-08-17,1863.96,1863.09,1868.92,1848.33,4.58315934,43.7869766148
801140,2010-08-18,1859.34,1864.97,1870.76,1840.77,4.28825866,40.6647792152
801140,2010-08-19,1862.57,1858.54,1877.2,1848.81,4.55182671,43.568110241199996
801140,2010-08-20,1815.0,1856.49,1860.08,1812.11,4.42074796,40.8265229843
801140,2010-08-23,1822.44,1817.13,1829.4,1813.53,3.09017857,29.0868400969
801140,2010-08-24,1845.97,1822.87,1851.06,1816.85,3.75016611,34.697058942800005
801140,2010-08-25,1805.46,1835.39,1843.66,1804.15,4.00604351,37.5129974663
801140,2010-08-26,1814.9,1808.51,1821.44,1798.14,3.05419865,28.714473563200002
801140,2010-08-27,1821.94,1815.01,1824.92,1804.77,3.02176988,28.223612957600004
801140,2010-08-30,1861.32,1830.96,1862.72,1830.66,4.42942199,42.4391676332
801140,2010-08-31,1874.63,1856.64,1878.33,1852.35,4.73434311,47.0265295959
801140,2010-09-01,1866.81,1875.37,1885.95,1840.77,5.41497463,55.290393370699995
801140,2010-09-02,1910.67,1880.52,1911.06,1872.18,5.87711046,57.0956411601
801140,2010-09-03,1929.25,1919.25,1933.21,1903.3,5.70195498,60.2083631217
801140,2010-09-06,1930.76,1939.0,1944.25,1920.38,5.55088936,58.511391931300004
801140,2010-09-07,1951.02,1932.2,1951.13,1925.17,5.17805315,51.296390324300006
801140,2010-09-08,1956.55,1942.55,1958.4,1934.44,4.18775607,42.6848972457
801140,2010-09-09,1921.32,1958.25,1958.42,1914.89,5.12638295,50.2246954908
801140,2010-09-10,1937.45,1923.33,1937.45,1893.77,4.58316265,45.1763056522
801140,2010-09-13,1972.76,1935.34,1976.54,1934.77,5.36522229,52.9716126428
801140,2010-09-14,1978.78,1978.15,1986.86,1967.98,5.63942416,55.618212138400004
801140,2010-09-15,1983.08,1982.34,2010.59,1974.47,8.54615457,78.5258137587
801140,2010-09-16,1953.1,1982.5,1995.96,1926.94,7.48341695,68.6461573023
801140,2010-09-17,1945.39,1956.39,1965.11,1933.52,4.79595251,45.0189703482
801140,2010-09-20,1931.89,1947.5,1953.76,1914.1,4.20796297,39.0521446738
801140,2010-09-21,1940.25,1934.84,1944.19,1925.96,3.32323732,32.3764646361
801140,2010-09-27,1977.47,1950.77,1977.6,1950.15,4.00864285,37.765519994499996
801140,2010-09-28,1964.39,1987.24,1987.28,1958.4,4.90673035,50.075687288599994
801140,2010-09-29,1930.19,1960.61,1963.9,1920.32,4.09935611,43.522767038699996
801140,2010-09-30,1956.35,1919.24,1956.46,1916.34,3.1290355,33.5314886927
801140,2010-10-08,2003.36,1971.47,2015.89,1967.4,5.30819664,53.6801345457
801140,2010-10-11,2015.08,2005.39,2033.59,2002.21,7.13200621,72.5105830656
801140,2010-10-12,2030.58,2014.26,2034.39,2003.19,6.90486644,70.8994986038
801140,2010-10-13,2035.87,2029.58,2035.87,2008.61,5.83523069,60.710999053500004
801140,2010-10-14,1985.04,2043.34,2045.56,1983.8,7.31377283,76.2112272688
801140,2010-10-15,2010.95,1976.87,2020.73,1964.08,8.01905385,79.6807640534
801140,2010-10-18,1983.92,2017.9,2019.44,1950.71,8.25054053,83.9072077126
801140,2010-10-19,2038.42,1987.67,2038.42,1983.18,6.29384867,63.2068118734
801140,2010-10-20,2057.32,2000.77,2063.58,1993.26,8.24500684,84.6828962421
801140,2010-10-21,2045.57,2057.62,2057.71,2028.35,5.4788421,57.6487173884
801140,2010-10-22,2052.01,2041.73,2059.48,2033.96,5.22288373,55.4108041262
801140,2010-10-25,2094.81,2060.95,2094.81,2053.87,7.00806539,72.588474866
801140,2010-10-26,2109.1,2103.63,2109.1,2084.55,7.20883754,75.02631460079999
801140,2010-10-27,2083.72,2105.8,2117.85,2076.47,6.1539069,62.5176246366
801140,2010-10-28,2082.42,2076.25,2088.52,2055.99,4.9697285,53.5627636929
801140,2010-10-29,2096.32,2078.18,2099.75,2070.36,4.957193,54.0191869897
801140,2010-11-01,2138.91,2100.79,2138.91,2100.61,7.17767911,78.63783357
801140,2010-11-02,2135.41,2140.75,2157.84,2128.73,8.93671837,94.6081271619
801140,2010-11-03,2102.03,2130.21,2135.47,2102.03,5.90065553,64.8892395286
801140,2010-11-04,2141.64,2106.85,2141.64,2105.54,5.61926183,61.4755616646
801140,2010-11-05,2183.05,2163.82,2183.08,2150.74,8.51888084,91.6503979867
801140,2010-11-08,2232.08,2194.53,2232.08,2188.92,10.61807796,105.9770544543
801140,2010-11-09,2233.8,2233.35,2233.8,2207.7,7.66323698,89.39132495850001
801140,2010-11-10,2250.05,2230.51,2259.87,2222.48,7.70574508,87.2822364023
801140,2010-11-11,2231.91,2240.67,2290.45,2231.91,9.45608848,105.7546496981
801140,2010-11-12,2083.59,2220.63,2238.18,2077.2,8.75936173,94.1386896243
801140,2010-11-15,2140.75,2085.22,2140.75,2066.87,5.41489783,58.0704309741
801140,2010-11-16,2102.44,2142.65,2176.25,2077.24,7.96829773,81.3024001542
801140,2010-11-17,2030.61,2080.18,2106.29,2020.98,5.80800824,58.8374522366
801140,2010-11-18,2045.14,2043.18,2063.29,2013.86,3.72068567,38.4163794356
801140,2010-11-19,2102.93,2061.51,2103.12,2037.38,4.80764964,50.7291407512
801140,2010-11-22,2121.4,2090.7,2132.03,2080.1,5.32566548,59.91961949069999
801140,2010-11-23,2082.67,2115.2,2115.2,2046.08,5.32235222,55.4591231903
801140,2010-11-24,2132.25,2065.68,2132.93,2064.19,5.08413759,55.547170620299994
801140,2010-11-25,2164.58,2142.5,2165.53,2140.73,6.06015067,64.8011235611
801140,2010-11-26,2158.37,2161.82,2166.99,2133.7,5.02162547,54.3218707476
801140,2010-11-29,2159.67,2151.71,2170.75,2141.51,4.61234968,49.5642928947
801140,2010-11-30,2079.88,2152.21,2152.55,2036.51,5.24591129,56.316937487
801140,2010-12-01,2089.24,2075.45,2095.13,2063.01,3.18920772,35.989546728899995
801140,2010-12-02,2107.16,2113.99,2132.59,2106.74,4.44482726,50.335845767100004
801140,2010-12-03,2099.16,2108.91,2114.77,2080.57,3.95750826,45.8292111143
801140,2010-12-06,2075.02,2098.38,2103.54,2061.85,3.03386847,33.4875731101
801140,2010-12-07,2099.58,2074.9,2101.86,2047.69,3.54007071,43.134083872299996
801140,2010-12-08,2080.07,2093.58,2109.41,2075.21,2.99900223,34.2886570669
801140,2010-12-09,2025.73,2072.73,2073.22,2025.08,2.90977047,33.348525153800004
801140,2010-12-10,2047.04,2015.64,2050.39,2012.17,2.39030885,28.3681377463
801140,2010-12-13,2094.93,2053.39,2094.93,2052.53,3.57280855,43.76515924939999
801140,2010-12-14,2108.48,2097.41,2108.48,2089.25,3.4421965,43.1206188991
801140,2010-12-15,2106.77,2108.26,2114.35,2094.27,3.72387178,45.539220532
801140,2010-12-16,2105.24,2103.05,2115.35,2099.46,3.07853841,39.178719781
801140,2010-12-17,2104.05,2103.37,2106.89,2089.14,3.0546444,37.0184781481
801140,2010-12-20,2068.01,2111.41,2115.24,2031.4,3.76727014,48.158066721000004
801140,2010-12-21,2094.1,2067.34,2094.1,2054.3,3.24885076,41.163186686100005
801140,2010-12-22,2084.75,2096.64,2097.87,2074.29,3.16687645,38.8826776027
801140,2010-12-23,2050.99,2081.65,2089.61,2046.37,3.43326799,42.4970202938
801140,2010-12-24,2018.04,2040.6,2045.7,2008.79,2.64299196,32.6398083084
801140,2010-12-27,1967.07,2021.88,2036.72,1959.55,3.01965151,35.9929416997
801140,2010-12-28,1921.66,1948.08,1953.99,1908.57,2.70461237,32.7875843701
801140,2010-12-29,1952.14,1922.05,1952.14,1920.62,2.13357563,27.4030862473
801140,2010-12-30,1959.48,1949.69,1964.44,1937.62,2.17725618,26.747374108699997
801140,2010-12-31,1987.9,1960.67,1987.9,1959.71,2.38379532,28.1045605732
801140,2011-01-04,2014.33,1999.26,2014.66,1986.92,3.00779646,35.8416113609
801140,2011-01-05,2016.99,2009.95,2018.99,2000.21,2.9815121,34.2935682017
801140,2011-01-06,2006.91,2012.64,2022.54,2003.36,2.29138367,27.3359449762
801140,2011-01-07,1996.98,2003.54,2015.89,1987.0,2.51923677,29.995792313800003
801140,2011-01-10,1945.61,1998.73,1999.24,1943.33,2.22294197,25.4661010615
801140,2011-01-11,1950.54,1943.42,1950.83,1926.38,2.26257038,23.2960511602
801140,2011-01-12,1966.95,1957.39,1969.49,1941.37,2.33774991,24.165248109
801140,2011-01-13,1966.75,1977.88,1979.86,1964.36,4.07024007,36.2274983255
801140,2011-01-14,1945.71,1966.07,1966.45,1941.76,3.81533183,36.1053572683
801140,2011-01-17,1875.33,1927.85,1934.91,1870.79,3.47677227,32.5754143818
801140,2011-01-18,1892.91,1866.94,1893.33,1864.11,2.23614648,20.5236980346
801140,2011-01-19,1930.39,1898.77,1930.41,1894.21,2.52140487,24.3557525091
801140,2011-01-20,1870.34,1929.22,1929.66,1869.94,4.1315806,41.138961447199996
801140,2011-01-21,1878.29,1859.21,1884.32,1847.62,3.33107864,33.329468674299996
801140,2011-01-24,1840.48,1878.24,1880.59,1840.2,2.78760956,28.1314657748
801140,2011-01-25,1817.97,1837.09,1837.81,1799.27,2.54952518,24.5712643089
801140,2011-01-26,1840.09,1815.84,1843.35,1815.08,2.11856453,21.1932174013
801140,2011-01-27,1866.49,1830.43,1867.56,1820.08,2.70755954,26.8906859256
801140,2011-01-28,1875.29,1862.84,1878.58,1860.2,2.27619845,22.755847083200003
801140,2011-01-31,1897.87,1871.82,1897.87,1866.28,2.59902546,26.3682505787
801140,2011-02-01,1895.14,1896.7,1902.47,1889.77,2.12476607,22.2580027505
801140,2011-02-09,1889.41,1883.67,1901.28,1876.93,2.54601561,25.123086003
801140,2011-02-10,1933.28,1885.93,1933.28,1880.66,3.07558465,29.7500865129
801140,2011-02-11,1954.7,1933.87,1960.97,1929.41,3.29020042,33.4628712792
801140,2011-02-14,1984.36,1953.93,1987.26,1953.43,3.89129197,40.0376272399
801140,2011-02-15,1989.94,1985.74,2006.71,1985.33,4.64750534,48.0034270357
801140,2011-02-16,2020.16,1983.44,2020.16,1983.44,3.98389049,41.1308222986
801140,2011-02-17,2033.26,2024.87,2037.6,2005.73,5.03710811,51.53407883
801140,2011-02-18,2010.83,2030.54,2030.93,2006.43,3.81534315,41.7474816804
801140,2011-02-21,2055.99,1998.79,2055.99,1996.98,4.66243088,46.124104082799995
801140,2011-02-22,2001.54,2058.85,2059.51,2000.03,5.07749034,52.5705779407
801140,2011-02-23,2048.49,1996.21,2057.11,1996.19,5.42396861,53.5355324182
801140,2011-02-24,2079.06,2047.4,2090.42,2043.25,7.60828153,69.6082039925
801140,2011-02-25,2081.85,2071.7,2082.02,2044.12,4.96825886,49.9318691893
801140,2011-02-28,2112.2,2084.31,2115.31,2084.31,5.23031097,53.06090094020001
801140,2011-03-01,2116.61,2114.07,2127.3,2102.39,5.40780798,56.9256616154
801140,2011-03-02,2118.01,2105.09,2119.53,2078.48,5.26742784,55.338732424300005
801140,2011-03-03,2091.6,2116.35,2134.84,2086.18,5.7929,58.6860189919
801140,2011-03-04,2123.57,2094.33,2125.55,2091.86,5.38071078,54.843143986899996
801140,2011-03-07,2143.55,2128.47,2146.78,2128.47,5.36015266,57.7264048578
801140,2011-03-08,2173.09,2143.35,2173.09,2141.93,6.45646098,69.7975464354
801140,2011-03-09,2170.21,2171.07,2178.62,2161.19,4.80478707,50.3914108891
801140,2011-03-10,2145.14,2164.48,2168.55,2143.22,5.63812008,63.731086475
801140,2011-03-11,2142.19,2136.74,2167.12,2132.28,5.54079649,63.01069894649999
801140,2011-03-14,2164.14,2130.32,2165.7,2130.32,5.07744138,60.984511651800005
801140,2011-03-15,2136.95,2160.7,2160.86,2102.32,5.94316414,64.6971575746
801140,2011-03-16,2161.54,2133.76,2162.18,2132.42,4.89099444,55.5074817019
801140,2011-03-17,2118.5,2141.26,2153.73,2111.85,4.5328873,49.8071336955
801140,2011-03-18,2135.18,2130.32,2142.73,2127.95,3.92655249,43.653068662399996
801140,2011-03-21,2119.05,2132.28,2135.86,2108.47,4.36247468,46.1666547175
801140,2011-03-22,2128.02,2121.86,2131.09,2093.72,4.30491115,46.362546532299994
801140,2011-03-23,2154.47,2125.63,2154.47,2121.89,4.48893773,49.081469552399994
801140,2011-03-24,2156.02,2154.31,2162.72,2148.77,4.19656717,46.6934112968
801140,2011-03-25,2181.01,2155.63,2183.1,2155.63,6.16964339,69.4856135559
801140,2011-03-28,2169.16,2183.25,2184.38,2163.37,5.6109385,62.5126194717
801140,2011-03-29,2111.16,2162.56,2162.56,2110.07,5.70262236,62.842405132799996
801140,2011-03-30,2084.81,2108.65,2113.97,2070.53,4.12955531,43.3028316854
801140,2011-03-31,2071.01,2082.57,2089.93,2060.03,3.71506094,39.1031613711
801140,2011-04-01,2097.12,2072.54,2097.12,2066.26,3.11041989,34.4537554812
801140,2011-04-06,2102.06,2093.21,2103.66,2084.31,3.61296741,37.4353251288
801140,2011-04-07,2117.59,2102.74,2118.45,2096.08,3.90324965,40.633228292
801140,2011-04-08,2153.93,2116.0,2153.93,2114.21,5.08412662,53.3360996051
801140,2011-04-11,2127.99,2153.94,2155.43,2125.86,4.6163704,48.6797061093
801140,2011-04-12,2134.42,2124.6,2142.09,2121.97,4.34061822,44.016949006000004
801140,2011-04-13,2155.46,2129.61,2155.5,2119.82,4.63696671,46.901547755200006
801140,2011-04-14,2150.01,2154.07,2158.64,2143.66,4.48917125,46.02942038850001
801140,2011-04-15,2132.69,2145.42,2146.26,2112.44,4.14811219,41.694127127399994
801140,2011-04-18,2149.15,2130.12,2149.36,2128.49,5.29993088,52.101806242200006
801140,2011-04-19,2126.42,2138.27,2138.66,2118.57,5.32340534,54.7023694096
801140,2011-04-20,2145.13,2127.24,2147.28,2125.55,4.90563066,47.8583145815
801140,2011-04-21,2182.37,2155.67,2182.37,2154.96,5.99159872,64.3884884974
801140,2011-04-22,2198.19,2187.05,2226.78,2183.87,9.1379963,90.666531297
801140,2011-04-25,2175.87,2202.36,2206.47,2175.87,7.82747636,77.2674357372
801140,2011-04-26,2117.41,2159.34,2159.43,2108.5,5.13371047,50.6914087929
801140,2011-04-27,2116.99,2121.11,2154.99,2100.7,5.84209851,55.4439957484
801140,2011-04-28,2035.43,2115.63,2117.37,2032.93,5.0849248,49.449807137
801140,2011-04-29,2067.99,2032.86,2068.21,2025.19,3.78596035,39.090972137399994
801140,2011-05-03,2097.06,2066.63,2097.06,2054.9,4.67150027,45.8717402021
801140,2011-05-04,2051.85,2084.58,2085.11,2039.57,4.64173107,47.0635103038
801140,2011-05-05,2057.48,2042.02,2067.0,2038.61,3.75867242,38.193404382
801140,2011-05-06,2051.37,2039.25,2060.51,2021.68,3.72188198,38.351802414699996
801140,2011-05-09,2068.51,2052.22,2069.05,2051.99,3.47227268,35.128097451500004
801140,2011-05-10,2083.66,2070.25,2083.66,2061.53,3.74733514,39.590299379899996
801140,2011-05-11,2109.29,2086.21,2121.04,2080.7,6.40325429,62.748100969300005
801140,2011-05-12,2080.32,2095.69,2114.05,2080.06,6.31303131,56.680898453400005
801140,2011-05-13,2094.79,2074.54,2095.25,2057.43,4.88410296,48.536451229700006
801140,2011-05-16,2081.81,2090.73,2096.66,2078.57,3.71063148,35.4941625504
801140,2011-05-17,2064.75,2073.52,2080.63,2045.19,5.47722741,48.7480390709
801140,2011-05-18,2076.65,2053.72,2079.79,2050.2,5.38092384,45.826181461400004
801140,2011-05-19,2068.98,2079.01,2086.38,2065.8,4.88591584,43.4242232874
801140,2011-05-20,2065.89,2069.19,2072.78,2056.98,4.31368553,40.5494701508
801140,2011-05-23,1986.88,2059.57,2060.64,1985.64,5.19448502,47.3289062023
801140,2011-05-24,1985.16,1978.63,1987.02,1949.27,3.97568186,36.621536657600004
801140,2011-05-25,1963.33,1987.2,1992.36,1960.4,4.0240144,34.6804882482
801140,2011-05-26,1933.37,1972.53,1979.95,1932.06,4.50106546,39.7185727223
801140,2011-05-27,1865.64,1925.65,1927.5,1862.36,4.01265589,34.0873694395
801140,2011-05-30,1831.86,1854.09,1863.17,1830.11,2.80943973,23.533923954000002
801140,2011-05-31,1880.42,1833.3,1880.76,1833.3,3.013809,25.7038567549
801140,2011-06-01,1899.48,1878.79,1899.96,1871.2,3.17248173,27.3284164682
801140,2011-06-02,1866.91,1873.0,1881.22,1841.73,3.02021169,25.870196020300003
801140,2011-06-03,1893.29,1861.97,1896.91,1861.47,2.70817905,23.416379249299997
801140,2011-06-07,1912.02,1884.73,1912.06,1884.73,3.18594153,26.7626229143
801140,2011-06-08,1927.85,1909.7,1929.02,1888.35,4.38432039,37.296439081500004
801140,2011-06-09,1881.69,1917.73,1925.03,1881.69,3.76640863,33.2405802811
801140,2011-06-10,1883.63,1874.27,1886.35,1849.13,2.74872407,24.9372356115
801140,2011-06-13,1880.63,1866.76,1882.83,1853.29,2.07260886,19.1467306584
801140,2011-06-14,1907.74,1879.22,1909.09,1876.7,3.0535074,27.736008569899997
801140,2011-06-15,1898.94,1903.48,1913.72,1895.55,3.43303762,29.0639690394
801140,2011-06-16,1857.43,1881.44,1882.97,1852.06,3.05717363,26.0776971929
801140,2011-06-17,1837.94,1854.97,1866.54,1834.1,2.43636631,22.2210854335
801140,2011-06-20,1814.79,1832.92,1834.34,1800.0,2.6375083,23.2920785789
801140,2011-06-21,1829.71,1816.84,1829.71,1802.71,2.43375053,23.248273029299998
801140,2011-06-22,1826.01,1831.68,1836.58,1814.32,2.44829283,23.1532717169
801140,2011-06-23,1861.58,1821.2,1864.46,1809.16,3.00229509,29.412296268800002
801140,2011-06-24,1901.67,1852.84,1907.98,1850.75,4.48019709,43.0858021231
801140,2011-06-27,1915.05,1902.72,1922.73,1902.34,3.72933083,36.8053862683
801140,2011-06-28,1920.51,1918.28,1924.81,1904.57,3.33345227,31.749977255700003
801140,2011-06-29,1898.46,1918.67,1920.94,1898.16,3.61623831,33.9508124078
801140,2011-06-30,1925.12,1896.37,1927.28,1896.33,3.64813529,35.284533478200004
801140,2011-07-01,1937.9,1925.41,1946.63,1923.3,4.45663818,42.6036921767
801140,2011-07-04,1977.61,1941.36,1981.13,1941.36,5.28322107,52.1883616107
801140,2011-07-05,1988.95,1978.42,1989.87,1971.55,4.45111347,45.36890687020001
801140,2011-07-06,2002.04,1982.95,2002.04,1970.02,4.62276095,45.5806278432
801140,2011-07-07,2001.05,1999.49,2020.16,1993.6,4.62478921,50.7946097935
801140,2011-07-08,2003.39,1999.58,2011.25,1988.47,3.57080069,40.5016835846
801140,2011-07-11,2018.17,1998.11,2018.97,1989.72,3.38065254,36.9834153676
801140,2011-07-12,1981.95,2002.45,2006.71,1980.93,4.27214436,44.657934105
801140,2011-07-13,2024.49,1981.32,2025.25,1981.3,3.87892851,43.658449409
801140,2011-07-14,2042.48,2026.19,2042.48,2018.56,4.67678276,52.5118906249
801140,2011-07-15,2073.98,2040.14,2073.98,2037.08,6.03564104,62.4267698444
801140,2011-07-18,2080.69,2076.42,2081.65,2066.01,4.8855903,54.790229044499995
801140,2011-07-19,2058.6,2064.82,2069.06,2046.4,4.58019729,51.07728815350001
801140,2011-07-20,2061.63,2062.25,2068.24,2037.68,4.15783844,46.473344885299994
801140,2011-07-21,2047.79,2060.93,2064.4,2046.59,4.7428231,53.227436956400005
801140,2011-07-22,2052.25,2048.69,2062.76,2042.38,3.87768126,43.6029893821
801140,2011-07-25,1973.12,2046.46,2046.61,1967.62,4.98567698,55.1783682043
801140,2011-07-26,1989.11,1966.83,1989.11,1956.63,3.26476587,36.676435687399994
801140,2011-07-27,2016.02,1981.29,2017.26,1971.23,3.98318837,43.332407674799995
801140,2011-07-28,1999.96,1995.7,2002.36,1981.42,3.44618253,36.7662986159
801140,2011-07-29,1990.38,1998.59,2008.97,1983.27,3.43319443,37.153492431
801140,2011-08-01,1998.07,1985.74,2000.12,1975.07,2.993583,33.4540911785
801140,2011-08-02,1987.91,1992.33,1992.67,1948.36,3.5986552,37.3361895697
801140,2011-08-03,1991.62,1965.51,1999.64,1961.14,3.07978652,33.5387582981
801140,2011-08-04,1999.34,1995.58,2010.12,1992.81,2.95749479,32.052146187800005
801140,2011-08-05,1955.59,1934.47,1973.28,1924.7,3.49573225,37.4333280392
801140,2011-08-08,1856.08,1932.51,1940.75,1825.79,4.34544635,44.4086877326
801140,2011-08-09,1845.87,1798.83,1860.29,1762.26,4.10324557,41.4504727823
801140,2011-08-10,1863.69,1873.92,1893.42,1862.1,3.63090178,36.603814113
801140,2011-08-11,1910.52,1823.07,1910.52,1820.13,4.75906807,44.1653178729
801140,2011-08-12,1941.53,1920.3,1946.81,1919.23,4.83770945,48.4718696758
801140,2011-08-15,1964.66,1946.39,1964.74,1940.05,3.98722062,41.3167385797
801140,2011-08-16,1950.43,1965.65,1972.44,1944.51,4.09517728,41.0245287909
801140,2011-08-17,1948.49,1948.51,1969.38,1946.52,4.33415422,40.3588974163
801140,2011-08-18,1908.17,1947.14,1948.13,1907.6,5.08337122,53.362509419
801140,2011-08-19,1894.3,1867.48,1894.3,1861.66,3.95098786,41.7990366193
801140,2011-08-22,1890.61,1891.56,1915.55,1885.13,2.63913209,28.4382945555
801140,2011-08-23,1926.61,1902.13,1926.62,1894.08,2.4339618,25.0992873917
801140,2011-08-24,1916.34,1934.9,1942.78,1914.37,2.7669835,30.794710918200003
801140,2011-08-25,1953.55,1914.59,1953.55,1911.55,3.45588716,34.659670846
801140,2011-08-26,1961.3,1944.51,1964.69,1941.25,2.985763,29.4696435586
801140,2011-08-29,1948.73,1953.82,1957.56,1943.01,3.96776734,43.9254445146
801140,2011-08-30,1944.96,1956.51,1973.69,1942.72,4.35881993,46.0477647942
801140,2011-08-31,1934.26,1944.13,1953.09,1912.29,3.40838263,34.3846448068
801140,2011-09-01,1914.73,1935.35,1945.04,1910.53,2.84942781,29.728869575700003
801140,2011-09-02,1890.56,1909.33,1914.65,1879.2,2.78742608,28.4025674048
801140,2011-09-05,1850.45,1872.87,1874.2,1845.69,2.6099078,27.147589346700002
801140,2011-09-06,1833.37,1832.84,1848.75,1821.66,2.2076154,22.922292897800002
801140,2011-09-07,1871.38,1839.09,1871.54,1834.85,2.28304098,23.3862827696
801140,2011-09-08,1851.32,1878.17,1882.45,1850.98,2.2958638,23.031190483099998
801140,2011-09-09,1841.57,1854.11,1866.01,1833.88,2.07364857,21.5774038763
801140,2011-09-13,1810.43,1814.72,1815.81,1798.97,2.17825517,20.5387758159
801140,2011-09-14,1830.04,1814.17,1830.04,1787.95,2.31823481,22.6939263723
801140,2011-09-15,1835.49,1829.51,1845.12,1826.55,2.57577677,24.2845805377
801140,2011-09-16,1837.0,1840.2,1845.0,1835.23,2.37478476,24.737305760100003
801140,2011-09-19,1801.44,1828.98,1830.69,1800.54,2.41391134,23.8439372375
801140,2011-09-20,1809.25,1794.81,1818.3,1789.55,1.87651175,18.0580808903
801140,2011-09-21,1859.96,1809.49,1860.12,1805.22,3.05881462,29.250541799
801140,2011-09-22,1809.32,1845.4,1857.28,1808.54,3.24311385,31.590201346199997
801140,2011-09-23,1788.14,1777.46,1795.96,1766.31,3.00418314,27.708176819000002
801140,2011-09-26,1758.27,1779.7,1796.25,1751.73,2.24219419,22.125684866700002
801140,2011-09-27,1758.5,1768.19,1773.62,1743.14,2.14354518,20.025106458099998
801140,2011-09-28,1733.49,1766.14,1770.46,1728.51,2.08583543,18.614367536
801140,2011-09-29,1682.05,1719.62,1723.73,1677.65,2.25368574,19.2814165009
801140,2011-09-30,1680.47,1682.85,1691.25,1659.1,1.62699297,13.3037483303
801140,2011-10-10,1677.23,1685.84,1692.78,1672.03,1.34578812,11.353588489200002
801140,2011-10-11,1673.66,1713.34,1720.83,1657.99,2.02520121,19.0279772992
801140,2011-10-12,1732.6,1665.91,1733.04,1655.76,3.01807321,26.292338381700002
801140,2011-10-13,1748.17,1727.29,1752.68,1720.97,3.09750781,28.0940961474
801140,2011-10-14,1737.44,1743.29,1745.78,1721.39,2.40198697,22.2212539425
801140,2011-10-17,1740.4,1739.88,1752.59,1731.19,2.40216236,23.4026035444
801140,2011-10-18,1684.79,1729.43,1731.14,1683.87,2.57406481,24.0978653693
801140,2011-10-19,1679.88,1687.28,1694.76,1671.93,1.93245481,18.9822441064
801140,2011-10-20,1631.52,1673.09,1674.31,1618.34,2.24746753,19.761828305799998
801140,2011-10-21,1615.89,1628.65,1635.48,1607.98,1.92372483,17.397953388199998
801140,2011-10-24,1640.71,1619.59,1640.71,1589.68,2.47561946,21.3390626049
801140,2011-10-25,1680.94,1638.72,1682.06,1633.18,3.22162288,29.0376094315
801140,2011-10-26,1693.59,1672.29,1708.13,1669.34,3.90836836,34.0348335652
801140,2011-10-27,1691.68,1694.91,1706.78,1685.78,3.06036515,26.4634636831
801140,2011-10-28,1722.1,1708.54,1722.71,1700.47,4.15283812,36.9211045917
801140,2011-10-31,1730.78,1720.34,1733.68,1714.79,3.06604019,27.749409681
801140,2011-11-01,1728.76,1717.28,1737.11,1713.0,3.02996291,28.620828916700003
801140,2011-11-02,1751.44,1702.11,1751.46,1694.42,3.75821313,34.9906725818
801140,2011-11-03,1764.61,1754.76,1779.98,1754.51,5.04653181,45.4357967229
801140,2011-11-04,1775.12,1770.21,1778.94,1760.78,3.87104587,34.378671101
801140,2011-11-07,1779.48,1772.03,1791.82,1765.15,4.16237616,36.7948832417
801140,2011-11-08,1763.5,1780.34,1786.22,1759.03,3.91556271,36.2241542091
801140,2011-11-09,1784.12,1764.85,1784.12,1745.55,3.56322089,33.8180428542
801140,2011-11-10,1752.0,1763.11,1772.11,1751.4,3.57459354,31.6658561588
801140,2011-11-11,1752.31,1751.35,1766.12,1746.32,3.61682293,31.439447894
801140,2011-11-14,1793.74,1766.69,1793.74,1765.45,3.65929997,33.1669223072
801140,2011-11-15,1808.77,1792.85,1808.77,1790.63,3.56664873,34.8410674625
801140,2011-11-16,1770.66,1809.42,1809.48,1763.47,4.49546123,39.7018028246
801140,2011-11-17,1769.1,1766.78,1786.92,1763.61,3.50300768,31.7757254871
801140,2011-11-18,1724.41,1758.04,1759.24,1721.37,3.59987401,34.2106555613
801140,2011-11-21,1729.92,1724.76,1729.92,1707.85,2.23200058,21.6465370243
801140,2011-11-22,1730.68,1713.4,1730.68,1705.24,2.10540777,21.3047362678
801140,2011-11-23,1725.21,1732.2,1742.35,1721.59,2.49769667,24.8637705435
801140,2011-11-24,1718.37,1709.96,1727.52,1696.79,2.25858803,22.5969893275
801140,2011-11-25,1716.8,1718.51,1741.96,1711.15,3.24502342,30.781061291300002
801140,2011-11-28,1709.1,1716.7,1722.54,1698.17,2.38863959,22.7772527613
801140,2011-11-29,1731.46,1724.21,1731.7,1711.82,2.7006216,27.5743914752
801140,2011-11-30,1668.12,1728.34,1728.86,1649.4,3.90290014,37.0443071169
801140,2011-12-01,1697.12,1709.24,1723.03,1694.61,4.08253346,39.768969771900004
801140,2011-12-02,1663.21,1690.17,1692.25,1659.65,2.72277943,26.373974164699998
801140,2011-12-05,1612.67,1659.77,1660.89,1608.56,2.35430381,21.2616726023
801140,2011-12-06,1609.59,1607.22,1613.74,1583.91,2.09739854,19.023370514
801140,2011-12-07,1610.28,1607.94,1622.87,1601.27,1.91910727,16.9070455277
801140,2011-12-08,1607.15,1608.2,1620.04,1578.76,1.98980036,18.1731302949
801140,2011-12-09,1585.32,1592.09,1602.83,1580.33,1.57762574,14.883328465
801140,2011-12-12,1567.02,1586.45,1587.67,1563.81,1.48356722,13.669258666500001
801140,2011-12-13,1513.14,1555.06,1558.95,1510.29,2.16908836,18.3289594452
801140,2011-12-14,1477.07,1504.72,1514.23,1474.24,1.82797098,14.6353840753
801140,2011-12-15,1434.39,1466.19,1469.88,1431.01,2.24542917,18.4334491265
801140,2011-12-16,1471.21,1432.31,1471.21,1426.1,2.13955653,17.7754203975
801140,2011-12-19,1465.48,1462.7,1466.98,1428.71,2.17803975,18.220216463
801140,2011-12-20,1472.42,1461.8,1485.76,1461.09,2.36432606,19.031707766300002
801140,2011-12-21,1439.89,1484.56,1488.62,1439.02,2.00990889,16.6579129542
801140,2011-12-22,1413.85,1426.0,1428.43,1368.46,2.60294428,19.876450992
801140,2011-12-23,1424.34,1413.36,1436.59,1402.96,2.20384895,16.9521456593
801140,2011-12-26,1413.63,1420.36,1431.13,1411.71,1.36904976,10.6721561664
801140,2011-12-27,1371.51,1408.49,1409.78,1370.26,1.58265268,12.648329359000002
801140,2011-12-28,1357.34,1359.46,1362.94,1325.97,1.85665261,15.2296815175
801140,2011-12-29,1355.92,1347.48,1361.96,1342.9,1.58369326,12.078300461300001
801140,2011-12-30,1374.57,1358.44,1375.95,1356.95,1.73397922,13.9098820281
801140,2012-01-04,1349.43,1388.94,1391.29,1348.61,1.77366183,13.832278430499999
801140,2012-01-05,1296.45,1339.49,1341.47,1293.93,2.05266111,15.201071743699998
801140,2012-01-06,1296.44,1288.65,1297.46,1264.61,2.03858404,14.176640140999998
801140,2012-01-09,1348.14,1294.75,1348.14,1282.77,3.16785753,22.2272142994
801140,2012-01-10,1398.16,1344.9,1398.29,1341.27,4.39969586,31.2256336463
801140,2012-01-11,1397.6,1396.82,1406.66,1384.81,3.5440463,26.3388978823
801140,2012-01-12,1391.48,1390.6,1408.25,1384.46,2.92822946,23.4004882967
801140,2012-01-13,1340.11,1389.45,1391.06,1332.22,3.47926851,25.482826186599997
801140,2012-01-16,1296.84,1325.82,1330.48,1296.63,2.01238046,14.754744710499999
801140,2012-01-17,1364.81,1295.53,1364.81,1286.1,3.01064094,22.2710069322
801140,2012-01-18,1332.21,1366.52,1375.42,1326.83,2.81135701,20.2453461058
801140,2012-01-19,1348.51,1328.83,1356.06,1322.55,2.32129353,17.3336768916
801140,2012-01-20,1364.71,1351.91,1366.86,1346.25,2.07263174,15.400050591300001
801140,2012-01-30,1363.67,1371.82,1380.6,1362.45,2.13259452,17.6836119211
801140,2012-01-31,1358.43,1358.31,1361.38,1344.53,1.69249485,11.6590113906
801140,2012-02-01,1349.67,1356.29,1370.39,1345.12,1.86122066,14.7037962952
801140,2012-02-02,1372.8,1353.4,1372.8,1349.87,2.15737951,15.954242235599999
801140,2012-02-03,1397.86,1371.85,1399.43,1368.98,3.35354503,23.807004648000003
801140,2012-02-06,1413.82,1399.28,1416.81,1396.55,3.99707635,28.3092474263
801140,2012-02-07,1387.87,1405.61,1407.35,1379.25,3.02102475,22.799785236199998
801140,2012-02-08,1423.63,1385.47,1423.63,1380.98,3.70392528,27.177591265300002
801140,2012-02-09,1437.33,1422.17,1448.35,1420.26,4.54665191,33.4394246306
801140,2012-02-10,1454.35,1434.19,1457.36,1433.4,4.29568254,31.0945068437
801140,2012-02-13,1470.12,1442.83,1475.85,1435.82,4.04116977,31.458510220700003
801140,2012-02-14,1483.23,1468.4,1484.37,1461.33,4.66570668,32.8231821428
801140,2012-02-15,1503.25,1479.9,1504.19,1474.4,4.70780197,35.620316339
801140,2012-02-16,1507.99,1501.18,1519.63,1493.4,5.21593537,38.428497515100005
801140,2012-02-17,1506.92,1510.17,1515.19,1489.72,4.39002936,32.234793385
801140,2012-02-20,1506.13,1522.15,1523.51,1503.2,4.15033168,32.8609753127
801140,2012-02-21,1517.56,1502.17,1517.56,1485.43,4.09842443,33.655362559400004
801140,2012-02-22,1545.6,1516.84,1545.6,1515.09,5.30199238,44.5914170771
801140,2012-02-23,1559.83,1544.42,1560.11,1533.04,6.06969218,53.2497510385
801140,2012-02-24,1572.49,1559.36,1572.49,1551.51,5.49360814,42.804006504899995
801140,2012-02-27,1573.23,1574.17,1593.18,1572.07,6.18148326,47.9612914896
801140,2012-02-28,1557.76,1566.17,1570.51,1539.33,5.15584241,40.1134436192
801140,2012-02-29,1548.12,1554.42,1560.71,1542.98,4.52433126,35.4595475844
801140,2012-03-01,1554.19,1537.72,1563.33,1535.53,4.81097358,36.5451864199
801140,2012-03-02,1577.32,1554.86,1577.33,1554.37,5.12012883,39.1646613187
801140,2012-03-05,1591.68,1585.1,1604.4,1585.1,6.47114015,51.9152077328
801140,2012-03-06,1588.92,1591.39,1595.42,1571.87,7.05901464,54.3033160795
801140,2012-03-07,1580.21,1570.99,1596.87,1566.57,5.61518345,42.252459946
801140,2012-03-08,1598.01,1583.78,1601.22,1583.35,4.87110441,37.279291809
801140,2012-03-09,1615.14,1601.42,1615.14,1594.31,4.78912421,39.1678772088
801140,2012-03-12,1615.84,1614.47,1618.59,1602.72,4.50658653,40.749062063000004
801140,2012-03-13,1626.21,1613.15,1626.21,1606.49,5.21455871,45.7539751484
801140,2012-03-14,1552.94,1631.0,1643.57,1542.13,8.41148119,73.4275942476
801140,2012-03-15,1534.64,1550.07,1560.28,1511.03,5.95512168,53.1150139462
801140,2012-03-16,1576.83,1536.57,1576.97,1536.07,5.59167048,48.9814304455
801140,2012-03-19,1598.42,1580.03,1598.55,1568.83,5.59885763,50.032390362799994
801140,2012-03-20,1556.95,1592.86,1593.65,1556.46,4.53700012,40.4025915739
801140,2012-03-21,1565.44,1561.73,1572.01,1535.72,4.16538518,38.1591646619
801140,2012-03-22,1568.59,1564.47,1576.79,1554.69,4.230395,37.3405364606
801140,2012-03-23,1540.54,1562.41,1563.44,1530.8,3.90603045,34.95602918
801140,2012-03-26,1532.66,1537.28,1541.37,1520.41,3.78328181,32.8839291993
801140,2012-03-27,1525.58,1537.84,1542.7,1522.87,3.18265708,28.6970623702
801140,2012-03-28,1457.72,1518.24,1518.76,1455.22,4.04520077,34.0137533402
801140,2012-03-29,1433.54,1448.46,1452.53,1418.24,4.0593983,31.290213776999998
801140,2012-03-30,1421.54,1432.72,1440.98,1408.09,3.47758725,25.9298579592
801140,2012-04-05,1468.91,1421.63,1468.91,1419.63,3.50065774,27.4816771883
801140,2012-04-06,1479.85,1465.88,1484.54,1463.41,3.62059781,28.811198873200002
801140,2012-04-09,1467.86,1476.66,1483.73,1464.49,3.16730474,25.2973915999
801140,2012-04-10,1484.56,1461.05,1484.56,1430.65,3.7943806,29.7450752287
801140,2012-04-11,1490.64,1465.94,1490.64,1460.73,3.85521709,30.6943935077
801140,2012-04-12,1518.34,1488.56,1518.35,1486.75,4.8235754,39.6119679688
801140,2012-04-13,1531.8,1521.14,1538.03,1517.74,5.43757743,40.922567461999996
801140,2012-04-16,1523.73,1518.18,1533.65,1513.61,4.22439289,33.4150791242
801140,2012-04-17,1503.92,1522.27,1530.16,1503.01,3.73968339,28.8411570421
801140,2012-04-18,1530.76,1505.42,1531.92,1500.08,4.45736066,35.5007150783
801140,2012-04-19,1523.21,1528.92,1531.85,1512.71,3.43265851,28.434107265500003
801140,2012-04-20,1531.64,1518.32,1534.92,1513.97,3.84913123,30.842015768299998
801140,2012-04-23,1501.58,1528.4,1528.75,1495.15,5.11600446,38.5081733535
801140,2012-04-24,1490.55,1489.44,1504.87,1449.02,4.72222503,36.0541018276
801140,2012-04-25,1509.34,1484.46,1514.42,1480.65,5.10193668,37.63471104
801140,2012-04-26,1508.71,1511.96,1521.71,1504.25,6.60845958,45.7168368159
801140,2012-04-27,1495.4,1505.58,1508.41,1492.19,4.80484569,32.7571838582
801140,2012-05-02,1502.46,1507.16,1510.05,1487.39,4.86411961,35.099634704
801140,2012-05-03,1505.21,1497.52,1505.21,1490.02,3.96161852,30.072379411799997
801140,2012-05-04,1517.17,1502.67,1517.17,1499.2,4.76149337,33.9903685424
801140,2012-05-07,1526.49,1511.66,1526.49,1507.29,4.73635947,36.3318017473
801140,2012-05-08,1531.69,1525.63,1534.22,1517.54,5.02747562,40.014060884
801140,2012-05-09,1506.1,1520.52,1521.09,1504.35,4.68432801,34.7410565335
801140,2012-05-10,1509.3,1500.6,1513.78,1500.6,3.39488377,26.1722541131
801140,2012-05-11,1500.88,1510.57,1520.96,1500.88,3.79118804,29.0727693667
801140,2012-05-14,1500.17,1513.94,1519.23,1498.91,5.35274244,35.404281416399996
801140,2012-05-15,1506.31,1489.62,1506.31,1485.29,4.55392816,32.9919992762
801140,2012-05-16,1494.61,1507.46,1512.87,1493.97,5.99257327,41.828553104
801140,2012-05-17,1513.98,1492.23,1516.42,1491.94,4.47887702,35.3849962835
801140,2012-05-18,1486.2,1504.34,1508.49,1480.94,4.65061704,35.6271760972
801140,2012-05-21,1475.16,1483.09,1488.28,1460.98,3.4091788,26.720198605500002
801140,2012-05-22,1494.27,1479.39,1494.27,1477.34,3.11096932,26.201681494499997
801140,2012-05-23,1486.23,1490.03,1495.72,1473.82,3.66844831,27.8643224317
801140,2012-05-24,1470.52,1481.06,1487.67,1468.8,3.54772073,26.671667401599997
801140,2012-05-25,1463.78,1469.97,1479.26,1457.36,4.65661272,31.0683104428
801140,2012-05-28,1475.62,1457.39,1475.62,1440.34,4.05321379,28.929863189099997
801140,2012-05-29,1496.17,1471.15,1496.17,1468.8,4.58476258,34.5703633735
801140,2012-05-30,1505.64,1493.78,1510.39,1489.46,5.71135979,36.3783916959
801140,2012-05-31,1501.81,1495.48,1509.49,1493.23,4.32279021,30.692188188699998
801140,2012-06-01,1501.05,1499.53,1509.13,1491.88,3.499254,26.027885097600002
801140,2012-06-04,1457.73,1480.88,1485.44,1457.38,4.81768178,31.498216841199998
801140,2012-06-05,1446.42,1454.85,1460.93,1441.55,3.80968074,24.1303326423
801140,2012-06-06,1443.41,1450.06,1455.1,1435.41,2.80819792,22.010308415500003
801140,2012-06-07,1433.17,1454.55,1457.61,1430.57,3.56333999,26.5464490547
801140,2012-06-08,1419.32,1442.55,1442.55,1414.33,3.31828084,23.3157240202
801140,2012-06-11,1437.81,1419.93,1437.81,1414.93,2.7498257,20.5326841894
801140,2012-06-12,1436.84,1433.37,1441.36,1430.48,3.07654081,20.6830962217
801140,2012-06-13,1454.69,1438.98,1454.69,1431.07,3.68622555,26.390982777399998
801140,2012-06-14,1446.27,1448.57,1456.64,1443.27,3.53629183,25.8433943628
801140,2012-06-15,1443.63,1447.29,1453.09,1429.37,2.51776463,18.472403730899998
801140,2012-06-18,1456.72,1449.33,1459.77,1446.36,2.88459584,21.742057979699997
801140,2012-06-19,1443.2,1450.69,1451.64,1441.22,3.49988346,23.5941549585
801140,2012-06-20,1437.82,1444.45,1447.31,1435.59,2.739614,19.4130352852
801140,2012-06-21,1417.17,1434.81,1435.03,1411.01,2.91967749,20.5747354674
801140,2012-06-25,1379.62,1410.59,1411.05,1378.97,2.32254278,15.7504353925
801140,2012-06-26,1381.22,1371.67,1384.52,1360.34,3.24504836,21.3192206603
801140,2012-06-27,1376.07,1379.96,1391.21,1374.2,2.74737856,17.4947561296
801140,2012-06-28,1353.1,1378.84,1382.38,1353.1,3.37855568,21.2278249562
801140,2012-06-29,1369.17,1345.12,1369.17,1338.96,2.99553647,20.9462830182
801140,2012-07-02,1375.97,1374.71,1380.55,1367.48,2.52968394,17.4281770712
801140,2012-07-03,1379.0,1376.31,1388.25,1371.43,2.67400129,19.8240719382
801140,2012-07-04,1370.71,1380.18,1381.79,1365.64,2.50225756,18.7954526859
801140,2012-07-05,1340.79,1365.73,1369.59,1335.38,2.85463395,19.0422993904
801140,2012-07-06,1358.27,1346.74,1360.36,1326.57,3.09010581,21.032781815899998
801140,2012-07-09,1323.72,1350.12,1355.2,1322.63,3.05381288,21.2739814824
801140,2012-07-10,1317.9,1319.95,1325.12,1312.4,2.22351073,15.1483218249
801140,2012-07-11,1323.75,1316.76,1324.55,1312.67,2.04635731,14.0356595516
801140,2012-07-12,1337.69,1320.67,1341.05,1309.04,2.93130507,21.074783631400003
801140,2012-07-13,1329.08,1331.93,1340.77,1324.85,2.39925012,18.900766576400002
801140,2012-07-16,1278.32,1327.77,1328.64,1278.32,3.00751843,20.6261083028
801140,2012-07-17,1294.06,1275.4,1294.36,1272.96,2.78680149,17.2997355449
801140,2012-07-18,1306.29,1292.44,1306.29,1279.22,2.7829795,20.280462273
801140,2012-07-19,1325.93,1300.48,1332.75,1298.17,4.15405624,26.3683187404
801140,2012-07-20,1320.55,1323.63,1329.93,1317.94,3.40984192,22.5593116529
801140,2012-07-23,1302.19,1309.06,1310.51,1293.59,2.86955771,17.8500682584
801140,2012-07-24,1310.82,1293.12,1316.82,1292.53,2.48530074,17.9115257408
801140,2012-07-25,1302.95,1305.52,1313.49,1300.04,2.55024516,17.1917895073
801140,2012-07-26,1292.23,1300.34,1312.52,1291.96,2.83686565,19.649647764
801140,2012-07-27,1286.25,1296.47,1298.81,1281.22,1.99046214,14.4723085759
801140,2012-07-30,1261.67,1282.05,1285.46,1256.14,2.5789635,15.2678422195
801140,2012-07-31,1239.86,1258.09,1260.12,1234.57,2.53786783,15.826892709000001
801140,2012-08-01,1258.41,1235.54,1262.15,1235.08,2.65114078,16.4324151228
801140,2012-08-02,1248.83,1256.64,1264.44,1243.41,2.72489616,14.5235996556
801140,2012-08-03,1269.88,1250.78,1269.88,1248.39,2.85221264,16.7612337863
801140,2012-08-06,1295.5,1263.58,1296.49,1262.98,3.34948848,20.9926171373
801140,2012-08-07,1313.71,1294.91,1314.29,1293.92,5.25139382,27.580548988
801140,2012-08-08,1315.18,1311.44,1316.58,1300.78,4.3516825,26.224951399699997
801140,2012-08-09,1327.1,1311.13,1328.28,1304.07,4.11670878,25.6428355382
801140,2012-08-10,1328.57,1325.41,1332.48,1319.92,4.04414615,24.762357134499997
801140,2012-08-13,1300.8,1325.65,1326.01,1299.97,3.31368891,22.119879087399998
801140,2012-08-14,1311.14,1299.16,1311.14,1282.09,3.32374237,22.7731170329
801140,2012-08-15,1303.15,1306.64,1310.99,1298.57,2.86905994,18.9389131665
801140,2012-08-16,1295.59,1297.29,1308.31,1293.65,3.15430309,18.6719573716
801140,2012-08-17,1296.94,1293.85,1300.2,1284.63,2.59162701,16.6464517097
801140,2012-08-20,1298.94,1289.38,1301.47,1279.69,2.2246381,14.9599236445
801140,2012-08-21,1312.94,1298.13,1316.72,1295.75,2.78177118,19.53055563
801140,2012-08-22,1307.41,1311.87,1315.25,1301.89,3.08845927,22.025044200500002
801140,2012-08-23,1323.94,1306.44,1323.94,1304.02,3.4731441,25.2225303728
801140,2012-08-24,1296.78,1320.27,1320.92,1295.67,2.94027898,21.2909928118
801140,2012-08-27,1276.13,1289.21,1290.33,1275.63,2.93022306,20.8139852981
801140,2012-08-28,1281.65,1272.9,1289.56,1269.31,2.73033303,19.3336421706
801140,2012-08-29,1271.84,1279.88,1287.76,1271.7,2.53489833,16.236086084700002
801140,2012-08-30,1255.65,1269.66,1275.9,1239.09,3.37888487,22.155857038
801140,2012-08-31,1261.0,1252.46,1264.99,1249.25,2.70625788,17.3953796603
801140,2012-09-03,1282.57,1260.12,1285.6,1259.38,3.39701029,23.1790467392
801140,2012-09-04,1273.7,1281.32,1286.03,1271.69,3.19877268,22.7479524627
801140,2012-09-05,1276.56,1269.3,1281.8,1264.21,2.48213394,18.0670535345
801140,2012-09-06,1294.6,1278.64,1294.6,1278.0,3.19557394,22.1956234304
801140,2012-09-07,1329.63,1300.28,1341.26,1299.4,6.23920174,40.2180593215
801140,2012-09-10,1339.13,1334.19,1339.97,1325.97,5.37611843,36.2252851198
801140,2012-09-11,1331.7,1331.1,1332.11,1322.57,3.55170357,23.5432976325
801140,2012-09-12,1337.82,1335.76,1340.93,1325.45,3.38857905,22.2892007202
801140,2012-09-13,1316.4,1336.99,1341.36,1316.4,3.20220786,20.5683720938
801140,2012-09-14,1320.71,1329.17,1336.33,1310.85,3.87269555,24.067216929
801140,2012-09-17,1285.72,1319.06,1320.87,1285.72,3.4123828,22.050558174699997
801140,2012-09-18,1284.69,1280.95,1292.77,1276.7,2.63929297,16.965500418599998
801140,2012-09-19,1298.83,1284.36,1299.11,1282.63,2.59280642,16.5757018931
801140,2012-09-20,1255.4,1295.46,1296.2,1255.4,3.06477772,18.8916163267
801140,2012-09-21,1250.05,1251.27,1265.33,1246.43,2.43659333,18.4636338323
801140,2012-09-24,1250.08,1241.67,1254.23,1231.72,2.09074312,14.311087951400001
801140,2012-09-25,1235.87,1246.03,1250.09,1233.56,1.86257451,12.637651166300001
801140,2012-09-26,1207.28,1232.46,1235.79,1205.37,1.96509247,12.153746123900001
801140,2012-09-27,1232.02,1204.51,1240.77,1204.16,2.48478603,15.1445207117
801140,2012-09-28,1252.36,1229.66,1252.5,1227.03,2.46963245,16.110057829400002
801140,2012-10-08,1247.61,1252.08,1258.3,1243.04,1.58416807,10.3827724593
801140,2012-10-09,1275.56,1249.56,1275.71,1247.83,2.64724337,17.1314182126
801140,2012-10-10,1291.2,1273.45,1292.21,1269.45,4.09016332,21.4617200281
801140,2012-10-11,1279.44,1288.19,1297.18,1279.33,5.03963823,24.0624546667
801140,2012-10-12,1278.85,1280.85,1291.03,1266.51,3.55824516,19.5003195874
801140,2012-10-15,1268.02,1277.95,1278.05,1257.74,2.49519576,15.203547478099999
801140,2012-10-16,1267.69,1268.23,1277.12,1263.56,2.23990348,14.3126934985
801140,2012-10-17,1271.04,1270.62,1275.98,1260.34,2.73202508,13.8077374796
801140,2012-10-18,1291.49,1271.65,1295.19,1270.89,4.14193923,25.165352218400002
801140,2012-10-19,1287.8,1290.76,1292.87,1283.53,2.97575415,19.7158548769
801140,2012-10-22,1289.52,1280.05,1291.01,1276.13,3.15235823,21.3800489311
801140,2012-10-23,1283.93,1295.04,1300.89,1283.26,4.14647354,25.279178188600003
801140,2012-10-24,1295.09,1279.2,1295.09,1276.79,5.92152011,29.9217686774
801140,2012-10-25,1280.23,1295.57,1302.65,1279.91,5.49444416,28.5504853077
801140,2012-10-26,1257.66,1276.65,1280.45,1247.35,4.85104937,24.9881180931
801140,2012-10-29,1270.42,1254.68,1272.7,1251.88,5.11766823,25.676711506999997
801140,2012-10-30,1266.96,1269.23,1279.51,1264.84,4.80986256,25.7858726352
801140,2012-10-31,1263.85,1265.86,1266.55,1252.59,3.6254879,19.7397358813
801140,2012-11-01,1285.76,1263.93,1289.13,1263.46,4.87111852,28.4051774851
801140,2012-11-02,1289.13,1284.77,1290.28,1276.26,4.6033537,26.2695971776
801140,2012-11-05,1283.48,1284.09,1289.95,1275.94,4.01940856,24.0381368884
801140,2012-11-06,1274.34,1281.38,1282.38,1259.6,3.80311837,24.5372688816
801140,2012-11-07,1273.72,1273.72,1278.9,1265.77,2.73285989,17.4765958114
801140,2012-11-08,1242.38,1264.04,1266.27,1242.09,3.65332903,21.723139565700002
801140,2012-11-09,1241.9,1238.47,1249.82,1238.18,2.80673027,17.265628411199998
801140,2012-11-12,1261.64,1245.19,1261.64,1244.31,3.59869874,19.5020807321
801140,2012-11-13,1237.03,1264.36,1264.9,1235.13,5.02143518,27.1327795546
801140,2012-11-14,1243.29,1234.23,1246.15,1232.66,4.01843349,20.7348597143
801140,2012-11-15,1219.75,1235.0,1239.52,1218.84,4.69554972,23.1353408927
801140,2012-11-16,1207.41,1213.63,1214.78,1197.82,3.16663778,16.1401783224
801140,2012-11-19,1216.81,1207.07,1217.49,1200.84,3.21896583,15.968410068099999
801140,2012-11-20,1217.9,1220.25,1228.45,1216.97,3.7946016,20.4610199428
801140,2012-11-21,1226.92,1215.65,1226.92,1200.08,3.41608398,18.8624341874
801140,2012-11-22,1218.17,1222.27,1225.55,1214.17,3.40796906,19.010050418800002
801140,2012-11-23,1220.81,1217.88,1225.92,1215.09,2.72607698,15.1881512102
801140,2012-11-26,1211.52,1219.55,1224.05,1211.09,2.28097451,13.431459368499999
801140,2012-11-27,1164.19,1208.35,1209.99,1163.18,3.38957912,18.3805157687
801140,2012-11-28,1136.57,1157.58,1157.97,1132.08,2.34604596,12.4533157844
801140,2012-11-29,1122.47,1136.59,1144.74,1119.62,2.49453843,14.1442401328
801140,2012-11-30,1139.79,1119.86,1140.8,1119.04,2.48409265,13.3696352731
801140,2012-12-03,1116.97,1136.84,1144.2,1115.15,2.74638626,15.351797633199999
801140,2012-12-04,1128.89,1112.26,1129.64,1100.53,2.92815777,14.574513321700001
801140,2012-12-05,1165.73,1125.37,1172.82,1122.9,4.70089276,24.4068392705
801140,2012-12-06,1162.85,1162.81,1171.22,1158.69,3.61169582,19.687741703
801140,2012-12-07,1194.03,1163.82,1195.68,1161.86,5.5549919,28.788110750300003
801140,2012-12-10,1214.43,1195.52,1216.02,1191.82,5.59486445,30.9347935061
801140,2012-12-11,1201.98,1209.51,1213.65,1201.98,4.36811873,25.5489923654
801140,2012-12-12,1206.59,1202.52,1212.67,1195.3,3.83672776,23.5757501854
801140,2012-12-13,1199.8,1202.09,1214.14,1196.88,4.38389016,23.343083803200003
801140,2012-12-14,1240.91,1195.33,1243.96,1195.26,7.33848689,39.947103050500004
801140,2012-12-17,1244.3,1239.45,1247.83,1233.29,5.69327885,33.0084669735
801140,2012-12-18,1241.84,1240.95,1257.1,1236.22,5.2347211,29.3948847494
801140,2012-12-19,1241.4,1236.0,1245.2,1232.25,3.71081504,20.8176388326
801140,2012-12-20,1241.28,1237.15,1242.91,1227.57,3.56483398,21.7540168389
801140,2012-12-21,1250.2,1245.47,1257.52,1238.92,4.3181135,28.7416251547
801140,2012-12-24,1260.15,1249.27,1262.91,1248.75,3.68473387,27.0869579952
801140,2012-12-25,1288.51,1260.41,1292.49,1254.75,6.604771,40.6639412363
801140,2012-12-26,1318.83,1291.86,1319.69,1288.88,10.32575556,55.0980421096
801140,2012-12-27,1313.23,1320.17,1328.88,1304.59,10.67346334,56.679052946400006
801140,2012-12-28,1327.9,1310.89,1329.08,1305.75,8.43705639,46.9356903232
801140,2012-12-31,1339.29,1328.96,1339.31,1324.92,6.52946803,40.3706200486
801140,2013-01-04,1325.62,1345.21,1348.53,1316.32,5.66652571,36.2301450442
801140,2013-01-07,1343.27,1321.48,1343.27,1316.56,6.25619484,37.2223498845
801140,2013-01-08,1347.55,1340.83,1351.61,1331.25,6.14805616,39.8950933817
801140,2013-01-09,1351.01,1345.04,1359.34,1336.99,7.10897685,41.201726957
801140,2013-01-10,1357.09,1349.31,1359.97,1346.74,5.91653878,33.9635764742
801140,2013-01-11,1319.67,1356.76,1358.33,1316.47,6.45753061,36.983586592399995
801140,2013-01-14,1353.36,1314.62,1355.6,1312.58,5.93441963,36.9773745112
801140,2013-01-15,1381.48,1353.89,1384.85,1353.8,8.10234146,51.607173787700006
801140,2013-01-16,1388.14,1382.06,1391.81,1364.46,7.43995366,49.4287344293
801140,2013-01-17,1385.3,1384.63,1398.93,1379.62,6.89163568,41.4911362255
801140,2013-01-18,1399.88,1386.81,1401.56,1380.69,6.02068849,40.2157810429
801140,2013-01-21,1413.37,1402.86,1413.37,1395.84,6.01965269,41.2728133512
801140,2013-01-22,1390.43,1413.21,1413.31,1381.88,7.06122552,46.5637241903
801140,2013-01-23,1388.15,1385.97,1390.93,1367.44,5.412547,36.4094746151
801140,2013-01-24,1360.33,1387.31,1397.13,1348.11,6.34663932,41.422193468
801140,2013-01-25,1359.77,1358.93,1365.1,1352.73,3.81824688,25.3974942173
801140,2013-01-28,1388.42,1360.72,1388.42,1360.48,4.52648303,31.3431143681
801140,2013-01-29,1404.72,1388.67,1405.42,1387.32,6.24237313,39.9706546535
801140,2013-01-30,1404.87,1402.26,1406.5,1388.54,6.13918757,37.3216019617
801140,2013-01-31,1402.41,1402.68,1403.53,1388.17,4.84919671,31.4551322254
801140,2013-02-01,1400.8,1400.07,1406.47,1394.64,4.98855173,34.559054358000004
801140,2013-02-04,1389.51,1401.83,1403.89,1382.61,5.01469614,35.2620480463
801140,2013-02-05,1397.51,1381.51,1397.52,1378.52,4.23030404,27.5636524697
801140,2013-02-06,1405.27,1397.61,1406.24,1397.61,3.85189332,25.3226363875
801140,2013-02-07,1413.87,1405.1,1416.96,1399.52,4.75378642,28.900265243699998
801140,2013-02-08,1432.01,1414.34,1434.59,1413.73,4.29511285,29.7590694843
801140,2013-02-18,1443.41,1436.66,1445.92,1429.87,5.88763771,40.0150896066
801140,2013-02-19,1427.47,1441.36,1444.4,1422.83,6.32278348,40.8227428531
801140,2013-02-20,1449.96,1425.16,1449.96,1425.16,5.7147507,36.5933849004
801140,2013-02-21,1420.5,1442.14,1442.5,1410.03,6.03938131,40.6712788059
801140,2013-02-22,1430.89,1418.18,1436.96,1418.16,5.11830213,35.1195298445
801140,2013-02-25,1435.99,1428.96,1437.9,1427.57,4.17258341,28.404754618200002
801140,2013-02-26,1416.45,1432.23,1440.31,1416.04,5.05958336,37.8649478815
801140,2013-02-27,1429.22,1419.91,1430.35,1416.79,4.2253452,35.0861041958
801140,2013-02-28,1453.24,1433.2,1453.24,1427.13,4.87050534,37.623837862100004
801140,2013-03-01,1463.88,1451.6,1464.31,1449.42,5.14677367,42.9188034884
801140,2013-03-04,1428.48,1456.66,1457.2,1419.57,7.23372546,49.9014133344
801140,2013-03-05,1455.59,1428.09,1455.63,1424.56,5.41578619,39.697600292
801140,2013-03-06,1480.63,1457.69,1481.12,1456.16,7.46668546,52.116430957700004
801140,2013-03-07,1472.76,1480.01,1483.36,1458.9,6.66091857,46.12418813399999
801140,2013-03-08,1477.5,1472.85,1482.83,1468.12,5.75716786,35.829235720999996
801140,2013-03-11,1483.59,1477.11,1487.87,1470.09,5.17403961,34.0467304015
801140,2013-03-12,1453.39,1482.3,1489.67,1436.38,6.08322133,45.9935602905
801140,2013-03-13,1443.11,1448.7,1452.16,1431.54,4.06884016,30.5272018944
801140,2013-03-14,1449.18,1438.52,1454.52,1436.48,3.65102318,27.1722792974
801140,2013-03-15,1440.68,1448.68,1455.89,1427.84,4.60908224,34.6474409032
801140,2013-03-18,1432.65,1436.04,1444.77,1430.31,4.41136327,31.3873059539
801140,2013-03-19,1429.96,1433.02,1442.16,1413.24,3.55120144,27.9749429692
801140,2013-03-20,1458.6,1431.08,1458.6,1427.73,5.69451853,39.012641727100004
801140,2013-03-21,1472.85,1461.35,1478.03,1459.58,6.07744786,42.6771332601
801140,2013-03-22,1495.72,1475.16,1498.08,1475.01,8.43558498,52.1810280363
801140,2013-03-25,1496.56,1495.12,1500.9,1490.06,6.64115547,44.7159004682
801140,2013-03-26,1485.47,1490.01,1492.75,1470.87,5.22069159,35.4310206521
801140,2013-03-27,1481.02,1483.84,1492.65,1471.44,4.66774529,33.5412074468
801140,2013-03-28,1439.63,1473.72,1474.69,1437.77,4.87943258,31.6780750604
801140,2013-03-29,1444.29,1439.67,1449.38,1432.47,3.6511455,25.2357845752
801140,2013-04-01,1453.56,1441.71,1457.52,1439.77,3.45212531,24.119355120500003
801140,2013-04-02,1436.23,1453.41,1461.0,1433.98,3.72506135,24.3625403465
801140,2013-04-03,1425.81,1437.32,1439.76,1420.56,3.57769874,23.5239441799
801140,2013-04-08,1419.97,1406.09,1419.97,1390.02,4.43430403,29.275177468000003
801140,2013-04-09,1435.17,1419.0,1437.23,1418.57,3.9674442,27.559898190300004
801140,2013-04-10,1436.14,1432.88,1438.3,1423.45,3.88645101,29.2694145752
801140,2013-04-11,1429.25,1436.4,1439.5,1427.77,4.32912684,30.0588476301
801140,2013-04-12,1419.19,1426.18,1430.95,1416.67,3.94661163,28.8645629195
801140,2013-04-15,1389.46,1410.9,1410.95,1384.99,3.78863854,28.3357732011
801140,2013-04-16,1405.15,1372.59,1405.15,1370.46,3.76647,26.3980648462
801140,2013-04-17,1409.15,1404.24,1409.78,1396.35,3.37855187,24.6855156812
801140,2013-04-18,1425.37,1404.23,1428.99,1400.6,4.58629237,35.1044166577
801140,2013-04-19,1449.32,1425.8,1451.51,1425.51,5.08146077,39.252078631799996
801140,2013-04-22,1455.63,1444.8,1456.17,1443.38,4.14700419,33.141649089299996
801140,2013-04-23,1428.86,1456.71,1457.01,1426.59,4.6353953,38.6343874471
801140,2013-04-24,1455.95,1434.06,1457.12,1426.82,4.76380361,41.7425548938
801140,2013-04-25,1428.68,1452.4,1458.73,1428.68,5.06269407,43.9556919586
801140,2013-04-26,1411.24,1428.54,1433.66,1405.69,3.82361768,31.127540213200003
801140,2013-05-02,1424.89,1410.65,1428.01,1409.42,3.51262538,33.256318317399995
801140,2013-05-03,1454.18,1433.88,1459.61,1433.5,5.04314823,43.627589935
801140,2013-05-06,1473.4,1454.99,1473.4,1451.94,5.3398334,45.271307312299996
801140,2013-05-07,1482.84,1472.78,1483.33,1465.94,4.67040813,40.1651657299
801140,2013-05-08,1485.89,1480.14,1487.4,1475.62,4.20384096,37.9361610331
801140,2013-05-09,1474.53,1484.56,1484.68,1463.49,4.79857661,43.078877561000006
801140,2013-05-10,1477.79,1469.88,1482.31,1459.77,5.35550132,48.5951585883
801140,2013-05-13,1475.84,1477.5,1477.81,1465.94,4.58548868,40.647872023000005
801140,2013-05-14,1467.9,1473.55,1474.7,1460.48,3.92786997,32.643651898499996
801140,2013-05-15,1476.19,1468.54,1476.19,1465.34,3.95948113,35.0443406198
801140,2013-05-16,1485.06,1473.01,1490.12,1466.72,5.72418787,46.0294222824
801140,2013-05-17,1500.27,1482.54,1500.27,1480.01,5.56891357,47.2882557047
801140,2013-05-20,1513.59,1500.74,1515.77,1498.7,6.98776935,57.505419662200005
801140,2013-05-21,1526.39,1512.96,1526.46,1507.83,6.41141974,54.2693635909
801140,2013-05-22,1514.53,1524.9,1526.96,1510.72,5.48493947,46.236621165
801140,2013-05-23,1502.61,1511.03,1523.08,1501.47,5.40240952,45.087951172299995
801140,2013-05-24,1523.21,1501.61,1523.21,1501.3,4.91766468,40.3856202049
801140,2013-05-27,1550.82,1524.79,1550.84,1524.63,6.46235997,53.8042450692
801140,2013-05-28,1556.16,1552.15,1559.56,1540.61,7.40147227,60.7733968595
801140,2013-05-29,1556.7,1555.53,1560.54,1546.11,5.44096649,45.4630331766
801140,2013-05-30,1557.22,1551.38,1562.88,1549.1,5.7220267,44.4848962434
801140,2013-05-31,1551.96,1556.58,1564.02,1550.43,6.22461546,46.3631019675
801140,2013-06-03,1541.81,1547.3,1558.02,1537.91,5.0734869,40.639829176
801140,2013-06-04,1524.52,1542.0,1542.17,1509.11,4.94953712,39.4118516179
801140,2013-06-05,1519.84,1515.65,1521.02,1507.84,3.55796002,31.5986304838
801140,2013-06-06,1489.44,1509.12,1514.03,1489.4,4.02025628,32.9837680637
801140,2013-06-07,1472.43,1490.49,1496.28,1465.1,4.13196923,33.5930931183
801140,2013-06-13,1437.75,1456.77,1457.21,1417.13,3.6116772,25.901105376599997
801140,2013-06-14,1460.76,1442.37,1463.06,1441.81,3.319599,25.8715258037
801140,2013-06-17,1467.03,1467.31,1475.19,1455.83,4.88147302,33.2060746468
801140,2013-06-18,1468.08,1467.9,1472.81,1452.57,3.92265411,26.896538302800003
801140,2013-06-19,1462.31,1465.49,1466.3,1446.92,3.83651568,27.3442373036
801140,2013-06-20,1417.6,1453.88,1454.76,1416.61,3.38919304,23.980721405700002
801140,2013-06-21,1406.61,1395.43,1413.57,1374.76,3.3430314,22.992521700999998
801140,2013-06-24,1328.32,1403.45,1404.08,1319.4,4.11093683,26.856220100100003
801140,2013-06-25,1316.35,1314.75,1330.91,1231.68,5.24032585,32.2483251542
801140,2013-06-26,1333.08,1314.79,1333.08,1303.89,4.18479073,27.0806073873
801140,2013-06-27,1308.49,1335.73,1349.6,1308.28,4.31456949,30.4800941064
801140,2013-06-28,1304.3,1299.3,1326.22,1284.77,3.72260388,24.1369546628
801140,2013-07-01,1326.01,1302.94,1326.01,1297.16,3.39460558,23.0671279029
801140,2013-07-02,1347.87,1325.85,1347.87,1323.33,3.97893528,29.089867240500002
801140,2013-07-03,1351.48,1342.47,1354.06,1321.52,4.47479378,36.3875558038
801140,2013-07-04,1366.82,1346.13,1372.55,1339.5,4.94680488,37.0777267827
801140,2013-07-05,1372.87,1366.48,1387.25,1362.5,6.02717904,42.1918189639
801140,2013-07-08,1325.87,1353.51,1354.18,1325.33,4.82420966,32.8301365952
801140,2013-07-09,1330.77,1321.88,1334.04,1316.07,3.86859456,25.285217959
801140,2013-07-10,1360.69,1329.57,1360.69,1328.7,4.49492633,29.567096893899997
801140,2013-07-11,1393.03,1361.74,1401.98,1361.74,5.85577786,39.7957760198
801140,2013-07-12,1378.72,1392.08,1401.21,1377.38,5.26076086,38.1971158933
801140,2013-07-15,1399.42,1378.5,1400.46,1378.28,4.95015871,36.3375880323
801140,2013-07-16,1419.91,1398.84,1419.91,1395.95,5.50691624,42.7335817197
801140,2013-07-17,1402.16,1416.07,1422.96,1395.11,5.39170139,43.6878240716
801140,2013-07-18,1392.31,1397.56,1401.74,1382.59,4.80529463,37.3361999902
801140,2013-07-19,1364.69,1390.84,1400.94,1364.69,4.83560931,35.9629416858
801140,2013-07-22,1380.18,1357.0,1380.18,1352.46,3.51276639,26.3703649411
801140,2013-07-23,1409.95,1380.54,1409.95,1380.31,5.01466999,38.5846489102
801140,2013-07-24,1418.83,1408.57,1419.54,1399.8,5.60027991,46.203602222200004
801140,2013-07-25,1399.71,1416.64,1420.62,1397.96,5.71333817,47.4209358584
801140,2013-07-26,1399.79,1392.65,1402.94,1384.3,4.7463945,39.3433393116
801140,2013-07-29,1381.65,1394.74,1397.12,1379.86,4.46605018,36.4612673592
801140,2013-07-30,1389.47,1380.04,1396.58,1361.31,4.74497007,38.809180047699996
801140,2013-07-31,1389.26,1390.79,1399.96,1384.46,4.50353971,39.1192818994
801140,2013-08-01,1413.98,1387.67,1413.98,1386.76,4.81361529,39.4373500212
801140,2013-08-02,1419.43,1416.37,1427.81,1416.05,5.62371158,46.63251781060001
801140,2013-08-05,1443.17,1420.13,1443.17,1419.22,5.05894259,39.5119353929
801140,2013-08-06,1458.99,1443.21,1461.63,1439.74,5.98762025,50.0216851046
801140,2013-08-07,1442.9,1455.91,1458.93,1440.23,5.27410723,41.7193837462
801140,2013-08-08,1447.79,1441.95,1450.63,1436.72,4.49454635,38.2137739608
801140,2013-08-09,1455.04,1449.54,1457.66,1437.59,5.11421879,46.5057226919
801140,2013-08-12,1475.39,1456.66,1475.45,1456.08,6.38968492,49.161616365
801140,2013-08-13,1491.95,1476.65,1491.95,1473.2,6.74004703,46.8820923743
801140,2013-08-14,1483.92,1492.23,1497.01,1480.41,6.12035826,46.644821032299994
801140,2013-08-15,1477.73,1482.87,1489.27,1477.16,5.25670887,43.607539359200004
801140,2013-08-16,1459.73,1474.17,1499.67,1457.97,6.54670207,49.576621158
801140,2013-08-19,1486.93,1450.96,1487.39,1448.91,4.60842884,36.551624201799996
801140,2013-08-20,1487.93,1486.15,1497.79,1483.08,4.9467491,42.8579523641
801140,2013-08-21,1495.01,1487.77,1495.35,1481.23,4.53387474,39.121202456700004
801140,2013-08-22,1495.88,1493.2,1501.75,1488.38,5.07555927,42.879954383299996
801140,2013-08-23,1486.81,1498.83,1503.19,1465.38,6.24463095,51.864082753999995
801140,2013-08-26,1513.95,1485.99,1513.95,1485.59,5.50232135,45.6021445589
801140,2013-08-27,1530.41,1513.78,1530.43,1510.74,6.61416927,52.2984095552
801140,2013-08-28,1522.88,1521.81,1533.26,1518.11,7.36003703,58.273263874099996
801140,2013-08-29,1528.34,1520.63,1531.35,1514.43,6.98556428,57.2960681086
801140,2013-08-30,1514.08,1525.81,1536.64,1509.9,7.91119679,63.8855449563
801140,2013-09-02,1528.58,1510.84,1528.58,1506.27,5.86279914,44.1005304317
801140,2013-09-03,1559.36,1533.16,1560.62,1532.46,9.08642565,62.2726164496
801140,2013-09-04,1561.34,1563.07,1567.77,1555.59,8.51631803,64.6642325141
801140,2013-09-05,1574.36,1560.17,1579.04,1554.79,9.72023259,76.0202688424
801140,2013-09-06,1583.77,1570.49,1586.39,1567.16,9.35565798,73.7066614508
801140,2013-09-09,1583.95,1581.01,1586.37,1575.61,8.3045713,64.1064241113
801140,2013-09-10,1588.66,1582.05,1589.17,1578.84,8.66809259,64.6509241762
801140,2013-09-11,1573.56,1586.77,1586.77,1562.25,9.5298619,64.8816069869
801140,2013-09-12,1572.8,1568.42,1580.09,1565.31,6.99933356,53.5975652574
801140,2013-09-13,1574.1,1568.9,1577.8,1563.9,6.05267309,45.6394790879
801140,2013-09-16,1579.7,1574.14,1579.7,1571.92,5.92596126,46.759129124
801140,2013-09-17,1556.46,1579.51,1580.81,1556.41,6.1534671,47.5033043075
801140,2013-09-18,1572.81,1556.07,1573.52,1555.96,4.63702527,41.386635626
801140,2013-09-23,1597.32,1573.79,1597.32,1573.79,5.5023482,49.4680027719
801140,2013-09-24,1601.86,1595.57,1603.2,1581.49,6.66372449,61.2308680072
801140,2013-09-25,1593.57,1599.49,1611.75,1590.56,6.95442822,61.654787220100005
801140,2013-09-26,1563.92,1587.07,1590.83,1562.67,5.66479189,48.8123817804
801140,2013-09-27,1576.49,1564.29,1580.28,1562.71,4.55314988,42.7381119107
801140,2013-09-30,1594.96,1578.31,1594.96,1577.96,4.41860684,42.3593122394
801140,2013-10-08,1614.67,1593.18,1614.67,1590.56,5.71191199,48.4974491105
801140,2013-10-09,1635.14,1609.38,1635.24,1606.07,6.3963502,57.216819718500005
801140,2013-10-10,1634.01,1637.26,1645.07,1625.56,7.19729239,62.5743556584
801140,2013-10-11,1669.89,1645.82,1669.89,1645.2,9.51713594,70.2429621295
801140,2013-10-14,1693.7,1666.49,1697.49,1666.49,9.47407549,70.6770738996
801140,2013-10-15,1691.2,1693.27,1694.09,1680.38,9.67899517,73.9073352168
801140,2013-10-16,1641.97,1685.09,1685.33,1634.29,7.67339054,59.667634076800006
801140,2013-10-17,1659.93,1650.62,1674.02,1650.59,8.4477457,59.066054298699996
801140,2013-10-18,1661.25,1661.91,1664.84,1648.65,6.72677376,47.171744085200004
801140,2013-10-21,1692.09,1664.85,1693.22,1662.72,6.88827585,52.88069033359999
801140,2013-10-22,1683.03,1690.65,1702.37,1678.11,8.160576,64.9635649101
801140,2013-10-23,1634.14,1679.73,1682.14,1628.38,6.86834434,53.6179791174
801140,2013-10-24,1633.1,1634.95,1646.47,1630.52,4.44143858,37.953565168000004
801140,2013-10-25,1615.38,1634.81,1641.11,1605.87,4.48121986,38.1391739963
801140,2013-10-28,1600.42,1606.34,1612.52,1593.53,4.01712115,34.0213877088
801140,2013-10-29,1545.88,1591.53,1599.09,1512.62,6.60137066,55.736302973
801140,2013-10-30,1570.1,1536.84,1570.1,1536.07,5.30254059,46.395771609300006
801140,2013-10-31,1551.58,1566.19,1566.19,1547.99,4.78853636,45.0645309458
801140,2013-11-01,1546.58,1547.17,1551.37,1527.09,4.51185456,37.3048379048
801140,2013-11-04,1560.56,1543.47,1563.93,1543.23,4.35158513,39.114278317600004
801140,2013-11-05,1583.43,1555.96,1583.43,1548.13,4.50044476,38.5667726686
801140,2013-11-06,1573.43,1579.75,1599.05,1573.43,4.95527201,45.3987889475
801140,2013-11-07,1556.7,1568.42,1576.83,1556.02,4.1201218,36.1857177201
801140,2013-11-08,1519.41,1547.95,1550.04,1517.61,3.99344676,33.9111960248
801140,2013-11-11,1529.03,1514.44,1532.39,1503.38,3.61823369,33.5076243785
801140,2013-11-12,1534.84,1519.18,1537.05,1516.83,4.33160749,38.5818422291
801140,2013-11-13,1505.21,1527.58,1531.19,1505.21,4.27914795,35.7388007917
801140,2013-11-14,1520.81,1501.21,1520.89,1489.8,3.87790963,33.7083214063
801140,2013-11-15,1555.4,1519.97,1564.5,1519.84,5.40252131,47.207116922
801140,2013-11-18,1591.74,1566.58,1591.74,1565.32,6.29955097,55.7930431386
801140,2013-11-19,1606.32,1600.32,1606.33,1590.87,6.55141573,58.72784219020001
801140,2013-11-20,1623.69,1602.65,1624.14,1596.33,6.82002316,62.999502864200004
801140,2013-11-21,1623.74,1615.46,1626.1,1607.09,7.05603646,61.9823721009
801140,2013-11-22,1617.21,1625.72,1632.07,1614.56,6.0040938,54.0251090779
801140,2013-11-25,1616.74,1610.95,1623.51,1605.79,5.56173855,50.18226473479999
801140,2013-11-26,1627.09,1612.51,1628.63,1612.45,5.1884282,48.7502353597
801140,2013-11-27,1640.3,1623.12,1640.3,1616.31,5.80200054,57.0034334587
801140,2013-11-28,1649.13,1638.5,1659.29,1637.0,5.95225748,55.379779561899994
801140,2013-11-29,1652.26,1646.98,1652.64,1643.28,5.65939976,55.721095325
801140,2013-12-02,1570.99,1609.76,1618.06,1555.93,8.00599696,65.7766041483
801140,2013-12-03,1597.61,1555.09,1600.59,1550.65,5.96746933,51.202077790299995
801140,2013-12-04,1620.15,1593.15,1632.4,1590.78,6.48687966,56.7870249229
801140,2013-12-05,1622.77,1619.8,1629.48,1615.01,5.16135549,44.3862028119
801140,2013-12-06,1625.1,1621.37,1629.22,1617.88,5.14410989,41.8669109935
801140,2013-12-09,1643.32,1626.99,1644.35,1626.45,5.15962126,45.182873909099996
801140,2013-12-10,1645.42,1643.56,1655.62,1640.49,6.24929432,59.9016240557
801140,2013-12-11,1622.36,1641.63,1642.25,1609.57,5.5135172,50.7296238268
801140,2013-12-12,1625.39,1617.87,1634.29,1616.77,4.66313732,44.142854581099996
801140,2013-12-13,1627.45,1616.13,1630.0,1609.91,4.55433125,45.937298723599994
801140,2013-12-16,1610.68,1628.27,1631.45,1608.96,5.25115288,52.906395113
801140,2013-12-17,1600.58,1610.42,1614.53,1598.51,4.40684481,41.0864474067
801140,2013-12-18,1597.74,1599.64,1609.36,1588.62,3.39852215,32.3277862762
801140,2013-12-19,1580.0,1599.99,1608.26,1578.59,3.35852453,31.921955
801140,2013-12-20,1561.89,1581.11,1584.94,1557.51,3.60955449,34.5061176
801140,2013-12-23,1552.44,1562.38,1565.44,1534.41,3.00192217,29.1629475698
801140,2013-12-24,1574.29,1557.12,1583.44,1556.48,3.39009315,32.751146931
801140,2013-12-25,1598.65,1577.12,1598.65,1572.57,3.19307327,33.973882433
801140,2013-12-26,1574.5,1599.76,1599.85,1573.29,4.19049218,41.5069576764
801140,2013-12-27,1606.27,1575.71,1609.49,1575.47,3.8979837,38.1358632686
801140,2013-12-30,1624.6,1617.85,1628.5,1615.62,4.82612948,51.9873350786
801140,2013-12-31,1626.99,1621.44,1630.34,1616.29,4.52881461,49.992126469700004
801140,2014-01-02,1641.97,1624.02,1641.97,1623.95,4.08322703,43.135003127299996
801140,2014-01-03,1638.41,1641.01,1644.8,1631.13,4.34332876,45.9021976103
801140,2014-01-06,1605.0,1636.36,1637.46,1603.61,4.97625301,54.8715751025
801140,2014-01-07,1611.9,1594.52,1614.47,1590.64,3.61428787,40.0228504684
801140,2014-01-08,1624.17,1613.21,1632.78,1612.65,5.05370365,53.930627691400005
801140,2014-01-09,1599.71,1623.23,1628.68,1598.91,4.91815969,51.644378823500006
801140,2014-01-10,1583.93,1597.28,1599.57,1575.2,4.55972144,48.01500490229999
801140,2014-01-13,1581.2,1580.54,1592.02,1571.88,4.02989239,41.1522327979
801140,2014-01-14,1611.72,1577.75,1623.88,1560.09,4.01899173,38.9159627452
801140,2014-01-15,1617.69,1611.37,1617.69,1605.12,3.85166387,42.364306856
801140,2014-01-16,1627.28,1619.07,1635.47,1616.26,4.30358111,46.5160650211
801140,2014-01-17,1618.15,1625.89,1626.8,1615.32,4.19086029,47.1007439396
801140,2014-01-20,1626.75,1615.78,1629.29,1613.89,4.30255915,51.227298007399995
801140,2014-01-21,1658.67,1626.45,1658.67,1626.41,4.85793883,61.4737796068
801140,2014-01-22,1694.35,1659.63,1694.46,1657.61,5.67327323,70.3681023395
801140,2014-01-23,1712.7,1697.22,1716.33,1697.16,5.57521132,70.266644652
801140,2014-01-24,1738.37,1709.21,1738.87,1705.48,6.22062356,73.2861859153
801140,2014-01-27,1729.84,1729.16,1747.55,1724.03,5.72702148,67.87259899979999
801140,2014-01-28,1721.46,1727.17,1740.13,1710.58,4.71489839,59.265486663699996
801140,2014-01-29,1750.0,1725.48,1753.18,1724.98,5.17168872,62.915153851099994
801140,2014-01-30,1743.69,1749.24,1754.92,1739.64,4.28620656,55.23705962
801140,2014-02-07,1770.96,1734.03,1770.96,1731.45,4.42592453,53.527664038400005
801140,2014-02-10,1828.59,1771.36,1828.59,1771.29,7.80420629,94.5037009209
801140,2014-02-11,1830.41,1829.68,1839.08,1800.26,8.01789227,101.5940342375
801140,2014-02-12,1848.63,1827.43,1848.63,1814.97,7.57729745,88.35199703059999
801140,2014-02-13,1813.47,1844.72,1851.19,1813.24,8.24038785,102.69642161610001
801140,2014-02-14,1836.27,1806.31,1839.15,1805.9,7.02528506,84.8038814099
801140,2014-02-17,1875.47,1840.36,1875.47,1840.36,8.39372423,97.221993272
801140,2014-02-18,1881.91,1875.96,1886.96,1869.8,7.85850165,91.9211283817
801140,2014-02-19,1874.75,1877.5,1883.94,1865.39,7.74630724,94.2641218092
801140,2014-02-20,1846.99,1874.76,1878.17,1839.96,7.41003298,87.8902267213
801140,2014-02-21,1842.15,1841.89,1853.46,1825.64,5.92684388,72.8522410648
801140,2014-02-24,1849.44,1835.7,1849.44,1821.82,5.73727764,69.679083973
801140,2014-02-25,1780.07,1854.8,1861.23,1770.66,8.08139929,93.21458671549999
801140,2014-02-26,1787.76,1757.48,1787.76,1734.34,6.63036684,67.32937549260001
801140,2014-02-27,1771.94,1793.07,1819.0,1770.17,6.65270387,75.8814020358
801140,2014-02-28,1779.33,1764.89,1779.33,1741.46,5.35788895,59.2500769227
801140,2014-03-03,1806.38,1774.57,1806.38,1774.57,5.75072708,60.789681197700006
801140,2014-03-04,1812.22,1800.99,1817.05,1793.76,5.6228514,66.8376841265
801140,2014-03-05,1805.43,1818.03,1819.87,1802.2,6.26547185,68.5363118159
801140,2014-03-06,1807.72,1798.85,1809.87,1785.89,6.12930708,61.614489684700004
801140,2014-03-07,1801.01,1808.49,1817.04,1791.91,5.28580653,58.9418296084
801140,2014-03-10,1721.7,1783.98,1784.23,1718.27,5.52926883,56.719972636899996
801140,2014-03-11,1710.11,1709.57,1732.13,1693.56,3.903322,41.4861395147
801140,2014-03-12,1704.07,1706.44,1715.41,1679.05,3.90748248,39.5614492268
801140,2014-03-13,1723.7,1703.97,1726.08,1703.15,3.28959248,33.3412510739
801140,2014-03-14,1724.44,1718.63,1731.29,1712.75,3.29681583,34.660190905
801140,2014-03-17,1763.23,1725.96,1763.54,1725.96,4.00916214,39.2534660275
801140,2014-03-18,1782.31,1763.48,1786.65,1762.65,4.88397493,46.390935434700005
801140,2014-03-19,1783.13,1778.83,1783.81,1770.9,4.7654519,44.7626732441
801140,2014-03-20,1737.94,1782.19,1794.49,1737.81,5.7045709,54.8616104232
801140,2014-03-21,1768.86,1731.01,1768.93,1717.47,5.9245551,55.0270670247
801140,2014-03-24,1774.24,1765.39,1781.81,1762.45,5.50825924,50.3049328221
801140,2014-03-25,1780.99,1768.06,1782.65,1762.95,5.32162586,47.90722677390001
801140,2014-03-26,1781.68,1779.8,1785.73,1773.71,4.41924322,41.8466551284
801140,2014-03-27,1748.7,1781.21,1781.21,1748.64,4.94060367,47.599978205
801140,2014-03-28,1709.24,1743.32,1751.39,1706.34,6.31922261,55.2112030181
801140,2014-03-31,1701.58,1709.64,1718.1,1693.63,3.77220871,36.1782179871
801140,2014-04-01,1729.51,1698.0,1729.51,1694.06,3.97565596,36.5253207716
801140,2014-04-02,1724.08,1727.75,1733.84,1716.67,4.14866743,38.5190623033
801140,2014-04-03,1736.52,1722.82,1741.83,1719.56,4.41907831,44.4293226624
801140,2014-04-04,1754.28,1733.6,1754.44,1731.18,4.22915568,42.5852298011
801140,2014-04-08,1758.21,1746.39,1758.21,1739.56,4.29418013,41.297807073499996
801140,2014-04-09,1773.94,1754.13,1774.24,1753.91,4.87908892,49.52846308229999
801140,2014-04-10,1782.15,1772.4,1792.45,1772.19,5.89117124,59.335781116199996
801140,2014-04-11,1775.79,1774.86,1778.18,1766.42,4.28598289,46.995077448500005
801140,2014-04-14,1777.87,1773.86,1779.76,1770.2,3.98101686,42.8007565711
801140,2014-04-15,1765.94,1776.1,1778.86,1762.26,5.23493875,54.0849208388
801140,2014-04-16,1772.49,1759.23,1776.92,1757.24,4.57675247,53.4900596772
801140,2014-04-17,1766.09,1772.95,1777.56,1765.21,4.09899641,44.071833005100004
801140,2014-04-18,1773.6,1762.52,1774.05,1759.03,4.21984693,42.7997216666
801140,2014-04-21,1748.84,1762.96,1772.48,1747.81,4.48790064,49.6325754239
801140,2014-04-22,1747.23,1743.76,1753.02,1722.82,4.57223507,47.1461921375
801140,2014-04-23,1741.66,1743.15,1753.57,1736.75,3.8784414,39.814118056999995
801140,2014-04-24,1726.59,1738.34,1743.02,1723.15,4.35353299,43.861949905299994
801140,2014-04-25,1690.17,1725.89,1729.45,1690.17,4.3921772,46.1293877678
801140,2014-04-28,1639.09,1684.9,1685.02,1637.13,4.29571061,43.1912126259
801140,2014-04-29,1661.54,1637.57,1661.82,1637.57,3.24629894,33.7413601802
801140,2014-04-30,1677.29,1660.7,1682.07,1657.13,3.06138279,33.6291094287
801140,2014-05-05,1704.06,1676.21,1704.06,1675.52,3.45770667,34.4852474538
801140,2014-05-06,1721.27,1703.28,1725.09,1702.75,4.25150893,44.019791347200005
801140,2014-05-07,1688.16,1715.9,1717.93,1687.52,4.30791996,42.1953095868
801140,2014-05-08,1682.31,1682.68,1703.74,1676.82,3.97624626,37.7017163238
801140,2014-05-09,1665.37,1679.78,1681.12,1648.97,3.65943481,36.763671926
801140,2014-05-12,1700.67,1672.45,1700.7,1666.95,4.32472949,41.8742707299
801140,2014-05-13,1697.52,1697.38,1706.68,1691.64,3.75799018,37.453923216199996
801140,2014-05-14,1701.92,1697.08,1704.78,1696.39,2.89059165,31.9993377721
801140,2014-05-15,1672.24,1701.67,1701.93,1671.41,3.42303988,39.2855551287
801140,2014-05-16,1677.62,1665.93,1677.62,1653.64,3.30197066,37.0136960457
801140,2014-05-19,1673.98,1673.54,1674.34,1663.78,3.20634074,40.066364676599996
801140,2014-05-20,1682.77,1679.04,1691.87,1678.61,3.57148215,46.285105924300005
801140,2014-05-21,1686.76,1681.67,1687.83,1668.51,3.1467836,39.9177319328
801140,2014-05-22,1678.92,1682.72,1697.77,1677.54,3.71624768,42.2148472321
801140,2014-05-23,1691.49,1675.91,1691.49,1675.71,3.12573346,39.174164942800004
801140,2014-05-26,1717.23,1692.07,1717.23,1691.72,4.00131579,47.790239397600004
801140,2014-05-27,1713.37,1715.2,1718.8,1710.88,3.51985667,45.877631535
801140,2014-05-28,1722.64,1711.67,1722.64,1702.8,3.56867613,39.2230308011
801140,2014-05-29,1691.5,1721.39,1723.01,1691.5,4.16935824,49.6075422941
801140,2014-05-30,1691.87,1688.82,1694.9,1678.33,3.25735516,33.106283508400004
801140,2014-06-03,1687.65,1692.2,1697.27,1687.43,2.97396145,31.378282338600002
801140,2014-06-04,1670.57,1685.93,1686.4,1658.08,2.93404172,31.2535691623
801140,2014-06-05,1691.95,1669.17,1691.95,1668.29,2.86211693,33.4908386559
801140,2014-06-06,1689.66,1692.02,1693.42,1681.43,3.01348812,30.605441195700003
801140,2014-06-09,1688.44,1687.17,1701.13,1683.94,3.03470464,34.468204519400004
801140,2014-06-10,1701.34,1687.54,1701.35,1676.13,3.36087951,36.9954570273
801140,2014-06-11,1705.33,1701.31,1705.82,1696.43,3.69960565,34.8722908185
801140,2014-06-12,1699.44,1701.31,1707.93,1698.46,3.69688396,37.7739994635
801140,2014-06-13,1717.72,1698.87,1717.72,1697.94,4.96473111,42.0437521082
801140,2014-06-16,1726.11,1717.83,1727.33,1716.81,4.91950616,40.5450679461
801140,2014-06-17,1713.44,1725.2,1725.27,1712.77,5.64479141,40.5578156917
801140,2014-06-18,1704.21,1714.05,1719.27,1702.49,3.80762728,34.5257516936
801140,2014-06-19,1661.49,1702.5,1709.42,1653.22,5.76154578,43.4811693479
801140,2014-06-20,1675.1,1662.2,1675.1,1656.99,4.59654931,32.538553316
801140,2014-06-23,1687.47,1679.18,1691.33,1679.18,5.2337651,37.114340345100004
801140,2014-06-24,1706.64,1691.9,1706.64,1691.47,5.76388761,44.8953142955
801140,2014-06-25,1693.32,1703.78,1703.96,1687.69,6.32761232,48.8613021955
801140,2014-06-26,1715.49,1692.62,1718.31,1692.32,6.70417576,52.802175089799995
801140,2014-06-27,1742.37,1717.54,1747.75,1717.54,10.00766939,71.4219894295
801140,2014-06-30,1755.95,1742.23,1755.95,1740.21,8.93242866,66.1660512639
801140,2014-07-01,1765.99,1754.86,1766.18,1748.51,9.61464686,69.0610581177
801140,2014-07-02,1768.67,1764.35,1768.87,1755.61,6.8557296,59.676328490100005
801140,2014-07-03,1773.63,1764.96,1775.89,1761.98,9.65973957,70.5997180889
801140,2014-07-04,1778.8,1770.39,1783.76,1768.37,8.08809178,62.0227714143
801140,2014-07-07,1774.62,1778.61,1778.73,1763.75,7.67511123,57.4814314573
801140,2014-07-08,1779.53,1771.13,1780.98,1760.55,6.55644667,50.9056447403
801140,2014-07-09,1759.24,1775.78,1783.53,1759.24,7.33214996,55.6276293542
801140,2014-07-10,1762.36,1756.57,1770.08,1756.27,5.64431568,42.2216618389
801140,2014-07-11,1774.01,1761.67,1776.8,1761.51,5.65638524,44.340830329300005
801140,2014-07-14,1793.31,1778.76,1793.31,1775.07,6.21295312,48.638273410100005
801140,2014-07-15,1790.78,1794.02,1797.38,1780.9,7.75346523,54.435041176800006
801140,2014-07-16,1780.85,1790.7,1793.92,1778.32,7.77345669,58.4964104297
801140,2014-07-17,1772.68,1778.95,1781.92,1762.6,6.11696972,44.877826945900004
801140,2014-07-18,1777.03,1768.0,1785.04,1766.17,5.03952273,36.760314400700004
801140,2014-07-21,1766.7,1778.94,1779.65,1761.45,5.0509269,36.00570357
801140,2014-07-22,1788.01,1764.4,1789.08,1764.4,5.61051941,40.7367670968
801140,2014-07-23,1770.89,1793.93,1793.93,1765.09,6.38340252,46.8624079762
801140,2014-07-24,1757.53,1768.63,1771.4,1745.41,6.63057498,47.209450116000006
801140,2014-07-25,1771.58,1759.1,1771.58,1759.1,5.13486001,37.8380026442
801140,2014-07-28,1802.78,1779.61,1803.85,1779.61,8.60476882,63.9562427842
801140,2014-07-29,1820.39,1802.9,1822.47,1801.43,8.76753807,65.6882298387
801140,2014-07-30,1826.25,1815.9,1828.86,1811.74,7.48662708,58.872627058599996
801140,2014-07-31,1844.86,1828.31,1844.98,1827.45,6.78509833,57.171366908500005
801140,2014-08-01,1827.69,1838.31,1850.84,1825.17,7.34905642,62.661593573999994
801140,2014-08-04,1851.87,1827.81,1851.87,1827.81,6.4383347,57.135973876099996
801140,2014-08-05,1864.63,1854.98,1864.63,1846.84,7.72819794,62.5962132328
801140,2014-08-06,1870.62,1858.32,1873.73,1851.32,8.84925808,65.9187877341
801140,2014-08-07,1851.93,1867.08,1872.67,1850.66,7.18610884,61.102863445699995
801140,2014-08-08,1863.37,1852.34,1867.1,1852.29,6.44468126,50.4730328748
801140,2014-08-11,1890.93,1864.56,1890.93,1864.06,7.88116221,66.189702474
801140,2014-08-12,1901.59,1890.77,1901.59,1885.87,9.76475039,75.1040257855
801140,2014-08-13,1896.9,1901.74,1901.9,1876.33,7.77696157,64.1952394039
801140,2014-08-14,1887.07,1893.09,1904.47,1886.14,8.43446179,72.5540741942
801140,2014-08-15,1909.95,1887.09,1910.71,1883.21,7.13894031,67.2285045781
801140,2014-08-18,1941.01,1911.96,1941.01,1911.92,8.53406955,84.4372730323
801140,2014-08-19,1941.82,1940.75,1945.99,1930.29,8.77589974,81.64536782430001
801140,2014-08-20,1943.2,1939.21,1950.85,1936.3,7.80453097,67.2369545963
801140,2014-08-21,1939.39,1941.69,1944.1,1917.19,7.35547055,65.8411674512
801140,2014-08-22,1948.41,1936.57,1949.89,1931.64,6.65775051,61.445771585699994
801140,2014-08-25,1939.29,1948.73,1950.86,1930.17,6.64402505,61.577608744799996
801140,2014-08-26,1911.69,1934.26,1941.27,1905.45,9.3096359,69.8348613863
801140,2014-08-27,1930.78,1908.83,1930.78,1908.83,9.9127657,65.8101127591
801140,2014-08-28,1905.72,1931.07,1934.4,1904.51,9.02995046,69.4775640365
801140,2014-08-29,1922.33,1901.2,1922.33,1900.47,6.0292432,49.625423320799996
801140,2014-09-01,1950.37,1922.19,1950.62,1921.65,6.57355584,57.3708547074
801140,2014-09-02,1977.34,1955.65,1977.54,1955.61,9.26696706,76.7381095134
801140,2014-09-03,1987.88,1980.84,1989.82,1973.49,9.93871246,90.24863881620001
801140,2014-09-04,2008.65,1990.2,2009.94,1985.01,10.40669265,93.53546260600001
801140,2014-09-05,2024.93,2010.43,2024.93,2003.67,10.15300226,90.2844412449
801140,2014-09-09,2035.48,2025.47,2035.48,2012.22,8.71991773,75.1793527287
801140,2014-09-10,2046.58,2031.85,2047.89,2020.61,9.19906566,89.1289963799
801140,2014-09-11,2041.51,2046.48,2069.02,2029.61,11.49985809,106.0986141307
801140,2014-09-12,2075.07,2042.12,2075.07,2040.82,9.44001369,85.2514836523
801140,2014-09-15,2091.52,2074.11,2093.11,2069.1,10.36653339,94.00169840870001
801140,2014-09-16,2032.02,2093.28,2102.91,2030.27,16.95911977,131.53781805010001
801140,2014-09-17,2036.57,2026.09,2038.6,2004.79,10.73412725,83.4860582184
801140,2014-09-18,2044.93,2033.11,2046.13,2026.43,8.24278078,65.985272112
801140,2014-09-19,2067.61,2045.1,2067.72,2040.74,7.87792365,67.7116134358
801140,2014-09-22,2040.19,2067.89,2067.89,2035.28,7.70898521,67.3459336343
801140,2014-09-23,2067.08,2037.0,2067.08,2037.0,9.10496402,72.2486875533
801140,2014-09-24,2095.66,2063.9,2095.66,2059.51,11.98925275,91.6936313085
801140,2014-09-25,2096.07,2100.51,2111.82,2089.41,12.0144518,100.29741542549999
801140,2014-09-26,2107.42,2090.16,2107.42,2084.43,11.6005525,85.2936315618
801140,2014-09-29,2129.1,2115.19,2129.41,2115.15,10.43497261,93.3438527035
801140,2014-09-30,2141.23,2133.81,2143.48,2126.82,9.13328331,79.53312871850001
801140,2014-10-08,2169.33,2145.02,2169.33,2141.0,9.42732109,83.6273987128
801140,2014-10-09,2193.59,2174.77,2193.59,2162.18,12.41286268,107.82606863219999
801140,2014-10-10,2183.39,2188.62,2193.43,2167.39,10.01108948,90.8532552036
801140,2014-10-13,2177.45,2176.8,2177.59,2148.71,9.85467061,90.22729617719999
801140,2014-10-14,2168.32,2175.55,2185.52,2153.47,8.71480548,84.3918397859
801140,2014-10-15,2172.25,2171.66,2176.72,2145.56,8.12873574,73.4761626175
801140,2014-10-16,2157.08,2169.59,2188.74,2157.08,11.35317843,99.7023874615
801140,2014-10-17,2140.32,2152.78,2162.56,2097.36,10.13671694,93.2637692879
801140,2014-10-20,2159.07,2139.43,2159.18,2133.61,7.25835101,68.11206961239999
801140,2014-10-21,2149.05,2159.71,2171.04,2147.14,7.67364524,70.6606211223
801140,2014-10-22,2115.23,2143.32,2151.31,2115.23,6.75612373,64.5089155964
801140,2014-10-23,2063.39,2109.25,2114.89,2061.24,7.47268708,69.8039536412
801140,2014-10-24,2060.74,2060.84,2075.9,2054.32,5.21891448,48.896264586499996
801140,2014-10-27,2070.51,2055.05,2071.32,2043.99,4.84208383,42.75345416
801140,2014-10-28,2124.57,2075.19,2124.74,2074.65,7.21086182,67.6093460275
801140,2014-10-29,2153.01,2132.97,2156.33,2126.0,8.95219734,81.4525715434
801140,2014-10-30,2162.35,2159.78,2170.89,2154.82,9.36430266,88.6675167449
801140,2014-10-31,2164.85,2162.26,2174.95,2147.94,9.07178793,85.207533965
801140,2014-11-03,2184.06,2164.64,2185.91,2164.55,8.94894635,81.5946583621
801140,2014-11-04,2180.76,2182.68,2188.29,2169.95,10.39094095,87.7131223425
801140,2014-11-05,2171.49,2177.17,2178.44,2162.73,8.95597805,75.1055186643
801140,2014-11-06,2181.26,2170.4,2181.79,2157.75,8.03811565,75.1968489498
801140,2014-11-07,2159.88,2179.34,2190.26,2152.29,8.89515269,84.3847521459
801140,2014-11-10,2177.87,2160.21,2177.87,2154.13,7.64140592,68.976998119
801140,2014-11-11,2107.54,2182.22,2182.22,2091.3,10.07485802,90.60347389709999
801140,2014-11-12,2145.26,2106.59,2145.26,2101.25,6.56144648,61.0157513187
801140,2014-11-13,2120.14,2147.62,2147.75,2107.16,7.94194818,76.1834573533
801140,2014-11-14,2120.6,2114.9,2120.74,2104.17,6.07655275,59.6425188948
801140,2014-11-17,2139.45,2122.28,2146.34,2112.29,5.77331534,58.843740414799996
801140,2014-11-18,2147.83,2137.56,2147.83,2135.23,5.76392661,65.2399374922
801140,2014-11-19,2166.67,2146.74,2166.67,2146.23,6.21985498,68.4081931601
801140,2014-11-20,2169.66,2160.16,2170.64,2156.36,6.9781653,71.84038980449999
801140,2014-11-21,2184.77,2169.49,2184.77,2165.34,7.20178944,72.8668911628
801140,2014-11-24,2201.02,2198.21,2205.77,2189.01,9.59128249,94.0361627965
801140,2014-11-25,2235.78,2200.2,2235.78,2196.89,10.7133063,111.85754271649999
801140,2014-11-26,2235.41,2233.46,2237.6,2218.24,10.61400076,107.2457036184
801140,2014-11-27,2257.62,2241.2,2259.32,2239.94,10.85104509,104.9244651459
801140,2014-11-28,2257.65,2260.37,2266.17,2237.1,11.03963605,108.3643089267
801140,2014-12-01,2228.62,2253.72,2253.72,2217.3,11.52719538,107.24268401139999
801140,2014-12-02,2250.3,2228.88,2255.63,2228.72,10.56470013,93.1870439595
801140,2014-12-03,2270.56,2253.29,2270.95,2234.06,13.96853417,124.4573347042
801140,2014-12-04,2303.18,2272.34,2303.18,2272.31,14.01393431,126.91069928120001
801140,2014-12-05,2233.54,2305.51,2305.51,2188.87,15.68843031,139.5958950453
801140,2014-12-08,2227.66,2229.49,2234.91,2211.36,11.68936365,101.6713221381
801140,2014-12-09,2144.08,2218.74,2219.0,2141.21,16.9083577,132.9734004791
801140,2014-12-10,2201.13,2139.57,2201.3,2133.99,11.58947726,84.8500263544
801140,2014-12-11,2245.61,2197.19,2245.61,2185.22,13.47565386,93.3481432088
801140,2014-12-12,2255.08,2240.66,2255.08,2237.19,13.07174353,98.88168485950001
801140,2014-12-15,2289.14,2245.82,2291.18,2241.82,13.61409742,110.1353476505
801140,2014-12-16,2273.24,2288.22,2288.22,2257.13,12.46456909,95.9910607819
801140,2014-12-17,2239.51,2264.33,2264.34,2220.32,13.8439346,105.01502901719999
801140,2014-12-18,2226.76,2233.19,2245.72,2224.93,9.6267511,80.35120374739999
801140,2014-12-19,2196.52,2220.41,2220.71,2170.01,10.84006909,86.85980386840001
801140,2014-12-22,2094.59,2188.88,2188.88,2088.75,14.27943706,102.8999681412
801140,2014-12-23,2076.11,2084.27,2106.95,2072.81,8.38965311,61.998580499300004
801140,2014-12-24,2122.13,2082.75,2122.24,2081.47,7.37803405,57.1218769879
801140,2014-12-25,2143.92,2124.15,2143.92,2123.81,6.55974434,53.0331740056
801140,2014-12-26,2150.28,2141.78,2150.28,2133.35,7.07626814,56.169974572700006
801140,2014-12-29,2114.56,2150.7,2151.5,2104.65,8.01771982,65.3649560249
801140,2014-12-30,2083.75,2117.11,2119.17,2080.27,7.64746774,60.5299902347
801140,2014-12-31,2096.03,2080.81,2096.05,2070.25,6.23202364,51.0086837194
801140,2015-01-05,2119.34,2096.68,2120.67,2080.26,9.12137644,69.1178872348
801140,2015-01-06,2150.17,2110.13,2150.17,2098.66,9.99222148,84.9646548061
801140,2015-01-07,2164.55,2146.54,2166.76,2142.67,10.32212874,83.97980192680001
801140,2015-01-08,2161.37,2165.75,2174.53,2147.69,8.77639556,77.6553089281
801140,2015-01-09,2147.17,2156.76,2176.35,2146.37,7.06083727,67.04104457
801140,2015-01-12,2120.31,2136.41,2136.44,2110.56,6.53280323,55.2294324249
801140,2015-01-13,2152.45,2121.43,2155.55,2121.23,5.84880156,58.833519680600006
801140,2015-01-14,2141.55,2154.93,2162.18,2134.32,5.68313291,56.7284962327
801140,2015-01-15,2160.7,2140.36,2160.77,2140.34,5.26739997,49.674155131099994
801140,2015-01-16,2182.1,2163.04,2182.1,2159.47,5.87726443,58.9981264224
801140,2015-01-19,2131.3,2143.89,2188.13,2106.74,8.95142734,84.3343717402
801140,2015-01-20,2210.07,2140.42,2210.07,2139.22,8.76076175,84.40573784680001
801140,2015-01-21,2261.31,2220.71,2262.42,2220.59,12.27148742,122.1983234652
801140,2015-01-22,2276.68,2253.31,2276.68,2249.71,10.3008128,100.5662310162
801140,2015-01-23,2262.47,2269.74,2272.71,2252.31,9.65096976,92.0945902748
801140,2015-01-26,2299.85,2258.36,2299.85,2258.36,10.33196109,101.9017323035
801140,2015-01-27,2311.28,2302.36,2312.93,2272.8,12.13343705,120.50185522209999
801140,2015-01-28,2306.17,2300.7,2326.33,2289.62,10.33507394,102.9591011266
801140,2015-01-29,2305.67,2291.37,2314.32,2284.0,8.70515561,85.78360278779999
801140,2015-01-30,2280.7,2305.63,2315.28,2280.7,8.18410899,81.5195379968
801140,2015-02-02,2275.72,2257.11,2286.89,2248.39,7.57669437,74.307861671
801140,2015-02-03,2323.68,2282.92,2323.68,2282.67,8.23589232,85.5123280272
801140,2015-02-04,2321.73,2332.39,2334.98,2319.53,8.33863402,87.0535712201
801140,2015-02-05,2328.48,2335.95,2351.07,2327.08,9.17696277,99.48430367540001
801140,2015-02-06,2289.65,2322.77,2323.41,2279.34,7.98743582,88.2303547816
801140,2015-02-09,2256.73,2279.48,2286.5,2253.98,6.2090451,66.3475285356
801140,2015-02-10,2271.76,2250.44,2271.76,2242.85,5.19501101,58.7535113909
801140,2015-02-11,2303.82,2275.52,2303.82,2274.32,5.80256071,65.3110355253
801140,2015-02-12,2331.99,2315.2,2333.76,2314.94,6.93385332,72.5049302338
801140,2015-02-13,2365.79,2345.6,2374.85,2345.45,8.6574896,93.1757178712
801140,2015-02-16,2404.04,2376.04,2404.04,2375.0,9.39720343,95.9532042157
801140,2015-02-17,2423.29,2410.86,2424.71,2395.2,9.15077149,93.7937266516
801140,2015-02-25,2439.68,2417.53,2449.62,2412.24,9.11559724,100.84970062149999
801140,2015-02-26,2451.07,2433.71,2451.07,2429.11,9.68334315,98.15258137040001
801140,2015-02-27,2467.06,2446.34,2468.36,2446.34,10.19442399,101.43308879790001
801140,2015-03-02,2515.53,2473.21,2515.53,2464.24,13.00852835,135.32848069
801140,2015-03-03,2522.14,2513.57,2547.06,2502.4,17.24306484,173.18865704110002
801140,2015-03-04,2571.96,2522.54,2571.96,2520.47,13.66268007,154.8974455763
801140,2015-03-05,2578.27,2571.36,2578.5,2553.96,12.89758104,143.911625825
801140,2015-03-06,2543.21,2578.3,2583.57,2543.21,12.88772696,140.31237707190002
801140,2015-03-09,2592.17,2534.36,2592.17,2523.82,11.76479688,127.57487926469999
801140,2015-03-10,2626.19,2590.64,2630.28,2589.36,11.16264497,132.327337455
801140,2015-03-11,2619.84,2625.29,2632.07,2613.08,11.39132077,134.5304729654
801140,2015-03-12,2606.07,2623.14,2623.14,2591.55,13.368013,137.1018188691
801140,2015-03-13,2646.45,2608.89,2646.45,2608.69,10.40671202,119.85283183790001
801140,2015-03-16,2738.69,2668.19,2738.69,2668.03,15.65572253,178.4133024349
801140,2015-03-17,2779.55,2757.98,2793.15,2745.92,22.28613994,213.2451350968
801140,2015-03-18,2833.97,2788.06,2834.02,2788.06,21.50873141,225.6116945053
801140,2015-03-19,2848.05,2829.18,2851.68,2808.07,18.16939382,190.2772260925
801140,2015-03-20,2882.2,2848.36,2890.88,2848.24,16.94306716,180.7426423002
801140,2015-03-23,2963.7,2891.15,2963.7,2891.01,19.78490514,218.3479574889
801140,2015-03-24,2973.09,2977.87,2982.75,2870.94,24.43710933,254.6115615861
801140,2015-03-25,2991.89,2969.62,3009.8,2944.16,18.78720409,212.6692014079
801140,2015-03-26,2964.33,2988.53,3015.52,2941.78,17.62550085,200.4820690505
801140,2015-03-27,3017.21,2969.73,3017.21,2964.07,14.44130268,170.6634540169
801140,2015-03-30,3034.78,3018.01,3039.02,3017.62,15.78415264,180.89720948689998
801140,2015-03-31,3038.02,3038.83,3060.03,3010.11,15.74114909,192.63893666380002
801140,2015-04-01,3098.43,3036.74,3100.8,3036.31,14.41258995,182.6650357023
801140,2015-04-02,3183.55,3112.51,3183.72,3112.51,18.57380699,230.91622634080002
801140,2015-04-03,3265.04,3185.3,3265.39,3168.64,18.68662127,236.02220962529998
801140,2015-04-07,3335.6,3280.47,3335.6,3276.93,20.97249815,270.9622436556
801140,2015-04-08,3307.98,3349.03,3357.38,3249.17,22.58055908,280.7752206537
801140,2015-04-09,3262.14,3308.62,3308.62,3145.04,19.28265839,241.7401497111
801140,2015-04-10,3333.51,3248.42,3341.39,3234.11,17.2799428,221.00793806240003
801140,2015-04-13,3420.81,3347.47,3427.83,3347.47,21.11853426,263.4270714741
801140,2015-04-14,3405.29,3424.06,3441.18,3379.2,20.37691491,254.8085019911
801140,2015-04-15,3280.91,3391.24,3391.24,3273.49,16.8950368,204.1952273706
801140,2015-04-16,3306.35,3237.93,3329.46,3184.46,13.51074553,165.0851876946
801140,2015-04-17,3321.54,3321.21,3349.56,3306.62,15.91197118,197.97844186900002
801140,2015-04-20,3247.29,3311.07,3330.88,3242.81,18.83940942,224.49832791880002
801140,2015-04-21,3373.74,3247.71,3373.74,3247.71,16.19065963,187.1966629266
801140,2015-04-22,3480.36,3395.89,3480.6,3395.89,19.96946328,234.8680926879
801140,2015-04-23,3511.14,3495.18,3536.84,3466.96,19.83869375,241.9870335009
801140,2015-04-24,3534.49,3482.3,3540.79,3449.77,18.647175,236.66769347169998
801140,2015-04-27,3558.34,3559.23,3606.42,3538.0,18.43388684,249.6359390326
801140,2015-04-28,3492.79,3572.6,3577.26,3456.88,18.0829982,235.3713486766
801140,2015-04-29,3594.51,3488.92,3599.53,3476.01,15.52628811,207.1335571969
801140,2015-04-30,3608.9,3614.52,3643.97,3601.72,13.74027797,198.8560898736
801140,2015-05-04,3644.14,3620.83,3648.94,3593.18,13.52963683,190.63204309740001
801140,2015-05-05,3560.26,3646.8,3655.02,3542.93,16.59455196,219.8615631232
801140,2015-05-06,3550.94,3571.51,3645.93,3522.8,14.48670988,200.17179603009998
801140,2015-05-07,3463.53,3534.0,3549.82,3454.37,12.8133023,169.8914631133
801140,2015-05-08,3608.23,3501.35,3608.23,3497.39,13.25967641,190.6968766261
801140,2015-05-11,3785.82,3653.11,3785.82,3646.72,16.67574601,258.722188941
801140,2015-05-12,3903.9,3818.13,3903.9,3807.99,18.05633523,278.87528345009997
801140,2015-05-13,3975.88,3908.98,4006.2,3869.94,19.5170905,321.6118989253
801140,2015-05-14,4023.57,3983.44,4031.78,3974.79,16.34938362,268.5760366037
801140,2015-05-15,4010.12,4025.89,4039.68,3956.45,17.07636811,267.5238376182
801140,2015-05-18,4108.9,4008.27,4114.34,3997.01,16.64984375,269.6821662031
801140,2015-05-19,4208.24,4129.66,4210.32,4111.32,17.44217342,287.2171080139
801140,2015-05-20,4329.4,4242.41,4382.48,4242.04,19.86753938,328.122700361
801140,2015-05-21,4482.0,4361.55,4482.0,4347.98,19.95973637,330.9872381965
801140,2015-05-22,4575.52,4546.28,4589.39,4463.39,24.23079146,373.15157996930003
801140,2015-05-25,4676.17,4572.93,4685.27,4528.62,26.15693318,385.59479699940005
801140,2015-05-26,4813.5,4718.93,4815.92,4679.18,24.43144693,382.45145532339995
801140,2015-05-27,4876.41,4843.6,4885.43,4743.57,24.33215525,401.308425801
801140,2015-05-28,4618.62,4896.69,4963.81,4618.62,30.36819574,471.1790995608
801140,2015-05-29,4687.52,4583.92,4756.89,4388.62,26.13840157,449.82629263260003
801140,2015-06-01,4879.93,4706.06,4880.33,4706.06,23.67166284,391.93397024480004
801140,2015-06-02,5110.61,4890.82,5110.93,4883.78,26.20434679,441.724313952
801140,2015-06-03,5141.13,5131.46,5190.93,5001.44,25.21465034,459.2394175247
801140,2015-06-04,5076.23,5134.62,5135.11,4821.74,21.70315197,375.20776439480005
801140,2015-06-05,5146.41,5148.73,5200.28,5020.52,23.72344483,423.91318884120005
801140,2015-06-08,5054.68,5134.1,5134.1,4993.97,21.49382278,389.1819737359
801140,2015-06-09,5039.31,5032.84,5073.91,4985.93,16.25042637,295.880246298
801140,2015-06-10,5185.5,5039.88,5227.46,4983.89,22.31810915,383.6978888098
801140,2015-06-11,5308.81,5197.27,5309.31,4802.95,21.20686892,392.96110357690003
801140,2015-06-12,5405.92,5331.58,5435.85,5322.66,24.85602962,441.9625001243
801140,2015-06-15,5346.8,5417.23,5429.59,5303.01,24.42859011,421.45417788379996
801140,2015-06-16,5190.93,5297.65,5297.94,5140.12,22.93832246,382.29807897589995
801140,2015-06-17,5267.46,5182.7,5281.34,5018.04,24.72284243,371.5661792406
801140,2015-06-18,5131.58,5265.18,5295.64,5121.67,17.75452438,282.5141778475
801140,2015-06-19,4836.5,5007.4,5043.2,4824.33,15.35695799,250.8390728371
801140,2015-06-23,4805.22,4806.65,4859.22,4577.91,17.35227446,248.62474942740002
801140,2015-06-24,4909.43,4848.69,4916.76,4786.56,19.31351814,293.4952290651
801140,2015-06-25,4786.42,4926.73,4953.43,4734.21,17.67402314,301.5242215063
801140,2015-06-26,4455.97,4639.01,4642.64,4454.16,14.94528594,216.2695224966
801140,2015-06-29,4167.78,4505.42,4519.04,4145.4,18.49518092,245.7024735118
801140,2015-06-30,4295.98,4058.78,4299.33,3910.28,22.71257233,288.9869858024
801140,2015-07-01,4098.22,4260.74,4380.46,4089.32,19.35010142,260.4419394321
801140,2015-07-02,3877.49,4043.29,4075.34,3867.24,16.66984438,213.1530986957
801140,2015-07-03,3710.19,3755.44,3881.04,3669.64,14.9548146,170.5562387317
801140,2015-07-06,3584.04,3870.85,3870.85,3527.79,20.03478418,216.7863656557
801140,2015-07-07,3409.11,3462.72,3476.59,3408.08,8.17417243,70.3736224563
801140,2015-07-08,3357.09,3322.17,3363.11,3319.53,7.36799315,93.7656173489
801140,2015-07-09,3432.7,3307.91,3433.55,3307.91,11.01462512,100.88046020649999
801140,2015-07-10,3517.61,3475.02,3518.48,3471.22,7.6630045,73.82651468729999
801140,2015-07-13,3640.08,3589.58,3641.7,3575.8,11.01808285,173.0441774119
801140,2015-07-14,3691.84,3682.92,3738.04,3659.8,14.04561607,204.0568018207
801140,2015-07-16,3581.77,3454.54,3641.14,3415.14,18.04394415,234.5605303865
801140,2015-07-17,3724.95,3585.78,3743.21,3573.61,17.26360947,240.6140478199
801140,2015-07-20,3759.87,3726.73,3806.2,3691.35,18.75935363,264.507753034
801140,2015-07-21,3844.19,3725.92,3851.37,3691.11,16.19660794,238.3343462042
801140,2015-07-22,3888.11,3860.94,3904.2,3805.08,17.14010245,256.5911007149
801140,2015-07-23,3987.49,3892.77,3998.6,3884.43,17.04665235,259.5277952436
801140,2015-07-24,3980.87,4010.33,4071.34,3947.08,19.97782677,308.3159915453
801140,2015-07-27,3756.65,3918.22,4009.65,3756.65,24.41190433,321.0437764693
801140,2015-07-28,3654.8,3593.08,3772.24,3544.84,21.00747331,271.1268573201
801140,2015-07-29,3766.37,3691.54,3766.64,3559.81,17.37681669,222.40776224119998
801140,2015-07-30,3674.47,3753.61,3816.48,3661.88,18.04593306,245.7092978709
801140,2015-07-31,3618.97,3616.96,3693.55,3575.23,13.26250082,200.393171928
801140,2015-08-03,3509.75,3587.66,3604.33,3474.29,13.48116871,180.0574509431
801140,2015-08-04,3655.93,3525.32,3655.93,3506.17,14.9286587,209.2934878971
801140,2015-08-05,3640.01,3649.24,3697.16,3606.8,15.56346733,211.9722351639
801140,2015-08-06,3630.21,3579.47,3656.27,3565.52,10.38365011,150.5842462727
801140,2015-08-07,3730.28,3658.7,3732.03,3658.58,14.19849789,191.4881117561
801140,2015-08-10,3875.16,3759.46,3888.07,3729.45,18.86993276,247.172630845
801140,2015-08-11,3921.18,3878.05,3960.0,3864.37,22.74732325,280.3021391359
801140,2015-08-12,3871.22,3884.48,3931.32,3864.29,19.60352517,249.26208269580002
801140,2015-08-13,3938.47,3852.87,3938.47,3827.89,17.00708419,220.6159579978
801140,2015-08-14,3971.11,3960.29,4005.42,3943.81,18.82795983,250.3915543171
801140,2015-08-17,4028.17,3983.4,4029.2,3944.99,20.36684051,275.3725990959
801140,2015-08-18,3821.26,4045.09,4055.67,3803.14,22.72399242,314.828529366
801140,2015-08-19,3904.33,3696.09,3932.83,3651.25,20.85919475,271.7889728706
801140,2015-08-20,3823.0,3883.96,3944.95,3815.81,18.26237202,248.8633796987
801140,2015-08-21,3658.37,3761.51,3796.43,3638.93,16.14211376,212.1651294262
801140,2015-08-24,3434.02,3513.38,3533.4,3429.23,8.97823098,103.55802993190001
801140,2015-08-25,3253.59,3237.67,3316.3,3232.96,11.61318177,139.96755551479998
801140,2015-08-26,3187.98,3237.2,3327.89,3136.96,18.29680039,201.744758763
801140,2015-08-27,3255.29,3220.91,3258.83,3133.99,15.13821287,173.1520411228
801140,2015-08-28,3397.46,3291.51,3399.18,3269.7,17.1046121,202.80745620099998
801140,2015-08-31,3273.53,3373.99,3373.99,3272.49,12.66491194,149.546791101
801140,2015-09-01,3137.43,3239.5,3239.5,3125.41,11.1419868,115.0267808165
801140,2015-09-07,3105.53,3095.34,3165.99,3084.3,10.62055715,121.4731145401
801140,2015-09-08,3203.38,3080.33,3204.63,3064.97,11.22101135,130.4358700993
801140,2015-09-09,3286.8,3218.94,3289.53,3207.09,16.85199418,200.1876139703
801140,2015-09-10,3240.67,3245.54,3286.51,3230.3,11.44345495,142.5301301025
801140,2015-09-11,3265.82,3235.59,3269.48,3215.01,11.46142937,127.2401029716
801140,2015-09-14,3103.3,3267.55,3278.25,3084.75,13.48272635,142.089826486
801140,2015-09-15,2973.02,3023.17,3069.06,2964.43,10.11893155,100.3713779023
801140,2015-09-16,3113.85,2973.28,3123.01,2971.25,12.90027512,126.2782149566
801140,2015-09-17,3065.22,3099.19,3167.69,3065.09,15.45934345,166.11180630200002
801140,2015-09-18,3084.84,3067.08,3096.28,3039.27,10.14415785,106.9753775125
801140,2015-09-21,3167.14,3053.54,3170.31,3048.5,11.33618007,130.2443880017
801140,2015-09-22,3199.01,3174.11,3218.19,3160.69,14.03754587,166.9052905282
801140,2015-09-23,3189.7,3155.78,3216.72,3147.79,15.34006862,169.7972427449
801140,2015-09-24,3211.36,3193.89,3220.32,3174.84,15.13882265,162.5800014843
801140,2015-09-25,3131.64,3201.71,3221.94,3114.95,14.42851955,154.0886874503
801140,2015-09-28,3184.68,3139.11,3186.83,3108.77,11.00215053,120.4646264765
801140,2015-09-29,3157.94,3147.38,3183.8,3139.27,12.92492259,127.22029360149999
801140,2015-09-30,3166.12,3166.58,3182.02,3144.58,9.66445973,102.30669687940001
801140,2015-10-08,3265.9,3229.59,3273.75,3215.26,13.58614792,151.9954906686
801140,2015-10-09,3286.02,3259.47,3295.2,3251.17,12.70350272,140.2794882412
801140,2015-10-12,3402.14,3296.67,3412.79,3296.67,18.55072377,211.7664270544
801140,2015-10-13,3434.55,3387.56,3443.69,3376.73,15.92131894,185.6114654861
801140,2015-10-14,3402.61,3421.45,3438.09,3392.28,14.73929527,176.9154746623
801140,2015-10-15,3486.22,3389.17,3486.82,3389.07,16.62157381,196.4607432059
801140,2015-10-16,3536.7,3503.78,3541.13,3466.95,20.40181897,242.5779984539
801140,2015-10-19,3559.25,3541.91,3568.74,3509.99,19.40852628,244.3856765425
801140,2015-10-20,3601.7,3552.97,3601.78,3539.88,16.60324503,208.68359514189999
801140,2015-10-21,3427.3,3594.97,3617.96,3413.75,21.08563212,264.5531940991
801140,2015-10-22,3523.1,3418.51,3525.25,3415.89,16.04781973,199.7766856171
801140,2015-10-23,3594.0,3535.13,3610.51,3524.16,18.39002965,236.7343066363
801140,2015-10-26,3604.01,3627.37,3633.35,3566.95,19.4846478,262.9363313468
801140,2015-10-27,3609.58,3579.36,3623.5,3482.99,17.00244454,227.1968032667
801140,2015-10-28,3559.09,3592.18,3632.95,3542.6,17.8090901,248.1793410543
801140,2015-10-29,3577.57,3564.89,3601.39,3526.97,13.83932486,189.7000628431
801140,2015-10-30,3549.52,3565.74,3593.68,3519.68,14.33574411,196.60717110619998
801140,2015-11-02,3496.6,3471.95,3567.87,3456.24,15.56912908,208.8690212421
801140,2015-11-03,3507.14,3499.5,3526.09,3462.76,13.54685417,186.12795940200002
801140,2015-11-04,3641.34,3520.72,3641.35,3520.27,18.71996535,244.0411684252
801140,2015-11-05,3632.76,3645.63,3675.1,3609.46,22.29463913,277.7503186814
801140,2015-11-06,3703.47,3634.48,3706.67,3632.49,19.31295254,256.3980479971
801140,2015-11-09,3742.02,3690.44,3755.47,3663.29,21.40612036,287.309617912
801140,2015-11-10,3770.34,3743.37,3787.25,3722.9,22.72813791,311.3447055524
801140,2015-11-11,3834.35,3766.96,3834.35,3762.21,20.69502432,283.015864546
801140,2015-11-12,3848.42,3856.75,3877.08,3805.57,21.27515472,313.3304885298
801140,2015-11-13,3781.54,3826.03,3831.96,3741.66,20.74418288,298.8116869336
801140,2015-11-16,3846.28,3715.49,3846.28,3712.48,14.83376942,208.1875881079
801140,2015-11-17,3833.72,3876.8,3901.86,3823.44,20.50094783,288.5123837507
801140,2015-11-18,3781.04,3829.91,3857.23,3772.57,15.14626289,221.59963605279998
801140,2015-11-19,3869.82,3785.58,3869.82,3781.93,16.08631758,231.00302454389998
801140,2015-11-20,3940.89,3883.64,3945.14,3882.8,19.54116485,294.9173702416
801140,2015-11-23,3936.95,3959.81,3986.57,3918.69,26.58140949,355.10518182910005
801140,2015-11-24,3961.51,3925.33,3961.51,3887.69,19.19047733,273.0386498711
801140,2015-11-25,4019.22,3953.46,4020.25,3947.05,19.62805198,299.5024775643
801140,2015-11-26,4018.17,4031.78,4050.12,4002.73,19.07717017,296.6791129416
801140,2015-11-27,3826.53,3993.49,4026.99,3799.52,22.7080987,322.95781642599997
801140,2015-11-30,3857.72,3834.05,3874.05,3686.21,21.35883377,301.2874534395
801140,2015-12-01,3870.76,3851.19,3907.44,3824.81,18.58570402,275.0996784069
801140,2015-12-02,3809.65,3849.68,3861.09,3718.52,14.4888651,210.83781497759998
801140,2015-12-03,3880.43,3803.61,3880.7,3803.61,13.91551153,208.8392315184
801140,2015-12-04,3898.69,3873.48,3923.71,3865.03,17.14861407,258.4370303989
801140,2015-12-07,3958.78,3903.69,3958.78,3884.28,17.91788699,264.7536638381
801140,2015-12-08,3876.63,3926.92,3929.42,3867.09,16.6973003,244.79776133849998
801140,2015-12-09,3838.82,3852.44,3870.79,3814.79,13.78768614,204.9057886164
801140,2015-12-10,3832.3,3829.11,3871.66,3825.12,13.32993916,193.3273614339
801140,2015-12-11,3786.26,3801.22,3809.56,3769.88,12.23636539,172.51135759759998
801140,2015-12-14,3838.53,3739.48,3838.53,3733.72,11.65095317,158.1248968807
801140,2015-12-15,3869.16,3837.69,3883.88,3837.69,15.05767992,211.62813839150002
801140,2015-12-16,3898.26,3881.19,3916.47,3870.46,14.63838181,215.0825114481
801140,2015-12-17,3986.23,3915.8,3986.23,3914.86,16.90930078,236.5411897151
801140,2015-12-18,3963.29,3977.95,3997.57,3943.75,15.5123898,242.41215571200001
801140,2015-12-21,3978.55,3946.46,3979.11,3941.71,12.68393953,195.7242734475
801140,2015-12-22,4011.78,3987.98,4011.78,3956.63,14.29660795,212.9464654358
801140,2015-12-23,3960.52,4011.19,4014.93,3954.48,15.58127123,239.03861624599998
801140,2015-12-24,3965.8,3950.55,3974.97,3902.91,11.86302531,189.2523456775
801140,2015-12-25,3999.43,3974.93,4005.12,3973.22,10.51881689,173.89666931419998
801140,2015-12-28,3939.26,4014.48,4032.02,3939.26,15.72994059,251.88193495849998
801140,2015-12-29,3986.62,3931.97,3986.62,3909.3,13.27008773,198.6214291771
801140,2015-12-30,4032.82,3990.79,4034.7,3989.37,15.34103147,223.0947716843
801140,2015-12-31,3979.44,4039.32,4042.13,3979.44,14.11789325,221.6481785063
801140,2016-01-04,3695.84,3972.82,3977.41,3695.8,11.60231923,172.49960756849998
801140,2016-01-05,3648.11,3541.43,3712.16,3526.36,17.62669517,249.66934581290002
801140,2016-01-06,3741.68,3663.58,3741.68,3642.24,15.69804034,233.8596678291
801140,2016-01-07,3455.27,3677.34,3695.85,3452.05,3.97376653,58.1617668605
801140,2016-01-08,3465.89,3522.9,3562.22,3312.61,16.28964581,226.5041582241
801140,2016-01-11,3232.09,3388.1,3421.79,3229.28,13.56187523,167.1201452791
801140,2016-01-12,3212.97,3219.27,3253.59,3150.38,11.81125538,158.3625034405
801140,2016-01-13,3116.6,3232.26,3265.4,3116.45,12.4804677,163.581426906
801140,2016-01-14,3210.34,3009.21,3214.89,3006.63,13.25752189,166.0193327563
801140,2016-01-15,3119.22,3185.43,3224.23,3099.92,12.77900451,178.2388667399
801140,2016-01-18,3170.84,3049.07,3203.51,3049.07,10.88423094,155.68897567940002
801140,2016-01-19,3287.11,3160.95,3290.75,3157.79,13.22728112,181.9030977507
801140,2016-01-20,3271.24,3269.39,3324.94,3251.14,13.45968285,195.9072096852
801140,2016-01-21,3106.89,3193.23,3268.66,3106.89,11.68875689,165.346903295
801140,2016-01-22,3131.89,3118.92,3139.36,3032.4,10.14460143,142.9405646809
801140,2016-01-25,3151.15,3140.14,3179.26,3116.87,9.14426251,136.3065305147
801140,2016-01-26,2918.36,3100.78,3105.35,2914.22,12.15281991,153.7891048927
801140,2016-01-27,2842.75,2898.58,2911.11,2715.43,11.96614906,142.39921240889998
801140,2016-01-28,2698.77,2784.28,2818.49,2688.62,8.52028608,101.90655931069999
801140,2016-01-29,2788.19,2671.08,2816.52,2660.0,11.63728976,133.6714491459
801140,2016-02-01,2746.27,2768.83,2799.93,2705.6,9.50379944,109.25747582209999
801140,2016-02-02,2841.11,2743.91,2845.26,2743.43,10.99342073,126.8762856359
801140,2016-02-03,2859.52,2805.32,2872.36,2784.14,9.68202906,118.01680670620001
801140,2016-02-04,2925.51,2873.07,2939.81,2872.6,11.13191299,142.8073067445
801140,2016-02-05,2911.84,2929.47,2951.21,2910.01,9.09547436,115.5284577208
801140,2016-02-15,2924.9,2824.2,2939.11,2822.69,8.57140249,106.0069040449
801140,2016-02-16,3047.05,2942.15,3056.59,2941.46,12.56981353,157.94800373200002
801140,2016-02-17,3089.39,3042.74,3092.67,3013.76,13.47235561,171.27460503700001
801140,2016-02-18,3092.2,3108.82,3128.75,3081.91,13.29154321,179.36074572189997
801140,2016-02-19,3102.61,3080.93,3120.97,3066.26,10.43027433,140.1959741746
801140,2016-02-22,3183.24,3144.46,3183.24,3135.39,12.84287509,176.81218187419998
801140,2016-02-23,3177.05,3183.46,3193.99,3126.11,12.52162181,174.3683876918
801140,2016-02-24,3183.78,3169.36,3208.07,3118.96,12.42132138,183.66629824919997
801140,2016-02-25,2937.14,3179.8,3179.8,2924.85,16.7526017,202.15894827009998
801140,2016-02-26,2910.73,2943.97,2964.47,2835.89,12.67742561,157.270526432
801140,2016-02-29,2718.17,2887.14,2887.48,2698.67,11.52563237,125.9006102709
801140,2016-03-01,2786.75,2717.55,2804.97,2670.3,10.78443917,127.5553915974
801140,2016-03-02,2924.68,2778.5,2930.27,2778.5,13.79436439,169.8567759117
801140,2016-03-03,2940.23,2914.77,2986.81,2913.35,15.0840497,181.25811006700002
801140,2016-03-04,2841.0,2928.37,2948.34,2798.11,13.15863928,156.4656166217
801140,2016-03-07,2914.56,2869.5,2934.96,2869.36,10.70129536,128.5308693785
801140,2016-03-08,2937.84,2907.46,2937.99,2789.7,12.31830473,145.16077177879998
801140,2016-03-09,2872.65,2866.3,2917.28,2844.51,10.16322117,128.2614066064
801140,2016-03-10,2823.86,2876.05,2898.55,2819.19,8.80927646,116.414555244
801140,2016-03-11,2822.24,2799.03,2842.21,2783.09,7.67563949,104.83598680530001
801140,2016-03-14,2937.17,2856.4,2965.55,2855.94,11.67339519,155.9256829577
801140,2016-03-15,2906.69,2926.95,2941.4,2892.62,9.33641318,126.7263357981
801140,2016-03-16,2881.82,2926.42,2946.36,2862.36,8.95934228,117.8308919923
801140,2016-03-17,2976.07,2896.01,2987.28,2889.18,12.3688712,161.3629324966
801140,2016-03-18,3096.51,2989.2,3110.87,2987.59,18.35761258,242.77928397189999
801140,2016-03-21,3180.61,3128.68,3180.85,3121.65,19.30881936,256.0374645237
801140,2016-03-22,3160.17,3146.36,3192.49,3129.29,16.24573912,215.3777881776
801140,2016-03-23,3185.0,3151.03,3185.39,3138.01,12.73576892,177.1714755556
801140,2016-03-24,3134.23,3154.89,3191.01,3121.18,14.09149094,199.10477571209998
801140,2016-03-25,3168.27,3132.79,3169.01,3119.71,11.68228082,153.3816751341
801140,2016-03-28,3156.82,3182.64,3215.53,3138.59,14.31900073,191.6391386774
801140,2016-03-29,3074.39,3145.34,3155.32,3050.26,11.39179199,149.5093885634
801140,2016-03-30,3182.12,3099.52,3182.48,3099.15,12.61234361,172.5435488539
801140,2016-03-31,3189.81,3201.9,3218.85,3177.69,14.21556809,202.63556373990002
801140,2016-04-01,3175.37,3174.44,3189.87,3118.28,12.04910182,166.1737772887
801140,2016-04-05,3258.2,3182.4,3259.3,3170.61,15.0780787,197.94254961
801140,2016-04-06,3278.64,3243.03,3290.18,3237.79,14.98475881,199.75737603369998
801140,2016-04-07,3215.76,3287.4,3293.16,3215.4,15.68602364,205.9527176655
801140,2016-04-08,3169.83,3177.68,3180.65,3126.1,12.07260326,164.63676056010002
801140,2016-04-11,3251.04,3199.68,3265.1,3199.53,14.38917903,193.7791115772
801140,2016-04-12,3234.89,3247.14,3263.22,3194.37,13.22355297,186.59947166650002
801140,2016-04-13,3283.78,3247.65,3326.47,3247.48,18.58205084,243.1234540645
801140,2016-04-14,3331.65,3301.21,3331.65,3282.54,13.77343044,195.4991926127
801140,2016-04-15,3339.52,3331.46,3346.44,3310.18,13.6108973,194.3767024279
801140,2016-04-20,3143.93,3320.2,3324.96,3081.73,17.64035237,233.51969847349997
801140,2016-04-21,3095.5,3118.38,3169.67,3090.17,11.678634,157.7055014657
801140,2016-04-22,3135.37,3070.89,3135.4,3063.9,9.75956756,130.921570241
801140,2016-04-25,3102.59,3120.93,3121.24,3055.01,8.69670622,118.85149237370001
801140,2016-04-26,3140.86,3097.33,3141.08,3091.5,8.37122034,119.3727136089
801140,2016-04-27,3156.01,3143.63,3182.0,3140.93,10.61164816,138.29583062
801140,2016-04-28,3150.39,3150.29,3162.28,3089.66,11.05668362,143.1461688401
801140,2016-04-29,3157.36,3131.3,3175.45,3125.61,9.22324122,117.54405568959999
801140,2016-05-03,3247.06,3160.43,3247.49,3146.63,11.56527246,153.5771779296
801140,2016-05-04,3244.93,3236.08,3273.34,3232.27,11.92466227,157.25506421059998
801140,2016-05-05,3267.74,3239.82,3270.04,3230.72,10.65831808,145.18476095649999
801140,2016-05-06,3125.53,3266.03,3276.46,3125.53,14.58483495,194.9893793541
801140,2016-05-09,2997.05,3086.35,3086.35,2980.78,11.33450127,143.4892355524
801140,2016-05-10,3002.06,2989.62,3018.85,2977.01,8.06332372,102.7225566338
801140,2016-05-11,2979.18,3018.18,3028.55,2964.89,9.10979291,115.6394142305
801140,2016-05-12,2969.78,2938.43,2969.96,2871.02,8.8842487,106.1930985135
801140,2016-05-13,2956.7,2960.77,3002.39,2938.52,7.6145611,92.785628061
801140,2016-05-16,3013.24,2949.1,3013.48,2936.21,7.6594068,94.7736233033
801140,2016-05-17,3000.15,3014.43,3027.23,2983.22,8.03849684,105.8184991943
801140,2016-05-18,2897.49,2972.92,2973.25,2860.96,8.56703427,100.4511741469
801140,2016-05-19,2901.4,2896.08,2951.81,2896.04,6.77505075,84.697611707
801140,2016-05-20,2936.06,2879.32,2936.15,2865.34,7.00832111,85.1967400143
801140,2016-05-23,2984.86,2942.47,2985.2,2941.93,8.77957267,107.4568530425
801140,2016-05-24,2950.28,2979.39,2979.41,2930.23,7.50083453,96.9076928762
801140,2016-05-25,2953.43,2968.32,2990.88,2931.47,7.71134198,96.1894772184
801140,2016-05-26,2966.18,2948.32,2966.4,2886.88,10.25947531,123.5143373932
801140,2016-05-27,2959.77,2958.99,2982.76,2946.68,7.80255855,103.5926896034
801140,2016-05-30,2935.59,2940.71,2960.48,2907.2,6.44343323,83.55219090850001
801140,2016-05-31,3057.78,2937.63,3058.18,2937.38,12.35672852,154.7518236992
801140,2016-06-01,3078.27,3058.27,3091.61,3058.13,12.17202809,168.8677945069
801140,2016-06-02,3108.74,3071.45,3108.74,3068.34,10.88975368,156.9895711203
801140,2016-06-03,3125.02,3108.88,3142.19,3102.5,12.50685468,179.09708481599998
801140,2016-06-06,3141.17,3137.87,3155.52,3118.34,10.67901666,159.09675449280002
801140,2016-06-07,3135.8,3142.57,3144.48,3117.84,9.81234854,143.6148077334
801140,2016-06-08,3124.87,3129.48,3141.18,3095.48,10.84982898,149.3932550347
801140,2016-06-13,2990.29,3084.21,3105.0,2989.83,13.50864154,172.5046485956
801140,2016-06-14,3002.56,2968.72,3004.16,2965.64,9.44620379,119.02967368469999
801140,2016-06-15,3114.48,2972.35,3116.89,2968.78,12.99125258,169.4251664519
801140,2016-06-16,3100.59,3117.13,3125.63,3092.03,12.52920128,171.9572267213
801140,2016-06-17,3129.05,3105.81,3139.92,3097.31,14.12944488,171.698531001
801140,2016-06-20,3129.29,3122.89,3135.05,3090.96,11.6656343,155.9788668688
801140,2016-06-21,3103.2,3149.34,3164.81,3086.63,12.6655467,168.33302690989998
801140,2016-06-22,3134.12,3095.43,3134.12,3086.49,9.55119958,133.3528879884
801140,2016-06-23,3117.63,3132.04,3142.72,3097.01,10.49978586,147.3732855955
801140,2016-06-24,3104.82,3114.25,3139.43,3013.28,14.55033177,189.7283311518
801140,2016-06-27,3163.48,3080.59,3163.79,3078.97,11.2204923,148.3700431929
801140,2016-06-28,3217.31,3156.36,3217.31,3153.36,14.13106079,194.77046578099998
801140,2016-06-29,3232.32,3226.94,3241.86,3209.83,13.54352875,182.2298010741
801140,2016-06-30,3233.88,3234.36,3244.68,3211.46,11.68522098,155.40322363069998
801140,2016-07-01,3237.94,3236.08,3257.17,3226.57,11.38419109,147.82946428440002
801140,2016-07-05,3303.1,3297.78,3307.0,3276.14,13.26311654,170.8506101341
801140,2016-07-06,3328.04,3292.72,3330.56,3288.27,14.14417144,182.6993279048
801140,2016-07-07,3318.72,3322.88,3330.21,3294.42,13.20532831,177.6955985984
801140,2016-07-08,3302.56,3311.3,3319.84,3298.27,10.11160166,138.21900709370001
801140,2016-07-11,3290.09,3307.59,3321.59,3287.62,11.73761928,154.80084742440002
801140,2016-07-12,3318.21,3285.1,3318.21,3235.66,11.60652962,156.8040922208
801140,2016-07-13,3341.84,3316.73,3342.24,3308.07,11.08897248,149.4610231314
801140,2016-07-14,3358.4,3343.73,3358.71,3336.3,11.0281981,151.0860800642
801140,2016-07-15,3349.37,3355.0,3359.6,3333.88,10.95734122,146.5066738526
801140,2016-07-18,3369.15,3343.25,3378.96,3333.6,12.13609329,156.2884555079
801140,2016-07-19,3376.36,3363.61,3376.36,3336.58,10.04355422,142.33959309690002
801140,2016-07-20,3388.03,3375.6,3409.2,3375.6,9.49955643,137.3689846293
801140,2016-07-21,3398.12,3389.59,3415.17,3376.86,10.89527113,156.2054652772
801140,2016-07-22,3362.1,3398.47,3408.6,3353.61,10.34124018,153.2330092502
801140,2016-07-25,3376.0,3357.1,3380.51,3347.44,9.43028408,136.6553181776
801140,2016-07-26,3422.77,3371.74,3423.24,3371.74,9.25664361,129.281919112
801140,2016-07-27,3276.28,3424.98,3429.28,3225.63,14.97503281,194.785396993
801140,2016-07-28,3288.95,3270.72,3294.69,3221.37,11.02461359,149.3907682429
801140,2016-07-29,3274.94,3285.96,3300.44,3258.67,8.20518424,113.0081587549
801140,2016-08-01,3229.52,3263.65,3266.19,3191.14,8.89858523,115.0877347195
801140,2016-08-02,3252.17,3222.6,3252.41,3222.34,5.94371905,82.0170961655
801140,2016-08-03,3265.6,3247.78,3265.9,3243.48,6.66645609,95.43931645110001
801140,2016-08-04,3276.78,3264.35,3276.9,3242.63,6.42196303,92.67176170440001
801140,2016-08-05,3274.07,3273.59,3292.79,3269.13,6.45995235,94.4695382157
801140,2016-08-08,3298.97,3268.67,3298.97,3244.44,7.27148684,98.62216900950001
801140,2016-08-09,3331.69,3296.86,3331.92,3296.09,8.14939144,117.68000935229999
801140,2016-08-10,3340.21,3327.96,3352.14,3327.95,9.04567275,132.53840605850002
801140,2016-08-11,3291.96,3329.09,3332.15,3290.78,7.66766603,109.62993354219999
801140,2016-08-12,3315.22,3291.67,3316.05,3284.72,6.72052356,96.00326185799999
801140,2016-08-15,3370.86,3317.66,3378.4,3300.49,11.17558548,155.1159529516
801140,2016-08-16,3390.3,3375.75,3401.52,3373.57,9.80108589,143.2369125525
801140,2016-08-17,3402.0,3387.67,3410.22,3377.44,9.65120512,140.5943300191
801140,2016-08-18,3404.08,3395.92,3415.72,3393.31,10.15475864,140.7395975749
801140,2016-08-19,3414.47,3401.57,3422.06,3397.77,8.75860642,126.309954294
801140,2016-08-22,3388.05,3416.32,3418.67,3386.8,8.85776912,128.5020634706
801140,2016-08-23,3399.85,3383.91,3408.86,3379.84,8.88609028,113.002616681
801140,2016-08-24,3408.34,3400.22,3419.16,3396.21,7.90113117,107.709708791
801140,2016-08-25,3391.51,3389.3,3394.33,3348.97,8.80724505,117.3976286298
801140,2016-08-26,3403.76,3395.89,3423.61,3395.84,8.46701366,113.4140064062
801140,2016-08-29,3411.91,3396.27,3416.57,3396.27,7.47749326,91.8615375973
801140,2016-08-30,3416.22,3415.43,3433.58,3411.9,8.22298934,96.642259598
801140,2016-08-31,3416.64,3420.13,3424.09,3400.01,6.97817628,90.3641472142
801140,2016-09-01,3408.36,3418.3,3430.38,3408.36,7.83123301,100.318280251
801140,2016-09-02,3394.56,3401.2,3414.72,3376.03,9.05730523,103.551776663
801140,2016-09-05,3416.03,3397.18,3422.3,3397.18,9.44871834,111.6058590352
801140,2016-09-06,3458.98,3412.72,3459.8,3382.79,11.20616899,129.9893139879
801140,2016-09-07,3457.47,3463.76,3479.2,3451.93,12.72309646,159.4581651114
801140,2016-09-08,3469.83,3453.34,3470.5,3450.4,9.42321725,122.1904000623
801140,2016-09-09,3451.82,3467.06,3478.08,3451.51,9.20447128,116.39324550559999
801140,2016-09-12,3363.55,3394.74,3410.59,3363.3,9.95033644,120.0867689125
801140,2016-09-13,3389.04,3379.59,3389.7,3366.83,7.0944366,88.7177060638
801140,2016-09-14,3373.85,3374.37,3396.39,3361.46,6.8291412,87.4503368508
801140,2016-09-19,3410.94,3382.04,3410.94,3381.77,6.32786553,94.7378785245
801140,2016-09-20,3410.47,3412.0,3415.97,3403.91,6.80761941,105.0391904077
801140,2016-09-21,3420.12,3409.17,3426.08,3408.47,6.52943463,96.6454830933
801140,2016-09-22,3431.16,3435.26,3442.48,3426.77,6.79492215,98.5920098169
801140,2016-09-23,3410.84,3434.57,3436.86,3409.73,6.49352855,95.31798161540002
801140,2016-09-26,3345.61,3403.23,3404.58,3344.43,7.07083678,97.00601630950001
801140,2016-09-27,3367.25,3341.25,3367.54,3324.79,6.35480238,84.8897724289
801140,2016-09-28,3368.75,3369.05,3373.95,3356.26,5.67871964,84.6871313238
801140,2016-09-29,3380.34,3368.2,3390.8,3368.2,5.77579905,80.8636394357
801140,2016-09-30,3401.65,3373.68,3407.18,3373.68,6.39989049,82.5918604494
801140,2016-10-10,3453.02,3416.85,3453.32,3401.79,8.13356958,114.21322487459999
801140,2016-10-11,3479.0,3454.41,3479.09,3450.91,8.30084492,120.66541206549999
801140,2016-10-12,3484.12,3476.88,3486.19,3468.86,10.0482097,131.0100073343
801140,2016-10-13,3486.76,3483.43,3494.92,3473.8,9.71410652,125.7498099546
801140,2016-10-14,3487.1,3478.67,3487.47,3458.16,9.16643511,114.9862453822
801140,2016-10-17,3462.66,3489.43,3497.39,3449.26,9.75748313,126.08517421139999
801140,2016-10-18,3507.99,3459.96,3508.08,3459.85,10.92708633,136.1669625785
801140,2016-10-19,3499.67,3509.31,3513.66,3489.31,10.47627276,146.7878848489
801140,2016-10-20,3503.29,3505.11,3512.47,3490.17,11.16790726,145.3072825936
801140,2016-10-21,3487.76,3504.08,3504.08,3451.31,10.31338912,164.84847837
801140,2016-10-24,3517.03,3482.18,3517.77,3478.88,10.16707615,155.87468696370001
801140,2016-10-25,3541.49,3513.08,3541.82,3512.64,10.19297865,156.5255927981
801140,2016-10-26,3520.07,3538.14,3538.44,3510.51,9.58322699,144.830350859
801140,2016-10-27,3528.86,3517.68,3529.67,3509.25,8.69633293,132.9659520936
801140,2016-10-28,3498.86,3526.53,3534.95,3498.86,8.71090064,139.81303157940002
801140,2016-10-31,3489.46,3489.4,3493.27,3470.88,7.74555919,117.08634662200001
801140,2016-11-01,3525.39,3488.75,3525.42,3488.53,9.1799563,149.9564855981
801140,2016-11-02,3521.41,3519.75,3533.33,3516.01,9.82156164,159.7592345065
801140,2016-11-03,3530.64,3513.33,3554.85,3512.09,10.79504218,176.70136419279999
801140,2016-11-04,3531.83,3534.26,3547.74,3521.68,9.09819212,161.3101011783
801140,2016-11-07,3532.1,3542.01,3543.63,3524.32,9.17955023,144.3651340191
801140,2016-11-08,3550.19,3542.57,3552.63,3533.15,9.61958979,147.9345240883
801140,2016-11-09,3544.41,3549.36,3555.64,3501.27,12.75093968,200.92581945380002
801140,2016-11-10,3589.55,3553.36,3589.55,3546.43,11.48548909,205.1725522906
801140,2016-11-11,3593.7,3592.66,3594.14,3581.18,11.33006901,197.86812030080003
801140,2016-11-14,3600.66,3586.35,3617.15,3582.45,12.19512637,184.0580035312
801140,2016-11-15,3611.67,3601.7,3611.67,3588.8,9.41409428,146.2484017066
801140,2016-11-16,3617.28,3615.35,3623.0,3610.94,14.58147476,184.6512850934
801140,2016-11-17,3602.82,3612.46,3613.53,3590.55,13.15353051,155.4070354697
801140,2016-11-18,3587.39,3601.95,3604.68,3583.61,10.90718376,146.6224677836
801140,2016-11-21,3592.58,3585.95,3597.29,3580.7,9.94334312,148.550893475
801140,2016-11-22,3624.93,3593.7,3625.08,3593.64,12.52566505,188.6400167079
801140,2016-11-23,3614.62,3629.41,3634.28,3603.14,13.3476144,203.8572108598
801140,2016-11-24,3594.67,3607.19,3612.93,3587.38,12.08244437,186.7539930642
801140,2016-11-25,3606.09,3588.76,3606.29,3530.93,12.00356096,186.4556863745
801140,2016-11-28,3628.48,3611.68,3642.3,3607.74,14.57883621,205.299812099
801140,2016-11-29,3582.38,3619.3,3620.37,3581.15,12.11954263,187.3425496168
801140,2016-11-30,3569.71,3573.73,3576.47,3557.02,10.5271228,154.06155072299998
801140,2016-12-01,3580.06,3567.41,3583.21,3566.75,9.51143862,152.4041828996
801140,2016-12-02,3517.85,3575.31,3576.14,3515.06,10.20740803,153.3943890963
801140,2016-12-05,3485.84,3483.9,3515.55,3474.91,7.7934005,113.7641940005
801140,2016-12-06,3501.34,3490.55,3509.01,3489.68,6.55904062,101.45008657860001
801140,2016-12-07,3534.12,3500.45,3534.28,3493.16,6.95710352,107.9599712438
801140,2016-12-08,3515.49,3535.46,3535.51,3512.01,7.30651812,112.0885527562
801140,2016-12-09,3506.93,3512.75,3519.26,3500.36,7.23956551,107.81118813200001
801140,2016-12-12,3345.13,3513.39,3515.96,3340.27,13.37282744,173.3977205366
801140,2016-12-13,3363.72,3337.1,3372.67,3312.63,8.8699814,117.9037536764
801140,2016-12-14,3366.91,3371.51,3394.38,3343.11,9.67809704,129.0553383582
801140,2016-12-15,3395.92,3359.12,3415.12,3356.69,9.14253857,130.7161899055
801140,2016-12-16,3434.23,3397.66,3434.98,3397.08,8.86570466,128.2315981376
801140,2016-12-19,3438.04,3433.34,3438.15,3414.0,8.7654221,118.00631185600001
801140,2016-12-20,3445.68,3434.37,3454.44,3432.49,10.11163773,135.6002223832
801140,2016-12-21,3457.35,3445.67,3458.76,3440.66,10.20763667,151.3074286476
801140,2016-12-22,3447.26,3453.03,3453.91,3428.64,8.61481457,127.446294162
801140,2016-12-23,3400.6,3447.56,3447.65,3393.59,8.38501254,133.0531090781
801140,2016-12-26,3425.06,3386.84,3425.06,3353.3,8.48198794,118.13806998540001
801140,2016-12-27,3433.32,3424.37,3440.42,3422.94,8.9927637,124.653879994
801140,2016-12-28,3414.66,3430.62,3435.65,3411.91,7.66258751,113.47222562969999
801140,2016-12-29,3405.32,3410.26,3420.85,3396.69,8.18271721,113.7694446667
801140,2016-12-30,3408.06,3411.91,3421.58,3400.39,7.95299149,113.41263852459998
801140,2017-01-03,3445.8,3413.33,3445.8,3412.93,8.57503593,113.71726352729999
801140,2017-01-04,3486.39,3449.43,3486.39,3445.28,10.06172251,139.59283644180002
801140,2017-01-05,3483.27,3482.15,3495.0,3477.85,10.12161675,140.1386555317
801140,2017-01-06,3455.01,3477.7,3477.87,3452.84,9.03418037,128.0351006413
801140,2017-01-09,3463.23,3446.43,3466.8,3446.38,10.06555995,122.1055572598
801140,2017-01-10,3455.41,3462.55,3473.36,3449.35,10.00022858,118.0013385459
801140,2017-01-11,3411.28,3450.84,3451.89,3410.95,8.75677467,111.6989250034
801140,2017-01-12,3366.52,3408.27,3421.48,3364.7,8.46049805,108.7691548195
801140,2017-01-13,3307.33,3362.98,3367.47,3299.59,9.01014347,118.52309340030001
801140,2017-01-16,3168.14,3298.47,3298.78,3079.65,11.55305631,143.6338247388
801140,2017-01-17,3218.95,3155.51,3218.97,3123.16,9.405573,116.2310535476
801140,2017-01-18,3212.1,3212.51,3225.39,3198.78,6.93455364,96.377920966
801140,2017-01-19,3197.81,3201.05,3217.21,3185.31,5.94366125,87.98777635360001
801140,2017-01-20,3255.75,3194.85,3259.19,3194.28,6.5989495,93.61406963879999
801140,2017-01-23,3283.1,3260.78,3290.67,3260.36,6.93678168,95.2416845617
801140,2017-01-24,3280.93,3280.56,3287.78,3267.66,6.79118569,89.8081510438
801140,2017-01-25,3304.54,3278.01,3308.3,3274.98,7.12465693,88.21479755290001
801140,2017-01-26,3318.47,3310.26,3320.43,3303.91,5.85543187,75.9607677424
801140,2017-02-03,3313.92,3323.95,3326.61,3304.81,4.87954601,66.066997348
801140,2017-02-06,3347.99,3313.21,3347.99,3309.72,7.01646588,99.26592184350001
801140,2017-02-07,3349.46,3344.73,3360.69,3334.05,6.86794407,97.23294895309999
801140,2017-02-08,3374.54,3347.24,3374.54,3327.47,7.82473272,107.6869732475
801140,2017-02-09,3405.66,3371.53,3409.12,3369.95,11.17930969,150.0678946179
801140,2017-02-10,3387.75,3402.71,3408.32,3384.37,10.23144695,130.0343107542
801140,2017-02-13,3411.99,3382.92,3412.93,3382.92,8.60129582,121.68952353700001
801140,2017-02-14,3413.63,3409.94,3416.72,3402.37,7.75543842,106.41976953209999
801140,2017-02-15,3385.47,3413.24,3422.5,3379.38,10.51962133,139.1151550577
801140,2017-02-16,3419.68,3386.68,3419.68,3384.59,8.75051143,120.5483147725
801140,2017-02-17,3387.81,3421.34,3426.77,3382.53,11.17482948,148.16116829799998
801140,2017-02-20,3426.9,3386.37,3427.04,3381.69,10.98468283,147.271323466
801140,2017-02-21,3454.39,3426.89,3456.24,3426.89,10.50106562,141.6899844057
801140,2017-02-22,3461.84,3454.18,3462.18,3444.09,9.68826247,132.07246358700002
801140,2017-02-23,3473.14,3465.21,3485.05,3450.83,12.33529932,160.2962630495
801140,2017-02-24,3478.95,3468.0,3479.13,3457.1,9.65066021,138.6191869426
801140,2017-02-27,3457.81,3474.96,3484.43,3455.99,9.29820779,134.94689855709998
801140,2017-02-28,3492.6,3458.37,3492.6,3458.24,9.33536417,139.9976191268
801140,2017-03-01,3489.78,3491.34,3499.8,3483.92,9.75723574,152.9966065499
801140,2017-03-02,3462.33,3490.68,3492.52,3460.03,9.07336949,140.04267824389999
801140,2017-03-03,3472.47,3453.83,3473.04,3441.31,8.62924078,129.4840780519
801140,2017-03-06,3514.13,3473.45,3514.13,3473.35,9.07953183,137.6956098636
801140,2017-03-07,3537.5,3517.51,3537.5,3511.37,10.20858609,151.2687456643
801140,2017-03-08,3525.07,3538.57,3542.43,3513.64,9.50673587,146.34331322100002
801140,2017-03-09,3498.79,3516.8,3517.07,3486.99,10.06693256,139.0642488321
801140,2017-03-10,3523.5,3497.06,3526.99,3495.59,9.12530452,138.5660281297
801140,2017-03-13,3548.79,3520.69,3548.79,3494.2,9.51854342,148.9436189843
801140,2017-03-14,3545.33,3549.58,3551.58,3533.27,8.41877005,143.9655519165
801140,2017-03-15,3558.32,3538.89,3561.37,3538.35,7.82591005,134.4778997734
801140,2017-03-16,3596.92,3565.07,3597.73,3564.89,9.4327461,157.3449027944
801140,2017-03-17,3564.29,3598.58,3603.19,3562.9,9.25236898,155.14360432860002
801140,2017-03-20,3570.8,3563.86,3571.63,3549.27,8.43905667,146.6910066285
801140,2017-03-21,3584.31,3572.55,3584.31,3567.98,8.38352197,160.2331457843
801140,2017-03-22,3570.1,3569.13,3580.71,3552.08,8.64645098,166.4633370345
801140,2017-03-23,3565.82,3568.61,3585.11,3530.19,9.26931342,171.1853572052
801140,2017-03-24,3580.57,3564.22,3586.33,3557.85,9.25973995,145.5644341882
801140,2017-03-27,3581.72,3581.14,3588.38,3569.65,9.79775605,148.39939046860002
801140,2017-03-28,3564.75,3578.54,3584.22,3559.41,8.10357424,140.71389212649999
801140,2017-03-29,3531.63,3565.28,3567.41,3527.97,8.87660518,138.7278496812
801140,2017-03-30,3456.97,3515.72,3517.13,3451.28,9.76946229,138.6894325245
801140,2017-03-31,3469.67,3457.08,3471.78,3446.23,7.35656567,106.1264038469
801140,2017-04-06,3527.51,3523.52,3534.86,3518.33,8.44749965,142.010207082
801140,2017-04-07,3526.32,3524.04,3533.36,3516.9,10.11498198,164.9564161202
801140,2017-04-10,3483.35,3514.67,3514.67,3479.9,9.84513298,154.648055669
801140,2017-04-11,3483.15,3472.39,3485.81,3423.85,10.25578448,148.902137294
801140,2017-04-12,3459.48,3481.97,3481.97,3456.15,10.33148816,133.39740018540002
801140,2017-04-13,3463.11,3458.33,3476.24,3454.96,7.68847588,102.0749188121
801140,2017-04-14,3406.38,3463.74,3464.15,3406.38,8.26299925,108.8318362891
801140,2017-04-17,3355.65,3384.6,3384.94,3342.66,8.35790278,119.1174505858
801140,2017-04-18,3342.52,3355.75,3387.76,3340.6,8.04129316,116.3609131434
801140,2017-04-19,3316.16,3332.68,3335.45,3280.35,8.04423252,107.6599609824
801140,2017-04-20,3311.99,3311.52,3331.39,3290.94,7.18925379,110.0189939591
801140,2017-04-21,3299.74,3312.8,3326.84,3289.71,6.27379455,89.702597396
801140,2017-04-24,3228.4,3290.71,3290.73,3225.86,6.96479644,91.89569909229999
801140,2017-04-25,3225.99,3228.57,3246.35,3221.89,6.50275166,92.1671113692
801140,2017-04-26,3221.35,3225.4,3240.2,3216.97,6.40235777,91.5181508966
801140,2017-04-27,3227.8,3211.14,3232.86,3151.76,8.72635661,120.9588833109
801140,2017-04-28,3239.78,3213.05,3239.78,3213.05,6.88613545,100.7721018156
801140,2017-05-02,3252.67,3236.88,3252.67,3234.5,6.37422418,92.4228638165
801140,2017-05-03,3250.0,3249.03,3258.59,3235.98,7.02359652,93.475177801
801140,2017-05-04,3236.95,3242.74,3259.96,3226.29,6.70985857,97.1875692597
801140,2017-05-05,3211.95,3229.95,3237.73,3211.77,6.51455181,101.92798759120001
801140,2017-05-08,3149.48,3201.6,3203.97,3149.33,6.38246797,89.9366275479
801140,2017-05-09,3162.73,3134.7,3163.74,3113.84,5.75048106,81.9858745926
801140,2017-05-10,3111.27,3161.44,3180.72,3110.13,6.5848664,98.78853420780001
801140,2017-05-11,3092.23,3091.09,3096.39,3022.06,8.4426154,102.9394653605
801140,2017-05-12,3087.86,3088.07,3098.99,3064.11,6.00293035,79.2889037135
801140,2017-05-15,3083.81,3086.46,3098.58,3081.2,6.05845635,82.30127711989999
801140,2017-05-16,3145.37,3079.15,3145.66,3055.56,8.09535076,110.4002456954
801140,2017-05-17,3152.32,3142.67,3169.19,3141.22,7.4132988,112.3056566451
801140,2017-05-18,3131.65,3133.45,3158.39,3126.05,6.3782799,98.8104303647
801140,2017-05-19,3121.78,3128.67,3134.0,3110.13,5.10212213,78.5915252604
801140,2017-05-22,3065.91,3118.74,3123.05,3055.84,6.08485269,97.8353534338
801140,2017-05-23,2996.78,3058.65,3062.18,2992.06,6.37926888,98.5860685826
801140,2017-05-24,2998.4,2981.64,2998.43,2939.9,5.92660375,82.4739867427
801140,2017-05-25,3022.08,2994.31,3025.4,2968.37,6.72073837,95.4435093691
801140,2017-05-26,3026.91,3015.95,3036.09,3014.84,5.75278076,89.8230855409
801140,2017-05-31,3024.66,3055.92,3065.48,3023.32,6.19551547,98.1441225831
801140,2017-06-01,2945.71,3015.9,3015.96,2944.41,7.07722647,90.8289615034
801140,2017-06-02,2973.81,2932.07,2974.26,2907.14,6.90242799,85.4175671554
801140,2017-06-05,3001.68,2982.06,3004.17,2980.26,5.66548506,85.8149656916
801140,2017-06-06,3028.33,2995.7,3028.42,2990.38,5.68183353,79.7144904495
801140,2017-06-07,3089.55,3024.94,3089.55,3022.05,8.39772263,116.6963889499
801140,2017-06-08,3099.87,3086.99,3104.13,3085.89,7.8030237,111.9029203601
801140,2017-06-09,3104.96,3091.69,3105.51,3075.63,7.23933212,95.32184395290001
801140,2017-06-12,3067.22,3086.03,3090.86,3064.96,7.32632547,94.7047365885
801140,2017-06-13,3092.84,3061.02,3097.8,3061.02,7.07861606,89.83064665319999
801140,2017-06-14,3089.15,3086.89,3094.9,3075.39,6.11945942,83.9595942534
801140,2017-06-15,3120.53,3083.69,3123.54,3083.69,7.50991864,104.06353597290001
801140,2017-06-16,3104.28,3114.32,3115.26,3097.97,5.54646812,83.1529714865
801140,2017-06-19,3121.04,3103.49,3121.04,3103.49,6.66653606,82.62455354640001
801140,2017-06-20,3118.89,3122.93,3132.39,3116.36,6.59933485,86.2281793718
801140,2017-06-21,3115.7,3117.95,3121.52,3094.41,5.83291228,72.8104909142
801140,2017-06-22,3070.27,3110.65,3120.65,3070.08,7.26677431,102.4587340988
801140,2017-06-23,3079.63,3062.39,3079.84,3035.75,6.62919179,91.0444205161
801140,2017-06-26,3122.63,3077.15,3122.63,3076.26,7.51253024,99.310729736
801140,2017-06-27,3123.89,3122.68,3129.21,3108.51,6.87829214,85.2761166856
801140,2017-06-28,3107.07,3114.16,3117.04,3099.84,6.56580999,80.7238791129
801140,2017-06-29,3116.74,3106.89,3124.59,3106.36,7.15646728,81.55484896189999
801140,2017-06-30,3135.4,3109.21,3135.55,3105.53,6.26952164,86.4851855384
801140,2017-07-03,3167.96,3136.61,3167.96,3136.53,7.63225401,89.5800877192
801140,2017-07-04,3163.3,3169.18,3172.37,3154.43,7.31720793,94.2377401223
801140,2017-07-05,3195.35,3160.83,3195.35,3159.94,9.7633813,107.61483278770001
801140,2017-07-06,3194.2,3192.07,3204.02,3171.13,10.15482398,112.89033977
801140,2017-07-07,3225.78,3190.41,3225.78,3189.65,11.96223539,133.5871586037
801140,2017-07-10,3201.22,3225.16,3226.45,3190.3,10.67110563,127.8361668145
801140,2017-07-11,3162.68,3194.23,3194.98,3161.2,8.89390868,97.8883221733
801140,2017-07-12,3165.61,3162.1,3172.3,3116.7,9.02543676,98.6698802959
801140,2017-07-13,3166.68,3159.99,3190.39,3158.15,9.10795733,95.0274733971
801140,2017-07-14,3158.29,3161.42,3162.5,3140.55,8.11965533,82.7262061565
801140,2017-07-17,3035.53,3156.78,3157.23,3019.8,10.57981355,113.6422281616
801140,2017-07-18,3066.64,3020.3,3066.64,3007.25,8.44168506,83.4993694225
801140,2017-07-19,3106.71,3058.09,3106.71,3058.09,11.41840916,105.8163627517
801140,2017-07-20,3113.59,3107.22,3126.06,3104.01,10.3469376,100.7060498855
801140,2017-07-24,3134.29,3114.51,3134.36,3112.62,11.19408107,112.5514559683
801140,2017-07-25,3121.13,3127.72,3128.34,3104.64,8.2846441,84.4194796089
801140,2017-07-26,3112.61,3120.97,3126.93,3093.97,8.43675021,87.22446815209999
801140,2017-07-27,3127.82,3103.9,3130.95,3085.78,10.25906014,109.7023676727
801140,2017-07-28,3133.95,3122.49,3134.18,3120.27,7.66564704,83.5561891984
801140,2017-07-31,3161.98,3129.71,3166.75,3120.64,13.64293542,121.6721978658
801140,2017-08-01,3161.15,3161.64,3169.04,3141.99,10.91932627,100.97680988040001
801140,2017-08-02,3132.55,3158.16,3164.91,3126.44,10.46511051,101.9826525857
801140,2017-08-03,3131.4,3125.85,3131.4,3122.84,8.90052327,93.2815453401
801140,2017-08-04,3122.03,3127.59,3146.31,3121.82,11.21717376,111.1462971433
801140,2017-08-07,3149.11,3116.66,3149.39,3111.29,7.94667123,76.90010478939999
801140,2017-08-08,3145.54,3146.35,3154.54,3137.49,9.30762844,88.8122044517
801140,2017-08-09,3149.66,3142.33,3149.74,3121.72,8.29177742,82.7271550881
801140,2017-08-10,3128.64,3147.27,3149.74,3102.25,9.65862135,92.5240399837
801140,2017-08-11,3084.01,3111.98,3127.96,3081.65,10.89710985,101.082701999
801140,2017-08-14,3134.32,3085.22,3134.32,3085.22,8.67930014,85.69775920869999
801140,2017-08-15,3144.68,3136.49,3144.95,3125.03,8.42072669,89.3007790768
801140,2017-08-16,3152.73,3141.59,3153.66,3125.07,7.32404986,81.3433449549
801140,2017-08-17,3165.78,3148.01,3165.93,3140.95,7.83470327,83.034350016
801140,2017-08-18,3167.52,3148.43,3167.67,3142.25,7.78198088,82.5194958555
801140,2017-08-21,3187.2,3171.99,3187.2,3167.72,7.81296539,80.53691284979999
801140,2017-08-22,3173.62,3184.48,3188.51,3167.78,7.32181523,79.5284606199
801140,2017-08-23,3149.65,3172.31,3174.13,3142.29,6.6416517,73.69044103569999
801140,2017-08-24,3127.46,3146.22,3149.04,3121.03,6.0725809,68.4445169147
801140,2017-08-25,3158.07,3125.37,3159.33,3125.35,6.64708428,75.08105665069999
801140,2017-08-28,3186.31,3161.92,3189.6,3158.07,7.81121492,97.3064938618
801140,2017-08-29,3188.13,3186.58,3194.58,3182.0,7.81294853,101.2554498825
801140,2017-08-30,3206.53,3188.25,3211.39,3186.39,9.18298143,111.85413881299999
801140,2017-08-31,3223.37,3209.05,3223.74,3201.22,8.72620823,106.1574957525
801140,2017-09-01,3241.38,3224.85,3241.38,3216.47,10.96297121,127.2886549806
801140,2017-09-04,3243.62,3243.15,3254.95,3230.86,12.02481737,131.457935105
801140,2017-09-05,3244.79,3247.45,3254.55,3234.07,9.51272468,110.2718289893
801140,2017-09-06,3245.78,3242.65,3249.3,3230.83,9.58361226,117.72190865649999
801140,2017-09-07,3232.55,3245.74,3253.17,3230.6,8.58961035,108.7107704743
801140,2017-09-08,3260.81,3233.72,3260.81,3232.56,10.34416878,120.8902025922
801140,2017-09-11,3308.13,3264.18,3308.13,3262.62,12.15002133,145.0435686284
801140,2017-09-12,3301.3,3309.34,3324.38,3294.54,14.45106606,165.456597394
801140,2017-09-13,3320.28,3304.47,3326.65,3300.09,11.61102207,127.7689526468
801140,2017-09-14,3303.76,3317.52,3320.22,3287.52,10.10373532,116.6673134701
801140,2017-09-15,3305.07,3303.03,3307.19,3275.01,8.89573042,105.7405666141
801140,2017-09-18,3324.61,3299.96,3324.61,3294.66,7.63742561,88.34197150610001
801140,2017-09-19,3293.69,3323.99,3324.75,3279.51,8.58042814,96.961895372
801140,2017-09-20,3312.84,3292.98,3312.88,3276.15,8.15310949,95.2196411373
801140,2017-09-21,3282.43,3309.73,3321.3,3282.07,8.36228427,97.62385854540001
801140,2017-09-22,3272.31,3275.99,3277.02,3251.79,7.05714573,79.4689256583
801140,2017-09-25,3226.93,3266.66,3273.61,3224.61,7.33148247,82.83355638260001
801140,2017-09-26,3227.75,3222.91,3234.72,3209.45,5.77444635,70.0998910858
801140,2017-09-27,3265.74,3230.78,3265.74,3229.37,7.30820824,81.7167800319
801140,2017-09-28,3252.06,3264.75,3264.98,3251.54,6.69012816,80.4304845073
801140,2017-09-29,3298.28,3254.96,3298.3,3250.82,8.92470292,104.84583555379999
801140,2017-10-09,3315.07,3327.53,3333.49,3301.93,9.03866129,109.3109914491
801140,2017-10-10,3329.28,3311.61,3329.28,3298.57,8.95854413,109.4235338742
801140,2017-10-11,3320.58,3323.93,3328.68,3307.88,11.63450523,135.9944887633
801140,2017-10-12,3314.2,3319.18,3329.13,3290.35,8.37252854,100.4023700629
801140,2017-10-13,3328.85,3309.17,3329.24,3301.29,7.74195828,103.40176958299999
801140,2017-10-16,3292.98,3325.08,3332.67,3289.68,8.99198819,116.66748346909999
801140,2017-10-17,3294.36,3291.68,3300.56,3276.67,6.83024597,84.4774772185
801140,2017-10-18,3261.98,3294.28,3298.18,3255.45,8.91693091,103.59391062979999
801140,2017-10-19,3223.98,3255.26,3260.16,3221.63,7.20364378,83.1035575475
801140,2017-10-20,3256.55,3217.46,3256.88,3215.2,6.72065755,77.5785967458
801140,2017-10-23,3279.79,3256.28,3280.43,3248.96,6.9224492,80.0764451962
801140,2017-10-24,3265.59,3278.91,3279.12,3249.48,5.87150455,72.9000647417
801140,2017-10-25,3304.84,3266.96,3304.88,3264.52,6.43976912,82.8737149497
801140,2017-10-26,3301.71,3294.71,3306.88,3286.31,7.694313,100.3964400607
801140,2017-10-27,3293.44,3301.68,3314.8,3287.33,7.00298161,96.4255009087
801140,2017-10-30,3223.55,3289.39,3291.21,3210.96,8.44477232,106.43336886760001
801140,2017-10-31,3253.08,3221.24,3253.12,3219.65,6.61140036,89.6119303207
801140,2017-11-01,3254.32,3250.11,3258.0,3244.16,6.37501362,88.02747347209998
801140,2017-11-02,3226.61,3251.7,3252.09,3220.37,8.14868291,102.1501661289
801140,2017-11-03,3190.22,3229.98,3229.98,3171.69,9.9833195,117.4580278055
801140,2017-11-06,3212.91,3187.94,3212.91,3162.01,6.97617352,89.14369365430001
801140,2017-11-07,3218.94,3209.6,3218.94,3195.84,6.93367593,85.7889253086
801140,2017-11-08,3232.39,3217.4,3249.01,3215.96,8.07634354,101.63981927200001
801140,2017-11-09,3247.24,3229.92,3247.91,3228.01,6.51035089,87.4152801865
801140,2017-11-10,3250.4,3249.86,3253.37,3232.26,7.18677572,98.9487138273
801140,2017-11-13,3240.47,3251.56,3251.7,3223.21,8.26728832,108.04325178239999
801140,2017-11-14,3222.69,3236.62,3237.06,3207.98,7.88224589,105.03328097309999
801140,2017-11-15,3190.76,3215.31,3215.5,3176.91,6.76633599,92.9996435144
801140,2017-11-16,3183.57,3181.93,3201.55,3176.88,6.21759252,81.23488722489999
801140,2017-11-17,3088.94,3177.01,3178.94,3085.68,8.44575149,102.99913908100001
801140,2017-11-20,3095.87,3074.25,3096.13,3015.95,6.48119558,79.22783472260001
801140,2017-11-21,3093.72,3090.73,3111.99,3075.07,6.71918875,81.0931831776
801140,2017-11-22,3080.26,3096.81,3098.93,3063.41,7.91832617,84.5416675155
801140,2017-11-23,3005.15,3078.45,3078.61,3005.13,7.09203248,80.2114464944
801140,2017-11-24,3008.82,2998.65,3015.59,2994.04,5.34765417,59.1422315262
801140,2017-11-27,2985.83,3004.64,3008.12,2984.56,4.64982838,55.3976490451
801140,2017-11-28,3031.65,2984.49,3031.65,2983.52,5.16719141,63.0341001926
801140,2017-11-29,3061.5,3030.57,3062.17,3025.02,8.12210109,88.0824428051
801140,2017-11-30,3042.87,3054.63,3061.53,3037.8,6.35934143,71.6562052859
801140,2017-12-01,3053.52,3041.82,3058.47,3037.84,5.36365708,63.2329417294
801140,2017-12-04,2997.64,3042.62,3043.11,2996.99,5.65936327,71.841588214
801140,2017-12-05,2930.89,2988.86,2989.05,2915.03,6.89232897,76.4482334706
801140,2017-12-06,2943.06,2922.96,2943.09,2891.88,5.22068575,58.9740618341
801140,2017-12-07,2936.16,2936.9,2947.39,2930.27,4.20583165,49.1237106504
801140,2017-12-08,2964.7,2935.68,2968.49,2933.28,4.43220587,52.9942579975
801140,2017-12-11,2987.37,2966.74,2987.43,2966.21,5.05435748,56.1818925421
801140,2017-12-12,2958.42,2986.16,2986.53,2957.81,4.55638507,54.8498364421
801140,2017-12-13,2971.58,2952.52,2971.58,2950.03,4.09692131,53.6256670605
801140,2017-12-14,2973.57,2969.8,2974.0,2961.5,4.48988193,56.517959725299995
801140,2017-12-15,2964.62,2970.79,2976.8,2956.14,4.97793039,63.124375893599996
801140,2017-12-18,2965.3,2964.18,2971.04,2951.4,4.6289144,57.54386713979999
801140,2017-12-19,2993.62,2964.06,2993.62,2963.9,5.08469474,64.1778484255
801140,2017-12-20,2970.0,2991.66,2993.42,2967.42,4.92495932,59.049509946099995
801140,2017-12-21,2982.53,2970.38,2990.74,2949.27,6.0094411,67.5440186086
801140,2017-12-22,2971.1,2980.37,2982.29,2969.4,5.087568,56.8058096918
801140,2017-12-25,2940.07,2976.34,2978.57,2932.96,6.27957123,71.1008471342
801140,2017-12-26,2953.57,2936.11,2953.58,2926.58,6.20006626,73.1296778517
801140,2017-12-27,2936.4,2950.51,2953.52,2933.64,5.73669631,72.07249160180001
801140,2017-12-28,2948.75,2931.76,2949.4,2922.22,5.78165858,74.6202848826
801140,2017-12-29,2977.82,2948.95,2978.08,2948.95,5.63702503,70.3239483174
801140,2018-01-02,3013.89,2977.42,3014.34,2976.82,6.96852589,82.9745386296
801140,2018-01-03,3025.49,3012.78,3028.68,3011.22,6.82218304,84.5598574813
801140,2018-01-04,3032.51,3024.6,3032.66,3017.8,6.20204144,74.6383802147
801140,2018-01-05,3035.84,3032.09,3038.56,3022.37,7.32753132,79.3780792523
801140,2018-01-08,3066.27,3036.05,3066.27,3031.17,7.97927351,91.965095838
801140,2018-01-09,3050.65,3063.93,3067.66,3044.8,6.68813617,80.1793139314
801140,2018-01-10,3026.74,3046.09,3049.18,3008.09,6.40637385,80.17294999970001
801140,2018-01-11,3035.91,3021.35,3038.07,3017.15,6.37699494,79.4963351338
801140,2018-01-12,3042.0,3036.56,3056.96,3036.56,7.22300641,88.8424487798
801140,2018-01-15,3002.32,3040.76,3042.0,2996.16,9.50537727,112.70549118059999
801140,2018-01-16,3039.36,2998.17,3039.36,2998.17,8.12091363,101.60748150030001
801140,2018-01-17,3020.58,3032.06,3032.16,2987.92,6.86708602,84.3152392011
801140,2018-01-18,3034.77,3017.89,3034.9,3013.11,7.74455955,92.6485373783
801140,2018-01-19,3027.89,3036.23,3050.58,3021.14,9.22681332,111.08699191790001
801140,2018-01-22,3037.73,3020.73,3037.73,3001.89,7.24385132,89.01694014120001
801140,2018-01-23,3044.37,3034.43,3050.82,3034.28,6.79087802,85.67136432779999
801140,2018-01-24,3042.21,3041.73,3042.21,3017.73,7.42195959,94.61896228139999
801140,2018-01-25,3052.3,3040.62,3062.95,3035.85,8.21626878,93.77197042469999
801140,2018-01-26,3053.83,3045.59,3055.73,3043.22,7.54475927,85.19916992270001
801140,2018-01-29,3032.47,3050.62,3055.89,3024.43,9.06998772,101.8755115506
801140,2018-01-30,3038.07,3028.67,3041.2,3025.36,7.72941891,89.02521909110001
801140,2018-01-31,2995.93,3025.28,3027.47,2987.18,8.77838188,100.72805081770001
801140,2018-02-01,2899.69,2988.79,2990.84,2883.61,9.88155586,105.7467529481
801140,2018-02-02,2889.87,2879.22,2889.87,2826.23,7.71401052,82.4806656836
801140,2018-02-05,2901.73,2852.25,2901.76,2844.78,7.12523017,73.4942476245
801140,2018-02-06,2774.87,2853.4,2862.05,2772.63,8.85163257,91.83934492110001
801140,2018-02-07,2783.52,2810.83,2826.33,2745.04,9.75211168,98.28441453280001
801140,2018-02-08,2797.96,2768.16,2804.46,2757.49,6.8188953,70.7827342571
801140,2018-02-09,2698.72,2738.85,2741.17,2667.44,8.35203787,77.2381355492
801140,2018-02-12,2762.1,2709.38,2773.09,2708.74,4.9185072,53.933951751
801140,2018-02-13,2779.3,2772.07,2797.61,2770.74,4.92997487,52.051506215100005
801140,2018-02-14,2794.34,2781.31,2794.84,2769.34,3.87651303,44.499780561
801140,2018-02-22,2838.3,2811.28,2839.15,2806.73,4.94210761,54.9372651731
801140,2018-02-23,2867.7,2841.45,2867.93,2834.61,7.96579082,74.42859852689999
801140,2018-02-26,2913.09,2879.11,2913.29,2875.87,9.84806211,99.20589223620001
801140,2018-02-27,2897.16,2911.44,2913.79,2881.46,8.26049787,93.5035996123
801140,2018-02-28,2894.95,2872.72,2904.72,2859.83,8.17274143,86.18766535700001
801140,2018-03-01,2923.87,2880.44,2923.87,2877.32,7.52065724,82.50470790109999
801140,2018-03-02,2914.34,2910.6,2925.56,2907.3,7.75311379,80.9471326533
801140,2018-03-05,2911.9,2916.35,2923.06,2894.42,7.2281934,75.8742846976
801140,2018-03-06,2945.22,2917.16,2945.23,2913.58,7.99954206,85.4253981802
801140,2018-03-07,2927.03,2947.03,2953.95,2925.46,7.20123485,76.8924866225
801140,2018-03-08,2948.57,2923.78,2948.59,2919.59,7.30949154,80.5979875569
801140,2018-03-09,2971.79,2950.04,2972.09,2939.79,8.1544439,95.56264451690001
801140,2018-03-12,3008.05,2979.91,3008.45,2979.53,9.96842985,112.3052663259
801140,2018-03-13,2981.32,3002.36,3002.61,2979.3,7.99652306,89.2491170938
801140,2018-03-14,2963.12,2972.98,2979.96,2960.92,6.49811021,76.8686183621
801140,2018-03-15,2945.25,2949.07,2957.91,2924.21,8.32474045,91.9584534946
801140,2018-03-16,2941.05,2938.89,2955.61,2938.82,6.60683755,76.6081027151
801140,2018-03-19,2942.92,2940.52,2952.03,2930.32,5.60857022,65.6248836611
801140,2018-03-20,2950.07,2927.6,2950.27,2921.74,5.84480956,69.54762468279999
801140,2018-03-21,2932.59,2949.84,2964.56,2926.45,6.75259265,81.3099321895
801140,2018-03-22,2927.06,2930.13,2943.79,2912.07,6.15024895,73.82939578050001
801140,2018-03-23,2796.25,2854.32,2873.54,2767.09,9.66771036,102.9836929285
801140,2018-03-26,2820.95,2762.5,2821.11,2729.86,6.88551376,77.8666892456
801140,2018-03-27,2868.03,2847.75,2875.65,2847.3,7.27483311,88.70310302979999
801140,2018-03-28,2843.43,2841.19,2862.35,2834.29,5.96681711,72.135152851
801140,2018-03-29,2872.96,2842.82,2876.49,2827.65,5.80801587,69.080722855
801140,2018-03-30,2891.98,2878.47,2893.94,2876.93,5.67804244,68.1971485055
801140,2018-04-02,2881.11,2892.71,2896.93,2868.95,6.80272636,79.84587917270001
801140,2018-04-03,2863.34,2850.84,2866.3,2842.6,6.65424382,74.6827515621
801140,2018-04-04,2852.31,2869.88,2872.89,2849.19,5.70921046,70.04241178390001
801140,2018-04-09,2835.76,2837.21,2847.87,2817.74,5.56761052,69.4248714735
801140,2018-04-10,2860.36,2839.93,2860.36,2831.08,6.54288669,75.7295437875
801140,2018-04-11,2888.7,2868.72,2895.08,2868.3,7.65337094,88.06727895799999
801140,2018-04-12,2880.31,2888.36,2895.53,2877.6,6.91314917,84.1317574167
801140,2018-04-13,2868.04,2882.23,2890.87,2862.77,6.84970889,85.134939092
801140,2018-04-16,2845.73,2866.44,2869.21,2825.89,7.06324922,83.8398029309
801140,2018-04-17,2792.13,2847.47,2855.26,2790.93,7.01103808,86.2640976199
801140,2018-04-18,2800.1,2800.72,2807.82,2749.14,7.26978709,81.191086903
801140,2018-04-19,2796.23,2797.97,2808.67,2792.22,5.78663274,66.8629207699
801140,2018-04-20,2734.58,2786.28,2786.52,2731.17,6.36365587,69.89699126149999
801140,2018-04-23,2718.77,2727.41,2734.34,2694.37,5.1218183,58.9462006921
801140,2018-04-24,2769.72,2715.16,2769.72,2715.16,5.83777649,65.4354598609
801140,2018-04-25,2773.03,2759.79,2773.03,2757.49,5.20064946,60.322080461700004
801140,2018-04-26,2716.76,2768.57,2772.02,2716.66,5.55575578,63.4309476555
801140,2018-04-27,2714.85,2720.15,2726.4,2699.93,5.13340834,57.469718624399995
801140,2018-05-02,2723.79,2713.7,2728.96,2711.2,6.31429019,77.0304010799
801140,2018-05-03,2746.74,2721.58,2746.74,2705.53,5.6204394,70.9421557846
801140,2018-05-04,2748.96,2741.85,2760.08,2739.06,5.2575545,69.1387491201
801140,2018-05-07,2808.5,2756.97,2809.01,2748.34,7.94881189,91.42583946190001
801140,2018-05-08,2829.32,2808.84,2829.53,2807.03,7.31364747,86.3159626657
801140,2018-05-09,2823.94,2826.32,2826.55,2812.57,5.8101447,74.8492314344
801140,2018-05-10,2848.85,2831.03,2850.25,2831.03,6.81057669,83.8422190663
801140,2018-05-11,2839.61,2858.25,2861.83,2837.64,7.55784818,92.3012089808
801140,2018-05-14,2826.51,2837.16,2845.32,2817.43,6.06903924,75.2672254472
801140,2018-05-15,2850.96,2830.72,2851.09,2824.95,6.09204681,81.1869816545
801140,2018-05-16,2842.46,2845.05,2855.78,2830.17,5.82566355,79.0743847957
801140,2018-05-17,2818.59,2836.05,2837.51,2810.93,6.15210336,74.8734537599
801140,2018-05-18,2836.76,2813.3,2836.76,2812.4,6.55162979,82.17640724479999
801140,2018-05-21,2859.43,2843.74,2861.71,2840.13,7.62988067,102.80057574530001
801140,2018-05-22,2868.04,2858.4,2868.09,2851.7,7.27719807,96.0834872753
801140,2018-05-23,2841.84,2863.26,2863.26,2841.68,8.15931803,101.9927531465
801140,2018-05-24,2834.12,2840.83,2848.01,2831.07,6.69635765,85.0930995514
801140,2018-05-25,2813.02,2831.53,2835.69,2809.31,6.65970217,81.9442455215
801140,2018-05-28,2803.43,2805.57,2811.76,2776.08,6.24734058,78.4169415161
801140,2018-05-29,2781.43,2793.91,2809.55,2780.46,6.28591905,83.9176924786
801140,2018-05-30,2713.16,2748.7,2749.93,2713.16,7.38986187,89.74409975469999
801140,2018-05-31,2774.99,2725.54,2775.07,2725.42,6.31984038,79.7438332289
801140,2018-06-01,2757.48,2766.58,2794.45,2742.65,6.43329646,95.23539868719999
801140,2018-06-04,2767.54,2760.66,2774.52,2755.47,6.16568249,79.7997540214
801140,2018-06-05,2789.4,2759.55,2789.4,2758.57,5.63493533,77.709184047
801140,2018-06-06,2791.65,2788.09,2796.01,2782.58,6.87304958,81.4495430703
801140,2018-06-07,2769.12,2793.19,2795.45,2765.81,6.42935204,75.1024845888
801140,2018-06-08,2729.72,2758.24,2758.94,2713.09,6.26930208,67.9946609191
801140,2018-06-11,2708.74,2721.68,2727.17,2701.45,5.59435071,62.743106824799995
801140,2018-06-12,2722.23,2708.11,2722.23,2674.34,5.51553778,64.2051015479
801140,2018-06-13,2674.23,2713.91,2714.11,2673.16,6.85967417,64.5353799586
801140,2018-06-14,2667.09,2662.19,2687.29,2659.1,5.29503905,58.5414499317
801140,2018-06-15,2619.62,2664.1,2669.97,2608.07,6.03643447,61.4444285616
801140,2018-06-19,2440.17,2584.28,2585.44,2417.88,8.42650489,73.5507556891
801140,2018-06-20,2463.86,2424.0,2476.19,2407.4,7.94854211,67.5570462865
801140,2018-06-21,2413.33,2457.19,2480.02,2409.99,7.56196194,66.67045922220001
801140,2018-06-22,2436.14,2396.4,2437.72,2379.28,7.03096712,54.785232678199996
801140,2018-06-25,2416.67,2448.15,2454.16,2415.19,6.23849693,51.7597604467
801140,2018-06-26,2414.75,2387.76,2417.78,2375.16,6.67514881,59.3324905858
801140,2018-06-27,2398.03,2412.29,2431.86,2390.54,6.80587379,63.3895270313
801140,2018-06-28,2372.28,2389.01,2410.45,2369.18,5.83972376,57.002191897399996
801140,2018-06-29,2427.57,2371.14,2428.13,2359.32,6.78800007,64.48106374449999
801140,2018-07-02,2384.68,2428.61,2440.49,2367.22,8.12557225,67.6296716167
801140,2018-07-03,2386.9,2381.43,2392.52,2333.22,8.92091145,76.3012516949
801140,2018-07-04,2346.33,2376.32,2376.82,2338.11,9.20831284,71.5541598435
801140,2018-07-05,2283.67,2339.21,2344.97,2282.42,8.12294854,64.566742387
801140,2018-07-06,2297.38,2284.82,2313.58,2236.46,8.15502496,65.8253460407
801140,2018-07-09,2341.28,2296.17,2341.28,2295.97,6.96214922,61.383513561899996
801140,2018-07-10,2359.01,2342.12,2359.97,2333.87,7.27320226,66.7627646631
801140,2018-07-11,2303.48,2326.02,2327.11,2273.48,8.75278352,72.7035101261
801140,2018-07-12,2362.35,2290.69,2366.94,2290.69,8.81377786,76.7362091362
801140,2018-07-13,2368.04,2363.82,2368.51,2352.92,7.66146466,67.1615419755
801140,2018-07-16,2361.51,2354.76,2367.01,2345.61,6.00064148,53.6110917122
801140,2018-07-17,2360.3,2360.76,2360.83,2335.42,7.17270986,61.2750241316
801140,2018-07-18,2354.62,2364.24,2378.22,2354.53,7.09244505,61.7638206403
801140,2018-07-19,2328.35,2353.36,2363.26,2325.23,6.8693112,61.6710941854
801140,2018-07-20,2356.71,2327.92,2358.45,2319.05,6.73714846,63.1941821045
801140,2018-07-23,2366.13,2356.3,2366.5,2345.98,7.61137382,69.3818252272
801140,2018-07-24,2417.8,2361.28,2420.24,2361.28,10.96796631,91.9798363149
801140,2018-07-25,2421.56,2415.31,2424.66,2413.04,8.71638277,74.2640084737
801140,2018-07-26,2415.57,2419.99,2430.22,2412.4,11.27970534,85.8536922766
801140,2018-07-27,2402.72,2413.85,2420.7,2401.44,9.14154234,68.3853088191
801140,2018-07-30,2372.82,2399.66,2399.76,2363.3,7.29714569,60.0609506904
801140,2018-07-31,2374.85,2371.55,2378.99,2364.49,5.55570762,46.07931071
801140,2018-08-01,2343.42,2378.26,2387.85,2338.95,8.2957506,67.7925370131
801140,2018-08-02,2261.26,2332.65,2333.52,2218.11,8.70990454,68.4798887066
801140,2018-08-03,2240.88,2253.29,2269.74,2240.88,6.23169301,53.4344292974
801140,2018-08-06,2190.91,2237.67,2241.23,2175.08,6.72379211,57.3611010771
801140,2018-08-07,2232.36,2187.68,2232.37,2162.07,6.917183,60.2992000808
801140,2018-08-08,2181.59,2224.54,2224.96,2178.74,6.5189365,57.4774951071
801140,2018-08-09,2231.61,2175.86,2239.97,2170.32,6.97023607,57.8986468258
801140,2018-08-10,2247.04,2227.26,2247.99,2225.08,5.96302745,49.7869367862
801140,2018-08-13,2250.29,2224.48,2250.7,2209.96,6.40244999,50.1023206067
801140,2018-08-14,2251.22,2249.46,2259.96,2245.87,6.38703849,52.074729691
801140,2018-08-15,2207.06,2251.47,2252.0,2204.68,7.10002986,56.1290053297
801140,2018-08-16,2186.6,2181.16,2209.45,2165.64,7.56578276,56.4493224903
801140,2018-08-17,2152.64,2204.43,2211.13,2148.12,8.0768406,60.39559551
801140,2018-08-20,2165.42,2146.78,2166.34,2130.49,7.14088068,50.4401102154
801140,2018-08-21,2202.27,2168.9,2205.62,2166.05,7.68711472,54.343715950299995
801140,2018-08-22,2180.0,2198.2,2199.43,2176.17,6.1510584,46.477163022
801140,2018-08-23,2187.61,2177.78,2192.61,2165.96,6.16830449,49.4851127587
801140,2018-08-24,2180.7,2181.17,2193.75,2173.93,5.99088228,45.3715964901
801140,2018-08-27,2228.82,2189.05,2229.91,2188.3,6.69113784,52.44066973020001
801140,2018-08-28,2227.9,2231.07,2232.91,2219.72,7.33032487,57.3433228067
801140,2018-08-29,2211.93,2222.69,2223.06,2203.37,5.87196585,48.470978862399996
801140,2018-08-30,2191.04,2209.74,2216.74,2188.66,5.48260816,44.3470177779
801140,2018-08-31,2164.01,2180.07,2181.53,2149.78,5.47308099,44.7361394316
801140,2018-09-03,2158.21,2158.98,2159.74,2126.59,5.68211627,44.3495112507
801140,2018-09-04,2179.03,2156.16,2182.97,2154.89,6.43347259,47.5703714543
801140,2018-09-05,2137.18,2175.03,2176.11,2137.18,6.29725774,48.6268370513
801140,2018-09-06,2112.33,2130.18,2142.18,2102.18,5.62474575,44.753242253100005
801140,2018-09-07,2123.24,2115.78,2143.08,2106.43,5.75508098,43.3467832136
801140,2018-09-10,2079.08,2123.94,2124.03,2076.86,5.92841927,46.0212834898
801140,2018-09-11,2081.8,2078.96,2088.88,2066.21,5.57287289,41.6279380125
801140,2018-09-12,2086.49,2079.86,2095.8,2073.6,4.93598928,40.029518062
801140,2018-09-13,2103.31,2103.07,2110.61,2079.53,5.16367524,41.0259985057
801140,2018-09-14,2083.03,2104.23,2104.96,2081.21,4.9117844,39.8190055715
801140,2018-09-17,2038.82,2073.51,2074.01,2032.13,5.1079476,39.5404768187
801140,2018-09-18,2062.62,2032.62,2063.69,2028.51,5.78597424,41.0266123841
801140,2018-09-19,2100.94,2060.35,2110.31,2054.6,6.67652939,53.1542448724
801140,2018-09-20,2104.32,2100.17,2110.53,2097.1,5.8002653,44.335238268400005
801140,2018-09-21,2134.34,2109.87,2136.83,2104.32,7.14547653,54.3736316821
801140,2018-09-25,2123.48,2120.96,2129.65,2113.21,5.40042176,41.2820291725
801140,2018-09-26,2128.81,2125.59,2141.07,2117.17,6.18649784,47.9149715879
801140,2018-09-27,2097.8,2128.54,2128.74,2096.95,6.48179128,47.9997805904
801140,2018-09-28,2120.01,2100.79,2120.01,2098.66,5.23437289,41.301289705
801140,2018-10-08,2044.53,2092.69,2092.91,2042.49,5.7693219,44.601056672700004
801140,2018-10-09,2052.96,2050.58,2070.06,2046.48,4.8511433,37.3437136303
801140,2018-10-10,2055.04,2057.45,2063.08,2040.29,4.90288321,37.9475588028
801140,2018-10-11,1911.34,2001.12,2001.35,1900.76,9.64826647,70.2090234342
801140,2018-10-12,1897.7,1892.84,1908.88,1822.33,9.31184809,64.3116056083
801140,2018-10-15,1851.79,1898.03,1898.13,1847.14,6.87394214,53.9644948871
801140,2018-10-16,1815.02,1850.85,1858.67,1804.8,6.41854683,46.450739078699996
801140,2018-10-17,1831.05,1836.1,1843.89,1794.7,7.08142436,52.373277700500005
801140,2018-10-18,1785.71,1821.0,1822.05,1780.58,6.93269156,50.308363178
801140,2018-10-19,1815.66,1760.32,1816.65,1753.36,8.16906326,55.4408618813
801140,2018-10-22,1901.36,1831.42,1915.4,1830.29,11.52585017,80.3893113507
801140,2018-10-23,1865.61,1900.6,1904.16,1855.49,9.78707955,70.1389700696
801140,2018-10-24,1860.8,1855.86,1876.43,1846.33,7.8789266,57.081938576899994
801140,2018-10-25,1840.39,1800.94,1840.39,1791.22,8.44840817,57.55600892
801140,2018-10-26,1848.42,1847.4,1859.59,1839.15,7.5613375,50.8030342387
801140,2018-10-29,1815.85,1844.63,1846.82,1807.12,6.12412868,44.2890904785
801140,2018-10-30,1834.72,1804.64,1840.29,1788.08,7.26040404,51.3803830154
801140,2018-10-31,1859.55,1837.4,1865.7,1837.2,7.41728942,53.575164833
801140,2018-11-01,1875.5,1870.01,1894.71,1869.53,9.28886381,65.3491930859
801140,2018-11-02,1941.5,1897.11,1941.5,1896.3,12.98044047,88.8852034953
801140,2018-11-05,1947.94,1931.06,1954.1,1922.88,11.66539747,83.3075057397
801140,2018-11-06,1947.2,1939.56,1947.66,1924.15,9.11976829,62.973550628000005
801140,2018-11-07,1934.55,1947.24,1959.57,1934.1,11.31088681,69.6121248203
801140,2018-11-08,1934.13,1943.07,1949.85,1931.07,10.10338267,63.448373718599996
801140,2018-11-09,1943.34,1927.51,1951.45,1920.9,10.13393904,64.7681656938
801140,2018-11-12,1995.2,1945.84,1995.52,1944.52,12.51930341,85.4758442331
801140,2018-11-13,2040.75,1973.26,2051.29,1971.53,18.79018024,120.1184673696
801140,2018-11-14,2035.83,2043.21,2061.92,2031.22,18.63012858,123.1004856966
801140,2018-11-15,2072.07,2032.18,2072.07,2031.98,16.34781006,125.9804225812
801140,2018-11-16,2092.69,2071.78,2101.48,2070.3,17.47085763,133.23179039209998
801140,2018-11-19,2099.8,2088.73,2101.01,2078.39,16.44614632,123.29145152950001
801140,2018-11-20,2039.91,2081.57,2081.59,2037.13,15.03028345,108.03277886069999
801140,2018-11-21,2047.34,2015.32,2048.34,2012.98,14.02231187,98.7934404273
801140,2018-11-22,2045.98,2050.42,2054.89,2038.01,11.43512467,82.82252757970001
801140,2018-11-23,1963.24,2042.09,2042.18,1958.8,13.23967015,89.4842581489
801140,2018-11-26,1957.45,1958.12,1971.21,1948.8,9.00074329,63.6923338178
801140,2018-11-27,1960.21,1968.6,1974.82,1948.8,9.14281077,63.941632427200005
801140,2018-11-28,1981.26,1960.27,1981.26,1934.82,9.78849036,65.4360752988
801140,2018-11-29,1947.53,1987.9,1997.8,1946.34,10.11743086,71.0259616756
801140,2018-11-30,1952.44,1937.9,1955.0,1913.99,8.8556312,62.6396343305
801140,2018-12-03,2013.92,1997.54,2022.26,1989.68,12.52374737,89.2050293442
801140,2018-12-04,2035.89,2009.87,2035.89,2005.95,11.23421845,76.8174339868
801140,2018-12-05,2014.16,1996.26,2029.48,1992.28,11.17856049,76.4464832369
801140,2018-12-06,1977.45,2004.3,2008.24,1975.91,9.18737629,64.8095567626
801140,2018-12-07,1977.46,1983.44,1985.48,1972.13,6.64545265,46.8913138063
801140,2018-12-10,1951.63,1967.21,1969.62,1945.08,6.60610246,46.264201301099995
801140,2018-12-11,1971.12,1954.91,1971.12,1954.61,6.03486336,44.5657173699
801140,2018-12-12,1976.64,1979.49,1986.5,1971.24,6.3897445,48.9555718796
801140,2018-12-13,2000.59,1982.36,2016.41,1969.47,7.28584893,60.0894186926
801140,2018-12-14,1959.17,2000.67,2003.49,1956.55,8.45067928,60.66192383600001
801140,2018-12-17,1960.55,1956.71,1961.91,1933.91,6.75498942,50.074337605
801140,2018-12-18,1953.57,1952.25,1967.5,1932.79,8.04555753,64.4038629005
801140,2018-12-19,1934.55,1953.54,1954.98,1930.2,8.23367218,64.5955115612
801140,2018-12-20,1934.57,1928.95,1939.69,1919.29,7.86051787,64.87142505060001
801140,2018-12-21,1914.89,1930.19,1935.53,1905.22,7.60768387,62.1324953212
801140,2018-12-24,1929.73,1911.11,1929.73,1905.84,6.55626905,55.0236505701
801140,2018-12-25,1916.59,1913.09,1919.82,1874.8,9.05132941,69.28052897890001
801140,2018-12-26,1921.48,1918.13,1927.38,1913.22,8.40332394,68.2990742249
801140,2018-12-27,1889.34,1941.32,1942.42,1889.06,8.70188651,68.8913294241
801140,2018-12-28,1887.35,1889.46,1896.02,1878.1,7.23443846,56.6861520666
801140,2019-01-02,1873.83,1889.41,1891.88,1869.24,6.49912478,53.080525172600005
801140,2019-01-03,1857.93,1871.32,1881.92,1857.09,7.68364168,60.9366600855
801140,2019-01-04,1895.67,1841.44,1895.68,1838.04,9.5464855,65.300140983
801140,2019-01-07,1921.91,1902.41,1926.4,1900.26,10.69634537,71.0113039174
801140,2019-01-08,1919.97,1917.37,1923.47,1912.98,9.04197812,63.07449119
801140,2019-01-09,1931.91,1923.28,1952.96,1919.63,11.54037907,82.0263109893
801140,2019-01-10,1928.85,1930.04,1948.06,1925.62,9.98057169,75.58922057859999
801140,2019-01-11,1940.52,1928.65,1940.52,1919.26,9.05246173,68.7746951286
801140,2019-01-14,1927.81,1939.24,1940.92,1922.86,10.36004712,78.5602702756
801140,2019-01-15,1941.02,1921.83,1941.25,1912.61,10.83850813,74.634004349
801140,2019-01-16,1938.16,1938.18,1945.17,1932.57,9.19238624,66.4708674841
801140,2019-01-17,1930.23,1938.75,1945.68,1927.35,9.52554386,67.899163034
801140,2019-01-18,1946.88,1932.61,1946.94,1922.52,9.62956168,73.5468012818
801140,2019-01-21,1957.81,1947.25,1963.8,1946.26,8.31754682,66.3542524779
801140,2019-01-22,1936.99,1959.56,1959.65,1930.63,8.00309364,61.1843159685
801140,2019-01-23,1946.41,1935.79,1947.5,1935.31,7.37382578,56.0702917118
801140,2019-01-24,1947.53,1951.43,1953.74,1937.37,8.1156297,58.654447966599996
801140,2019-01-25,1956.07,1947.38,1968.75,1943.64,11.72305006,82.113042632
801140,2019-01-28,1949.51,1962.05,1976.71,1943.54,9.98635391,74.0358900743
801140,2019-01-29,1926.13,1944.09,1944.12,1899.16,9.69729339,71.83657650100001
801140,2019-01-30,1884.0,1907.08,1912.83,1882.88,7.10542414,55.4093313661
801140,2019-01-31,1845.52,1875.54,1884.31,1834.57,9.84743254,67.0648721632
801140,2019-02-01,1888.26,1854.83,1888.26,1854.06,7.07912381,50.4317766021
801140,2019-02-11,1938.27,1896.04,1938.27,1894.81,8.18774377,59.842422111400005
801140,2019-02-12,1974.06,1938.28,1974.14,1935.59,11.05359082,78.8553403126
801140,2019-02-13,2003.51,1970.82,2005.5,1969.69,13.8384916,96.1779978328
801140,2019-02-14,2012.75,2003.37,2021.31,1996.03,13.09530041,97.2935524894
801140,2019-02-15,1992.79,2007.14,2007.58,1990.24,11.80332064,88.00382444280001
801140,2019-02-18,2057.15,2002.14,2057.15,2001.77,15.25928274,113.81743152770001
801140,2019-02-19,2065.82,2065.94,2078.1,2043.91,18.08778824,134.5578488699
801140,2019-02-20,2086.05,2069.37,2086.05,2060.13,15.40477479,118.63923485469999
801140,2019-02-21,2090.58,2089.26,2121.78,2076.77,20.76731035,158.484344425
801140,2019-02-22,2119.56,2084.02,2119.56,2076.68,18.47003727,145.2432496772
801140,2019-02-25,2216.94,2140.42,2216.99,2137.58,28.78992978,223.445750034
801140,2019-02-26,2192.96,2216.46,2241.36,2189.74,27.40934614,218.7025259189
801140,2019-02-27,2179.82,2182.46,2207.61,2155.88,23.45889378,178.7932947135
801140,2019-02-28,2199.41,2175.82,2208.43,2173.59,21.9357101,160.2815835482
801140,2019-03-01,2206.46,2204.21,2207.44,2180.12,18.46920646,137.935873209
801140,2019-03-04,2252.86,2218.64,2280.29,2218.57,27.48275306,210.76978016430002
801140,2019-03-05,2315.6,2249.63,2315.6,2239.72,24.98750189,194.4129634534
801140,2019-03-06,2354.78,2326.05,2358.34,2296.35,29.48858261,229.45569144569998
801140,2019-03-07,2390.59,2355.03,2407.52,2343.87,29.16106081,243.11099196849997
801140,2019-03-08,2268.73,2342.71,2370.16,2268.73,27.09819297,217.57196345
801140,2019-03-11,2347.14,2271.39,2347.7,2270.51,19.22671826,159.8709679473
801140,2019-03-12,2385.98,2362.03,2407.02,2346.9,26.37481788,215.67962184279997
801140,2019-03-13,2363.77,2392.7,2412.55,2350.83,24.13419963,203.1234894953
801140,2019-03-14,2303.19,2345.13,2359.07,2280.77,18.88310726,153.573866164
801140,2019-03-15,2345.34,2310.84,2353.41,2309.96,18.79528779,160.779993745
801140,2019-03-18,2388.61,2349.07,2388.61,2324.19,19.94398044,168.07750818469998
801140,2019-03-19,2398.04,2396.34,2405.15,2383.11,18.72605453,163.6277181182
801140,2019-03-20,2397.45,2396.71,2403.87,2358.99,17.97933219,154.8836728966
801140,2019-03-21,2425.71,2404.34,2450.73,2403.12,22.69899887,198.0315933407
801140,2019-03-22,2462.71,2425.29,2462.71,2402.53,21.83942732,204.2761517802
801140,2019-03-25,2470.24,2425.96,2503.07,2419.44,20.35164343,200.6445581612
801140,2019-03-26,2434.91,2483.25,2497.75,2429.46,21.49454733,217.6783890682
801140,2019-03-27,2480.16,2453.03,2480.16,2405.34,19.09905105,196.16902152810002
801140,2019-03-28,2447.24,2478.07,2499.59,2446.61,20.47745625,221.423522081
801140,2019-03-29,2507.86,2441.24,2510.31,2427.77,21.37863007,217.62443325919998
801140,2019-04-01,2613.08,2532.5,2613.08,2532.5,26.20843628,270.4329883851
801140,2019-04-02,2620.0,2632.49,2645.19,2610.28,25.15134846,263.3454025292
801140,2019-04-03,2640.38,2603.71,2640.38,2590.28,24.93181517,242.07065496849998
801140,2019-04-04,2652.12,2645.46,2661.26,2620.38,25.1719219,243.8201760667
801140,2019-04-08,2645.68,2664.05,2671.15,2597.58,28.68773916,282.4357460321
801140,2019-04-09,2639.23,2630.75,2645.74,2614.13,21.99337963,229.46233978630002
801140,2019-04-10,2647.0,2617.71,2672.57,2606.03,22.58530866,217.0292605375
801140,2019-04-11,2581.99,2638.89,2638.89,2579.2,20.6950971,193.1155228244
801140,2019-04-12,2562.87,2572.07,2584.39,2541.44,17.57513445,168.1798649843
801140,2019-04-15,2533.75,2582.05,2590.23,2528.8,20.45205561,186.2526306392
801140,2019-04-16,2570.8,2522.87,2570.8,2498.09,17.01847048,163.7502368922
801140,2019-04-17,2591.38,2569.65,2600.11,2565.7,19.86073263,187.4589378775
801140,2019-04-18,2580.46,2592.19,2604.87,2579.39,18.34822723,186.963202085
801140,2019-04-19,2585.1,2578.2,2591.62,2552.61,18.11791587,176.6036539522
801140,2019-04-22,2538.16,2585.46,2585.53,2530.86,19.08247937,182.2790746507
801140,2019-04-23,2501.46,2531.19,2532.4,2494.25,19.54180947,180.308625982
801140,2019-04-24,2519.32,2502.52,2519.32,2472.6,15.03590967,136.43001566430002
801140,2019-04-25,2424.8,2513.65,2520.15,2424.8,17.59476538,156.1141824342
801140,2019-04-26,2391.02,2409.77,2424.77,2390.83,13.64479516,121.88359081950001
801140,2019-04-29,2319.82,2387.77,2394.34,2311.77,15.78225241,130.6625281351
801140,2019-04-30,2339.9,2304.21,2354.81,2304.21,13.08575288,118.840569146
801140,2019-05-06,2169.69,2263.44,2263.44,2152.78,16.70216753,127.17145078840001
801140,2019-05-07,2200.08,2176.84,2212.58,2157.51,13.72370229,111.2230757903
801140,2019-05-08,2203.79,2157.13,2231.28,2144.08,13.62484531,112.9612470046
801140,2019-05-09,2168.06,2182.06,2201.27,2165.28,10.93196403,92.7987948743
801140,2019-05-10,2245.2,2193.75,2245.28,2157.22,14.34390373,122.2785915458
801140,2019-05-13,2232.52,2224.27,2235.39,2215.31,11.74070163,103.184485562
801140,2019-05-14,2223.89,2202.03,2240.4,2202.03,11.72936326,103.6859683128
801140,2019-05-15,2279.3,2237.25,2279.3,2236.84,14.2073975,124.0741175666
801140,2019-05-16,2285.18,2272.06,2289.8,2267.85,13.51231416,119.5987635207
801140,2019-05-17,2192.06,2281.63,2281.65,2181.3,13.7904429,115.17892489100001
801140,2019-05-20,2164.15,2185.82,2185.82,2121.23,9.80450373,79.03102732069999
801140,2019-05-21,2213.86,2161.16,2217.64,2157.85,10.1991437,89.9179498749
801140,2019-05-22,2196.98,2210.09,2214.52,2183.59,9.61417339,83.0396389821
801140,2019-05-23,2149.59,2183.85,2184.65,2143.45,9.08977793,76.49875080470001
801140,2019-05-24,2138.92,2143.67,2159.63,2133.39,7.46465139,66.0780335473
801140,2019-05-27,2177.6,2142.21,2179.78,2118.03,9.59156898,80.8668356459
801140,2019-05-28,2176.24,2173.19,2198.27,2167.29,10.52535723,94.94083457110001
801140,2019-05-29,2181.31,2166.45,2193.78,2165.06,8.66191211,75.80230929390001
801140,2019-05-30,2161.63,2170.87,2171.42,2138.92,7.87491969,70.2105204059
801140,2019-05-31,2165.61,2161.79,2181.76,2157.66,8.42481981,72.7254795279
801140,2019-06-03,2139.12,2161.83,2169.09,2124.84,10.44143825,84.2467545295
801140,2019-06-04,2101.15,2133.15,2133.55,2094.0,8.28078987,65.2730387699
801140,2019-06-05,2090.45,2116.46,2120.68,2089.47,8.01578795,65.09649907949999
801140,2019-06-06,2050.86,2090.81,2090.81,2040.59,8.87839739,67.3171127773
801140,2019-06-10,2063.97,2054.13,2066.73,2039.62,7.9044511,62.3734435968
801140,2019-06-11,2131.47,2066.54,2132.85,2065.14,12.75180774,95.408022303
801140,2019-06-12,2113.49,2128.94,2133.27,2108.69,11.29337064,87.4438769988
801140,2019-06-13,2127.14,2105.34,2131.18,2095.5,11.55104829,86.0921933311
801140,2019-06-14,2085.62,2127.26,2130.91,2084.43,13.36133242,88.53912656920001
801140,2019-06-17,2068.55,2081.38,2089.91,2062.65,9.55969043,64.966506756
801140,2019-06-18,2072.56,2066.65,2074.16,2055.99,9.39546377,61.169634360100005
801140,2019-06-19,2099.63,2107.48,2117.78,2098.31,12.21237164,86.7872441807
801140,2019-06-20,2138.29,2102.65,2141.39,2093.0,13.46123555,95.7094205671
801140,2019-06-21,2170.78,2152.15,2179.74,2151.91,15.11919866,113.0471942452
801140,2019-06-24,2174.92,2172.54,2177.11,2162.65,12.90251115,92.28968282940001
801140,2019-06-25,2158.84,2173.32,2173.52,2136.81,13.83578571,93.85417228520001
801140,2019-06-26,2161.76,2147.6,2165.39,2140.55,11.1714529,78.94651934689999
801140,2019-06-27,2179.92,2163.6,2184.63,2163.19,11.74962535,89.41702510549999
801140,2019-06-28,2154.05,2175.97,2176.05,2139.6,11.13234258,79.5682971398
801140,2019-07-01,2211.08,2185.8,2211.08,2180.06,13.19162985,100.4505245506
801140,2019-07-02,2212.71,2210.47,2217.82,2204.5,12.49074215,102.0389261709
801140,2019-07-03,2189.73,2213.37,2213.48,2179.79,11.84480149,96.8603371229
801140,2019-07-04,2189.58,2191.28,2203.63,2178.76,10.71749393,88.3856080831
801140,2019-07-05,2196.06,2189.78,2199.59,2179.34,8.6438382,74.8603138392
801140,2019-07-08,2125.59,2189.66,2189.98,2118.72,11.10587476,87.47261767450001
801140,2019-07-09,2131.0,2121.75,2133.13,2112.18,7.52488623,63.8591071257
801140,2019-07-10,2112.23,2133.04,2134.32,2108.39,7.71497581,64.7318444202
801140,2019-07-11,2116.77,2122.22,2138.34,2109.58,8.45800806,66.3427271799
801140,2019-07-12,2115.04,2116.98,2119.5,2107.23,7.23667763,57.163262214
801140,2019-07-15,2128.81,2114.68,2134.09,2082.73,8.6489289,66.2545177821
801140,2019-07-16,2127.97,2125.27,2129.65,2119.58,8.24067358,64.5896242551
801140,2019-07-17,2119.01,2122.66,2127.91,2117.13,7.25697877,57.852798909300006
801140,2019-07-18,2082.19,2111.32,2111.59,2081.61,7.46218183,57.3790384128
801140,2019-07-19,2095.49,2086.04,2109.38,2085.56,6.85253647,54.0574074316
801140,2019-07-22,2046.24,2093.04,2093.68,2045.16,8.01408771,61.215460866899996
801140,2019-07-23,2060.01,2044.63,2060.01,2043.91,5.33200275,42.952035725600005
801140,2019-07-24,2088.76,2064.5,2093.3,2064.47,6.8433946,53.9135539432
801140,2019-07-25,2099.71,2090.4,2099.71,2087.11,7.060157,53.7762987294
801140,2019-07-26,2104.97,2092.7,2106.66,2088.81,6.52078742,52.7360509409
801140,2019-07-29,2104.63,2101.19,2104.63,2094.62,6.13674605,49.65552247189999
801140,2019-07-30,2111.65,2101.58,2124.29,2101.56,6.79882653,54.72129159399999
801140,2019-07-31,2095.71,2108.33,2108.45,2091.72,6.56201131,49.241992878699996
801140,2019-08-01,2076.14,2085.21,2088.65,2069.12,6.34359753,52.1580892054
801140,2019-08-02,2046.87,2038.9,2050.37,2030.65,8.59087196,58.846827965900005
801140,2019-08-05,2025.03,2039.36,2051.7,2024.32,8.83579485,59.74642511850001
801140,2019-08-06,1970.42,1993.49,1994.08,1932.11,12.54362022,80.1094606939
801140,2019-08-07,1971.85,1978.2,1983.32,1969.96,7.94815779,59.612621091
801140,2019-08-08,1982.79,1977.77,1988.52,1973.0,8.10189061,63.2493603155
801140,2019-08-09,1963.79,1986.13,1988.44,1961.17,8.0578525,63.3722276126
801140,2019-08-12,1985.2,1963.14,1985.2,1957.67,6.55975728,52.5423480731
801140,2019-08-13,1984.97,1977.05,1985.0,1970.23,7.79002264,57.93139234149999
801140,2019-08-14,1998.72,2004.84,2010.21,1996.51,8.43885948,65.342539325
801140,2019-08-15,2008.51,1963.45,2008.51,1957.19,10.26942896,76.764635785
801140,2019-08-16,2018.22,2009.14,2026.36,2006.03,8.46780944,70.9479442749
801140,2019-08-19,2076.92,2029.82,2076.92,2029.72,10.76032263,85.3718153733
801140,2019-08-20,2076.53,2080.76,2089.87,2073.13,11.27251977,95.72838162010001
801140,2019-08-21,2079.07,2073.54,2086.07,2072.33,9.65783552,82.6182003301
801140,2019-08-22,2093.43,2083.76,2093.43,2074.24,9.59060774,81.79644693670001
801140,2019-08-23,2093.75,2093.84,2095.88,2082.62,10.22558923,82.75788151340001
801140,2019-08-26,2076.43,2059.2,2082.09,2058.48,11.5999228,93.9468951517
801140,2019-08-27,2101.66,2080.32,2110.57,2079.56,11.48699122,94.7358712278
801140,2019-08-28,2093.29,2097.09,2104.08,2093.03,10.26284065,83.035188503
801140,2019-08-29,2095.07,2098.39,2099.77,2085.53,9.32211462,74.9857481913
801140,2019-08-30,2062.51,2100.8,2103.09,2058.2,9.91874564,76.3552032369
801140,2019-09-02,2098.71,2062.65,2098.71,2061.54,9.67300921,80.8166675448
801140,2019-09-03,2106.64,2099.03,2106.64,2093.83,8.5492722,75.04336448779999
801140,2019-09-04,2116.16,2102.41,2116.16,2097.98,9.49534686,81.5412197948
801140,2019-09-05,2131.42,2123.57,2150.56,2122.81,13.18888223,106.2635462474
801140,2019-09-06,2127.78,2131.98,2135.09,2116.23,9.62326997,83.8949570109
801140,2019-09-09,2163.21,2142.93,2163.22,2135.7,11.08633505,93.4898848258
801140,2019-09-10,2185.69,2164.58,2185.69,2154.78,12.37084685,103.4806029734
801140,2019-09-11,2183.28,2192.18,2203.64,2181.89,14.58310076,119.6945991808
801140,2019-09-12,2188.72,2185.31,2191.9,2167.73,10.59807408,93.69397918940001
801140,2019-09-16,2183.64,2189.08,2190.78,2175.89,11.14073202,96.57479766639999
801140,2019-09-17,2141.62,2178.98,2179.06,2135.11,11.11348181,92.3026213166
801140,2019-09-18,2142.76,2144.45,2151.32,2136.35,7.94247028,73.84541282810001
801140,2019-09-19,2158.05,2146.61,2158.06,2136.64,8.12528437,71.3598283809
801140,2019-09-20,2155.5,2159.93,2163.22,2151.98,7.84448387,76.6062533383
801140,2019-09-23,2135.07,2151.39,2151.5,2123.77,8.65528079,78.4952235145
801140,2019-09-24,2135.07,2135.18,2152.06,2131.13,8.51140006,75.3501420605
801140,2019-09-25,2103.92,2129.69,2129.79,2103.02,9.02330166,78.9741113238
801140,2019-09-26,2060.13,2105.97,2109.23,2060.12,8.78976441,74.7895374772
801140,2019-09-27,2076.4,2063.62,2080.96,2058.91,7.35154495,65.2457492609
801140,2019-09-30,2064.28,2074.98,2081.44,2063.42,6.31806607,60.3896407984
801140,2019-10-08,2066.4,2067.0,2078.78,2064.17,7.28086339,67.1329412719
801140,2019-10-09,2084.78,2061.16,2084.78,2056.41,7.04931395,62.4010515672
801140,2019-10-10,2105.72,2086.68,2105.89,2082.84,7.93742577,68.8560760355
801140,2019-10-11,2114.81,2108.15,2120.34,2099.45,9.06523321,77.4385973295
801140,2019-10-14,2143.72,2129.17,2147.75,2128.42,11.65067678,98.2734191388
801140,2019-10-15,2123.4,2138.19,2138.24,2121.77,9.59388147,82.0152461318
801140,2019-10-16,2117.93,2126.86,2131.09,2115.39,8.84966895,73.3368907523
801140,2019-10-17,2124.24,2114.47,2131.08,2113.6,9.00783146,72.3093745619
801140,2019-10-18,2111.29,2126.12,2137.09,2105.41,10.69699303,87.2157914225
801140,2019-10-21,2094.94,2106.03,2106.03,2077.59,8.82883818,67.8672246521
801140,2019-10-22,2128.23,2095.76,2128.23,2095.64,8.58901119,71.67099845119999
801140,2019-10-23,2126.14,2128.66,2138.92,2119.59,9.5929833,78.4791652091
801140,2019-10-24,2114.95,2119.37,2120.45,2105.72,8.32322666,71.56897802659999
801140,2019-10-25,2141.04,2117.31,2142.1,2112.9,8.79163454,71.98420361149999
801140,2019-10-28,2179.11,2153.92,2179.11,2153.91,11.79701438,94.3740845167
801140,2019-10-29,2169.72,2184.19,2186.15,2169.65,11.822603,95.12196597350001
801140,2019-10-30,2146.0,2164.18,2166.69,2139.19,13.10145964,125.6849331088
801140,2019-10-31,2113.16,2140.74,2144.38,2111.96,11.77147261,106.6167237408
801140,2019-11-01,2126.57,2106.25,2126.57,2098.76,10.42312928,89.6681120682
801140,2019-11-04,2142.61,2127.58,2153.89,2127.48,12.30731023,106.9590887281
801140,2019-11-05,2157.5,2142.16,2162.53,2138.96,11.68641199,110.04281439040001
801140,2019-11-06,2138.7,2159.75,2161.55,2131.92,11.3303502,103.20293139729999
801140,2019-11-07,2149.95,2132.01,2155.68,2132.01,9.67744734,93.5246929156
801140,2019-11-08,2144.48,2160.69,2164.29,2143.02,9.81691527,95.0759251608
801140,2019-11-11,2104.43,2133.8,2133.8,2100.43,10.05284897,89.4472563517
801140,2019-11-12,2119.72,2102.73,2119.72,2090.81,9.72911087,85.7510858917
801140,2019-11-13,2111.87,2113.96,2115.77,2103.42,10.14473626,88.1246854682
801140,2019-11-14,2115.69,2109.78,2122.08,2103.52,9.46401643,84.67782528859999
801140,2019-11-15,2087.63,2114.43,2117.35,2087.12,10.14157592,87.5189274947
801140,2019-11-18,2110.23,2084.85,2110.23,2077.06,8.70689915,78.2324442997
801140,2019-11-19,2153.64,2109.93,2153.64,2109.06,10.5521702,96.8445149061
801140,2019-11-20,2137.22,2154.62,2154.75,2135.64,11.69700742,98.3585543012
801140,2019-11-21,2138.64,2132.45,2143.98,2129.42,11.0287968,88.28806385520001
801140,2019-11-22,2115.73,2139.37,2151.6,2105.88,11.05850437,92.49561917049999
801140,2019-11-25,2104.56,2108.02,2110.57,2085.14,9.24385706,75.3746617329
801140,2019-11-26,2102.09,2103.89,2108.41,2099.23,9.17406695,76.576540925
801140,2019-11-27,2097.23,2100.62,2107.52,2088.62,8.67049791,74.4047268625
801140,2019-11-28,2088.78,2093.27,2101.95,2086.31,7.58867318,62.5257732884
801140,2019-11-29,2080.01,2086.44,2088.11,2067.05,7.30309936,62.4553674181
801140,2019-12-02,2078.19,2080.83,2080.83,2076.52,7.33616093,64.61909754189999
801140,2019-12-03,2089.89,2070.56,2089.89,2067.31,7.52124775,60.5728872599
801140,2019-12-04,2090.13,2083.39,2090.13,2080.97,7.97696575,64.99025498729999
801140,2019-12-05,2108.66,2092.12,2109.98,2091.34,8.72594001,72.27727990609999
801140,2019-12-06,2127.92,2109.57,2127.92,2105.88,9.70261252,80.478753394
801140,2019-12-09,2137.0,2129.72,2138.12,2119.67,9.76300078,83.2528973663
801140,2019-12-10,2139.01,2134.86,2139.53,2126.58,8.7083732,75.5317917557
801140,2019-12-11,2132.34,2140.07,2142.4,2129.14,9.6213837,80.9831916003
801140,2019-12-12,2121.41,2133.21,2133.23,2119.72,8.94032231,74.9894643747
801140,2019-12-13,2146.51,2130.94,2149.91,2130.59,10.93964626,88.5554435962
801140,2019-12-16,2169.45,2153.88,2169.45,2148.95,12.51532523,112.1148394482
801140,2019-12-17,2206.79,2171.08,2206.95,2169.5,16.07105756,140.4474069621
801140,2019-12-18,2224.44,2209.56,2231.19,2204.72,15.48000215,134.7311713669
801140,2019-12-19,2230.54,2227.36,2234.53,2220.13,14.57696762,129.2000040996
801140,2019-12-20,2210.36,2232.57,2235.04,2210.36,14.22335976,118.9322647694
801140,2019-12-23,2178.83,2201.57,2207.38,2177.37,12.0389652,99.62094079190001
801140,2019-12-24,2210.72,2183.39,2210.74,2183.01,10.4551603,89.620288755
801140,2019-12-25,2215.47,2212.43,2218.23,2203.93,10.61104797,89.2858058858
801140,2019-12-26,2226.95,2213.64,2226.95,2210.98,10.02885438,87.4912511337
801140,2019-12-27,2210.45,2227.2,2235.17,2210.45,12.28163112,103.46345961530001
801140,2019-12-30,2242.51,2200.2,2242.54,2181.11,13.4604866,106.0712261005
801140,2019-12-31,2251.05,2238.11,2252.23,2233.89,10.2513522,84.5814528378
801140,2020-01-02,2298.67,2269.16,2298.8,2268.82,15.01802012,123.9125540901
801140,2020-01-03,2302.32,2304.36,2308.57,2291.94,15.35459051,121.0560294731
801140,2020-01-06,2312.33,2294.62,2322.69,2292.19,18.85871879,143.3459978957
801140,2020-01-07,2340.45,2311.32,2340.45,2311.32,17.16628775,130.3270952269
801140,2020-01-08,2307.87,2333.65,2335.78,2302.54,18.55518039,139.9823976832
801140,2020-01-09,2342.93,2319.63,2342.93,2319.47,14.18039085,113.67668632780001
801140,2020-01-10,2356.59,2350.91,2362.31,2343.32,14.19694074,120.8897617796
801140,2020-01-13,2373.83,2358.04,2373.83,2337.04,12.46176361,115.2536636577
801140,2020-01-14,2371.37,2383.26,2385.77,2370.08,12.7392396,122.1825768326
801140,2020-01-15,2378.39,2370.91,2380.73,2357.82,16.10993939,146.6450353756
801140,2020-01-16,2360.31,2376.34,2381.06,2356.69,13.67258943,130.5164481141
801140,2020-01-17,2358.52,2362.88,2375.97,2355.31,11.31982391,118.2433412645
801140,2020-01-20,2395.02,2372.38,2395.02,2368.62,12.16815069,127.21646779870001
801140,2020-01-21,2358.34,2388.35,2388.79,2357.53,11.31093519,109.89175512780001
801140,2020-01-22,2345.8,2341.35,2354.25,2301.02,10.25288989,102.57650042690001
801140,2020-01-23,2241.55,2317.68,2318.11,2223.02,13.31861673,117.8328154466
801140,2020-02-03,2027.97,2029.75,2041.23,2025.96,5.92723368,56.8834142743
801140,2020-02-04,2022.06,1923.05,2025.38,1923.05,18.42128338,135.8116054405
801140,2020-02-05,2072.44,2030.11,2093.66,2030.11,15.25725633,126.35734234280001
801140,2020-02-06,2119.55,2080.1,2128.15,2061.33,14.89320935,133.3777337515
801140,2020-02-07,2138.35,2122.84,2138.68,2099.8,14.79074753,127.56186954469999
801140,2020-02-10,2163.62,2133.93,2163.98,2128.09,15.82791492,134.0870478396
801140,2020-02-11,2167.56,2162.25,2179.32,2148.43,12.99930974,111.4015152433
801140,2020-02-12,2192.49,2162.34,2192.49,2160.74,11.67956726,103.6970071072
801140,2020-02-13,2164.18,2197.87,2198.91,2164.18,12.83936726,113.1166707501
801140,2020-02-14,2164.56,2167.57,2173.9,2152.48,9.97178233,89.764752111
801140,2020-02-17,2232.51,2167.31,2232.51,2167.29,13.9674266,169.9570302082
801140,2020-02-18,2268.75,2244.2,2268.75,2234.54,15.77624574,162.8657100954
801140,2020-02-19,2258.83,2265.01,2270.05,2251.07,15.93271734,171.3292264874
801140,2020-02-20,2300.72,2263.13,2300.72,2254.18,16.41107686,170.26422195840001
801140,2020-02-21,2327.14,2303.63,2334.59,2303.63,19.61702404,197.545563556
801140,2020-02-24,2327.47,2321.94,2336.57,2294.92,18.73559692,184.8842337154
801140,2020-02-25,2305.35,2281.12,2309.85,2236.8,23.20668648,204.62978029159999
801140,2020-02-26,2284.9,2276.67,2322.32,2276.45,20.2931319,176.82101409240002
801140,2020-02-27,2312.93,2298.31,2325.11,2284.52,20.0378562,165.7339394181
801140,2020-02-28,2195.52,2241.82,2272.46,2194.74,21.29514639,170.1691646582
801140,2020-03-02,2282.79,2215.09,2285.46,2215.09,17.57310593,158.5032930418
801140,2020-03-03,2296.48,2310.52,2327.5,2280.01,19.15806892,167.65640108719998
801140,2020-03-04,2326.57,2283.98,2326.57,2283.98,17.88285768,153.75489647790002
801140,2020-03-05,2379.19,2344.24,2379.19,2336.43,22.9055364,187.6786318938
801140,2020-03-06,2372.2,2352.65,2384.65,2351.42,20.07238778,160.6528290808
801140,2020-03-09,2280.36,2343.76,2345.84,2280.36,20.95953765,179.4382593114
801140,2020-03-10,2322.31,2244.45,2322.55,2224.03,19.81972879,155.4604143206
801140,2020-03-11,2288.65,2323.93,2330.71,2288.65,17.29154382,137.6485542026
801140,2020-03-12,2232.27,2256.81,2260.68,2215.47,13.82859156,117.7020467399
801140,2020-03-13,2202.59,2118.39,2219.63,2115.3,17.02703036,125.8577294573
801140,2020-03-16,2119.42,2219.19,2220.19,2115.18,19.00412685,138.0544324773
801140,2020-03-17,2098.87,2129.28,2152.62,2044.07,15.52173998,114.6295152668
801140,2020-03-18,2068.25,2117.93,2145.57,2068.25,14.64128447,112.3676332006
801140,2020-03-19,2059.78,2061.83,2075.58,2013.38,13.04334889,104.7142115484
801140,2020-03-20,2100.53,2081.51,2100.66,2060.42,11.38438499,93.4799997375
801140,2020-03-23,2021.37,2049.43,2065.93,2016.63,11.27950854,94.652976765
801140,2020-03-24,2071.22,2058.61,2071.94,2022.57,12.0155398,95.29927877729999
801140,2020-03-25,2126.85,2115.32,2127.64,2101.66,13.76207598,111.59164819440001
801140,2020-03-26,2108.84,2111.79,2125.82,2103.9,12.63385557,95.59076685049999
801140,2020-03-27,2116.21,2130.02,2140.3,2114.07,12.34088646,98.63523663309999
801140,2020-03-30,2071.25,2085.7,2085.79,2053.48,11.6659919,92.67948848360001
801140,2020-03-31,2078.08,2084.8,2089.5,2068.13,10.81142439,88.3532421616
801140,2020-04-01,2060.99,2071.18,2088.85,2055.73,10.52095101,84.208504373
801140,2020-04-02,2097.56,2048.62,2097.56,2045.08,11.15552747,89.1168332361
801140,2020-04-03,2085.68,2095.9,2101.96,2076.77,10.91129236,88.99430105200001
801140,2020-04-07,2142.31,2115.6,2145.9,2114.17,13.94027156,115.1802514205
801140,2020-04-08,2142.45,2134.43,2147.04,2126.34,12.23274164,104.43696919
801140,2020-04-09,2167.81,2151.4,2172.64,2145.4,13.16336378,109.6465478607
801140,2020-04-10,2129.96,2165.67,2165.67,2124.72,12.74542819,105.8153961141
801140,2020-04-13,2118.17,2119.28,2122.96,2099.15,9.4569336,76.4952239587
801140,2020-04-14,2153.71,2128.9,2153.87,2128.17,9.34750845,82.2007408707
801140,2020-04-15,2140.8,2153.36,2156.43,2138.02,10.84725393,95.7890382429
801140,2020-04-16,2149.42,2128.3,2151.38,2125.9,9.53786346,90.4224341086
801140,2020-04-17,2149.26,2155.71,2163.41,2147.02,10.51081284,95.9276170398
801140,2020-04-20,2162.84,2151.28,2162.84,2139.8,10.25145929,89.84372784950001
801140,2020-04-21,2143.88,2155.45,2155.68,2126.39,10.67554915,89.7339792798
801140,2020-04-22,2159.07,2132.14,2159.54,2125.56,10.606665,86.7902930505
801140,2020-04-23,2153.56,2160.5,2164.51,2151.45,11.22053707,99.74100605
801140,2020-04-24,2125.37,2148.02,2148.73,2117.74,10.62338255,88.4878113855
801140,2020-04-27,2113.96,2119.82,2125.84,2103.36,10.37953617,85.3231682622
801140,2020-04-28,2080.7,2110.01,2110.03,2036.01,12.71184268,104.04612575559999
801140,2020-04-29,2067.96,2069.32,2081.41,2060.63,10.47165468,86.30171703459999
801140,2020-04-30,2092.87,2072.0,2095.7,2071.75,10.28398469,90.4826852467
801140,2020-05-06,2112.82,2072.3,2113.43,2072.3,9.25987347,86.0384077234
801140,2020-05-07,2110.78,2110.75,2117.71,2106.74,8.30796187,81.31317432600001
801140,2020-05-08,2136.33,2113.59,2140.72,2113.53,8.95198024,88.2794385867
801140,2020-05-11,2144.06,2143.55,2161.01,2136.14,9.26245594,92.4383488535
801140,2020-05-12,2155.84,2151.7,2157.81,2138.5,9.55600421,96.3709811761
801140,2020-05-13,2162.88,2145.84,2163.97,2140.11,10.40605549,86.60239615450001
801140,2020-05-14,2146.05,2156.8,2157.79,2144.57,12.01904371,94.72849447520001
801140,2020-05-15,2135.51,2151.4,2154.52,2133.8,11.16208033,89.9543652228
801140,2020-05-18,2135.39,2135.41,2143.62,2131.26,10.31765966,86.2070323219
801140,2020-05-19,2162.54,2146.38,2162.54,2142.47,8.99489998,81.2924312963
801140,2020-05-20,2142.91,2162.59,2162.59,2137.44,10.102894,88.54645762620001
801140,2020-05-21,2129.12,2147.51,2151.04,2127.19,9.97543755,89.6481326267
801140,2020-05-22,2102.27,2124.23,2124.23,2089.68,9.57757286,84.87618506279999
801140,2020-05-25,2106.4,2099.52,2107.36,2086.3,7.75500172,72.3263141959
801140,2020-05-26,2156.5,2113.39,2157.35,2112.82,8.81099876,81.8699847667
801140,2020-05-27,2195.74,2162.96,2202.43,2162.95,12.31189412,111.5080563808
801140,2020-05-28,2189.13,2196.46,2205.51,2163.54,11.9561892,110.5457133206
801140,2020-05-29,2222.82,2184.34,2225.49,2180.29,9.8994262,106.4888569332
801140,2020-06-01,2276.2,2233.1,2276.2,2233.04,14.39470559,142.160259357
801140,2020-06-02,2253.51,2278.75,2278.75,2250.55,12.74198679,128.75067114430001
801140,2020-06-03,2259.28,2257.91,2269.19,2250.54,13.10002746,126.5145173775
801140,2020-06-04,2277.72,2269.23,2277.75,2259.09,15.12766651,122.730890815
801140,2020-06-05,2270.53,2280.93,2280.95,2257.19,15.83839929,122.17391890489999
801140,2020-06-08,2255.95,2277.32,2278.23,2254.43,13.61056194,115.005687425
801140,2020-06-09,2262.99,2253.36,2265.52,2246.28,13.6481896,105.3437107959
801140,2020-06-10,2274.07,2262.22,2276.19,2258.34,13.87804674,109.5222280973
801140,2020-06-11,2242.35,2272.73,2272.8,2232.22,13.11082423,120.0522693639
801140,2020-06-12,2250.15,2201.57,2254.46,2200.49,11.56419022,107.6234411928
801140,2020-06-15,2235.41,2247.72,2262.42,2235.41,12.14052721,116.6641748493
801140,2020-06-16,2287.24,2252.72,2287.24,2252.57,11.71804238,112.0676016684
801140,2020-06-17,2282.44,2285.24,2285.27,2265.36,11.04119458,106.0620552196
801140,2020-06-18,2281.62,2283.41,2284.96,2268.89,10.77527317,102.2132279814
801140,2020-06-19,2301.89,2279.62,2305.88,2279.51,12.70953819,122.9334940099
801140,2020-06-22,2288.15,2306.7,2311.41,2284.56,13.86421874,127.73904728469999
801140,2020-06-23,2278.1,2286.33,2286.41,2267.97,11.5082284,118.22409417
801140,2020-06-24,2279.41,2278.23,2288.98,2271.53,11.02775168,113.55650876530001
801140,2020-06-29,2267.72,2274.18,2278.78,2261.25,12.66123196,121.9779549741
801140,2020-06-30,2300.52,2280.41,2302.15,2280.3,10.51456897,106.8714204426
801140,2020-07-01,2342.91,2310.04,2342.91,2300.92,14.40438529,146.4076846273
801140,2020-07-02,2366.88,2341.71,2366.88,2337.61,17.84831782,168.1459091056
801140,2020-07-03,2379.67,2367.51,2382.13,2353.39,17.91149284,169.8827590599
801140,2020-07-06,2463.03,2386.99,2463.03,2386.82,24.89132039,230.74342411889998
801140,2020-07-07,2515.76,2483.63,2537.26,2461.33,27.11296971,256.254709274
801140,2020-07-08,2556.89,2528.3,2556.89,2506.74,25.70084427,254.6220954343
801140,2020-07-09,2605.79,2552.27,2605.79,2546.94,27.7202022,274.83306699959996
801140,2020-07-10,2566.3,2591.83,2604.85,2560.07,24.66644537,235.3086586796
801140,2020-07-13,2653.57,2568.28,2653.57,2568.28,23.529435,245.87779059189998
801140,2020-07-14,2651.09,2659.94,2662.97,2599.42,25.91362483,257.8762749897
801140,2020-07-15,2629.32,2658.5,2669.35,2603.69,22.93040769,242.1379148359
801140,2020-07-16,2503.76,2626.24,2638.18,2500.86,21.69370903,216.9944680629
801140,2020-07-17,2538.57,2505.13,2557.95,2491.51,16.83799256,164.8380557982
801140,2020-07-20,2639.91,2557.06,2639.91,2557.04,21.56662468,200.16329317080002
801140,2020-07-21,2665.77,2639.4,2665.77,2628.28,19.29252219,194.21425052849997
801140,2020-07-22,2663.67,2659.65,2685.35,2652.18,18.62416716,190.06345471310001
801140,2020-07-23,2643.8,2642.16,2652.34,2575.47,18.24052197,191.6455335036
801140,2020-07-24,2523.08,2634.33,2634.38,2511.5,18.38006948,192.3019130575
801140,2020-07-27,2517.68,2530.18,2537.62,2492.05,13.40101393,142.5931799041
801140,2020-07-28,2556.05,2540.81,2562.04,2533.61,14.18999548,138.6172938302
801140,2020-07-29,2614.34,2551.66,2614.34,2536.92,14.56356641,144.6975165341
801140,2020-07-30,2616.2,2617.71,2632.84,2606.44,13.87459801,155.63792534979999
801140,2020-07-31,2652.21,2610.15,2652.7,2602.37,15.4494442,159.946333305
801140,2020-08-03,2696.96,2665.66,2696.96,2665.66,17.65521844,189.3154311355
801140,2020-08-04,2691.97,2700.91,2708.35,2679.45,17.80716006,186.5758448085
801140,2020-08-05,2741.25,2687.1,2741.99,2673.48,17.85429312,195.2402694425
801140,2020-08-06,2737.05,2744.37,2745.45,2699.77,16.44696149,181.2107552048
801140,2020-08-07,2712.46,2728.94,2738.43,2676.95,15.8817308,174.1450414875
801140,2020-08-10,2761.81,2709.15,2775.87,2704.64,14.5817264,172.92468318529998
801140,2020-08-11,2702.24,2767.96,2777.89,2698.77,16.28688954,191.4736397286
801140,2020-08-12,2662.76,2690.35,2697.49,2611.17,17.51793524,174.8431219648
801140,2020-08-13,2687.97,2672.83,2704.59,2662.68,16.84221302,149.6517814349
801140,2020-08-14,2714.5,2681.1,2714.5,2673.96,14.56951671,141.8102712541
801140,2020-08-17,2764.11,2718.09,2764.95,2706.32,16.52971424,173.99076303610002
801140,2020-08-18,2782.19,2765.45,2786.73,2762.01,16.37853161,176.02196330900003
801140,2020-08-19,2751.56,2777.47,2789.66,2749.15,15.24254064,164.2693727878
801140,2020-08-20,2729.35,2737.83,2757.52,2720.7,14.36413839,153.7320444576
801140,2020-08-21,2776.49,2741.94,2784.56,2741.89,14.93059495,163.77863782379998
801140,2020-08-24,2781.22,2786.05,2787.49,2762.48,14.51093022,152.7546991498
801140,2020-08-25,2748.93,2782.57,2786.28,2742.8,14.30960286,148.3300579323
801140,2020-08-26,2706.32,2748.93,2758.14,2692.16,13.86427715,153.16341225629998
801140,2020-08-27,2724.01,2711.82,2726.22,2694.32,12.88388024,137.553219748
801140,2020-08-28,2756.26,2728.9,2756.26,2712.34,12.31090458,133.62444350200002
801140,2020-08-31,2779.39,2760.55,2813.87,2760.55,17.39184825,167.9859112947
801140,2020-09-01,2799.79,2785.42,2799.79,2768.41,12.91843793,137.8494837135
801140,2020-09-02,2805.32,2806.56,2810.46,2777.2,13.29246964,141.6484449953
801140,2020-09-03,2789.68,2804.52,2818.47,2779.88,13.84759408,140.5880211335
801140,2020-09-04,2770.81,2744.2,2774.22,2739.03,12.78558293,130.0287564661
801140,2020-09-07,2719.54,2772.15,2794.55,2713.56,15.60063076,155.95680154020002
801140,2020-09-08,2730.2,2727.19,2732.52,2689.44,14.23505041,132.3679916352
801140,2020-09-09,2650.58,2705.81,2710.81,2649.22,18.47649364,161.1605391293
801140,2020-09-10,2614.53,2671.05,2685.09,2610.59,16.95882271,148.0622197583
801140,2020-09-11,2653.8,2608.89,2654.34,2605.74,12.27475707,114.2274965703
801140,2020-09-14,2672.48,2668.66,2686.28,2650.4,13.03375476,121.96003790600001
801140,2020-09-15,2692.24,2674.38,2692.24,2656.32,11.84486642,113.9766599025
801140,2020-09-16,2675.11,2688.18,2700.77,2662.11,10.8686953,106.97759832
801140,2020-09-17,2668.7,2669.21,2682.56,2644.71,11.90279652,121.62818472
801140,2020-09-18,2700.74,2668.47,2704.8,2668.47,11.61546265,125.92217441
801140,2020-09-21,2698.05,2713.16,2717.66,2688.55,11.70715973,134.31211371
801140,2020-09-22,2655.84,2677.17,2689.94,2650.99,9.45693254,119.23242544
801140,2020-09-23,2670.61,2674.83,2676.54,2657.09,8.80529162,94.91598779
801140,2020-09-24,2598.7,2658.02,2658.23,2598.16,10.46888711,120.85864557
801140,2020-09-25,2581.37,2605.73,2605.73,2568.36,8.24298918,105.21093986
801140,2020-09-28,2549.37,2584.88,2585.72,2549.1,7.77575006,95.26024911
801140,2020-09-29,2552.35,2562.06,2578.45,2550.65,7.83545522,93.68211593
801140,2020-09-30,2544.94,2559.33,2565.83,2532.7,8.09727687,100.73259751
801140,2020-10-09,2608.36,2578.46,2610.49,2576.77,10.16068351,121.22740209
801140,2020-10-12,2662.4,2618.12,2662.4,2617.85,12.25950936,141.41775339
801140,2020-10-13,2671.92,2658.72,2672.05,2643.38,10.25219091,124.90521929
801140,2020-10-14,2662.61,2669.7,2670.36,2656.78,9.77865723,124.71938742
801140,2020-10-15,2650.73,2662.29,2662.29,2646.46,9.13377123,122.10820955
801140,2020-10-16,2656.2,2647.75,2664.18,2637.01,9.055219,114.37670282
801140,2020-10-19,2637.54,2665.68,2671.65,2630.83,8.41796586,108.84063935
801140,2020-10-20,2667.33,2631.51,2667.33,2622.13,8.71524226,108.68077535
801140,2020-10-21,2654.39,2673.82,2673.82,2645.59,9.49644589,127.42008503
801140,2020-10-22,2637.39,2648.88,2649.59,2616.05,8.50769402,118.84020805
801140,2020-10-23,2596.68,2639.45,2651.8,2593.94,9.12956827,120.24192455
801140,2020-10-26,2597.07,2592.77,2599.76,2562.17,8.61592125,105.66471412
801140,2020-10-27,2613.77,2591.95,2615.36,2586.61,8.70020606,115.05699649
801140,2020-10-28,2641.81,2617.66,2644.51,2611.14,8.93961007,117.53294189
801140,2020-10-29,2673.29,2609.78,2678.13,2609.78,9.63288185,132.0502465
801140,2020-10-30,2599.67,2684.18,2684.18,2595.51,11.78366428,153.52733398
801140,2020-11-02,2623.3,2607.51,2633.83,2607.51,10.2199755,127.50056352
801140,2020-11-03,2660.03,2634.11,2660.03,2624.12,8.89446514,113.68187737
801140,2020-11-04,2662.79,2658.29,2663.69,2635.91,8.65895755,106.06174551
801140,2020-11-05,2709.25,2683.16,2709.3,2678.65,10.02586607,126.88647012
801140,2020-11-06,2701.24,2714.65,2714.67,2685.2,11.03315801,134.81571501
801140,2020-11-09,2740.49,2714.18,2746.48,2714.12,13.9972528,166.45823413
801140,2020-11-10,2721.4,2740.44,2740.44,2712.43,11.96690129,147.9193094
801140,2020-11-11,2689.41,2716.97,2726.16,2687.78,9.77387261,115.18602116
801140,2020-11-12,2711.92,2693.18,2715.97,2692.74,11.00728082,115.19370785
801140,2020-11-13,2705.92,2709.97,2710.04,2688.44,10.23167931,117.13660385
801140,2020-11-16,2740.41,2712.8,2740.41,2712.53,14.01047514,153.98314447
801140,2020-11-17,2722.28,2742.71,2742.71,2706.33,13.25027241,153.08811026
801140,2020-11-18,2723.88,2722.8,2731.16,2711.21,14.08961435,153.42048571
801140,2020-11-19,2745.46,2721.02,2746.33,2711.38,12.45000778,138.02398921
801140,2020-11-20,2763.18,2743.02,2763.48,2738.32,11.97925177,130.48445805
801140,2020-11-23,2782.88,2763.23,2791.57,2749.17,16.05737901,160.47625212
801140,2020-11-24,2780.3,2781.16,2784.24,2768.2,13.34782763,138.00372211
801140,2020-11-25,2712.52,2780.8,2780.8,2712.52,12.75463178,139.55111907
801140,2020-11-26,2695.07,2713.65,2716.65,2677.86,10.14439307,110.27808385
801140,2020-11-27,2689.31,2691.78,2692.8,2660.97,11.12245295,109.1028483
801140,2020-11-30,2664.82,2690.54,2690.57,2659.96,12.64106086,139.99156608
801140,2020-12-01,2707.55,2668.16,2709.59,2665.78,11.90946516,126.31956143
801140,2020-12-02,2706.83,2704.5,2708.67,2692.89,13.31968482,139.2358682
801140,2020-12-03,2702.21,2704.94,2709.41,2685.66,13.83408487,135.83628897
801140,2020-12-04,2735.72,2701.96,2735.74,2695.89,13.13675435,127.06674435
801140,2020-12-07,2733.66,2739.51,2746.03,2729.67,12.8379858,124.79619621
801140,2020-12-08,2714.91,2731.36,2734.7,2713.0,12.06091464,122.82327274
801140,2020-12-09,2661.62,2717.22,2722.46,2661.62,13.88191751,135.79961987
801140,2020-12-10,2660.4,2652.57,2673.92,2646.19,11.79508108,121.24041852
801140,2020-12-11,2618.76,2660.78,2666.58,2600.16,11.9515755,128.84477463
801140,2020-12-14,2652.42,2621.97,2652.55,2608.56,11.48598416,121.78394378
801140,2020-12-15,2655.89,2647.33,2658.08,2637.98,11.05209469,119.96165666
801140,2020-12-16,2642.29,2655.75,2661.94,2641.59,11.01577471,114.23152088
801140,2020-12-17,2660.54,2642.23,2660.54,2623.3,11.8949277,120.62824553
801140,2020-12-18,2645.97,2657.82,2665.98,2641.53,13.0179331,122.1751457
801140,2020-12-21,2667.23,2641.2,2667.74,2625.44,11.78723481,127.19661633
801140,2020-12-22,2606.41,2655.15,2665.33,2603.4,12.36340269,140.41809724
801140,2020-12-23,2595.13,2606.86,2616.95,2584.98,11.14036172,128.55027727
801140,2020-12-24,2555.46,2592.88,2592.88,2550.01,11.24255146,127.87186649
801140,2020-12-25,2569.78,2541.08,2571.87,2537.57,11.89440968,136.47790931
801140,2020-12-28,2551.51,2564.34,2570.19,2543.53,12.39944512,137.4297319
801140,2020-12-29,2548.9,2552.3,2566.66,2545.64,10.70301677,123.76541013
801140,2020-12-30,2566.44,2551.58,2576.32,2549.06,10.71406363,116.91125256
801140,2020-12-31,2605.76,2569.54,2605.78,2568.98,11.55495933,122.22103298
801140,2021-01-04,2646.52,2610.8,2648.03,2610.16,13.6651627,158.86595093
801140,2021-01-05,2677.63,2640.22,2677.94,2636.55,13.15275191,157.4408229
801140,2021-01-06,2669.07,2684.84,2697.73,2651.93,17.39474344,172.7694655
801140,2021-01-07,2645.28,2669.71,2669.71,2625.65,20.09201881,178.98217504
801140,2021-01-08,2655.51,2645.52,2677.17,2615.59,16.64017229,163.04458145
801140,2021-01-11,2607.05,2651.52,2651.52,2596.49,15.22866956,158.25207758
801140,2021-01-12,2666.35,2600.9,2667.58,2599.14,14.79084247,151.09499196
801140,2021-01-13,2625.34,2671.23,2671.28,2607.08,17.81202935,170.95194226
801140,2021-01-14,2626.54,2612.5,2647.41,2593.05,14.81503785,149.11220805
801140,2021-01-15,2666.4,2624.6,2669.84,2623.61,13.77299891,146.69881479
801140,2021-01-18,2710.38,2662.09,2712.55,2662.02,15.65341579,168.60430868
801140,2021-01-19,2699.95,2710.08,2722.88,2692.44,18.71505132,189.02132787
801140,2021-01-20,2703.85,2692.79,2705.95,2681.11,15.23227058,151.26473798
801140,2021-01-21,2724.89,2698.72,2738.89,2694.17,15.37219366,166.0576696
801140,2021-01-22,2737.74,2721.17,2737.74,2718.09,15.70106963,169.83981643
801140,2021-01-25,2729.53,2744.02,2746.6,2717.43,15.71595163,170.92461414
801140,2021-01-26,2705.7,2728.64,2735.61,2698.77,13.78227095,175.86388889
801140,2021-01-27,2737.05,2706.16,2745.55,2706.14,14.236642,177.99416442
801140,2021-01-28,2684.42,2702.24,2729.33,2681.94,15.35374954,171.5158447
801140,2021-01-29,2677.16,2696.64,2711.81,2647.25,15.32563917,159.72469325
801140,2021-02-01,2737.47,2673.19,2737.47,2670.55,16.26575113,167.16338961
801140,2021-02-02,2772.89,2738.37,2774.46,2721.3,15.57189858,179.73378838
801140,2021-02-03,2789.52,2766.83,2809.53,2758.5,16.84557281,197.48363251
801140,2021-02-04,2774.72,2776.82,2794.12,2742.18,16.81871904,193.62280232
801140,2021-02-05,2737.24,2782.07,2791.88,2735.48,15.27736388,176.15951143
801140,2021-02-08,2765.51,2732.93,2776.07,2716.23,13.42125105,155.52606978
801140,2021-02-09,2793.68,2761.99,2798.41,2761.99,12.34646591,142.08055228
801140,2021-02-10,2819.78,2797.33,2822.41,2780.15,11.9247576,140.30169876
801140,2021-02-18,2851.75,2864.12,2879.48,2830.46,15.98662952,186.04051855
801140,2021-02-19,2879.31,2849.36,2880.99,2830.95,20.41564361,203.16971227
801140,2021-02-22,2852.71,2882.22,2919.97,2852.71,23.46331165,239.16611285
801140,2021-02-23,2839.57,2840.79,2879.29,2829.36,23.80605292,210.44059789
801140,2021-02-24,2786.35,2844.14,2844.14,2768.17,20.21566188,197.05371435
801140,2021-02-25,2769.33,2805.91,2808.84,2761.95,17.31567019,172.18362602
801140,2021-02-26,2721.89,2720.42,2759.05,2708.32,15.86326857,161.83649335
801140,2021-03-01,2785.21,2741.57,2785.66,2741.33,17.78053751,182.74370673
801140,2021-03-02,2764.31,2793.1,2793.12,2739.97,17.04226926,179.40640691
801140,2021-03-03,2807.91,2760.25,2810.3,2752.35,16.05980306,171.99059463
801140,2021-03-04,2750.79,2795.01,2795.26,2739.43,16.48132988,174.12173653
801140,2021-03-05,2768.99,2716.94,2782.39,2716.89,14.41274286,156.49446152
801140,2021-03-08,2712.55,2786.46,2796.9,2712.55,15.15573824,168.26326187
801140,2021-03-09,2648.37,2700.79,2706.89,2609.25,17.43648474,174.10438406
801140,2021-03-10,2637.91,2669.94,2678.99,2632.32,13.63795445,135.84922338
801140,2021-03-11,2694.01,2642.6,2694.01,2633.77,12.71871029,129.56139337
801140,2021-03-12,2700.66,2698.4,2700.79,2670.5,13.98438283,135.01779868
801140,2021-03-15,2670.43,2688.74,2695.54,2648.34,14.08346399,144.2909856
801140,2021-03-16,2696.21,2670.92,2697.69,2653.78,12.95214467,123.8830748
801140,2021-03-17,2728.28,2696.34,2730.53,2679.48,13.74965098,129.81864039
801140,2021-03-18,2803.36,2729.77,2807.1,2729.77,19.22376143,187.34174659
801140,2021-03-19,2780.01,2770.12,2806.79,2760.87,16.52154516,172.74806475
801140,2021-03-22,2819.72,2775.81,2820.26,2775.65,16.91974067,166.81757694
801140,2021-03-23,2775.08,2825.51,2831.24,2764.47,17.63779398,183.05833281
801140,2021-03-24,2732.17,2767.75,2775.8,2725.21,17.34764485,173.01034818
801140,2021-03-25,2731.08,2713.54,2747.66,2705.62,15.93734502,154.08848478
801140,2021-03-26,2772.64,2733.37,2779.7,2733.03,18.11838754,174.86180644
801140,2021-03-29,2791.92,2779.07,2799.91,2773.15,19.69242079,184.27338907
801140,2021-03-30,2782.85,2783.66,2783.91,2759.36,17.91807225,175.79230578
801140,2021-03-31,2771.83,2784.55,2784.67,2755.13,13.69120349,146.74569093
801140,2021-04-01,2804.73,2780.13,2806.17,2774.16,13.36811082,130.93012583
801140,2021-04-02,2816.69,2811.14,2832.47,2799.91,14.28924156,152.48804185
801140,2021-04-06,2851.34,2819.43,2854.99,2819.29,15.86404837,164.8004425
801140,2021-04-07,2853.76,2856.19,2865.03,2827.04,17.39254819,177.65978099
801140,2021-04-08,2851.89,2857.87,2861.9,2834.32,14.94629782,162.73673166
801140,2021-04-09,2866.23,2850.1,2869.34,2845.57,12.25882196,138.56524759
801140,2021-04-12,2766.16,2867.18,2867.18,2758.93,15.07847137,172.87162733
801140,2021-04-13,2731.94,2758.92,2770.42,2727.7,13.64101504,148.72029036
801140,2021-04-14,2774.14,2732.12,2774.24,2731.02,11.29739034,130.61215547
801140,2021-04-15,2767.58,2775.14,2775.14,2739.52,11.29847659,137.27693707
801140,2021-04-16,2804.21,2768.58,2804.21,2766.76,14.21945515,146.86649295
801140,2021-04-19,2820.13,2800.36,2822.16,2783.94,16.11916496,161.70055461
801140,2021-04-20,2817.96,2810.18,2832.99,2810.17,14.47415742,153.5286685
801140,2021-04-21,2828.66,2803.99,2834.38,2803.53,13.264548,136.31990884
801140,2021-04-22,2843.51,2838.13,2850.49,2829.82,14.05780728,148.72517824
801140,2021-04-23,2835.23,2846.09,2846.57,2813.6,14.5041732,154.70493879
801140,2021-04-26,2803.23,2837.65,2849.07,2801.82,14.8707478,161.42246225
801140,2021-04-27,2818.05,2799.24,2820.24,2795.43,12.854075,127.8909486
801140,2021-04-28,2812.91,2813.73,2821.93,2800.13,11.43522714,129.59174585
801140,2021-04-29,2818.16,2812.96,2827.16,2803.21,12.19332266,142.09467061
801140,2021-04-30,2821.03,2813.74,2825.93,2803.72,13.77075266,158.29140908
801140,2021-05-06,2830.32,2822.94,2851.56,2813.8,13.00903342,149.78062258
801140,2021-05-07,2821.05,2834.01,2862.88,2820.58,17.67999816,169.81253093
801140,2021-05-10,2823.98,2831.12,2842.96,2808.86,18.1065453,167.08093867
801140,2021-05-11,2795.64,2808.62,2808.62,2768.49,15.84776281,151.98646153
801140,2021-05-12,2792.7,2783.3,2793.85,2761.19,12.75886675,123.29178315
801140,2021-05-13,2752.99,2766.41,2772.75,2747.51,12.94744833,125.33870799
801140,2021-05-14,2770.2,2755.08,2770.26,2741.41,12.82681793,129.08489899
801140,2021-05-17,2800.21,2766.44,2808.71,2763.95,13.46290042,145.50329785
801140,2021-05-18,2809.55,2800.45,2809.55,2784.68,11.95592826,131.49123531
801140,2021-05-19,2791.97,2810.94,2810.96,2786.96,12.31068249,133.16413825
801140,2021-05-20,2778.43,2785.42,2786.8,2758.21,17.4676213,164.4088424
801140,2021-05-21,2787.88,2777.29,2791.69,2762.0,17.83579084,151.25675948
801140,2021-05-24,2811.47,2806.8,2834.78,2802.77,19.03746054,169.68899946
801140,2021-05-25,2839.39,2819.84,2840.29,2796.32,24.93962206,214.66338022
801140,2021-05-26,2874.82,2846.61,2875.38,2840.11,24.31311017,229.13058501
801140,2021-05-27,2858.16,2866.96,2867.07,2836.66,23.39844613,227.32659746
801140,2021-05-28,2827.75,2849.29,2857.72,2823.51,22.50237863,216.98329554
801140,2021-05-31,2844.67,2828.48,2844.67,2820.38,20.15059887,197.75352624
801140,2021-06-01,2875.59,2857.7,2877.45,2836.16,22.61074746,222.1334083
801140,2021-06-02,2851.86,2872.07,2883.6,2845.49,21.9630102,210.76247321
801140,2021-06-03,2850.62,2841.32,2869.94,2830.15,19.14165515,179.6691888
801140,2021-06-04,2861.58,2848.3,2864.18,2838.44,16.98817108,175.40744223
801140,2021-06-07,2863.04,2865.63,2865.63,2848.37,16.26400743,175.0355593
801140,2021-06-08,2847.7,2861.82,2871.16,2838.21,16.17584352,167.3061245
801140,2021-06-09,2829.01,2842.75,2843.09,2822.69,14.60254317,147.27249502
801140,2021-06-10,2813.36,2827.2,2827.2,2805.48,15.31387457,163.91986211
801140,2021-06-11,2788.02,2813.33,2813.33,2787.2,15.24862075,157.45968049
801140,2021-06-15,2759.87,2783.45,2783.45,2748.75,14.66071735,148.06707985
801140,2021-06-16,2728.02,2761.52,2761.52,2725.36,12.25693096,134.98347083
801140,2021-06-17,2735.13,2726.59,2739.4,2724.47,11.06445603,115.9571638
801140,2021-06-18,2743.45,2728.32,2743.45,2719.43,13.38132775,141.20723484
801140,2021-06-21,2747.61,2733.72,2755.68,2722.71,12.78157907,144.43755684
801140,2021-06-22,2759.51,2753.73,2765.57,2746.28,13.3585492,142.70125147
801140,2021-06-23,2785.94,2758.38,2789.64,2755.41,12.99948918,143.00106811
801140,2021-06-24,2764.97,2788.05,2788.38,2757.01,11.7662015,134.54560508
801140,2021-06-25,2794.5,2761.49,2796.88,2758.55,12.54699164,141.50937718
801140,2021-06-28,2803.04,2798.94,2808.61,2795.32,11.33713756,135.27849668
801140,2021-06-29,2773.18,2811.11,2811.16,2769.07,12.64291508,158.82144021
801140,2021-06-30,2758.02,2766.77,2766.94,2747.58,11.18207947,136.83990368
801140,2021-07-01,2733.29,2761.16,2761.6,2730.39,12.02720124,134.11065127
801140,2021-07-02,2713.41,2738.29,2744.22,2707.54,11.70213035,139.97603954
801140,2021-07-05,2714.94,2717.84,2728.77,2695.77,12.42237915,157.36785987
801140,2021-07-06,2719.14,2715.7,2720.84,2692.57,13.02478859,168.15844769
801140,2021-07-07,2762.14,2712.51,2762.24,2703.45,11.86551957,152.30516918
801140,2021-07-08,2716.91,2769.19,2771.12,2716.41,12.43864959,157.08716214
801140,2021-07-09,2728.36,2709.97,2728.59,2689.2,12.42926334,151.36053008
801140,2021-07-12,2759.88,2744.86,2765.92,2737.26,12.90315148,152.292671
801140,2021-07-13,2803.95,2764.32,2803.95,2764.27,14.74334875,182.58284234
801140,2021-07-14,2789.0,2803.05,2808.83,2778.2,14.7003484,175.30151819
801140,2021-07-15,2777.51,2787.59,2793.18,2741.01,14.22196001,172.90525433
801140,2021-07-16,2765.82,2777.44,2788.62,2764.49,15.90632128,187.51428028
801140,2021-07-19,2745.29,2757.05,2760.05,2736.15,13.4644414,154.18276457
801140,2021-07-20,2742.1,2728.58,2742.1,2718.79,12.39176097,133.8756595
801140,2021-07-21,2752.12,2752.61,2768.05,2747.8,14.04050962,160.08002382
801140,2021-07-22,2755.54,2750.33,2759.89,2732.54,13.36369204,163.27934331
801140,2021-07-23,2699.81,2753.4,2753.4,2691.7,14.05121853,167.49662729
801140,2021-07-26,2645.56,2689.82,2689.9,2615.43,14.24289267,156.84182798
801140,2021-07-27,2541.76,2645.83,2658.23,2541.76,14.82707971,170.17538596
801140,2021-07-28,2536.11,2529.32,2558.43,2469.49,15.16697279,160.19290532
801140,2021-07-29,2573.51,2562.42,2581.7,2561.35,12.90524871,148.69846272
801140,2021-07-30,2561.6,2561.99,2564.09,2534.85,13.5730594,166.7636697
801140,2021-08-02,2589.88,2554.11,2594.51,2524.69,14.59068659,188.25018692
801140,2021-08-03,2600.28,2581.32,2613.33,2574.73,13.24683789,157.22483914
801140,2021-08-04,2618.93,2610.91,2619.68,2601.47,12.74140015,154.56979356
801140,2021-08-05,2605.89,2608.56,2622.11,2596.98,12.86258573,155.66035355
801140,2021-08-09,2666.41,2594.51,2667.13,2589.74,14.02651175,193.95484763
801140,2021-08-10,2673.29,2661.79,2674.13,2644.61,13.8261468,181.50497496
801140,2021-08-11,2702.53,2670.15,2708.85,2670.15,14.23011912,173.24567706
801140,2021-08-12,2687.36,2698.22,2714.43,2677.67,14.27308689,179.67549517
801140,2021-08-13,2702.17,2682.59,2703.79,2671.22,15.45282335,170.60173672
801140,2021-08-16,2720.27,2703.16,2721.99,2698.41,13.75932942,162.87207472
801140,2021-08-17,2653.24,2715.84,2715.84,2648.42,15.1899952,169.91480685
801140,2021-08-18,2657.49,2645.66,2657.49,2637.51,12.03348939,139.98181097
801140,2021-08-19,2661.51,2654.82,2669.61,2639.24,12.43233632,154.47597521
801140,2021-08-20,2626.39,2658.68,2658.68,2602.79,13.21702721,151.28897753
801140,2021-08-23,2676.76,2631.53,2679.29,2628.79,13.6680327,163.90428505
801140,2021-08-24,2682.28,2685.16,2691.5,2672.99,14.45918062,166.38858476
801140,2021-08-25,2704.94,2683.25,2704.94,2669.87,14.67306501,160.32314075
801140,2021-08-26,2673.12,2705.36,2705.48,2672.41,18.7684485,189.14038386
801140,2021-08-27,2682.31,2661.89,2683.89,2657.84,17.43178079,178.41155256
801140,2021-08-30,2686.79,2692.66,2699.85,2681.27,17.82482243,214.00194844
801140,2021-08-31,2692.98,2682.55,2700.19,2661.43,17.25431008,213.68185736
801140,2021-09-01,2690.61,2699.51,2703.21,2655.03,21.25430723,249.93286542
801140,2021-09-02,2703.54,2687.62,2705.13,2687.55,19.21024232,214.19231845
801140,2021-09-03,2723.91,2698.91,2723.99,2690.02,20.41840056,231.56408966
801140,2021-09-06,2749.01,2722.14,2749.07,2706.85,18.5816349,212.38204092
801140,2021-09-07,2767.37,2743.49,2767.8,2734.97,17.7571322,191.99087067
801140,2021-09-08,2818.01,2769.32,2818.17,2769.32,23.70310718,234.28159285
801140,2021-09-09,2810.45,2815.51,2818.55,2793.45,21.58351746,219.61677993
801140,2021-09-10,2817.42,2807.89,2832.41,2800.73,22.78965922,232.79060521
801140,2021-09-13,2820.16,2820.34,2824.08,2797.39,19.94280087,215.55567056
801140,2021-09-14,2786.45,2816.26,2831.76,2785.26,20.92023938,231.61782508
801140,2021-09-15,2772.78,2787.29,2787.62,2755.47,17.31071826,199.93912333
801140,2021-09-16,2733.77,2772.8,2796.32,2731.29,19.75573445,219.99398799
801140,2021-09-17,2711.56,2728.67,2728.67,2663.92,18.06783952,189.05195085
801140,2021-09-22,2688.61,2681.58,2689.1,2666.74,14.56325164,153.17635629
801140,2021-09-23,2764.08,2702.97,2772.6,2702.91,23.21178147,236.50929541
801140,2021-09-24,2701.32,2769.92,2769.97,2699.05,29.44865321,244.62247246
801140,2021-09-27,2640.15,2690.3,2692.76,2617.51,21.20849388,181.80599336
801140,2021-09-28,2635.29,2634.88,2640.59,2614.41,13.74114201,124.07275229
801140,2021-09-29,2559.24,2612.14,2612.45,2558.71,14.17014314,124.19761904
801140,2021-09-30,2604.93,2568.14,2611.05,2567.94,12.01682647,106.81803318
801140,2021-10-11,2667.82,2668.24,2679.22,2657.07,12.69280972,114.82930229
801140,2021-10-12,2621.61,2659.95,2660.26,2599.33,13.42907601,122.57093292
801140,2021-10-13,2624.41,2625.33,2627.19,2590.19,12.88347456,112.74383837
801140,2021-10-14,2626.95,2620.66,2633.21,2611.2,11.53961467,107.18759033
801140,2021-10-15,2587.32,2617.43,2617.52,2587.15,11.72208352,109.01326151
801140,2021-10-18,2588.92,2585.56,2588.92,2569.29,10.66631459,96.20925953
801140,2021-10-19,2614.73,2588.17,2619.2,2582.88,10.97077815,102.34892774
801140,2021-10-20,2596.93,2617.45,2617.5,2591.53,11.12349152,105.20573533
801140,2021-10-21,2591.33,2595.01,2602.6,2583.72,11.5585213,112.04767566
801140,2021-10-25,2591.79,2611.97,2611.97,2578.61,11.69021286,126.89691469
801140,2021-10-26,2580.33,2587.8,2596.24,2575.1,11.93971303,121.97038628
801140,2021-10-27,2520.91,2573.73,2573.73,2505.32,12.82072176,132.16959931
801140,2021-10-28,2505.4,2507.84,2518.38,2491.62,11.92109185,122.44403505
801140,2021-10-29,2527.31,2502.88,2530.47,2487.86,12.11967305,123.29689744
801140,2021-11-01,2537.68,2516.16,2543.57,2505.34,11.8851943,120.96140355
801140,2021-11-02,2510.83,2542.48,2556.52,2496.65,14.48117451,142.35379098
801140,2021-11-03,2530.81,2512.87,2530.81,2511.14,10.54408349,106.00007174
801140,2021-11-04,2572.74,2535.42,2572.74,2528.15,11.33888879,122.37005153
801140,2021-11-05,2569.38,2572.53,2595.41,2567.31,15.04083379,146.44640097
801140,2021-11-08,2573.82,2570.4,2573.84,2570.4,12.91821638,138.26710863
801140,2021-11-09,2572.79,2573.34,2576.67,2565.86,11.02847132,114.9247632
801140,2021-11-10,2575.8,2570.75,2576.13,2543.14,11.62536369,124.04152368
801140,2021-11-11,2620.74,2573.58,2624.22,2573.57,13.06343378,141.17385227
801140,2021-11-12,2653.66,2624.26,2655.97,2619.24,14.66765508,158.16147366
801140,2021-11-15,2688.6,2663.86,2688.65,2652.26,17.92096805,186.56088954
801140,2021-11-16,2684.09,2688.77,2703.27,2680.85,15.62089624,172.51802841
801140,2021-11-17,2688.99,2677.19,2688.99,2673.29,13.8277728,142.89855376
801140,2021-11-18,2654.19,2684.03,2684.03,2654.19,14.58757625,146.15661637
801140,2021-11-19,2666.56,2650.39,2667.72,2639.36,12.55316312,132.41290316
801140,2021-11-22,2678.61,2668.13,2679.15,2661.94,12.31518309,129.41456752
801140,2021-11-23,2696.55,2677.82,2700.8,2673.74,16.45599445,158.77925394
801140,2021-11-24,2705.24,2696.25,2707.39,2678.86,16.69603079,175.64546004
801140,2021-11-25,2703.56,2699.36,2714.65,2689.71,15.31090258,160.95006167
801140,2021-11-26,2682.97,2699.32,2702.53,2679.64,14.73459391,145.55226139
801140,2021-11-29,2662.08,2654.46,2671.37,2652.91,14.14250838,153.5713212
801140,2021-11-30,2671.79,2673.89,2692.08,2662.86,17.9027244,173.80289431
801140,2021-12-01,2725.72,2672.17,2726.51,2672.17,22.50277815,216.43015576
801140,2021-12-02,2698.67,2735.14,2741.94,2698.67,24.59408718,231.59507101
801140,2021-12-03,2694.15,2704.51,2706.87,2674.46,20.18513657,192.78144733
801140,2021-12-06,2672.22,2699.32,2709.94,2669.39,19.30031628,199.55957764
801140,2021-12-07,2683.45,2686.77,2698.44,2668.04,16.63364149,184.54684397
801140,2021-12-08,2705.04,2687.03,2705.04,2671.57,15.95791766,177.73507686
801140,2021-12-09,2754.47,2722.98,2762.58,2722.96,19.6825662,223.67515688
801140,2021-12-10,2762.23,2746.66,2765.39,2742.48,19.8313288,205.2215796
801140,2021-12-13,2773.47,2762.93,2789.5,2762.81,15.26471716,156.80613769
801140,2021-12-14,2777.11,2770.66,2784.75,2765.14,15.08147141,151.45910707
801140,2021-12-15,2779.12,2777.64,2790.28,2772.68,19.0718704,175.66192848
801140,2021-12-16,2791.76,2783.11,2791.76,2772.48,16.07190906,156.63831039
801140,2021-12-17,2775.72,2793.02,2793.17,2767.89,15.81517519,148.5443452
801140,2021-12-20,2749.02,2767.7,2781.57,2743.64,17.91920256,166.68991717
801140,2021-12-21,2798.89,2744.53,2799.05,2744.39,19.65049227,176.3584207
801140,2021-12-22,2833.2,2808.67,2837.82,2802.41,22.34397377,208.3030141
801140,2021-12-23,2802.87,2827.8,2827.8,2796.46,18.08323659,178.26843751
801140,2021-12-24,2788.93,2800.65,2800.65,2770.97,17.02939194,159.65798569
801140,2021-12-27,2832.58,2786.7,2833.98,2781.73,16.37720642,164.70290038
801140,2021-12-28,2852.66,2831.47,2856.18,2826.43,15.7560834,167.16963426
801140,2021-12-29,2863.27,2848.05,2872.65,2836.68,14.86896034,159.15973823
801140,2021-12-30,2889.36,2871.39,2894.99,2871.33,15.67414782,162.03759444
801140,2021-12-31,2909.27,2899.84,2909.91,2892.32,19.2392972,196.41462398
801140,2022-01-04,2929.73,2912.57,2930.34,2906.77,20.94926356,202.43961482
801140,2022-01-05,2897.49,2931.49,2931.49,2879.4,20.35980349,208.73680196
801140,2022-01-06,2926.47,2876.84,2931.9,2870.88,21.25534475,215.60378527
801140,2022-01-07,2903.93,2930.58,2955.39,2903.93,21.05279658,219.59726567
801140,2022-01-10,2936.7,2897.58,2936.7,2892.77,16.65278979,172.43562816
801140,2022-01-11,2908.44,2930.44,2943.68,2903.19,15.81332744,158.3258916
801140,2022-01-12,2935.16,2914.89,2935.16,2899.68,19.55572754,188.75152769
801140,2022-01-13,2867.9,2930.03,2930.03,2867.67,18.84443972,190.04973059
801140,2022-01-14,2839.83,2867.96,2870.33,2838.06,20.02202536,186.03129852
801140,2022-01-17,2865.59,2841.08,2871.32,2841.05,16.29842809,166.51291545
801140,2022-01-18,2854.9,2868.88,2868.88,2839.92,18.06238858,179.12283888
801140,2022-01-19,2861.9,2847.42,2880.16,2844.99,15.3947219,161.802306
801140,2022-01-20,2833.08,2865.78,2880.82,2833.08,16.12111626,161.53979043
801140,2022-01-21,2787.95,2834.03,2834.03,2781.19,15.45440423,146.261507
801140,2022-01-24,2761.49,2785.71,2787.12,2760.3,14.40313673,132.72679601
801140,2022-01-25,2662.55,2750.14,2756.9,2662.55,16.2448686,144.60727855
801140,2022-01-26,2678.06,2673.94,2693.4,2650.74,13.4196187,117.29413509
801140,2022-01-27,2598.05,2674.51,2674.56,2598.05,12.32902238,107.88086319
801140,2022-01-28,2628.77,2617.08,2647.16,2595.2,14.08388425,109.55042696
801140,2022-02-07,2653.8,2648.98,2664.82,2646.43,13.39580134,112.02398676
801140,2022-02-08,2684.81,2656.45,2685.91,2643.43,13.66661991,117.47649503
801140,2022-02-09,2696.68,2684.14,2697.96,2673.52,15.73698227,129.57247023
801140,2022-02-10,2690.16,2699.2,2699.24,2673.6,15.20073039,129.79363796
801140,2022-02-11,2657.78,2681.17,2698.66,2656.15,15.50772609,128.72837246
801140,2022-02-14,2646.05,2646.46,2658.56,2636.34,13.97113284,116.19419675
801140,2022-02-15,2642.71,2647.4,2657.88,2624.73,13.73830197,110.30523017
801140,2022-02-16,2674.61,2651.87,2675.14,2651.83,13.52024134,109.77720157
801140,2022-02-17,2656.79,2670.58,2673.12,2653.58,15.39116293,121.27259079
801140,2022-02-18,2674.24,2647.22,2674.56,2636.39,13.96994532,102.20126597
801140,2022-02-21,2714.46,2679.03,2714.46,2668.97,14.98490406,112.21169953
801140,2022-02-22,2674.48,2706.25,2706.33,2663.56,17.14170199,129.12543423
801140,2022-02-23,2696.81,2678.54,2697.81,2676.02,17.17290737,129.77340974
801140,2022-02-24,2630.99,2689.34,2702.01,2602.76,21.42522308,161.49398268
801140,2022-02-25,2657.34,2640.86,2681.95,2640.82,14.01041173,111.673498
801140,2022-02-28,2651.89,2659.06,2659.11,2613.48,13.94807747,122.2607113
801140,2022-03-01,2653.52,2656.51,2669.46,2640.59,13.03791254,119.65026781
801140,2022-03-02,2664.07,2642.79,2665.22,2635.51,12.57570707,109.4944365
801140,2022-03-04,2659.9,2666.51,2673.14,2651.6,14.40483966,130.94731806
801140,2022-03-07,2616.46,2649.76,2649.81,2603.34,15.79887526,140.06356354
801140,2022-03-08,2523.2,2614.53,2619.61,2523.2,19.01645853,168.00550952
801140,2022-03-09,2503.72,2528.32,2536.88,2400.44,18.9914021,162.81829571
801140,2022-03-10,2530.02,2542.76,2558.63,2529.74,15.82604149,143.31153629
801140,2022-03-11,2538.25,2498.06,2539.7,2462.24,13.767045,123.66956526
801140,2022-03-14,2472.53,2526.15,2530.94,2472.53,14.86911691,140.99938074
801140,2022-03-15,2331.4,2456.86,2456.96,2330.81,17.9542498,161.69671027
801140,2022-03-16,2390.32,2361.27,2396.01,2285.28,16.34771965,147.52512591
801140,2022-03-17,2450.94,2418.79,2492.3,2418.51,16.38015599,163.16320671
801140,2022-03-18,2480.28,2444.56,2484.2,2443.08,13.58612597,128.58700664
801140,2022-03-21,2485.15,2482.54,2492.81,2459.14,14.70214484,128.66189286
801140,2022-03-22,2510.71,2478.26,2522.48,2462.91,14.65475196,133.00175187
801140,2022-03-24,2457.82,2484.95,2484.95,2450.82,13.33671338,120.11044961
801140,2022-03-25,2442.63,2458.79,2483.89,2442.63,14.47589296,122.8438016
801140,2022-03-28,2423.11,2429.06,2443.26,2395.94,13.81344218,109.6751393
801140,2022-03-29,2384.82,2425.33,2426.27,2376.11,11.6521136,94.88368634
801140,2022-03-30,2448.44,2392.71,2448.64,2390.98,12.14703712,103.68280127
801140,2022-04-01,2450.76,2434.34,2450.96,2420.09,12.52382536,110.38919446
801140,2022-04-06,2490.21,2442.27,2493.89,2442.27,14.84294935,127.1953444
801140,2022-04-07,2432.69,2481.24,2490.99,2432.69,12.83306038,108.17067718
801140,2022-04-08,2417.44,2432.38,2439.16,2399.0,11.33135796,94.404611
801140,2022-04-11,2354.93,2408.4,2409.22,2343.95,11.46612527,92.04552414
801140,2022-04-12,2396.12,2351.32,2396.12,2334.0,12.38363994,95.31049863
801140,2022-04-13,2351.08,2392.41,2392.73,2351.08,12.26448017,95.53888252
801140,2022-04-15,2354.14,2363.93,2373.3,2337.79,11.78834769,94.45769921
801140,2022-04-18,2343.86,2332.49,2348.24,2308.79,9.26091342,71.5514206
801140,2022-04-19,2333.2,2332.27,2346.17,2323.48,9.55266601,81.91621279
801140,2022-04-20,2320.59,2338.64,2350.56,2311.6,11.86454269,97.54603746
801140,2022-04-21,2241.78,2313.96,2320.88,2236.09,13.91820451,102.82017422
801140,2022-04-22,2250.66,2232.05,2266.99,2208.96,11.16544837,91.62622709
801140,2022-04-25,2101.59,2211.92,2212.03,2101.39,14.13554858,106.17180227
801140,2022-04-26,2036.72,2097.78,2108.74,2031.47,12.34832041,91.98235639
801140,2022-04-27,2072.09,2010.76,2072.31,1981.83,12.8631143,90.60776115
801140,2022-04-28,2035.78,2060.52,2063.29,2013.51,10.25711973,79.36974507
801140,2022-04-29,2121.98,2038.54,2125.71,2037.96,12.24002618,95.3028679
801140,2022-05-06,2133.13,2118.82,2148.36,2108.53,10.33271842,79.82712249
801140,2022-05-10,2198.57,2163.4,2200.04,2159.24,16.57557044,121.86715289
801140,2022-05-11,2196.31,2195.69,2245.48,2191.36,16.91451099,132.47220814
801140,2022-05-12,2210.61,2180.53,2212.05,2174.93,12.29767395,98.44094916
801140,2022-05-13,2228.4,2216.99,2228.4,2202.36,10.01038093,82.72862844
801140,2022-05-16,2241.8,2239.85,2256.11,2233.7,10.87417131,89.14574252
801140,2022-05-17,2243.63,2241.68,2243.63,2213.24,10.86270714,84.90271797
801140,2022-05-18,2258.42,2246.63,2270.68,2237.82,11.5585092,89.28137311
801140,2022-05-19,2257.13,2229.26,2257.13,2224.83,13.33351461,91.16204443
801140,2022-05-20,2280.18,2259.33,2280.75,2258.79,14.42360817,106.68949224
801140,2022-05-23,2282.05,2281.56,2284.02,2270.22,11.44439842,87.53808779
801140,2022-05-24,2199.1,2289.67,2289.71,2198.09,15.01292586,111.04256593
801140,2022-05-25,2220.05,2192.83,2220.05,2192.71,10.19507043,75.6008688
801140,2022-05-26,2245.78,2228.05,2248.36,2190.67,11.98055116,89.5901616
801140,2022-05-27,2227.17,2244.68,2252.81,2211.17,11.38403979,85.50833706
801140,2022-05-30,2241.53,2229.97,2241.82,2217.1,10.68191153,89.89964379
801140,2022-05-31,2281.96,2237.89,2282.69,2229.74,13.45814232,102.12061119
801140,2022-06-01,2290.5,2279.45,2309.81,2272.61,13.1006267,103.35863633
801140,2022-06-02,2288.29,2282.82,2288.4,2255.04,11.34903626,91.41635873
801140,2022-06-06,2310.33,2292.07,2310.76,2281.83,13.20923364,104.08700646
801140,2022-06-07,2305.93,2312.51,2321.57,2287.57,14.25999644,106.31503299
801140,2022-06-08,2292.14,2301.07,2304.18,2259.01,14.45799257,110.48087953
801140,2022-06-09,2242.52,2285.83,2285.93,2234.55,11.23326125,89.80012451
801140,2022-06-10,2265.38,2229.86,2266.43,2227.66,11.26424148,88.17153523
801140,2022-06-13,2260.16,2251.28,2263.26,2236.84,13.61446583,104.95242684
801140,2022-06-14,2256.79,2243.95,2256.79,2198.44,13.53566704,100.8526284
801140,2022-06-15,2282.21,2260.39,2309.82,2260.39,14.68771996,117.30576971
801140,2022-06-16,2334.08,2283.49,2339.87,2283.49,16.90945057,133.92374081
801140,2022-06-17,2330.61,2318.93,2331.87,2294.25,14.3441505,117.30658789
801140,2022-06-20,2387.99,2339.85,2394.57,2339.85,13.47410363,132.11337336
801140,2022-06-21,2394.52,2388.99,2411.63,2374.42,12.7122727,122.66489945
801140,2022-06-22,2343.18,2390.41,2391.04,2343.18,10.20721123,90.15535811
801140,2022-06-23,2366.51,2346.44,2366.51,2330.52,11.62650696,91.81092448
801140,2022-06-24,2408.49,2371.18,2410.71,2371.18,12.24465777,108.90061959
801140,2022-06-27,2442.76,2414.08,2448.14,2414.06,15.1488883,129.0446369
801140,2022-06-28,2460.18,2444.6,2460.58,2428.56,16.26656152,124.06066377
801140,2022-06-29,2445.89,2455.73,2480.5,2443.59,15.11913515,128.20124729
801140,2022-06-30,2474.66,2443.97,2486.45,2443.97,12.11443556,111.21175162
801140,2022-07-01,2448.68,2476.3,2476.3,2436.52,10.53661844,95.50714392
801140,2022-07-04,2456.29,2446.23,2456.29,2426.63,10.90775386,89.81989802
801140,2022-07-05,2423.03,2459.45,2461.57,2397.94,11.88854549,104.44288205
801140,2022-07-06,2397.64,2415.4,2415.59,2379.75,11.16163999,87.76984485
801140,2022-07-07,2396.09,2400.47,2402.97,2389.98,10.65569996,83.27789223
801140,2022-07-08,2385.94,2399.15,2402.12,2384.38,11.87303543,82.54541946
801140,2022-07-11,2352.18,2374.71,2374.71,2339.91,11.62691965,85.95316141
801140,2022-07-12,2317.64,2344.11,2344.11,2317.34,11.62628464,88.04894612
801140,2022-07-13,2339.51,2318.53,2341.58,2317.73,11.6823576,88.58870362
801140,2022-07-14,2329.3,2339.88,2339.99,2323.22,12.98341425,101.75669806
801140,2022-07-15,2276.14,2324.87,2325.58,2276.14,14.46718062,112.29004382
801140,2022-07-18,2323.6,2277.79,2330.36,2277.7,14.13456443,111.73288351
801140,2022-07-19,2333.88,2325.77,2334.4,2319.9,11.86014216,98.35309852
801140,2022-07-20,2348.64,2338.73,2348.64,2334.96,11.69336959,97.69884599
801140,2022-07-21,2329.83,2350.55,2354.12,2329.83,12.04487557,95.55390249
801140,2022-07-22,2318.36,2332.1,2340.62,2298.91,10.96161568,87.42562026
801140,2022-07-25,2317.55,2323.28,2336.77,2314.26,10.37955071,86.80819644
801140,2022-07-26,2354.51,2318.04,2354.86,2309.45,12.10810243,93.09270917
801140,2022-07-27,2364.8,2352.77,2369.05,2352.14,13.08843606,98.25189005
801140,2022-07-28,2365.43,2371.0,2377.91,2362.77,12.98052043,101.69736316
801140,2022-07-29,2335.28,2367.72,2367.79,2334.52,11.00110428,89.86284603
801140,2022-08-01,2325.63,2333.47,2333.47,2319.4,10.09762327,82.65740243
801140,2022-08-02,2242.58,2308.23,2308.34,2216.47,15.26995999,114.69266083
801140,2022-08-03,2218.61,2237.24,2274.12,2215.7,11.88458322,94.59517866
801140,2022-08-04,2245.63,2234.99,2245.87,2214.13,9.228321,76.91372619
801140,2022-08-05,2276.93,2250.89,2276.93,2241.22,9.16550801,76.82475263
801140,2022-08-08,2289.72,2275.54,2293.14,2271.1,7.96653244,67.30023194
801140,2022-08-09,2296.39,2296.16,2303.36,2286.63,8.9406851,80.61998709
801140,2022-08-10,2294.33,2291.84,2296.43,2279.53,8.8238745,79.92257939
801140,2022-08-11,2331.36,2301.22,2331.36,2300.71,10.60893551,89.87437347
801140,2022-08-12,2350.89,2330.83,2359.78,2327.49,12.59483808,101.85963863
801140,2022-08-15,2344.9,2352.47,2352.47,2332.42,11.83354602,97.35517357
801140,2022-08-16,2366.16,2347.05,2367.83,2347.05,10.72026315,95.91868015
801140,2022-08-17,2363.87,2366.67,2366.69,2346.74,11.49582997,102.89536085
801140,2022-08-18,2342.68,2355.17,2355.17,2336.56,10.59816979,98.61723129
801140,2022-08-19,2339.32,2343.73,2359.96,2339.23,10.53177588,104.0796114
801140,2022-08-22,2371.6,2335.63,2373.9,2331.2,10.39378797,102.486784
801140,2022-08-23,2358.26,2369.39,2369.39,2349.25,10.55774371,97.96701065
801140,2022-08-24,2311.34,2358.0,2358.01,2306.79,11.89420102,104.99509519
801140,2022-08-25,2329.41,2318.41,2329.41,2296.93,9.99608235,101.43806683
801140,2022-08-26,2324.63,2332.39,2346.89,2320.69,9.14729835,91.14577579
801140,2022-08-29,2351.08,2302.99,2351.7,2297.4,9.19116215,88.12594848
801140,2022-08-30,2369.49,2355.63,2378.93,2355.63,12.38920931,116.4857221
801140,2022-08-31,2353.53,2364.55,2374.52,2335.71,13.59528937,136.9124265
801140,2022-09-01,2342.24,2349.8,2368.4,2337.59,11.07434794,106.54153538
801140,2022-09-02,2361.28,2345.16,2363.27,2338.74,10.52292655,98.22746809
801140,2022-09-05,2344.24,2359.01,2359.01,2330.41,11.57192504,105.9085382
801140,2022-09-06,2368.88,2348.09,2368.88,2336.97,10.90247346,101.46019631
801140,2022-09-07,2358.83,2361.68,2361.71,2349.76,10.51219972,98.78695965
801140,2022-09-08,2344.03,2361.28,2364.94,2339.23,10.23705493,95.08651829
801140,2022-09-09,2378.66,2340.74,2380.23,2337.0,10.02253257,107.15672234
801140,2022-09-13,2402.88,2382.19,2414.31,2377.86,12.06453282,117.15001075
801140,2022-09-14,2387.24,2372.94,2395.93,2367.32,12.02659553,107.59004406
801140,2022-09-15,2372.13,2394.24,2410.6,2349.99,15.09709503,136.315646
801140,2022-09-16,2308.51,2373.42,2373.42,2308.51,13.59678629,115.29825817
801140,2022-09-19,2288.33,2305.55,2305.55,2271.15,11.36280372,94.74545552
801140,2022-09-20,2292.09,2300.64,2309.57,2279.81,10.67811756,93.34712012
801140,2022-09-21,2273.69,2282.42,2282.68,2246.7,9.16101129,84.18760922
801140,2022-09-22,2233.9,2259.14,2267.03,2233.64,8.70418906,81.73753684
801140,2022-09-23,2208.7,2233.69,2247.46,2192.09,10.24160012,92.63871955
801140,2022-09-26,2186.32,2194.03,2226.5,2182.62,10.22507617,90.9833771
801140,2022-09-27,2250.04,2189.61,2250.04,2189.56,10.32550133,103.1962941
801140,2022-09-28,2214.26,2250.51,2257.3,2214.26,10.83481739,102.47447264
801140,2022-09-29,2191.32,2231.53,2233.87,2180.78,12.42885117,102.93021739
801140,2022-09-30,2163.98,2190.61,2200.28,2161.09,10.52217102,95.67516173
801140,2022-10-10,2127.75,2168.31,2175.43,2121.55,9.09218964,82.48810443
801140,2022-10-11,2113.09,2126.7,2126.71,2091.14,10.0219315,83.56215538
801140,2022-10-12,2147.43,2108.42,2147.43,2079.32,10.56712631,84.93654016
801140,2022-10-13,2147.79,2139.49,2163.05,2130.82,10.88364614,86.49433568
801140,2022-10-14,2191.82,2158.82,2199.46,2158.53,11.978343,99.45117331
801140,2022-10-17,2204.09,2184.05,2204.09,2183.7,11.68982671,95.54463592
801140,2022-10-18,2202.68,2210.61,2214.51,2195.64,11.96212213,103.57545823
801140,2022-10-19,2172.62,2199.55,2199.55,2171.2,11.68704955,102.8866028
801140,2022-10-20,2156.72,2165.03,2181.91,2151.18,12.23105444,100.13815222
801140,2022-10-21,2150.64,2158.34,2160.42,2139.23,12.4924848,102.0875502
801140,2022-10-24,2106.69,2154.0,2164.89,2094.98,14.55928195,115.08031928
801140,2022-10-25,2097.48,2095.28,2111.38,2068.0,12.40390847,100.7471797
801140,2022-10-26,2134.85,2111.72,2147.28,2111.33,14.61569454,124.21565927
801140,2022-10-27,2144.81,2135.01,2159.7,2131.65,17.5878501,135.15779645
801140,2022-10-28,2080.96,2137.38,2137.38,2075.26,16.66888343,135.18048088
801140,2022-10-31,2052.3,2066.76,2072.4,2044.44,12.31401877,102.63529789
801140,2022-11-01,2108.72,2057.05,2109.26,2051.5,11.96111621,101.22614123
801140,2022-11-02,2139.25,2105.17,2146.34,2105.17,12.82634076,112.78878447
801140,2022-11-03,2131.59,2123.32,2137.2,2123.32,11.01490795,98.33177957
801140,2022-11-04,2168.93,2133.55,2174.05,2133.55,12.41244131,109.77920438
801140,2022-11-07,2205.54,2166.77,2205.54,2166.7,14.51791954,129.74833235
801140,2022-11-08,2193.06,2205.24,2205.26,2181.85,12.02385009,109.97466491
801140,2022-11-09,2210.38,2191.54,2220.11,2191.54,12.69260238,116.812564
801140,2022-11-10,2205.65,2198.99,2212.61,2193.47,12.59257469,109.80107073
801140,2022-11-11,2254.67,2243.58,2279.12,2241.82,17.96378689,175.16923699
801140,2022-11-14,2275.9,2279.65,2307.67,2267.07,16.34392351,179.32247821
801140,2022-11-15,2304.72,2276.85,2304.72,2272.01,12.99646623,131.19122459
801140,2022-11-16,2298.46,2307.31,2314.16,2293.05,14.60323013,128.90111495
801140,2022-11-17,2293.03,2299.4,2299.4,2277.81,13.24223919,106.4910504
801140,2022-11-18,2286.48,2298.42,2307.3,2285.77,14.79231548,127.35455731
801140,2022-11-21,2278.22,2280.85,2280.85,2253.5,12.94803417,128.95180935
801140,2022-11-22,2273.47,2283.55,2298.65,2265.95,13.12117643,131.68732865
801140,2022-11-23,2257.0,2266.88,2266.94,2230.56,11.89404748,115.36690758
801140,2022-11-24,2265.47,2267.07,2278.0,2259.48,13.22246162,110.89942885
801140,2022-11-25,2276.01,2264.09,2287.1,2259.57,12.67426706,122.57350075
801140,2022-11-28,2262.46,2252.88,2262.46,2233.22,12.82487603,115.63298527
801140,2022-11-29,2326.69,2286.72,2330.06,2286.68,14.89618235,154.27314233
801140,2022-11-30,2305.93,2325.98,2325.98,2300.02,13.69926281,130.63279861
801140,2022-12-01,2336.16,2323.7,2347.3,2323.69,12.98895695,133.51697332
801140,2022-12-02,2356.89,2335.66,2357.74,2335.61,13.40307488,127.76420979
801140,2022-12-05,2390.6,2369.2,2392.88,2369.2,15.60885563,147.72853588
801140,2022-12-06,2373.51,2386.19,2391.94,2366.39,15.93633972,142.47171952
801140,2022-12-07,2371.83,2368.34,2380.54,2355.1,13.67917793,121.41711412
801140,2022-12-08,2371.63,2370.83,2377.64,2351.2,12.15894795,110.03781669
801140,2022-12-09,2402.08,2373.25,2402.08,2368.28,15.3876992,147.82862034
801140,2022-12-12,2369.75,2391.41,2397.43,2366.78,14.10305208,128.82631501
801140,2022-12-13,2397.88,2372.06,2403.27,2360.85,15.35499855,127.43135641
801140,2022-12-14,2401.77,2391.16,2412.32,2391.16,16.17570659,126.59443688
801140,2022-12-15,2379.1,2399.74,2410.86,2375.74,14.24107922,118.19689398
801140,2022-12-16,2374.45,2370.51,2392.38,2365.69,13.58885115,118.22625472
801140,2022-12-19,2340.54,2372.36,2384.72,2334.35,12.79059937,111.56956848
801140,2022-12-20,2314.31,2339.78,2340.24,2306.05,11.19433089,102.32851441
801140,2022-12-21,2318.44,2309.84,2332.77,2309.08,12.10027065,100.38904572
801140,2022-12-22,2319.97,2326.51,2355.95,2313.95,13.96848867,115.41417625
801140,2022-12-23,2307.46,2317.67,2333.27,2296.82,15.41129875,119.59042994
801140,2022-12-26,2317.19,2313.07,2332.27,2312.16,15.05345274,122.68642037
801140,2022-12-27,2345.14,2322.91,2347.16,2313.87,14.30205954,120.59426407
801140,2022-12-28,2327.29,2340.84,2340.89,2319.76,14.6066965,123.19830295
801140,2022-12-29,2302.74,2318.49,2322.33,2302.29,11.90920378,101.77662979
801140,2022-12-30,2326.17,2310.62,2328.14,2304.88,12.84746093,105.99317378
801140,2023-01-03,2339.22,2328.65,2344.82,2328.62,12.8373245,110.17569424
801140,2023-01-04,2399.56,2341.88,2411.6,2341.88,17.73778911,155.88920472
801140,2023-01-05,2410.92,2405.27,2414.51,2391.88,20.45116069,177.10293831
801140,2023-01-06,2418.0,2410.44,2438.87,2410.38,18.84226875,182.37105356
801140,2023-01-09,2420.86,2423.78,2425.53,2411.68,15.08999105,143.97189278
801140,2023-01-10,2415.95,2424.06,2424.1,2399.97,13.07078935,119.74982932
801140,2023-01-11,2414.45,2418.3,2437.32,2398.95,12.89863672,124.74966779
801140,2023-01-12,2400.24,2413.75,2417.66,2394.51,13.12238027,115.58175465
801140,2023-01-13,2439.63,2404.83,2440.59,2399.78,13.05579475,123.57621532
801140,2023-01-16,2454.64,2441.18,2455.63,2434.42,13.92176806,132.85192338
801140,2023-01-17,2439.49,2455.74,2455.74,2428.54,12.69779068,112.32533641
801140,2023-01-18,2426.55,2441.94,2442.05,2415.55,11.91253723,113.78366546
801140,2023-01-19,2416.22,2425.23,2425.6,2408.34,11.27859528,106.37609255
801140,2023-01-20,2422.1,2414.87,2429.02,2411.85,10.95565834,95.48223735
801140,2023-01-30,2443.73,2442.92,2449.61,2434.77,15.99366019,138.10548521
801140,2023-01-31,2442.74,2438.94,2452.13,2429.54,15.03596718,134.67649191
801140,2023-02-01,2469.11,2443.72,2469.11,2428.37,16.93751768,153.4941776
801140,2023-02-02,2475.59,2469.05,2478.64,2458.77,16.24346804,150.0331167
801140,2023-02-03,2479.24,2475.37,2480.47,2452.49,17.46098218,158.46780564
801140,2023-02-06,2460.06,2470.33,2470.34,2449.82,17.28575513,158.07851134
801140,2023-02-07,2472.11,2462.68,2476.61,2462.5,15.97615174,144.9962929
801140,2023-02-08,2471.84,2477.5,2487.78,2466.88,18.43252164,165.33658496
801140,2023-02-09,2489.67,2467.51,2489.67,2467.21,17.42424958,150.08260735
801140,2023-02-10,2518.32,2493.18,2527.92,2493.18,20.08889877,179.57756082
801140,2023-02-13,2568.56,2520.53,2569.05,2520.53,18.60173102,183.74864448
801140,2023-02-14,2592.35,2575.97,2592.73,2569.92,20.01989225,200.52623262
801140,2023-02-15,2588.32,2595.64,2595.64,2580.24,17.42121399,177.10758373
801140,2023-02-16,2532.86,2587.74,2593.56,2516.38,21.70439265,208.58763703
801140,2023-02-17,2528.05,2529.85,2559.15,2525.94,16.43551419,160.30556857
801140,2023-02-20,2603.02,2529.98,2603.02,2529.98,16.06973292,171.30602293
801140,2023-02-21,2598.51,2603.7,2607.34,2575.99,14.82228209,160.46620355
801140,2023-02-22,2625.53,2587.81,2629.0,2575.21,14.22757923,155.31569061
801140,2023-02-23,2608.01,2628.28,2643.81,2592.68,13.55420755,148.78328456
801140,2023-02-24,2613.4,2611.99,2623.45,2593.52,13.2940356,147.18644292
801140,2023-02-27,2586.31,2605.61,2607.4,2582.91,12.37040934,140.28217484
801140,2023-02-28,2605.86,2589.78,2605.86,2578.53,11.7922047,128.15496974
801140,2023-03-01,2625.23,2606.95,2625.23,2596.43,13.75442488,147.16970967
801140,2023-03-02,2627.05,2623.46,2635.59,2618.06,14.79958581,144.41219071
801140,2023-03-03,2599.05,2623.0,2623.02,2587.66,13.7710065,131.98500601
801140,2023-03-06,2569.64,2598.33,2598.33,2564.99,12.63806315,128.56133312
801140,2023-03-07,2520.08,2568.78,2568.78,2520.08,13.00521252,131.21249119
801140,2023-03-08,2531.47,2518.53,2533.02,2517.56,11.10017251,113.00700796
801140,2023-03-09,2512.3,2533.19,2533.19,2505.33,11.46005215,109.37670451
801140,2023-03-10,2470.25,2500.51,2503.26,2468.61,10.92982031,104.03200031
801140,2023-03-13,2479.83,2466.88,2479.83,2452.23,9.77492125,92.69690816
801140,2023-03-14,2434.26,2476.97,2476.97,2423.69,9.86555202,91.29412268
801140,2023-03-15,2461.95,2447.74,2470.77,2447.67,10.00663126,97.57666114
801140,2023-03-16,2423.18,2452.23,2452.26,2421.22,9.42736278,89.67574783
801140,2023-03-17,2428.35,2435.52,2452.48,2424.43,9.4780587,94.76866607
801140,2023-03-20,2409.6,2432.6,2432.71,2405.97,11.00783501,108.62276632
801140,2023-03-21,2467.42,2414.31,2467.42,2410.06,9.82217251,104.33660502
801140,2023-03-22,2482.51,2475.64,2502.05,2475.64,10.95734291,115.39676276
801140,2023-03-23,2477.22,2479.41,2486.51,2467.12,10.27359025,98.96266451
801140,2023-03-24,2473.68,2480.69,2483.31,2471.37,11.09304978,101.03786247
801140,2023-03-27,2442.65,2477.94,2477.94,2429.55,14.07178176,148.22664904
801140,2023-03-28,2423.88,2443.57,2443.76,2419.14,11.11149409,119.08747757
801140,2023-03-29,2402.17,2423.23,2423.23,2398.84,10.56384346,115.20839711
801140,2023-03-30,2413.16,2402.11,2418.36,2371.48,10.05295935,111.7822694
801140,2023-03-31,2414.13,2410.64,2425.36,2410.62,8.46168648,92.78288987
801140,2023-04-03,2453.26,2415.9,2457.08,2415.9,11.2068379,125.37128797
801140,2023-04-04,2428.42,2454.05,2454.05,2420.0,11.2927016,123.13309288
801140,2023-04-06,2406.48,2419.39,2426.53,2403.89,9.75582543,99.67660255
801140,2023-04-07,2438.17,2407.22,2443.08,2406.53,8.41065486,91.49089711
801140,2023-04-10,2403.14,2441.47,2441.49,2396.95,10.64063465,101.68201802
801140,2023-04-11,2412.5,2404.49,2422.82,2398.89,8.93043358,85.17018231
801140,2023-04-12,2396.22,2413.14,2421.53,2392.79,8.69005473,84.06425901
801140,2023-04-13,2383.26,2394.1,2395.08,2377.84,10.23837298,97.49181639
801140,2023-04-14,2366.07,2385.15,2389.14,2362.98,9.21658897,86.56505473
801140,2023-04-17,2370.27,2363.06,2370.27,2360.61,9.50037518,94.29293339
801140,2023-04-18,2379.49,2371.8,2384.96,2361.48,8.61108129,90.28252173
801140,2023-04-19,2345.45,2375.89,2376.01,2342.97,9.760014,94.86515303
801140,2023-04-20,2325.97,2345.51,2345.54,2314.88,9.41219762,89.36259147
801140,2023-04-21,2280.99,2324.62,2336.67,2280.99,10.15804405,96.15858638
801140,2023-04-24,2268.94,2280.67,2282.34,2261.3,10.43772344,97.39445561
801140,2023-04-25,2236.62,2274.47,2276.78,2205.58,11.54991122,116.30817911
801140,2023-04-26,2254.79,2229.64,2261.89,2224.89,10.12761045,110.0474846
801140,2023-04-27,2275.06,2249.15,2290.09,2244.07,10.33656969,114.94360858
801140,2023-04-28,2294.89,2277.03,2296.7,2277.01,11.82313279,128.5165477
801140,2023-05-04,2303.5,2289.11,2304.18,2289.11,11.40765873,106.67567221
801140,2023-05-05,2289.93,2303.94,2304.03,2272.03,10.40122287,111.76604199
801140,2023-05-08,2291.29,2292.75,2299.01,2274.82,9.89130557,103.1537565
801140,2023-05-09,2265.95,2287.41,2295.46,2265.68,10.45997227,108.20744904
801140,2023-05-10,2281.19,2263.16,2293.04,2263.16,9.32455886,104.59799211
801140,2023-05-11,2282.4,2284.7,2290.83,2275.33,9.18726761,93.79728534
801140,2023-05-12,2275.99,2278.69,2307.91,2274.51,8.90885196,96.3575895
801140,2023-05-15,2296.08,2277.59,2296.08,2253.0,9.45305158,99.16296141
801140,2023-05-16,2263.85,2294.19,2294.22,2257.85,8.45511932,95.51864226
801140,2023-05-17,2262.6,2259.26,2263.02,2250.24,7.27850075,85.53365235
801140,2023-05-18,2262.94,2260.03,2265.32,2250.48,8.32924834,95.42585729
801140,2023-05-19,2268.09,2263.0,2272.38,2239.91,8.35465016,94.97564941
801140,2023-05-22,2286.25,2263.78,2286.53,2250.57,8.60576254,94.95590417
801140,2023-05-23,2257.95,2281.42,2282.34,2257.18,7.68639675,81.74805479
801140,2023-05-24,2240.45,2251.05,2252.16,2231.83,7.69332697,82.81562989
801140,2023-05-25,2230.55,2240.34,2241.54,2208.71,8.77503346,99.42818767
801140,2023-05-26,2231.02,2233.19,2235.03,2214.01,6.54669806,72.17312207
801140,2023-05-29,2221.93,2239.86,2246.21,2215.55,9.47540259,76.31370157
801140,2023-05-30,2218.95,2223.15,2223.43,2192.43,10.20959385,102.70311617
801140,2023-05-31,2213.15,2218.66,2219.72,2200.19,9.28238825,108.45234632
801140,2023-06-01,2212.96,2204.6,2226.94,2190.92,11.17865476,132.5227286
801140,2023-06-02,2258.75,2214.68,2259.32,2213.38,11.21146328,136.49396864
801140,2023-06-05,2251.9,2260.35,2260.35,2238.6,10.58699145,114.03591833
801140,2023-06-06,2243.44,2255.49,2285.57,2241.47,11.805503,154.30722557
801140,2023-06-07,2251.4,2242.94,2267.61,2242.94,10.97495923,120.31353247
801140,2023-06-08,2260.26,2246.1,2264.01,2233.97,10.88932594,141.8712943
801140,2023-06-09,2246.95,2256.54,2256.55,2232.35,11.38370858,128.59342418
801140,2023-06-12,2293.39,2247.4,2298.18,2235.53,11.86381784,136.97706057
801140,2023-06-13,2293.36,2284.88,2305.05,2280.26,11.56547217,134.97704885
801140,2023-06-14,2295.32,2292.57,2307.6,2286.71,12.45528954,133.80839708
801140,2023-06-15,2299.09,2292.18,2301.97,2278.37,11.67478051,131.08068254
801140,2023-06-16,2301.84,2301.15,2312.03,2299.49,10.61970239,117.44848633
801140,2023-06-19,2275.5,2306.81,2306.81,2275.1,12.46306406,130.09410662
801140,2023-06-20,2257.41,2274.15,2277.29,2257.24,11.62167797,125.48843651
801140,2023-06-21,2229.9,2255.92,2263.75,2229.15,13.39002831,139.01848766
801140,2023-06-26,2194.57,2218.11,2222.72,2190.36,12.08919124,120.86940209
801140,2023-06-27,2272.7,2196.31,2273.85,2193.74,11.97817947,133.46146918
801140,2023-06-28,2264.04,2268.47,2268.47,2236.09,11.51958204,134.76979654
801140,2023-06-29,2254.3,2256.39,2263.24,2253.09,9.6105779,109.14504705
801140,2023-06-30,2283.68,2270.79,2292.56,2262.05,15.23387304,157.44291314
801140,2023-07-03,2303.62,2281.75,2303.62,2281.72,13.86688667,134.38511389
801140,2023-07-04,2302.51,2299.85,2303.42,2292.8,11.93010196,130.15395695
801140,2023-07-05,2283.59,2299.39,2301.5,2280.22,10.0257409,107.14835285
801140,2023-07-06,2282.71,2277.38,2292.6,2275.38,9.56851405,111.24963686
801140,2023-07-07,2278.42,2281.34,2291.62,2275.15,9.52114236,110.84741586
801140,2023-07-10,2275.32,2280.27,2281.09,2264.29,8.38656916,92.8489168
801140,2023-07-11,2280.45,2278.41,2284.38,2270.62,7.10285941,82.3818489
801140,2023-07-12,2244.2,2278.5,2282.0,2244.1,9.25514339,100.70518748
801140,2023-07-13,2260.79,2247.78,2266.76,2246.83,10.13238918,105.46732096
801140,2023-07-14,2255.0,2261.26,2261.27,2249.65,8.67679275,93.87119199
801140,2023-07-17,2260.15,2252.43,2260.15,2232.72,8.81703078,92.44372493
801140,2023-07-18,2273.25,2259.43,2277.77,2249.61,9.17204916,99.82113023
801140,2023-07-19,2300.98,2270.86,2300.98,2269.14,10.76292692,114.86327576
801140,2023-07-20,2283.32,2302.63,2314.16,2280.19,10.31442802,108.50242374
801140,2023-07-21,2290.27,2282.28,2299.97,2280.05,9.8186925,93.23522923
801140,2023-07-24,2291.5,2290.85,2292.61,2274.32,11.39431172,110.24837356
801140,2023-07-25,2358.87,2316.39,2358.87,2316.27,12.96749107,149.96925989
801140,2023-07-26,2362.48,2358.84,2368.98,2353.65,12.55754372,143.41141254
801140,2023-07-27,2336.36,2359.25,2359.53,2334.88,9.52643723,103.71282876
801140,2023-07-28,2379.93,2334.46,2382.63,2334.46,11.38939985,129.38895346
801140,2023-07-31,2411.57,2394.29,2415.95,2394.29,12.51183834,143.68515636
801140,2023-08-01,2392.28,2413.74,2413.76,2385.77,12.06804161,130.3286846
801140,2023-08-02,2395.81,2391.98,2404.76,2387.57,9.9581897,111.03881414
801140,2023-08-03,2398.28,2389.24,2401.93,2377.82,9.20557877,124.58973241
801140,2023-08-04,2385.8,2402.89,2411.75,2385.41,10.59040476,128.19516222
801140,2023-08-07,2362.22,2384.94,2385.02,2357.11,11.23810237,121.0120625
801140,2023-08-08,2351.84,2362.93,2366.21,2344.62,11.92189666,117.68181859
801140,2023-08-09,2329.1,2346.18,2346.63,2326.45,9.85585865,103.15578627
801140,2023-08-10,2336.29,2323.23,2337.04,2319.12,9.03038326,99.58958981
801140,2023-08-11,2296.83,2339.45,2339.45,2296.83,9.5327366,94.99824984
801140,2023-08-14,2312.3,2287.98,2312.38,2275.72,9.31690365,99.13001911
801140,2023-08-15,2318.6,2323.4,2327.12,2304.64,10.81612024,126.11824713
801140,2023-08-16,2319.05,2315.63,2340.12,2310.24,12.05412931,165.15455824
801140,2023-08-17,2342.31,2311.31,2343.59,2293.25,13.10791399,156.03016063
801140,2023-08-18,2309.32,2339.08,2346.56,2309.32,11.27853899,133.56082163
801140,2023-08-21,2294.48,2300.4,2331.45,2294.48,11.05533364,126.60153213
801140,2023-08-22,2286.79,2307.2,2310.92,2259.16,14.0641433,162.0225356
801140,2023-08-23,2232.02,2278.65,2278.69,2231.47,11.28279235,140.83692524
801140,2023-08-24,2226.68,2237.97,2243.14,2217.68,10.32004834,133.06146792
801140,2023-08-25,2201.93,2215.31,2233.84,2194.77,11.23604251,127.10068921
801140,2023-08-28,2236.79,2308.0,2308.0,2233.54,16.36320806,171.73917855
801140,2023-08-29,2287.15,2229.5,2288.1,2229.16,14.36442291,162.60317909
801140,2023-08-30,2310.84,2288.62,2314.07,2288.62,13.31858575,158.14213419
801140,2023-08-31,2285.67,2306.8,2310.4,2285.38,12.51645873,136.55350882
801140,2023-09-01,2324.59,2297.86,2342.41,2297.79,13.74079208,146.61605048
801140,2023-09-04,2381.97,2340.11,2381.97,2340.11,15.1218649,166.16021796
801140,2023-09-05,2360.3,2375.43,2376.92,2356.82,13.91933937,165.86574378
801140,2023-09-06,2350.37,2352.99,2357.18,2344.55,11.4879498,128.73188295
801140,2023-09-07,2317.49,2346.8,2365.35,2317.48,13.24447784,147.62616758
801140,2023-09-11,2297.13,2298.42,2303.84,2278.69,11.48792053,118.80656501
801140,2023-09-12,2294.04,2295.97,2302.23,2283.92,9.93771283,99.23352307
801140,2023-09-13,2279.5,2292.9,2293.85,2264.96,11.60630444,118.64806246
801140,2023-09-14,2259.41,2280.34,2280.34,2247.91,9.8159429,102.19260202
801140,2023-09-15,2277.95,2262.69,2288.21,2261.38,10.49768512,107.36171571
801140,2023-09-18,2295.41,2276.93,2303.41,2267.37,10.23767118,119.82329802
801140,2023-09-19,2277.99,2292.3,2292.46,2274.03,8.94631581,98.47619359
801140,2023-09-20,2268.04,2274.25,2280.6,2267.85,7.99545789,86.58615641
801140,2023-09-21,2261.71,2264.38,2278.23,2255.12,8.38307691,89.77834484
801140,2023-09-22,2272.48,2257.64,2274.29,2242.52,9.52883751,102.20132455
801140,2023-09-25,2255.05,2269.93,2275.33,2251.72,8.43160799,89.33704393
801140,2023-09-26,2242.21,2254.19,2255.47,2241.47,8.74816519,91.3223051
801140,2023-09-27,2251.54,2239.66,2260.89,2233.15,9.79442404,114.09696348
801140,2023-09-28,2265.97,2250.6,2270.2,2250.39,9.02142959,97.62839837
801140,2023-10-09,2230.53,2265.55,2265.55,2224.61,10.18190096,104.40329863
801140,2023-10-10,2216.25,2232.82,2236.04,2214.36,9.60155366,100.90943378
801140,2023-10-11,2214.7,2218.7,2223.45,2208.13,9.52235694,107.00994665
801140,2023-10-12,2226.33,2221.21,2228.2,2212.26,10.16110747,103.17995808
801140,2023-10-13,2205.12,2219.72,2219.72,2195.15,9.21556078,90.72428883
801140,2023-10-16,2210.76,2204.93,2215.29,2201.26,10.79242857,107.37655596
801140,2023-10-17,2212.23,2211.08,2215.41,2203.2,8.32757982,84.0934759
801140,2023-10-18,2171.64,2201.87,2202.67,2170.28,9.95795545,101.61292008
801140,2023-10-19,2156.8,2161.87,2182.32,2151.57,8.64279864,93.63749872
801140,2023-10-20,2147.78,2155.18,2166.86,2145.88,7.79244506,83.14181205
801140,2023-10-23,2100.91,2139.79,2139.81,2092.99,9.15974351,82.23692402
801140,2023-10-24,2153.28,2107.66,2153.87,2105.11,10.75777249,101.70673603
801140,2023-10-25,2170.99,2162.56,2176.69,2161.7,10.89705308,101.42459299
801140,2023-10-26,2154.89,2161.48,2163.15,2139.19,9.92058384,96.82904064
801140,2023-10-27,2196.43,2149.66,2202.73,2148.96,10.82348489,106.21667689
801140,2023-10-30,2225.53,2195.92,2229.55,2195.92,12.59675165,130.23459539
801140,2023-10-31,2213.22,2225.87,2226.65,2204.88,11.54874708,114.33459723
801140,2023-11-01,2220.13,2218.21,2226.03,2211.4,11.65119797,114.64293122
801140,2023-11-02,2203.14,2219.05,2219.07,2200.02,10.4997068,102.76733075
801140,2023-11-03,2217.88,2201.51,2228.9,2201.45,9.66974591,97.78612302
801140,2023-11-06,2234.09,2224.25,2234.8,2217.45,11.23570897,110.71700705
801140,2023-11-07,2238.45,2233.52,2242.24,2220.61,11.3548302,127.57577738
801140,2023-11-08,2237.26,2238.53,2245.48,2226.71,12.72726996,144.38001218
801140,2023-11-09,2232.4,2236.51,2243.48,2226.63,11.42714265,121.65011332
801140,2023-11-10,2233.48,2236.09,2236.87,2217.39,11.26814404,118.1734645
801140,2023-11-13,2242.09,2236.86,2242.15,2224.23,13.08336625,126.73239379
801140,2023-11-14,2243.0,2242.57,2249.41,2231.25,12.62007464,126.41454401
801140,2023-11-15,2250.17,2254.89,2259.53,2241.42,11.54943213,119.36851755
801140,2023-11-16,2240.89,2246.08,2248.25,2238.37,11.14105838,115.60796738
801140,2023-11-17,2247.88,2240.52,2249.03,2233.57,10.74161824,108.08035939
801140,2023-11-20,2260.84,2252.35,2261.1,2234.55,12.65284056,130.50356636
801140,2023-11-21,2278.64,2263.14,2291.01,2263.14,16.43720955,159.84542741
801140,2023-11-22,2249.51,2275.07,2275.84,2249.46,16.05510094,160.10153415
801140,2023-11-23,2270.14,2244.31,2271.43,2235.87,12.11885553,127.03957287
801140,2023-11-24,2245.82,2266.99,2267.01,2239.38,11.44732594,111.02583318
801140,2023-11-27,2229.54,2240.08,2240.16,2217.63,10.91042204,104.51929881
801140,2023-11-28,2242.02,2227.11,2242.57,2219.4,9.91473367,94.24818316
801140,2023-11-29,2230.36,2241.38,2245.05,2226.95,9.57878005,96.50520714
801140,2023-11-30,2223.89,2227.93,2232.21,2208.82,9.6888991,92.02095232
801140,2023-12-01,2232.71,2225.29,2237.67,2218.54,11.84363936,107.23231096
801140,2023-12-04,2219.99,2229.88,2230.38,2217.88,12.09898769,109.12886264
801140,2023-12-05,2189.31,2220.45,2220.48,2189.31,11.47811349,119.3470631
801140,2023-12-06,2190.42,2185.06,2199.73,2177.99,11.43111896,116.31552557
801140,2023-12-07,2181.64,2187.0,2189.95,2170.35,10.41690876,100.75996185
801140,2023-12-08,2148.05,2181.82,2183.48,2148.05,11.89527082,110.9326252
801140,2023-12-11,2166.56,2140.6,2166.99,2129.8,11.08937348,100.29294627
801140,2023-12-12,2190.26,2167.44,2190.8,2161.63,11.2230206,102.95657421
801140,2023-12-13,2166.82,2186.03,2186.09,2166.82,10.81103161,94.37866059
801140,2023-12-14,2172.44,2172.2,2191.07,2171.93,11.82277958,104.85812486
801140,2023-12-15,2176.42,2177.02,2189.13,2169.55,11.74410318,114.58739926
801140,2023-12-18,2148.74,2172.18,2173.63,2143.23,12.04192837,116.24306501
801140,2023-12-19,2147.97,2146.64,2150.76,2132.59,11.02954177,104.39361635
801140,2023-12-20,2125.66,2150.2,2151.82,2125.66,10.63150298,106.73631282
801140,2023-12-21,2151.93,2119.01,2152.27,2103.88,12.45853525,121.26366498
801140,2023-12-22,2122.25,2153.11,2153.11,2115.48,14.18628737,147.4069943
801140,2023-12-25,2105.29,2117.06,2117.13,2091.41,11.4719904,111.04051097
801140,2023-12-26,2081.33,2102.26,2102.42,2074.89,10.29368416,104.23873982
801140,2023-12-27,2091.82,2081.25,2092.97,2067.52,9.39205454,99.79189543
801140,2023-12-28,2129.12,2086.56,2133.91,2077.23,11.23188575,112.62484402
801140,2023-12-29,2157.48,2128.75,2158.93,2128.13,11.1303599,114.15199523
801140,2024-01-02,2159.33,2160.9,2171.66,2157.82,12.68147782,119.85705132
801140,2024-01-03,2152.68,2156.17,2160.28,2141.77,11.03511599,106.25908973
801140,2024-01-04,2157.7,2149.53,2158.53,2138.72,10.33000188,101.69338126
801140,2024-01-05,2143.25,2157.16,2168.58,2135.46,12.09777125,116.89872062
801140,2024-01-08,2099.82,2141.45,2141.49,2099.82,10.38977689,102.12229614
801140,2024-01-09,2114.19,2102.28,2127.84,2098.34,9.83263776,104.89818823
801140,2024-01-10,2110.2,2110.35,2123.47,2091.74,10.04650061,101.68626878
801140,2024-01-11,2128.51,2107.77,2131.78,2105.28,11.42023461,117.58220353
801140,2024-01-12,2115.84,2127.81,2146.0,2115.82,11.20219494,115.59939624
801140,2024-01-15,2124.71,2109.83,2131.47,2105.2,10.61092739,100.12543536
801140,2024-01-16,2117.25,2125.14,2127.2,2091.86,13.33069963,116.96923529
801140,2024-01-17,2082.08,2112.36,2118.54,2082.08,14.12728999,125.87785603
801140,2024-01-18,2067.22,2073.92,2074.14,2014.07,17.75598539,157.85363509
801140,2024-01-19,2069.16,2069.56,2097.44,2060.0,13.75688079,135.53022648
801140,2024-01-22,1961.33,2069.17,2069.17,1952.07,18.81539919,170.5234307
801140,2024-01-23,1967.99,1948.67,1975.45,1923.0,16.58210392,144.24009096
801140,2024-01-24,1998.89,1974.38,2011.9,1937.66,16.53830083,145.98969981
801140,2024-01-25,2054.37,1999.11,2054.9,1990.49,16.15851237,149.36850751
801140,2024-01-26,2060.66,2050.8,2084.75,2050.5,15.62702432,152.98372428
801140,2024-01-29,2009.35,2062.57,2070.18,2007.75,14.94618303,133.19462173
801140,2024-01-30,1941.73,1994.57,2001.41,1940.53,11.81771808,102.46302156
801140,2024-01-31,1855.78,1930.74,1936.72,1855.78,14.74883565,113.99162963
801140,2024-02-01,1825.48,1844.69,1855.49,1798.93,14.66852286,104.33818287
801140,2024-02-02,1770.3,1828.76,1848.32,1719.69,16.32577747,113.77640463
801140,2024-02-05,1668.11,1751.62,1751.62,1633.87,17.13367668,112.14545227
801140,2024-02-06,1712.12,1626.6,1742.78,1598.5,21.04214723,132.05683487
801140,2024-02-07,1715.82,1713.41,1743.55,1691.97,20.85154095,138.87101976
801140,2024-02-08,1791.4,1713.94,1795.07,1713.94,22.23018304,146.0936046
801140,2024-02-19,1821.47,1812.42,1832.07,1798.7,18.34409938,126.59983178
801140,2024-02-20,1848.3,1822.15,1851.75,1811.25,13.87188923,106.80860523
801140,2024-02-21,1878.13,1836.15,1915.96,1834.45,17.66924392,143.09439849
801140,2024-02-22,1901.04,1875.64,1901.04,1867.45,14.35798353,114.6348172
801140,2024-02-23,1931.28,1907.15,1932.1,1894.1,15.72296093,127.9866961
801140,2024-02-26,1958.39,1933.58,1979.15,1932.42,16.6686168,136.13008151
801140,2024-02-27,1995.0,1951.0,1995.0,1948.31,15.44801431,145.71883765
801140,2024-02-28,1902.9,1999.26,2021.95,1902.9,24.26511,196.69003118
801140,2024-02-29,1952.68,1880.16,1952.68,1880.16,16.62671912,141.17826069
801140,2024-03-01,1950.95,1952.0,1958.46,1932.84,14.2233462,121.88525873
801140,2024-03-04,1948.45,1952.36,1953.51,1918.22,13.8225654,126.630233
801140,2024-03-05,1921.38,1940.16,1940.16,1917.86,12.53290327,113.8478334
801140,2024-03-06,1937.91,1913.51,1944.94,1913.13,11.61941084,111.37355349
801140,2024-03-07,1932.29,1942.2,1963.35,1931.27,13.79793402,113.87656683
801140,2024-03-08,1945.76,1932.51,1948.91,1918.7,11.25631947,93.48111126
801140,2024-03-11,1973.08,1944.47,1973.08,1939.95,12.84119703,113.03504375
801140,2024-03-12,2020.54,1977.03,2020.54,1977.03,15.73929607,150.34449168
801140,2024-03-13,2014.24,2023.49,2026.9,2005.94,14.15732514,141.93236422
801140,2024-03-14,2014.67,2009.85,2027.71,1995.99,13.81397099,152.15958414
801140,2024-03-15,2034.7,2008.07,2034.7,2004.55,12.68490625,128.95178492
801140,2024-03-18,2057.87,2037.36,2057.87,2029.53,15.38052011,144.13682449
801140,2024-03-19,2051.36,2053.81,2066.26,2051.29,13.56664299,131.31651272
801140,2024-03-20,2065.38,2050.89,2065.59,2047.97,13.27454775,121.06280772
801140,2024-03-21,2064.29,2070.12,2075.35,2050.0,13.69890536,119.66475373
801140,2024-03-22,2047.44,2063.94,2066.72,2030.91,15.85618422,148.65156326
801140,2024-03-25,2033.49,2043.77,2070.84,2033.49,16.90880746,159.36867652
801140,2024-03-26,2031.05,2028.31,2042.51,2004.85,15.64414183,149.82586447
801140,2024-03-27,1984.53,2025.94,2035.66,1984.53,15.78722177,141.67948074
801140,2024-03-28,2015.79,1977.81,2032.63,1977.81,16.30272516,143.25782876
801140,2024-03-29,2028.86,2011.1,2028.86,2002.62,15.42542716,132.47467644
801140,2024-04-01,2078.22,2034.87,2078.22,2034.87,15.35846531,142.49065535
801140,2024-04-02,2086.98,2076.28,2087.41,2066.05,16.73264425,148.43085903
801140,2024-04-03,2087.81,2081.16,2092.27,2069.67,14.53384217,130.32211781
801140,2024-04-08,2033.65,2084.08,2084.08,2033.6,15.22177694,130.33209411
801140,2024-04-09,2068.38,2033.79,2068.65,2033.77,13.81738136,116.20986414
801140,2024-04-10,2032.45,2066.56,2066.6,2017.86,15.74356789,129.4928434
801140,2024-04-11,2027.23,2021.89,2048.15,2021.59,13.13986695,112.86215171
801140,2024-04-12,2007.81,2024.68,2036.82,2004.35,12.29064998,107.99996615
801140,2024-04-15,1943.93,1994.14,1998.25,1920.11,16.81860177,124.86500859
801140,2024-04-16,1859.87,1929.0,1929.08,1859.64,16.47071778,117.59103606
801140,2024-04-17,1936.27,1864.52,1936.27,1864.21,18.82823331,143.42610358
801140,2024-04-18,1933.62,1932.78,1952.88,1910.25,16.00048264,128.03892253
801140,2024-04-19,1922.84,1927.3,1941.34,1911.38,13.35966739,105.54486138
801140,2024-04-22,1911.14,1919.36,1929.38,1897.59,13.05361646,102.12491881
801140,2024-04-23,1904.46,1910.23,1918.35,1899.21,11.95140912,93.35059791
801140,2024-04-24,1925.73,1904.8,1925.73,1897.91,11.85219679,94.61688257
801140,2024-04-25,1937.28,1918.38,1943.91,1912.78,11.26004303,99.33993109
801140,2024-04-26,1964.51,1935.18,1966.38,1931.71,13.86161077,122.76982565
801140,2024-04-29,2018.71,1968.93,2018.95,1968.93,16.44341583,142.04325514
801140,2024-04-30,2009.63,2018.1,2023.01,1998.96,15.23800965,130.22336576
801140,2024-05-06,2070.89,2033.59,2071.42,2033.59,15.72443089,145.04881321
801140,2024-05-07,2076.19,2068.48,2078.22,2060.84,11.98981256,114.64652584
801140,2024-05-08,2053.94,2075.63,2075.68,2052.52,11.23853692,104.96923896
801140,2024-05-09,2082.81,2052.87,2085.95,2052.86,10.66631471,95.46043148
801140,2024-05-10,2083.74,2083.68,2092.31,2065.05,10.55110649,97.68172703
801140,2024-05-13,2052.3,2069.47,2069.49,2040.2,11.2315319,99.15225517
801140,2024-05-14,2088.23,2057.54,2094.54,2057.54,12.51640044,106.71176768
801140,2024-05-15,2093.42,2088.86,2112.71,2080.51,14.14349546,124.69791084
801140,2024-05-16,2112.37,2092.23,2128.6,2092.2,14.93628402,140.76726516
801140,2024-05-17,2141.32,2114.07,2141.32,2091.76,15.04611824,151.28367171
801140,2024-05-20,2118.97,2133.79,2133.79,2113.87,14.46610369,138.42542307
801140,2024-05-21,2096.26,2107.66,2119.36,2091.84,12.08730918,112.30245203
801140,2024-05-22,2086.43,2094.74,2102.79,2084.14,12.03254184,111.45592987
801140,2024-05-23,2044.72,2078.44,2078.53,2040.05,13.81993946,120.36122021
801140,2024-05-24,2019.12,2037.9,2044.0,2018.65,10.06352522,94.68242341
801140,2024-05-27,2025.02,2027.48,2027.54,1994.66,11.29781886,97.65832818
801140,2024-05-28,1983.41,2018.73,2018.73,1982.57,9.18624674,82.25677042
801140,2024-05-29,1983.31,1977.25,1998.1,1974.69,8.1072385,69.73084962
801140,2024-05-30,1959.21,1978.39,1980.78,1955.72,8.0015193,64.66807131
801140,2024-05-31,1962.49,1961.81,1970.07,1956.01,7.79491492,68.08655541
801140,2024-06-03,1925.54,1958.89,1958.94,1911.91,11.27821847,84.69179511
801140,2024-06-04,1923.97,1917.94,1927.25,1894.86,9.70131381,77.21043197
801140,2024-06-05,1884.11,1918.96,1919.22,1884.11,9.40369373,69.66898844
801140,2024-06-06,1832.61,1881.28,1885.48,1821.48,13.80566756,92.76970766
801140,2024-06-07,1849.48,1839.29,1856.49,1827.07,10.31592809,74.41498393
801140,2024-06-11,1840.3,1842.18,1843.61,1817.18,9.07678753,66.50218471
801140,2024-06-12,1851.58,1836.9,1855.85,1836.9,9.51217176,74.13993409
801140,2024-06-13,1829.91,1848.38,1849.88,1825.53,8.74738239,71.52728141
801140,2024-06-14,1842.09,1825.74,1845.58,1816.38,7.71488577,63.8624902
801140,2024-06-17,1812.78,1834.61,1835.94,1811.03,8.29152474,67.82017266
801140,2024-06-18,1821.23,1810.65,1821.51,1810.65,8.32115869,64.64498347
801140,2024-06-19,1810.46,1823.14,1823.14,1806.9,8.67202766,67.329681
801140,2024-06-20,1771.09,1807.68,1807.68,1768.84,9.90450668,70.59379766
801140,2024-06-21,1764.19,1765.21,1780.14,1758.42,8.79931649,55.35779923
801140,2024-06-24,1718.24,1756.44,1759.72,1710.55,11.60309608,67.70822573
801140,2024-06-25,1734.23,1717.03,1748.87,1716.93,9.68553198,59.84830872
801140,2024-06-26,1761.66,1729.94,1762.2,1726.1,8.80340104,57.73547996
801140,2024-06-27,1732.01,1756.31,1760.54,1731.71,8.17541846,56.53842748
801140,2024-06-28,1730.19,1729.77,1751.88,1726.51,8.46831369,56.05761197
801140,2024-07-01,1754.09,1727.54,1756.87,1725.14,8.79895929,59.33415355
801140,2024-07-02,1749.21,1755.49,1760.52,1744.11,9.5639933,65.10597236
801140,2024-07-03,1739.96,1747.85,1752.08,1738.98,8.55019414,55.64276805
801140,2024-07-04,1695.36,1739.45,1739.46,1691.7,10.74044943,67.02503108
801140,2024-07-05,1706.08,1691.75,1708.55,1677.36,8.98607792,56.38079377
801140,2024-07-08,1659.66,1698.77,1698.8,1656.24,9.46638688,59.93943939
801140,2024-07-09,1667.3,1655.38,1672.61,1627.04,10.30059626,68.42261386
801140,2024-07-10,1649.35,1660.86,1665.63,1646.52,7.8820345,53.37514028
801140,2024-07-11,1698.18,1670.85,1698.56,1664.97,10.36777448,70.14897366
801140,2024-07-12,1698.7,1697.61,1713.49,1694.55,9.63002609,63.50292897
801140,2024-07-15,1667.63,1695.52,1695.52,1664.05,9.0076179,59.75462163
801140,2024-07-16,1653.49,1665.81,1665.86,1646.06,7.63311556,50.77931506
801140,2024-07-17,1647.68,1651.9,1653.88,1639.29,7.52975288,51.95983561
801140,2024-07-18,1648.42,1640.38,1650.03,1620.58,7.92691046,52.23684811
801140,2024-07-19,1641.6,1643.31,1648.33,1628.67,6.95302998,48.37918814
801140,2024-07-22,1638.93,1640.58,1644.74,1630.05,6.48173516,45.95765081
801140,2024-07-23,1599.07,1638.19,1639.37,1599.07,7.99104296,55.9221101
801140,2024-07-24,1566.83,1594.27,1599.52,1565.49,8.17243239,53.6100339
801140,2024-07-25,1572.1,1562.64,1586.12,1556.64,7.10911344,46.17757853
801140,2024-07-26,1595.48,1575.04,1599.54,1574.99,7.63079931,48.32951736
801140,2024-07-29,1590.85,1597.77,1597.77,1582.73,7.42491123,50.89171937
801140,2024-07-30,1600.24,1589.6,1602.57,1578.86,7.8667293,54.37367803
801140,2024-07-31,1662.07,1600.79,1662.07,1598.46,11.13718418,76.65341967
801140,2024-08-01,1643.47,1662.75,1670.8,1634.9,9.25089086,67.67314661
801140,2024-08-02,1630.31,1634.09,1651.56,1628.27,8.50237744,60.46002871
801140,2024-08-05,1612.82,1629.91,1661.77,1612.82,11.31939898,75.04688109
801140,2024-08-06,1638.26,1622.24,1641.48,1621.37,9.19951014,62.84421901
801140,2024-08-07,1635.8,1638.36,1643.57,1624.32,7.82960547,53.62280567
801140,2024-08-08,1650.48,1629.78,1657.87,1622.02,8.70393514,60.79637072
801140,2024-08-09,1643.65,1653.82,1664.27,1643.65,7.92942981,54.42330968
801140,2024-08-12,1634.57,1639.58,1646.28,1628.02,7.39407603,48.02134538
801140,2024-08-13,1638.28,1631.12,1638.28,1617.53,6.34715983,42.20512746
801140,2024-08-14,1622.65,1637.77,1638.44,1620.92,5.82952838,41.81321871
801140,2024-08-15,1631.79,1617.61,1638.64,1608.79,9.2427708,62.16710894
801140,2024-08-16,1610.84,1630.89,1630.89,1610.03,8.75045532,59.12232679
801140,2024-08-19,1611.17,1606.77,1618.06,1601.48,7.14595174,47.59623051
801140,2024-08-20,1587.53,1611.53,1611.6,1580.77,7.95706415,49.8413179
801140,2024-08-21,1587.64,1583.93,1592.34,1581.94,8.42724593,50.37232971
801140,2024-08-22,1568.27,1585.76,1590.48,1567.53,8.45883323,52.52337806
801140,2024-08-23,1560.8,1566.02,1574.69,1554.68,8.55191926,52.83343433
801140,2024-08-26,1573.64,1559.31,1575.88,1548.26,8.97981681,57.444914
801140,2024-08-27,1547.19,1571.6,1571.76,1545.23,7.98069353,51.89476797
801140,2024-08-28,1554.91,1543.74,1564.8,1539.2,8.49845047,54.43206746
801140,2024-08-29,1578.65,1551.06,1580.81,1547.34,8.93338364,60.1586517
801140,2024-08-30,1605.84,1576.82,1629.15,1565.49,12.57463483,86.24172692
801140,2024-09-02,1580.24,1600.05,1604.53,1580.24,10.03221343,69.03248954
801140,2024-09-03,1601.33,1581.37,1608.77,1581.28,9.10013451,59.18183652
801140,2024-09-04,1584.61,1595.03,1602.02,1582.79,10.58733381,65.11247943
801140,2024-09-05,1599.27,1586.27,1599.49,1585.42,10.17029026,62.02363601
801140,2024-09-06,1564.63,1597.5,1597.6,1564.37,9.37177179,54.37156529
801140,2024-09-09,1555.26,1557.75,1568.1,1549.21,8.48342648,50.42558773
801140,2024-09-10,1557.16,1556.69,1561.33,1532.35,8.47818809,48.60528525
801140,2024-09-11,1560.37,1552.8,1568.5,1548.12,7.12333105,44.06321241
801140,2024-09-12,1551.92,1559.98,1574.99,1551.92,7.21957463,43.3153434
801140,2024-09-13,1532.24,1551.49,1552.44,1532.24,7.56003656,45.12381668
801140,2024-09-18,1526.87,1531.64,1532.15,1500.98,8.46514765,49.12530145
801140,2024-09-19,1568.81,1535.33,1582.55,1535.22,10.48886827,67.59612611
801140,2024-09-20,1558.63,1567.47,1567.51,1548.88,7.74518252,49.88809697
801140,2024-09-23,1575.41,1556.38,1580.93,1551.7,8.1056563,53.84556748
801140,2024-09-24,1631.45,1586.79,1631.45,1582.58,13.64520217,89.61136741
801140,2024-09-25,1653.13,1646.58,1688.18,1641.33,16.63958132,105.9137473
801140,2024-09-26,1734.09,1650.11,1734.09,1648.84,17.68172963,121.48781907
801140,2024-09-27,1815.3,1763.44,1821.11,1756.16,20.35840123,146.44196273
801140,2024-09-30,1973.5,1883.66,1986.69,1849.86,36.32713639,280.21609337
801140,2024-10-08,2030.04,2176.07,2176.07,1947.22,47.02095575,366.95890093
801140,2024-10-09,1856.32,1981.93,1981.93,1852.09,30.66292339,229.97461088
801140,2024-10-10,1875.85,1863.57,1916.31,1842.63,21.59191677,157.56614857
801140,2024-10-11,1835.24,1873.94,1880.1,1818.52,18.8181569,127.16379377
801140,2024-10-14,1874.66,1840.01,1884.83,1815.64,18.46839464,136.40240532
801140,2024-10-15,1841.91,1871.23,1888.47,1841.91,17.39539445,121.59835017
801140,2024-10-16,1848.78,1825.73,1874.84,1825.73,15.44775573,119.13187077
801140,2024-10-17,1817.74,1853.97,1867.93,1816.68,15.6178457,119.20626174
801140,2024-10-18,1850.36,1813.71,1876.17,1808.19,19.82329145,157.67184879
801140,2024-10-21,1877.24,1861.17,1892.3,1842.9,23.85998584,172.05134235
801140,2024-10-22,1918.78,1876.71,1923.75,1875.14,23.87032234,179.95167035
801140,2024-10-23,1925.06,1920.64,1944.1,1919.12,23.72342981,179.74020904
801140,2024-10-24,1925.43,1920.17,1931.03,1911.06,18.5289812,133.98647866
801140,2024-10-25,1979.05,1931.56,1979.05,1931.55,23.39375859,185.66455085
801140,2024-10-28,2035.71,1985.63,2035.82,1985.63,28.20560369,215.20554923
801140,2024-10-29,1991.59,2046.85,2046.85,1990.59,28.10201618,207.70128963
801140,2024-10-30,1985.3,1980.9,2004.8,1967.72,23.39440478,176.40150464
801140,2024-10-31,2009.92,1979.42,2017.83,1974.49,30.75925081,203.47870811
801140,2024-11-01,1966.47,2009.82,2017.12,1965.54,29.34235037,206.17400587
801140,2024-11-04,1985.1,1960.13,1985.1,1948.85,24.10648446,171.36483535
801140,2024-11-05,2024.06,1981.48,2024.06,1978.01,28.84268589,205.77663746
801140,2024-11-06,2053.49,2025.07,2065.01,2009.68,31.13370995,230.42677662
801140,2024-11-07,2108.77,2039.36,2108.77,2038.71,32.59774991,227.22332583
801140,2024-11-08,2115.59,2129.63,2134.37,2098.1,33.27801694,245.83873283
801140,2024-11-11,2127.12,2102.52,2127.12,2083.56,30.03745045,243.32191254
801140,2024-11-12,2121.41,2129.67,2160.95,2105.09,33.14783265,254.94582989
801140,2024-11-13,2116.8,2114.77,2131.84,2079.19,27.16596274,214.02980553
801140,2024-11-14,2074.39,2113.73,2116.99,2072.86,25.44996376,208.83766071
801140,2024-11-15,2037.77,2066.38,2082.62,2037.77,25.36305267,204.70482034
801140,2024-11-18,1999.76,2046.44,2054.4,1991.21,25.97133001,185.04533015
801140,2024-11-19,2030.28,1998.55,2030.28,1979.96,19.82674703,147.13002429
801140,2024-11-20,2068.81,2031.24,2070.77,2031.24,22.43195916,169.68756714
801140,2024-11-21,2077.86,2066.2,2082.04,2059.62,23.59956345,178.60968208
801140,2024-11-22,2028.47,2075.53,2091.1,2027.92,30.23450615,228.44054081
801140,2024-11-25,2058.51,2031.64,2060.67,2019.24,23.36429962,181.41612791
801140,2024-11-26,2068.16,2068.89,2093.87,2064.68,25.40878888,218.51494391
801140,2024-11-27,2116.91,2055.49,2116.91,2034.06,30.23515561,269.457785
801140,2024-11-28,2110.95,2120.93,2136.45,2108.3,29.75550016,268.56539965
801140,2024-11-29,2137.05,2107.91,2150.08,2107.91,29.58304287,253.41485205
801140,2024-12-02,2180.84,2134.82,2185.13,2133.77,32.4712121,271.89698806
801140,2024-12-03,2175.94,2182.49,2188.87,2155.5,33.15449208,277.18006582
801140,2024-12-04,2134.1,2163.11,2163.11,2123.81,31.63858525,263.71724595
801140,2024-12-05,2133.43,2125.29,2133.97,2113.49,28.70286075,225.34474337
801140,2024-12-06,2163.32,2132.77,2167.89,2131.7,37.33041228,262.8399502
801140,2024-12-09,2164.89,2165.43,2178.59,2148.5,35.42431723,254.45045299
801140,2024-12-10,2174.58,2222.34,2225.06,2170.03,34.36825344,286.78181245
801140,2024-12-11,2228.55,2169.26,2228.55,2169.26,35.68737789,257.43714035
801140,2024-12-12,2275.38,2232.24,2276.08,2224.16,40.93142144,319.80449831
801140,2024-12-13,2241.32,2270.27,2278.57,2240.93,43.17684711,345.92614927
801140,2024-12-16,2214.56,2250.5,2250.55,2206.59,41.45240152,316.99203608
801140,2024-12-17,2143.89,2212.51,2213.11,2138.81,36.43604613,274.97897883
801140,2024-12-18,2144.13,2135.9,2159.77,2116.47,30.1020641,234.51963988
801140,2024-12-19,2126.6,2123.98,2136.73,2100.71,27.37538674,217.12285839
801140,2024-12-20,2128.98,2122.29,2150.61,2122.29,23.22138209,200.78903759
801140,2024-12-23,2054.78,2123.27,2124.43,2052.29,27.18784935,202.03385776
801140,2024-12-24,2070.84,2060.72,2078.33,2041.99,21.63730483,177.88018154
801140,2024-12-25,2035.49,2070.99,2070.99,2016.79,22.8839389,170.63086931
801140,2024-12-26,2058.75,2032.77,2066.32,2032.77,18.59303659,151.02901739
801140,2024-12-27,2076.57,2060.64,2091.64,2054.05,23.69239713,178.9542666
801140,2024-12-30,2064.32,2072.4,2076.31,2053.61,24.90610732,174.37716285
801140,2024-12-31,2027.82,2065.16,2071.58,2027.0,23.43811905,169.12676653
801140,2025-01-02,2014.19,2020.7,2063.54,1999.66,23.44286534,180.71803951
801140,2025-01-03,1942.42,2017.64,2017.64,1938.72,24.48960179,183.2021126
801140,2025-01-06,1918.94,1932.44,1966.26,1893.71,18.90173373,141.13608623
801140,2025-01-07,1958.41,1922.74,1958.57,1917.43,18.5687069,145.6079079
801140,2025-01-08,1957.13,1950.46,1966.76,1908.49,20.48682954,162.17871622
801140,2025-01-09,1954.52,1949.04,1967.18,1944.64,18.86936092,149.87774994
801140,2025-01-10,1899.19,1955.56,1965.63,1899.19,21.50569918,162.02701964
801140,2025-01-13,1892.42,1874.25,1902.64,1865.99,16.81619806,125.44150432
801140,2025-01-14,1959.87,1900.42,1959.87,1898.96,20.76226196,162.05197431
801140,2025-01-15,1956.15,1956.79,1974.53,1945.79,20.53111196,169.31522027
801140,2025-01-16,1968.65,1960.27,1986.37,1950.62,21.44351409,167.79060163
801140,2025-01-17,1960.84,1961.54,1971.03,1943.86,17.72043176,136.68903187
801140,2025-01-20,1985.0,1970.93,1992.37,1963.34,20.92647,157.63687611
801140,2025-01-21,1981.39,1995.18,1995.19,1961.9,19.01831161,162.3469436
801140,2025-01-22,1950.05,1974.78,1974.85,1943.88,16.50404993,137.25393484
801140,2025-01-23,1940.21,1964.69,1975.66,1940.21,17.18871089,135.80348326
801140,2025-01-24,1957.89,1933.64,1959.04,1930.72,17.44199512,134.24196433
801140,2025-01-27,1974.44,1964.42,1994.05,1964.28,16.58633806,136.78181889
801140,2025-02-05,1964.68,1982.19,1982.19,1958.13,16.22538214,134.44339713
801140,2025-02-06,1984.87,1964.15,1984.87,1954.76,21.01860739,165.65276189
801140,2025-02-07,2006.1,1981.95,2019.7,1977.43,24.50712078,205.45225037
801140,2025-02-10,2035.01,2007.98,2035.09,2000.48,21.75941436,180.55614704
801140,2025-02-11,2041.2,2039.2,2042.23,2026.87,23.14889615,200.15019565
801140,2025-02-12,2049.94,2035.92,2049.94,2029.85,20.85503002,189.33775123
801140,2025-02-13,2042.12,2048.47,2062.48,2042.1,21.63411954,185.40228038
801140,2025-02-14,2032.22,2037.15,2041.21,2025.11,19.89849133,161.63388657
801140,2025-02-17,2060.49,2035.05,2060.58,2027.08,23.75231017,194.03666151
801140,2025-02-18,1998.26,2055.34,2055.36,1993.33,24.54900064,186.95894285
801140,2025-02-19,2017.32,1997.5,2017.32,1996.11,19.19723035,149.8743308
801140,2025-02-20,2032.42,2020.68,2034.96,2014.72,20.99249417,180.20342725
801140,2025-02-21,2023.7,2031.75,2031.76,2006.45,23.25937188,217.1116176
801140,2025-02-24,2038.88,2019.1,2039.84,2014.38,20.96576283,182.5336432
801140,2025-02-25,2012.47,2020.81,2031.08,2008.82,18.6212302,169.7380771
801140,2025-02-26,2034.4,2012.74,2035.98,2012.74,18.79892115,166.55043762
801140,2025-02-27,2062.2,2037.56,2062.2,2033.92,25.3556558,207.23049269
801140,2025-02-28,2027.45,2059.59,2063.97,2025.34,24.82547764,195.24744361
801140,2025-03-03,2027.29,2033.32,2052.41,2016.43,23.31924567,175.22147542
801140,2025-03-04,2035.79,2021.4,2038.13,2017.9,19.94881105,168.212065
801140,2025-03-05,2025.81,2035.04,2035.04,2007.15,19.75507283,160.09382448
801140,2025-03-06,2061.32,2028.32,2063.08,2025.07,22.55076638,199.90787342
801140,2025-03-07,2054.63,2055.57,2066.51,2044.94,21.02112121,187.61948159
801140,2025-03-10,2060.77,2056.66,2067.37,2051.08,17.90002354,162.69037355
801140,2025-03-11,2064.49,2040.5,2064.49,2037.42,17.96778594,149.9140983
801140,2025-03-12,2065.48,2068.23,2074.2,2059.67,20.04240448,174.4872793
801140,2025-03-13,2044.98,2061.93,2062.2,2028.47,20.33317014,165.32435024
801140,2025-03-14,2090.84,2045.51,2090.84,2045.51,22.52494115,189.58343564
801140,2025-03-17,2103.28,2100.89,2105.63,2091.88,22.12306055,181.42927042
801140,2025-03-18,2105.26,2103.58,2105.26,2092.58,18.51493936,160.17201464
801140,2025-03-19,2099.89,2101.2,2105.75,2091.68,16.98249407,145.87964335
801140,2025-03-20,2082.86,2096.55,2097.86,2081.16,15.59004659,130.40519439
801140,2025-03-21,2060.02,2078.13,2084.66,2051.14,16.55715007,131.96455888
801140,2025-03-24,2034.15,2058.22,2062.36,2005.56,20.67385251,161.88426986
801140,2025-03-25,2031.35,2033.51,2038.95,2012.32,18.53891514,134.47801041
801140,2025-03-26,2040.51,2024.86,2044.63,2024.86,15.85038339,126.36595214
801140,2025-03-27,2046.67,2037.91,2059.45,2024.09,17.60597764,150.71125006
801140,2025-03-28,2022.64,2043.72,2047.07,2020.08,17.57087297,143.62394576
801140,2025-03-31,1993.35,2014.45,2014.45,1977.46,17.32192695,140.3986013
801140,2025-04-01,2015.4,1998.67,2021.88,1998.54,16.47821557,136.67580611
801140,2025-04-02,2026.65,2016.39,2036.02,2014.52,15.26411876,125.86314353
801140,2025-04-03,2003.18,2004.88,2025.08,1991.07,17.23506224,146.74569069
801140,2025-04-07,1807.0,1893.81,1897.18,1793.46,22.33990846,166.05013941
801140,2025-04-08,1801.62,1784.26,1825.26,1768.89,24.33466502,181.17267627
801140,2025-04-09,1829.73,1775.61,1839.29,1711.32,23.84301406,178.48194118
801140,2025-04-10,1883.31,1859.97,1897.87,1859.97,22.13354893,170.00173582
801140,2025-04-11,1886.29,1871.38,1900.29,1871.38,19.82942589,148.05828152
801140,2025-04-14,1919.08,1906.77,1932.57,1906.7,20.53048117,151.2676394
801140,2025-04-15,1926.99,1925.23,1929.86,1912.62,21.44403727,177.5211873
801140,2025-04-16,1903.87,1919.01,1919.01,1881.09,19.19496689,158.13217608
801140,2025-04-17,1923.22,1893.26,1933.37,1889.71,16.86799753,146.52235703
801140,2025-04-18,1911.81,1923.53,1926.74,1900.72,15.73463989,127.1518604
801140,2025-04-21,1945.93,1910.53,1947.53,1900.39,18.73116292,141.92035401
801140,2025-04-22,1952.75,1945.05,1957.32,1944.7,20.79260005,143.81293296
801140,2025-04-23,1948.89,1956.7,1964.65,1945.22,20.63444364,152.74602056
801140,2025-04-24,1950.0,1947.7,1962.98,1938.34,20.43513691,154.32270501
801140,2025-04-25,1948.44,1953.61,1963.3,1947.18,18.88164851,151.89401209
801140,2025-04-28,1924.05,1947.13,1947.38,1914.74,17.96264627,142.32931988
801140,2025-04-29,1944.07,1920.98,1948.59,1920.98,17.54785609,151.92759522
801140,2025-04-30,1951.82,1952.11,1966.91,1951.18,19.22124103,172.91448437
801140,2025-05-06,1997.28,1968.69,1997.28,1968.69,21.65723404,202.63294042
801140,2025-05-07,2012.53,2015.8,2023.8,1997.47,24.05397936,224.49008264
801140,2025-05-08,2018.75,2004.67,2022.01,2000.88,18.89977947,171.8631106
801140,2025-05-09,2010.81,2018.18,2018.18,2003.49,19.73284846,179.98094091
801140,2025-05-12,2026.62,2022.56,2026.62,2014.37,20.11258332,182.91810403
801140,2025-05-13,2030.78,2046.01,2048.61,2028.19,21.4221682,204.01389609
801140,2025-05-14,2027.91,2027.04,2033.58,2009.38,19.60738206,185.73425683
801140,2025-05-15,2023.12,2027.79,2037.38,2013.79,19.72243309,182.40016603
801140,2025-05-16,2028.24,2019.64,2033.95,2016.88,18.95495496,175.54451019
801140,2025-05-19,2045.27,2027.25,2045.69,2019.22,21.80894071,196.74468635
801140,2025-05-20,2078.57,2049.83,2079.46,2046.36,22.9549091,230.5703123
801140,2025-05-21,2067.78,2076.23,2076.23,2057.18,24.45348295,258.88493127
801140,2025-05-22,2055.12,2059.65,2077.86,2043.96,24.83594358,260.28483624
801140,2025-05-23,2042.98,2052.14,2071.65,2041.86,23.41639986,250.81599775
801140,2025-05-26,2064.2,2043.63,2064.2,2037.53,21.10874893,244.07427691
801140,2025-05-27,2072.63,2064.73,2079.1,2062.56,22.00576597,252.22125623
801140,2025-05-28,2067.69,2071.82,2072.73,2054.48,21.55371766,263.06850269
801140,2025-05-29,2080.59,2058.54,2082.35,2056.46,21.64097744,250.16685939
801140,2025-05-30,2045.9,2070.76,2072.46,2045.41,20.61113623,206.32943708
801140,2025-06-03,2063.29,2033.82,2067.65,2033.82,20.59764659,212.45741427
801140,2025-06-04,2096.47,2066.34,2096.53,2063.6,25.24096803,258.19653049
801140,2025-06-05,2094.36,2094.58,2103.72,2088.43,25.87330251,262.46090298
801140,2025-06-06,2090.54,2093.15,2093.25,2078.14,22.06442296,225.73390548
801140,2025-06-09,2121.64,2092.79,2121.64,2092.64,24.20388158,241.73611489
801140,2025-06-10,2107.9,2122.34,2129.15,2086.96,27.0785104,283.12081366
801140,2025-06-11,2124.33,2107.49,2128.78,2107.49,23.78430128,261.11748452
801140,2025-06-12,2128.34,2122.2,2135.75,2113.03,25.17926236,272.10941972
801140,2025-06-13,2082.82,2116.82,2116.82,2079.36,26.3918493,272.25320028
801140,2025-06-16,2097.18,2071.58,2098.2,2071.58,24.74133416,258.50767744
801140,2025-06-17,2083.1,2099.76,2102.62,2077.21,23.65307633,239.62397198
801140,2025-06-18,2059.51,2073.09,2073.09,2050.66,24.05303066,227.98453069
801140,2025-06-19,2019.09,2054.07,2054.07,2014.38,24.15241013,222.3776477
801140,2025-06-20,2019.04,2019.36,2032.96,2015.19,21.16304937,186.49314011
801140,2025-06-23,2036.41,2005.23,2037.19,2003.74,21.3740155,192.55881351
801140,2025-06-24,2077.18,2041.31,2077.18,2041.31,24.59210465,228.97659879
801140,2025-06-25,2090.63,2085.04,2092.3,2071.12,26.75563659,234.92846536
801140,2025-06-26,2087.34,2088.2,2099.4,2084.12,24.54404715,238.55077661
801140,2025-06-27,2092.48,2089.52,2099.83,2087.49,22.72824736,226.0209006
801140,2025-06-30,2119.96,2094.28,2120.14,2092.22,23.98987933,243.97414571
801140,2025-07-01,2124.06,2121.36,2124.47,2101.05,23.8586252,256.35612516
801140,2025-07-02,2118.58,2117.63,2120.3,2106.89,22.28818977,227.28012701
801140,2025-07-03,2129.56,2114.87,2130.38,2114.87,21.58474124,219.53256511
801140,2025-07-04,2104.61,2125.04,2125.29,2104.09,22.72793191,219.86818472
801140,2025-07-07,2136.66,2107.9,2136.66,2107.9,20.5158193,217.63962485
801140,2025-07-08,2149.77,2142.67,2149.77,2135.22,23.36922305,249.13921161
801140,2025-07-09,2153.25,2150.9,2160.84,2147.74,24.65952192,255.09351617
801140,2025-07-10,2147.72,2147.66,2152.53,2134.87,21.38487675,215.07490629
801140,2025-07-11,2147.36,2147.91,2152.43,2135.06,21.86000853,210.21009499
801140,2025-07-14,2156.09,2149.93,2158.09,2146.82,21.35127438,199.5608922
801140,2025-07-15,2130.73,2150.49,2150.49,2115.43,23.68020186,211.41817318
801140,2025-07-16,2150.85,2132.56,2154.13,2132.56,19.19129194,188.51451964
801140,2025-07-17,2157.8,2151.02,2159.3,2146.34,18.94950065,203.67252115
801140,2025-07-18,2149.05,2160.0,2160.0,2143.05,17.04323881,195.68129847
801140,2025-07-21,2176.45,2151.26,2176.82,2151.25,22.61939943,215.05974513
801140,2025-07-22,2174.95,2175.52,2175.52,2159.71,23.46664601,214.9159294
801140,2025-07-23,2165.25,2171.76,2181.02,2163.09,21.44482264,186.75953352
801140,2025-07-24,2179.41,2167.08,2179.41,2167.03,18.91418013,168.72953447
801140,2025-07-25,2188.59,2181.31,2193.35,2179.87,20.03504924,194.41880049
801140,2025-07-28,2191.25,2192.95,2194.66,2183.09,22.40024668,200.28533535
801140,2025-07-29,2177.48,2196.04,2196.04,2163.44,23.22768359,212.06871078
801140,2025-07-30,2169.07,2172.94,2176.69,2157.4,19.56454722,183.6259294
801140,2025-07-31,2139.76,2165.8,2165.8,2134.97,21.51984202,195.27358363
801140,2025-08-01,2153.72,2141.28,2153.79,2141.28,20.99932051,168.25382215
801140,2025-08-04,2168.21,2146.32,2168.21,2138.6,19.0562177,171.27351661
801140,2025-08-05,2188.63,2171.61,2188.63,2171.61,19.9970254,175.06276534
801140,2025-08-06,2204.07,2192.11,2204.16,2181.75,21.24037788,196.86036773
801140,2025-08-07,2206.64,2206.3,2210.74,2201.25,18.75652803,188.28221045
801140,2025-08-08,2209.05,2206.15,2211.3,2194.78,19.18210577,177.26638906
801140,2025-08-11,2233.24,2211.68,2233.63,2207.39,20.39898086,191.41722358
801140,2025-08-12,2238.45,2233.03,2239.74,2228.76,19.86918605,199.01954903
801140,2025-08-13,2243.18,2240.92,2244.65,2229.86,20.60110929,202.60538191
801140,2025-08-14,2226.23,2244.4,2246.85,2226.23,25.73818535,254.71834202
801140,2025-08-15,2243.58,2224.71,2245.74,2224.71,25.67868867,231.62197021
801140,2025-08-18,2259.17,2252.59,2266.19,2247.16,26.6611177,264.15070419
801140,2025-08-19,2269.98,2259.76,2270.63,2250.55,24.56317555,244.88440414
801140,2025-08-20,2299.73,2263.74,2299.73,2261.3,24.88402782,244.04765232
801140,2025-08-21,2301.67,2304.58,2311.51,2292.71,25.28741427,264.15731712
801140,2025-08-22,2306.85,2302.33,2306.85,2284.6,24.38539613,248.07096043
801140,2025-08-25,2319.46,2311.77,2323.79,2298.45,28.65416893,297.63340584
801140,2025-08-26,2326.38,2316.08,2338.71,2315.83,27.87803395,273.35704607
801140,2025-08-27,2276.14,2330.0,2332.79,2276.14,30.2881764,305.82358298
801140,2025-08-28,2284.47,2276.77,2297.81,2226.68,30.93142341,307.74537149
801140,2025-08-29,2276.76,2283.19,2292.95,2275.16,23.90108348,264.47340973
801140,2025-09-01,2292.79,2275.57,2296.77,2267.7,27.72579753,268.86925265
801140,2025-09-02,2264.57,2291.07,2291.07,2244.62,28.84155783,255.22367868
801140,2025-09-03,2233.31,2269.91,2271.61,2227.55,27.55510429,225.81161501
801140,2025-09-04,2241.2,2236.18,2259.52,2214.08,30.68359206,256.28767926
801140,2025-09-05,2284.07,2247.9,2284.07,2230.02,27.9491754,257.97706599
801140,2025-09-08,2318.04,2286.84,2319.06,2286.84,31.48655276,270.8626614
801140,2025-09-09,2330.28,2312.74,2330.28,2311.52,30.78109563,271.89108072
801140,2025-09-10,2329.74,2327.83,2337.92,2324.76,28.4559657,250.22400044
801140,2025-09-11,2341.08,2330.64,2341.08,2309.59,26.31502868,242.63944817
801140,2025-09-12,2327.1,2345.45,2345.7,2325.53,29.68078474,234.12550044
801140,2025-09-15,2328.78,2326.91,2333.3,2316.99,34.89070358,250.16120004
801140,2025-09-16,2343.97,2328.3,2343.97,2314.83,31.99431647,244.81985179
801140,2025-09-17,2354.9,2348.45,2368.02,2347.16,29.02450599,239.27051601
801140,2025-09-18,2318.92,2356.13,2358.85,2300.44,37.6294512,303.64138386
801140,2025-09-19,2313.59,2319.11,2319.44,2296.95,36.18999968,277.1002667
801140,2025-09-22,2293.33,2309.88,2309.88,2278.58,30.68336026,245.63268984
801140,2025-09-23,2256.14,2289.99,2290.05,2215.29,31.33494413,249.5113267
801140,2025-09-24,2275.72,2246.97,2275.72,2239.63,25.8393185,207.45824445
801140,2025-09-25,2260.74,2271.13,2282.86,2260.74,25.55433951,211.31124449
801140,2025-09-26,2250.83,2249.22,2264.99,2240.86,21.44938946,185.85213528
801140,2025-09-29,2262.23,2248.75,2265.47,2225.3,22.52164158,191.67767764
801140,2025-09-30,2264.44,2267.28,2267.36,2257.96,20.91343855,176.33660868
801140,2025-10-09,2267.82,2269.13,2269.13,2246.04,23.68854327,205.47177397
801140,2025-10-10,2280.59,2260.03,2286.36,2254.56,24.48556764,207.79687716
801140,2025-10-13,2269.52,2208.63,2271.89,2208.63,25.50221888,216.53254353
801140,2025-10-14,2269.26,2279.33,2294.21,2263.43,28.97189899,243.01719845
801140,2025-10-15,2298.68,2271.55,2298.93,2268.14,24.09149866,208.86329029
801140,2025-10-16,2269.97,2296.04,2301.62,2263.85,21.83304086,191.03379904
801140,2025-10-17,2229.91,2267.67,2267.67,2229.35,20.968559,171.76730823
801140,2025-10-20,2249.67,2242.84,2251.09,2240.15,21.89429019,167.90915831
801140,2025-10-21,2282.65,2248.41,2282.96,2242.72,24.98212291,187.09429641
801140,2025-10-22,2283.92,2279.0,2295.46,2279.0,23.13955352,181.02378374
801140,2025-10-23,2290.6,2279.65,2290.97,2265.82,19.62613895,165.14239676
801140,2025-10-24,2288.31,2292.98,2303.45,2283.65,19.84142969,168.77301004
801140,2025-10-27,2296.78,2297.19,2305.22,2285.99,23.34391499,198.67527333
801140,2025-10-28,2295.51,2296.19,2304.0,2290.21,22.11718668,191.56065408
801140,2025-10-29,2290.5,2292.59,2292.62,2267.95,20.93031663,187.82987427
801140,2025-10-30,2270.76,2292.99,2292.99,2267.65,21.76338081,204.25099832
801140,2025-10-31,2293.55,2265.82,2298.59,2265.77,24.1242,202.75361979
801140,2025-11-03,2302.32,2300.78,2302.32,2286.03,26.29160115,221.51093496
801140,2025-11-04,2300.35,2303.88,2305.54,2288.71,26.87519858,224.05899322
801140,2025-11-05,2321.63,2285.22,2327.11,2285.22,28.76163714,237.85747749
801140,2025-11-06,2317.9,2320.85,2320.85,2304.29,24.64150333,201.55193899
801140,2025-11-07,2318.62,2315.58,2326.56,2311.47,21.52073965,183.45908652
801140,2025-11-10,2355.78,2322.57,2355.78,2322.55,25.63075535,210.94221489
801140,2025-11-11,2362.7,2358.42,2365.1,2353.12,24.27439854,193.64635022
801140,2025-11-12,2363.64,2361.45,2368.66,2353.35,22.09061348,188.08235776
801140,2025-11-13,2386.85,2362.67,2386.85,2355.87,29.93572603,219.64178562
801140,2025-11-14,2377.87,2380.33,2394.45,2377.8,31.07225756,236.48974942
801140,2025-11-17,2369.02,2374.78,2377.08,2358.43,28.46622276,224.44795615
801140,2025-11-18,2344.19,2365.58,2365.58,2334.05,27.05213246,210.86148603
801140,2025-11-19,2324.52,2345.3,2353.48,2315.75,21.36082629,179.93663095
801140,2025-11-20,2321.04,2331.67,2333.09,2310.32,21.8442769,185.13423558
801140,2025-11-21,2252.72,2304.68,2316.98,2249.48,29.73013424,234.29664489
801140,2025-11-24,2279.28,2265.73,2288.45,2254.27,24.48587585,203.71436209
801140,2025-11-25,2308.29,2286.55,2316.28,2284.85,24.53151853,208.36041549
801140,2025-11-26,2302.11,2305.16,2323.16,2298.64,26.29626669,209.41981855
801140,2025-11-27,2327.24,2304.63,2334.81,2304.63,31.84304343,230.77330956
801140,2025-11-28,2346.69,2325.66,2346.69,2316.13,26.66798611,206.66540198
801140,2025-12-01,2366.43,2360.9,2368.81,2360.43,23.86818865,206.85362055
801140,2025-12-02,2379.44,2366.37,2385.64,2355.39,29.67812512,254.71175892
801140,2025-12-03,2385.28,2382.13,2390.21,2377.68,31.98290934,268.55595538
801140,2025-12-04,2366.07,2382.3,2382.3,2356.44,29.99804652,254.83606982
801140,2025-12-05,2390.36,2366.64,2391.06,2354.56,32.2854465,263.3813753
801140,2025-12-08,2402.49,2401.82,2409.38,2395.41,33.5217979,269.86751081
801140,2025-12-09,2393.9,2409.86,2420.78,2392.75,33.39613254,294.58168494
801140,2025-12-10,2405.6,2397.85,2408.14,2387.1,35.32381807,334.13240913
801140,2025-12-11,2368.66,2406.34,2406.34,2368.49,34.29139581,317.0188626
801140,2025-12-12,2365.6,2366.31,2382.38,2354.43,31.01393052,302.95889472
801140,2025-12-15,2364.55,2365.45,2379.48,2359.16,29.09043042,303.33107154
801140,2025-12-16,2332.89,2358.12,2358.47,2325.43,28.71911488,275.46497332
801140,2025-12-17,2336.98,2325.44,2343.58,2307.01,26.99292846,254.43010615
801140,2025-12-18,2357.0,2339.26,2371.17,2339.26,24.7904988,225.37289982
801140,2025-12-19,2408.17,2370.3,2409.05,2366.41,31.39598422,305.95331381
801140,2025-12-22,2397.33,2413.65,2417.11,2395.61,28.94866511,288.45574598
801140,2025-12-23,2384.95,2401.98,2401.98,2377.54,27.48140331,259.21007895
801140,2025-12-24,2425.21,2383.09,2425.21,2383.06,30.47320689,272.01922227
801140,2025-12-25,2463.72,2432.17,2466.89,2422.78,39.39499058,353.2602586
801140,2025-12-26,2448.77,2463.59,2463.59,2438.0,36.77071562,347.29007542
801140,2025-12-29,2444.95,2439.78,2451.25,2428.03,28.0015929,285.3974592
801140,2025-12-30,2436.72,2436.36,2446.43,2425.83,29.08361937,297.33835984
801140,2025-12-31,2434.85,2442.76,2442.76,2422.51,30.54195948,306.35233403
801140,2026-01-05,2454.54,2444.61,2454.87,2434.28,31.98864498,345.43047816
801140,2026-01-06,2472.07,2455.06,2480.13,2454.01,30.65024145,329.1445306
801140,2026-01-07,2468.89,2468.78,2482.25,2462.75,27.32017387,305.05749223
801140,2026-01-08,2488.87,2469.35,2493.24,2464.23,25.36335505,295.06930417
801140,2026-01-09,2507.29,2484.34,2507.29,2474.68,29.94113432,338.41220069
801140,2026-01-12,2547.62,2515.26,2548.07,2507.38,37.68690927,401.74503718
801140,2026-01-13,2513.35,2547.33,2547.33,2509.55,34.8848057,354.01914606
801140,2026-01-14,2517.51,2510.96,2541.11,2492.1,35.315167,369.57960188
801140,2026-01-15,2496.88,2505.52,2515.24,2485.65,27.03813897,293.32882094
801140,2026-01-16,2479.42,2500.22,2504.46,2467.98,27.02455198,283.49076455
801140,2026-01-19,2514.65,2478.85,2514.76,2478.85,27.21238925,262.3793726
801140,2026-01-20,2528.04,2519.19,2529.69,2509.57,27.39458205,272.99492368
801140,2026-01-21,2541.78,2524.64,2542.73,2505.14,24.34086677,256.00136543
801140,2026-01-22,2570.55,2546.2,2570.55,2534.42,27.45914141,286.0315638
801140,2026-01-23,2590.39,2568.43,2592.5,2568.42,25.04527483,280.19682447
801140,2026-01-26,2558.91,2585.97,2585.97,2541.09,26.51254316,278.23145182
801140,2026-01-27,2548.65,2550.98,2558.91,2512.04,22.84951305,232.75159786
801140,2026-01-28,2539.75,2545.63,2549.66,2527.76,23.01939277,229.90985747
801140,2026-01-29,2544.75,2531.59,2569.31,2528.78,25.18572235,265.04334478
801140,2026-01-30,2558.39,2532.89,2560.73,2518.86,26.08171308,253.8632479
801140,2026-02-02,2494.01,2541.78,2560.29,2493.97,24.3708772,261.67101475
801140,2026-02-03,2528.95,2511.92,2529.4,2502.61,21.43248194,229.95208878
801140,2026-02-04,2564.05,2525.63,2566.36,2525.41,22.74369743,258.19560475
801140,2026-02-05,2566.04,2555.42,2580.25,2555.42,20.0007143,226.52867887
801140,2026-02-06,2582.97,2555.26,2609.14,2553.88,21.16240987,254.29834959
801140,2026-02-09,2616.36,2606.2,2616.83,2591.54,22.65845828,254.25824613
801140,2026-02-10,2626.92,2621.11,2634.33,2612.19,23.60935143,267.76150683
801140,2026-02-11,2626.0,2624.26,2642.15,2617.88,24.1102162,259.46685225
801140,2026-02-12,2619.25,2631.43,2641.15,2619.05,23.04802666,260.26783233
801140,2026-02-13,2596.74,2618.2,2633.8,2595.96,20.84837305,233.91973955
801140,2026-02-24,2619.25,2621.61,2622.58,2604.43,20.02219457,230.45538339
801140,2026-02-25,2639.77,2627.84,2651.1,2626.54,26.77838182,269.58789533
801140,2026-02-26,2624.98,2640.56,2640.56,2613.76,26.19588076,263.04440501
801140,2026-02-27,2629.05,2611.98,2631.34,2608.1,21.86403732,238.21647721
801140,2026-03-02,2573.55,2591.76,2608.63,2553.12,27.48239816,285.59038933
801140,2026-03-03,2493.15,2574.48,2583.89,2491.19,25.42672476,258.9560924
801140,2026-03-04,2468.34,2466.61,2498.05,2453.99,19.78349368,197.21032487
801140,2026-03-05,2501.0,2505.92,2516.36,2490.14,18.53594253,192.2243504
801140,2026-03-06,2532.36,2492.53,2535.1,2492.47,18.07827293,187.62709684
801140,2026-03-09,2511.95,2505.03,2515.83,2457.86,22.15777933,231.83598616
801140,2026-03-10,2562.94,2530.95,2564.06,2530.93,21.12030313,234.94532408
801140,2026-03-11,2567.85,2573.38,2578.93,2557.98,24.65486845,273.23792998
801140,2026-03-12,2540.79,2573.12,2573.12,2532.26,22.69698451,225.50927423
801140,2026-03-13,2528.81,2532.07,2551.82,2525.22,21.2320337,219.42132877
801140,2026-03-16,2546.54,2525.08,2546.54,2519.49,22.54984213,245.0568997
801140,2026-03-17,2522.79,2550.38,2556.96,2522.56,21.52194623,234.72004777
801140,2026-03-18,2548.51,2525.39,2549.66,2508.9,22.32050777,256.99451878
801140,2026-03-19,2490.84,2526.61,2531.73,2482.23,23.71681054,264.65666207
801140,2026-03-20,2441.12,2496.5,2505.84,2440.97,22.6543781,245.52612095
801140,2026-03-23,2317.5,2402.3,2403.56,2305.49,30.48607243,316.95749312
801140,2026-03-24,2389.46,2359.99,2389.46,2316.15,25.31661444,281.82237222
801140,2026-03-25,2426.69,2394.12,2427.38,2394.12,23.2323072,268.06451893
801140,2026-03-26,2397.66,2428.84,2443.07,2392.14,23.2645929,262.32396933
801140,2026-03-27,2420.8,2372.58,2424.83,2372.58,20.68920809,235.81817291
801140,2026-03-30,2425.75,2389.73,2427.14,2373.88,19.74520385,224.35765631
801140,2026-03-31,2399.41,2428.87,2447.36,2399.41,18.2921682,214.80728198
801140,2026-04-01,2432.13,2430.9,2432.34,2416.56,20.34836163,243.8640712
801140,2026-04-02,2399.96,2427.73,2427.9,2387.11,18.66989069,219.82619743
801140,2026-04-03,2345.97,2402.15,2402.15,2343.92,19.62240454,215.64073851
801140,2026-04-07,2379.97,2346.99,2382.36,2346.99,20.15607417,231.06424514
801140,2026-04-08,2459.57,2423.04,2459.58,2423.04,24.49217871,289.05830101
801140,2026-04-09,2435.18,2449.51,2455.95,2431.48,22.81116728,275.40217839
801140,2026-04-10,2448.44,2456.18,2468.49,2448.44,24.73185464,269.05410501
801140,2026-04-13,2430.94,2443.76,2447.49,2422.51,24.3100033,248.0584179
801140,2026-04-14,2449.45,2446.26,2449.73,2423.49,24.70894363,260.00351385
801140,2026-04-15,2438.37,2455.18,2456.3,2435.57,22.36678737,262.10613692
801140,2026-04-16,2465.39,2442.08,2469.09,2439.77,24.31939546,286.90866135
801140,2026-04-17,2460.55,2461.02,2470.32,2447.36,26.58264361,300.4842998
801140,2026-04-20,2483.31,2457.88,2483.31,2457.88,25.71254815,289.78366099
801140,2026-04-21,2508.75,2491.28,2510.0,2477.74,25.00109856,264.78540129
801140,2026-04-22,2502.1,2508.03,2508.03,2485.53,30.85741799,347.14372387
801140,2026-04-23,2472.06,2499.95,2502.62,2465.68,28.94458311,317.86531789
801140,2026-04-24,2451.12,2459.79,2465.36,2433.45,29.78011156,322.00365201
801140,2026-04-27,2458.53,2445.49,2463.05,2429.03,26.9936936,291.19003559
801140,2026-04-28,2432.12,2449.62,2450.85,2423.02,26.59192627,279.42805065
801140,2026-04-29,2474.62,2421.25,2480.49,2421.25,26.6465525,283.62763257
801140,2026-04-30,2484.91,2475.6,2488.01,2468.81,25.85907077,297.6256298
801140,2026-05-06,2506.83,2489.72,2510.85,2489.72,29.45603003,341.01440909
801140,2026-05-07,2533.19,2513.39,2533.19,2513.12,31.76500259,343.02157541
801140,2026-05-08,2569.2,2530.56,2569.75,2525.61,29.23992822,327.88076717
801140,2026-05-11,2587.72,2578.8,2589.35,2553.0,29.20279682,339.48211236
801140,2026-05-12,2560.35,2590.33,2590.33,2549.08,26.30173309,302.37631739
801140,2026-05-13,2557.17,2557.89,2563.0,2547.93,28.74273608,315.72822568
801140,2026-05-14,2522.08,2566.17,2566.17,2516.04,27.50637912,294.86451379
801140,2026-05-15,2523.87,2523.82,2536.48,2509.99,27.26936332,295.91387448
801140,2026-05-18,2483.99,2516.74,2516.74,2471.09,26.18564913,285.43745617
801140,2026-05-19,2503.21,2479.89,2503.21,2472.55,24.20044036,272.71490191
801140,2026-05-20,2480.62,2493.0,2493.01,2459.57,23.13873456,255.76793747
801140,2026-05-21,2412.24,2477.63,2495.48,2409.97,27.70327622,305.45562405
801140,2026-05-22,2424.6,2425.27,2431.26,2398.47,22.31136266,247.22131068
801140,2026-05-25,2406.07,2430.98,2433.09,2389.31,21.92853097,246.15757036
801140,2026-05-26,2388.67,2400.91,2400.98,2365.89,25.59201399,283.39900396
801140,2026-05-27,2351.98,2381.52,2382.76,2338.53,22.12136803,244.0430771
801140,2026-05-28,2351.2,2345.1,2363.26,2318.25,20.02935969,216.87860388
801140,2026-05-29,2312.37,2355.06,2358.2,2304.14,20.85643687,237.49146282
801140,2026-06-01,2347.3,2309.39,2354.67,2298.11,19.5151126,211.74491626
801140,2026-06-02,2322.2,2350.71,2350.71,2308.55,20.35056543,214.07210969
801140,2026-06-03,2311.85,2316.59,2317.74,2296.9,21.46919312,223.84133852
801140,2026-06-04,2276.9,2293.79,2299.52,2262.31,20.47299523,205.83485233
801140,2026-06-05,2278.69,2281.36,2296.53,2260.82,22.30252503,254.79198698
801140,2026-06-08,2233.57,2227.03,2264.28,2204.37,21.15873585,227.15421323
801140,2026-06-09,2239.95,2247.47,2247.47,2219.41,20.08411198,211.73903291
801140,2026-06-10,2222.85,2229.59,2235.84,2197.44,22.13151052,213.30759011
801140,2026-06-11,2195.86,2209.1,2209.11,2176.52,20.27711779,211.2683039
801140,2026-06-12,2223.64,2211.87,2234.42,2183.12,23.874445,225.53951203
801140,2026-06-15,2230.84,2230.14,2254.63,2214.48,22.51181988,217.98304119
801140,2026-06-16,2222.94,2230.56,2230.56,2201.82,19.56919404,193.20519743
801140,2026-06-17,2194.98,2217.81,2217.81,2187.69,21.84335956,222.95662473
801140,2026-06-18,2174.85,2187.96,2188.0,2159.68,21.81400124,223.94698516
801140,2026-06-22,2178.21,2167.43,2178.21,2123.35,24.03825012,237.24150587
801140,2026-06-23,2178.07,2173.94,2208.08,2171.58,21.93701647,224.42250903
801140,2026-06-24,2153.77,2171.82,2172.31,2126.99,22.05923261,214.26051549
801140,2026-06-25,2119.46,2150.08,2150.09,2116.8,21.43305965,210.26325094
801140,2026-06-26,2084.18,2112.05,2114.09,2080.64,21.94973677,215.42688003
801140,2026-06-29,2091.12,2079.25,2094.09,2038.7,22.74015053,227.67730162
801140,2026-06-30,2096.89,2088.43,2096.89,2072.33,19.67101094,190.1329875
801140,2026-07-01,2136.63,2099.81,2151.54,2099.26,21.80639954,217.07297662
801140,2026-07-02,2127.34,2121.39,2158.44,2121.39,21.43655047,213.90687327
801140,2026-07-03,2140.75,2134.61,2154.25,2129.5,20.07762256,197.26715667
801140,2026-07-06,2121.39,2136.07,2157.42,2118.46,19.13712402,185.56299182
801140,2026-07-07,2083.07,2118.41,2118.5,2074.65,18.01284457,161.78221284
801140,2026-07-08,2048.6,2082.55,2082.55,2047.1,16.73385393,149.72823317
801140,2026-07-09,2050.45,2048.32,2057.08,2012.38,17.76301313,158.27629355
801140,2026-07-10,2062.11,2046.6,2092.49,2046.6,19.5221657,173.83329741
801140,2026-07-13,1987.98,2052.35,2052.47,1984.84,19.30269841,167.10252026
801140,2026-07-14,2020.75,1985.09,2020.75,1977.0,18.30897001,158.80488859
801140,2026-07-15,2039.04,2015.38,2054.95,2015.38,18.37134863,151.08083028
801140,2026-07-16,2027.25,2027.61,2055.63,2019.1,17.38042191,149.84205579
801140,2026-07-17,1939.55,2025.39,2031.75,1929.25,19.32410122,164.20008372
801140,2026-07-20,1906.64,1946.76,1965.39,1886.0,20.70840996,173.3580918
801140,2026-07-21,1908.44,1904.77,1912.35,1848.59,23.46437904,194.22674036
801140,2026-07-22,1899.55,1897.51,1912.06,1885.3,17.52380963,145.28441012
801140,2026-07-23,1934.86,1898.29,1936.24,1896.82,16.18921888,126.48712249
801140,2026-07-24,1896.51,1925.0,1926.69,1894.77,13.93846152,113.70087259
801140,2026-07-27,1945.8,1893.23,1945.8,1893.14,15.46791534,121.95188707
801140,2026-07-28,1951.16,1939.39,1969.19,1939.39,15.44117708,128.02204133
801140,2026-07-29,1977.38,1957.05,1984.69,1951.89,18.46688405,164.23488945
801140,2026-07-30,1951.11,1970.02,1993.52,1940.02,18.75075174,162.5703586
801140,2026-07-31,1984.97,1958.13,1992.62,1958.13,19.75111755,169.74137952
801140,2026-08-03,2013.66,1988.64,2013.66,1988.58,17.85137319,150.39709635
801140,2026-08-04,2035.95,2024.12,2039.17,2012.24,18.26827339,151.30152816
801140,2026-08-05,2059.14,2042.0,2060.32,2041.48,18.93824828,163.89100082
801140,2026-08-06,2066.05,2055.96,2066.38,2035.74,18.27321364,167.38062778
801140,2026-08-07,2062.78,2064.1,2064.32,2032.46,17.3169313,162.13774859
801140,2026-08-10,2102.11,2066.86,2102.34,2055.41,18.47362467,171.16438101
801140,2026-08-11,2087.7,2094.49,2102.1,2076.51,15.6102324,141.15650211
801140,2026-08-12,2113.93,2087.34,2114.5,2087.34,16.22209387,144.65798991
801140,2026-08-13,2081.15,2118.21,2118.26,2080.84,15.25692521,140.91822495
801140,2026-08-14,2073.24,2085.4,2085.41,2058.58,13.92432756,130.98179373
801140,2026-08-17,2099.95,2080.67,2099.95,2061.64,14.85142273,149.30894044
801140,2026-08-18,2090.66,2099.18,2099.18,2078.41,15.34505544,152.60496037
801140,2026-08-19,2024.17,2076.14,2076.24,2020.56,16.5790464,151.36274268
801140,2026-08-20,2047.27,2035.62,2053.94,2035.41,13.60855639,131.54865313
801140,2026-08-21,2047.15,2039.29,2050.82,2015.94,12.52260058,119.78914192
801140,2026-08-24,2026.33,2047.46,2047.46,2011.3,13.26715746,128.38857556
801140,2026-08-25,2068.29,2016.01,2070.72,2015.91,15.31117267,135.93434398
801140,2026-08-26,2087.52,2081.01,2098.95,2081.01,17.73139645,163.77179314
801140,2026-08-27,2090.12,2089.64,2093.05,2080.21,16.83516376,162.74675535
801140,2026-08-28,2099.32,2092.66,2105.94,2092.66,23.34489738,187.1664329
801140,2026-08-31,2120.38,2092.41,2123.04,2092.41,23.93256029,211.66861596
801140,2026-09-01,2134.53,2121.39,2139.58,2121.39,25.3688505,208.41295676
801140,2026-09-02,2115.29,2123.41,2123.41,2102.62,21.48096196,186.83735652
801140,2026-09-03,2113.11,2118.9,2127.32,2110.89,20.14550307,178.64201377
801140,2026-09-04,2114.82,2119.63,2139.84,2104.71,20.77551042,205.47828253
801140,2026-09-07,2122.05,2114.15,2125.21,2106.83,20.46322694,186.53086206
801140,2026-09-08,2132.24,2120.82,2134.33,2119.05,24.0088976,192.40266856
801140,2026-09-09,2126.57,2129.76,2130.12,2114.53,20.58766276,174.79030227
801140,2026-09-10,2101.45,2116.88,2117.97,2100.92,18.20868664,156.69276663
801140,2026-09-11,2060.44,2089.7,2089.96,2044.79,18.85843815,161.71445797
801140,2026-09-14,2067.63,2055.41,2071.57,2045.73,17.75977588,158.81932249
801140,2026-09-15,2034.77,2063.95,2064.0,2033.63,17.7693989,151.32643235
801140,2026-09-16,2062.97,2033.02,2063.62,2029.46,19.73908985,163.63161521
801140,2026-09-17,2067.32,2056.85,2069.33,2040.98,20.04722405,177.13396565
801140,2026-09-18,2096.44,2074.37,2101.54,2074.31,20.86658194,192.25403692
801140,2026-09-21,2129.11,2104.8,2129.96,2104.8,21.30601867,197.05329743
801140,2026-09-22,2136.34,2138.1,2147.99,2131.16,20.53746701,190.38843399
801140,2026-09-23,2120.09,2132.83,2139.78,2118.71,20.9454942,203.79369809
801140,2026-09-24,2102.66,2117.45,2127.92,2102.32,19.12813694,185.39668701
801140,2026-09-28,2059.16,2103.43,2103.43,2049.93,18.34390008,173.97586515
801140,2026-09-29,2070.67,2055.69,2080.93,2053.06,16.54601265,153.04306908
801140,2026-09-30,2075.07,2083.07,2083.07,2061.06,17.35411943,157.8492275
