代码,日期,收盘,开盘,最高,最低,成交量,成交额
801230,1999-12-30,1000.0,1000.0,1000.0,1000.0,0.20474238,2.2790950563
801230,2000-01-04,1029.81,1001.92,1044.67,987.96,0.40330362,4.1370457047
801230,2000-01-05,1047.65,1036.1,1073.0,1019.1,0.70270174,7.6551635764
801230,2000-01-06,1083.61,1044.52,1090.9,1027.3,0.75566462,8.3335480605
801230,2000-01-07,1132.7,1094.28,1149.26,1082.56,1.59473211,19.004098932999998
801230,2000-01-10,1164.68,1149.07,1187.57,1116.7,1.50806275,19.1519487112
801230,2000-01-11,1115.26,1168.31,1180.36,1097.66,1.26374524,14.5914644278
801230,2000-01-12,1088.57,1109.1,1140.63,1065.34,0.92223347,10.917934703599999
801230,2000-01-13,1075.84,1092.3,1109.49,1056.35,0.55911075,5.8874751645000005
801230,2000-01-14,1063.67,1075.91,1100.24,1047.65,0.45733093,4.8697121155000005
801230,2000-01-17,1087.63,1060.8,1095.85,1040.9,0.56023806,5.8354980693
801230,2000-01-18,1081.08,1090.21,1109.31,1062.72,0.49205995,5.9133973112
801230,2000-01-19,1099.02,1078.18,1113.69,1062.86,0.4485787,5.6517143222
801230,2000-01-20,1119.25,1094.67,1133.51,1080.47,0.57030207,7.1604764662000004
801230,2000-01-21,1129.79,1123.55,1164.94,1102.6,0.93941194,11.541765910599999
801230,2000-01-24,1144.44,1132.03,1166.96,1096.63,0.85443697,11.070199444000002
801230,2000-01-25,1137.18,1148.99,1178.69,1111.44,0.95968573,12.1226920201
801230,2000-01-26,1140.3,1137.49,1170.73,1113.64,0.73090556,9.3515663436
801230,2000-01-27,1184.59,1150.76,1206.19,1129.43,1.20298016,15.3560600186
801230,2000-01-28,1220.55,1193.81,1249.05,1173.89,1.51200152,20.9282555019
801230,2000-02-14,1334.41,1268.81,1335.98,1251.61,1.53811834,21.3839721219
801230,2000-02-15,1378.31,1393.82,1447.61,1334.31,2.62897668,38.494700983200005
801230,2000-02-16,1432.5,1396.4,1461.29,1344.83,2.65881417,38.3557920976
801230,2000-02-17,1365.0,1474.49,1542.22,1323.3,3.20804628,46.9274832377
801230,2000-02-18,1392.51,1342.46,1415.52,1281.94,1.81764466,24.1087779842
801230,2000-02-21,1400.03,1412.51,1459.73,1338.19,2.09804268,29.6236532169
801230,2000-02-22,1333.3,1410.23,1438.26,1317.6,1.69966388,21.6859394538
801230,2000-02-23,1276.25,1303.2,1342.68,1257.83,1.32412408,16.4227989629
801230,2000-02-24,1326.39,1266.04,1338.85,1247.48,1.15178247,14.7903095569
801230,2000-02-25,1317.03,1324.71,1365.02,1280.39,1.10219664,14.433666135
801230,2000-02-28,1378.14,1320.34,1391.29,1297.74,1.45183195,20.0681987057
801230,2000-02-29,1374.84,1399.3,1441.21,1328.58,2.14179816,29.672358201599998
801230,2000-03-01,1370.9,1383.1,1420.4,1330.35,1.37016146,18.3997749538
801230,2000-03-02,1376.61,1367.51,1411.26,1333.89,1.07860674,13.826047043800001
801230,2000-03-03,1379.69,1388.62,1426.86,1350.72,1.37607112,18.9507800158
801230,2000-03-06,1308.49,1386.36,1411.14,1295.5,1.47571947,19.5296461758
801230,2000-03-07,1317.09,1290.47,1340.19,1268.6,0.79585891,10.2787410006
801230,2000-03-08,1350.28,1321.54,1367.73,1292.97,0.8852502,11.0574063472
801230,2000-03-09,1346.83,1360.43,1390.66,1322.71,0.86478481,10.7706101075
801230,2000-03-10,1327.5,1350.16,1384.29,1313.18,0.82279064,9.8398782789
801230,2000-03-13,1344.34,1326.55,1362.59,1310.38,0.72495016,9.000828933
801230,2000-03-14,1319.62,1315.53,1350.22,1260.71,1.19685045,15.8468313965
801230,2000-03-15,1310.86,1316.02,1346.16,1286.48,0.83092137,10.753635705399999
801230,2000-03-16,1239.83,1298.48,1310.82,1221.67,0.81615526,9.8716287762
801230,2000-03-17,1279.62,1236.91,1296.78,1226.5,0.63727726,7.9920900961
801230,2000-03-20,1314.06,1269.39,1329.16,1243.98,0.8531378,11.4010459924
801230,2000-03-21,1317.08,1323.11,1349.76,1287.91,0.85103702,11.8530976043
801230,2000-03-22,1331.85,1321.19,1363.12,1300.37,0.89342688,11.9610275001
801230,2000-03-23,1357.77,1329.93,1372.59,1305.33,0.99182855,14.7684641618
801230,2000-03-24,1349.19,1364.92,1396.96,1327.18,1.42299821,16.6944319448
801230,2000-03-27,1385.56,1358.28,1405.85,1330.67,1.43534694,17.232526100999998
801230,2000-03-28,1395.23,1400.05,1432.07,1365.07,1.53118657,19.0431326311
801230,2000-03-29,1389.8,1397.72,1427.38,1349.81,1.53892151,18.5868898761
801230,2000-03-30,1408.11,1393.17,1429.61,1363.62,1.13603759,14.0038660863
801230,2000-03-31,1390.26,1401.06,1426.76,1365.79,1.06849561,12.993328708900002
801230,2000-04-03,1373.62,1387.28,1411.7,1354.72,0.89622452,10.493162368
801230,2000-04-04,1347.81,1367.54,1383.56,1327.27,0.8453527,9.7884090037
801230,2000-04-05,1353.47,1343.61,1380.12,1324.79,0.61414561,7.2179153666
801230,2000-04-06,1390.61,1354.94,1404.85,1347.16,0.72423619,9.7767158181
801230,2000-04-07,1388.53,1394.46,1417.08,1370.07,0.75910045,9.7428792941
801230,2000-04-10,1391.39,1394.27,1413.36,1364.86,0.66812784,8.9846055317
801230,2000-04-11,1395.72,1396.7,1424.54,1368.58,0.70103977,8.7767361169
801230,2000-04-12,1379.42,1393.83,1412.14,1360.57,0.55249288,6.6467234711000005
801230,2000-04-13,1389.26,1380.28,1412.01,1362.77,0.74075556,9.730062223200001
801230,2000-04-14,1387.84,1394.78,1414.49,1365.24,0.88536138,11.2418122155
801230,2000-04-17,1365.89,1384.76,1403.15,1337.61,1.3045699,17.2650995167
801230,2000-04-18,1374.52,1371.77,1397.06,1344.29,0.52117881,6.93023941
801230,2000-04-19,1393.05,1380.35,1419.28,1363.05,0.72443315,9.2409934924
801230,2000-04-20,1418.9,1395.4,1441.78,1374.9,1.08385866,13.6722257472
801230,2000-04-21,1423.89,1424.36,1468.64,1396.97,1.21232472,15.9775571914
801230,2000-04-24,1425.15,1429.57,1459.4,1398.47,1.01900216,14.1288954328
801230,2000-04-25,1411.53,1425.95,1447.15,1388.65,0.58887195,9.2020804724
801230,2000-04-26,1397.8,1412.7,1438.25,1383.14,0.70515045,9.4853605033
801230,2000-04-27,1384.66,1396.73,1417.48,1365.84,0.85074614,10.9288331665
801230,2000-04-28,1402.45,1387.32,1419.66,1361.75,0.68801745,9.7823416739
801230,2000-05-08,1403.81,1402.87,1435.59,1374.36,0.81381036,9.5682926329
801230,2000-05-09,1388.1,1402.31,1422.74,1366.57,0.67389342,8.4347836028
801230,2000-05-10,1349.13,1383.61,1396.58,1340.7,0.65774726,7.8066454538
801230,2000-05-11,1319.58,1346.66,1366.77,1303.64,0.47211702,5.6777733764
801230,2000-05-12,1322.42,1323.07,1353.08,1298.06,0.56277908,6.318250913099999
801230,2000-05-15,1314.3,1325.12,1354.18,1291.93,0.61009432,6.884366797
801230,2000-05-16,1334.34,1317.51,1355.16,1305.25,0.44796544,5.446990071799999
801230,2000-05-17,1341.75,1336.79,1363.82,1320.06,0.46261062,5.4897679284
801230,2000-05-18,1378.73,1340.5,1386.46,1325.75,0.60487786,7.5164762271
801230,2000-05-19,1393.33,1383.24,1412.93,1358.99,1.04188333,12.5455579598
801230,2000-05-22,1433.56,1402.94,1457.23,1382.81,1.30697724,15.8491782547
801230,2000-05-23,1431.32,1438.39,1461.44,1401.73,0.77471042,9.607875441900001
801230,2000-05-24,1449.73,1434.05,1477.68,1417.48,0.86402058,10.987047914300001
801230,2000-05-25,1464.15,1452.25,1483.86,1434.05,0.72355388,9.7274648613
801230,2000-05-26,1460.45,1472.26,1494.97,1436.81,0.77844533,11.1124294949
801230,2000-05-29,1457.33,1461.22,1487.03,1433.01,0.72636533,9.7275064522
801230,2000-05-30,1459.5,1459.55,1499.7,1429.84,0.80935852,10.738968256
801230,2000-05-31,1470.04,1456.52,1494.03,1435.49,0.79952576,10.379060077
801230,2000-06-01,1471.19,1475.12,1504.65,1445.04,0.58862758,7.861756005499999
801230,2000-06-02,1475.99,1475.42,1499.93,1447.92,0.58236955,7.861544464
801230,2000-06-05,1466.14,1479.24,1511.08,1440.65,0.85639314,11.3253698709
801230,2000-06-06,1483.87,1465.84,1498.61,1449.7,0.56319224,7.8413698087
801230,2000-06-07,1485.31,1489.53,1519.34,1463.29,0.66882487,9.1686580127
801230,2000-06-08,1469.91,1480.24,1501.92,1445.42,0.71908619,8.7086885767
801230,2000-06-09,1461.62,1474.19,1494.0,1444.66,0.73331287,8.3778031913
801230,2000-06-12,1471.8,1456.61,1483.4,1435.54,0.4692652,5.9830019721
801230,2000-06-13,1487.24,1476.89,1505.62,1457.89,0.54653241,7.127775402
801230,2000-06-14,1484.9,1492.49,1512.83,1467.36,0.70343601,8.4682652094
801230,2000-06-15,1498.69,1485.81,1517.37,1462.82,0.69963039,9.2703671289
801230,2000-06-16,1481.37,1500.22,1516.28,1467.93,0.51109743,7.2361355745000004
801230,2000-06-19,1467.11,1475.97,1494.19,1444.83,0.45700368,6.4045388972
801230,2000-06-20,1451.26,1460.9,1479.86,1431.58,0.40592518,5.4709597834000006
801230,2000-06-21,1470.82,1450.64,1486.39,1437.5,0.31705691,4.9588384536
801230,2000-06-22,1483.77,1472.08,1506.0,1452.02,0.34362046,5.6644442137999995
801230,2000-06-23,1501.49,1483.18,1525.85,1461.9,0.52622019,8.9072369826
801230,2000-06-26,1495.14,1507.24,1526.54,1478.37,0.52832441,8.0478565354
801230,2000-06-27,1484.46,1496.05,1518.47,1465.9,0.68245341,8.319202602899999
801230,2000-06-28,1495.85,1490.16,1518.84,1470.23,0.47979467,6.513146033099999
801230,2000-06-29,1496.83,1499.98,1524.44,1472.97,0.44309478,6.1515991925
801230,2000-06-30,1483.49,1496.67,1519.45,1464.47,0.53865119,6.868419459400001
801230,2000-07-03,1461.95,1476.85,1495.62,1436.86,0.53743664,6.5349548008000005
801230,2000-07-04,1466.71,1458.19,1482.86,1438.67,0.316963,3.9881140591000004
801230,2000-07-05,1472.98,1471.49,1495.59,1449.83,0.430613,5.0864658934
801230,2000-07-06,1469.27,1473.74,1494.6,1450.98,0.50653379,6.0063727592
801230,2000-07-07,1481.19,1467.52,1496.99,1455.93,0.48604997,6.4660492177
801230,2000-07-10,1483.19,1482.56,1506.73,1452.62,0.72189561,9.7463321225
801230,2000-07-11,1500.75,1484.68,1517.09,1464.2,0.64755537,8.5754525648
801230,2000-07-12,1493.14,1506.41,1524.16,1478.53,0.66346169,8.9635421286
801230,2000-07-13,1493.53,1494.48,1521.08,1465.32,0.69154992,9.4407112365
801230,2000-07-14,1508.81,1497.72,1533.62,1474.32,0.85375649,12.248536691300002
801230,2000-07-17,1521.4,1528.36,1551.63,1493.03,1.03010073,15.0947089343
801230,2000-07-18,1532.08,1525.98,1549.38,1502.49,0.67843478,9.9230867477
801230,2000-07-19,1536.67,1538.93,1562.93,1517.88,0.686886,10.340541976
801230,2000-07-20,1520.92,1534.66,1548.54,1504.31,0.5764135,8.106054478799999
801230,2000-07-21,1531.03,1524.44,1556.92,1514.12,0.58627793,8.265054665800001
801230,2000-07-24,1526.98,1536.84,1550.67,1511.75,0.65380415,8.0579998856
801230,2000-07-25,1532.04,1527.04,1553.87,1504.54,0.48575632,7.0136757207
801230,2000-07-26,1541.44,1534.74,1561.4,1518.01,0.5053277,7.2103143368
801230,2000-07-27,1539.33,1542.89,1568.77,1517.44,0.74398451,9.6629899653
801230,2000-07-28,1544.45,1546.48,1570.44,1516.67,0.69236849,9.3226581409
801230,2000-07-31,1558.95,1546.93,1577.37,1527.81,0.84736432,11.4715326743
801230,2000-08-01,1559.27,1560.35,1584.49,1540.54,0.60903434,8.3795693048
801230,2000-08-02,1558.73,1566.83,1588.89,1535.74,0.69733385,9.9599382
801230,2000-08-03,1560.62,1561.59,1585.74,1531.23,0.6798796,10.1827583209
801230,2000-08-04,1554.7,1560.34,1585.72,1535.33,0.73397652,10.1377152806
801230,2000-08-07,1564.63,1553.46,1578.89,1535.76,0.51607609,6.999067703400001
801230,2000-08-08,1581.43,1566.82,1596.55,1553.22,0.59755328,8.7242102556
801230,2000-08-09,1590.16,1585.1,1606.8,1561.44,0.70987427,10.5796920721
801230,2000-08-10,1603.16,1595.55,1626.02,1574.3,0.96809468,14.722899466900001
801230,2000-08-11,1593.72,1608.05,1630.68,1573.15,0.78386816,12.2633582721
801230,2000-08-14,1607.73,1596.57,1629.62,1577.35,0.65554382,10.2879396736
801230,2000-08-15,1607.73,1608.94,1632.42,1580.75,0.66365666,9.939172226
801230,2000-08-16,1608.68,1608.82,1630.18,1585.11,0.622084,8.677126942300001
801230,2000-08-17,1608.2,1608.89,1630.15,1584.51,0.69739182,9.7629780787
801230,2000-08-18,1612.35,1608.0,1627.87,1590.55,0.63958393,9.0678186129
801230,2000-08-21,1625.83,1613.81,1649.69,1595.63,0.7912322,10.696793461
801230,2000-08-22,1590.15,1627.01,1639.88,1579.61,0.55706289,7.9136141035000005
801230,2000-08-23,1569.58,1576.62,1601.91,1509.2,0.96667135,13.3586556325
801230,2000-08-24,1571.86,1569.62,1594.8,1542.92,0.61677685,8.7581571412
801230,2000-08-25,1590.96,1573.27,1601.42,1559.59,0.475108,7.204459739600001
801230,2000-08-28,1601.95,1593.37,1620.92,1574.87,0.58619989,9.6070691361
801230,2000-08-29,1598.75,1605.8,1622.03,1582.75,0.43531403,6.7580947348
801230,2000-08-30,1576.96,1599.1,1616.94,1567.31,0.48797594,7.362186293200001
801230,2000-08-31,1543.43,1567.58,1588.61,1522.11,0.58199347,8.4583700506
801230,2000-09-01,1528.0,1527.95,1559.82,1510.79,0.43501646,6.4175517116
801230,2000-09-04,1530.2,1522.19,1545.67,1498.94,0.47388043,6.8227290012
801230,2000-09-05,1495.73,1530.8,1548.96,1486.75,0.39633631,5.6008803978
801230,2000-09-06,1474.19,1487.64,1512.3,1460.51,0.39438875,5.393037329299999
801230,2000-09-07,1491.08,1477.08,1519.38,1466.94,0.32684714,4.8189801355
801230,2000-09-08,1495.93,1494.78,1514.36,1470.0,0.2383025,3.4441469094999997
801230,2000-09-11,1500.34,1500.18,1517.39,1472.48,0.24944758,3.5803681232
801230,2000-09-12,1509.61,1504.74,1528.32,1482.79,0.32601473,4.9212021477
801230,2000-09-13,1509.74,1508.36,1529.16,1491.87,0.35670624,5.3829391723
801230,2000-09-14,1506.81,1507.89,1531.6,1483.4,0.29076717,4.791940533
801230,2000-09-15,1495.14,1505.85,1517.09,1477.18,0.24257431,3.7706063991
801230,2000-09-18,1469.67,1494.15,1510.07,1456.8,0.25058264,3.9639740964
801230,2000-09-19,1432.24,1461.38,1470.04,1415.81,0.29012035,3.9496724517
801230,2000-09-20,1439.7,1427.84,1463.45,1407.77,0.2450607,3.9538420982
801230,2000-09-21,1430.6,1442.55,1458.98,1418.51,0.22610334,3.331170972
801230,2000-09-22,1419.32,1427.24,1442.43,1403.57,0.20004614,2.8080090966
801230,2000-09-25,1404.75,1416.13,1432.2,1393.43,0.16055357,2.0993954447
801230,2000-09-26,1419.93,1408.42,1436.44,1400.46,0.13624099,1.9357148088999998
801230,2000-09-27,1430.14,1423.95,1438.77,1410.69,0.12998341,1.7454436987000002
801230,2000-09-28,1411.29,1431.61,1437.93,1400.72,0.14959899,2.0552263815000003
801230,2000-09-29,1424.88,1409.93,1436.14,1401.11,0.17224743,2.3141221324
801230,2000-10-09,1436.41,1429.36,1454.07,1404.5,0.24108185,3.3700128287
801230,2000-10-10,1458.85,1438.86,1471.88,1426.16,0.2843926,3.8569310507999996
801230,2000-10-11,1446.95,1461.68,1480.72,1434.13,0.33953651,4.8787824816
801230,2000-10-12,1445.57,1442.72,1467.02,1417.59,0.35303711,4.9049212998
801230,2000-10-13,1445.15,1447.06,1474.97,1417.9,0.41243385,6.330315274
801230,2000-10-16,1419.23,1441.5,1452.86,1407.12,0.26959732,3.8875829023
801230,2000-10-17,1426.49,1416.08,1442.79,1397.71,0.21233642,3.1627779427999996
801230,2000-10-18,1439.32,1426.57,1453.75,1411.61,0.26275271,4.0997196914
801230,2000-10-19,1427.54,1443.07,1456.28,1417.65,0.22690828,3.3448269551
801230,2000-10-20,1458.18,1427.94,1471.95,1415.27,0.43492108,6.806713513099999
801230,2000-10-23,1463.25,1463.56,1482.21,1440.64,0.40957131,6.319703458099999
801230,2000-10-24,1460.33,1465.52,1479.27,1441.22,0.3559557,5.3117708961000005
801230,2000-10-25,1467.66,1460.88,1483.11,1443.53,0.38542078,5.852759571699999
801230,2000-10-26,1454.7,1468.73,1478.54,1443.57,0.28827121,4.2146582530000005
801230,2000-10-27,1448.35,1452.27,1467.79,1432.37,0.24521539,3.4599703256
801230,2000-10-30,1444.19,1445.56,1461.08,1424.51,0.31211632,4.2814533737
801230,2000-10-31,1438.23,1447.19,1461.37,1427.12,0.257427,3.7308693955
801230,2000-11-01,1446.91,1437.89,1457.33,1424.07,0.25671073,3.8556439354000003
801230,2000-11-02,1457.49,1448.52,1475.63,1439.26,0.29205423,4.2335683102
801230,2000-11-03,1451.08,1458.16,1473.19,1438.58,0.26887156,4.2608499557
801230,2000-11-06,1457.76,1451.11,1474.24,1433.9,0.39409797,6.5658020324
801230,2000-11-07,1463.37,1459.26,1482.05,1442.51,0.31173708,5.0884667073
801230,2000-11-08,1464.6,1465.17,1477.66,1446.68,0.25318396,4.1268149471
801230,2000-11-09,1481.45,1466.41,1493.14,1456.63,0.38797993,5.6236359758
801230,2000-11-10,1489.39,1484.03,1509.78,1468.6,0.61006827,8.6360740613
801230,2000-11-13,1501.46,1492.34,1517.02,1478.72,0.54749923,7.9878856571000005
801230,2000-11-14,1512.9,1504.34,1526.03,1482.91,0.58469843,8.0293465299
801230,2000-11-15,1508.49,1516.21,1539.04,1495.32,0.5240924,7.6192742891
801230,2000-11-16,1516.68,1509.7,1534.98,1493.71,0.56481361,8.3187401755
801230,2000-11-17,1518.2,1518.52,1541.35,1497.69,0.62168436,8.8747468657
801230,2000-11-20,1534.15,1516.48,1545.89,1495.05,0.56312851,8.310277705599999
801230,2000-11-21,1536.16,1536.03,1565.86,1519.06,0.57885403,8.4432591559
801230,2000-11-22,1558.8,1534.55,1575.85,1519.91,0.60255567,8.3178770437
801230,2000-11-23,1561.11,1564.74,1582.86,1543.19,0.51689394,7.4005419566
801230,2000-11-24,1518.5,1562.62,1582.16,1498.39,0.73617742,10.4573574998
801230,2000-11-27,1513.07,1504.6,1534.78,1485.73,0.65929758,8.571134757000001
801230,2000-11-28,1534.12,1513.12,1548.1,1502.97,0.34316799,5.2080158861
801230,2000-11-29,1522.33,1535.82,1549.53,1502.77,0.36168874,5.5514686756
801230,2000-11-30,1524.53,1521.47,1542.95,1501.47,0.3425202,5.4590389625
801230,2000-12-01,1526.5,1524.39,1547.01,1506.47,0.31022524,4.5075774221
801230,2000-12-04,1528.93,1525.86,1544.57,1508.55,0.32908898,5.0485574798
801230,2000-12-05,1527.68,1529.48,1546.82,1512.29,0.32221526,5.009409035
801230,2000-12-06,1511.79,1527.98,1545.57,1497.9,0.37565946,5.7763537596
801230,2000-12-07,1510.0,1509.27,1530.46,1490.48,0.40983564,6.1136050622
801230,2000-12-08,1511.8,1509.37,1533.13,1493.31,0.3509807,5.4419164055
801230,2000-12-11,1490.03,1510.13,1526.55,1477.33,0.30737844,4.576666673
801230,2000-12-12,1500.54,1488.35,1512.22,1476.12,0.25938622,3.9098190311
801230,2000-12-13,1504.94,1501.6,1526.85,1484.25,0.2558305,4.063147102
801230,2000-12-14,1496.67,1504.52,1519.81,1477.25,0.24649735,3.6891991494
801230,2000-12-15,1490.19,1500.88,1514.16,1473.61,0.28629861,4.227968196
801230,2000-12-18,1497.41,1490.73,1512.78,1463.48,0.40278937,7.4245420026
801230,2000-12-19,1495.58,1506.11,1524.29,1480.2,0.33268842,6.1372560775
801230,2000-12-20,1519.73,1497.02,1534.52,1483.96,0.5217856,8.8929584322
801230,2000-12-21,1529.76,1525.25,1553.22,1512.09,0.62981814,10.4389242131
801230,2000-12-22,1523.0,1530.73,1547.8,1507.71,0.43689916,7.3838656424
801230,2000-12-25,1520.4,1523.57,1545.94,1502.12,0.49058176,7.6396118949
801230,2000-12-26,1525.0,1521.19,1542.89,1503.71,0.34186318,5.6708334748
801230,2000-12-27,1505.89,1525.68,1540.6,1496.63,0.28803555,4.4943955489
801230,2000-12-28,1500.73,1504.02,1522.99,1481.98,0.28698761,4.5957032814
801230,2000-12-29,1504.83,1503.62,1520.95,1489.16,0.24033456,3.6532373473
801230,2001-01-02,1528.45,1509.15,1543.5,1496.85,0.33906171,5.1133001048
801230,2001-01-03,1543.65,1533.8,1557.66,1517.23,0.55462158,7.7416571452
801230,2001-01-04,1541.11,1550.88,1564.85,1523.57,0.60369923,7.6048976623
801230,2001-01-05,1551.35,1546.16,1568.72,1525.85,0.49231972,7.180747180499999
801230,2001-01-08,1524.15,1552.91,1563.05,1509.04,0.55205201,7.8386198201
801230,2001-01-09,1532.72,1521.97,1551.71,1500.06,0.65677796,8.2966507545
801230,2001-01-10,1545.08,1531.7,1558.77,1520.86,0.53367883,7.093894059099999
801230,2001-01-11,1536.33,1544.52,1559.42,1524.85,0.46417345,6.3328872973
801230,2001-01-12,1519.4,1530.92,1539.99,1508.56,0.34095363,4.7314563167
801230,2001-01-15,1466.03,1513.71,1517.07,1455.94,0.62263242,7.8304871068
801230,2001-01-16,1467.83,1448.4,1475.77,1431.95,0.28485232,4.0740416882999995
801230,2001-01-17,1453.06,1464.71,1476.41,1444.0,0.35855021,7.2633144219000005
801230,2001-01-18,1453.89,1450.63,1471.24,1438.39,0.34957676,4.2754912492
801230,2001-01-19,1466.83,1451.98,1479.44,1445.91,0.31884731,5.8641519378
801230,2001-02-05,1433.05,1468.63,1482.01,1421.34,0.25754234,4.1736570605
801230,2001-02-06,1419.82,1426.05,1435.62,1393.46,0.19283066,2.8841869532
801230,2001-02-07,1407.32,1422.43,1432.63,1399.33,0.13100184,2.0462063115999998
801230,2001-02-08,1369.81,1403.76,1416.92,1358.43,0.20353184,2.9346189027999996
801230,2001-02-09,1388.69,1370.86,1399.65,1366.29,0.17063359,2.4768607993000002
801230,2001-02-12,1382.74,1386.2,1394.33,1360.67,0.14535746,2.1330323083000002
801230,2001-02-13,1384.43,1382.82,1398.32,1374.82,0.12528337,1.8788936025999998
801230,2001-02-14,1380.59,1382.85,1389.57,1370.24,0.09398903,1.313504508
801230,2001-02-15,1368.23,1379.59,1390.36,1362.81,0.11149469,1.7172168294999999
801230,2001-02-16,1366.17,1364.97,1376.25,1340.69,0.50063567,4.3564248488
801230,2001-02-19,1381.37,1363.02,1388.22,1351.34,0.20519518,2.2036440941
801230,2001-02-20,1372.78,1384.42,1397.42,1362.9,0.24574927,2.6561615511000003
801230,2001-02-21,1343.43,1368.05,1375.63,1332.76,0.33925857,3.5566751465
801230,2001-02-22,1333.1,1338.75,1355.81,1320.34,0.15525161,1.973031495
801230,2001-02-23,1347.95,1333.89,1355.11,1319.95,0.1975816,2.3701285854
801230,2001-02-26,1362.65,1351.7,1371.39,1335.9,0.28363433,3.1789387218000003
801230,2001-02-27,1364.23,1362.41,1372.64,1347.03,0.20730273,2.4264438349
801230,2001-02-28,1357.31,1364.37,1374.15,1344.03,0.19827484,2.1936293081000002
801230,2001-03-01,1364.56,1356.2,1376.02,1348.46,0.23151938,2.6639882212
801230,2001-03-02,1379.91,1366.65,1390.98,1359.96,0.29600891,3.2772874870999997
801230,2001-03-05,1380.24,1381.66,1393.54,1367.53,0.1662966,2.3431926357
801230,2001-03-06,1374.91,1379.09,1387.95,1360.69,0.14136349,1.9931800768
801230,2001-03-07,1379.45,1377.19,1391.59,1366.28,0.1593271,2.075939461
801230,2001-03-08,1391.23,1378.08,1399.82,1370.36,0.19896013,2.8397844832
801230,2001-03-09,1403.04,1392.34,1420.17,1380.57,0.30161778,4.697653982099999
801230,2001-03-12,1399.08,1404.42,1416.86,1385.86,0.19061339,2.9062169266000004
801230,2001-03-13,1384.06,1396.62,1404.25,1371.68,0.17581412,2.6556771003999997
801230,2001-03-14,1398.57,1381.08,1405.08,1372.93,0.19873524,2.8301354988
801230,2001-03-15,1403.86,1400.31,1415.76,1388.93,0.23895859,3.2481319501
801230,2001-03-16,1410.73,1404.13,1422.61,1387.35,0.28544426,4.0174239761
801230,2001-03-19,1421.98,1410.29,1432.46,1398.25,0.31389925,4.3829464575
801230,2001-03-20,1425.85,1425.84,1441.7,1409.66,0.23087258,3.2574292286
801230,2001-03-21,1437.04,1426.34,1445.26,1416.35,0.2862478,4.1046704054
801230,2001-03-22,1442.69,1440.3,1457.04,1425.89,0.3328858,4.7842122264
801230,2001-03-23,1422.81,1443.9,1458.06,1416.44,0.3668475,5.2573022106
801230,2001-03-26,1440.69,1420.28,1446.25,1412.61,0.23618275,3.3032217674
801230,2001-03-27,1457.19,1445.5,1470.04,1436.34,0.36615827,5.2772366231
801230,2001-03-28,1455.59,1458.91,1472.75,1441.04,0.27564046,4.0952551481
801230,2001-03-29,1449.1,1457.12,1469.73,1437.75,0.35720081,4.9031972432
801230,2001-03-30,1454.34,1448.02,1462.96,1435.28,0.42994145,5.627490348899999
801230,2001-04-02,1460.53,1455.07,1475.19,1439.66,0.59170082,7.3566644549
801230,2001-04-03,1466.25,1461.55,1481.55,1443.95,0.51340632,6.4745489671000005
801230,2001-04-04,1445.41,1465.05,1482.14,1430.46,0.5778326,7.6504574587
801230,2001-04-05,1456.22,1438.41,1463.06,1427.44,0.41354219,5.9238023795000005
801230,2001-04-06,1455.84,1460.03,1474.61,1442.59,0.36202405,5.634361567000001
801230,2001-04-09,1465.43,1455.54,1475.27,1442.2,0.3865389,5.7013845663
801230,2001-04-10,1470.03,1467.74,1485.94,1453.73,0.38335812,5.7522705241
801230,2001-04-11,1470.86,1469.21,1484.27,1452.5,0.31889391,4.6570086397
801230,2001-04-12,1476.86,1470.16,1496.64,1456.31,0.43232345,6.2058612246000004
801230,2001-04-13,1476.16,1476.08,1487.3,1462.29,0.27062237,3.7244879461
801230,2001-04-16,1497.2,1477.21,1509.15,1468.21,0.51681448,7.2499208884
801230,2001-04-17,1511.58,1501.49,1529.97,1479.83,0.7641282,11.1528270073
801230,2001-04-18,1516.04,1515.64,1542.27,1495.14,0.57293055,8.9378223603
801230,2001-04-19,1520.18,1514.68,1536.63,1486.79,0.6896511,10.552563496
801230,2001-04-20,1517.02,1522.7,1558.88,1495.5,0.99410612,13.5333260177
801230,2001-04-23,1517.67,1516.93,1546.74,1493.28,1.00823381,13.957085501500002
801230,2001-04-24,1528.45,1520.04,1548.23,1507.56,0.57709503,8.754212324700001
801230,2001-04-25,1497.32,1526.65,1541.12,1486.62,0.59772563,8.5809184051
801230,2001-04-26,1485.15,1489.72,1510.02,1474.63,0.379904,5.7466372084
801230,2001-04-27,1491.57,1485.21,1508.82,1475.03,0.33830515,5.095386018999999
801230,2001-04-30,1501.84,1494.5,1523.1,1484.23,0.4638932,6.9972728028999995
801230,2001-05-08,1516.44,1506.82,1529.35,1493.0,0.24263627,3.8926018229
801230,2001-05-09,1522.72,1516.27,1541.95,1498.63,0.3946086,6.183880515399999
801230,2001-05-10,1538.98,1523.19,1555.17,1513.92,0.47050667,7.293485382899999
801230,2001-05-11,1539.17,1539.28,1556.59,1520.92,0.36860492,5.857707378400001
801230,2001-05-14,1554.98,1544.75,1571.38,1528.67,0.47017672,7.5198840911
801230,2001-05-15,1565.42,1559.47,1583.81,1541.7,0.62298727,9.8517087075
801230,2001-05-16,1566.94,1568.57,1594.1,1547.82,0.51420874,8.0712238418
801230,2001-05-17,1558.71,1566.87,1579.18,1543.94,0.4655624,7.3308464921
801230,2001-05-18,1560.37,1557.6,1576.88,1539.58,0.34571214,5.6336132661
801230,2001-05-21,1568.27,1565.46,1586.51,1545.75,0.58016992,8.8771238324
801230,2001-05-22,1573.63,1567.32,1593.22,1553.41,0.40297326,6.2622468118
801230,2001-05-23,1571.05,1570.41,1593.69,1541.3,0.45237632,7.5132384946
801230,2001-05-24,1571.24,1570.12,1597.69,1552.94,0.45726024,8.0080832836
801230,2001-05-25,1577.85,1572.49,1597.46,1554.32,0.36494879,5.895200824500001
801230,2001-05-28,1567.34,1578.65,1595.9,1552.19,0.41916603,6.7113188996
801230,2001-05-29,1572.09,1567.08,1591.34,1547.58,0.3652144,5.907889507899999
801230,2001-05-30,1590.85,1571.97,1603.28,1561.81,0.31242963,5.394527222000001
801230,2001-05-31,1590.33,1593.48,1614.57,1571.92,0.42362001,7.0030701265
801230,2001-06-01,1597.97,1591.4,1616.65,1573.81,0.45600506,7.5769193644
801230,2001-06-04,1606.27,1600.03,1626.56,1583.28,0.48663417,8.2486999623
801230,2001-06-05,1612.45,1607.76,1628.77,1594.27,0.42615094,7.6551003774
801230,2001-06-06,1606.08,1612.83,1627.23,1587.59,0.49112031,8.419266325
801230,2001-06-07,1605.01,1606.08,1629.27,1588.65,0.5486289,7.5276284189
801230,2001-06-08,1602.72,1601.47,1621.44,1581.98,0.42602085,6.808767888999999
801230,2001-06-11,1598.45,1603.16,1616.98,1585.92,0.35431507,5.5991808155
801230,2001-06-12,1604.4,1597.73,1619.13,1587.16,0.35926113,5.8605147644
801230,2001-06-13,1611.7,1606.0,1626.95,1591.55,0.36869165,5.7652485646
801230,2001-06-14,1583.44,1610.48,1628.67,1574.69,0.52689542,8.473214131799999
801230,2001-06-15,1592.68,1580.49,1610.73,1562.86,0.50967718,8.0257053386
801230,2001-06-18,1571.09,1595.02,1612.98,1551.94,0.52041824,8.3032021883
801230,2001-06-19,1572.23,1568.94,1593.64,1549.76,0.37404032,6.4781132558
801230,2001-06-20,1570.35,1571.83,1592.51,1556.81,0.27402884,4.3586334398
801230,2001-06-21,1579.84,1571.94,1592.21,1560.68,0.23664426,3.7218268476999996
801230,2001-06-22,1588.45,1582.49,1602.34,1567.26,0.28624455,4.6384102345
801230,2001-06-25,1603.51,1590.05,1614.62,1578.2,0.34852583,5.744551475900001
801230,2001-06-26,1611.07,1604.37,1626.77,1585.64,0.46360954,7.0214889766
801230,2001-06-27,1608.95,1613.36,1629.94,1593.64,0.46511292,6.529603814500001
801230,2001-06-28,1602.87,1610.67,1632.54,1585.7,0.38701135,5.8855853877
801230,2001-06-29,1600.46,1605.22,1618.86,1588.54,0.25076778,3.8579393450999997
801230,2001-07-02,1587.57,1601.81,1615.39,1575.99,0.30952596,4.863537955
801230,2001-07-03,1586.59,1588.41,1601.43,1564.17,0.2146575,3.3197284858
801230,2001-07-04,1578.47,1585.96,1597.57,1568.02,0.17735537,2.7574535031
801230,2001-07-05,1565.24,1576.84,1591.04,1557.03,0.22955926,3.5002473824
801230,2001-07-06,1560.52,1562.07,1579.8,1550.33,0.21125328,3.3856543058999997
801230,2001-07-09,1562.73,1558.57,1576.92,1544.74,0.23562799,4.0062916649
801230,2001-07-10,1572.64,1563.94,1584.75,1552.91,0.20559913,3.420580132
801230,2001-07-11,1558.97,1573.7,1583.56,1552.0,0.18407189,2.7187192544
801230,2001-07-12,1552.97,1555.85,1565.16,1538.29,0.19920067,3.1097214235000004
801230,2001-07-13,1552.15,1553.53,1575.79,1540.17,0.1826821,3.1858998956
801230,2001-07-16,1537.9,1564.86,1577.01,1528.83,0.31868175,5.9097541384
801230,2001-07-17,1535.67,1541.18,1555.05,1509.69,0.2618244,4.2584187827
801230,2001-07-18,1544.21,1536.86,1555.47,1520.77,0.18230078,3.0603473833
801230,2001-07-19,1549.83,1544.44,1560.59,1529.48,0.19783413,2.8273322882
801230,2001-07-20,1565.85,1552.46,1576.62,1536.55,0.29378,4.3077049351
801230,2001-07-23,1557.11,1565.39,1577.41,1542.57,0.29298467,4.1821849237
801230,2001-07-24,1542.18,1552.71,1566.12,1525.31,0.27157513,3.8718627660000005
801230,2001-07-25,1533.56,1538.62,1554.77,1519.25,0.19742276,2.73936232
801230,2001-07-26,1517.13,1528.49,1541.53,1502.56,0.18927462,2.6640430706
801230,2001-07-27,1497.12,1517.61,1532.54,1485.79,0.20674403,2.9677063894
801230,2001-07-30,1404.78,1486.99,1493.07,1391.1,0.33486344,4.4722136037
801230,2001-07-31,1384.84,1392.44,1435.74,1358.1,0.25356437,3.2793258834
801230,2001-08-01,1435.14,1389.42,1441.52,1386.76,0.21534838,2.7937087444
801230,2001-08-02,1417.24,1434.95,1443.43,1381.07,0.19054697,2.4718967823
801230,2001-08-03,1419.95,1416.88,1435.52,1402.28,0.12199411,1.6206688996
801230,2001-08-06,1371.66,1414.09,1424.72,1355.1,0.23656949,3.0667410060000004
801230,2001-08-07,1393.07,1365.91,1403.09,1346.95,0.20533065,2.7941144585
801230,2001-08-08,1386.89,1389.95,1406.1,1371.52,0.15585381,1.9688291103
801230,2001-08-09,1410.24,1388.76,1416.97,1381.37,0.17833264,2.3887006618
801230,2001-08-10,1428.66,1413.89,1439.96,1404.13,0.24136138,3.251204862
801230,2001-08-13,1427.99,1430.1,1441.16,1412.29,0.16768714,2.2616382121000003
801230,2001-08-14,1413.63,1426.2,1439.57,1398.16,0.18504362,2.5329373792
801230,2001-08-15,1421.22,1412.38,1431.17,1402.22,0.16579764,2.2632403216999997
801230,2001-08-16,1401.78,1423.0,1432.93,1396.26,0.16471643,2.2134143855
801230,2001-08-17,1401.7,1395.46,1413.52,1381.84,0.12572524,1.8466479997
801230,2001-08-20,1411.61,1402.67,1421.18,1392.21,0.11636531,1.6830764028999998
801230,2001-08-21,1418.94,1414.47,1433.31,1404.18,0.15288236,2.1910315967
801230,2001-08-22,1395.55,1414.91,1419.82,1380.82,0.17408342,2.2949894752
801230,2001-08-23,1393.17,1384.21,1399.76,1366.88,0.12663916,1.7468770815
801230,2001-08-24,1380.51,1393.52,1407.33,1374.04,0.11144082,1.5156292794
801230,2001-08-27,1338.41,1371.74,1379.62,1330.43,0.21796614,2.7463403886
801230,2001-08-28,1348.08,1330.32,1354.59,1309.24,0.14654035,1.8032513257
801230,2001-08-29,1353.93,1350.92,1373.7,1338.3,0.10594695,1.3288923025
801230,2001-08-30,1346.3,1353.79,1364.22,1332.38,0.09400901,1.1449046920000001
801230,2001-08-31,1343.71,1346.8,1360.73,1330.94,0.08923005,1.1228017569
801230,2001-09-03,1325.71,1337.36,1349.93,1313.91,0.15102399,1.8399287211000002
801230,2001-09-04,1354.46,1325.04,1359.4,1315.93,0.1535616,1.905675234
801230,2001-09-05,1364.52,1359.08,1390.65,1347.45,0.20669562,2.710597528
801230,2001-09-06,1355.32,1363.57,1379.53,1343.48,0.10925901,1.4412668793
801230,2001-09-07,1313.8,1352.56,1362.0,1306.06,0.19341376,2.5127432414
801230,2001-09-10,1351.03,1296.38,1358.79,1279.8,0.15052174,1.9448109549
801230,2001-09-11,1351.31,1352.05,1367.5,1334.91,0.11644727,1.4795819527
801230,2001-09-12,1330.47,1314.86,1346.74,1292.64,0.17451576,2.1488323066999997
801230,2001-09-13,1329.28,1331.17,1352.31,1316.3,0.10636169,1.2129886344
801230,2001-09-14,1315.02,1326.9,1339.4,1303.26,0.13265981,1.6545037327
801230,2001-09-17,1292.71,1307.13,1320.05,1282.25,0.1462539,1.7566096747
801230,2001-09-18,1304.71,1289.14,1328.06,1280.05,0.11677185,1.4803532768
801230,2001-09-19,1325.48,1305.48,1333.97,1288.42,0.12712383,1.5734556863
801230,2001-09-20,1320.04,1327.81,1342.69,1308.11,0.13007685,1.628863612
801230,2001-09-21,1304.47,1315.22,1326.28,1294.8,0.10824063,1.3651812011000002
801230,2001-09-24,1297.15,1304.74,1318.59,1286.07,0.10298165,1.3153065829000001
801230,2001-09-25,1294.21,1301.64,1314.79,1284.02,0.09263219,1.1715356219
801230,2001-09-26,1275.53,1291.77,1301.81,1262.86,0.12002107,1.4090593769
801230,2001-09-27,1262.85,1272.42,1285.03,1247.99,0.12964281,1.6390809165
801230,2001-09-28,1262.01,1265.44,1280.09,1240.8,0.13401671,1.6618250137000001
801230,2001-10-08,1224.35,1262.46,1273.16,1209.07,0.10757324,1.2722979527
801230,2001-10-09,1236.16,1220.06,1248.83,1210.53,0.09675087,1.1079254393
801230,2001-10-10,1190.0,1233.26,1241.67,1178.97,0.15143808,1.8408079294
801230,2001-10-11,1156.13,1188.05,1205.01,1139.88,0.1503603,1.6512400098
801230,2001-10-12,1192.23,1149.91,1209.17,1118.76,0.25156896,2.8595590702
801230,2001-10-15,1197.14,1190.8,1213.38,1171.21,0.16430941,1.7710733421
801230,2001-10-16,1179.87,1198.89,1207.54,1167.44,0.10684699,1.1017326294
801230,2001-10-17,1173.51,1171.59,1190.04,1155.16,0.11759752,1.2040766393
801230,2001-10-18,1157.48,1168.28,1183.59,1140.65,0.12394531,1.3363571072
801230,2001-10-19,1135.2,1144.41,1164.3,1102.86,0.21456063,2.3281875617
801230,2001-10-22,1100.65,1117.77,1136.66,1085.23,0.18461714,1.8488826224000001
801230,2001-10-23,1206.77,1184.5,1208.24,1158.07,0.58381898,6.1519897673
801230,2001-10-24,1238.59,1250.45,1273.05,1200.28,0.83226767,8.979456839
801230,2001-10-25,1198.59,1228.46,1241.1,1184.16,0.3366824,3.8322149904000002
801230,2001-10-26,1191.09,1185.93,1209.2,1170.23,0.2391222,2.6158603115
801230,2001-10-29,1199.64,1186.83,1208.81,1176.16,0.15757314,1.7901148431
801230,2001-10-30,1180.36,1194.13,1202.63,1170.51,0.14057689,1.5448753074000001
801230,2001-10-31,1172.59,1169.08,1179.6,1150.09,0.128199,1.3903963756
801230,2001-11-01,1176.39,1170.11,1188.56,1157.74,0.19887608,2.4221510805
801230,2001-11-02,1159.78,1165.28,1178.47,1150.26,0.16894165,1.8457914964
801230,2001-11-05,1141.0,1147.87,1159.87,1130.75,0.25017496,2.4885213258000003
801230,2001-11-06,1130.23,1128.72,1146.45,1119.04,0.63556831,5.469858780399999
801230,2001-11-07,1071.65,1122.5,1131.48,1056.55,0.21550871,2.2102942824
801230,2001-11-08,1076.26,1050.01,1088.11,1033.75,0.41387277,3.538031679
801230,2001-11-09,1096.08,1075.62,1107.09,1054.47,0.29296936,2.5391919645
801230,2001-11-12,1086.7,1096.05,1111.85,1069.16,0.25521491,2.1409637203
801230,2001-11-13,1080.52,1076.32,1092.69,1061.18,0.1798999,1.6245933824
801230,2001-11-14,1079.34,1080.13,1094.41,1067.59,0.15258482,1.3238836354999999
801230,2001-11-15,1081.04,1083.07,1092.24,1065.25,0.11486348,1.083267618
801230,2001-11-16,1102.11,1154.4,1171.3,1094.51,0.39344021,3.7495608714
801230,2001-11-19,1114.46,1101.03,1125.26,1088.16,0.26962187,2.5704800052000003
801230,2001-11-20,1140.49,1117.19,1149.15,1108.8,0.41387786,3.9521559930000003
801230,2001-11-21,1144.01,1139.48,1152.24,1123.15,0.31018223,2.9290751641000004
801230,2001-11-22,1158.0,1143.84,1164.91,1132.08,0.4245615,3.7811989269999997
801230,2001-11-23,1156.23,1157.18,1172.59,1143.11,0.42217009,4.0356616486000005
801230,2001-11-26,1152.12,1151.37,1162.87,1133.57,0.25880835,2.4711499792
801230,2001-11-27,1167.23,1150.21,1170.73,1144.51,0.26783488,2.6952001222
801230,2001-11-28,1177.71,1168.58,1193.33,1162.01,0.37219869,3.968775083
801230,2001-11-29,1176.94,1175.52,1190.61,1164.92,0.29858838,3.0140236312
801230,2001-11-30,1188.4,1177.85,1194.45,1170.65,0.22241923,2.3458647538
801230,2001-12-03,1197.99,1190.67,1207.53,1183.13,0.3081865,3.3111420927
801230,2001-12-04,1202.16,1198.87,1209.09,1183.29,0.25924034,2.619199647
801230,2001-12-05,1178.4,1197.29,1207.08,1166.77,0.33521735,3.4885053893999998
801230,2001-12-06,1192.04,1171.54,1198.51,1165.48,0.39561126,3.9452855430000002
801230,2001-12-07,1192.33,1192.45,1209.6,1181.08,0.44933622,4.5641095303
801230,2001-12-10,1192.44,1188.13,1199.53,1174.21,0.21584065,2.1867026345
801230,2001-12-11,1183.79,1190.91,1203.6,1173.44,0.23928121,2.5170069385
801230,2001-12-12,1171.75,1180.92,1190.28,1163.91,0.19623131,2.0250212274
801230,2001-12-13,1152.96,1170.48,1183.61,1146.51,0.29605026,2.9480051287
801230,2001-12-14,1141.69,1148.56,1162.25,1129.26,0.23347078,2.3753188290000002
801230,2001-12-17,1132.15,1137.65,1152.56,1120.65,0.16893459,1.7206380493
801230,2001-12-18,1151.37,1133.67,1157.47,1125.16,0.16365978,1.685382455
801230,2001-12-19,1141.15,1150.73,1163.18,1132.93,0.2161664,2.2763324036
801230,2001-12-20,1111.62,1134.68,1140.4,1101.39,0.19961524,2.054710854
801230,2001-12-21,1119.95,1107.86,1129.78,1099.75,0.1474592,1.7646718497999998
801230,2001-12-24,1096.7,1116.12,1121.81,1086.86,0.14248702,1.5956480625
801230,2001-12-25,1098.78,1093.76,1107.77,1082.09,0.13982822,1.4371118474000002
801230,2001-12-26,1110.45,1095.76,1114.25,1085.36,0.14184622,1.4195935134
801230,2001-12-27,1102.54,1111.66,1124.86,1094.18,0.16816355,1.8079444216999998
801230,2001-12-28,1104.93,1100.79,1116.31,1087.89,0.12701236,1.4320458477000002
801230,2001-12-31,1107.98,1104.4,1123.44,1090.83,0.15713494,1.6485520931
801230,2002-01-04,1092.77,1107.15,1115.86,1084.03,0.1055268,1.1232381087
801230,2002-01-07,1084.77,1086.66,1096.98,1069.83,0.09905898,0.9662903033
801230,2002-01-08,1077.92,1083.61,1098.44,1071.98,0.10516379,1.0730551967
801230,2002-01-09,1051.52,1073.84,1080.06,1041.02,0.14165228,1.3826330106
801230,2002-01-10,1058.45,1045.79,1068.86,1017.18,0.18657383,1.7530785725
801230,2002-01-11,1031.05,1053.58,1058.74,1024.12,0.11813543,1.1483930953
801230,2002-01-14,985.15,1017.87,1023.86,978.53,0.2172203,1.9100864322
801230,2002-01-15,963.3,977.54,994.25,952.15,0.18928711,1.6705822738999998
801230,2002-01-16,970.88,958.03,982.81,938.32,0.19075916,1.7085759941999998
801230,2002-01-17,921.82,967.1,971.43,910.22,0.20132002,1.6490232414
801230,2002-01-18,913.05,900.77,936.86,875.89,0.3231533,2.5954693215
801230,2002-01-21,867.62,900.9,910.94,853.22,0.21633354,1.6296740653
801230,2002-01-22,863.69,856.82,897.27,839.95,0.2862341,2.157592061
801230,2002-01-23,924.15,857.36,927.28,844.74,0.35133616,2.6514694758
801230,2002-01-24,934.29,913.1,957.28,886.81,0.53062508,4.1587895769
801230,2002-01-25,932.51,925.88,951.45,911.71,0.32525401,2.6051367221
801230,2002-01-28,875.05,925.55,941.22,864.01,0.4404997,3.3359594177
801230,2002-01-29,899.22,861.9,910.77,850.87,0.28592622,2.1434616835
801230,2002-01-30,908.52,898.91,921.63,887.9,0.25598552,1.8841508828
801230,2002-01-31,971.31,921.86,982.36,916.79,0.60679282,4.954747881
801230,2002-02-01,970.88,970.36,995.05,953.3,0.44863768,3.8449543166000004
801230,2002-02-04,991.05,969.95,996.93,955.58,0.32124754,2.6906375649000003
801230,2002-02-05,1000.35,989.24,1014.37,977.41,0.42991056,3.5953035426
801230,2002-02-06,970.29,998.79,1006.7,963.34,0.33061806,2.7926845562000002
801230,2002-02-07,993.18,967.72,1010.02,962.21,0.34211565,3.1110762487
801230,2002-02-08,985.85,996.02,1007.78,979.57,0.23755595,2.1165043322
801230,2002-02-25,1007.52,1007.78,1024.85,988.55,0.31309254,2.7715001309
801230,2002-02-26,1007.87,1002.54,1017.93,980.49,0.28866159,2.5753939475
801230,2002-02-27,1012.12,1006.73,1024.19,995.92,0.26052769,2.4070878131
801230,2002-02-28,1003.93,1009.98,1026.59,994.19,0.35156277,3.0589270328
801230,2002-03-01,987.66,1001.98,1010.46,979.25,0.27471509,2.3361609136
801230,2002-03-04,1004.92,977.24,1008.05,970.39,0.23918661,1.9627823379
801230,2002-03-05,1030.86,1004.54,1041.52,1000.83,0.49270458,4.3541456662
801230,2002-03-06,1044.39,1034.22,1069.28,1026.02,0.7133049,6.5065164126
801230,2002-03-07,1082.81,1046.21,1085.65,1039.11,0.83421017,7.2753770671
801230,2002-03-08,1108.13,1090.47,1125.43,1070.53,1.11782517,10.324669330299999
801230,2002-03-11,1137.24,1108.75,1144.69,1093.71,0.99615796,9.4347595852
801230,2002-03-12,1131.83,1143.74,1168.03,1114.85,1.36270005,13.870081580999999
801230,2002-03-13,1105.11,1127.26,1151.92,1094.35,0.89892995,8.9600952037
801230,2002-03-14,1141.9,1102.25,1152.47,1095.04,0.66976102,6.7060090071000005
801230,2002-03-15,1109.57,1141.02,1165.11,1101.8,0.8146434,8.3208738285
801230,2002-03-18,1112.48,1124.65,1144.73,1096.04,0.40363367,3.9037782804
801230,2002-03-19,1136.74,1114.45,1146.99,1104.49,0.58081001,6.0971652019
801230,2002-03-20,1152.86,1139.91,1166.76,1124.91,0.7335206,7.9360260002
801230,2002-03-21,1157.93,1154.56,1182.55,1138.35,0.78551038,8.411868907799999
801230,2002-03-22,1147.4,1155.31,1171.08,1130.74,0.57362939,6.396455484
801230,2002-03-25,1148.8,1143.62,1160.46,1127.05,0.43208408,4.5773301202
801230,2002-03-26,1128.04,1145.81,1153.43,1115.93,0.33760307,3.6531824363
801230,2002-03-27,1130.73,1121.27,1138.98,1110.1,0.27312234,2.8197729942
801230,2002-03-28,1131.93,1125.37,1148.72,1117.28,0.40645734,4.174343811
801230,2002-03-29,1098.61,1127.98,1138.33,1080.68,0.45189057,4.6902279083
801230,2002-04-01,1102.8,1092.1,1112.35,1077.8,0.27236405,2.8822600156
801230,2002-04-02,1080.03,1101.53,1110.5,1068.42,0.31440346,3.2278150218
801230,2002-04-03,1082.77,1081.24,1099.18,1070.92,0.22573209,2.351199063
801230,2002-04-04,1115.3,1081.24,1122.14,1069.44,0.32592431,3.4297598077
801230,2002-04-05,1113.57,1118.55,1135.14,1099.73,0.35268957,3.7994562523
801230,2002-04-08,1114.26,1111.8,1128.73,1098.07,0.28067533,2.9627055807
801230,2002-04-09,1138.89,1113.38,1148.33,1106.04,0.54632738,5.768465936699999
801230,2002-04-10,1152.56,1138.93,1169.11,1127.96,0.58428381,6.309897038300001
801230,2002-04-11,1132.64,1152.6,1164.74,1126.15,0.5492428,5.7316941031
801230,2002-04-12,1134.18,1129.0,1149.84,1119.77,0.33849004,3.6166209841000003
801230,2002-04-15,1126.89,1133.47,1143.4,1112.96,0.23692068,2.4451957557
801230,2002-04-16,1123.32,1122.63,1142.92,1109.6,0.23740872,2.5488669756999998
801230,2002-04-17,1121.36,1121.47,1134.18,1106.42,0.2985052,3.0066136385
801230,2002-04-18,1107.46,1120.22,1129.74,1100.05,0.2461941,2.461558224
801230,2002-04-19,1108.01,1103.15,1119.38,1072.95,0.40749487,4.0312943413
801230,2002-04-22,1100.09,1101.98,1116.87,1085.52,0.2511813,2.5822704372
801230,2002-04-23,1095.76,1096.93,1112.07,1087.68,0.1616512,1.6413015143
801230,2002-04-24,1087.11,1094.64,1104.68,1078.94,0.1626148,1.6979761556
801230,2002-04-25,1089.96,1084.8,1100.05,1073.69,0.18368433,1.9073585194999998
801230,2002-04-26,1112.33,1092.05,1121.51,1085.55,0.25417745,2.8619669119
801230,2002-04-29,1131.84,1113.36,1142.15,1105.2,0.38137291,4.1381390785
801230,2002-04-30,1130.8,1133.42,1152.75,1117.75,0.31743545,3.516307126
801230,2002-05-08,1120.21,1131.25,1142.1,1111.52,0.23762519,2.3224335018
801230,2002-05-09,1122.94,1116.87,1136.4,1109.31,0.20304504,2.0632812726
801230,2002-05-10,1117.36,1123.7,1139.02,1106.92,0.24048261,2.494608777
801230,2002-05-13,1107.53,1113.79,1121.38,1095.53,0.22914934,2.5837493266
801230,2002-05-14,1105.3,1107.38,1125.64,1095.09,0.2533084,3.6354683558999996
801230,2002-05-15,1094.66,1101.89,1115.47,1085.68,0.22885372,2.8842462041
801230,2002-05-16,1056.8,1087.66,1094.23,1049.53,0.30498687,3.2999616181
801230,2002-05-17,1071.78,1053.03,1081.95,1042.59,0.26472102,2.8683159004000003
801230,2002-05-20,1056.5,1069.12,1075.71,1038.71,0.19214376,1.9119529724000002
801230,2002-05-21,1099.84,1078.52,1116.07,1067.23,0.45745815,4.7272767833
801230,2002-05-22,1079.55,1099.22,1105.63,1072.95,0.27120281,2.903908618
801230,2002-05-23,1086.75,1084.18,1105.49,1075.53,0.23065531,2.5191731171000002
801230,2002-05-24,1074.19,1087.14,1097.89,1062.77,0.28359615,3.2016889666000004
801230,2002-05-27,1078.33,1079.51,1091.82,1062.1,0.13889024,1.5273709484
801230,2002-05-28,1083.54,1083.06,1099.94,1071.88,0.14821896,1.6356106422999999
801230,2002-05-29,1055.85,1081.47,1085.34,1048.69,0.17700846,1.8821469938
801230,2002-05-30,1056.29,1055.6,1069.97,1037.36,0.17215715,1.8311926859999998
801230,2002-05-31,1051.65,1057.6,1069.23,1041.79,0.15478814,1.6152852493
801230,2002-06-03,1026.61,1042.72,1049.23,1016.93,0.22656142,2.3243362975
801230,2002-06-04,1032.89,1027.31,1047.86,1014.73,0.16350201,1.6425793367
801230,2002-06-05,1002.03,1028.74,1034.6,996.4,0.18427713,1.8116826988999999
801230,2002-06-06,1047.32,997.11,1063.4,988.01,0.26917054,2.520933346
801230,2002-06-07,1055.48,1044.58,1071.29,1029.37,0.31556611,3.2530334206
801230,2002-06-10,1051.72,1050.59,1064.46,1035.19,0.20589807,2.0446556922
801230,2002-06-11,1058.59,1048.71,1067.38,1042.96,0.18170761,1.9245733721
801230,2002-06-12,1051.36,1053.88,1061.99,1037.68,0.11079486,1.1775075214
801230,2002-06-13,1041.29,1047.82,1061.43,1033.03,0.16567567,1.5514188759
801230,2002-06-14,1027.49,1035.12,1046.28,1020.67,0.19133126,1.6708852649000001
801230,2002-06-17,1030.43,1019.6,1036.39,1010.56,0.10834585,1.0465862328
801230,2002-06-18,1054.36,1033.07,1062.6,1030.01,0.2166335,2.0002973433
801230,2002-06-19,1040.36,1052.24,1058.19,1034.84,0.11481503,1.0304012338
801230,2002-06-20,1050.72,1045.43,1068.71,1036.64,0.25003218,2.1456117911000003
801230,2002-06-21,1090.52,1052.38,1097.74,1049.77,0.73034955,6.7628921079
801230,2002-06-24,1184.03,1181.44,1189.46,1133.36,1.763809,20.266502741500002
801230,2002-06-25,1177.82,1195.74,1221.07,1156.55,1.64069218,17.1050936393
801230,2002-06-26,1183.34,1171.48,1211.51,1148.08,1.29361945,13.2008557811
801230,2002-06-27,1180.38,1181.31,1202.7,1158.51,0.87995597,9.1627837637
801230,2002-06-28,1174.92,1182.28,1203.42,1153.77,0.86786201,8.5450457104
801230,2002-07-01,1162.85,1175.42,1191.54,1152.56,0.46820433,4.7786374457
801230,2002-07-02,1177.07,1157.79,1182.82,1145.99,0.57950144,5.7799293811000005
801230,2002-07-03,1173.34,1178.29,1189.16,1161.38,0.40467454,4.1139689846
801230,2002-07-04,1161.11,1172.97,1183.56,1153.21,0.38178381,4.0021445528
801230,2002-07-05,1165.25,1157.89,1174.14,1147.09,0.27608539,2.9106002177
801230,2002-07-08,1176.92,1164.59,1185.02,1158.44,0.33875714,3.7202739477999995
801230,2002-07-09,1170.12,1177.59,1186.24,1163.5,0.33060822,3.5177560693000003
801230,2002-07-10,1152.1,1167.2,1175.33,1146.14,0.33376823,3.5729908751
801230,2002-07-11,1157.26,1153.4,1172.1,1141.53,0.28164005,2.964279163
801230,2002-07-12,1160.55,1156.6,1170.52,1149.26,0.25800202,2.6601046666
801230,2002-07-15,1150.55,1156.48,1169.36,1137.22,0.47765181,5.0976870725
801230,2002-07-16,1150.53,1150.03,1165.99,1140.95,0.30625481,3.1310072425
801230,2002-07-17,1160.37,1149.66,1166.08,1138.91,0.27598901,2.8099820225
801230,2002-07-18,1160.89,1163.88,1173.2,1149.28,0.29288136,3.1551332074
801230,2002-07-19,1163.94,1161.0,1173.75,1151.0,0.27838737,2.8331430865
801230,2002-07-22,1145.36,1162.73,1169.75,1138.45,0.27186194,2.730700539
801230,2002-07-23,1141.15,1139.62,1154.68,1132.43,0.19173077,1.9482878353
801230,2002-07-24,1139.6,1139.61,1152.12,1130.98,0.18715404,1.9893761858
801230,2002-07-25,1136.13,1142.7,1153.22,1125.98,0.19237349,1.877770938
801230,2002-07-26,1132.33,1135.8,1143.29,1124.56,0.13230175,1.2807871334
801230,2002-07-29,1137.67,1132.97,1146.05,1116.74,0.20424187,1.9920431378
801230,2002-07-30,1137.32,1136.2,1145.54,1121.8,0.17743269,1.6910039191
801230,2002-07-31,1126.14,1137.89,1146.03,1119.19,0.18233784,1.7630677825
801230,2002-08-01,1127.17,1120.12,1135.99,1110.11,0.14623399,1.4443204155
801230,2002-08-02,1128.35,1126.04,1136.15,1117.02,0.12016937,1.2286634662
801230,2002-08-05,1127.49,1126.02,1137.75,1116.36,0.16554104,1.6955549122
801230,2002-08-06,1145.05,1125.87,1154.34,1119.58,0.49468395,4.7141537045
801230,2002-08-07,1141.32,1145.08,1152.29,1133.24,0.33852778,3.137968639
801230,2002-08-08,1138.86,1141.42,1152.74,1130.0,0.28582753,2.520035225
801230,2002-08-09,1130.27,1134.69,1144.87,1120.36,0.23733063,2.2217274756
801230,2002-08-12,1122.42,1122.32,1134.78,1111.64,0.18969877,1.814538265
801230,2002-08-13,1124.83,1122.47,1135.93,1116.1,0.15512656,1.5343046624
801230,2002-08-14,1131.94,1125.68,1137.88,1116.96,0.14481737,1.4168660421000001
801230,2002-08-15,1123.38,1130.98,1136.9,1115.48,0.13429464,1.3785300014
801230,2002-08-16,1126.64,1118.96,1136.15,1106.21,0.16141392,1.5777523082
801230,2002-08-19,1122.92,1121.99,1133.2,1112.62,0.15028734,1.6714124976
801230,2002-08-20,1138.83,1120.52,1146.89,1116.05,0.22675517,2.4137004974000003
801230,2002-08-21,1143.22,1138.4,1153.7,1128.79,0.37062798,3.8604486320999998
801230,2002-08-22,1148.97,1142.89,1163.03,1132.16,0.44424612,5.102554141000001
801230,2002-08-23,1149.08,1148.52,1160.73,1137.41,0.36906195,3.9985900432999997
801230,2002-08-26,1144.53,1147.7,1159.07,1133.6,0.29717672,3.6786514319999997
801230,2002-08-27,1150.18,1144.15,1162.32,1136.22,0.32364162,4.0441053969
801230,2002-08-28,1146.6,1150.2,1159.89,1140.01,0.24978931,3.0479083482
801230,2002-08-29,1138.63,1145.6,1155.02,1131.78,0.18465132,2.419080176
801230,2002-08-30,1137.5,1138.67,1150.08,1129.5,0.15585079,1.792971459
801230,2002-09-02,1136.88,1137.69,1145.99,1128.4,0.13640856,1.5018863749
801230,2002-09-03,1140.3,1135.9,1151.99,1130.43,0.17940379,2.1689709812999998
801230,2002-09-04,1134.4,1138.73,1148.19,1126.93,0.17913883,2.0213545866
801230,2002-09-05,1120.73,1131.34,1138.42,1113.8,0.21176252,2.1946235989
801230,2002-09-06,1112.22,1117.73,1127.54,1105.08,0.20244698,2.1011471103
801230,2002-09-09,1105.73,1108.54,1116.61,1096.09,0.14651565,1.4845884224
801230,2002-09-10,1107.45,1104.07,1118.22,1096.27,0.17429361,1.8232021895
801230,2002-09-11,1103.9,1105.22,1113.74,1088.97,0.13445644,1.3364829837999999
801230,2002-09-12,1107.21,1101.32,1114.67,1094.32,0.15875621,1.8827497166999998
801230,2002-09-13,1104.01,1105.57,1112.99,1096.09,0.14586381,1.9228366651
801230,2002-09-16,1088.76,1101.1,1106.39,1079.26,0.17424232,1.8644082395
801230,2002-09-17,1085.58,1087.79,1100.3,1072.23,0.17276876,1.9020296053
801230,2002-09-18,1081.39,1084.31,1094.59,1072.18,0.13892415,1.5400575980000002
801230,2002-09-19,1100.62,1081.3,1108.86,1068.36,0.22632047,2.2778485404
801230,2002-09-20,1089.74,1100.34,1107.54,1082.47,0.17956747,1.9121932144999998
801230,2002-09-23,1086.35,1086.72,1097.14,1077.53,0.09301752,1.0117504212000001
801230,2002-09-24,1083.56,1085.74,1097.13,1076.36,0.11461106,1.5319407449000002
801230,2002-09-25,1077.92,1080.83,1094.63,1068.17,0.20136685,2.2769189849
801230,2002-09-26,1071.46,1075.36,1086.79,1062.04,0.1999445,2.2055011490000003
801230,2002-09-27,1067.21,1070.88,1083.13,1056.82,0.18490959,1.9932332623
801230,2002-10-08,1056.51,1060.58,1068.5,1045.25,0.10883891,1.220341561
801230,2002-10-09,1033.96,1054.12,1060.14,1023.23,0.14566428,1.4815181606999999
801230,2002-10-10,1029.74,1030.18,1044.61,1021.07,0.10781955,1.1135164913
801230,2002-10-11,1026.13,1030.22,1041.23,1019.74,0.1185858,1.221424238
801230,2002-10-14,1032.39,1022.63,1039.39,1006.85,0.1375601,1.3395389719
801230,2002-10-15,1028.88,1029.38,1041.37,1019.54,0.11933191,1.1876082382
801230,2002-10-16,1039.22,1028.23,1053.93,1024.26,0.17234574,1.6811329683
801230,2002-10-17,1018.98,1036.91,1042.08,1011.06,0.14929669,1.3017511435
801230,2002-10-18,1019.4,1013.91,1031.87,1000.02,0.1365387,1.3137103459000001
801230,2002-10-21,1022.25,1017.39,1027.85,1006.07,0.14387911,1.263068973
801230,2002-10-22,1038.9,1023.74,1046.7,1017.31,0.23582638,2.2712493669
801230,2002-10-23,1042.18,1039.22,1050.75,1027.4,0.2635951,2.6999905189
801230,2002-10-24,1035.3,1040.89,1049.83,1026.67,0.31781036,3.6037672232999998
801230,2002-10-25,1019.71,1031.87,1043.9,1012.28,0.27204996,2.8459155627999997
801230,2002-10-28,1008.0,1014.66,1028.98,998.57,0.22597841,2.2683805277
801230,2002-10-29,1013.43,1005.07,1020.0,990.61,0.23843615,2.5188480452
801230,2002-10-30,1008.09,1013.93,1021.19,995.89,0.19260968,1.9668025761
801230,2002-10-31,1003.7,1008.79,1020.51,997.08,0.16865186,1.7154402779
801230,2002-11-01,1000.68,1003.51,1013.94,987.86,0.19711736,1.97204188
801230,2002-11-04,1015.56,1005.13,1021.91,995.77,0.17428338,1.6615698653
801230,2002-11-05,1033.06,1017.11,1041.34,1010.74,0.32870324,3.2233219958999997
801230,2002-11-06,1030.16,1033.1,1039.69,1021.18,0.18762673,1.840390521
801230,2002-11-07,1027.45,1037.22,1043.86,1019.04,0.24776445,2.555245554
801230,2002-11-08,996.14,1035.44,1044.81,988.25,0.24259527,2.3675312839
801230,2002-11-11,982.65,994.45,1006.06,977.02,0.12964707,1.2620798131
801230,2002-11-12,956.98,981.04,991.98,948.64,0.22557431,2.0213221851
801230,2002-11-13,958.44,953.85,964.32,932.92,0.21960234,2.0548589897
801230,2002-11-14,934.7,957.0,962.05,929.2,0.20724948,2.2602987952
801230,2002-11-15,937.05,929.38,952.35,921.74,0.16894282,1.65640066
801230,2002-11-18,927.74,938.13,945.6,918.89,0.12950728,1.167328051
801230,2002-11-19,935.8,928.28,944.7,915.78,0.14494555,1.3028707036
801230,2002-11-20,906.1,932.12,936.08,899.43,0.16691303,1.5422265666
801230,2002-11-21,873.8,899.55,908.02,867.7,0.21765376,1.8294386474000002
801230,2002-11-22,880.31,876.84,898.67,856.25,0.22267612,2.0221658962
801230,2002-11-25,888.63,874.2,898.87,866.02,0.16593982,1.5378627138
801230,2002-11-26,867.7,886.17,898.89,863.03,0.1621204,1.4947256944
801230,2002-11-27,875.61,861.28,884.09,847.35,0.19491613,1.6299336902000001
801230,2002-11-28,903.44,873.94,906.32,864.32,0.27191629,2.3646949837
801230,2002-11-29,920.74,905.55,939.42,894.93,0.65614945,5.5922583386
801230,2002-12-02,890.69,916.99,923.03,884.71,0.29832935,2.4126503041
801230,2002-12-03,904.38,885.66,911.81,880.49,0.26461453,2.1946816362
801230,2002-12-04,907.62,909.04,923.73,896.15,0.31570628,2.6010447408
801230,2002-12-05,901.16,905.26,911.76,888.39,0.22373194,1.9696961147
801230,2002-12-06,900.05,900.38,913.39,890.27,0.19054808,1.6231990134
801230,2002-12-09,894.41,896.79,907.99,886.45,0.14091578,1.2164840286
801230,2002-12-10,877.6,892.02,900.29,872.36,0.20974988,1.7837019191999999
801230,2002-12-11,875.45,871.93,883.27,859.11,0.22260349,1.8204764023
801230,2002-12-12,880.51,874.24,895.58,867.71,0.18705696,1.4935071801
801230,2002-12-13,895.39,872.24,902.46,860.35,0.2580214,2.1247761616
801230,2002-12-16,904.82,894.46,912.66,884.76,0.33246629,2.7910475845
801230,2002-12-17,910.63,902.23,917.08,892.96,0.23148539,1.9134767088999998
801230,2002-12-18,904.29,907.11,923.23,893.67,0.26583612,2.3053628881
801230,2002-12-19,904.41,900.53,913.18,889.93,0.21463093,1.8053119357
801230,2002-12-20,918.42,905.23,927.93,897.64,0.36108708,2.8766438555000002
801230,2002-12-23,920.45,917.69,935.81,909.66,0.31747023,2.4709865481
801230,2002-12-24,924.87,917.76,931.51,909.51,0.31823722,2.9478779702
801230,2002-12-25,914.15,925.92,934.23,908.78,0.22347679,1.8578353212999998
801230,2002-12-26,884.18,910.16,915.35,878.03,0.29713545,2.4211865641999997
801230,2002-12-27,884.92,878.12,899.14,863.91,0.27814401,2.1729986356
801230,2002-12-30,874.58,878.83,888.86,862.86,0.19685179,1.5197620208000002
801230,2002-12-31,868.74,872.78,887.62,856.76,0.23426929,1.8804179537999999
801230,2003-01-02,853.82,860.89,874.15,844.78,0.15626418,1.2279725193000002
801230,2003-01-03,857.0,849.31,864.61,843.49,0.14957969,1.171547486
801230,2003-01-06,869.16,854.86,873.2,845.74,0.14936137,1.1828948197
801230,2003-01-07,865.78,867.99,882.98,857.93,0.16489251,1.2700787345
801230,2003-01-08,891.02,865.03,896.22,858.69,0.23253307,1.9609663188
801230,2003-01-09,908.08,892.21,917.34,881.37,0.4742289,3.9800973308999996
801230,2003-01-10,897.97,905.86,922.0,889.41,0.41105686,3.3296641806
801230,2003-01-13,906.79,895.42,915.83,887.33,0.28181223,2.2178997378
801230,2003-01-14,944.78,905.74,959.49,900.21,0.82013455,6.5225898644
801230,2003-01-15,943.39,948.25,973.9,927.96,0.76053958,6.4944666065
801230,2003-01-16,967.15,941.67,971.55,934.82,0.73100415,6.6751835412
801230,2003-01-17,964.01,970.52,986.33,951.99,0.73461066,6.7795764754
801230,2003-01-20,965.26,959.92,977.48,941.49,0.56717766,5.2530111201
801230,2003-01-21,944.74,967.33,982.89,938.19,0.52849453,4.7755155686
801230,2003-01-22,948.28,937.69,956.18,929.62,0.37817462,3.4324615556999998
801230,2003-01-23,936.4,946.45,959.47,928.13,0.31072672,2.607299502
801230,2003-01-24,950.36,935.24,956.17,927.73,0.30963091,2.5528101804
801230,2003-01-27,959.8,950.71,967.87,944.95,0.29491243,2.4272483152
801230,2003-01-28,963.52,960.34,970.15,950.14,0.24493654,2.1644891964
801230,2003-01-29,962.32,963.38,973.7,956.07,0.28547897,2.5100506503999997
801230,2003-02-10,951.76,960.9,970.26,940.8,0.20184773,1.7821843597
801230,2003-02-11,962.77,948.86,966.07,943.56,0.22177505,1.8225721928
801230,2003-02-12,979.3,960.85,982.97,953.01,0.38851519,3.3654876824
801230,2003-02-13,974.8,980.34,993.21,966.89,0.41992382,3.9377581838999998
801230,2003-02-14,978.39,971.57,986.7,965.96,0.29421186,2.5154535568000003
801230,2003-02-17,971.03,977.9,989.32,962.06,0.32512782,2.9050111169
801230,2003-02-18,973.05,969.51,981.59,961.41,0.24886737,2.2367562029
801230,2003-02-19,985.91,973.84,989.11,965.14,0.25354267,2.2462567722
801230,2003-02-20,981.98,985.76,994.8,975.11,0.29664888,2.5760545612
801230,2003-02-21,963.61,980.5,986.67,956.17,0.41999336,3.6987162379000003
801230,2003-02-24,963.17,960.39,973.41,955.19,0.24992797,2.2951405188
801230,2003-02-25,984.42,963.44,989.59,960.13,0.37600025,3.5443593991
801230,2003-02-26,980.45,983.01,991.08,971.66,0.22058226,2.2486885041
801230,2003-02-27,979.66,979.8,993.57,971.31,0.26014527,2.5472998086
801230,2003-02-28,974.51,978.06,984.6,965.28,0.20405997,1.90261801
801230,2003-03-03,978.64,972.0,983.75,961.85,0.28181606,2.4211833019999998
801230,2003-03-04,977.9,978.86,987.03,969.38,0.21033153,1.8931277715000001
801230,2003-03-05,972.57,976.49,982.3,962.2,0.23257406,2.0401449485
801230,2003-03-06,959.67,971.67,977.9,953.56,0.26416904,2.2393618906
801230,2003-03-07,955.0,958.53,968.41,948.76,0.19709837,1.7638059134
801230,2003-03-10,935.94,953.59,961.03,927.97,0.25319875,2.1967510786
801230,2003-03-11,938.06,934.35,947.79,927.49,0.21535556,1.8620990931999999
801230,2003-03-12,938.68,936.56,944.53,924.75,0.14070123,1.2330305604
801230,2003-03-13,931.43,939.1,948.02,925.5,0.16858624,1.5248198058000002
801230,2003-03-14,930.19,931.69,940.8,921.24,0.16182768,1.3611652106999999
801230,2003-03-17,930.58,929.26,937.33,913.33,0.20385554,1.866026247
801230,2003-03-18,923.35,929.48,944.06,919.02,0.22635737,1.9564433464
801230,2003-03-19,922.07,922.52,933.43,909.01,0.21785259,1.8300144696
801230,2003-03-20,920.02,921.6,935.37,909.98,0.33210168,2.6784961785
801230,2003-03-21,929.33,917.97,934.29,912.5,0.22402427,1.9883569534
801230,2003-03-24,931.71,928.8,938.55,921.46,0.14055244,1.3098343377
801230,2003-03-25,921.22,929.88,937.31,914.06,0.20183901,1.6961776718000001
801230,2003-03-26,914.59,918.64,926.41,906.12,0.22281017,1.7730582338999998
801230,2003-03-27,936.7,913.02,944.62,901.86,0.36308181,2.7824927105
801230,2003-03-28,930.09,936.26,946.01,923.21,0.28900528,2.2925377691
801230,2003-03-31,934.34,929.37,940.65,922.08,0.24584167,1.972922778
801230,2003-04-01,949.3,934.93,956.99,928.21,0.43447863,3.5420526908
801230,2003-04-02,946.74,949.13,957.94,938.03,0.31735868,2.5928278385
801230,2003-04-03,943.73,945.96,954.64,935.68,0.23541728,2.0356552258000002
801230,2003-04-04,948.15,941.97,956.55,934.14,0.33364665,2.3876555357
801230,2003-04-07,943.2,948.62,961.0,931.53,0.42892636,3.0819763744
801230,2003-04-08,936.18,941.3,951.85,927.24,0.3644556,2.7407222918
801230,2003-04-09,939.59,931.19,950.02,913.95,0.48044709,3.6437399151
801230,2003-04-10,941.54,939.63,956.82,920.07,0.59778487,4.5830489761
801230,2003-04-11,948.48,942.91,958.36,928.72,0.52327805,4.1275852499
801230,2003-04-14,971.34,948.68,981.37,940.24,0.75953495,6.0864365329
801230,2003-04-15,978.66,973.63,991.91,958.33,0.68363791,5.687664644400001
801230,2003-04-16,969.74,980.91,1004.2,955.11,0.92689003,7.388782927
801230,2003-04-17,981.54,967.68,996.57,952.81,0.88833689,7.0158814923
801230,2003-04-18,980.02,981.39,999.72,965.05,0.76395342,6.346086746799999
801230,2003-04-21,960.36,973.21,983.31,942.85,0.58582864,4.9277431526
801230,2003-04-22,955.16,956.71,971.94,942.92,0.49346308,3.7439015567
801230,2003-04-23,939.84,953.22,966.2,929.97,0.53573976,4.0243836245999995
801230,2003-04-24,911.08,938.44,947.26,898.89,0.57670969,4.2671555602
801230,2003-04-25,894.12,906.24,922.44,884.3,0.42425593,2.9574079749
801230,2003-04-28,909.52,890.14,919.16,869.18,0.5268927,3.6980817165
801230,2003-04-29,901.13,909.45,924.37,884.28,0.55749524,4.1576481134
801230,2003-04-30,894.42,902.12,918.88,878.74,0.5135852,3.7171674650999997
801230,2003-05-12,881.12,890.66,906.53,866.58,0.47408853,3.1925125458999997
801230,2003-05-13,861.6,875.15,893.21,837.52,0.83886515,5.633449699500001
801230,2003-05-14,878.63,858.04,886.33,848.93,0.59485758,3.9582921267
801230,2003-05-15,898.16,875.59,912.31,862.2,0.64825019,4.5488437743
801230,2003-05-16,896.59,897.98,913.73,882.25,0.4869511,3.4213273675
801230,2003-05-19,903.76,896.22,914.95,884.41,0.47061546,3.1814901694
801230,2003-05-20,893.88,901.81,908.95,882.39,0.47689719,3.1595228479000004
801230,2003-05-21,894.67,890.85,907.62,883.72,0.38820786,2.7505581501
801230,2003-05-22,901.69,892.07,909.26,881.86,0.54702605,3.9579628576
801230,2003-05-23,911.57,903.16,924.01,893.03,0.83766733,6.3048442723
801230,2003-05-26,921.44,911.34,929.34,902.78,0.63217846,5.008898454700001
801230,2003-05-27,928.99,921.21,938.39,909.99,0.62544952,4.9239560186
801230,2003-05-28,923.28,925.41,945.17,910.24,0.7131584,5.4538588047
801230,2003-05-29,932.71,917.72,939.63,907.17,0.60751682,4.6655794053
801230,2003-05-30,938.05,934.62,952.9,921.67,0.63565517,5.1664910218
801230,2003-06-02,940.19,939.91,952.71,921.07,0.59352951,4.6939505077999994
801230,2003-06-03,934.1,938.02,953.46,922.74,0.42826948,3.5722756427999998
801230,2003-06-04,928.62,929.59,943.42,910.35,0.5672017,4.6003216271
801230,2003-06-05,919.88,926.62,938.62,910.99,0.48656181,4.1008314064
801230,2003-06-06,904.26,915.95,926.37,897.28,0.49514987,4.187763077900001
801230,2003-06-09,893.87,896.62,910.73,884.81,0.40126047,3.3133149668
801230,2003-06-10,898.75,891.49,909.55,884.33,0.29088809,2.2806661872
801230,2003-06-11,914.05,897.94,918.72,893.8,0.29511931,2.2539768184
801230,2003-06-12,911.74,913.36,925.2,900.2,0.2831988,2.2406599069
801230,2003-06-13,915.0,908.59,925.48,900.87,0.39679792,3.0889259993000002
801230,2003-06-16,914.43,915.32,928.3,901.07,0.39987652,3.0924978285000004
801230,2003-06-17,905.45,911.9,920.09,895.57,0.27519033,2.1639646562
801230,2003-06-18,905.19,904.28,917.13,894.91,0.39449375,3.1984756305
801230,2003-06-19,896.2,901.96,911.44,885.48,0.32536205,2.5171890786
801230,2003-06-20,883.42,895.52,904.42,876.38,0.43411254,3.3117951720999996
801230,2003-06-23,875.28,878.41,891.51,862.94,0.68054617,4.8116597023
801230,2003-06-24,877.56,871.57,887.31,860.14,0.57045097,4.1258217704
801230,2003-06-25,874.28,874.91,887.86,863.91,0.40666064,2.9989290913
801230,2003-06-26,880.17,872.18,889.95,857.11,0.53965334,4.0624490883
801230,2003-06-27,871.92,877.85,892.18,860.7,0.50980191,3.8219496106
801230,2003-06-30,862.56,868.11,881.05,854.0,0.27709722,2.1807750153
801230,2003-07-01,859.86,858.31,875.85,849.85,0.36264744,2.7357053451
801230,2003-07-02,863.4,857.47,870.19,842.35,0.33061248,2.4513333530000003
801230,2003-07-03,865.52,861.67,872.75,853.03,0.26909866,1.9896242258
801230,2003-07-04,866.88,863.45,876.32,854.1,0.27204635,2.0733234856
801230,2003-07-07,862.27,861.88,872.25,848.14,0.29498186,2.3974288429
801230,2003-07-08,873.25,860.65,880.05,855.82,0.30154207,2.4212809901
801230,2003-07-09,869.7,871.59,882.19,860.39,0.28526777,2.3067741096
801230,2003-07-10,882.32,865.45,888.35,857.6,0.45367115,3.8275993554000003
801230,2003-07-11,879.28,878.96,890.71,868.82,0.28805597,2.2402394205
801230,2003-07-14,874.89,876.14,886.23,864.85,0.23155289,1.9025648407
801230,2003-07-15,877.96,872.05,887.55,861.83,0.34772626,2.9067416323
801230,2003-07-16,883.67,876.84,890.41,868.33,0.29311685,2.5083326706
801230,2003-07-17,885.85,881.51,896.36,872.88,0.4070454,3.1455860501
801230,2003-07-18,878.83,898.35,911.02,871.9,0.47855163,4.1132628943
801230,2003-07-21,864.91,872.68,881.7,851.04,0.43486657,3.1895381489999997
801230,2003-07-22,868.72,866.42,882.23,853.74,0.34791997,2.6765969741999998
801230,2003-07-23,873.26,868.49,881.52,858.62,0.335644,2.6467832731
801230,2003-07-24,863.95,872.36,877.19,856.04,0.21271648,1.7072110334000001
801230,2003-07-25,855.4,860.72,874.0,843.98,0.32265852,2.2415834074000003
801230,2003-07-28,851.63,852.29,863.44,840.15,0.234445,1.6165073361000002
801230,2003-07-29,854.65,850.2,862.69,841.21,0.22367232,1.5652373358000002
801230,2003-07-30,852.86,854.43,865.23,842.2,0.2156971,1.5972076031
801230,2003-07-31,851.88,852.2,862.56,842.17,0.20770603,1.5083383382
801230,2003-08-01,857.88,849.61,862.84,835.87,0.25330151,1.7246319775999999
801230,2003-08-04,869.67,853.34,874.26,843.42,0.41440341,2.8271959843
801230,2003-08-05,874.4,868.15,883.36,858.92,0.50151634,3.4288781365
801230,2003-08-06,873.77,873.76,887.11,862.39,0.45675118,3.3936822095999997
801230,2003-08-07,874.59,870.83,886.11,863.36,0.34534187,2.537578398
801230,2003-08-08,871.18,873.16,887.2,858.68,0.51801398,3.9743128391000004
801230,2003-08-11,873.27,868.88,880.03,857.69,0.25379864,1.9585688887000001
801230,2003-08-12,876.1,873.14,885.72,866.01,0.2660675,2.1394509432
801230,2003-08-13,864.58,873.72,883.19,857.3,0.29931263,2.3502905386
801230,2003-08-14,862.7,862.21,880.44,852.21,0.32248511,2.4557551996
801230,2003-08-15,861.63,858.9,872.2,850.46,0.21809009,1.7135239908000002
801230,2003-08-18,856.66,862.37,869.36,848.23,0.19339737,1.5152648435
801230,2003-08-19,861.11,855.48,868.41,848.99,0.16169041,1.2483982634
801230,2003-08-20,859.36,858.48,867.53,841.88,0.21372745,1.6278534052000002
801230,2003-08-21,857.72,854.22,865.76,844.18,0.16800731,1.2278834460999999
801230,2003-08-22,858.83,854.33,868.39,848.01,0.26850207,2.0180876091
801230,2003-08-25,848.23,853.35,863.12,835.4,0.31782339,2.5471333636
801230,2003-08-26,857.16,843.91,864.9,836.79,0.41539773,3.2790160764999996
801230,2003-08-27,854.05,856.55,866.89,844.01,0.30729335,2.5321775011
801230,2003-08-28,842.23,850.16,860.56,835.64,0.27688323,2.2063022656
801230,2003-08-29,849.8,837.23,856.06,825.64,0.34268362,2.5421714166
801230,2003-09-01,864.61,849.07,870.21,840.87,0.4387341,3.5865379497000003
801230,2003-09-02,861.41,863.28,876.64,850.05,0.38068649,3.0589994221
801230,2003-09-03,872.42,856.47,881.21,847.57,0.57474187,4.4238318037
801230,2003-09-04,873.71,869.75,888.91,861.89,0.53477978,4.0686694382
801230,2003-09-05,868.63,869.22,883.38,851.36,0.60052138,4.4551296909
801230,2003-09-08,865.2,868.17,881.26,850.92,0.54010791,4.0218935887
801230,2003-09-09,865.07,862.52,877.17,851.07,0.46268128,3.5096754425
801230,2003-09-10,863.82,864.61,875.76,853.94,0.45458062,3.6074843208
801230,2003-09-11,860.16,862.45,874.15,851.36,0.42267772,3.2544510095
801230,2003-09-12,848.49,858.88,864.46,840.46,0.32163459,2.2989862953
801230,2003-09-15,838.33,845.78,857.13,829.8,0.28721506,2.1769228061000003
801230,2003-09-16,844.03,836.21,852.8,823.19,0.34496661,2.4168765743000002
801230,2003-09-17,839.1,842.3,854.6,827.9,0.32976823,2.2891760569999997
801230,2003-09-18,836.56,835.37,842.65,833.4,0.20810313,1.5943570643
801230,2003-09-19,834.87,835.93,839.58,828.57,0.26241589,1.8927029813999998
801230,2003-09-22,839.35,835.36,850.65,825.58,0.27946988,2.1418575978
801230,2003-09-23,846.88,837.46,852.55,829.84,0.28333904,2.1323813469
801230,2003-09-24,850.87,847.09,851.28,846.28,0.26247047,2.0631298273
801230,2003-09-25,840.19,848.88,850.87,839.41,0.26528726,2.1433053750999997
801230,2003-09-26,831.71,837.26,849.06,831.07,0.32201952,2.4398515909
801230,2003-09-29,816.38,828.65,837.26,815.73,0.25690165,1.9126267404
801230,2003-09-30,823.13,815.11,828.65,809.47,0.29297181,2.0567468403
801230,2003-10-08,831.47,822.39,832.3,815.1,0.25237757,1.9170639833
801230,2003-10-09,826.57,829.28,835.34,822.39,0.24021183,1.8792617045
801230,2003-10-10,847.7,824.08,847.7,823.83,0.44864092,3.3147744021
801230,2003-10-13,842.93,848.2,851.94,824.08,0.34184516,2.6194049538
801230,2003-10-14,836.11,841.65,848.2,834.43,0.2866349,2.1608608891
801230,2003-10-15,829.68,835.3,844.02,829.05,0.30412681,2.3347178188999997
801230,2003-10-16,815.17,826.67,835.3,812.83,0.25008254,1.9174560537
801230,2003-10-17,815.19,814.65,826.67,813.13,0.18248925,1.3472448883
801230,2003-10-20,807.22,812.49,815.42,803.95,0.25985994,1.8385429367
801230,2003-10-21,804.89,806.38,812.49,796.28,0.23708818,1.634593405
801230,2003-10-22,818.46,803.87,818.82,799.25,0.49396518,3.2045704010000002
801230,2003-10-23,807.61,817.9,821.97,807.23,0.36148576,2.4447442044
801230,2003-10-24,790.26,804.69,808.8,789.26,0.40012372,2.3910201778999998
801230,2003-10-27,771.56,787.39,792.78,767.91,0.34170155,2.0886050959
801230,2003-10-28,761.44,766.86,775.25,753.33,0.32916189,2.3877931241
801230,2003-10-29,746.89,762.54,765.6,733.55,0.57693396,3.7666342394
801230,2003-10-30,732.89,741.79,756.21,727.51,0.39232701,2.4128644061
801230,2003-10-31,740.54,731.58,751.04,729.14,0.41194763,2.5309013791
801230,2003-11-03,747.67,737.24,748.98,734.27,0.37008707,2.2765848043
801230,2003-11-04,757.64,748.59,765.35,745.23,0.61271516,3.6709972333
801230,2003-11-05,742.05,757.24,758.33,740.66,0.41376952,2.5145117217
801230,2003-11-06,707.05,740.12,746.4,704.6,0.46270229,2.7871177141000003
801230,2003-11-07,705.61,699.7,708.79,689.23,0.4896846,2.7935808108999995
801230,2003-11-10,702.1,700.53,704.02,689.38,0.2623376,1.5141658283000001
801230,2003-11-11,703.51,702.75,703.61,695.31,0.26653086,1.5264004364
801230,2003-11-12,690.74,700.41,703.78,690.65,0.27697983,1.573068986
801230,2003-11-13,694.8,686.2,697.39,682.14,0.34216187,1.9685710422
801230,2003-11-14,703.02,694.73,703.12,691.39,0.31399264,1.8670914436000001
801230,2003-11-17,697.94,701.93,702.48,695.9,0.23050278,1.3804114114
801230,2003-11-18,693.22,696.72,701.57,690.29,0.2522808,1.4163551523
801230,2003-11-19,711.5,692.18,713.85,691.11,0.44940205,2.5398905686
801230,2003-11-20,749.11,710.76,749.15,705.08,0.89292626,5.3765720692
801230,2003-11-21,737.96,752.76,760.4,734.38,0.97214599,6.0734331227
801230,2003-11-24,758.27,733.97,758.28,732.13,0.6600756,4.0155871011
801230,2003-11-25,767.06,759.47,777.62,755.65,0.93622576,6.0618419297
801230,2003-11-26,767.06,765.8,770.62,759.37,0.82600099,5.5212637341
801230,2003-11-27,750.06,764.79,769.9,749.45,0.69206507,4.6146536787
801230,2003-11-28,754.01,746.49,756.9,745.55,0.5218688,3.3438958507999996
801230,2003-12-01,770.77,752.18,770.93,749.14,0.7454409,4.6976838215
801230,2003-12-02,770.67,770.77,777.7,768.62,0.94147237,5.7175636222
801230,2003-12-03,765.86,768.74,769.62,758.75,0.63735256,4.0133609781
801230,2003-12-04,768.18,764.8,768.74,761.59,0.61348079,3.9576519178
801230,2003-12-05,769.88,769.37,773.45,764.67,0.45843203,2.9641921904000004
801230,2003-12-08,762.14,770.72,772.18,759.42,0.33824675,2.0464733311
801230,2003-12-09,763.04,760.47,763.45,755.32,0.32913932,1.94635377
801230,2003-12-10,773.25,763.74,773.35,761.26,0.65507815,4.0512780148
801230,2003-12-11,777.75,774.37,780.14,770.72,0.83178821,5.5719587564
801230,2003-12-12,774.75,777.08,778.48,769.04,0.46893606,3.0385991913
801230,2003-12-15,774.04,775.63,777.22,771.92,0.431466,2.8169941326999997
801230,2003-12-16,776.57,773.05,778.39,761.13,0.68281137,4.3982728235
801230,2003-12-17,768.04,773.94,779.62,767.49,0.60851456,4.0708281815
801230,2003-12-18,757.73,764.73,768.41,750.12,0.51814193,3.2402915269
801230,2003-12-19,722.35,756.04,758.52,714.94,0.78139193,4.7643650598
801230,2003-12-22,741.22,716.05,741.7,700.63,0.86900933,5.1502897329
801230,2003-12-23,738.83,740.91,741.41,730.87,0.61406186,3.7146372026
801230,2003-12-24,746.73,738.23,747.16,737.36,0.61406837,3.6814195067
801230,2003-12-25,738.11,747.93,748.47,735.61,0.44247267,2.6797883328
801230,2003-12-26,738.36,736.75,739.28,733.2,0.38620408,2.3473422218
801230,2003-12-29,736.4,738.18,742.59,733.6,0.43323657,2.6519491552
801230,2003-12-30,739.42,739.3,742.94,734.3,0.44091836,2.725286076
801230,2003-12-31,733.27,741.81,744.17,731.5,0.35271821,2.1818427238
801230,2004-01-02,738.35,732.03,739.03,730.43,0.32075301,1.9622240027000002
801230,2004-01-05,743.35,737.16,743.35,734.79,0.71844849,4.3727748161
801230,2004-01-06,744.32,743.71,746.77,736.38,0.8319982,5.1112200741
801230,2004-01-07,752.34,747.04,752.45,743.74,0.7724238,4.9200625245
801230,2004-01-08,774.21,753.98,774.38,751.92,0.90658997,6.084279069
801230,2004-01-09,772.43,778.84,787.41,769.89,1.1816352,8.132474633300001
801230,2004-01-12,783.02,772.7,783.02,771.79,0.73793209,4.8938604501
801230,2004-01-13,798.45,785.73,800.35,778.73,0.84736769,5.8064164248
801230,2004-01-14,792.02,800.37,800.54,786.51,0.6774122,4.6283332118
801230,2004-01-15,784.38,790.98,797.43,783.7,0.63496151,4.2334490522
801230,2004-01-16,793.97,785.61,796.67,782.73,0.70212942,4.6042943435
801230,2004-01-29,821.4,798.5,821.57,798.08,0.68358723,4.6359797625
801230,2004-01-30,811.35,824.33,829.29,810.49,0.91312083,6.3355948948
801230,2004-02-02,830.32,820.09,833.45,808.0,0.93010522,6.2120736096
801230,2004-02-03,840.64,830.56,841.16,823.77,0.84184692,5.938925036900001
801230,2004-02-04,860.58,843.98,860.62,841.64,1.02964841,7.3414279959
801230,2004-02-05,874.4,864.06,874.47,861.23,1.41592265,9.7429718163
801230,2004-02-06,858.3,871.64,873.2,858.08,1.09366227,7.524305760800001
801230,2004-02-09,871.48,855.91,871.59,854.74,0.90050502,6.2154615627
801230,2004-02-10,868.43,875.24,876.27,864.93,0.98643694,6.9285090378
801230,2004-02-11,870.42,870.06,871.84,859.18,0.94963411,6.639377386900001
801230,2004-02-12,880.05,871.53,882.89,871.33,1.26152254,8.7897344288
801230,2004-02-13,864.35,880.48,881.75,863.63,0.93174963,6.449498639400001
801230,2004-02-16,889.9,867.02,889.9,865.73,0.92363218,6.7790534497
801230,2004-02-17,899.33,893.48,903.0,888.61,1.33742888,10.1410100897
801230,2004-02-18,906.14,900.04,906.33,895.64,1.14657134,8.457582517899999
801230,2004-02-19,907.99,908.05,910.29,901.9,1.04150513,7.8246276143
801230,2004-02-20,913.85,909.99,914.1,902.48,0.85978123,6.3657341506
801230,2004-02-23,893.57,917.93,920.65,893.49,0.90368508,7.066544529400001
801230,2004-02-24,880.51,890.64,890.86,862.55,0.89091367,6.579657289
801230,2004-02-25,866.33,884.18,895.21,864.56,0.91567899,6.9797444031
801230,2004-02-26,854.04,863.42,865.82,847.02,0.90597236,6.6961420897
801230,2004-02-27,864.52,854.94,865.07,853.29,0.5556473,4.0699728733
801230,2004-03-01,873.14,863.53,873.3,856.35,0.59930266,4.517548201
801230,2004-03-02,873.64,873.2,878.05,868.25,0.56495099,4.0911810214
801230,2004-03-03,852.21,873.69,873.69,848.62,0.53475583,3.9504785562999998
801230,2004-03-04,858.37,849.52,860.13,841.18,0.44224481,3.1744530842
801230,2004-03-05,854.33,858.82,862.84,853.68,0.41027791,3.0187217394999997
801230,2004-03-08,834.37,852.43,854.35,832.91,0.4479467,3.1347007710000003
801230,2004-03-09,826.68,832.16,839.82,825.78,0.43055998,3.0753373898
801230,2004-03-10,844.5,827.66,844.65,826.71,0.37517821,2.6449255581
801230,2004-03-11,853.47,845.62,854.43,841.39,0.5667007,4.2437986953
801230,2004-03-12,847.48,854.5,854.5,844.92,0.41880802,3.0258444125
801230,2004-03-15,865.19,845.1,865.93,845.02,0.64885267,4.6424727214
801230,2004-03-16,873.57,867.11,873.77,865.11,0.80060323,5.6138105498
801230,2004-03-17,872.77,873.64,876.67,866.39,0.68922257,5.0023542375
801230,2004-03-18,857.77,873.02,875.24,856.52,0.67359906,4.8642787698
801230,2004-03-19,872.41,857.56,872.51,856.15,0.57176768,4.1920429666
801230,2004-03-22,879.57,872.07,879.64,867.12,0.59748787,4.5980094915
801230,2004-03-23,877.5,879.0,879.81,869.97,0.72293363,5.4534150162
801230,2004-03-24,875.97,878.01,883.42,869.68,0.64027517,4.8045710264
801230,2004-03-25,874.97,875.91,880.07,867.85,0.54279778,4.0677478776
801230,2004-03-26,875.29,875.28,878.52,869.53,0.65512491,4.8072210246
801230,2004-03-29,868.27,874.82,876.99,867.68,0.43190673,3.3491127388
801230,2004-03-30,875.98,867.94,876.02,864.85,0.58175564,4.786663925
801230,2004-03-31,889.35,877.05,889.45,867.93,0.81069382,6.5814835262999996
801230,2004-04-01,893.77,889.32,894.71,888.2,0.81901699,6.313463737899999
801230,2004-04-02,897.55,894.13,897.58,890.52,0.75767292,5.957366367300001
801230,2004-04-05,907.08,898.08,907.08,894.71,0.88618459,7.2889591792
801230,2004-04-06,914.66,908.17,914.81,901.55,0.89029803,7.1871421321
801230,2004-04-07,905.8,914.87,915.47,902.93,0.76828398,6.1704912363
801230,2004-04-08,900.42,904.81,906.67,899.16,0.64320691,5.3032222212
801230,2004-04-09,871.88,898.89,900.86,869.06,0.72375723,5.8609378614
801230,2004-04-12,876.52,867.98,878.15,863.2,0.48674633,3.8896667488
801230,2004-04-13,873.26,877.51,884.78,870.99,0.55963059,4.6704674433
801230,2004-04-14,861.07,872.98,874.19,849.38,0.62363433,5.1597193164999995
801230,2004-04-15,845.28,860.62,867.59,843.79,0.52964303,4.3190705399
801230,2004-04-16,840.86,846.18,851.71,818.28,0.6725439,4.9602714474
801230,2004-04-19,829.45,840.54,841.31,827.6,0.47469296,3.5343494702
801230,2004-04-20,821.99,827.55,831.53,816.55,0.41025073,2.9665500111000003
801230,2004-04-21,822.22,820.28,832.09,819.17,0.36257482,2.6165586894999997
801230,2004-04-22,828.5,821.68,828.87,820.43,0.28346912,2.1272629076
801230,2004-04-23,807.17,827.71,827.71,805.59,0.33441785,2.2816429729
801230,2004-04-26,802.08,804.44,812.45,797.23,0.31071092,2.1158041721000003
801230,2004-04-27,790.16,798.33,809.57,789.66,0.39957048,2.8240391977
801230,2004-04-28,796.82,788.49,800.0,786.0,0.36034562,2.5082568984
801230,2004-04-29,780.69,794.87,797.33,780.09,0.29255621,2.0346994713999997
801230,2004-04-30,780.88,782.02,786.98,771.14,0.25780543,1.7631013565
801230,2004-05-10,766.46,783.46,785.3,764.25,0.23311727,1.4748534228999999
801230,2004-05-11,772.26,765.24,773.95,761.01,0.20905167,1.3607435978
801230,2004-05-12,788.82,772.01,789.26,768.44,0.36215629,2.5822881429
801230,2004-05-13,781.92,789.34,790.34,777.94,0.23088591,1.5476716038
801230,2004-05-14,765.67,781.43,785.63,763.45,0.22208242,1.4481590341
801230,2004-05-17,759.4,763.13,770.61,756.98,0.24876809,1.5203604936000001
801230,2004-05-18,775.64,760.09,775.89,757.59,0.23361635,1.5637531758
801230,2004-05-19,775.57,777.51,782.88,770.64,0.3557351,2.3409202823
801230,2004-05-20,768.93,776.14,777.89,764.7,0.27892711,1.8644739955
801230,2004-05-21,770.86,767.27,771.53,760.93,0.20875507,1.4410803195
801230,2004-05-24,764.62,771.84,772.65,764.21,0.26447522,1.6792850217
801230,2004-05-25,744.95,765.3,768.5,743.63,0.2359921,1.5903985987
801230,2004-05-26,746.88,741.03,750.4,739.33,0.2521823,1.6037065131000001
801230,2004-05-27,762.46,747.53,763.05,742.45,0.28694238,2.0738217167
801230,2004-05-28,755.18,762.63,763.65,753.87,0.23409681,1.4300595601
801230,2004-05-31,755.59,756.65,761.0,750.62,0.17320268,1.1838980446
801230,2004-06-01,768.54,756.94,768.79,756.05,0.30240069,2.0646931503
801230,2004-06-02,767.32,768.91,769.42,762.02,0.39063724,2.7039318818
801230,2004-06-03,752.2,768.18,768.78,751.24,0.39873974,2.6250743742
801230,2004-06-04,751.9,749.41,756.43,747.72,0.28964896,1.9919709937999999
801230,2004-06-07,734.61,749.14,750.8,731.17,0.29431025,2.1772508658
801230,2004-06-08,726.13,732.72,738.89,723.76,0.2304633,1.6215469411
801230,2004-06-09,702.27,723.64,728.2,699.54,0.33520677,2.2069732644999998
801230,2004-06-10,698.55,698.97,713.14,694.79,0.2946347,1.7217898141999999
801230,2004-06-11,701.47,699.96,715.9,698.47,0.28788442,1.680261575
801230,2004-06-14,681.8,702.42,703.34,677.92,0.33816379,2.2692542581
801230,2004-06-15,697.45,681.44,698.98,679.11,0.29886124,1.6621167648
801230,2004-06-16,701.87,696.67,709.7,689.34,0.3159841,1.7809947218000002
801230,2004-06-17,687.57,699.98,702.29,686.99,0.30019521,1.6449911769
801230,2004-06-18,683.62,686.67,692.3,677.62,0.26177686,1.4710469609999999
801230,2004-06-21,696.58,685.97,696.62,683.69,0.28735865,1.7661751074
801230,2004-06-22,702.46,697.59,706.16,693.84,0.34074258,2.0355463771
801230,2004-06-23,696.44,701.68,703.98,688.76,0.27838244,1.5974899949
801230,2004-06-24,689.48,695.22,699.08,688.96,0.24643428,1.4205300412000001
801230,2004-06-25,675.57,688.7,692.64,673.25,0.26400327,1.509013769
801230,2004-06-28,663.71,674.41,683.07,658.31,0.20579434,1.1279523351
801230,2004-06-29,669.27,664.18,670.14,654.77,0.23874836,1.3324469451
801230,2004-06-30,660.65,668.98,670.12,657.89,0.16739491,0.9198067029000001
801230,2004-07-01,681.93,659.04,681.95,659.04,0.32640819,1.7827396841999998
801230,2004-07-02,681.17,681.27,683.83,674.54,0.23035363,1.2731481468999999
801230,2004-07-05,683.34,681.36,683.53,677.42,0.23234213,1.3399945395000001
801230,2004-07-06,687.09,683.35,692.75,681.8,0.30384322,1.6659641607
801230,2004-07-07,679.12,684.9,686.55,676.8,0.23113289,1.3149381293
801230,2004-07-08,682.98,679.92,683.18,676.43,0.21200884,1.2887774403
801230,2004-07-09,673.93,681.91,684.94,673.49,0.22985686,1.346123485
801230,2004-07-12,651.91,670.71,675.77,651.53,0.28822931,1.6533431106
801230,2004-07-13,652.72,650.06,661.81,648.64,0.22688357,1.2146988658
801230,2004-07-14,648.71,655.61,656.56,637.47,0.33948093,1.7648235763999998
801230,2004-07-15,654.48,649.66,655.88,646.09,0.25492225,1.3363256612999999
801230,2004-07-16,671.64,655.51,673.12,654.03,0.41516367,2.339379304
801230,2004-07-19,672.52,672.98,676.32,668.16,0.30658689,1.7378484467
801230,2004-07-20,670.35,672.38,673.59,665.31,0.34364527,1.8893182621
801230,2004-07-21,669.92,667.93,671.61,664.51,0.23269261,1.3113370895999998
801230,2004-07-22,656.73,669.92,671.11,654.21,0.31979387,1.761428695
801230,2004-07-23,661.43,654.0,662.14,647.9,0.25407608,1.3988399584
801230,2004-07-26,655.97,659.22,662.6,651.33,0.31296189,1.9361131205000002
801230,2004-07-27,651.96,655.96,660.11,646.88,0.31539056,1.6803297325
801230,2004-07-28,653.65,652.08,656.48,644.54,0.22280197,1.207400246
801230,2004-07-29,667.23,655.34,667.23,652.58,0.29763275,1.7119487040999999
801230,2004-07-30,657.38,667.65,668.81,657.32,0.37043332,1.875460736
801230,2004-08-02,649.9,653.59,658.98,648.69,0.21035159,1.1292893582999999
801230,2004-08-03,647.01,647.53,651.89,644.68,0.2229326,1.2744093417
801230,2004-08-04,663.64,645.24,667.26,644.55,0.34525807,1.8970367612
801230,2004-08-05,656.05,663.68,665.97,655.07,0.23515706,1.3929304596
801230,2004-08-06,651.67,655.02,661.08,648.43,0.25269374,1.4690544119
801230,2004-08-09,648.84,652.88,653.85,646.35,0.17395881,0.9120130417
801230,2004-08-10,653.65,649.99,654.84,648.01,0.21172958,1.1938507625
801230,2004-08-11,644.5,654.34,654.49,644.12,0.19020723,1.0598643828
801230,2004-08-12,630.59,640.62,646.59,626.95,0.2316202,1.289047113
801230,2004-08-13,631.38,630.23,636.78,628.75,0.16584186,0.8955419204999999
801230,2004-08-16,616.45,630.28,639.7,615.59,0.21620456,1.1458248957
801230,2004-08-17,615.38,616.24,620.59,609.93,0.18754971,0.8942680913
801230,2004-08-18,610.83,615.09,617.65,610.83,0.15810882,0.8452369216
801230,2004-08-19,594.8,609.84,611.46,590.01,0.25844866,1.3036678047
801230,2004-08-20,595.29,594.32,601.76,585.29,0.20796795,0.9910670254999999
801230,2004-08-23,590.73,594.12,595.07,588.3,0.14070318,0.6923431275
801230,2004-08-24,603.84,590.63,607.54,589.69,0.22269401,1.0429912865000002
801230,2004-08-25,603.3,603.48,607.74,595.32,0.19552526,0.967632845
801230,2004-08-26,596.94,601.12,603.68,595.78,0.15637197,0.7206923315
801230,2004-08-27,591.66,596.04,601.43,584.95,0.20374346,0.9905701853
801230,2004-08-30,590.11,588.49,591.86,584.08,0.13102517,0.6473372757
801230,2004-08-31,603.84,601.46,608.19,598.27,0.32703896,1.5394649934
801230,2004-09-01,592.83,602.6,603.72,591.38,0.19258591,0.9167979027
801230,2004-09-02,601.99,590.17,602.01,587.06,0.21911141,0.9842311243
801230,2004-09-03,604.47,603.34,606.62,599.84,0.33447298,1.4396599785
801230,2004-09-06,603.92,604.08,605.76,600.07,0.20391871,1.0113265402
801230,2004-09-07,604.46,604.28,606.3,599.23,0.18177848,0.8171152344
801230,2004-09-08,601.03,603.82,604.24,598.34,0.19337224,0.9593369226999999
801230,2004-09-09,589.69,600.71,604.23,589.05,0.28191809,1.3819829615
801230,2004-09-10,588.36,586.79,589.88,580.43,0.21247875,0.968080906
801230,2004-09-13,572.82,586.76,588.21,572.41,0.20741167,0.9569391251999999
801230,2004-09-14,592.82,579.21,593.14,575.92,0.32787229,1.6647836706
801230,2004-09-15,620.59,592.9,627.38,589.67,1.00164798,5.9417049409
801230,2004-09-16,632.38,624.29,634.15,622.78,1.01418108,5.8012883511
801230,2004-09-17,652.52,633.68,652.9,629.75,0.996785,5.3160600351
801230,2004-09-20,684.24,657.93,684.34,655.51,1.26517618,6.9682677364
801230,2004-09-21,680.92,685.76,692.51,669.88,1.12485829,6.3412578208
801230,2004-09-22,661.44,678.8,680.81,659.77,0.83129162,4.609889445199999
801230,2004-09-23,683.23,658.09,683.23,654.79,0.60449077,3.4255569585
801230,2004-09-24,661.74,686.48,694.73,661.74,1.0125241,6.0790829352
801230,2004-09-27,646.8,662.31,674.32,644.25,0.46265364,2.5583180409
801230,2004-09-28,651.02,649.26,652.91,642.67,0.31093642,1.6933041958000001
801230,2004-09-29,639.22,653.05,653.05,638.77,0.2726253,1.4754223916
801230,2004-09-30,624.57,638.39,644.0,623.14,0.29434853,1.524085659
801230,2004-10-08,640.87,623.19,641.33,615.58,0.242795,1.3913121454
801230,2004-10-11,645.99,640.89,658.65,635.7,0.6177701,3.6849031899
801230,2004-10-12,634.08,643.71,645.09,632.5,0.37583501,2.0889053333
801230,2004-10-13,642.02,633.09,642.02,628.72,0.39679955,1.9984460969
801230,2004-10-14,609.9,641.39,642.49,608.81,0.59865237,2.9900033099
801230,2004-10-15,607.41,606.35,614.6,598.63,0.54637631,2.7914610075999997
801230,2004-10-18,613.36,608.09,615.14,604.08,0.41827036,2.1129047515
801230,2004-10-19,609.38,615.31,623.51,606.74,0.39307605,1.9561799086000002
801230,2004-10-20,598.21,607.41,610.35,590.18,0.42499845,1.8239342877000002
801230,2004-10-21,584.82,598.02,604.25,582.75,0.45733016,2.2459250425
801230,2004-10-22,584.12,581.68,585.51,565.55,0.5270641,2.3904707262000002
801230,2004-10-25,579.05,587.7,595.61,577.36,0.46765905,2.2493323778
801230,2004-10-26,588.92,577.96,589.0,567.55,0.54051808,2.4310664065000003
801230,2004-10-27,604.06,587.69,604.08,586.1,0.6943256,3.1596445732
801230,2004-10-28,600.97,607.09,609.45,598.97,0.68751128,3.200013756
801230,2004-10-29,588.36,585.05,597.89,579.09,0.45823922,2.0799667728
801230,2004-11-01,576.98,587.88,592.83,576.01,0.39572185,1.7096061123
801230,2004-11-02,577.79,573.82,578.79,572.52,0.32365203,1.5930192126
801230,2004-11-03,590.04,580.47,590.04,577.01,0.33518267,1.5986705158
801230,2004-11-04,574.55,590.77,591.47,573.08,0.32836493,1.5903774325
801230,2004-11-05,574.74,578.44,581.73,571.09,0.2243123,1.0349577147
801230,2004-11-08,574.98,574.2,577.18,570.38,0.221531,0.9630321671
801230,2004-11-09,578.73,576.42,580.25,574.2,0.26477017,1.3310019711
801230,2004-11-10,602.95,581.17,603.01,576.35,0.60783412,2.9064547633999998
801230,2004-11-11,600.3,604.32,618.56,600.14,0.80485678,3.964543431
801230,2004-11-12,604.89,599.95,607.58,598.58,0.52362641,2.4732077501
801230,2004-11-15,614.68,608.35,614.68,607.28,0.38104618,2.0201743868
801230,2004-11-16,616.13,617.88,619.4,608.92,0.38713056,2.0181458204
801230,2004-11-17,609.19,614.53,616.93,604.68,0.38041849,1.8646367894
801230,2004-11-18,619.47,607.4,619.48,607.07,0.44791545,2.2124314485
801230,2004-11-19,627.28,621.23,628.24,619.01,0.52440318,2.7082019957999997
801230,2004-11-22,635.78,629.2,638.58,628.42,0.64995715,3.4966168416000003
801230,2004-11-23,638.0,636.89,639.51,628.51,0.72412607,3.9064863672000003
801230,2004-11-24,624.3,637.74,638.37,624.3,0.64145017,3.3198246976999997
801230,2004-11-25,622.2,623.43,627.46,616.42,0.55441945,3.0365720370999996
801230,2004-11-26,629.49,620.66,630.82,620.66,0.57257852,3.1594861542
801230,2004-11-29,619.7,630.93,631.59,618.47,0.56987097,2.9573749888
801230,2004-11-30,623.31,618.08,623.32,617.45,0.43035905,2.1891048228
801230,2004-12-01,621.77,624.71,625.18,616.83,0.42583581,2.0844359946
801230,2004-12-02,630.76,619.47,630.76,618.76,0.68251237,3.3234241253
801230,2004-12-03,634.95,631.93,638.28,629.75,0.6483033,3.1897991743
801230,2004-12-06,634.43,634.9,637.35,629.81,0.57423679,2.569891647
801230,2004-12-07,619.18,634.0,634.15,618.96,0.48254733,2.0902146389
801230,2004-12-08,621.16,622.38,627.18,618.13,0.40088328,1.6244723181
801230,2004-12-09,620.94,621.75,624.38,616.76,0.48074694,1.8889263078
801230,2004-12-10,602.36,619.4,620.57,601.44,0.38156626,1.7223084109
801230,2004-12-13,596.34,599.09,601.93,593.47,0.29055063,1.0974286209
801230,2004-12-14,590.94,595.17,596.32,589.33,0.2761633,1.2951561922
801230,2004-12-15,589.98,590.93,593.76,580.2,0.33370063,1.4782332580000002
801230,2004-12-16,584.36,590.01,591.63,583.64,0.28579119,1.1979434877
801230,2004-12-17,577.27,581.61,583.56,576.36,0.27209109,0.9695259981000001
801230,2004-12-20,570.73,573.04,574.93,568.88,0.28156314,1.0989773414
801230,2004-12-21,573.51,569.87,576.56,568.86,0.2113925,0.7633095394
801230,2004-12-22,592.63,574.47,592.78,570.72,0.30705826,1.3128509863
801230,2004-12-23,576.09,594.0,594.06,575.56,0.23439582,0.9889647468
801230,2004-12-24,579.65,576.11,587.78,574.61,0.15072643,0.5938912984
801230,2004-12-27,578.1,579.96,581.57,576.17,0.14362787,0.5855093215
801230,2004-12-28,575.31,576.78,579.02,571.97,0.20855337,0.8977944179999999
801230,2004-12-29,571.74,574.97,580.45,570.95,0.26748521,1.2164116848
801230,2004-12-30,566.75,572.0,572.39,564.14,0.24786444,1.0600533323
801230,2004-12-31,557.98,567.63,570.91,557.43,0.25700498,1.0996896174
801230,2005-01-04,553.72,556.67,561.54,551.63,0.19058387,0.7861705973
801230,2005-01-05,565.54,554.81,569.18,552.98,0.23076482,1.0573223106999998
801230,2005-01-06,562.51,564.96,565.51,559.26,0.21916203,0.8695980311
801230,2005-01-07,565.81,561.55,571.01,560.54,0.21284889,0.8664847384000001
801230,2005-01-10,571.39,565.55,571.39,562.75,0.19915946,0.6642762343
801230,2005-01-11,573.21,571.66,573.87,568.09,0.20586669,0.8321645676999999
801230,2005-01-12,573.5,573.68,574.95,567.98,0.27519121,1.3005457529
801230,2005-01-13,576.32,572.83,577.27,570.53,0.30460352,1.3953632941
801230,2005-01-14,569.63,576.08,580.21,568.09,0.30625754,1.3193698285
801230,2005-01-17,560.06,565.31,568.76,558.52,0.39761912,1.8692754495
801230,2005-01-18,573.94,559.64,573.94,559.56,0.5103007,2.3993225724
801230,2005-01-19,570.24,573.18,575.22,568.04,0.34876252,1.6179745912999999
801230,2005-01-20,567.69,566.37,568.07,559.57,0.42866674,2.1162197153999998
801230,2005-01-21,576.66,566.72,577.66,553.32,0.58912331,2.7793652635000003
801230,2005-01-24,588.87,588.84,592.83,582.54,0.66818531,3.3991032882
801230,2005-01-25,586.07,586.74,587.93,579.04,0.46937661,2.0984620433
801230,2005-01-26,578.04,583.93,588.09,576.31,0.41733591,1.9523572322
801230,2005-01-27,567.75,574.95,579.9,566.35,0.47610912,2.1188503812
801230,2005-01-28,558.4,565.16,570.01,556.78,0.35280142,1.5896109905000002
801230,2005-01-31,537.49,555.21,558.28,536.48,0.37274589,1.6337779315
801230,2005-02-01,524.2,534.4,540.36,523.2,0.32926145,1.2894834526
801230,2005-02-02,555.88,526.44,555.88,524.0,0.47782437,2.1482785423
801230,2005-02-03,546.46,555.92,560.73,531.9,0.53276074,2.4273787362
801230,2005-02-04,557.19,547.79,560.1,546.08,0.4045754,1.8760376498
801230,2005-02-16,563.02,561.58,567.84,557.57,0.32866303,1.4809389144999998
801230,2005-02-17,568.01,561.37,568.11,558.52,0.33037301,1.4829144603
801230,2005-02-18,559.36,568.28,569.17,559.21,0.32466891,1.3749094491
801230,2005-02-21,569.91,559.16,570.03,558.33,0.48074196,1.8629329972
801230,2005-02-22,583.19,570.96,584.65,569.17,0.78402313,3.7700831442
801230,2005-02-23,591.0,583.79,592.58,579.9,0.87236235,4.437031971000001
801230,2005-02-24,597.67,591.36,599.15,589.2,0.95883137,4.629911857
801230,2005-02-25,595.02,598.89,604.14,594.97,0.80704316,3.8614879431999998
801230,2005-02-28,593.28,595.14,597.52,588.41,0.58989336,2.8793244577999997
801230,2005-03-01,591.87,592.74,595.82,588.1,0.47816717,2.3396954626
801230,2005-03-02,584.24,592.49,596.26,583.75,0.61732443,3.0076044673
801230,2005-03-03,589.1,582.12,590.06,578.03,0.5101996,2.4409705371
801230,2005-03-04,581.82,588.74,588.96,580.25,0.45530084,1.9705311622
801230,2005-03-07,581.98,581.36,584.29,578.57,0.30274346,1.4789074379
801230,2005-03-08,593.88,583.06,593.88,581.64,0.49273586,2.5030319406
801230,2005-03-09,594.25,595.01,595.89,590.16,0.59667002,3.0914233305
801230,2005-03-10,576.83,594.4,594.4,575.88,0.48554389,2.3865322786000003
801230,2005-03-11,577.39,575.43,580.06,573.43,0.4266526,1.9709236891
801230,2005-03-14,569.28,576.77,577.13,563.52,0.51266709,2.3227764299
801230,2005-03-15,563.47,569.57,570.59,561.53,0.43401804,2.0241182743
801230,2005-03-16,559.53,562.0,565.13,556.64,0.34525415,1.542947676
801230,2005-03-17,552.45,560.25,561.66,552.24,0.33535251,1.5060429175
801230,2005-03-18,540.72,552.64,555.42,538.42,0.38412517,1.7590321836000002
801230,2005-03-21,541.58,539.1,543.05,536.27,0.23018299,1.0149047181
801230,2005-03-22,522.19,542.33,542.8,519.85,0.35421,1.4654151743000001
801230,2005-03-23,520.29,519.58,529.75,515.8,0.3402029,1.4761080752000002
801230,2005-03-24,527.67,520.22,527.67,517.72,0.26647115,1.1559837901
801230,2005-03-25,526.11,527.26,528.41,523.2,0.26262876,1.2299991278
801230,2005-03-28,518.54,523.95,526.6,508.71,0.28843696,1.2958744877
801230,2005-03-29,516.56,518.1,522.15,515.73,0.23705665,0.9930930739
801230,2005-03-30,499.98,514.46,516.2,498.78,0.29774469,1.2618807407
801230,2005-03-31,503.38,496.6,503.4,493.02,0.28029599,1.0933399995
801230,2005-04-01,519.34,502.39,523.83,495.63,0.45994737,1.8177369958
801230,2005-04-04,508.65,513.06,514.86,506.39,0.32954809,1.39421081
801230,2005-04-05,507.23,508.98,512.13,504.87,0.33729175,1.2749521136
801230,2005-04-06,515.85,507.58,518.7,503.63,0.45616886,1.8884534066999998
801230,2005-04-07,526.27,516.97,532.47,514.29,0.59934704,2.5928911261
801230,2005-04-08,540.43,527.82,540.46,524.09,0.54171048,2.3879361881
801230,2005-04-11,543.84,541.94,549.1,538.22,0.63282813,2.9527569763
801230,2005-04-12,523.8,541.94,542.88,523.8,0.43379965,1.8491173368
801230,2005-04-13,538.47,527.67,540.48,527.05,0.55813933,2.3752409978999998
801230,2005-04-14,526.23,539.71,541.03,524.43,0.50194203,2.2103992932
801230,2005-04-15,513.1,522.9,526.94,511.68,0.45861645,1.8685718816999999
801230,2005-04-18,503.49,511.68,515.35,500.63,0.31480428,1.4211780461
801230,2005-04-19,507.42,501.97,507.68,501.09,0.29774815,1.2338843731
801230,2005-04-20,492.47,506.42,507.06,490.7,0.32444723,1.3780774155000002
801230,2005-04-21,479.69,489.2,493.32,478.83,0.41263317,1.7629241042
801230,2005-04-22,473.39,478.93,483.09,466.73,0.42915201,1.7123878818
801230,2005-04-25,464.97,468.0,474.95,453.29,0.39103269,1.4722297591999998
801230,2005-04-26,475.89,463.27,478.2,460.84,0.46152717,1.7523085827
801230,2005-04-27,468.69,479.31,479.55,467.44,0.52908381,2.0601277243
801230,2005-04-28,480.9,468.89,484.25,462.71,0.61293015,2.4061119450999997
801230,2005-04-29,473.03,479.23,480.95,471.19,0.43937045,1.6928874680000001
801230,2005-05-09,455.33,471.94,475.21,455.33,0.31086497,1.214863619
801230,2005-05-10,456.58,450.92,456.71,439.85,0.32500919,1.2230837745999998
801230,2005-05-11,455.92,454.1,458.87,451.39,0.35271713,1.3411952196999999
801230,2005-05-12,453.22,454.15,459.2,449.11,0.29547308,1.1886416986
801230,2005-05-13,458.36,451.65,460.88,448.66,0.3971571,1.4122537341999999
801230,2005-05-16,452.71,456.82,456.82,449.27,0.27141295,1.0138886877
801230,2005-05-17,455.16,453.46,458.11,449.88,0.32400703,1.1410632157
801230,2005-05-18,462.09,455.06,462.1,452.56,0.31015582,1.1294394881
801230,2005-05-19,462.91,461.82,463.87,457.2,0.35332123,1.2819109651
801230,2005-05-20,458.97,461.29,465.57,457.74,0.3550816,1.2557454504
801230,2005-05-23,446.48,455.52,457.09,445.77,0.2901809,1.0989551782
801230,2005-05-24,457.8,443.78,459.09,443.18,0.3554741,1.2096127190000001
801230,2005-05-25,459.71,455.44,464.58,453.46,0.36629345,1.3315039597
801230,2005-05-26,456.87,459.63,463.52,455.18,0.28051063,1.0840626813
801230,2005-05-27,454.69,455.41,461.87,453.61,0.41379922,1.3557351977
801230,2005-05-30,459.07,452.26,460.25,451.2,0.24858782,0.8905184698999999
801230,2005-05-31,459.27,459.98,461.34,456.69,0.26683547,0.9675345745
801230,2005-06-01,443.8,457.82,458.64,442.04,0.3560863,1.2557607141
801230,2005-06-02,436.46,442.22,448.69,432.97,0.32604225,1.1374174065
801230,2005-06-03,434.79,435.12,440.27,430.34,0.29716746,1.0337397402
801230,2005-06-06,439.53,432.97,439.53,422.5,0.32323974,1.1735397156
801230,2005-06-07,443.23,441.41,449.05,438.32,0.53289922,2.0167520238
801230,2005-06-08,475.95,442.21,479.15,442.21,0.98009988,3.7206408210000004
801230,2005-06-09,481.71,476.99,488.63,471.25,0.97392127,3.8080819583
801230,2005-06-10,473.74,482.58,482.87,470.4,0.76371933,2.9714299455
801230,2005-06-13,474.17,472.83,475.75,465.58,0.4689872,1.8243234825
801230,2005-06-14,464.26,476.56,479.01,463.71,0.52693574,2.0021187189
801230,2005-06-15,448.8,462.09,464.32,447.91,0.43936299,1.7631008942
801230,2005-06-16,452.85,448.22,455.27,443.86,0.34846641,1.3670745351
801230,2005-06-17,449.0,454.45,456.29,447.9,0.3553235,1.3274445062
801230,2005-06-20,458.57,447.66,458.69,438.23,0.40483523,1.5877526449000001
801230,2005-06-21,451.56,458.43,458.76,450.13,0.28579769,1.1270536514
801230,2005-06-22,454.71,450.68,456.98,447.82,0.26574881,1.0059199643
801230,2005-06-23,449.41,453.87,455.87,449.22,0.31619935,1.1606751746
801230,2005-06-24,453.54,447.84,453.54,446.0,0.35241628,1.236726495
801230,2005-06-27,465.21,456.38,467.51,454.99,0.67109665,2.549672389
801230,2005-06-28,457.57,463.02,463.88,456.33,0.43244061,1.6033416507
801230,2005-06-29,456.7,458.48,460.69,456.37,0.28393605,1.0767359318
801230,2005-06-30,440.63,454.68,455.1,440.27,0.31710564,1.1965068642
801230,2005-07-01,419.32,439.36,446.4,418.72,0.54276211,1.9581406636
801230,2005-07-04,411.4,416.29,421.37,400.24,0.42227415,1.4694708459
801230,2005-07-05,407.5,409.12,416.22,404.54,0.29845328,1.0776538592
801230,2005-07-06,406.27,408.93,412.08,403.35,0.24765468,0.859367071
801230,2005-07-07,407.92,405.07,410.34,402.32,0.27944253,1.0314900618
801230,2005-07-08,388.36,405.96,406.98,388.08,0.32478985,1.1052864474
801230,2005-07-11,384.39,391.64,400.87,383.05,0.33565142,1.1156025132
801230,2005-07-12,398.85,384.37,399.53,381.9,0.40118385,1.3188818043000001
801230,2005-07-13,395.05,397.47,400.41,393.39,0.37981341,1.3280800177
801230,2005-07-14,394.56,392.91,398.98,392.0,0.28523219,0.9641133583
801230,2005-07-15,384.21,394.08,397.18,382.51,0.31651808,1.0117932644
801230,2005-07-18,376.36,384.6,389.57,375.32,0.39896867,1.1772182654999999
801230,2005-07-19,378.06,375.82,379.89,371.64,0.30745019,0.8932828939
801230,2005-07-20,379.75,377.87,382.71,374.44,0.27174237,0.7976460777
801230,2005-07-21,375.13,379.43,379.92,367.99,0.34711965,1.0891505861
801230,2005-07-22,388.23,377.18,392.91,376.48,0.62698554,2.020836208
801230,2005-07-25,390.28,387.22,390.69,385.27,0.41680329,1.2921661671
801230,2005-07-26,400.54,389.16,400.54,388.35,0.63614554,2.0430213287
801230,2005-07-27,409.11,400.84,409.14,398.09,0.75185982,2.497470345
801230,2005-07-28,409.73,407.93,411.15,404.0,0.71677278,2.3769236647
801230,2005-07-29,408.97,407.69,409.88,405.08,0.65695974,2.0091765108
801230,2005-08-01,410.97,407.92,412.24,406.41,0.46464174,1.4264263346000001
801230,2005-08-02,417.98,410.52,417.98,407.62,0.46307407,1.4936969258000001
801230,2005-08-03,421.99,418.68,429.21,418.47,0.88967437,2.9744747556
801230,2005-08-04,416.1,419.93,420.75,414.32,0.45830969,1.4888024441
801230,2005-08-05,424.9,416.53,426.04,416.25,0.78941675,2.6699630516
801230,2005-08-08,430.43,427.26,434.39,424.39,0.96433892,3.3978332002999996
801230,2005-08-09,441.02,430.98,441.11,428.92,0.89034713,3.1513367837
801230,2005-08-10,447.62,441.35,447.7,438.57,1.07726663,4.2185668737
801230,2005-08-11,451.03,446.7,451.44,443.61,1.02219646,4.0193744929
801230,2005-08-12,442.16,450.87,458.28,438.91,1.07407144,4.1320723251
801230,2005-08-15,453.81,441.06,453.99,440.38,0.75829295,3.0017768627
801230,2005-08-16,454.49,454.31,457.74,448.91,0.95849254,3.7593270020999996
801230,2005-08-17,463.92,451.83,464.06,443.88,1.31577481,4.7376250433
801230,2005-08-18,448.41,464.7,475.81,447.24,1.96797653,6.8328414612
801230,2005-08-19,453.21,445.85,455.99,440.11,1.2800824,4.5158793366
801230,2005-08-22,456.46,452.24,457.68,446.79,0.93223414,3.1036989455
801230,2005-08-23,446.2,455.38,456.3,442.15,0.80003193,2.756116786
801230,2005-08-24,454.34,446.3,454.74,445.53,0.75867196,2.572780373
801230,2005-08-25,461.63,454.57,461.64,452.93,0.99531069,3.4881925256999997
801230,2005-08-26,465.49,462.2,467.3,457.41,1.07546075,4.000523525
801230,2005-08-29,461.82,466.69,468.64,458.64,0.90004527,3.3682268463
801230,2005-08-30,459.89,461.56,464.37,459.58,0.89015546,3.3282924869999997
801230,2005-08-31,471.36,461.82,472.08,455.58,1.13966135,4.5240567798
801230,2005-09-01,480.61,471.74,481.33,469.45,1.43146811,5.8795109949
801230,2005-09-02,484.61,480.75,485.14,477.13,1.06148308,4.2788543147
801230,2005-09-05,494.29,488.44,494.35,486.59,1.09900493,4.3862043617
801230,2005-09-06,480.41,496.23,498.74,478.73,1.29048597,5.6062330789
801230,2005-09-07,493.79,479.38,493.79,477.28,1.00215637,4.2867418702
801230,2005-09-08,492.46,495.18,496.62,485.46,0.96850656,3.7963527770999996
801230,2005-09-09,487.44,492.79,495.81,483.87,0.72566468,3.0480049051
801230,2005-09-12,488.17,488.31,490.42,482.84,0.45769199,1.9250548484
801230,2005-09-13,499.46,488.65,499.56,486.67,0.79907025,3.6970035258
801230,2005-09-14,504.87,500.57,504.87,495.55,1.23623182,5.2530086573000006
801230,2005-09-15,507.79,504.68,509.3,501.11,1.19659053,5.0055676416
801230,2005-09-16,506.78,507.75,508.06,503.09,0.91864577,3.6689291745999997
801230,2005-09-19,515.67,507.79,516.82,507.15,1.00553385,4.2154478079
801230,2005-09-20,514.88,516.77,518.49,508.72,1.35484924,5.680830976
801230,2005-09-21,505.21,514.58,514.58,505.03,1.17768246,4.6112072006
801230,2005-09-22,483.31,504.02,506.19,474.17,0.97845521,3.8054195914999998
801230,2005-09-23,475.71,482.79,487.81,475.28,0.69068012,2.7316983302999995
801230,2005-09-26,478.74,474.63,478.74,470.07,0.54981479,2.1869063998
801230,2005-09-27,466.53,479.9,481.32,466.44,0.68902394,2.8604622145999996
801230,2005-09-28,462.98,466.84,469.72,460.67,0.57403221,2.3435989926
801230,2005-09-29,471.74,463.74,472.05,463.09,0.63918326,2.5412459424000002
801230,2005-09-30,469.18,471.74,472.24,467.82,0.43105348,1.8639073388999998
801230,2005-10-10,458.0,469.17,469.66,457.64,0.40454147,1.6397422021
801230,2005-10-11,467.4,457.12,467.73,452.94,0.43960578,1.7860127744
801230,2005-10-12,470.14,467.67,471.7,462.32,0.54270492,2.1880742341999997
801230,2005-10-13,464.38,470.1,470.85,463.86,0.45512351,1.7748758762
801230,2005-10-14,458.93,463.86,467.32,457.77,0.45019791,1.7584688365999999
801230,2005-10-17,456.54,457.3,458.53,452.05,0.37941624,1.4624633861
801230,2005-10-18,464.63,455.69,464.71,452.5,0.49756892,1.9996191868000002
801230,2005-10-19,463.76,465.63,471.37,463.23,0.58787909,2.3341639678
801230,2005-10-20,460.89,462.46,464.91,452.61,0.39279335,1.5016487828999998
801230,2005-10-21,466.7,460.56,468.36,459.81,0.5398039,2.1417763317
801230,2005-10-24,467.83,468.53,469.8,464.01,0.48473154,1.9507161058000002
801230,2005-10-25,457.14,466.91,467.22,456.68,0.44296397,1.7772560704
801230,2005-10-26,443.27,456.36,458.36,442.31,0.50680152,1.8240655344
801230,2005-10-27,435.63,439.89,445.06,432.88,0.43726623,1.5297436435
801230,2005-10-28,422.68,436.39,440.34,417.49,0.4502901,1.5666746395
801230,2005-10-31,426.07,420.94,427.69,419.88,0.32056754,1.0928124255
801230,2005-11-01,420.5,423.89,424.98,411.48,0.41945503,1.3436137397999999
801230,2005-11-02,432.72,421.07,433.6,420.62,0.55740287,1.9155615519999998
801230,2005-11-03,428.97,432.1,434.69,426.1,0.3990445,1.3593953722
801230,2005-11-04,434.1,428.53,434.1,424.36,0.42602062,1.4799054497
801230,2005-11-07,438.74,433.25,438.88,430.91,0.35718545,1.265810442
801230,2005-11-08,445.91,438.34,445.97,434.86,0.57802443,2.0407529614
801230,2005-11-09,441.23,445.09,446.94,441.2,0.48902918,1.755682009
801230,2005-11-10,427.16,439.01,441.18,426.13,0.4588425,1.6517262563
801230,2005-11-11,433.15,425.02,436.22,422.91,0.45893684,1.5062158472
801230,2005-11-14,433.67,432.48,434.89,430.02,0.41556676,1.3853610396
801230,2005-11-15,431.6,433.26,436.75,427.61,0.35010537,1.1579603346
801230,2005-11-16,437.13,430.13,437.14,426.82,0.36019787,1.2007435201999999
801230,2005-11-17,437.45,436.53,438.82,434.41,0.30752945,1.1428434604
801230,2005-11-18,446.74,437.45,447.85,436.72,0.60431025,2.0839625012000003
801230,2005-11-21,446.8,446.56,448.57,444.22,0.33961795,1.1786599563
801230,2005-11-22,436.17,446.19,446.77,435.95,0.44072956,1.6979238852
801230,2005-11-23,440.16,434.32,440.97,434.32,0.41413672,1.6694607380000002
801230,2005-11-24,443.99,439.22,443.99,437.79,0.4914071,1.7275465605000002
801230,2005-11-25,441.51,442.79,443.71,439.86,0.3716941,1.2790749447
801230,2005-11-28,439.63,441.22,442.38,436.71,0.30308994,1.0820402148000001
801230,2005-11-29,432.29,438.99,440.3,432.08,0.31348181,1.0371984376
801230,2005-11-30,432.02,430.85,436.42,426.86,0.32878229,1.0833487098
801230,2005-12-01,429.79,431.14,433.45,427.54,0.23064122,0.759518551
801230,2005-12-02,423.17,428.39,430.12,422.68,0.25552181,0.8268746256
801230,2005-12-05,410.7,420.59,424.48,409.88,0.28589711,0.9404481306999999
801230,2005-12-06,414.57,408.97,414.89,408.38,0.24312187,0.7396376626000001
801230,2005-12-07,419.58,415.22,419.63,412.34,0.31610097,1.1408705129999999
801230,2005-12-08,417.53,419.36,420.08,414.84,0.25420141,0.85993803
801230,2005-12-09,423.99,418.29,424.45,416.63,0.33185102,1.1209291287
801230,2005-12-12,427.17,424.63,427.43,422.6,0.29149371,1.0073995603
801230,2005-12-13,424.43,426.04,426.9,419.98,0.2503066,0.8420009531
801230,2005-12-14,429.53,424.62,430.83,422.17,0.3352287,1.1732516953
801230,2005-12-15,427.17,429.58,432.36,426.52,0.32770391,1.1214782543000001
801230,2005-12-16,431.63,427.43,431.7,425.21,0.34711916,1.1289043761
801230,2005-12-19,431.21,429.58,432.02,429.37,0.28364662,0.9634332522
801230,2005-12-20,433.26,429.93,433.6,428.45,0.29482619,0.9121863465000001
801230,2005-12-21,429.24,431.12,433.56,428.05,0.2971182,0.9890530469
801230,2005-12-22,429.32,427.64,429.86,426.51,0.2075904,0.6901875474
801230,2005-12-23,435.24,429.0,435.44,428.75,0.39955248,1.3532346936000001
801230,2005-12-26,437.85,433.48,438.59,432.02,0.38754648,1.3564940161
801230,2005-12-27,438.99,439.08,440.36,435.85,0.38483492,1.3055171609
801230,2005-12-28,439.19,438.08,439.42,436.93,0.36670655,1.1800368479999999
801230,2005-12-29,442.25,438.79,442.62,438.43,0.55594412,1.9789841482
801230,2005-12-30,436.4,442.66,443.84,436.31,0.43814737,1.3206961736
801230,2006-01-04,444.5,436.47,444.5,436.47,0.34968031,1.205791923
801230,2006-01-05,450.25,444.84,450.96,441.98,0.53908872,1.8096443204
801230,2006-01-06,456.15,451.67,459.66,448.16,0.79781184,3.2003816668000002
801230,2006-01-09,466.3,457.6,466.4,456.8,0.73710977,2.9415581371
801230,2006-01-10,467.32,464.85,467.58,460.64,0.51908612,1.9707272753999998
801230,2006-01-11,466.69,467.43,471.67,463.69,0.7220347,2.8036546995
801230,2006-01-12,478.49,464.86,478.95,464.04,0.75047637,2.9019102177
801230,2006-01-13,477.49,478.57,482.99,474.04,0.71474677,2.8000774725
801230,2006-01-16,471.45,476.88,478.78,470.72,0.61173858,2.3391397209
801230,2006-01-17,470.86,468.98,472.41,468.36,0.36697172,1.3546109101
801230,2006-01-18,480.88,468.16,482.12,467.59,0.52820549,1.9946958077
801230,2006-01-19,486.02,481.45,486.85,479.04,0.68813602,2.6457212096
801230,2006-01-20,483.27,483.81,486.24,480.8,0.57346904,2.1096698129
801230,2006-01-23,493.12,484.05,493.32,484.05,0.8415333,3.5256941012
801230,2006-01-24,493.93,492.57,498.19,491.51,0.75880597,2.8858201077
801230,2006-01-25,491.72,491.76,495.51,487.38,0.54262932,2.0473414636
801230,2006-02-06,500.44,493.28,505.31,487.08,0.53994356,2.0871725639
801230,2006-02-07,499.82,500.86,504.22,493.77,0.85537381,3.0089660728
801230,2006-02-08,505.3,498.86,505.4,497.28,0.79847096,2.896408907
801230,2006-02-09,494.22,504.76,505.42,493.03,0.59994627,2.2250619028
801230,2006-02-10,500.91,493.83,500.91,493.57,0.51599377,1.8264647044
801230,2006-02-13,501.76,502.39,503.3,494.19,0.67352245,2.4799900616999997
801230,2006-02-14,506.82,502.36,507.96,501.28,0.67415935,2.8192872768
801230,2006-02-15,504.89,507.66,508.18,501.98,0.5055051,1.9828940421
801230,2006-02-16,487.76,504.76,505.04,487.6,0.58083329,2.2603308394
801230,2006-02-17,486.02,487.18,491.94,484.58,0.48554558,1.9310081455
801230,2006-02-20,482.2,485.37,486.46,480.92,0.35870695,1.3408422758
801230,2006-02-21,492.09,482.42,492.12,475.39,0.45307509,1.7140253783000001
801230,2006-02-22,490.23,493.29,495.37,489.71,0.54396851,2.0617490238
801230,2006-02-23,492.96,490.59,494.01,486.85,0.35681001,1.3283277104
801230,2006-02-24,494.39,493.98,494.47,490.93,0.3398516,1.2582153161
801230,2006-02-27,489.9,495.56,496.81,488.06,0.48910676,1.7471332794999999
801230,2006-02-28,489.25,488.04,489.56,479.36,0.48051551,1.6598821258
801230,2006-03-01,493.7,488.19,493.83,487.7,0.48331589,1.7220069803
801230,2006-03-02,480.33,493.68,493.86,478.09,0.53074218,1.9065065155
801230,2006-03-03,478.73,479.26,482.27,473.26,0.4308735,1.4923062028
801230,2006-03-06,476.69,479.15,479.63,474.83,0.31132961,1.0658959952
801230,2006-03-07,465.44,476.57,477.86,464.85,0.40171865,1.4056891969
801230,2006-03-08,464.87,463.64,466.91,457.83,0.32105445,1.1589226435
801230,2006-03-09,464.06,464.51,466.81,462.18,0.2327927,0.8254081389
801230,2006-03-10,464.39,463.74,466.44,461.36,0.26288199,0.9264794020999999
801230,2006-03-13,468.23,463.89,468.32,463.15,0.24240686,0.8395922943
801230,2006-03-14,469.53,468.32,469.93,465.75,0.2938069,1.1086733634000001
801230,2006-03-15,472.67,469.4,472.87,466.57,0.28327659,1.090754528
801230,2006-03-16,472.85,472.02,473.19,469.78,0.39722404,1.5713943602
801230,2006-03-17,470.25,471.64,474.05,468.31,0.36531419,1.3033860102
801230,2006-03-20,477.86,469.97,477.86,466.76,0.45846243,1.6245334608000002
801230,2006-03-21,478.17,477.22,482.4,475.97,0.55166815,2.091009588
801230,2006-03-22,481.69,476.28,481.69,474.43,0.55103095,1.8862810961
801230,2006-03-23,485.46,481.5,485.46,478.76,0.60100285,2.1783551584
801230,2006-03-24,481.37,484.85,487.18,480.93,0.53990805,2.057811096
801230,2006-03-27,485.85,481.11,485.91,477.75,0.40606956,1.4545831121000001
801230,2006-03-28,491.3,487.39,491.82,486.4,0.5912851,1.9670068366
801230,2006-03-29,492.94,493.27,499.58,491.06,0.90384672,2.8651878431999998
801230,2006-03-30,486.65,493.72,493.79,486.09,0.58919547,1.9053648195
801230,2006-03-31,485.94,487.51,489.32,482.11,0.51935285,1.7619433183000002
801230,2006-04-03,493.24,485.85,493.53,485.77,0.56129704,1.9342769896
801230,2006-04-04,496.1,494.02,496.3,489.75,0.66182329,2.2450513148
801230,2006-04-05,500.68,496.24,500.68,494.5,0.69312076,2.4859440708
801230,2006-04-06,504.27,500.82,506.41,496.25,0.92507042,3.5751875081
801230,2006-04-07,511.88,506.78,512.52,505.85,0.94620263,3.7303303967000003
801230,2006-04-10,528.98,513.35,532.6,508.04,1.36685737,5.134331549700001
801230,2006-04-11,527.14,529.88,530.59,520.34,1.21886287,4.9810078544
801230,2006-04-12,526.44,525.8,529.94,523.06,0.98570305,3.9518744332
801230,2006-04-13,510.68,524.79,530.26,510.68,1.01796438,4.0037588531
801230,2006-04-14,521.23,507.5,521.59,505.91,0.78085783,2.9395850681
801230,2006-04-17,526.47,518.72,527.7,516.67,0.89547766,3.5558479564
801230,2006-04-18,521.98,525.02,527.04,519.47,0.78210792,3.1895288892
801230,2006-04-19,518.93,520.98,523.32,513.21,0.81279407,3.309322204
801230,2006-04-20,512.24,517.93,520.45,509.05,0.78303844,2.8214806837
801230,2006-04-21,515.25,512.43,515.7,507.75,0.74602701,2.9562583505
801230,2006-04-24,505.9,515.97,516.61,504.74,0.93465368,3.6559620719
801230,2006-04-25,505.23,507.69,510.37,497.25,0.69823962,2.4762034671
801230,2006-04-26,515.9,507.01,515.9,504.86,0.81323743,2.9027516598000003
801230,2006-04-27,519.34,519.3,520.1,513.04,0.78668744,3.4195102999
801230,2006-04-28,525.88,515.71,527.94,509.78,0.91413873,3.9512473733999998
801230,2006-05-08,541.4,527.87,542.69,527.32,1.05698568,4.5204818395999995
801230,2006-05-09,556.89,542.52,556.98,541.73,1.42236299,5.7907741075
801230,2006-05-10,576.05,563.11,578.46,555.11,1.7271908,7.3129445308
801230,2006-05-11,575.31,578.93,595.05,574.91,1.91319293,7.8786428795
801230,2006-05-12,595.24,576.82,595.28,576.13,1.58546874,6.450662612
801230,2006-05-15,625.8,598.62,625.8,595.71,2.05067716,8.789257066000001
801230,2006-05-16,616.28,626.15,637.64,611.58,1.98128187,9.4652423039
801230,2006-05-17,641.42,612.92,642.67,612.92,2.45661414,11.801073193699999
801230,2006-05-18,650.59,638.47,650.88,624.76,2.05412705,9.5017688556
801230,2006-05-19,677.18,650.76,678.11,650.75,2.08051799,9.2554182529
801230,2006-05-22,698.05,675.34,704.14,675.34,2.30707487,11.0325993979
801230,2006-05-23,666.18,688.3,693.92,665.81,1.69093313,7.4070914981
801230,2006-05-24,652.85,663.36,677.3,639.04,1.52856182,6.6776929723
801230,2006-05-25,660.71,649.71,663.27,649.01,0.90620084,3.9595938947000002
801230,2006-05-26,668.2,662.32,669.04,660.39,1.12631733,6.094904511
801230,2006-05-29,687.49,665.82,687.49,665.55,1.44423821,6.9979830488
801230,2006-05-30,690.91,683.89,692.79,677.39,1.26629902,5.8778729329
801230,2006-05-31,698.15,688.19,708.67,688.02,1.75806884,10.0554396733
801230,2006-06-01,727.83,693.68,727.85,693.68,1.58591404,7.6078919862
801230,2006-06-02,735.06,733.19,741.94,724.23,2.13418543,11.2582939656
801230,2006-06-05,747.16,732.6,747.32,721.9,2.68614801,12.259181033299999
801230,2006-06-06,745.55,740.6,749.74,737.26,2.03480632,9.837078611399999
801230,2006-06-07,683.6,740.78,743.98,682.96,1.85589744,9.0400676499
801230,2006-06-08,677.43,671.33,678.57,650.59,1.49797914,7.1097911712
801230,2006-06-09,656.38,671.47,682.2,656.38,1.61107813,8.4168650762
801230,2006-06-12,652.69,651.19,662.96,645.53,0.93334,4.7842103528
801230,2006-06-13,658.04,652.96,664.84,650.22,0.92257972,4.5583725343
801230,2006-06-14,654.62,654.11,655.94,644.88,0.79507183,3.9547522069
801230,2006-06-15,656.94,653.59,666.12,653.43,1.15072225,5.0850725472
801230,2006-06-16,672.96,657.46,673.24,656.26,1.01976237,4.7105372706
801230,2006-06-19,678.28,666.7,683.18,660.32,1.03937666,5.2460321676
801230,2006-06-20,691.71,676.76,693.06,675.56,1.11687066,5.8294932278
801230,2006-06-21,689.33,692.78,698.75,685.57,1.1427494,6.3660212786
801230,2006-06-22,692.13,684.95,692.98,682.15,0.959036,5.2389685226
801230,2006-06-23,696.21,685.98,699.84,685.98,0.93237999,4.2038665823
801230,2006-06-26,704.77,697.91,704.92,697.09,0.91841741,4.6786582763
801230,2006-06-27,703.32,704.58,707.22,697.46,0.63284432,3.1122090729000003
801230,2006-06-28,697.78,705.8,706.1,697.1,0.68583368,3.0816407894999998
801230,2006-06-29,703.82,697.71,703.85,696.88,1.13996814,5.5813066334000005
801230,2006-06-30,698.02,704.88,705.19,695.64,0.81714486,3.755966709
801230,2006-07-03,703.3,700.42,703.32,696.11,0.95559033,4.5323621152
801230,2006-07-04,707.99,705.49,708.21,701.73,1.15618737,6.1492553467999995
801230,2006-07-05,704.74,706.63,706.83,696.18,0.81769334,4.4360310116
801230,2006-07-06,721.96,697.6,722.05,696.57,1.58069931,9.1255269151
801230,2006-07-07,725.22,724.13,726.89,716.99,1.52499921,8.4786446143
801230,2006-07-10,734.27,733.72,735.64,725.88,1.18561081,6.1249682224
801230,2006-07-11,730.76,743.75,743.75,725.58,0.97407033,5.578134724600001
801230,2006-07-12,724.9,731.36,732.06,724.07,1.28186519,6.706192012100001
801230,2006-07-13,669.1,724.3,724.88,668.97,1.59542606,8.3556640342
801230,2006-07-14,674.1,660.28,679.74,657.34,1.04460781,5.0583220482
801230,2006-07-17,684.69,672.85,684.89,672.78,0.76104944,3.6642989474000003
801230,2006-07-18,688.71,682.51,688.71,674.15,0.66633693,3.1345534054
801230,2006-07-19,676.78,685.79,688.06,671.54,0.72040983,3.6962135452999996
801230,2006-07-20,679.4,673.37,680.64,671.09,0.65688765,2.8263167464
801230,2006-07-21,678.92,678.42,684.17,676.55,0.84570323,4.1873186951
801230,2006-07-24,684.18,669.88,684.18,664.51,0.8977091,4.3633307769
801230,2006-07-25,689.67,684.23,690.84,673.34,0.89228189,4.5531661094
801230,2006-07-26,689.67,689.4,693.29,686.36,0.96937972,4.6408561788
801230,2006-07-27,684.11,688.24,692.78,680.61,1.14328754,5.3281732566
801230,2006-07-28,677.61,682.46,685.63,670.59,1.26855393,5.1233400211
801230,2006-07-31,652.34,673.89,676.14,651.91,0.98061344,4.3470814719
801230,2006-08-01,649.37,649.86,658.04,646.01,0.7760624,3.6755225756
801230,2006-08-02,645.7,649.03,652.71,638.0,0.67198963,2.9355765537000003
801230,2006-08-03,644.33,644.15,649.29,639.2,0.58977338,2.3944698058
801230,2006-08-04,628.13,644.5,651.17,627.33,0.80057032,3.6369708874
801230,2006-08-07,616.79,622.12,624.38,615.75,0.7619967,3.2213779369
801230,2006-08-08,630.8,615.54,630.8,615.43,0.76439133,3.2053195462
801230,2006-08-09,633.14,631.35,635.69,627.51,0.70519321,3.6522027464999995
801230,2006-08-10,644.13,631.63,644.43,630.64,0.7053689,3.2710734169999998
801230,2006-08-11,645.91,643.32,648.3,640.62,0.65289988,3.1405559263
801230,2006-08-14,632.92,647.11,650.79,630.19,1.03072593,4.8529990418999995
801230,2006-08-15,642.55,632.28,642.63,628.95,0.91960573,4.2181282491
801230,2006-08-16,651.14,643.47,651.44,640.84,0.82266692,3.7190521631999998
801230,2006-08-17,642.05,647.87,648.53,633.47,0.64783886,2.9532279101
801230,2006-08-18,638.43,640.79,645.79,636.61,0.63249693,2.7610135408999996
801230,2006-08-21,640.41,614.59,641.09,611.94,0.72017228,3.2890518995
801230,2006-08-22,646.72,640.08,649.0,637.71,0.69663962,3.55689026
801230,2006-08-23,645.51,646.71,652.73,643.66,0.65335306,3.4457597042000003
801230,2006-08-24,652.77,645.63,652.81,642.07,0.7010275,2.9927710879
801230,2006-08-25,654.54,654.35,659.5,650.91,0.90787735,4.556669067
801230,2006-08-28,671.98,656.4,672.45,654.96,1.09299407,5.4242124322
801230,2006-08-29,678.24,676.0,690.57,673.25,1.76697055,7.9646393311
801230,2006-08-30,688.3,675.98,688.3,671.38,1.12524314,5.125211808
801230,2006-08-31,690.5,689.98,691.41,681.03,1.18110095,6.1995174454
801230,2006-09-01,676.56,693.38,693.38,672.73,1.10419762,5.887519688099999
801230,2006-09-04,692.5,675.3,692.5,675.3,0.81465107,5.0800839199
801230,2006-09-05,700.3,693.43,702.06,691.48,1.32070755,7.2106506211
801230,2006-09-06,700.4,700.22,700.42,689.56,1.06656803,5.6038179185
801230,2006-09-07,688.71,701.24,701.29,683.24,1.09243656,5.469062933099999
801230,2006-09-08,690.16,685.14,694.4,685.12,0.70186853,3.8939768077999997
801230,2006-09-11,698.43,690.25,698.55,684.39,0.97887196,4.9502597969
801230,2006-09-12,700.35,700.14,702.62,694.11,1.10973592,5.4562371040999995
801230,2006-09-13,695.16,701.23,703.72,692.57,1.19502983,6.2550873572
801230,2006-09-14,696.93,692.95,696.98,686.01,1.06393771,6.423484911
801230,2006-09-15,709.56,696.16,709.56,693.96,1.32827054,6.8461785451
801230,2006-09-18,718.91,711.01,720.74,708.11,1.45258034,7.706280219
801230,2006-09-19,713.43,719.7,720.0,711.84,1.33359819,6.3019486953
801230,2006-09-20,716.2,712.97,719.34,702.76,1.26761846,6.2068980237
801230,2006-09-21,719.07,714.46,720.19,712.27,1.1434829,5.5227542237
801230,2006-09-22,713.69,721.11,721.26,708.92,1.13630063,6.142447434099999
801230,2006-09-25,718.06,713.11,724.36,710.81,0.88865312,6.0151872749
801230,2006-09-26,710.56,717.03,719.57,702.99,0.9076562,5.3250957156
801230,2006-09-27,724.24,710.38,724.38,709.2,0.91851117,5.228779751
801230,2006-09-28,729.31,726.22,734.09,724.51,1.02137199,5.611560709400001
801230,2006-09-29,731.94,730.3,737.71,729.48,0.98409742,5.5991571286
801230,2006-10-09,751.81,742.49,752.37,737.34,1.54447721,8.9561729388
801230,2006-10-10,749.4,750.75,756.42,746.09,1.64101172,9.483859625700001
801230,2006-10-11,746.2,748.05,752.18,736.09,1.19005464,6.8963322808
801230,2006-10-12,731.76,747.33,749.48,730.22,1.39516452,8.301910559400001
801230,2006-10-13,741.71,732.41,743.53,730.79,1.18950879,7.3074047211
801230,2006-10-16,738.94,744.03,746.25,736.58,1.27580012,6.780937644
801230,2006-10-17,730.24,741.05,741.05,727.63,1.3509922,6.721784915
801230,2006-10-18,739.13,729.94,739.13,726.81,1.03680202,5.3399353253
801230,2006-10-19,733.65,739.25,739.25,730.61,1.16565561,6.0775104748
801230,2006-10-20,723.25,733.66,733.7,722.65,1.04088067,5.3362839291
801230,2006-10-23,703.37,722.43,723.74,696.55,1.3010062,6.7047088407
801230,2006-10-24,716.6,702.54,718.59,702.5,1.30516067,6.583546016100001
801230,2006-10-25,714.72,716.91,720.9,705.35,1.28223209,6.9093375076
801230,2006-10-26,711.39,714.41,717.62,707.96,1.30166516,7.1713801298
801230,2006-10-27,693.46,710.18,711.18,692.77,1.12314102,5.8881506448000005
801230,2006-10-30,697.45,691.99,697.75,685.89,0.94317901,4.8621836062
801230,2006-10-31,700.69,696.39,700.69,689.93,0.92604445,5.0109306131
801230,2006-11-01,706.77,699.9,716.47,690.36,0.93614564,4.9354134307
801230,2006-11-02,700.55,707.61,713.28,689.3,1.05883288,5.1818284422000005
801230,2006-11-03,701.05,699.69,702.25,696.67,1.25976808,6.650365336599999
801230,2006-11-06,693.08,696.56,698.0,691.25,1.00713773,5.1547217801
801230,2006-11-07,690.51,692.93,693.06,675.28,1.27691967,6.4003703301
801230,2006-11-08,684.72,691.24,691.24,682.98,0.89390795,4.3124640599
801230,2006-11-09,690.03,682.83,691.41,680.62,0.83378945,4.0450839195
801230,2006-11-10,672.64,689.32,690.35,668.2,0.97431267,4.8241066631
801230,2006-11-13,641.4,670.23,672.43,639.74,0.93076435,5.034593243
801230,2006-11-14,645.59,641.52,646.4,625.05,0.79674964,4.1008962058
801230,2006-11-15,657.6,644.28,657.64,640.61,0.77258358,4.0790262271
801230,2006-11-16,652.96,659.4,660.54,647.55,1.09055164,5.7653233839
801230,2006-11-17,660.52,649.53,663.31,645.65,0.86438892,4.411460143399999
801230,2006-11-20,663.42,663.32,663.63,653.46,1.07915439,5.0724364837
801230,2006-11-21,665.37,662.2,665.37,653.9,0.92021865,4.6927462641
801230,2006-11-22,674.17,664.95,680.71,663.45,1.18414811,6.6825936840999995
801230,2006-11-23,677.68,672.26,677.87,671.03,1.15857727,6.024256390700001
801230,2006-11-24,689.42,676.43,690.3,673.61,1.37666173,6.8125841653
801230,2006-11-27,697.35,689.85,697.43,685.41,1.2994895,6.3591872974
801230,2006-11-28,706.64,697.04,707.84,695.97,1.54546951,8.0520302969
801230,2006-11-29,714.66,698.14,715.62,691.14,1.61522833,8.7804142141
801230,2006-11-30,719.75,716.62,727.86,716.08,1.84826468,9.9005703497
801230,2006-12-01,714.15,720.74,722.39,710.36,1.76650807,9.2743241119
801230,2006-12-04,731.43,713.23,731.49,713.23,2.0048216,10.3584756835
801230,2006-12-05,742.29,732.51,744.51,727.7,2.57070664,13.0646952674
801230,2006-12-06,724.6,740.83,741.52,706.87,2.41835582,11.992790973
801230,2006-12-07,713.84,721.64,727.51,713.58,1.90545455,9.6920211021
801230,2006-12-08,680.22,706.68,711.48,680.22,1.67554425,8.2084917651
801230,2006-12-11,699.1,675.21,699.1,675.21,1.10490064,5.279660199599999
801230,2006-12-12,704.11,702.65,707.44,693.51,1.4317932,7.6292826707
801230,2006-12-13,709.06,706.94,709.06,695.9,1.10318003,6.5831154265
801230,2006-12-14,719.17,710.1,722.01,708.63,1.52942329,8.6844096258
801230,2006-12-15,728.88,721.27,730.94,718.84,1.50422231,8.1119075721
801230,2006-12-18,739.61,734.0,741.6,733.76,1.92414068,10.1083433322
801230,2006-12-19,740.89,741.72,744.61,723.22,2.15894386,10.2069997507
801230,2006-12-20,756.22,737.03,756.5,728.22,2.07347177,10.6104328415
801230,2006-12-21,752.44,756.17,768.8,750.73,2.33495513,11.6280024901
801230,2006-12-22,748.07,749.22,755.73,737.15,1.88617731,9.2715318299
801230,2006-12-25,756.75,749.27,762.01,749.25,1.91438198,9.6939774745
801230,2006-12-26,755.52,757.38,760.56,738.25,2.20062112,11.7412294669
801230,2006-12-27,755.14,754.0,757.13,747.79,1.76093945,9.069829452999999
801230,2006-12-28,744.94,754.31,756.92,735.0,1.99513943,10.304834805599999
801230,2006-12-29,755.53,746.71,759.57,745.47,2.09501921,11.039937815999998
801230,2007-01-04,755.25,764.31,771.98,751.09,2.10907269,12.1552430197
801230,2007-01-05,771.38,751.65,771.38,747.01,1.83616709,9.8933678384
801230,2007-01-08,810.09,773.65,810.12,773.17,2.66766905,15.3429385273
801230,2007-01-09,825.79,817.87,828.89,813.2,3.1023009,17.0126604971
801230,2007-01-10,850.82,829.33,850.9,817.87,3.37462515,18.882915291099998
801230,2007-01-11,852.51,855.95,877.78,848.03,4.2568473,24.7019225015
801230,2007-01-12,828.61,849.36,863.72,826.69,3.25603966,18.7475727648
801230,2007-01-15,878.29,832.63,878.29,831.73,2.77621808,16.4980963171
801230,2007-01-16,910.87,884.39,914.06,877.23,3.53247515,22.6347074179
801230,2007-01-17,891.94,911.15,923.99,875.18,4.01815688,24.7690000929
801230,2007-01-18,910.69,894.44,917.4,875.26,4.12599133,23.6958326331
801230,2007-01-19,951.28,914.04,951.28,913.88,4.19135922,25.346397436700002
801230,2007-01-22,985.84,969.6,986.15,965.91,4.16284844,24.9963411422
801230,2007-01-23,987.84,991.04,995.16,943.42,3.79713706,23.415510097800002
801230,2007-01-24,1003.66,990.34,1009.76,977.95,3.29222846,21.2998447203
801230,2007-01-25,961.39,997.12,997.12,960.79,3.43692943,22.1933762855
801230,2007-01-26,966.58,951.66,970.04,914.9,3.11774363,20.6104155719
801230,2007-01-29,997.45,968.7,997.58,968.7,3.21695712,21.3710267927
801230,2007-01-30,997.18,1003.75,1016.78,987.81,3.76284186,25.1972466489
801230,2007-01-31,940.03,990.21,1002.41,937.13,3.63922419,23.2813818031
801230,2007-02-01,931.3,922.81,941.02,901.31,3.11086085,21.0283954869
801230,2007-02-02,925.4,932.01,950.75,920.48,3.23755911,21.2432423894
801230,2007-02-05,932.03,925.65,944.49,921.23,2.37811374,16.3215186071
801230,2007-02-06,951.36,934.58,951.38,927.07,2.01887615,13.1938758097
801230,2007-02-07,983.42,955.16,983.5,955.16,2.52749054,17.6515351756
801230,2007-02-08,998.39,992.14,1008.11,980.14,3.10294309,22.970036474
801230,2007-02-09,1010.47,1001.43,1014.82,996.93,2.5628064,18.3485944218
801230,2007-02-12,1034.36,1001.4,1034.36,1001.4,1.9723167,12.9800715755
801230,2007-02-13,1049.55,1026.53,1049.87,1025.38,2.90635173,16.8656503567
801230,2007-02-14,1068.49,1039.08,1071.94,1039.01,3.07329416,19.7392854836
801230,2007-02-15,1118.11,1092.61,1118.64,1066.67,3.41482921,23.1403887929
801230,2007-02-16,1152.92,1142.04,1168.62,1132.17,4.05641413,31.4734045336
801230,2007-02-26,1206.82,1160.64,1210.3,1151.38,3.80244708,28.9241513416
801230,2007-02-27,1094.8,1215.02,1232.82,1091.46,5.69781725,42.276057776100004
801230,2007-02-28,1164.57,1084.87,1171.45,1082.89,4.13463976,30.938670183200003
801230,2007-03-01,1167.82,1177.18,1186.68,1135.59,4.47882469,33.8287375042
801230,2007-03-02,1176.6,1166.68,1191.22,1157.02,3.39062413,26.4373759358
801230,2007-03-05,1177.62,1181.2,1205.43,1129.42,4.05397295,31.2586214558
801230,2007-03-06,1185.14,1169.09,1194.83,1152.91,2.64335969,21.113465654000002
801230,2007-03-07,1229.49,1191.28,1230.38,1191.19,2.97648576,24.982218218899998
801230,2007-03-08,1278.62,1239.49,1279.24,1224.11,3.40380794,29.5896166949
801230,2007-03-09,1277.28,1282.58,1294.72,1252.71,4.19106368,33.8486677506
801230,2007-03-12,1320.8,1287.65,1324.78,1282.48,4.09301592,31.7803594103
801230,2007-03-13,1339.79,1339.1,1344.3,1322.14,3.89308606,31.904368125999998
801230,2007-03-14,1375.23,1326.63,1390.37,1298.43,4.80461342,42.244041430100005
801230,2007-03-15,1385.17,1366.58,1401.76,1347.71,4.18607203,36.8410247039
801230,2007-03-16,1350.95,1389.63,1397.59,1332.44,4.30893489,36.9222695722
801230,2007-03-19,1364.64,1304.91,1383.52,1296.8,3.76594691,31.652297538499997
801230,2007-03-20,1390.68,1367.2,1394.52,1364.8,2.94194199,25.9665561744
801230,2007-03-21,1430.72,1403.75,1430.72,1394.11,3.76851,32.9933178047
801230,2007-03-22,1412.29,1439.74,1439.74,1409.25,3.95726425,35.260626687800006
801230,2007-03-23,1416.34,1404.12,1419.35,1373.9,3.41268424,29.8237085792
801230,2007-03-26,1461.79,1417.75,1462.21,1417.61,3.3846533,30.8673617369
801230,2007-03-27,1487.12,1466.81,1489.25,1455.08,3.86736537,34.6158378289
801230,2007-03-28,1461.66,1488.64,1491.0,1391.84,4.84603039,42.6221592477
801230,2007-03-29,1402.32,1457.37,1462.26,1402.14,3.89996516,33.7638975878
801230,2007-03-30,1433.82,1397.08,1443.76,1389.62,2.70298088,24.863952561999998
801230,2007-04-02,1468.79,1439.52,1469.46,1431.29,2.58992804,25.1726909802
801230,2007-04-03,1499.03,1476.06,1499.03,1468.41,3.13083014,30.950465726199997
801230,2007-04-04,1516.55,1498.6,1522.11,1478.32,3.63405383,34.6260719092
801230,2007-04-05,1557.55,1514.47,1561.2,1508.78,3.64777541,34.8058291637
801230,2007-04-06,1585.33,1542.85,1594.1,1532.65,3.96594577,39.1638688476
801230,2007-04-09,1632.76,1595.84,1640.28,1595.76,4.84246095,46.5104161331
801230,2007-04-10,1648.03,1637.36,1652.76,1598.67,4.9320928,43.781460691899994
801230,2007-04-11,1653.86,1645.8,1654.33,1624.89,3.60587004,33.993574336900004
801230,2007-04-12,1676.76,1650.72,1678.44,1648.87,3.47308896,32.3181693178
801230,2007-04-13,1715.22,1710.85,1747.43,1675.41,5.15913727,57.8171804136
801230,2007-04-16,1772.47,1725.43,1772.47,1721.38,4.16659082,48.2453797239
801230,2007-04-17,1836.73,1805.05,1840.52,1751.06,5.56504331,63.4378316593
801230,2007-04-18,1869.49,1865.43,1877.29,1824.3,5.05058081,56.6776282882
801230,2007-04-19,1749.84,1855.21,1856.07,1713.1,5.91287584,66.1129184104
801230,2007-04-20,1863.86,1780.89,1864.67,1772.26,4.19835484,50.341612798199996
801230,2007-04-23,1957.18,1879.09,1957.18,1879.09,5.2758988,56.3066137975
801230,2007-04-24,1976.55,1964.47,2006.4,1950.24,5.40711916,63.909306581
801230,2007-04-25,1974.8,1954.03,1990.84,1936.64,3.57888381,43.0852216515
801230,2007-04-26,2036.55,1972.92,2039.78,1970.25,4.19376344,53.08286604479999
801230,2007-04-27,2067.43,2044.88,2083.79,2042.47,4.28820984,53.4382876423
801230,2007-04-30,2114.13,2036.15,2121.34,2024.85,4.85286095,63.975407535600006
801230,2007-05-08,2178.56,2137.48,2202.39,2092.85,5.54234667,71.8789100149
801230,2007-05-09,2156.33,2156.92,2184.49,2065.09,5.593269,70.3637271296
801230,2007-05-10,2159.0,2125.64,2175.07,2114.55,4.14899573,51.6164287435
801230,2007-05-11,2165.57,2139.41,2191.87,2121.36,4.73067696,58.9700333241
801230,2007-05-14,2175.53,2114.44,2196.04,2114.44,4.11516814,51.3139203458
801230,2007-05-15,2087.48,2163.5,2194.62,2083.54,4.94742961,66.342357122
801230,2007-05-16,2156.71,2074.89,2156.95,2055.71,3.98272769,52.065457044300004
801230,2007-05-17,2185.12,2143.1,2192.71,2143.0,3.87776581,50.66175754819999
801230,2007-05-18,2195.35,2164.25,2210.93,2163.0,4.15688198,53.9622685967
801230,2007-05-21,2251.64,2098.22,2255.63,2098.22,4.43991794,57.405737888599994
801230,2007-05-22,2296.0,2242.18,2317.35,2235.25,5.34442937,69.06771484069999
801230,2007-05-23,2340.78,2276.07,2340.86,2276.07,5.06462595,61.504888791800006
801230,2007-05-24,2338.02,2327.86,2357.62,2278.12,5.75741097,77.7333030384
801230,2007-05-25,2411.72,2336.66,2420.49,2316.57,5.57916983,78.1597802146
801230,2007-05-28,2444.84,2457.11,2472.25,2442.65,5.81300815,88.01235187350001
801230,2007-05-29,2517.23,2430.29,2520.06,2408.52,5.59013254,83.414430634
801230,2007-05-30,2341.51,2316.24,2479.16,2316.24,6.27156901,99.7372004973
801230,2007-05-31,2237.2,2279.12,2332.45,2156.17,5.13467875,76.46593153159999
801230,2007-06-01,2122.36,2255.92,2277.78,2115.39,4.34393189,65.0561224511
801230,2007-06-04,1930.51,2116.43,2116.43,1929.78,3.29865599,50.741743095699995
801230,2007-06-05,1964.63,1804.32,1966.03,1747.56,5.15203246,65.4631797662
801230,2007-06-06,1972.66,1921.93,2019.82,1898.09,4.71776672,55.5171943896
801230,2007-06-07,2066.78,1945.32,2071.08,1945.32,4.38541559,54.076256176
801230,2007-06-08,2100.96,2040.1,2129.04,2040.1,4.65731468,57.450032980699994
801230,2007-06-11,2171.49,2168.02,2194.96,2151.42,4.64449845,58.6384025421
801230,2007-06-12,2254.01,2223.97,2254.31,2104.31,5.50535352,82.9336222707
801230,2007-06-13,2356.99,2274.94,2365.07,2274.94,5.96193358,83.9428801341
801230,2007-06-14,2338.92,2371.3,2387.72,2312.45,5.2831574,76.0426349853
801230,2007-06-15,2345.19,2310.47,2369.57,2292.66,4.58330658,62.89393275689999
801230,2007-06-18,2411.86,2396.59,2438.23,2387.09,4.37919094,62.5408048396
801230,2007-06-19,2461.51,2431.86,2468.49,2393.58,4.58565682,67.712055766
801230,2007-06-20,2418.99,2465.13,2490.88,2410.77,4.94167012,78.2593092983
801230,2007-06-21,2435.85,2402.85,2457.52,2362.71,4.02902581,64.9101280805
801230,2007-06-22,2253.1,2456.39,2457.45,2231.31,4.37593745,70.73143009729999
801230,2007-06-25,2085.37,2275.89,2304.66,2059.02,3.83862132,58.969890328199995
801230,2007-06-26,2182.02,2025.37,2182.02,1992.58,3.47347573,51.7957846626
801230,2007-06-27,2283.18,2200.65,2292.74,2184.89,4.21732231,68.2699792679
801230,2007-06-28,2134.98,2260.47,2280.93,2134.98,2.80452071,39.0404288383
801230,2007-06-29,2039.78,2024.19,2113.62,2007.15,3.19362656,50.0441079424
801230,2007-07-02,2033.05,2007.68,2054.73,1944.41,3.75247404,47.5535401911
801230,2007-07-03,2068.13,2059.86,2084.34,1984.78,3.79987525,46.99871587649999
801230,2007-07-04,2005.31,2058.87,2061.72,1995.47,3.18962903,34.696503528899996
801230,2007-07-05,1880.96,1962.77,1977.85,1876.53,3.05303381,34.8972492656
801230,2007-07-06,1999.43,1865.65,2007.01,1842.01,4.48371948,50.8458114408
801230,2007-07-09,2064.43,2014.25,2085.13,2004.56,4.84945959,54.6047263971
801230,2007-07-10,2013.66,2059.85,2069.81,2006.2,4.10210074,44.3013360006
801230,2007-07-11,2047.58,1993.33,2047.58,1989.96,2.64809915,30.3422538914
801230,2007-07-12,2051.29,2053.8,2070.19,2025.7,2.78909416,28.4986900774
801230,2007-07-13,2027.33,2049.35,2049.95,2001.61,2.24165616,23.5635865462
801230,2007-07-16,1937.34,2027.91,2032.31,1936.54,2.79289425,31.648190096599997
801230,2007-07-17,1980.82,1929.6,2005.59,1917.17,2.72207734,28.8922390388
801230,2007-07-18,1978.67,1972.85,2014.6,1946.94,3.12237106,36.0408801923
801230,2007-07-19,2003.51,1982.67,2021.84,1979.32,2.3510942,25.0835176272
801230,2007-07-20,2101.65,2003.28,2108.46,2002.7,4.3985267,46.459916900900005
801230,2007-07-23,2199.13,2109.02,2199.13,2109.02,5.62185444,58.334615871400004
801230,2007-07-24,2222.99,2236.55,2288.32,2202.64,6.18784414,73.58906295439999
801230,2007-07-25,2268.74,2224.73,2269.39,2224.51,4.19653648,45.9477393078
801230,2007-07-26,2363.06,2292.06,2379.87,2278.96,5.21816147,60.65909108100001
801230,2007-07-27,2435.76,2362.02,2439.45,2323.06,5.86594697,70.50584485430001
801230,2007-07-30,2485.87,2448.29,2517.62,2443.84,5.93030362,75.3349981325
801230,2007-07-31,2488.86,2476.26,2501.08,2421.87,5.28016998,60.665206907
801230,2007-08-01,2387.77,2509.12,2536.52,2379.43,6.47982416,78.1722556735
801230,2007-08-02,2478.61,2397.01,2478.61,2375.18,5.92519967,72.2479032748
801230,2007-08-03,2511.85,2496.71,2518.48,2435.24,6.13218901,82.06895728239999
801230,2007-08-06,2526.11,2523.93,2531.93,2492.4,4.97670337,65.0518059227
801230,2007-08-07,2546.89,2526.26,2577.38,2457.04,5.27328666,77.5344577225
801230,2007-08-08,2479.72,2474.2,2532.85,2439.71,4.31462517,51.7368390057
801230,2007-08-09,2496.43,2429.45,2500.51,2428.55,3.33510237,40.4425318783
801230,2007-08-10,2417.42,2446.03,2496.22,2381.01,3.76184533,45.343466096499995
801230,2007-08-13,2412.86,2364.89,2416.82,2357.36,3.47609904,39.4028273044
801230,2007-08-14,2466.29,2371.57,2469.89,2368.91,3.87000736,43.147625307700004
801230,2007-08-15,2424.03,2422.74,2470.74,2376.21,3.27924778,37.2932807191
801230,2007-08-16,2434.53,2366.24,2444.59,2366.24,3.41962305,36.1382661117
801230,2007-08-17,2428.83,2386.23,2460.18,2381.14,3.64829846,37.143754477899996
801230,2007-08-20,2509.34,2416.97,2509.75,2416.94,4.57925109,49.7456666013
801230,2007-08-21,2521.56,2479.83,2541.37,2479.09,5.395033,57.259441924799994
801230,2007-08-22,2520.97,2441.33,2530.45,2441.33,4.98035241,53.0273564095
801230,2007-08-23,2548.84,2484.28,2553.45,2483.68,4.99662702,55.163068956400004
801230,2007-08-24,2560.2,2509.92,2569.5,2509.25,5.5298288,62.8572953669
801230,2007-08-27,2529.14,2527.38,2582.76,2522.35,4.74181902,53.8616372249
801230,2007-08-28,2522.45,2469.99,2533.14,2469.99,4.60603338,49.3988010181
801230,2007-08-29,2500.52,2466.45,2530.13,2466.23,4.90376479,51.027903125
801230,2007-08-30,2577.56,2459.53,2578.44,2459.3,5.59997386,60.0106476007
801230,2007-08-31,2587.68,2566.63,2609.34,2546.34,5.68530453,62.9245597236
801230,2007-09-03,2651.01,2558.34,2657.03,2558.21,6.6233338,74.9279825079
801230,2007-09-04,2618.98,2610.59,2657.94,2609.91,5.77127802,62.412057312799995
801230,2007-09-05,2615.89,2575.7,2643.85,2569.79,4.67713199,53.2871191716
801230,2007-09-06,2629.24,2580.14,2640.9,2580.14,4.79879526,54.0409353804
801230,2007-09-07,2603.51,2575.47,2643.19,2574.17,5.80821388,67.54339711819999
801230,2007-09-10,2655.29,2534.66,2656.19,2534.66,5.80415082,63.1296149363
801230,2007-09-11,2511.01,2606.84,2660.85,2505.15,5.30873214,58.4218330446
801230,2007-09-12,2502.59,2448.59,2540.89,2431.49,4.43195531,47.363142456400006
801230,2007-09-13,2475.61,2561.47,2566.32,2443.68,3.63228271,49.0420620784
801230,2007-09-14,2446.32,2435.88,2452.1,2406.45,3.15793398,37.0416818968
801230,2007-09-17,2496.08,2400.91,2507.81,2400.91,5.20843672,72.380785727
801230,2007-09-18,2497.92,2500.86,2519.52,2461.7,4.86980563,61.9913962292
801230,2007-09-19,2464.92,2502.9,2502.9,2448.05,4.17310378,51.685946773599994
801230,2007-09-20,2494.37,2467.52,2507.68,2441.21,4.63468831,63.816129087600004
801230,2007-09-21,2450.72,2488.71,2491.44,2390.59,3.96782504,49.9065892714
801230,2007-09-24,2473.07,2465.39,2481.18,2422.91,4.23550949,51.2214121641
801230,2007-09-25,2469.86,2472.49,2502.59,2449.32,3.66469349,46.5647445036
801230,2007-09-26,2415.82,2474.29,2484.09,2398.75,2.62998295,34.9191184676
801230,2007-09-27,2419.92,2426.67,2431.95,2401.23,2.32672434,27.478964001799998
801230,2007-09-28,2468.9,2439.3,2477.24,2439.02,3.50803515,44.567831474799995
801230,2007-10-08,2491.32,2518.17,2521.89,2480.13,4.36127873,54.5191487434
801230,2007-10-09,2521.99,2490.47,2526.03,2472.72,4.11943013,50.33345099
801230,2007-10-10,2470.47,2533.85,2533.85,2458.06,3.92152173,49.6324969618
801230,2007-10-11,2399.21,2469.24,2471.04,2397.52,3.96173217,47.6737539867
801230,2007-10-12,2299.22,2398.07,2399.91,2208.65,5.39008179,62.274525722700005
801230,2007-10-15,2298.55,2302.89,2318.35,2216.23,3.90443133,49.5861062498
801230,2007-10-16,2317.4,2295.05,2321.91,2261.89,2.69453085,33.2022946294
801230,2007-10-17,2299.84,2323.89,2323.89,2275.17,2.73782258,33.4647991461
801230,2007-10-18,2268.33,2300.24,2302.89,2250.78,2.83201802,32.7610798979
801230,2007-10-19,2264.13,2278.87,2300.25,2253.27,2.18769138,26.1656536415
801230,2007-10-22,2178.5,2243.49,2244.2,2177.81,2.14129944,24.5506141046
801230,2007-10-23,2156.54,2171.68,2194.36,2099.3,2.21606421,25.7485132804
801230,2007-10-24,2115.12,2160.83,2168.69,2109.76,1.99327992,22.453384795999998
801230,2007-10-25,1965.01,2094.67,2102.14,1945.49,2.90613521,31.2353058804
801230,2007-10-26,1975.18,1934.87,1995.03,1934.07,2.08686609,21.4996930703
801230,2007-10-29,1970.93,1977.15,1984.08,1934.64,1.84434718,20.2358083672
801230,2007-10-30,2010.09,1973.57,2010.61,1938.01,1.90018329,20.2824848515
801230,2007-10-31,2107.88,2016.74,2116.8,2007.61,2.44723846,28.9385062777
801230,2007-11-01,2040.85,2115.37,2115.37,2040.85,2.17080134,24.8326480927
801230,2007-11-02,2006.5,2004.29,2035.1,1984.1,1.98922523,21.3000935817
801230,2007-11-05,2034.81,2002.5,2050.15,1985.14,1.71466472,17.9266061323
801230,2007-11-06,2045.91,2032.25,2066.06,2028.58,1.35090542,13.7258349403
801230,2007-11-07,2038.94,2058.24,2066.46,2003.29,1.57525855,16.1219317665
801230,2007-11-08,1947.88,2031.66,2034.06,1947.5,1.73084904,16.9150107148
801230,2007-11-09,1912.77,1932.11,1950.29,1891.46,1.66349151,16.7427742125
801230,2007-11-12,1873.4,1882.21,1887.32,1831.85,1.69271825,16.612230039900002
801230,2007-11-13,1884.72,1895.87,1911.78,1864.58,1.42718438,13.8732840586
801230,2007-11-14,1960.57,1903.95,1960.57,1899.23,1.74608697,18.4955142335
801230,2007-11-15,1930.09,1954.0,1968.01,1926.89,1.6919368,18.6643491272
801230,2007-11-16,1937.28,1912.52,1940.79,1898.2,1.57153304,15.923180311400001
801230,2007-11-19,1986.14,1946.2,1991.3,1945.72,2.19966332,21.9233150697
801230,2007-11-20,2000.05,1988.35,2018.89,1977.69,1.9472497,21.504534669699996
801230,2007-11-21,1969.0,1997.24,2020.35,1967.13,1.95753741,20.4800981735
801230,2007-11-22,1879.61,1940.91,1951.1,1874.59,1.7734126,18.039933201
801230,2007-11-23,1917.04,1866.88,1917.04,1849.09,1.17724917,12.8576819774
801230,2007-11-26,1907.55,1939.84,1956.24,1866.88,1.42656157,16.3287418353
801230,2007-11-27,1921.77,1898.77,1932.64,1898.77,1.18006813,14.464781993099999
801230,2007-11-28,1892.92,1929.12,1936.82,1882.19,1.43991182,15.596395893699999
801230,2007-11-29,1933.18,1913.2,1936.93,1872.09,1.86077946,19.278109751
801230,2007-11-30,1899.72,1927.69,1936.27,1897.52,1.61837485,16.5170341872
801230,2007-12-03,1927.22,1888.33,1937.3,1885.98,1.40835622,16.8557326863
801230,2007-12-04,1938.13,1927.27,1938.51,1923.47,1.43061923,15.8835537645
801230,2007-12-05,1962.09,1933.99,1964.79,1929.52,1.82163669,20.3260550579
801230,2007-12-06,1991.14,1965.43,1991.41,1959.0,1.74572267,21.3190625049
801230,2007-12-07,2030.78,1993.27,2030.78,1991.06,2.17013579,26.9807331455
801230,2007-12-10,2082.7,1995.92,2082.8,1995.92,2.65316596,32.6726581694
801230,2007-12-11,2091.33,2079.04,2097.95,2062.35,2.97789887,37.7825828384
801230,2007-12-12,2105.05,2097.02,2122.07,2077.01,3.07980106,40.403498879000004
801230,2007-12-13,2027.42,2099.62,2114.08,2027.42,2.67904374,31.181334592800003
801230,2007-12-14,2075.17,2006.77,2075.17,1990.27,2.11401031,27.681862308200003
801230,2007-12-17,2057.67,2076.74,2093.34,2057.6,2.31360061,32.183800454200004
801230,2007-12-18,2055.07,2048.84,2072.47,2045.13,1.60351477,20.8497576195
801230,2007-12-19,2115.12,2066.7,2124.47,2063.86,2.40114587,30.625836084299998
801230,2007-12-20,2137.96,2119.72,2146.7,2115.8,2.57879185,30.232089892199998
801230,2007-12-21,2157.35,2121.33,2161.62,2121.33,2.59099198,31.9056992602
801230,2007-12-24,2199.37,2170.15,2207.14,2170.15,3.42325778,41.7242946325
801230,2007-12-25,2207.76,2205.36,2209.91,2184.88,3.03480002,36.8425420415
801230,2007-12-26,2264.49,2208.56,2268.81,2208.15,3.33806685,41.3060544356
801230,2007-12-27,2286.26,2259.39,2295.86,2258.96,3.51031512,41.185210197399996
801230,2007-12-28,2281.87,2289.25,2305.61,2270.05,2.94680335,37.423616702800004
801230,2008-01-02,2352.37,2287.01,2352.55,2281.17,3.06635789,41.351562073400004
801230,2008-01-03,2393.03,2366.79,2393.5,2343.11,3.52271158,45.457855721
801230,2008-01-04,2408.61,2401.41,2413.71,2371.9,3.24695549,36.5880325591
801230,2008-01-07,2463.32,2423.95,2467.08,2422.03,3.79360661,50.4031501005
801230,2008-01-08,2407.74,2458.9,2473.38,2384.96,3.98782285,54.3775105003
801230,2008-01-09,2458.96,2391.72,2459.15,2383.64,3.25889703,38.615674441100005
801230,2008-01-10,2494.33,2478.78,2524.57,2477.07,4.05072937,49.5517884457
801230,2008-01-11,2507.86,2498.16,2511.51,2471.97,3.98647779,48.7563852303
801230,2008-01-14,2541.09,2518.09,2550.91,2494.54,3.97865146,49.5922949717
801230,2008-01-15,2547.56,2543.99,2549.92,2513.0,3.64717536,43.9863997707
801230,2008-01-16,2490.35,2530.87,2534.97,2479.78,4.17421109,52.805869540399996
801230,2008-01-17,2403.07,2470.54,2510.14,2333.16,3.96578293,49.4644594656
801230,2008-01-18,2427.67,2401.12,2433.3,2380.34,3.15723531,38.0409233364
801230,2008-01-21,2323.7,2440.73,2441.22,2314.79,4.03320435,47.3760464641
801230,2008-01-22,2125.84,2261.18,2265.42,2119.39,4.77494964,51.8441281189
801230,2008-01-23,2211.58,2109.1,2212.49,2086.9,5.17966417,56.4994596462
801230,2008-01-24,2266.59,2232.46,2287.74,2204.16,4.88044276,56.996079875
801230,2008-01-25,2289.78,2274.66,2308.95,2250.35,5.88133624,67.2423427486
801230,2008-01-28,2118.97,2286.1,2286.47,2114.59,4.34053219,48.169395201499995
801230,2008-01-29,2163.76,2125.43,2183.28,2106.17,3.34841251,37.5104565335
801230,2008-01-30,2157.41,2178.53,2210.06,2103.05,3.15501768,34.4358442484
801230,2008-01-31,2100.99,2155.14,2177.92,2099.31,2.29745331,27.314061316300002
801230,2008-02-01,2002.51,2104.37,2114.15,1940.71,2.60884993,27.2456560742
801230,2008-02-04,2165.79,2058.8,2167.99,2054.03,2.49579659,27.877293340799998
801230,2008-02-05,2194.78,2162.22,2216.55,2137.21,2.69912781,32.9128972064
801230,2008-02-13,2175.44,2168.79,2213.43,2154.32,2.10693796,26.8082989172
801230,2008-02-14,2216.7,2187.57,2224.64,2185.82,1.85410786,21.7332626453
801230,2008-02-15,2188.48,2205.17,2206.14,2146.35,2.16824184,24.8644252453
801230,2008-02-18,2245.56,2209.36,2258.68,2207.06,3.02070396,36.8162148273
801230,2008-02-19,2310.44,2249.66,2310.44,2238.02,3.21063107,40.5546826251
801230,2008-02-20,2287.45,2308.07,2328.22,2284.8,3.53777331,41.5685692232
801230,2008-02-21,2301.79,2252.86,2321.7,2248.78,4.35653874,53.6560248863
801230,2008-02-22,2266.73,2284.38,2300.55,2234.11,4.11954481,47.8479394991
801230,2008-02-25,2174.94,2260.24,2280.27,2163.32,3.28713911,38.1491970038
801230,2008-02-26,2192.78,2223.38,2246.39,2122.96,3.01901433,34.208150059699996
801230,2008-02-27,2249.14,2205.39,2252.89,2188.21,3.14888558,37.9204679935
801230,2008-02-28,2264.64,2254.39,2293.25,2237.54,4.06837173,47.352282761400005
801230,2008-02-29,2297.73,2266.03,2299.84,2265.99,4.16583104,50.4364447579
801230,2008-03-03,2380.87,2294.68,2381.17,2280.38,5.23026376,67.4243670353
801230,2008-03-04,2359.16,2387.03,2403.31,2351.51,5.54364438,71.3955697341
801230,2008-03-05,2385.54,2346.22,2385.54,2308.56,4.4377049,57.593765830900004
801230,2008-03-06,2384.22,2389.69,2430.76,2379.3,4.76670487,66.3594833713
801230,2008-03-07,2320.46,2368.37,2369.28,2312.38,3.22596811,42.2435644402
801230,2008-03-10,2245.71,2303.07,2304.03,2226.93,2.29764042,28.794381403699997
801230,2008-03-11,2280.06,2225.25,2280.12,2193.11,2.53128215,35.7000944058
801230,2008-03-12,2223.44,2316.82,2322.75,2223.31,2.7772542,36.3459917572
801230,2008-03-13,2146.04,2213.62,2216.82,2111.17,2.59047517,29.552215764699998
801230,2008-03-14,2120.66,2117.79,2154.67,2094.18,2.00038813,27.5084461882
801230,2008-03-17,1954.05,2110.19,2111.78,1952.0,2.47133981,29.279344973
801230,2008-03-18,1803.15,1915.37,1958.19,1783.06,2.7958759,28.7328436628
801230,2008-03-19,1893.6,1849.02,1916.17,1815.52,3.33618195,38.0935131692
801230,2008-03-20,2000.42,1866.14,2017.0,1820.64,4.10268502,50.758822545200005
801230,2008-03-21,2033.51,2003.17,2060.83,1991.74,3.53647329,48.861620657299994
801230,2008-03-24,2001.08,2071.93,2077.47,2001.08,3.48058256,46.1718340179
801230,2008-03-25,2028.83,1955.82,2037.13,1941.22,3.04810288,39.4392295829
801230,2008-03-26,2007.15,2040.81,2056.64,1994.89,2.53078758,31.464229490300003
801230,2008-03-27,1883.43,1966.38,1975.67,1883.43,2.66447701,30.943944443600003
801230,2008-03-28,1945.75,1853.53,1951.84,1808.87,2.67526386,33.0807326106
801230,2008-03-31,1852.31,1883.99,1929.23,1851.61,2.07869364,25.5169688981
801230,2008-04-01,1713.26,1843.24,1868.91,1708.87,2.45193642,26.4224266708
801230,2008-04-02,1612.1,1719.9,1739.35,1595.48,2.4015926,24.651889171399997
801230,2008-04-03,1640.38,1583.37,1666.53,1544.75,2.34973641,23.0995232338
801230,2008-04-07,1725.46,1614.87,1735.29,1600.23,2.62947579,25.1789578683
801230,2008-04-08,1773.57,1723.24,1784.57,1710.76,3.07885327,32.2980328259
801230,2008-04-09,1654.06,1753.67,1786.41,1653.9,2.7257678,29.6226673298
801230,2008-04-10,1708.79,1628.6,1709.42,1617.99,2.30660163,24.53363473
801230,2008-04-11,1748.76,1715.7,1754.73,1706.1,2.42504482,30.068151068899997
801230,2008-04-14,1632.27,1708.26,1711.41,1622.88,2.4487548,27.549697099899998
801230,2008-04-15,1684.81,1622.87,1685.45,1606.22,2.48957773,28.9706754296
801230,2008-04-16,1639.67,1680.17,1686.45,1622.96,2.17184295,24.5292452826
801230,2008-04-17,1589.06,1635.32,1666.75,1561.01,2.20825302,24.4489132552
801230,2008-04-18,1504.33,1565.46,1578.39,1501.66,2.05463082,20.7346165415
801230,2008-04-21,1497.07,1604.7,1605.75,1483.23,2.59182733,28.8054029652
801230,2008-04-22,1463.55,1458.99,1480.34,1387.93,1.97623616,19.6636963444
801230,2008-04-23,1520.0,1451.15,1532.88,1439.63,2.58136753,24.833757384899997
801230,2008-04-24,1656.26,1647.65,1656.32,1606.34,5.05159612,51.7065303495
801230,2008-04-25,1685.69,1659.56,1739.14,1643.81,5.01666495,57.3301261406
801230,2008-04-28,1687.24,1666.14,1705.84,1656.67,3.26153639,37.2386963457
801230,2008-04-29,1708.98,1686.18,1709.83,1677.75,3.21699487,39.288033812600005
801230,2008-04-30,1769.09,1721.73,1774.87,1709.92,4.11383493,48.094189351000004
801230,2008-05-05,1817.99,1790.91,1826.25,1750.8,3.93173474,46.8123535675
801230,2008-05-06,1829.66,1805.03,1864.99,1778.94,5.13019002,60.643113095699995
801230,2008-05-07,1746.05,1819.7,1843.09,1745.04,4.31726182,50.5114417085
801230,2008-05-08,1789.65,1736.27,1790.49,1724.99,4.08154584,45.3864731944
801230,2008-05-09,1770.33,1799.96,1805.71,1729.48,3.75711484,45.7507535049
801230,2008-05-12,1796.68,1743.56,1811.24,1717.73,3.50647531,42.393598976599996
801230,2008-05-13,1761.54,1727.77,1789.71,1725.34,4.2552443,48.264998804799994
801230,2008-05-14,1817.91,1759.79,1826.52,1759.3,3.52091776,38.598655656300004
801230,2008-05-15,1800.58,1826.76,1848.47,1800.58,3.50810976,39.059793736799996
801230,2008-05-16,1782.27,1805.14,1821.0,1752.54,2.76682644,33.5262921107
801230,2008-05-19,1779.27,1771.04,1790.65,1744.07,2.04745401,23.4200457696
801230,2008-05-20,1672.77,1777.64,1796.03,1663.93,2.73034935,30.451730549
801230,2008-05-21,1712.23,1651.31,1725.15,1614.72,2.86707138,32.483831063000004
801230,2008-05-22,1701.19,1696.67,1738.63,1682.55,3.17599013,37.1987730723
801230,2008-05-23,1686.6,1688.42,1705.92,1645.98,2.68163541,29.148189316999996
801230,2008-05-26,1624.36,1667.06,1674.39,1623.7,2.34017069,25.7266909615
801230,2008-05-27,1639.74,1614.61,1643.59,1609.71,1.72244635,18.9759120893
801230,2008-05-28,1693.07,1643.72,1698.43,1631.3,2.18597026,24.670723939699997
801230,2008-05-29,1638.94,1685.32,1690.61,1637.8,2.00550422,22.8587065719
801230,2008-05-30,1661.66,1641.67,1664.68,1628.28,2.14709539,24.0657611373
801230,2008-06-02,1665.2,1654.39,1689.93,1625.41,2.0470238,21.6904926107
801230,2008-06-03,1665.78,1659.7,1699.31,1621.18,2.02962007,25.335306316599997
801230,2008-06-04,1636.78,1656.21,1682.81,1601.49,2.09747304,21.651761256100002
801230,2008-06-05,1621.56,1627.19,1639.77,1613.22,1.63782477,16.3030216689
801230,2008-06-06,1614.09,1622.65,1629.85,1605.72,1.48286899,14.4703885329
801230,2008-06-10,1491.02,1554.63,1570.91,1489.31,1.62436456,16.4775913367
801230,2008-06-11,1424.43,1434.41,1447.22,1398.43,1.81840432,16.868687703
801230,2008-06-12,1384.44,1400.55,1425.93,1355.66,2.00746531,18.6271176224
801230,2008-06-13,1317.28,1388.56,1402.29,1314.56,1.9317211,17.6706765244
801230,2008-06-16,1281.86,1313.38,1324.89,1260.14,1.59919884,14.337718125899999
801230,2008-06-17,1189.01,1278.42,1290.05,1186.78,1.99134708,16.2933179775
801230,2008-06-18,1252.63,1172.66,1260.45,1140.6,3.28357713,25.372409600300003
801230,2008-06-19,1154.98,1236.05,1248.63,1153.45,2.80337665,26.327076173000002
801230,2008-06-20,1184.9,1161.99,1224.2,1112.21,3.20373106,28.9586982313
801230,2008-06-23,1166.24,1164.36,1193.5,1154.38,1.91587946,20.3024907871
801230,2008-06-24,1216.17,1158.54,1219.13,1156.9,1.96717985,19.3205697955
801230,2008-06-25,1294.5,1223.5,1294.5,1196.97,2.81096359,25.6907510777
801230,2008-06-26,1305.28,1291.77,1325.78,1283.03,3.27424999,30.779826212899998
801230,2008-06-27,1200.39,1252.69,1261.75,1190.45,2.77932005,24.4716662025
801230,2008-06-30,1219.58,1195.23,1227.08,1188.36,1.6744669,19.3420514386
801230,2008-07-01,1191.01,1222.59,1229.62,1185.15,1.70986678,19.383022032
801230,2008-07-02,1206.93,1192.42,1226.76,1185.37,1.67495251,15.1687834448
801230,2008-07-03,1266.25,1186.82,1274.58,1178.95,3.1349938,29.7091140772
801230,2008-07-04,1266.64,1255.93,1283.56,1251.22,2.8075249,28.0582932601
801230,2008-07-07,1317.34,1267.81,1324.13,1266.87,3.10900003,31.6760079913
801230,2008-07-08,1338.94,1320.37,1346.57,1300.76,3.54710165,34.0130808647
801230,2008-07-09,1385.08,1343.17,1385.08,1341.59,4.38656999,38.1940474135
801230,2008-07-10,1371.22,1369.98,1411.14,1363.28,4.27945504,37.2988860361
801230,2008-07-11,1363.25,1366.68,1376.57,1338.59,3.70844301,33.3856825493
801230,2008-07-14,1392.31,1351.79,1392.31,1351.59,3.35727237,29.4796317299
801230,2008-07-15,1349.74,1392.47,1397.98,1337.13,3.56469634,33.775474569800004
801230,2008-07-16,1270.13,1331.95,1338.77,1252.2,2.90160533,25.6631156806
801230,2008-07-17,1237.48,1287.35,1300.99,1232.6,2.60937952,25.773756344699997
801230,2008-07-18,1283.45,1243.28,1288.03,1215.1,2.59060604,24.6463411421
801230,2008-07-21,1349.57,1278.27,1353.65,1271.16,3.08127145,27.800372383499997
801230,2008-07-22,1349.56,1347.62,1375.96,1345.59,3.23406778,30.4539235214
801230,2008-07-23,1341.45,1354.48,1363.36,1334.32,2.8669519,24.845261488400002
801230,2008-07-24,1379.75,1349.97,1386.11,1348.73,3.55180297,29.121313812100002
801230,2008-07-25,1360.4,1359.66,1373.89,1354.04,2.95228062,24.7379585373
801230,2008-07-28,1385.93,1369.48,1392.29,1369.27,3.27989734,26.8030225252
801230,2008-07-29,1351.02,1371.6,1372.05,1342.69,3.35189302,29.0847998368
801230,2008-07-30,1344.98,1369.97,1370.87,1330.55,2.35281524,19.858997156300003
801230,2008-07-31,1312.39,1354.23,1355.03,1311.57,1.95001041,13.6990204528
801230,2008-08-01,1333.44,1296.8,1341.57,1284.91,2.20051714,21.1301123943
801230,2008-08-04,1297.2,1322.41,1333.41,1295.36,1.8108139,15.26234347
801230,2008-08-05,1247.76,1294.6,1304.67,1242.15,1.82259943,14.672991071099998
801230,2008-08-06,1253.99,1258.08,1270.89,1225.66,1.6867151,14.2224777573
801230,2008-08-07,1272.73,1255.39,1272.73,1242.09,2.12924433,17.1271987724
801230,2008-08-08,1171.94,1275.63,1276.57,1170.86,2.40138276,18.9794900856
801230,2008-08-11,1088.54,1155.75,1165.69,1083.21,2.61366802,17.3706656863
801230,2008-08-12,1059.51,1064.52,1074.58,1046.36,2.01607617,12.6653017087
801230,2008-08-13,1038.44,1035.15,1047.99,996.92,2.30168459,15.659195431199999
801230,2008-08-14,1042.03,1032.2,1047.55,1020.28,2.17245778,16.0688648306
801230,2008-08-15,1037.75,1033.14,1054.56,1021.86,2.05824198,15.3811255402
801230,2008-08-18,957.92,1040.2,1041.37,956.88,2.04857763,13.523517248900001
801230,2008-08-19,967.23,936.0,970.76,931.46,1.96877956,12.895060052
801230,2008-08-20,1044.08,958.21,1046.72,949.71,3.2720349,21.466800401900002
801230,2008-08-21,1021.59,1024.32,1053.92,1012.19,3.27529307,21.5229656962
801230,2008-08-22,1011.52,1005.8,1025.95,975.95,3.05002218,20.5751967365
801230,2008-08-25,1001.08,1009.52,1021.02,993.28,2.09835449,13.7877927403
801230,2008-08-26,953.98,986.33,988.13,935.31,2.51545937,15.523714412
801230,2008-08-27,955.13,940.52,967.32,928.84,2.44432047,15.202002068699999
801230,2008-08-28,952.02,951.87,966.91,946.23,1.75631322,10.6978710236
801230,2008-08-29,978.67,959.89,990.41,956.08,2.0157848,10.897799067100001
801230,2008-09-01,954.37,970.92,987.69,937.65,2.10359913,12.614595980499999
801230,2008-09-02,963.83,946.3,972.39,937.83,2.03766142,11.261448850999999
801230,2008-09-03,964.12,959.6,973.55,944.11,2.78743247,15.7596183678
801230,2008-09-04,968.27,955.05,979.06,949.78,1.92566088,10.5336349113
801230,2008-09-05,929.99,941.11,953.02,928.34,2.41803375,14.049318924100001
801230,2008-09-08,889.22,924.72,932.9,884.2,2.55456035,14.389875717
801230,2008-09-09,895.39,892.68,903.93,882.21,2.19599275,11.8992402563
801230,2008-09-10,905.46,887.36,921.58,880.76,2.58658673,14.6050955794
801230,2008-09-11,884.12,897.72,906.97,878.25,1.96260598,10.4608908617
801230,2008-09-12,878.4,881.65,894.28,877.2,1.71693161,8.8216574826
801230,2008-09-16,847.16,873.7,874.21,839.24,2.35359948,11.7095846472
801230,2008-09-17,819.46,847.49,855.44,813.57,2.09119211,10.3041377461
801230,2008-09-18,792.06,795.26,808.34,750.19,2.86428025,13.1263923258
801230,2008-09-19,865.08,859.62,865.08,849.07,3.05508905,15.415008332000001
801230,2008-09-22,906.71,915.99,940.51,870.56,5.51691194,29.3305615517
801230,2008-09-23,847.12,873.46,874.02,846.77,3.0655866,15.753446212
801230,2008-09-24,867.84,826.21,867.84,821.69,2.79846389,14.4947197025
801230,2008-09-25,894.91,868.4,897.89,864.2,4.58525429,24.7857852302
801230,2008-09-26,904.41,899.25,911.37,883.56,4.33922872,22.9045113992
801230,2008-10-06,881.42,883.58,894.89,876.32,3.36223297,17.336991271800002
801230,2008-10-07,875.69,845.14,885.77,840.82,2.69287854,13.7562106509
801230,2008-10-08,847.23,855.76,868.67,836.65,2.4382724,12.541829615
801230,2008-10-09,841.85,862.89,865.75,840.28,2.39811997,11.846988548599999
801230,2008-10-10,780.02,809.64,811.68,778.5,2.69595414,12.0812059508
801230,2008-10-13,796.96,765.52,796.96,738.16,2.35646348,10.503094296
801230,2008-10-14,770.94,819.98,821.9,770.94,2.86452044,13.3578834451
801230,2008-10-15,766.94,761.72,772.97,753.56,1.82642615,8.148050041900001
801230,2008-10-16,719.23,734.51,745.73,718.9,2.22739397,9.157539331799999
801230,2008-10-17,725.43,728.27,732.33,715.68,1.54416543,6.337579012999999
801230,2008-10-20,754.49,726.44,756.96,716.58,1.9608705,8.5346139021
801230,2008-10-21,750.21,756.39,769.55,749.01,2.4804249,10.7031670407
801230,2008-10-22,732.2,739.62,753.95,731.99,2.09498614,8.3191730922
801230,2008-10-23,744.7,720.01,744.7,718.05,1.85362317,7.6127325787
801230,2008-10-24,728.9,743.63,749.29,721.48,1.65038108,6.8939176044
801230,2008-10-27,663.4,711.19,714.87,663.4,1.76052815,6.831016438
801230,2008-10-28,680.64,646.41,684.83,646.34,2.03686021,7.5496232463
801230,2008-10-29,649.14,690.26,691.1,649.03,1.87943264,6.8915407544
801230,2008-10-30,651.83,654.86,664.19,644.8,1.62435726,5.7188798152
801230,2008-10-31,639.84,653.03,658.07,635.84,1.6543706,5.8141780886
801230,2008-11-03,623.71,635.4,641.08,620.89,1.3830622,4.665062617699999
801230,2008-11-04,614.84,620.61,624.55,604.42,1.62346116,5.1565598518
801230,2008-11-05,634.59,618.56,639.66,618.0,2.19719413,7.1033261705
801230,2008-11-06,619.07,619.14,622.63,612.37,1.77499076,5.7205443575
801230,2008-11-07,633.22,605.68,637.88,604.39,2.06622575,6.7569556649
801230,2008-11-10,680.05,645.32,681.08,641.87,3.27589846,11.5711881026
801230,2008-11-11,673.85,677.68,690.22,671.7,3.64919775,13.3066074507
801230,2008-11-12,694.8,666.12,694.8,664.72,2.68128682,9.4731124008
801230,2008-11-13,727.35,688.59,736.12,687.45,4.84510819,18.1090810684
801230,2008-11-14,759.37,735.28,759.52,723.7,5.34949776,20.9036220456
801230,2008-11-17,795.14,754.32,795.33,749.81,5.57455876,22.43589284
801230,2008-11-18,737.87,791.83,802.8,733.67,6.62820679,27.037177645
801230,2008-11-19,786.79,732.59,789.5,732.46,5.12174685,20.773217195999997
801230,2008-11-20,795.12,774.36,807.02,769.53,5.68569148,23.315314834200002
801230,2008-11-21,787.53,771.26,810.44,747.62,5.62059385,23.3895750272
801230,2008-11-24,743.76,785.03,790.78,743.25,3.48459202,14.112612096
801230,2008-11-25,741.66,755.01,760.43,721.85,2.6980964,10.4740211438
801230,2008-11-26,741.85,740.81,754.56,731.5,2.22210083,8.467688708999999
801230,2008-11-27,751.66,794.01,794.51,751.5,4.93676626,19.116412968
801230,2008-11-28,743.6,743.18,749.95,734.6,3.13087472,12.245018352699999
801230,2008-12-01,781.58,741.91,781.58,741.87,3.95670054,16.5965887614
801230,2008-12-02,798.9,768.81,804.52,762.8,5.50239458,25.0826078369
801230,2008-12-03,830.23,802.98,830.23,799.16,6.29429364,27.918230702800003
801230,2008-12-04,832.27,840.15,861.71,831.12,7.79293289,35.1545886822
801230,2008-12-05,861.28,827.31,861.28,827.16,5.45989148,25.613618155500003
801230,2008-12-08,897.35,872.75,897.56,870.31,7.13739888,34.0285551654
801230,2008-12-09,881.57,901.06,904.27,877.0,7.16876885,35.2961345548
801230,2008-12-10,904.13,873.0,905.62,867.11,5.88231254,27.7064389868
801230,2008-12-11,875.4,902.84,903.75,875.18,5.69171385,26.5237193236
801230,2008-12-12,841.17,865.58,872.35,828.39,4.80122893,21.5638450435
801230,2008-12-15,862.41,856.01,865.67,840.46,4.47459464,21.4270788068
801230,2008-12-16,865.57,855.92,866.11,827.04,4.25462324,20.8647460224
801230,2008-12-17,883.52,867.2,891.86,863.83,4.79781836,23.6093202455
801230,2008-12-18,904.07,883.51,904.07,881.36,5.1804796,23.654589279899998
801230,2008-12-19,902.8,901.58,913.08,897.79,4.97506471,23.6082853692
801230,2008-12-22,890.91,902.62,902.92,873.04,4.59683616,22.0877290554
801230,2008-12-23,837.37,895.06,895.63,837.22,5.32713225,25.484508165599998
801230,2008-12-24,821.13,822.95,836.72,809.47,4.25785502,19.5989816503
801230,2008-12-25,818.69,822.01,829.79,804.32,3.88544303,17.2438192953
801230,2008-12-26,805.59,815.36,820.72,804.43,2.74090165,12.120160094200001
801230,2008-12-29,804.82,805.28,809.63,783.69,2.5496347,11.424888985399999
801230,2008-12-30,797.35,802.82,810.26,796.52,2.49774397,11.7909978548
801230,2008-12-31,777.7,796.58,800.02,777.01,2.46208968,11.7876191975
801230,2009-01-05,805.15,786.87,805.15,784.03,2.51322563,11.6916550992
801230,2009-01-06,831.95,801.81,831.97,798.26,3.78004431,17.5869895421
801230,2009-01-07,835.24,829.58,842.38,826.68,3.85508489,18.1409060053
801230,2009-01-08,819.99,823.34,832.44,812.3,3.62820995,17.67736993
801230,2009-01-09,834.29,818.23,835.62,816.53,2.77758765,13.1525493703
801230,2009-01-12,846.58,834.15,855.18,834.15,3.96439299,20.809326440699998
801230,2009-01-13,836.28,836.18,840.93,828.94,3.70736423,19.5880237097
801230,2009-01-14,866.65,835.43,866.65,835.3,4.25324567,22.334256526100003
801230,2009-01-15,881.82,861.56,892.69,860.07,5.7593581,31.2757412241
801230,2009-01-16,885.11,889.72,902.82,880.11,5.81862059,31.221490719899997
801230,2009-01-19,887.87,892.93,897.0,877.23,3.99709978,21.3145282859
801230,2009-01-20,901.1,884.03,901.1,881.08,3.34797039,18.279158589
801230,2009-01-21,903.85,885.67,909.12,885.0,3.86856678,20.541269340899998
801230,2009-01-22,916.65,908.08,920.4,901.79,4.3120342,23.1290320437
801230,2009-01-23,909.75,916.51,921.25,906.79,3.56174473,19.3910868185
801230,2009-02-02,941.63,917.78,941.93,911.47,4.27464751,23.0175127827
801230,2009-02-03,964.8,939.24,964.8,937.48,5.880674,30.405824219699998
801230,2009-02-04,995.31,972.75,995.31,968.38,7.28804062,38.9506143187
801230,2009-02-05,973.56,995.23,1000.89,966.04,7.35330328,40.7568685194
801230,2009-02-06,1023.37,974.89,1023.78,974.89,7.55189121,41.8005043639
801230,2009-02-09,1063.08,1037.7,1063.08,1023.16,9.38102595,54.7442847121
801230,2009-02-10,1100.19,1056.83,1100.32,1045.56,8.88016442,53.858833474099995
801230,2009-02-11,1097.3,1080.84,1127.68,1075.85,10.0005686,62.5014700737
801230,2009-02-12,1119.56,1102.32,1119.96,1068.17,8.57303489,54.0735766138
801230,2009-02-13,1157.62,1118.67,1158.85,1112.68,8.89006028,57.292481412200004
801230,2009-02-16,1181.25,1165.74,1183.85,1149.76,8.60939539,56.7243248825
801230,2009-02-17,1149.23,1177.4,1187.29,1136.07,9.09557569,63.048341537700004
801230,2009-02-18,1092.47,1117.82,1153.05,1091.51,7.20202814,48.0230368872
801230,2009-02-19,1104.71,1105.47,1112.67,1078.49,5.57241496,37.5977757366
801230,2009-02-20,1146.86,1103.02,1146.98,1099.64,5.8160636,39.3783957174
801230,2009-02-23,1197.94,1143.5,1203.56,1139.28,7.77705567,53.211290313
801230,2009-02-24,1145.86,1180.31,1204.49,1143.55,9.18064654,62.533378426599995
801230,2009-02-25,1156.01,1156.53,1180.31,1111.93,7.6771644,50.535021779
801230,2009-02-26,1072.28,1157.45,1168.86,1060.06,7.45567423,45.3696087583
801230,2009-02-27,1001.36,1054.17,1061.21,994.21,6.05565261,34.716714416900004
801230,2009-03-02,1028.19,991.31,1032.7,991.29,4.52768266,27.4839353247
801230,2009-03-03,1029.12,996.98,1038.73,993.83,4.86589651,28.674890798000003
801230,2009-03-04,1092.95,1032.94,1094.99,1028.53,6.95709062,41.3067676967
801230,2009-03-05,1108.39,1105.86,1120.59,1054.95,7.75670743,49.598946472799994
801230,2009-03-06,1109.05,1087.18,1118.39,1084.99,6.31584543,41.4171688497
801230,2009-03-09,1054.79,1111.25,1122.74,1049.2,5.84477311,36.5832602054
801230,2009-03-10,1088.0,1041.35,1088.0,1038.94,4.04543944,25.0811547385
801230,2009-03-11,1086.68,1107.62,1109.7,1058.67,5.02714705,32.9401645251
801230,2009-03-12,1103.36,1081.83,1109.86,1056.52,5.65023654,35.2763374929
801230,2009-03-13,1088.67,1106.57,1117.05,1088.37,5.06928748,32.5085381124
801230,2009-03-16,1104.0,1087.45,1104.0,1071.73,3.31482555,19.5241503952
801230,2009-03-17,1141.82,1107.4,1146.35,1100.87,6.20838355,40.9115229001
801230,2009-03-18,1159.35,1142.14,1175.64,1140.48,7.26894124,49.3031797169
801230,2009-03-19,1191.1,1162.17,1192.04,1162.17,7.66952378,51.3685583529
801230,2009-03-20,1189.64,1190.67,1198.7,1165.38,7.31506882,49.694940973
801230,2009-03-23,1215.37,1190.56,1222.31,1185.41,7.24481036,51.9998954644
801230,2009-03-24,1217.36,1226.55,1231.88,1211.71,7.23817218,50.3450451998
801230,2009-03-25,1190.88,1212.4,1233.64,1190.78,7.62918984,50.3797902515
801230,2009-03-26,1224.11,1194.77,1224.11,1173.52,7.04820613,46.5203511468
801230,2009-03-27,1241.28,1231.13,1249.53,1223.98,7.47446251,51.369695783800005
801230,2009-03-30,1249.2,1244.53,1260.13,1236.43,6.47978177,47.188126213900006
801230,2009-03-31,1268.37,1226.48,1268.37,1220.15,7.87907828,59.6791395769
801230,2009-04-01,1288.44,1269.24,1301.24,1269.03,8.97687602,66.18302207100001
801230,2009-04-02,1280.62,1292.49,1297.06,1275.53,7.34792625,53.1610913078
801230,2009-04-03,1255.37,1289.4,1290.75,1249.18,6.48509747,48.9312831153
801230,2009-04-07,1277.75,1255.51,1277.75,1252.1,4.73252313,36.1666904962
801230,2009-04-08,1240.78,1271.3,1282.38,1240.78,6.88488763,51.146896274700005
801230,2009-04-09,1265.0,1238.44,1265.0,1228.51,5.58387682,39.5274928403
801230,2009-04-10,1311.82,1275.08,1314.37,1270.22,7.61102314,59.545244023100004
801230,2009-04-13,1327.82,1327.35,1335.61,1315.74,7.78927827,62.613806251499994
801230,2009-04-14,1352.21,1323.76,1355.44,1319.83,8.07582015,60.907524767299996
801230,2009-04-15,1379.59,1345.79,1379.79,1338.71,9.66792795,75.7782785971
801230,2009-04-16,1394.46,1383.61,1404.2,1365.04,9.85682557,76.0986712856
801230,2009-04-17,1371.48,1397.01,1399.75,1351.42,8.36436838,65.4943536547
801230,2009-04-20,1409.13,1369.3,1410.06,1366.87,7.02873208,54.018423943100004
801230,2009-04-21,1413.47,1399.37,1417.07,1379.03,8.0569982,63.5471841046
801230,2009-04-22,1327.01,1416.53,1423.78,1319.89,8.61057552,65.5795289605
801230,2009-04-23,1334.5,1314.27,1389.91,1307.44,5.63116499,42.6972454636
801230,2009-04-24,1313.26,1337.2,1340.6,1310.66,4.51509122,33.8703547442
801230,2009-04-27,1275.8,1306.0,1315.3,1263.57,5.15390143,36.9682782374
801230,2009-04-28,1300.3,1266.66,1300.3,1266.34,5.02600807,33.8788819087
801230,2009-04-29,1341.88,1300.92,1344.93,1296.77,6.51880826,47.0063115692
801230,2009-04-30,1357.9,1351.94,1367.48,1345.29,7.18217804,53.900240259200004
801230,2009-05-04,1399.2,1363.49,1404.23,1359.99,6.74234041,52.6286265141
801230,2009-05-05,1413.77,1411.14,1422.37,1403.39,7.18732183,57.3579095409
801230,2009-05-06,1444.31,1412.89,1444.31,1407.93,7.52664305,58.8526495923
801230,2009-05-07,1434.79,1454.72,1457.02,1406.69,9.21789816,75.0299429801
801230,2009-05-08,1447.42,1421.73,1454.2,1405.1,9.28533983,70.0093350084
801230,2009-05-11,1391.51,1453.03,1455.22,1391.34,8.6003873,67.0739003642
801230,2009-05-12,1434.3,1378.88,1434.33,1376.4,5.88274866,45.234865685500004
801230,2009-05-13,1442.75,1430.86,1448.27,1426.71,6.23604471,45.5788976362
801230,2009-05-14,1443.89,1430.84,1450.21,1425.33,6.33420007,47.9898875392
801230,2009-05-15,1453.68,1447.3,1457.89,1435.6,6.03077611,47.2104711006
801230,2009-05-18,1466.01,1446.13,1469.77,1423.19,6.20170641,46.107749332299996
801230,2009-05-19,1473.74,1474.03,1486.83,1464.33,7.33677181,55.193393086899995
801230,2009-05-20,1466.41,1475.79,1485.63,1463.49,7.68814208,56.636254844300005
801230,2009-05-21,1447.5,1457.38,1475.58,1435.43,7.93019536,58.5763050442
801230,2009-05-22,1454.18,1443.35,1471.15,1441.23,5.41351168,43.490983128500005
801230,2009-05-25,1455.85,1413.06,1463.19,1403.03,5.14283681,40.8248312645
801230,2009-05-26,1459.04,1459.69,1483.63,1456.58,6.39508199,51.600960635
801230,2009-05-27,1456.05,1466.06,1473.79,1446.32,4.76126701,36.4593107445
801230,2009-06-01,1486.47,1470.84,1487.73,1466.21,5.56249982,41.790548504600004
801230,2009-06-02,1494.89,1491.88,1499.15,1482.2,5.90888234,45.7157163612
801230,2009-06-03,1511.66,1495.05,1514.63,1493.05,6.21229593,49.0590443639
801230,2009-06-04,1500.99,1506.63,1510.18,1479.97,6.27265872,47.195165850600006
801230,2009-06-05,1490.95,1502.31,1513.77,1490.32,5.93111431,43.7877789094
801230,2009-06-08,1492.97,1490.36,1500.36,1474.77,5.04706655,38.1014872309
801230,2009-06-09,1504.06,1490.13,1504.06,1459.04,5.12530671,38.7267034824
801230,2009-06-10,1514.37,1502.61,1520.18,1499.15,5.26691142,38.3997756241
801230,2009-06-11,1509.68,1516.53,1526.59,1499.94,5.85041693,44.0935958039
801230,2009-06-12,1472.01,1509.03,1514.16,1458.64,5.5595892,41.1797647398
801230,2009-06-15,1500.16,1471.51,1500.16,1469.93,4.25916174,32.0431615848
801230,2009-06-16,1497.27,1487.56,1502.57,1482.65,4.57789561,34.7826415909
801230,2009-06-17,1516.69,1498.69,1519.41,1489.0,5.21167198,40.3218728609
801230,2009-06-18,1522.05,1516.45,1522.28,1511.6,5.24448563,39.5041258606
801230,2009-06-19,1512.99,1519.04,1522.92,1508.1,4.9991474,37.6844816027
801230,2009-06-22,1504.95,1521.47,1522.38,1499.77,4.56994703,35.2000758691
801230,2009-06-23,1504.76,1492.29,1517.65,1486.1,3.92464466,30.174741265300003
801230,2009-06-24,1518.72,1503.9,1518.93,1499.71,3.93816813,30.3620271494
801230,2009-06-25,1519.22,1521.12,1526.47,1511.93,5.18659028,38.9132120821
801230,2009-06-26,1532.14,1519.57,1535.14,1512.82,4.3277521,32.976681664000004
801230,2009-06-29,1550.37,1537.33,1561.14,1537.27,5.8875562,46.5808437586
801230,2009-06-30,1534.28,1552.8,1553.26,1531.65,3.6977306,28.6368993794
801230,2009-07-01,1562.03,1535.77,1570.62,1534.88,5.5890747,44.3351534883
801230,2009-07-02,1592.73,1571.0,1592.73,1567.53,8.17189828,66.61331463319999
801230,2009-07-03,1610.01,1581.85,1610.01,1575.45,7.62059393,60.7389413684
801230,2009-07-06,1607.41,1615.42,1619.95,1593.77,7.87354331,63.1777462434
801230,2009-07-07,1589.25,1609.45,1613.17,1585.32,6.76995328,51.725741577700006
801230,2009-07-08,1613.75,1581.84,1618.55,1579.0,5.16719736,41.6171839544
801230,2009-07-09,1644.79,1612.21,1644.79,1607.97,6.59469704,57.0254538758
801230,2009-07-10,1664.7,1647.56,1666.97,1636.77,7.76435916,65.9227788531
801230,2009-07-13,1679.73,1647.51,1693.79,1647.51,6.54009035,57.235841776899996
801230,2009-07-14,1696.93,1686.02,1697.09,1677.24,6.3817209,55.7291133622
801230,2009-07-15,1705.86,1702.86,1708.33,1695.88,7.20381209,62.985004508
801230,2009-07-16,1688.95,1709.23,1714.72,1686.26,7.38231968,63.785591486499996
801230,2009-07-17,1700.02,1690.51,1708.74,1678.88,5.84674099,50.8382727575
801230,2009-07-20,1734.04,1704.57,1734.04,1699.29,7.93887443,68.4464883066
801230,2009-07-21,1698.99,1733.23,1735.83,1691.88,7.94925769,69.4964313412
801230,2009-07-22,1727.56,1699.66,1727.56,1699.66,6.98881571,60.6307110668
801230,2009-07-23,1774.11,1730.13,1774.11,1724.59,7.67436652,68.4309495033
801230,2009-07-24,1766.26,1790.2,1791.19,1734.71,7.8541466,69.724221795
801230,2009-07-27,1788.19,1762.88,1788.19,1760.38,7.53664053,67.74015216149999
801230,2009-07-28,1798.8,1788.36,1798.97,1763.29,7.46717893,68.24901516
801230,2009-07-29,1663.64,1790.46,1791.66,1636.56,8.01406168,69.45441921279999
801230,2009-07-30,1670.29,1665.4,1690.46,1608.71,5.6565595,47.5529542719
801230,2009-07-31,1721.78,1675.43,1726.47,1671.83,6.01791715,51.654861254
801230,2009-08-03,1743.38,1731.54,1743.38,1718.53,5.84959558,50.5057104618
801230,2009-08-04,1744.86,1743.02,1744.86,1708.04,6.16889053,53.6622985972
801230,2009-08-05,1749.6,1742.24,1762.45,1716.53,6.13623085,52.1579233092
801230,2009-08-06,1725.37,1738.03,1759.74,1690.36,6.04090601,52.5375237877
801230,2009-08-07,1675.51,1725.18,1735.79,1666.87,5.3494921,44.5549517424
801230,2009-08-10,1684.47,1694.45,1701.68,1655.05,4.18348967,33.4885316486
801230,2009-08-11,1703.7,1688.23,1705.55,1676.45,3.76166717,31.1638245887
801230,2009-08-12,1616.07,1697.7,1697.8,1612.72,4.40686728,36.9859044007
801230,2009-08-13,1623.19,1616.54,1632.67,1589.15,3.67000778,29.4680176939
801230,2009-08-14,1539.67,1623.71,1629.37,1539.67,4.1207468,34.0779784426
801230,2009-08-17,1418.91,1520.85,1522.48,1418.49,3.79324773,28.8952256989
801230,2009-08-18,1430.89,1393.06,1438.71,1391.65,2.96573256,21.4081399837
801230,2009-08-19,1340.81,1431.05,1435.59,1328.49,3.43586658,23.8259278194
801230,2009-08-20,1396.11,1344.33,1397.94,1340.9,3.41431712,23.3853126777
801230,2009-08-21,1439.33,1394.2,1442.2,1383.66,3.92609282,28.6974556025
801230,2009-08-24,1469.73,1438.0,1474.99,1427.71,3.95272037,29.5436002309
801230,2009-08-25,1462.13,1462.47,1470.99,1418.86,5.25519925,39.6534719339
801230,2009-08-26,1504.54,1447.58,1515.42,1442.97,4.73655019,36.0034439922
801230,2009-08-27,1522.62,1504.18,1535.94,1492.94,5.18315895,40.9827167902
801230,2009-08-28,1488.93,1512.45,1516.81,1471.63,3.75638531,27.7342800061
801230,2009-08-31,1391.96,1469.43,1469.49,1390.96,3.79863515,28.9169730881
801230,2009-09-01,1380.91,1380.12,1412.33,1353.93,3.24981898,24.7870797721
801230,2009-09-02,1382.39,1376.42,1393.5,1351.53,2.5096066,18.3440907246
801230,2009-09-03,1449.53,1381.69,1455.17,1375.74,4.22927684,31.175819058800002
801230,2009-09-04,1476.08,1443.65,1482.5,1437.87,4.22355202,32.2492923545
801230,2009-09-07,1490.47,1480.51,1498.48,1467.29,4.70520795,36.2641547944
801230,2009-09-08,1514.29,1479.39,1514.29,1461.23,4.48426642,34.7595309701
801230,2009-09-09,1517.18,1512.86,1519.32,1495.3,4.41255629,34.462466256999996
801230,2009-09-10,1494.62,1513.5,1526.81,1494.62,3.90772749,30.929997508099998
801230,2009-09-11,1533.45,1488.82,1540.39,1488.82,4.38933672,35.4068841853
801230,2009-09-14,1575.26,1548.62,1582.83,1543.68,6.02140408,52.597560278500005
801230,2009-09-15,1589.89,1578.24,1598.82,1566.5,5.33107595,43.838101342
801230,2009-09-16,1605.72,1587.11,1616.84,1568.41,6.25604977,49.9447510601
801230,2009-09-17,1652.12,1607.73,1657.94,1607.13,6.91163986,58.032497417399995
801230,2009-09-18,1590.6,1660.12,1663.69,1578.08,7.63626851,63.4483831579
801230,2009-09-21,1603.81,1577.3,1605.57,1534.01,4.59533777,38.3569138096
801230,2009-09-22,1551.63,1592.0,1606.07,1551.54,3.67528391,29.4778706283
801230,2009-09-23,1497.37,1540.2,1559.39,1491.22,4.36341224,37.2805827612
801230,2009-09-24,1487.2,1489.44,1511.92,1444.74,3.51315271,28.5067843533
801230,2009-09-25,1468.33,1482.01,1491.73,1462.1,2.24847101,17.7726157626
801230,2009-09-28,1424.68,1477.86,1492.0,1417.17,2.38409998,19.0354873537
801230,2009-09-29,1393.37,1424.91,1433.09,1362.38,2.39285676,18.1048249907
801230,2009-09-30,1404.66,1404.97,1421.74,1401.18,2.00882812,15.4234773553
801230,2009-10-09,1483.08,1430.78,1483.41,1428.67,2.98377156,22.877989235799998
801230,2009-10-12,1488.7,1488.3,1502.83,1473.63,3.26894714,26.604271893299998
801230,2009-10-13,1511.26,1487.04,1511.26,1483.32,2.87280367,22.1839363562
801230,2009-10-14,1530.64,1516.64,1545.78,1515.37,4.24023868,33.00639974
801230,2009-10-15,1533.48,1539.75,1543.8,1522.35,3.65545504,27.688392244899998
801230,2009-10-16,1542.56,1537.4,1542.65,1517.46,3.9110782,30.755226266199998
801230,2009-10-19,1583.65,1544.62,1583.68,1540.64,4.91512223,39.3406923468
801230,2009-10-20,1604.87,1589.86,1604.87,1586.55,5.88874843,46.5917222291
801230,2009-10-21,1609.27,1601.73,1632.21,1594.95,6.77991655,55.1746538881
801230,2009-10-22,1610.64,1602.08,1624.91,1592.31,5.17656133,40.026674834
801230,2009-10-23,1644.4,1613.07,1658.32,1611.56,7.20570713,58.6207947237
801230,2009-10-26,1636.79,1644.69,1644.69,1619.16,5.38206257,43.845473624600004
801230,2009-10-27,1597.71,1627.73,1632.64,1597.71,5.6292321,47.9026200383
801230,2009-10-28,1619.64,1590.41,1619.64,1577.59,4.67548998,39.1400649385
801230,2009-10-29,1583.66,1594.06,1605.07,1580.61,3.92704834,32.5212421399
801230,2009-10-30,1596.19,1608.19,1622.67,1591.16,4.33175672,34.8861006727
801230,2009-11-02,1641.66,1567.56,1641.66,1560.03,5.57588495,44.429121573
801230,2009-11-03,1688.7,1648.92,1690.21,1648.01,7.44535297,62.6083629436
801230,2009-11-04,1692.07,1693.35,1698.28,1674.48,6.56326755,56.7975681455
801230,2009-11-05,1708.1,1692.67,1713.99,1692.46,6.08137721,52.9189349575
801230,2009-11-06,1712.29,1714.27,1714.27,1712.29,6.75587028,58.485652215600005
801230,2009-11-09,1733.81,1716.0,1735.61,1710.31,6.23637119,53.4645755139
801230,2009-11-10,1733.07,1745.5,1749.83,1731.77,6.15639321,54.7281470365
801230,2009-11-11,1739.1,1726.3,1741.07,1713.8,5.04399599,44.0836513571
801230,2009-11-12,1743.66,1739.56,1761.53,1736.47,5.41390699,48.5235176934
801230,2009-11-13,1767.92,1735.54,1768.25,1720.62,5.82583601,53.792326324899996
801230,2009-11-16,1799.66,1775.14,1800.54,1775.14,7.08578047,64.78986086319999
801230,2009-11-17,1812.05,1801.89,1818.06,1792.24,6.29892616,58.3097804811
801230,2009-11-18,1821.24,1809.17,1821.58,1800.65,7.14651933,67.00833581100001
801230,2009-11-19,1847.12,1821.71,1847.69,1815.06,7.66638166,73.4045116107
801230,2009-11-20,1859.72,1842.21,1874.62,1830.42,7.28175662,68.6766642906
801230,2009-11-23,1908.23,1867.8,1908.23,1867.8,8.36322443,80.4804266918
801230,2009-11-24,1792.61,1913.04,1914.22,1785.78,10.02087095,94.1097692733
801230,2009-11-25,1856.33,1783.34,1857.23,1777.68,7.37957288,67.4915907276
801230,2009-11-26,1799.51,1849.07,1871.23,1789.81,8.41966603,75.4179930965
801230,2009-11-27,1730.28,1759.75,1792.49,1716.98,5.90451598,52.484507729799994
801230,2009-11-30,1803.09,1749.73,1803.09,1747.88,5.57344387,51.637740272600006
801230,2009-12-01,1857.47,1799.16,1859.19,1792.18,6.5967077,62.6324399408
801230,2009-12-02,1890.95,1860.4,1893.1,1856.67,7.50249057,71.3621288778
801230,2009-12-03,1893.6,1882.7,1895.45,1867.95,6.80363715,67.3994210944
801230,2009-12-04,1840.59,1890.63,1908.13,1795.72,7.71005441,74.1017551697
801230,2009-12-07,1882.65,1839.54,1884.5,1839.54,5.12584265,49.2410944671
801230,2009-12-08,1878.36,1884.76,1892.31,1858.06,5.46577078,51.721325202399996
801230,2009-12-09,1843.19,1862.22,1870.43,1836.45,4.774087,45.501216211000006
801230,2009-12-10,1847.64,1849.28,1866.47,1826.97,3.59668725,34.0973788579
801230,2009-12-11,1845.82,1851.16,1859.02,1838.95,3.81761267,36.3673719613
801230,2009-12-14,1842.9,1849.57,1849.71,1802.66,4.38814281,40.7297707568
801230,2009-12-15,1838.2,1839.07,1848.84,1834.3,3.99222644,37.9690751328
801230,2009-12-16,1819.72,1830.32,1839.33,1813.85,3.28198415,30.6112556229
801230,2009-12-17,1756.36,1819.38,1825.98,1755.5,3.6828356,34.6671908429
801230,2009-12-18,1682.14,1740.21,1742.49,1677.98,3.43194666,31.4925392407
801230,2009-12-21,1703.21,1680.67,1703.21,1673.69,2.43376476,21.960476168499998
801230,2009-12-22,1640.48,1705.09,1705.09,1637.04,2.82260565,24.226606665
801230,2009-12-23,1664.85,1640.27,1667.41,1637.16,2.55809058,22.8486380539
801230,2009-12-24,1712.94,1665.72,1715.57,1660.74,3.11767147,27.3720825889
801230,2009-12-25,1718.44,1711.09,1729.0,1703.57,2.82613224,25.7812297659
801230,2009-12-28,1744.52,1722.07,1744.52,1721.06,2.77902491,24.742902842800003
801230,2009-12-29,1744.02,1746.62,1752.29,1719.6,2.8918045,26.748604265
801230,2009-12-30,1746.17,1745.93,1749.4,1730.32,3.12159269,28.528383901599998
801230,2009-12-31,1764.28,1746.47,1765.75,1741.88,3.54136809,31.9122866871
801230,2010-01-04,1772.75,1770.75,1785.03,1764.18,3.93547875,37.3552333822
801230,2010-01-05,1786.77,1772.28,1786.77,1752.98,4.38619027,41.8009807008
801230,2010-01-06,1783.56,1785.93,1802.73,1776.92,4.3992473,42.9245911623
801230,2010-01-07,1758.43,1778.26,1790.12,1748.37,6.02588503,55.239011861099996
801230,2010-01-08,1783.41,1748.79,1783.94,1746.05,4.76903452,45.5005073771
801230,2010-01-11,1787.59,1798.26,1801.87,1782.54,4.72754903,46.3360149931
801230,2010-01-12,1816.92,1787.15,1817.14,1783.89,4.56651344,44.2401389017
801230,2010-01-13,1790.82,1784.69,1818.14,1776.14,5.03976329,49.853768306599996
801230,2010-01-14,1825.28,1791.45,1825.28,1790.46,4.68130773,45.49209515
801230,2010-01-15,1843.41,1826.36,1845.42,1823.72,4.55241128,43.073291958999995
801230,2010-01-18,1876.94,1845.52,1877.15,1845.01,5.46783887,52.3728784954
801230,2010-01-19,1883.5,1880.03,1889.53,1863.7,5.47498543,53.734543547200005
801230,2010-01-20,1843.05,1886.81,1892.19,1836.06,8.00010162,76.8664311892
801230,2010-01-21,1855.17,1841.78,1865.26,1831.56,6.85499538,63.9558016856
801230,2010-01-22,1812.55,1828.59,1844.19,1776.32,6.04375114,56.783312080900004
801230,2010-01-25,1792.07,1802.24,1821.9,1790.86,4.6274638,43.876728720699994
801230,2010-01-26,1718.28,1789.43,1798.61,1704.06,4.34282074,40.008433872
801230,2010-01-27,1703.83,1717.56,1733.76,1689.51,3.04800458,27.93613697
801230,2010-01-28,1730.61,1704.78,1731.13,1699.92,3.14294247,28.1770578602
801230,2010-01-29,1745.39,1715.73,1754.65,1713.78,4.32932165,38.4965964283
801230,2010-02-01,1741.09,1742.83,1751.62,1714.92,5.09385984,49.8530578682
801230,2010-02-02,1731.97,1744.55,1759.02,1730.04,5.55196301,52.8947210859
801230,2010-02-03,1771.16,1731.91,1771.26,1690.51,6.31717573,57.127408843599994
801230,2010-02-04,1796.17,1758.83,1812.92,1752.39,6.84481217,63.3105490153
801230,2010-02-05,1767.73,1761.06,1801.97,1752.13,6.48395567,61.6410295051
801230,2010-02-08,1778.72,1759.8,1783.71,1758.48,4.83083083,44.0533410796
801230,2010-02-09,1769.49,1772.86,1777.73,1756.48,3.7415765,33.7331968472
801230,2010-02-10,1784.51,1783.27,1784.51,1765.33,3.12114305,29.7065383673
801230,2010-02-11,1770.04,1786.04,1791.48,1769.54,3.08265969,28.6599281732
801230,2010-02-12,1799.55,1777.31,1799.55,1775.95,3.13602781,30.204053846599997
801230,2010-02-22,1819.53,1803.36,1833.08,1800.16,4.00364858,38.192229473000005
801230,2010-02-23,1855.69,1824.18,1855.69,1811.54,5.94666678,58.7179714188
801230,2010-02-24,1888.03,1850.25,1888.03,1841.18,7.12124821,71.28963764
801230,2010-02-25,1939.03,1903.06,1940.68,1902.73,7.88357199,80.2523924304
801230,2010-02-26,1949.91,1940.66,1959.99,1934.02,8.41413128,90.79940172479999
801230,2010-03-01,1976.21,1949.05,1983.76,1949.05,8.1989754,83.3949582652
801230,2010-03-02,1979.74,1974.27,1984.63,1967.09,8.15106516,87.1918993207
801230,2010-03-03,2014.73,1974.04,2016.92,1973.29,7.6359592,80.0591911229
801230,2010-03-04,1940.95,2019.11,2024.89,1932.85,8.59502559,87.70726146790001
801230,2010-03-05,1964.01,1942.79,1971.35,1930.83,6.68100022,67.51911363239999
801230,2010-03-08,1980.81,1965.34,1985.95,1959.03,4.98939294,51.8245459341
801230,2010-03-09,1976.2,1979.38,1988.43,1956.31,4.7861212,48.8327856143
801230,2010-03-10,1956.91,1976.98,1982.65,1939.34,5.01780753,50.8731692427
801230,2010-03-11,1936.1,1948.37,1955.64,1913.62,4.57871125,46.7727258021
801230,2010-03-12,1901.18,1931.66,1940.23,1899.51,3.9882916,41.5296649914
801230,2010-03-15,1890.08,1895.38,1902.34,1879.29,3.69545941,36.8192696464
801230,2010-03-16,1905.31,1885.94,1905.31,1877.31,2.87011497,29.5644577683
801230,2010-03-17,1963.99,1910.34,1963.99,1909.37,5.22292888,54.3516332855
801230,2010-03-18,1969.17,1963.25,1979.39,1959.7,5.21840066,57.2148258513
801230,2010-03-19,1989.36,1969.74,1989.36,1967.53,4.55008938,49.839081516099995
801230,2010-03-22,2005.58,1995.66,2005.64,1987.72,4.71452949,50.7629681159
801230,2010-03-23,1990.08,2005.27,2011.93,1980.31,4.49022943,50.3552226645
801230,2010-03-24,1989.52,1988.4,1996.57,1980.96,4.47767014,48.9998106025
801230,2010-03-25,1954.64,1985.58,1985.99,1953.95,4.95185735,53.034622679799995
801230,2010-03-26,1983.94,1951.59,1990.74,1950.24,3.98837778,42.5187637094
801230,2010-03-29,2004.73,1987.59,2004.73,1983.01,4.42294217,46.1549030992
801230,2010-03-30,2015.24,2002.86,2017.56,1996.91,4.6748185,48.4578851665
801230,2010-03-31,2017.64,2014.21,2023.04,2009.64,4.55814281,46.6145152795
801230,2010-04-01,2054.67,2025.95,2055.48,2025.06,6.36384319,65.4683687209
801230,2010-04-02,2061.33,2053.13,2067.49,2050.72,5.78757354,60.662528608500004
801230,2010-04-06,2078.97,2064.9,2079.03,2056.67,5.8838071,62.460769998100005
801230,2010-04-07,2083.05,2076.04,2088.03,2066.95,4.8806082,51.3897567834
801230,2010-04-08,2080.72,2078.31,2090.84,2075.74,5.25524682,54.040903678999996
801230,2010-04-09,2103.96,2079.19,2103.96,2075.71,5.15775145,52.3641630576
801230,2010-04-12,2104.65,2106.84,2110.12,2088.27,6.42057879,68.38038550659999
801230,2010-04-13,2085.8,2103.38,2109.1,2030.86,7.36657856,77.64658183350001
801230,2010-04-14,2107.1,2081.39,2109.66,2080.66,5.07571208,53.814426147
801230,2010-04-15,2087.49,2100.42,2108.88,2071.28,4.9756288,51.8907497418
801230,2010-04-16,2085.37,2083.84,2102.56,2059.09,3.64148435,39.281172688000005
801230,2010-04-19,1969.13,2062.85,2065.17,1969.03,5.54325374,56.708903999499995
801230,2010-04-20,1983.71,1978.37,1983.77,1928.51,4.62410374,47.9628151987
801230,2010-04-21,2048.41,1984.1,2050.21,1983.88,5.6400777,60.0686761598
801230,2010-04-22,2055.08,2042.34,2076.66,2031.71,5.89005087,65.3137949369
801230,2010-04-23,2047.17,2048.76,2069.25,2035.62,4.69190095,51.2424064621
801230,2010-04-26,2041.52,2042.24,2061.18,2036.65,3.82359591,39.6861835273
801230,2010-04-27,1986.24,2035.4,2036.47,1949.62,4.80556796,48.963910372
801230,2010-04-28,1971.36,1970.58,1991.17,1950.3,3.30105837,35.7923530968
801230,2010-04-29,1919.81,1978.73,1993.59,1919.67,3.81501441,40.385443564
801230,2010-04-30,1846.04,1907.8,1913.0,1819.38,3.66413571,35.5786085875
801230,2010-05-04,1824.86,1809.26,1857.22,1798.17,2.47182779,23.7621029927
801230,2010-05-05,1874.54,1804.6,1874.57,1799.22,3.15077465,30.2666228542
801230,2010-05-06,1820.77,1868.93,1884.38,1817.1,3.4917869,34.7131584271
801230,2010-05-07,1802.86,1775.27,1829.06,1766.51,3.1258861,30.170687009
801230,2010-05-10,1785.09,1802.26,1822.93,1735.34,2.86292342,27.667707722600003
801230,2010-05-11,1730.27,1821.49,1827.57,1723.66,3.09301787,30.2123396386
801230,2010-05-12,1681.02,1712.44,1732.44,1661.36,3.77121861,31.977763530900003
801230,2010-05-13,1716.2,1682.55,1716.2,1647.3,4.00744455,32.5180393965
801230,2010-05-14,1713.38,1703.69,1731.88,1693.72,2.89314515,25.9172598758
801230,2010-05-17,1601.33,1693.17,1694.23,1600.9,3.29751429,27.5681721874
801230,2010-05-18,1612.35,1583.38,1620.02,1553.02,3.49681548,27.3907523696
801230,2010-05-19,1602.6,1600.85,1629.43,1581.12,2.74036922,22.5349263554
801230,2010-05-20,1568.27,1586.82,1619.63,1565.12,2.95296764,23.849346781599998
801230,2010-05-21,1596.47,1518.86,1596.47,1510.21,3.5019394,28.2803276999
801230,2010-05-24,1674.94,1609.47,1679.2,1609.36,4.72108299,40.5371668656
801230,2010-05-25,1659.91,1658.21,1674.79,1639.64,4.11184929,35.260371087399996
801230,2010-05-26,1668.04,1652.02,1675.92,1650.88,2.64558511,22.721998937800002
801230,2010-05-27,1692.71,1661.8,1698.12,1640.22,3.838499,32.200866551
801230,2010-05-28,1693.26,1709.27,1715.38,1677.96,3.81886374,32.6879280667
801230,2010-05-31,1632.43,1684.66,1696.79,1632.15,3.53377771,29.033590271399998
801230,2010-06-01,1592.32,1616.56,1626.99,1559.65,2.76114024,22.9703794046
801230,2010-06-02,1617.15,1583.55,1617.21,1566.95,2.06839617,17.374074386
801230,2010-06-03,1598.06,1626.0,1639.83,1597.92,2.35251346,20.2026136042
801230,2010-06-04,1612.67,1588.71,1615.53,1583.73,1.68098273,14.345339943499999
801230,2010-06-07,1597.42,1576.83,1602.59,1570.19,2.27942331,19.0797330608
801230,2010-06-08,1625.99,1596.25,1629.92,1596.25,2.48683815,21.4673418399
801230,2010-06-09,1668.55,1637.75,1668.56,1624.11,3.45189751,29.437996293
801230,2010-06-10,1664.37,1658.06,1679.07,1653.91,2.71803455,23.247538142600003
801230,2010-06-11,1668.92,1681.84,1685.9,1666.13,2.36192923,20.502719979000002
801230,2010-06-17,1666.05,1684.14,1688.78,1665.39,1.972749,17.642174005799998
801230,2010-06-18,1609.39,1659.92,1663.51,1598.22,2.19880832,18.9509896836
801230,2010-06-21,1662.16,1608.36,1662.16,1593.05,2.93560771,24.1897955402
801230,2010-06-22,1674.06,1658.79,1678.58,1653.28,3.07595194,25.732184589699997
801230,2010-06-23,1662.88,1662.68,1679.74,1641.54,2.74527497,22.0491359154
801230,2010-06-24,1669.1,1659.75,1674.1,1647.44,2.39103059,19.6581229395
801230,2010-06-25,1648.17,1658.67,1668.19,1631.33,2.21331906,18.295478366300003
801230,2010-06-28,1629.98,1648.06,1653.94,1622.67,2.10662012,17.2240526281
801230,2010-06-29,1524.71,1630.69,1633.42,1524.63,2.68769166,20.718725186300002
801230,2010-06-30,1479.18,1506.12,1509.43,1477.16,1.77969077,13.5892676043
801230,2010-07-01,1454.47,1478.49,1489.65,1452.7,2.0173601,13.948295016700001
801230,2010-07-02,1456.31,1452.18,1461.36,1391.99,2.39342333,16.8538202744
801230,2010-07-05,1438.37,1437.26,1449.37,1415.34,1.62610636,11.3290680046
801230,2010-07-06,1478.15,1436.43,1480.12,1435.23,2.13885764,15.5622764943
801230,2010-07-07,1500.08,1477.95,1500.08,1472.49,2.42555347,16.9047581342
801230,2010-07-08,1490.29,1501.73,1508.76,1476.53,2.25324347,15.737977436600001
801230,2010-07-09,1531.54,1489.98,1536.86,1486.97,3.18115936,23.789188334400002
801230,2010-07-12,1551.14,1532.42,1555.7,1531.05,2.84995271,21.8512960021
801230,2010-07-13,1549.06,1552.44,1556.75,1531.14,2.98837256,23.2665615829
801230,2010-07-14,1587.39,1564.34,1599.67,1564.16,3.49800151,27.5480334108
801230,2010-07-15,1553.53,1582.34,1596.54,1551.4,3.25833723,24.698887756100003
801230,2010-07-16,1564.68,1544.13,1567.23,1531.51,2.69182122,20.3293708642
801230,2010-07-19,1603.08,1551.53,1605.99,1548.42,3.21484059,24.7283840114
801230,2010-07-20,1653.31,1619.53,1654.99,1605.96,4.23694671,33.2010505387
801230,2010-07-21,1667.76,1661.98,1683.82,1655.37,5.02187329,43.360691285200005
801230,2010-07-22,1684.83,1658.58,1684.83,1651.59,4.00404922,33.918242494299996
801230,2010-07-23,1682.1,1683.15,1684.89,1658.06,3.51030728,29.6779113356
801230,2010-07-26,1711.0,1689.24,1712.09,1686.29,4.65084441,40.5767834408
801230,2010-07-27,1701.02,1707.43,1711.73,1694.11,3.49422034,30.2578779224
801230,2010-07-28,1737.7,1698.56,1741.89,1695.86,5.21928354,45.136937448599994
801230,2010-07-29,1756.41,1739.09,1759.14,1731.07,5.72491497,47.300620433999995
801230,2010-07-30,1754.13,1751.29,1755.99,1733.23,3.83364808,30.9125255539
801230,2010-08-02,1784.08,1755.92,1784.08,1747.74,4.86731483,42.477308289
801230,2010-08-03,1749.69,1784.19,1789.95,1749.69,5.50001019,49.5919576813
801230,2010-08-04,1768.95,1743.1,1768.95,1723.3,4.15369005,36.805617956300004
801230,2010-08-05,1771.95,1766.7,1788.09,1756.46,3.92292968,34.5314828577
801230,2010-08-06,1800.71,1770.63,1801.55,1749.83,4.62248008,40.550362555999996
801230,2010-08-09,1817.36,1800.79,1819.98,1797.32,4.36163687,39.149523152
801230,2010-08-10,1751.1,1818.84,1824.25,1749.27,5.09182204,45.6792631197
801230,2010-08-11,1774.14,1746.33,1776.47,1745.67,3.19574061,29.057518784499997
801230,2010-08-12,1748.91,1754.27,1782.44,1742.44,3.58149099,31.6978549695
801230,2010-08-13,1778.89,1748.29,1780.02,1734.35,3.02596924,27.211342619
801230,2010-08-16,1812.32,1779.37,1816.63,1775.09,4.09393849,37.1200513446
801230,2010-08-17,1832.97,1815.71,1836.53,1811.22,4.42495167,39.5573538637
801230,2010-08-18,1829.23,1836.54,1838.64,1809.99,4.68841163,40.7093085024
801230,2010-08-19,1831.87,1827.46,1847.95,1812.99,4.51779892,40.3125212988
801230,2010-08-20,1811.53,1823.23,1833.2,1804.83,5.08360922,44.0520134699
801230,2010-08-23,1847.61,1813.18,1849.39,1809.11,5.13664019,45.3215494245
801230,2010-08-24,1866.0,1849.26,1875.56,1842.11,5.38795322,49.543819032799995
801230,2010-08-25,1828.73,1856.77,1866.63,1821.57,5.77130783,52.2867989265
801230,2010-08-26,1832.93,1832.53,1842.45,1814.57,4.26298139,37.8155886694
801230,2010-08-27,1836.75,1829.14,1844.14,1819.6,3.67369467,34.3077989988
801230,2010-08-30,1881.06,1846.29,1881.09,1843.87,5.10746929,47.941820015699996
801230,2010-08-31,1887.34,1870.91,1891.67,1864.73,4.89758474,48.0534305291
801230,2010-09-01,1860.54,1889.68,1907.01,1836.88,5.85252619,55.129063794
801230,2010-09-02,1893.11,1874.92,1896.3,1859.94,5.25544796,50.579343190799996
801230,2010-09-03,1921.14,1897.23,1930.48,1894.18,6.21402158,60.113435199799994
801230,2010-09-06,1930.96,1927.81,1937.68,1911.62,5.75960742,56.9532119984
801230,2010-09-07,1951.07,1929.16,1951.07,1919.2,4.09047546,41.0932789746
801230,2010-09-08,1964.6,1942.15,1968.76,1935.26,4.73413961,49.9304171288
801230,2010-09-09,1939.18,1966.05,1975.8,1932.67,6.05169294,60.622665740100004
801230,2010-09-10,1946.82,1935.76,1949.98,1900.03,5.03738214,48.746764733
801230,2010-09-13,1969.54,1947.55,1976.17,1939.88,4.44446595,43.9855265054
801230,2010-09-14,1992.46,1989.6,2000.79,1983.18,5.42940878,57.1245949981
801230,2010-09-15,1960.01,1983.66,2003.78,1954.55,5.74780543,59.7997487955
801230,2010-09-16,1922.32,1956.65,1964.04,1890.73,5.49383961,55.611899281899994
801230,2010-09-17,1925.99,1923.02,1942.44,1916.58,2.96386129,28.015082629200002
801230,2010-09-20,1914.58,1929.6,1936.83,1906.03,2.86260232,27.463164479899998
801230,2010-09-21,1902.75,1895.78,1920.04,1893.67,2.56750338,26.1930842698
801230,2010-09-27,1935.1,1909.57,1935.2,1900.89,2.64315689,26.1187095304
801230,2010-09-28,1930.36,1934.06,1944.41,1919.9,3.22941297,32.2216559633
801230,2010-09-29,1904.9,1925.91,1930.41,1898.19,2.98809486,29.609905577800003
801230,2010-09-30,1930.4,1895.06,1930.77,1888.76,3.0082387,29.916118442800002
801230,2010-10-08,1974.27,1942.14,1980.93,1938.13,4.31446174,40.7006004469
801230,2010-10-11,2000.52,1971.92,2006.0,1971.87,5.30634417,51.496411146199996
801230,2010-10-12,2019.41,1994.23,2020.54,1987.47,5.0766329,48.843088290699995
801230,2010-10-13,2041.93,2018.81,2044.83,2005.75,5.81643446,57.5004715756
801230,2010-10-14,1988.4,2043.63,2044.22,1988.4,5.11339609,51.4649402728
801230,2010-10-15,1993.92,1975.14,2007.24,1970.64,4.69702415,46.0026715224
801230,2010-10-18,1987.53,2005.23,2010.45,1953.68,5.56992121,53.382372232
801230,2010-10-19,2039.94,1978.67,2039.94,1975.44,4.27060472,43.3676208721
801230,2010-10-20,2040.68,2000.31,2052.82,1993.26,5.03112224,51.3193998788
801230,2010-10-21,2075.05,2043.54,2079.56,2039.44,4.58953236,49.631941704
801230,2010-10-22,2089.54,2075.76,2095.61,2054.91,4.44492908,48.9527280004
801230,2010-10-25,2148.78,2096.56,2148.78,2093.26,5.69082727,58.353371286800005
801230,2010-10-26,2176.86,2162.13,2178.99,2148.82,6.92083822,75.5909451667
801230,2010-10-27,2154.37,2173.48,2199.0,2151.2,6.07804492,66.0244727116
801230,2010-10-28,2162.76,2146.57,2173.69,2144.21,4.53354136,48.4431737138
801230,2010-10-29,2186.36,2158.49,2194.58,2152.36,4.49576587,50.8735617703
801230,2010-11-01,2227.0,2190.16,2229.54,2190.16,5.84033869,65.950628697
801230,2010-11-02,2230.63,2227.7,2257.55,2215.7,7.13679269,81.0198163356
801230,2010-11-03,2189.4,2218.52,2237.04,2184.48,6.20987499,70.461303907
801230,2010-11-04,2253.17,2198.26,2254.75,2198.07,6.23000792,68.53226977989999
801230,2010-11-05,2286.75,2268.32,2291.32,2260.19,6.84839423,76.90671881739999
801230,2010-11-08,2325.33,2293.69,2325.52,2279.4,6.72640896,74.556271123
801230,2010-11-09,2353.58,2335.34,2356.68,2320.88,8.19738206,83.9188893641
801230,2010-11-10,2359.64,2349.28,2376.15,2339.67,7.58423661,78.4917597487
801230,2010-11-11,2326.46,2351.54,2387.65,2326.46,6.98305922,76.470052917
801230,2010-11-12,2179.16,2312.46,2321.04,2174.59,8.39455537,85.8137624334
801230,2010-11-15,2212.12,2169.11,2212.99,2155.16,5.53899222,56.6289068887
801230,2010-11-16,2118.18,2210.8,2224.68,2097.22,6.32921924,62.0536483
801230,2010-11-17,2048.29,2095.99,2115.41,2033.75,4.13976952,40.7255713435
801230,2010-11-18,2078.41,2064.23,2086.46,2035.85,3.10439181,31.1835499606
801230,2010-11-19,2140.82,2087.11,2140.82,2072.94,4.05771564,41.0132438034
801230,2010-11-22,2165.63,2131.6,2187.74,2130.76,4.18973649,44.953580574700005
801230,2010-11-23,2136.97,2159.4,2159.4,2089.87,4.18815594,42.7840034093
801230,2010-11-24,2185.45,2125.21,2186.11,2123.88,3.86188661,40.778694374000004
801230,2010-11-25,2211.09,2191.3,2224.17,2190.62,4.26181814,45.636806202299994
801230,2010-11-26,2209.25,2204.37,2211.69,2184.3,3.79771873,39.3279339277
801230,2010-11-29,2212.05,2203.05,2224.04,2188.07,4.01677596,42.8294269746
801230,2010-11-30,2136.72,2204.21,2204.52,2084.27,4.47262811,46.202825947600004
801230,2010-12-01,2128.4,2118.49,2133.01,2108.32,2.76306201,27.4259763601
801230,2010-12-02,2136.43,2146.25,2160.6,2136.1,3.9476448,43.663518054300006
801230,2010-12-03,2127.89,2141.29,2144.37,2106.7,3.03152822,33.3628214451
801230,2010-12-06,2094.73,2124.25,2131.17,2082.76,2.50304905,27.5103958059
801230,2010-12-07,2119.29,2088.14,2122.6,2057.51,2.46373373,26.5380950575
801230,2010-12-08,2108.15,2116.87,2132.84,2102.85,2.42251946,28.6300893972
801230,2010-12-09,2050.91,2097.17,2097.3,2050.83,2.86071942,29.573369006100002
801230,2010-12-10,2077.52,2039.95,2080.05,2039.74,2.20230618,23.573328459899997
801230,2010-12-13,2121.39,2082.89,2121.86,2082.55,2.56793593,27.8616327974
801230,2010-12-14,2155.15,2132.83,2157.65,2124.58,3.6464787,41.4186251101
801230,2010-12-15,2150.44,2159.79,2167.1,2142.94,3.56248744,40.2779844493
801230,2010-12-16,2152.9,2144.58,2165.89,2144.31,2.76938406,30.8005238164
801230,2010-12-17,2160.34,2149.42,2166.3,2142.77,2.25760787,25.558254392800002
801230,2010-12-20,2134.95,2163.97,2171.35,2083.81,3.21963669,36.1855140538
801230,2010-12-21,2156.3,2132.44,2159.91,2113.93,2.59683735,27.9519718892
801230,2010-12-22,2130.24,2157.36,2157.36,2126.62,2.35508836,26.1943085421
801230,2010-12-23,2103.27,2129.41,2135.26,2097.91,2.40233481,26.5564531565
801230,2010-12-24,2073.55,2095.44,2095.88,2062.99,2.02950546,22.4064158666
801230,2010-12-27,2025.78,2075.33,2102.61,2024.18,2.22552933,23.1713042298
801230,2010-12-28,1988.84,2019.67,2023.16,1983.15,2.1105971,20.0478041232
801230,2010-12-29,2017.45,1988.65,2017.45,1981.99,1.60015179,15.5445879669
801230,2010-12-30,2008.58,2014.44,2021.42,1998.42,1.6827871,15.905566031300001
801230,2010-12-31,2046.78,2013.41,2048.31,2009.64,1.97740458,21.765401996999998
801230,2011-01-04,2074.22,2058.94,2076.89,2049.0,2.53276594,25.6130602485
801230,2011-01-05,2083.06,2066.29,2087.17,2059.32,2.42564006,25.6062985979
801230,2011-01-06,2074.3,2087.06,2094.84,2070.97,2.30142685,23.8697317602
801230,2011-01-07,2078.63,2070.9,2100.6,2064.67,2.48435233,26.723934562399997
801230,2011-01-10,2044.81,2078.09,2086.88,2036.35,2.5006456,25.1038551856
801230,2011-01-11,2041.83,2038.35,2041.87,2013.42,2.00167419,20.0375049069
801230,2011-01-12,2066.78,2040.79,2066.78,2030.35,1.95456715,20.814201956199998
801230,2011-01-13,2058.58,2068.1,2071.34,2049.7,1.63959979,17.2460305868
801230,2011-01-14,2025.23,2053.87,2054.51,2015.83,2.06443745,20.0939236632
801230,2011-01-17,1948.91,2012.7,2013.55,1946.37,2.04629299,19.4633270114
801230,2011-01-18,1954.52,1944.02,1961.51,1937.32,1.33580304,12.475563191900001
801230,2011-01-19,1998.37,1956.28,1999.32,1956.07,2.25870109,19.3363198923
801230,2011-01-20,1924.85,1994.02,1995.23,1924.85,2.25648302,19.9941035559
801230,2011-01-21,1938.56,1918.63,1953.02,1904.13,1.89453273,17.2480999734
801230,2011-01-24,1908.89,1934.39,1946.62,1908.51,1.56128348,14.4989713702
801230,2011-01-25,1877.02,1903.97,1906.7,1862.18,1.36200404,12.253482011900001
801230,2011-01-26,1906.23,1878.54,1907.59,1876.72,1.25660233,11.2483925305
801230,2011-01-27,1930.59,1893.13,1933.87,1881.89,1.92874342,18.6263199456
801230,2011-01-28,1946.61,1926.31,1954.15,1925.95,2.06602012,21.1052446692
801230,2011-01-31,1979.87,1948.64,1980.59,1944.3,1.92232814,18.4930274019
801230,2011-02-01,1985.63,1982.86,1989.63,1973.71,1.45386147,13.765706099400001
801230,2011-02-09,1993.83,1975.57,2012.85,1967.99,2.1214648,19.9540267173
801230,2011-02-10,2048.36,1998.8,2048.36,1992.71,2.43673049,26.007095477399996
801230,2011-02-11,2072.74,2045.13,2075.59,2040.88,2.82202896,28.733573664
801230,2011-02-14,2100.22,2074.36,2108.34,2074.26,3.13165242,32.395264424400004
801230,2011-02-15,2097.92,2101.94,2123.62,2096.89,3.36080535,34.4847315193
801230,2011-02-16,2140.32,2094.62,2140.32,2094.62,3.03816988,32.3452263288
801230,2011-02-17,2151.74,2145.86,2152.28,2120.85,3.9130216,41.952350855
801230,2011-02-18,2127.66,2150.32,2150.46,2122.44,3.23262359,37.2192749425
801230,2011-02-21,2156.93,2113.82,2157.41,2109.9,3.32060377,36.9635528998
801230,2011-02-22,2104.31,2157.42,2157.69,2097.54,4.11785072,44.4225521751
801230,2011-02-23,2148.47,2095.64,2154.41,2095.64,4.2173243,43.8204993625
801230,2011-02-24,2162.49,2150.7,2164.09,2139.58,4.27242822,43.155554726300004
801230,2011-02-25,2170.13,2159.66,2176.29,2143.94,3.70778836,38.4317990061
801230,2011-02-28,2226.74,2174.28,2229.12,2174.28,5.5162309,57.199173359300005
801230,2011-03-01,2243.78,2224.47,2249.04,2222.88,5.52348909,58.806701375100005
801230,2011-03-02,2255.52,2236.56,2256.38,2218.68,5.21245961,55.681814152200005
801230,2011-03-03,2218.14,2251.5,2262.97,2214.4,4.48325592,50.8216809691
801230,2011-03-04,2249.36,2217.65,2251.61,2213.92,3.44447404,38.8818883283
801230,2011-03-07,2262.35,2258.33,2267.54,2251.3,4.62120133,50.2121368927
801230,2011-03-08,2279.86,2259.52,2279.86,2251.01,3.74367982,43.07503921
801230,2011-03-09,2277.8,2277.98,2282.63,2268.86,3.69211677,40.7355167617
801230,2011-03-10,2250.97,2270.95,2272.24,2250.61,3.41613871,38.4336846032
801230,2011-03-11,2240.52,2241.41,2273.03,2237.04,3.34415166,35.9977504095
801230,2011-03-14,2259.17,2234.14,2259.74,2230.05,3.26080397,36.0907114444
801230,2011-03-15,2230.5,2249.69,2250.19,2179.63,4.02788302,42.7189858587
801230,2011-03-16,2260.51,2225.58,2260.51,2225.22,3.68091274,40.812523066
801230,2011-03-17,2204.4,2236.26,2242.97,2193.97,3.38854656,37.357376249699996
801230,2011-03-18,2236.5,2217.94,2243.61,2217.94,2.69984988,31.1960294928
801230,2011-03-21,2240.75,2235.03,2250.74,2231.5,2.66011949,30.9594081489
801230,2011-03-22,2239.44,2249.28,2250.76,2217.98,2.63022798,29.2215275452
801230,2011-03-23,2273.84,2239.66,2273.9,2234.82,3.04691991,33.048502977800005
801230,2011-03-24,2290.8,2271.62,2297.75,2266.25,4.26318906,49.5650979287
801230,2011-03-25,2297.97,2287.28,2304.22,2284.2,4.03443292,43.9067874054
801230,2011-03-28,2280.11,2299.92,2304.82,2276.72,5.36901435,58.2473867096
801230,2011-03-29,2259.11,2273.19,2286.28,2253.46,4.99327983,56.6123878722
801230,2011-03-30,2247.92,2256.05,2264.0,2236.29,3.16139109,34.1150380436
801230,2011-03-31,2225.17,2250.31,2254.73,2217.46,4.13110082,40.957492991399995
801230,2011-04-01,2248.15,2227.05,2248.27,2218.43,3.36225447,35.7064592926
801230,2011-04-06,2246.63,2238.34,2252.93,2229.29,3.44878128,37.145541322
801230,2011-04-07,2250.95,2243.79,2254.61,2237.9,3.71386298,40.1004104668
801230,2011-04-08,2279.8,2246.7,2281.16,2244.09,3.54600394,38.5017817404
801230,2011-04-11,2282.98,2284.99,2302.53,2279.2,4.46194975,47.471042635699995
801230,2011-04-12,2281.59,2280.46,2294.31,2268.9,3.41576041,36.0967192898
801230,2011-04-13,2290.4,2272.78,2290.42,2253.1,3.29954743,34.8963315389
801230,2011-04-14,2285.89,2289.62,2294.05,2275.44,2.80088374,31.511275013899997
801230,2011-04-15,2291.59,2286.58,2299.51,2272.83,3.36328347,37.4675095075
801230,2011-04-18,2312.69,2284.0,2313.24,2271.74,4.16982376,43.7871397682
801230,2011-04-19,2287.49,2303.44,2306.08,2278.88,4.69844946,47.702277793
801230,2011-04-20,2312.82,2292.09,2322.59,2291.99,4.22210906,43.095077483100006
801230,2011-04-21,2331.95,2325.23,2334.84,2317.7,4.42916309,48.0414214047
801230,2011-04-22,2317.8,2331.18,2333.72,2316.87,3.45038028,34.762608160300005
801230,2011-04-25,2271.42,2313.18,2313.63,2270.99,3.94600973,41.2695094904
801230,2011-04-26,2225.98,2263.86,2268.86,2216.48,3.48835049,36.548168704
801230,2011-04-27,2217.74,2230.41,2244.78,2197.64,3.02602917,33.2113702642
801230,2011-04-28,2152.3,2220.76,2234.89,2150.03,3.11330235,32.6073849708
801230,2011-04-29,2173.36,2151.73,2174.37,2134.96,2.06958964,22.881275514499997
801230,2011-05-03,2213.47,2177.46,2213.47,2170.99,2.30157849,26.2461097354
801230,2011-05-04,2170.6,2202.58,2202.58,2159.58,2.51689996,27.284660965300002
801230,2011-05-05,2172.75,2162.69,2181.07,2155.25,2.13253275,23.645300572100002
801230,2011-05-06,2174.45,2154.04,2187.28,2144.54,2.17982373,23.189959495700002
801230,2011-05-09,2202.45,2175.89,2203.06,2175.66,2.11867934,23.76926506
801230,2011-05-10,2212.58,2200.74,2212.59,2190.52,2.00532034,22.278853926700002
801230,2011-05-11,2230.5,2212.51,2237.55,2199.84,2.95035212,34.6559466588
801230,2011-05-12,2200.99,2214.39,2239.08,2200.75,3.22771144,37.610629747800004
801230,2011-05-13,2233.04,2198.42,2233.11,2194.43,3.02083481,34.282901418200005
801230,2011-05-16,2245.44,2232.46,2257.31,2229.72,3.13569278,36.177164481999995
801230,2011-05-17,2223.21,2241.45,2248.12,2205.83,3.49559405,39.5240708917
801230,2011-05-18,2232.43,2213.83,2232.79,2201.54,2.78901532,29.6066837358
801230,2011-05-19,2221.23,2234.75,2246.61,2219.65,2.77995257,30.957087762199997
801230,2011-05-20,2222.8,2213.28,2229.67,2202.64,2.05564532,23.417978546399997
801230,2011-05-23,2136.94,2213.63,2214.12,2134.16,2.96393129,27.9410875778
801230,2011-05-24,2127.86,2121.94,2134.48,2097.02,2.6750172,26.648219094
801230,2011-05-25,2108.53,2126.79,2139.94,2106.14,2.60697517,24.1495550139
801230,2011-05-26,2117.48,2118.27,2138.58,2116.14,2.87396108,27.6585983266
801230,2011-05-27,2034.12,2110.88,2115.3,2032.2,3.77452913,35.4578899931
801230,2011-05-30,1987.44,2017.82,2025.63,1984.64,2.41982237,23.076877924899996
801230,2011-05-31,2030.76,1985.69,2030.76,1972.31,2.41257291,22.4067899777
801230,2011-06-01,2062.6,2027.86,2069.58,2021.93,2.99596916,26.7700445829
801230,2011-06-02,2038.98,2036.04,2050.2,2006.16,2.93167061,25.7695200536
801230,2011-06-03,2066.95,2037.31,2078.57,2036.46,2.29863972,21.6300208981
801230,2011-06-07,2087.98,2061.84,2088.57,2061.84,2.04607996,20.2634297974
801230,2011-06-08,2107.14,2084.34,2108.59,2070.02,2.82686635,26.767904470100003
801230,2011-06-09,2055.03,2108.21,2108.72,2055.03,2.56116005,24.3015567696
801230,2011-06-10,2057.62,2047.85,2061.32,2021.0,2.05645139,18.1918265696
801230,2011-06-13,2078.35,2045.41,2080.5,2028.44,2.54645438,23.7959310862
801230,2011-06-14,2105.98,2073.52,2109.61,2071.6,2.48746778,24.4638014741
801230,2011-06-15,2090.66,2101.06,2118.04,2088.63,1.97019538,19.1661009131
801230,2011-06-16,2039.21,2074.19,2075.6,2038.35,1.93101205,17.5326816712
801230,2011-06-17,2015.49,2033.15,2051.25,2010.57,1.9428393,18.1635359385
801230,2011-06-20,1992.57,2012.33,2019.31,1980.69,1.69767678,16.2251087369
801230,2011-06-21,2019.76,2000.27,2019.76,1991.76,2.02896869,19.2905873138
801230,2011-06-22,2018.06,2023.71,2025.37,2005.41,1.94095244,18.4876998191
801230,2011-06-23,2047.68,2013.4,2052.73,2003.87,2.32291625,22.861677718800003
801230,2011-06-24,2084.46,2038.52,2089.26,2035.98,3.251047,30.8038053893
801230,2011-06-27,2117.78,2089.6,2122.91,2089.57,2.94225702,29.0856428921
801230,2011-06-28,2119.57,2118.58,2122.09,2093.17,2.61431032,27.3460667483
801230,2011-06-29,2078.54,2117.32,2120.84,2078.5,2.14684405,20.8142904718
801230,2011-06-30,2121.79,2076.61,2123.73,2076.61,2.47956732,26.217720485100003
801230,2011-07-01,2148.02,2132.22,2157.21,2130.27,4.20314883,40.4282837264
801230,2011-07-04,2193.6,2158.62,2193.6,2156.65,3.83428568,38.21621648
801230,2011-07-05,2215.63,2205.64,2217.47,2198.22,4.17755875,46.25019592140001
801230,2011-07-06,2207.14,2202.65,2216.12,2183.87,3.69631114,38.7294878244
801230,2011-07-07,2200.08,2202.72,2227.49,2200.08,3.64086861,39.726907541399996
801230,2011-07-08,2195.27,2195.6,2213.25,2175.72,3.51404208,36.0700181956
801230,2011-07-11,2213.82,2186.16,2217.94,2179.79,3.3025852,32.7408067884
801230,2011-07-12,2170.54,2192.07,2193.98,2168.67,3.47277331,32.517232102600005
801230,2011-07-13,2205.22,2169.13,2206.45,2169.08,3.03970473,30.8349529223
801230,2011-07-14,2237.97,2208.03,2237.97,2207.49,4.27209136,43.6422468504
801230,2011-07-15,2238.49,2230.61,2243.84,2220.8,3.94269766,37.7325180063
801230,2011-07-18,2245.86,2239.57,2247.72,2230.27,3.50810307,34.656030347199994
801230,2011-07-19,2224.89,2238.68,2238.68,2211.74,3.12326989,29.5401445989
801230,2011-07-20,2243.28,2235.57,2249.0,2219.43,3.59731114,35.343846336300004
801230,2011-07-21,2213.01,2240.91,2244.26,2212.25,3.24595269,30.6255270746
801230,2011-07-22,2220.15,2216.85,2234.24,2214.02,3.08332794,29.163918205799998
801230,2011-07-25,2109.86,2212.35,2212.74,2101.06,4.48066084,42.358062998
801230,2011-07-26,2122.8,2104.32,2122.94,2097.67,3.15463963,26.850345206100002
801230,2011-07-27,2148.93,2115.36,2150.79,2103.45,3.06353415,27.4054652142
801230,2011-07-28,2129.68,2129.15,2136.55,2112.2,3.0396235,28.4895847467
801230,2011-07-29,2104.55,2129.09,2140.16,2101.27,2.65654069,24.964368605700002
801230,2011-08-01,2133.06,2104.29,2135.18,2101.68,2.52089544,24.211888384499996
801230,2011-08-02,2124.99,2124.52,2125.35,2088.88,2.7321025,26.6885880875
801230,2011-08-03,2127.14,2102.61,2131.9,2095.99,2.31927799,21.5939600063
801230,2011-08-04,2139.18,2131.47,2148.47,2130.25,2.42015889,23.558316364499998
801230,2011-08-05,2077.03,2070.98,2097.09,2051.67,2.75763186,24.941091457800002
801230,2011-08-08,1964.18,2041.31,2057.03,1928.59,3.72023332,32.04230177
801230,2011-08-09,1954.73,1906.21,1970.67,1866.48,4.08934169,32.714172551
801230,2011-08-10,1987.4,1979.01,2014.66,1979.01,3.91970194,32.8998732568
801230,2011-08-11,2026.66,1942.12,2026.69,1933.71,4.24205268,35.456499524099996
801230,2011-08-12,2071.25,2043.18,2078.95,2042.42,4.50044234,41.1552718234
801230,2011-08-15,2095.01,2074.83,2095.01,2072.23,4.03196368,36.802592072399996
801230,2011-08-16,2085.98,2096.93,2102.43,2079.72,4.32339362,38.7884702259
801230,2011-08-17,2076.92,2080.3,2091.34,2068.25,3.62759416,32.806872702199996
801230,2011-08-18,2043.7,2074.39,2080.14,2043.13,3.30227908,28.5992519552
801230,2011-08-19,2020.21,1996.02,2020.21,1987.7,3.29462897,28.700686919200002
801230,2011-08-22,2013.61,2019.78,2043.23,2007.94,3.08094065,27.735635857800002
801230,2011-08-23,2051.63,2024.1,2051.71,2018.96,3.32189645,29.8542304511
801230,2011-08-24,2041.91,2062.01,2070.04,2037.56,3.44021574,30.526569428400002
801230,2011-08-25,2093.58,2045.87,2093.58,2040.44,4.03184538,35.9289772168
801230,2011-08-26,2094.66,2086.88,2101.91,2079.64,3.11819862,28.809673582600002
801230,2011-08-29,2074.25,2081.96,2086.62,2071.12,2.80618358,25.8973237837
801230,2011-08-30,2053.74,2085.72,2095.51,2052.44,3.63658995,32.4726325062
801230,2011-08-31,2043.09,2053.0,2060.12,2020.99,2.61732018,22.670070954699998
801230,2011-09-01,2025.46,2046.49,2055.46,2018.38,2.12795063,19.110659951600002
801230,2011-09-02,1994.85,2021.14,2024.21,1984.71,1.6658281,14.946563317799999
801230,2011-09-05,1946.96,1976.48,1976.84,1945.53,1.75512788,15.507237423900001
801230,2011-09-06,1938.94,1930.95,1951.89,1929.03,1.89089582,16.0870434055
801230,2011-09-07,1983.1,1950.16,1983.67,1948.39,2.12579919,18.1347563237
801230,2011-09-08,1962.34,1991.94,1995.57,1961.76,2.2427888,19.2198045428
801230,2011-09-09,1965.53,1963.4,1986.17,1953.39,2.08056651,17.770226628499998
801230,2011-09-13,1949.05,1937.76,1954.51,1932.51,1.94474133,17.4461390288
801230,2011-09-14,1979.88,1956.98,1979.88,1932.35,2.02789852,18.655293862
801230,2011-09-15,1985.28,1983.89,1997.11,1976.44,1.94912414,18.0895613848
801230,2011-09-16,1988.09,1992.99,2003.45,1986.91,1.72551203,16.7348670849
801230,2011-09-19,1945.76,1977.43,1977.5,1944.04,1.74621953,15.9901143874
801230,2011-09-20,1956.24,1940.71,1967.24,1934.93,1.66867925,15.242987581700001
801230,2011-09-21,2009.71,1954.5,2010.93,1948.08,2.62803049,24.263059371999997
801230,2011-09-22,1944.16,1998.31,2005.68,1944.02,2.52258263,23.4589546286
801230,2011-09-23,1925.94,1908.06,1933.39,1899.61,1.96585855,17.8335976064
801230,2011-09-26,1892.26,1918.28,1936.49,1886.25,1.57300868,14.0953883503
801230,2011-09-27,1907.58,1907.84,1916.61,1888.05,1.61162401,14.5602710126
801230,2011-09-28,1868.38,1920.74,1921.68,1861.87,1.61540132,14.099544034700001
801230,2011-09-29,1813.95,1857.07,1858.55,1812.97,1.92842613,15.933567610599999
801230,2011-09-30,1801.39,1814.19,1822.08,1782.7,1.52481422,12.2783649899
801230,2011-10-10,1799.92,1807.69,1814.48,1794.94,0.99508031,7.5008590137
801230,2011-10-11,1806.1,1842.15,1846.41,1790.52,1.23595821,9.966623007799999
801230,2011-10-12,1866.04,1800.06,1866.76,1788.52,2.02038232,17.449445639
801230,2011-10-13,1893.12,1862.06,1893.12,1858.44,2.42790936,19.9836307896
801230,2011-10-14,1884.97,1884.72,1890.97,1866.55,1.4891825,12.1634000776
801230,2011-10-17,1890.5,1886.42,1900.74,1874.25,1.7241355,14.9862420074
801230,2011-10-18,1831.95,1882.73,1883.67,1829.65,2.07850012,16.9077502534
801230,2011-10-19,1820.36,1832.99,1839.33,1810.76,1.49267697,12.6859273234
801230,2011-10-20,1770.15,1812.13,1813.9,1756.35,1.66922921,13.8759167588
801230,2011-10-21,1749.27,1767.83,1776.84,1748.92,1.33701501,10.897018485899999
801230,2011-10-24,1775.23,1755.07,1775.72,1713.38,1.55442903,12.505106698599999
801230,2011-10-25,1824.8,1771.46,1827.47,1769.57,2.26645348,18.6660684882
801230,2011-10-26,1841.47,1815.97,1855.99,1810.05,2.59361374,21.0652267494
801230,2011-10-27,1844.73,1841.29,1858.83,1839.12,2.01622869,16.2377501392
801230,2011-10-28,1883.55,1863.23,1884.84,1860.04,2.44311892,19.8966698335
801230,2011-10-31,1891.89,1885.79,1895.69,1876.97,1.99727039,16.2691503024
801230,2011-11-01,1885.53,1875.6,1902.25,1872.71,2.02136594,17.8779012344
801230,2011-11-02,1917.63,1856.9,1917.63,1849.2,2.62256242,23.0901585931
801230,2011-11-03,1934.53,1939.84,1961.82,1934.53,3.51381732,30.530594470700002
801230,2011-11-04,1965.97,1953.23,1976.92,1952.69,4.56155719,37.2968290107
801230,2011-11-07,1960.59,1958.68,1975.17,1954.18,2.94826593,23.835477803000003
801230,2011-11-08,1931.56,1959.37,1965.18,1924.87,2.66046508,21.5286006581
801230,2011-11-09,1952.26,1934.36,1952.48,1908.21,2.65186636,21.6645725339
801230,2011-11-10,1909.62,1930.25,1938.93,1909.62,2.79161512,22.366914075100002
801230,2011-11-11,1917.47,1913.27,1931.87,1906.76,2.68741403,21.168835696
801230,2011-11-14,1951.96,1932.55,1952.0,1931.6,2.80278377,22.105627128600002
801230,2011-11-15,1980.09,1951.89,1980.09,1949.0,3.05556627,24.3560613846
801230,2011-11-16,1943.97,1977.7,1984.11,1935.87,3.33066879,28.7579176226
801230,2011-11-17,1939.32,1943.61,1963.69,1938.7,2.39837485,20.5562920733
801230,2011-11-18,1879.54,1923.97,1925.55,1875.45,2.58067497,21.0311935009
801230,2011-11-21,1878.35,1876.78,1882.42,1857.79,1.52423741,12.375359848699999
801230,2011-11-22,1874.05,1862.13,1874.05,1846.45,1.62735377,12.746334308900002
801230,2011-11-23,1876.5,1876.34,1887.82,1862.03,1.87018869,15.3212749618
801230,2011-11-24,1883.55,1865.23,1891.25,1855.88,1.90616381,16.091262619800002
801230,2011-11-25,1876.37,1879.57,1896.03,1870.39,1.72144171,14.957266113800001
801230,2011-11-28,1873.41,1876.35,1881.34,1861.11,1.79725491,14.9467485199
801230,2011-11-29,1895.66,1886.47,1896.06,1874.31,2.05290494,17.344582437899998
801230,2011-11-30,1810.96,1892.17,1892.39,1787.07,2.35546527,18.6793575012
801230,2011-12-01,1861.64,1856.44,1880.98,1843.5,3.27340354,27.211858943499998
801230,2011-12-02,1821.81,1849.0,1849.58,1817.29,2.68244602,20.7520544527
801230,2011-12-05,1774.38,1814.94,1816.44,1769.41,2.12741602,15.757555116199999
801230,2011-12-06,1772.4,1768.21,1781.2,1752.56,1.84730633,13.3106334243
801230,2011-12-07,1777.23,1771.53,1783.83,1761.9,1.67588984,12.339792911400002
801230,2011-12-08,1773.35,1767.99,1788.77,1741.62,1.8514964,13.5959858056
801230,2011-12-09,1754.05,1757.97,1774.19,1746.06,1.42512237,10.405039737300001
801230,2011-12-12,1730.35,1754.73,1759.82,1730.14,1.26759359,9.5246179151
801230,2011-12-13,1661.75,1716.3,1717.27,1655.36,1.64477968,11.6128889271
801230,2011-12-14,1624.94,1651.89,1663.98,1620.8,1.25385496,8.2762866651
801230,2011-12-15,1571.53,1609.7,1612.09,1568.88,1.33421653,8.790202260900001
801230,2011-12-16,1603.85,1566.84,1605.1,1557.16,1.5558556,10.0243713126
801230,2011-12-19,1600.89,1593.34,1601.36,1562.36,1.31805992,8.6743531809
801230,2011-12-20,1599.32,1595.36,1622.28,1592.26,1.36379097,9.4974681136
801230,2011-12-21,1555.46,1613.7,1617.31,1552.4,1.3778942,9.4997821774
801230,2011-12-22,1529.09,1540.16,1545.6,1481.22,1.78275534,11.084566236099999
801230,2011-12-23,1538.14,1522.38,1556.04,1517.81,1.41120937,8.9140190946
801230,2011-12-26,1518.96,1533.15,1541.54,1515.94,1.01121847,6.3843314987
801230,2011-12-27,1474.17,1512.38,1512.96,1472.44,1.13730651,7.1285763324
801230,2011-12-28,1464.0,1462.66,1467.02,1432.4,1.08485603,6.4052758562
801230,2011-12-29,1465.53,1456.72,1475.57,1451.01,0.9791014,6.2071751898
801230,2011-12-30,1491.9,1466.18,1492.08,1465.12,1.12659286,7.8542586577
801230,2012-01-04,1456.65,1501.33,1504.9,1455.88,1.01314429,6.5727064702
801230,2012-01-05,1396.79,1447.64,1450.08,1396.79,1.17857229,7.5147918671000005
801230,2012-01-06,1410.18,1389.66,1410.18,1373.96,1.0669213,6.7209981026
801230,2012-01-09,1469.15,1410.75,1469.76,1397.24,1.47153825,9.5263366993
801230,2012-01-10,1528.18,1469.29,1528.66,1462.33,2.09201715,13.7309136116
801230,2012-01-11,1524.99,1525.94,1537.58,1513.7,2.00180017,12.9049482302
801230,2012-01-12,1525.43,1519.81,1543.64,1516.31,1.81473078,11.773817204
801230,2012-01-13,1471.45,1521.99,1527.77,1467.21,1.53121198,9.6946169984
801230,2012-01-16,1429.19,1457.83,1472.25,1429.18,1.04600079,6.3320538394
801230,2012-01-17,1503.81,1429.17,1503.81,1427.19,1.56902928,9.6098871084
801230,2012-01-18,1482.44,1505.19,1523.3,1478.41,1.56789032,9.8288182247
801230,2012-01-19,1487.53,1481.13,1501.31,1470.97,1.16037645,7.440391352100001
801230,2012-01-20,1505.48,1492.68,1508.22,1488.58,1.15003517,7.2276939815
801230,2012-01-30,1499.07,1512.3,1518.44,1495.53,1.13003897,7.0763633484
801230,2012-01-31,1502.63,1499.31,1505.25,1483.88,1.07634054,6.722429111399999
801230,2012-02-01,1491.27,1502.49,1515.6,1487.23,1.19503077,7.3339429134000005
801230,2012-02-02,1517.65,1495.3,1517.8,1490.15,1.37655432,8.8394015142
801230,2012-02-03,1543.72,1515.13,1548.27,1512.36,1.80596195,12.294282333800002
801230,2012-02-06,1559.95,1548.38,1563.41,1543.09,1.86717757,12.1866016925
801230,2012-02-07,1529.36,1550.9,1551.42,1518.42,1.88614243,13.062629048
801230,2012-02-08,1569.37,1528.56,1569.37,1525.8,1.96153854,13.6770018813
801230,2012-02-09,1582.0,1570.87,1595.68,1566.29,2.32023064,16.6890963908
801230,2012-02-10,1595.29,1579.68,1599.62,1578.44,2.23891373,15.469852313099999
801230,2012-02-13,1619.81,1581.51,1619.88,1577.08,2.5998058,18.626402101500002
801230,2012-02-14,1617.8,1617.37,1622.86,1605.48,2.05225037,14.3278347511
801230,2012-02-15,1656.62,1619.84,1656.63,1616.62,3.03169993,20.975334129700002
801230,2012-02-16,1664.13,1659.53,1671.61,1644.51,3.85559342,27.8245757833
801230,2012-02-17,1655.22,1662.9,1666.98,1639.05,2.20423608,14.746557234
801230,2012-02-20,1649.97,1669.43,1671.0,1648.73,2.46940606,17.7045199623
801230,2012-02-21,1679.55,1650.02,1680.03,1635.41,2.95029548,23.606781999499997
801230,2012-02-22,1704.89,1681.85,1704.89,1675.48,3.53013572,28.3420927452
801230,2012-02-23,1703.52,1705.06,1710.68,1688.21,2.92316536,21.6962250919
801230,2012-02-24,1726.5,1700.49,1726.97,1696.25,3.06059934,22.7277110855
801230,2012-02-27,1719.37,1731.13,1746.32,1719.37,3.5851018,27.5780399565
801230,2012-02-28,1701.83,1713.02,1716.69,1687.1,2.43458735,18.6399981231
801230,2012-02-29,1686.09,1701.08,1708.41,1684.51,2.38216213,18.2062410569
801230,2012-03-01,1695.4,1679.63,1708.34,1678.4,2.03642074,16.6573142623
801230,2012-03-02,1726.04,1695.36,1726.04,1695.07,2.16929382,16.8900250614
801230,2012-03-05,1729.75,1729.39,1737.07,1727.81,2.23218744,18.8959947237
801230,2012-03-06,1708.74,1722.59,1723.7,1695.67,2.40518882,19.3475787462
801230,2012-03-07,1696.75,1692.92,1717.72,1688.79,2.02218038,15.6260131255
801230,2012-03-08,1724.07,1700.82,1726.19,1700.44,2.07789404,16.0329807062
801230,2012-03-09,1738.79,1729.85,1738.79,1720.66,2.14240445,16.7870189499
801230,2012-03-12,1742.36,1742.16,1750.33,1728.92,2.2468816,17.541641492100002
801230,2012-03-13,1767.26,1742.75,1767.26,1742.24,2.54219652,21.6370408539
801230,2012-03-14,1691.25,1772.62,1776.28,1680.38,4.09993736,31.7849817246
801230,2012-03-15,1664.45,1682.52,1695.8,1644.54,2.94188441,21.403469146
801230,2012-03-16,1698.98,1665.56,1698.98,1655.78,2.63234317,18.8216438933
801230,2012-03-19,1722.52,1693.64,1722.52,1685.81,2.41532735,17.8957066917
801230,2012-03-20,1684.7,1715.11,1717.18,1683.18,2.32602941,16.9253990817
801230,2012-03-21,1685.7,1689.12,1694.55,1659.47,2.07126502,15.650873300299999
801230,2012-03-22,1678.66,1682.55,1688.85,1671.62,1.86798774,14.056955643499998
801230,2012-03-23,1646.03,1669.52,1672.64,1639.29,2.01357177,14.6657424741
801230,2012-03-26,1632.81,1643.38,1647.59,1621.68,1.25371335,9.1810472035
801230,2012-03-27,1631.2,1641.15,1645.29,1628.53,1.21708076,9.1481107772
801230,2012-03-28,1561.82,1627.02,1628.82,1557.29,1.82418115,13.038432012100001
801230,2012-03-29,1526.35,1551.17,1554.25,1517.65,1.53039489,10.3656277914
801230,2012-03-30,1526.29,1530.03,1542.14,1513.29,1.34130999,8.6204007415
801230,2012-04-05,1569.73,1531.27,1570.36,1524.46,1.72358106,11.247556946800001
801230,2012-04-06,1587.14,1568.76,1590.41,1563.53,1.87842211,12.9506833431
801230,2012-04-09,1577.91,1582.63,1600.78,1572.45,1.79233957,12.4989621812
801230,2012-04-10,1601.58,1571.03,1601.58,1549.36,1.85924865,13.1707492498
801230,2012-04-11,1612.63,1583.25,1616.27,1577.83,2.05819264,14.6204710984
801230,2012-04-12,1648.66,1613.12,1649.7,1611.73,2.54932294,18.318529327100002
801230,2012-04-13,1669.33,1650.27,1682.01,1648.36,3.47656189,23.5978182321
801230,2012-04-16,1714.01,1655.14,1717.29,1653.02,4.11669308,27.217643541599998
801230,2012-04-17,1684.03,1716.02,1732.6,1681.52,5.02319672,35.4304722341
801230,2012-04-18,1724.26,1684.39,1729.41,1674.74,4.74418022,32.0896976071
801230,2012-04-19,1711.06,1712.84,1722.33,1701.5,3.52757356,25.644760851199997
801230,2012-04-20,1726.52,1702.81,1736.33,1695.55,3.73381844,26.2126084006
801230,2012-04-23,1718.56,1720.07,1744.13,1708.95,4.20716422,28.474337625100002
801230,2012-04-24,1705.58,1699.97,1729.25,1646.1,4.62214411,31.551224936599997
801230,2012-04-25,1759.03,1705.05,1767.03,1703.42,5.65019102,38.605749353200004
801230,2012-04-26,1737.58,1768.79,1768.79,1731.95,5.16246216,38.6820686708
801230,2012-04-27,1710.15,1731.59,1734.15,1708.63,3.48902398,24.624784014699998
801230,2012-05-02,1706.82,1719.59,1721.4,1696.74,3.88129388,26.8152654618
801230,2012-05-03,1698.68,1695.42,1704.3,1685.31,2.74852745,19.126840975
801230,2012-05-04,1713.62,1693.63,1714.92,1692.11,2.62262821,19.464795933399998
801230,2012-05-07,1725.73,1703.23,1725.91,1699.16,2.53614361,18.4281024925
801230,2012-05-08,1725.66,1724.85,1732.72,1711.35,2.68582602,19.2557649677
801230,2012-05-09,1697.12,1714.97,1715.6,1693.43,2.68193304,18.6694337406
801230,2012-05-10,1693.83,1694.38,1708.6,1689.88,1.95792417,14.022825277599999
801230,2012-05-11,1682.44,1692.74,1703.68,1682.18,1.94022061,13.875345060799999
801230,2012-05-14,1682.21,1694.81,1706.96,1680.92,2.07396529,14.876748276199999
801230,2012-05-15,1671.85,1670.52,1672.06,1652.44,2.16780762,16.3814062673
801230,2012-05-16,1650.34,1667.41,1673.59,1649.53,1.8222479,12.9060111526
801230,2012-05-17,1682.94,1651.76,1683.01,1647.69,2.24886887,15.308288748399999
801230,2012-05-18,1653.92,1674.83,1686.73,1649.53,2.9798388,20.0450923384
801230,2012-05-21,1635.66,1646.18,1656.43,1623.18,2.09073055,14.2423247255
801230,2012-05-22,1655.16,1642.5,1655.16,1640.69,1.6125447,11.165229263499999
801230,2012-05-23,1659.06,1651.83,1661.09,1638.13,1.99723989,14.733414966700002
801230,2012-05-24,1646.8,1651.86,1668.35,1643.82,2.06329469,16.4301467206
801230,2012-05-25,1620.5,1646.97,1651.3,1615.59,1.77762118,13.1886646249
801230,2012-05-28,1642.55,1610.06,1642.72,1590.99,1.91207716,13.7626616611
801230,2012-05-29,1670.18,1641.53,1670.27,1639.22,2.5176031,18.3439706909
801230,2012-05-30,1671.63,1665.91,1675.06,1661.55,2.04016807,14.624850479400001
801230,2012-05-31,1667.36,1660.57,1678.02,1658.29,1.80044196,12.9222408781
801230,2012-06-01,1664.54,1668.0,1677.21,1654.9,1.87986501,13.9757408283
801230,2012-06-04,1603.34,1633.38,1637.55,1601.94,1.87284377,13.488199711099998
801230,2012-06-05,1593.59,1601.17,1610.63,1590.08,1.26440266,9.1980324595
801230,2012-06-06,1587.99,1593.73,1605.21,1580.14,1.0922857,7.7546750409000005
801230,2012-06-07,1577.67,1601.25,1604.87,1574.98,1.19187351,8.0586514045
801230,2012-06-08,1563.26,1588.49,1590.59,1563.24,1.34477566,9.1175248059
801230,2012-06-11,1584.81,1561.94,1586.61,1555.15,1.43662076,9.7739485447
801230,2012-06-12,1579.92,1577.63,1588.29,1572.93,1.24932359,8.9285952239
801230,2012-06-13,1604.19,1581.4,1604.19,1580.29,1.48752613,10.8080101993
801230,2012-06-14,1591.85,1601.46,1609.8,1590.93,1.64170796,12.064271973199999
801230,2012-06-15,1596.99,1595.11,1603.41,1576.4,1.47139691,11.040347258499999
801230,2012-06-18,1608.46,1600.55,1614.56,1599.84,1.68062279,14.159579127899999
801230,2012-06-19,1599.84,1606.04,1608.98,1596.67,1.52081928,12.3820363353
801230,2012-06-20,1595.83,1601.77,1606.7,1592.82,1.30838019,10.3831707788
801230,2012-06-21,1562.98,1591.63,1592.19,1561.54,1.30776102,9.6941188887
801230,2012-06-25,1518.57,1559.45,1560.04,1517.78,1.42529433,9.9408487667
801230,2012-06-26,1520.61,1512.38,1526.3,1501.94,1.47114544,9.7868985018
801230,2012-06-27,1510.79,1518.99,1530.54,1509.17,0.99192215,6.9358914434
801230,2012-06-28,1485.08,1513.47,1518.19,1485.08,1.4289572,9.5761056873
801230,2012-06-29,1507.39,1480.46,1508.28,1472.12,1.45050952,9.9423148552
801230,2012-07-02,1521.08,1521.07,1526.68,1511.06,1.32768065,9.264843022400001
801230,2012-07-03,1518.11,1520.94,1533.72,1512.57,1.38357974,9.8596569099
801230,2012-07-04,1517.78,1522.23,1526.66,1511.49,1.41798196,10.019137973200001
801230,2012-07-05,1485.88,1511.94,1515.77,1478.25,1.42871955,9.7633300578
801230,2012-07-06,1514.39,1494.3,1514.96,1475.39,1.4911695,10.2313740023
801230,2012-07-09,1491.98,1508.98,1521.79,1491.74,1.9536232,13.168230733800002
801230,2012-07-10,1479.92,1491.68,1493.18,1475.3,1.73302437,11.778958619900001
801230,2012-07-11,1478.23,1472.27,1484.62,1470.96,1.4924747,10.570286772100001
801230,2012-07-12,1495.05,1473.79,1499.03,1465.1,1.73112755,11.965529215899998
801230,2012-07-13,1481.02,1489.55,1496.75,1476.05,1.22696253,8.5780324197
801230,2012-07-16,1431.25,1479.2,1480.35,1429.53,1.6223069,10.365447722699999
801230,2012-07-17,1446.01,1424.64,1446.01,1418.21,1.37521338,8.9373601819
801230,2012-07-18,1462.2,1446.53,1462.21,1433.63,1.58852427,10.454035932
801230,2012-07-19,1487.22,1457.98,1499.57,1454.45,2.32536696,14.645380406800001
801230,2012-07-20,1475.02,1481.96,1490.53,1472.69,1.90634348,12.420276180999998
801230,2012-07-23,1471.27,1467.91,1479.63,1457.65,2.25254818,15.1458897075
801230,2012-07-24,1486.78,1459.12,1495.84,1458.93,2.10796008,13.7682510997
801230,2012-07-25,1476.59,1487.13,1495.03,1472.2,2.48263224,17.175644793900002
801230,2012-07-26,1470.64,1476.46,1495.1,1468.07,2.65141178,19.3422909343
801230,2012-07-27,1457.03,1479.74,1479.74,1453.81,2.23847236,15.4207939012
801230,2012-07-30,1415.07,1444.49,1452.72,1411.9,1.76135151,11.9676155683
801230,2012-07-31,1392.51,1405.51,1408.93,1384.88,1.3831773,9.0272284409
801230,2012-08-01,1404.94,1382.78,1415.14,1382.78,1.45647918,9.7225718357
801230,2012-08-02,1384.54,1397.76,1403.17,1377.72,1.48096573,9.1874989087
801230,2012-08-03,1419.05,1386.31,1419.05,1382.06,1.80237113,11.4694390341
801230,2012-08-06,1459.03,1422.01,1459.03,1420.88,2.60252259,17.6125097873
801230,2012-08-07,1481.7,1457.74,1481.7,1455.99,2.93282801,19.7212689506
801230,2012-08-08,1483.02,1482.17,1489.54,1471.94,3.32601607,22.2312595992
801230,2012-08-09,1497.44,1476.82,1498.72,1470.42,2.91810521,19.703388272999998
801230,2012-08-10,1495.23,1493.9,1503.81,1491.55,2.66058013,18.3024625006
801230,2012-08-13,1470.01,1489.35,1497.07,1469.1,2.50448438,17.8306028327
801230,2012-08-14,1479.53,1465.39,1479.87,1441.96,2.28577139,16.02477402
801230,2012-08-15,1460.72,1474.04,1478.83,1459.74,1.88327602,13.158617987000001
801230,2012-08-16,1456.77,1453.29,1467.77,1452.81,1.62226019,11.031911904700001
801230,2012-08-17,1466.34,1456.31,1466.58,1447.57,1.53067744,10.2255906814
801230,2012-08-20,1469.46,1459.17,1473.23,1450.05,1.38283887,9.1243670034
801230,2012-08-21,1489.88,1469.9,1495.93,1468.29,2.06187793,14.2417193541
801230,2012-08-22,1488.06,1485.69,1497.35,1479.13,1.98375653,13.757312089700001
801230,2012-08-23,1498.33,1488.01,1500.09,1481.08,1.74893084,12.178959367200001
801230,2012-08-24,1455.92,1494.08,1495.47,1455.19,1.97225499,12.752395910799999
801230,2012-08-27,1422.55,1447.64,1447.84,1422.03,1.57289629,9.9387326226
801230,2012-08-28,1430.06,1419.26,1439.55,1416.34,1.18348922,7.773166483400001
801230,2012-08-29,1416.11,1424.78,1434.11,1415.65,1.17220516,7.6767326550999995
801230,2012-08-30,1396.54,1411.43,1423.56,1377.83,1.68664753,10.1172822538
801230,2012-08-31,1403.2,1394.34,1408.29,1392.68,1.27751206,6.870539665
801230,2012-09-03,1420.11,1400.94,1422.63,1397.7,1.23054645,7.145002675800001
801230,2012-09-04,1401.13,1420.68,1423.01,1399.55,1.28578798,7.4756475522
801230,2012-09-05,1405.11,1399.36,1409.77,1392.86,1.21058831,6.8927562772
801230,2012-09-06,1417.61,1406.98,1417.61,1404.72,1.07369009,6.1253435517999995
801230,2012-09-07,1464.36,1423.84,1474.83,1421.96,2.52554357,15.0003111818
801230,2012-09-10,1476.93,1467.08,1477.19,1462.76,1.91269163,11.5952289046
801230,2012-09-11,1470.15,1469.83,1470.83,1460.5,1.65263905,9.558224425499999
801230,2012-09-12,1482.72,1475.29,1482.72,1466.3,1.76640277,10.0983612481
801230,2012-09-13,1462.49,1482.97,1488.79,1462.49,2.11761997,13.4249885341
801230,2012-09-14,1468.6,1467.91,1477.44,1455.34,1.71811102,10.5347128977
801230,2012-09-17,1419.46,1466.71,1466.97,1418.93,1.54863649,9.5487280759
801230,2012-09-18,1415.59,1414.77,1423.69,1409.12,1.04412148,5.988996279
801230,2012-09-19,1428.23,1416.9,1429.21,1415.63,0.92614236,5.2932674845
801230,2012-09-20,1382.54,1423.67,1424.6,1382.41,1.38789619,7.7631200251
801230,2012-09-21,1386.93,1381.4,1398.74,1378.17,1.54378539,8.2528326489
801230,2012-09-24,1393.38,1380.78,1397.54,1373.54,1.39799707,7.7007312235
801230,2012-09-25,1377.92,1390.63,1396.25,1376.67,1.55314274,9.038879875900001
801230,2012-09-26,1347.11,1375.92,1380.55,1343.94,1.36132531,7.629299404099999
801230,2012-09-27,1375.18,1347.08,1383.06,1346.25,1.71790206,9.3535253448
801230,2012-09-28,1392.94,1369.52,1393.88,1365.84,1.37165288,7.5236134863999995
801230,2012-10-08,1396.11,1397.55,1402.3,1388.66,1.36242108,9.323206707899999
801230,2012-10-09,1427.8,1398.89,1427.8,1398.04,1.94466785,12.371386183499999
801230,2012-10-10,1442.63,1423.55,1442.83,1420.9,2.07297549,13.6101343201
801230,2012-10-11,1421.74,1444.88,1445.68,1421.74,2.11853542,13.4224330581
801230,2012-10-12,1427.17,1423.97,1435.22,1408.94,2.21799928,14.295253087899999
801230,2012-10-15,1415.18,1427.9,1428.49,1400.08,1.92395625,13.587452770499999
801230,2012-10-16,1405.89,1405.86,1417.94,1403.55,1.6124437,11.274092661300001
801230,2012-10-17,1399.44,1400.38,1404.33,1388.01,1.83008999,13.232091528
801230,2012-10-18,1423.37,1396.42,1424.4,1396.42,2.23943405,14.240179185799999
801230,2012-10-19,1419.99,1422.79,1428.44,1416.81,2.09247468,12.303192129400001
801230,2012-10-22,1427.65,1409.11,1429.21,1407.62,1.68720351,10.6986216151
801230,2012-10-23,1418.78,1429.83,1435.99,1417.78,1.7711819,11.0189748642
801230,2012-10-24,1426.87,1410.02,1431.78,1410.02,2.07960261,12.4775597933
801230,2012-10-25,1410.03,1424.65,1433.39,1409.97,2.36348031,14.618067050499999
801230,2012-10-26,1376.37,1406.62,1408.09,1369.03,1.8027728,10.819503275299999
801230,2012-10-29,1371.83,1376.19,1380.85,1365.91,0.98626277,6.0791633337
801230,2012-10-30,1372.68,1373.01,1385.55,1368.4,0.97930449,6.0945445755
801230,2012-10-31,1375.81,1371.96,1375.96,1364.75,0.99615204,6.0147146742999995
801230,2012-11-01,1395.45,1380.06,1400.6,1379.21,1.42467517,8.8858832851
801230,2012-11-02,1407.4,1402.58,1408.51,1393.82,1.71241858,10.2095627549
801230,2012-11-05,1409.42,1408.0,1415.62,1404.7,1.6413574,10.2949052248
801230,2012-11-06,1401.78,1409.78,1413.32,1384.77,1.80631027,10.4607914173
801230,2012-11-07,1399.73,1398.82,1405.38,1392.84,1.1770687,7.0733192791
801230,2012-11-08,1363.43,1388.92,1390.9,1362.95,1.49765241,8.782364363300001
801230,2012-11-09,1362.92,1359.85,1371.67,1358.29,1.13313553,6.6930686162
801230,2012-11-12,1371.22,1365.44,1373.94,1362.09,1.08270987,6.2446823546
801230,2012-11-13,1348.93,1371.77,1372.5,1347.96,1.49881511,8.4803119954
801230,2012-11-14,1352.18,1347.06,1353.55,1338.14,1.31009075,7.5372397541
801230,2012-11-15,1325.24,1347.43,1353.55,1325.24,1.62730427,9.383889759299999
801230,2012-11-16,1314.61,1322.16,1325.92,1308.49,1.25522549,7.433237735
801230,2012-11-19,1322.78,1314.46,1322.78,1304.69,1.12558919,6.7071252251999995
801230,2012-11-20,1319.73,1326.09,1327.71,1317.3,1.02498204,6.0823531536
801230,2012-11-21,1336.61,1320.2,1336.87,1308.09,1.33560269,8.2228787668
801230,2012-11-22,1327.86,1330.86,1333.02,1324.14,1.27721556,7.8678537537999995
801230,2012-11-23,1329.87,1330.9,1337.99,1326.88,1.35316362,8.276997959
801230,2012-11-26,1319.03,1326.58,1328.65,1318.02,1.1763179,7.2011220274
801230,2012-11-27,1267.99,1314.9,1316.44,1267.74,1.54573027,8.8539222572
801230,2012-11-28,1245.48,1262.63,1264.2,1240.46,1.21775088,6.5246515254999995
801230,2012-11-29,1235.17,1248.01,1257.84,1234.79,1.10002369,6.097338439700001
801230,2012-11-30,1249.08,1233.64,1251.84,1228.92,1.13218501,6.1290322405
801230,2012-12-03,1228.09,1250.53,1259.11,1226.64,1.31475436,7.679328431699999
801230,2012-12-04,1237.05,1224.03,1237.85,1207.82,1.34800418,7.392453664
801230,2012-12-05,1278.41,1232.97,1283.74,1230.16,2.10309167,11.7140070675
801230,2012-12-06,1276.85,1276.74,1287.43,1272.97,1.78794344,10.2463722922
801230,2012-12-07,1304.81,1277.77,1306.98,1274.57,2.25211849,12.4547476228
801230,2012-12-10,1329.66,1309.37,1329.66,1305.05,2.7624285,16.2001483105
801230,2012-12-11,1328.15,1325.51,1338.27,1320.4,2.70101809,15.4159755926
801230,2012-12-12,1330.68,1325.0,1334.05,1317.07,2.18546178,13.2579751567
801230,2012-12-13,1317.03,1326.14,1333.12,1315.9,1.84466487,11.070538904200001
801230,2012-12-14,1371.68,1321.49,1372.62,1320.66,3.79703349,22.7838914946
801230,2012-12-17,1377.89,1370.89,1380.81,1363.58,3.0489893,18.504732835
801230,2012-12-18,1375.38,1373.48,1392.08,1366.36,3.04396322,18.078934829
801230,2012-12-19,1366.39,1372.9,1376.71,1361.08,2.16598574,13.044245927
801230,2012-12-20,1363.86,1365.02,1367.71,1349.09,2.19091422,13.687293951700001
801230,2012-12-21,1359.33,1363.04,1376.32,1354.85,1.90642792,12.3081185626
801230,2012-12-24,1367.32,1357.9,1371.63,1357.9,1.52951806,10.0539370504
801230,2012-12-25,1396.53,1369.06,1400.86,1365.71,2.94069362,18.233558677999998
801230,2012-12-26,1411.15,1397.41,1411.49,1395.54,2.59163614,16.1422420417
801230,2012-12-27,1404.27,1415.21,1419.48,1401.16,2.94919604,18.0107692678
801230,2012-12-28,1431.5,1405.54,1432.01,1405.54,2.71568195,17.2778074732
801230,2012-12-31,1445.95,1438.33,1450.24,1435.35,3.00803535,18.9791035984
801230,2013-01-04,1433.44,1454.72,1456.14,1424.91,2.62420139,16.3318897252
801230,2013-01-07,1448.28,1431.79,1449.05,1428.26,2.35705879,14.893555573399999
801230,2013-01-08,1469.01,1447.11,1469.99,1436.82,3.38230381,21.300115823
801230,2013-01-09,1468.24,1463.12,1479.37,1456.52,3.21890489,19.872712173900002
801230,2013-01-10,1483.22,1469.53,1484.35,1469.53,3.0878765,20.2058567302
801230,2013-01-11,1451.0,1481.74,1483.0,1448.27,3.00225524,17.8352721335
801230,2013-01-14,1496.16,1460.02,1497.28,1454.91,4.11259842,26.685749613200002
801230,2013-01-15,1524.24,1496.58,1531.12,1495.86,4.54147858,30.5269307925
801230,2013-01-16,1526.78,1528.62,1530.22,1500.8,4.28321964,28.934224848600003
801230,2013-01-17,1509.21,1528.02,1528.13,1505.84,3.24516213,23.699854000100004
801230,2013-01-18,1532.4,1510.98,1532.92,1510.59,2.81546077,19.9861502165
801230,2013-01-21,1544.77,1536.27,1544.77,1528.82,2.80953885,19.685596384
801230,2013-01-22,1530.58,1545.76,1551.13,1524.05,2.89044415,19.429685318
801230,2013-01-23,1541.22,1530.87,1543.21,1516.5,2.70279209,17.9301900794
801230,2013-01-24,1507.42,1540.59,1551.61,1497.42,3.24163891,21.6361785628
801230,2013-01-25,1501.71,1510.03,1514.69,1494.69,1.99747675,14.1814472616
801230,2013-01-28,1538.84,1500.68,1538.84,1500.33,2.6773873,18.2957622445
801230,2013-01-29,1545.64,1537.32,1548.19,1533.24,2.91902036,21.293803163499998
801230,2013-01-30,1565.04,1559.57,1569.71,1548.04,4.68721734,33.4084771217
801230,2013-01-31,1566.85,1563.99,1567.51,1555.08,3.89994028,28.652196828
801230,2013-02-01,1584.95,1564.08,1585.48,1555.68,4.77162674,34.7138456314
801230,2013-02-04,1561.75,1588.23,1592.26,1560.83,4.13391347,29.2371355711
801230,2013-02-05,1586.47,1553.18,1586.47,1550.17,3.34417913,24.1920660482
801230,2013-02-06,1600.58,1586.56,1606.62,1584.27,3.31863465,24.3045007415
801230,2013-02-07,1593.22,1597.71,1600.25,1582.22,2.57057034,19.1965769195
801230,2013-02-08,1608.51,1592.43,1609.87,1591.59,2.44396349,17.9099790508
801230,2013-02-18,1625.9,1616.74,1627.19,1609.04,3.24245899,24.3500547013
801230,2013-02-19,1606.89,1628.08,1632.64,1602.35,3.63293338,25.145233314200002
801230,2013-02-20,1631.26,1609.05,1631.61,1605.78,3.78262241,26.2305380621
801230,2013-02-21,1594.25,1618.31,1619.19,1586.9,3.82304121,27.7170135945
801230,2013-02-22,1594.25,1593.22,1610.3,1591.14,3.21675831,24.277054400900003
801230,2013-02-25,1611.22,1596.88,1615.62,1596.86,2.82160226,22.373767162199997
801230,2013-02-26,1590.97,1602.61,1623.31,1590.97,3.62120029,26.4537679077
801230,2013-02-27,1612.43,1597.51,1615.32,1596.28,3.19802547,24.0616019934
801230,2013-02-28,1644.92,1619.46,1645.18,1610.72,3.88123523,31.2622128889
801230,2013-03-01,1678.12,1648.17,1678.29,1643.79,4.3543316,35.0685433657
801230,2013-03-04,1631.82,1674.2,1674.3,1620.62,5.80636962,42.598708254499996
801230,2013-03-05,1665.38,1627.18,1667.34,1621.85,4.65678036,33.781710439899996
801230,2013-03-06,1676.19,1668.0,1683.25,1665.67,4.99223303,37.1678486629
801230,2013-03-07,1664.05,1674.01,1677.71,1646.64,5.4089651,38.6408827864
801230,2013-03-08,1652.95,1663.09,1672.12,1646.28,3.6150641,26.1054557712
801230,2013-03-11,1650.41,1643.75,1654.8,1638.09,2.91664332,21.4762051804
801230,2013-03-12,1610.46,1645.42,1657.38,1591.49,3.97339509,29.6603754152
801230,2013-03-13,1612.0,1605.4,1615.06,1591.18,3.33092384,25.2601310871
801230,2013-03-14,1611.73,1606.7,1627.73,1603.95,3.24031951,23.894887274400002
801230,2013-03-15,1623.59,1608.52,1642.43,1600.53,3.63937956,26.6659844775
801230,2013-03-18,1617.41,1618.73,1629.86,1614.71,3.30470087,25.202734481999997
801230,2013-03-19,1625.06,1617.22,1627.36,1598.12,3.04583627,22.4131809233
801230,2013-03-20,1662.8,1622.78,1662.8,1621.78,3.64811423,26.0903129183
801230,2013-03-21,1675.52,1659.49,1682.27,1659.33,4.35610156,32.6643400201
801230,2013-03-22,1667.87,1670.61,1677.39,1659.31,3.76661698,28.312946865
801230,2013-03-25,1676.31,1671.99,1681.62,1666.32,3.31026678,25.4093837554
801230,2013-03-26,1659.81,1670.55,1670.55,1643.79,3.32569406,24.0037146952
801230,2013-03-27,1661.32,1656.78,1670.02,1647.95,2.95368937,22.116071394299997
801230,2013-03-28,1597.44,1649.0,1649.91,1597.33,3.28908538,23.4697111041
801230,2013-03-29,1593.89,1600.2,1606.96,1588.37,2.33921201,17.3318652632
801230,2013-04-01,1599.78,1592.13,1612.27,1592.13,2.01029322,15.0859239993
801230,2013-04-02,1582.84,1599.74,1610.92,1579.93,2.41752354,17.5806891165
801230,2013-04-03,1572.97,1585.56,1590.57,1564.77,2.55720559,18.4214417852
801230,2013-04-08,1578.34,1547.85,1578.34,1531.09,2.6656171,18.5637070856
801230,2013-04-09,1595.08,1577.19,1599.22,1576.36,2.42544272,17.8300648543
801230,2013-04-10,1586.12,1594.21,1600.03,1574.0,2.50375378,17.8643179192
801230,2013-04-11,1585.26,1594.62,1602.9,1584.65,2.41397437,17.0915691148
801230,2013-04-12,1562.86,1580.98,1583.07,1560.64,2.14640774,14.6126560077
801230,2013-04-15,1532.74,1550.6,1554.24,1528.56,1.88286544,12.726406231099999
801230,2013-04-16,1544.22,1515.77,1544.73,1510.43,1.82779899,12.7710112898
801230,2013-04-17,1545.68,1544.08,1548.36,1530.52,1.62053566,11.8839163777
801230,2013-04-18,1555.54,1535.22,1556.3,1530.22,1.98321206,14.3078292757
801230,2013-04-19,1591.01,1558.35,1594.26,1558.26,3.19479546,23.224363691199997
801230,2013-04-22,1608.18,1581.74,1608.35,1580.1,3.06409995,22.8196761357
801230,2013-04-23,1560.08,1610.85,1611.78,1558.24,3.22739542,22.8590422106
801230,2013-04-24,1588.72,1562.82,1595.37,1562.55,2.73898228,20.662865660999998
801230,2013-04-25,1566.34,1585.65,1592.6,1565.94,3.06424645,22.5544899306
801230,2013-04-26,1545.24,1570.61,1576.75,1540.7,2.36276351,17.5026509027
801230,2013-05-02,1545.08,1538.6,1555.76,1532.91,1.7341394,12.578654204500001
801230,2013-05-03,1570.89,1547.06,1575.3,1546.72,2.03459564,14.841387345
801230,2013-05-06,1597.32,1574.13,1599.42,1573.97,2.54322992,19.0049580571
801230,2013-05-07,1606.29,1596.77,1610.66,1593.21,3.13338696,23.559316014
801230,2013-05-08,1619.64,1607.08,1625.43,1607.05,3.43030647,24.9960492514
801230,2013-05-09,1631.32,1618.2,1633.65,1612.08,4.00467105,31.033011899899996
801230,2013-05-10,1657.73,1634.13,1657.87,1630.24,3.42895766,27.511154328299998
801230,2013-05-13,1650.9,1659.83,1659.83,1640.18,3.07257174,23.3345230318
801230,2013-05-14,1637.05,1653.36,1654.91,1631.29,3.88306701,28.369711801399998
801230,2013-05-15,1647.14,1631.58,1647.14,1631.19,2.42788479,18.5979577832
801230,2013-05-16,1661.25,1641.93,1670.01,1638.49,3.89543291,28.783734702600004
801230,2013-05-17,1677.96,1655.66,1678.38,1654.36,4.02039614,28.268060361
801230,2013-05-20,1696.53,1678.01,1698.83,1675.41,4.51680195,32.784723734
801230,2013-05-21,1728.84,1695.92,1728.84,1693.85,4.9496585,36.579875863299996
801230,2013-05-22,1729.72,1728.41,1737.12,1720.49,4.93058548,36.1770285761
801230,2013-05-23,1713.76,1720.63,1740.86,1709.83,4.632163,35.1221168319
801230,2013-05-24,1732.72,1713.54,1734.52,1709.79,3.86220428,29.3565314207
801230,2013-05-27,1741.52,1736.73,1743.75,1727.78,4.59935126,35.0418770109
801230,2013-05-28,1738.33,1737.33,1744.78,1714.08,4.73062707,37.4727349304
801230,2013-05-29,1749.91,1738.11,1753.01,1734.21,4.36505651,33.3202231795
801230,2013-05-30,1749.0,1742.3,1755.81,1737.7,3.63552937,28.684225869299997
801230,2013-05-31,1733.86,1749.21,1754.7,1731.65,3.94606495,30.481056500799998
801230,2013-06-03,1730.68,1730.38,1744.84,1724.49,3.35434258,26.1775811952
801230,2013-06-04,1706.32,1728.91,1734.96,1690.52,3.83213375,30.37644641
801230,2013-06-05,1719.65,1701.67,1720.66,1701.57,3.07463185,25.1536101423
801230,2013-06-06,1689.99,1714.44,1715.95,1689.47,3.56782224,29.1618971135
801230,2013-06-07,1657.14,1690.65,1696.34,1650.14,3.17269125,24.946540172800002
801230,2013-06-13,1601.43,1634.83,1634.83,1580.64,2.95014521,22.4396144046
801230,2013-06-14,1625.18,1603.46,1628.68,1602.24,2.61247667,20.172013971
801230,2013-06-17,1625.61,1626.18,1639.49,1613.82,2.42673227,19.441403566800002
801230,2013-06-18,1637.3,1624.17,1637.3,1608.42,2.58088959,20.092397001800002
801230,2013-06-19,1620.3,1625.95,1626.23,1600.82,2.72144449,20.5470369718
801230,2013-06-20,1572.29,1614.21,1619.48,1570.72,2.5784033,19.2087011429
801230,2013-06-21,1559.23,1541.2,1571.23,1523.69,2.69144379,18.7417451246
801230,2013-06-24,1452.2,1556.14,1557.36,1443.53,3.0340962,20.5810209309
801230,2013-06-25,1435.82,1437.66,1453.75,1336.33,3.60760203,22.5675896041
801230,2013-06-26,1449.17,1433.09,1449.39,1416.66,2.54313605,16.359070358
801230,2013-06-27,1421.29,1450.75,1473.99,1418.39,3.44755373,22.247625987600003
801230,2013-06-28,1417.2,1411.46,1445.94,1393.17,2.68455442,16.3059371234
801230,2013-07-01,1450.05,1410.33,1450.05,1408.03,2.70285383,18.7456279344
801230,2013-07-02,1474.31,1451.77,1474.38,1445.94,3.18516737,23.1732736843
801230,2013-07-03,1475.06,1466.06,1482.07,1433.59,4.04705118,29.6796656985
801230,2013-07-04,1494.52,1460.41,1513.05,1456.54,4.50341478,33.901386091
801230,2013-07-05,1493.69,1496.73,1512.28,1492.67,3.8529867,28.8378041064
801230,2013-07-08,1430.56,1474.1,1474.43,1430.19,3.47818473,23.995715352399998
801230,2013-07-09,1431.91,1420.67,1436.77,1411.8,2.63547397,17.641770287
801230,2013-07-10,1478.04,1428.85,1478.37,1425.88,3.31226324,23.3875077895
801230,2013-07-11,1517.13,1479.99,1529.66,1479.6,4.4765472,32.5464064611
801230,2013-07-12,1505.26,1517.41,1529.72,1503.82,4.20366897,30.5191308862
801230,2013-07-15,1535.83,1508.34,1535.99,1508.24,3.86563683,28.426754129299997
801230,2013-07-16,1557.33,1537.01,1557.33,1527.35,3.98747308,30.831652868699997
801230,2013-07-17,1525.0,1551.61,1560.72,1523.08,3.69905953,27.526543225500003
801230,2013-07-18,1529.92,1520.31,1537.4,1510.39,3.46615927,24.263165028899998
801230,2013-07-19,1496.92,1534.56,1547.7,1496.92,5.32259787,38.5514884029
801230,2013-07-22,1512.2,1485.82,1512.65,1475.92,3.19151878,22.6890059121
801230,2013-07-23,1548.28,1511.3,1548.28,1510.59,4.44969779,32.529157495599996
801230,2013-07-24,1555.35,1543.47,1558.24,1525.6,4.54501694,33.3421077276
801230,2013-07-25,1529.68,1550.3,1553.97,1522.22,4.13254904,30.914902636799997
801230,2013-07-26,1520.99,1524.86,1537.03,1505.68,3.26289202,24.024562168499997
801230,2013-07-29,1494.39,1513.18,1515.31,1492.63,3.07241084,22.2123433792
801230,2013-07-30,1490.46,1494.6,1502.76,1461.58,2.60568458,18.463363514
801230,2013-07-31,1497.6,1495.01,1513.3,1492.87,2.41613013,17.723337988900003
801230,2013-08-01,1535.67,1503.6,1535.79,1500.84,3.25155667,23.3194722227
801230,2013-08-02,1537.34,1545.0,1552.93,1534.41,3.64237652,25.7476751234
801230,2013-08-05,1558.85,1539.4,1558.92,1539.1,3.21644717,24.3510724305
801230,2013-08-06,1577.79,1557.6,1580.39,1550.95,4.44864705,31.591141197800003
801230,2013-08-07,1569.55,1575.94,1587.15,1567.38,4.71574992,33.9089552509
801230,2013-08-08,1559.71,1564.6,1576.57,1555.96,3.19657455,23.3634326964
801230,2013-08-09,1566.35,1562.82,1574.23,1547.88,3.24181926,23.625201883899997
801230,2013-08-12,1592.02,1570.93,1592.39,1569.57,4.11805289,30.7792256091
801230,2013-08-13,1597.52,1588.34,1597.6,1581.72,3.55032923,27.377633258200003
801230,2013-08-14,1592.67,1596.02,1604.18,1586.52,3.91023222,28.7363001979
801230,2013-08-15,1575.53,1589.53,1595.99,1574.54,3.53693564,25.973904709
801230,2013-08-16,1545.99,1568.05,1603.61,1544.7,4.01636229,28.76508978
801230,2013-08-19,1574.89,1537.55,1574.89,1535.54,2.96503991,21.2161358482
801230,2013-08-20,1569.32,1574.69,1585.63,1559.38,3.25128348,23.595515483000003
801230,2013-08-21,1592.64,1573.02,1592.64,1570.06,3.32789958,24.7089888546
801230,2013-08-22,1594.89,1592.35,1604.25,1588.21,3.86631623,29.437949389
801230,2013-08-23,1592.91,1601.21,1604.94,1561.31,4.07095791,30.3229166904
801230,2013-08-26,1628.55,1594.92,1628.55,1590.67,4.81838885,36.9851846436
801230,2013-08-27,1644.88,1630.76,1644.88,1626.24,4.81333366,37.1415949462
801230,2013-08-28,1637.73,1632.81,1653.93,1618.33,5.84127254,45.871385487299996
801230,2013-08-29,1644.91,1635.29,1650.98,1632.16,4.67342432,34.6436204955
801230,2013-08-30,1636.95,1640.89,1665.58,1629.74,6.23754692,45.9328656375
801230,2013-09-02,1620.81,1637.55,1638.67,1597.83,4.51874436,34.2443695852
801230,2013-09-03,1659.35,1619.76,1659.35,1619.09,4.89585385,38.953761066999995
801230,2013-09-04,1653.55,1659.06,1661.84,1647.54,3.72260616,29.654852201100002
801230,2013-09-05,1650.39,1653.62,1659.62,1645.9,3.69328615,30.2247212744
801230,2013-09-06,1663.56,1648.16,1668.01,1647.21,3.95935903,33.9642907441
801230,2013-09-09,1674.06,1664.02,1679.73,1662.86,4.12640511,36.4988004106
801230,2013-09-10,1696.52,1672.93,1696.52,1671.51,5.13596201,43.826780713299996
801230,2013-09-11,1683.5,1696.7,1696.7,1672.69,4.7243833,40.946560757600004
801230,2013-09-12,1682.98,1677.28,1691.87,1672.19,4.34906884,34.4734917227
801230,2013-09-13,1684.57,1680.79,1687.47,1674.04,3.87167083,31.3044598655
801230,2013-09-16,1684.29,1685.61,1687.2,1681.91,3.47507417,27.9821709058
801230,2013-09-17,1655.61,1685.31,1687.29,1655.61,4.1081771,32.4798415594
801230,2013-09-18,1676.54,1654.02,1677.95,1653.98,3.46240465,27.8985592386
801230,2013-09-23,1697.15,1675.88,1697.17,1675.7,3.80731425,31.182638877600002
801230,2013-09-24,1711.26,1694.37,1717.71,1688.59,5.08459532,42.6792921406
801230,2013-09-25,1704.84,1712.94,1720.53,1698.5,5.19980981,46.404113848
801230,2013-09-26,1668.05,1698.26,1698.48,1668.05,4.43105741,37.4100196329
801230,2013-09-27,1675.63,1670.4,1683.82,1668.38,3.45649806,27.9973362309
801230,2013-09-30,1709.54,1682.47,1711.2,1681.56,3.59278297,30.3621978832
801230,2013-10-08,1735.49,1711.4,1741.68,1705.91,4.81433201,40.231975769099996
801230,2013-10-09,1756.09,1730.3,1756.27,1726.87,5.12925172,42.385033769
801230,2013-10-10,1751.3,1756.34,1767.8,1745.47,5.17738367,42.513690225
801230,2013-10-11,1786.15,1759.79,1786.8,1756.31,5.76728743,47.335886607700004
801230,2013-10-14,1789.23,1783.13,1796.32,1779.52,5.43812593,45.8988916757
801230,2013-10-15,1799.68,1791.07,1799.68,1777.58,5.7225047,48.392824174
801230,2013-10-16,1751.25,1793.05,1793.47,1741.79,5.62141533,47.111259142200005
801230,2013-10-17,1743.64,1756.89,1772.21,1741.67,4.34921262,37.1737054855
801230,2013-10-18,1756.72,1739.16,1761.47,1732.84,3.78849064,32.8530967709
801230,2013-10-21,1807.19,1760.09,1807.19,1759.93,4.94412023,43.2318633414
801230,2013-10-22,1804.76,1814.73,1820.88,1796.22,6.73432822,59.89994732939999
801230,2013-10-23,1755.13,1801.99,1816.32,1754.17,5.95947022,53.5425756408
801230,2013-10-24,1738.85,1746.41,1757.54,1735.54,3.70927026,33.3117350376
801230,2013-10-25,1698.91,1741.95,1747.36,1688.15,4.05295178,36.0200114523
801230,2013-10-28,1697.28,1703.02,1704.43,1688.19,3.44885886,28.1803417997
801230,2013-10-29,1621.89,1697.45,1705.66,1589.68,4.43164625,34.461803206300004
801230,2013-10-30,1645.32,1615.09,1645.43,1610.4,3.07424753,23.7539264481
801230,2013-10-31,1635.93,1640.65,1652.31,1634.82,2.71759257,21.0551802939
801230,2013-11-01,1628.85,1633.88,1640.29,1611.29,2.43588562,18.059380899100002
801230,2013-11-04,1638.28,1633.66,1645.34,1632.37,2.25123061,16.7120022955
801230,2013-11-05,1658.94,1632.89,1658.94,1617.78,3.02575173,21.539103961
801230,2013-11-06,1638.08,1653.69,1666.16,1637.68,3.17519075,23.8759792704
801230,2013-11-07,1609.83,1637.59,1637.92,1609.62,2.8548997,21.1532294288
801230,2013-11-08,1592.81,1605.29,1611.7,1584.93,2.77527513,20.5945396842
801230,2013-11-11,1601.13,1587.77,1607.04,1578.73,2.42067587,17.2680253143
801230,2013-11-12,1617.73,1601.15,1617.73,1597.6,2.50125507,18.4398969022
801230,2013-11-13,1589.39,1612.43,1613.65,1589.39,2.89673557,21.038640289900002
801230,2013-11-14,1606.99,1585.59,1607.6,1575.48,2.92476856,20.483431951300002
801230,2013-11-15,1638.66,1611.86,1648.87,1609.66,4.07299056,28.637390838
801230,2013-11-18,1674.72,1642.07,1674.72,1639.58,4.58733653,33.5030383009
801230,2013-11-19,1684.22,1676.18,1686.28,1671.38,4.56034425,33.4128710564
801230,2013-11-20,1700.48,1685.63,1700.48,1680.37,4.27244005,29.5106128897
801230,2013-11-21,1692.61,1692.35,1698.99,1679.83,4.42836783,29.8972269854
801230,2013-11-22,1690.63,1691.37,1701.11,1686.71,3.6964754,25.9483967433
801230,2013-11-25,1689.26,1685.17,1695.99,1682.19,3.01802251,20.874825251500003
801230,2013-11-26,1685.62,1687.16,1694.4,1681.72,2.74243902,20.1746976904
801230,2013-11-27,1696.81,1685.96,1697.47,1679.08,2.69470121,19.5528923028
801230,2013-11-28,1704.85,1697.26,1714.42,1694.93,3.01451781,23.009811894899997
801230,2013-11-29,1709.88,1704.28,1710.84,1703.64,2.91091158,21.4519010158
801230,2013-12-02,1634.25,1675.44,1684.25,1618.53,4.84472948,36.3655521495
801230,2013-12-03,1646.24,1618.94,1647.98,1611.45,2.69949425,19.7414129629
801230,2013-12-04,1667.11,1641.56,1676.91,1638.87,3.41127507,27.5661306707
801230,2013-12-05,1673.95,1664.02,1680.47,1663.76,3.16672378,25.227746910900002
801230,2013-12-06,1675.4,1672.87,1681.8,1670.54,2.8623937,21.6089808349
801230,2013-12-09,1680.29,1676.89,1685.8,1674.86,2.45165368,19.1823095031
801230,2013-12-10,1688.69,1690.7,1694.68,1680.27,3.62225087,26.9214605854
801230,2013-12-11,1674.88,1685.99,1686.2,1662.85,3.51794815,26.703198319600002
801230,2013-12-12,1676.72,1672.36,1686.93,1671.5,2.6028854,19.5617731378
801230,2013-12-13,1681.07,1667.17,1681.78,1663.26,2.66765597,19.478227278
801230,2013-12-16,1657.33,1686.62,1690.62,1652.21,3.19497136,23.9640791385
801230,2013-12-17,1643.48,1654.62,1660.07,1640.28,2.40181807,18.1298092277
801230,2013-12-18,1641.23,1640.44,1653.33,1635.49,2.20786035,16.2632011336
801230,2013-12-19,1620.39,1647.1,1652.23,1619.55,2.1558088,15.695401282
801230,2013-12-20,1603.58,1619.63,1627.47,1596.77,2.10744521,14.712155018499999
801230,2013-12-23,1590.22,1603.38,1605.2,1573.41,1.92026312,13.4014115334
801230,2013-12-24,1596.03,1592.39,1610.28,1583.77,1.74868201,12.416623030899999
801230,2013-12-25,1606.82,1595.09,1607.14,1589.03,1.71116468,13.295444129100002
801230,2013-12-26,1579.13,1603.95,1605.31,1579.12,2.45422027,17.2200066775
801230,2013-12-27,1600.79,1577.83,1605.63,1577.06,1.98312011,14.2621445967
801230,2013-12-30,1616.53,1606.82,1623.28,1606.21,3.05576111,20.542016954
801230,2013-12-31,1624.66,1614.08,1627.48,1607.64,2.55945513,18.149857619000002
801230,2014-01-02,1633.07,1621.58,1633.47,1620.27,2.12521711,15.4195548124
801230,2014-01-03,1608.18,1626.66,1628.93,1604.33,2.75703443,19.5615479162
801230,2014-01-06,1562.43,1601.13,1602.36,1560.52,2.27559155,16.628041083
801230,2014-01-07,1569.97,1554.35,1573.86,1551.49,1.72508416,12.797723691
801230,2014-01-08,1564.09,1570.85,1581.53,1560.24,2.05177639,15.4157795755
801230,2014-01-09,1536.46,1561.73,1570.5,1535.62,2.12523526,15.187357280699999
801230,2014-01-10,1521.18,1536.68,1540.28,1514.12,2.12080222,14.4966799306
801230,2014-01-13,1511.19,1521.94,1530.12,1504.31,1.89502171,14.3650583394
801230,2014-01-14,1538.97,1509.1,1546.93,1495.26,1.81798956,14.3970576952
801230,2014-01-15,1544.53,1536.81,1545.17,1533.63,1.70494472,13.8716685269
801230,2014-01-16,1551.02,1542.46,1559.83,1539.47,1.84447945,13.7461521005
801230,2014-01-17,1528.87,1545.27,1547.32,1528.66,1.54627446,11.448126016700002
801230,2014-01-20,1528.37,1527.61,1533.72,1520.84,1.49527823,12.185058008
801230,2014-01-21,1556.29,1533.48,1557.15,1531.61,2.12203463,18.1797532519
801230,2014-01-22,1586.15,1558.63,1586.54,1556.3,2.58910071,20.017926124200002
801230,2014-01-23,1598.05,1589.19,1605.45,1589.17,2.46285674,19.9408099426
801230,2014-01-24,1632.43,1602.32,1635.07,1602.32,3.05719888,26.219108469499997
801230,2014-01-27,1629.96,1624.78,1637.48,1614.78,2.73351953,23.607415753
801230,2014-01-28,1628.49,1633.52,1636.55,1619.47,2.10576375,18.2113735868
801230,2014-01-29,1651.67,1631.65,1655.21,1626.86,2.60850379,22.3199660168
801230,2014-01-30,1650.18,1647.64,1658.77,1646.03,2.04904264,17.8751479248
801230,2014-02-07,1684.89,1642.72,1684.89,1638.53,2.8640786,24.9829474141
801230,2014-02-10,1740.38,1688.36,1741.34,1687.97,4.72185244,42.742750881599996
801230,2014-02-11,1742.75,1743.08,1752.48,1723.56,4.73684969,40.8697890834
801230,2014-02-12,1770.49,1741.01,1770.49,1738.39,4.69438732,39.7418994513
801230,2014-02-13,1758.65,1767.43,1786.19,1756.63,5.96002817,51.293042843
801230,2014-02-14,1782.61,1758.45,1782.61,1752.9,4.11086601,34.1348186621
801230,2014-02-17,1819.87,1786.88,1820.17,1786.75,5.40398842,47.303028448
801230,2014-02-18,1838.76,1816.78,1845.74,1816.78,6.08549591,51.761016707399996
801230,2014-02-19,1838.69,1837.62,1858.63,1833.12,5.28455102,47.596244095100005
801230,2014-02-20,1806.77,1842.51,1846.89,1801.49,5.04349841,44.649218337600004
801230,2014-02-21,1802.52,1806.44,1818.42,1784.67,3.8267971,33.6172544512
801230,2014-02-24,1805.67,1794.16,1806.42,1779.22,4.11195959,36.7863720861
801230,2014-02-25,1740.81,1808.11,1820.23,1734.07,5.2871597,48.8512016483
801230,2014-02-26,1773.13,1730.74,1773.21,1708.37,4.29236748,41.829142546599996
801230,2014-02-27,1756.24,1775.07,1815.52,1755.3,4.91448479,49.6744673129
801230,2014-02-28,1796.84,1749.42,1796.84,1738.91,4.69420602,45.852677495100004
801230,2014-03-03,1835.09,1803.82,1835.67,1802.53,5.65709154,53.101399031999996
801230,2014-03-04,1856.91,1825.4,1858.09,1822.85,6.02764009,57.3980459575
801230,2014-03-05,1846.6,1859.51,1861.7,1840.55,4.02647622,40.4072366421
801230,2014-03-06,1836.66,1849.52,1854.13,1815.73,5.73645826,54.5725491206
801230,2014-03-07,1836.4,1830.88,1844.41,1827.07,5.32577806,49.145613847700005
801230,2014-03-10,1764.38,1821.36,1822.69,1758.43,5.89003483,53.389900715299994
801230,2014-03-11,1763.07,1757.84,1777.57,1747.62,4.95558082,44.6231518068
801230,2014-03-12,1756.99,1753.21,1770.62,1726.81,5.20062798,45.99721224859999
801230,2014-03-13,1771.07,1754.02,1772.4,1750.49,4.01261958,35.647904429899995
801230,2014-03-14,1776.4,1762.52,1785.98,1757.05,4.1126921,36.4779555062
801230,2014-03-17,1819.07,1774.1,1819.07,1772.71,4.14378081,37.767695936399996
801230,2014-03-18,1829.49,1817.96,1840.74,1817.62,4.53249298,41.7331909975
801230,2014-03-19,1828.67,1819.19,1828.67,1807.94,3.8819321,34.3138380821
801230,2014-03-20,1780.66,1822.95,1834.88,1780.66,3.98392947,35.5954522736
801230,2014-03-21,1821.86,1773.0,1824.02,1767.25,4.00144033,33.1802913861
801230,2014-03-24,1839.21,1820.71,1842.88,1820.28,4.25094254,33.9709097931
801230,2014-03-25,1831.86,1831.05,1839.33,1821.37,4.16279165,33.4283943648
801230,2014-03-26,1835.71,1833.92,1847.55,1828.13,4.447023,38.8911738313
801230,2014-03-27,1807.08,1825.94,1832.53,1807.08,4.17265663,35.6340995167
801230,2014-03-28,1767.72,1802.95,1809.04,1761.81,4.66685614,38.928321339899995
801230,2014-03-31,1739.55,1762.69,1769.88,1730.21,3.34059267,26.5881276772
801230,2014-04-01,1768.92,1734.45,1768.92,1733.98,2.74209321,22.1665141796
801230,2014-04-02,1748.79,1770.58,1775.32,1746.42,3.0913446,26.2234861633
801230,2014-04-03,1747.33,1744.88,1752.78,1735.08,3.04095822,24.471510599400002
801230,2014-04-04,1768.98,1743.6,1768.98,1741.51,2.73669297,22.3952995125
801230,2014-04-08,1789.27,1759.98,1789.64,1756.37,3.47485598,28.1029698032
801230,2014-04-09,1806.56,1793.68,1806.8,1792.24,3.16745219,26.674523408699997
801230,2014-04-10,1831.2,1807.71,1839.15,1807.2,4.54788466,41.1383661751
801230,2014-04-11,1823.36,1819.04,1829.4,1813.95,3.52998517,30.6872132286
801230,2014-04-14,1839.83,1821.67,1839.83,1821.07,2.89868111,24.2795031935
801230,2014-04-15,1825.62,1840.01,1841.11,1821.26,3.04496735,25.3157281671
801230,2014-04-16,1832.23,1822.31,1832.23,1813.2,3.54948952,29.1861137475
801230,2014-04-17,1833.64,1832.19,1839.68,1826.87,3.18331712,25.8503196748
801230,2014-04-18,1842.2,1829.21,1842.2,1822.46,2.96943566,25.649023249299997
801230,2014-04-21,1821.54,1828.9,1847.13,1818.01,3.23040884,30.1237386856
801230,2014-04-22,1801.39,1820.66,1824.83,1776.6,2.94897396,27.873310700799998
801230,2014-04-23,1788.99,1799.8,1808.71,1786.11,2.3993839,22.575224755700003
801230,2014-04-24,1762.63,1786.48,1787.24,1762.63,2.57411525,23.168721686399998
801230,2014-04-25,1724.76,1762.68,1765.93,1722.6,2.92887758,23.8073855807
801230,2014-04-28,1666.55,1708.39,1711.7,1664.89,2.75422461,20.8616118467
801230,2014-04-29,1683.51,1664.47,1683.92,1664.36,1.74752385,13.5329481149
801230,2014-04-30,1703.85,1683.64,1703.85,1680.83,1.62076021,13.1398389059
801230,2014-05-05,1717.75,1702.32,1718.01,1695.41,1.74607812,13.8751742337
801230,2014-05-06,1721.42,1717.09,1728.54,1713.62,1.68021232,14.0088030403
801230,2014-05-07,1689.9,1717.06,1720.82,1687.29,1.81574083,14.4424496444
801230,2014-05-08,1695.5,1687.13,1714.68,1682.26,1.67312053,13.6617490152
801230,2014-05-09,1685.99,1694.99,1700.2,1673.26,1.66075112,13.801491251500002
801230,2014-05-12,1724.22,1698.71,1724.74,1693.03,2.25118628,18.6795367295
801230,2014-05-13,1725.81,1723.09,1726.66,1715.79,1.80264008,15.6773487826
801230,2014-05-14,1725.92,1723.19,1729.81,1721.15,1.47826798,12.186592698800002
801230,2014-05-15,1689.53,1725.4,1726.45,1688.43,1.67427981,14.6360134833
801230,2014-05-16,1692.6,1687.06,1692.6,1672.84,1.36672088,11.5619736247
801230,2014-05-19,1683.67,1688.01,1689.22,1672.92,1.2064356,10.405396149400001
801230,2014-05-20,1687.95,1691.99,1701.92,1683.64,1.26267504,10.5460791359
801230,2014-05-21,1699.87,1683.15,1701.38,1673.39,1.26363604,10.2885676191
801230,2014-05-22,1697.01,1699.51,1719.46,1696.52,1.76238909,14.4154182592
801230,2014-05-23,1712.9,1695.85,1712.99,1692.46,1.47444897,12.751598561600002
801230,2014-05-26,1730.93,1719.48,1730.94,1718.61,2.02224998,18.251366401
801230,2014-05-27,1719.73,1728.71,1728.89,1718.03,1.67729462,14.7427890823
801230,2014-05-28,1739.3,1725.35,1739.87,1719.18,2.26311933,19.9635438775
801230,2014-05-29,1727.23,1737.8,1746.39,1726.6,2.56669928,22.746820665700003
801230,2014-05-30,1726.17,1723.43,1730.81,1715.24,1.94232789,16.719207223199998
801230,2014-06-03,1723.19,1728.45,1731.33,1722.84,2.16136261,18.338008402
801230,2014-06-04,1710.76,1723.18,1723.22,1700.37,2.37058836,18.6577181974
801230,2014-06-05,1734.28,1709.88,1734.28,1708.88,2.58700004,19.7083486941
801230,2014-06-06,1725.48,1731.15,1731.67,1713.64,2.36987568,19.6526317878
801230,2014-06-09,1714.54,1723.14,1729.01,1713.42,1.84444682,15.4300487843
801230,2014-06-10,1726.88,1716.4,1727.24,1703.76,1.83129825,15.8622411417
801230,2014-06-11,1737.28,1727.14,1737.76,1724.13,1.8591777,16.8690842785
801230,2014-06-12,1737.71,1737.94,1741.38,1731.0,1.94536366,18.1642130094
801230,2014-06-13,1756.5,1739.77,1756.87,1737.5,2.57171338,23.0228551102
801230,2014-06-16,1759.62,1759.41,1761.73,1754.02,2.31456834,23.0495762655
801230,2014-06-17,1748.68,1758.06,1758.28,1748.2,2.58415791,25.192046923899998
801230,2014-06-18,1739.69,1748.84,1749.73,1738.16,2.45281674,20.3083114316
801230,2014-06-19,1700.42,1741.32,1746.26,1695.12,2.55458612,23.355837522399998
801230,2014-06-20,1719.89,1699.12,1719.89,1699.02,1.70247823,16.3872014569
801230,2014-06-23,1730.73,1719.6,1736.6,1718.36,1.94747948,20.916287008
801230,2014-06-24,1746.19,1731.63,1747.19,1731.12,2.22745945,23.3790858291
801230,2014-06-25,1734.32,1743.98,1744.07,1728.35,2.02738385,19.8427309352
801230,2014-06-26,1752.77,1733.75,1753.32,1733.66,2.3492293,22.1236790316
801230,2014-06-27,1776.16,1754.3,1782.53,1754.3,3.33765933,32.3145600804
801230,2014-06-30,1786.04,1780.12,1786.58,1777.86,3.80853829,33.781985155
801230,2014-07-01,1800.58,1785.78,1801.89,1782.8,3.80208606,35.3736767863
801230,2014-07-02,1802.57,1797.27,1802.57,1786.44,3.77470119,35.4731139874
801230,2014-07-03,1815.89,1802.47,1823.18,1797.2,4.71374773,43.72630431939999
801230,2014-07-04,1804.08,1814.5,1816.73,1799.08,3.58366018,31.7377592067
801230,2014-07-07,1808.87,1802.25,1814.02,1798.93,3.23218727,27.163008589
801230,2014-07-08,1817.59,1804.55,1818.1,1788.62,3.26018131,28.364407123699998
801230,2014-07-09,1795.71,1812.95,1824.11,1792.98,4.14200773,35.4749069883
801230,2014-07-10,1802.07,1794.77,1811.01,1792.75,3.61498045,32.5102210629
801230,2014-07-11,1811.94,1795.21,1816.77,1795.21,3.10905855,27.7660218421
801230,2014-07-14,1829.18,1814.21,1829.36,1810.61,3.84556951,35.3819660942
801230,2014-07-15,1829.69,1826.56,1832.67,1820.83,3.89551347,36.072372983899996
801230,2014-07-16,1815.54,1829.37,1834.99,1807.05,4.06695878,37.476132754
801230,2014-07-17,1811.67,1812.79,1814.6,1800.82,3.11921749,26.809477439899997
801230,2014-07-18,1814.77,1806.46,1825.81,1804.28,3.15476538,28.2671581934
801230,2014-07-21,1815.56,1816.82,1820.84,1810.73,3.2608567,28.9692184361
801230,2014-07-22,1844.01,1813.71,1849.68,1813.63,4.53194817,41.8262497101
801230,2014-07-23,1831.89,1843.68,1843.68,1826.54,4.6773565,40.1285996364
801230,2014-07-24,1829.46,1827.98,1838.48,1814.15,4.08214911,33.3103628604
801230,2014-07-25,1835.12,1827.66,1835.12,1825.05,3.39433971,28.3372941028
801230,2014-07-28,1858.66,1837.05,1858.83,1836.66,4.56061468,38.2992727799
801230,2014-07-29,1877.03,1863.52,1883.13,1861.07,5.06689585,44.7004713455
801230,2014-07-30,1885.64,1875.14,1890.05,1875.14,5.34544671,43.187591598000004
801230,2014-07-31,1898.84,1887.6,1899.07,1881.06,4.59772345,37.951408269
801230,2014-08-01,1882.37,1898.74,1910.2,1880.3,4.84351144,42.0042627991
801230,2014-08-04,1911.36,1891.66,1911.36,1889.74,4.3663952,38.0290557385
801230,2014-08-05,1910.75,1914.84,1914.89,1900.32,3.96395825,35.1146432369
801230,2014-08-06,1926.91,1915.64,1927.24,1907.36,4.64127694,40.7635525961
801230,2014-08-07,1914.12,1929.38,1936.2,1913.13,5.28053942,46.1849527092
801230,2014-08-08,1918.15,1911.51,1920.16,1906.69,3.79189498,32.787945248
801230,2014-08-11,1939.76,1917.0,1939.76,1917.0,4.04019508,36.183219508899995
801230,2014-08-12,1952.98,1937.52,1953.35,1932.36,4.71430277,42.5592436235
801230,2014-08-13,1949.22,1947.95,1953.06,1923.22,4.65488572,42.4429846889
801230,2014-08-14,1931.62,1941.72,1953.91,1930.36,5.30709988,46.836544258900005
801230,2014-08-15,1962.05,1943.13,1963.29,1941.11,4.76431054,42.8044846194
801230,2014-08-18,1999.32,1979.55,1999.32,1979.13,5.00029073,45.4308973457
801230,2014-08-19,2034.87,2019.7,2034.87,2017.36,5.88965522,51.755610341899995
801230,2014-08-20,2058.37,2053.41,2068.88,2050.82,6.08819045,56.76541925430001
801230,2014-08-21,2059.51,2070.13,2070.38,2041.51,7.04870585,67.7690434086
801230,2014-08-22,2076.4,2064.49,2080.77,2058.2,6.3849812,64.7449408294
801230,2014-08-25,2064.08,2072.68,2078.08,2064.08,5.22540066,51.636786442100004
801230,2014-08-26,2038.77,2061.32,2068.14,2029.98,5.6747095,56.3281386141
801230,2014-08-27,2041.71,2037.67,2051.29,2037.43,4.32319691,44.3626961546
801230,2014-08-28,2035.92,2044.15,2053.11,2028.3,5.31642959,47.33685924979999
801230,2014-08-29,2052.58,2031.25,2052.58,2027.11,4.30845186,42.7445536917
801230,2014-09-01,2079.67,2054.82,2079.67,2051.68,4.39701767,43.311038942399996
801230,2014-09-02,2106.91,2084.19,2106.91,2079.83,5.87726998,57.351607513299996
801230,2014-09-03,2117.41,2107.57,2120.12,2104.16,6.2891991,63.515728975200005
801230,2014-09-04,2128.55,2120.29,2129.28,2108.82,6.59507454,62.6195962817
801230,2014-09-05,2140.16,2130.36,2144.99,2124.53,6.35976738,64.6116530273
801230,2014-09-09,2184.2,2141.83,2184.2,2141.35,7.03295145,75.080279171
801230,2014-09-10,2192.13,2180.74,2192.55,2168.39,6.71194134,69.3238257096
801230,2014-09-11,2177.17,2196.36,2215.5,2164.04,7.65346003,76.8876804125
801230,2014-09-12,2201.34,2174.11,2201.34,2173.69,4.82444415,48.0815310893
801230,2014-09-15,2223.2,2205.47,2224.56,2195.55,6.0795002,60.2325018952
801230,2014-09-16,2141.23,2228.78,2229.98,2139.2,8.15070092,78.2779611855
801230,2014-09-17,2162.49,2150.09,2164.93,2128.79,4.80777445,45.8402891034
801230,2014-09-18,2185.58,2168.43,2185.61,2162.43,6.02475196,55.4755094565
801230,2014-09-19,2220.36,2190.07,2222.69,2190.07,5.38322805,51.789445153100004
801230,2014-09-22,2188.98,2222.31,2222.31,2184.77,5.98255621,56.8936886962
801230,2014-09-23,2236.34,2194.51,2236.34,2194.51,7.10227637,66.1938844213
801230,2014-09-24,2259.27,2236.46,2259.27,2228.12,9.5810033,86.38272225370001
801230,2014-09-25,2255.78,2265.16,2278.12,2249.27,8.49968903,79.304096176
801230,2014-09-26,2266.54,2246.31,2272.15,2242.32,7.21896548,67.8430181058
801230,2014-09-29,2305.56,2271.89,2309.62,2271.89,7.88520118,75.95256225680001
801230,2014-09-30,2311.63,2302.73,2315.09,2297.87,6.82470557,64.4973032671
801230,2014-10-08,2358.3,2320.86,2358.3,2317.87,7.29182923,71.95919976270001
801230,2014-10-09,2359.24,2360.88,2365.1,2325.21,7.58010984,77.1731088929
801230,2014-10-10,2349.61,2350.65,2361.45,2334.03,7.02278586,69.8042403997
801230,2014-10-13,2343.86,2342.68,2343.86,2306.58,6.37209912,62.0297132771
801230,2014-10-14,2343.84,2341.68,2368.47,2329.89,7.48970105,72.22227119109999
801230,2014-10-15,2358.15,2343.05,2358.15,2328.66,6.46167759,63.7588032757
801230,2014-10-16,2318.35,2344.28,2365.11,2318.26,7.45007646,71.6178497846
801230,2014-10-17,2294.38,2319.88,2330.11,2248.47,6.59378343,64.9096958207
801230,2014-10-20,2328.87,2300.3,2328.87,2296.05,5.17224316,52.4562586531
801230,2014-10-21,2302.4,2326.62,2337.71,2300.4,5.73702,54.088416035600005
801230,2014-10-22,2278.83,2301.07,2311.64,2269.81,5.22950462,49.3353760379
801230,2014-10-23,2240.61,2277.34,2286.62,2237.37,4.9509783,47.0338734747
801230,2014-10-24,2240.77,2240.16,2255.16,2235.05,4.17898501,40.1633290152
801230,2014-10-27,2263.95,2237.56,2266.1,2227.01,4.69620933,42.989344966000004
801230,2014-10-28,2322.39,2268.76,2322.39,2268.13,6.09784114,59.1759438849
801230,2014-10-29,2359.13,2329.44,2366.64,2324.71,8.48903787,81.0823287178
801230,2014-10-30,2348.0,2352.53,2366.31,2341.48,6.97387878,67.5374075199
801230,2014-10-31,2343.15,2349.39,2354.82,2324.5,6.62996325,62.631395275900005
801230,2014-11-03,2356.49,2338.93,2359.76,2336.61,7.5728174,73.232316825
801230,2014-11-04,2332.35,2354.75,2357.29,2327.38,7.31161683,71.7376232794
801230,2014-11-05,2344.57,2329.8,2347.93,2322.88,6.0761209,57.9819678307
801230,2014-11-06,2357.89,2341.85,2359.02,2330.45,5.39740761,53.4183981121
801230,2014-11-07,2342.5,2359.45,2379.75,2333.25,6.83781768,66.1612386849
801230,2014-11-10,2360.68,2345.18,2360.68,2342.39,5.29036004,51.3332052227
801230,2014-11-11,2280.59,2363.97,2367.32,2266.61,7.9632627,75.8378346172
801230,2014-11-12,2321.54,2277.01,2321.78,2274.22,5.02812287,47.8620840759
801230,2014-11-13,2303.11,2324.72,2327.97,2292.9,7.02492699,64.8935403418
801230,2014-11-14,2305.43,2295.38,2306.43,2283.3,5.42011777,49.2481012359
801230,2014-11-17,2322.11,2308.11,2335.18,2292.61,5.19670807,48.3652833434
801230,2014-11-18,2339.49,2318.03,2341.87,2317.12,4.54583948,42.6178108046
801230,2014-11-19,2351.92,2338.72,2357.51,2334.09,5.38800982,50.7414177286
801230,2014-11-20,2343.63,2341.84,2350.87,2336.47,4.36541926,41.355301070799996
801230,2014-11-21,2362.15,2345.41,2364.03,2344.58,4.76694116,45.23391243060001
801230,2014-11-24,2394.08,2380.84,2402.39,2371.98,7.68302568,73.1002549582
801230,2014-11-25,2419.37,2395.75,2419.37,2392.05,7.98017172,79.4588746013
801230,2014-11-26,2444.39,2427.34,2444.52,2419.37,8.36525608,85.0901885052
801230,2014-11-27,2477.7,2453.8,2478.78,2447.46,10.2714492,103.4073847124
801230,2014-11-28,2490.71,2486.56,2499.81,2468.48,10.00173558,101.4178601956
801230,2014-12-01,2480.4,2506.22,2507.02,2472.08,8.93915721,93.4432097621
801230,2014-12-02,2514.3,2477.33,2521.34,2475.97,8.71773099,91.2324673907
801230,2014-12-03,2547.65,2515.53,2547.65,2490.45,12.39516713,128.8076441449
801230,2014-12-04,2588.73,2542.31,2588.73,2540.54,12.14623976,128.2966073748
801230,2014-12-05,2509.78,2594.42,2594.42,2456.07,12.53353581,130.09003727639998
801230,2014-12-08,2524.65,2504.3,2537.49,2485.52,10.61835984,113.63075382459999
801230,2014-12-09,2418.39,2513.77,2534.29,2409.28,12.56951886,131.98180601049998
801230,2014-12-10,2496.71,2413.04,2500.01,2400.89,8.92266621,92.4837126366
801230,2014-12-11,2517.33,2484.01,2517.33,2471.29,8.14003655,85.742598481
801230,2014-12-12,2559.77,2519.27,2560.99,2515.47,8.28740782,91.3224271921
801230,2014-12-15,2621.23,2575.04,2623.11,2564.68,10.509008,114.9808361499
801230,2014-12-16,2614.03,2621.16,2624.61,2595.29,8.15243859,87.852232941
801230,2014-12-17,2570.03,2610.89,2612.26,2542.3,8.72039064,93.4010867814
801230,2014-12-18,2553.19,2563.3,2580.81,2552.07,6.43582096,69.91908575949999
801230,2014-12-19,2499.75,2546.0,2550.24,2461.55,7.14611479,76.7409333768
801230,2014-12-22,2375.43,2487.3,2487.55,2355.46,8.98544728,89.74927105479999
801230,2014-12-23,2357.15,2365.19,2400.09,2355.07,5.82766218,58.4854332786
801230,2014-12-24,2404.63,2368.08,2404.66,2367.08,5.42262223,56.65452023
801230,2014-12-25,2425.68,2410.93,2425.68,2406.85,5.41797525,57.2321775905
801230,2014-12-26,2439.14,2424.61,2439.99,2412.16,6.14498869,62.9314228229
801230,2014-12-29,2412.78,2442.58,2442.79,2396.86,7.15685712,74.3565917351
801230,2014-12-30,2346.47,2408.81,2412.43,2342.61,5.81958632,57.968137865699994
801230,2014-12-31,2365.51,2344.57,2365.51,2334.24,4.21981686,42.1521217895
801230,2015-01-05,2398.66,2372.76,2405.18,2368.11,5.78988701,57.8892786149
801230,2015-01-06,2421.41,2386.57,2421.41,2373.74,5.59231347,56.230477374399996
801230,2015-01-07,2424.93,2433.82,2441.1,2411.05,5.24906789,55.966032149899995
801230,2015-01-08,2430.44,2423.68,2445.96,2411.01,5.51476918,58.1288494186
801230,2015-01-09,2401.2,2423.47,2439.42,2401.2,5.39157608,56.7116847829
801230,2015-01-12,2345.78,2388.97,2389.07,2333.21,4.57897381,48.324045400600006
801230,2015-01-13,2376.86,2342.95,2378.26,2342.88,3.85254576,41.7867687583
801230,2015-01-14,2372.42,2374.52,2380.72,2358.41,3.48211953,36.4735752888
801230,2015-01-15,2384.55,2372.63,2384.55,2365.58,3.9716147,41.0947341161
801230,2015-01-16,2408.99,2387.02,2408.99,2382.02,4.68632924,48.7279341721
801230,2015-01-19,2311.79,2344.2,2391.18,2281.6,5.95665351,60.3920289621
801230,2015-01-20,2392.89,2323.34,2392.89,2323.32,5.09118539,54.341387453100005
801230,2015-01-21,2447.54,2398.56,2448.94,2396.45,6.45624077,67.651362242
801230,2015-01-22,2495.46,2447.23,2495.46,2444.91,6.35670121,68.8190128543
801230,2015-01-23,2483.38,2496.85,2505.58,2473.48,6.2084768,66.3615319942
801230,2015-01-26,2555.63,2490.26,2555.63,2486.48,7.25139965,77.71946329
801230,2015-01-27,2558.09,2562.39,2571.15,2525.13,7.57759605,83.3878232492
801230,2015-01-28,2534.99,2552.4,2572.04,2529.95,6.66900968,73.5613268597
801230,2015-01-29,2523.65,2511.81,2537.34,2507.14,5.56509897,61.83393909189999
801230,2015-01-30,2485.68,2526.07,2536.75,2485.52,5.08008432,54.569973139300004
801230,2015-02-02,2477.56,2465.11,2495.53,2455.74,4.57337055,49.555092001999995
801230,2015-02-03,2518.72,2489.1,2519.41,2488.13,4.33706001,49.6712775074
801230,2015-02-04,2518.85,2521.67,2531.83,2516.01,5.19134376,60.1116178454
801230,2015-02-05,2513.28,2542.71,2545.7,2513.28,5.48739187,63.7825962776
801230,2015-02-06,2475.39,2503.66,2511.32,2460.38,4.54371417,51.498111924899995
801230,2015-02-09,2440.79,2471.26,2483.35,2438.79,4.07281337,48.0441308816
801230,2015-02-10,2473.1,2439.08,2473.1,2439.08,3.18881709,37.130991399
801230,2015-02-11,2476.99,2472.45,2489.93,2469.79,3.69299489,44.2354929656
801230,2015-02-12,2503.93,2484.54,2517.05,2480.11,4.07742703,47.567053629700006
801230,2015-02-13,2539.15,2511.27,2548.76,2510.78,4.63310592,54.3643499537
801230,2015-02-16,2614.17,2545.45,2614.17,2545.45,5.982554,74.4884757091
801230,2015-02-17,2635.08,2626.47,2636.87,2611.91,6.7955963,83.6694405921
801230,2015-02-25,2645.59,2639.25,2667.29,2633.99,6.47508591,78.4115314853
801230,2015-02-26,2665.09,2640.74,2665.09,2638.84,5.80276601,66.7846366082
801230,2015-02-27,2691.61,2666.4,2699.11,2665.0,6.91367925,81.3584635065
801230,2015-03-02,2742.08,2716.6,2742.08,2714.3,9.04630179,106.8485816842
801230,2015-03-03,2730.43,2737.77,2766.99,2726.61,9.90020286,120.00376724270001
801230,2015-03-04,2761.75,2724.99,2763.04,2724.76,7.41575173,88.8965258753
801230,2015-03-05,2782.27,2766.05,2785.31,2763.89,8.5517966,104.1705338854
801230,2015-03-06,2745.77,2782.65,2790.46,2741.82,7.37072827,88.9840235269
801230,2015-03-09,2792.39,2733.5,2792.39,2720.32,7.47310768,89.4989288714
801230,2015-03-10,2833.08,2786.15,2846.0,2784.67,9.63899331,111.3427233384
801230,2015-03-11,2838.75,2824.39,2839.18,2821.7,8.6465122,101.3361850049
801230,2015-03-12,2829.93,2838.77,2852.14,2815.02,7.91591715,95.19867603520001
801230,2015-03-13,2859.03,2838.08,2859.27,2832.57,6.286419,76.6977323154
801230,2015-03-16,2941.81,2878.14,2944.43,2878.14,10.92505984,131.5842352881
801230,2015-03-17,2986.91,2951.26,2988.32,2937.34,12.37438195,151.48087439309998
801230,2015-03-18,3017.01,2976.2,3017.28,2968.73,10.69327539,129.8378808205
801230,2015-03-19,3047.11,3019.54,3053.67,3001.07,10.6684907,134.3084962234
801230,2015-03-20,3076.1,3045.36,3076.1,3044.32,9.63603347,123.4489595736
801230,2015-03-23,3111.3,3086.55,3111.78,3085.79,10.80832492,141.2982536513
801230,2015-03-24,3108.57,3116.16,3117.21,3002.79,13.0249566,166.9292348045
801230,2015-03-25,3125.65,3098.26,3144.86,3080.52,10.77376839,138.5394923025
801230,2015-03-26,3101.51,3113.96,3146.05,3073.04,9.80370571,129.1388777194
801230,2015-03-27,3152.02,3097.68,3152.31,3097.68,7.70413451,101.8422888496
801230,2015-03-30,3182.2,3160.11,3190.46,3151.92,9.6926641,125.41404834379999
801230,2015-03-31,3164.39,3187.3,3199.53,3156.57,9.74785387,130.8465169333
801230,2015-04-01,3237.07,3167.94,3242.7,3167.94,9.41558823,131.4417328441
801230,2015-04-02,3320.9,3251.13,3320.9,3251.13,12.48350207,168.8865352689
801230,2015-04-03,3402.78,3306.68,3408.14,3292.97,14.53869542,206.8095388183
801230,2015-04-07,3453.8,3422.8,3459.43,3414.58,13.49402454,194.29237903770002
801230,2015-04-08,3415.96,3454.28,3474.21,3362.84,13.20036545,187.5611724916
801230,2015-04-09,3414.75,3433.99,3434.88,3302.41,12.52753804,182.4395371313
801230,2015-04-10,3512.75,3408.61,3520.41,3400.84,11.45468769,173.3985780888
801230,2015-04-13,3600.39,3534.46,3613.92,3527.86,12.65987712,194.36837424400002
801230,2015-04-14,3593.02,3588.9,3652.11,3565.19,11.84075075,181.1340738915
801230,2015-04-15,3461.35,3581.45,3583.47,3446.79,10.76297029,159.6509753105
801230,2015-04-16,3498.17,3416.84,3522.61,3380.32,8.65758409,127.6572364373
801230,2015-04-17,3518.87,3514.81,3544.76,3492.75,10.31778804,158.2174785046
801230,2015-04-20,3413.28,3501.23,3515.17,3406.58,10.99389163,165.3198305436
801230,2015-04-21,3514.08,3423.54,3514.08,3423.54,7.59152795,110.4845121452
801230,2015-04-22,3613.58,3534.7,3613.64,3534.7,10.59791885,159.0352336131
801230,2015-04-23,3685.18,3625.0,3692.2,3606.63,12.89408101,194.73988556810002
801230,2015-04-24,3690.64,3640.68,3696.01,3618.52,11.8455222,176.873450811
801230,2015-04-27,3700.43,3730.13,3748.74,3660.94,11.97716516,187.5233705345
801230,2015-04-28,3590.87,3698.59,3700.79,3553.31,9.75934715,151.58330049190002
801230,2015-04-29,3654.05,3573.76,3666.45,3565.52,7.49887588,117.2360938485
801230,2015-04-30,3679.68,3657.14,3703.73,3655.27,10.12980525,157.9553307162
801230,2015-05-04,3695.3,3685.39,3695.58,3628.74,7.41033457,116.7843908824
801230,2015-05-05,3585.44,3698.17,3703.63,3564.96,8.37599881,126.9502761609
801230,2015-05-06,3591.28,3613.73,3691.09,3567.07,8.18379531,129.5826151121
801230,2015-05-07,3452.17,3572.7,3585.36,3448.89,8.27900244,130.8969960106
801230,2015-05-08,3579.6,3480.17,3579.6,3474.81,8.47880995,137.7544945269
801230,2015-05-11,3750.53,3620.04,3756.36,3613.0,9.61758051,156.9630552301
801230,2015-05-12,3810.07,3780.01,3819.7,3761.62,11.48497914,189.8477783088
801230,2015-05-13,3871.95,3821.45,3904.49,3793.29,11.16595143,194.6929609202
801230,2015-05-14,3875.14,3874.99,3903.68,3843.2,8.58702667,151.2876627816
801230,2015-05-15,3889.53,3890.32,3914.63,3821.6,10.46713329,178.2516961045
801230,2015-05-18,3954.81,3879.88,3966.13,3872.16,10.6288638,188.6381513573
801230,2015-05-19,4048.46,3967.82,4048.46,3959.25,9.47133436,163.8538178019
801230,2015-05-20,4172.4,4096.16,4221.88,4096.16,11.85087377,215.17987220979998
801230,2015-05-21,4313.28,4194.3,4313.94,4193.68,11.40842489,212.60956056610001
801230,2015-05-22,4418.56,4366.55,4428.08,4306.57,13.42424671,250.9346618561
801230,2015-05-25,4580.35,4434.2,4597.04,4414.83,13.00914546,247.6165997564
801230,2015-05-26,4710.9,4634.94,4725.72,4608.09,13.26271485,270.87313873939996
801230,2015-05-27,4799.03,4752.61,4820.76,4652.61,13.04545747,271.3144793682
801230,2015-05-28,4546.97,4818.08,4889.06,4537.24,14.36336402,289.5348433767
801230,2015-05-29,4593.75,4544.86,4681.08,4331.02,13.70624724,254.61924780200002
801230,2015-06-01,4798.36,4627.52,4798.93,4627.52,10.67946744,213.84426483349998
801230,2015-06-02,5009.81,4854.74,5009.81,4828.15,12.47650612,254.1629574725
801230,2015-06-03,5027.58,5071.76,5090.99,4920.75,11.54499086,246.00122809220002
801230,2015-06-04,5072.9,5035.62,5083.08,4753.45,12.33114509,263.3230967993
801230,2015-06-05,5169.66,5144.53,5202.32,5047.37,13.45546124,293.1609504011
801230,2015-06-08,5133.89,5177.62,5179.41,5068.63,12.71146403,269.30326366310004
801230,2015-06-09,5145.58,5109.41,5151.47,5058.16,11.79200161,266.6154912008
801230,2015-06-10,5249.46,5104.33,5292.1,5058.72,11.50831341,264.82326651430003
801230,2015-06-11,5377.73,5242.21,5377.73,5242.21,12.93448833,289.894101219
801230,2015-06-12,5442.11,5420.1,5478.62,5375.21,13.16005856,300.42349041
801230,2015-06-15,5344.14,5457.58,5487.54,5341.73,12.24918091,279.5200845987
801230,2015-06-16,5157.72,5269.96,5271.77,5106.23,10.08433749,222.36582407720002
801230,2015-06-17,5230.91,5153.05,5246.49,4992.46,8.69636811,185.8769022284
801230,2015-06-18,5078.41,5228.16,5280.86,5076.49,8.45487592,186.3180724861
801230,2015-06-19,4715.4,4971.84,5007.27,4711.1,7.91094945,163.3047604965
801230,2015-06-23,4662.0,4692.85,4734.25,4421.37,8.02870212,156.4087909485
801230,2015-06-24,4768.78,4724.45,4789.93,4636.85,8.24942181,164.5698197624
801230,2015-06-25,4650.45,4807.2,4833.64,4602.16,8.6522557,184.8755966132
801230,2015-06-26,4316.09,4529.43,4529.43,4280.94,8.60232895,168.6248626184
801230,2015-06-29,4082.16,4377.59,4383.04,4032.1,9.56013464,164.40472514110002
801230,2015-06-30,4229.65,3985.93,4244.84,3813.72,11.14920783,183.0158304353
801230,2015-07-01,3992.05,4181.85,4277.24,3978.52,9.76871564,171.31259634149998
801230,2015-07-02,3737.96,3951.9,3977.51,3733.36,8.60495988,122.30073181879999
801230,2015-07-03,3526.51,3594.11,3717.36,3506.5,9.01046363,118.27217513709999
801230,2015-07-06,3391.2,3688.28,3688.28,3344.95,10.78475197,132.4680624634
801230,2015-07-07,3235.07,3286.91,3290.18,3232.55,4.84047315,51.034579158
801230,2015-07-08,3147.7,3145.12,3175.17,3144.96,6.31623809,45.0948435385
801230,2015-07-09,3216.53,3094.07,3216.89,3093.42,6.55769811,68.7532321342
801230,2015-07-10,3295.67,3237.24,3298.91,3232.26,5.42224526,70.3874181941
801230,2015-07-13,3433.86,3393.27,3440.21,3383.09,7.02231198,87.79923360120002
801230,2015-07-14,3511.82,3513.79,3575.31,3485.08,9.81850664,122.9639756359
801230,2015-07-16,3435.13,3309.45,3485.34,3267.29,10.55555558,131.1694450342
801230,2015-07-17,3565.69,3444.98,3586.42,3443.27,9.51421043,122.2815198059
801230,2015-07-20,3611.66,3577.12,3655.15,3547.19,10.64061958,145.4748186584
801230,2015-07-21,3686.61,3590.92,3696.72,3554.91,8.81350635,122.33834156540001
801230,2015-07-22,3743.03,3717.31,3760.23,3661.97,10.8289385,161.6979141026
801230,2015-07-23,3841.85,3746.86,3841.85,3746.86,10.5389793,159.0406169856
801230,2015-07-24,3787.59,3841.18,3876.4,3766.6,11.83730353,188.09194092
801230,2015-07-27,3560.65,3710.24,3782.15,3558.93,9.62892509,153.4311617074
801230,2015-07-28,3416.41,3399.22,3534.16,3343.65,10.2335327,137.4719235432
801230,2015-07-29,3524.53,3449.75,3525.77,3323.63,7.97874204,110.31491233620001
801230,2015-07-30,3443.44,3493.37,3559.2,3430.03,7.6141052,113.42040110120001
801230,2015-07-31,3379.22,3386.07,3442.63,3344.94,6.14933332,86.01071319200001
801230,2015-08-03,3285.18,3334.52,3352.38,3244.73,6.59398289,91.7539610713
801230,2015-08-04,3419.27,3287.15,3419.85,3285.12,7.06598253,97.1910238439
801230,2015-08-05,3400.66,3423.05,3465.41,3375.27,7.13186417,104.39724422569999
801230,2015-08-06,3422.62,3340.52,3437.02,3334.4,6.75124299,101.165560212
801230,2015-08-07,3520.15,3455.84,3521.26,3446.72,8.09911255,127.5964647389
801230,2015-08-10,3649.07,3552.11,3664.97,3520.15,9.29577054,148.80635788930002
801230,2015-08-11,3691.28,3657.77,3725.86,3649.01,9.87564234,154.0774761594
801230,2015-08-12,3688.31,3670.28,3718.64,3660.1,9.27397892,145.24655913360002
801230,2015-08-13,3778.45,3664.39,3778.45,3664.39,9.41108014,148.2158151402
801230,2015-08-14,3823.25,3826.85,3851.8,3796.84,10.47492985,180.0135584868
801230,2015-08-17,3892.15,3817.39,3892.15,3794.34,9.63190396,161.9811335691
801230,2015-08-18,3700.99,3921.94,3924.85,3689.89,10.7017417,174.3264648503
801230,2015-08-19,3796.66,3603.63,3816.44,3541.56,10.2119981,162.0866366461
801230,2015-08-20,3725.12,3779.22,3851.26,3720.47,9.52098247,155.2406253229
801230,2015-08-21,3559.34,3656.26,3685.89,3532.72,10.82332327,157.0153211717
801230,2015-08-24,3346.49,3410.42,3422.98,3342.79,4.43510008,58.9078097883
801230,2015-08-25,3156.37,3150.78,3186.3,3150.37,4.68024083,55.7228164013
801230,2015-08-26,3022.33,3119.23,3190.97,3013.32,10.41585292,116.69689451040001
801230,2015-08-27,3080.35,3052.17,3087.96,2949.39,8.70950239,94.66933042149999
801230,2015-08-28,3216.96,3107.42,3217.2,3089.5,9.80119164,113.28227126610001
801230,2015-08-31,3122.4,3200.52,3206.7,3121.32,8.67668486,103.2797313427
801230,2015-09-01,2959.53,3088.47,3088.47,2954.86,7.22484843,79.0740130514
801230,2015-09-07,2905.32,2890.89,2972.83,2885.16,7.07383134,73.9099876808
801230,2015-09-08,3017.42,2891.45,3022.94,2876.5,6.88976188,72.99540846880001
801230,2015-09-09,3106.7,3021.09,3119.48,3016.41,11.718281,131.8436024747
801230,2015-09-10,3083.64,3051.56,3121.99,3041.39,10.52041501,129.2722945106
801230,2015-09-11,3131.18,3073.72,3131.93,3073.19,9.35507286,115.7096842582
801230,2015-09-14,2950.45,3139.24,3145.42,2948.42,9.77175111,114.6543652461
801230,2015-09-15,2823.9,2859.49,2918.83,2817.27,8.14781624,84.6222581833
801230,2015-09-16,2969.19,2814.64,2982.89,2814.54,9.30730525,105.5544357215
801230,2015-09-17,2918.39,2960.52,3032.45,2918.03,10.49201628,122.0946954342
801230,2015-09-18,2958.42,2938.08,2970.17,2902.94,8.10666072,88.0849547023
801230,2015-09-21,3031.54,2924.03,3035.03,2915.97,8.66108157,97.09885577879999
801230,2015-09-22,3038.7,3036.24,3069.91,3008.26,9.17382951,102.13504376639999
801230,2015-09-23,3009.88,2987.86,3045.65,2979.95,8.05791305,92.37693314219999
801230,2015-09-24,3039.63,3014.98,3039.85,2995.13,7.11358788,80.918618879
801230,2015-09-25,2958.43,3021.95,3048.56,2934.26,8.7664848,96.4970736813
801230,2015-09-28,3005.05,2955.89,3008.11,2918.71,5.74578962,64.456251378
801230,2015-09-29,2959.3,2955.82,2991.55,2942.26,5.92292939,65.7269653604
801230,2015-09-30,2953.3,2969.93,2978.45,2935.45,4.26339168,48.099715112
801230,2015-10-08,3042.31,3021.58,3059.22,3000.91,8.48006014,90.6874454548
801230,2015-10-09,3082.62,3037.51,3098.01,3030.69,8.46925414,92.5638601892
801230,2015-10-12,3151.03,3059.82,3171.91,3059.82,11.60563864,135.9119647075
801230,2015-10-13,3159.82,3096.71,3167.63,3088.78,9.57307529,114.386200339
801230,2015-10-14,3110.08,3118.9,3150.4,3090.51,10.32545268,121.77420932700001
801230,2015-10-15,3177.87,3077.64,3179.15,3077.64,13.50950031,160.9208903163
801230,2015-10-16,3220.62,3179.22,3225.21,3141.21,14.28180162,178.8839498335
801230,2015-10-19,3258.55,3227.62,3278.18,3217.42,16.4136177,236.28415007369998
801230,2015-10-20,3291.63,3239.01,3302.65,3216.04,13.71995093,193.2054559186
801230,2015-10-21,3105.8,3296.54,3320.31,3099.72,16.62051588,225.9070785121
801230,2015-10-22,3232.62,3109.79,3234.02,3105.57,13.83205755,191.9045875612
801230,2015-10-23,3347.43,3250.24,3362.16,3235.94,14.97992378,216.21258929470002
801230,2015-10-26,3363.56,3390.94,3399.11,3313.3,15.25209391,227.1038077199
801230,2015-10-27,3426.2,3339.65,3440.57,3254.81,14.56879094,204.844516555
801230,2015-10-28,3333.73,3401.65,3446.3,3320.02,12.67697912,180.60898985970002
801230,2015-10-29,3369.23,3363.83,3404.2,3330.1,10.21514008,141.5275481223
801230,2015-10-30,3362.95,3366.07,3412.99,3321.54,10.66041824,155.2105029709
801230,2015-11-02,3308.02,3280.02,3377.76,3270.44,9.43393343,137.97753655489998
801230,2015-11-03,3292.15,3315.22,3340.03,3267.63,6.80278827,98.8985531367
801230,2015-11-04,3457.27,3323.63,3457.37,3322.34,11.68940167,168.42634254770002
801230,2015-11-05,3470.8,3465.45,3518.84,3438.86,14.92773534,215.24539024
801230,2015-11-06,3543.72,3476.75,3550.78,3474.5,12.71617081,183.81068042369998
801230,2015-11-09,3592.42,3528.24,3606.27,3508.57,13.54429765,200.8135647298
801230,2015-11-10,3636.77,3573.31,3666.96,3560.68,12.96954457,204.0636387286
801230,2015-11-11,3743.01,3646.91,3743.01,3646.91,11.95827623,194.2206172682
801230,2015-11-12,3762.82,3771.76,3793.13,3722.43,12.40028718,205.6271055157
801230,2015-11-13,3766.53,3744.39,3823.76,3686.47,12.88867029,214.05111272439999
801230,2015-11-16,3877.67,3705.43,3877.84,3702.62,11.71108993,188.50187122580002
801230,2015-11-17,3836.03,3911.47,3926.66,3830.01,13.15479942,214.27265665299998
801230,2015-11-18,3766.62,3847.9,3862.7,3756.4,9.81681076,164.0859503784
801230,2015-11-19,3889.71,3780.2,3889.71,3770.7,8.95110276,151.3644759034
801230,2015-11-20,3975.34,3894.51,3977.43,3893.34,12.21319183,209.11823257950002
801230,2015-11-23,3920.17,3964.23,4008.8,3900.34,12.09915841,204.1217485121
801230,2015-11-24,3945.14,3911.48,3945.14,3850.45,8.07356718,133.3916553363
801230,2015-11-25,4024.44,3943.53,4025.44,3940.06,9.52743973,159.1759265168
801230,2015-11-26,4051.28,4059.82,4096.31,4036.77,11.83115704,203.71297379610002
801230,2015-11-27,3867.78,4034.65,4077.43,3831.4,12.95571892,211.9525955968
801230,2015-11-30,3950.99,3876.6,3950.99,3734.8,12.2490162,199.99654570310003
801230,2015-12-01,3934.61,3963.19,4002.81,3895.72,10.50305278,176.6945713665
801230,2015-12-02,3852.15,3925.2,3928.63,3763.01,9.19410287,170.718083102
801230,2015-12-03,3940.92,3844.3,3942.13,3844.21,7.43025662,129.8717767079
801230,2015-12-04,3954.18,3931.57,3996.11,3916.0,7.9913977,133.8816501209
801230,2015-12-07,4044.27,3974.71,4044.41,3948.08,7.80440959,128.6363248341
801230,2015-12-08,3981.66,4024.62,4034.71,3973.92,8.49977706,161.4525181066
801230,2015-12-09,3982.57,3960.13,4006.05,3940.72,7.08894429,136.7254278373
801230,2015-12-10,3962.84,3982.81,4015.51,3959.47,6.14605116,117.2281400984
801230,2015-12-11,3913.31,3955.6,3964.29,3910.18,5.75387121,102.4784941459
801230,2015-12-14,3938.83,3872.92,3939.37,3863.26,5.90989359,102.7506355285
801230,2015-12-15,4028.28,3943.86,4041.54,3943.86,6.42654562,116.1437250124
801230,2015-12-16,4035.24,4041.88,4066.66,4029.84,5.97641423,109.53818632049999
801230,2015-12-17,4128.88,4054.8,4128.88,4052.35,9.29114401,160.1070016173
801230,2015-12-18,4180.83,4133.03,4195.93,4128.58,10.59534824,178.7558581247
801230,2015-12-21,4228.68,4194.23,4239.55,4186.21,9.67406574,159.6857809519
801230,2015-12-22,4264.22,4231.48,4264.73,4210.99,9.40172917,161.5580780852
801230,2015-12-23,4188.18,4259.31,4282.08,4178.44,8.92139499,161.4358559634
801230,2015-12-24,4189.53,4183.74,4201.95,4127.58,7.70287568,140.4805186968
801230,2015-12-25,4218.35,4187.4,4224.16,4175.37,6.57545557,118.55239632909999
801230,2015-12-28,4100.18,4210.41,4241.45,4098.73,9.37435268,174.911170857
801230,2015-12-29,4111.63,4094.47,4113.11,4046.75,7.42979928,148.93321607709998
801230,2015-12-30,4127.16,4117.09,4131.63,4079.48,7.15465235,139.8074048789
801230,2015-12-31,4049.29,4128.55,4133.86,4045.8,5.82689961,110.4739399053
801230,2016-01-04,3739.58,4037.06,4046.71,3739.58,5.65223957,93.67886203709999
801230,2016-01-05,3642.19,3533.84,3723.85,3515.81,8.49432889,135.0746138611
801230,2016-01-06,3723.06,3656.09,3723.06,3613.49,6.54507481,108.3789742691
801230,2016-01-07,3437.37,3655.56,3697.07,3435.86,1.57660886,24.322113845100002
801230,2016-01-08,3428.96,3488.14,3520.55,3268.87,7.16613414,105.5237353741
801230,2016-01-11,3199.16,3365.08,3399.49,3195.61,6.64349876,91.7986499373
801230,2016-01-12,3161.2,3177.93,3207.33,3105.9,6.63728062,90.8764714292
801230,2016-01-13,3063.49,3170.34,3206.81,3063.49,5.56121761,77.073981913
801230,2016-01-14,3156.53,2966.88,3164.94,2966.88,6.86012765,88.79258742469999
801230,2016-01-15,3047.05,3134.25,3172.58,3030.26,6.38632148,85.7794553356
801230,2016-01-18,3102.42,2971.64,3140.95,2971.64,6.15147061,84.2410491728
801230,2016-01-19,3192.84,3070.19,3197.05,3070.19,6.82979955,94.4233273938
801230,2016-01-20,3159.35,3161.28,3202.87,3130.71,7.40674479,103.89527490889999
801230,2016-01-21,3004.66,3100.49,3173.46,3004.66,6.5567649,88.7277633243
801230,2016-01-22,3055.32,3035.79,3062.01,2957.67,5.79618965,76.6181101267
801230,2016-01-25,3095.47,3084.34,3117.52,3060.1,5.03886483,68.874909712
801230,2016-01-26,2888.58,3059.17,3066.38,2884.57,6.91601033,88.6040683659
801230,2016-01-27,2804.91,2873.13,2888.08,2704.01,6.9216083,78.8082178289
801230,2016-01-28,2693.41,2769.71,2816.84,2685.6,5.33909962,61.46326605350001
801230,2016-01-29,2806.96,2688.23,2827.77,2677.63,6.07969858,70.38587790140001
801230,2016-02-01,2802.41,2814.1,2840.54,2755.6,6.18126787,73.052180237
801230,2016-02-02,2920.47,2814.88,2925.46,2814.46,5.19599835,63.8104997444
801230,2016-02-03,2960.57,2897.03,2972.32,2883.53,6.65081477,85.2342700766
801230,2016-02-04,3015.12,2958.64,3028.71,2958.3,6.22345545,80.9274224296
801230,2016-02-05,2986.6,3031.89,3038.88,2985.71,4.62289562,61.2467892504
801230,2016-02-15,2995.55,2883.63,3009.75,2883.63,4.00671654,53.9874117847
801230,2016-02-16,3105.89,3006.1,3113.01,3005.57,5.79165509,77.8515249176
801230,2016-02-17,3143.24,3106.51,3150.54,3077.09,6.54799423,90.3389883936
801230,2016-02-18,3157.65,3187.89,3193.72,3146.98,7.68736111,104.89558493620001
801230,2016-02-19,3156.56,3137.11,3180.13,3130.28,5.51617777,76.2421539867
801230,2016-02-22,3201.89,3191.95,3205.31,3168.81,6.03605116,81.4117482307
801230,2016-02-23,3183.51,3203.65,3210.95,3141.07,5.91546092,78.5532960571
801230,2016-02-24,3195.73,3162.99,3204.24,3121.25,5.81782064,75.6123121551
801230,2016-02-25,2958.91,3187.43,3187.64,2954.72,7.5057316,96.5137818624
801230,2016-02-26,2940.46,2968.55,2984.3,2887.13,5.56987221,66.3661522821
801230,2016-02-29,2757.2,2920.68,2921.02,2737.81,5.79175722,64.421991365
801230,2016-03-01,2797.8,2765.17,2816.49,2709.09,4.96060126,57.016832156599996
801230,2016-03-02,2918.09,2788.47,2924.01,2786.29,6.12351194,71.9583481842
801230,2016-03-03,2934.76,2912.5,2982.18,2909.4,6.86177969,84.8171499762
801230,2016-03-04,2840.32,2918.74,2936.89,2800.82,5.8417594,68.7475322774
801230,2016-03-07,2906.47,2864.21,2917.59,2862.71,4.77006402,57.112986961400004
801230,2016-03-08,2931.95,2897.71,2932.12,2808.5,5.67783467,69.9141141243
801230,2016-03-09,2886.81,2883.03,2924.52,2863.91,4.8922064,61.576028641499995
801230,2016-03-10,2830.04,2887.04,2903.2,2826.23,4.13562456,52.728106930699994
801230,2016-03-11,2814.28,2800.6,2829.93,2776.82,3.38593462,41.9896482942
801230,2016-03-14,2920.38,2839.47,2948.43,2838.6,6.53934684,79.2645639955
801230,2016-03-15,2903.46,2914.03,2939.92,2891.87,4.95100976,62.344328617600006
801230,2016-03-16,2855.24,2914.83,2923.75,2844.05,4.62495376,57.1053165608
801230,2016-03-17,2952.13,2855.86,2957.63,2854.93,6.83092756,90.1652426552
801230,2016-03-18,3068.68,2961.11,3083.76,2961.11,10.16433365,139.1140430119
801230,2016-03-21,3156.44,3105.49,3156.56,3095.96,10.43603816,145.5970200425
801230,2016-03-22,3149.48,3127.15,3178.4,3109.79,9.15615853,129.4242386292
801230,2016-03-23,3187.5,3147.32,3188.2,3140.44,8.13206489,120.36003441700001
801230,2016-03-24,3136.0,3148.08,3200.23,3118.58,8.53351255,124.259706811
801230,2016-03-25,3185.17,3126.3,3185.49,3126.3,6.46603658,94.15860157450001
801230,2016-03-28,3165.06,3208.16,3235.41,3155.43,8.18148632,116.2151763692
801230,2016-03-29,3109.45,3154.77,3161.87,3077.63,6.98188394,97.5610093577
801230,2016-03-30,3235.7,3143.29,3235.73,3133.89,8.19480039,113.7213688943
801230,2016-03-31,3225.76,3246.62,3264.28,3219.46,8.33196369,119.8629659423
801230,2016-04-01,3222.6,3214.16,3223.58,3152.11,7.22489529,101.5322755941
801230,2016-04-05,3329.67,3241.53,3335.96,3234.3,8.89818021,130.8502185068
801230,2016-04-06,3330.8,3315.92,3343.03,3292.87,8.39135546,119.8790361085
801230,2016-04-07,3308.86,3338.45,3362.93,3307.33,8.85074728,137.4025514212
801230,2016-04-08,3275.38,3268.82,3289.8,3219.34,7.65573287,120.7277630806
801230,2016-04-11,3334.48,3301.55,3354.15,3299.83,7.60099927,119.0582731264
801230,2016-04-12,3334.01,3323.61,3340.73,3280.99,7.55116916,116.93239312860001
801230,2016-04-13,3363.64,3346.31,3413.26,3346.29,9.37998658,139.63859264040002
801230,2016-04-14,3412.0,3377.83,3414.61,3360.1,7.6364167,110.9356684213
801230,2016-04-15,3424.13,3411.97,3435.65,3401.65,7.60076242,111.9910324072
801230,2016-04-20,3221.75,3407.5,3408.33,3173.45,9.86246165,140.2313692449
801230,2016-04-21,3165.67,3197.11,3243.14,3161.51,6.85149132,93.3436112379
801230,2016-04-22,3203.78,3144.53,3204.11,3138.8,5.22284084,72.468976454
801230,2016-04-25,3193.21,3187.24,3209.49,3155.04,5.11930722,69.6546893606
801230,2016-04-26,3255.96,3186.05,3256.11,3185.73,4.77895044,73.4147655515
801230,2016-04-27,3255.24,3259.16,3293.63,3251.61,5.39655219,83.90739906569999
801230,2016-04-28,3254.1,3252.09,3263.35,3187.38,5.60779653,85.2531268531
801230,2016-04-29,3232.29,3240.03,3251.84,3228.07,4.21706426,64.0597602483
801230,2016-05-03,3324.96,3230.46,3324.96,3217.28,5.70206093,85.5180974632
801230,2016-05-04,3310.87,3309.67,3350.64,3304.35,6.70518977,101.34175754809999
801230,2016-05-05,3316.59,3302.91,3322.89,3286.96,5.50003753,83.46014701060001
801230,2016-05-06,3146.88,3312.36,3321.82,3146.85,8.30326241,125.1113391063
801230,2016-05-09,2988.61,3090.02,3090.02,2967.3,6.19451355,83.1206494412
801230,2016-05-10,2951.98,2967.68,2994.49,2933.1,4.33144518,57.6622270599
801230,2016-05-11,2909.31,2972.66,2982.06,2898.0,5.22228903,67.2273162891
801230,2016-05-12,2895.07,2860.43,2895.19,2799.22,5.38350425,69.0080684708
801230,2016-05-13,2899.5,2883.05,2941.51,2876.77,4.87772931,67.177847678
801230,2016-05-16,2959.2,2904.95,2959.94,2874.62,4.44307848,63.7896628811
801230,2016-05-17,2941.87,2958.01,2974.8,2933.61,4.43253152,62.9946608017
801230,2016-05-18,2818.39,2905.34,2905.83,2785.76,4.93343505,64.1097058923
801230,2016-05-19,2840.93,2817.83,2886.36,2817.83,4.18803306,55.9857274783
801230,2016-05-20,2883.7,2813.72,2883.7,2802.39,4.3138908,54.9615801547
801230,2016-05-23,2936.07,2887.66,2936.35,2887.48,4.58390921,63.3905953492
801230,2016-05-24,2911.26,2934.92,2937.93,2888.17,4.39815953,56.6215661245
801230,2016-05-25,2904.48,2928.51,2946.7,2887.93,3.83347496,50.842260940100005
801230,2016-05-26,2916.67,2894.86,2917.08,2832.07,4.35503684,52.70473156560001
801230,2016-05-27,2928.61,2913.34,2949.85,2903.14,4.41161073,55.02288652439999
801230,2016-05-30,2917.51,2912.7,2941.88,2889.07,3.750828,48.0994165687
801230,2016-05-31,3034.13,2919.69,3034.13,2918.7,6.62961809,86.5269271605
801230,2016-06-01,3049.6,3033.43,3071.57,3033.42,6.40075768,88.92866508200001
801230,2016-06-02,3090.64,3040.67,3090.83,3039.99,6.44792124,89.03431991030001
801230,2016-06-03,3092.91,3093.59,3110.4,3076.43,5.75332956,80.1470078888
801230,2016-06-06,3129.95,3116.86,3135.13,3105.31,5.08366392,75.6349983044
801230,2016-06-07,3136.33,3136.13,3140.4,3110.23,4.65494618,69.9153225934
801230,2016-06-08,3135.36,3137.04,3155.44,3099.65,5.54206687,80.96163006729999
801230,2016-06-13,2940.15,3081.07,3095.01,2940.15,6.21217681,87.6232331125
801230,2016-06-14,2951.15,2927.05,2951.43,2913.02,4.0899261,54.8067477678
801230,2016-06-15,3056.26,2917.22,3068.07,2909.63,5.43936193,78.8558780213
801230,2016-06-16,3061.0,3062.62,3086.04,3045.58,6.01449688,91.69842689200001
801230,2016-06-17,3069.91,3071.31,3105.26,3047.29,5.27889273,78.5833211744
801230,2016-06-20,3061.2,3055.94,3067.84,3020.32,4.91228805,65.6953742625
801230,2016-06-21,3052.24,3089.13,3101.15,3036.88,6.87666038,100.15922587940001
801230,2016-06-22,3087.14,3043.17,3087.33,3034.92,5.87093502,81.0355414397
801230,2016-06-23,3062.03,3080.11,3088.28,3046.47,4.96071878,70.2346169137
801230,2016-06-24,3040.13,3060.93,3092.36,2955.65,7.11973436,103.8267157957
801230,2016-06-27,3106.02,3017.51,3106.12,3017.51,5.28244382,76.7205363891
801230,2016-06-28,3143.84,3094.56,3144.62,3087.95,5.98874104,86.4356711131
801230,2016-06-29,3146.57,3151.41,3165.64,3138.78,5.89776061,87.3924129938
801230,2016-06-30,3173.06,3148.98,3173.51,3134.89,5.47713655,82.8221125883
801230,2016-07-01,3157.12,3178.66,3182.65,3149.34,4.60042137,64.43177190029999
801230,2016-07-05,3229.53,3206.45,3232.33,3195.37,5.62054167,75.2722345571
801230,2016-07-06,3226.54,3219.86,3228.29,3205.66,4.61327091,64.6733727551
801230,2016-07-07,3224.54,3212.89,3235.4,3187.28,6.10580263,82.8505224998
801230,2016-07-08,3217.69,3218.14,3234.8,3208.54,5.88063276,82.736142411
801230,2016-07-11,3191.04,3218.02,3230.72,3187.46,6.29393445,85.7003642273
801230,2016-07-12,3207.43,3189.29,3207.43,3139.32,6.26517532,90.736619836
801230,2016-07-13,3248.98,3214.13,3249.57,3206.18,6.6712954,99.4091402885
801230,2016-07-14,3268.67,3245.71,3269.13,3237.12,6.07150536,91.35715251370002
801230,2016-07-15,3318.47,3278.68,3332.85,3270.12,7.74576381,120.65363272200001
801230,2016-07-18,3353.06,3309.89,3370.17,3307.88,8.25631334,135.077112653
801230,2016-07-19,3379.03,3342.7,3379.97,3332.82,7.14633934,117.4955134201
801230,2016-07-20,3379.49,3374.08,3398.62,3361.81,6.74547206,104.599687276
801230,2016-07-21,3388.09,3366.21,3413.42,3366.21,7.07149764,110.93909399110001
801230,2016-07-22,3401.8,3376.76,3412.37,3365.17,8.13542716,124.8004232029
801230,2016-07-25,3400.51,3390.07,3440.9,3390.07,9.13322812,139.4717615314
801230,2016-07-26,3409.44,3394.05,3432.38,3389.52,7.64599336,121.6454707133
801230,2016-07-27,3283.82,3404.58,3417.2,3219.8,11.05349674,156.5502977757
801230,2016-07-28,3259.62,3274.59,3296.57,3213.19,6.66563218,98.8899745656
801230,2016-07-29,3218.82,3262.07,3274.91,3217.14,7.3662238,89.3420208368
801230,2016-08-01,3129.34,3198.12,3198.12,3098.95,7.32046008,83.0212970622
801230,2016-08-02,3188.48,3120.32,3189.4,3120.32,6.34358836,79.3234298318
801230,2016-08-03,3211.35,3176.69,3217.07,3173.41,6.67779184,85.0518010107
801230,2016-08-04,3238.98,3204.04,3252.05,3196.89,7.17011069,93.4886262991
801230,2016-08-05,3235.82,3236.04,3259.2,3226.36,6.67787405,90.55605092649999
801230,2016-08-08,3275.06,3230.45,3275.06,3210.83,5.51766497,71.57342395020001
801230,2016-08-09,3374.39,3286.36,3374.82,3284.99,9.68847382,124.67884148979999
801230,2016-08-10,3371.85,3371.04,3394.11,3359.8,9.3476666,124.17626136940001
801230,2016-08-11,3342.66,3362.94,3384.58,3334.92,8.3800647,109.8681250444
801230,2016-08-12,3383.46,3332.58,3383.49,3332.54,7.3336989,101.5918394233
801230,2016-08-15,3462.76,3413.7,3487.8,3390.49,11.18552642,150.2563902584
801230,2016-08-16,3485.24,3465.85,3501.59,3465.73,11.25236945,148.3611336399
801230,2016-08-17,3556.32,3490.63,3560.24,3479.92,12.78490145,184.0815678151
801230,2016-08-18,3575.01,3564.1,3595.82,3555.41,14.02138695,201.4252477265
801230,2016-08-19,3629.97,3563.6,3651.46,3563.6,13.64309749,188.60367945150003
801230,2016-08-22,3572.36,3618.25,3618.26,3572.36,12.39458606,163.50071883889999
801230,2016-08-23,3537.31,3538.19,3554.42,3502.59,9.82107149,139.8125480388
801230,2016-08-24,3539.94,3536.93,3557.39,3527.73,7.9051411,111.82330530899999
801230,2016-08-25,3492.24,3512.68,3512.76,3453.61,7.51006054,106.90065939440001
801230,2016-08-26,3516.66,3504.45,3556.94,3504.23,8.82369172,128.857168492
801230,2016-08-29,3545.11,3499.85,3545.42,3495.95,7.84779279,115.525111705
801230,2016-08-30,3535.27,3541.52,3560.99,3524.01,7.05183626,104.3277885537
801230,2016-08-31,3550.13,3525.64,3558.56,3513.38,9.04673731,148.7039755965
801230,2016-09-01,3534.93,3539.76,3579.81,3531.32,11.91726476,167.4405501391
801230,2016-09-02,3535.72,3521.28,3562.63,3513.32,10.07112671,135.5987807225
801230,2016-09-05,3536.69,3539.41,3566.66,3528.83,9.26893969,117.9438016739
801230,2016-09-06,3600.86,3536.54,3601.11,3507.03,11.34116596,138.4888230671
801230,2016-09-07,3603.56,3605.33,3625.44,3595.51,10.24595745,131.2854881717
801230,2016-09-08,3618.22,3598.91,3620.5,3590.18,8.7024334,119.4442852025
801230,2016-09-09,3583.35,3614.12,3620.45,3583.35,8.01597755,104.65557719979999
801230,2016-09-12,3460.22,3504.1,3520.92,3460.22,8.79302777,109.3059424139
801230,2016-09-13,3507.14,3476.17,3509.12,3463.91,7.73502082,95.50011888030001
801230,2016-09-14,3488.48,3475.69,3519.99,3461.45,7.7097684,95.9515813466
801230,2016-09-19,3524.52,3497.27,3524.69,3497.23,5.54724124,71.9534929949
801230,2016-09-20,3516.43,3526.37,3529.36,3508.45,6.08019116,82.8240914188
801230,2016-09-21,3517.7,3512.26,3523.12,3499.78,5.37261013,73.4407323665
801230,2016-09-22,3552.51,3537.26,3555.78,3534.0,6.86542339,99.5601253542
801230,2016-09-23,3515.96,3554.35,3559.22,3513.55,6.41788091,87.91975886969999
801230,2016-09-26,3421.17,3513.15,3513.15,3418.36,6.90656411,89.5345285258
801230,2016-09-27,3471.01,3418.06,3471.75,3408.68,5.83004266,77.3768324664
801230,2016-09-28,3455.05,3468.51,3478.49,3441.76,6.33256858,90.4850479586
801230,2016-09-29,3461.09,3452.25,3482.19,3451.67,6.08486761,83.9643212556
801230,2016-09-30,3479.56,3454.47,3492.69,3454.47,5.5600693,78.74508322
801230,2016-10-10,3559.32,3501.3,3560.06,3489.66,7.13687517,98.38236698620001
801230,2016-10-11,3588.05,3556.88,3589.6,3552.21,7.23346378,98.8224380466
801230,2016-10-12,3619.97,3570.85,3620.57,3563.26,8.58744401,113.8405999147
801230,2016-10-13,3614.71,3606.62,3627.01,3606.47,7.2450239,97.754711356
801230,2016-10-14,3621.95,3618.76,3631.72,3602.43,7.82096134,107.39105393870001
801230,2016-10-17,3593.05,3631.01,3644.67,3578.03,7.58028078,101.74801143879999
801230,2016-10-18,3640.7,3579.52,3641.09,3579.52,7.09410779,99.667176865
801230,2016-10-19,3661.56,3642.91,3664.91,3642.91,8.88568413,128.9522645432
801230,2016-10-20,3661.5,3657.02,3672.24,3655.96,7.50199205,119.08432678610001
801230,2016-10-21,3627.11,3657.55,3660.73,3599.45,7.04556934,110.97544573489999
801230,2016-10-24,3649.78,3628.73,3654.31,3616.02,6.02966501,86.97827191719999
801230,2016-10-25,3670.23,3654.41,3671.12,3644.95,7.26285718,105.589226295
801230,2016-10-26,3670.12,3664.83,3676.1,3648.86,8.32362343,125.95441507
801230,2016-10-27,3658.09,3664.92,3669.22,3641.89,6.73107005,96.76094559549999
801230,2016-10-28,3637.85,3643.63,3659.54,3631.93,7.25911069,120.5316000583
801230,2016-10-31,3616.02,3629.48,3629.82,3593.55,5.91259744,85.6487167937
801230,2016-11-01,3679.74,3631.95,3680.57,3631.62,6.26236417,91.8144601305
801230,2016-11-02,3690.18,3692.91,3707.18,3685.63,7.31918339,110.8071707407
801230,2016-11-03,3713.63,3692.03,3756.47,3685.78,9.86881643,180.1123106482
801230,2016-11-04,3669.36,3703.66,3709.82,3660.64,6.94911041,106.3167097519
801230,2016-11-07,3640.75,3662.79,3662.79,3623.7,6.75328696,120.19524108579999
801230,2016-11-08,3659.89,3645.31,3676.45,3638.96,6.75583337,113.2978614173
801230,2016-11-09,3630.52,3662.09,3663.7,3576.92,8.47097023,138.2062509224
801230,2016-11-10,3668.99,3657.18,3669.06,3644.72,7.47048141,121.6287754974
801230,2016-11-11,3689.79,3666.26,3690.43,3663.8,8.87364366,139.1936651041
801230,2016-11-14,3687.79,3674.13,3693.54,3672.51,7.72236017,110.39353334
801230,2016-11-15,3721.24,3686.64,3721.24,3681.83,7.09315473,102.5023861965
801230,2016-11-16,3737.82,3724.12,3749.9,3715.14,8.56431012,124.0937986294
801230,2016-11-17,3719.21,3737.08,3737.55,3706.37,6.3190349,96.1629540576
801230,2016-11-18,3708.82,3722.22,3728.71,3704.18,6.50922593,94.4004718322
801230,2016-11-21,3709.89,3702.73,3721.77,3694.87,5.44835244,82.8096938007
801230,2016-11-22,3731.32,3710.96,3731.64,3705.59,5.66224198,77.9014667821
801230,2016-11-23,3709.33,3732.14,3741.38,3701.01,5.72689804,81.5624687551
801230,2016-11-24,3691.65,3705.49,3714.25,3677.15,6.96150047,93.1328267274
801230,2016-11-25,3695.58,3683.5,3695.62,3622.12,5.71650951,76.93557865689999
801230,2016-11-28,3692.38,3699.41,3707.99,3691.55,5.25240588,69.65221397479999
801230,2016-11-29,3636.48,3681.92,3688.11,3636.12,5.59082967,84.7981458555
801230,2016-11-30,3602.23,3626.13,3627.33,3592.75,4.41508748,63.9764378132
801230,2016-12-01,3627.67,3600.66,3630.18,3600.66,4.00318424,59.7297730413
801230,2016-12-02,3575.32,3630.8,3632.95,3571.81,4.37277791,69.54742276489999
801230,2016-12-05,3557.7,3537.13,3567.66,3531.48,4.38501628,65.50378954119999
801230,2016-12-06,3592.71,3570.72,3603.75,3567.37,5.45152443,81.1345644696
801230,2016-12-07,3627.6,3589.9,3627.62,3581.58,5.232628,80.9101915251
801230,2016-12-08,3630.12,3623.84,3647.64,3619.4,5.09468848,81.1206807499
801230,2016-12-09,3608.84,3625.26,3629.45,3603.48,4.60768761,69.8216640709
801230,2016-12-12,3451.15,3600.34,3600.47,3448.62,5.98013691,79.6380296994
801230,2016-12-13,3480.01,3443.65,3490.31,3425.9,4.35042225,65.5979517567
801230,2016-12-14,3450.63,3479.11,3490.67,3443.8,4.67471141,71.9062946458
801230,2016-12-15,3507.73,3440.95,3524.52,3439.41,4.86592112,75.2212098455
801230,2016-12-16,3566.57,3524.85,3570.94,3517.15,5.67733297,101.13174277690001
801230,2016-12-19,3581.7,3565.57,3587.7,3558.57,5.64081165,89.41884744069999
801230,2016-12-20,3569.68,3573.82,3578.2,3550.84,4.68969475,70.3057410669
801230,2016-12-21,3593.29,3571.14,3596.6,3571.14,5.16889144,75.5606764367
801230,2016-12-22,3579.77,3579.05,3591.36,3567.11,4.91897664,68.7816630353
801230,2016-12-23,3519.29,3580.75,3581.25,3513.31,5.12479149,80.8729412158
801230,2016-12-26,3538.8,3513.05,3538.8,3478.17,4.37151601,57.894763233199996
801230,2016-12-27,3545.67,3541.41,3554.89,3534.94,4.73809014,74.70874531310001
801230,2016-12-28,3539.59,3541.41,3557.22,3533.68,4.74960994,71.4487542201
801230,2016-12-29,3527.46,3532.47,3556.03,3521.31,4.01293614,61.8310941628
801230,2016-12-30,3527.45,3531.22,3547.49,3521.97,4.32483172,65.8222274814
801230,2017-01-03,3556.88,3530.12,3557.83,3530.12,4.08375059,59.621239984
801230,2017-01-04,3583.3,3546.72,3583.3,3540.2,5.81997618,83.2369508083
801230,2017-01-05,3569.45,3577.53,3585.42,3567.61,5.02589173,73.8388611112
801230,2017-01-06,3537.97,3563.11,3566.49,3533.51,5.21110139,70.8312926535
801230,2017-01-09,3564.87,3528.42,3565.1,3528.42,4.58697942,61.5896930928
801230,2017-01-10,3549.03,3557.18,3568.95,3545.76,4.37924645,60.4931939427
801230,2017-01-11,3503.46,3544.04,3555.19,3503.46,4.16592123,58.0633244822
801230,2017-01-12,3482.87,3500.3,3516.84,3474.12,4.34860102,58.197977301099996
801230,2017-01-13,3422.16,3479.85,3485.29,3418.63,4.24049748,54.7851711113
801230,2017-01-16,3292.66,3405.68,3408.93,3206.49,6.34825932,78.16645742979999
801230,2017-01-17,3306.66,3273.87,3307.13,3226.44,4.24733702,53.9099511237
801230,2017-01-18,3304.02,3294.74,3326.07,3288.62,3.46636003,47.635400733199994
801230,2017-01-19,3287.32,3292.92,3316.91,3284.96,3.74883442,52.1215806615
801230,2017-01-20,3326.18,3286.05,3333.59,3286.05,3.8649227,51.934797366800005
801230,2017-01-23,3346.98,3327.53,3353.18,3326.94,3.88767009,52.7647693834
801230,2017-01-24,3342.67,3344.6,3352.85,3337.88,3.18773657,45.0340249194
801230,2017-01-25,3349.14,3341.55,3353.93,3331.55,3.29490004,43.5518528942
801230,2017-01-26,3357.11,3351.4,3364.37,3350.8,2.55875451,31.8517497319
801230,2017-02-03,3355.61,3362.54,3364.34,3343.92,2.51058246,32.196629302199995
801230,2017-02-06,3393.07,3359.3,3393.07,3354.42,3.20861632,42.597969453299996
801230,2017-02-07,3400.02,3387.09,3402.34,3379.56,3.6207129,52.0694353045
801230,2017-02-08,3407.68,3387.09,3407.68,3368.9,3.15545146,43.1179949471
801230,2017-02-09,3421.85,3401.51,3430.1,3398.74,3.80820564,48.967948048400004
801230,2017-02-10,3409.26,3421.81,3434.5,3408.22,3.9992941,49.0502480145
801230,2017-02-13,3427.91,3405.48,3428.38,3397.87,3.67451382,49.38805781
801230,2017-02-14,3433.26,3428.69,3438.28,3415.5,3.95268047,54.2709114833
801230,2017-02-15,3415.64,3426.62,3440.42,3410.46,4.68044498,63.578221890200005
801230,2017-02-16,3433.45,3412.49,3436.86,3409.09,3.73278133,49.8004951281
801230,2017-02-17,3422.55,3429.32,3434.62,3399.09,5.3810187,63.738907634099995
801230,2017-02-20,3462.75,3425.29,3462.75,3421.72,6.13437342,70.5480637475
801230,2017-02-21,3477.68,3458.27,3479.72,3457.14,4.54479368,54.2392629427
801230,2017-02-22,3485.11,3475.7,3485.28,3463.87,4.58713144,55.950903699399994
801230,2017-02-23,3490.82,3483.33,3496.92,3473.45,6.05547366,69.8836413372
801230,2017-02-24,3497.3,3485.41,3497.3,3471.62,4.396335,53.9501193455
801230,2017-02-27,3467.76,3518.79,3524.1,3467.27,5.14167902,62.8939975301
801230,2017-02-28,3521.3,3469.17,3521.3,3459.79,6.31693551,72.8502930372
801230,2017-03-01,3578.35,3521.46,3597.29,3518.62,9.13233574,117.0361325993
801230,2017-03-02,3563.19,3577.74,3587.1,3561.42,6.75284013,90.5857049565
801230,2017-03-03,3555.73,3550.98,3567.19,3542.31,5.44012469,70.625301522
801230,2017-03-06,3585.68,3557.86,3588.1,3556.4,4.62098239,63.4349640603
801230,2017-03-07,3592.85,3595.81,3600.72,3581.61,5.37749682,69.0004011802
801230,2017-03-08,3568.89,3590.34,3590.34,3559.73,5.02282011,65.2814782384
801230,2017-03-09,3555.6,3565.3,3568.45,3551.33,5.11102467,65.7473303826
801230,2017-03-10,3543.05,3550.17,3555.9,3539.45,5.04557358,66.5843338935
801230,2017-03-13,3585.06,3532.53,3592.85,3526.93,6.18997243,82.88621325060001
801230,2017-03-14,3566.8,3579.28,3590.47,3563.22,5.69897685,76.8019838267
801230,2017-03-15,3558.55,3561.18,3572.86,3545.7,5.15611271,69.35091472319999
801230,2017-03-16,3612.57,3556.97,3618.5,3556.63,7.11184703,96.55687274360001
801230,2017-03-17,3582.31,3607.45,3615.25,3580.96,5.51624522,76.53816311060001
801230,2017-03-20,3580.9,3573.33,3582.96,3554.01,4.63630918,63.0832773159
801230,2017-03-21,3595.07,3579.09,3595.33,3572.15,4.07583799,56.9597008543
801230,2017-03-22,3578.67,3576.25,3588.14,3547.11,5.24275457,71.1876488433
801230,2017-03-23,3570.87,3573.91,3604.55,3546.14,6.22160018,83.6181695079
801230,2017-03-24,3570.33,3587.81,3588.76,3562.29,5.9829363,81.4745134706
801230,2017-03-27,3571.39,3564.88,3574.33,3548.55,4.80385335,66.1733377723
801230,2017-03-28,3533.68,3568.47,3586.79,3533.68,7.1180213,91.79905877719999
801230,2017-03-29,3477.84,3524.4,3525.34,3476.65,6.10508815,76.8838238292
801230,2017-03-30,3393.26,3471.86,3472.37,3387.41,6.36165827,80.03806576720001
801230,2017-03-31,3409.91,3395.57,3413.81,3392.17,4.249323,56.46064347350001
801230,2017-04-06,3487.01,3493.88,3494.43,3479.78,4.23313036,53.570903331400004
801230,2017-04-07,3495.07,3498.6,3506.91,3483.85,4.67302546,62.9939302418
801230,2017-04-10,3469.81,3486.05,3496.96,3466.87,6.57313052,88.75335095530001
801230,2017-04-11,3495.7,3469.53,3495.83,3436.14,5.96341219,71.3094045329
801230,2017-04-12,3490.07,3495.95,3510.43,3471.99,7.63974921,107.131591232
801230,2017-04-13,3499.59,3471.9,3512.83,3469.53,5.86404992,75.8714622723
801230,2017-04-14,3444.51,3501.66,3504.65,3444.51,5.65997551,68.09887390850001
801230,2017-04-17,3384.62,3426.63,3429.11,3370.02,4.27199178,56.7381770242
801230,2017-04-18,3347.87,3377.87,3398.65,3345.75,4.28198343,52.3103858801
801230,2017-04-19,3290.52,3328.72,3334.09,3259.37,5.39966866,60.428618675799996
801230,2017-04-20,3249.41,3294.75,3302.35,3231.79,5.26938673,58.362077319499996
801230,2017-04-21,3228.75,3245.0,3263.14,3225.9,3.67789993,41.9457783568
801230,2017-04-24,3144.06,3230.37,3231.88,3144.06,4.48053401,49.0160946567
801230,2017-04-25,3169.43,3141.04,3191.19,3139.74,4.59570658,51.8818358354
801230,2017-04-26,3180.52,3163.62,3195.09,3163.3,5.10901279,57.8810578139
801230,2017-04-27,3184.03,3178.32,3193.85,3110.34,5.20661611,51.935002571700004
801230,2017-04-28,3186.41,3167.49,3186.41,3167.49,3.19588756,33.1646580889
801230,2017-05-02,3188.21,3172.97,3188.55,3169.91,3.73674327,38.3164134075
801230,2017-05-03,3179.57,3180.67,3188.29,3167.06,4.95973806,53.6244238538
801230,2017-05-04,3169.26,3163.62,3203.06,3150.86,5.69534492,58.7770783351
801230,2017-05-05,3113.55,3163.87,3170.44,3113.14,4.66950348,49.3677086824
801230,2017-05-08,3027.41,3105.37,3111.18,3027.41,4.32231423,43.9611854992
801230,2017-05-09,3048.26,3015.91,3048.79,2994.7,3.53146184,37.5821574913
801230,2017-05-10,2991.5,3047.62,3066.18,2989.49,4.21919558,41.994801834499995
801230,2017-05-11,2940.2,2966.27,2983.33,2868.91,5.21081051,52.5284507054
801230,2017-05-12,2935.52,2935.07,2951.26,2906.41,4.27922659,43.3881508913
801230,2017-05-15,2979.77,2950.96,2996.81,2950.87,4.91459275,50.973040776400005
801230,2017-05-16,3037.83,2970.62,3037.87,2956.05,5.28945254,53.5861535371
801230,2017-05-17,3040.01,3030.72,3058.95,3029.4,4.20420511,43.11719921939999
801230,2017-05-18,3022.18,3015.85,3043.47,3015.85,3.97222587,42.3585455078
801230,2017-05-19,3023.51,3018.09,3032.15,3008.78,3.24821625,35.8008835861
801230,2017-05-22,2950.8,3014.59,3015.91,2947.35,3.70657257,39.958771896900004
801230,2017-05-23,2850.65,2944.93,2946.39,2845.77,3.85299997,39.3227136454
801230,2017-05-24,2863.82,2838.41,2863.82,2789.95,3.16962876,30.7766909354
801230,2017-05-25,2900.97,2864.89,2904.7,2849.05,3.28856156,31.0534109573
801230,2017-05-26,2911.48,2901.41,2926.31,2900.6,3.43346691,33.9720506803
801230,2017-05-31,2903.21,2935.22,2941.01,2903.03,2.90062694,30.3870699499
801230,2017-06-01,2829.9,2897.28,2900.02,2829.06,3.47531125,34.106125256700004
801230,2017-06-02,2842.67,2806.19,2844.35,2771.69,3.60468821,36.148136554299995
801230,2017-06-05,2867.61,2846.56,2870.35,2844.52,2.88676841,28.9355857215
801230,2017-06-06,2878.86,2864.27,2883.39,2859.18,2.87567677,28.6725404188
801230,2017-06-07,2944.2,2874.94,2944.2,2874.12,4.50240287,46.18037765060001
801230,2017-06-08,2946.69,2945.39,2963.06,2938.2,3.90725949,43.9732666039
801230,2017-06-09,2952.59,2942.3,2956.43,2931.88,3.32791341,36.0125818345
801230,2017-06-12,2911.31,2942.97,2944.02,2908.86,3.04313932,33.004603855700005
801230,2017-06-13,2959.45,2910.47,2963.99,2910.07,3.19264691,35.7868560963
801230,2017-06-14,2970.15,2967.64,2978.32,2960.34,3.6351686,38.3464109117
801230,2017-06-15,2996.45,2966.17,3003.57,2966.17,4.05317036,41.4808560733
801230,2017-06-16,2998.62,2996.15,3006.7,2990.47,3.33267217,34.6598191054
801230,2017-06-19,3011.22,2997.33,3013.49,2995.71,2.9981203,32.0481670002
801230,2017-06-20,3008.57,3015.74,3025.0,3005.28,3.56616806,40.6571894321
801230,2017-06-21,3010.22,3012.87,3014.79,2992.72,2.98970534,30.843274055
801230,2017-06-22,2956.56,3009.13,3014.18,2956.39,3.74661121,37.2595844572
801230,2017-06-23,2945.18,2944.07,2963.79,2906.97,3.88324453,41.2628033103
801230,2017-06-26,2985.44,2945.66,2985.57,2938.4,4.52067433,40.3234494133
801230,2017-06-27,2993.82,2982.32,2997.91,2980.31,4.22951613,41.4711781922
801230,2017-06-28,2993.71,2990.07,3010.34,2976.27,4.55796944,48.0888301717
801230,2017-06-29,2996.23,2989.47,3006.11,2987.69,3.39593823,34.193916211
801230,2017-06-30,3021.54,2988.97,3029.25,2988.05,4.3863975,44.0329708637
801230,2017-07-03,3036.78,3020.07,3037.92,3017.15,4.54813772,39.5592920534
801230,2017-07-04,3039.46,3035.05,3049.86,3033.09,4.85500715,41.907859149000004
801230,2017-07-05,3061.59,3038.57,3061.59,3031.4,5.25466032,45.720387933599994
801230,2017-07-06,3047.77,3052.27,3060.32,3026.94,5.94050273,51.4693922871
801230,2017-07-07,3077.26,3044.72,3078.73,3040.21,7.53339709,66.67049497229999
801230,2017-07-10,3062.88,3067.87,3079.41,3057.28,7.45240432,62.553405391700004
801230,2017-07-11,3026.29,3056.19,3063.86,3025.9,6.74992188,56.042006576400006
801230,2017-07-12,3018.01,3022.98,3033.3,2974.59,6.58564998,53.2081942575
801230,2017-07-13,3019.21,3021.24,3028.57,3007.64,4.81704073,41.548555250300005
801230,2017-07-14,3003.43,3019.06,3019.13,2992.38,4.62989157,36.641876219400004
801230,2017-07-17,2824.0,2984.26,2984.38,2824.0,8.30762421,66.75887172819999
801230,2017-07-18,2850.12,2811.96,2850.74,2806.58,5.2769473,43.6666737918
801230,2017-07-19,2915.12,2845.61,2915.17,2841.74,6.36869344,50.6801499747
801230,2017-07-20,2946.73,2920.75,2961.3,2918.54,7.28482728,59.848096710600004
801230,2017-07-24,2977.51,2941.61,2982.48,2940.49,6.29273976,54.2717422825
801230,2017-07-25,2971.85,2968.16,2976.78,2946.79,5.51548871,49.1517871817
801230,2017-07-26,2975.01,2972.59,2980.76,2956.97,6.45994081,55.437101873500005
801230,2017-07-27,2994.23,2966.07,2997.04,2957.01,6.98207919,59.934525701300004
801230,2017-07-28,3023.16,2988.7,3029.94,2988.45,7.68992484,67.4019129476
801230,2017-07-31,3053.65,3019.72,3053.87,3017.46,8.85763666,77.7623329985
801230,2017-08-01,3063.23,3050.67,3073.63,3044.47,10.23397107,84.4680895608
801230,2017-08-02,3060.99,3058.89,3087.73,3040.8,11.12808002,94.88583710799999
801230,2017-08-03,3073.55,3051.12,3073.64,3051.12,7.6681601,66.113621254
801230,2017-08-04,3043.27,3075.26,3083.36,3043.27,7.95467096,70.710899422
801230,2017-08-07,3088.09,3044.97,3088.09,3044.3,7.36344503,66.02871422609999
801230,2017-08-08,3094.92,3090.25,3105.49,3085.6,6.93683586,57.1963288474
801230,2017-08-09,3097.54,3087.92,3097.54,3077.0,7.51013334,68.181207825
801230,2017-08-10,3060.03,3087.11,3097.33,3043.24,7.46601388,65.2336280634
801230,2017-08-11,3015.64,3039.28,3061.03,3011.71,7.74815183,65.967580932
801230,2017-08-14,3072.42,3019.37,3072.92,3019.37,6.62524906,55.4057545292
801230,2017-08-15,3089.47,3070.43,3096.13,3069.24,7.05361075,64.5862979878
801230,2017-08-16,3088.78,3082.57,3090.59,3064.54,7.32489287,64.3328707263
801230,2017-08-17,3123.88,3089.71,3125.01,3088.53,7.84441996,75.2298830708
801230,2017-08-18,3119.85,3117.0,3133.4,3107.18,9.30899993,82.8568099049
801230,2017-08-21,3150.79,3117.75,3151.22,3117.75,8.23125312,73.3604843552
801230,2017-08-22,3134.14,3146.55,3150.59,3119.76,7.29386185,63.084242064399994
801230,2017-08-23,3113.08,3125.72,3137.11,3104.84,6.40822868,56.485488868000004
801230,2017-08-24,3090.21,3110.04,3116.97,3083.89,5.95723649,50.8532162976
801230,2017-08-25,3115.15,3087.79,3119.17,3086.35,5.92953844,49.9684929484
801230,2017-08-28,3134.53,3113.23,3141.27,3112.28,6.52340842,55.855020085
801230,2017-08-29,3156.16,3134.65,3164.49,3133.52,8.154254,73.4812595235
801230,2017-08-30,3159.48,3153.26,3162.68,3147.36,6.48131859,56.940608116599996
801230,2017-08-31,3171.04,3152.72,3171.63,3150.63,7.96490552,73.4590292126
801230,2017-09-01,3183.76,3174.71,3183.86,3163.41,6.61397308,61.5249721966
801230,2017-09-04,3204.89,3181.44,3213.01,3178.66,8.240332,84.3568225625
801230,2017-09-05,3211.36,3203.53,3217.86,3191.73,6.90772074,75.3810426671
801230,2017-09-06,3220.45,3217.07,3234.99,3208.17,9.40908743,98.7142184646
801230,2017-09-07,3225.85,3222.88,3240.55,3213.71,9.13827962,96.81144453879999
801230,2017-09-08,3236.49,3219.28,3242.73,3215.61,8.01871857,84.2201180218
801230,2017-09-11,3267.7,3227.68,3268.5,3227.68,9.11819539,91.6232941094
801230,2017-09-12,3245.31,3266.08,3275.73,3240.11,10.7898572,104.7503387284
801230,2017-09-13,3261.79,3241.29,3261.79,3238.62,8.47582005,80.60017434859999
801230,2017-09-14,3262.65,3260.22,3279.69,3245.57,8.89074021,82.7924513185
801230,2017-09-15,3288.55,3260.58,3291.69,3239.74,9.6907355,99.9639144401
801230,2017-09-18,3304.46,3281.01,3305.84,3276.86,8.38562669,82.9216116537
801230,2017-09-19,3295.2,3300.44,3313.84,3283.12,9.10496126,91.5672095778
801230,2017-09-20,3315.8,3290.01,3325.08,3280.91,9.03363921,94.56560336860001
801230,2017-09-21,3264.04,3318.64,3319.23,3263.45,8.43207644,89.3200241917
801230,2017-09-22,3234.03,3258.05,3259.91,3233.26,6.35577951,68.5319054769
801230,2017-09-25,3171.75,3233.41,3234.49,3170.76,5.77664161,61.1636726475
801230,2017-09-26,3181.67,3174.42,3187.69,3166.84,4.52832035,56.489102630299996
801230,2017-09-27,3202.51,3186.4,3209.28,3184.98,4.63326945,53.784659635299995
801230,2017-09-28,3182.63,3199.54,3221.99,3181.84,5.1577248,58.9874467706
801230,2017-09-29,3209.31,3185.78,3209.31,3183.7,4.42633408,49.85636446979999
801230,2017-10-09,3242.34,3240.04,3247.76,3225.82,5.55799759,60.718731344300004
801230,2017-10-10,3276.12,3238.31,3276.2,3235.92,5.4860603,59.169146848000004
801230,2017-10-11,3248.21,3271.27,3271.44,3239.66,6.82809101,70.59755818800001
801230,2017-10-12,3218.41,3245.6,3247.07,3198.3,5.54078583,54.3073044842
801230,2017-10-13,3239.9,3214.28,3240.41,3214.22,4.46994499,44.0304222371
801230,2017-10-16,3175.36,3236.91,3238.66,3175.36,5.56767459,56.927075053
801230,2017-10-17,3183.26,3169.2,3203.76,3168.4,4.0985902,43.462605966800005
801230,2017-10-18,3144.94,3183.39,3194.4,3143.24,4.28921886,47.5029823111
801230,2017-10-19,3090.28,3141.38,3145.96,3086.88,5.01125468,47.7516826031
801230,2017-10-20,3130.84,3089.09,3131.5,3088.64,3.48849606,34.916266313
801230,2017-10-23,3150.51,3125.29,3150.66,3125.29,3.70872376,36.3328281214
801230,2017-10-24,3139.59,3145.94,3145.94,3122.04,3.77499694,38.707781604000004
801230,2017-10-25,3152.71,3140.91,3157.86,3138.98,3.22970603,33.8934186982
801230,2017-10-26,3159.29,3151.77,3164.49,3145.11,3.69639306,37.5337449855
801230,2017-10-27,3147.84,3157.61,3161.15,3144.72,4.64386718,46.781702459899996
801230,2017-10-30,3065.92,3138.67,3142.68,3052.34,5.63357246,54.057430573000005
801230,2017-10-31,3103.02,3069.43,3103.2,3067.0,4.09331486,37.836291702800004
801230,2017-11-01,3099.46,3102.01,3117.53,3092.11,5.34370572,44.2965118758
801230,2017-11-02,3070.07,3096.34,3096.53,3064.52,4.67511757,41.5424401837
801230,2017-11-03,3049.5,3103.82,3104.12,3035.58,9.51068162,96.1570081878
801230,2017-11-06,3055.65,3050.57,3060.75,3029.9,5.44850704,52.336381405299996
801230,2017-11-07,3108.26,3064.96,3108.34,3062.62,8.93484302,93.35850567790001
801230,2017-11-08,3155.98,3112.82,3166.28,3106.27,8.79902908,102.17009620510001
801230,2017-11-09,3137.5,3167.57,3167.85,3135.79,8.19817234,100.8829854801
801230,2017-11-10,3148.95,3125.65,3157.61,3125.01,7.35773841,82.64355344350001
801230,2017-11-13,3124.82,3153.11,3157.52,3117.97,7.69979171,82.95674379229999
801230,2017-11-14,3101.92,3113.27,3125.06,3086.22,8.20429272,83.9696417074
801230,2017-11-15,3071.28,3095.34,3096.56,3069.33,5.60263259,57.7536738075
801230,2017-11-16,3055.07,3059.51,3074.56,3049.71,4.73732828,47.481466686000005
801230,2017-11-17,2919.6,3054.19,3058.11,2915.63,8.43653149,80.6006632541
801230,2017-11-20,2914.89,2896.0,2914.89,2838.62,5.42977644,47.066849670799996
801230,2017-11-21,2926.38,2911.34,2934.7,2905.56,4.7668443,42.1224450027
801230,2017-11-22,2922.43,2921.08,2934.04,2910.02,5.20504653,44.1625407178
801230,2017-11-23,2865.8,2921.99,2924.23,2859.27,5.50398244,46.2990277934
801230,2017-11-24,2881.33,2853.31,2889.02,2852.61,3.83171217,32.064913047
801230,2017-11-27,2864.68,2879.02,2894.22,2855.03,4.37748611,35.1957010105
801230,2017-11-28,2889.73,2865.7,2890.41,2862.71,4.05531879,32.9331984151
801230,2017-11-29,2888.45,2888.84,2891.49,2863.8,5.01845885,39.668592290599996
801230,2017-11-30,2849.43,2875.47,2875.69,2842.87,4.95411539,40.1049827923
801230,2017-12-01,2853.3,2840.6,2857.59,2831.34,3.63167328,29.1679538083
801230,2017-12-04,2795.5,2842.98,2842.98,2794.56,3.98557669,32.6039144731
801230,2017-12-05,2751.72,2789.56,2804.8,2738.66,4.88782652,38.763365858200004
801230,2017-12-06,2779.22,2748.29,2779.77,2738.42,3.73414894,31.826374649
801230,2017-12-07,2786.82,2775.51,2798.8,2772.01,3.9436493,34.4737074926
801230,2017-12-08,2802.95,2779.81,2808.3,2779.57,3.32910628,29.6341903766
801230,2017-12-11,2828.1,2802.28,2828.4,2802.28,3.55426648,30.286375052399997
801230,2017-12-12,2794.88,2824.0,2824.29,2794.51,3.11639112,27.604932978
801230,2017-12-13,2807.36,2788.57,2807.8,2786.65,3.16810464,26.1322825341
801230,2017-12-14,2800.43,2801.3,2806.19,2790.78,3.16907456,25.4478211717
801230,2017-12-15,2802.05,2799.3,2803.52,2784.95,3.65693011,30.0074586908
801230,2017-12-18,2781.43,2802.16,2802.16,2775.55,3.19656188,26.441837889099997
801230,2017-12-19,2786.72,2781.74,2788.59,2779.73,3.04829952,23.490531736399998
801230,2017-12-20,2759.19,2782.34,2786.81,2753.28,3.59986885,28.6842383698
801230,2017-12-21,2743.14,2754.9,2760.76,2726.01,3.49490082,27.832565420100003
801230,2017-12-22,2745.83,2743.09,2755.18,2743.09,3.43752524,27.7216581425
801230,2017-12-25,2703.01,2737.93,2744.89,2698.16,3.34219802,25.644646000599998
801230,2017-12-26,2722.27,2703.91,2722.68,2700.22,2.32379421,19.9435628747
801230,2017-12-27,2730.6,2728.25,2748.67,2723.23,3.65703331,33.2829324895
801230,2017-12-28,2738.12,2727.51,2741.55,2722.89,2.99782164,25.3406743228
801230,2017-12-29,2770.11,2743.65,2771.23,2741.75,4.00551852,35.1344500992
801230,2018-01-02,2786.47,2775.09,2794.15,2769.34,4.50782095,36.860192164000004
801230,2018-01-03,2842.45,2792.71,2844.04,2789.92,6.54286683,53.5585948163
801230,2018-01-04,2852.17,2852.87,2862.88,2844.59,8.21635821,64.3991922991
801230,2018-01-05,2843.6,2841.82,2849.55,2829.17,7.12648461,55.547684962
801230,2018-01-08,2839.31,2838.8,2843.3,2824.28,5.4092524,42.07230542
801230,2018-01-09,2830.78,2833.35,2842.15,2823.6,4.19383103,32.9595912046
801230,2018-01-10,2798.65,2830.85,2830.99,2783.24,4.1348003,31.8408950037
801230,2018-01-11,2795.38,2782.6,2799.53,2773.88,4.00338569,30.6769017474
801230,2018-01-12,2794.3,2791.12,2808.13,2790.46,4.37841149,35.0270361814
801230,2018-01-15,2718.53,2791.46,2791.46,2715.14,4.70173316,36.0024689113
801230,2018-01-16,2749.62,2711.93,2749.7,2709.79,3.99923226,30.3274824306
801230,2018-01-17,2740.35,2738.67,2744.22,2715.57,3.93562348,31.6397842567
801230,2018-01-18,2748.68,2734.63,2750.86,2734.09,3.31869659,26.1742170813
801230,2018-01-19,2747.67,2747.42,2758.61,2740.0,3.66206775,30.9681913663
801230,2018-01-22,2756.68,2742.33,2756.8,2729.79,3.30690722,27.117875524899997
801230,2018-01-23,2765.7,2755.08,2767.91,2753.36,3.50752563,28.223313650300003
801230,2018-01-24,2773.43,2766.64,2774.06,2750.58,4.12077436,33.7501259128
801230,2018-01-25,2777.17,2771.56,2794.59,2768.9,4.66650771,38.5841559411
801230,2018-01-26,2761.61,2770.32,2776.77,2759.1,3.76561997,30.286692810799998
801230,2018-01-29,2732.52,2758.25,2760.81,2723.16,3.69664415,28.5690801067
801230,2018-01-30,2724.38,2733.77,2738.57,2720.12,3.49480692,25.8658400831
801230,2018-01-31,2653.98,2713.37,2713.95,2651.46,4.49916339,33.1530625227
801230,2018-02-01,2531.3,2639.88,2648.19,2529.58,6.0121471,40.456659583400004
801230,2018-02-02,2517.4,2516.8,2525.25,2470.14,3.75241321,25.537798689499997
801230,2018-02-05,2505.32,2485.29,2515.9,2473.62,2.62114509,18.3675982669
801230,2018-02-06,2352.27,2460.58,2471.92,2347.67,4.95677849,32.481350198899996
801230,2018-02-07,2337.64,2386.53,2398.03,2301.55,4.53159478,27.6556796468
801230,2018-02-08,2377.75,2330.29,2377.75,2330.29,3.37641031,19.8198880314
801230,2018-02-09,2298.47,2326.25,2334.81,2261.36,4.53247875,26.651522254699998
801230,2018-02-12,2339.03,2313.06,2343.88,2308.25,3.15086882,19.4078138136
801230,2018-02-13,2350.77,2351.96,2374.74,2350.15,3.27975122,20.8565240418
801230,2018-02-14,2368.17,2356.84,2368.17,2349.79,2.19762294,13.4488982596
801230,2018-02-22,2418.65,2388.06,2418.65,2382.2,3.80802033,23.5334378118
801230,2018-02-23,2426.72,2427.05,2437.37,2412.5,4.17529232,26.6167313747
801230,2018-02-26,2476.66,2438.32,2476.86,2434.86,4.23266827,28.6249804821
801230,2018-02-27,2484.67,2467.45,2486.83,2461.25,4.23245746,30.0224284044
801230,2018-02-28,2484.24,2465.26,2491.37,2446.18,4.02391745,27.6046936825
801230,2018-03-01,2497.99,2461.32,2502.92,2458.71,5.0491939,33.0382834309
801230,2018-03-02,2481.88,2482.51,2494.61,2476.1,4.18597723,30.0323613571
801230,2018-03-05,2483.68,2480.31,2488.98,2473.22,3.42308008,25.47980761
801230,2018-03-06,2523.32,2495.87,2523.47,2495.87,4.71646971,34.5735657759
801230,2018-03-07,2511.03,2526.0,2536.83,2509.5,4.89214238,39.0837576544
801230,2018-03-08,2547.91,2516.45,2548.66,2516.45,5.87046788,45.356615034300006
801230,2018-03-09,2571.04,2541.06,2572.51,2534.84,6.75470165,52.9127098855
801230,2018-03-12,2582.44,2562.65,2583.99,2560.99,6.12963409,48.7300130093
801230,2018-03-13,2564.08,2571.53,2576.5,2561.14,6.17679292,47.9722414405
801230,2018-03-14,2523.27,2544.97,2550.23,2521.58,5.07041521,42.3898961727
801230,2018-03-15,2491.17,2503.9,2508.66,2469.64,4.96883855,38.8690995433
801230,2018-03-16,2514.86,2484.12,2535.36,2484.12,6.99082799,64.8505316899
801230,2018-03-19,2504.54,2512.43,2515.99,2498.92,5.73093679,51.954093300699995
801230,2018-03-20,2498.47,2486.52,2502.41,2470.69,4.89077274,39.1529586638
801230,2018-03-21,2488.41,2497.34,2522.28,2487.41,5.08790247,42.2532863166
801230,2018-03-22,2496.1,2489.74,2506.27,2482.09,5.229612,44.981883706400005
801230,2018-03-23,2363.07,2425.53,2443.61,2336.4,7.56136623,55.6557589318
801230,2018-03-26,2385.89,2325.89,2386.74,2291.01,5.28349762,36.8930665328
801230,2018-03-27,2442.47,2407.24,2447.77,2404.2,6.15665414,50.2951565983
801230,2018-03-28,2421.36,2413.73,2448.39,2408.3,4.99647944,48.232115203199996
801230,2018-03-29,2445.32,2423.93,2445.32,2423.24,4.60332783,41.2474853017
801230,2018-03-30,2462.83,2452.15,2466.52,2447.63,5.04049825,42.4381173804
801230,2018-04-02,2469.1,2458.74,2474.27,2458.23,5.40216741,46.4780008595
801230,2018-04-03,2437.61,2439.37,2444.76,2421.49,5.14797089,44.3763787034
801230,2018-04-04,2424.54,2443.24,2453.79,2420.72,4.31552691,36.9467241495
801230,2018-04-09,2408.97,2409.44,2420.36,2383.57,3.65593133,29.679309504000003
801230,2018-04-10,2429.25,2406.43,2429.25,2403.07,4.01540936,35.120365354099995
801230,2018-04-11,2437.12,2432.88,2443.11,2426.95,4.05394118,36.1934855754
801230,2018-04-12,2428.28,2431.61,2441.45,2421.57,3.89689596,34.9147254222
801230,2018-04-13,2414.94,2434.07,2438.51,2409.74,3.73618175,32.3946320757
801230,2018-04-16,2389.82,2410.51,2411.95,2376.0,4.14418305,31.3312970999
801230,2018-04-17,2337.91,2389.44,2391.28,2334.59,3.83712787,29.7972223295
801230,2018-04-18,2354.08,2349.55,2359.42,2304.02,4.24273216,31.2624469121
801230,2018-04-19,2372.61,2350.2,2382.64,2345.98,4.54739448,34.5414626478
801230,2018-04-20,2337.61,2363.18,2372.1,2332.88,4.94895012,37.4835952799
801230,2018-04-23,2321.53,2339.91,2345.06,2300.61,4.2005008,29.5688357425
801230,2018-04-24,2355.34,2318.46,2355.65,2318.01,3.70505669,28.504908164299998
801230,2018-04-25,2355.9,2336.04,2358.65,2335.45,4.14535429,31.879729195
801230,2018-04-26,2298.19,2339.47,2345.27,2296.17,5.64343315,40.0259722353
801230,2018-04-27,2283.38,2302.16,2309.86,2276.21,4.02660812,27.8984186636
801230,2018-05-02,2276.73,2284.12,2292.86,2264.78,2.93205606,20.0183890185
801230,2018-05-03,2282.45,2268.41,2286.4,2243.26,3.35421412,23.1016731667
801230,2018-05-04,2273.53,2271.61,2285.95,2270.16,2.76171185,18.6521471044
801230,2018-05-07,2299.56,2274.3,2300.1,2273.53,3.06027739,21.330187930999998
801230,2018-05-08,2310.93,2293.27,2310.93,2289.43,3.43724558,25.059077103200003
801230,2018-05-09,2305.21,2302.84,2313.04,2299.09,2.8984706,21.5912996506
801230,2018-05-10,2308.23,2304.93,2308.36,2294.96,3.5083411,25.465498414299997
801230,2018-05-11,2285.34,2308.3,2309.03,2285.34,3.09258536,22.4386895418
801230,2018-05-14,2274.97,2283.61,2290.8,2268.08,2.97696873,20.8632416483
801230,2018-05-15,2284.33,2277.47,2284.41,2263.44,2.9592992,22.8535714539
801230,2018-05-16,2274.22,2273.86,2287.51,2270.9,2.85463125,23.3573775988
801230,2018-05-17,2257.67,2271.38,2271.7,2255.17,3.06152345,25.0676036057
801230,2018-05-18,2277.64,2252.41,2278.36,2252.41,3.50874912,25.2092507821
801230,2018-05-21,2302.28,2289.22,2305.31,2285.5,5.20812751,31.582139103400003
801230,2018-05-22,2314.97,2301.27,2314.97,2298.26,4.5138575,30.560717101799998
801230,2018-05-23,2291.95,2309.67,2310.33,2291.63,5.03961736,35.458897188499996
801230,2018-05-24,2288.79,2294.09,2298.33,2286.69,3.92626843,28.875682364699998
801230,2018-05-25,2265.85,2286.84,2290.5,2263.36,4.03599091,26.4097854674
801230,2018-05-28,2241.04,2265.8,2266.49,2237.53,3.86511053,26.98512167
801230,2018-05-29,2231.83,2231.85,2243.11,2224.29,3.70493661,25.279322749099997
801230,2018-05-30,2159.72,2207.39,2208.29,2154.14,3.84288129,28.0540516613
801230,2018-05-31,2173.39,2165.77,2177.03,2154.01,3.54962583,23.020071316
801230,2018-06-01,2156.82,2166.35,2174.82,2146.79,2.94719288,19.1332901235
801230,2018-06-04,2152.84,2160.13,2165.48,2146.23,2.56225696,15.5396994094
801230,2018-06-05,2178.34,2155.08,2178.57,2152.4,3.04168359,18.9180764949
801230,2018-06-06,2180.74,2174.16,2181.09,2168.89,3.04413338,21.1598196554
801230,2018-06-07,2169.4,2181.92,2186.06,2167.48,2.86278237,20.4768884073
801230,2018-06-08,2138.18,2171.89,2173.03,2127.99,3.91324098,25.1102009146
801230,2018-06-11,2119.81,2130.43,2137.68,2103.56,2.73548968,19.4217717402
801230,2018-06-12,2130.16,2116.58,2130.23,2101.39,2.48314718,18.882139565
801230,2018-06-13,2102.05,2126.7,2127.16,2099.47,2.60766154,20.0959879513
801230,2018-06-14,2096.89,2090.05,2106.97,2086.53,2.47714297,17.8405341588
801230,2018-06-15,2051.97,2092.74,2096.17,2047.21,2.75251392,18.4144724958
801230,2018-06-19,1912.38,2019.78,2021.87,1903.93,4.51370072,26.1652618229
801230,2018-06-20,1903.74,1886.35,1920.09,1870.23,3.83744277,21.5273579503
801230,2018-06-21,1854.57,1903.14,1918.48,1847.7,3.81039701,20.6131782667
801230,2018-06-22,1877.43,1843.02,1881.35,1831.33,2.85974331,15.2605294097
801230,2018-06-25,1874.32,1891.95,1897.86,1872.82,2.48096118,15.0358592701
801230,2018-06-26,1887.64,1848.39,1889.73,1843.29,2.47197595,15.240297213699998
801230,2018-06-27,1880.91,1887.92,1899.87,1874.36,2.79835258,16.310629576300002
801230,2018-06-28,1860.51,1880.58,1892.93,1858.7,2.73972542,16.098702182
801230,2018-06-29,1906.63,1862.19,1906.75,1861.87,3.10457712,19.8075334257
801230,2018-07-02,1882.01,1908.2,1910.8,1868.61,3.17850013,20.6669627775
801230,2018-07-03,1906.73,1883.94,1909.77,1870.04,3.14380817,19.5191362735
801230,2018-07-04,1878.09,1905.47,1905.63,1870.38,2.42150266,15.14767498
801230,2018-07-05,1832.84,1876.38,1882.21,1831.57,2.70379197,16.2578511438
801230,2018-07-06,1842.42,1837.63,1859.42,1805.07,3.08244526,17.6792764648
801230,2018-07-09,1868.73,1844.21,1870.02,1844.03,2.46708282,15.4585026955
801230,2018-07-10,1891.07,1870.48,1891.07,1869.29,2.75738735,17.1422820788
801230,2018-07-11,1851.0,1873.95,1874.68,1826.87,3.15684552,18.3174129738
801230,2018-07-12,1882.72,1842.14,1886.78,1841.8,3.23356749,20.3781460853
801230,2018-07-13,1884.96,1878.23,1887.92,1875.65,2.77194934,17.320161294200002
801230,2018-07-16,1883.54,1879.7,1883.65,1866.06,2.79508555,14.5976758083
801230,2018-07-17,1905.77,1889.54,1906.16,1882.08,3.91185308,19.8372042008
801230,2018-07-18,1899.33,1906.44,1919.09,1898.61,3.49507251,18.881198563199998
801230,2018-07-19,1878.28,1898.03,1901.61,1874.27,2.76685529,14.644146453
801230,2018-07-20,1895.24,1874.7,1898.62,1860.99,2.72178807,13.9980377797
801230,2018-07-23,1909.18,1900.43,1914.68,1882.94,3.89671685,20.2892836081
801230,2018-07-24,1945.11,1910.31,1945.11,1907.98,4.42969953,22.4774276479
801230,2018-07-25,1945.0,1945.77,1949.74,1936.93,3.20037012,17.0098825282
801230,2018-07-26,1965.77,1945.24,1971.76,1944.1,4.99106993,26.5726998469
801230,2018-07-27,1955.73,1962.8,1968.48,1955.67,3.89762937,20.383738986300003
801230,2018-07-30,1930.61,1957.33,1958.91,1925.53,3.11001324,15.9194853561
801230,2018-07-31,1942.88,1932.31,1949.44,1926.97,2.689216,16.4939311806
801230,2018-08-01,1913.49,1944.03,1957.66,1912.32,3.16019081,18.7589210379
801230,2018-08-02,1871.74,1906.62,1907.16,1837.33,3.97185569,22.6863587001
801230,2018-08-03,1858.7,1869.06,1880.64,1857.0,2.19010016,12.9952300368
801230,2018-08-06,1839.53,1856.88,1870.94,1828.83,2.57004777,14.546552204100001
801230,2018-08-07,1881.04,1842.69,1881.04,1833.13,2.89091782,16.005806541
801230,2018-08-08,1864.54,1876.76,1883.94,1862.44,2.98058041,16.396197518399998
801230,2018-08-09,1890.46,1855.85,1896.87,1853.85,3.13935856,16.5528941825
801230,2018-08-10,1896.8,1893.34,1900.6,1884.15,2.53203949,13.085678404400001
801230,2018-08-13,1894.13,1877.98,1896.49,1868.08,2.13555366,11.486664669200001
801230,2018-08-14,1900.99,1894.69,1911.62,1892.61,2.59729673,14.1027864295
801230,2018-08-15,1870.57,1901.97,1903.48,1870.57,2.65397961,14.802889527
801230,2018-08-16,1859.74,1857.58,1874.45,1843.83,2.49497571,14.672742380699999
801230,2018-08-17,1821.79,1860.66,1863.95,1817.12,2.62777816,14.5472314635
801230,2018-08-20,1809.96,1805.28,1817.35,1783.67,2.31294715,12.2136380963
801230,2018-08-21,1819.33,1803.96,1822.76,1799.26,1.95446674,10.1386784553
801230,2018-08-22,1803.45,1809.93,1815.31,1799.23,3.69589138,14.583565397300001
801230,2018-08-23,1801.21,1798.26,1808.63,1790.38,2.95678097,12.1153667729
801230,2018-08-24,1797.61,1797.91,1803.64,1791.23,2.16126031,9.586924768
801230,2018-08-27,1821.68,1796.0,1822.51,1796.0,2.80436831,12.9030694749
801230,2018-08-28,1822.57,1823.99,1827.48,1815.79,2.70294342,11.9905221921
801230,2018-08-29,1818.07,1820.43,1823.88,1814.17,2.49433098,12.237128874000001
801230,2018-08-30,1796.62,1816.02,1820.37,1795.14,3.12876561,13.710579824100002
801230,2018-08-31,1786.14,1795.54,1796.86,1781.54,3.03831138,12.8929259054
801230,2018-09-03,1778.96,1778.93,1780.36,1755.04,3.53320769,15.0950367972
801230,2018-09-04,1800.4,1775.75,1805.63,1775.33,3.15904745,14.1027742334
801230,2018-09-05,1770.8,1780.73,1794.69,1769.21,3.08763194,13.7092185322
801230,2018-09-06,1760.07,1768.84,1780.33,1757.14,2.30186194,11.3663442064
801230,2018-09-07,1764.55,1765.37,1782.37,1756.57,2.45547523,13.695415623099999
801230,2018-09-10,1727.91,1763.23,1764.87,1726.71,2.41586701,12.4290334174
801230,2018-09-11,1725.35,1727.69,1734.97,1707.04,2.17809064,10.1298819999
801230,2018-09-12,1726.19,1726.12,1735.81,1720.75,1.74940001,8.0298369695
801230,2018-09-13,1741.97,1733.93,1742.38,1724.19,2.68042814,11.180967949500001
801230,2018-09-14,1737.32,1742.23,1750.82,1734.96,2.63146379,11.3603110247
801230,2018-09-17,1700.23,1733.15,1733.38,1695.41,2.31572335,10.4431311395
801230,2018-09-18,1730.42,1696.16,1730.42,1695.72,2.60269462,12.4174395778
801230,2018-09-19,1748.84,1728.34,1755.72,1724.59,3.57816716,15.9454353063
801230,2018-09-20,1743.27,1748.57,1753.67,1740.54,3.06567894,12.981852175899999
801230,2018-09-21,1761.99,1745.56,1762.57,1737.33,3.49298456,14.4992392053
801230,2018-09-25,1754.49,1756.05,1758.06,1748.03,2.5921373,11.4757545169
801230,2018-09-26,1757.04,1753.64,1763.97,1751.98,2.9935097,12.8951639133
801230,2018-09-27,1728.25,1758.03,1758.27,1728.25,2.72079714,12.9770953551
801230,2018-09-28,1745.85,1728.98,1747.4,1728.01,3.86243194,18.0013563582
801230,2018-10-08,1687.26,1719.7,1719.9,1684.31,3.47512072,15.6159916093
801230,2018-10-09,1684.43,1686.25,1700.3,1678.92,3.28547841,14.5622708918
801230,2018-10-10,1686.05,1686.83,1693.81,1675.05,2.51839227,13.0098337053
801230,2018-10-11,1558.38,1639.37,1639.73,1542.07,4.75784106,20.4775966826
801230,2018-10-12,1528.99,1532.45,1543.75,1467.14,5.37783354,21.4730761544
801230,2018-10-15,1506.58,1536.6,1545.17,1504.14,2.79973191,11.977237281099999
801230,2018-10-16,1480.13,1509.1,1519.66,1473.34,3.31498,14.6900369958
801230,2018-10-17,1493.35,1497.83,1504.08,1470.06,3.01403283,13.409500771900001
801230,2018-10-18,1442.89,1486.3,1487.21,1440.06,2.94768822,13.641136776400002
801230,2018-10-19,1482.13,1424.46,1482.13,1415.82,3.81318396,16.9775857996
801230,2018-10-22,1558.84,1498.7,1573.64,1497.52,5.32015231,21.0418642095
801230,2018-10-23,1538.78,1560.89,1568.29,1532.73,4.01552693,18.2256393723
801230,2018-10-24,1541.87,1533.52,1561.07,1532.23,3.75874856,17.8871896676
801230,2018-10-25,1533.5,1495.16,1537.17,1486.51,3.40278749,15.3449611233
801230,2018-10-26,1547.24,1543.7,1564.47,1541.03,3.53874,15.1697880639
801230,2018-10-29,1532.16,1543.76,1547.24,1523.67,2.73308683,11.866688092999999
801230,2018-10-30,1549.74,1529.29,1557.59,1512.51,3.23371469,13.8062726744
801230,2018-10-31,1580.42,1555.08,1587.02,1554.78,5.02380788,20.395298745999998
801230,2018-11-01,1588.29,1583.51,1617.25,1582.72,5.38526049,23.6248997038
801230,2018-11-02,1625.41,1603.8,1625.49,1601.46,5.21823623,23.5245333969
801230,2018-11-05,1666.37,1623.55,1666.69,1618.04,6.48754279,31.790795773699998
801230,2018-11-06,1692.82,1670.94,1692.82,1669.09,6.11643947,29.446199409499997
801230,2018-11-07,1674.67,1697.05,1697.62,1674.67,6.59223424,35.796518417
801230,2018-11-08,1685.99,1681.4,1703.67,1680.12,6.33547247,33.7169504584
801230,2018-11-09,1699.46,1693.87,1709.16,1691.16,6.840628,36.8053753743
801230,2018-11-12,1762.48,1703.7,1762.88,1702.89,7.63548225,40.0470970511
801230,2018-11-13,1813.31,1753.77,1829.61,1750.54,8.96601387,48.3125627616
801230,2018-11-14,1820.09,1811.94,1849.49,1800.1,11.56063307,69.2638553038
801230,2018-11-15,1864.19,1823.94,1868.23,1818.02,11.81643622,70.7592636734
801230,2018-11-16,1911.04,1866.51,1923.29,1866.51,13.07353667,85.72156026479999
801230,2018-11-19,1918.3,1907.03,1918.93,1880.92,12.30405015,78.182776231
801230,2018-11-20,1856.17,1896.8,1908.77,1851.84,9.867117,57.169235470100006
801230,2018-11-21,1870.2,1834.5,1872.73,1832.53,9.08864277,52.0177265825
801230,2018-11-22,1865.92,1873.48,1878.94,1854.35,7.57794671,45.3379715495
801230,2018-11-23,1773.4,1852.54,1852.89,1766.05,9.47125271,54.6675892508
801230,2018-11-26,1775.58,1769.71,1799.39,1767.81,6.11193321,34.5003176517
801230,2018-11-27,1787.46,1788.83,1795.98,1772.52,6.02141724,35.552194492
801230,2018-11-28,1800.05,1785.07,1802.31,1745.05,7.47959537,39.0202649545
801230,2018-11-29,1749.77,1807.19,1813.28,1749.77,6.99444875,38.0346619689
801230,2018-11-30,1757.67,1747.41,1763.76,1717.91,5.50010307,28.2427369719
801230,2018-12-03,1808.15,1802.65,1824.86,1794.11,7.49997004,42.1571353192
801230,2018-12-04,1839.38,1806.45,1840.09,1801.52,6.51085315,37.4087074056
801230,2018-12-05,1823.17,1807.94,1835.17,1805.41,7.82111788,40.412861049899995
801230,2018-12-06,1790.21,1813.1,1817.58,1790.21,5.85082712,30.8090228495
801230,2018-12-07,1790.2,1791.69,1799.46,1780.23,4.69169952,23.3917973121
801230,2018-12-10,1775.67,1779.93,1787.23,1766.47,4.24107164,20.2831132846
801230,2018-12-11,1783.4,1783.46,1788.19,1771.5,3.88797582,19.5523620652
801230,2018-12-12,1785.73,1788.94,1794.77,1779.63,4.18853945,23.541477811799997
801230,2018-12-13,1799.87,1792.13,1812.78,1777.69,4.39308362,24.305805419000002
801230,2018-12-14,1743.61,1799.59,1801.6,1738.31,4.62648021,24.696148015100004
801230,2018-12-17,1756.35,1739.27,1762.11,1733.22,4.50404927,25.2316729404
801230,2018-12-18,1748.64,1747.64,1762.55,1724.93,4.82752173,26.7248916545
801230,2018-12-19,1730.2,1751.53,1754.96,1729.11,4.12348583,23.5220130196
801230,2018-12-20,1743.8,1727.72,1748.24,1726.57,3.96655931,22.460228681599997
801230,2018-12-21,1712.74,1736.48,1737.15,1702.57,3.98924135,20.804683355199998
801230,2018-12-24,1717.58,1707.86,1718.79,1702.59,2.96222149,15.5408479547
801230,2018-12-25,1695.36,1699.01,1699.7,1651.78,4.56059774,22.8246183488
801230,2018-12-26,1711.42,1694.34,1718.33,1692.8,4.50746554,27.0209608398
801230,2018-12-27,1673.86,1729.07,1733.07,1673.05,4.9717166,26.426605144499998
801230,2018-12-28,1681.36,1677.04,1690.13,1672.79,3.89802381,19.5219286621
801230,2019-01-02,1676.0,1691.51,1696.49,1675.04,4.04422123,20.1259076375
801230,2019-01-03,1656.75,1672.14,1686.6,1650.82,4.48558405,23.5947323429
801230,2019-01-04,1697.75,1637.14,1698.69,1635.58,4.76108311,23.171980233499998
801230,2019-01-07,1730.73,1707.66,1731.81,1706.27,5.01385077,24.9865377708
801230,2019-01-08,1730.36,1729.18,1737.69,1725.98,4.19706984,21.9693670646
801230,2019-01-09,1736.49,1735.59,1756.26,1729.9,5.45578818,28.7073451854
801230,2019-01-10,1729.92,1735.29,1748.92,1725.25,4.0888588,21.3215211536
801230,2019-01-11,1740.89,1728.56,1741.97,1720.47,4.29365558,20.3274180308
801230,2019-01-14,1745.2,1739.6,1753.08,1739.51,4.24208599,21.7391987006
801230,2019-01-15,1754.1,1741.1,1754.22,1732.78,3.88943787,19.4119103534
801230,2019-01-16,1735.43,1754.96,1754.96,1734.75,5.45125849,25.104661176100002
801230,2019-01-17,1731.58,1729.36,1745.89,1726.38,6.05483277,29.6395511723
801230,2019-01-18,1739.79,1729.88,1741.38,1726.37,8.07468623,32.633967769499996
801230,2019-01-21,1741.16,1737.6,1744.72,1734.18,5.92154831,24.7203713866
801230,2019-01-22,1711.32,1736.2,1738.52,1707.68,4.59215721,20.6487542455
801230,2019-01-23,1713.62,1705.09,1714.46,1699.41,5.13094392,21.3784085136
801230,2019-01-24,1709.53,1714.46,1717.2,1699.11,4.55860067,20.6282439053
801230,2019-01-25,1708.21,1717.54,1724.22,1706.5,5.32138002,22.763878403200003
801230,2019-01-28,1696.36,1718.59,1724.67,1695.52,5.0473567,22.488086496300003
801230,2019-01-29,1661.67,1687.7,1688.14,1631.52,5.02707122,22.184578736
801230,2019-01-30,1637.04,1654.87,1666.0,1636.39,4.04726541,18.2176121349
801230,2019-01-31,1609.54,1627.49,1645.04,1603.76,5.11764558,20.4594917618
801230,2019-02-01,1649.02,1616.29,1649.57,1616.0,3.78802962,15.006169336400001
801230,2019-02-11,1690.35,1657.93,1690.35,1657.02,4.08818922,17.4148926803
801230,2019-02-12,1714.47,1692.6,1718.1,1690.74,4.85509289,20.8405906923
801230,2019-02-13,1744.02,1714.47,1745.85,1708.35,5.94867077,26.460999542600003
801230,2019-02-14,1746.18,1744.56,1756.12,1740.75,5.21441388,25.7133190529
801230,2019-02-15,1746.27,1745.58,1759.96,1744.94,5.32539103,25.5691481419
801230,2019-02-18,1793.69,1753.39,1793.94,1753.34,6.60812953,31.672096226799997
801230,2019-02-19,1808.7,1800.87,1819.78,1785.59,8.5469163,40.7521710342
801230,2019-02-20,1814.06,1805.23,1815.21,1793.71,6.9103802,32.2579431767
801230,2019-02-21,1807.3,1811.67,1841.04,1800.36,8.76089128,43.1789753093
801230,2019-02-22,1871.2,1803.28,1871.32,1800.02,9.91366795,50.690726151599996
801230,2019-02-25,1980.13,1904.86,1982.45,1899.88,15.81353212,81.88541133609999
801230,2019-02-26,1964.64,1982.94,2009.97,1954.93,16.18232427,87.1287599969
801230,2019-02-27,1984.28,1961.27,2008.4,1954.44,13.52247845,70.9024273325
801230,2019-02-28,1979.11,1980.53,2007.85,1967.82,12.56546146,64.1236575609
801230,2019-03-01,1988.97,1980.36,1989.63,1961.92,10.02113374,48.7938082339
801230,2019-03-04,2014.55,2009.4,2050.79,1999.09,13.65913729,72.3677636047
801230,2019-03-05,2095.63,2012.29,2095.63,2007.61,13.56389668,76.0553739415
801230,2019-03-06,2152.45,2123.38,2152.45,2089.5,17.81695615,98.60029485959998
801230,2019-03-07,2211.49,2142.25,2224.81,2134.4,17.45123379,102.39719137270001
801230,2019-03-08,2090.03,2160.75,2203.1,2090.03,16.93418806,95.6354624732
801230,2019-03-11,2180.41,2100.21,2180.41,2100.21,12.05158321,67.7462544011
801230,2019-03-12,2235.56,2197.72,2263.39,2197.49,15.78635137,94.48137248190001
801230,2019-03-13,2239.4,2252.23,2303.46,2227.86,17.63483831,110.9748879624
801230,2019-03-14,2154.37,2224.86,2241.04,2133.99,14.00691249,89.5744884447
801230,2019-03-15,2208.94,2167.27,2227.99,2167.23,12.58966532,83.01882869800001
801230,2019-03-18,2246.44,2221.91,2246.48,2193.41,13.96187655,98.9546040304
801230,2019-03-19,2285.67,2238.94,2285.67,2237.85,14.69031096,100.6552133294
801230,2019-03-20,2307.1,2289.82,2318.28,2271.49,14.86309515,103.97364349620001
801230,2019-03-21,2362.93,2317.36,2391.09,2315.4,18.15285101,133.2063105959
801230,2019-03-22,2390.78,2357.57,2391.17,2326.67,18.65126549,135.89599396100002
801230,2019-03-25,2322.68,2328.9,2367.45,2318.2,15.87934871,112.788639969
801230,2019-03-26,2254.35,2328.03,2338.51,2243.6,14.51159457,97.0520541074
801230,2019-03-27,2246.83,2265.59,2271.89,2199.57,10.62929736,71.7815399018
801230,2019-03-28,2191.24,2230.54,2257.41,2190.26,10.16821518,68.50744895380001
801230,2019-03-29,2255.46,2187.63,2257.42,2165.57,11.44924647,73.8085613338
801230,2019-04-01,2325.96,2262.57,2327.67,2262.57,12.7614615,87.84074313469999
801230,2019-04-02,2342.76,2327.92,2359.91,2310.12,13.89929196,100.6242450168
801230,2019-04-03,2364.98,2329.5,2365.18,2317.57,11.42101376,81.917537193
801230,2019-04-04,2385.57,2373.5,2392.89,2363.51,12.71001529,92.1951590662
801230,2019-04-08,2353.59,2381.88,2392.07,2314.15,12.7154469,87.2156436106
801230,2019-04-09,2354.04,2349.4,2359.89,2330.85,10.65694469,82.3055665579
801230,2019-04-10,2339.71,2339.11,2364.15,2316.0,10.24729122,74.9103751727
801230,2019-04-11,2296.07,2334.77,2344.93,2296.07,9.94386885,63.189390853199995
801230,2019-04-12,2300.95,2292.61,2307.78,2279.35,8.1866256,52.5801538559
801230,2019-04-15,2282.12,2327.01,2348.34,2281.24,9.2823234,59.2610778138
801230,2019-04-16,2322.86,2269.55,2322.86,2257.08,8.79542645,58.5269757445
801230,2019-04-17,2343.95,2323.59,2353.76,2320.38,9.9933984,63.2343204942
801230,2019-04-18,2318.63,2328.37,2329.45,2310.02,12.361797,75.329578544
801230,2019-04-19,2335.5,2319.78,2335.5,2300.21,10.1912686,66.0656460873
801230,2019-04-22,2322.34,2353.81,2356.29,2318.15,10.88526682,75.247106988
801230,2019-04-23,2297.28,2312.47,2328.81,2290.87,17.24859136,99.8304780965
801230,2019-04-24,2309.86,2289.6,2309.86,2259.72,13.24367686,74.6995749212
801230,2019-04-25,2206.78,2303.24,2303.37,2206.78,14.75626864,83.2530690083
801230,2019-04-26,2187.22,2190.98,2221.74,2187.22,11.94148768,66.8375110657
801230,2019-04-29,2096.57,2184.92,2193.02,2094.61,11.93742853,63.2593801724
801230,2019-04-30,2138.38,2090.76,2149.01,2090.76,5.56238337,34.8064389225
801230,2019-05-06,1990.96,2072.88,2087.65,1977.98,8.18900549,44.9612422788
801230,2019-05-07,2038.02,2004.18,2048.59,1999.85,10.84641808,51.012616448
801230,2019-05-08,2030.11,1994.92,2061.89,1988.96,9.76185415,47.613013296999995
801230,2019-05-09,1993.79,2007.71,2025.53,1989.87,7.16795749,34.0870895559
801230,2019-05-10,2053.18,2013.63,2053.18,1963.68,9.53889117,47.073309566199995
801230,2019-05-13,2029.21,2030.2,2040.67,2019.34,6.82032521,33.697245897100004
801230,2019-05-14,2021.78,2003.25,2045.76,2003.25,7.7953218,39.5512396587
801230,2019-05-15,2062.98,2042.76,2069.31,2039.64,9.03481811,50.25263063
801230,2019-05-16,2079.82,2061.81,2086.4,2057.71,8.51126581,47.790414874
801230,2019-05-17,2011.33,2080.58,2080.6,2004.9,9.37987211,54.313832759600004
801230,2019-05-20,1990.08,2009.27,2009.59,1954.7,6.73355085,37.3751411816
801230,2019-05-21,2032.14,1985.39,2032.14,1981.9,5.96185902,34.4160532721
801230,2019-05-22,2008.08,2030.65,2038.85,1999.7,7.06103695,48.4610733091
801230,2019-05-23,2000.6,2008.31,2028.81,1993.77,7.48523962,47.416903511899996
801230,2019-05-24,1957.76,1982.78,1992.29,1956.01,7.49085152,45.2629509269
801230,2019-05-27,2007.88,1955.62,2011.27,1949.53,6.85175519,38.8771436425
801230,2019-05-28,2017.52,2012.35,2045.17,2008.31,8.92080966,54.2636001554
801230,2019-05-29,2030.58,2017.74,2042.39,2015.98,7.08795633,42.921473516199995
801230,2019-05-30,2017.46,2013.83,2017.46,1993.35,7.75897911,40.6019233375
801230,2019-05-31,2003.19,2014.74,2025.24,2002.21,6.44701557,33.9307749516
801230,2019-06-03,1982.24,2004.9,2013.99,1978.68,7.15660244,37.10225423
801230,2019-06-04,1963.17,1986.28,1986.33,1952.38,6.80112499,36.2538215413
801230,2019-06-05,1972.61,1977.7,1986.62,1965.49,6.11451128,32.6023721994
801230,2019-06-06,1932.54,1970.03,1970.19,1931.92,7.06848491,38.6323671059
801230,2019-06-10,1949.61,1925.29,1954.4,1917.32,6.01506925,31.1008237758
801230,2019-06-11,2018.24,1945.8,2018.24,1945.8,8.28947593,43.1735488097
801230,2019-06-12,1998.86,2010.54,2019.5,1997.29,6.66204244,35.512989445100004
801230,2019-06-13,2005.89,1994.52,2014.66,1984.89,6.45578441,33.5364590829
801230,2019-06-14,1963.92,2007.05,2013.78,1963.92,6.54309885,36.1781040238
801230,2019-06-17,1958.48,1964.85,1973.4,1953.22,3.77060425,21.4259507035
801230,2019-06-18,1947.38,1960.52,1960.52,1939.89,3.40903556,19.6312287356
801230,2019-06-19,1979.08,1988.34,1997.12,1975.58,5.00449791,30.045746511399997
801230,2019-06-20,2016.0,1978.47,2021.73,1972.18,6.86197519,34.967077420900004
801230,2019-06-21,2052.13,2030.96,2056.69,2030.96,7.6577844,42.6868364311
801230,2019-06-24,2051.08,2054.46,2054.46,2038.84,5.53987819,30.3216200606
801230,2019-06-25,2038.97,2050.59,2050.74,2009.69,6.52835555,34.2201508431
801230,2019-06-26,2031.64,2024.81,2045.66,2018.92,4.70525315,24.8635624429
801230,2019-06-27,2031.01,2033.65,2047.79,2027.92,4.52141176,23.8064784351
801230,2019-06-28,2005.26,2035.48,2035.48,1995.71,4.35891428,22.6851438719
801230,2019-07-01,2054.62,2044.43,2054.95,2036.87,5.84690262,31.792122456199998
801230,2019-07-02,2052.45,2056.12,2056.93,2044.87,4.71738414,25.190033396999997
801230,2019-07-03,2028.14,2049.46,2049.53,2022.66,3.9619929,21.988037195300002
801230,2019-07-04,2017.31,2032.32,2037.18,2006.57,3.67460697,20.44539409
801230,2019-07-05,2024.18,2019.66,2025.59,2007.77,3.34422582,18.688746643800002
801230,2019-07-08,1960.88,2014.08,2014.57,1949.12,4.42186482,27.8404885562
801230,2019-07-09,1958.07,1962.0,1974.75,1943.0,2.45928282,15.591136649000001
801230,2019-07-10,1943.31,1960.27,1964.01,1935.74,2.46819284,15.250343211199999
801230,2019-07-11,1939.39,1953.22,1960.18,1927.82,2.49730546,15.67903675
801230,2019-07-12,1937.5,1935.9,1943.9,1929.72,2.40562513,13.341109604200001
801230,2019-07-15,1977.18,1939.66,1977.18,1919.96,3.10015192,16.8589866957
801230,2019-07-16,1975.04,1971.55,1979.27,1966.24,2.20042598,12.172899201300002
801230,2019-07-17,1974.9,1974.54,1982.45,1968.28,2.32589807,14.6565955005
801230,2019-07-18,1944.68,1965.29,1965.35,1944.68,2.56123815,14.255391619700001
801230,2019-07-19,1970.27,1951.29,1981.13,1951.19,2.90637289,15.7628625698
801230,2019-07-22,1914.56,1973.02,1973.02,1909.57,4.07058593,20.636891554800002
801230,2019-07-23,1935.45,1911.71,1935.45,1910.69,2.87893117,14.7721149844
801230,2019-07-24,1954.87,1942.18,1962.78,1939.92,3.37574777,16.3643666203
801230,2019-07-25,1951.87,1953.88,1960.14,1946.46,2.79128217,13.587939056199998
801230,2019-07-26,1950.66,1950.95,1957.31,1942.66,2.59604767,12.125012077400001
801230,2019-07-29,1947.75,1951.45,1961.93,1942.99,2.75258904,12.0756029916
801230,2019-07-30,1964.85,1952.1,1972.71,1951.71,3.00885414,13.407791104600001
801230,2019-07-31,1940.71,1957.94,1958.32,1935.51,2.66822259,12.337685835599999
801230,2019-08-01,1934.16,1933.28,1944.72,1928.38,2.47192125,12.1719221057
801230,2019-08-02,1912.25,1901.04,1913.4,1893.6,3.52120687,17.2242338292
801230,2019-08-05,1875.98,1898.57,1913.46,1875.48,3.14359244,14.129897189200001
801230,2019-08-06,1824.36,1845.68,1845.97,1779.8,4.02937751,18.341471561600002
801230,2019-08-07,1821.93,1830.93,1838.2,1819.17,2.48404968,11.1169590673
801230,2019-08-08,1839.69,1827.08,1843.81,1826.81,1.92623719,9.7287788146
801230,2019-08-09,1822.87,1851.08,1859.67,1818.93,3.64003305,14.9888508175
801230,2019-08-12,1848.64,1826.21,1848.64,1817.52,3.33566115,13.1605542715
801230,2019-08-13,1838.82,1835.47,1840.97,1829.35,2.14008308,10.5700195286
801230,2019-08-14,1854.77,1855.03,1864.08,1850.94,3.78110651,15.712763615799998
801230,2019-08-15,1856.35,1814.94,1856.35,1805.02,3.32117159,14.798503332200001
801230,2019-08-16,1871.4,1849.61,1880.77,1849.61,3.24057706,16.7816491047
801230,2019-08-19,1929.39,1893.36,1929.39,1890.36,4.36078769,21.510080869699998
801230,2019-08-20,1930.29,1932.97,1947.56,1926.68,4.62765445,22.2943257568
801230,2019-08-21,1940.72,1927.16,1948.81,1924.32,3.61829027,20.27020096
801230,2019-08-22,1944.24,1947.93,1947.93,1926.36,3.20650208,16.0649587046
801230,2019-08-23,1936.47,1944.45,1953.37,1930.72,3.29057525,16.428653429
801230,2019-08-26,1937.79,1901.67,1937.79,1901.01,4.27127616,19.9502100695
801230,2019-08-27,1963.49,1942.38,1967.85,1941.33,4.66494086,22.412251242199996
801230,2019-08-28,1946.93,1960.07,1960.4,1944.37,4.30260093,19.7929749752
801230,2019-08-29,1946.4,1951.69,1955.2,1941.75,3.5819021,16.982559812599998
801230,2019-08-30,1918.32,1952.91,1958.32,1909.75,3.71297367,19.3881051555
801230,2019-09-02,1960.22,1920.01,1963.46,1919.96,3.40750006,19.7010886251
801230,2019-09-03,1975.03,1964.77,1975.38,1963.19,4.09673762,21.3090059749
801230,2019-09-04,1980.8,1967.36,1980.81,1957.95,4.14304098,21.0281354223
801230,2019-09-05,1997.59,1991.43,2021.26,1990.63,5.62437627,29.732149557899998
801230,2019-09-06,1984.35,1999.86,2002.4,1972.95,3.57426235,20.940545118800003
801230,2019-09-09,2021.4,2000.66,2021.4,1991.77,4.5151133,25.2881452563
801230,2019-09-10,2023.57,2025.85,2026.56,2008.67,4.55751848,23.5750656461
801230,2019-09-11,2032.69,2029.47,2041.72,2019.87,5.48105362,28.167844847199998
801230,2019-09-12,2030.48,2037.44,2039.06,2014.12,4.99667007,23.4896765833
801230,2019-09-16,2046.53,2041.3,2055.91,2036.34,4.34998955,25.633159092
801230,2019-09-17,1992.21,2044.83,2045.07,1984.43,3.99212349,22.4037817467
801230,2019-09-18,1996.59,1996.77,2006.08,1993.6,3.42577326,20.1883320709
801230,2019-09-19,2011.98,1999.55,2011.98,1982.87,3.03912355,16.9643297959
801230,2019-09-20,2008.41,2011.4,2022.93,2007.34,2.86499909,18.1208697681
801230,2019-09-23,1980.29,2000.96,2001.03,1966.46,2.8693999,16.5536268087
801230,2019-09-24,1988.28,1980.44,2003.14,1973.82,2.8016235,18.3182395775
801230,2019-09-25,1968.0,1984.16,1985.2,1967.29,2.82191033,17.9774776593
801230,2019-09-26,1920.28,1972.41,1972.41,1919.52,2.94752767,17.6247933031
801230,2019-09-27,1936.4,1922.45,1944.79,1922.21,1.84558713,11.2717549117
801230,2019-09-30,1923.19,1939.79,1947.08,1920.11,1.74765224,11.579387519800001
801230,2019-10-08,1953.15,1930.68,1966.47,1930.57,2.04029525,13.7004357118
801230,2019-10-09,1960.94,1945.82,1960.94,1939.2,1.69648915,11.2894577055
801230,2019-10-10,1991.42,1960.36,1992.01,1958.97,1.95211216,13.9878626997
801230,2019-10-11,2003.51,1991.93,2003.51,1982.96,2.51668914,15.4710306674
801230,2019-10-14,2033.92,2015.11,2035.19,2013.61,3.13730864,19.3783830426
801230,2019-10-15,2035.2,2029.09,2036.76,2021.42,2.67963625,17.788877224100002
801230,2019-10-16,2029.87,2033.99,2046.14,2025.36,2.97427597,17.7648512572
801230,2019-10-17,2008.43,2026.69,2026.71,2001.04,3.15768624,18.8613281931
801230,2019-10-18,1987.69,2007.47,2016.66,1981.55,3.18648164,18.9370577866
801230,2019-10-21,1973.27,1982.89,1983.02,1957.23,2.02654453,13.459651236300001
801230,2019-10-22,1982.27,1973.04,1985.07,1970.78,1.9876019,12.2844509273
801230,2019-10-23,1965.63,1982.46,1985.22,1962.99,1.9522578,12.3455199859
801230,2019-10-24,1965.0,1963.02,1972.33,1956.32,1.98985796,12.186328496400002
801230,2019-10-25,1979.74,1966.41,1979.74,1957.19,2.01199909,12.1734284355
801230,2019-10-28,2005.19,1984.89,2006.03,1980.12,3.29357747,21.7740670408
801230,2019-10-29,1983.43,2014.14,2014.16,1983.43,3.57035864,25.8956336763
801230,2019-10-30,1949.89,1977.66,1978.26,1946.04,3.24790173,21.909080867199997
801230,2019-10-31,1940.17,1947.84,1956.92,1936.74,3.06922532,27.2557970314
801230,2019-11-01,1959.0,1935.46,1959.32,1934.91,2.43902447,21.0708024912
801230,2019-11-04,1969.73,1965.74,1980.55,1965.38,2.66941574,24.916588246999996
801230,2019-11-05,1959.98,1975.74,1976.09,1950.14,2.57074455,23.113338890700003
801230,2019-11-06,1951.07,1961.35,1969.84,1944.73,2.38094255,20.4195010376
801230,2019-11-07,1961.89,1950.44,1966.98,1948.33,2.27952884,18.3444163092
801230,2019-11-08,1962.53,1971.07,1974.36,1958.46,2.5488729,21.6587983098
801230,2019-11-11,1921.76,1957.16,1957.42,1918.98,2.74858561,19.2603429928
801230,2019-11-12,1912.76,1918.71,1926.78,1901.32,2.4483428,16.567602195
801230,2019-11-13,1915.08,1912.85,1915.08,1898.37,2.03130333,16.271030275999998
801230,2019-11-14,1921.28,1916.54,1926.4,1915.28,1.80164181,15.0571352814
801230,2019-11-15,1906.92,1925.84,1925.84,1905.47,1.82573616,15.406374636199999
801230,2019-11-18,1916.45,1913.53,1917.38,1902.96,1.64509319,14.1032252687
801230,2019-11-19,1958.43,1920.5,1958.43,1918.22,2.32250095,17.1738997611
801230,2019-11-20,1955.45,1962.47,1964.49,1951.25,2.5336213,17.9557457214
801230,2019-11-21,1948.97,1954.29,1962.07,1945.03,2.25589415,23.3475318523
801230,2019-11-22,1940.32,1961.47,1977.97,1935.35,2.42114523,22.9660258936
801230,2019-11-25,1953.43,1946.2,1953.43,1934.69,3.2639233,44.666995192200005
801230,2019-11-26,1941.67,1951.86,1955.75,1937.74,2.7156552,28.6442478015
801230,2019-11-27,1939.76,1937.33,1947.81,1926.45,2.55588226,30.5476810886
801230,2019-11-28,1932.43,1938.67,1950.04,1929.81,2.18488179,27.4123568817
801230,2019-11-29,1924.89,1931.78,1933.42,1911.14,2.56660743,28.3874644595
801230,2019-12-02,1921.32,1924.35,1924.35,1920.42,2.81422728,31.679239563499998
801230,2019-12-03,1932.29,1914.01,1932.29,1907.87,2.34223787,24.3855423154
801230,2019-12-04,1938.3,1930.1,1938.36,1926.52,2.45374533,27.057957133400002
801230,2019-12-05,1962.27,1942.95,1962.42,1942.95,2.70528848,28.9433058777
801230,2019-12-06,1969.76,1960.97,1970.42,1954.48,2.69570972,31.193721579499996
801230,2019-12-09,1979.55,1971.31,1982.48,1967.71,2.61901921,30.5089501202
801230,2019-12-10,1997.86,1975.13,1997.86,1971.16,3.02644747,32.5570791391
801230,2019-12-11,1992.86,2000.5,2000.72,1986.93,2.61968296,29.008996786999997
801230,2019-12-12,1980.77,1993.79,1993.79,1980.15,2.883744,28.291124929299997
801230,2019-12-13,2008.18,1988.53,2014.62,1988.37,3.08628453,33.1195974562
801230,2019-12-16,2039.02,2015.44,2039.02,2015.44,3.50562186,32.7368235636
801230,2019-12-17,2061.02,2036.71,2063.49,2031.56,4.33891259,35.6999711534
801230,2019-12-18,2045.67,2053.84,2060.86,2041.11,3.848238,33.0514291223
801230,2019-12-19,2063.78,2047.64,2074.51,2043.34,3.73132536,31.9901376379
801230,2019-12-20,2037.5,2063.75,2064.43,2037.44,3.63482378,32.1272200127
801230,2019-12-23,1993.57,2032.87,2033.05,1990.75,3.39346846,26.5129509156
801230,2019-12-24,2035.56,2010.57,2035.56,2009.39,3.25815898,27.236269804499997
801230,2019-12-25,2064.36,2031.89,2069.42,2029.36,4.84025909,39.5304468423
801230,2019-12-26,2094.24,2070.24,2094.24,2070.0,5.5766981,44.4350013214
801230,2019-12-27,2103.2,2103.46,2131.0,2098.39,8.04317,56.460159505200004
801230,2019-12-30,2111.31,2089.86,2116.59,2081.42,6.21646443,46.2367062105
801230,2019-12-31,2120.65,2110.64,2126.84,2103.46,5.16376609,38.3378556856
801230,2020-01-02,2157.92,2137.34,2159.76,2133.52,6.42045156,46.8525843205
801230,2020-01-03,2155.38,2162.38,2163.36,2146.81,5.96394769,45.837805864399996
801230,2020-01-06,2185.8,2151.77,2198.87,2147.16,6.21334912,43.7517502953
801230,2020-01-07,2221.82,2215.57,2224.01,2203.3,7.31281375,52.5874736939
801230,2020-01-08,2189.42,2220.7,2228.18,2181.68,7.84617217,57.4126382763
801230,2020-01-09,2219.82,2202.71,2220.45,2199.09,5.87727984,44.9170901263
801230,2020-01-10,2205.81,2217.77,2221.43,2198.85,4.51318415,35.3884481764
801230,2020-01-13,2224.72,2204.49,2224.72,2201.72,4.48301443,38.7097179635
801230,2020-01-14,2236.86,2242.12,2253.63,2230.86,6.86136767,51.7823036881
801230,2020-01-15,2224.84,2224.16,2231.8,2209.09,6.9752088,41.7407648149
801230,2020-01-16,2219.24,2231.41,2231.94,2216.06,4.89301975,35.021661585
801230,2020-01-17,2207.77,2228.17,2235.24,2206.11,3.80859772,30.7808790197
801230,2020-01-20,2222.95,2207.01,2224.9,2204.14,4.40768194,31.703279082199998
801230,2020-01-21,2202.33,2227.45,2233.4,2202.33,5.04240516,38.5693746421
801230,2020-01-22,2200.17,2192.99,2211.59,2158.06,6.37456052,41.721095157
801230,2020-01-23,2162.55,2189.79,2208.26,2139.63,6.55598265,44.8943185543
801230,2020-02-03,2005.98,1988.02,2020.58,1985.6,3.33315834,28.704155839000002
801230,2020-02-04,2043.99,1936.73,2045.47,1936.73,7.90230632,50.2043791672
801230,2020-02-05,2088.51,2061.01,2120.17,2061.01,6.73657662,47.013537925200005
801230,2020-02-06,2159.35,2096.53,2164.07,2084.37,6.83934328,49.840124326499996
801230,2020-02-07,2205.04,2173.53,2210.45,2150.61,6.02304715,48.451654417700006
801230,2020-02-10,2255.21,2197.16,2255.21,2192.21,6.03062259,47.935432034099996
801230,2020-02-11,2236.72,2265.34,2267.13,2231.96,10.97414463,91.11893154879999
801230,2020-02-12,2251.38,2207.61,2253.62,2207.61,8.64559038,68.4924537354
801230,2020-02-13,2207.22,2243.46,2246.28,2207.22,9.00920622,75.9501015031
801230,2020-02-14,2191.44,2192.65,2211.45,2174.85,7.42367778,58.0284144945
801230,2020-02-17,2269.78,2198.87,2269.78,2198.73,7.93889204,57.07930105649999
801230,2020-02-18,2322.55,2268.23,2328.26,2268.23,11.46005491,90.5188220414
801230,2020-02-19,2297.63,2339.89,2344.3,2297.63,12.01880676,86.7038374135
801230,2020-02-20,2325.11,2286.8,2327.97,2281.07,10.50591952,77.1055543385
801230,2020-02-21,2347.32,2317.67,2363.84,2315.27,12.07894702,103.7964326873
801230,2020-02-24,2378.53,2342.06,2388.73,2331.83,10.89021136,86.8417851823
801230,2020-02-25,2402.17,2336.93,2404.85,2294.0,13.64534066,96.9050883293
801230,2020-02-26,2361.23,2377.81,2411.76,2353.97,14.63622194,112.5281061618
801230,2020-02-27,2342.36,2361.17,2377.61,2330.28,11.48515632,89.7725081989
801230,2020-02-28,2231.38,2274.17,2297.71,2226.98,11.76974456,92.95444148200001
801230,2020-03-02,2311.77,2245.14,2315.37,2245.08,11.20381776,94.9886421751
801230,2020-03-03,2342.46,2336.67,2369.3,2335.3,11.56842034,102.1776076678
801230,2020-03-04,2351.24,2330.23,2355.02,2309.21,8.983708,81.82569157430001
801230,2020-03-05,2380.65,2367.3,2392.64,2353.09,10.06794559,88.2644672379
801230,2020-03-06,2390.25,2361.85,2404.96,2355.4,9.12914992,84.6388800767
801230,2020-03-09,2334.71,2378.28,2393.93,2334.71,8.30743557,77.3702879537
801230,2020-03-10,2353.61,2284.77,2366.28,2265.35,11.14257863,109.441108449
801230,2020-03-11,2325.51,2341.03,2372.26,2325.51,8.86912012,80.4630156508
801230,2020-03-12,2254.75,2296.0,2302.3,2244.55,7.58295144,67.5746869165
801230,2020-03-13,2225.78,2125.1,2238.66,2125.1,7.97948183,61.7380411717
801230,2020-03-16,2156.09,2249.55,2249.55,2151.27,9.14311643,76.5446726407
801230,2020-03-17,2142.47,2150.54,2167.26,2081.09,8.08782738,65.3882155805
801230,2020-03-18,2107.19,2147.77,2186.3,2107.19,7.24639935,57.5787437656
801230,2020-03-19,2079.31,2097.39,2110.69,2040.48,6.86039758,51.7858447636
801230,2020-03-20,2101.19,2098.72,2109.6,2071.18,5.12079562,38.4949875733
801230,2020-03-23,1989.5,2057.77,2061.28,1988.64,6.36141727,45.6253779737
801230,2020-03-24,2042.76,2020.68,2045.29,1993.91,6.77535893,47.142890502700006
801230,2020-03-25,2119.03,2074.81,2122.93,2066.21,7.50406071,52.7794935337
801230,2020-03-26,2102.67,2104.36,2131.84,2092.17,7.27175714,48.427152506999995
801230,2020-03-27,2089.23,2125.65,2125.65,2088.65,5.58547938,39.4709585498
801230,2020-03-30,2057.37,2066.77,2076.66,2045.27,5.96341904,42.5204768452
801230,2020-03-31,2067.59,2065.8,2082.39,2058.18,5.90096569,36.2159920871
801230,2020-04-01,2043.49,2055.77,2077.89,2038.11,5.47895399,33.9069638622
801230,2020-04-02,2083.71,2034.51,2083.71,2027.21,4.96226299,33.726763605
801230,2020-04-03,2104.95,2083.0,2106.99,2080.99,5.97974505,45.261039535600005
801230,2020-04-07,2167.88,2136.38,2172.29,2125.86,7.61454833,56.305836226800004
801230,2020-04-08,2153.86,2153.72,2163.21,2139.03,6.98837328,50.601486393100004
801230,2020-04-09,2186.41,2158.36,2194.55,2157.15,6.84148111,45.0896881051
801230,2020-04-10,2136.98,2179.54,2179.54,2132.08,6.46586481,42.199385640900005
801230,2020-04-13,2119.83,2126.95,2133.97,2106.34,5.55260418,38.8869153214
801230,2020-04-14,2163.57,2128.66,2163.57,2128.34,4.84976097,34.8895994523
801230,2020-04-15,2150.91,2157.45,2172.07,2145.99,5.79318778,36.648842534699995
801230,2020-04-16,2152.85,2138.6,2155.09,2136.28,5.23113405,34.467457523200004
801230,2020-04-17,2157.57,2158.95,2186.28,2155.72,5.62643938,39.6816601765
801230,2020-04-20,2181.99,2164.47,2181.99,2164.38,5.58400336,37.2282327459
801230,2020-04-21,2169.75,2171.89,2172.23,2135.67,6.05234526,47.5633782143
801230,2020-04-22,2180.12,2149.01,2181.35,2149.01,5.43375838,39.8702783286
801230,2020-04-23,2179.17,2189.24,2204.09,2178.72,6.74121472,57.71958991979999
801230,2020-04-24,2130.44,2183.2,2185.38,2126.68,6.95203015,52.9636393678
801230,2020-04-27,2124.44,2135.05,2148.56,2124.44,6.29060476,42.157143688000005
801230,2020-04-28,2098.86,2131.35,2136.9,2062.61,7.12477499,47.1665204754
801230,2020-04-29,2079.15,2088.29,2113.36,2077.57,5.21943576,37.358061484000004
801230,2020-04-30,2121.1,2098.45,2127.27,2094.33,4.98650727,40.196132010300005
801230,2020-05-06,2151.68,2092.77,2151.9,2092.77,6.2622537,41.007364009899995
801230,2020-05-07,2155.69,2150.98,2163.59,2133.24,6.73892408,46.053645893500004
801230,2020-05-08,2191.59,2159.6,2203.02,2159.06,6.60487155,46.0327957519
801230,2020-05-11,2173.7,2194.92,2200.57,2165.08,5.10258214,37.3254731055
801230,2020-05-12,2181.6,2173.92,2181.6,2151.25,4.00796289,32.7640942034
801230,2020-05-13,2208.16,2172.23,2211.28,2161.59,5.63349754,44.5552979193
801230,2020-05-14,2191.28,2193.97,2208.68,2183.64,5.28180404,43.899858257
801230,2020-05-15,2192.13,2193.63,2208.13,2188.87,4.51618134,35.6514584055
801230,2020-05-18,2159.94,2178.19,2180.57,2150.05,4.83665647,36.177416611999995
801230,2020-05-19,2162.25,2148.79,2162.69,2147.12,4.71398752,35.9949528846
801230,2020-05-20,2133.43,2157.15,2172.83,2126.74,6.96157613,43.6338098969
801230,2020-05-21,2093.56,2128.32,2131.65,2087.09,6.16768165,38.0595901911
801230,2020-05-22,2053.75,2086.43,2086.7,2029.84,5.51949491,36.7624942804
801230,2020-05-25,2065.95,2042.69,2066.86,2039.35,3.97650846,27.5997712095
801230,2020-05-26,2108.49,2069.82,2108.49,2067.28,4.8115705,31.100209549899997
801230,2020-05-27,2103.46,2105.4,2117.97,2089.07,5.71617047,40.3887831296
801230,2020-05-28,2093.14,2101.46,2109.97,2065.53,4.82425679,33.158481771999995
801230,2020-05-29,2134.04,2096.71,2146.53,2089.95,5.30986829,39.7621848244
801230,2020-06-01,2191.84,2146.2,2191.94,2141.29,5.91162543,46.5143757891
801230,2020-06-02,2161.73,2190.04,2190.04,2151.7,4.98550371,40.2918785921
801230,2020-06-03,2155.74,2158.04,2170.29,2154.48,5.02102763,36.744396032
801230,2020-06-04,2179.61,2161.8,2184.57,2155.26,6.12715201,44.4941942004
801230,2020-06-05,2178.46,2172.65,2182.59,2166.38,5.18388328,33.7531758828
801230,2020-06-08,2155.3,2183.62,2183.62,2153.19,4.05915958,27.534037908600002
801230,2020-06-09,2166.78,2150.07,2166.94,2147.91,3.86744362,27.5701531763
801230,2020-06-10,2167.67,2164.88,2170.12,2155.1,3.90161903,28.9482003927
801230,2020-06-11,2155.45,2168.26,2187.47,2148.3,4.26909472,34.098358818499996
801230,2020-06-12,2159.83,2110.57,2169.76,2110.57,4.50173923,33.007670116999996
801230,2020-06-15,2180.9,2195.15,2205.37,2174.18,5.91686742,44.33767092
801230,2020-06-16,2193.25,2191.96,2193.25,2176.73,4.30456545,32.533375353400004
801230,2020-06-17,2206.79,2197.39,2207.5,2184.89,4.67459421,35.8438363073
801230,2020-06-18,2198.55,2205.53,2205.61,2185.51,3.88756985,28.8724187619
801230,2020-06-19,2226.67,2198.63,2232.53,2198.63,4.46408121,33.4330372134
801230,2020-06-22,2228.43,2234.49,2238.24,2225.45,4.63980562,33.5128584891
801230,2020-06-23,2236.63,2223.6,2239.05,2217.59,3.81956668,31.771310898200003
801230,2020-06-24,2226.91,2247.95,2248.01,2218.03,4.008121,36.703225285900004
801230,2020-06-29,2221.52,2222.99,2235.48,2215.62,3.80070885,30.8516254154
801230,2020-06-30,2282.01,2230.8,2282.41,2230.37,3.84169968,34.6294011742
801230,2020-07-01,2307.19,2296.31,2307.19,2274.08,4.52049,38.8067124321
801230,2020-07-02,2304.04,2304.93,2308.57,2287.19,4.6330732,38.20797766
801230,2020-07-03,2344.87,2312.34,2344.87,2299.72,5.57229434,40.6025654845
801230,2020-07-06,2419.59,2369.94,2431.81,2362.53,9.3137215,63.6938070099
801230,2020-07-07,2486.52,2448.64,2524.98,2419.61,10.67779948,75.86404844329999
801230,2020-07-08,2529.4,2476.35,2533.1,2457.96,9.27918924,69.5540017261
801230,2020-07-09,2623.93,2520.72,2624.5,2520.72,9.66958037,79.2718094109
801230,2020-07-10,2641.52,2605.56,2693.69,2605.56,10.43108291,93.808525733
801230,2020-07-13,2732.72,2654.03,2732.72,2654.03,10.37721408,93.10127979559999
801230,2020-07-14,2700.07,2727.15,2727.15,2644.37,10.11705008,90.53872201959999
801230,2020-07-15,2647.3,2699.23,2708.76,2631.87,8.64149248,73.4085297282
801230,2020-07-16,2527.25,2650.04,2681.16,2519.2,7.8777318,67.4788242139
801230,2020-07-17,2541.33,2539.76,2596.85,2516.22,6.33010883,55.454062736000004
801230,2020-07-20,2612.47,2580.07,2612.47,2536.9,6.58472043,53.93350381689999
801230,2020-07-21,2622.16,2618.83,2625.93,2584.23,5.48600515,46.6420667071
801230,2020-07-22,2628.72,2612.58,2648.6,2600.77,6.3496412,52.8196456169
801230,2020-07-23,2648.93,2614.1,2657.14,2576.08,6.91553268,58.3168474559
801230,2020-07-24,2515.93,2640.41,2642.54,2509.19,7.01231948,60.86472017689999
801230,2020-07-27,2493.01,2523.59,2538.22,2477.8,5.86344313,46.616277508900005
801230,2020-07-28,2515.13,2497.2,2516.32,2485.62,6.58608742,50.0422165812
801230,2020-07-29,2563.65,2508.57,2564.72,2505.83,5.58859238,45.8418942081
801230,2020-07-30,2544.93,2556.51,2565.06,2540.24,5.91193352,47.41410951020001
801230,2020-07-31,2555.97,2540.53,2578.43,2514.2,5.51514506,44.0749843479
801230,2020-08-03,2608.26,2567.32,2608.69,2565.53,6.63060045,51.7654899391
801230,2020-08-04,2607.63,2616.01,2628.73,2594.07,6.11905885,49.9199173537
801230,2020-08-05,2674.37,2616.02,2677.9,2587.3,6.72564074,53.5207697033
801230,2020-08-06,2668.77,2676.34,2676.34,2628.5,7.22942405,56.393704116
801230,2020-08-07,2632.45,2663.6,2666.53,2589.46,6.76165057,49.348152309
801230,2020-08-10,2627.37,2617.59,2645.71,2610.13,6.61471622,45.015013045500005
801230,2020-08-11,2592.4,2630.39,2650.34,2590.7,6.54491978,47.5137277658
801230,2020-08-12,2561.16,2583.59,2591.14,2512.09,5.24547649,39.0729462013
801230,2020-08-13,2596.94,2569.63,2607.31,2569.63,5.61946634,41.7257202469
801230,2020-08-14,2593.45,2593.47,2596.88,2549.82,4.89596794,36.20765555
801230,2020-08-17,2624.62,2598.45,2625.97,2584.75,5.7175404,41.312026341999996
801230,2020-08-18,2677.34,2632.81,2686.31,2629.15,6.4486667,48.843283360200004
801230,2020-08-19,2640.55,2674.6,2674.6,2636.25,6.8475802,50.1393418869
801230,2020-08-20,2603.51,2626.69,2636.65,2597.53,6.18090546,41.4503369428
801230,2020-08-21,2628.93,2606.72,2639.98,2606.72,5.14494306,40.464528812
801230,2020-08-24,2652.77,2633.25,2659.56,2605.28,4.10679237,34.6796601205
801230,2020-08-25,2613.81,2653.19,2653.19,2603.41,4.30070271,36.4664638449
801230,2020-08-26,2580.25,2612.09,2652.57,2566.8,4.65332424,39.6634739598
801230,2020-08-27,2599.08,2590.45,2602.1,2570.47,3.60680705,29.3397031289
801230,2020-08-28,2612.17,2593.55,2615.39,2561.06,3.51936023,28.3290338346
801230,2020-08-31,2612.19,2627.84,2651.78,2612.19,3.9200332,32.2220447052
801230,2020-09-01,2609.99,2610.28,2610.44,2578.35,3.84959908,32.4460117279
801230,2020-09-02,2590.44,2613.61,2621.76,2571.62,3.93117027,30.738302640700002
801230,2020-09-03,2556.03,2587.03,2587.03,2554.32,3.58706804,28.2661979346
801230,2020-09-04,2543.53,2517.0,2546.37,2506.34,3.3991602,26.4196835054
801230,2020-09-07,2497.79,2548.07,2562.23,2493.12,3.894228,31.711973033099998
801230,2020-09-08,2504.2,2495.96,2510.29,2464.23,3.96944731,29.1338062695
801230,2020-09-09,2428.46,2483.34,2497.29,2428.45,4.85640689,35.6080286783
801230,2020-09-10,2369.95,2445.66,2454.88,2368.34,4.56221431,31.6862142729
801230,2020-09-11,2402.88,2358.39,2407.71,2358.39,3.50236874,23.2781134002
801230,2020-09-14,2426.0,2421.34,2440.41,2404.94,3.38587754,26.3358852769
801230,2020-09-15,2440.51,2431.45,2440.51,2410.1,3.61883599,29.059689111500003
801230,2020-09-16,2406.0,2447.96,2450.36,2395.74,3.19382159,25.86564531
801230,2020-09-17,2419.92,2404.32,2432.48,2386.56,3.55258211,26.68869652
801230,2020-09-18,2445.77,2419.45,2447.77,2403.41,3.88945187,28.00290672
801230,2020-09-21,2433.83,2449.56,2462.14,2427.52,3.5065988,25.73144173
801230,2020-09-22,2401.4,2405.41,2429.22,2396.65,3.51897851,24.11553572
801230,2020-09-23,2420.27,2403.08,2422.37,2401.53,3.14932097,33.92213619
801230,2020-09-24,2354.2,2405.48,2406.1,2353.53,3.31545699,30.67213118
801230,2020-09-25,2352.88,2363.36,2383.36,2350.61,2.93096188,28.82427955
801230,2020-09-28,2328.84,2359.88,2359.88,2325.05,2.26519481,23.44248267
801230,2020-09-29,2341.91,2335.96,2365.59,2332.62,2.3710301,21.38271348
801230,2020-09-30,2331.6,2344.87,2347.95,2319.97,2.02196775,17.94471908
801230,2020-10-09,2432.07,2364.42,2439.3,2360.33,3.37900824,28.55515212
801230,2020-10-12,2508.53,2458.39,2510.21,2456.89,4.30519035,37.24868554
801230,2020-10-13,2500.7,2509.7,2509.9,2486.23,2.96057074,27.53862013
801230,2020-10-14,2497.47,2500.49,2516.76,2493.39,3.39093629,35.72483621
801230,2020-10-15,2457.08,2486.1,2486.49,2456.79,3.09081827,34.24366413
801230,2020-10-16,2466.08,2456.15,2481.82,2445.52,2.81407152,31.40926496
801230,2020-10-19,2448.91,2488.85,2490.14,2445.56,3.58226306,32.34281667
801230,2020-10-20,2457.56,2446.3,2457.56,2424.31,3.14408831,25.36471188
801230,2020-10-21,2440.95,2456.9,2458.38,2421.7,3.14499823,29.24187664
801230,2020-10-22,2432.89,2436.43,2439.7,2418.23,2.63794748,26.25950152
801230,2020-10-23,2406.87,2432.27,2450.57,2404.34,2.46258709,24.86194627
801230,2020-10-26,2395.62,2400.64,2401.68,2367.43,2.15306805,20.2005506
801230,2020-10-27,2410.37,2390.0,2419.69,2389.09,2.15728031,23.56532206
801230,2020-10-28,2432.78,2413.04,2435.33,2390.82,2.53168756,24.52799175
801230,2020-10-29,2432.79,2410.38,2443.4,2405.09,2.77642043,28.39565422
801230,2020-10-30,2375.82,2439.82,2439.82,2371.51,2.88977434,28.42351102
801230,2020-11-02,2404.48,2381.6,2404.62,2370.3,2.76148731,26.83429731
801230,2020-11-03,2420.21,2411.51,2423.52,2399.57,2.52459872,25.68207506
801230,2020-11-04,2407.8,2414.61,2414.61,2386.39,2.34628306,24.7916942
801230,2020-11-05,2467.22,2427.62,2467.22,2425.85,3.71233278,34.01138746
801230,2020-11-06,2427.8,2473.52,2473.52,2415.24,2.96678316,29.08254397
801230,2020-11-09,2456.43,2436.87,2469.97,2436.87,3.59219158,33.55908643
801230,2020-11-10,2429.32,2459.21,2459.21,2416.6,3.11927472,28.0633259
801230,2020-11-11,2402.48,2427.6,2431.24,2402.48,2.64226058,26.12374938
801230,2020-11-12,2421.72,2401.34,2423.32,2400.56,2.59246798,24.81010317
801230,2020-11-13,2405.03,2417.94,2418.01,2388.53,2.40732422,21.24360467
801230,2020-11-16,2419.66,2405.6,2420.23,2395.58,3.43876794,25.31599995
801230,2020-11-17,2387.33,2416.42,2416.42,2373.91,3.38958571,26.68139182
801230,2020-11-18,2383.93,2378.82,2396.34,2377.71,3.03672924,27.69146578
801230,2020-11-19,2386.04,2378.77,2389.84,2362.33,2.46416749,23.27340718
801230,2020-11-20,2414.46,2386.74,2416.03,2386.71,3.00699521,25.64837104
801230,2020-11-23,2440.78,2419.34,2453.46,2411.35,3.79703765,31.57857854
801230,2020-11-24,2427.33,2448.89,2455.18,2417.43,3.29137765,26.36933025
801230,2020-11-25,2412.09,2440.24,2447.99,2411.94,3.34982524,27.03452574
801230,2020-11-26,2375.9,2412.92,2416.66,2359.81,2.74789362,26.49753061
801230,2020-11-27,2371.12,2376.91,2380.36,2346.64,2.50645301,22.17257241
801230,2020-11-30,2358.13,2376.93,2391.49,2355.49,2.86166837,23.5851485
801230,2020-12-01,2391.28,2358.36,2393.94,2354.24,2.58728528,21.90854942
801230,2020-12-02,2389.44,2389.91,2397.11,2380.1,3.14603841,25.80585719
801230,2020-12-03,2397.4,2388.71,2400.69,2374.01,3.10565394,22.58299813
801230,2020-12-04,2400.41,2392.44,2402.11,2384.01,2.55081221,19.76010378
801230,2020-12-07,2398.83,2399.06,2409.29,2392.91,2.94141121,23.06643143
801230,2020-12-08,2408.42,2393.69,2418.77,2393.69,2.74263886,21.22281581
801230,2020-12-09,2377.17,2414.93,2414.93,2376.34,2.812013,21.51459286
801230,2020-12-10,2387.53,2371.38,2403.24,2360.62,3.38085205,25.20603308
801230,2020-12-11,2350.51,2390.76,2393.4,2338.73,4.35182688,31.95713249
801230,2020-12-14,2361.6,2355.46,2361.99,2333.89,3.69943157,26.36980801
801230,2020-12-15,2323.88,2353.28,2353.28,2318.3,3.34869734,24.02629786
801230,2020-12-16,2308.97,2325.91,2325.91,2302.53,3.27285595,23.39717507
801230,2020-12-17,2332.13,2307.22,2335.3,2296.49,3.37982704,23.60041638
801230,2020-12-18,2359.06,2334.97,2359.06,2331.75,3.35735355,24.47405129
801230,2020-12-21,2378.39,2354.6,2384.01,2340.87,3.87252704,28.79653816
801230,2020-12-22,2350.14,2374.34,2397.97,2347.26,4.42822878,35.0428176
801230,2020-12-23,2385.42,2355.3,2389.63,2355.23,5.12562815,37.43844486
801230,2020-12-24,2338.6,2379.32,2379.61,2338.6,4.30182648,29.51417332
801230,2020-12-25,2356.41,2335.05,2358.97,2332.58,4.13018136,26.85387512
801230,2020-12-28,2337.05,2364.15,2364.15,2325.79,5.4454092,34.4950909
801230,2020-12-29,2349.93,2331.53,2363.77,2328.86,4.78181402,32.85678842
801230,2020-12-30,2384.67,2343.14,2399.62,2343.14,4.34583972,30.65435442
801230,2020-12-31,2397.44,2386.11,2404.31,2381.77,4.64284036,32.26638664
801230,2021-01-04,2436.44,2393.72,2441.68,2388.3,5.33480888,38.17190605
801230,2021-01-05,2444.61,2430.09,2447.94,2418.27,4.8978664,34.65248663
801230,2021-01-06,2424.13,2451.03,2470.28,2415.67,5.24432341,37.26553643
801230,2021-01-07,2408.75,2419.72,2426.6,2392.64,5.75122792,41.10926905
801230,2021-01-08,2379.03,2403.4,2410.4,2361.92,4.10855667,31.1234685
801230,2021-01-11,2323.28,2381.47,2382.81,2314.19,4.65208,33.0972966
801230,2021-01-12,2384.57,2319.22,2386.77,2319.22,3.27004982,26.88591958
801230,2021-01-13,2324.82,2394.33,2394.67,2323.29,4.5739489,34.07011493
801230,2021-01-14,2283.95,2306.79,2310.99,2274.78,3.97704346,29.64748482
801230,2021-01-15,2312.75,2280.87,2324.79,2280.87,3.68384745,27.78719522
801230,2021-01-18,2321.29,2303.38,2337.0,2303.33,3.12679944,26.76938473
801230,2021-01-19,2310.36,2319.89,2324.95,2303.64,3.64021879,25.90791763
801230,2021-01-20,2309.87,2308.95,2323.18,2298.01,2.85911861,21.32118488
801230,2021-01-21,2378.04,2315.73,2386.52,2315.57,5.06825753,37.43570331
801230,2021-01-22,2436.23,2371.93,2446.64,2371.93,5.45906694,42.06358232
801230,2021-01-25,2397.39,2424.54,2426.46,2375.42,4.58431054,39.70827432
801230,2021-01-26,2335.19,2388.76,2388.76,2326.63,3.66949145,29.38881862
801230,2021-01-27,2320.66,2328.67,2343.47,2308.5,2.72045803,21.38631814
801230,2021-01-28,2282.09,2288.32,2315.8,2279.1,2.67714649,21.19893828
801230,2021-01-29,2302.19,2299.61,2330.3,2276.1,3.41650673,27.56801681
801230,2021-02-01,2331.89,2290.37,2345.1,2278.18,2.93399562,22.75564073
801230,2021-02-02,2347.24,2326.98,2351.63,2326.83,2.96571381,23.37228503
801230,2021-02-03,2310.91,2346.26,2346.26,2310.91,3.98417522,35.45064549
801230,2021-02-04,2325.12,2306.32,2342.62,2286.48,4.3395359,35.36812353
801230,2021-02-05,2305.18,2316.07,2334.42,2299.62,3.86852622,31.60839498
801230,2021-02-08,2297.42,2287.47,2319.02,2265.14,3.1235228,24.83806152
801230,2021-02-09,2298.11,2290.06,2306.39,2277.17,2.73423285,22.87132042
801230,2021-02-10,2334.32,2296.97,2334.32,2278.34,2.5289321,23.22452098
801230,2021-02-18,2367.44,2358.05,2388.82,2344.61,3.49125021,30.14154744
801230,2021-02-19,2417.78,2352.99,2419.96,2352.76,4.35979669,36.34976057
801230,2021-02-22,2419.58,2425.18,2480.57,2419.55,6.42406346,53.84112945
801230,2021-02-23,2434.97,2416.47,2460.22,2409.21,5.3900653,52.34826009
801230,2021-02-24,2388.21,2440.17,2444.76,2376.49,4.71359918,46.00253256
801230,2021-02-25,2351.71,2400.63,2401.3,2350.32,3.91390679,37.70024071
801230,2021-02-26,2306.72,2319.34,2343.03,2306.72,3.81556288,35.40672991
801230,2021-03-01,2323.44,2319.72,2330.46,2310.23,3.35233075,29.37635574
801230,2021-03-02,2281.53,2331.34,2332.28,2269.87,4.28360982,41.28293544
801230,2021-03-03,2319.72,2291.43,2321.07,2287.95,4.01678727,34.98231408
801230,2021-03-04,2315.35,2307.96,2328.96,2304.16,4.21731368,38.41428001
801230,2021-03-05,2340.34,2302.45,2359.48,2302.45,3.57694612,30.92052831
801230,2021-03-08,2306.65,2334.82,2370.72,2306.65,3.78435059,35.32350961
801230,2021-03-09,2255.18,2297.68,2304.63,2213.5,3.64621131,32.16552638
801230,2021-03-10,2263.14,2271.51,2298.03,2259.73,2.86892209,26.80030192
801230,2021-03-11,2296.0,2267.61,2297.61,2256.4,2.69134006,23.99249907
801230,2021-03-12,2285.53,2298.79,2306.92,2262.76,3.17882568,25.43476367
801230,2021-03-15,2296.01,2271.99,2296.01,2260.22,3.24778816,24.24977518
801230,2021-03-16,2318.54,2286.66,2324.61,2285.32,2.73783904,24.46498952
801230,2021-03-17,2335.51,2323.41,2340.77,2303.44,2.65732564,26.60580573
801230,2021-03-18,2334.75,2336.78,2343.09,2314.78,3.1212101,30.18129135
801230,2021-03-19,2348.93,2331.89,2370.36,2329.95,2.95052749,32.67289444
801230,2021-03-22,2382.34,2349.98,2384.44,2342.03,3.85710226,36.06601767
801230,2021-03-23,2375.55,2376.5,2384.81,2359.81,4.41294347,39.73907139
801230,2021-03-24,2399.9,2361.2,2413.03,2361.2,4.12449392,38.15472114
801230,2021-03-25,2386.86,2389.8,2398.09,2362.63,3.58900375,30.46572655
801230,2021-03-26,2401.81,2380.66,2402.39,2378.82,3.10585988,28.7708642
801230,2021-03-29,2380.42,2397.74,2397.74,2369.5,3.12520824,27.84275988
801230,2021-03-30,2385.52,2371.36,2387.0,2355.5,2.78724321,24.04077298
801230,2021-03-31,2401.91,2377.36,2401.91,2360.56,2.99940656,23.8388911
801230,2021-04-01,2403.19,2400.15,2408.34,2386.59,2.56834367,21.8241703
801230,2021-04-02,2408.81,2406.87,2418.64,2398.08,2.70867827,23.7306048
801230,2021-04-06,2436.89,2411.05,2442.77,2409.55,2.98957366,27.99937637
801230,2021-04-07,2491.7,2440.98,2491.7,2435.7,4.25940736,42.51501731
801230,2021-04-08,2465.24,2483.42,2496.34,2461.12,3.65628366,36.47824997
801230,2021-04-09,2495.82,2466.36,2496.28,2466.36,3.12935955,34.02221338
801230,2021-04-12,2462.22,2492.16,2494.71,2456.12,3.35000586,35.10998789
801230,2021-04-13,2469.64,2463.0,2486.14,2463.0,3.32706427,36.39538007
801230,2021-04-14,2471.0,2470.23,2480.31,2455.75,2.58798638,29.54610687
801230,2021-04-15,2476.33,2463.04,2479.14,2452.66,2.43819966,26.35591021
801230,2021-04-16,2508.97,2484.18,2512.66,2481.45,3.4071351,39.09000527
801230,2021-04-19,2501.0,2500.77,2532.56,2500.0,3.46327313,39.603786
801230,2021-04-20,2543.68,2489.55,2559.94,2489.55,4.95546913,54.59614211
801230,2021-04-21,2529.74,2533.74,2539.67,2515.38,4.01460671,41.68542893
801230,2021-04-22,2542.41,2544.41,2547.95,2529.53,3.58000128,38.64321306
801230,2021-04-23,2537.04,2549.83,2549.99,2519.77,3.35729453,35.24220184
801230,2021-04-26,2522.26,2530.09,2556.01,2518.84,3.12996786,34.50039464
801230,2021-04-27,2509.53,2512.01,2529.01,2498.55,3.28701392,36.7808469
801230,2021-04-28,2537.16,2511.16,2539.98,2508.27,3.31310375,37.99222714
801230,2021-04-29,2519.9,2528.08,2534.54,2512.54,3.17251069,38.75548857
801230,2021-04-30,2503.75,2514.0,2526.18,2490.43,2.80725635,32.87732677
801230,2021-05-06,2526.12,2498.4,2533.19,2498.4,3.60251648,34.60899453
801230,2021-05-07,2473.55,2525.54,2531.06,2471.19,3.22921612,34.21475388
801230,2021-05-10,2496.36,2482.71,2510.89,2480.04,3.08901968,32.91449997
801230,2021-05-11,2476.2,2485.7,2485.7,2436.96,3.05848983,32.36440197
801230,2021-05-12,2509.32,2462.51,2512.67,2447.55,3.15906673,27.52770808
801230,2021-05-13,2501.23,2488.63,2515.36,2488.63,3.7639783,29.33629793
801230,2021-05-14,2535.45,2500.75,2535.53,2500.75,3.6272871,32.0241328
801230,2021-05-17,2519.46,2540.6,2556.0,2516.61,3.20301765,34.2112665
801230,2021-05-18,2522.12,2529.52,2529.57,2506.26,2.60678074,25.86975366
801230,2021-05-19,2531.17,2503.97,2532.41,2497.8,4.50035539,31.42723367
801230,2021-05-20,2516.35,2511.82,2535.08,2503.84,4.22392392,29.49027256
801230,2021-05-21,2525.46,2523.61,2534.35,2515.7,3.03439974,23.23650749
801230,2021-05-24,2532.11,2528.11,2547.75,2526.75,3.4896458,29.12343354
801230,2021-05-25,2552.96,2531.9,2558.1,2531.76,3.38205829,27.54202937
801230,2021-05-26,2553.95,2560.87,2560.87,2536.15,3.20982949,27.681466
801230,2021-05-27,2556.42,2563.98,2574.07,2541.05,4.52129538,35.36399789
801230,2021-05-28,2558.05,2554.54,2567.51,2553.07,4.82294574,35.43665856
801230,2021-05-31,2569.74,2554.29,2571.53,2534.59,4.33202511,37.73568581
801230,2021-06-01,2564.86,2565.35,2571.5,2547.88,4.35539594,36.3475286
801230,2021-06-02,2585.07,2557.99,2602.4,2550.93,4.52812895,40.26321554
801230,2021-06-03,2577.53,2588.91,2601.81,2574.63,4.14776314,34.47133061
801230,2021-06-04,2579.47,2570.33,2590.8,2551.9,4.25620428,35.66499023
801230,2021-06-07,2615.26,2590.34,2623.77,2590.19,5.6467695,49.49861682
801230,2021-06-08,2626.2,2624.2,2652.37,2611.35,7.72909768,75.0005349
801230,2021-06-09,2649.6,2630.34,2656.61,2630.34,7.14407286,73.8085646
801230,2021-06-10,2695.57,2659.31,2702.8,2655.24,5.94237296,62.38645769
801230,2021-06-11,2727.6,2719.07,2747.94,2702.19,5.76914172,70.17978376
801230,2021-06-15,2716.61,2756.53,2756.53,2690.62,5.98987423,68.94778878
801230,2021-06-16,2660.43,2707.27,2711.78,2656.82,5.36692295,61.8752055
801230,2021-06-17,2731.99,2672.55,2734.49,2659.59,5.03593039,61.79621282
801230,2021-06-18,2765.49,2739.17,2772.18,2726.59,4.94785051,59.67903857
801230,2021-06-21,2781.52,2759.43,2808.29,2752.83,5.65488122,66.04790636
801230,2021-06-22,2811.61,2780.13,2811.61,2757.59,4.83176059,53.97829579
801230,2021-06-23,2824.17,2809.35,2828.44,2809.35,4.06810897,46.52218019
801230,2021-06-24,2847.28,2836.83,2860.8,2828.28,4.27868178,48.60454166
801230,2021-06-25,2841.55,2840.17,2852.13,2820.91,3.7261346,46.48830301
801230,2021-06-28,2817.25,2845.29,2863.28,2805.79,4.22629812,56.83184534
801230,2021-06-29,2800.39,2813.74,2836.03,2752.17,4.75554844,61.64649063
801230,2021-06-30,2823.23,2781.03,2831.49,2765.84,3.45720539,41.83692989
801230,2021-07-01,2749.55,2833.28,2833.28,2749.55,3.55260686,45.67435429
801230,2021-07-02,2711.49,2745.95,2755.92,2707.67,3.02455383,39.14082834
801230,2021-07-05,2717.73,2727.53,2748.25,2703.37,3.54148141,45.09336511
801230,2021-07-06,2724.82,2739.75,2756.73,2702.92,4.14769656,52.87479313
801230,2021-07-07,2744.05,2705.4,2754.49,2701.43,3.35878175,45.54892614
801230,2021-07-08,2803.5,2760.75,2829.13,2760.75,4.09798651,55.64027544
801230,2021-07-09,2841.64,2799.93,2846.48,2787.21,4.32301526,61.71573592
801230,2021-07-12,2953.58,2883.94,2953.77,2865.25,4.32348048,68.75366648
801230,2021-07-13,2947.77,2921.04,2956.78,2902.51,5.49928702,60.69327848
801230,2021-07-14,2920.91,2967.75,2967.75,2916.24,4.39070687,51.99290269
801230,2021-07-15,2908.88,2910.63,2929.58,2871.35,4.7118031,48.29386968
801230,2021-07-16,2864.18,2896.57,2898.93,2864.18,3.54244516,40.16162718
801230,2021-07-19,2824.26,2866.22,2866.48,2804.02,3.66352611,48.09944248
801230,2021-07-20,2841.21,2808.23,2863.99,2808.17,3.07120225,38.06475722
801230,2021-07-21,2878.36,2847.85,2886.12,2847.85,4.01397716,49.54861806
801230,2021-07-22,2927.7,2891.65,2942.08,2881.2,4.81316056,60.53956741
801230,2021-07-23,2835.41,2939.65,2939.65,2830.35,4.8438993,60.04791718
801230,2021-07-26,2812.03,2832.85,2837.01,2780.25,4.16826554,45.95160465
801230,2021-07-27,2724.47,2827.41,2834.72,2724.24,3.97077759,47.03925815
801230,2021-07-28,2652.56,2689.59,2709.01,2613.11,4.96599281,58.73559999
801230,2021-07-29,2725.05,2710.09,2732.63,2706.02,3.54164489,44.87625159
801230,2021-07-30,2713.16,2724.12,2756.2,2694.15,3.88906125,51.99484938
801230,2021-08-02,2773.6,2734.82,2775.36,2727.74,4.1855651,51.14568153
801230,2021-08-03,2786.23,2754.26,2806.95,2736.38,3.59525342,46.80653474
801230,2021-08-04,2826.11,2782.57,2826.11,2756.44,3.46113248,45.01689765
801230,2021-08-05,2861.53,2843.41,2869.32,2812.21,4.12850417,52.92527402
801230,2021-08-09,2863.89,2884.03,2884.61,2826.1,3.6476409,45.3984742
801230,2021-08-10,2893.16,2853.82,2901.72,2846.98,3.92927033,54.0979427
801230,2021-08-11,2873.42,2879.67,2893.08,2845.31,3.41103297,45.26428325
801230,2021-08-12,2862.38,2860.95,2878.88,2837.8,3.31720607,40.0664012
801230,2021-08-13,2885.25,2852.93,2930.51,2850.25,4.89656941,45.92779851
801230,2021-08-16,2834.08,2863.11,2863.5,2829.58,4.97186585,44.83415067
801230,2021-08-17,2803.2,2839.23,2863.66,2785.72,5.28875195,49.59172358
801230,2021-08-18,2811.66,2794.89,2844.23,2794.79,3.51955174,36.66769429
801230,2021-08-19,2903.49,2803.91,2926.7,2803.91,3.88095393,44.39987156
801230,2021-08-20,2899.79,2915.77,2937.89,2840.53,3.98519295,50.65639187
801230,2021-08-23,2916.22,2886.9,2923.34,2861.65,3.95584628,45.40801088
801230,2021-08-24,2967.41,2911.37,2977.35,2908.79,3.64096494,44.76887771
801230,2021-08-25,3020.29,2979.74,3022.99,2960.3,3.86124883,49.54486296
801230,2021-08-26,2925.75,3008.28,3008.39,2918.25,5.02471405,52.09133381
801230,2021-08-27,2963.65,2917.86,2973.54,2887.95,4.63540998,45.24726313
801230,2021-08-30,2961.74,2960.3,3009.9,2932.55,5.3937228,50.21941876
801230,2021-08-31,2999.41,2953.92,2999.41,2936.16,6.23711103,54.49402037
801230,2021-09-01,2928.95,3020.39,3020.45,2906.26,6.45347216,63.5321102
801230,2021-09-02,2945.71,2915.66,2954.06,2915.66,4.72520396,47.72149726
801230,2021-09-03,2861.4,3009.01,3009.06,2855.63,6.99636095,76.88269611
801230,2021-09-06,2855.98,2844.9,2859.38,2787.06,5.88430347,80.98750155
801230,2021-09-07,2927.05,2861.49,2931.03,2850.53,5.63937596,66.69766375
801230,2021-09-08,2901.18,2912.1,2927.48,2892.96,5.18485673,54.59172814
801230,2021-09-09,2880.41,2896.86,2918.74,2850.3,5.22718864,57.67481321
801230,2021-09-10,2809.89,2871.86,2871.86,2780.43,5.41370834,65.84333594
801230,2021-09-13,2787.89,2809.19,2809.19,2755.22,5.77587521,64.1841745
801230,2021-09-14,2834.79,2786.33,2864.62,2775.22,6.20514809,78.18325771
801230,2021-09-15,2829.38,2826.11,2862.25,2818.4,5.99509298,76.20730199
801230,2021-09-16,2746.87,2824.34,2824.34,2746.87,5.40507797,60.01651595
801230,2021-09-17,2774.54,2744.41,2786.97,2712.13,4.89869275,55.15774541
801230,2021-09-22,2818.39,2733.54,2818.39,2733.54,4.35409422,57.09922799
801230,2021-09-23,2813.45,2805.11,2831.57,2804.99,4.06730391,46.52846383
801230,2021-09-24,2761.72,2807.52,2807.7,2761.72,3.82337631,43.33786649
801230,2021-09-27,2649.46,2758.1,2758.1,2642.58,5.08439413,52.32534948
801230,2021-09-28,2629.24,2631.32,2643.17,2616.54,3.62589542,36.64576648
801230,2021-09-29,2568.73,2614.22,2614.45,2556.95,3.56881113,39.32053954
801230,2021-09-30,2635.01,2582.24,2638.14,2581.95,3.04423584,33.80327304
801230,2021-10-11,2630.13,2661.86,2672.52,2623.86,3.65430555,41.87952106
801230,2021-10-12,2560.35,2618.17,2620.07,2526.75,3.73553274,41.33488359
801230,2021-10-13,2626.88,2586.9,2626.88,2564.77,3.09045803,35.63374185
801230,2021-10-14,2627.53,2614.01,2639.77,2591.82,2.72698677,31.12508147
801230,2021-10-15,2629.93,2638.42,2655.06,2601.53,3.2059823,38.29759048
801230,2021-10-18,2653.31,2628.23,2655.91,2608.28,3.25773138,39.1782387
801230,2021-10-19,2616.56,2653.38,2653.38,2612.37,3.02875027,36.06888268
801230,2021-10-20,2646.51,2609.49,2657.78,2601.59,3.40700043,43.12535181
801230,2021-10-21,2611.19,2640.05,2640.15,2599.91,4.1860022,58.3705941
801230,2021-10-25,2653.44,2603.38,2656.52,2603.38,4.23964432,62.18882777
801230,2021-10-26,2668.69,2691.64,2715.76,2662.73,4.90857213,78.25990829
801230,2021-10-27,2641.6,2658.32,2675.11,2601.71,4.73868088,72.08131094
801230,2021-10-28,2655.64,2634.38,2682.36,2633.46,4.52017223,68.31701794
801230,2021-10-29,2672.24,2653.62,2683.07,2592.18,3.53674387,49.98490338
801230,2021-11-01,2667.87,2678.78,2682.4,2641.97,3.18138857,45.18834824
801230,2021-11-02,2622.69,2657.86,2677.53,2591.29,4.32058163,59.12559901
801230,2021-11-03,2607.31,2597.94,2622.39,2591.93,3.09433595,45.42321257
801230,2021-11-04,2651.86,2603.73,2658.32,2599.83,3.34155653,47.83870305
801230,2021-11-05,2614.07,2647.87,2656.9,2612.21,3.70930209,55.2449861
801230,2021-11-08,2656.64,2603.66,2663.7,2603.66,3.78608723,57.36715051
801230,2021-11-09,2695.55,2674.86,2695.55,2659.37,4.32738945,67.31227728
801230,2021-11-10,2653.67,2670.91,2670.96,2621.95,4.13657939,61.61791437
801230,2021-11-11,2646.34,2645.41,2663.39,2639.92,3.89089972,54.17434851
801230,2021-11-12,2630.13,2639.22,2639.35,2600.11,3.76644637,52.33863708
801230,2021-11-15,2621.82,2632.33,2633.3,2595.97,3.96855204,52.3902909
801230,2021-11-16,2600.25,2618.62,2632.32,2599.6,4.34659335,47.24028758
801230,2021-11-17,2619.46,2600.45,2620.75,2600.3,3.9814629,47.01089344
801230,2021-11-18,2593.59,2610.01,2610.41,2583.07,3.58159335,43.68612369
801230,2021-11-19,2597.6,2591.4,2601.05,2568.19,3.29104809,42.84016962
801230,2021-11-22,2621.79,2595.19,2634.29,2595.19,3.58054492,49.50138317
801230,2021-11-23,2601.94,2623.89,2623.89,2599.12,3.01662382,39.16991895
801230,2021-11-24,2618.71,2607.39,2621.42,2601.76,4.30828848,45.90408345
801230,2021-11-25,2593.78,2616.31,2616.36,2586.64,4.96050499,50.8163655
801230,2021-11-26,2596.3,2592.72,2615.35,2585.5,4.43328231,46.64924617
801230,2021-11-29,2592.68,2565.59,2610.99,2565.59,4.3356859,47.29880785
801230,2021-11-30,2599.28,2599.65,2613.18,2570.29,4.05702272,44.61120633
801230,2021-12-01,2595.94,2589.76,2596.93,2579.92,3.69555987,41.41476732
801230,2021-12-02,2570.77,2594.81,2603.21,2569.5,4.23256326,47.9002941
801230,2021-12-03,2579.19,2571.88,2581.59,2561.4,3.89011275,43.06643959
801230,2021-12-06,2531.32,2577.99,2577.99,2527.08,4.49219987,46.30355332
801230,2021-12-07,2529.03,2542.48,2542.92,2514.94,3.82171668,38.8533887
801230,2021-12-08,2542.52,2537.17,2545.28,2526.9,3.70098748,33.91028927
801230,2021-12-09,2585.3,2539.24,2589.19,2536.05,3.84478396,39.86200398
801230,2021-12-10,2603.63,2566.24,2610.15,2566.24,4.78805337,46.38159253
801230,2021-12-13,2591.51,2602.58,2606.23,2585.54,3.12670052,20.84046719
801230,2021-12-14,2606.3,2588.32,2618.16,2585.95,3.17981848,20.42688762
801230,2021-12-15,2645.56,2612.19,2645.56,2608.65,3.89961047,23.80079775
801230,2021-12-16,2682.32,2655.85,2682.55,2655.75,4.29179757,24.7980432
801230,2021-12-17,2669.78,2688.09,2695.69,2669.78,4.99587616,31.15938269
801230,2021-12-20,2648.47,2665.87,2673.93,2648.26,5.10984079,29.37902631
801230,2021-12-21,2702.97,2652.02,2703.68,2647.09,6.17876408,31.02975814
801230,2021-12-22,2716.66,2709.04,2723.01,2689.12,5.71438278,33.53325591
801230,2021-12-23,2675.61,2716.74,2716.74,2674.01,5.57911078,32.04098593
801230,2021-12-24,2612.47,2653.77,2660.72,2603.25,5.29292655,28.28320853
801230,2021-12-27,2650.19,2606.22,2663.4,2606.16,3.73653042,22.59987425
801230,2021-12-28,2671.99,2669.75,2674.47,2661.24,3.59162708,21.46716771
801230,2021-12-29,2684.22,2699.37,2701.11,2683.8,4.20564929,28.20894799
801230,2021-12-30,2716.06,2700.91,2727.03,2694.3,5.17100323,43.32990297
801230,2021-12-31,2728.43,2722.15,2759.65,2720.0,5.66820471,49.5407638
801230,2022-01-04,2815.08,2757.97,2815.53,2755.32,6.56123961,36.08044941
801230,2022-01-05,2765.84,2826.97,2826.97,2748.91,5.546207,40.48056017
801230,2022-01-06,2789.65,2760.22,2804.93,2759.57,5.80609503,38.16340116
801230,2022-01-07,2754.7,2788.87,2800.2,2754.28,5.86977454,39.21500557
801230,2022-01-10,2762.24,2759.7,2768.93,2740.38,4.7380029,31.94740661
801230,2022-01-11,2755.71,2763.83,2781.45,2748.99,4.50856514,31.44326502
801230,2022-01-12,2773.23,2753.8,2776.15,2745.03,3.9157117,27.51109238
801230,2022-01-13,2777.25,2769.69,2789.99,2768.52,4.19951161,29.31773072
801230,2022-01-14,2773.93,2781.48,2789.82,2760.58,6.7034737,47.6301639
801230,2022-01-17,2809.39,2773.98,2822.09,2773.57,6.00683124,48.51144172
801230,2022-01-18,2749.55,2803.14,2807.12,2747.71,6.23130546,44.22816849
801230,2022-01-19,2769.7,2735.18,2771.32,2735.18,4.41982062,35.19751748
801230,2022-01-20,2717.68,2788.12,2788.12,2717.33,5.37070845,47.39545146
801230,2022-01-21,2703.86,2713.41,2721.59,2679.47,4.78212573,42.96366528
801230,2022-01-24,2663.49,2684.12,2684.12,2658.11,3.1073219,21.97934295
801230,2022-01-25,2527.91,2635.76,2638.47,2527.91,4.15069949,27.80430502
801230,2022-01-26,2553.47,2537.39,2558.99,2524.26,2.78462048,20.72397564
801230,2022-01-27,2506.93,2559.76,2559.76,2506.93,3.34764942,26.80149214
801230,2022-01-28,2547.38,2514.59,2568.65,2507.63,3.09036992,22.36679827
801230,2022-02-07,2579.71,2542.59,2589.18,2536.22,3.92020679,24.18578578
801230,2022-02-08,2662.71,2582.41,2663.14,2578.03,4.58690426,29.27815786
801230,2022-02-09,2702.44,2664.22,2704.36,2661.14,3.78990286,28.81349722
801230,2022-02-10,2681.51,2702.18,2702.25,2664.96,3.51273714,25.19021636
801230,2022-02-11,2645.0,2675.43,2682.46,2641.17,3.77483157,26.52616024
801230,2022-02-14,2667.31,2646.9,2688.01,2646.9,3.79090406,29.40443863
801230,2022-02-15,2660.31,2671.3,2680.65,2641.99,3.80927698,29.97232116
801230,2022-02-16,2695.03,2662.97,2696.07,2662.31,3.67326598,29.80039417
801230,2022-02-17,2665.33,2695.88,2700.51,2662.06,4.25957192,34.45014169
801230,2022-02-18,2711.89,2658.53,2713.53,2656.82,4.03791019,29.94607703
801230,2022-02-21,2764.11,2713.68,2764.11,2709.41,4.07226008,32.04036366
801230,2022-02-22,2730.51,2746.46,2748.42,2719.88,4.15854689,31.87830933
801230,2022-02-23,2777.84,2738.44,2778.62,2738.4,4.88157202,35.73456261
801230,2022-02-24,2689.77,2761.19,2772.29,2664.58,5.80252109,42.54932436
801230,2022-02-25,2725.54,2705.84,2738.56,2705.8,5.04173667,32.82796447
801230,2022-02-28,2765.01,2751.13,2765.43,2721.52,5.79231735,34.74574942
801230,2022-03-01,2793.59,2765.64,2796.51,2762.16,6.68587092,37.34862871
801230,2022-03-02,2807.34,2788.72,2808.76,2785.83,5.73274411,32.70818899
801230,2022-03-04,2794.17,2817.93,2830.68,2787.99,6.92082886,41.58064374
801230,2022-03-07,2815.95,2812.82,2834.39,2794.8,5.18585343,37.339195
801230,2022-03-08,2777.28,2871.49,2871.49,2751.55,7.13691715,67.83295024
801230,2022-03-09,2718.02,2739.64,2769.66,2622.77,7.55621573,67.02257792
801230,2022-03-10,2770.94,2735.06,2788.27,2724.72,5.96005638,55.91314836
801230,2022-03-11,2791.85,2735.82,2800.84,2714.62,6.8906537,64.50817115
801230,2022-03-14,2720.04,2794.67,2820.69,2720.04,6.33268556,55.23590858
801230,2022-03-15,2584.45,2695.3,2706.37,2584.45,6.45760447,47.52152394
801230,2022-03-16,2647.18,2616.67,2650.38,2530.22,6.17612988,47.70634919
801230,2022-03-17,2668.84,2650.98,2721.37,2648.7,5.80291204,49.06092316
801230,2022-03-18,2729.26,2656.84,2729.26,2651.63,4.93627942,37.52453578
801230,2022-03-21,2789.62,2752.49,2789.62,2752.49,5.7370366,46.6595739
801230,2022-03-22,2795.09,2785.08,2813.95,2766.19,5.53750927,45.05365258
801230,2022-03-24,2803.99,2800.71,2822.86,2791.04,6.3691706,52.35372507
801230,2022-03-25,2814.69,2802.61,2850.23,2802.14,6.7774867,49.75038687
801230,2022-03-28,2799.5,2798.64,2823.14,2760.12,5.9592537,42.34957319
801230,2022-03-29,2783.83,2800.56,2812.09,2770.53,6.02062368,39.26707158
801230,2022-03-30,2821.78,2772.8,2823.16,2762.64,7.11716333,43.33177881
801230,2022-04-01,2846.44,2815.13,2849.07,2809.49,6.54256339,40.30875207
801230,2022-04-06,2878.88,2853.17,2882.94,2853.17,7.66359973,44.7866674
801230,2022-04-07,2795.65,2862.99,2872.61,2793.84,6.40716882,40.38009858
801230,2022-04-08,2785.98,2786.55,2800.72,2738.79,6.02429611,38.83502902
801230,2022-04-11,2701.77,2792.54,2792.54,2693.09,6.01698893,37.46655061
801230,2022-04-12,2749.45,2699.41,2753.2,2680.92,4.86144169,28.42834688
801230,2022-04-13,2709.03,2752.72,2757.16,2709.03,6.80798537,40.27602202
801230,2022-04-15,2682.14,2735.33,2735.33,2669.59,5.10808952,30.84360111
801230,2022-04-18,2691.86,2657.4,2700.14,2643.02,3.98032864,24.16586085
801230,2022-04-19,2705.07,2692.51,2723.68,2691.46,4.98938564,29.47081437
801230,2022-04-20,2671.31,2697.3,2718.59,2660.2,4.99905592,29.02967667
801230,2022-04-21,2577.14,2668.8,2672.21,2573.05,6.4857058,33.87437173
801230,2022-04-22,2583.68,2570.83,2608.81,2557.61,6.49176924,32.88492247
801230,2022-04-25,2406.04,2543.5,2547.98,2405.46,8.33716914,36.43048771
801230,2022-04-26,2366.13,2383.8,2450.11,2363.33,7.51035801,31.00770769
801230,2022-04-27,2438.81,2320.68,2439.3,2305.11,8.23634149,34.94784745
801230,2022-04-28,2427.63,2444.9,2468.55,2399.03,6.73311653,33.74878854
801230,2022-04-29,2464.78,2430.51,2488.27,2430.51,10.37914589,47.75144805
801230,2022-05-06,2462.14,2440.48,2493.78,2425.94,4.45378662,25.89237202
801230,2022-05-10,2539.18,2491.67,2553.13,2483.67,5.68713839,34.91823821
801230,2022-05-11,2508.89,2535.32,2569.26,2508.84,5.454957,35.53197238
801230,2022-05-12,2516.28,2484.34,2528.01,2483.23,5.14851448,30.56055528
801230,2022-05-13,2531.82,2505.35,2531.82,2491.11,5.51029099,32.63312362
801230,2022-05-16,2577.86,2538.93,2578.45,2532.41,6.44952155,38.90030136
801230,2022-05-17,2558.76,2573.25,2573.7,2531.92,7.34552151,46.50662985
801230,2022-05-18,2568.05,2546.38,2597.07,2546.38,9.76600368,47.32016349
801230,2022-05-19,2573.77,2522.59,2585.28,2522.59,7.22317083,35.61033948
801230,2022-05-20,2637.89,2603.57,2637.89,2599.57,7.59190959,40.59754223
801230,2022-05-23,2692.0,2666.98,2701.38,2664.98,8.39369448,43.95732151
801230,2022-05-24,2549.67,2695.22,2696.02,2549.67,11.01056265,53.88264453
801230,2022-05-25,2568.56,2505.38,2571.12,2505.36,8.20852021,41.93974169
801230,2022-05-26,2548.04,2571.15,2571.46,2525.23,6.96784953,34.08908352
801230,2022-05-27,2543.62,2550.61,2557.62,2519.61,6.26321528,29.85704628
801230,2022-05-30,2558.51,2559.09,2562.76,2530.97,5.7228044,27.35197198
801230,2022-05-31,2575.2,2543.86,2577.11,2543.86,5.0224465,26.70945136
801230,2022-06-01,2584.68,2567.15,2594.06,2559.32,5.58671917,30.91376611
801230,2022-06-02,2572.84,2576.57,2579.03,2553.8,5.2546105,29.66537229
801230,2022-06-06,2591.8,2581.5,2596.43,2568.07,4.77173435,27.7358241
801230,2022-06-07,2607.35,2592.44,2607.37,2579.91,4.78980573,29.48082347
801230,2022-06-08,2613.06,2613.81,2621.45,2563.03,6.3587112,32.59646752
801230,2022-06-09,2582.11,2610.96,2611.51,2571.64,5.48380135,29.95774194
801230,2022-06-10,2615.52,2569.6,2624.19,2568.25,5.37152435,32.2362146
801230,2022-06-13,2602.62,2605.13,2619.77,2577.86,5.46041003,33.7231903
801230,2022-06-14,2631.73,2584.2,2631.97,2560.46,5.78012045,36.6404997
801230,2022-06-15,2608.23,2619.41,2639.8,2602.91,5.79115305,36.86268013
801230,2022-06-16,2589.57,2605.94,2613.54,2579.64,5.12733789,31.42136203
801230,2022-06-17,2579.74,2571.78,2590.91,2554.18,4.43738779,26.05056733
801230,2022-06-20,2593.13,2578.63,2598.85,2576.21,4.86167789,28.29346664
801230,2022-06-21,2602.22,2594.22,2611.46,2571.83,5.37579273,35.9690968
801230,2022-06-22,2594.81,2601.52,2634.14,2592.29,5.13238034,35.00268444
801230,2022-06-23,2660.86,2599.28,2660.86,2585.47,7.25553408,41.71973982
801230,2022-06-24,2682.87,2658.11,2694.55,2648.93,6.91745195,42.46209702
801230,2022-06-27,2678.66,2690.39,2694.11,2672.57,5.81472411,39.32208246
801230,2022-06-28,2690.36,2673.13,2691.84,2664.76,6.39669982,37.90610174
801230,2022-06-29,2652.85,2680.81,2704.63,2651.16,6.58734224,39.25289078
801230,2022-06-30,2688.48,2667.31,2708.85,2666.91,5.74050589,36.26042486
801230,2022-07-01,2678.49,2679.24,2686.59,2650.23,6.25435254,39.33180315
801230,2022-07-04,2660.11,2659.44,2669.22,2655.68,5.07943917,33.37083006
801230,2022-07-05,2662.29,2656.51,2663.28,2630.01,4.8105259,32.22987693
801230,2022-07-06,2657.92,2650.07,2661.93,2631.06,5.77173732,31.38607143
801230,2022-07-07,2706.94,2671.12,2714.46,2661.14,8.75488419,42.11500276
801230,2022-07-08,2690.98,2708.66,2723.69,2690.98,8.42755754,42.08122857
801230,2022-07-11,2679.61,2683.21,2683.21,2662.57,5.7791854,32.6898034
801230,2022-07-12,2634.08,2673.59,2673.59,2629.7,5.08184698,27.62869861
801230,2022-07-13,2666.16,2633.29,2670.91,2633.29,4.46562398,24.43346925
801230,2022-07-14,2681.3,2681.05,2685.81,2653.11,6.38556006,34.7449551
801230,2022-07-15,2607.12,2649.18,2649.18,2602.0,7.04582396,39.4654814
801230,2022-07-18,2672.33,2598.72,2672.33,2598.72,5.2746427,28.5134174
801230,2022-07-19,2692.01,2676.68,2698.74,2675.67,5.87960326,32.71616673
801230,2022-07-20,2717.63,2695.62,2717.63,2688.77,5.307234,29.36776444
801230,2022-07-21,2708.51,2712.68,2731.3,2691.66,5.21320942,29.39369281
801230,2022-07-22,2723.01,2708.07,2732.4,2705.64,5.62250885,30.29131445
801230,2022-07-25,2709.15,2729.71,2743.58,2706.44,4.63562158,24.87839967
801230,2022-07-26,2754.36,2722.82,2755.47,2709.16,5.39721222,27.32960569
801230,2022-07-27,2736.95,2761.41,2761.83,2731.83,5.71921237,26.43771769
801230,2022-07-28,2757.31,2747.64,2773.89,2747.64,5.2048991,29.45605228
801230,2022-07-29,2738.36,2762.06,2767.83,2737.25,6.24690978,34.49315212
801230,2022-08-01,2723.2,2734.22,2734.22,2708.53,2.90148518,18.16055314
801230,2022-08-02,2614.1,2702.46,2702.46,2601.88,4.3286164,27.80654597
801230,2022-08-03,2594.51,2607.88,2659.87,2593.27,3.47073232,22.42477267
801230,2022-08-04,2623.67,2596.06,2623.94,2579.1,3.54833876,23.02117908
801230,2022-08-05,2641.08,2626.28,2642.51,2608.84,2.85352174,18.41268457
801230,2022-08-08,2667.81,2619.17,2668.98,2611.98,2.87802466,19.12119924
801230,2022-08-09,2668.47,2666.95,2680.04,2652.14,2.92827753,20.12591188
801230,2022-08-10,2667.64,2664.97,2672.28,2659.65,2.88185891,20.10147205
801230,2022-08-11,2734.34,2708.07,2735.12,2707.9,3.29913167,26.08771374
801230,2022-08-12,2774.14,2766.61,2779.65,2751.64,3.63307632,26.38892592
801230,2022-08-15,2800.51,2798.97,2805.09,2775.94,3.67500645,25.19220492
801230,2022-08-16,2831.05,2804.79,2831.05,2803.58,3.71168778,26.13717619
801230,2022-08-17,2842.37,2837.51,2842.37,2818.48,3.06900647,22.80522847
801230,2022-08-18,2838.93,2834.88,2848.36,2822.92,2.68832658,19.31413232
801230,2022-08-19,2832.39,2839.28,2857.16,2830.44,2.77051422,19.40977477
801230,2022-08-22,2868.29,2823.58,2871.26,2809.47,2.7184704,18.43220328
801230,2022-08-23,2903.95,2873.99,2920.66,2870.29,3.38060603,23.48331801
801230,2022-08-24,2868.23,2908.84,2927.41,2853.71,3.74439081,25.37562835
801230,2022-08-25,2838.62,2858.08,2870.62,2799.84,3.16014633,22.54479221
801230,2022-08-26,2854.08,2843.03,2863.87,2831.6,2.57144101,18.19435507
801230,2022-08-29,2880.46,2825.36,2887.68,2803.27,2.74444526,18.88110482
801230,2022-08-30,2872.16,2878.15,2889.7,2862.36,2.52751526,17.77306023
801230,2022-08-31,2804.17,2863.99,2867.47,2804.17,2.43611757,16.10780519
801230,2022-09-01,2795.42,2809.46,2832.27,2789.26,2.18470629,14.58024185
801230,2022-09-02,2833.13,2813.28,2840.37,2809.98,2.10519088,15.02953394
801230,2022-09-05,2853.99,2837.86,2857.78,2831.75,2.62856105,18.68325724
801230,2022-09-06,2871.75,2854.77,2871.75,2842.14,2.32765138,16.10939539
801230,2022-09-07,2876.11,2862.88,2879.32,2858.77,2.54107071,19.05122983
801230,2022-09-08,2877.73,2875.61,2896.49,2872.26,2.36207818,16.50239081
801230,2022-09-09,2895.18,2874.44,2896.53,2857.75,2.20452295,15.96145243
801230,2022-09-13,2888.2,2899.58,2909.57,2881.33,2.13535076,15.55970004
801230,2022-09-14,2871.68,2856.89,2872.89,2842.75,2.20185604,15.59653471
801230,2022-09-15,2811.88,2882.47,2884.83,2786.52,2.7404437,18.88790831
801230,2022-09-16,2732.25,2812.24,2812.36,2732.25,2.60308342,17.88313505
801230,2022-09-19,2676.1,2717.37,2725.42,2658.37,2.15322653,13.20438889
801230,2022-09-20,2717.81,2689.46,2730.81,2689.27,1.72563831,11.38940928
801230,2022-09-21,2737.2,2708.65,2744.65,2676.03,1.63217663,10.53100447
801230,2022-09-22,2731.2,2718.1,2748.99,2718.1,1.66206755,11.56462063
801230,2022-09-23,2735.52,2766.08,2776.61,2724.01,2.29505084,14.54130666
801230,2022-09-26,2677.77,2707.75,2725.46,2668.18,2.4804043,14.88566489
801230,2022-09-27,2737.51,2691.98,2737.51,2676.13,2.13083333,13.7079632
801230,2022-09-28,2669.79,2730.69,2730.88,2668.21,1.8107175,11.61563696
801230,2022-09-29,2680.88,2704.01,2727.26,2664.5,2.47682719,14.15879529
801230,2022-09-30,2658.38,2663.69,2685.21,2647.05,1.90927638,11.09479646
801230,2022-10-10,2618.04,2668.44,2703.24,2614.53,2.2304296,12.15414793
801230,2022-10-11,2668.92,2620.78,2668.92,2608.24,2.21637238,11.54338615
801230,2022-10-12,2731.66,2661.44,2731.9,2653.87,2.68854964,14.81894039
801230,2022-10-13,2741.13,2723.53,2755.61,2720.5,1.76757801,11.05745097
801230,2022-10-14,2722.91,2716.44,2746.74,2697.43,3.23114838,16.74221449
801230,2022-10-17,2761.03,2719.98,2772.36,2719.98,2.42689671,13.30576645
801230,2022-10-18,2825.49,2767.63,2859.3,2753.16,3.22295759,17.14035688
801230,2022-10-19,2802.31,2813.86,2828.88,2797.88,2.85577175,17.0944785
801230,2022-10-20,2844.48,2799.09,2884.03,2772.91,3.03809247,17.30639438
801230,2022-10-21,2871.69,2853.23,2902.07,2834.36,3.28548997,18.23555415
801230,2022-10-24,2808.36,2868.27,2891.37,2789.28,3.75322248,19.95442962
801230,2022-10-25,2782.17,2788.83,2789.94,2699.51,3.3932297,18.10891388
801230,2022-10-26,2807.03,2763.39,2807.03,2759.22,2.99354439,16.6172095
801230,2022-10-27,2829.79,2814.18,2859.44,2784.4,3.5709006,18.92107042
801230,2022-10-28,2714.99,2812.11,2812.11,2707.68,2.82025112,15.72078895
801230,2022-10-31,2685.81,2691.21,2715.7,2664.99,2.67852112,14.2661467
801230,2022-11-01,2789.72,2687.78,2789.72,2682.47,2.97774422,16.43926092
801230,2022-11-02,2831.27,2769.68,2877.7,2769.68,4.03055344,20.80219341
801230,2022-11-03,2827.12,2806.16,2847.87,2806.16,2.85390834,15.95678473
801230,2022-11-04,2903.78,2827.34,2933.64,2827.01,3.44846774,18.72458366
801230,2022-11-07,2934.35,2889.75,2941.04,2889.75,3.82475283,23.65030354
801230,2022-11-08,2908.45,2931.78,2933.26,2892.12,2.74875012,18.75914597
801230,2022-11-09,2931.0,2902.15,2941.08,2892.51,2.44477395,14.881276
801230,2022-11-10,2974.86,2906.45,2977.14,2905.63,3.18311011,18.82697118
801230,2022-11-11,2957.07,3028.22,3031.91,2951.24,4.9232451,28.22810448
801230,2022-11-14,2914.18,2958.74,2959.43,2909.84,2.9814177,18.12402683
801230,2022-11-15,2957.27,2920.11,2957.27,2920.11,2.97768206,17.82632887
801230,2022-11-16,2974.8,2957.75,2987.66,2952.07,3.52647157,19.53319875
801230,2022-11-17,2971.18,2968.2,2973.99,2947.03,2.95608501,17.25840436
801230,2022-11-18,2943.51,2967.71,2992.43,2943.51,3.38992479,19.49381487
801230,2022-11-21,2898.63,2926.3,2926.3,2887.2,2.94767384,18.13573951
801230,2022-11-22,2909.92,2910.03,2932.55,2894.72,3.18915379,20.95987927
801230,2022-11-23,2891.36,2910.51,2910.55,2858.75,3.13543895,21.1723539
801230,2022-11-24,2895.44,2887.13,2903.58,2876.71,2.66605056,18.86100419
801230,2022-11-25,2887.84,2892.82,2916.16,2886.85,2.8566902,18.239194
801230,2022-11-28,2875.04,2861.34,2887.2,2832.24,3.13001833,17.96985348
801230,2022-11-29,2948.13,2890.32,2952.69,2885.4,4.95003266,29.12464988
801230,2022-11-30,2949.64,2948.81,2970.28,2943.48,4.54194241,28.1566375
801230,2022-12-01,2961.25,2993.97,3018.63,2961.2,5.03033948,33.90226983
801230,2022-12-02,2990.05,2967.01,2990.31,2958.48,3.72601038,27.4922198
801230,2022-12-05,3070.09,3020.78,3086.53,3018.59,5.22007997,33.32756481
801230,2022-12-06,3087.59,3063.88,3134.4,3049.44,4.83002648,30.44952134
801230,2022-12-07,3148.02,3112.44,3185.33,3112.44,6.5692033,39.12740576
801230,2022-12-08,3133.67,3145.86,3145.86,3089.95,5.42858295,34.78752501
801230,2022-12-09,3112.2,3142.58,3155.23,3082.3,4.52497324,27.08494218
801230,2022-12-12,3110.71,3102.38,3142.93,3092.18,4.16653059,24.73495814
801230,2022-12-13,3153.45,3119.36,3203.55,3094.42,6.66970088,37.25126315
801230,2022-12-14,3160.8,3157.18,3186.33,3131.45,5.50274594,31.08987955
801230,2022-12-15,3102.29,3184.54,3188.86,3102.29,4.41912318,24.91956223
801230,2022-12-16,3077.13,3084.96,3099.37,3063.34,3.66318737,21.150749
801230,2022-12-19,3008.66,3069.85,3074.32,2994.04,3.59097485,19.89173156
801230,2022-12-20,2984.0,2999.64,3013.19,2971.15,2.48362273,14.04961888
801230,2022-12-21,2983.8,2982.88,3007.0,2971.65,2.30342333,13.78683071
801230,2022-12-22,2978.4,2994.84,3029.86,2963.71,3.25285528,19.33264573
801230,2022-12-23,2993.74,2948.6,3010.88,2948.6,2.82290684,16.87756054
801230,2022-12-26,3050.42,3002.34,3081.89,3002.34,3.92557741,22.56244202
801230,2022-12-27,3055.1,3075.48,3075.48,3015.94,3.3384299,20.21474917
801230,2022-12-28,3020.64,3041.66,3049.03,3013.75,2.44424172,15.03777539
801230,2022-12-29,2990.82,3026.65,3027.41,2990.57,2.52185001,17.8396774
801230,2022-12-30,3016.74,3000.45,3017.0,2990.74,2.26743897,15.85700163
801230,2023-01-03,3028.17,3015.43,3029.49,2979.0,3.38859551,22.08751759
801230,2023-01-04,3036.54,3019.69,3058.99,3016.72,3.06149987,21.00923266
801230,2023-01-05,3063.46,3041.35,3068.53,3022.05,3.11789677,22.48016925
801230,2023-01-06,3018.78,3056.09,3056.09,3015.01,3.03563472,20.4003973
801230,2023-01-09,3037.59,3016.51,3041.44,3016.51,2.26388998,16.10958836
801230,2023-01-10,3011.27,3041.33,3041.33,3005.05,2.30349699,15.59337194
801230,2023-01-11,2977.38,3021.99,3022.13,2977.38,2.90759857,20.08480102
801230,2023-01-12,2963.06,2978.37,2996.02,2955.41,2.19694604,15.5247844
801230,2023-01-13,2986.81,2974.25,2997.08,2967.11,2.43826407,15.03160125
801230,2023-01-16,3013.98,2996.15,3027.45,2996.11,2.74794699,16.55075693
801230,2023-01-17,2978.03,3009.13,3009.13,2964.43,2.11284349,14.07367755
801230,2023-01-18,2994.4,2980.43,2997.28,2976.41,2.09897269,13.9148752
801230,2023-01-19,2996.77,3000.66,3001.06,2971.33,2.50421294,14.94572197
801230,2023-01-20,3041.31,3005.3,3042.13,3000.62,2.59192477,15.76922912
801230,2023-01-30,3036.58,3077.82,3087.78,3031.36,3.33871729,20.27550029
801230,2023-01-31,3019.33,3025.95,3025.95,3001.25,2.7149144,16.54484288
801230,2023-02-01,3050.04,3025.53,3050.04,2991.44,3.07055764,19.2135422
801230,2023-02-02,3056.15,3046.09,3061.72,3032.81,3.02119436,20.63073721
801230,2023-02-03,3021.61,3049.6,3049.6,2995.85,2.75349087,17.61835315
801230,2023-02-06,3017.4,3036.01,3036.2,3010.03,2.61332291,18.61023912
801230,2023-02-07,3023.14,3017.79,3023.14,3002.5,2.64337579,16.94328525
801230,2023-02-08,3027.62,3018.13,3037.51,3017.34,3.30214526,21.00212502
801230,2023-02-09,3038.51,3024.0,3038.51,3011.92,2.96479197,18.69308522
801230,2023-02-10,3064.7,3046.49,3066.88,3044.28,2.75482279,17.14061625
801230,2023-02-13,3096.76,3065.47,3099.8,3064.86,2.70563521,18.39254314
801230,2023-02-14,3077.5,3095.6,3096.38,3071.7,2.31478674,15.74264904
801230,2023-02-15,3057.42,3083.19,3083.19,3051.15,2.88035297,20.20680023
801230,2023-02-16,2995.12,3052.15,3072.27,2977.43,3.52753085,23.18088221
801230,2023-02-17,2975.83,2993.45,3017.78,2969.87,2.48343158,15.86323472
801230,2023-02-20,3006.41,2969.81,3006.41,2965.84,2.48099767,14.80720428
801230,2023-02-21,3042.4,3007.84,3042.4,3007.34,3.14766646,17.79472552
801230,2023-02-22,3036.72,3032.83,3044.78,3020.69,2.17728594,13.64601489
801230,2023-02-23,3033.72,3044.11,3044.11,3025.67,2.22298,13.96678453
801230,2023-02-24,3031.92,3034.79,3048.06,3011.74,2.31619257,16.40300326
801230,2023-02-27,2997.43,3021.32,3025.04,2992.64,2.24624979,15.45542592
801230,2023-02-28,3020.47,2997.38,3020.47,2986.86,2.33379743,14.79902045
801230,2023-03-01,3027.17,3021.14,3031.59,3009.17,1.95726213,12.77360067
801230,2023-03-02,3014.66,3031.95,3031.95,3010.4,2.31984915,14.25818723
801230,2023-03-03,3040.54,3020.59,3044.51,3020.59,2.51647263,15.05783673
801230,2023-03-06,3028.16,3044.16,3044.16,3017.98,2.2194252,14.24258225
801230,2023-03-07,2962.17,3029.84,3030.1,2962.17,2.60624827,16.56869872
801230,2023-03-08,2985.5,2959.98,2986.23,2958.1,1.77431281,12.51846926
801230,2023-03-09,2971.54,2982.46,2985.82,2959.01,1.6658851,11.41589069
801230,2023-03-10,2925.68,2964.6,2965.03,2925.34,1.98126094,12.64856142
801230,2023-03-13,2929.3,2913.69,2940.31,2905.22,1.84375409,11.792313
801230,2023-03-14,2885.9,2926.99,2926.99,2862.51,2.11042817,13.17150078
801230,2023-03-15,2910.5,2896.42,2917.98,2896.42,1.49172736,9.20180128
801230,2023-03-16,2860.61,2898.38,2898.38,2858.36,1.69114058,10.55695263
801230,2023-03-17,2879.26,2879.28,2904.05,2870.32,1.80999117,10.6660675
801230,2023-03-20,2861.27,2888.35,2888.35,2856.09,2.10893959,12.31208106
801230,2023-03-21,2893.72,2865.41,2894.61,2860.24,1.58781069,9.7564832
801230,2023-03-22,2903.54,2904.63,2913.8,2893.61,1.6786196,10.54555955
801230,2023-03-23,2891.73,2898.9,2898.9,2876.92,1.89269211,11.60709479
801230,2023-03-24,2934.93,2893.04,2944.9,2886.32,2.8548985,15.55053874
801230,2023-03-27,2937.88,2934.59,2945.68,2906.22,2.40006628,13.35103408
801230,2023-03-28,2917.3,2941.2,2947.02,2914.49,2.21645416,12.8724167
801230,2023-03-29,2913.23,2924.09,2932.98,2904.94,2.13487075,12.68350471
801230,2023-03-30,2909.67,2920.38,2920.38,2896.52,2.34327105,15.04032796
801230,2023-03-31,2983.24,2937.28,2984.78,2937.28,3.27551679,19.95844143
801230,2023-04-03,3062.4,2993.22,3071.55,2993.22,4.37029861,25.1968898
801230,2023-04-04,3002.86,3050.69,3054.3,2996.41,3.38315576,19.44334714
801230,2023-04-06,3039.75,2998.03,3042.1,2986.26,3.29314806,19.46495857
801230,2023-04-07,3042.2,3038.85,3043.25,3021.94,2.73034849,16.95585493
801230,2023-04-10,2983.63,3046.37,3046.37,2975.83,2.77819354,17.10116073
801230,2023-04-11,2987.12,2982.15,2988.23,2965.5,2.39450528,15.19531008
801230,2023-04-12,3009.74,2998.24,3015.57,2988.66,2.419274,15.43191573
801230,2023-04-13,2980.25,3012.13,3012.13,2967.03,2.38854455,14.7149199
801230,2023-04-14,2980.16,2983.42,2997.0,2964.67,1.97149508,12.00715336
801230,2023-04-17,2990.63,2975.14,2992.57,2975.14,2.72490729,14.55730058
801230,2023-04-18,2955.98,2991.55,2991.55,2952.74,2.21190935,13.31389317
801230,2023-04-19,2931.42,2953.89,2953.89,2923.91,1.93160188,12.00330296
801230,2023-04-20,2935.07,2919.85,2935.07,2898.78,2.87579639,17.21736211
801230,2023-04-21,2863.23,2949.32,2951.78,2863.23,3.09772819,19.02682506
801230,2023-04-24,2857.21,2857.61,2866.71,2807.99,2.68801929,16.08606766
801230,2023-04-25,2822.42,2851.97,2857.01,2779.31,2.51812316,14.60667529
801230,2023-04-26,2828.07,2814.64,2840.12,2808.08,1.93817008,10.66000478
801230,2023-04-27,2823.47,2813.24,2837.59,2797.11,1.88526373,10.59516372
801230,2023-04-28,2854.01,2814.06,2854.01,2814.06,2.01781056,11.93316969
801230,2023-05-04,2827.22,2840.63,2853.45,2821.4,2.65936869,15.04086354
801230,2023-05-05,2822.04,2829.02,2829.02,2780.58,2.0933707,12.52756353
801230,2023-05-08,2803.14,2817.71,2819.03,2795.86,2.24026456,13.64494625
801230,2023-05-09,2763.04,2793.91,2800.52,2763.04,2.11182618,12.13123395
801230,2023-05-10,2777.2,2756.66,2783.45,2749.26,1.71718662,11.08009566
801230,2023-05-11,2795.88,2772.66,2804.95,2772.66,1.61902609,10.5227449
801230,2023-05-12,2760.71,2794.3,2795.88,2760.71,2.13689552,11.21098387
801230,2023-05-15,2787.13,2757.85,2790.72,2736.82,2.48600431,12.77996042
801230,2023-05-16,2759.46,2792.0,2792.06,2754.09,1.86442979,10.62047377
801230,2023-05-17,2768.29,2748.79,2768.77,2742.65,1.81160159,10.66052714
801230,2023-05-18,2760.47,2770.58,2773.87,2755.71,1.62103943,9.52569343
801230,2023-05-19,2763.98,2760.3,2774.96,2747.93,1.44800483,8.75601731
801230,2023-05-22,2762.96,2769.39,2769.39,2749.82,1.83543113,11.68973745
801230,2023-05-23,2757.62,2759.06,2781.4,2755.23,1.61427232,9.84017027
801230,2023-05-24,2739.99,2754.57,2766.66,2736.52,1.61180051,10.60278295
801230,2023-05-25,2740.14,2733.07,2751.39,2708.12,2.1788932,16.273316
801230,2023-05-26,2742.98,2734.55,2746.74,2707.18,1.7588006,14.00572691
801230,2023-05-29,2696.96,2744.22,2748.92,2696.73,1.61935608,11.39674521
801230,2023-05-30,2717.88,2690.28,2718.48,2677.28,1.58479366,10.22689874
801230,2023-05-31,2759.74,2715.04,2759.74,2712.94,2.41887407,14.13590738
801230,2023-06-01,2741.14,2745.24,2755.19,2722.4,2.0724022,14.35384953
801230,2023-06-02,2769.44,2734.35,2773.92,2734.35,2.07625107,12.78832444
801230,2023-06-05,2757.11,2756.4,2763.69,2746.41,1.75547403,11.32109516
801230,2023-06-06,2707.24,2757.38,2757.46,2704.47,1.61406752,9.85191716
801230,2023-06-07,2713.24,2710.99,2727.57,2704.98,1.59393196,9.29487411
801230,2023-06-08,2727.58,2713.42,2736.7,2711.59,2.25310647,12.76856162
801230,2023-06-09,2742.84,2731.33,2742.84,2721.19,2.33389318,14.88335435
801230,2023-06-12,2749.12,2735.79,2760.71,2719.36,3.12954835,18.93782958
801230,2023-06-13,2765.5,2751.73,2767.47,2747.68,2.79574082,19.88753521
801230,2023-06-14,2774.85,2768.13,2790.9,2767.1,3.41479751,25.81932143
801230,2023-06-15,2773.26,2765.28,2774.04,2745.56,3.04905474,20.53104505
801230,2023-06-16,2774.83,2777.78,2781.5,2764.9,2.4392307,18.40312872
801230,2023-06-19,2765.01,2772.13,2777.73,2760.35,2.29670825,16.36000544
801230,2023-06-20,2727.8,2769.29,2769.58,2727.8,2.49078752,16.30048302
801230,2023-06-21,2702.42,2726.78,2736.52,2697.76,1.99100318,12.99393411
801230,2023-06-26,2652.14,2688.21,2689.25,2649.49,1.96524553,11.03889849
801230,2023-06-27,2698.39,2648.69,2698.39,2647.88,1.73547081,10.06673973
801230,2023-06-28,2675.29,2693.97,2693.97,2648.15,1.71539836,10.04536753
801230,2023-06-29,2697.09,2671.7,2704.41,2671.7,2.08430536,12.54049422
801230,2023-06-30,2726.45,2704.86,2732.58,2699.65,2.48103453,14.37555685
801230,2023-07-03,2756.04,2730.62,2758.52,2730.62,2.37137639,13.24844862
801230,2023-07-04,2757.03,2750.27,2759.01,2744.79,1.89851616,11.43639855
801230,2023-07-05,2736.05,2755.02,2756.53,2736.03,1.61605258,9.71319915
801230,2023-07-06,2736.69,2738.29,2743.74,2727.53,1.56331882,10.46787397
801230,2023-07-07,2731.2,2735.05,2742.14,2710.09,1.63896406,11.18604818
801230,2023-07-10,2732.3,2735.67,2742.64,2727.33,1.68541716,10.41334845
801230,2023-07-11,2744.96,2734.68,2744.96,2714.05,1.38459407,8.95721611
801230,2023-07-12,2717.9,2742.06,2745.11,2715.2,1.56070646,10.83882723
801230,2023-07-13,2725.23,2721.41,2733.8,2714.82,1.40230448,8.91949551
801230,2023-07-14,2708.78,2727.47,2727.47,2707.45,1.45300495,9.27026465
801230,2023-07-17,2687.79,2696.36,2697.0,2650.3,1.44521659,9.05559181
801230,2023-07-18,2692.78,2692.47,2701.67,2678.62,1.22914682,7.6299893
801230,2023-07-19,2695.56,2689.05,2699.05,2679.48,1.25563486,8.01024007
801230,2023-07-20,2667.24,2697.06,2702.93,2665.0,1.42833363,9.94570619
801230,2023-07-21,2672.96,2664.18,2685.76,2661.19,1.43377496,8.63096874
801230,2023-07-24,2671.51,2670.53,2682.15,2656.45,1.14635878,7.14116275
801230,2023-07-25,2729.31,2687.11,2729.31,2687.11,1.976546,11.25580204
801230,2023-07-26,2745.99,2727.13,2745.99,2724.3,1.72457722,9.81130379
801230,2023-07-27,2739.14,2748.4,2756.86,2738.17,1.82121517,9.87899362
801230,2023-07-28,2779.84,2739.24,2784.16,2726.3,2.67040656,14.17756891
801230,2023-07-31,2831.51,2790.16,2831.51,2790.16,3.48920804,20.32288901
801230,2023-08-01,2843.28,2828.32,2850.62,2820.22,3.5375941,20.17887151
801230,2023-08-02,2841.41,2833.53,2852.72,2833.53,2.75897444,15.87785499
801230,2023-08-03,2838.14,2842.22,2842.22,2816.8,2.18235959,13.15658941
801230,2023-08-04,2829.05,2849.76,2853.89,2827.49,3.73749523,17.54803578
801230,2023-08-07,2805.12,2823.13,2823.13,2796.51,2.15020971,11.21353433
801230,2023-08-08,2785.95,2802.16,2802.16,2776.07,2.03323438,10.03909139
801230,2023-08-09,2753.11,2780.77,2782.89,2748.21,1.44030158,7.66499623
801230,2023-08-10,2759.72,2751.47,2763.7,2746.26,1.62336553,8.60769945
801230,2023-08-11,2721.35,2764.2,2767.74,2721.35,1.98535451,11.2254751
801230,2023-08-14,2722.84,2705.09,2722.84,2686.59,1.58471277,8.69767496
801230,2023-08-15,2719.56,2723.24,2733.64,2704.32,1.72459874,12.49554253
801230,2023-08-16,2705.58,2713.59,2738.83,2704.55,2.17071868,13.47098707
801230,2023-08-17,2722.28,2699.8,2724.01,2684.24,1.96743387,14.3146467
801230,2023-08-18,2683.11,2720.22,2732.45,2680.83,2.08311515,13.71653566
801230,2023-08-21,2667.11,2675.41,2697.41,2664.9,2.05300986,12.40979534
801230,2023-08-22,2650.94,2669.54,2670.4,2605.75,1.99343375,11.99472336
801230,2023-08-23,2616.55,2647.86,2647.86,2616.55,1.59060005,9.46498374
801230,2023-08-24,2603.18,2630.57,2630.57,2591.97,1.64114664,9.29715193
801230,2023-08-25,2566.93,2588.97,2615.3,2557.06,1.90500111,10.85080676
801230,2023-08-28,2624.55,2705.53,2705.53,2622.95,3.70186788,19.03695762
801230,2023-08-29,2674.19,2618.87,2676.0,2618.87,2.47233275,13.17100213
801230,2023-08-30,2655.58,2673.7,2680.42,2648.52,1.86316987,10.20606969
801230,2023-08-31,2612.86,2652.68,2652.68,2607.28,1.80712846,9.82962768
801230,2023-09-01,2625.32,2618.66,2630.37,2604.72,1.51719289,8.73595007
801230,2023-09-04,2664.67,2633.47,2665.91,2626.87,1.98823876,11.07128589
801230,2023-09-05,2647.02,2662.32,2662.32,2630.06,1.85298559,10.10532137
801230,2023-09-06,2653.15,2644.66,2656.8,2626.11,1.85020596,10.6486736
801230,2023-09-07,2614.41,2654.2,2656.26,2610.57,2.04304458,11.42038374
801230,2023-09-11,2656.36,2626.42,2662.2,2610.13,2.04129127,10.86526953
801230,2023-09-12,2641.51,2656.13,2658.6,2641.51,1.38792557,7.31144978
801230,2023-09-13,2629.16,2649.67,2654.85,2617.86,2.43506158,12.51394737
801230,2023-09-14,2606.31,2620.85,2620.85,2597.07,2.286441,11.27282466
801230,2023-09-15,2623.2,2610.77,2634.95,2601.33,2.01163056,10.2124379
801230,2023-09-18,2643.35,2620.25,2646.47,2603.51,1.9828266,10.48090715
801230,2023-09-19,2628.7,2639.74,2639.74,2624.68,1.87634324,9.13705473
801230,2023-09-20,2608.73,2626.05,2627.23,2608.06,1.58143393,7.67158454
801230,2023-09-21,2593.02,2609.21,2612.98,2587.87,1.47015933,7.32461303
801230,2023-09-22,2625.59,2593.63,2626.93,2586.65,1.76045483,8.67022702
801230,2023-09-25,2599.1,2618.89,2618.89,2595.54,1.66470646,8.70334318
801230,2023-09-26,2577.8,2591.53,2594.0,2577.74,1.44653987,7.37410124
801230,2023-09-27,2592.3,2578.23,2601.64,2572.01,1.54466879,8.33788147
801230,2023-09-28,2626.72,2597.48,2629.16,2597.48,1.61442875,8.73992091
801230,2023-10-09,2590.47,2624.85,2624.85,2585.13,2.10533809,11.63183274
801230,2023-10-10,2594.38,2594.09,2604.86,2586.26,1.75863759,9.56647172
801230,2023-10-11,2574.01,2594.73,2598.17,2568.81,1.65425872,8.88516468
801230,2023-10-12,2602.16,2574.04,2604.09,2574.04,1.68519784,10.00667088
801230,2023-10-13,2581.54,2596.91,2596.91,2567.18,1.63293137,9.33969876
801230,2023-10-16,2571.15,2580.56,2584.06,2566.73,1.79292202,10.42509093
801230,2023-10-17,2563.03,2570.73,2575.51,2561.77,1.4228559,8.934073
801230,2023-10-18,2524.69,2567.31,2567.31,2524.69,1.70673723,9.51261954
801230,2023-10-19,2494.08,2513.13,2530.02,2494.08,1.66224576,9.61964391
801230,2023-10-20,2487.39,2490.77,2508.75,2485.68,1.31922831,7.25597607
801230,2023-10-23,2411.28,2481.03,2481.03,2404.66,1.60152725,8.70663195
801230,2023-10-24,2447.82,2414.04,2450.22,2412.38,1.68276267,9.49941254
801230,2023-10-25,2492.46,2459.58,2494.79,2459.58,2.09201482,11.19886204
801230,2023-10-26,2497.18,2477.0,2500.43,2464.34,1.62726738,8.89364263
801230,2023-10-27,2546.73,2490.86,2551.53,2486.82,1.7263589,10.22783421
801230,2023-10-30,2595.12,2541.62,2599.9,2541.62,2.18398769,14.7208407
801230,2023-10-31,2591.8,2595.26,2607.56,2584.44,1.62279863,10.13376599
801230,2023-11-01,2589.42,2595.83,2598.05,2576.11,1.48253723,8.82375933
801230,2023-11-02,2571.16,2587.81,2594.24,2569.67,1.20714704,6.8725272
801230,2023-11-03,2563.1,2573.86,2586.41,2563.1,1.25617934,7.00794595
801230,2023-11-06,2585.38,2572.32,2586.49,2569.99,1.48618276,8.18856518
801230,2023-11-07,2594.74,2581.07,2600.62,2573.3,1.46799882,8.62912728
801230,2023-11-08,2595.84,2594.54,2612.21,2587.16,1.64151819,9.95100588
801230,2023-11-09,2577.03,2595.33,2600.3,2572.55,1.8645427,11.85431806
801230,2023-11-10,2578.66,2568.85,2580.09,2561.31,1.53394371,9.46911512
801230,2023-11-13,2600.54,2585.82,2602.09,2582.82,1.55194187,9.48698022
801230,2023-11-14,2607.8,2603.94,2610.29,2596.32,1.45401907,8.35330212
801230,2023-11-15,2619.32,2621.93,2630.33,2612.5,1.73090714,10.20547866
801230,2023-11-16,2606.53,2616.27,2619.57,2606.53,1.75821689,10.54039993
801230,2023-11-17,2635.79,2607.39,2637.7,2605.87,2.32554351,13.24405938
801230,2023-11-20,2653.26,2638.91,2657.1,2626.51,2.95428315,18.10234913
801230,2023-11-21,2652.91,2655.38,2672.36,2649.14,3.01056351,18.8107894
801230,2023-11-22,2657.74,2648.68,2678.11,2646.06,2.80039467,18.21602273
801230,2023-11-23,2679.41,2667.07,2683.57,2658.07,2.84429471,19.39949786
801230,2023-11-24,2663.8,2682.66,2682.66,2651.28,2.58108608,16.58443733
801230,2023-11-27,2641.45,2661.15,2661.67,2634.27,1.995301,12.51023849
801230,2023-11-28,2671.61,2638.49,2671.61,2627.03,2.01605414,12.22214913
801230,2023-11-29,2658.52,2674.13,2684.43,2655.96,1.96917716,11.72783609
801230,2023-11-30,2640.24,2658.34,2658.34,2627.52,1.93524149,11.5814499
801230,2023-12-01,2659.32,2647.08,2660.51,2643.02,2.21807835,13.45864789
801230,2023-12-04,2683.59,2657.76,2688.8,2656.0,2.37141416,13.90408108
801230,2023-12-05,2645.81,2683.58,2687.64,2645.81,2.22458135,13.25167391
801230,2023-12-06,2661.05,2640.36,2674.19,2640.36,2.89442148,18.67824591
801230,2023-12-07,2662.35,2661.45,2671.85,2641.89,3.36135491,22.48688498
801230,2023-12-08,2621.15,2656.99,2659.33,2620.54,2.84362974,17.64048804
801230,2023-12-11,2648.74,2617.76,2651.17,2601.59,2.43310334,15.43279268
801230,2023-12-12,2695.08,2661.85,2695.08,2654.07,3.03771026,21.04878223
801230,2023-12-13,2706.61,2700.43,2729.68,2700.43,3.48354125,26.1070988
801230,2023-12-14,2727.82,2711.53,2744.21,2711.53,3.81848947,28.72380008
801230,2023-12-15,2731.52,2723.07,2746.57,2723.07,4.04054772,33.62838197
801230,2023-12-18,2677.45,2717.53,2718.06,2668.83,3.91998742,28.8923051
801230,2023-12-19,2648.94,2671.97,2672.58,2630.9,3.30252115,21.79635001
801230,2023-12-20,2634.59,2654.31,2664.26,2632.34,3.78793262,24.03802535
801230,2023-12-21,2657.13,2623.94,2659.59,2609.97,3.83760414,23.61519875
801230,2023-12-22,2608.73,2650.54,2650.54,2599.67,3.76715639,22.66456166
801230,2023-12-25,2571.67,2603.86,2604.02,2555.32,2.73331372,15.26839837
801230,2023-12-26,2544.82,2565.19,2568.14,2541.05,2.54847109,15.43880266
801230,2023-12-27,2553.78,2542.09,2561.33,2514.06,2.19618451,13.49212249
801230,2023-12-28,2605.91,2551.76,2615.2,2532.92,2.73640291,16.52856536
801230,2023-12-29,2647.68,2604.92,2647.8,2604.22,2.42172407,14.5908817
801230,2024-01-02,2642.95,2653.07,2658.21,2640.7,2.13428277,12.66875645
801230,2024-01-03,2650.05,2636.33,2658.53,2635.12,2.1158002,12.51394931
801230,2024-01-04,2673.8,2664.9,2677.5,2657.21,2.01609226,13.61301119
801230,2024-01-05,2620.84,2672.84,2681.4,2619.91,4.04642041,25.06094366
801230,2024-01-08,2559.96,2613.93,2617.46,2559.96,3.05285178,17.00944044
801230,2024-01-09,2563.41,2555.2,2590.93,2548.68,2.53637969,13.96187753
801230,2024-01-10,2546.13,2563.0,2574.19,2531.65,2.10310359,12.02252976
801230,2024-01-11,2583.98,2541.69,2587.69,2541.69,2.0373767,11.83447843
801230,2024-01-12,2575.49,2580.96,2605.16,2570.92,2.03898732,11.5844114
801230,2024-01-15,2566.57,2566.71,2583.45,2556.54,1.69129433,10.35670777
801230,2024-01-16,2555.53,2568.91,2568.92,2528.15,1.92254992,12.24711541
801230,2024-01-17,2500.04,2557.58,2557.58,2500.04,1.79503007,11.73470839
801230,2024-01-18,2461.7,2486.5,2486.5,2392.49,2.48377286,13.92374398
801230,2024-01-19,2450.92,2459.85,2489.48,2450.44,1.62747947,11.28152643
801230,2024-01-22,2333.61,2447.93,2447.93,2303.57,2.7269804,19.23649903
801230,2024-01-23,2335.55,2314.13,2337.74,2276.92,2.26180448,15.0755962
801230,2024-01-24,2397.74,2344.02,2400.4,2317.19,2.61809628,16.24947901
801230,2024-01-25,2470.72,2403.06,2470.72,2398.01,2.82479944,20.75814189
801230,2024-01-26,2471.88,2461.56,2504.96,2461.56,2.7476515,20.39915079
801230,2024-01-29,2426.36,2473.15,2475.04,2423.37,2.4945297,20.26134838
801230,2024-01-30,2347.53,2404.42,2427.31,2344.04,1.84703956,12.09889196
801230,2024-01-31,2248.6,2321.51,2328.68,2238.79,2.7185182,18.08066538
801230,2024-02-01,2186.53,2213.32,2225.78,2160.84,2.64458941,16.2938109
801230,2024-02-02,2097.3,2167.98,2188.24,2036.21,3.3453491,17.03669049
801230,2024-02-05,1955.57,2070.1,2070.1,1927.39,3.5368476,14.63824974
801230,2024-02-06,1976.45,1890.99,2022.56,1856.35,4.27480206,17.34449057
801230,2024-02-07,1977.66,1979.48,1998.19,1949.68,4.01992473,17.56051689
801230,2024-02-08,2085.17,1964.35,2085.87,1964.35,4.68147124,19.45649487
801230,2024-02-19,2108.55,2105.88,2122.34,2077.84,4.01403823,17.29695317
801230,2024-02-20,2106.82,2103.1,2110.11,2075.98,2.5611252,11.42843229
801230,2024-02-21,2141.61,2097.66,2190.45,2095.33,3.47864337,15.86702404
801230,2024-02-22,2167.29,2141.83,2169.29,2134.97,2.99609549,13.68412605
801230,2024-02-23,2218.24,2177.08,2218.59,2163.05,3.08895278,14.49079355
801230,2024-02-26,2246.18,2224.9,2276.11,2223.38,3.55013316,17.44773545
801230,2024-02-27,2282.53,2237.34,2282.53,2234.34,2.90722077,14.60273157
801230,2024-02-28,2194.92,2290.24,2342.72,2193.87,4.93625567,25.05568333
801230,2024-02-29,2250.41,2171.72,2250.41,2171.72,3.38671696,16.63742328
801230,2024-03-01,2256.51,2256.84,2264.16,2230.51,2.67224555,13.00252123
801230,2024-03-04,2242.67,2255.68,2265.98,2218.16,2.45556796,12.04531062
801230,2024-03-05,2218.0,2236.04,2236.04,2209.48,2.1761999,10.73324031
801230,2024-03-06,2228.67,2216.15,2250.14,2201.21,2.2608916,10.76732868
801230,2024-03-07,2239.74,2233.32,2272.72,2232.52,3.03574982,15.49420228
801230,2024-03-08,2242.61,2244.56,2259.57,2230.2,2.63561448,13.98296554
801230,2024-03-11,2275.64,2247.97,2275.64,2231.5,2.37482958,11.93529334
801230,2024-03-12,2298.99,2278.99,2299.08,2264.94,2.62547374,13.66660089
801230,2024-03-13,2281.85,2299.57,2299.57,2272.64,2.06192475,10.72390449
801230,2024-03-14,2281.55,2286.77,2302.44,2258.81,2.35012579,11.78256112
801230,2024-03-15,2321.12,2280.58,2322.23,2278.77,2.49593236,12.10529449
801230,2024-03-18,2363.49,2336.6,2365.3,2324.09,2.54710862,13.37927054
801230,2024-03-19,2386.71,2366.01,2398.27,2365.46,2.76175658,15.9039915
801230,2024-03-20,2419.99,2387.04,2419.99,2381.05,2.43417195,14.27408984
801230,2024-03-21,2429.4,2421.96,2432.75,2401.36,3.02950375,18.11704201
801230,2024-03-22,2394.35,2424.23,2431.37,2382.33,3.21607659,20.13065569
801230,2024-03-25,2340.39,2399.95,2399.95,2339.12,3.26869202,23.88729163
801230,2024-03-26,2351.15,2334.4,2354.94,2311.64,2.01233703,11.03819683
801230,2024-03-27,2280.56,2347.75,2348.09,2280.56,1.81764389,9.22762241
801230,2024-03-28,2324.93,2289.15,2343.24,2289.15,2.71186224,16.91532845
801230,2024-03-29,2374.14,2343.51,2374.14,2343.51,2.96944673,15.10479392
801230,2024-04-01,2405.06,2380.16,2408.36,2380.16,3.42205247,16.99608309
801230,2024-04-02,2414.02,2412.01,2428.14,2399.59,3.1609704,16.31289312
801230,2024-04-03,2409.34,2417.55,2417.55,2391.82,3.81882314,19.94004875
801230,2024-04-08,2385.06,2395.28,2404.91,2378.28,4.32456066,23.79055665
801230,2024-04-09,2412.8,2374.99,2412.93,2371.5,4.13738355,23.60715264
801230,2024-04-10,2375.42,2412.12,2416.68,2364.35,4.01529365,23.97995511
801230,2024-04-11,2381.84,2364.16,2400.91,2362.08,3.46326432,21.37473922
801230,2024-04-12,2355.28,2385.45,2388.45,2352.36,3.60311744,21.95880485
801230,2024-04-15,2238.15,2328.65,2328.65,2217.69,4.27004554,21.78763896
801230,2024-04-16,2100.4,2208.26,2208.26,2100.4,3.20938358,15.78270446
801230,2024-04-17,2178.14,2092.78,2184.12,2092.78,3.67010638,17.13876084
801230,2024-04-18,2166.09,2177.46,2189.75,2146.59,2.73605312,12.87066837
801230,2024-04-19,2145.74,2156.27,2187.68,2136.99,2.22953997,10.5585908
801230,2024-04-22,2093.11,2144.3,2144.3,2093.1,2.3281139,10.86209542
801230,2024-04-23,2081.72,2098.3,2098.3,2063.68,1.93590366,8.92765261
801230,2024-04-24,2096.56,2085.89,2096.56,2069.56,2.05467118,9.28890118
801230,2024-04-25,2110.34,2090.49,2129.46,2086.39,2.00671923,9.04291472
801230,2024-04-26,2154.71,2092.59,2156.25,2092.59,3.1049292,14.25730557
801230,2024-04-29,2204.57,2141.52,2204.57,2141.52,2.56051384,11.75155637
801230,2024-04-30,2171.11,2185.86,2194.52,2165.05,2.11144127,9.7027999
801230,2024-05-06,2218.71,2193.42,2218.86,2192.03,2.93522378,13.26493319
801230,2024-05-07,2218.38,2219.48,2219.68,2199.81,2.67063572,12.05779051
801230,2024-05-08,2205.24,2221.09,2235.13,2205.24,2.84440854,13.89878808
801230,2024-05-09,2235.21,2210.84,2248.94,2210.84,2.67818202,14.21861356
801230,2024-05-10,2235.99,2246.27,2246.27,2212.72,3.45915667,19.02945742
801230,2024-05-13,2219.96,2221.55,2227.55,2194.84,3.40059331,19.15704869
801230,2024-05-14,2227.39,2210.74,2231.9,2210.74,3.01658044,16.55982435
801230,2024-05-15,2205.69,2217.38,2228.6,2199.75,2.83181439,14.16484996
801230,2024-05-16,2213.32,2206.08,2229.39,2206.08,2.955263,13.70678623
801230,2024-05-17,2242.01,2215.14,2242.25,2193.94,2.9630938,14.4120969
801230,2024-05-20,2246.14,2249.25,2260.51,2237.73,3.17391748,15.81603419
801230,2024-05-21,2217.29,2238.45,2238.45,2206.34,2.34333949,11.30878135
801230,2024-05-22,2212.2,2211.15,2234.17,2210.03,1.8891088,9.15686401
801230,2024-05-23,2165.1,2208.29,2208.29,2161.91,2.8446282,11.20963974
801230,2024-05-24,2146.81,2161.24,2179.12,2145.92,2.51580903,10.31032985
801230,2024-05-27,2145.24,2153.89,2153.89,2117.89,2.12044473,8.8590682
801230,2024-05-28,2109.38,2136.84,2136.84,2102.99,2.38101607,9.4479022
801230,2024-05-29,2111.45,2098.1,2140.83,2098.1,1.91127895,7.42830654
801230,2024-05-30,2084.44,2111.58,2113.17,2079.86,2.6451041,9.3092901
801230,2024-05-31,2069.96,2085.26,2094.05,2068.45,2.30869887,8.2959787
801230,2024-06-03,2004.68,2061.37,2061.37,1990.71,3.1128569,10.18292847
801230,2024-06-04,2001.59,1993.18,2004.16,1968.69,2.34426283,7.70214971
801230,2024-06-05,1967.82,1992.46,2005.78,1965.21,3.0642499,8.30049398
801230,2024-06-06,1883.9,1967.81,1974.04,1876.02,3.56412194,12.04191274
801230,2024-06-07,1916.52,1896.3,1926.61,1889.21,2.95880128,9.51403624
801230,2024-06-11,1918.2,1907.77,1924.6,1888.13,2.19236563,7.28920833
801230,2024-06-12,1930.67,1913.34,1935.95,1913.34,1.97875431,6.50136151
801230,2024-06-13,1885.4,1911.93,1916.15,1881.12,2.12478212,6.77273096
801230,2024-06-14,1893.63,1881.34,1903.45,1871.08,1.87861639,6.59222988
801230,2024-06-17,1859.24,1889.42,1889.42,1856.14,1.54537538,5.58881029
801230,2024-06-18,1888.83,1864.88,1888.83,1864.88,1.84116879,5.68730052
801230,2024-06-19,1877.29,1892.01,1897.16,1873.1,1.80669419,5.41275246
801230,2024-06-20,1829.93,1877.49,1877.49,1826.99,2.26857084,6.17835493
801230,2024-06-21,1809.13,1825.24,1838.1,1808.93,3.0299732,6.21536048
801230,2024-06-24,1745.84,1795.06,1806.8,1741.47,2.78440539,7.32050956
801230,2024-06-25,1754.87,1744.78,1769.89,1739.8,2.82456139,6.09761551
801230,2024-06-26,1788.12,1752.49,1791.56,1738.73,2.61589016,5.88619395
801230,2024-06-27,1757.91,1789.38,1793.57,1756.43,2.51459352,6.10470227
801230,2024-06-28,1764.94,1751.23,1784.33,1747.99,2.68097623,5.98429376
801230,2024-07-01,1794.17,1773.75,1798.18,1762.69,1.4969475,5.27258502
801230,2024-07-02,1820.26,1805.24,1828.24,1795.75,1.7321109,5.93178268
801230,2024-07-03,1830.7,1832.89,1851.64,1829.35,3.55403195,7.65972904
801230,2024-07-04,1782.91,1823.57,1824.12,1771.65,4.21748767,8.49957179
801230,2024-07-05,1796.27,1779.25,1801.16,1764.05,2.99035108,6.24710317
801230,2024-07-08,1743.11,1790.23,1790.23,1736.69,2.18422351,5.62722841
801230,2024-07-09,1754.25,1745.12,1761.06,1705.6,2.66537545,7.61474669
801230,2024-07-10,1739.35,1743.59,1761.67,1729.73,2.46333287,7.21344733
801230,2024-07-11,1796.36,1763.71,1799.11,1761.47,2.76882472,8.64355001
801230,2024-07-12,1797.1,1796.36,1816.43,1786.48,2.9923457,8.83832483
801230,2024-07-15,1773.1,1796.87,1796.87,1771.03,2.29340596,7.24398283
801230,2024-07-16,1787.59,1772.87,1790.99,1765.34,2.84803097,9.90236601
801230,2024-07-17,1802.92,1798.67,1813.6,1798.0,3.29488633,11.38222766
801230,2024-07-18,1819.84,1802.77,1819.94,1787.35,4.17464363,15.95775493
801230,2024-07-19,1808.55,1809.11,1824.98,1796.95,4.82914007,17.70082969
801230,2024-07-22,1788.15,1794.37,1801.9,1779.43,3.79784782,13.3856397
801230,2024-07-23,1761.96,1781.87,1795.81,1759.95,4.01583692,14.27637564
801230,2024-07-24,1726.6,1751.94,1751.94,1726.07,3.23698314,11.73574772
801230,2024-07-25,1742.76,1719.37,1753.3,1713.54,3.18444873,12.14001443
801230,2024-07-26,1772.49,1747.93,1774.11,1747.93,3.08670463,10.79012704
801230,2024-07-29,1808.61,1782.3,1811.92,1771.94,3.38904427,12.10256997
801230,2024-07-30,1833.58,1816.83,1837.47,1815.16,4.29186907,17.79192254
801230,2024-07-31,1896.8,1832.85,1899.27,1832.85,4.87241342,18.73944461
801230,2024-08-01,1877.53,1889.37,1897.2,1868.05,4.12976784,14.30000035
801230,2024-08-02,1881.69,1866.46,1901.3,1862.29,3.73237032,12.04481712
801230,2024-08-05,1861.26,1873.14,1907.38,1855.75,5.16713935,14.7695853
801230,2024-08-06,1880.62,1870.9,1880.98,1855.92,3.63781911,11.20907282
801230,2024-08-07,1868.01,1876.58,1876.58,1858.84,2.53054557,7.78180108
801230,2024-08-08,1887.29,1865.12,1892.8,1863.31,3.02219159,8.96195707
801230,2024-08-09,1867.97,1889.54,1902.92,1867.97,3.11430857,9.55691452
801230,2024-08-12,1849.47,1858.72,1862.91,1842.12,2.94831953,8.48283532
801230,2024-08-13,1865.03,1845.78,1865.03,1830.91,2.06522249,6.25294441
801230,2024-08-14,1842.45,1865.86,1868.04,1842.32,1.8028815,5.31689996
801230,2024-08-15,1846.32,1837.62,1861.34,1823.51,2.53985025,7.03345381
801230,2024-08-16,1828.2,1848.39,1848.52,1825.35,2.06094762,6.63998629
801230,2024-08-19,1829.0,1828.88,1842.89,1822.7,2.06813104,5.8692481
801230,2024-08-20,1797.63,1830.62,1830.62,1789.4,2.00935172,5.9469574
801230,2024-08-21,1794.46,1792.92,1807.91,1786.71,1.49897063,4.66548768
801230,2024-08-22,1775.62,1802.47,1802.52,1774.83,1.6095504,4.50903063
801230,2024-08-23,1773.61,1779.21,1785.96,1760.9,2.0109489,6.42417534
801230,2024-08-26,1792.93,1762.17,1802.24,1762.17,1.75391381,5.7737417
801230,2024-08-27,1776.87,1792.08,1799.23,1772.71,1.44965063,4.79587441
801230,2024-08-28,1801.28,1780.58,1817.33,1780.58,2.02838177,6.06442919
801230,2024-08-29,1828.6,1790.65,1832.32,1789.23,2.00157938,6.60743054
801230,2024-08-30,1850.15,1820.18,1873.22,1820.18,2.43522542,8.5052581
801230,2024-09-02,1837.48,1850.18,1865.59,1835.92,2.48413161,8.65439463
801230,2024-09-03,1834.93,1834.88,1846.72,1824.07,1.93596537,6.98706469
801230,2024-09-04,1820.78,1822.13,1840.98,1820.19,1.77227698,5.8343666
801230,2024-09-05,1833.74,1820.43,1836.22,1820.29,1.5056869,5.37369485
801230,2024-09-06,1820.5,1835.88,1843.67,1817.88,1.95555339,6.85317232
801230,2024-09-09,1827.86,1816.26,1843.13,1805.44,2.79585686,9.01109302
801230,2024-09-10,1827.37,1836.26,1838.86,1798.68,2.56831117,9.47915993
801230,2024-09-11,1819.77,1819.13,1829.98,1809.47,2.21865085,8.45198398
801230,2024-09-12,1809.86,1813.24,1833.78,1809.86,1.8010829,6.65419745
801230,2024-09-13,1806.66,1813.56,1821.56,1802.19,2.06021657,6.34759112
801230,2024-09-18,1790.37,1799.96,1801.11,1764.55,1.89973652,5.94194781
801230,2024-09-19,1833.26,1794.6,1839.57,1788.06,2.58297431,8.05433533
801230,2024-09-20,1827.71,1829.26,1835.61,1817.29,2.38797304,6.78551925
801230,2024-09-23,1843.46,1823.57,1844.22,1818.93,3.10362311,6.96438396
801230,2024-09-24,1914.95,1854.31,1914.95,1854.31,3.83105589,12.56755108
801230,2024-09-25,1964.69,1948.98,1999.2,1930.13,4.58235998,17.97873492
801230,2024-09-26,2045.65,1958.35,2045.65,1958.35,7.10657192,20.30241655
801230,2024-09-27,2127.27,2091.7,2136.46,2074.33,5.21862382,20.45684987
801230,2024-09-30,2315.66,2223.6,2322.56,2201.1,7.3226877,34.07877846
801230,2024-10-08,2423.87,2540.06,2540.06,2301.39,13.14487923,52.31617071
801230,2024-10-09,2280.88,2371.54,2371.54,2268.31,9.06629079,35.46478468
801230,2024-10-10,2255.45,2276.14,2317.62,2217.08,6.59392847,24.14240987
801230,2024-10-11,2205.87,2244.57,2265.62,2184.76,5.61305332,20.81652914
801230,2024-10-14,2266.76,2238.54,2266.76,2189.04,5.99110004,22.02898011
801230,2024-10-15,2214.45,2249.6,2266.98,2213.99,4.92449002,18.1373238
801230,2024-10-16,2214.42,2185.36,2241.14,2183.79,4.80411871,16.06617235
801230,2024-10-17,2181.6,2217.44,2235.59,2180.78,4.74827284,16.31463634
801230,2024-10-18,2223.07,2178.55,2255.19,2178.55,5.91186991,21.68890286
801230,2024-10-21,2247.31,2248.36,2266.95,2229.2,4.77143338,19.33742182
801230,2024-10-22,2300.03,2259.82,2300.03,2251.72,5.42975402,18.51666182
801230,2024-10-23,2317.18,2352.03,2357.24,2309.76,7.93864349,31.38593199
801230,2024-10-24,2329.08,2300.7,2333.15,2287.13,6.85389967,24.62422514
801230,2024-10-25,2406.15,2338.1,2406.91,2338.1,7.82645342,28.17098546
801230,2024-10-28,2532.26,2449.46,2532.44,2441.51,9.68884043,38.69423637
801230,2024-10-29,2548.73,2569.47,2601.83,2544.61,13.65873327,66.30097495
801230,2024-10-30,2542.68,2507.84,2556.1,2507.84,10.91633047,47.1599773
801230,2024-10-31,2563.91,2526.47,2593.74,2526.47,10.75409368,49.34291015
801230,2024-11-01,2467.98,2559.19,2570.52,2459.52,8.87000856,37.57710637
801230,2024-11-04,2477.17,2442.03,2477.17,2438.18,5.60466048,23.52887592
801230,2024-11-05,2511.44,2480.38,2522.4,2480.08,6.58903601,28.84349074
801230,2024-11-06,2519.9,2521.81,2535.77,2486.77,7.34666659,33.54708878
801230,2024-11-07,2616.2,2511.39,2621.28,2510.97,9.05177533,40.07113451
801230,2024-11-08,2598.95,2644.14,2647.74,2582.06,8.02977711,38.87275915
801230,2024-11-11,2633.85,2602.3,2638.72,2593.47,6.36368195,29.8593432
801230,2024-11-12,2612.75,2657.65,2674.97,2591.0,8.09782083,43.88845126
801230,2024-11-13,2612.13,2610.45,2639.68,2581.37,4.96842669,24.81976476
801230,2024-11-14,2602.46,2632.53,2633.34,2602.41,4.2737058,21.52759335
801230,2024-11-15,2546.15,2607.45,2629.23,2546.15,4.95886769,25.11188233
801230,2024-11-18,2555.56,2583.53,2615.4,2545.63,4.89117265,22.74095688
801230,2024-11-19,2614.33,2565.57,2614.33,2547.53,6.15507147,45.70941243
801230,2024-11-20,2697.3,2629.86,2709.82,2620.93,5.43728507,27.54046986
801230,2024-11-21,2714.45,2714.06,2717.42,2689.91,4.10804229,19.85448956
801230,2024-11-22,2675.55,2738.22,2763.16,2670.11,5.68314671,38.1856718
801230,2024-11-25,2724.64,2718.66,2724.64,2684.59,5.25343903,38.57328952
801230,2024-11-26,2680.55,2728.66,2757.98,2677.95,6.43015246,65.63135913
801230,2024-11-27,2696.76,2655.88,2696.76,2631.87,7.88426082,62.09265099
801230,2024-11-28,2748.15,2734.66,2782.97,2734.66,8.70936149,72.06656764
801230,2024-11-29,2783.74,2732.25,2788.2,2695.51,10.6794261,79.58213407
801230,2024-12-02,2920.53,2776.45,2923.42,2776.45,9.01555165,65.73616539
801230,2024-12-03,2956.19,2938.33,2962.69,2892.22,7.38632245,63.25214978
801230,2024-12-04,2930.48,2960.37,2972.36,2919.11,10.34107964,75.64807071
801230,2024-12-05,2913.36,2863.56,2913.36,2854.55,8.42303623,52.32734597
801230,2024-12-06,2921.8,2906.42,2933.19,2882.12,10.26884464,53.25791453
801230,2024-12-09,2847.12,2901.03,2930.41,2821.45,12.29849436,63.5811006
801230,2024-12-10,2835.68,2909.51,2909.51,2829.81,9.91507466,56.98161048
801230,2024-12-11,2898.16,2830.96,2898.64,2830.96,9.3310154,47.97448211
801230,2024-12-12,2966.09,2923.16,2966.76,2905.18,8.84703089,48.81049221
801230,2024-12-13,2930.56,2976.53,2979.18,2928.86,14.26978647,69.30424692
801230,2024-12-16,2958.22,2921.12,2985.97,2920.93,10.44532598,57.86809123
801230,2024-12-17,2838.34,2950.46,2951.04,2827.98,9.13292087,47.53183624
801230,2024-12-18,2807.52,2808.9,2847.65,2790.36,7.79187301,35.75743394
801230,2024-12-19,2800.85,2775.5,2814.0,2756.42,7.15353789,37.34780201
801230,2024-12-20,2804.56,2804.48,2824.98,2790.82,5.78869226,30.79648467
801230,2024-12-23,2676.55,2808.45,2809.56,2664.88,7.32341143,36.24143879
801230,2024-12-24,2740.23,2705.13,2746.74,2680.35,5.50552973,29.76025117
801230,2024-12-25,2703.36,2729.54,2744.97,2676.15,5.64505371,29.0110469
801230,2024-12-26,2778.55,2682.83,2778.83,2682.83,4.7033518,25.85708258
801230,2024-12-27,2808.08,2787.73,2842.59,2760.34,5.98125228,31.33362636
801230,2024-12-30,2801.76,2826.08,2846.66,2757.89,5.32574222,31.80345367
801230,2024-12-31,2732.97,2805.01,2828.96,2718.51,5.12628827,28.41384228
801230,2025-01-02,2738.53,2762.2,2797.27,2697.4,7.18287893,32.78020598
801230,2025-01-03,2613.67,2745.25,2746.81,2608.0,6.72418286,33.62404374
801230,2025-01-06,2627.8,2612.25,2685.03,2569.82,5.66482236,29.32339617
801230,2025-01-07,2732.73,2618.36,2732.73,2590.16,5.17496571,30.85522595
801230,2025-01-08,2785.82,2744.53,2816.66,2710.91,6.76177224,46.51313377
801230,2025-01-09,2756.75,2754.22,2804.28,2732.34,5.19747051,37.08132022
801230,2025-01-10,2668.28,2733.84,2748.81,2668.28,4.73464243,29.31581784
801230,2025-01-13,2683.77,2636.14,2703.57,2610.71,3.4885574,20.66902972
801230,2025-01-14,2770.39,2705.48,2770.39,2696.75,5.13114448,30.77969393
801230,2025-01-15,2684.14,2769.01,2770.13,2676.57,6.08383609,43.44349494
801230,2025-01-16,2736.47,2696.41,2743.49,2692.27,5.11997094,33.56085006
801230,2025-01-17,2739.24,2734.64,2757.48,2705.07,5.38145833,38.05100865
801230,2025-01-20,2762.25,2752.57,2790.35,2715.66,5.82107208,39.83402533
801230,2025-01-21,2738.71,2774.25,2775.95,2718.1,5.16892776,37.28811635
801230,2025-01-22,2719.53,2731.0,2739.95,2705.39,4.14287343,28.67256031
801230,2025-01-23,2708.79,2730.26,2785.45,2708.79,4.58912622,29.74165453
801230,2025-01-24,2710.55,2694.27,2718.33,2673.5,3.83931375,23.08791751
801230,2025-01-27,2657.34,2711.41,2725.28,2650.43,3.40927188,20.6257899
801230,2025-02-05,2595.95,2649.31,2649.31,2583.48,3.01858855,16.11275357
801230,2025-02-06,2629.88,2590.27,2630.68,2550.84,4.36223625,26.50154616
801230,2025-02-07,2707.69,2628.14,2719.71,2628.14,5.51442604,32.13844762
801230,2025-02-10,2740.55,2711.67,2740.59,2693.18,6.01884157,29.10135483
801230,2025-02-11,2746.03,2734.06,2749.89,2699.73,5.27338442,28.57810572
801230,2025-02-12,2771.84,2731.06,2771.84,2731.06,4.23697709,26.74371363
801230,2025-02-13,2763.15,2768.79,2790.35,2763.15,6.07755398,37.28870522
801230,2025-02-14,2740.12,2756.3,2783.54,2734.41,5.31150732,38.27841975
801230,2025-02-17,2780.43,2749.73,2798.44,2730.12,5.38945312,34.63271204
801230,2025-02-18,2721.49,2767.95,2779.83,2711.77,5.3090039,35.48508745
801230,2025-02-19,2740.68,2717.21,2740.73,2711.52,3.95610938,25.71295954
801230,2025-02-20,2721.86,2739.65,2747.24,2713.74,3.6584801,23.6749947
801230,2025-02-21,2746.24,2717.82,2747.26,2703.87,4.8338625,28.93607895
801230,2025-02-24,2775.68,2741.13,2783.18,2724.52,5.31028364,31.78880414
801230,2025-02-25,2764.91,2750.35,2777.77,2743.32,4.14419741,24.00869028
801230,2025-02-26,2774.41,2792.97,2799.61,2760.6,4.66285967,29.0049221
801230,2025-02-27,2802.86,2784.16,2824.35,2759.09,5.45152585,37.22045432
801230,2025-02-28,2732.75,2796.02,2796.02,2729.61,5.79472516,39.53171231
801230,2025-03-03,2755.51,2751.32,2787.02,2705.24,4.94396368,40.41566272
801230,2025-03-04,2702.97,2725.88,2730.86,2690.14,4.12210941,31.8264532
801230,2025-03-05,2679.46,2698.99,2698.99,2653.04,3.70263954,24.28434723
801230,2025-03-06,2729.0,2685.46,2729.79,2679.53,4.83040245,27.66977593
801230,2025-03-07,2704.48,2719.94,2739.08,2694.04,4.37788486,27.09894933
801230,2025-03-10,2725.74,2744.89,2756.82,2709.0,3.53132992,21.95323075
801230,2025-03-11,2756.31,2700.77,2758.13,2696.78,4.91705209,29.45625763
801230,2025-03-12,2738.41,2753.26,2754.29,2731.93,4.99319187,27.75005966
801230,2025-03-13,2692.67,2735.5,2735.5,2670.71,4.125605,23.26767927
801230,2025-03-14,2744.84,2711.93,2744.84,2699.18,3.94698517,21.94381407
801230,2025-03-17,2788.74,2766.93,2795.4,2766.93,5.53860626,27.52757559
801230,2025-03-18,2771.78,2801.26,2801.26,2763.43,5.96799216,29.37035446
801230,2025-03-19,2739.28,2757.99,2757.99,2724.19,4.4028446,25.2346272
801230,2025-03-20,2725.55,2735.56,2745.29,2724.3,3.73901842,19.08040009
801230,2025-03-21,2706.84,2719.06,2723.73,2690.57,5.08170383,27.46359572
801230,2025-03-24,2674.32,2704.99,2705.52,2634.3,6.50080291,33.5002704
801230,2025-03-25,2668.32,2666.19,2676.87,2630.11,4.30615279,23.39336674
801230,2025-03-26,2724.52,2662.57,2726.23,2662.57,4.65542713,28.51220248
801230,2025-03-27,2694.71,2716.73,2723.16,2684.8,5.44304114,34.63150161
801230,2025-03-28,2651.6,2685.86,2688.51,2651.36,4.09347433,25.96598845
801230,2025-03-31,2614.64,2630.11,2640.31,2587.81,3.91260531,24.46294096
801230,2025-04-01,2642.74,2621.24,2658.45,2620.21,3.72168903,24.65416661
801230,2025-04-02,2662.36,2633.61,2665.14,2630.95,4.04256589,24.43028822
801230,2025-04-03,2649.93,2629.11,2668.69,2625.51,3.81291013,24.82715592
801230,2025-04-07,2386.24,2484.28,2495.93,2385.97,4.60635923,21.93657295
801230,2025-04-08,2385.57,2353.3,2401.01,2332.9,4.97672239,27.47064018
801230,2025-04-09,2454.98,2359.91,2471.39,2268.32,5.86200176,31.64058755
801230,2025-04-10,2512.1,2488.21,2541.61,2476.91,5.82937214,33.32586478
801230,2025-04-11,2508.24,2492.03,2539.74,2492.03,4.67577513,25.96425245
801230,2025-04-14,2557.43,2544.04,2583.81,2540.45,3.95763911,22.53967413
801230,2025-04-15,2569.84,2565.33,2575.69,2550.76,3.86614776,22.91728071
801230,2025-04-16,2522.45,2561.45,2561.45,2496.05,4.46027186,27.60352496
801230,2025-04-17,2571.57,2521.7,2580.03,2521.7,4.80162088,34.17913298
801230,2025-04-18,2583.78,2572.24,2598.36,2561.41,4.87132626,36.92995798
801230,2025-04-21,2601.3,2572.61,2601.3,2558.07,4.81743831,36.01472733
801230,2025-04-22,2614.53,2600.54,2621.19,2587.25,4.44271954,32.94823911
801230,2025-04-23,2601.81,2615.76,2625.74,2599.17,4.11443826,29.68784875
801230,2025-04-24,2590.13,2602.13,2621.32,2580.43,3.68669586,23.7106284
801230,2025-04-25,2599.01,2600.58,2625.48,2583.99,4.85898635,25.88693412
801230,2025-04-28,2533.56,2597.03,2597.6,2528.1,4.43915275,25.7744001
801230,2025-04-29,2508.9,2515.21,2526.78,2497.5,2.97117515,15.02697689
801230,2025-04-30,2527.52,2498.82,2541.33,2498.82,4.26654473,22.98186858
801230,2025-05-06,2613.03,2542.36,2613.03,2542.36,3.8386219,24.31199701
801230,2025-05-07,2620.66,2629.41,2637.87,2599.19,4.43258456,27.00541273
801230,2025-05-08,2637.41,2609.25,2642.17,2601.97,3.41914731,20.71734343
801230,2025-05-09,2617.31,2636.64,2636.64,2605.61,3.23725099,20.01584486
801230,2025-05-12,2632.54,2629.86,2632.8,2614.21,3.12670523,22.16664974
801230,2025-05-13,2618.45,2652.17,2652.17,2611.23,2.96957913,18.2746735
801230,2025-05-14,2652.83,2634.18,2653.5,2624.04,3.00339274,17.6634592
801230,2025-05-15,2642.51,2662.31,2662.31,2639.26,3.24048075,20.36583568
801230,2025-05-16,2662.81,2655.35,2668.43,2641.92,4.5813361,27.50815246
801230,2025-05-19,2715.72,2682.46,2715.72,2682.46,5.62762179,25.23213336
801230,2025-05-20,2773.27,2747.24,2775.74,2738.07,5.78013931,29.7328816
801230,2025-05-21,2787.61,2804.56,2804.56,2779.08,8.25543392,36.82865135
801230,2025-05-22,2751.08,2791.44,2804.54,2750.39,7.9981362,45.04605363
801230,2025-05-23,2700.43,2737.74,2740.62,2699.56,6.27320273,34.54816709
801230,2025-05-26,2677.34,2686.74,2704.97,2662.91,5.61454268,31.21094955
801230,2025-05-27,2679.44,2667.1,2688.27,2657.72,4.61269901,26.96206512
801230,2025-05-28,2667.79,2672.99,2688.37,2655.63,5.37363394,31.46287176
801230,2025-05-29,2698.4,2675.42,2713.96,2666.96,6.01927932,32.69143004
801230,2025-05-30,2647.97,2690.69,2696.1,2645.5,4.64731161,25.62351844
801230,2025-06-03,2701.51,2648.23,2705.8,2648.23,4.58187613,27.79067031
801230,2025-06-04,2769.85,2702.94,2770.97,2702.94,5.79423816,33.8906749
801230,2025-06-05,2733.81,2771.71,2772.84,2713.32,4.64212154,25.63203864
801230,2025-06-06,2724.43,2723.37,2737.71,2714.06,3.04801683,17.75883217
801230,2025-06-09,2747.24,2722.96,2747.24,2720.09,4.96562484,22.20049828
801230,2025-06-10,2737.43,2771.01,2784.61,2712.91,7.33989043,37.97780427
801230,2025-06-11,2750.36,2734.77,2768.75,2734.39,4.41266789,25.21593441
801230,2025-06-12,2758.9,2749.03,2762.54,2736.7,4.19828408,21.54863824
801230,2025-06-13,2741.72,2758.36,2768.2,2733.98,4.88114588,29.29643547
801230,2025-06-16,2789.84,2747.7,2792.26,2747.7,3.72171607,25.09686019
801230,2025-06-17,2797.16,2794.14,2819.12,2786.41,3.54042128,22.62553565
801230,2025-06-18,2783.3,2796.45,2796.45,2747.22,3.01048303,19.65435955
801230,2025-06-19,2743.55,2776.17,2784.59,2728.62,3.3401531,20.4879276
801230,2025-06-20,2728.91,2742.24,2774.33,2727.13,2.47615405,16.68972393
801230,2025-06-23,2752.53,2717.44,2754.43,2710.84,2.94357379,20.20379667
801230,2025-06-24,2798.91,2760.88,2803.42,2756.67,3.56663723,25.17807772
801230,2025-06-25,2808.5,2797.79,2810.46,2788.22,3.69551776,24.38719886
801230,2025-06-26,2813.79,2812.41,2848.46,2811.61,4.34929291,26.88632584
801230,2025-06-27,2827.24,2817.27,2838.79,2816.05,4.0178636,24.36313946
801230,2025-06-30,2828.91,2828.81,2832.75,2808.9,3.27208916,20.29392003
801230,2025-07-01,2902.48,2834.03,2910.33,2823.51,3.55032789,25.53761401
801230,2025-07-02,2886.0,2897.04,2904.35,2876.21,3.24165383,20.34346495
801230,2025-07-03,2886.45,2882.1,2890.37,2858.12,2.77024983,16.30186632
801230,2025-07-04,2906.86,2891.37,2939.08,2891.37,3.69235276,23.85130358
801230,2025-07-07,2981.63,2910.7,2985.4,2904.66,4.17509496,30.23802522
801230,2025-07-08,3009.12,2964.71,3009.12,2964.71,4.0108612,26.60065345
801230,2025-07-09,3003.8,3006.93,3023.13,2993.93,5.07151678,31.11856513
801230,2025-07-10,3006.67,3002.5,3011.77,2982.9,3.9694599,24.3962044
801230,2025-07-11,3016.73,2990.32,3025.31,2969.46,5.00094149,28.88044651
801230,2025-07-14,3048.18,3015.16,3054.89,3015.16,4.2926619,26.93349964
801230,2025-07-15,3015.66,3038.03,3038.03,2994.09,4.5641658,27.71751845
801230,2025-07-16,3031.57,3032.07,3053.16,3013.74,3.6441585,24.54367979
801230,2025-07-17,3074.74,3025.01,3081.49,3025.01,3.13727502,23.06851629
801230,2025-07-18,3083.83,3080.24,3083.83,3052.38,3.54800348,26.30050373
801230,2025-07-21,3073.42,3075.73,3089.51,3052.13,5.54928267,37.53911395
801230,2025-07-22,3073.34,3065.02,3085.87,3050.97,5.40477213,36.54545382
801230,2025-07-23,3079.69,3071.76,3110.67,3071.76,4.23741972,27.28245129
801230,2025-07-24,3120.97,3095.51,3122.61,3095.51,5.27480593,34.63431805
801230,2025-07-25,3082.8,3121.79,3121.79,3076.66,5.37422929,35.71001566
801230,2025-07-28,3122.58,3083.39,3122.58,3080.11,4.39528778,31.58448286
801230,2025-07-29,3136.94,3121.92,3142.19,3115.46,4.00497115,28.64186717
801230,2025-07-30,3107.24,3137.59,3137.59,3088.67,3.86011739,25.43772923
801230,2025-07-31,3098.24,3107.68,3141.04,3084.63,3.56384949,23.87542799
801230,2025-08-01,3068.56,3094.53,3096.4,3066.68,2.88285679,20.59559498
801230,2025-08-04,3064.61,3059.76,3065.91,3038.1,2.73223458,19.49960098
801230,2025-08-05,3125.3,3061.08,3126.81,3061.08,3.67854546,24.69668125
801230,2025-08-06,3141.66,3126.12,3142.46,3106.09,3.03720859,21.05129829
801230,2025-08-07,3152.16,3134.56,3162.35,3132.63,4.74628837,25.64862886
801230,2025-08-08,3201.25,3153.8,3217.72,3136.97,4.19478972,28.98367797
801230,2025-08-11,3239.52,3231.23,3239.52,3166.95,4.4451846,31.39626617
801230,2025-08-12,3249.27,3257.23,3291.69,3237.96,5.26200386,37.85286534
801230,2025-08-13,3256.7,3256.76,3269.88,3234.15,5.34953142,36.33126131
801230,2025-08-14,3170.01,3263.76,3263.76,3169.86,4.84954567,31.86900754
801230,2025-08-15,3294.41,3185.94,3296.26,3185.94,4.11796438,30.72851941
801230,2025-08-18,3407.51,3321.11,3464.79,3296.03,6.81670543,57.61081923
801230,2025-08-19,3526.18,3403.36,3566.73,3388.27,9.36999746,63.61407977
801230,2025-08-20,3547.86,3526.42,3547.86,3488.2,7.65690505,54.02367313
801230,2025-08-21,3521.98,3552.52,3589.65,3505.99,6.94156022,49.20548002
801230,2025-08-22,3566.16,3521.14,3567.4,3518.46,6.44891043,46.78387097
801230,2025-08-25,3684.23,3595.06,3705.45,3550.9,6.78713991,57.2650965
801230,2025-08-26,3724.39,3698.24,3793.31,3695.28,6.68198804,58.18505764
801230,2025-08-27,3607.58,3715.1,3726.44,3607.58,6.49574443,50.28668456
801230,2025-08-28,3636.19,3612.76,3642.91,3536.34,6.71218229,49.32872172
801230,2025-08-29,3776.61,3663.31,3777.46,3615.29,5.38543494,53.80596442
801230,2025-09-01,3937.71,3812.56,3968.46,3812.56,6.70757824,72.18474139
801230,2025-09-02,3944.06,3950.37,3992.57,3913.48,7.77090914,73.19279212
801230,2025-09-03,4008.81,3974.39,4072.94,3964.66,6.33608885,66.23096133
801230,2025-09-04,3828.72,4061.33,4061.33,3798.87,6.07402337,55.14813983
801230,2025-09-05,3979.84,3763.58,4006.52,3755.0,6.88458173,71.00876045
801230,2025-09-08,3919.38,3999.0,4037.73,3840.08,6.18470952,67.37494996
801230,2025-09-09,3956.29,3913.83,4054.15,3913.83,5.42459288,58.85074609
801230,2025-09-10,3913.34,3934.06,4011.48,3868.86,5.02602742,58.74675929
801230,2025-09-11,4000.71,3904.2,4051.58,3787.4,7.03392136,86.65438903
801230,2025-09-12,3922.78,4007.55,4007.55,3870.28,6.51374327,72.50606258
801230,2025-09-15,3852.11,3917.17,3917.17,3852.11,6.09297964,58.74268742
801230,2025-09-16,3991.75,3859.15,4007.73,3845.47,5.74072266,58.66602823
801230,2025-09-17,4046.81,4022.41,4073.73,3959.51,5.15430583,54.06315458
801230,2025-09-18,3931.32,4042.86,4042.86,3891.57,5.97319042,55.132387
801230,2025-09-19,3908.08,3969.74,3969.74,3883.12,5.15493847,42.97799424
801230,2025-09-22,3918.79,3913.03,3936.96,3842.16,4.00813548,39.75668367
801230,2025-09-23,3835.31,3944.75,3952.18,3756.28,5.71962883,55.56926279
801230,2025-09-24,3845.84,3830.36,3905.08,3787.27,4.12555324,40.98048013
801230,2025-09-25,3796.0,3850.49,3876.02,3790.66,3.61307226,36.65725286
801230,2025-09-26,3727.94,3781.31,3788.74,3715.01,3.55536328,30.86985171
801230,2025-09-29,3795.94,3720.71,3808.02,3720.71,3.47759894,30.10075875
801230,2025-09-30,3755.81,3793.35,3815.38,3723.47,3.24165203,30.60177708
801230,2025-10-09,3766.88,3764.95,3809.82,3756.53,3.49631737,31.41106159
801230,2025-10-10,3731.38,3756.04,3793.82,3722.13,4.38056861,34.30303922
801230,2025-10-13,3702.84,3586.95,3712.3,3586.95,3.92474063,31.74834388
801230,2025-10-14,3690.59,3756.38,3770.19,3677.56,4.4218151,33.68231471
801230,2025-10-15,3719.65,3696.94,3723.26,3649.83,3.81603039,35.65097495
801230,2025-10-16,3665.85,3717.07,3717.07,3651.86,4.06531065,30.33044604
801230,2025-10-17,3561.38,3666.83,3666.83,3550.71,3.99287645,35.38215663
801230,2025-10-20,3577.15,3613.61,3617.84,3562.13,3.53115166,32.71097929
801230,2025-10-21,3659.16,3584.0,3666.56,3579.14,4.44265486,37.78468891
801230,2025-10-22,3647.87,3635.48,3688.66,3628.19,3.53037295,27.33265178
801230,2025-10-23,3653.2,3654.41,3658.51,3598.43,3.73427578,31.02661428
801230,2025-10-24,3679.03,3683.28,3701.92,3656.84,4.55138583,43.87704467
801230,2025-10-27,3777.62,3739.5,3802.82,3739.5,5.19104905,49.32026927
801230,2025-10-28,3855.34,3818.28,3903.9,3795.43,6.30340988,64.47834631
801230,2025-10-29,3833.62,3844.22,3877.32,3810.37,6.07776863,53.97786433
801230,2025-10-30,3765.22,3823.06,3823.06,3760.37,4.86405569,43.36125937
801230,2025-10-31,3762.08,3765.28,3800.83,3759.43,4.75011432,40.38822849
801230,2025-11-03,3747.41,3762.87,3762.87,3690.35,4.74375988,42.67554629
801230,2025-11-04,3729.84,3748.14,3769.77,3701.76,4.72508144,37.88877441
801230,2025-11-05,3763.42,3686.66,3776.64,3686.66,6.22384164,51.62399318
801230,2025-11-06,3803.48,3764.48,3809.64,3751.13,5.91668848,55.48525069
801230,2025-11-07,3858.5,3796.64,3866.93,3774.85,5.96527145,56.6502232
801230,2025-11-10,3895.22,3904.46,3931.75,3887.11,6.92647598,68.89920642
801230,2025-11-11,3893.1,3900.22,3911.41,3874.31,6.33778252,57.41632155
801230,2025-11-12,3934.07,3892.14,3945.11,3874.98,6.07964826,54.22900344
801230,2025-11-13,4064.08,3984.18,4070.35,3952.85,10.4743506,89.96333725
801230,2025-11-14,4128.13,4026.65,4152.88,4026.65,9.93833706,94.39385417
801230,2025-11-17,4131.72,4143.67,4193.33,4112.86,9.57209862,102.66204507
801230,2025-11-18,4058.13,4094.69,4124.78,4028.71,7.00495085,69.6104427
801230,2025-11-19,3933.04,3999.31,4031.78,3916.63,5.32351999,52.95188716
801230,2025-11-20,3967.33,3949.49,3992.43,3938.45,8.07349869,62.60771407
801230,2025-11-21,3749.12,3894.34,3897.85,3745.05,7.76077316,57.80864137
801230,2025-11-24,3826.9,3794.71,3850.0,3773.25,6.34690365,52.73759472
801230,2025-11-25,3911.33,3833.2,3935.3,3833.2,5.88500898,49.56787493
801230,2025-11-26,3981.48,3902.94,3988.41,3902.94,7.9335788,59.17954656
801230,2025-11-27,3888.47,3973.08,3974.49,3888.47,7.19251845,54.86754819
801230,2025-11-28,3915.06,3881.68,3916.61,3849.9,6.08118218,47.69223828
801230,2025-12-01,3942.83,3941.84,3982.11,3933.81,6.35698218,54.40589808
801230,2025-12-02,3939.86,3931.64,3958.93,3900.49,7.31379529,61.50580929
801230,2025-12-03,3890.24,3929.66,3937.53,3861.89,6.16372006,49.61943075
801230,2025-12-04,3808.28,3876.06,3876.06,3806.66,5.76177107,43.31263834
801230,2025-12-05,3875.41,3806.36,3877.45,3789.0,5.17601229,37.30771134
801230,2025-12-08,3992.87,3899.71,4019.57,3899.71,7.16501297,63.63480792
801230,2025-12-09,4130.7,3991.72,4143.6,3991.72,6.7394112,65.95981033
801230,2025-12-10,4146.09,4138.62,4152.5,4080.38,6.172016,63.45315817
801230,2025-12-11,3967.54,4129.56,4129.56,3967.54,5.40700905,47.24689603
801230,2025-12-12,3920.63,3958.31,3965.15,3871.72,4.95376486,46.76482479
801230,2025-12-15,3875.49,3893.32,3910.6,3867.82,3.90744993,34.5668728
801230,2025-12-16,3766.57,3869.17,3871.78,3743.36,4.34741275,35.47676342
801230,2025-12-17,3820.12,3777.6,3832.6,3758.1,4.66452092,37.17772007
801230,2025-12-18,3776.81,3785.31,3829.66,3773.07,3.78924359,29.24175693
801230,2025-12-19,3860.66,3792.1,3864.1,3790.06,4.95862817,34.68078658
801230,2025-12-22,3962.28,3883.17,3970.17,3883.17,5.97044811,44.50590449
801230,2025-12-23,3960.09,3955.15,3992.23,3917.41,6.69290062,51.54947747
801230,2025-12-24,4009.83,3953.32,4025.68,3951.97,4.89042026,40.89217376
801230,2025-12-25,3965.01,4018.25,4018.25,3958.37,4.58847392,38.02299105
801230,2025-12-26,3946.6,3981.08,3989.56,3936.4,4.37671628,35.63254261
801230,2025-12-29,3920.34,3949.87,3964.16,3908.44,5.14129157,35.53642686
801230,2025-12-30,3959.97,3914.1,3984.23,3898.76,4.46481607,37.20247869
801230,2025-12-31,3923.18,3964.58,3964.58,3892.19,4.5070429,40.01360801
801230,2026-01-05,4011.56,3938.11,4037.0,3937.06,4.84480527,44.34471172
801230,2026-01-06,4127.42,4027.95,4140.79,4026.32,5.08525901,51.55719103
801230,2026-01-07,4286.7,4155.89,4300.62,4123.28,5.74837575,63.52336527
801230,2026-01-08,4337.7,4276.26,4392.72,4276.26,4.90050478,60.07774854
801230,2026-01-09,4493.85,4335.95,4520.74,4335.95,5.62375907,58.51718736
801230,2026-01-12,4535.19,4530.18,4594.91,4500.24,6.5134112,72.14696383
801230,2026-01-13,4537.97,4505.63,4651.62,4467.42,6.18662721,62.44482462
801230,2026-01-14,4669.49,4515.04,4726.66,4458.24,6.43012376,75.97264607
801230,2026-01-15,4513.18,4573.47,4623.02,4491.47,4.58867166,56.75443164
801230,2026-01-16,4447.96,4521.9,4580.65,4429.97,4.16160727,49.90927401
801230,2026-01-19,4496.57,4466.41,4501.58,4373.31,3.98168163,49.57172082
801230,2026-01-20,4412.42,4451.04,4469.73,4358.88,4.83064965,46.49050742
801230,2026-01-21,4426.14,4358.43,4439.17,4332.65,6.18527011,52.66914396
801230,2026-01-22,4479.56,4436.57,4484.03,4421.01,5.71903579,48.89309581
801230,2026-01-23,4526.1,4492.41,4529.71,4450.86,6.46295276,58.36510722
801230,2026-01-26,4507.99,4591.71,4688.11,4469.05,6.42182353,74.82263716
801230,2026-01-27,4518.56,4494.32,4540.19,4426.0,6.95791313,59.97179163
801230,2026-01-28,4404.11,4567.46,4596.71,4364.47,5.84737561,65.5586371
801230,2026-01-29,4331.11,4392.76,4428.32,4326.28,5.54425132,53.0091478
801230,2026-01-30,4314.38,4293.12,4337.03,4235.78,4.65228332,41.00847362
801230,2026-02-02,4165.29,4213.43,4284.84,4163.09,4.57567684,39.74303925
801230,2026-02-03,4399.81,4197.99,4400.32,4189.94,4.03722924,44.61672801
801230,2026-02-04,4453.98,4427.34,4459.58,4390.16,4.46103056,48.21248167
801230,2026-02-05,4409.65,4445.56,4459.8,4381.26,6.06575238,45.41927601
801230,2026-02-06,4399.13,4369.37,4450.84,4324.04,5.09088613,39.69206619
801230,2026-02-09,4605.86,4498.7,4622.68,4498.7,4.66031368,50.33785911
801230,2026-02-10,4704.87,4646.95,4744.64,4617.01,3.65770344,42.64571635
801230,2026-02-11,4718.58,4726.54,4778.68,4678.34,3.42064191,42.91933362
801230,2026-02-12,4968.95,4772.06,4981.73,4772.06,3.9686904,53.18960521
801230,2026-02-13,5071.11,4946.02,5134.23,4946.02,4.40548981,83.7621563
801230,2026-02-24,5104.01,5090.1,5111.29,5085.52,3.19775554,30.20961984
801230,2026-02-25,5132.59,5113.0,5144.23,5107.09,3.4959224,28.37027924
801230,2026-02-26,5110.16,5133.42,5133.42,5100.49,2.99498652,23.15471779
801230,2026-02-27,5108.43,5107.9,5108.43,5086.37,2.72708259,21.84347152
801230,2026-03-02,5101.81,5094.78,5110.27,5060.25,3.95556551,38.09294922
801230,2026-03-03,5059.08,5107.15,5107.15,5047.49,5.0667653,46.91160292
801230,2026-03-04,5015.52,5030.55,5038.59,4993.85,3.83249376,33.10789889
801230,2026-03-05,5023.31,5039.46,5040.28,5010.63,3.02862545,27.27135584
801230,2026-03-06,5109.49,5015.46,5111.12,5015.46,3.25683809,30.27295503
801230,2026-03-09,5250.9,4922.11,5367.84,4869.64,5.62242913,119.6720041
801230,2026-03-10,5154.84,5276.1,5286.21,5087.65,3.76994496,79.94490465
801230,2026-03-11,5052.57,5107.05,5112.69,4961.6,3.97896018,76.62349608
801230,2026-03-12,5103.62,5048.27,5182.33,5035.45,4.07325997,73.88434285
801230,2026-03-13,4889.61,5051.21,5051.21,4884.9,3.69132592,63.09668165
801230,2026-03-16,4902.02,4897.81,4902.02,4765.12,3.44932368,55.57123352
801230,2026-03-17,4801.3,4894.4,4908.75,4794.72,3.50623674,42.06684535
801230,2026-03-18,4914.52,4801.25,4930.7,4779.96,3.2083204,47.81834
801230,2026-03-19,4761.97,4908.92,4935.87,4731.21,3.40994511,51.68822745
801230,2026-03-20,4498.98,4773.79,4773.79,4498.98,3.82527799,56.44016351
801230,2026-03-23,4254.71,4363.99,4438.04,4221.52,4.34730446,52.63349645
801230,2026-03-24,4322.54,4330.3,4330.3,4187.75,3.34369754,38.59896454
801230,2026-03-25,4489.73,4344.77,4489.73,4344.77,3.44879282,40.99822768
801230,2026-03-26,4431.1,4488.35,4545.92,4418.8,3.22247629,34.58873088
801230,2026-03-27,4464.7,4363.81,4500.57,4363.81,2.92421925,35.1240638
801230,2026-03-30,4507.38,4453.43,4513.33,4417.33,4.07835821,42.26202023
801230,2026-03-31,4459.47,4506.48,4564.83,4459.47,4.15057852,41.47497609
801230,2026-04-01,4517.72,4541.98,4541.98,4481.68,3.55084399,40.05854446
801230,2026-04-02,4408.96,4497.98,4497.98,4386.64,4.19611284,43.19340563
801230,2026-04-03,4376.58,4432.19,4432.19,4295.85,3.4113487,37.47827743
801230,2026-04-07,4401.0,4370.27,4448.49,4370.27,3.44292607,35.3991645
801230,2026-04-08,4577.24,4464.17,4577.24,4464.17,4.17831544,49.01221071
801230,2026-04-09,4485.51,4520.35,4547.2,4472.49,3.45740693,35.57252634
801230,2026-04-10,4477.03,4458.87,4573.78,4408.91,3.30573075,44.15304095
801230,2026-04-13,4529.26,4468.0,4555.53,4454.9,3.54407007,43.65119687
801230,2026-04-14,4676.12,4607.81,4709.47,4578.61,3.99362998,58.3086612
801230,2026-04-15,4607.22,4714.87,4714.87,4591.06,3.01782475,42.72005472
801230,2026-04-16,4773.04,4608.57,4832.82,4608.57,2.98870723,49.35334837
801230,2026-04-17,4744.08,4761.47,4769.44,4689.02,3.16394,46.62968658
801230,2026-04-20,4675.91,4724.41,4724.41,4650.05,3.13878032,49.53510798
801230,2026-04-21,4589.31,4704.95,4723.07,4522.4,3.02064015,52.35069829
801230,2026-04-22,4731.84,4534.68,4734.27,4534.68,3.56012971,47.82534556
801230,2026-04-23,4665.61,4731.18,4744.02,4614.0,3.63881115,47.12739489
801230,2026-04-24,4601.92,4686.78,4686.78,4529.07,3.73151071,53.22943296
801230,2026-04-27,4618.14,4629.45,4650.46,4560.89,6.2484366,61.86297613
801230,2026-04-28,4719.15,4576.54,4779.71,4576.54,7.02412533,71.66549224
801230,2026-04-29,4768.6,4709.73,4809.44,4702.92,6.60877231,66.03974264
801230,2026-04-30,4960.77,4766.33,4985.19,4740.79,6.69378282,81.87886266
801230,2026-05-06,5211.57,5220.29,5220.52,5189.91,5.12814851,57.88015182
801230,2026-05-07,5412.14,5469.56,5470.66,5409.89,6.82829288,71.58804754
801230,2026-05-08,5192.11,5402.11,5402.11,5173.92,7.36170408,134.26651966
801230,2026-05-11,5170.59,5232.58,5261.25,5091.73,6.71851172,107.62071787
801230,2026-05-12,5013.22,5132.08,5152.82,4980.61,5.82210064,82.88700632
801230,2026-05-13,5179.76,4996.32,5180.85,4996.32,5.61604642,93.36897738
801230,2026-05-14,5034.83,5210.47,5210.47,4979.9,5.03705421,79.05481438
801230,2026-05-15,4909.03,5015.98,5072.33,4886.41,4.98480584,71.45093956
801230,2026-05-18,4899.94,4874.45,4951.15,4861.7,3.82330439,49.8473456
801230,2026-05-19,4963.71,4900.62,4963.71,4790.62,3.59440761,54.28869449
801230,2026-05-20,4955.39,4938.4,4979.61,4869.86,3.34713224,51.33149201
801230,2026-05-21,4710.86,4977.07,4977.07,4700.99,4.16560816,55.48246234
801230,2026-05-22,4926.8,4748.49,4944.41,4704.45,3.45246292,59.74164597
801230,2026-05-25,4864.28,4905.84,4951.03,4787.94,3.43750889,53.89146558
801230,2026-05-26,4713.5,4833.53,4833.83,4625.75,3.2089986,45.55624502
801230,2026-05-27,4843.4,4866.7,4962.96,4746.68,3.75135488,72.10605993
801230,2026-05-28,4855.69,4866.13,4930.0,4784.46,2.73341716,46.36570639
801230,2026-05-29,4593.9,4848.62,4854.83,4573.78,4.33615606,67.18365589
801230,2026-06-01,4651.89,4529.14,4753.86,4485.81,3.75740371,50.99580063
801230,2026-06-02,4613.73,4785.38,4785.38,4520.36,3.46093602,48.75502682
801230,2026-06-03,4529.63,4529.79,4619.71,4511.27,3.60952735,46.38568715
801230,2026-06-04,4384.6,4483.12,4483.12,4365.24,3.15185405,40.63359953
801230,2026-06-05,4380.41,4366.83,4491.0,4263.88,4.38913589,44.01579023
801230,2026-06-08,4252.89,4283.59,4352.15,4198.7,4.42484908,35.35474234
801230,2026-06-09,4506.43,4315.48,4507.78,4269.96,4.45023166,62.17991036
801230,2026-06-10,4440.53,4441.59,4460.68,4379.1,4.79504323,51.90547232
801230,2026-06-11,4420.3,4482.71,4493.64,4404.02,4.80230683,51.19946685
801230,2026-06-12,4279.84,4432.62,4432.62,4279.84,4.95903411,51.68978103
801230,2026-06-15,4379.35,4346.37,4382.29,4294.7,4.10462014,43.64349748
801230,2026-06-16,4340.28,4413.55,4426.08,4311.41,3.51666389,44.33971957
801230,2026-06-17,4523.81,4299.49,4524.34,4299.49,4.24132777,71.01639299
801230,2026-06-18,4525.93,4522.94,4595.22,4511.52,3.59418592,52.60835034
801230,2026-06-22,4480.39,4547.72,4547.72,4375.43,4.24450696,58.90013019
801230,2026-06-23,4439.13,4513.03,4553.41,4416.86,4.19161163,53.60604606
801230,2026-06-24,4580.95,4385.33,4632.28,4336.43,4.75319509,57.07839213
801230,2026-06-25,4550.84,4565.35,4642.74,4511.57,4.40388671,54.32611585
801230,2026-06-26,4374.32,4544.93,4544.93,4335.78,4.0221216,44.18677805
801230,2026-06-29,4200.6,4360.42,4360.42,4177.47,3.7620223,40.61397111
801230,2026-06-30,4302.47,4186.6,4322.8,4160.12,3.35780771,33.02832459
801230,2026-07-01,4596.24,4288.42,4603.04,4231.68,4.4702946,66.75974266
801230,2026-07-02,4561.11,4515.22,4699.21,4476.06,6.31625165,88.69122152
801230,2026-07-03,4518.38,4560.05,4618.28,4462.02,4.60495987,58.5580817
801230,2026-07-06,4518.16,4538.59,4600.17,4479.48,4.54973263,56.96553644
801230,2026-07-07,4346.26,4486.95,4499.0,4272.53,4.14405812,48.463017
801230,2026-07-08,4339.62,4341.72,4457.77,4283.18,3.67321062,45.96982441
801230,2026-07-09,4482.93,4331.9,4489.12,4303.97,4.59935207,61.65596709
801230,2026-07-10,4424.91,4429.55,4576.17,4424.91,5.20109545,60.49460776
801230,2026-07-13,4436.62,4428.05,4562.21,4391.4,5.14840297,62.35986686
801230,2026-07-14,4512.3,4377.96,4543.55,4331.16,6.24021944,61.4994874
801230,2026-07-15,4439.84,4488.08,4509.29,4386.55,4.91139271,44.80769791
801230,2026-07-16,4331.73,4367.09,4421.36,4317.92,4.54674555,38.36375927
801230,2026-07-17,4074.7,4284.8,4285.44,4060.53,6.81194622,45.25109801
801230,2026-07-20,3849.92,4116.7,4127.91,3828.84,8.08952862,46.39140593
801230,2026-07-21,3878.38,3823.6,3917.38,3566.02,5.14418304,47.78095562
801230,2026-07-22,3812.52,3810.75,3932.77,3798.58,5.2032454,38.6609286
801230,2026-07-23,3921.3,3793.21,3925.57,3793.21,5.29530473,38.26751502
801230,2026-07-24,3745.15,3869.96,3914.26,3741.5,4.21235523,32.6576807
801230,2026-07-27,3944.72,3744.26,3955.85,3744.26,4.11866777,34.36436634
801230,2026-07-28,3795.26,3882.7,3935.58,3783.45,6.13290579,35.89931699
801230,2026-07-29,3831.98,3796.32,3856.45,3708.38,5.86394369,32.53255229
801230,2026-07-30,3674.49,3822.32,3839.86,3665.81,5.42195628,33.18912147
801230,2026-07-31,3859.78,3796.85,3866.8,3796.85,5.08452461,37.21482121
801230,2026-08-03,3959.78,3857.72,3966.91,3857.72,3.97354187,34.30133792
801230,2026-08-04,4147.11,4006.27,4149.47,4006.27,4.06137693,37.97296031
801230,2026-08-05,4179.62,4127.88,4213.82,4127.88,3.95684957,38.86281455
801230,2026-08-06,4148.55,4138.43,4204.05,4098.86,3.57184662,33.13244347
801230,2026-08-07,4180.64,4147.76,4192.7,4135.49,3.40859157,29.98980531
801230,2026-08-10,4236.01,4172.82,4236.3,4143.89,3.46003345,29.98306725
801230,2026-08-11,4207.05,4213.7,4249.61,4168.15,4.32315471,27.27338613
801230,2026-08-12,4337.02,4238.6,4343.49,4238.6,6.53459498,35.29705133
801230,2026-08-13,4377.46,4389.84,4492.89,4377.46,5.83595199,41.67298779
801230,2026-08-14,4482.1,4386.54,4488.84,4384.22,11.06496472,56.15501115
801230,2026-08-17,4582.62,4477.48,4582.84,4452.65,8.42251904,49.70581741
801230,2026-08-18,4508.08,4522.7,4584.67,4425.66,7.60827441,49.89842029
801230,2026-08-19,4331.06,4422.48,4510.99,4306.69,7.59854507,53.63069461
801230,2026-08-20,4315.63,4367.02,4372.8,4273.26,8.85921272,48.91605763
801230,2026-08-21,4304.27,4296.72,4313.17,4241.52,6.01529212,34.30157754
801230,2026-08-24,4206.81,4319.23,4319.23,4165.23,4.89058817,32.23478862
801230,2026-08-25,4212.39,4158.77,4231.92,4155.9,5.57955802,32.76915657
801230,2026-08-26,4188.91,4204.1,4235.84,4184.53,4.8424581,29.31593556
801230,2026-08-27,4293.46,4185.21,4297.04,4185.21,5.81073639,35.60311953
801230,2026-08-28,4274.23,4272.71,4303.35,4267.65,4.92090466,32.53831307
801230,2026-08-31,4319.8,4219.94,4319.8,4219.94,5.22726544,35.27468659
801230,2026-09-01,4248.99,4298.78,4300.79,4244.96,4.89173001,34.79349244
801230,2026-09-02,4176.55,4211.29,4211.29,4152.19,4.08145885,27.52942201
801230,2026-09-03,4208.17,4203.09,4220.81,4145.68,4.13661088,27.05834758
801230,2026-09-04,4125.59,4236.84,4236.84,4101.28,4.46421207,32.21239574
801230,2026-09-07,4237.58,4129.58,4246.76,4129.58,4.94665798,33.61165701
801230,2026-09-08,4314.01,4266.94,4341.79,4266.94,8.03919444,46.813929
801230,2026-09-09,4345.58,4344.39,4362.02,4329.64,6.61074343,51.6641745
801230,2026-09-10,4306.65,4323.55,4348.69,4284.05,9.88142851,62.36816933
801230,2026-09-11,4211.98,4258.77,4258.77,4120.03,8.56006455,51.97925611
801230,2026-09-14,4175.57,4175.94,4205.89,4132.32,7.31937853,38.67487398
801230,2026-09-15,4104.95,4152.49,4152.49,4100.86,7.00607927,32.75551485
801230,2026-09-16,4172.39,4091.5,4179.6,4091.05,5.95318699,32.08396361
801230,2026-09-17,4164.92,4144.93,4182.78,4143.03,6.38959468,36.67806888
801230,2026-09-18,4220.4,4191.91,4220.88,4176.14,6.80330221,37.07581206
801230,2026-09-21,4216.23,4212.34,4250.74,4210.53,7.44039858,39.38331919
801230,2026-09-22,4264.28,4251.97,4300.44,4243.16,6.07091173,36.88379069
801230,2026-09-23,4220.31,4276.22,4276.22,4212.16,6.53128521,38.27375036
801230,2026-09-24,4179.11,4198.94,4208.09,4155.73,5.17204206,29.13183802
801230,2026-09-28,4063.76,4159.99,4159.99,4040.46,5.38732659,31.58210769
801230,2026-09-29,4094.5,4056.96,4116.49,4051.37,4.46654446,25.01078355
801230,2026-09-30,4117.05,4150.68,4150.68,4090.06,5.46234446,30.55302455
