代码,日期,收盘,开盘,最高,最低,成交量,成交额
801760,2014-02-21,1000.62,997.65,1007.01,987.36,5.62605603,119.2680436425
801760,2014-02-24,1017.51,999.21,1018.99,996.1,6.160149,136.9417977675
801760,2014-02-25,978.67,1017.66,1040.43,972.04,9.52141361,201.566738853
801760,2014-02-26,959.03,967.83,967.83,934.29,6.37362952,133.27031156299998
801760,2014-02-27,923.77,960.79,975.0,918.45,7.08760827,151.0860593098
801760,2014-02-28,931.63,921.08,933.47,903.98,5.34989298,107.1783005094
801760,2014-03-03,948.93,927.87,949.92,925.35,4.54377114,88.89898431530001
801760,2014-03-04,942.63,946.0,951.54,931.08,4.25736096,91.56856068969999
801760,2014-03-05,938.58,944.57,948.72,936.83,4.31369678,87.60036233459999
801760,2014-03-06,945.06,939.19,947.15,923.11,4.54851146,101.652512192
801760,2014-03-07,942.18,949.32,955.41,939.13,4.9061986,107.85198437790001
801760,2014-03-10,896.54,928.24,928.24,895.54,5.10518749,100.95716631290001
801760,2014-03-11,898.41,891.9,905.19,887.05,3.39900419,69.0885973173
801760,2014-03-12,906.57,899.4,917.59,889.65,3.90032616,82.61596844520001
801760,2014-03-13,916.83,906.46,916.83,903.9,2.91138291,62.369377856999996
801760,2014-03-14,920.15,913.9,927.11,911.18,2.90015003,66.3976126987
801760,2014-03-17,942.6,921.4,942.76,921.4,3.5314044,72.677768416
801760,2014-03-18,952.35,946.28,953.8,943.42,4.43062533,90.8869527248
801760,2014-03-19,939.98,949.92,950.93,936.13,3.47800504,77.545378545
801760,2014-03-20,903.45,938.35,944.21,903.17,4.14328483,90.60618065540001
801760,2014-03-21,917.85,895.92,918.75,880.69,4.74544876,89.7416080879
801760,2014-03-24,910.39,913.9,917.23,907.99,3.24937483,70.087820448
801760,2014-03-25,919.53,909.62,921.33,908.72,3.39212092,68.1452291541
801760,2014-03-26,926.16,921.49,928.13,920.43,3.16553965,66.8221470808
801760,2014-03-27,897.5,923.62,923.63,897.5,3.26892241,67.96573540899999
801760,2014-03-28,873.41,895.81,897.79,869.26,3.41715652,67.4315414583
801760,2014-03-31,860.69,869.33,869.39,855.36,3.17249513,58.4130116044
801760,2014-04-01,871.45,856.03,873.3,855.87,2.76927136,52.974407491499996
801760,2014-04-02,860.06,872.37,874.61,851.22,3.12038527,58.755998380600005
801760,2014-04-03,861.42,859.26,872.16,855.92,2.77723891,53.2204988779
801760,2014-04-04,876.94,860.25,876.94,857.59,2.88201178,55.4737092129
801760,2014-04-08,882.05,869.96,882.24,867.11,3.38994895,64.3236709815
801760,2014-04-09,899.11,889.77,909.03,889.64,5.03143646,89.27555761469999
801760,2014-04-10,904.22,901.02,910.43,897.85,3.7446364,77.0001203664
801760,2014-04-11,900.87,898.43,902.91,894.38,3.14390864,62.4317905183
801760,2014-04-14,908.09,903.39,911.1,903.38,3.32796164,67.7718674454
801760,2014-04-15,902.68,908.68,911.09,901.95,3.59939081,77.1512800397
801760,2014-04-16,902.56,900.61,904.57,896.93,3.19214917,63.628394767399996
801760,2014-04-17,905.29,905.45,914.46,905.1,3.80285604,72.1018773084
801760,2014-04-18,910.17,903.58,913.66,901.54,3.44343534,67.9299012906
801760,2014-04-21,899.75,903.73,914.05,899.11,4.33102701,79.843259566
801760,2014-04-22,893.0,897.3,905.52,878.74,4.73359724,85.0844068909
801760,2014-04-23,880.54,890.44,892.34,876.7,3.77860965,72.6835511999
801760,2014-04-24,875.48,880.06,882.58,865.64,4.13134925,76.6915548941
801760,2014-04-25,855.55,872.96,874.63,854.53,3.41006448,60.002463723000005
801760,2014-04-28,828.52,847.93,848.93,828.41,3.82853868,66.914968336
801760,2014-04-29,839.82,827.11,840.13,827.11,3.00745281,51.9685798859
801760,2014-04-30,852.63,841.35,857.64,840.99,3.3074229,62.7091574986
801760,2014-05-05,860.22,851.06,860.43,849.34,2.94544527,55.895411913100006
801760,2014-05-06,868.34,860.2,872.88,859.24,3.5047284,70.339632886
801760,2014-05-07,849.29,863.43,865.49,849.29,3.19248442,60.7092091161
801760,2014-05-08,847.73,845.91,860.79,844.18,3.06810345,53.8495962357
801760,2014-05-09,841.18,848.32,850.06,832.38,3.54939572,59.10093382350001
801760,2014-05-12,857.34,845.65,860.13,840.82,3.68180593,60.966935451800005
801760,2014-05-13,862.31,856.91,868.96,856.56,3.62685843,62.742424864499995
801760,2014-05-14,859.94,861.54,866.65,856.75,3.04788483,49.8701701866
801760,2014-05-15,846.1,859.72,863.46,846.0,3.52370063,61.7140986163
801760,2014-05-16,835.87,844.0,846.86,826.99,3.09571225,55.0128008676
801760,2014-05-19,836.13,834.98,840.1,828.6,2.87597265,49.2213168051
801760,2014-05-20,842.9,841.39,851.55,840.54,3.70179442,65.78768632170001
801760,2014-05-21,846.5,838.48,846.52,831.14,3.38436986,56.28736075729999
801760,2014-05-22,848.85,846.59,860.72,846.58,4.42245491,78.1160097933
801760,2014-05-23,865.87,847.93,865.91,845.11,4.2369132,76.1387500948
801760,2014-05-26,880.17,868.72,880.25,868.52,5.45791972,95.39401574680001
801760,2014-05-27,869.81,878.32,878.33,868.73,4.17871857,70.563282258
801760,2014-05-28,886.1,869.68,887.05,868.41,5.32857985,90.5929988976
801760,2014-05-29,868.52,885.95,887.81,867.97,4.32247952,73.3808520318
801760,2014-05-30,869.39,872.0,873.27,860.43,4.47712815,70.32619106060001
801760,2014-06-03,876.29,868.66,881.09,868.63,4.57645526,75.5063217063
801760,2014-06-04,876.83,876.93,876.93,866.01,4.69690744,78.8999081188
801760,2014-06-05,907.44,876.63,908.13,875.83,7.60391191,132.84043353040002
801760,2014-06-06,900.79,907.08,911.37,893.59,6.76623443,117.6891682716
801760,2014-06-09,892.42,897.7,905.12,891.9,5.94895108,103.64138226
801760,2014-06-10,908.25,892.42,910.91,883.21,6.26007248,113.24694113620001
801760,2014-06-11,909.46,904.95,915.95,904.26,5.77753535,102.9918109424
801760,2014-06-12,907.77,907.59,915.38,902.26,5.63320138,100.9941922899
801760,2014-06-13,916.34,906.71,917.84,901.89,5.88047098,100.57283950950001
801760,2014-06-16,926.03,915.81,926.94,915.55,6.06876164,109.3444437973
801760,2014-06-17,913.86,926.6,926.6,913.7,4.92462293,93.25077678209999
801760,2014-06-18,902.06,913.19,916.78,901.77,4.70524338,88.1417803737
801760,2014-06-19,873.66,900.59,905.76,867.09,5.36129576,95.66687166879998
801760,2014-06-20,878.35,873.74,881.99,868.12,3.22923516,60.790077453500004
801760,2014-06-23,893.5,879.26,898.03,878.78,3.93768604,76.0485321899
801760,2014-06-24,899.26,892.91,901.41,892.73,4.40239862,76.0911029329
801760,2014-06-25,894.67,898.81,898.81,889.75,4.40263281,78.355478175
801760,2014-06-26,905.26,893.32,909.75,893.31,5.02314948,88.90670138860001
801760,2014-06-27,909.27,907.06,913.22,904.77,4.97191312,93.5237590373
801760,2014-06-30,913.25,909.94,913.25,901.59,5.39573278,99.3897212151
801760,2014-07-01,922.24,914.09,923.2,910.16,6.28331916,110.7996731842
801760,2014-07-02,925.01,921.92,927.56,915.74,5.99479536,114.0536840901
801760,2014-07-03,920.82,923.92,925.3,919.41,5.57418175,106.06134697639999
801760,2014-07-04,920.78,921.96,923.23,914.53,6.27376358,113.2302549267
801760,2014-07-07,912.24,920.12,920.12,906.94,5.08708108,96.1464566974
801760,2014-07-08,915.94,912.01,916.1,902.8,4.80647842,94.1513975166
801760,2014-07-09,894.91,914.55,915.88,894.71,5.17921418,98.281399149
801760,2014-07-10,885.9,894.8,896.41,883.72,4.49915113,83.5345634057
801760,2014-07-11,886.93,884.15,894.23,882.66,4.33291857,79.2548905947
801760,2014-07-14,884.85,885.7,886.04,873.84,5.46293559,95.8451262132
801760,2014-07-15,872.62,885.31,886.09,870.12,5.0776102,88.7150271197
801760,2014-07-16,861.19,870.24,873.64,854.25,4.7729491,85.95393662120001
801760,2014-07-17,852.2,858.26,861.42,846.36,3.55124987,65.1171053544
801760,2014-07-18,847.22,849.74,852.15,844.43,2.61428757,44.819270035
801760,2014-07-21,851.14,846.87,853.01,840.79,3.46092679,64.2334428409
801760,2014-07-22,857.01,849.75,857.54,848.31,3.24336117,56.4023792118
801760,2014-07-23,840.01,856.5,856.5,838.63,3.8239816,70.3065075618
801760,2014-07-24,831.02,838.64,840.21,823.24,3.84544057,66.6524795083
801760,2014-07-25,840.75,831.03,840.82,831.03,3.33415608,54.1151403637
801760,2014-07-28,860.3,843.66,862.28,843.6,5.09466731,80.995583223
801760,2014-07-29,868.49,861.19,870.76,858.85,4.8118585,80.9656839398
801760,2014-07-30,871.67,868.48,871.67,865.87,3.88950602,66.3905320132
801760,2014-07-31,878.33,871.42,879.15,867.24,5.31087914,84.54234254560001
801760,2014-08-01,862.34,874.11,876.44,862.29,4.73906898,76.27314101270001
801760,2014-08-04,868.0,862.08,868.0,862.05,3.47158711,56.6165488551
801760,2014-08-05,884.34,868.11,886.35,864.27,6.46719059,109.80979511620001
801760,2014-08-06,883.02,881.38,884.26,878.51,4.51340283,76.38595114350001
801760,2014-08-07,879.57,883.09,890.9,879.05,4.85778167,83.6020947892
801760,2014-08-08,888.07,884.22,891.55,884.15,4.29622183,81.0320386654
801760,2014-08-11,896.01,890.25,896.01,889.6,4.82318076,86.83311345450001
801760,2014-08-12,898.41,895.53,899.2,893.01,5.20316838,92.10100560389999
801760,2014-08-13,892.82,899.45,899.6,884.27,5.96385626,99.97139706809999
801760,2014-08-14,890.6,892.44,899.37,889.96,5.42186989,94.2594301556
801760,2014-08-15,900.92,891.13,902.12,888.54,6.31812147,107.77979080709999
801760,2014-08-18,928.44,903.77,928.44,903.76,9.84839638,177.80506353599998
801760,2014-08-19,940.67,948.28,954.1,937.71,14.20002796,254.2037822688
801760,2014-08-20,934.59,940.34,940.37,931.2,10.50789919,185.1364252186
801760,2014-08-21,965.78,933.15,965.78,930.77,14.06743889,244.7807573766
801760,2014-08-22,969.25,967.27,980.16,964.04,13.5132915,249.4365837756
801760,2014-08-25,962.35,969.08,970.92,960.64,11.48210309,201.1909087429
801760,2014-08-26,947.25,959.44,962.35,942.23,10.45242292,187.23323439450002
801760,2014-08-27,948.97,947.92,955.71,946.87,7.5307767,140.33758522
801760,2014-08-28,941.13,949.28,954.87,941.13,7.2565848,137.42435857889998
801760,2014-08-29,944.08,939.48,944.08,931.17,6.05213052,110.4942702648
801760,2014-09-01,960.77,944.43,962.61,942.94,7.99444112,148.11531459100001
801760,2014-09-02,970.1,961.71,970.39,960.01,8.68769497,165.7134307305
801760,2014-09-03,988.95,972.16,994.14,972.15,13.10427717,248.6144579472
801760,2014-09-04,990.62,988.27,991.83,980.7,9.74300284,194.6306264255
801760,2014-09-05,986.54,990.58,992.25,980.75,8.09057252,159.1843032122
801760,2014-09-09,992.36,987.48,992.45,977.47,7.62662197,142.4675151889
801760,2014-09-10,995.39,988.45,996.67,983.57,6.57248591,129.5726717384
801760,2014-09-11,997.54,994.64,1014.07,992.8,9.85566442,198.29376095130002
801760,2014-09-12,1000.77,994.77,1000.95,989.87,6.40619173,123.19773924969999
801760,2014-09-15,1002.18,998.67,1005.01,996.54,7.62939316,154.0626995165
801760,2014-09-16,963.6,1002.47,1002.7,963.11,8.51524015,163.2589534539
801760,2014-09-17,967.34,963.75,971.36,955.82,6.60994747,117.0004119686
801760,2014-09-18,967.94,965.91,970.77,961.84,4.86179222,89.5395493882
801760,2014-09-19,974.98,968.48,975.43,967.32,4.95955104,90.8420755268
801760,2014-09-22,962.48,974.25,974.26,960.64,5.28352189,98.2124184429
801760,2014-09-23,974.67,964.16,974.71,964.16,5.38969336,101.1329583392
801760,2014-09-24,982.75,972.38,983.99,970.54,6.15282744,114.95795440959999
801760,2014-09-25,984.35,986.08,993.66,982.22,7.81439318,146.46797353190001
801760,2014-09-26,985.8,984.53,987.05,980.72,5.68148663,110.4578888173
801760,2014-09-29,994.78,988.32,996.87,988.32,6.25676754,117.92455818149999
801760,2014-09-30,1001.6,996.43,1003.75,996.31,6.3080485,122.9097051916
801760,2014-10-08,1003.26,1003.49,1003.91,992.66,5.56807331,109.5738265448
801760,2014-10-09,1012.13,1006.81,1013.6,1001.25,6.62631416,137.0496159373
801760,2014-10-10,1006.35,1011.2,1012.73,1003.54,6.30330458,127.64406972319999
801760,2014-10-13,1001.97,1002.73,1002.75,989.38,5.5600587,108.2393916309
801760,2014-10-14,998.82,1000.91,1009.03,995.03,5.16133779,103.0377821547
801760,2014-10-15,1007.5,998.24,1007.6,989.7,5.50495882,108.55053449120001
801760,2014-10-16,998.86,1002.68,1010.53,998.59,6.57197968,131.41800472149998
801760,2014-10-17,987.03,995.14,996.51,979.5,5.77040601,114.059217214
801760,2014-10-20,997.93,989.11,998.48,988.47,4.78355283,93.90693545270001
801760,2014-10-21,991.87,998.16,999.5,988.57,4.98772737,98.1647888797
801760,2014-10-22,978.88,990.54,992.62,978.09,4.55598001,88.30381366040001
801760,2014-10-23,961.39,976.56,978.76,958.81,4.32596658,81.1893876279
801760,2014-10-24,968.86,962.24,975.87,961.18,3.93682064,77.1201743106
801760,2014-10-27,972.63,963.98,972.63,956.99,3.17789111,63.1033307799
801760,2014-10-28,989.27,975.22,989.27,975.08,4.58207602,90.56878704489999
801760,2014-10-29,996.52,991.14,999.93,989.15,6.06754206,116.88971128370001
801760,2014-10-30,990.94,996.07,999.65,989.15,5.33208258,105.297428667
801760,2014-10-31,987.13,989.82,991.91,978.6,4.591079,89.10160722139999
801760,2014-11-03,993.92,987.32,993.92,986.4,4.08597367,79.6539122364
801760,2014-11-04,984.92,994.89,995.98,983.25,4.88616907,99.05379112950001
801760,2014-11-05,980.13,983.18,983.61,978.86,3.49810938,69.7298126075
801760,2014-11-06,989.86,980.72,989.86,976.04,4.32031067,81.4335339699
801760,2014-11-07,986.52,990.39,998.64,983.47,5.17678075,104.2879659672
801760,2014-11-10,994.42,987.5,994.73,985.51,5.16573686,99.0662989823
801760,2014-11-11,965.57,994.4,994.79,960.29,6.25982869,120.32911582700001
801760,2014-11-12,975.38,963.56,975.38,962.04,3.51486816,69.9837374171
801760,2014-11-13,955.93,973.6,973.64,950.39,4.93823925,94.4539781074
801760,2014-11-14,954.79,953.33,957.07,951.33,3.04808348,61.4905969076
801760,2014-11-17,971.18,955.26,975.27,953.56,5.10869393,93.7537517472
801760,2014-11-18,978.46,970.85,979.1,970.54,4.0617985,82.3820222881
801760,2014-11-19,997.91,988.27,1004.31,988.27,5.94629748,122.65956801200001
801760,2014-11-20,994.79,1000.82,1000.83,990.13,5.83196726,125.8049669365
801760,2014-11-21,1012.41,995.83,1014.17,995.55,7.95770682,149.8390560553
801760,2014-11-24,1027.75,1028.92,1030.21,1020.65,8.20841902,160.2365501952
801760,2014-11-25,1047.88,1039.35,1048.34,1038.57,7.16821844,147.95872319
801760,2014-11-26,1053.02,1055.48,1057.94,1047.59,9.98245928,206.6685167765
801760,2014-11-27,1051.53,1055.13,1057.79,1042.92,8.86473219,177.6942745118
801760,2014-11-28,1051.28,1049.86,1064.92,1041.63,9.74297255,197.463890196
801760,2014-12-01,1040.09,1048.17,1049.37,1035.63,8.12836329,167.4965190782
801760,2014-12-02,1046.32,1038.47,1048.41,1037.92,7.55461444,157.6375167065
801760,2014-12-03,1078.1,1049.04,1078.1,1037.96,13.91361664,281.8901758702
801760,2014-12-04,1093.99,1080.89,1097.13,1080.77,12.01555004,249.55579356299998
801760,2014-12-05,1067.24,1099.53,1099.53,1045.09,12.06755686,254.662119109
801760,2014-12-08,1070.26,1061.75,1095.31,1052.15,10.80989136,229.6022621855
801760,2014-12-09,1050.12,1061.21,1094.45,1047.85,18.9394732,376.93454848809995
801760,2014-12-10,1111.39,1052.67,1111.65,1052.66,19.70321431,387.6773141207
801760,2014-12-11,1105.15,1114.04,1125.47,1092.5,15.35807333,294.8129676428
801760,2014-12-12,1123.4,1105.17,1126.27,1100.42,10.96211389,227.8197170744
801760,2014-12-15,1141.73,1123.19,1143.47,1117.52,10.06510267,217.4879047589
801760,2014-12-16,1137.29,1147.53,1151.8,1126.69,10.03383664,212.9177621923
801760,2014-12-17,1120.94,1130.03,1134.6,1109.19,9.89573615,206.6193895225
801760,2014-12-18,1116.72,1120.5,1135.2,1116.06,7.45250167,163.2921295838
801760,2014-12-19,1092.14,1113.83,1113.83,1075.27,8.57135621,177.51062068459998
801760,2014-12-22,1045.91,1084.74,1084.74,1036.62,9.13134484,184.3446022096
801760,2014-12-23,1031.29,1035.45,1068.07,1027.85,6.60087466,136.11186146030002
801760,2014-12-24,1044.21,1036.06,1044.21,1031.37,6.26666817,124.3395002101
801760,2014-12-25,1054.57,1047.75,1056.09,1043.95,5.93928894,123.9696927176
801760,2014-12-26,1069.94,1056.25,1071.87,1053.55,7.36195689,148.4363065927
801760,2014-12-29,1050.42,1070.39,1070.55,1044.99,8.85665463,185.0755042479
801760,2014-12-30,1009.53,1043.7,1047.15,1007.54,7.99286711,161.95057460479998
801760,2014-12-31,1010.73,1003.85,1014.51,997.39,5.88591462,121.6188110664
801760,2015-01-05,1021.55,1011.53,1025.5,993.21,6.604749,137.8296762843
801760,2015-01-06,1064.18,1017.3,1068.64,1012.85,9.02088157,197.2906730602
801760,2015-01-07,1053.78,1066.79,1067.99,1049.14,7.17017392,155.7312258567
801760,2015-01-08,1054.65,1050.86,1069.25,1048.96,6.49181591,145.2626079782
801760,2015-01-09,1056.12,1049.14,1078.27,1049.14,7.31439844,161.3225706998
801760,2015-01-12,1072.28,1057.36,1073.92,1055.39,6.54122791,152.29452452459998
801760,2015-01-13,1089.58,1072.36,1096.74,1068.0,7.14277304,163.7934199592
801760,2015-01-14,1077.44,1087.79,1092.86,1073.5,5.11840057,115.020180577
801760,2015-01-15,1085.18,1076.01,1088.01,1073.9,4.73339332,109.83846187370001
801760,2015-01-16,1131.64,1086.45,1134.79,1086.45,9.11049426,199.89762356880001
801760,2015-01-19,1116.4,1107.42,1160.56,1099.72,10.26220234,233.52843207360002
801760,2015-01-20,1156.64,1121.86,1156.64,1121.41,9.50397165,217.6403645046
801760,2015-01-21,1178.26,1158.44,1182.59,1157.02,12.28281701,278.4355675242
801760,2015-01-22,1187.43,1180.65,1198.27,1177.49,10.58007285,258.6852290912
801760,2015-01-23,1160.41,1188.94,1190.65,1156.75,9.3868379,227.709869823
801760,2015-01-26,1193.67,1160.9,1195.37,1160.9,8.38312213,200.8166913362
801760,2015-01-27,1190.17,1195.67,1199.58,1173.43,8.70501008,209.22793931529998
801760,2015-01-28,1187.45,1188.99,1207.95,1181.59,11.84368835,259.4962441966
801760,2015-01-29,1180.53,1177.98,1187.64,1174.01,7.22228254,171.9001642904
801760,2015-01-30,1169.21,1185.38,1189.24,1168.8,7.80262103,169.001662755
801760,2015-02-02,1174.67,1159.64,1185.18,1155.4,6.12343207,152.79163467040001
801760,2015-02-03,1207.4,1183.55,1215.76,1183.47,7.81523484,205.7708456105
801760,2015-02-04,1207.79,1212.49,1217.74,1204.58,7.2786035,184.1194985173
801760,2015-02-05,1239.39,1213.99,1267.2,1207.1,15.37144445,344.04473830410006
801760,2015-02-06,1219.89,1241.77,1248.65,1213.43,11.9794949,306.9741512534
801760,2015-02-09,1202.6,1216.61,1228.31,1199.32,8.64416432,217.2676628291
801760,2015-02-10,1227.0,1197.67,1227.0,1193.84,7.27469939,187.02277505330002
801760,2015-02-11,1253.02,1229.67,1258.83,1229.66,8.39205682,226.98834765380002
801760,2015-02-12,1268.94,1256.69,1274.42,1256.69,9.3218212,226.84344780900003
801760,2015-02-13,1300.02,1273.05,1301.71,1272.84,11.36899003,285.7345922252
801760,2015-02-16,1359.24,1313.53,1362.46,1313.53,16.79068319,404.00571777510004
801760,2015-02-17,1364.28,1368.79,1372.44,1347.08,12.21651822,321.1096788514
801760,2015-02-25,1327.66,1366.71,1366.71,1324.9,12.03067645,299.2904536085
801760,2015-02-26,1335.66,1324.09,1337.07,1313.24,9.91227698,254.7703536826
801760,2015-02-27,1359.93,1335.33,1366.35,1330.98,12.90421873,322.5169794136
801760,2015-03-02,1374.92,1357.83,1374.95,1351.31,13.1461648,338.8879174623
801760,2015-03-03,1349.61,1368.47,1375.73,1348.91,13.1409708,337.8651712718
801760,2015-03-04,1390.14,1349.64,1396.86,1349.64,14.68377983,352.94239300830003
801760,2015-03-05,1388.13,1390.32,1399.83,1381.57,13.73097803,360.46564909050005
801760,2015-03-06,1349.93,1389.28,1389.28,1348.01,11.05206985,285.7439511936
801760,2015-03-09,1372.84,1346.98,1372.9,1340.52,8.86398341,229.77243171740002
801760,2015-03-10,1404.27,1378.86,1414.61,1377.87,11.60522123,312.5290714089
801760,2015-03-11,1407.52,1406.68,1423.26,1393.87,13.75760139,364.8446836512
801760,2015-03-12,1400.87,1407.52,1419.34,1384.08,12.91960515,341.87207668630003
801760,2015-03-13,1421.74,1398.54,1422.32,1392.41,10.36199654,275.2238428813
801760,2015-03-16,1474.77,1433.63,1474.77,1433.63,14.57656978,404.8539214214
801760,2015-03-17,1474.57,1481.7,1487.78,1460.76,14.41431708,381.2091740436
801760,2015-03-18,1508.5,1473.44,1508.5,1465.99,14.78295306,392.6700943374
801760,2015-03-19,1512.78,1512.23,1514.22,1495.4,12.68859678,339.4855313768
801760,2015-03-20,1543.12,1523.46,1557.13,1523.46,14.57935388,399.8735133137
801760,2015-03-23,1602.48,1557.3,1602.51,1557.3,16.08688637,448.95361262660003
801760,2015-03-24,1635.22,1621.39,1644.41,1576.49,19.38311152,599.4358511655
801760,2015-03-25,1638.76,1642.91,1653.87,1622.35,15.41790238,476.0957305064
801760,2015-03-26,1574.84,1620.37,1620.37,1571.17,13.15508201,418.1374123165
801760,2015-03-27,1589.44,1565.26,1592.62,1564.47,9.18464362,292.1757433404
801760,2015-03-30,1574.45,1587.07,1593.58,1559.46,10.81047856,313.1483527412
801760,2015-03-31,1590.91,1576.97,1608.92,1568.92,12.68722527,372.3930063122
801760,2015-04-01,1625.64,1590.62,1629.99,1590.52,13.12456649,356.96500809779997
801760,2015-04-02,1644.57,1634.4,1648.0,1619.6,14.26318713,433.271745582
801760,2015-04-03,1660.12,1638.6,1663.83,1633.3,15.04119721,445.4853127528
801760,2015-04-07,1683.12,1679.08,1685.18,1670.98,15.53827075,464.2572162552
801760,2015-04-08,1644.95,1692.29,1693.3,1617.49,16.09020967,503.3786644044
801760,2015-04-09,1635.85,1641.08,1641.08,1569.57,13.73668345,448.964572579
801760,2015-04-10,1671.85,1630.5,1676.63,1630.32,12.02607528,387.81869104879996
801760,2015-04-13,1672.01,1669.69,1676.64,1649.14,12.44616067,406.868993385
801760,2015-04-14,1660.31,1669.68,1681.15,1649.59,11.76349662,400.3979269574
801760,2015-04-15,1587.73,1659.78,1660.48,1587.73,11.29042909,370.40462290010004
801760,2015-04-16,1606.45,1574.39,1631.82,1569.45,9.63800854,307.922554053
801760,2015-04-17,1622.67,1623.45,1639.66,1613.85,12.95529572,370.0129948182
801760,2015-04-20,1616.73,1625.24,1647.82,1602.74,14.07347539,402.7605913292
801760,2015-04-21,1701.51,1639.86,1701.65,1639.86,14.26330799,437.2145909633
801760,2015-04-22,1773.4,1730.98,1777.24,1730.94,16.49166591,522.9121107584
801760,2015-04-23,1834.99,1809.91,1844.41,1809.91,15.38357457,505.73300113769994
801760,2015-04-24,1872.93,1851.05,1876.96,1834.18,17.30032468,591.8146530120999
801760,2015-04-27,1883.76,1913.53,1923.33,1873.73,15.97531325,527.8427877224
801760,2015-04-28,1837.06,1897.85,1897.85,1814.86,14.57588016,465.7045608071
801760,2015-04-29,1931.35,1841.89,1931.83,1828.25,14.80731299,562.9658319707
801760,2015-04-30,1986.7,1964.79,2030.24,1964.76,13.151181,505.7534530878
801760,2015-05-04,1956.72,2007.46,2009.86,1946.46,11.55585667,472.269743642
801760,2015-05-05,1894.56,1945.45,1947.41,1879.27,12.35424551,454.0228077406
801760,2015-05-06,1920.16,1907.11,1979.01,1906.42,12.7877487,529.1791789347
801760,2015-05-07,1909.32,1906.21,1946.69,1897.35,11.19405709,439.06582339489995
801760,2015-05-08,2012.13,1941.94,2012.83,1941.75,14.95485413,548.8978185394001
801760,2015-05-11,2129.87,2047.62,2132.13,2035.3,17.80977545,684.4965246830001
801760,2015-05-12,2220.22,2154.38,2223.97,2150.3,17.61210769,714.1165152189999
801760,2015-05-13,2263.12,2213.11,2316.64,2183.83,21.33038676,846.8015650993
801760,2015-05-14,2207.43,2262.19,2278.63,2205.83,18.64745093,779.0279431736
801760,2015-05-15,2230.62,2185.0,2250.86,2166.39,17.3327307,660.6316503369001
801760,2015-05-18,2285.68,2242.17,2311.22,2242.17,15.32833606,620.8147685402
801760,2015-05-19,2319.73,2300.88,2329.43,2260.83,15.63423064,622.3283656240001
801760,2015-05-20,2371.37,2335.36,2415.13,2331.83,17.47800526,696.0768450725999
801760,2015-05-21,2420.67,2381.36,2426.5,2372.16,16.57863056,677.1304639771
801760,2015-05-22,2440.33,2464.62,2478.47,2385.58,20.70135845,821.5924472066
801760,2015-05-25,2431.46,2383.5,2445.86,2368.32,17.68754117,678.5886763819
801760,2015-05-26,2521.86,2425.85,2522.43,2425.85,18.88373982,789.3285670191001
801760,2015-05-27,2500.87,2536.34,2536.34,2467.05,16.78458066,713.219918473
801760,2015-05-28,2368.47,2495.79,2517.02,2366.91,18.9438482,811.2250887128
801760,2015-05-29,2412.09,2364.38,2449.07,2302.97,15.65075361,688.4572926952001
801760,2015-06-01,2513.92,2434.48,2517.65,2434.48,14.85677922,680.8958814041
801760,2015-06-02,2624.37,2533.01,2625.57,2526.76,16.46291248,735.2294084325999
801760,2015-06-03,2660.25,2642.04,2671.76,2578.99,17.22328233,807.9720223432
801760,2015-06-04,2629.35,2660.05,2671.86,2478.63,16.61382233,749.1412069313001
801760,2015-06-05,2590.72,2656.42,2674.81,2561.35,16.82134394,715.2325844719
801760,2015-06-08,2517.8,2571.5,2571.5,2465.43,14.94675794,627.2117922558999
801760,2015-06-09,2521.1,2500.78,2563.74,2480.91,13.67432229,549.5221205916
801760,2015-06-10,2616.49,2505.15,2642.39,2500.94,16.8609791,654.6653241188
801760,2015-06-11,2615.89,2620.7,2620.7,2615.89,17.11652569,656.4935907283
801760,2015-06-12,2658.08,2621.54,2664.83,2609.18,16.21763711,637.3294162832
801760,2015-06-15,2558.35,2667.43,2667.43,2555.59,16.4811199,633.6021532783
801760,2015-06-16,2474.36,2519.45,2519.45,2423.02,13.92796808,531.1776620308999
801760,2015-06-17,2541.85,2466.84,2550.12,2425.71,12.99754427,475.26898936690003
801760,2015-06-18,2397.12,2534.75,2538.59,2397.12,12.21129852,460.48836293190004
801760,2015-06-19,2262.39,2331.66,2358.41,2258.53,12.04328895,431.79621000199995
801760,2015-06-23,2269.04,2242.1,2269.04,2140.53,12.15806121,421.58145372580003
801760,2015-06-24,2266.87,2292.58,2306.89,2215.48,12.70301159,451.27020073129995
801760,2015-06-25,2136.56,2275.57,2275.57,2122.16,12.29859155,431.6798386386
801760,2015-06-26,1969.11,2060.03,2060.03,1965.74,12.01057083,389.43658512900004
801760,2015-06-29,1832.75,1969.97,1982.24,1813.63,15.12548018,446.33545339370005
801760,2015-06-30,1932.81,1768.09,1937.47,1718.15,19.3113082,578.4400308352
801760,2015-07-01,1846.3,1917.25,2001.31,1844.8,19.27592767,618.8776371852
801760,2015-07-02,1761.26,1836.13,1871.31,1739.87,17.70176076,508.17632146129995
801760,2015-07-03,1702.64,1702.25,1823.29,1640.21,20.3603348,535.0215202538
801760,2015-07-06,1652.21,1812.46,1812.46,1602.35,23.83480685,595.0075266131
801760,2015-07-07,1557.61,1588.83,1602.89,1552.75,12.31034562,267.06713571119997
801760,2015-07-08,1526.36,1518.8,1536.25,1518.8,12.11336884,190.2159790952
801760,2015-07-09,1580.19,1498.38,1581.09,1498.38,10.82065014,277.8737861323
801760,2015-07-10,1642.0,1598.71,1642.0,1594.91,7.51063841,246.6925518262
801760,2015-07-13,1718.02,1674.14,1718.02,1664.28,10.97105927,390.23777753699994
801760,2015-07-14,1737.94,1739.15,1792.51,1732.19,15.88192051,489.4449676846
801760,2015-07-16,1684.74,1636.23,1721.16,1579.36,17.43980934,458.9141019625
801760,2015-07-17,1765.3,1695.21,1777.78,1690.29,16.55146343,463.0487432988
801760,2015-07-20,1798.51,1779.9,1827.77,1760.39,19.793122,605.6467000925
801760,2015-07-21,1821.95,1781.08,1841.2,1772.45,17.18115235,517.7363006444999
801760,2015-07-22,1841.83,1827.28,1861.01,1805.69,17.80737217,527.2410226662
801760,2015-07-23,1904.24,1849.89,1904.24,1839.36,19.33939847,565.6920541179
801760,2015-07-24,1860.05,1910.18,1925.57,1846.83,20.78811666,635.5983835272
801760,2015-07-27,1745.11,1814.1,1888.63,1744.91,21.18085381,623.9251995794
801760,2015-07-28,1691.37,1677.67,1757.25,1642.62,20.09810572,513.9534570762
801760,2015-07-29,1772.67,1714.25,1772.78,1665.81,17.03260532,464.6396385067
801760,2015-07-30,1722.25,1764.11,1802.11,1714.55,17.60473516,502.7849174515
801760,2015-07-31,1708.66,1698.42,1744.62,1684.55,13.58006452,389.079400178
801760,2015-08-03,1646.04,1675.23,1687.41,1621.5,13.78812299,360.23930337480004
801760,2015-08-04,1726.7,1649.25,1726.7,1637.39,13.31892135,348.8688323422
801760,2015-08-05,1685.57,1720.56,1733.53,1677.0,11.9663111,329.5693587344
801760,2015-08-06,1660.19,1647.15,1681.98,1641.43,7.63824971,202.1895282165
801760,2015-08-07,1712.68,1672.67,1718.77,1672.67,10.90420207,353.61612973940004
801760,2015-08-10,1788.95,1729.15,1797.28,1712.68,13.4331432,429.0346207997
801760,2015-08-11,1804.39,1797.35,1829.36,1785.81,13.58305035,452.30844012910006
801760,2015-08-12,1778.74,1787.92,1816.13,1778.74,11.5002865,386.8998728343
801760,2015-08-13,1823.35,1770.29,1823.35,1760.99,11.56681957,377.75906080769994
801760,2015-08-14,1814.96,1835.59,1842.39,1809.27,12.62888862,401.75350265410003
801760,2015-08-17,1803.15,1804.16,1810.46,1770.3,10.95265324,336.8696931537
801760,2015-08-18,1689.84,1804.45,1828.14,1685.64,13.70076816,413.72825749519995
801760,2015-08-19,1726.9,1646.79,1734.51,1609.28,12.71597019,354.70074457239997
801760,2015-08-20,1685.63,1715.61,1746.37,1685.6,12.43100253,336.7197876932
801760,2015-08-21,1597.41,1657.09,1671.72,1594.33,10.15306013,271.6641634721
801760,2015-08-24,1491.31,1530.91,1537.19,1491.2,7.47946401,180.33954890849998
801760,2015-08-25,1396.92,1402.58,1433.55,1395.7,9.65362338,212.8427656962
801760,2015-08-26,1336.15,1389.83,1429.29,1329.53,14.599726,316.2934613359
801760,2015-08-27,1382.24,1357.6,1382.24,1312.34,14.50017358,302.2373034928
801760,2015-08-28,1448.34,1397.19,1450.26,1381.11,15.10911737,333.1762258608
801760,2015-08-31,1403.78,1423.83,1424.28,1388.55,12.66887234,283.4850044805
801760,2015-09-01,1345.14,1371.73,1372.05,1330.49,12.51182022,275.2157757981
801760,2015-09-07,1338.25,1333.97,1371.98,1328.51,13.58660031,282.0905112096
801760,2015-09-08,1394.72,1316.99,1398.62,1300.48,12.83366822,268.59887030560003
801760,2015-09-09,1425.93,1399.71,1448.54,1395.58,19.56998261,405.7966856639
801760,2015-09-10,1412.82,1398.68,1434.25,1396.48,12.52049927,259.1451543936
801760,2015-09-11,1428.81,1408.66,1434.84,1404.71,10.78631891,232.2543776981
801760,2015-09-14,1346.45,1433.74,1437.69,1331.55,12.85516098,262.67513130279997
801760,2015-09-15,1275.39,1306.78,1329.9,1269.33,10.93561357,201.78273577049998
801760,2015-09-16,1351.78,1277.21,1354.56,1276.93,11.61601297,222.12216324
801760,2015-09-17,1332.24,1349.79,1393.23,1332.1,14.74114461,308.6302240421
801760,2015-09-18,1358.63,1341.82,1366.56,1327.39,10.67895465,225.747232373
801760,2015-09-21,1423.24,1341.23,1424.73,1339.2,12.90091202,292.1524034301
801760,2015-09-22,1427.28,1427.32,1444.8,1404.76,13.09690104,312.48605722509996
801760,2015-09-23,1423.42,1405.03,1436.55,1403.31,10.32934855,244.30096451880001
801760,2015-09-24,1453.04,1434.14,1458.01,1434.14,12.02740549,283.5485975104
801760,2015-09-25,1396.04,1442.69,1451.82,1387.81,10.78109026,240.8912004311
801760,2015-09-28,1439.98,1401.7,1441.35,1384.33,8.96085054,212.2842093048
801760,2015-09-29,1426.4,1417.65,1443.84,1414.57,9.43845199,224.703305415
801760,2015-09-30,1416.88,1432.86,1438.04,1397.3,7.76285218,194.3356286608
801760,2015-10-08,1468.37,1456.1,1481.63,1445.22,11.61736538,269.3350350777
801760,2015-10-09,1479.04,1467.41,1486.82,1461.91,11.76373022,262.5629712566
801760,2015-10-12,1530.77,1485.15,1551.17,1482.96,17.67296947,418.5531915896
801760,2015-10-13,1553.24,1515.78,1556.85,1512.57,14.85685864,362.30926773970003
801760,2015-10-14,1529.78,1544.25,1558.99,1525.3,13.06049847,328.1557827484
801760,2015-10-15,1588.61,1529.52,1588.79,1529.52,14.9837721,383.35390538129997
801760,2015-10-16,1629.43,1601.64,1632.17,1593.13,17.2320469,456.2641096471
801760,2015-10-19,1634.68,1644.61,1647.27,1610.02,16.13802042,437.56154331410005
801760,2015-10-20,1680.28,1632.22,1684.68,1631.22,14.86980043,415.8735380985
801760,2015-10-21,1571.31,1674.85,1679.34,1566.76,18.1903207,508.1526131314
801760,2015-10-22,1625.78,1574.56,1631.55,1573.16,13.21021572,400.0714118313
801760,2015-10-23,1667.7,1635.93,1672.19,1620.18,16.0485302,464.464471716
801760,2015-10-26,1655.72,1683.47,1683.47,1631.11,17.94635688,496.7225540919
801760,2015-10-27,1688.82,1643.18,1698.56,1603.42,16.32620603,464.05404406279996
801760,2015-10-28,1636.96,1681.3,1695.59,1632.3,15.15956588,444.79101846239996
801760,2015-10-29,1643.33,1648.54,1667.93,1618.99,11.15834545,329.5732241566
801760,2015-10-30,1652.31,1642.11,1682.2,1623.52,13.78656787,379.89193128089994
801760,2015-11-02,1624.79,1616.98,1668.32,1612.96,11.79386803,338.3644588895
801760,2015-11-03,1626.78,1631.71,1642.05,1611.74,9.81888111,285.77260142939997
801760,2015-11-04,1707.97,1635.69,1708.01,1635.69,16.82492615,472.0073784022
801760,2015-11-05,1698.88,1709.26,1737.7,1686.43,19.63505314,580.9959538951999
801760,2015-11-06,1756.08,1700.57,1759.3,1700.57,17.40298243,515.501235402
801760,2015-11-09,1793.88,1749.4,1808.62,1735.08,19.24665727,600.0875070871
801760,2015-11-10,1816.7,1788.53,1845.22,1784.56,19.7291431,580.4331477408
801760,2015-11-11,1849.51,1824.09,1854.01,1806.64,19.951593,560.8329026454
801760,2015-11-12,1830.62,1859.5,1862.9,1810.19,21.06356252,614.3923280072
801760,2015-11-13,1776.41,1801.99,1812.85,1759.99,17.79106227,499.58771406650004
801760,2015-11-16,1818.6,1725.34,1818.6,1725.34,15.17360482,417.40496933410003
801760,2015-11-17,1776.38,1838.7,1855.33,1773.06,22.43234892,656.2883305592
801760,2015-11-18,1744.95,1780.15,1797.57,1740.35,15.13474496,453.70329894879995
801760,2015-11-19,1813.92,1755.59,1813.92,1755.2,16.93787901,493.27753138220004
801760,2015-11-20,1826.96,1824.7,1841.89,1804.76,18.60508069,546.1975687336
801760,2015-11-23,1827.91,1825.26,1868.18,1817.19,18.76835837,577.5238185418
801760,2015-11-24,1846.24,1816.96,1846.24,1797.58,13.68769301,451.00504958790003
801760,2015-11-25,1887.49,1838.72,1894.1,1838.11,18.21942883,593.3236635969
801760,2015-11-26,1856.35,1895.36,1902.79,1851.22,17.5844156,597.9166894909999
801760,2015-11-27,1735.08,1838.38,1857.96,1723.57,17.70343068,567.5329164059
801760,2015-11-30,1744.38,1739.89,1756.69,1654.04,16.23530604,519.620422126
801760,2015-12-01,1736.3,1740.9,1774.29,1713.77,14.32711641,444.22035401019997
801760,2015-12-02,1710.92,1725.75,1731.93,1654.81,11.90029485,351.8036030416
801760,2015-12-03,1771.76,1716.93,1773.03,1716.93,11.99483976,387.557970562
801760,2015-12-04,1767.39,1762.65,1803.16,1755.35,15.28203579,486.1701946943
801760,2015-12-07,1816.62,1772.33,1824.84,1769.05,15.11327842,455.1392340357
801760,2015-12-08,1787.13,1799.49,1810.79,1777.61,15.15754272,455.85140131040004
801760,2015-12-09,1784.38,1780.38,1801.84,1767.88,13.39060317,404.54289236449995
801760,2015-12-10,1790.7,1778.34,1818.91,1778.34,13.39000267,415.72354524160005
801760,2015-12-11,1769.37,1777.43,1789.28,1764.6,10.36127094,309.35511770200003
801760,2015-12-14,1802.13,1752.23,1802.13,1749.78,10.32561959,323.2753953157
801760,2015-12-15,1825.06,1805.7,1829.84,1802.67,11.97185367,370.3449467028
801760,2015-12-16,1834.0,1835.29,1853.51,1829.58,13.08117814,398.3002134783
801760,2015-12-17,1876.17,1847.12,1876.23,1846.26,16.40746011,499.05892493059997
801760,2015-12-18,1862.96,1873.76,1877.36,1843.94,13.31013137,430.4880204996
801760,2015-12-21,1872.45,1858.77,1878.87,1853.16,13.43302782,428.1864050067
801760,2015-12-22,1886.89,1874.29,1888.34,1859.45,12.00956095,356.6232815276
801760,2015-12-23,1842.2,1885.68,1888.13,1838.76,12.69699234,379.00008540059997
801760,2015-12-24,1844.73,1835.3,1850.0,1811.01,9.05428875,273.65283498770003
801760,2015-12-25,1846.47,1851.26,1860.02,1836.35,8.55921473,263.7583906804
801760,2015-12-28,1803.72,1850.98,1859.78,1803.72,10.80265924,329.6897062828
801760,2015-12-29,1809.61,1802.68,1809.61,1788.47,7.84145125,233.4129129156
801760,2015-12-30,1824.37,1814.46,1824.51,1806.28,8.35411108,244.5724360995
801760,2015-12-31,1786.37,1828.73,1830.95,1785.43,8.98193085,281.974896151
801760,2016-01-04,1637.15,1781.42,1782.58,1636.52,8.85859656,260.9908412594
801760,2016-01-05,1578.21,1546.78,1624.23,1527.22,13.32696314,365.3698480893
801760,2016-01-06,1612.83,1587.63,1613.32,1558.8,11.10964351,319.3870483748
801760,2016-01-07,1480.79,1580.77,1589.75,1480.2,3.08858408,85.2568375505
801760,2016-01-08,1476.95,1504.99,1518.84,1412.84,12.00700813,315.0827189334
801760,2016-01-11,1379.26,1443.08,1459.25,1378.8,11.10108501,270.886815893
801760,2016-01-12,1403.43,1385.6,1423.3,1372.16,9.95932593,250.9661206598
801760,2016-01-13,1359.76,1414.99,1424.0,1359.76,9.92760073,247.89705995810002
801760,2016-01-14,1420.9,1314.72,1422.39,1314.45,11.86513812,295.3277379547
801760,2016-01-15,1376.09,1410.87,1425.85,1367.43,12.08950241,282.8090262807
801760,2016-01-18,1407.22,1349.17,1429.26,1349.17,11.7009034,278.0820773378
801760,2016-01-19,1449.73,1406.24,1452.28,1395.59,12.67910889,313.6994615672
801760,2016-01-20,1427.37,1436.72,1453.85,1416.8,12.68315379,297.5651493623
801760,2016-01-21,1363.37,1407.05,1442.62,1363.37,11.36521391,277.9625362293
801760,2016-01-22,1389.53,1379.73,1399.12,1345.47,10.93401164,245.3645426733
801760,2016-01-25,1404.01,1400.51,1418.01,1390.85,9.47309538,221.5056224948
801760,2016-01-26,1295.74,1387.45,1387.45,1293.93,11.01785373,249.83720757740002
801760,2016-01-27,1295.37,1298.2,1307.23,1230.34,11.86017926,244.9424362703
801760,2016-01-28,1238.34,1275.9,1291.69,1235.26,8.9621059,181.0519478457
801760,2016-01-29,1281.32,1235.92,1294.88,1232.64,9.33276592,200.24920312490002
801760,2016-02-01,1266.87,1274.94,1285.27,1247.37,8.12695909,170.8402237121
801760,2016-02-02,1314.19,1267.37,1321.64,1267.32,9.26450983,207.8311428689
801760,2016-02-03,1325.46,1294.36,1331.43,1290.46,8.33577507,183.86428892799998
801760,2016-02-04,1351.75,1330.05,1359.64,1330.05,9.82503245,222.00785762169997
801760,2016-02-05,1330.35,1351.66,1356.02,1330.25,7.59847244,173.91787361779998
801760,2016-02-15,1332.61,1293.03,1342.55,1293.03,7.6427543,169.54495568389999
801760,2016-02-16,1389.68,1338.36,1392.73,1338.22,11.83190245,277.39670650200003
801760,2016-02-17,1405.9,1389.02,1409.09,1374.03,13.1801371,300.806559853
801760,2016-02-18,1400.01,1414.08,1420.68,1396.98,12.07825178,279.6204548978
801760,2016-02-19,1406.84,1397.87,1418.58,1393.85,11.0542774,267.83860025580003
801760,2016-02-22,1433.76,1426.31,1433.76,1414.46,13.1522057,313.6703596398
801760,2016-02-23,1413.96,1434.64,1436.49,1396.99,11.1579304,283.8214977471
801760,2016-02-24,1404.08,1406.52,1417.81,1374.52,10.52511384,257.1537209389
801760,2016-02-25,1297.54,1399.32,1399.32,1295.22,12.91084262,285.2368154076
801760,2016-02-26,1283.01,1305.43,1311.1,1261.02,9.5615569,208.1950171015
801760,2016-02-29,1206.7,1275.87,1275.87,1195.63,11.44224728,221.02432411819998
801760,2016-03-01,1229.71,1203.53,1242.49,1175.94,11.24117025,226.0255642226
801760,2016-03-02,1281.8,1229.86,1283.74,1228.37,12.82238904,261.613753932
801760,2016-03-03,1280.54,1279.5,1306.17,1277.87,12.75826365,267.90766979200004
801760,2016-03-04,1235.66,1274.37,1278.75,1219.79,12.64271941,239.045168554
801760,2016-03-07,1262.35,1246.86,1279.75,1246.7,9.35735788,192.31921639810002
801760,2016-03-08,1279.34,1256.24,1279.34,1210.71,11.69175782,237.57239897009998
801760,2016-03-09,1263.0,1254.83,1283.43,1248.99,9.93101951,201.82048295020002
801760,2016-03-10,1237.83,1261.08,1270.48,1236.76,7.78399038,162.4686286943
801760,2016-03-11,1240.46,1223.26,1247.87,1220.47,6.50796784,132.49489631059998
801760,2016-03-14,1288.96,1256.03,1303.48,1255.61,11.94359697,260.5326435926
801760,2016-03-15,1278.78,1286.77,1295.85,1271.85,9.41638877,203.4054292881
801760,2016-03-16,1268.92,1290.14,1293.67,1261.12,8.54696262,180.61330122599998
801760,2016-03-17,1323.35,1273.41,1325.35,1273.11,14.5740594,329.3376669059
801760,2016-03-18,1377.79,1331.55,1383.66,1331.55,18.90756564,427.34178061
801760,2016-03-21,1410.88,1400.22,1415.91,1390.63,19.89380783,467.22225239769995
801760,2016-03-22,1407.29,1393.84,1423.27,1387.61,17.39223643,373.42423217910004
801760,2016-03-23,1428.05,1403.01,1428.14,1399.1,15.31902252,364.47620378730005
801760,2016-03-24,1407.16,1415.15,1434.5,1405.48,16.87016052,407.37681758839994
801760,2016-03-25,1409.17,1403.01,1417.15,1389.92,11.99959328,280.0095262295
801760,2016-03-28,1396.44,1417.29,1427.9,1391.07,12.6417139,297.2915747059
801760,2016-03-29,1365.04,1391.94,1393.34,1352.55,11.37722798,273.1734772002
801760,2016-03-30,1412.76,1377.26,1412.8,1377.13,12.85473934,317.2662192195
801760,2016-03-31,1416.59,1418.54,1433.99,1414.05,15.28465952,381.08532765449996
801760,2016-04-01,1401.32,1407.18,1411.62,1376.26,12.69067521,317.4082382922
801760,2016-04-05,1436.97,1397.28,1441.35,1388.95,14.63280001,361.6830772313
801760,2016-04-06,1443.54,1429.61,1444.44,1428.28,13.97868568,356.89253183589994
801760,2016-04-07,1414.1,1446.16,1448.53,1414.1,12.97172804,333.9487890966
801760,2016-04-08,1400.36,1401.11,1407.77,1383.79,11.70154041,285.65504095529997
801760,2016-04-11,1428.99,1414.36,1437.12,1413.96,13.49169784,321.0343680232
801760,2016-04-12,1422.16,1426.88,1431.26,1404.91,11.03168962,276.9946595658
801760,2016-04-13,1439.87,1430.06,1458.9,1429.8,16.32502676,410.3235035751
801760,2016-04-14,1461.08,1448.99,1461.23,1442.58,14.90021326,357.9493030766
801760,2016-04-15,1450.97,1461.39,1461.39,1441.9,10.93704054,267.3514148306
801760,2016-04-20,1356.39,1430.49,1433.0,1338.05,15.58616409,340.9335555741
801760,2016-04-21,1330.23,1349.88,1359.92,1328.49,9.41338899,204.3274558822
801760,2016-04-22,1347.33,1321.43,1347.44,1320.8,7.6359969,172.7972069189
801760,2016-04-25,1338.38,1342.26,1342.33,1320.38,6.27831523,134.7782404269
801760,2016-04-26,1357.67,1338.43,1357.92,1337.3,6.62690508,144.0847092688
801760,2016-04-27,1350.53,1358.35,1363.31,1349.13,6.77170519,147.5432541822
801760,2016-04-28,1349.16,1350.7,1353.6,1327.68,6.83999934,148.37302433920001
801760,2016-04-29,1347.98,1343.29,1355.09,1341.32,5.87615746,132.5961817481
801760,2016-05-03,1388.61,1350.25,1388.62,1341.66,11.36668499,240.40625675849998
801760,2016-05-04,1383.78,1384.99,1397.46,1381.64,10.00094185,216.17286134169998
801760,2016-05-05,1397.15,1382.22,1398.26,1380.78,10.05035238,204.9061589196
801760,2016-05-06,1353.82,1398.67,1406.55,1353.68,14.21722296,271.7756362539
801760,2016-05-09,1309.3,1339.22,1339.22,1304.96,10.26165607,186.248456555
801760,2016-05-10,1306.2,1305.27,1314.73,1300.7,6.34642902,116.5517137417
801760,2016-05-11,1292.5,1313.33,1315.56,1288.88,8.2869779,152.9025190321
801760,2016-05-12,1287.41,1277.42,1288.92,1259.58,7.68841977,136.8291559234
801760,2016-05-13,1278.56,1284.14,1296.54,1272.43,5.74831332,104.5639453764
801760,2016-05-16,1299.12,1277.73,1299.23,1273.48,6.60331055,119.2626431617
801760,2016-05-17,1303.59,1300.47,1316.95,1285.97,8.07489884,154.8416674501
801760,2016-05-18,1273.83,1292.34,1292.44,1262.12,7.5947544,135.6436260854
801760,2016-05-19,1285.14,1274.4,1303.57,1274.37,7.77018312,157.2190792654
801760,2016-05-20,1297.68,1275.28,1297.71,1272.1,6.56185129,132.4123015066
801760,2016-05-23,1310.55,1297.56,1313.65,1297.56,7.94335052,157.957815873
801760,2016-05-24,1302.02,1306.33,1306.55,1291.9,7.17468274,143.1646242022
801760,2016-05-25,1298.64,1309.47,1316.99,1295.67,7.40396112,148.9008383927
801760,2016-05-26,1305.88,1295.69,1306.34,1275.13,7.5912463,148.9240148033
801760,2016-05-27,1303.04,1302.38,1310.8,1299.55,6.68956271,129.3504925724
801760,2016-05-30,1298.31,1294.71,1310.02,1286.05,6.85455893,118.27172392979999
801760,2016-05-31,1347.81,1300.18,1347.83,1300.12,13.75808025,247.8378351966
801760,2016-06-01,1349.83,1351.33,1359.64,1348.01,12.20207057,236.4109844894
801760,2016-06-02,1357.23,1347.63,1357.26,1345.6,9.34601933,175.0672895495
801760,2016-06-03,1369.66,1350.07,1382.84,1349.39,14.95419626,381.7133219653
801760,2016-06-06,1369.73,1381.72,1383.27,1361.93,10.86531621,275.5554703818
801760,2016-06-07,1363.7,1369.98,1373.93,1357.07,8.75895648,223.2286850522
801760,2016-06-08,1346.56,1359.28,1360.12,1339.58,10.20513894,245.9553277441
801760,2016-06-13,1256.79,1325.87,1325.87,1256.51,12.277077,271.7782774996
801760,2016-06-14,1247.09,1249.39,1259.22,1235.28,7.88777651,171.8909825034
801760,2016-06-15,1280.45,1234.35,1292.32,1232.42,10.1964989,214.3703209675
801760,2016-06-16,1265.08,1277.51,1282.56,1262.05,9.05001898,191.37135904509998
801760,2016-06-17,1272.57,1268.41,1291.53,1265.51,8.26221358,175.0298325593
801760,2016-06-20,1269.53,1271.27,1274.63,1252.84,7.13880131,154.2477581395
801760,2016-06-21,1259.1,1279.56,1290.37,1254.68,10.35620863,217.3859490194
801760,2016-06-22,1275.04,1255.47,1275.2,1252.07,7.5322074,157.830440044
801760,2016-06-23,1271.82,1274.46,1275.88,1259.65,8.29127558,175.6430372893
801760,2016-06-24,1253.99,1270.35,1281.5,1220.24,11.33693344,229.3514446284
801760,2016-06-27,1282.7,1244.77,1282.7,1244.77,9.82368654,206.56027548950001
801760,2016-06-28,1310.87,1276.48,1314.14,1274.83,13.85303357,302.3324848991
801760,2016-06-29,1310.41,1316.4,1321.38,1306.0,11.86453367,265.7679512781
801760,2016-06-30,1332.21,1313.72,1336.92,1307.22,12.01525443,299.2469608906
801760,2016-07-01,1320.21,1333.73,1337.05,1317.76,10.67365862,264.5296310918
801760,2016-07-05,1339.87,1339.6,1343.3,1330.64,12.08923983,271.1220318887
801760,2016-07-06,1343.46,1336.16,1345.73,1330.63,11.97843957,242.82333731990002
801760,2016-07-07,1334.82,1342.71,1343.49,1323.53,11.93710211,247.81779173639998
801760,2016-07-08,1334.74,1333.57,1342.16,1325.0,10.80828177,218.9711534142
801760,2016-07-11,1327.65,1341.48,1345.83,1326.84,12.66629523,260.8471152768
801760,2016-07-12,1344.0,1327.11,1344.08,1312.8,12.87052156,260.7225155365
801760,2016-07-13,1379.68,1349.24,1387.79,1346.83,21.87635291,443.4663040454
801760,2016-07-14,1383.1,1380.0,1386.38,1368.04,18.37616833,385.0734560782
801760,2016-07-15,1367.66,1380.43,1382.38,1365.56,14.85204851,305.751491103
801760,2016-07-18,1358.94,1366.38,1368.28,1350.0,13.16817761,281.6163031144
801760,2016-07-19,1371.92,1358.63,1371.92,1352.64,12.83896555,284.85417396869997
801760,2016-07-20,1377.5,1372.78,1387.61,1372.01,13.715473,297.3984453691
801760,2016-07-21,1375.38,1375.59,1388.44,1371.06,12.79462373,288.3773410463
801760,2016-07-22,1365.92,1375.3,1378.96,1364.16,11.87895252,252.7401485412
801760,2016-07-25,1369.48,1364.3,1373.21,1360.18,11.52157662,252.6380680464
801760,2016-07-26,1383.41,1366.82,1383.52,1366.82,11.24452829,234.20500845680002
801760,2016-07-27,1317.04,1385.3,1386.27,1303.28,19.32217366,394.2111658446
801760,2016-07-28,1306.75,1313.17,1323.32,1286.64,12.62030676,250.3271144862
801760,2016-07-29,1294.75,1306.86,1309.54,1288.43,8.48764042,169.1029205656
801760,2016-08-01,1279.67,1288.83,1288.84,1261.21,9.85737728,196.97893322669998
801760,2016-08-02,1286.94,1278.19,1287.0,1274.9,6.14037818,128.035091516
801760,2016-08-03,1286.7,1285.19,1290.76,1280.81,6.55506696,132.503670139
801760,2016-08-04,1293.46,1286.36,1295.89,1279.27,7.53367085,153.7680297151
801760,2016-08-05,1280.87,1292.7,1292.71,1279.61,7.2242467,144.7348290983
801760,2016-08-08,1295.97,1277.19,1296.03,1268.56,7.61619439,150.3614008555
801760,2016-08-09,1310.78,1292.86,1310.78,1292.78,8.4639358,174.46829726220002
801760,2016-08-10,1303.84,1310.92,1316.25,1303.66,8.78540717,173.7751750104
801760,2016-08-11,1288.78,1302.9,1305.99,1288.72,8.45858272,161.59032414770002
801760,2016-08-12,1298.44,1286.55,1298.52,1280.96,7.44292332,148.07269403770002
801760,2016-08-15,1341.47,1300.33,1346.32,1295.97,16.23670229,328.6256229763
801760,2016-08-16,1349.05,1345.37,1354.82,1345.37,12.32560021,264.783432729
801760,2016-08-17,1359.71,1352.47,1365.32,1351.4,13.65666599,309.2601995722
801760,2016-08-18,1358.82,1359.91,1364.28,1354.32,12.43764816,274.7074848498
801760,2016-08-19,1363.49,1360.2,1368.21,1356.61,10.2065881,229.44997524529998
801760,2016-08-22,1343.14,1365.27,1368.94,1343.04,10.60148365,233.8620691452
801760,2016-08-23,1350.81,1345.58,1356.17,1341.92,9.68486963,191.0808614161
801760,2016-08-24,1358.39,1358.12,1368.67,1356.43,10.24513104,208.9361181495
801760,2016-08-25,1352.03,1355.84,1355.86,1335.47,14.30438139,340.4408155164
801760,2016-08-26,1355.79,1355.92,1367.8,1354.03,12.14126891,262.68988366959996
801760,2016-08-29,1353.45,1354.28,1358.25,1349.98,9.36356374,208.05133276599997
801760,2016-08-30,1353.88,1358.12,1362.41,1351.75,10.84337102,237.5719953434
801760,2016-08-31,1357.59,1355.48,1359.8,1344.72,10.26616551,236.6957046707
801760,2016-09-01,1348.77,1358.52,1361.62,1348.67,9.66403389,222.29290277759998
801760,2016-09-02,1349.06,1347.2,1356.84,1341.37,10.02870794,220.5857023564
801760,2016-09-05,1348.82,1353.21,1359.91,1346.67,8.91218524,206.2779032495
801760,2016-09-06,1367.48,1348.66,1367.54,1335.34,11.45086932,271.9398602023
801760,2016-09-07,1355.82,1366.51,1368.9,1355.17,9.8955687,224.8360787763
801760,2016-09-08,1358.27,1356.13,1360.52,1351.09,8.59267909,200.33120184959998
801760,2016-09-09,1345.54,1357.07,1359.19,1345.52,9.70677404,208.4910805208
801760,2016-09-12,1305.2,1321.97,1327.58,1305.05,11.35393292,231.0464613933
801760,2016-09-13,1305.97,1310.42,1314.16,1298.81,7.10444182,151.37386409799998
801760,2016-09-14,1302.77,1299.38,1310.76,1295.17,7.22655764,154.2141517814
801760,2016-09-19,1317.56,1306.32,1323.3,1306.28,6.8688321,157.642339279
801760,2016-09-20,1312.67,1318.06,1318.86,1310.92,6.42489065,138.20063320469998
801760,2016-09-21,1313.59,1311.66,1318.52,1310.84,5.99481021,127.7421049704
801760,2016-09-22,1318.23,1322.08,1323.87,1317.53,7.27134519,156.17936834559998
801760,2016-09-23,1312.26,1319.72,1320.3,1311.97,7.8583646,170.03608507479998
801760,2016-09-26,1284.85,1311.27,1311.27,1284.48,9.34535018,196.5955483968
801760,2016-09-27,1294.73,1280.77,1294.73,1278.51,6.93263531,143.3055598032
801760,2016-09-28,1287.42,1295.49,1295.52,1285.54,5.39194801,109.62041675520001
801760,2016-09-29,1291.35,1288.14,1296.64,1288.03,5.97796149,127.0050941749
801760,2016-09-30,1294.92,1289.77,1296.71,1289.77,5.30869775,109.28855988120002
801760,2016-10-10,1326.0,1302.54,1326.15,1299.57,9.34600378,197.5144737063
801760,2016-10-11,1328.18,1326.9,1328.31,1323.18,8.31227066,180.7636247578
801760,2016-10-12,1325.19,1323.53,1326.37,1320.23,7.5563285,161.8602247084
801760,2016-10-13,1324.09,1326.38,1329.0,1321.5,7.41876197,161.9219297162
801760,2016-10-14,1315.43,1320.53,1320.65,1308.27,7.05773872,150.4923288268
801760,2016-10-17,1301.31,1315.83,1316.82,1298.82,8.01550822,169.1469849417
801760,2016-10-18,1319.15,1300.65,1319.15,1300.55,8.44293988,173.0176784867
801760,2016-10-19,1318.28,1321.92,1322.97,1314.57,9.39458153,184.4277512118
801760,2016-10-20,1321.05,1318.6,1321.24,1313.45,8.94591007,180.2514923207
801760,2016-10-21,1316.25,1320.94,1322.98,1306.49,9.63388378,207.9049449696
801760,2016-10-24,1329.01,1315.36,1332.77,1312.96,10.80876595,234.03879947169997
801760,2016-10-25,1331.61,1330.05,1332.61,1327.87,9.18042906,205.4200621689
801760,2016-10-26,1322.8,1330.53,1330.53,1318.21,9.76990957,208.4804934657
801760,2016-10-27,1325.82,1322.11,1325.99,1319.66,8.80478214,181.5805243352
801760,2016-10-28,1318.07,1325.73,1331.5,1317.77,10.94819489,227.3249109142
801760,2016-10-31,1312.26,1314.43,1316.27,1307.22,9.73141225,193.8937931287
801760,2016-11-01,1323.4,1312.55,1323.8,1312.38,9.38571129,189.0593807492
801760,2016-11-02,1310.53,1321.11,1322.79,1309.63,9.95355797,216.4821570064
801760,2016-11-03,1315.41,1305.78,1324.65,1305.29,12.66759219,272.6895928126
801760,2016-11-04,1321.3,1313.75,1324.97,1313.58,12.93293628,282.2741656065
801760,2016-11-07,1312.99,1317.98,1322.23,1310.46,9.87707698,225.5554379882
801760,2016-11-08,1325.08,1317.9,1325.99,1315.13,11.25909595,252.8009725052
801760,2016-11-09,1308.55,1325.34,1326.42,1292.67,12.35004368,268.59494199470004
801760,2016-11-10,1326.4,1321.19,1327.49,1313.54,11.79776644,259.857025517
801760,2016-11-11,1332.97,1326.56,1332.97,1321.66,14.33144744,309.7201677648
801760,2016-11-14,1348.17,1334.11,1351.07,1334.11,14.29508168,311.3410852356
801760,2016-11-15,1358.28,1347.18,1358.28,1339.09,13.54143202,335.8010539797
801760,2016-11-16,1361.6,1362.52,1372.44,1361.28,16.37721534,382.2303157526
801760,2016-11-17,1350.61,1356.12,1358.99,1347.71,10.88891344,267.68790400299997
801760,2016-11-18,1344.39,1350.67,1353.6,1343.18,8.68491758,217.17065243919998
801760,2016-11-21,1346.26,1345.35,1348.19,1341.62,10.87821841,260.0404220116
801760,2016-11-22,1363.42,1347.68,1363.42,1346.38,14.31283319,336.1498861247
801760,2016-11-23,1354.6,1364.92,1368.26,1352.64,16.19015668,388.4776483692
801760,2016-11-24,1341.65,1349.31,1356.37,1339.64,11.83665254,278.81696029259996
801760,2016-11-25,1349.57,1339.92,1349.67,1323.44,13.97611661,310.12282229740003
801760,2016-11-28,1345.02,1350.09,1352.01,1344.1,11.86190653,260.2044528702
801760,2016-11-29,1340.56,1342.04,1351.27,1338.23,14.51237735,299.0977660575
801760,2016-11-30,1347.64,1337.8,1354.86,1336.75,15.29103472,312.2589035488
801760,2016-12-01,1350.74,1347.59,1352.03,1344.58,13.33785493,282.22480009189997
801760,2016-12-02,1327.36,1348.55,1351.26,1326.26,13.83089544,296.673904876
801760,2016-12-05,1320.8,1314.87,1330.29,1312.96,10.6322936,215.49265128119998
801760,2016-12-06,1308.45,1323.14,1326.4,1307.58,10.26228497,216.5944181292
801760,2016-12-07,1315.99,1308.58,1315.99,1304.88,8.8266383,175.3665257661
801760,2016-12-08,1305.8,1316.23,1316.23,1305.18,9.84206435,198.5993745521
801760,2016-12-09,1299.73,1305.8,1306.75,1296.95,11.35596887,227.6599672173
801760,2016-12-12,1230.79,1297.44,1297.44,1230.4,15.66248495,299.4936006328
801760,2016-12-13,1228.9,1226.29,1235.36,1211.44,9.85646221,185.0667033443
801760,2016-12-14,1218.92,1227.97,1230.03,1215.76,9.20075416,169.8377057766
801760,2016-12-15,1228.64,1216.97,1236.01,1216.27,9.16886447,165.2086190872
801760,2016-12-16,1243.08,1229.89,1246.51,1229.6,9.33600116,173.648244643
801760,2016-12-19,1235.5,1241.68,1241.68,1232.63,8.43640369,146.6189078039
801760,2016-12-20,1233.05,1235.35,1235.94,1227.02,7.51788687,130.7306936277
801760,2016-12-21,1242.05,1238.25,1242.06,1237.3,8.50704689,158.8818756007
801760,2016-12-22,1236.84,1242.18,1242.2,1230.54,8.24123789,147.1456272718
801760,2016-12-23,1226.81,1235.34,1238.3,1224.48,9.67803286,177.2096846416
801760,2016-12-26,1227.24,1221.93,1227.32,1205.12,9.04216261,165.1370529259
801760,2016-12-27,1221.58,1225.19,1229.56,1220.99,7.15011296,140.2506940583
801760,2016-12-28,1215.03,1219.89,1221.23,1211.29,7.41857071,138.5223464354
801760,2016-12-29,1211.13,1213.21,1221.14,1210.87,8.36632659,150.1684453897
801760,2016-12-30,1207.85,1211.57,1214.03,1204.77,8.05447162,139.0186550151
801760,2017-01-03,1214.4,1210.05,1214.4,1210.01,8.33882594,147.2821873094
801760,2017-01-04,1228.56,1214.66,1228.6,1211.84,11.67391148,206.1739046617
801760,2017-01-05,1223.23,1226.57,1227.86,1223.16,8.38546292,149.50045597620002
801760,2017-01-06,1209.57,1222.36,1222.37,1208.73,7.85414201,139.6507585642
801760,2017-01-09,1211.43,1207.93,1212.96,1203.61,6.95786499,119.27408728799999
801760,2017-01-10,1208.75,1211.36,1213.49,1207.13,7.51959232,129.5334895247
801760,2017-01-11,1195.82,1206.51,1209.0,1194.02,7.88315884,134.8012087207
801760,2017-01-12,1186.96,1195.51,1200.32,1186.93,6.94090718,120.47538445049999
801760,2017-01-13,1174.85,1187.8,1189.6,1172.02,9.16182198,163.68658029600002
801760,2017-01-16,1136.67,1174.29,1174.6,1105.93,13.20118723,243.079317195
801760,2017-01-17,1159.41,1131.48,1162.82,1120.86,10.81677594,210.6068478245
801760,2017-01-18,1148.55,1154.08,1156.66,1147.89,7.79130873,150.5490352667
801760,2017-01-19,1147.84,1145.8,1153.08,1138.47,6.33078895,141.1967330482
801760,2017-01-20,1166.59,1145.13,1171.19,1145.11,8.1952248,189.1323697475
801760,2017-01-23,1174.13,1166.02,1175.16,1166.02,7.13775638,143.5857846477
801760,2017-01-24,1161.71,1173.23,1173.27,1160.98,5.98308402,132.5410645849
801760,2017-01-25,1169.01,1160.12,1170.18,1159.11,5.80300157,123.42831368559999
801760,2017-01-26,1175.15,1170.29,1176.26,1170.15,5.70160273,120.35183353
801760,2017-02-03,1167.37,1174.81,1175.58,1165.07,5.08667115,102.6766660585
801760,2017-02-06,1178.03,1166.92,1178.22,1164.85,6.19937827,127.56473617309999
801760,2017-02-07,1170.39,1176.88,1177.01,1166.44,6.35074835,128.3709871859
801760,2017-02-08,1179.15,1168.14,1179.15,1163.79,6.83600899,135.9457188259
801760,2017-02-09,1182.7,1177.82,1183.18,1177.27,7.14549608,141.482642543
801760,2017-02-10,1173.26,1180.44,1181.98,1173.02,8.41590539,166.2339547491
801760,2017-02-13,1180.55,1172.47,1183.04,1168.26,9.06521195,174.2185153301
801760,2017-02-14,1181.33,1181.55,1184.27,1178.48,7.49251114,156.2468608189
801760,2017-02-15,1168.25,1178.98,1183.61,1167.24,9.45963347,191.3962467172
801760,2017-02-16,1168.11,1165.31,1168.34,1161.48,8.37606787,160.5702039526
801760,2017-02-17,1158.9,1167.03,1173.53,1158.52,10.0617357,189.68277757709998
801760,2017-02-20,1165.62,1157.27,1165.62,1153.28,8.69096801,159.1929538866
801760,2017-02-21,1180.2,1165.23,1182.2,1164.16,10.01632896,194.9364002921
801760,2017-02-22,1183.01,1180.41,1183.64,1174.83,9.32263656,176.50094387599998
801760,2017-02-23,1183.7,1182.01,1183.87,1176.7,8.56474611,164.049983577
801760,2017-02-24,1199.33,1183.86,1199.71,1182.98,11.14627284,224.8904450794
801760,2017-02-27,1194.94,1198.42,1205.1,1194.36,10.58054595,204.97829737240002
801760,2017-02-28,1196.32,1193.27,1196.32,1189.1,10.54279885,201.4266467105
801760,2017-03-01,1200.94,1194.2,1204.84,1193.18,12.88896897,250.45180909459998
801760,2017-03-02,1189.88,1199.55,1201.0,1189.63,10.37524281,210.02277355080003
801760,2017-03-03,1187.12,1185.59,1188.84,1179.18,8.28380911,180.5693083203
801760,2017-03-06,1198.76,1185.97,1198.81,1185.93,8.97855825,184.56394413
801760,2017-03-07,1202.15,1199.64,1202.15,1194.44,9.42618342,195.4742632477
801760,2017-03-08,1193.16,1202.07,1202.07,1191.38,8.68111839,173.46344622669997
801760,2017-03-09,1185.02,1191.37,1191.37,1181.1,8.19033257,172.07832403970002
801760,2017-03-10,1185.35,1184.75,1189.14,1183.91,7.14083951,149.3673748046
801760,2017-03-13,1191.27,1184.06,1191.31,1174.64,7.33512254,152.676139552
801760,2017-03-14,1188.42,1191.64,1194.79,1185.15,7.78025249,165.991479857
801760,2017-03-15,1186.29,1186.58,1189.04,1178.3,7.80698979,175.8580558091
801760,2017-03-16,1194.78,1186.21,1194.78,1186.17,8.76037848,183.1722610059
801760,2017-03-17,1187.5,1196.88,1203.89,1187.02,12.1463403,242.8715849757
801760,2017-03-20,1188.73,1185.66,1188.82,1180.38,9.33572917,197.7529530009
801760,2017-03-21,1186.33,1188.76,1188.9,1183.34,8.03564891,179.07575079580002
801760,2017-03-22,1174.03,1180.04,1181.6,1169.99,8.73473087,178.6659058184
801760,2017-03-23,1177.64,1174.15,1181.36,1168.31,8.56350314,182.0743915436
801760,2017-03-24,1181.25,1179.41,1183.36,1174.44,8.96831804,185.5814508766
801760,2017-03-27,1178.18,1180.72,1181.4,1174.88,8.90919075,184.9145410316
801760,2017-03-28,1172.64,1176.18,1177.79,1171.48,7.53616864,157.062071083
801760,2017-03-29,1161.91,1174.86,1174.88,1160.99,7.66155677,162.17541437399998
801760,2017-03-30,1136.05,1159.87,1159.99,1135.83,9.16991935,171.2071339742
801760,2017-03-31,1143.86,1138.41,1145.17,1138.1,6.58818072,135.5949444156
801760,2017-04-06,1155.53,1157.29,1160.11,1154.63,6.88172404,136.3854388863
801760,2017-04-07,1155.2,1155.53,1157.28,1152.2,7.45772941,143.8841917199
801760,2017-04-10,1132.88,1153.24,1153.29,1132.46,9.02304958,169.6505954957
801760,2017-04-11,1135.61,1130.62,1135.61,1118.73,8.64735133,152.3930823442
801760,2017-04-12,1126.75,1133.07,1133.22,1125.83,6.65162215,121.19016145549999
801760,2017-04-13,1127.66,1125.93,1132.43,1125.59,5.32962673,95.4152884559
801760,2017-04-14,1115.52,1126.26,1126.26,1114.2,6.45635813,107.1241371176
801760,2017-04-17,1100.81,1110.92,1111.01,1097.21,7.27536465,117.17507127569999
801760,2017-04-18,1085.44,1100.99,1103.28,1084.84,6.13115024,99.0090729318
801760,2017-04-19,1082.35,1083.0,1084.5,1068.46,7.06597287,113.0500496418
801760,2017-04-20,1080.47,1081.35,1084.55,1073.88,6.03713621,97.7788266287
801760,2017-04-21,1078.58,1080.68,1083.83,1076.58,4.78168437,76.95656924149999
801760,2017-04-24,1061.74,1077.13,1077.19,1055.32,6.6178591,104.05994712959999
801760,2017-04-25,1063.0,1061.47,1069.87,1061.42,4.86938172,83.6663889054
801760,2017-04-26,1063.34,1063.15,1066.39,1060.37,5.53941187,93.6260905331
801760,2017-04-27,1075.25,1061.77,1076.48,1047.54,8.56230466,139.3704083142
801760,2017-04-28,1079.65,1071.93,1079.65,1071.93,5.98726809,108.7201891911
801760,2017-05-02,1076.0,1077.83,1080.33,1073.88,5.67819216,98.5986329265
801760,2017-05-03,1075.14,1075.01,1078.27,1069.21,6.01303175,104.02432939040001
801760,2017-05-04,1069.63,1073.45,1078.88,1067.58,5.88691658,100.1338102551
801760,2017-05-05,1061.6,1065.83,1069.54,1061.6,6.27336217,112.6734794689
801760,2017-05-08,1063.28,1058.79,1072.22,1058.09,7.42201887,129.22654875889998
801760,2017-05-09,1071.24,1059.69,1071.59,1055.86,7.29046336,124.4735649021
801760,2017-05-10,1055.11,1070.1,1076.26,1055.11,8.1482547,140.6571317528
801760,2017-05-11,1046.52,1049.14,1051.09,1027.14,9.31078833,143.812131907
801760,2017-05-12,1041.05,1044.48,1045.84,1035.43,6.62125055,106.2865679935
801760,2017-05-15,1042.42,1041.82,1047.81,1041.7,5.61378157,92.48625983139999
801760,2017-05-16,1057.44,1041.44,1057.46,1031.5,8.97783281,140.6782921089
801760,2017-05-17,1070.58,1056.6,1076.04,1056.06,11.83248244,191.89641224009998
801760,2017-05-18,1066.56,1062.72,1071.1,1062.72,8.50567934,132.0921773965
801760,2017-05-19,1062.3,1066.26,1068.32,1057.73,7.07257264,113.0271428733
801760,2017-05-22,1048.97,1059.56,1064.08,1045.21,7.55164652,116.0669874985
801760,2017-05-23,1028.17,1045.89,1047.76,1027.85,8.04078352,118.597308912
801760,2017-05-24,1032.71,1023.51,1032.71,1012.74,7.23497665,104.12514341
801760,2017-05-25,1036.93,1027.97,1039.93,1019.43,7.67074476,111.53415929200001
801760,2017-05-26,1034.57,1033.59,1038.2,1032.59,6.17098808,90.9634727281
801760,2017-05-31,1035.16,1044.09,1046.54,1034.91,8.70772092,128.93669602190002
801760,2017-06-01,1012.99,1030.74,1030.9,1012.83,8.85273674,126.7022737776
801760,2017-06-02,1025.44,1010.34,1027.04,1004.55,8.48257055,127.1619151094
801760,2017-06-05,1033.94,1026.84,1037.45,1026.26,7.84278158,126.5283989059
801760,2017-06-06,1039.01,1033.35,1039.03,1031.94,6.39418445,97.3350948094
801760,2017-06-07,1063.89,1038.93,1065.34,1038.38,11.77455329,190.21479353130002
801760,2017-06-08,1063.65,1063.25,1068.45,1062.35,9.22046326,149.3102155648
801760,2017-06-09,1067.51,1066.14,1068.79,1060.47,8.29578291,133.493487418
801760,2017-06-12,1053.35,1063.11,1063.16,1052.02,8.31636592,126.3874981163
801760,2017-06-13,1065.86,1050.66,1066.71,1050.65,9.11935463,129.15772989639999
801760,2017-06-14,1059.88,1063.3,1065.28,1058.5,8.12597147,123.47279286
801760,2017-06-15,1076.3,1059.76,1080.18,1059.76,12.60932915,183.3601536128
801760,2017-06-16,1076.07,1078.81,1080.64,1072.92,9.95198594,152.05373547940002
801760,2017-06-19,1077.83,1071.64,1079.11,1070.41,10.57952316,163.4261691753
801760,2017-06-20,1072.6,1077.03,1079.47,1071.54,9.0998014,139.9133276591
801760,2017-06-21,1070.32,1077.24,1078.17,1064.35,11.40832119,153.8452181999
801760,2017-06-22,1054.87,1069.57,1074.63,1054.84,11.6075611,173.9618490947
801760,2017-06-23,1053.68,1051.66,1054.16,1040.57,10.07734235,154.629566104
801760,2017-06-26,1064.11,1052.72,1064.15,1051.48,8.90797107,135.1282302439
801760,2017-06-27,1068.73,1064.81,1071.56,1064.25,9.52671563,140.3601129592
801760,2017-06-28,1060.8,1065.72,1065.8,1057.4,8.55650623,119.804183535
801760,2017-06-29,1062.54,1061.01,1065.97,1059.07,7.45085789,112.0169376682
801760,2017-06-30,1059.2,1058.41,1059.75,1052.38,7.75014992,114.3649510475
801760,2017-07-03,1068.07,1058.99,1068.07,1056.85,9.55632536,138.2166691631
801760,2017-07-04,1059.91,1066.52,1066.55,1058.42,8.76728286,126.0749753342
801760,2017-07-05,1063.04,1058.37,1063.04,1054.53,9.20144567,135.4421781549
801760,2017-07-06,1053.87,1061.81,1061.82,1048.7,10.55425113,144.5193668278
801760,2017-07-07,1052.21,1052.77,1054.18,1049.14,9.93341857,130.6899258304
801760,2017-07-10,1038.06,1049.33,1049.33,1037.52,9.74580427,132.012520143
801760,2017-07-11,1029.45,1036.94,1039.21,1029.36,8.1006996,109.6180916378
801760,2017-07-12,1025.62,1026.33,1028.81,1014.7,8.62735269,112.8139951938
801760,2017-07-13,1019.94,1022.72,1022.86,1018.22,6.92979328,94.9965473651
801760,2017-07-14,1012.66,1017.38,1018.27,1010.6,7.66808885,96.7553196496
801760,2017-07-17,963.28,1004.38,1004.46,962.9,13.60036515,162.99210334120002
801760,2017-07-18,966.27,959.18,967.02,952.11,10.25213488,120.5751725841
801760,2017-07-19,973.57,963.38,973.75,959.46,9.57480989,109.8537711442
801760,2017-07-20,974.57,972.83,980.95,971.78,8.77385913,104.31918437510001
801760,2017-07-24,976.5,972.98,977.12,968.79,8.24051953,106.66997822729999
801760,2017-07-25,983.54,975.67,985.75,974.39,10.40850717,130.4398868317
801760,2017-07-26,983.61,983.79,985.39,978.94,9.11844436,123.4472524225
801760,2017-07-27,1015.12,981.8,1015.37,979.89,20.30613931,263.6382381714
801760,2017-07-28,1008.84,1013.4,1015.67,1007.13,15.28954241,212.39380289009998
801760,2017-07-31,1009.39,1007.71,1012.35,1003.19,12.24482453,166.1737682642
801760,2017-08-01,1009.75,1009.26,1012.12,1003.55,12.66330518,174.8997273107
801760,2017-08-02,1001.21,1008.28,1009.7,1001.09,12.75271572,169.9778803812
801760,2017-08-03,1010.63,1000.06,1010.63,1000.06,16.00213291,208.9883609895
801760,2017-08-04,1003.04,1009.85,1010.25,1002.59,12.60285006,167.29585800569998
801760,2017-08-07,1007.5,1002.45,1011.51,1002.44,11.0322831,154.3409665863
801760,2017-08-08,1016.18,1006.04,1016.18,1001.0,15.48728447,207.3585558272
801760,2017-08-09,1016.22,1014.67,1021.61,1013.77,12.95395167,179.2667640037
801760,2017-08-10,1008.33,1014.91,1018.12,1001.5,13.06148583,178.33576561150002
801760,2017-08-11,1001.39,1001.75,1010.5,999.85,13.03082088,176.9842159239
801760,2017-08-14,1020.24,1001.9,1020.29,1001.83,13.08263029,182.3280142521
801760,2017-08-15,1021.25,1019.84,1021.25,1015.61,12.65975969,169.4932628391
801760,2017-08-16,1037.78,1019.95,1041.23,1018.54,19.37364952,267.7486910094
801760,2017-08-17,1041.71,1034.7,1044.43,1033.99,16.72392988,236.3118402414
801760,2017-08-18,1034.31,1035.71,1039.54,1033.24,14.05127592,190.2509596291
801760,2017-08-21,1037.1,1033.91,1037.36,1031.95,11.70196513,158.6813931904
801760,2017-08-22,1027.22,1035.32,1036.94,1025.67,11.70900694,163.2653241247
801760,2017-08-23,1021.95,1026.9,1028.43,1020.01,9.9386105,138.638996269
801760,2017-08-24,1012.37,1020.56,1021.0,1010.81,10.68507684,155.8337109647
801760,2017-08-25,1024.31,1011.44,1024.31,1010.87,10.66314057,151.6285441526
801760,2017-08-28,1039.24,1027.28,1042.83,1024.38,16.00700788,235.08084475259997
801760,2017-08-29,1036.82,1038.18,1041.53,1034.82,12.05140406,177.9100704739
801760,2017-08-30,1038.3,1036.6,1041.38,1036.51,11.53317853,165.3417123358
801760,2017-08-31,1043.24,1039.22,1043.24,1038.55,10.74541932,159.495769074
801760,2017-09-01,1048.43,1044.05,1049.01,1039.91,13.69794882,198.34966782970002
801760,2017-09-04,1053.22,1047.95,1054.59,1045.41,14.62387399,207.24278595740003
801760,2017-09-05,1051.1,1053.94,1055.23,1048.51,16.64122586,234.1933160622
801760,2017-09-06,1057.27,1049.3,1057.27,1046.08,15.88350028,223.5436893145
801760,2017-09-07,1054.88,1058.14,1064.73,1054.1,18.74741779,272.66293506619996
801760,2017-09-08,1053.13,1054.88,1058.05,1048.82,14.79452597,210.3482208836
801760,2017-09-11,1057.59,1053.43,1057.59,1051.64,13.17190154,185.06845444560003
801760,2017-09-12,1047.77,1058.33,1058.52,1047.37,16.95579654,231.1060536444
801760,2017-09-13,1048.51,1046.37,1049.42,1044.33,11.46261027,152.4316185895
801760,2017-09-14,1048.96,1048.16,1052.48,1045.3,11.46804344,160.5617007713
801760,2017-09-15,1047.04,1048.32,1048.96,1043.24,12.00890265,168.7715337038
801760,2017-09-18,1051.68,1045.95,1051.68,1044.86,10.32163997,142.52523288540002
801760,2017-09-19,1047.46,1052.09,1053.37,1045.82,11.53059144,157.7972703271
801760,2017-09-20,1050.97,1046.44,1050.97,1044.08,10.30251764,141.5728627682
801760,2017-09-21,1038.93,1050.74,1052.4,1038.91,11.39768798,156.2660019735
801760,2017-09-22,1034.25,1036.38,1036.4,1029.7,10.01615486,131.5106434717
801760,2017-09-25,1021.96,1032.38,1033.44,1020.88,9.24131528,121.7270690752
801760,2017-09-26,1020.88,1021.09,1023.86,1015.24,8.30137551,111.260683946
801760,2017-09-27,1023.77,1020.89,1024.79,1020.78,7.52453077,99.628079071
801760,2017-09-28,1020.68,1023.59,1026.11,1020.68,8.64051138,115.5562047167
801760,2017-09-29,1026.51,1020.46,1027.02,1020.45,8.29319542,113.6588482407
801760,2017-10-09,1036.91,1035.85,1039.3,1028.63,11.74289811,161.91560378260002
801760,2017-10-10,1051.76,1036.71,1051.76,1035.92,15.33614746,197.68407268290002
801760,2017-10-11,1052.54,1053.31,1058.62,1052.04,17.15189366,211.51539758
801760,2017-10-12,1050.45,1051.17,1054.5,1043.74,12.90785295,170.7312688021
801760,2017-10-13,1055.02,1050.32,1055.14,1048.32,10.81807247,149.6378298514
801760,2017-10-16,1032.84,1053.55,1053.9,1032.84,14.51776074,190.89877347849998
801760,2017-10-17,1030.46,1031.62,1035.57,1027.9,8.47943469,112.7632077243
801760,2017-10-18,1023.92,1032.01,1034.44,1023.73,9.56331858,132.08184750290002
801760,2017-10-19,1015.4,1023.34,1025.17,1014.33,9.61491347,133.4182175764
801760,2017-10-20,1029.98,1015.49,1030.01,1013.88,8.57326751,136.2446698368
801760,2017-10-23,1034.35,1029.52,1034.35,1028.7,8.12732758,136.5693579974
801760,2017-10-24,1029.23,1032.75,1032.84,1022.38,9.053715,148.3631660268
801760,2017-10-25,1032.83,1028.06,1032.85,1026.02,7.2217373,115.1451594761
801760,2017-10-26,1034.58,1032.72,1035.46,1029.29,9.69132758,149.2579942426
801760,2017-10-27,1028.04,1033.01,1035.0,1027.25,8.97284241,133.449164783
801760,2017-10-30,998.58,1026.34,1026.46,995.92,13.64027174,184.25929074299998
801760,2017-10-31,1001.78,997.37,1001.79,996.32,7.8090088,107.596547411
801760,2017-11-01,1001.41,1002.08,1005.69,1000.29,8.56779017,120.7001760382
801760,2017-11-02,993.39,1000.31,1000.31,993.0,8.8683,122.8708663634
801760,2017-11-03,989.36,995.82,999.07,985.07,9.98172843,140.0141516867
801760,2017-11-06,993.79,986.72,993.81,984.76,8.8381214,137.735792931
801760,2017-11-07,1000.94,994.06,1001.1,992.82,9.98272496,150.8120386709
801760,2017-11-08,1012.36,1001.01,1017.63,999.96,14.22776809,216.29020504009998
801760,2017-11-09,1011.91,1010.11,1012.47,1008.35,10.41617421,165.324792126
801760,2017-11-10,1012.45,1011.92,1015.53,1008.74,11.15257946,175.1262463407
801760,2017-11-13,1006.82,1012.6,1013.94,1005.23,10.9443317,168.600025496
801760,2017-11-14,996.3,1005.96,1006.0,992.56,10.78655375,167.186213692
801760,2017-11-15,989.16,994.38,995.49,985.16,8.56029981,131.2998862605
801760,2017-11-16,986.2,987.43,992.99,985.11,8.17699976,124.84116764299999
801760,2017-11-17,959.14,985.9,985.94,957.61,13.6346056,182.5449347282
801760,2017-11-20,963.11,954.85,963.11,941.75,9.88715376,127.0091620618
801760,2017-11-21,967.98,963.23,969.85,961.56,10.57785169,146.31398186959998
801760,2017-11-22,970.0,967.91,970.9,962.48,10.4598178,139.2249278227
801760,2017-11-23,950.44,967.01,969.28,950.37,10.99380979,145.6494600613
801760,2017-11-24,952.71,947.24,955.62,947.21,8.54306866,112.05633217709999
801760,2017-11-27,942.34,953.17,953.21,941.12,8.32318233,108.9051957133
801760,2017-11-28,952.76,941.95,952.76,941.81,7.87652715,104.35392634600001
801760,2017-11-29,946.08,951.49,952.14,937.65,8.79958928,115.0904517582
801760,2017-11-30,940.68,943.85,947.3,938.42,7.1462314,94.5416518545
801760,2017-12-01,958.25,940.46,958.96,940.38,10.09786606,130.9193399526
801760,2017-12-04,946.61,956.02,956.69,946.2,9.63472539,130.5238759781
801760,2017-12-05,928.9,944.03,948.3,923.67,10.42518824,129.4891702242
801760,2017-12-06,941.18,927.58,941.23,924.57,9.72177414,121.3224950453
801760,2017-12-07,941.57,937.79,945.2,936.83,9.39229123,121.1280683959
801760,2017-12-08,949.31,940.23,950.36,940.22,9.64127768,128.2630280782
801760,2017-12-11,960.3,951.61,962.58,951.58,10.55873263,140.0813415598
801760,2017-12-12,953.22,960.6,961.65,953.21,10.92309079,155.1409766622
801760,2017-12-13,955.92,952.19,955.92,948.76,8.26139802,113.30214645
801760,2017-12-14,954.46,955.28,957.89,951.95,9.53791296,130.4545024918
801760,2017-12-15,954.12,954.06,954.92,948.85,9.32332948,131.014202413
801760,2017-12-18,947.48,953.63,953.65,943.96,8.77083369,115.71947808659999
801760,2017-12-19,953.26,947.1,954.44,947.08,8.95556262,119.46653315729999
801760,2017-12-20,940.72,952.28,952.44,940.29,8.46778522,107.230020864
801760,2017-12-21,940.07,938.51,941.74,931.46,8.83832661,112.03980343200001
801760,2017-12-22,935.07,938.53,939.36,934.1,7.13010644,99.6787459203
801760,2017-12-25,920.89,934.83,935.58,919.07,9.65519397,119.57641470889999
801760,2017-12-26,924.22,920.13,924.22,913.92,9.7686691,120.6604690817
801760,2017-12-27,916.4,922.07,922.79,913.56,8.81997682,116.7731163231
801760,2017-12-28,924.89,913.67,926.75,912.48,10.01693547,132.069216968
801760,2017-12-29,928.83,923.4,928.85,920.76,8.00752851,107.7189066731
801760,2018-01-02,934.33,929.12,935.32,929.08,8.65839649,105.47115272639999
801760,2018-01-03,937.88,933.41,938.56,930.98,10.49440981,136.70079844
801760,2018-01-04,934.39,936.95,936.95,932.21,8.67771212,113.3785914335
801760,2018-01-05,935.9,934.56,938.18,934.33,9.06241602,115.4822263459
801760,2018-01-08,933.07,935.05,935.07,928.4,11.59236055,142.0398518053
801760,2018-01-09,930.42,931.45,931.5,926.14,9.99764634,123.27544792709999
801760,2018-01-10,928.79,930.44,930.75,922.76,10.97798428,132.7454211057
801760,2018-01-11,938.4,928.57,940.2,925.64,15.15616302,163.6079504055
801760,2018-01-12,935.7,939.55,942.81,935.31,12.75853165,153.0391748889
801760,2018-01-15,911.29,929.98,930.0,908.35,13.21179691,156.6765594299
801760,2018-01-16,915.75,908.41,915.75,908.41,10.71771574,128.3201048968
801760,2018-01-17,922.17,913.69,923.49,904.7,13.51368495,166.18050910440002
801760,2018-01-18,918.72,917.86,924.15,917.86,9.25284696,120.7472701225
801760,2018-01-19,916.91,918.89,921.8,916.48,10.43932864,136.5005984551
801760,2018-01-22,939.62,916.0,943.03,911.09,15.64079153,203.81053059380002
801760,2018-01-23,945.1,939.41,946.18,938.63,12.10780813,170.14607565059998
801760,2018-01-24,970.17,940.12,971.17,936.53,23.82248258,324.8133048083
801760,2018-01-25,966.56,967.41,989.45,966.3,27.86815391,380.4631893034
801760,2018-01-26,966.84,962.29,970.56,961.59,18.19581182,249.7522005464
801760,2018-01-29,953.62,962.72,965.03,947.72,17.176931,234.4733588143
801760,2018-01-30,944.81,949.03,952.69,943.02,14.03357512,187.1656942571
801760,2018-01-31,917.88,934.21,934.23,917.56,18.42559453,232.0877549788
801760,2018-02-01,893.09,916.69,918.34,892.92,17.75030543,219.5384205048
801760,2018-02-02,897.45,885.6,904.35,878.47,15.99879351,210.3311120074
801760,2018-02-05,891.02,883.69,893.7,882.08,12.94218099,168.4962869147
801760,2018-02-06,852.96,872.57,883.61,851.88,16.59389099,211.6884059422
801760,2018-02-07,861.57,865.69,869.97,841.98,18.06634028,224.1526009915
801760,2018-02-08,866.72,856.53,873.66,855.95,23.11698494,223.8125069366
801760,2018-02-09,836.49,843.85,851.34,827.82,22.11080492,231.4694387034
801760,2018-02-12,858.01,840.02,861.16,837.96,15.70327598,175.6120281159
801760,2018-02-13,853.1,859.22,865.24,851.27,13.88602343,155.3440637816
801760,2018-02-14,850.05,852.46,854.56,847.58,11.29218759,117.3956874388
801760,2018-02-22,867.94,861.01,871.71,857.29,13.97693905,162.8749975117
801760,2018-02-23,861.67,866.59,869.4,857.43,15.30480327,159.0846131175
801760,2018-02-26,883.22,865.81,884.74,863.78,18.05678955,207.92622277380002
801760,2018-02-27,896.38,882.39,898.08,880.81,19.92448008,241.32559104470002
801760,2018-02-28,898.67,887.96,906.59,883.78,19.21467418,236.39832670959998
801760,2018-03-01,912.43,892.41,912.45,890.18,17.93181336,215.4174260999
801760,2018-03-02,906.66,905.56,913.87,902.96,19.61714977,230.22030495220002
801760,2018-03-05,912.14,906.6,912.14,899.56,15.19030372,178.644262981
801760,2018-03-06,915.71,912.31,918.54,911.58,17.68783184,236.86269587189997
801760,2018-03-07,904.94,913.99,914.89,903.88,15.08649925,184.4618057146
801760,2018-03-08,907.09,904.58,908.71,901.9,12.13591822,149.397518859
801760,2018-03-09,933.03,908.77,934.49,908.62,23.78801102,305.3578542458
801760,2018-03-12,952.1,939.28,952.12,938.66,24.48236816,322.3072220252
801760,2018-03-13,946.23,949.8,958.0,944.09,20.82739441,271.0212946071
801760,2018-03-14,934.55,942.86,946.69,934.08,17.7601329,214.9669603527
801760,2018-03-15,933.62,929.84,935.14,919.04,15.17057579,205.7708858
801760,2018-03-16,925.62,930.82,937.3,925.6,16.72877503,220.0990555546
801760,2018-03-19,927.22,925.84,936.13,922.22,15.33198735,208.10948869810002
801760,2018-03-20,930.13,919.99,930.14,914.34,19.06921535,220.2246035394
801760,2018-03-21,914.84,929.07,935.59,913.84,18.61625072,227.34757720369998
801760,2018-03-22,918.13,915.45,926.09,911.57,16.66356202,204.0329033824
801760,2018-03-23,869.29,891.29,899.18,857.64,25.1759293,279.2197379072
801760,2018-03-26,883.65,857.35,883.65,850.92,15.33015733,186.77973299639999
801760,2018-03-27,906.54,890.63,908.65,890.54,18.78746918,240.5761421638
801760,2018-03-28,898.87,894.05,904.64,892.49,17.59190446,206.9981308993
801760,2018-03-29,897.42,901.5,903.61,891.31,15.93792978,187.6800942939
801760,2018-03-30,911.97,900.6,912.04,900.07,18.56252387,234.3069524697
801760,2018-04-02,908.58,915.18,916.75,906.26,19.18438464,239.36064845319999
801760,2018-04-03,890.42,896.23,896.25,881.71,17.29255824,207.1078751663
801760,2018-04-04,878.62,892.79,894.36,878.08,14.32725475,174.4318172502
801760,2018-04-09,875.99,876.6,883.4,870.89,12.77029425,159.8700515931
801760,2018-04-10,877.61,874.37,877.85,864.11,15.50096074,190.1075569731
801760,2018-04-11,884.92,878.51,889.02,878.43,14.39376203,186.6724670846
801760,2018-04-12,877.98,883.43,886.59,877.63,12.54398198,158.1929529171
801760,2018-04-13,877.03,881.92,883.65,875.18,11.9348757,146.38622903549998
801760,2018-04-16,872.88,872.65,881.09,866.69,15.34624261,179.5834840338
801760,2018-04-17,852.55,876.24,877.64,852.3,16.81756675,188.3012009055
801760,2018-04-18,861.76,858.65,863.68,837.6,19.31151034,207.78343333040002
801760,2018-04-19,862.44,861.59,867.64,860.26,15.55651705,172.4629493082
801760,2018-04-20,842.03,859.55,861.98,840.26,18.61989751,191.859704749
801760,2018-04-23,833.91,838.98,842.7,825.14,14.13582538,148.0708966083
801760,2018-04-24,857.25,834.03,858.0,833.59,16.34877991,174.6389396987
801760,2018-04-25,857.53,857.04,861.24,854.84,14.74862682,160.6947259815
801760,2018-04-26,837.8,856.23,857.75,837.56,13.945532,146.8870478243
801760,2018-04-27,845.42,840.78,846.93,834.96,14.6914209,159.6585250454
801760,2018-05-02,840.87,845.88,848.91,836.04,13.52209951,144.84081939200001
801760,2018-05-03,848.59,838.3,848.91,829.86,13.67019514,155.1425035657
801760,2018-05-04,844.39,846.79,850.27,843.2,10.8161135,123.5063288786
801760,2018-05-07,855.58,845.95,856.46,844.34,11.95481752,141.1739640744
801760,2018-05-08,860.91,855.59,861.55,852.3,13.16606416,155.3121823182
801760,2018-05-09,857.41,859.25,860.49,854.16,12.7772092,142.9339404259
801760,2018-05-10,861.21,858.44,861.36,853.42,13.68154449,155.4790717336
801760,2018-05-11,853.6,861.52,862.04,852.77,13.01195047,148.8243070709
801760,2018-05-14,849.99,853.51,857.39,847.8,14.20613888,157.8884825326
801760,2018-05-15,860.0,850.55,860.0,847.21,12.67132117,142.0273153103
801760,2018-05-16,854.03,857.02,859.98,853.13,12.4614253,145.0002810972
801760,2018-05-17,848.56,853.1,855.63,847.4,10.52022198,122.1699829754
801760,2018-05-18,853.77,847.27,853.77,844.26,10.96077852,126.2785127254
801760,2018-05-21,863.98,857.44,865.55,854.41,13.19273175,157.60206034200002
801760,2018-05-22,863.61,862.47,863.63,858.3,12.24887621,144.0204032718
801760,2018-05-23,853.04,862.18,862.22,853.04,11.63291622,134.4650054526
801760,2018-05-24,850.2,852.78,854.52,849.71,9.92063078,116.8831486984
801760,2018-05-25,840.77,848.15,849.77,840.6,10.75362921,123.0175178442
801760,2018-05-28,836.66,840.58,842.78,833.73,12.0458858,132.07880343780002
801760,2018-05-29,830.29,834.92,840.67,830.16,11.77347703,131.3338537974
801760,2018-05-30,804.2,818.74,819.25,803.29,13.80044145,143.282863948
801760,2018-05-31,817.48,809.19,817.52,805.24,12.7051075,146.1366524581
801760,2018-06-01,808.97,813.39,816.43,805.58,12.03203364,122.1929180301
801760,2018-06-04,801.46,806.2,806.64,797.6,11.88304711,126.5673641068
801760,2018-06-05,811.36,799.92,811.41,799.92,11.24975137,114.495118209
801760,2018-06-06,811.42,809.87,814.58,808.7,12.02015801,124.64337950129999
801760,2018-06-07,806.08,813.79,814.66,805.83,13.3546607,127.6425489835
801760,2018-06-08,794.18,804.3,804.36,789.45,13.240268,126.9513145656
801760,2018-06-11,791.07,791.93,795.35,788.92,10.96460526,109.8331244025
801760,2018-06-12,798.25,791.92,799.97,786.15,10.79161591,109.0178328847
801760,2018-06-13,785.53,796.06,796.1,785.29,9.66966001,94.2189321627
801760,2018-06-14,781.97,783.62,790.15,780.71,9.48114205,93.18701865889999
801760,2018-06-15,766.91,781.28,783.53,764.25,10.79377781,102.19295717600001
801760,2018-06-19,721.25,754.35,754.44,713.16,15.29358435,136.9750073777
801760,2018-06-20,726.76,717.03,731.48,713.01,11.42822781,102.3611657315
801760,2018-06-21,706.62,725.95,727.56,706.61,11.14504593,99.28524924969999
801760,2018-06-22,718.44,702.46,720.69,700.42,11.26826566,94.49407460489999
801760,2018-06-25,713.79,723.43,723.91,713.34,9.97559133,83.864634033
801760,2018-06-26,723.38,706.37,724.97,704.41,10.85440913,93.84218270049999
801760,2018-06-27,715.52,722.78,724.53,713.5,11.73670104,92.2323516741
801760,2018-06-28,707.23,713.74,721.37,706.81,10.48857474,88.7268327166
801760,2018-06-29,731.93,707.54,731.96,707.54,13.44471813,119.59659500120001
801760,2018-07-02,723.84,732.8,735.23,718.32,13.35235357,115.58737277520001
801760,2018-07-03,735.18,725.97,736.68,713.89,14.06278958,128.453566194
801760,2018-07-04,722.9,732.64,734.09,720.0,12.39726782,110.1563043995
801760,2018-07-05,711.28,721.96,726.5,711.24,11.05808475,99.0126981245
801760,2018-07-06,714.5,711.74,723.07,700.08,13.14148013,122.2324451084
801760,2018-07-09,722.47,715.12,722.48,715.12,11.22315614,110.763045465
801760,2018-07-10,722.96,721.69,722.96,717.3,10.51346461,98.6825667474
801760,2018-07-11,702.21,711.42,711.57,694.4,12.21006807,110.04448334540001
801760,2018-07-12,719.22,702.26,720.64,702.19,12.67810713,120.7610356908
801760,2018-07-13,722.5,718.92,723.12,717.92,11.9805221,113.2268375818
801760,2018-07-16,718.27,721.39,722.87,715.39,11.80618566,107.90878545620001
801760,2018-07-17,721.46,718.44,721.46,713.53,11.89030037,103.2370254993
801760,2018-07-18,714.68,721.4,723.83,714.68,13.62274488,116.90750620690001
801760,2018-07-19,714.31,720.52,723.03,712.34,11.13969827,95.76256361290001
801760,2018-07-20,721.58,717.69,723.43,707.62,15.54217245,151.2323876128
801760,2018-07-23,726.37,719.19,726.37,716.87,16.7656776,139.03120620159999
801760,2018-07-24,732.62,726.26,734.67,723.66,18.53246242,157.1135214067
801760,2018-07-25,740.52,735.1,741.1,735.0,16.96179698,148.8309048867
801760,2018-07-26,736.73,739.18,740.04,734.29,21.20151739,162.22379717459998
801760,2018-07-27,727.34,736.22,736.46,727.16,15.79694335,119.71376155950001
801760,2018-07-30,712.87,723.96,724.88,709.58,15.21798346,114.33268254049999
801760,2018-07-31,712.29,711.49,714.35,708.2,11.3634573,91.7859239352
801760,2018-08-01,701.35,712.52,717.51,701.35,13.38398574,108.2473366777
801760,2018-08-02,679.65,698.69,698.77,669.75,17.48969056,132.40139814280002
801760,2018-08-03,670.53,678.85,680.97,670.53,12.61139816,90.0529928766
801760,2018-08-06,659.94,668.88,673.97,656.69,12.55559713,90.1989566251
801760,2018-08-07,676.66,661.63,676.67,658.15,13.04819115,98.3412290352
801760,2018-08-08,668.42,674.61,677.25,667.22,13.58584282,100.2729593194
801760,2018-08-09,681.59,666.19,685.1,665.34,15.95579637,121.0070597507
801760,2018-08-10,684.06,681.17,684.69,678.52,13.17803944,98.31916868459999
801760,2018-08-13,682.93,674.66,684.37,671.03,14.26472385,109.9692503502
801760,2018-08-14,676.89,680.88,682.14,675.33,12.9648586,97.9339608333
801760,2018-08-15,664.1,676.16,677.89,663.51,15.54093618,108.9563078625
801760,2018-08-16,654.72,655.63,662.98,649.76,15.02281028,109.9710706891
801760,2018-08-17,638.89,658.06,659.97,637.89,13.80866347,104.0280128526
801760,2018-08-20,642.36,637.72,642.94,630.45,12.81867999,94.96564711049999
801760,2018-08-21,650.87,642.27,652.38,641.04,11.99921178,95.23292998149999
801760,2018-08-22,644.43,649.28,650.25,643.75,13.94829152,84.8099981412
801760,2018-08-23,647.73,644.95,650.18,642.71,12.14033037,85.6286245364
801760,2018-08-24,644.02,645.94,648.25,642.03,13.00135251,92.6881667192
801760,2018-08-27,658.02,645.33,659.02,645.22,15.96041446,120.5186206636
801760,2018-08-28,659.88,658.14,661.13,657.65,14.22978994,104.22713172879999
801760,2018-08-29,651.97,656.55,656.62,649.46,16.22321768,122.3318596186
801760,2018-08-30,644.85,650.86,653.43,644.85,15.63015705,110.86326547190001
801760,2018-08-31,636.28,641.18,641.58,634.85,15.84386974,108.63024693930001
801760,2018-09-03,635.98,634.01,636.75,627.06,14.36911358,104.95902522520001
801760,2018-09-04,646.26,636.46,647.59,636.46,14.69554197,110.3933030082
801760,2018-09-05,642.2,646.19,651.06,642.14,14.18099311,107.9895394034
801760,2018-09-06,637.34,640.34,645.42,635.01,13.82657688,110.9520431442
801760,2018-09-07,634.66,637.29,644.39,630.76,14.82622078,114.7370823631
801760,2018-09-10,618.26,633.08,634.05,617.97,16.04905048,119.03223538889999
801760,2018-09-11,617.14,616.38,621.5,612.46,14.11412943,97.7904595442
801760,2018-09-12,619.75,616.26,624.55,615.87,13.02664523,90.4208223951
801760,2018-09-13,617.94,621.88,624.76,611.9,17.19212285,109.7599780893
801760,2018-09-14,613.12,616.29,616.99,610.49,18.23626977,111.12886656549999
801760,2018-09-17,602.59,609.49,609.55,602.3,15.34511529,95.98328098639999
801760,2018-09-18,613.57,599.53,613.57,599.53,16.73065547,105.4737572407
801760,2018-09-19,618.17,612.46,622.21,610.52,18.13143215,119.2890098717
801760,2018-09-20,617.3,617.73,620.11,616.48,18.44340146,102.9589975767
801760,2018-09-21,627.29,618.72,628.37,616.49,19.26920711,119.0306841301
801760,2018-09-25,624.36,623.46,626.88,622.2,14.20797115,92.0912832647
801760,2018-09-26,629.3,626.68,633.0,626.29,19.23941196,122.1459128585
801760,2018-09-27,620.1,629.24,630.2,620.08,20.56008154,121.598572538
801760,2018-09-28,627.15,621.58,627.15,620.61,15.77868623,98.74420566299999
801760,2018-10-08,602.93,613.38,615.52,602.42,15.98311112,98.4579929994
801760,2018-10-09,600.59,604.54,606.83,597.46,12.58159381,76.5499033105
801760,2018-10-10,600.31,601.55,603.0,594.65,12.12924142,75.7304041991
801760,2018-10-11,557.04,581.05,582.63,554.22,19.6495152,118.39318228409999
801760,2018-10-12,554.17,553.3,558.28,538.56,17.65854069,99.61641819110001
801760,2018-10-15,546.95,556.28,559.72,545.89,12.83698164,74.8361198436
801760,2018-10-16,537.78,546.95,551.17,535.27,12.64548316,71.3237116649
801760,2018-10-17,548.9,544.68,549.75,537.0,14.67944444,87.383937711
801760,2018-10-18,535.32,544.95,545.15,535.1,13.70790177,80.26565376399999
801760,2018-10-19,549.36,529.17,549.36,528.02,15.28061341,95.8681177991
801760,2018-10-22,574.09,553.66,580.28,553.63,21.3071309,145.4274986246
801760,2018-10-23,563.66,573.44,574.88,560.46,19.58952701,122.3616536256
801760,2018-10-24,562.51,561.5,569.93,560.08,17.3380773,104.43403395989999
801760,2018-10-25,561.09,545.96,563.09,544.25,17.42114661,105.11962548950001
801760,2018-10-26,559.73,564.14,567.51,557.98,15.26562464,92.0871160423
801760,2018-10-29,552.59,559.22,559.29,550.43,14.42517435,88.1196122958
801760,2018-10-30,555.54,547.12,561.49,543.07,18.40474489,124.03604839479999
801760,2018-10-31,561.83,555.98,565.41,554.6,16.82282297,107.0454741874
801760,2018-11-01,570.41,564.74,579.9,564.7,24.57169724,161.6031329667
801760,2018-11-02,589.68,580.04,589.68,579.66,26.79228489,179.6856120714
801760,2018-11-05,588.4,586.77,593.39,579.95,25.0059512,162.6599229664
801760,2018-11-06,584.37,584.58,584.7,575.77,21.3556966,132.8944786165
801760,2018-11-07,580.33,581.78,589.04,580.03,25.27058178,163.0977570045
801760,2018-11-08,572.94,582.51,583.05,572.75,22.06307777,140.08485372139998
801760,2018-11-09,568.84,567.4,572.68,565.81,21.10493962,147.0896094046
801760,2018-11-12,589.1,567.44,589.1,567.44,25.3526255,168.69152448370002
801760,2018-11-13,611.81,582.55,617.29,581.4,42.29336101,281.4798939606
801760,2018-11-14,610.89,610.63,621.08,608.92,39.63058991,247.3326325774
801760,2018-11-15,624.46,611.95,624.46,610.89,35.98091678,237.72860135599998
801760,2018-11-16,630.9,623.9,633.86,621.41,36.92380087,248.1208066484
801760,2018-11-19,626.65,629.29,630.36,619.23,32.09696855,209.7106705399
801760,2018-11-20,607.55,620.55,621.92,606.9,26.99676292,182.9362306155
801760,2018-11-21,613.76,602.38,613.76,602.14,23.88872825,158.7845256443
801760,2018-11-22,616.11,615.94,619.59,613.0,28.94529338,185.65188090040002
801760,2018-11-23,586.79,613.22,613.22,584.23,31.91041907,197.884855254
801760,2018-11-26,586.56,586.1,592.77,582.61,21.12584244,130.9996282829
801760,2018-11-27,592.71,591.95,596.77,587.42,21.98210417,144.3873165004
801760,2018-11-28,608.02,593.19,608.43,585.29,31.7348054,203.1096414745
801760,2018-11-29,587.3,611.79,613.05,587.3,30.53616687,203.4280209559
801760,2018-11-30,586.4,583.85,587.82,572.36,24.60867574,156.4223335765
801760,2018-12-03,605.97,600.89,610.43,598.56,29.92155844,204.6630810757
801760,2018-12-04,609.59,604.07,609.61,602.46,26.2598905,168.801360978
801760,2018-12-05,605.28,596.89,608.29,594.86,25.49218513,169.2034703823
801760,2018-12-06,592.59,601.8,602.24,591.69,25.03171812,166.7837798149
801760,2018-12-07,592.71,593.51,596.47,590.44,19.81546043,123.4509047815
801760,2018-12-10,591.86,588.32,595.49,587.12,18.59732304,128.1700839827
801760,2018-12-11,602.09,594.42,604.42,594.32,21.59283629,141.0889102803
801760,2018-12-12,598.03,604.82,604.82,596.47,20.0721813,122.02700320209999
801760,2018-12-13,601.57,599.75,605.01,594.78,20.5912414,133.11933503379998
801760,2018-12-14,586.26,600.73,600.77,585.63,21.06766315,135.8428620023
801760,2018-12-17,586.06,583.83,588.19,580.66,14.98433229,97.5359720166
801760,2018-12-18,581.5,582.2,586.64,575.52,14.63390882,96.35756702350001
801760,2018-12-19,573.17,582.76,582.77,571.84,13.02856353,87.7082836129
801760,2018-12-20,578.49,572.54,579.97,572.54,14.87169585,97.5249045241
801760,2018-12-21,580.3,577.43,585.2,576.71,20.4259154,141.1093943725
801760,2018-12-24,579.29,578.2,580.0,574.41,16.23587186,109.44624445
801760,2018-12-25,570.57,572.22,572.72,555.41,20.32482994,131.4246047436
801760,2018-12-26,572.89,569.5,577.75,568.91,18.14126451,121.0343736369
801760,2018-12-27,560.49,579.51,580.51,560.49,19.5797681,127.7609078039
801760,2018-12-28,561.18,561.06,566.3,557.92,15.79155918,105.3298887851
801760,2019-01-02,558.25,563.8,563.8,557.28,15.27337348,99.24415996270001
801760,2019-01-03,555.1,557.74,562.95,554.18,20.11633775,119.96002288209999
801760,2019-01-04,571.46,549.26,571.75,548.91,23.819128,153.09948540989998
801760,2019-01-07,581.21,573.46,582.08,572.8,24.2357334,157.9588044139
801760,2019-01-08,581.56,579.14,582.97,577.51,22.29487167,139.10449632979999
801760,2019-01-09,582.87,581.24,592.43,579.64,25.64367833,168.0244473126
801760,2019-01-10,582.39,583.09,588.6,580.97,24.26363917,154.6345106834
801760,2019-01-11,585.95,581.93,585.95,580.89,20.649967,126.1517261469
801760,2019-01-14,579.22,585.66,585.73,577.5,22.60503274,138.79630487059998
801760,2019-01-15,585.8,577.83,586.08,576.18,19.43508989,133.99228014940002
801760,2019-01-16,587.76,585.91,590.39,585.41,21.36819839,149.0984772724
801760,2019-01-17,584.32,587.05,590.49,583.38,22.09589482,137.101684177
801760,2019-01-18,585.69,584.03,586.61,578.33,20.69451501,129.4985665457
801760,2019-01-21,587.24,586.02,590.95,585.03,17.15705011,112.80174228780001
801760,2019-01-22,578.71,587.1,587.11,577.06,16.79271663,107.8951950652
801760,2019-01-23,577.72,577.73,579.27,574.5,13.8096711,91.44529266120001
801760,2019-01-24,582.09,579.01,584.78,575.33,16.71748112,117.7965483387
801760,2019-01-25,579.63,581.41,585.06,579.2,17.73522264,120.14352859729999
801760,2019-01-28,574.5,583.58,584.17,573.62,17.45583094,115.6304728956
801760,2019-01-29,560.84,571.3,571.4,553.63,19.81459632,125.6225689883
801760,2019-01-30,548.73,555.6,558.67,548.73,15.41702372,97.8232302956
801760,2019-01-31,539.35,544.8,547.3,535.03,22.91955669,136.23657537649999
801760,2019-02-01,555.68,540.32,555.68,540.23,18.67156867,122.16091391049999
801760,2019-02-11,572.35,557.95,572.35,556.74,21.02862805,146.3372627329
801760,2019-02-12,578.79,570.13,581.29,568.79,22.28512909,151.7040901351
801760,2019-02-13,588.91,578.05,590.56,576.57,26.09877398,186.3529024342
801760,2019-02-14,594.51,588.66,596.37,586.55,22.57217098,155.8618546517
801760,2019-02-15,588.4,591.97,594.98,587.6,21.98494744,153.4337353907
801760,2019-02-18,609.83,591.45,609.83,591.44,28.19283357,200.79792162689998
801760,2019-02-19,610.01,611.13,615.68,603.5,33.6239702,233.97905750889998
801760,2019-02-20,612.25,609.65,612.55,602.0,27.88087258,185.73949690630002
801760,2019-02-21,618.36,612.78,631.39,610.52,37.41120717,288.3232827424
801760,2019-02-22,639.23,618.2,639.49,618.15,39.42668494,299.8735488916
801760,2019-02-25,676.7,653.63,676.7,652.93,55.65151812,414.16716337019994
801760,2019-02-26,679.8,683.4,696.33,673.93,63.69101095,530.1510170088
801760,2019-02-27,678.55,679.07,689.48,669.29,55.24864037,447.8070595483
801760,2019-02-28,677.75,677.16,681.77,671.85,44.41957572,360.26850467519995
801760,2019-03-01,684.67,680.27,684.67,668.99,39.37031457,351.4660310154
801760,2019-03-04,697.23,696.54,714.36,691.26,57.57045544,494.79975496919997
801760,2019-03-05,719.57,695.3,719.57,693.27,60.58175575,480.510520389
801760,2019-03-06,734.86,722.3,735.74,712.09,70.87257449,590.9076622376999
801760,2019-03-07,743.21,733.1,754.73,727.89,67.95160565,596.2656297567
801760,2019-03-08,706.05,722.7,743.56,706.05,75.14486034,609.7658268209
801760,2019-03-11,740.4,711.6,740.4,710.77,60.5020705,483.22939148269995
801760,2019-03-12,772.92,749.84,784.27,749.83,82.29104647,682.1188734919999
801760,2019-03-13,749.74,775.21,775.21,743.3,76.15656991,655.3723191758
801760,2019-03-14,720.44,740.88,744.38,711.69,51.22203155,412.8582140204
801760,2019-03-15,724.24,725.86,735.76,717.03,41.64178587,362.9379570525
801760,2019-03-18,740.64,728.15,740.64,717.58,40.83972689,361.59362068300004
801760,2019-03-19,745.74,738.58,752.66,737.89,40.88568538,365.4656182768
801760,2019-03-20,747.86,745.53,747.86,731.52,43.10082112,378.14439657839995
801760,2019-03-21,766.73,749.05,777.95,748.89,59.84211058,535.9973051377
801760,2019-03-22,761.34,766.73,768.4,746.61,49.83825025,464.6856776682
801760,2019-03-25,737.57,744.12,752.09,737.28,45.10919871,391.9983147868
801760,2019-03-26,713.4,740.21,742.92,711.57,43.14618455,363.0894294537
801760,2019-03-27,710.05,716.8,719.32,700.96,34.70865083,293.147165886
801760,2019-03-28,696.42,706.06,713.48,695.9,33.02284056,285.527326356
801760,2019-03-29,718.32,693.29,718.32,687.75,40.82855343,364.04733361620004
801760,2019-04-01,746.48,722.54,748.76,722.54,49.31963899,456.7696421503
801760,2019-04-02,747.88,749.33,760.33,744.57,58.35167566,516.1684137605
801760,2019-04-03,757.34,744.33,758.02,742.34,51.39192153,456.8663909353
801760,2019-04-04,756.26,759.14,761.05,749.78,49.43743848,434.6783785782
801760,2019-04-08,743.4,759.53,761.13,734.34,46.96407759,422.7585247746
801760,2019-04-09,752.55,742.42,756.58,737.67,39.17785646,365.91188601989995
801760,2019-04-10,746.14,749.74,752.06,739.33,37.86820148,361.2850621394
801760,2019-04-11,731.76,745.45,747.25,730.58,34.44913759,312.3845181043
801760,2019-04-12,733.87,731.02,735.73,727.36,27.57674237,254.81992012799998
801760,2019-04-15,721.77,744.24,745.82,721.72,33.79613621,329.2325567993
801760,2019-04-16,735.56,715.08,735.56,709.29,34.12815183,305.5703486341
801760,2019-04-17,738.79,733.99,743.09,732.54,36.27400645,331.4740117311
801760,2019-04-18,735.71,737.3,742.29,733.11,34.95096358,319.81078936759997
801760,2019-04-19,743.24,735.31,743.24,727.87,32.8963773,305.0708570866
801760,2019-04-22,731.37,743.59,745.48,728.81,36.73796187,327.17438421689997
801760,2019-04-23,727.51,728.14,738.39,723.94,34.33049855,320.4627098508
801760,2019-04-24,726.56,726.58,728.33,711.53,28.53376754,266.6605550016
801760,2019-04-25,695.43,720.86,721.47,695.43,43.52893712,340.0322620495
801760,2019-04-26,682.38,689.95,695.7,682.38,32.2499185,299.0045194315
801760,2019-04-29,658.61,680.68,683.51,657.71,35.28452072,295.4715158279
801760,2019-04-30,663.44,655.22,670.51,655.22,24.89398208,213.67311032889998
801760,2019-05-06,614.5,636.21,638.63,610.2,29.5603536,245.8339394343
801760,2019-05-07,621.6,617.27,623.74,609.86,22.50477083,197.8924493903
801760,2019-05-08,619.65,608.5,628.44,606.21,22.86117386,185.08973463110001
801760,2019-05-09,614.73,613.79,622.25,613.79,18.40410269,159.0681605539
801760,2019-05-10,636.16,621.01,636.41,610.11,28.46103293,242.26275289470001
801760,2019-05-13,627.18,628.61,632.92,624.08,20.67070956,174.1712096817
801760,2019-05-14,624.17,618.86,631.54,618.86,21.57932586,174.12978101439998
801760,2019-05-15,635.0,629.4,636.25,628.5,24.06776623,203.31463410470002
801760,2019-05-16,634.31,634.43,635.56,630.81,20.27914673,166.2241701491
801760,2019-05-17,609.01,635.44,637.6,606.15,25.27471627,202.5774690524
801760,2019-05-20,606.94,607.76,608.28,594.12,20.43905035,169.1597732933
801760,2019-05-21,615.52,606.13,618.68,604.44,18.94163909,159.7831363042
801760,2019-05-22,612.32,614.52,618.33,606.47,18.20837819,146.88959631219998
801760,2019-05-23,595.45,609.34,609.38,593.88,19.55111157,154.6958662793
801760,2019-05-24,592.01,594.08,599.13,591.12,15.32881165,130.54452581459998
801760,2019-05-27,607.14,593.77,607.75,590.82,19.04706111,156.78108101700002
801760,2019-05-28,608.69,606.96,614.25,604.18,19.95522834,164.5321555338
801760,2019-05-29,606.93,605.55,612.07,604.45,16.0107423,133.7909627332
801760,2019-05-30,603.59,604.65,604.68,596.87,17.40309633,147.6192297563
801760,2019-05-31,602.79,603.08,608.06,601.16,15.80414192,131.9535927027
801760,2019-06-03,592.65,603.34,603.93,589.1,18.78451414,146.149911967
801760,2019-06-04,588.98,592.73,594.89,585.51,17.56244813,137.4049533017
801760,2019-06-05,591.3,594.12,596.66,587.89,17.08783758,145.2362155091
801760,2019-06-06,575.23,589.79,589.79,573.4,19.67359427,146.6625939864
801760,2019-06-10,579.01,575.72,582.79,573.34,14.9892522,116.89613497709999
801760,2019-06-11,602.65,580.68,602.81,578.94,24.47122998,195.9926735024
801760,2019-06-12,598.26,601.17,605.46,597.69,22.20680897,181.47612882319999
801760,2019-06-13,606.52,599.37,608.32,598.39,21.23771356,167.673228893
801760,2019-06-14,591.81,605.87,607.71,591.81,20.57752463,156.2418044949
801760,2019-06-17,592.52,590.42,594.72,588.58,15.51005142,115.07569728870001
801760,2019-06-18,595.68,592.01,597.53,589.23,17.52456083,134.59037283950002
801760,2019-06-19,604.81,610.23,612.7,604.58,24.88644728,214.5338671875
801760,2019-06-20,614.29,602.3,617.92,599.21,28.65436635,251.1905081221
801760,2019-06-21,629.48,619.88,631.18,619.86,31.41505312,284.58176215049997
801760,2019-06-24,625.53,628.68,630.39,622.8,23.54962274,205.4246252041
801760,2019-06-25,616.67,624.24,624.24,608.79,21.72431454,180.9886647604
801760,2019-06-26,615.79,611.68,619.01,609.78,19.65576429,155.797461985
801760,2019-06-27,617.03,617.45,623.58,615.89,21.636116,176.8155771636
801760,2019-06-28,604.88,615.67,615.67,601.92,20.00190052,162.97402729590002
801760,2019-07-01,623.75,617.4,624.25,615.39,24.83299822,221.0917014252
801760,2019-07-02,620.92,623.72,623.72,618.79,19.44596973,164.6340320938
801760,2019-07-03,611.68,619.76,619.78,609.54,17.59921047,147.8191424641
801760,2019-07-04,608.11,612.36,614.34,605.62,14.27400213,114.7992578754
801760,2019-07-05,609.53,607.89,610.36,604.91,12.03217153,100.4660933179
801760,2019-07-08,586.79,607.51,607.53,585.4,21.42651463,162.9722787255
801760,2019-07-09,588.45,586.47,588.45,582.51,14.87174294,110.66851837629999
801760,2019-07-10,581.96,588.77,588.93,580.42,12.91230579,98.0698655855
801760,2019-07-11,581.05,584.38,589.24,578.84,13.51657661,100.2496205794
801760,2019-07-12,583.0,581.32,583.54,577.98,13.09680462,94.91467248
801760,2019-07-15,592.36,581.32,594.12,574.95,18.97548861,156.2934049663
801760,2019-07-16,594.32,591.05,594.32,589.94,14.09234503,118.0341767137
801760,2019-07-17,594.83,593.62,597.82,591.8,17.50525428,150.1143004784
801760,2019-07-18,584.11,590.73,590.78,584.11,16.45722769,135.1363795352
801760,2019-07-19,587.15,585.05,594.37,585.02,15.65021481,129.2035904913
801760,2019-07-22,569.91,587.92,588.0,569.66,18.03499423,139.9046977127
801760,2019-07-23,576.6,570.51,576.6,570.47,12.7317387,100.5861465009
801760,2019-07-24,581.62,578.18,585.93,578.17,16.1023992,131.4578673016
801760,2019-07-25,583.15,581.66,583.97,580.6,13.57403862,113.87594642290001
801760,2019-07-26,582.7,582.04,584.65,580.49,13.43717594,109.6769480786
801760,2019-07-29,581.09,582.49,583.95,579.32,14.39073338,120.29970446549999
801760,2019-07-30,593.48,580.75,596.26,580.74,21.36460972,184.2031552298
801760,2019-07-31,588.77,592.34,592.35,588.38,17.76886613,137.752171798
801760,2019-08-01,587.21,585.48,588.97,583.78,17.04277181,134.3518354273
801760,2019-08-02,577.59,574.07,577.97,572.47,18.5170229,149.8613948795
801760,2019-08-05,566.35,575.38,578.7,566.35,16.78175805,137.2992420868
801760,2019-08-06,552.1,555.27,555.31,541.15,23.53227677,176.064488269
801760,2019-08-07,547.36,555.05,555.93,547.36,14.62375192,119.39170285549999
801760,2019-08-08,553.19,550.99,554.38,550.21,13.00881787,107.534887177
801760,2019-08-09,547.9,556.15,557.28,547.38,15.32738227,126.1557806377
801760,2019-08-12,558.79,548.71,558.79,547.93,15.02784445,126.05062992959999
801760,2019-08-13,552.83,554.2,554.74,551.25,12.6303335,101.6505542282
801760,2019-08-14,555.15,560.46,561.08,554.48,14.58185348,124.25418749030001
801760,2019-08-15,558.83,542.37,558.83,541.54,16.97681178,130.8524388958
801760,2019-08-16,562.05,558.0,566.46,557.92,18.36623014,157.6668512326
801760,2019-08-19,585.45,567.35,585.45,567.3,25.54954794,230.2107359179
801760,2019-08-20,587.89,588.82,595.86,587.04,27.50717901,234.56687325919998
801760,2019-08-21,585.71,586.03,589.32,584.8,19.50073749,163.3778324697
801760,2019-08-22,591.82,587.91,592.14,587.13,20.86075673,161.5681717371
801760,2019-08-23,587.58,592.45,595.55,585.54,20.19965652,162.3200125116
801760,2019-08-26,579.59,574.62,580.99,574.12,17.85218913,142.7684301693
801760,2019-08-27,593.4,583.0,596.92,582.98,24.29657407,199.8637668527
801760,2019-08-28,595.91,592.97,597.87,591.75,24.15557901,190.7946580401
801760,2019-08-29,599.76,597.35,604.27,594.85,25.37654324,208.6769765731
801760,2019-08-30,590.75,604.04,605.99,587.87,26.23486654,233.88625379
801760,2019-09-02,611.06,591.0,611.74,591.0,27.67538164,252.5176793137
801760,2019-09-03,616.03,611.91,616.03,610.5,27.64807712,252.9764118905
801760,2019-09-04,620.8,614.24,620.8,612.43,27.56419777,264.7023661791
801760,2019-09-05,626.27,624.71,636.73,624.7,35.99530629,345.9505488557
801760,2019-09-06,629.04,629.37,631.77,623.85,26.8627384,252.8170471345
801760,2019-09-09,646.78,634.96,646.78,633.26,34.57332304,325.8114598578
801760,2019-09-10,645.08,646.93,646.93,638.84,31.48981374,291.7312283203
801760,2019-09-11,640.67,647.53,648.57,640.23,26.96086021,256.5244162256
801760,2019-09-12,644.01,642.66,644.78,636.39,24.00438856,224.4377686817
801760,2019-09-16,646.33,645.26,650.26,643.74,28.30450934,268.73121867279997
801760,2019-09-17,630.25,644.61,644.64,627.81,30.91714366,275.6608223943
801760,2019-09-18,633.24,632.04,635.79,631.84,27.62546353,240.5358301762
801760,2019-09-19,636.09,634.92,636.09,628.43,25.86729942,240.4998469559
801760,2019-09-20,634.03,635.12,637.66,632.13,24.227293,231.21956492290002
801760,2019-09-23,629.37,631.07,631.07,624.1,24.16331339,220.9873329657
801760,2019-09-24,632.78,629.28,637.88,626.81,24.5836557,237.0485511341
801760,2019-09-25,621.85,629.79,629.83,621.84,25.97301815,234.2566100786
801760,2019-09-26,606.43,624.03,624.63,605.6,27.97674948,246.8211392913
801760,2019-09-27,612.85,605.62,613.76,605.57,23.60638811,192.45088726630001
801760,2019-09-30,602.86,612.24,614.62,602.86,20.41572744,164.842088324
801760,2019-10-08,595.27,602.73,603.46,594.87,19.11323955,161.5287689344
801760,2019-10-09,597.82,592.36,597.82,589.8,18.33463652,149.4382683465
801760,2019-10-10,604.94,597.91,604.94,596.84,21.37778276,168.8885049811
801760,2019-10-11,609.58,605.72,612.67,600.3,26.14528343,213.67163611830003
801760,2019-10-14,624.5,615.33,627.15,615.27,34.00858731,263.66861398369997
801760,2019-10-15,616.67,622.05,622.07,615.91,30.50772019,235.03780106259998
801760,2019-10-16,616.82,618.61,622.02,616.4,26.03535788,212.22340660990002
801760,2019-10-17,620.54,617.94,624.45,617.94,26.96513687,219.8483201429
801760,2019-10-18,614.9,621.23,624.8,614.02,30.56967279,226.72988175220001
801760,2019-10-21,609.39,614.81,614.81,603.5,25.41143427,187.78259600529998
801760,2019-10-22,615.29,609.47,615.64,608.53,25.00133235,194.1953331733
801760,2019-10-23,613.07,614.65,617.0,610.88,29.16025128,220.3666578629
801760,2019-10-24,614.54,611.19,616.91,610.36,28.83808621,210.6404808527
801760,2019-10-25,618.29,613.86,619.39,611.99,26.67840826,206.1805235543
801760,2019-10-28,638.54,630.68,638.83,629.06,37.35882591,308.7860994917
801760,2019-10-29,629.7,639.77,640.85,629.7,45.88529862,353.95664950260004
801760,2019-10-30,623.3,626.1,627.15,619.84,37.61602472,273.1994136392
801760,2019-10-31,615.46,621.31,623.15,614.78,31.51565094,248.0894074027
801760,2019-11-01,621.53,612.08,622.23,611.59,28.80564863,227.82937295029998
801760,2019-11-04,620.42,622.25,626.06,619.65,27.94053863,223.3179519604
801760,2019-11-05,621.41,620.9,622.79,616.07,24.81777603,205.775086372
801760,2019-11-06,612.5,620.1,620.1,610.38,24.92819514,195.6261869126
801760,2019-11-07,619.19,611.65,620.13,610.91,24.40234969,193.33848455560002
801760,2019-11-08,618.66,623.08,625.44,618.48,27.38088647,227.2552390837
801760,2019-11-11,605.97,614.69,614.73,605.17,25.94323013,211.3324118598
801760,2019-11-12,607.97,606.34,607.97,600.31,24.15582044,177.1301968822
801760,2019-11-13,604.95,606.94,607.15,602.63,20.43004727,157.9287991034
801760,2019-11-14,605.85,604.32,607.8,602.93,20.93429321,171.5847043755
801760,2019-11-15,603.33,605.49,610.94,603.33,22.80521707,202.9886513088
801760,2019-11-18,610.17,602.2,611.2,600.45,23.14593059,196.86383440970002
801760,2019-11-19,635.88,610.18,635.88,610.09,36.23061102,312.8314267358
801760,2019-11-20,631.79,639.02,642.96,631.51,37.92935461,343.681159951
801760,2019-11-21,631.77,628.46,633.31,626.69,33.6154403,251.5107735053
801760,2019-11-22,622.07,630.58,636.6,619.08,34.55944792,267.26548832279997
801760,2019-11-25,615.37,621.15,621.6,611.03,26.38201266,201.0965022604
801760,2019-11-26,615.82,616.08,618.55,613.36,24.21308539,180.0429183011
801760,2019-11-27,611.21,612.71,613.88,608.27,21.8259566,160.1702689691
801760,2019-11-28,606.77,609.58,610.9,604.96,21.23975962,151.3717210215
801760,2019-11-29,608.34,606.27,610.36,603.07,21.849347,157.2554629103
801760,2019-12-02,613.56,609.32,613.56,609.31,22.82464142,169.3844588847
801760,2019-12-03,613.6,610.01,613.6,605.9,21.26221441,164.9636865274
801760,2019-12-04,612.92,610.1,615.63,610.1,20.06023849,165.4476891534
801760,2019-12-05,619.46,614.39,619.46,613.3,22.51211887,190.60221056860001
801760,2019-12-06,629.75,618.82,629.75,617.73,30.95214341,249.21253034580002
801760,2019-12-09,631.82,630.28,635.26,627.91,29.49867264,238.844648989
801760,2019-12-10,638.53,629.92,638.84,626.61,33.34399912,262.48307799319997
801760,2019-12-11,637.23,637.77,645.95,637.14,35.80002448,281.8921884885
801760,2019-12-12,632.7,636.14,638.87,632.41,32.07740717,252.88311034900002
801760,2019-12-13,642.17,637.32,643.36,635.43,34.33357529,305.4119695957
801760,2019-12-16,658.38,644.62,658.38,644.48,37.9713803,339.85809626360003
801760,2019-12-17,665.46,658.49,669.03,657.47,44.52353677,400.3027862706
801760,2019-12-18,677.15,664.55,681.34,664.55,49.97383456,401.15539889449997
801760,2019-12-19,685.13,678.58,687.38,678.11,51.76885917,419.59976893370003
801760,2019-12-20,675.37,685.48,687.64,675.28,52.41147793,388.81414085349996
801760,2019-12-23,656.17,671.59,671.61,656.13,37.80549019,299.3633979243
801760,2019-12-24,671.63,656.94,671.63,656.93,33.20539636,261.8563668964
801760,2019-12-25,678.2,670.2,681.82,669.25,38.90280506,310.3551664246
801760,2019-12-26,682.72,676.88,682.72,673.58,37.70406501,295.10123542549997
801760,2019-12-27,674.9,684.26,689.55,674.19,45.65600587,369.42090236660005
801760,2019-12-30,679.71,670.72,682.14,664.26,40.89537324,357.25112299470004
801760,2019-12-31,680.15,676.86,680.53,675.33,32.96244154,286.9871809764
801760,2020-01-02,709.89,686.43,711.97,685.16,52.32358469,455.9069465457
801760,2020-01-03,720.3,715.18,724.83,714.51,56.3180428,501.0802236237
801760,2020-01-06,731.01,712.8,738.27,710.36,60.56393593,551.3185288658
801760,2020-01-07,754.08,733.09,754.55,733.09,64.31854279,585.0451053587001
801760,2020-01-08,734.39,745.89,749.57,733.59,59.1457338,505.28376931040003
801760,2020-01-09,746.18,744.79,750.63,738.27,49.34314814,445.69830429449996
801760,2020-01-10,740.63,749.42,749.42,738.25,43.33067811,392.0031327228
801760,2020-01-13,746.58,737.67,746.58,729.95,41.19633636,377.2237442297
801760,2020-01-14,747.34,748.9,754.83,747.16,45.07191356,427.21111747019995
801760,2020-01-15,742.76,745.74,749.08,736.9,39.78242338,381.1226888711
801760,2020-01-16,737.29,744.0,746.34,735.17,39.23957736,371.21894053910006
801760,2020-01-17,733.77,739.27,742.99,731.13,41.86912842,377.20403162080004
801760,2020-01-20,733.45,732.14,734.11,724.49,39.65870916,388.9201161664
801760,2020-01-21,720.36,728.62,730.55,720.14,38.48920943,357.65642301760005
801760,2020-01-22,722.57,714.17,725.74,704.71,38.70615024,356.0337147348
801760,2020-01-23,697.64,712.48,725.06,690.63,42.4130078,410.4892908546
801760,2020-02-03,635.73,632.83,647.75,632.83,22.07341188,224.64054206970002
801760,2020-02-04,648.63,609.98,650.15,609.98,57.53529213,468.410593685
801760,2020-02-05,666.26,652.32,677.59,652.01,50.17675223,456.9029256369
801760,2020-02-06,702.42,669.06,704.06,666.33,56.79106906,531.5344031403
801760,2020-02-07,720.26,705.14,720.26,702.01,59.02113272,555.6794383166
801760,2020-02-10,720.24,719.24,724.2,709.16,55.74597727,515.1647681211
801760,2020-02-11,712.16,722.48,722.48,709.05,47.32717899,445.956150405
801760,2020-02-12,728.5,709.42,729.24,709.2,44.20188333,431.69199139769995
801760,2020-02-13,713.05,727.47,727.49,709.67,44.94379251,434.33055839419995
801760,2020-02-14,712.65,710.27,719.47,707.12,41.45092585,403.4472213915
801760,2020-02-17,736.73,717.21,736.73,717.19,47.56986717,450.9951981135
801760,2020-02-18,751.12,738.02,751.12,734.91,54.49960117,526.9626011658
801760,2020-02-19,732.05,745.78,747.04,732.05,50.28109549,496.9584044664
801760,2020-02-20,750.26,733.88,750.26,730.66,53.17213122,526.6398318388
801760,2020-02-21,766.39,753.1,775.23,753.1,62.16065773,660.2718668013999
801760,2020-02-24,775.13,762.4,778.0,759.23,61.83464916,636.5964661651
801760,2020-02-25,768.76,756.46,768.88,733.44,67.19559145,683.0329176458999
801760,2020-02-26,746.96,762.54,767.66,744.18,64.80639069,644.1990747999
801760,2020-02-27,754.42,750.63,761.63,738.5,51.45538916,510.22967341910004
801760,2020-02-28,710.17,728.24,742.63,708.4,61.6700939,590.642069613
801760,2020-03-02,728.97,718.16,733.32,708.11,50.17221387,499.7365983063
801760,2020-03-03,735.04,742.32,756.72,727.5,60.98904202,565.8369937523
801760,2020-03-04,741.21,727.72,741.21,723.12,49.83852174,465.05230576339994
801760,2020-03-05,752.52,750.08,755.0,739.57,53.7609478,523.3235343398001
801760,2020-03-06,741.63,740.8,748.09,739.22,41.7589492,388.6031618412
801760,2020-03-09,704.77,726.77,730.61,704.55,47.54846379,448.4460249385
801760,2020-03-10,725.78,696.97,725.78,693.05,48.22342298,436.4547745062
801760,2020-03-11,711.77,726.78,729.38,711.6,44.43074669,386.1877216278
801760,2020-03-12,698.59,702.07,706.26,691.11,36.94661791,322.3550552045
801760,2020-03-13,691.93,662.54,697.49,662.54,45.53516456,385.6432639209
801760,2020-03-16,659.19,696.09,696.09,657.85,44.24996049,392.38107788019994
801760,2020-03-17,663.9,667.86,672.58,641.05,37.62848281,317.7307839073
801760,2020-03-18,651.53,670.27,682.15,651.53,39.8624886,349.1156853158
801760,2020-03-19,663.5,652.55,665.07,642.57,38.11813896,338.4630031693
801760,2020-03-20,674.27,670.05,676.3,663.12,32.19055351,307.27168882029997
801760,2020-03-23,647.44,654.28,664.89,645.2,30.94027004,267.1678050102
801760,2020-03-24,654.73,660.59,660.59,635.46,36.81990925,309.7610552414
801760,2020-03-25,673.43,668.01,674.87,664.02,37.08846896,327.5367677332
801760,2020-03-26,666.96,668.82,677.02,666.65,29.51155841,257.4584399615
801760,2020-03-27,658.89,674.41,674.41,658.53,26.88022744,243.74413469650003
801760,2020-03-30,634.46,645.94,645.96,626.58,28.9457032,239.46490683509998
801760,2020-03-31,633.27,641.4,641.59,632.52,25.88427833,199.8210481334
801760,2020-04-01,629.48,631.34,640.55,628.5,25.23428007,193.8746201202
801760,2020-04-02,644.04,627.17,644.04,627.11,25.77111003,209.9884551248
801760,2020-04-03,636.15,642.07,642.34,633.67,26.33274672,204.89991320490003
801760,2020-04-07,657.5,646.92,658.89,646.88,32.5981049,266.4839132838
801760,2020-04-08,659.91,656.19,662.92,655.86,33.24980437,260.8265105873
801760,2020-04-09,674.77,665.32,676.9,665.08,40.12660165,333.5921010832
801760,2020-04-10,655.75,676.89,676.89,654.36,45.07804089,373.3279707645
801760,2020-04-13,644.49,650.03,650.03,640.37,30.73668401,242.82783252709999
801760,2020-04-14,664.63,648.2,664.63,648.08,32.17123279,296.3490649218
801760,2020-04-15,659.01,664.78,667.62,658.87,33.71914809,280.3258640591
801760,2020-04-16,669.35,656.94,670.8,656.62,31.86634251,270.02482587779997
801760,2020-04-17,667.58,674.3,677.46,666.81,40.58962206,331.9141308438
801760,2020-04-20,673.73,666.83,673.93,666.12,35.12438731,277.6293458442
801760,2020-04-21,672.11,671.3,672.79,662.57,36.32727365,285.9095335722
801760,2020-04-22,677.94,666.52,677.94,665.73,31.62743317,265.1918299325
801760,2020-04-23,667.86,678.9,678.9,665.74,38.76854523,317.0560294127
801760,2020-04-24,655.19,666.68,667.5,652.91,36.84804199,294.46844604209997
801760,2020-04-27,652.19,656.33,659.47,651.79,31.10709168,236.79307601009998
801760,2020-04-28,648.21,653.42,653.87,628.73,37.45761657,294.69665812939996
801760,2020-04-29,652.06,644.49,657.73,644.49,28.3564842,237.2431417555
801760,2020-04-30,668.47,657.79,670.32,657.68,33.54181414,306.26152287580004
801760,2020-05-06,679.71,660.56,679.73,660.56,33.50027145,311.2700163614
801760,2020-05-07,677.59,678.77,683.61,676.29,32.29755356,294.7104591986
801760,2020-05-08,686.98,681.0,690.03,680.98,33.61627614,305.3882796027
801760,2020-05-11,685.08,691.25,694.09,681.39,36.34487256,314.6991616085
801760,2020-05-12,686.32,684.61,686.87,677.93,32.92016064,272.1263964207
801760,2020-05-13,691.88,683.52,692.17,682.39,30.09165965,260.31049313439996
801760,2020-05-14,688.47,689.47,696.64,688.19,38.01387578,334.2031610899
801760,2020-05-15,689.21,690.69,693.26,687.76,31.24419177,284.0576476421
801760,2020-05-18,679.23,688.43,688.43,678.23,34.41288833,295.4914840588
801760,2020-05-19,689.06,684.1,689.06,682.97,28.13434402,260.29554292299997
801760,2020-05-20,680.51,687.67,689.1,679.06,31.20908236,270.56958300639997
801760,2020-05-21,673.81,682.6,685.02,673.2,32.65579401,271.2160936375
801760,2020-05-22,659.85,673.9,673.9,656.91,31.54751547,256.6335653261
801760,2020-05-25,656.26,657.6,657.83,652.88,24.74001001,204.8323518038
801760,2020-05-26,672.78,659.68,672.82,659.3,28.97617015,237.76395081709998
801760,2020-05-27,666.69,674.43,674.43,664.9,29.75610515,245.46769735509997
801760,2020-05-28,669.66,666.99,671.29,657.61,33.8342563,273.83576012279997
801760,2020-05-29,684.4,669.35,685.76,667.68,42.59446164,348.23336325699995
801760,2020-06-01,711.83,691.3,712.18,691.29,49.57005047,424.497286893
801760,2020-06-02,707.8,716.77,717.24,706.95,57.7269709,465.6935054224
801760,2020-06-03,709.41,710.47,715.81,708.11,51.22442044,410.0112416174
801760,2020-06-04,711.51,711.86,712.59,707.46,49.01608589,386.96163048650004
801760,2020-06-05,719.94,712.58,720.16,712.07,49.87374692,412.0422876937
801760,2020-06-08,713.76,722.71,722.71,713.09,45.80881846,385.8679644471
801760,2020-06-09,731.81,715.7,733.27,713.27,55.49399823,481.23383588160004
801760,2020-06-10,729.91,730.21,730.48,722.99,48.80742575,405.9520733006
801760,2020-06-11,732.34,730.78,743.76,728.81,50.28809286,467.6973928615
801760,2020-06-12,746.06,715.69,747.61,715.69,56.87950941,509.86452354449995
801760,2020-06-15,753.73,751.8,767.27,750.64,66.5222293,630.747131394
801760,2020-06-16,763.9,763.52,765.9,755.64,59.13946245,548.4941467426
801760,2020-06-17,770.58,766.24,770.58,759.88,65.26527263,595.0749460349
801760,2020-06-18,767.46,771.48,778.49,761.14,65.88431211,593.0737230233999
801760,2020-06-19,773.45,763.74,777.41,762.84,55.44206874,570.8960788642
801760,2020-06-22,775.28,774.17,777.85,771.68,49.01382607,516.0440493097
801760,2020-06-23,793.49,776.55,793.94,773.85,52.30341365,575.4352477314
801760,2020-06-24,789.51,793.74,797.04,788.79,47.71647395,517.8556396435
801760,2020-06-29,775.02,784.38,786.26,773.59,47.87313789,478.3887235972
801760,2020-06-30,797.76,778.44,798.34,778.42,41.72538479,482.08072451419997
801760,2020-07-01,798.95,799.1,802.39,789.17,50.29901099,572.5633636238
801760,2020-07-02,810.12,795.89,811.28,793.93,62.35416861,658.1281641805999
801760,2020-07-03,814.37,809.16,816.95,805.0,56.97429919,639.6691935905001
801760,2020-07-06,845.86,816.03,846.89,816.03,71.85841566,820.2734884071001
801760,2020-07-07,856.83,849.27,872.01,838.61,74.42212533,855.3945887760001
801760,2020-07-08,878.0,859.22,878.0,846.25,69.69923885,815.0486655617
801760,2020-07-09,906.77,873.85,913.74,872.47,80.27493616,935.0250256786001
801760,2020-07-10,900.17,897.01,910.4,894.83,69.6568469,802.0576761749
801760,2020-07-13,924.28,897.19,927.79,892.64,68.39467078,789.2313611775
801760,2020-07-14,930.26,920.92,939.93,907.03,70.71447819,845.8584508258999
801760,2020-07-15,893.36,927.73,927.73,889.8,62.22123212,767.3729836846001
801760,2020-07-16,844.59,891.49,906.09,844.04,61.3826623,734.4021077608
801760,2020-07-17,841.28,846.4,859.99,827.98,46.6533386,557.2681018874
801760,2020-07-20,864.31,853.01,864.31,839.66,44.33614377,510.2879627482
801760,2020-07-21,869.68,864.96,873.53,860.4,41.47631598,465.68654679419996
801760,2020-07-22,878.61,867.91,889.38,862.97,46.75013167,540.9675592457
801760,2020-07-23,869.34,868.66,875.86,845.31,48.25557663,533.6117617474
801760,2020-07-24,820.97,864.54,866.42,819.35,42.15111444,406.3488616586
801760,2020-07-27,820.83,823.22,829.18,813.63,26.79239392,260.5724531551
801760,2020-07-28,831.7,827.52,832.0,823.36,27.27811664,259.9960767168
801760,2020-07-29,858.37,830.22,858.37,828.78,35.15046179,329.071676072
801760,2020-07-30,845.87,858.47,858.47,845.33,37.58448078,343.4912405811
801760,2020-07-31,857.18,844.69,861.37,840.51,44.71514917,402.59137383129996
801760,2020-08-03,877.64,866.66,877.64,862.92,49.58103339,466.1990650514
801760,2020-08-04,868.92,880.0,880.0,866.76,53.66776715,535.030427395
801760,2020-08-05,873.72,866.79,877.21,860.43,42.95063623,413.8809027739
801760,2020-08-06,857.27,872.99,872.99,849.41,40.83280957,400.88549543690004
801760,2020-08-07,845.29,855.87,856.12,831.03,39.87201803,364.2798770902
801760,2020-08-10,855.94,844.44,860.5,843.6,37.83186314,333.01862408240004
801760,2020-08-11,839.57,857.13,857.66,838.54,38.69196404,343.4881475611
801760,2020-08-12,833.71,838.49,838.5,816.83,35.90644221,329.0577513016
801760,2020-08-13,837.34,838.13,841.64,832.86,32.23910407,275.7307051282
801760,2020-08-14,848.73,836.53,849.09,835.37,29.64492821,266.5699101618
801760,2020-08-17,864.72,851.61,864.72,851.0,38.16207849,349.8851189543
801760,2020-08-18,869.21,863.31,869.21,857.96,39.43148219,356.2961335285
801760,2020-08-19,845.57,868.88,868.88,845.57,37.63954445,342.9594755987
801760,2020-08-20,846.11,841.08,851.72,837.85,31.62831964,284.5545102302
801760,2020-08-21,869.16,855.22,872.97,855.17,40.57124427,379.30989163839996
801760,2020-08-24,882.48,873.47,886.64,864.71,41.61154286,364.0543655811
801760,2020-08-25,886.05,883.55,890.35,881.69,45.98962392,393.9366761439
801760,2020-08-26,874.99,887.05,887.06,870.21,44.90468179,398.5181387582
801760,2020-08-27,879.86,878.08,883.34,871.39,41.99358404,367.1476118864
801760,2020-08-28,891.4,877.7,891.4,875.68,41.11843693,379.54613053199995
801760,2020-08-31,882.86,895.95,898.75,882.34,38.50094799,390.0205547142
801760,2020-09-01,881.87,881.4,881.87,870.83,34.70350619,318.1643252751
801760,2020-09-02,893.05,884.9,896.09,879.07,48.12654347,405.86474994620005
801760,2020-09-03,884.7,892.64,892.64,881.51,45.01749787,380.04072551699994
801760,2020-09-04,885.29,868.91,886.09,868.91,47.81001969,379.5382435882
801760,2020-09-07,871.68,884.4,894.2,867.77,57.84596836,467.6694349834
801760,2020-09-08,882.25,871.73,882.25,867.15,55.48780153,453.2412726142
801760,2020-09-09,842.99,870.66,870.66,842.99,62.4358079,493.8168938082
801760,2020-09-10,812.21,848.44,849.19,809.41,50.20607152,386.2892624278
801760,2020-09-11,828.53,808.39,829.7,808.39,34.33512825,269.2788149418
801760,2020-09-14,841.05,834.3,844.41,831.72,39.64833567,327.5319197036
801760,2020-09-15,847.84,843.24,850.18,842.71,41.58287627,340.65656704869997
801760,2020-09-16,841.26,844.91,847.29,837.0,37.21384786,299.37651326
801760,2020-09-17,837.39,837.85,843.33,829.95,30.11967698,265.73610265
801760,2020-09-18,849.59,836.7,849.94,834.64,32.20777741,293.39323703
801760,2020-09-21,844.03,853.89,853.89,842.14,33.11163426,292.11550815
801760,2020-09-22,829.93,834.98,843.08,828.22,31.21604766,266.71236351
801760,2020-09-23,839.39,831.78,841.24,830.79,25.15575653,217.17157821
801760,2020-09-24,817.94,834.03,838.93,817.94,29.64349962,248.48093084
801760,2020-09-25,818.51,822.94,824.87,814.56,21.81080064,184.40846508
801760,2020-09-28,809.03,822.74,823.45,808.57,19.48168241,171.44289938
801760,2020-09-29,813.83,812.86,818.29,810.08,19.14047872,172.57075939
801760,2020-09-30,811.62,817.5,819.94,805.67,19.18040737,183.85651271
801760,2020-10-09,828.95,821.79,831.25,820.62,24.87897034,225.50872437
801760,2020-10-12,842.23,833.87,842.23,829.18,32.99560647,331.19934597
801760,2020-10-13,846.56,840.49,846.56,830.24,28.77072022,288.17908064
801760,2020-10-14,842.05,856.74,857.37,840.84,32.13928535,299.31365646
801760,2020-10-15,831.83,840.42,843.78,830.34,29.1610899,264.74684098
801760,2020-10-16,832.19,831.29,833.52,827.3,22.09837582,214.88778348
801760,2020-10-19,825.27,834.24,834.24,823.71,22.24263714,223.23014442
801760,2020-10-20,837.42,826.0,837.52,823.38,24.59584623,236.92006348
801760,2020-10-21,831.79,838.93,841.68,828.87,25.6861526,264.75598776
801760,2020-10-22,825.26,830.88,830.89,820.36,26.97308366,278.95609747
801760,2020-10-23,807.88,827.71,830.3,806.4,26.99560333,295.75550447
801760,2020-10-26,810.51,804.11,811.16,794.36,24.05930355,245.17575493
801760,2020-10-27,807.38,807.81,809.6,803.02,21.70829794,225.87517362
801760,2020-10-28,815.2,808.26,817.38,800.79,24.03795235,232.32718759
801760,2020-10-29,810.11,803.14,813.51,799.43,25.37750174,237.7859934
801760,2020-10-30,788.44,811.6,811.72,786.65,28.20912817,264.04048142
801760,2020-11-02,786.83,788.68,794.74,781.35,27.31056469,263.18173734
801760,2020-11-03,801.53,790.52,801.99,785.65,26.09621309,243.66241466
801760,2020-11-04,793.89,802.08,802.08,787.57,21.29664576,205.78919116
801760,2020-11-05,808.12,801.79,808.55,798.17,24.95615621,236.57818847
801760,2020-11-06,803.71,810.28,810.43,798.07,29.41674103,263.82843801
801760,2020-11-09,814.92,805.99,817.88,805.63,33.38034797,315.72351627
801760,2020-11-10,806.5,819.79,819.79,802.59,28.12691356,284.77055198
801760,2020-11-11,788.2,803.25,803.33,788.14,22.32923853,219.54672082
801760,2020-11-12,788.11,791.13,794.9,783.72,20.26760762,198.39459149
801760,2020-11-13,784.78,786.4,786.42,778.92,19.14894754,200.34596766
801760,2020-11-16,787.84,786.6,787.84,782.75,20.01822631,203.47615089
801760,2020-11-17,779.25,788.11,788.12,774.65,20.72910234,213.97800196
801760,2020-11-18,779.2,779.26,782.51,775.72,21.48041211,215.93336657
801760,2020-11-19,781.69,776.75,783.27,769.31,25.74596487,215.41560741
801760,2020-11-20,785.1,782.82,786.03,780.73,21.56483376,201.21576508
801760,2020-11-23,777.8,785.28,785.28,775.35,23.41692991,218.627456
801760,2020-11-24,773.75,777.72,779.24,771.59,22.38802091,210.45062774
801760,2020-11-25,761.92,774.28,775.28,761.92,20.87727646,195.41082087
801760,2020-11-26,761.58,762.16,765.08,757.16,18.39110499,171.86566832
801760,2020-11-27,762.2,761.51,764.41,755.98,18.86740577,171.97523466
801760,2020-11-30,771.95,761.53,777.1,757.4,24.71366994,236.2062263
801760,2020-12-01,793.04,770.56,793.77,769.68,28.62144134,294.1694213
801760,2020-12-02,792.52,792.89,797.59,790.69,23.42261012,237.70587207
801760,2020-12-03,793.18,791.12,796.69,790.85,20.95667019,200.37051114
801760,2020-12-04,793.78,793.03,793.78,788.89,18.33710288,173.6724645
801760,2020-12-07,784.37,794.31,794.31,784.06,19.84084903,172.18678241
801760,2020-12-08,784.03,786.38,792.21,783.58,17.32660591,172.61422913
801760,2020-12-09,765.94,785.61,785.61,765.94,20.36525474,173.91117357
801760,2020-12-10,767.96,764.11,772.53,761.92,17.82677052,158.71085092
801760,2020-12-11,746.08,769.21,769.21,741.2,25.53391027,222.83831206
801760,2020-12-14,748.3,744.16,748.38,740.92,18.52799312,169.63181566
801760,2020-12-15,755.02,749.24,759.77,749.24,18.75782338,171.34518787
801760,2020-12-16,742.2,755.92,756.09,740.54,17.58154861,155.4457482
801760,2020-12-17,742.74,739.79,743.49,728.29,20.22136627,171.38254983
801760,2020-12-18,748.07,751.98,753.3,745.57,17.70908093,164.82792464
801760,2020-12-21,750.84,747.76,754.35,745.16,19.64214409,185.88484682
801760,2020-12-22,736.67,748.32,750.48,736.67,22.00244988,202.44239607
801760,2020-12-23,735.35,736.31,736.35,730.06,20.01137133,174.64929618
801760,2020-12-24,716.96,732.07,732.07,716.34,21.50839788,172.63052206
801760,2020-12-25,712.41,714.55,716.39,709.82,18.83929105,154.02945156
801760,2020-12-28,703.15,710.27,711.62,701.25,22.14612826,189.64194302
801760,2020-12-29,716.18,703.82,722.84,703.78,24.50712383,223.96292715
801760,2020-12-30,722.79,715.14,724.83,713.24,19.89500398,203.1127313
801760,2020-12-31,733.62,723.29,733.62,722.58,20.79023218,197.5528417
801760,2021-01-04,739.31,735.64,740.77,733.52,23.6116429,235.60698857
801760,2021-01-05,732.01,735.58,737.49,724.12,26.11263853,243.52370923
801760,2021-01-06,727.7,730.62,730.64,720.6,24.74568098,224.77260931
801760,2021-01-07,708.61,726.38,726.38,703.98,30.45750862,255.58188773
801760,2021-01-08,730.58,709.06,736.77,709.06,34.16809685,299.84975839
801760,2021-01-11,731.26,731.37,738.83,725.42,32.19211892,291.53201107
801760,2021-01-12,728.91,727.31,730.76,722.51,24.7717581,242.6462545
801760,2021-01-13,722.54,729.15,729.24,719.66,26.69910518,248.91570096
801760,2021-01-14,719.28,720.12,730.67,717.1,25.14154928,244.75648701
801760,2021-01-15,724.96,719.44,726.6,719.33,24.09833971,212.62517738
801760,2021-01-18,740.62,724.77,742.01,724.77,24.25151902,220.12288716
801760,2021-01-19,740.16,739.18,743.62,736.05,30.34033513,254.57444346
801760,2021-01-20,742.13,737.3,744.45,736.53,22.62879159,199.71424142
801760,2021-01-21,749.02,742.46,754.94,742.46,29.55704965,275.33872887
801760,2021-01-22,744.57,747.99,747.99,736.49,24.60489995,233.94622548
801760,2021-01-25,736.48,741.45,745.99,732.95,23.97170898,240.96579737
801760,2021-01-26,726.22,733.9,739.36,723.88,24.50518666,241.72185194
801760,2021-01-27,748.12,727.93,753.22,727.92,38.01149511,355.81400187
801760,2021-01-28,743.23,745.24,758.91,741.55,39.25911209,360.24129526
801760,2021-01-29,732.94,744.04,744.65,723.84,35.85998926,306.99119311
801760,2021-02-01,739.0,730.0,739.24,730.0,33.6226065,276.23869451
801760,2021-02-02,736.08,738.93,743.6,730.99,30.21595281,256.15887924
801760,2021-02-03,729.52,733.97,739.36,728.2,29.46267129,251.72342914
801760,2021-02-04,705.93,727.4,727.43,699.18,31.37873085,281.25147379
801760,2021-02-05,699.99,708.95,718.51,699.76,27.1963632,225.24451156
801760,2021-02-08,704.37,701.12,704.48,690.08,24.05193127,205.39835836
801760,2021-02-09,714.96,704.98,716.63,702.46,22.0429562,190.4773072
801760,2021-02-10,719.49,714.18,720.35,713.28,21.34672887,198.64848533
801760,2021-02-18,732.91,736.86,741.43,728.41,30.95646355,288.54155302
801760,2021-02-19,745.43,732.78,745.88,728.97,34.93120421,300.14764778
801760,2021-02-22,732.77,746.02,746.99,732.15,40.41318229,344.14565867
801760,2021-02-23,718.99,728.09,730.69,717.58,27.53162707,231.72102943
801760,2021-02-24,718.95,718.76,728.78,713.81,29.82818217,251.35744563
801760,2021-02-25,713.89,723.75,724.61,713.42,26.39287547,216.87818288
801760,2021-02-26,704.2,702.51,711.4,702.21,24.97790754,201.05114011
801760,2021-03-01,724.22,709.8,724.28,709.77,26.70749973,224.48317002
801760,2021-03-02,713.63,725.43,725.43,708.02,24.79838361,215.82270425
801760,2021-03-03,722.18,711.27,722.18,710.8,22.3336599,189.66360633
801760,2021-03-04,711.06,717.46,718.19,710.05,24.60444435,204.27127015
801760,2021-03-05,720.64,703.98,722.98,703.98,27.59887784,223.4071767
801760,2021-03-08,707.03,724.82,732.24,706.96,31.08156606,264.48490521
801760,2021-03-09,695.6,703.38,710.19,682.29,30.253647,247.53601083
801760,2021-03-10,687.48,701.92,701.92,687.07,23.07369004,187.12949692
801760,2021-03-11,689.85,685.74,692.09,682.22,26.88094146,222.59295645
801760,2021-03-12,686.18,690.73,690.81,682.58,21.61931553,181.8923962
801760,2021-03-15,675.92,680.07,682.69,672.56,23.95512855,201.58479709
801760,2021-03-16,682.81,673.33,682.88,673.33,24.98531662,210.14662332
801760,2021-03-17,687.12,682.65,688.37,679.89,21.43388981,166.35839514
801760,2021-03-18,687.25,688.48,689.89,684.36,20.77562699,161.75882395
801760,2021-03-19,675.33,681.16,684.1,673.02,20.88364634,168.1963875
801760,2021-03-22,685.18,673.93,685.21,673.92,20.5028363,166.72996957
801760,2021-03-23,681.97,685.88,686.52,679.15,24.11205565,188.05692341
801760,2021-03-24,683.54,680.63,685.1,679.49,24.67257816,188.7337898
801760,2021-03-25,683.32,683.82,689.06,678.83,26.05100692,197.0517363
801760,2021-03-26,688.27,684.23,690.2,683.69,23.34344924,185.06451949
801760,2021-03-29,677.12,682.13,682.13,674.29,22.51863496,177.516593
801760,2021-03-30,672.77,674.86,675.23,670.72,22.46800165,173.54944472
801760,2021-03-31,671.13,672.6,675.66,668.25,16.9954457,141.96392099
801760,2021-04-01,674.64,670.97,674.97,668.97,17.4478624,135.66854589
801760,2021-04-02,679.01,675.79,681.09,671.44,21.36273243,162.37228872
801760,2021-04-06,684.06,680.32,684.72,678.45,21.67977299,173.64376055
801760,2021-04-07,686.75,683.53,686.82,681.73,23.13565989,169.85334837
801760,2021-04-08,684.22,686.35,688.48,683.35,22.05524789,168.79772489
801760,2021-04-09,685.37,683.52,686.68,682.02,22.34612174,164.96233109
801760,2021-04-12,674.3,685.76,685.77,673.38,23.96981231,190.3207834
801760,2021-04-13,670.67,673.23,677.34,669.03,25.99823677,185.72734757
801760,2021-04-14,683.24,669.97,683.51,669.97,28.84255325,198.39380314
801760,2021-04-15,675.28,682.13,682.13,674.43,32.57019504,207.31874028
801760,2021-04-16,685.58,675.14,686.76,674.67,35.43799257,227.15610848
801760,2021-04-19,693.7,683.53,694.39,682.5,28.55546056,216.14754319
801760,2021-04-20,695.97,691.91,703.47,690.59,31.41984454,234.44429898
801760,2021-04-21,692.17,690.98,694.4,690.18,26.26809958,184.32528853
801760,2021-04-22,697.89,693.01,698.76,690.84,25.45692912,183.3708753
801760,2021-04-23,693.25,703.31,703.36,691.42,26.84704336,209.11076738
801760,2021-04-26,693.13,694.06,700.15,692.69,26.85699229,218.22053578
801760,2021-04-27,689.0,692.33,694.34,685.38,24.40425202,184.83683513
801760,2021-04-28,692.47,688.39,693.28,685.67,22.39525426,172.20095122
801760,2021-04-29,692.75,689.23,695.04,687.36,22.73480851,185.45073786
801760,2021-04-30,685.26,690.76,694.4,682.88,24.4906485,192.28452482
801760,2021-05-06,678.63,682.85,684.1,673.06,21.27085376,173.85531609
801760,2021-05-07,676.08,679.32,682.9,676.08,25.49371957,179.72442004
801760,2021-05-10,672.25,675.3,677.3,668.7,26.05868758,193.13259643
801760,2021-05-11,672.66,668.72,674.86,664.12,24.96740067,185.71270022
801760,2021-05-12,683.69,670.11,684.05,668.28,26.11392439,199.57458098
801760,2021-05-13,679.79,679.01,684.71,678.71,27.85604224,216.26115348
801760,2021-05-14,687.14,680.53,687.31,680.37,28.6565703,219.88318081
801760,2021-05-17,689.28,686.68,695.32,684.2,27.61416849,234.47753652
801760,2021-05-18,693.68,689.24,694.7,687.67,22.84680848,199.3131401
801760,2021-05-19,691.66,693.11,694.25,688.58,23.11688934,191.38154291
801760,2021-05-20,695.65,690.94,698.57,685.69,26.71755746,224.99903211
801760,2021-05-21,692.29,695.03,699.28,691.61,23.36425559,204.80643303
801760,2021-05-24,697.96,690.97,697.99,690.75,22.10155375,198.42086316
801760,2021-05-25,710.09,697.48,710.41,696.91,27.61581161,236.49293859
801760,2021-05-26,702.89,710.03,712.35,702.3,31.20859041,252.21293044
801760,2021-05-27,710.42,702.17,710.42,702.17,28.51565448,232.82588361
801760,2021-05-28,703.05,709.29,712.29,701.1,28.34807008,248.12828125
801760,2021-05-31,704.07,701.32,704.07,697.82,27.81049404,231.07711245
801760,2021-06-01,706.53,703.31,706.98,701.96,30.9828391,264.57794926
801760,2021-06-02,692.1,705.83,705.83,690.75,30.37263255,264.01824934
801760,2021-06-03,694.38,693.33,700.98,693.33,25.06376014,211.06956926
801760,2021-06-04,699.07,693.6,701.77,693.44,26.43076081,206.17237857
801760,2021-06-07,707.13,700.08,707.17,698.44,24.48410194,213.49772346
801760,2021-06-08,711.26,707.82,712.36,704.52,27.41321411,221.58728016
801760,2021-06-09,707.67,712.1,712.1,705.58,30.4130339,218.04317276
801760,2021-06-10,712.19,710.6,715.95,710.59,34.38304586,273.27881739
801760,2021-06-11,704.39,712.99,712.99,702.4,40.36222059,311.29182592
801760,2021-06-15,696.38,705.08,705.08,695.2,33.26443205,263.90628983
801760,2021-06-16,686.04,695.75,695.75,685.59,29.6563991,221.27055926
801760,2021-06-17,680.95,684.16,686.65,679.23,26.68124324,204.76500348
801760,2021-06-18,685.01,680.89,685.51,676.72,29.12848327,231.08363017
801760,2021-06-21,687.7,682.18,687.78,679.44,28.60115613,243.46174675
801760,2021-06-22,687.26,690.13,691.61,684.77,28.62370836,245.01117209
801760,2021-06-23,691.02,687.01,691.48,683.6,26.42880999,225.76878786
801760,2021-06-24,680.36,691.12,691.12,680.12,25.66293928,200.74320656
801760,2021-06-25,680.32,679.41,680.51,675.44,23.03337717,186.49095901
801760,2021-06-28,683.56,680.24,685.84,679.94,23.34978453,193.17565252
801760,2021-06-29,679.61,683.98,685.44,679.05,21.75202401,178.60464634
801760,2021-06-30,679.32,679.65,679.65,675.63,21.58215699,181.94433374
801760,2021-07-01,673.05,679.39,680.22,672.48,23.64454216,190.16703504
801760,2021-07-02,666.58,671.84,673.41,664.91,22.07113577,190.20241609
801760,2021-07-05,659.78,666.6,667.16,654.51,24.54558975,202.51774403
801760,2021-07-06,659.45,658.5,659.77,653.83,25.43225446,198.63501822
801760,2021-07-07,662.32,656.99,662.33,656.41,22.69708637,175.58869809
801760,2021-07-08,650.97,662.24,662.24,650.86,27.36052866,212.46351752
801760,2021-07-09,651.85,649.43,652.31,646.87,25.31795573,192.66930649
801760,2021-07-12,657.53,651.46,659.16,649.83,29.16009002,250.10790243
801760,2021-07-13,668.32,658.06,668.78,657.71,30.85571827,245.09187952
801760,2021-07-14,661.7,668.77,668.78,661.63,29.89276294,223.89172943
801760,2021-07-15,658.16,660.65,660.66,650.0,28.2283802,227.88484027
801760,2021-07-16,656.75,658.65,659.55,656.1,24.66788835,217.9979648
801760,2021-07-19,650.48,654.7,654.7,647.36,24.05745291,193.28556981
801760,2021-07-20,649.27,645.93,649.54,643.98,19.3011661,153.12179229
801760,2021-07-21,651.72,650.01,654.43,649.99,22.99714371,176.93140671
801760,2021-07-22,652.3,651.98,655.61,650.94,25.89801864,193.64735275
801760,2021-07-23,636.53,651.88,651.89,636.53,26.10888307,203.73638773
801760,2021-07-26,612.1,629.56,630.8,607.87,28.69551267,238.6225977
801760,2021-07-27,594.99,611.8,616.79,594.99,27.73357426,235.71212201
801760,2021-07-28,589.55,594.42,597.04,581.43,26.50270711,212.61269822
801760,2021-07-29,599.5,596.42,602.72,596.38,22.07490012,189.31524281
801760,2021-07-30,598.35,597.45,599.33,592.47,22.34676454,192.92329589
801760,2021-08-02,606.35,596.22,606.65,593.57,22.8639331,196.36224309
801760,2021-08-03,600.54,603.5,605.96,599.75,25.39975926,229.77711363
801760,2021-08-04,598.3,600.46,600.46,595.91,22.84694039,193.9262473
801760,2021-08-05,584.94,595.84,595.85,584.94,23.17601435,204.57468172
801760,2021-08-09,598.03,580.69,598.5,580.67,22.34843897,191.57352333
801760,2021-08-10,606.97,596.61,607.01,596.03,21.18131862,193.52530501
801760,2021-08-11,605.88,606.3,610.83,604.74,20.31873428,170.26690151
801760,2021-08-12,603.79,606.33,610.35,603.33,20.73755465,171.5311783
801760,2021-08-13,599.91,603.2,603.21,597.91,21.18832181,171.72415573
801760,2021-08-16,602.41,600.69,605.58,599.38,21.48380114,180.73547117
801760,2021-08-17,588.01,602.14,602.21,587.71,23.5722841,187.33681611
801760,2021-08-18,590.91,588.08,590.94,583.67,21.08030467,171.1273171
801760,2021-08-19,594.69,590.11,597.58,590.11,24.52915239,188.943006
801760,2021-08-20,586.37,593.05,593.07,581.28,23.49606339,186.38602545
801760,2021-08-23,603.66,587.33,604.2,587.32,24.29677566,201.72584922
801760,2021-08-24,601.54,602.01,602.46,598.83,23.25433081,179.37824114
801760,2021-08-25,612.57,602.44,612.79,602.44,26.26297697,216.81140311
801760,2021-08-26,604.73,613.67,613.69,604.73,27.30475087,215.41811088
801760,2021-08-27,596.7,603.81,604.18,594.56,25.88208492,203.12617287
801760,2021-08-30,594.22,597.82,598.04,591.47,28.50044405,240.68708951
801760,2021-08-31,595.63,591.05,598.17,588.8,29.13247373,231.86419791
801760,2021-09-01,607.42,596.68,608.88,596.68,36.50338853,294.36944354
801760,2021-09-02,610.66,608.13,611.2,606.57,31.29248333,271.17569767
801760,2021-09-03,612.24,612.3,614.37,608.31,33.94727326,266.27984318
801760,2021-09-06,617.89,612.18,618.44,611.48,29.468872,241.36936368
801760,2021-09-07,629.73,617.11,630.39,616.43,36.54042271,281.34720086
801760,2021-09-08,655.13,632.55,655.13,632.55,55.56960911,434.61948298
801760,2021-09-09,643.11,646.54,647.04,641.39,49.80577125,388.63881462
801760,2021-09-10,640.98,641.7,644.37,638.94,40.81983799,329.49506687
801760,2021-09-13,649.25,638.61,653.66,635.27,43.28346202,359.34275993
801760,2021-09-14,638.0,649.95,650.68,637.27,39.37806204,324.07412551
801760,2021-09-15,642.05,636.34,643.77,634.61,30.52480018,273.54580929
801760,2021-09-16,634.25,642.48,648.98,633.73,34.6000345,286.66970932
801760,2021-09-17,629.17,634.0,634.0,621.64,30.4132463,235.31287279
801760,2021-09-22,624.67,621.75,625.59,620.45,22.65132526,188.14364816
801760,2021-09-23,630.72,628.33,636.06,628.3,27.46656767,225.60074933
801760,2021-09-24,625.99,629.22,634.64,625.99,27.80086239,239.70814118
801760,2021-09-27,615.04,625.65,626.78,610.47,30.78783286,248.77789501
801760,2021-09-28,608.82,613.08,613.08,608.04,19.66759793,173.71822798
801760,2021-09-29,593.21,604.28,604.64,593.21,22.75733258,189.65151052
801760,2021-09-30,605.38,595.81,606.25,595.63,20.48173709,173.25649367
801760,2021-10-11,623.69,624.4,627.54,620.11,25.29163049,223.07337743
801760,2021-10-12,610.55,621.34,621.34,606.27,22.49101263,200.81275519
801760,2021-10-13,616.27,613.62,616.41,607.79,23.1453663,199.50285526
801760,2021-10-14,620.27,614.06,622.0,612.49,26.25098162,229.80908606
801760,2021-10-15,614.3,618.03,620.01,613.9,28.78451005,251.31227353
801760,2021-10-18,610.51,613.43,613.45,606.43,26.40472648,225.61595867
801760,2021-10-19,614.48,609.21,616.05,608.67,27.03912467,240.8876961
801760,2021-10-20,613.19,614.53,615.42,609.89,27.16159801,245.63395827
801760,2021-10-21,609.4,612.29,613.94,607.94,23.08568694,206.46805231
801760,2021-10-25,608.04,610.26,610.28,605.27,27.20073704,241.14099376
801760,2021-10-26,603.85,605.82,607.84,603.07,23.63667544,210.33120228
801760,2021-10-27,592.27,603.19,603.19,590.77,26.5135588,236.90373305
801760,2021-10-28,591.11,591.65,592.62,584.76,23.87306653,216.31114699
801760,2021-10-29,609.97,591.24,610.35,591.22,33.32719547,288.11744626
801760,2021-11-01,614.96,608.85,619.49,608.85,36.85192154,337.43567031
801760,2021-11-02,604.71,613.64,617.93,601.42,34.12670526,315.88734703
801760,2021-11-03,612.66,604.77,618.01,604.77,30.58593326,286.99705001
801760,2021-11-04,622.08,615.13,622.09,612.97,31.79332349,298.68583202
801760,2021-11-05,630.94,619.28,638.04,618.44,54.40342333,492.42831494
801760,2021-11-08,637.56,633.08,639.11,633.08,50.04076746,440.06653948
801760,2021-11-09,637.42,636.02,640.69,634.85,41.25391289,378.50535711
801760,2021-11-10,641.75,639.21,646.79,637.47,45.27413247,406.72487462
801760,2021-11-11,651.13,637.14,655.22,636.7,52.51906264,467.06695661
801760,2021-11-12,649.58,648.01,652.39,646.57,45.52897561,413.84776155
801760,2021-11-15,665.99,650.02,668.65,646.1,45.43544752,452.98705728
801760,2021-11-16,669.49,664.21,677.22,664.2,48.87783321,480.0113085
801760,2021-11-17,672.38,667.99,675.79,667.28,43.02801392,432.27756525
801760,2021-11-18,654.58,673.48,673.48,653.5,46.66207084,458.91987975
801760,2021-11-19,658.09,654.33,661.57,653.66,46.1910092,387.34952965
801760,2021-11-22,658.32,657.15,662.04,654.64,41.69700413,362.89793327
801760,2021-11-23,657.77,655.26,659.23,648.47,40.29778425,368.76437949
801760,2021-11-24,664.73,657.83,668.64,655.03,48.21119865,433.11316782
801760,2021-11-25,652.78,662.18,663.22,652.73,44.56631088,393.55617364
801760,2021-11-26,645.71,651.14,651.6,645.45,36.93377022,325.7714889
801760,2021-11-29,638.37,636.0,642.05,635.37,32.89194544,306.58451434
801760,2021-11-30,637.98,642.42,644.55,634.82,33.50169387,311.86568469
801760,2021-12-01,646.08,636.76,646.08,636.14,35.65372588,303.51986249
801760,2021-12-02,634.08,642.95,642.96,634.08,34.54675392,290.68969983
801760,2021-12-03,635.45,635.33,637.79,633.24,28.008705,232.41167554
801760,2021-12-06,629.68,633.89,636.52,628.68,32.79173111,266.76576957
801760,2021-12-07,633.85,631.36,635.81,630.62,33.33488361,284.28289098
801760,2021-12-08,644.31,634.42,646.73,630.75,34.42434623,309.1753582
801760,2021-12-09,654.45,644.14,657.12,644.14,43.44927823,380.19240135
801760,2021-12-10,665.57,651.46,669.82,650.9,55.12884574,477.51540227
801760,2021-12-13,690.14,671.85,692.04,671.85,61.44912709,556.61796874
801760,2021-12-14,697.38,690.67,704.55,688.02,66.37086516,593.72582765
801760,2021-12-15,697.92,695.84,706.29,692.67,64.40639741,557.44998146
801760,2021-12-16,709.75,699.95,715.09,695.6,62.70734238,563.33528061
801760,2021-12-17,707.48,709.9,714.41,699.91,66.28555176,595.85013355
801760,2021-12-20,688.4,704.81,711.87,688.02,58.98320554,518.26459822
801760,2021-12-21,700.99,688.44,703.14,688.44,54.3898738,464.91132647
801760,2021-12-22,717.82,703.05,724.15,703.03,69.63448653,596.25026718
801760,2021-12-23,709.49,713.88,722.02,708.6,59.86620512,497.04853553
801760,2021-12-24,705.76,711.65,716.64,702.21,50.92265752,450.42190869
801760,2021-12-27,694.72,704.34,704.35,687.95,45.80711249,402.99877975
801760,2021-12-28,697.18,695.76,704.25,693.92,42.89223095,387.47720327
801760,2021-12-29,686.95,695.44,695.44,686.56,37.25141667,327.96658389
801760,2021-12-30,721.05,687.45,721.05,687.45,56.81331245,497.11676562
801760,2021-12-31,730.14,724.45,732.4,718.54,58.2293501,517.58542236
801760,2022-01-04,756.24,733.82,760.59,731.67,74.91381544,679.21496886
801760,2022-01-05,760.93,752.34,767.54,748.56,76.01185408,727.1811601
801760,2022-01-06,748.15,753.81,753.81,740.13,62.68275346,587.02511508
801760,2022-01-07,735.28,749.11,766.82,735.13,66.97996717,602.52248865
801760,2022-01-10,733.98,728.92,735.89,716.4,48.93833755,444.90514274
801760,2022-01-11,718.11,732.7,736.69,715.59,54.04305903,490.21673925
801760,2022-01-12,726.63,718.58,730.45,713.6,49.79029012,445.05543736
801760,2022-01-13,713.31,726.48,729.17,713.31,50.47368427,464.89910629
801760,2022-01-14,715.42,707.81,723.61,706.72,53.66254157,475.38753063
801760,2022-01-17,737.3,717.74,737.45,717.73,60.27349897,528.32680517
801760,2022-01-18,721.14,739.37,740.81,718.48,69.77119504,607.05616034
801760,2022-01-19,730.51,723.93,739.74,723.93,66.92554021,603.47890099
801760,2022-01-20,710.01,728.29,730.73,708.58,65.66488716,585.99911961
801760,2022-01-21,691.79,705.17,713.15,691.79,58.16090722,500.8770712
801760,2022-01-24,689.95,684.68,694.37,683.15,48.174245,391.67781498
801760,2022-01-25,647.93,685.3,685.3,647.93,53.63859467,416.65551479
801760,2022-01-26,645.77,651.01,657.29,638.9,39.22118131,298.63753422
801760,2022-01-27,621.07,644.47,644.47,620.6,40.23127698,288.06447933
801760,2022-01-28,624.99,625.81,633.91,620.1,36.28499187,268.91428221
801760,2022-02-07,621.4,629.89,629.89,617.07,34.77844644,261.96158436
801760,2022-02-08,631.71,620.76,631.71,615.67,37.4552639,259.21817633
801760,2022-02-09,650.46,631.52,650.72,630.77,46.42925201,338.42664733
801760,2022-02-10,659.78,650.53,660.0,646.08,49.49221179,359.73734466
801760,2022-02-11,645.18,658.35,662.39,644.3,51.76203289,387.48592875
801760,2022-02-14,646.69,642.55,653.14,641.51,45.19551584,337.83408496
801760,2022-02-15,648.36,647.15,653.4,644.29,44.97830334,321.2721475
801760,2022-02-16,652.81,651.49,656.25,649.38,44.5947994,319.21046742
801760,2022-02-17,642.93,648.55,650.59,642.09,44.12631935,317.57955102
801760,2022-02-18,646.89,638.03,646.89,638.03,35.72113805,259.98009514
801760,2022-02-21,653.95,645.88,655.17,645.87,43.07301409,327.10821975
801760,2022-02-22,630.05,647.22,647.24,627.2,43.47856921,351.7570168
801760,2022-02-23,644.52,632.03,646.32,632.02,37.87353151,295.57705647
801760,2022-02-24,616.56,641.07,641.21,607.47,59.74537575,437.51502996
801760,2022-02-25,619.36,621.9,628.32,618.66,32.50925995,244.37718656
801760,2022-02-28,616.3,618.68,618.68,605.72,29.45618535,220.98788202
801760,2022-03-01,623.94,616.48,624.05,616.07,31.25712517,228.78850415
801760,2022-03-02,620.53,619.35,623.95,617.57,28.00881529,205.40567406
801760,2022-03-04,616.92,613.43,621.85,610.54,39.39170973,296.7696266
801760,2022-03-07,607.17,612.19,613.95,604.19,35.2959947,252.08288967
801760,2022-03-08,586.43,605.52,608.04,586.37,40.56096718,280.8827907
801760,2022-03-09,581.8,586.97,589.55,555.19,41.59276991,283.46382668
801760,2022-03-10,586.03,593.73,596.96,586.03,34.98223243,258.7564919
801760,2022-03-11,591.41,576.08,592.62,572.28,35.00693589,250.1841257
801760,2022-03-14,573.14,584.82,588.08,573.14,31.47737889,228.10841829
801760,2022-03-15,540.14,568.66,568.67,540.14,38.42769266,258.43237167
801760,2022-03-16,564.76,549.42,565.76,536.1,40.1241545,278.74733731
801760,2022-03-17,582.9,575.79,591.38,575.79,44.43158036,336.76409759
801760,2022-03-18,587.61,578.53,589.39,578.53,33.15838223,248.80321303
801760,2022-03-21,588.22,589.67,592.05,582.24,33.30445572,242.72165905
801760,2022-03-22,594.7,585.97,598.03,581.6,36.31102704,272.52878223
801760,2022-03-24,580.72,589.24,589.24,580.01,26.83873828,202.65307067
801760,2022-03-25,583.71,581.99,591.43,581.62,30.41285985,236.30402724
801760,2022-03-28,591.9,581.63,596.43,581.63,36.28601075,290.986293
801760,2022-03-29,586.16,592.91,594.31,584.01,33.37178156,265.38200233
801760,2022-03-30,595.62,587.48,595.62,584.2,32.36086539,259.48525109
801760,2022-04-01,613.05,590.21,614.2,587.65,49.95254967,398.92776991
801760,2022-04-06,617.16,611.71,623.38,611.71,50.66578875,407.81875578
801760,2022-04-07,604.23,613.51,619.39,604.23,42.6127178,344.23539143
801760,2022-04-08,587.06,603.29,603.29,585.55,38.72715183,307.58548378
801760,2022-04-11,568.0,583.67,583.67,564.53,34.8031545,270.45501331
801760,2022-04-12,583.2,580.24,583.2,565.97,40.62899262,320.20050831
801760,2022-04-13,560.58,575.87,575.88,560.58,34.67087397,262.48361644
801760,2022-04-15,549.57,561.09,561.09,548.44,31.82614222,219.06776955
801760,2022-04-18,546.02,545.0,548.18,535.79,24.68139059,169.36597294
801760,2022-04-19,553.19,543.85,553.25,543.37,26.89103993,192.27714403
801760,2022-04-20,549.32,553.99,560.29,548.06,32.76065689,235.51487139
801760,2022-04-21,528.81,544.93,548.68,527.5,32.6573627,219.46910106
801760,2022-04-22,520.12,525.48,526.16,516.43,28.16943701,182.83844885
801760,2022-04-25,481.17,509.93,509.93,481.12,31.9578083,192.48171007
801760,2022-04-26,473.17,483.2,491.51,472.48,30.00837977,189.1301571
801760,2022-04-27,489.42,466.49,489.56,462.69,32.44535841,208.68587873
801760,2022-04-28,478.55,484.71,485.85,471.97,29.22866879,184.33003
801760,2022-04-29,510.79,482.01,512.1,481.97,34.88208928,243.43101141
801760,2022-05-06,500.65,497.97,507.22,495.32,25.9485193,176.88156297
801760,2022-05-10,512.98,502.19,513.31,499.92,28.17035655,187.54045179
801760,2022-05-11,513.51,513.48,528.19,513.43,38.0205814,263.624892
801760,2022-05-12,514.34,508.75,516.11,507.37,27.78799573,186.08800978
801760,2022-05-13,515.4,517.01,517.43,511.07,24.90844629,165.94506625
801760,2022-05-16,520.27,517.5,521.79,515.65,30.26371492,210.50344793
801760,2022-05-17,519.46,519.19,520.24,511.72,25.77623327,188.13583376
801760,2022-05-18,518.74,522.68,525.57,518.33,27.50218131,195.57868668
801760,2022-05-19,517.9,510.14,517.9,509.6,25.70373057,174.32768093
801760,2022-05-20,525.05,519.52,525.07,518.32,26.5612047,176.48241284
801760,2022-05-23,531.14,533.51,540.21,529.5,32.51050618,224.33882924
801760,2022-05-24,510.12,530.31,531.23,510.12,37.11568984,257.69512583
801760,2022-05-25,527.58,509.5,527.62,509.5,33.81286664,235.98958414
801760,2022-05-26,534.37,528.25,534.55,522.12,35.74219597,253.44166575
801760,2022-05-27,529.98,535.74,536.51,525.55,34.5474878,247.36549981
801760,2022-05-30,532.61,531.44,532.73,526.88,31.09381063,218.41676078
801760,2022-05-31,542.2,530.96,543.61,528.2,35.13405578,252.3110133
801760,2022-06-01,544.77,540.66,548.32,540.47,37.50053974,272.45201728
801760,2022-06-02,541.86,541.24,542.2,535.16,30.33071839,221.24013636
801760,2022-06-06,550.21,540.03,551.13,540.03,28.60986117,217.67412858
801760,2022-06-07,548.19,550.27,553.17,544.71,27.33806039,204.94982182
801760,2022-06-08,549.24,551.98,553.09,539.2,32.24861672,233.57297367
801760,2022-06-09,544.48,547.51,551.08,542.31,29.34102354,217.94279126
801760,2022-06-10,550.23,539.67,551.46,539.52,28.36112112,214.99334899
801760,2022-06-13,546.66,546.08,548.6,541.07,29.66366655,221.47881675
801760,2022-06-14,545.35,541.64,545.35,529.08,29.79409364,216.8352204
801760,2022-06-15,548.8,545.07,555.95,544.39,35.11346322,249.33147088
801760,2022-06-16,565.44,548.95,570.18,548.95,46.94153765,352.2765831
801760,2022-06-17,558.46,563.5,563.98,550.72,37.5946549,293.94485345
801760,2022-06-20,561.17,557.52,563.64,556.42,28.91713956,238.55693096
801760,2022-06-21,567.3,560.5,568.46,559.23,37.52037202,286.1233039
801760,2022-06-22,550.32,567.91,567.91,550.32,33.20516915,253.08667184
801760,2022-06-23,553.29,550.19,553.29,541.97,31.26391585,218.06738133
801760,2022-06-24,556.46,553.77,557.61,552.42,30.18494122,216.91819304
801760,2022-06-27,563.06,558.45,570.35,558.39,34.47255857,264.40185406
801760,2022-06-28,568.51,562.28,568.51,558.1,32.99328859,248.56840573
801760,2022-06-29,560.35,566.88,573.91,560.35,33.39609217,250.36913986
801760,2022-06-30,567.65,563.24,573.16,563.22,36.11967603,256.56319842
801760,2022-07-01,560.16,567.85,567.85,559.03,29.20512814,206.85919405
801760,2022-07-04,561.0,559.44,561.0,556.33,25.54536345,184.49328387
801760,2022-07-05,554.9,561.29,562.6,549.08,28.18730058,215.70275435
801760,2022-07-06,544.48,553.73,553.75,540.62,23.05482086,174.95582542
801760,2022-07-07,543.2,544.27,545.02,541.72,19.67378726,147.08026445
801760,2022-07-08,548.14,544.65,554.11,544.65,24.18835801,178.61922036
801760,2022-07-11,538.84,546.64,546.65,536.17,23.66540858,164.31574674
801760,2022-07-12,532.3,539.34,539.36,532.3,20.26438008,145.45178396
801760,2022-07-13,537.92,534.5,541.97,533.95,22.52432161,155.40510159
801760,2022-07-14,536.78,535.66,539.18,534.49,19.95733253,141.72119424
801760,2022-07-15,524.14,535.55,535.56,524.14,25.44448499,174.46943797
801760,2022-07-18,537.55,524.26,537.69,524.26,22.59673283,164.33064249
801760,2022-07-19,548.84,538.22,548.84,538.22,28.74623504,215.28780759
801760,2022-07-20,552.5,551.97,554.48,550.05,26.8944236,196.58455125
801760,2022-07-21,556.42,553.69,560.61,552.26,33.24033647,265.60947862
801760,2022-07-22,549.14,555.41,557.63,545.12,26.33863728,197.54993082
801760,2022-07-25,543.51,550.01,552.11,541.62,22.34103571,164.88928815
801760,2022-07-26,552.4,545.38,552.4,545.29,23.82653744,176.72575126
801760,2022-07-27,549.98,551.31,552.27,549.45,23.26310835,173.26120245
801760,2022-07-28,549.29,552.21,555.04,549.27,24.58626823,188.70111656
801760,2022-07-29,542.91,549.57,551.96,542.48,24.74265936,186.4531712
801760,2022-08-01,544.03,541.62,544.16,536.98,17.81689347,135.81913468
801760,2022-08-02,520.5,538.56,538.56,515.34,28.34969963,196.69703391
801760,2022-08-03,514.07,520.02,528.5,513.38,22.72598304,155.73124555
801760,2022-08-04,522.75,517.23,522.75,515.0,20.0694755,131.27820345
801760,2022-08-05,535.32,523.47,535.34,523.47,22.5289868,159.71028658
801760,2022-08-08,535.26,533.71,535.93,531.94,18.46967796,128.83337679
801760,2022-08-09,534.38,534.83,534.84,529.8,17.49740442,126.4235224
801760,2022-08-10,529.74,532.87,532.87,528.03,15.74924995,121.79876427
801760,2022-08-11,545.15,531.75,545.15,531.73,26.19198756,195.70514701
801760,2022-08-12,548.8,546.17,550.54,543.8,24.26098764,183.15072403
801760,2022-08-15,545.39,547.48,547.49,543.59,19.653036,146.68716947
801760,2022-08-16,544.28,545.67,546.23,541.63,18.5627937,145.20311094
801760,2022-08-17,552.08,544.88,552.46,541.26,24.32078665,187.11687048
801760,2022-08-18,543.46,550.48,550.48,540.64,21.75082155,167.43540357
801760,2022-08-19,546.31,543.41,556.92,543.41,31.43974741,248.06662682
801760,2022-08-22,555.49,545.08,555.61,541.45,31.11980469,228.50272045
801760,2022-08-23,550.74,553.98,555.6,549.35,27.7731699,194.75250453
801760,2022-08-24,541.66,550.55,554.77,540.82,29.24962027,214.45396622
801760,2022-08-25,544.23,544.59,544.6,533.67,29.2747981,199.21041526
801760,2022-08-26,543.74,544.78,551.59,542.6,27.64929712,196.21695281
801760,2022-08-29,543.85,536.99,543.86,533.84,28.65677107,203.88947962
801760,2022-08-30,550.58,542.71,554.88,542.71,32.98794901,234.2097409
801760,2022-08-31,549.13,548.95,560.52,548.22,39.11994072,287.89218659
801760,2022-09-01,538.59,548.12,550.26,537.79,32.80515511,233.1646933
801760,2022-09-02,549.94,539.19,552.0,539.19,33.40095542,234.23483972
801760,2022-09-05,539.18,548.87,548.87,535.4,30.3177624,212.57037721
801760,2022-09-06,541.34,539.43,541.36,534.76,24.6865741,172.33943912
801760,2022-09-07,531.34,538.91,538.91,529.92,26.24175104,179.75936465
801760,2022-09-08,526.93,532.08,535.32,526.79,23.45085372,162.49020263
801760,2022-09-09,529.06,526.92,529.27,523.51,19.78369854,133.91663434
801760,2022-09-13,530.43,530.05,534.32,529.57,19.92297937,142.67748366
801760,2022-09-14,525.32,523.21,528.27,522.38,20.08795127,142.28821318
801760,2022-09-15,519.27,527.4,530.33,514.61,25.33447358,182.31128056
801760,2022-09-16,507.89,517.95,520.26,507.89,23.93149993,168.46057106
801760,2022-09-19,498.77,506.83,506.83,494.49,20.56156326,139.02841311
801760,2022-09-20,502.22,501.11,504.74,500.1,17.50670397,117.73534003
801760,2022-09-21,505.54,499.94,506.74,492.7,18.0842844,121.24952806
801760,2022-09-22,496.8,501.97,504.31,496.8,15.68613881,105.04595721
801760,2022-09-23,486.26,496.77,496.77,484.09,18.88425669,128.64684131
801760,2022-09-26,478.06,482.38,486.18,477.63,17.7700557,115.10605679
801760,2022-09-27,493.42,479.57,493.45,479.01,18.49091798,129.55224479
801760,2022-09-28,482.01,491.72,491.72,482.01,16.65928849,118.36940733
801760,2022-09-29,473.45,486.67,487.48,471.5,16.64134991,112.40625875
801760,2022-09-30,473.2,472.85,478.09,470.98,14.24349271,94.76808851
801760,2022-10-10,463.09,473.63,473.63,462.35,14.61782405,97.77264757
801760,2022-10-11,462.58,462.92,464.17,455.56,13.63279722,91.34102911
801760,2022-10-12,472.75,462.28,472.75,457.08,16.2375849,107.29792335
801760,2022-10-13,474.32,470.01,478.63,470.01,16.21149709,111.61148992
801760,2022-10-14,484.07,477.81,485.58,477.81,17.39144598,126.43517302
801760,2022-10-17,489.67,482.28,490.43,482.28,17.01127596,118.82355272
801760,2022-10-18,488.11,491.27,491.27,487.51,15.28630369,113.32293066
801760,2022-10-19,480.8,486.26,486.31,480.8,14.35146945,100.22854227
801760,2022-10-20,483.1,479.52,488.18,478.0,15.50365274,111.17290901
801760,2022-10-21,476.35,483.08,483.3,475.56,13.44046465,96.75902447
801760,2022-10-24,461.64,476.69,482.05,459.36,18.43861465,122.25504452
801760,2022-10-25,457.19,460.42,462.38,452.35,15.61766209,102.80440682
801760,2022-10-26,467.32,458.63,471.61,458.61,17.19582673,121.01507301
801760,2022-10-27,473.89,468.56,477.63,468.56,19.21112879,131.72873424
801760,2022-10-28,455.5,471.45,471.46,454.42,23.4618997,150.69636127
801760,2022-10-31,460.78,452.4,464.1,452.39,20.30915697,131.88126444
801760,2022-11-01,474.41,461.74,474.41,458.77,22.27802358,146.0542944
801760,2022-11-02,488.06,483.58,490.7,483.57,33.95040272,232.77437451
801760,2022-11-03,481.57,482.94,484.84,478.57,25.73361712,182.3449291
801760,2022-11-04,492.68,481.46,495.3,481.44,26.89641314,193.08331771
801760,2022-11-07,503.91,490.56,505.85,489.88,31.45712443,226.03117848
801760,2022-11-08,503.12,503.93,504.63,499.22,27.2102337,197.93806263
801760,2022-11-09,499.48,501.67,504.75,499.38,22.5012386,163.09048502
801760,2022-11-10,513.09,496.85,514.68,496.55,34.62608169,249.80646955
801760,2022-11-11,514.8,522.89,525.21,514.61,42.60520486,326.31133844
801760,2022-11-14,517.91,516.43,521.84,515.42,32.87037466,239.26380182
801760,2022-11-15,522.96,516.17,522.96,515.95,28.07744524,214.31694314
801760,2022-11-16,530.18,524.77,533.47,524.77,37.25902245,279.56521689
801760,2022-11-17,541.52,540.44,541.54,532.25,45.86724393,369.82803932
801760,2022-11-18,541.16,541.5,558.01,541.16,52.4745094,408.74584327
801760,2022-11-21,525.41,536.22,536.75,522.67,38.67006559,289.57736607
801760,2022-11-22,520.9,524.35,526.42,519.13,32.04274025,234.43718178
801760,2022-11-23,516.95,520.23,520.23,510.71,31.67596905,230.75550912
801760,2022-11-24,511.6,516.59,519.12,510.67,22.28984712,165.21683851
801760,2022-11-25,512.67,511.56,515.71,509.24,22.90604896,164.89918898
801760,2022-11-28,512.6,505.48,514.87,501.08,28.58835657,196.53331332
801760,2022-11-29,527.22,513.05,527.7,513.05,32.04964741,229.09486645
801760,2022-11-30,527.53,526.42,530.89,524.63,27.94537168,214.46221821
801760,2022-12-01,536.0,535.44,539.75,535.44,35.48109197,274.84398273
801760,2022-12-02,538.66,535.81,543.44,535.8,34.02965356,248.0344213
801760,2022-12-05,548.19,544.7,548.65,542.95,35.7292251,277.16262398
801760,2022-12-06,542.29,546.59,549.55,540.79,31.12213374,250.09464054
801760,2022-12-07,545.38,541.05,550.96,538.46,31.18837872,246.88294816
801760,2022-12-08,545.36,543.88,546.73,537.34,28.37728786,220.14711456
801760,2022-12-09,541.71,544.32,544.32,535.31,28.80752934,221.32026471
801760,2022-12-12,533.55,539.69,541.91,533.05,23.61839195,182.30580785
801760,2022-12-13,537.34,533.23,543.65,533.23,27.82516991,215.69652737
801760,2022-12-14,542.71,535.17,544.65,533.64,26.96082828,198.99516468
801760,2022-12-15,538.03,542.23,545.49,537.7,26.8886599,209.28428965
801760,2022-12-16,532.83,534.85,537.49,529.58,23.73103096,182.59011645
801760,2022-12-19,523.35,531.88,534.47,521.43,22.83262733,180.27646033
801760,2022-12-20,514.91,525.29,527.49,514.5,20.29274633,160.33585752
801760,2022-12-21,517.48,514.87,522.08,513.68,19.27197566,159.80515227
801760,2022-12-22,519.92,519.41,529.91,518.43,22.61129284,194.35894339
801760,2022-12-23,529.58,517.31,534.22,517.31,26.84024352,226.94899744
801760,2022-12-26,530.72,529.05,533.82,528.29,23.82305493,205.93570824
801760,2022-12-27,530.89,532.83,533.15,526.99,22.80927057,201.40249214
801760,2022-12-28,531.36,529.42,535.0,524.61,26.56778184,233.04377552
801760,2022-12-29,527.02,531.66,536.75,527.02,30.76334734,259.25507515
801760,2022-12-30,539.82,527.3,540.07,527.25,39.12302943,298.00105493
801760,2023-01-03,554.78,540.71,555.24,540.0,45.46549601,361.85891368
801760,2023-01-04,560.89,555.89,564.32,554.7,44.8251617,374.01587637
801760,2023-01-05,566.04,561.48,570.68,561.44,39.66444026,347.38153827
801760,2023-01-06,552.14,565.33,565.33,551.09,33.92315174,280.99847481
801760,2023-01-09,558.55,553.13,560.75,553.13,26.4174181,227.49284448
801760,2023-01-10,563.65,558.96,563.74,554.83,29.02796641,245.65840024
801760,2023-01-11,550.35,563.26,563.26,549.66,28.40385785,236.39769013
801760,2023-01-12,551.73,551.29,554.75,547.25,24.81784968,206.46344473
801760,2023-01-13,558.79,553.38,558.79,551.2,27.9928904,230.51010978
801760,2023-01-16,558.01,560.46,561.41,555.75,30.0670587,241.00546827
801760,2023-01-17,550.71,558.69,558.71,548.14,26.41199982,211.6392256
801760,2023-01-18,557.9,553.2,560.43,553.18,29.23348467,234.49733785
801760,2023-01-19,562.63,555.44,562.66,553.03,26.01649203,199.37582897
801760,2023-01-20,566.22,562.98,566.22,561.34,25.18219141,190.35845247
801760,2023-01-30,566.13,574.14,574.14,565.62,39.36862982,311.72518845
801760,2023-01-31,567.14,563.17,567.14,560.91,30.78585392,245.70557708
801760,2023-02-01,576.97,567.92,576.97,564.8,40.32474465,309.36599712
801760,2023-02-02,581.24,577.98,588.02,576.58,44.58314322,377.89064741
801760,2023-02-03,587.97,580.83,588.28,580.83,41.55134406,337.99544845
801760,2023-02-06,592.05,587.32,595.3,583.27,43.82606097,371.71860153
801760,2023-02-07,601.12,592.39,603.18,589.23,48.54655425,417.07319993
801760,2023-02-08,589.02,601.82,602.1,588.99,45.07243827,374.37409407
801760,2023-02-09,600.1,586.29,600.14,582.98,40.64788003,326.62713499
801760,2023-02-10,602.67,599.21,611.06,599.21,53.65624596,420.38862954
801760,2023-02-13,609.3,602.23,609.75,600.88,49.20816827,384.02612954
801760,2023-02-14,604.08,609.25,610.45,602.12,41.17338534,344.49963033
801760,2023-02-15,615.08,605.34,615.78,602.89,50.68584035,435.6234493
801760,2023-02-16,611.84,614.36,632.3,608.76,79.6865307,620.65897783
801760,2023-02-17,599.82,613.42,615.63,599.55,59.02965184,439.29158504
801760,2023-02-20,619.47,602.41,619.47,601.8,56.69429788,452.37870408
801760,2023-02-21,611.23,618.35,621.58,606.64,53.11905968,430.30623379
801760,2023-02-22,604.77,605.69,607.56,597.38,40.34447811,312.59488647
801760,2023-02-23,594.34,604.63,604.63,591.89,40.01403889,305.91222937
801760,2023-02-24,593.98,594.69,596.58,589.26,31.67577428,244.17649208
801760,2023-02-27,583.41,591.49,592.96,582.83,31.04336733,233.60388937
801760,2023-02-28,590.74,587.46,590.77,582.46,28.31098445,227.22714962
801760,2023-03-01,611.74,590.34,612.52,590.07,50.19035418,405.93393251
801760,2023-03-02,623.22,611.81,624.89,611.81,57.66228649,458.57234902
801760,2023-03-03,620.29,620.42,625.34,613.76,43.98645148,366.37583554
801760,2023-03-06,615.62,621.06,621.6,614.53,37.1258787,316.74655517
801760,2023-03-07,603.13,616.14,618.77,603.09,39.00431964,336.14039353
801760,2023-03-08,611.5,602.06,611.5,601.43,34.07368679,277.20311962
801760,2023-03-09,611.02,611.23,613.64,605.18,38.78138347,307.34119021
801760,2023-03-10,602.44,605.12,611.13,602.44,39.78260543,299.66623031
801760,2023-03-13,614.53,601.84,614.53,596.24,41.88748858,338.74846321
801760,2023-03-14,608.55,615.02,621.58,606.42,46.52430346,387.78618873
801760,2023-03-15,607.63,612.47,615.05,606.91,37.04959295,298.42447733
801760,2023-03-16,607.97,603.9,615.31,597.8,41.69019955,355.85267323
801760,2023-03-17,637.72,612.79,640.29,612.78,65.54617312,575.25794138
801760,2023-03-20,651.83,652.15,662.54,651.49,78.90347402,720.22593771
801760,2023-03-21,667.56,650.74,671.73,650.74,65.38021608,599.91330704
801760,2023-03-22,685.35,669.96,685.82,666.98,77.09371794,699.95578075
801760,2023-03-23,684.35,682.01,686.31,675.31,68.90677745,638.73643465
801760,2023-03-24,707.65,683.85,707.65,683.85,75.20443933,753.36317806
801760,2023-03-27,713.77,707.27,719.68,696.06,79.67954219,820.34717606
801760,2023-03-28,701.09,708.01,717.82,699.77,68.44238285,702.06704592
801760,2023-03-29,698.37,700.71,708.89,690.04,60.58817296,630.77741299
801760,2023-03-30,688.69,696.42,699.49,682.63,51.31254556,529.8654613
801760,2023-03-31,724.68,688.92,725.32,684.83,65.59096902,667.09902044
801760,2023-04-03,756.73,718.94,759.34,718.94,80.61276485,888.38154896
801760,2023-04-04,749.93,755.5,769.73,745.4,72.56496249,820.09699029
801760,2023-04-06,725.33,736.74,736.74,717.21,63.14721757,683.41478854
801760,2023-04-07,750.53,727.33,756.03,717.01,64.11077738,692.28805738
801760,2023-04-10,721.06,752.95,757.99,718.24,66.28568651,763.0348676
801760,2023-04-11,756.8,721.98,770.49,720.12,79.32589177,885.5642321
801760,2023-04-12,794.15,758.53,794.26,757.55,89.76334362,1028.88067247
801760,2023-04-13,790.08,794.09,814.09,788.67,99.24656833,1157.43278217
801760,2023-04-14,774.08,787.71,796.31,755.12,85.70524617,969.27317251
801760,2023-04-17,744.05,765.91,765.91,742.21,64.39917286,710.02330435
801760,2023-04-18,744.76,741.39,748.46,722.2,57.25602557,669.64709488
801760,2023-04-19,753.11,741.59,767.99,741.59,64.57652667,726.85919322
801760,2023-04-20,787.05,749.68,787.05,749.68,79.21620493,923.27796586
801760,2023-04-21,751.16,788.38,795.12,751.16,78.68713849,928.46760253
801760,2023-04-24,778.48,748.63,788.06,748.63,80.92554891,956.33006211
801760,2023-04-25,797.32,776.22,800.24,771.18,89.20977613,1073.01740135
801760,2023-04-26,793.36,788.93,813.87,763.52,93.62333151,1142.31493272
801760,2023-04-27,756.61,782.83,791.77,744.74,88.401204,1025.15595626
801760,2023-04-28,819.35,750.99,824.0,750.99,103.20160771,1189.94251751
801760,2023-05-04,866.97,834.16,867.2,829.94,115.73757573,1346.61662014
801760,2023-05-05,848.07,859.97,867.73,842.88,102.5326844,1265.17366239
801760,2023-05-08,846.37,841.31,859.93,826.69,92.51882581,1123.04447748
801760,2023-05-09,822.07,836.64,853.99,820.64,92.83109625,1116.1113161
801760,2023-05-10,815.37,817.49,836.18,799.65,86.76072125,1051.88395572
801760,2023-05-11,835.22,820.07,851.71,818.45,98.61520823,1149.60023386
801760,2023-05-12,797.4,825.9,831.75,797.13,88.86620217,1000.96872153
801760,2023-05-15,782.62,799.74,801.72,762.35,81.87430951,945.11831324
801760,2023-05-16,748.63,783.01,784.8,747.48,72.32538518,841.85555021
801760,2023-05-17,750.47,739.42,764.92,739.42,59.37990598,679.83992681
801760,2023-05-18,771.71,746.79,773.04,742.67,66.32578611,776.63372328
801760,2023-05-19,752.76,767.27,774.77,752.57,57.65649931,672.33926147
801760,2023-05-22,741.67,749.49,754.5,729.05,49.40714078,557.91056455
801760,2023-05-23,726.24,741.21,745.92,726.24,44.63694151,503.15412297
801760,2023-05-24,732.84,724.13,738.42,716.05,49.43784527,558.77295883
801760,2023-05-25,715.78,729.02,737.24,699.26,52.70902961,589.96842584
801760,2023-05-26,730.37,713.53,732.87,707.51,44.95956839,542.54114003
801760,2023-05-29,742.24,732.63,754.7,727.88,62.77368991,757.5169735
801760,2023-05-30,772.37,733.83,773.48,723.43,70.92487913,853.73655061
801760,2023-05-31,782.19,770.7,787.9,770.7,65.01565267,807.33777987
801760,2023-06-01,802.67,774.72,813.95,774.72,80.77396713,966.90236229
801760,2023-06-02,800.99,807.64,813.13,798.44,72.24876981,849.28632342
801760,2023-06-05,821.32,796.85,822.98,796.85,69.61680649,854.63997869
801760,2023-06-06,804.81,816.85,833.85,799.23,76.73544532,920.20661303
801760,2023-06-07,816.39,802.09,820.1,794.47,70.58301277,862.8791491
801760,2023-06-08,797.19,810.3,810.3,784.25,66.820829,807.40744947
801760,2023-06-09,823.57,797.1,825.35,789.99,75.29616935,937.66556237
801760,2023-06-12,821.51,821.21,830.6,819.44,65.81400641,804.99041781
801760,2023-06-13,842.42,820.56,848.77,820.33,76.77944177,966.57892117
801760,2023-06-14,852.32,841.12,867.44,841.12,80.92650479,1006.00078121
801760,2023-06-15,847.72,855.65,867.89,844.73,70.70706569,956.09078477
801760,2023-06-16,860.88,841.03,868.2,832.42,67.3401295,923.02400569
801760,2023-06-19,868.58,864.03,869.27,855.58,71.821852,980.24441979
801760,2023-06-20,873.64,865.05,883.51,860.24,71.42188501,984.94568725
801760,2023-06-21,809.41,861.91,864.36,809.41,71.09401496,937.25783684
801760,2023-06-26,763.73,800.1,807.78,760.87,60.4601651,724.0622927
801760,2023-06-27,773.56,766.33,783.37,761.37,49.00795704,544.32731148
801760,2023-06-28,762.22,768.88,768.88,735.73,61.1458672,687.6500817
801760,2023-06-29,775.45,761.21,779.9,761.21,48.05021777,557.24056956
801760,2023-06-30,770.62,772.04,777.4,762.61,44.62548699,516.29293132
801760,2023-07-03,741.79,770.63,770.63,730.3,53.14496765,609.13752449
801760,2023-07-04,744.31,739.79,744.31,736.36,40.63746923,476.4896481
801760,2023-07-05,735.36,741.21,747.48,735.12,36.78987999,405.59304499
801760,2023-07-06,736.83,733.55,754.88,733.55,36.01147378,431.58594822
801760,2023-07-07,730.46,733.25,737.88,712.91,35.83891458,411.70576915
801760,2023-07-10,741.71,733.6,741.95,728.16,33.13135467,363.73327199
801760,2023-07-11,735.54,740.18,745.59,728.66,32.54632229,355.50948291
801760,2023-07-12,717.33,735.63,739.25,715.92,40.83787571,448.93844763
801760,2023-07-13,740.48,720.76,743.09,716.53,46.24709473,550.68654466
801760,2023-07-14,751.03,743.55,760.99,743.55,47.14316293,594.94621257
801760,2023-07-17,736.27,747.63,749.46,733.03,40.06564892,497.79479587
801760,2023-07-18,724.24,737.88,737.88,723.71,31.41842073,388.02608214
801760,2023-07-19,732.94,724.8,735.83,724.37,31.43974662,393.14913091
801760,2023-07-20,716.81,731.62,731.62,715.96,39.89430743,454.26613087
801760,2023-07-21,714.7,715.29,724.4,708.65,37.36769274,403.64095416
801760,2023-07-24,714.67,711.2,725.78,710.22,32.69575249,359.20714453
801760,2023-07-25,725.02,721.79,731.7,715.8,41.95166129,461.86436774
801760,2023-07-26,705.11,723.46,723.46,701.82,41.97500366,432.1235836
801760,2023-07-27,696.31,702.66,709.06,695.54,34.09632629,358.31595913
801760,2023-07-28,692.72,693.48,696.79,687.45,31.74110483,325.97767871
801760,2023-07-31,712.26,692.05,719.67,688.68,45.84074844,447.41616213
801760,2023-08-01,709.81,710.75,713.5,702.62,32.24170683,318.05293797
801760,2023-08-02,705.45,706.54,706.88,699.66,28.37239546,296.60043367
801760,2023-08-03,701.7,701.4,708.88,698.95,25.90658541,277.92288224
801760,2023-08-04,717.03,702.09,719.36,702.09,39.53360459,420.08956553
801760,2023-08-07,730.34,719.57,735.78,719.57,48.76674752,557.16886432
801760,2023-08-08,730.16,727.81,740.84,725.86,43.69713498,501.11268181
801760,2023-08-09,706.66,724.97,729.02,705.55,37.28706891,422.91445701
801760,2023-08-10,707.97,706.07,716.95,704.88,29.71751708,328.26193483
801760,2023-08-11,696.53,709.64,717.56,696.41,29.60521021,340.05924214
801760,2023-08-14,716.22,688.34,716.22,688.34,33.66468403,402.27137285
801760,2023-08-15,698.64,716.39,716.39,693.3,28.36273019,342.69192165
801760,2023-08-16,684.15,697.39,697.54,680.25,28.18669503,328.27322447
801760,2023-08-17,692.0,681.4,693.19,676.8,25.45085173,323.92798321
801760,2023-08-18,668.25,689.82,693.67,668.25,29.41742357,350.62442019
801760,2023-08-21,665.42,666.62,681.32,665.42,23.33068512,274.68969026
801760,2023-08-22,685.46,670.81,685.55,664.91,33.10482805,390.91349121
801760,2023-08-23,675.12,683.5,686.21,675.12,33.8357592,423.07806006
801760,2023-08-24,689.82,678.82,703.57,678.41,45.9434168,550.20548865
801760,2023-08-25,665.73,682.64,684.92,662.46,39.68816531,452.59062839
801760,2023-08-28,676.82,703.59,703.59,675.88,41.85091739,490.78972373
801760,2023-08-29,701.84,674.54,704.13,674.54,45.38266442,553.74813356
801760,2023-08-30,715.54,702.76,718.33,701.03,45.56328584,586.83384526
801760,2023-08-31,704.3,709.89,712.25,701.46,35.10878264,457.60565771
801760,2023-09-01,697.37,702.92,704.5,693.97,28.47087332,383.96326644
801760,2023-09-04,700.0,698.82,700.0,692.38,28.85193448,360.52085541
801760,2023-09-05,686.56,696.98,698.04,685.06,28.84645677,346.59059926
801760,2023-09-06,676.15,682.57,682.57,671.41,26.90540995,313.0133054
801760,2023-09-07,667.75,678.48,683.64,667.75,30.97002426,357.22449903
801760,2023-09-11,665.44,654.64,671.38,654.64,31.54698174,339.97299867
801760,2023-09-12,655.25,662.48,662.48,655.07,22.07739143,250.18220959
801760,2023-09-13,646.36,653.52,653.76,641.84,24.35709372,264.61816146
801760,2023-09-14,640.19,644.87,644.87,636.32,20.13889014,218.05534309
801760,2023-09-15,637.83,641.29,645.8,635.38,19.55261201,208.57339598
801760,2023-09-18,641.52,635.34,643.62,634.75,20.64263432,232.46966193
801760,2023-09-19,630.45,640.59,640.59,628.3,20.55898573,213.4210407
801760,2023-09-20,625.32,629.37,633.86,625.16,17.80582055,185.35617192
801760,2023-09-21,619.59,624.19,627.42,618.68,16.9044619,181.57537745
801760,2023-09-22,647.34,618.79,647.47,618.79,31.31649003,375.30776722
801760,2023-09-25,642.41,646.57,649.11,640.01,24.7836935,294.40464479
801760,2023-09-26,650.89,642.72,656.57,642.72,26.99167699,371.13161485
801760,2023-09-27,652.37,647.67,657.26,647.55,23.83930131,291.85805712
801760,2023-09-28,650.56,654.09,655.64,649.74,23.32665964,260.10648574
801760,2023-10-09,639.59,645.63,645.64,636.0,23.80922629,256.33178553
801760,2023-10-10,640.94,642.04,646.15,639.81,21.48032386,234.66806243
801760,2023-10-11,647.46,641.9,656.49,637.83,27.82542476,304.24715922
801760,2023-10-12,638.78,649.82,650.1,636.34,24.01987957,259.13871738
801760,2023-10-13,627.91,635.68,636.61,626.81,21.65356517,235.2511664
801760,2023-10-16,620.59,628.59,628.59,617.52,21.982007,232.81137345
801760,2023-10-17,619.76,621.16,621.74,614.97,17.86459978,194.63856221
801760,2023-10-18,607.54,617.5,617.5,604.33,20.88644109,211.51975705
801760,2023-10-19,604.35,604.81,612.94,604.35,20.13552213,198.278314
801760,2023-10-20,591.08,601.09,604.19,590.75,19.52216029,188.97989611
801760,2023-10-23,575.37,589.0,589.0,573.08,20.06804433,183.3739734
801760,2023-10-24,590.33,579.12,593.92,578.36,23.88449656,231.73244307
801760,2023-10-25,591.36,593.79,597.15,587.43,27.28050859,260.3844742
801760,2023-10-26,590.63,585.99,590.63,581.96,22.62501272,223.00266909
801760,2023-10-27,598.67,589.38,600.16,586.28,25.64606494,256.39746987
801760,2023-10-30,609.73,596.93,610.38,596.93,32.82641596,297.70516709
801760,2023-10-31,611.62,617.34,619.47,607.48,36.61755883,351.32803764
801760,2023-11-01,615.36,608.68,629.2,608.68,38.65422762,379.34905063
801760,2023-11-02,629.18,615.43,637.62,615.43,53.84652926,527.43209723
801760,2023-11-03,629.38,626.58,634.59,620.13,48.29190584,467.82125449
801760,2023-11-06,662.25,634.68,662.25,634.68,60.23452118,612.03329883
801760,2023-11-07,667.22,664.75,669.78,658.81,59.46007781,629.58532583
801760,2023-11-08,689.63,664.7,696.38,664.7,79.09057384,819.33302151
801760,2023-11-09,676.03,685.96,687.69,673.91,58.93432728,636.38573678
801760,2023-11-10,662.62,671.57,671.82,661.48,42.58579728,469.63548872
801760,2023-11-13,669.59,668.27,678.25,667.82,42.87423295,507.63330662
801760,2023-11-14,671.38,667.14,671.55,665.79,38.54920626,437.01001791
801760,2023-11-15,664.34,675.25,676.15,662.92,37.98515293,430.34597936
801760,2023-11-16,670.05,660.28,674.46,659.37,49.27246965,495.86533593
801760,2023-11-17,674.59,670.89,677.36,668.21,53.8510958,553.89163146
801760,2023-11-20,679.73,671.64,682.64,670.14,52.84917984,546.04819878
801760,2023-11-21,686.88,680.93,697.05,680.93,66.31603887,711.12114016
801760,2023-11-22,692.79,683.27,698.89,683.27,72.4518301,759.65506819
801760,2023-11-23,680.31,688.63,688.63,674.12,58.5470692,597.31136934
801760,2023-11-24,670.52,679.84,686.42,668.45,51.42812481,516.3645668
801760,2023-11-27,656.32,664.16,664.16,653.26,47.72628739,451.90224371
801760,2023-11-28,657.46,655.42,657.69,648.3,30.35770523,332.89030601
801760,2023-11-29,650.02,655.65,657.53,648.18,34.51465248,321.44420458
801760,2023-11-30,648.32,649.38,653.54,642.99,33.53780553,335.60591113
801760,2023-12-01,682.74,648.72,683.7,648.72,66.47471292,679.92295417
801760,2023-12-04,687.8,684.59,696.41,683.83,61.82163419,696.65407325
801760,2023-12-05,668.32,685.94,685.94,668.31,50.12710103,554.30502914
801760,2023-12-06,685.96,665.12,695.57,657.6,67.11296284,704.27517005
801760,2023-12-07,700.13,689.14,703.6,689.14,73.56981475,824.86055831
801760,2023-12-08,695.06,696.13,702.34,687.41,70.17690337,776.29150961
801760,2023-12-11,715.71,691.75,716.75,691.75,72.03793336,807.24872371
801760,2023-12-12,717.45,718.35,726.9,713.13,66.91300765,779.36155886
801760,2023-12-13,709.39,714.65,723.61,709.19,57.58025798,630.53593027
801760,2023-12-14,706.46,710.86,721.31,705.74,62.9379598,672.69038905
801760,2023-12-15,712.21,706.83,720.4,696.67,69.51377837,742.41604561
801760,2023-12-18,695.92,712.29,712.65,693.6,58.01567531,622.88128225
801760,2023-12-19,704.56,693.1,708.83,693.1,54.77943044,608.61135114
801760,2023-12-20,682.42,704.87,706.0,682.24,55.53271546,611.15620096
801760,2023-12-21,691.74,676.34,694.28,676.34,56.01133203,623.82642612
801760,2023-12-22,633.03,688.42,689.12,630.93,80.21416383,808.29243369
801760,2023-12-25,620.88,624.04,626.07,608.34,57.6433597,588.55070656
801760,2023-12-26,610.89,622.47,626.44,607.27,43.8319177,458.84194795
801760,2023-12-27,605.33,615.13,617.56,602.62,38.38251829,393.17194228
801760,2023-12-28,611.43,602.89,614.31,594.98,41.10226056,415.98392297
801760,2023-12-29,630.49,610.68,634.03,610.68,47.89922641,506.64193183
801760,2024-01-02,627.14,636.22,643.73,627.14,43.33163805,462.85081108
801760,2024-01-03,632.2,625.72,639.14,621.63,42.38824375,433.9098193
801760,2024-01-04,626.52,630.8,630.8,617.8,34.07734407,349.69431274
801760,2024-01-05,611.62,624.91,624.91,608.34,34.77722104,340.96622388
801760,2024-01-08,605.13,609.77,614.64,605.13,28.54867839,284.1701471
801760,2024-01-09,603.74,607.87,613.29,598.72,32.48034015,304.88615732
801760,2024-01-10,587.03,601.43,601.43,587.03,31.04634879,279.04756923
801760,2024-01-11,605.61,586.1,607.03,586.1,30.79036931,296.05721917
801760,2024-01-12,593.09,603.21,603.65,593.09,28.91701983,270.30408067
801760,2024-01-15,592.91,590.36,599.6,589.46,24.33441002,229.7281098
801760,2024-01-16,587.61,591.75,591.75,579.46,28.40967386,252.31579277
801760,2024-01-17,572.19,585.75,586.52,572.19,23.52030388,214.42050427
801760,2024-01-18,577.6,568.24,577.6,558.86,32.82481723,300.79433924
801760,2024-01-19,583.2,579.77,594.52,579.77,37.10891969,379.53004856
801760,2024-01-22,544.99,581.4,583.92,542.28,37.28812581,350.37032806
801760,2024-01-23,564.56,543.41,567.18,539.62,35.27255699,355.30322527
801760,2024-01-24,571.17,566.07,571.36,551.96,33.73221946,327.71465436
801760,2024-01-25,591.67,569.49,592.03,563.57,40.45068062,412.86735195
801760,2024-01-26,591.4,591.52,607.1,585.17,47.40826614,477.22043248
801760,2024-01-29,571.45,588.13,588.13,570.01,36.45594878,351.08162147
801760,2024-01-30,551.39,567.26,569.9,550.85,28.297571,274.41076274
801760,2024-01-31,532.97,547.7,558.77,532.97,38.94624227,374.44733458
801760,2024-02-01,528.75,527.02,541.88,517.55,39.95113674,365.79990236
801760,2024-02-02,519.91,529.76,546.67,504.88,45.24998438,399.73038752
801760,2024-02-05,480.84,512.44,512.44,472.39,46.65466868,352.74697035
801760,2024-02-06,506.18,468.39,512.58,463.22,52.72231362,398.2674119
801760,2024-02-07,510.34,505.73,520.29,502.26,53.264837,413.56328127
801760,2024-02-08,530.43,512.72,531.54,512.72,53.13148089,405.4179088
801760,2024-02-19,563.86,552.36,563.86,547.9,57.48866509,493.13680753
801760,2024-02-20,571.22,561.28,575.23,556.95,53.7563938,521.92283482
801760,2024-02-21,570.97,561.93,586.47,560.84,59.34667903,571.6413757
801760,2024-02-22,583.17,571.78,584.96,571.66,47.53163567,471.58297184
801760,2024-02-23,601.47,586.35,601.47,579.78,61.56455285,619.03958259
801760,2024-02-26,598.78,596.59,605.67,590.07,55.51696415,545.03281219
801760,2024-02-27,622.16,595.47,622.16,594.36,59.43378228,615.10472125
801760,2024-02-28,589.61,624.42,638.0,589.61,79.48632632,800.16990541
801760,2024-02-29,611.98,583.82,611.98,583.82,54.18467667,543.19257667
801760,2024-03-01,623.38,611.14,625.57,608.05,55.84846409,616.36737243
801760,2024-03-04,630.11,625.07,630.21,610.58,55.36463503,598.24625734
801760,2024-03-05,623.33,623.68,634.49,619.02,58.33349269,647.25143564
801760,2024-03-06,616.63,616.68,626.39,611.24,44.25636004,480.37130538
801760,2024-03-07,598.78,616.01,620.89,598.78,46.16935697,483.52743247
801760,2024-03-08,607.53,598.49,608.61,596.35,34.19920852,350.01792598
801760,2024-03-11,617.86,602.4,617.86,601.69,39.44703649,394.01806827
801760,2024-03-12,623.38,620.02,628.08,619.22,47.04749328,471.55509334
801760,2024-03-13,640.83,625.4,648.17,623.61,71.91199041,733.99899889
801760,2024-03-14,625.06,634.22,634.22,617.92,54.40989357,537.01056605
801760,2024-03-15,627.52,624.01,627.52,616.7,39.13292666,393.31490077
801760,2024-03-18,645.69,631.16,645.69,626.45,55.17147812,566.70227069
801760,2024-03-19,641.14,644.5,656.08,641.14,57.07204187,600.75750557
801760,2024-03-20,664.92,639.1,665.64,639.1,72.19744173,772.11239704
801760,2024-03-21,673.52,676.38,684.98,671.92,82.59369036,854.71757435
801760,2024-03-22,686.52,670.24,694.12,659.56,92.03673739,982.90686677
801760,2024-03-25,653.25,689.1,689.1,653.06,74.52480593,828.00924117
801760,2024-03-26,636.77,649.54,654.33,631.33,58.18804094,617.51030557
801760,2024-03-27,610.95,634.64,639.17,610.95,54.23043371,548.70426505
801760,2024-03-28,629.27,608.96,635.21,608.96,51.32248065,541.52001036
801760,2024-03-29,621.18,624.75,624.92,611.87,40.63688388,428.14257603
801760,2024-04-01,642.19,624.02,642.19,623.93,44.57584726,479.44924092
801760,2024-04-02,627.07,640.73,640.81,623.35,43.15162215,446.37475674
801760,2024-04-03,611.6,624.1,624.97,607.27,35.81030977,352.0119743
801760,2024-04-08,600.32,609.26,609.71,600.06,30.07021392,291.09722534
801760,2024-04-09,605.7,601.8,607.02,595.6,26.49951809,253.74219521
801760,2024-04-10,587.86,601.71,601.71,584.06,31.93073951,289.6705336
801760,2024-04-11,599.03,585.0,606.44,585.0,33.98164563,351.49694897
801760,2024-04-12,587.86,596.57,598.98,587.4,29.7525061,282.15267614
801760,2024-04-15,577.83,585.38,590.84,569.8,37.30465649,327.51538676
801760,2024-04-16,551.01,573.65,576.87,550.47,38.00757228,321.72928096
801760,2024-04-17,576.34,557.29,576.89,557.29,36.89774562,327.94384098
801760,2024-04-18,570.79,573.27,579.09,564.08,31.76270461,305.99025022
801760,2024-04-19,561.51,567.32,570.61,559.79,25.15675327,241.27084848
801760,2024-04-22,554.97,554.47,561.35,547.5,24.33721828,230.72383287
801760,2024-04-23,559.36,557.21,563.6,557.21,27.30376853,266.18170496
801760,2024-04-24,570.73,559.28,570.73,554.53,31.85424589,311.22690641
801760,2024-04-25,565.14,565.07,572.11,562.89,27.53702142,266.5783902
801760,2024-04-26,578.88,564.21,581.91,564.21,35.50280524,358.952638
801760,2024-04-29,597.5,581.63,599.75,581.63,40.31586363,412.17779711
801760,2024-04-30,588.7,596.46,597.22,582.89,39.74081826,382.05392922
801760,2024-05-06,593.92,596.16,600.05,591.06,36.65061534,355.28295351
801760,2024-05-07,594.97,594.76,605.77,593.16,34.54294419,348.47794701
801760,2024-05-08,575.74,590.31,590.31,575.71,31.80189556,313.49438394
801760,2024-05-09,582.37,575.98,584.65,575.98,24.67076303,233.92949683
801760,2024-05-10,577.07,583.73,588.27,574.33,27.60899201,257.89379138
801760,2024-05-13,566.7,572.06,572.2,563.53,27.17590573,254.8967942
801760,2024-05-14,579.76,573.13,580.8,570.7,40.01671756,343.05410297
801760,2024-05-15,574.17,578.93,582.8,573.71,36.35103393,299.56566855
801760,2024-05-16,574.2,573.01,581.47,572.39,35.68958737,283.04071373
801760,2024-05-17,573.78,573.06,575.86,566.7,29.84752998,249.54829598
801760,2024-05-20,575.04,570.41,577.88,566.56,33.14266453,279.81915889
801760,2024-05-21,574.07,574.45,582.11,572.81,31.82898477,270.39462204
801760,2024-05-22,575.43,571.57,575.5,568.58,28.59366068,238.31953094
801760,2024-05-23,559.45,573.7,573.7,558.38,28.60925845,242.3525049
801760,2024-05-24,551.46,557.93,562.43,551.46,22.96061543,197.69083849
801760,2024-05-27,554.05,552.9,554.05,542.7,23.78375767,203.76531631
801760,2024-05-28,540.6,550.88,550.88,540.3,21.28093578,165.8737391
801760,2024-05-29,540.3,539.29,545.48,537.86,21.46765082,150.87917164
801760,2024-05-30,537.0,537.42,541.53,533.43,23.75391695,157.04739042
801760,2024-05-31,542.92,537.35,546.17,537.34,26.24946718,183.18643898
801760,2024-06-03,538.02,541.89,543.53,533.89,28.71325227,215.8196953
801760,2024-06-04,538.54,535.21,539.65,531.3,29.51500564,202.05304508
801760,2024-06-05,526.88,535.37,537.09,526.88,24.96737861,179.30106179
801760,2024-06-06,513.02,527.62,531.43,510.19,34.96658756,228.62617472
801760,2024-06-07,517.11,517.26,521.38,509.18,25.11831433,178.59511586
801760,2024-06-11,519.28,514.03,520.18,507.16,21.95149399,159.13447957
801760,2024-06-12,531.17,518.78,533.42,518.78,25.99162776,209.64027093
801760,2024-06-13,525.76,528.05,529.27,524.3,22.47710005,176.29224967
801760,2024-06-14,527.83,525.76,530.25,524.12,26.72925645,201.92385272
801760,2024-06-17,521.1,526.13,526.13,520.15,20.1351474,161.99460366
801760,2024-06-18,523.12,521.25,523.12,520.64,22.19823165,157.49113191
801760,2024-06-19,515.34,523.89,523.89,515.34,22.09146703,155.84294905
801760,2024-06-20,501.61,514.44,514.44,501.61,23.71446668,169.16210416
801760,2024-06-21,500.78,500.39,504.7,496.75,18.23667664,121.69620881
801760,2024-06-24,483.61,497.48,498.28,483.58,24.10890922,155.32275067
801760,2024-06-25,479.44,484.37,488.25,475.36,21.4344448,138.38236749
801760,2024-06-26,505.94,479.59,506.15,479.35,37.04742301,278.14649673
801760,2024-06-27,499.06,502.85,509.87,498.93,32.58430546,276.28623324
801760,2024-06-28,495.99,497.49,504.38,494.82,26.40146625,218.13781569
801760,2024-07-01,500.06,494.05,500.93,487.83,20.17431188,164.85259139
801760,2024-07-02,502.36,499.84,507.33,499.84,26.64140737,200.23026684
801760,2024-07-03,499.28,501.95,504.04,497.92,22.29693562,147.51509719
801760,2024-07-04,487.11,499.69,499.83,486.64,21.78461529,149.52114736
801760,2024-07-05,493.04,486.13,495.08,483.0,22.21027741,157.38857127
801760,2024-07-08,477.38,491.54,491.54,476.19,22.31153672,149.62877763
801760,2024-07-09,482.92,477.31,483.97,468.5,23.7572428,169.70664267
801760,2024-07-10,475.29,479.44,484.95,474.77,22.2380822,165.99088173
801760,2024-07-11,481.73,483.08,484.72,478.65,26.47828179,193.25271995
801760,2024-07-12,478.52,480.7,486.06,477.68,22.52715078,162.31586347
801760,2024-07-15,475.65,477.76,480.27,473.58,23.37942041,162.95424988
801760,2024-07-16,475.39,473.36,476.45,469.56,19.29079558,145.74471145
801760,2024-07-17,476.9,474.76,483.87,474.76,24.48740741,196.49537383
801760,2024-07-18,473.99,472.14,475.23,464.75,21.60407268,161.14362988
801760,2024-07-19,477.52,471.97,479.93,471.97,20.58138333,160.24664078
801760,2024-07-22,477.91,476.5,479.57,471.75,21.39780403,148.74053568
801760,2024-07-23,465.11,478.44,478.77,465.11,22.07578469,158.91934943
801760,2024-07-24,456.84,463.14,467.02,456.62,20.16041271,141.97128619
801760,2024-07-25,462.45,454.33,466.01,452.51,20.03311165,140.45758002
801760,2024-07-26,469.85,462.94,470.92,462.59,20.59650444,145.2243875
801760,2024-07-29,470.38,469.66,472.16,463.86,21.89273035,143.20091012
801760,2024-07-30,470.02,469.02,472.05,466.17,18.78449123,125.2230574
801760,2024-07-31,489.25,469.57,489.25,469.57,34.32464677,242.05000863
801760,2024-08-01,485.22,488.99,492.51,483.36,26.21729504,183.04235292
801760,2024-08-02,478.86,481.74,488.48,478.38,25.81786769,175.40539121
801760,2024-08-05,476.68,476.46,492.93,476.46,36.05422274,239.31907479
801760,2024-08-06,487.13,481.83,488.81,479.78,30.9813268,217.95396463
801760,2024-08-07,485.2,485.03,490.01,481.87,24.81626425,186.13181723
801760,2024-08-08,486.12,483.28,488.27,476.6,27.22274785,186.75908157
801760,2024-08-09,475.24,486.87,487.11,475.24,23.76597796,157.00161907
801760,2024-08-12,472.62,473.4,478.31,468.83,19.75469052,133.60299881
801760,2024-08-13,473.54,472.62,473.77,467.62,16.30044601,103.68693221
801760,2024-08-14,479.39,473.37,483.17,472.29,26.82701314,179.59277423
801760,2024-08-15,489.73,477.2,495.99,475.27,40.40381284,261.74278619
801760,2024-08-16,483.77,489.21,489.23,483.46,31.64896517,197.70772083
801760,2024-08-19,487.0,483.29,491.02,483.28,33.60591168,207.54443805
801760,2024-08-20,483.25,485.73,491.06,478.86,42.16180229,257.93624744
801760,2024-08-21,476.17,482.83,490.89,475.85,39.77281438,253.22257061
801760,2024-08-22,463.14,474.17,479.37,462.23,37.66352238,227.72547215
801760,2024-08-23,460.88,461.81,463.58,456.75,29.59349199,170.94420412
801760,2024-08-26,461.7,460.53,464.25,455.09,24.20778342,146.96316556
801760,2024-08-27,457.93,460.8,466.34,457.19,26.059549,166.58868502
801760,2024-08-28,462.09,456.13,462.94,449.85,26.44969198,169.50285734
801760,2024-08-29,465.65,459.41,466.95,457.94,24.89048331,157.81068732
801760,2024-08-30,481.19,465.58,486.21,465.57,46.22711623,283.3591416
801760,2024-09-02,468.21,479.65,481.25,468.21,33.47423302,206.36320081
801760,2024-09-03,473.38,468.93,476.36,467.95,25.08056017,153.39996635
801760,2024-09-04,470.41,469.05,475.07,467.83,21.76419089,133.97232725
801760,2024-09-05,482.44,470.44,484.72,470.44,29.99190599,204.228559
801760,2024-09-06,477.64,482.29,484.64,477.23,24.66850733,161.10096682
801760,2024-09-09,473.94,474.65,479.03,471.67,21.70612345,136.79142108
801760,2024-09-10,479.28,474.93,481.0,466.89,22.36403185,147.95729625
801760,2024-09-11,477.85,477.26,481.14,474.88,19.04161831,139.4141423
801760,2024-09-12,473.08,478.07,483.65,473.08,24.67731356,163.09070756
801760,2024-09-13,467.11,473.71,475.55,467.09,24.47450594,153.11534977
801760,2024-09-18,462.63,466.49,468.37,456.89,21.81517369,130.33454674
801760,2024-09-19,473.88,464.5,475.43,460.82,28.72088467,181.09536256
801760,2024-09-20,473.5,472.93,473.88,469.78,24.85611987,153.66319186
801760,2024-09-23,473.76,472.77,477.46,471.47,25.55768403,155.76898657
801760,2024-09-24,491.24,475.82,491.24,471.72,39.87635918,267.59023787
801760,2024-09-25,501.47,496.25,516.58,495.58,57.74723646,410.92563588
801760,2024-09-26,521.19,499.69,521.19,499.52,55.62298252,379.03764916
801760,2024-09-27,548.98,529.41,554.47,527.15,63.50414116,471.25170725
801760,2024-09-30,610.38,571.99,613.32,563.55,94.57215832,783.18273225
801760,2024-10-08,663.71,688.96,688.96,617.46,111.53977788,1055.93474733
801760,2024-10-09,590.73,639.19,639.19,590.73,80.48399074,741.57584174
801760,2024-10-10,587.13,596.16,606.39,575.33,57.06494028,517.58501084
801760,2024-10-11,558.1,582.88,582.88,550.81,45.54879751,394.54588485
801760,2024-10-14,575.21,560.34,575.3,550.26,42.99145362,367.29328896
801760,2024-10-15,574.14,571.14,593.49,567.25,57.32769241,505.72371334
801760,2024-10-16,581.74,563.92,590.67,563.92,48.9641918,435.07321263
801760,2024-10-17,586.65,583.42,597.75,582.84,58.10636881,554.66756635
801760,2024-10-18,598.57,584.04,611.63,576.89,63.28052514,608.95755282
801760,2024-10-21,618.66,599.17,626.16,599.17,70.22016976,699.67056132
801760,2024-10-22,634.69,620.3,654.2,620.3,89.72274866,921.80421809
801760,2024-10-23,623.35,634.02,634.54,620.78,68.46517954,702.43544528
801760,2024-10-24,616.8,616.78,620.49,609.52,51.45353198,495.67409713
801760,2024-10-25,634.72,616.79,636.47,616.79,61.37944784,612.77192786
801760,2024-10-28,652.52,635.6,655.09,635.6,70.89412718,716.76828031
801760,2024-10-29,638.66,661.58,662.41,638.5,79.70598247,763.78311185
801760,2024-10-30,636.38,633.6,646.89,629.88,64.15884637,600.94290264
801760,2024-10-31,641.85,634.12,646.72,628.03,70.80177922,657.88651453
801760,2024-11-01,617.16,639.62,642.83,617.15,76.90789451,675.44758401
801760,2024-11-04,627.45,614.55,628.48,614.33,48.61005828,400.77496679
801760,2024-11-05,646.17,625.72,647.15,625.2,65.65721797,610.8477648
801760,2024-11-06,661.42,645.36,668.62,644.85,82.56299823,769.57300557
801760,2024-11-07,671.15,655.91,671.16,654.1,69.33218539,627.10312618
801760,2024-11-08,661.9,674.89,676.73,660.31,74.26803048,671.97722393
801760,2024-11-11,690.37,656.52,691.17,656.52,77.89080927,813.2393593
801760,2024-11-12,670.38,690.71,690.72,664.49,76.23062281,797.34472299
801760,2024-11-13,689.26,666.46,692.26,666.46,69.53644862,800.82497043
801760,2024-11-14,665.66,685.34,694.86,665.3,76.09553517,773.66536146
801760,2024-11-15,669.0,665.37,697.2,665.37,84.28452228,902.38806386
801760,2024-11-18,633.94,673.82,673.82,629.49,81.6006151,781.2647593
801760,2024-11-19,640.99,629.0,640.99,621.0,55.73693303,514.48921781
801760,2024-11-20,666.28,640.03,674.27,639.75,76.34728909,746.51382979
801760,2024-11-21,668.68,662.66,678.5,661.93,81.28923303,786.44517603
801760,2024-11-22,655.19,664.27,688.36,654.09,99.47221111,939.00174207
801760,2024-11-25,665.17,660.0,666.72,641.05,84.81448663,784.60518641
801760,2024-11-26,659.25,660.79,681.64,657.45,84.99421961,850.0588253
801760,2024-11-27,685.38,648.43,685.38,641.89,96.09865687,905.80171565
801760,2024-11-28,674.98,685.98,700.22,673.47,101.75135043,1000.37013358
801760,2024-11-29,684.54,671.24,691.88,667.41,88.41487801,886.67235098
801760,2024-12-02,699.18,682.65,702.72,682.65,92.35385933,921.04590469
801760,2024-12-03,692.33,696.44,698.86,683.93,87.99614221,809.67239507
801760,2024-12-04,670.11,688.27,688.27,666.48,71.17085275,667.87087202
801760,2024-12-05,698.94,670.4,700.61,670.4,84.33686686,863.11387594
801760,2024-12-06,720.75,702.39,724.76,697.98,105.0735383,1116.68559449
801760,2024-12-09,720.44,726.12,726.12,709.25,95.88577266,955.35978643
801760,2024-12-10,727.52,741.67,747.49,726.55,112.23176853,1225.67693564
801760,2024-12-11,735.78,721.48,739.89,721.48,104.7488059,1049.99416209
801760,2024-12-12,739.7,740.9,746.78,728.86,109.0121704,1114.74282727
801760,2024-12-13,750.35,731.63,765.65,731.63,123.70162742,1340.43943347
801760,2024-12-16,739.91,754.56,755.22,734.57,117.92445447,1290.62428495
801760,2024-12-17,710.39,734.38,734.72,707.69,96.33046896,992.64267495
801760,2024-12-18,717.75,707.76,725.84,702.23,81.80996094,859.33055477
801760,2024-12-19,718.38,706.04,720.51,697.29,77.4984314,807.95291362
801760,2024-12-20,718.48,713.29,724.34,713.29,66.50705405,703.74169652
801760,2024-12-23,677.37,716.33,716.33,676.96,73.03169017,716.63822412
801760,2024-12-24,679.91,676.84,680.21,669.25,54.50163223,517.2726975
801760,2024-12-25,665.5,677.03,677.03,656.21,53.34769727,493.61038299
801760,2024-12-26,668.57,665.31,674.62,665.3,44.28215723,418.5190828
801760,2024-12-27,666.58,667.7,678.69,665.11,48.50233108,452.44949194
801760,2024-12-30,665.09,665.64,669.22,654.71,43.25834792,410.09375112
801760,2024-12-31,644.57,666.67,666.69,644.57,46.17410027,422.55721553
801760,2025-01-02,630.85,644.28,651.57,624.9,48.00179838,438.7988437
801760,2025-01-03,603.7,632.37,632.37,602.54,50.47055242,430.05021422
801760,2025-01-06,596.82,601.81,608.15,592.1,37.7534946,315.64685478
801760,2025-01-07,607.97,597.38,608.23,595.02,36.44523049,308.210523
801760,2025-01-08,609.44,604.59,612.84,590.57,44.5314393,378.09207619
801760,2025-01-09,611.07,606.43,616.24,606.33,45.46615893,394.308933
801760,2025-01-10,591.5,608.78,616.16,591.5,45.30474688,378.62083989
801760,2025-01-13,590.32,582.9,593.52,576.91,32.45975459,266.92022474
801760,2025-01-14,624.07,598.36,624.07,595.09,54.37026458,486.76070713
801760,2025-01-15,632.13,629.62,638.04,627.55,67.6348715,631.82626481
801760,2025-01-16,633.71,634.42,649.42,627.74,66.85298533,612.28486035
801760,2025-01-17,627.96,629.21,633.98,625.28,55.76123092,478.86579854
801760,2025-01-20,629.0,632.86,636.52,626.9,51.94617158,453.65760734
801760,2025-01-21,632.68,631.29,635.4,622.63,54.85442853,482.16363586
801760,2025-01-22,620.24,627.2,627.2,618.25,43.87845814,375.32917883
801760,2025-01-23,623.95,627.56,638.13,623.95,50.01099909,458.71562941
801760,2025-01-24,640.23,620.65,640.91,619.49,54.11182799,526.74772672
801760,2025-01-27,640.75,649.0,650.78,640.08,48.95452894,494.49676046
801760,2025-02-05,663.04,654.36,665.71,651.55,60.83415737,681.69722227
801760,2025-02-06,679.51,661.77,679.65,657.32,72.39349613,783.10445557
801760,2025-02-07,686.97,678.22,696.42,676.57,83.20649332,908.08195692
801760,2025-02-10,709.29,690.71,709.51,689.92,79.67609475,860.01701666
801760,2025-02-11,714.53,710.1,720.28,702.28,89.49365278,923.49205522
801760,2025-02-12,728.09,712.51,730.79,712.51,81.40417877,891.14373113
801760,2025-02-13,740.64,736.38,752.67,725.09,106.50013924,1181.5404833
801760,2025-02-14,752.49,743.14,754.77,726.06,105.01856164,1196.21899502
801760,2025-02-17,745.98,763.98,766.6,739.95,100.34945096,1246.95117324
801760,2025-02-18,714.0,745.17,747.98,711.44,91.59154566,1034.38364115
801760,2025-02-19,726.42,712.63,727.33,712.59,69.87860416,801.91913781
801760,2025-02-20,721.11,724.61,731.29,716.77,64.47102666,730.21721057
801760,2025-02-21,738.98,724.24,740.26,715.36,78.7194307,909.92877222
801760,2025-02-24,733.0,738.65,742.4,727.36,73.90259864,836.42534845
801760,2025-02-25,715.75,718.16,726.13,712.86,63.0717328,691.60682055
801760,2025-02-26,716.39,722.33,723.82,713.18,59.19188134,597.43237348
801760,2025-02-27,712.83,715.18,724.12,704.05,72.13042218,756.05674928
801760,2025-02-28,679.83,707.5,707.79,678.56,61.87352572,642.85358697
801760,2025-03-03,683.49,682.42,695.38,675.32,47.50359491,513.50090534
801760,2025-03-04,688.64,677.44,688.93,677.44,37.55036104,395.3852402
801760,2025-03-05,692.4,687.95,692.81,682.2,39.4453538,401.3771081
801760,2025-03-06,723.93,699.22,726.63,699.22,69.21249415,770.05277932
801760,2025-03-07,714.94,724.4,727.95,710.86,69.37191566,774.8061361
801760,2025-03-10,708.05,712.29,712.29,701.85,47.20695305,476.69498114
801760,2025-03-11,709.44,698.33,709.44,697.68,42.25367998,414.12767349
801760,2025-03-12,723.01,715.76,730.58,715.66,61.64710761,620.45123088
801760,2025-03-13,709.99,720.2,720.2,702.65,57.79046787,536.70396243
801760,2025-03-14,727.66,709.32,729.16,707.01,59.11313474,591.00710225
801760,2025-03-17,726.75,732.15,732.97,721.81,49.55250222,498.00741536
801760,2025-03-18,725.22,726.96,731.06,721.76,43.80393109,437.54420382
801760,2025-03-19,714.28,722.48,722.48,711.19,42.23130691,427.56175868
801760,2025-03-20,705.22,712.15,714.61,704.68,37.47685653,381.08074838
801760,2025-03-21,691.6,701.52,704.57,690.6,40.31702998,381.6948252
801760,2025-03-24,687.9,691.63,694.01,675.26,44.65818289,410.53218404
801760,2025-03-25,677.01,686.02,686.32,673.94,31.40662165,300.63129091
801760,2025-03-26,678.87,675.7,681.79,675.7,27.43497074,253.97138477
801760,2025-03-27,679.0,677.79,683.64,671.61,26.44744231,251.70782287
801760,2025-03-28,682.02,679.05,686.97,678.69,35.60446311,344.25220216
801760,2025-03-31,671.01,675.64,675.64,660.25,36.44554294,342.6108257
801760,2025-04-01,669.54,671.8,678.91,669.4,26.77118782,261.59668295
801760,2025-04-02,672.47,668.45,679.26,668.45,26.21767689,248.63309882
801760,2025-04-03,673.29,664.31,676.89,664.31,26.30770754,253.68427017
801760,2025-04-07,591.71,633.16,635.04,588.76,42.33191359,374.59901946
801760,2025-04-08,595.64,588.05,605.24,583.84,46.08485952,385.98336848
801760,2025-04-09,609.69,584.53,613.77,562.33,47.4653558,392.84983361
801760,2025-04-10,629.21,622.0,636.16,622.0,45.08087551,406.93322421
801760,2025-04-11,627.62,627.32,635.07,624.21,36.79100296,321.14082251
801760,2025-04-14,637.41,633.41,642.09,633.41,32.00784707,286.76191139
801760,2025-04-15,643.52,640.96,647.83,636.98,33.86465742,303.07338395
801760,2025-04-16,637.36,640.37,647.14,632.02,32.99863905,302.32737089
801760,2025-04-17,637.25,632.51,642.33,632.51,25.71401837,234.91048643
801760,2025-04-18,639.59,636.16,639.64,633.23,22.8070734,209.47724047
801760,2025-04-21,652.56,638.59,652.78,634.76,29.177411,295.14117439
801760,2025-04-22,645.53,651.97,654.0,644.52,27.53582537,282.0093644
801760,2025-04-23,643.89,648.46,650.97,643.29,29.50321506,286.83838757
801760,2025-04-24,634.92,644.46,644.46,631.51,26.80266498,254.11565056
801760,2025-04-25,638.87,637.2,644.85,637.14,26.15737567,243.84562811
801760,2025-04-28,638.99,638.55,645.8,635.67,33.37794707,332.69969093
801760,2025-04-29,647.08,637.49,649.39,637.49,31.88247538,298.28268927
801760,2025-04-30,656.08,649.19,660.14,649.19,35.89601795,347.1347856
801760,2025-05-06,674.59,660.54,674.59,658.33,43.50266333,407.64723796
801760,2025-05-07,670.82,679.81,680.49,665.67,38.92108285,367.09007137
801760,2025-05-08,677.54,668.98,679.48,668.98,39.68280588,387.99719855
801760,2025-05-09,665.24,675.75,675.75,663.68,32.06915924,306.17809757
801760,2025-05-12,670.81,670.22,670.81,667.53,26.27709185,260.64299344
801760,2025-05-13,667.83,675.63,676.82,667.32,31.57742603,305.7313633
801760,2025-05-14,671.72,666.93,675.1,664.5,29.55960516,277.92638257
801760,2025-05-15,658.75,671.68,671.68,657.84,26.87149136,256.8483883
801760,2025-05-16,660.14,656.79,662.81,656.79,22.80959991,212.95290453
801760,2025-05-19,663.07,660.27,663.73,653.24,26.58716886,234.97971616
801760,2025-05-20,676.19,662.6,677.9,659.62,39.21288478,351.9323098
801760,2025-05-21,670.29,673.96,673.96,669.25,30.07260357,269.15138003
801760,2025-05-22,671.09,669.75,675.24,664.2,33.80267951,342.27756221
801760,2025-05-23,659.1,670.08,670.99,659.1,31.98416175,326.07569431
801760,2025-05-26,673.18,661.09,674.42,661.09,30.35011556,335.1123775
801760,2025-05-27,669.58,671.76,672.27,667.2,25.99682389,273.85746053
801760,2025-05-28,668.47,669.41,669.81,664.85,26.58253083,269.61562404
801760,2025-05-29,679.46,667.61,679.46,665.56,34.46482394,327.62513145
801760,2025-05-30,670.54,679.43,683.37,669.18,35.76829043,331.10983955
801760,2025-06-03,679.7,668.74,689.61,668.74,44.33737384,416.31732974
801760,2025-06-04,685.04,678.33,686.14,678.33,37.18277965,343.40368022
801760,2025-06-05,693.77,684.98,695.29,684.98,45.04525772,414.22742049
801760,2025-06-06,687.88,692.91,694.42,686.24,36.00936062,329.61281158
801760,2025-06-09,695.09,689.34,697.15,689.06,44.12067435,410.17672018
801760,2025-06-10,696.15,695.8,698.63,682.02,53.1634396,505.56239014
801760,2025-06-11,707.26,695.58,709.03,695.58,54.05795963,529.64628148
801760,2025-06-12,716.66,704.6,720.32,703.58,61.48853528,640.04468846
801760,2025-06-13,698.55,712.15,712.15,695.36,57.51667214,584.0872974
801760,2025-06-16,717.41,696.98,719.55,696.98,53.70312863,576.5626998
801760,2025-06-17,708.64,718.49,718.49,705.52,47.47969033,516.04900314
801760,2025-06-18,702.63,706.19,709.29,698.21,35.86833632,360.42481368
801760,2025-06-19,699.23,701.46,709.36,695.38,43.65205351,459.36766582
801760,2025-06-20,685.88,700.73,700.73,685.57,39.01714354,394.31493601
801760,2025-06-23,689.53,680.35,690.88,680.35,33.34163809,328.48140892
801760,2025-06-24,703.11,693.31,705.3,693.31,42.02953589,418.7397309
801760,2025-06-25,708.86,703.56,708.86,699.11,42.09843334,415.29537367
801760,2025-06-26,707.3,707.83,711.78,700.72,44.09228648,444.46942831
801760,2025-06-27,706.9,707.72,710.88,705.53,38.20587399,365.40749423
801760,2025-06-30,726.87,709.03,727.46,709.03,46.0501021,498.70785629
801760,2025-07-01,724.13,728.44,729.69,720.06,38.18227252,406.10700392
801760,2025-07-02,718.87,722.67,722.69,715.13,33.28067448,335.69212499
801760,2025-07-03,719.45,718.3,723.8,713.74,29.28924401,288.7488321
801760,2025-07-04,726.02,719.65,731.46,717.56,38.35968393,412.40696435
801760,2025-07-07,731.45,726.31,733.76,726.1,38.35125275,387.55281966
801760,2025-07-08,744.11,730.56,744.67,730.51,39.48635999,425.59063074
801760,2025-07-09,754.13,744.45,755.84,744.02,47.57250641,526.7467685
801760,2025-07-10,750.07,753.5,757.92,744.59,43.13222792,453.04537996
801760,2025-07-11,748.63,747.09,750.4,741.23,46.40031669,481.84417715
801760,2025-07-14,739.36,747.39,747.39,734.0,42.54351154,444.85925807
801760,2025-07-15,739.67,739.08,740.97,732.05,43.85758603,459.8240079
801760,2025-07-16,737.97,739.35,749.12,733.73,44.95213896,497.15327954
801760,2025-07-17,739.13,735.88,739.88,732.92,37.97790453,427.37914946
801760,2025-07-18,731.89,741.8,741.8,730.51,39.61629984,450.33434789
801760,2025-07-21,737.67,731.82,738.32,731.82,33.96457265,380.89638789
801760,2025-07-22,736.33,737.84,741.42,732.16,34.48601845,365.41321676
801760,2025-07-23,736.28,735.94,740.31,735.36,32.69006729,342.27877242
801760,2025-07-24,745.15,736.32,745.15,736.32,34.26930603,344.07296116
801760,2025-07-25,747.66,747.65,749.4,743.57,46.20397815,479.03545327
801760,2025-07-28,747.18,746.31,749.96,741.94,45.08706309,454.78165053
801760,2025-07-29,750.4,747.61,750.4,739.42,43.48202542,471.2550556
801760,2025-07-30,757.87,750.09,762.31,746.56,58.65491952,617.42354169
801760,2025-07-31,749.96,758.28,759.18,747.96,57.39109686,638.06816329
801760,2025-08-01,756.08,751.45,756.29,741.12,52.01362983,591.44729597
801760,2025-08-04,765.74,754.02,765.93,750.67,46.18791828,553.67906023
801760,2025-08-05,775.51,765.22,775.86,765.22,51.96605522,527.31336314
801760,2025-08-06,779.27,776.16,779.27,771.85,53.79352442,551.52761424
801760,2025-08-07,781.02,779.48,781.07,775.52,47.41511431,508.11416625
801760,2025-08-08,773.5,781.68,781.68,772.29,52.7978069,537.07487572
801760,2025-08-11,779.17,772.29,781.01,771.62,45.50871031,468.40939386
801760,2025-08-12,779.6,778.58,784.75,776.94,45.7339526,474.03668026
801760,2025-08-13,785.94,781.08,790.09,779.24,50.43075122,534.49622481
801760,2025-08-14,777.25,786.7,790.98,777.25,60.00989998,590.13208892
801760,2025-08-15,781.22,775.11,782.02,772.26,48.81675027,484.13736343
801760,2025-08-18,798.72,785.89,802.22,785.89,78.70425786,825.09498672
801760,2025-08-19,795.18,797.99,801.59,791.45,65.8080589,659.51567657
801760,2025-08-20,800.68,793.29,801.04,788.81,58.4542269,573.30218914
801760,2025-08-21,806.88,801.02,810.76,798.54,58.97784256,596.99042011
801760,2025-08-22,821.6,806.54,821.6,806.52,61.62088213,700.08327079
801760,2025-08-25,831.63,825.27,832.14,815.47,73.19347748,868.29361796
801760,2025-08-26,841.88,829.42,847.17,829.42,71.45675395,825.42363653
801760,2025-08-27,823.14,846.59,848.92,823.14,83.47143984,945.89435244
801760,2025-08-28,829.23,822.11,829.23,806.46,71.09048503,749.41322413
801760,2025-08-29,830.23,829.98,836.08,826.75,54.36210413,611.07269702
801760,2025-09-01,836.72,830.53,837.26,828.51,56.47897111,626.40212611
801760,2025-09-02,820.63,836.29,836.29,814.18,63.77562814,705.29721395
801760,2025-09-03,819.37,821.83,838.71,817.43,54.48068444,612.12924356
801760,2025-09-04,804.67,818.12,823.6,793.74,50.70961775,576.79412049
801760,2025-09-05,824.84,803.41,824.84,795.85,54.15913056,604.63821414
801760,2025-09-08,843.78,824.02,845.55,822.95,57.20969256,635.27860789
801760,2025-09-09,843.9,844.51,852.17,836.14,54.95322999,613.9370091
801760,2025-09-10,858.06,841.07,861.35,841.07,62.65494821,722.34338682
801760,2025-09-11,862.16,855.56,863.73,836.16,56.27248993,679.53457888
801760,2025-09-12,860.1,860.18,866.45,853.91,60.7896354,688.60003675
801760,2025-09-15,876.75,856.71,878.6,856.71,59.29517454,703.28401705
801760,2025-09-16,877.85,879.94,883.73,872.6,59.42978668,695.58170065
801760,2025-09-17,883.7,877.46,885.62,869.76,55.27658244,648.14010303
801760,2025-09-18,863.79,881.69,888.8,855.73,61.4300624,738.12028599
801760,2025-09-19,868.03,861.59,873.38,856.12,51.016719,618.64342573
801760,2025-09-22,862.17,866.15,866.15,854.06,42.82130775,505.56921589
801760,2025-09-23,855.6,861.53,861.54,838.89,50.24064118,585.50193864
801760,2025-09-24,877.72,852.22,878.11,850.05,43.41462368,554.77706645
801760,2025-09-25,897.3,877.07,905.06,877.07,56.18200086,745.34539326
801760,2025-09-26,873.49,894.02,894.02,872.95,51.53555833,618.1585797
801760,2025-09-29,873.84,871.04,876.91,865.33,43.02622759,494.27020248
801760,2025-09-30,874.61,878.32,878.54,872.09,42.06801782,511.88800314
801760,2025-10-09,862.14,873.03,873.03,857.75,49.85897849,632.03402586
801760,2025-10-10,841.15,856.38,857.63,839.13,43.86099132,526.43189767
801760,2025-10-13,828.21,809.82,830.86,809.82,38.64155745,443.76669536
801760,2025-10-14,815.06,832.3,839.72,812.89,38.04444907,436.32948259
801760,2025-10-15,819.82,816.64,819.83,805.91,32.6229412,385.33185921
801760,2025-10-16,809.4,818.28,820.84,806.26,29.12349395,312.31627539
801760,2025-10-17,788.4,806.64,809.72,787.97,32.21214328,349.03440336
801760,2025-10-20,793.26,796.99,798.52,789.72,28.27967286,318.69083769
801760,2025-10-21,807.39,794.68,807.67,794.68,31.57740378,349.16485508
801760,2025-10-22,812.16,807.26,818.89,807.26,33.53080604,379.02481618
801760,2025-10-23,819.47,810.92,819.84,804.17,37.07653792,420.77063238
801760,2025-10-24,822.3,817.79,824.01,817.79,34.80818873,403.56084147
801760,2025-10-27,814.46,827.53,827.53,810.77,37.12452269,451.87412893
801760,2025-10-28,810.91,809.23,813.88,807.36,34.68837607,406.89565699
801760,2025-10-29,817.98,806.97,818.11,806.97,35.07903924,430.80890292
801760,2025-10-30,802.62,820.04,820.05,802.54,43.40985612,532.8473004
801760,2025-10-31,821.82,809.7,829.52,809.7,62.49426751,685.01545013
801760,2025-11-03,847.5,831.56,847.5,831.56,64.22467341,719.67713962
801760,2025-11-04,845.15,847.11,848.23,837.37,64.80412692,678.42399839
801760,2025-11-05,841.7,833.96,844.3,829.87,63.32990254,653.24780503
801760,2025-11-06,830.31,840.32,840.32,824.41,53.6144662,544.64228868
801760,2025-11-07,823.11,826.18,829.45,821.81,42.61618965,456.50069931
801760,2025-11-10,827.15,824.92,830.8,824.81,53.01387787,542.19821046
801760,2025-11-11,822.79,825.13,828.89,820.97,41.890067,435.33876617
801760,2025-11-12,821.51,822.15,831.74,818.45,45.35629811,504.45003817
801760,2025-11-13,829.82,821.93,829.82,819.68,40.56944356,447.83906259
801760,2025-11-14,811.92,823.12,824.66,811.92,39.49514473,435.97679674
801760,2025-11-17,813.23,806.66,817.63,803.4,49.60518347,537.51869955
801760,2025-11-18,826.23,811.2,831.16,811.2,66.34312179,746.79894693
801760,2025-11-19,812.01,824.69,824.69,807.53,55.26750809,611.68629197
801760,2025-11-20,804.36,814.53,814.53,804.36,43.12990063,461.16491176
801760,2025-11-21,801.77,796.78,814.84,794.42,67.52187253,760.24036307
801760,2025-11-24,829.75,808.48,836.44,800.3,82.61779347,983.3500495
801760,2025-11-25,853.37,831.57,859.2,831.57,91.64066419,1160.45491202
801760,2025-11-26,846.37,851.33,858.03,844.25,68.94874321,854.34334901
801760,2025-11-27,834.5,845.5,853.35,833.71,57.24869092,693.61179841
801760,2025-11-28,835.69,832.55,840.61,829.02,54.67270031,658.0756518
801760,2025-12-01,842.81,836.88,844.2,836.25,55.92404216,655.21420892
801760,2025-12-02,828.06,842.22,842.22,826.42,51.60755109,603.71791263
801760,2025-12-03,804.34,826.98,828.3,802.5,51.19972032,569.38041032
801760,2025-12-04,800.98,804.99,805.91,798.53,41.77605242,438.81194551
801760,2025-12-05,803.45,800.23,803.45,794.89,39.10197634,425.29036815
801760,2025-12-08,810.65,803.79,815.2,803.79,44.74386401,502.07388707
801760,2025-12-09,809.14,809.11,818.29,807.9,43.93583568,477.36364564
801760,2025-12-10,817.24,806.84,818.06,804.91,40.4482793,463.06805895
801760,2025-12-11,799.89,817.91,817.91,799.89,44.4635249,478.57563809
801760,2025-12-12,805.5,799.6,808.54,795.93,40.8102897,446.75947626
801760,2025-12-15,792.35,799.37,801.49,791.68,36.36696717,385.4906224
801760,2025-12-16,773.22,788.9,788.9,770.48,36.60541839,365.43364211
801760,2025-12-17,788.15,771.05,788.68,770.61,36.96919339,398.13182467
801760,2025-12-18,793.25,783.38,803.85,783.38,35.62262838,383.6471814
801760,2025-12-19,804.08,795.64,806.22,789.05,38.63671251,408.19843848
801760,2025-12-22,799.15,803.42,803.96,797.32,33.26837197,357.39527383
801760,2025-12-23,797.17,797.42,803.24,794.33,29.01968996,317.77170191
801760,2025-12-24,797.21,795.85,797.47,789.01,30.96025087,340.273229
801760,2025-12-25,803.06,796.8,803.94,795.35,31.02793118,338.85774429
801760,2025-12-26,802.63,802.25,806.28,796.69,35.61028169,371.45685312
801760,2025-12-29,800.93,801.27,806.41,797.97,35.1189491,374.7026652
801760,2025-12-30,807.29,802.69,815.92,802.69,48.99735339,533.60126643
801760,2025-12-31,819.69,807.92,826.2,807.59,58.67223709,670.18472213
801760,2026-01-05,853.48,824.99,855.75,824.99,77.77948598,916.54052113
801760,2026-01-06,861.54,850.83,863.13,848.98,69.36343061,856.74001792
801760,2026-01-07,863.1,860.84,878.19,858.37,63.66869527,779.67232223
801760,2026-01-08,880.33,861.45,888.63,859.32,65.76686297,836.6496152
801760,2026-01-09,927.11,879.89,927.11,879.89,94.6009471,1248.92673511
801760,2026-01-12,999.41,955.34,1000.56,955.34,123.07644462,1665.68899726
801760,2026-01-13,1006.15,1032.95,1037.01,998.15,157.22703795,2322.15856773
801760,2026-01-14,1021.75,995.43,1055.74,995.43,151.99922522,2290.93036435
801760,2026-01-15,994.18,1006.13,1014.02,981.8,106.113019,1545.10263662
801760,2026-01-16,946.03,978.98,979.27,942.15,81.45321382,1068.26070643
801760,2026-01-19,943.54,936.61,953.12,936.61,63.21070648,823.00179116
801760,2026-01-20,940.5,952.12,954.98,929.67,69.12012618,955.78874576
801760,2026-01-21,937.55,932.66,949.7,928.87,63.86941874,885.1781792
801760,2026-01-22,945.75,936.61,951.85,936.61,62.25269179,860.41383076
801760,2026-01-23,964.72,952.09,968.71,944.67,77.12274727,1098.02065503
801760,2026-01-26,947.73,966.34,969.0,932.86,77.31380216,1078.59674993
801760,2026-01-27,952.31,950.93,957.25,935.31,67.47819029,997.54583461
801760,2026-01-28,935.42,948.42,957.65,935.42,68.4663354,1019.37187903
801760,2026-01-29,968.42,926.97,991.7,925.9,100.55135767,1530.84366386
801760,2026-01-30,966.75,963.63,977.13,958.85,86.98109414,1302.73462922
801760,2026-02-02,945.59,959.24,976.2,945.59,84.8038307,1221.66831518
801760,2026-02-03,972.7,960.71,972.7,939.74,83.5243083,1269.48181652
801760,2026-02-04,942.33,965.2,971.46,931.48,74.81434044,1142.7071831
801760,2026-02-05,943.41,929.48,952.98,929.48,67.15416585,989.2496339
801760,2026-02-06,935.44,933.34,949.0,915.62,66.54143052,947.18190349
801760,2026-02-09,968.17,964.1,970.83,951.06,82.40752601,1132.36199736
801760,2026-02-10,1009.48,982.07,1021.37,978.66,127.52126229,1799.95904674
801760,2026-02-11,989.42,1010.45,1010.45,988.97,117.21441152,1689.06518948
801760,2026-02-12,982.3,981.21,990.65,965.13,87.54322846,1321.68323714
801760,2026-02-13,968.25,975.74,986.56,968.25,79.50223177,1209.19805762
801760,2026-02-24,937.28,963.92,963.92,930.16,67.93667095,996.57709838
801760,2026-02-25,926.46,933.25,934.66,922.76,58.08873612,849.76436813
801760,2026-02-26,912.99,927.81,927.81,911.25,55.69038089,771.45513631
801760,2026-02-27,918.86,912.16,924.09,910.37,48.48186879,749.21837697
801760,2026-03-02,882.26,896.13,902.16,876.04,64.05426293,844.81589133
801760,2026-03-03,844.4,882.64,882.64,842.96,55.07166812,710.882704
801760,2026-03-04,837.29,834.54,848.03,833.2,35.72917973,443.9944345
801760,2026-03-05,849.48,853.34,856.86,843.03,38.32207057,477.98187939
801760,2026-03-06,854.77,844.99,855.45,844.99,29.89595017,375.80413821
801760,2026-03-09,854.33,839.37,856.21,833.05,39.97171595,524.05323478
801760,2026-03-10,862.85,864.03,874.3,856.24,40.56220522,561.69294609
801760,2026-03-11,852.78,862.82,864.05,852.47,35.11831588,490.54064983
801760,2026-03-12,841.69,850.32,850.56,838.43,35.37832918,465.21364275
801760,2026-03-13,827.16,843.16,843.16,825.01,35.28441472,461.00308614
801760,2026-03-16,831.97,824.57,831.99,819.64,31.24611385,388.84323025
801760,2026-03-17,825.13,834.94,843.95,825.05,30.72753588,397.87995916
801760,2026-03-18,833.19,828.3,833.66,821.02,27.19653303,348.44577781
801760,2026-03-19,820.33,820.67,825.05,815.12,31.18708343,445.0375686
801760,2026-03-20,795.87,820.67,823.0,795.87,33.42665007,424.90384875
801760,2026-03-23,754.36,780.75,781.78,750.15,40.58685585,464.14646443
801760,2026-03-24,772.26,767.56,772.26,753.77,32.40404904,375.0260069
801760,2026-03-25,788.7,775.81,792.26,775.81,30.3623753,388.86568173
801760,2026-03-26,774.49,787.61,790.73,772.11,24.56458905,299.72259056
801760,2026-03-27,784.68,765.41,786.74,765.41,23.81365865,289.25472477
801760,2026-03-30,783.08,772.05,783.13,766.2,26.14761826,322.40255585
801760,2026-03-31,780.87,782.39,795.98,780.84,31.75827455,399.95719983
801760,2026-04-01,803.84,796.56,804.13,790.1,35.06799798,470.82877184
801760,2026-04-02,782.65,799.71,799.71,779.08,29.89765661,385.70646932
801760,2026-04-03,764.51,788.25,788.25,763.13,25.70537726,295.75365048
801760,2026-04-07,772.7,768.29,776.89,765.52,23.4307151,282.17376374
801760,2026-04-08,823.11,791.93,823.11,791.93,51.315786,673.37109201
801760,2026-04-09,804.71,811.99,813.88,801.75,46.98769945,625.01785578
801760,2026-04-10,812.84,810.18,821.68,809.29,40.81199938,525.09958649
801760,2026-04-13,796.26,806.13,806.13,793.17,37.3736698,494.35883413
801760,2026-04-14,806.78,805.69,807.92,798.28,43.55787214,565.0145467
801760,2026-04-15,801.01,809.09,811.99,798.93,36.51359749,480.69322875
801760,2026-04-16,821.32,805.09,822.29,805.09,47.60875474,623.72891593
801760,2026-04-17,820.34,814.72,822.16,809.8,47.82575228,593.33857097
801760,2026-04-20,829.58,818.44,836.45,818.44,48.96643372,678.28435345
801760,2026-04-21,825.23,827.13,831.35,821.8,45.28214272,599.8715117
801760,2026-04-22,821.04,820.83,821.21,811.91,41.02533558,538.05379081
801760,2026-04-23,814.89,820.91,823.93,811.75,48.94926177,639.30778138
801760,2026-04-24,798.25,806.44,806.44,789.08,50.55639474,625.68997114
801760,2026-04-27,800.88,795.25,802.5,788.71,44.73076839,515.78878756
801760,2026-04-28,793.02,797.74,803.06,790.81,42.39713489,522.39449667
801760,2026-04-29,811.06,796.07,814.97,796.07,44.53492925,548.18373526
801760,2026-04-30,798.3,805.38,806.9,796.67,44.03827189,525.70221041
801760,2026-05-06,815.99,805.76,821.84,805.76,52.43645148,665.17724951
801760,2026-05-07,836.25,817.48,837.31,813.41,56.96254511,777.50375722
801760,2026-05-08,834.91,840.36,850.44,834.7,56.66938747,799.72503502
801760,2026-05-11,828.21,835.32,836.32,823.73,54.94174605,735.21885804
801760,2026-05-12,816.53,826.16,829.56,812.82,48.15648899,622.76561562
801760,2026-05-13,825.38,813.01,826.37,812.11,43.64854048,588.09032546
801760,2026-05-14,791.54,832.7,834.79,791.54,49.18375598,648.47665891
801760,2026-05-15,796.31,793.44,809.53,791.33,45.72809268,617.66399947
801760,2026-05-18,794.1,790.62,799.76,788.27,46.61001149,584.19627314
801760,2026-05-19,806.14,792.56,813.07,792.56,53.323722,679.56237081
801760,2026-05-20,786.72,799.68,800.05,784.67,48.75254061,580.56376184
801760,2026-05-21,766.48,788.42,798.17,765.06,49.33523392,587.89845732
801760,2026-05-22,764.25,768.42,768.42,756.22,39.99342048,453.96048127
801760,2026-05-25,757.52,768.73,774.57,750.99,42.12759136,494.48898154
801760,2026-05-26,751.57,751.3,754.16,741.9,44.9417764,521.07935643
801760,2026-05-27,743.52,755.53,767.62,741.2,45.2508568,524.50273541
801760,2026-05-28,739.25,740.16,744.08,727.53,42.88083703,489.27705932
801760,2026-05-29,738.98,743.25,749.42,735.95,46.47817375,563.70414958
801760,2026-06-01,763.5,740.43,769.97,740.43,53.07864258,665.91601198
801760,2026-06-02,740.28,762.99,762.99,735.31,46.52441891,567.83246307
801760,2026-06-03,729.44,732.45,738.75,724.0,42.0092736,496.14162675
801760,2026-06-04,715.68,722.35,722.35,710.81,38.92930867,427.24402093
801760,2026-06-05,719.46,720.01,727.28,717.22,41.36513381,483.12632113
801760,2026-06-08,703.7,703.18,720.53,696.72,42.0377144,475.76519151
801760,2026-06-09,711.28,709.95,716.54,700.26,40.80571903,462.97321321
801760,2026-06-10,703.66,703.78,714.66,699.26,44.40843351,492.04493724
801760,2026-06-11,679.15,697.43,697.43,676.51,40.91574825,425.9914554
801760,2026-06-12,682.61,684.72,693.29,677.24,49.77140798,535.91128511
801760,2026-06-15,692.82,688.12,698.43,683.9,41.16036346,452.26726173
801760,2026-06-16,687.17,690.23,690.65,681.03,39.43087675,413.02980394
801760,2026-06-17,675.15,682.75,682.75,670.78,35.14696661,359.44246641
801760,2026-06-18,679.11,673.73,687.71,666.54,38.33542852,459.74704227
801760,2026-06-22,697.81,674.41,698.04,674.41,46.57509136,554.36634961
801760,2026-06-23,680.68,692.22,698.08,678.26,43.65539398,490.83492603
801760,2026-06-24,674.74,678.57,682.44,665.75,36.86558885,403.18257108
801760,2026-06-25,674.12,669.96,678.5,669.53,41.6290143,465.98125233
801760,2026-06-26,655.54,670.4,672.57,648.7,42.83762349,462.91870078
801760,2026-06-29,660.15,656.48,668.83,650.89,43.40304258,472.83357391
801760,2026-06-30,665.97,659.62,666.23,650.92,38.0509826,401.44681766
801760,2026-07-01,672.65,665.34,681.09,657.96,44.84600683,481.06816216
801760,2026-07-02,680.49,679.46,691.53,675.31,51.06720851,611.10208793
801760,2026-07-03,668.26,676.38,682.22,661.93,46.01917522,514.87099075
801760,2026-07-06,663.45,666.31,676.54,663.1,42.01946517,454.89112519
801760,2026-07-07,662.9,662.1,680.94,660.1,44.71118434,510.27779584
801760,2026-07-08,660.19,662.1,666.61,648.38,40.60750091,460.32078888
801760,2026-07-09,664.39,654.03,671.0,650.53,45.46251113,505.07066846
801760,2026-07-10,681.69,657.82,694.89,657.82,64.98842134,706.86632162
801760,2026-07-13,651.27,676.08,679.87,648.84,51.28842757,514.43423399
801760,2026-07-14,643.29,649.56,649.58,629.08,39.14229183,398.36482977
801760,2026-07-15,667.06,642.99,670.82,642.99,46.35267883,491.65659683
801760,2026-07-16,678.16,664.52,684.68,659.9,52.1841986,569.7405733
801760,2026-07-17,643.12,675.34,685.62,642.3,56.5723408,594.20390481
801760,2026-07-20,647.05,645.46,653.69,633.63,49.19535417,488.38030991
801760,2026-07-21,654.71,642.45,656.57,633.65,52.51910521,515.40524579
801760,2026-07-22,635.63,646.64,647.32,634.49,42.09482388,418.70040246
801760,2026-07-23,630.98,631.69,631.69,619.64,35.63138021,354.22102509
801760,2026-07-24,608.6,621.27,625.11,608.6,33.00405446,308.94375407
801760,2026-07-27,628.86,607.35,629.28,607.35,34.94004886,306.81923119
801760,2026-07-28,631.17,624.48,640.09,624.48,36.94514281,330.65625952
801760,2026-07-29,650.53,633.34,653.84,630.54,44.31202452,434.8400064
801760,2026-07-30,647.66,648.45,666.45,646.64,49.62437859,490.7669445
801760,2026-07-31,686.54,642.95,691.9,642.95,66.98984593,708.17796371
801760,2026-08-03,691.77,686.79,703.32,686.79,59.64432196,692.69150177
801760,2026-08-04,714.17,695.85,715.6,691.21,66.62846826,750.6045069
801760,2026-08-05,717.22,706.86,723.2,706.86,63.94671908,729.37818132
801760,2026-08-06,704.17,711.86,718.72,697.42,59.81523749,644.5815826
801760,2026-08-07,704.49,701.38,706.26,686.25,56.01014635,618.07777878
801760,2026-08-10,714.52,704.78,714.6,696.09,49.88951925,538.68963104
801760,2026-08-11,708.4,715.21,721.64,707.59,46.80146886,505.44428462
801760,2026-08-12,715.82,710.12,722.16,710.12,55.28814642,580.1208234
801760,2026-08-13,703.48,717.86,731.5,703.48,65.26706638,726.69517541
801760,2026-08-14,703.89,703.01,704.95,686.08,58.14699204,625.85421465
801760,2026-08-17,697.95,703.48,703.49,686.66,43.42578854,485.69925952
801760,2026-08-18,687.97,695.3,695.3,681.41,39.51550986,393.92627296
801760,2026-08-19,663.75,681.46,681.47,662.52,36.6237149,368.96070487
801760,2026-08-20,669.87,670.29,675.34,665.62,31.72239668,342.28228702
801760,2026-08-21,664.9,664.61,665.49,657.24,25.41099824,263.71258329
801760,2026-08-24,654.06,665.93,665.93,648.81,26.62956689,275.70338009
801760,2026-08-25,664.79,652.09,666.18,652.09,28.90943135,277.34536256
801760,2026-08-26,661.99,661.77,666.51,659.04,26.59860148,253.75898514
801760,2026-08-27,664.78,662.59,664.78,657.94,26.77074987,274.65420813
801760,2026-08-28,666.36,669.39,674.55,665.49,31.95058027,355.55744265
801760,2026-08-31,691.69,662.37,694.09,662.37,61.31784056,633.28958606
801760,2026-09-01,701.59,694.38,707.41,694.38,72.00872124,768.64882348
801760,2026-09-02,687.17,696.3,699.62,687.17,52.99167945,571.75226396
801760,2026-09-03,684.89,690.86,703.02,682.58,56.87472271,584.74990969
801760,2026-09-04,706.57,687.87,720.99,687.87,74.81441409,859.16439818
801760,2026-09-07,718.35,708.01,720.4,708.01,64.22771339,708.4968871
801760,2026-09-08,721.62,717.39,730.64,713.79,60.79074173,657.28691993
801760,2026-09-09,701.48,715.9,715.96,698.42,53.85411035,550.21227642
801760,2026-09-10,692.7,699.14,699.14,691.33,38.13269481,385.29912626
801760,2026-09-11,685.73,687.12,690.03,678.03,43.35781145,438.64180577
801760,2026-09-14,678.07,681.79,681.79,674.49,34.4091795,343.02364098
801760,2026-09-15,669.96,681.88,681.88,669.77,35.45578884,361.00270698
801760,2026-09-16,671.51,667.22,673.74,664.8,31.97841661,323.96367327
801760,2026-09-17,673.81,668.47,675.83,668.47,36.88826174,372.94287697
801760,2026-09-18,678.3,674.49,679.41,674.44,37.99413477,405.56982207
801760,2026-09-21,686.52,681.26,688.28,675.99,41.2340216,436.11973272
801760,2026-09-22,698.82,692.78,704.84,690.79,56.42436286,610.56432744
801760,2026-09-23,680.99,694.93,694.93,680.99,47.45986442,478.40136134
801760,2026-09-24,673.09,678.79,685.2,672.66,39.41560575,373.5409806
801760,2026-09-28,655.95,674.11,674.11,654.53,35.67883894,334.96408933
801760,2026-09-29,668.1,654.6,671.09,654.6,41.88077718,387.77412581
801760,2026-09-30,664.55,670.11,671.65,661.11,35.28541909,347.71601761
