代码,日期,收盘,开盘,最高,最低,成交量,成交额
801780,2014-02-21,2049.03,2069.85,2076.96,2037.83,9.45622117,62.3122220105
801780,2014-02-24,1994.13,2031.78,2031.78,1983.27,12.8912303,82.7568106374
801780,2014-02-25,1969.95,1994.3,2007.3,1964.31,10.92927653,67.9450073947
801780,2014-02-26,1976.77,1960.4,1986.42,1960.39,8.54108841,51.1965894087
801780,2014-02-27,2005.24,1981.19,2020.41,1963.1,13.35282929,83.4440824348
801780,2014-02-28,1993.5,1993.33,2007.53,1967.79,9.42850959,58.060761423
801780,2014-03-03,1979.15,1984.57,1985.43,1971.98,9.66664218,57.309091048
801780,2014-03-04,1992.31,1971.99,1999.99,1956.78,9.7493819,60.880837765900004
801780,2014-03-05,1963.5,1991.76,1994.88,1962.08,7.51685116,47.8569701839
801780,2014-03-06,1982.85,1961.61,1993.77,1953.67,10.55615552,62.1485827657
801780,2014-03-07,1976.56,1979.9,2007.48,1971.61,9.6492913,58.5509637487
801780,2014-03-10,1917.13,1963.95,1964.71,1915.41,10.92233782,65.9004854534
801780,2014-03-11,1917.14,1914.61,1931.55,1907.41,7.87533667,45.8713294028
801780,2014-03-12,1940.9,1915.34,1955.71,1907.68,11.52483342,68.9910963218
801780,2014-03-13,1968.8,1958.62,2009.08,1949.39,15.53339405,86.657451208
801780,2014-03-14,1951.89,1957.95,1973.86,1934.36,11.68368055,67.1223661304
801780,2014-03-17,1952.78,1960.91,1964.12,1939.24,6.90852971,35.5306915888
801780,2014-03-18,1939.84,1958.84,1959.15,1936.0,8.18963401,51.2378028515
801780,2014-03-19,1929.54,1931.6,1931.6,1908.76,6.91849828,41.5185308365
801780,2014-03-20,1920.96,1923.09,1952.37,1920.15,8.85404182,54.806586481800004
801780,2014-03-21,2016.34,1916.5,2022.49,1916.5,24.78292366,162.1371702792
801780,2014-03-24,2027.42,2022.25,2042.24,2012.0,21.1059187,142.8736779941
801780,2014-03-25,2007.74,2022.95,2028.77,2001.55,9.91140303,66.67228745439999
801780,2014-03-26,2007.55,2013.5,2020.49,1999.96,7.46968899,48.122593922600004
801780,2014-03-27,2028.72,2004.81,2063.9,1994.02,14.59786477,101.5439854399
801780,2014-03-28,2043.06,2025.13,2064.21,2024.16,13.8676763,86.04636888469999
801780,2014-03-31,2031.17,2039.06,2049.93,2014.86,9.87899862,60.5479894484
801780,2014-04-01,2029.7,2023.68,2041.58,2017.43,7.51541796,49.60610443189999
801780,2014-04-02,2052.74,2030.17,2060.32,2025.92,9.94345488,67.4013213221
801780,2014-04-03,2023.06,2058.1,2063.62,2020.22,11.66467181,69.3870150545
801780,2014-04-04,2040.59,2013.27,2042.76,2009.58,6.71088354,44.1009231124
801780,2014-04-08,2118.0,2042.88,2138.4,2042.88,24.86103492,181.34660328830003
801780,2014-04-09,2107.04,2115.06,2119.92,2100.02,10.91443459,76.19620575100001
801780,2014-04-10,2129.47,2108.74,2154.14,2096.34,16.54066647,116.2228221009
801780,2014-04-11,2132.67,2120.58,2142.73,2112.41,14.36192804,96.2765593853
801780,2014-04-14,2116.49,2129.31,2136.65,2106.2,8.11320799,55.0688466584
801780,2014-04-15,2067.99,2107.3,2107.3,2064.62,9.66986861,68.86143806369999
801780,2014-04-16,2073.82,2062.58,2086.89,2060.1,6.61791382,45.435887083699996
801780,2014-04-17,2065.27,2083.58,2085.53,2060.46,5.99165496,44.2362600945
801780,2014-04-18,2064.29,2055.51,2067.41,2038.13,7.471,52.2505407756
801780,2014-04-21,2034.63,2053.08,2072.74,2034.63,7.30216527,51.50319193399999
801780,2014-04-22,2072.17,2032.81,2077.25,2032.81,8.7749741,62.630369340600005
801780,2014-04-23,2070.88,2065.25,2084.04,2062.89,9.41358862,72.9586905262
801780,2014-04-24,2067.41,2071.4,2090.69,2065.71,6.63142529,46.9354109187
801780,2014-04-25,2068.39,2076.42,2102.64,2065.95,10.69051492,75.966794686
801780,2014-04-28,2060.23,2071.61,2078.02,2051.89,9.22902234,62.6001717221
801780,2014-04-29,2072.69,2061.52,2074.49,2049.52,8.11460634,50.7776920515
801780,2014-04-30,2064.97,2077.4,2079.99,2064.26,6.86837909,47.183980991300004
801780,2014-05-05,2045.56,2057.61,2057.61,2026.71,8.13014757,52.4380037708
801780,2014-05-06,2038.89,2039.41,2054.38,2034.83,5.41348417,32.9880327311
801780,2014-05-07,2029.12,2037.36,2041.66,2028.07,5.54380097,35.6691964454
801780,2014-05-08,2033.6,2028.29,2059.05,2028.29,6.31171499,41.6854050067
801780,2014-05-09,2037.13,2039.83,2045.76,2032.0,5.21622074,33.4810651033
801780,2014-05-12,2064.13,2048.22,2069.9,2039.18,9.44518059,61.770537382
801780,2014-05-13,2057.1,2063.53,2063.58,2051.1,5.32209438,33.8896513269
801780,2014-05-14,2055.58,2057.14,2068.35,2051.26,5.48918102,38.4340987041
801780,2014-05-15,2050.42,2055.23,2062.22,2048.69,5.75251819,36.3952670849
801780,2014-05-16,2056.53,2050.76,2063.74,2049.16,6.15739765,38.2826278955
801780,2014-05-19,2020.27,2050.46,2050.46,2013.55,7.63603812,51.79588426229999
801780,2014-05-20,2020.42,2026.24,2029.69,2014.85,5.43510558,31.962202726599998
801780,2014-05-21,2033.09,2012.3,2034.65,2001.8,5.14337259,29.6045781716
801780,2014-05-22,2035.85,2031.4,2061.81,2028.58,6.76088746,44.6437893001
801780,2014-05-23,2052.09,2037.41,2052.57,2035.29,4.4211928,29.3126825823
801780,2014-05-26,2054.56,2062.33,2063.78,2048.2,4.87079612,32.8387065536
801780,2014-05-27,2050.19,2053.38,2060.29,2048.92,5.35187473,33.8734443808
801780,2014-05-28,2061.78,2049.4,2065.1,2042.86,6.50667043,42.22532303
801780,2014-05-29,2053.39,2063.45,2070.93,2051.77,5.64041216,37.6156040448
801780,2014-05-30,2051.16,2054.1,2060.29,2046.83,5.17159454,32.9097934072
801780,2014-06-03,2053.36,2053.03,2066.47,2051.8,5.75251821,34.0397478277
801780,2014-06-04,2038.07,2053.9,2053.9,2030.72,6.74373582,39.0367392586
801780,2014-06-05,2061.02,2037.31,2062.15,2035.02,6.05506808,34.2608576408
801780,2014-06-06,2042.71,2061.36,2061.76,2033.49,5.75823379,34.5810083519
801780,2014-06-09,2049.11,2034.86,2068.93,2034.1,5.8213138,35.6477826342
801780,2014-06-10,2074.42,2057.36,2074.42,2048.32,8.29200382,51.4160988079
801780,2014-06-11,2067.41,2068.64,2074.34,2060.06,6.02793874,36.287806111799995
801780,2014-06-12,2060.8,2062.2,2067.63,2056.84,5.1255566,31.9001613375
801780,2014-06-13,2094.73,2061.39,2104.47,2061.39,12.26637591,81.6626177603
801780,2014-06-16,2123.31,2093.95,2127.92,2088.5,13.07629203,86.224406288
801780,2014-06-17,2103.38,2114.07,2114.07,2099.53,8.28486582,51.9808196821
801780,2014-06-18,2092.24,2102.22,2106.43,2089.33,8.82775337,46.634476255299994
801780,2014-06-19,2074.68,2093.6,2099.84,2068.77,7.25114047,43.223436050299995
801780,2014-06-20,2078.91,2064.97,2080.6,2062.64,6.13139844,36.3638139717
801780,2014-06-23,2065.95,2079.49,2083.47,2065.17,5.66756633,36.3942374096
801780,2014-06-24,2055.85,2053.09,2060.63,2051.41,5.10537956,32.7797344599
801780,2014-06-25,2044.38,2052.0,2053.26,2038.12,4.76366766,27.956843375300004
801780,2014-06-26,2052.22,2045.15,2055.64,2045.15,5.56332005,31.6935437084
801780,2014-06-27,2042.58,2047.31,2050.0,2039.03,5.2396198,31.0270779005
801780,2014-06-30,2052.94,2045.3,2059.08,2045.3,5.53520949,33.941934690500005
801780,2014-07-01,2052.78,2060.28,2062.01,2047.09,4.68461613,26.9662396062
801780,2014-07-02,2057.51,2053.59,2059.44,2048.04,5.32494846,29.152295845100003
801780,2014-07-03,2056.71,2048.32,2057.52,2045.27,6.77186109,40.4665043137
801780,2014-07-04,2055.71,2056.33,2058.11,2051.14,5.60598959,32.6554968915
801780,2014-07-07,2056.11,2055.75,2058.18,2049.59,5.26624567,29.497962462199997
801780,2014-07-08,2058.29,2054.99,2060.81,2047.73,6.0537551,34.9244923474
801780,2014-07-09,2029.04,2056.74,2056.74,2028.03,8.00797656,47.2696252037
801780,2014-07-10,2018.06,2020.62,2026.95,2014.51,6.40050485,36.5611281158
801780,2014-07-11,1994.23,1990.38,2002.08,1989.61,6.46845556,36.609215882
801780,2014-07-14,2001.79,1996.42,2002.78,1986.03,7.02974321,39.2134767012
801780,2014-07-15,2005.97,2001.29,2006.22,1998.6,7.12636493,39.1584128923
801780,2014-07-16,2007.03,2004.34,2007.45,1999.21,7.94006421,45.111246573500004
801780,2014-07-17,1992.45,1997.74,1997.74,1986.87,5.83935675,32.1257248322
801780,2014-07-18,1986.32,1978.59,1991.13,1977.88,6.74756716,40.234436430100004
801780,2014-07-21,1978.6,1985.28,1985.8,1974.3,5.2935487,29.5610579596
801780,2014-07-22,1998.34,1974.5,2004.93,1972.24,9.76844172,60.788881153599995
801780,2014-07-23,2004.92,1996.85,2011.9,1996.85,9.59666571,55.8036648802
801780,2014-07-24,2062.84,2007.42,2071.01,2007.42,21.36802911,141.3105765442
801780,2014-07-25,2081.1,2068.57,2082.68,2062.78,12.37185456,79.0269446508
801780,2014-07-28,2185.78,2092.41,2194.26,2092.41,35.6629576,221.4373056278
801780,2014-07-29,2201.42,2196.17,2220.87,2181.97,26.44545289,159.8322065612
801780,2014-07-30,2183.42,2199.96,2221.46,2179.64,20.26530621,120.43233433209998
801780,2014-07-31,2213.83,2179.89,2213.83,2178.54,16.8593754,96.89760937209999
801780,2014-08-01,2194.57,2205.76,2237.68,2194.57,22.94109527,132.0353953608
801780,2014-08-04,2228.95,2202.83,2229.17,2194.4,20.09521997,115.5576429282
801780,2014-08-05,2208.13,2227.08,2228.96,2198.54,15.10341611,92.37343985870001
801780,2014-08-06,2182.8,2196.75,2196.75,2163.08,14.48180792,94.03370927459999
801780,2014-08-07,2147.31,2180.91,2184.68,2147.31,12.75860317,78.7521155554
801780,2014-08-08,2153.82,2149.39,2160.34,2142.46,10.65257484,65.12637646649999
801780,2014-08-11,2183.15,2159.83,2187.2,2159.83,10.70143013,67.8402244566
801780,2014-08-12,2161.94,2175.44,2175.44,2153.88,9.84106725,62.2536430276
801780,2014-08-13,2154.14,2160.94,2172.74,2142.25,10.72401445,66.40562007310001
801780,2014-08-14,2139.05,2155.18,2158.43,2137.41,9.85220325,63.843482975200004
801780,2014-08-15,2149.33,2140.39,2156.15,2130.84,9.50125289,62.632292524300006
801780,2014-08-18,2150.78,2150.78,2163.8,2143.85,9.23896551,59.497208783199994
801780,2014-08-19,2151.38,2153.19,2153.19,2138.94,9.97211118,62.1621602495
801780,2014-08-20,2139.27,2148.44,2148.44,2136.57,7.79546358,47.8279360725
801780,2014-08-21,2119.6,2137.59,2137.59,2106.94,10.24241978,63.29711645810001
801780,2014-08-22,2130.52,2115.83,2134.6,2113.94,8.18198901,50.1804714338
801780,2014-08-25,2110.07,2130.73,2130.73,2107.31,8.03236766,48.677260715500005
801780,2014-08-26,2115.38,2108.16,2121.22,2105.72,8.52662101,51.72724341
801780,2014-08-27,2112.3,2113.51,2121.09,2108.0,6.41464834,41.413131391
801780,2014-08-28,2085.87,2109.83,2112.25,2085.87,8.11632572,48.8548270896
801780,2014-08-29,2109.31,2092.68,2111.96,2087.68,6.8719363,40.076857127
801780,2014-09-01,2110.35,2109.99,2114.55,2099.44,9.43946014,55.7656220077
801780,2014-09-02,2143.01,2113.82,2145.14,2104.06,14.25626146,89.1002131558
801780,2014-09-03,2160.62,2144.58,2170.49,2142.63,14.51265564,91.846433748
801780,2014-09-04,2172.81,2163.63,2176.32,2153.25,10.84174647,68.86926650720001
801780,2014-09-05,2184.8,2177.6,2187.16,2172.33,12.47917549,79.1907248954
801780,2014-09-09,2165.7,2186.12,2187.19,2162.08,9.86657128,65.0327435147
801780,2014-09-10,2145.6,2157.29,2157.29,2141.79,9.78031474,60.735930597
801780,2014-09-11,2143.47,2144.12,2170.95,2138.35,12.18286183,78.4094333307
801780,2014-09-12,2149.77,2140.14,2149.77,2132.99,7.36682704,48.1590514055
801780,2014-09-15,2142.13,2141.19,2149.77,2130.82,10.3755717,64.16278957819999
801780,2014-09-16,2136.55,2145.49,2165.1,2133.1,20.58350195,120.0508883745
801780,2014-09-17,2136.57,2143.99,2145.68,2129.86,12.28959594,72.35857745979999
801780,2014-09-18,2151.14,2131.94,2164.97,2128.43,19.59847195,116.84786026889999
801780,2014-09-19,2159.64,2149.55,2164.76,2144.45,14.56171711,96.4127667462
801780,2014-09-22,2109.64,2151.05,2151.05,2106.21,13.5517308,85.0603537375
801780,2014-09-23,2119.87,2108.64,2125.75,2106.62,8.83130781,54.2467944556
801780,2014-09-24,2149.6,2112.45,2154.95,2109.47,16.56411985,100.83640732149999
801780,2014-09-25,2139.51,2159.3,2161.22,2133.29,13.87890271,84.7727595339
801780,2014-09-26,2135.1,2133.91,2138.79,2123.64,7.98867624,50.2350399202
801780,2014-09-29,2136.78,2136.68,2144.7,2130.39,12.68141123,77.0687116474
801780,2014-09-30,2137.18,2138.39,2140.19,2128.96,10.56469875,64.5806770238
801780,2014-10-08,2157.8,2141.97,2157.8,2131.35,14.45147998,91.9355093631
801780,2014-10-09,2155.92,2158.12,2162.72,2146.68,11.68770615,77.3959693192
801780,2014-10-10,2144.57,2146.13,2150.9,2137.77,12.02089767,75.0839077406
801780,2014-10-13,2125.05,2135.51,2136.74,2114.64,10.74291795,64.9531919321
801780,2014-10-14,2120.13,2120.0,2133.11,2115.32,9.62022417,56.3756987537
801780,2014-10-15,2130.24,2119.51,2134.07,2110.64,11.02456381,65.9289269812
801780,2014-10-16,2138.47,2120.44,2162.59,2117.58,21.2561157,135.4615488642
801780,2014-10-17,2129.45,2136.23,2143.79,2119.16,13.16320954,79.704991865
801780,2014-10-20,2137.73,2138.0,2142.54,2126.54,10.32200909,63.7242558921
801780,2014-10-21,2121.58,2136.25,2136.53,2119.09,9.36697444,57.3943234136
801780,2014-10-22,2123.21,2121.68,2136.7,2121.3,10.15349496,62.9729812753
801780,2014-10-23,2123.31,2123.99,2140.56,2119.92,13.77463903,90.8956050322
801780,2014-10-24,2119.03,2125.84,2129.11,2116.22,9.45913718,62.371023098500004
801780,2014-10-27,2083.27,2109.92,2110.57,2079.27,11.67119305,73.4450481339
801780,2014-10-28,2107.72,2086.1,2108.47,2086.1,9.77661636,60.9970282342
801780,2014-10-29,2132.8,2111.09,2141.64,2106.48,16.63993223,103.6291660152
801780,2014-10-30,2159.38,2132.8,2166.62,2124.95,25.4490221,151.70499618969998
801780,2014-10-31,2238.3,2166.71,2268.83,2166.71,56.47947859,364.1698718229
801780,2014-11-03,2219.93,2246.75,2246.86,2214.31,27.94251528,185.4016197702
801780,2014-11-04,2202.73,2220.11,2220.11,2197.07,19.91486418,129.9072460676
801780,2014-11-05,2185.62,2201.66,2204.56,2176.84,21.27508338,130.0258961856
801780,2014-11-06,2186.79,2190.76,2194.72,2177.62,13.01344694,82.6596878404
801780,2014-11-07,2199.32,2185.55,2246.0,2180.11,34.12281851,238.0579232597
801780,2014-11-10,2263.47,2253.34,2272.73,2230.48,41.6663742,270.8851450125
801780,2014-11-11,2332.83,2276.09,2384.96,2276.09,86.94541583,523.4954448113
801780,2014-11-12,2326.76,2306.9,2326.76,2287.8,35.90873454,207.2951938831
801780,2014-11-13,2316.39,2333.81,2370.77,2311.91,38.54306218,238.90599830349998
801780,2014-11-14,2304.03,2309.8,2318.05,2278.81,24.66156758,147.90363398879998
801780,2014-11-17,2264.84,2323.3,2330.08,2263.88,25.78136695,151.7663322865
801780,2014-11-18,2221.31,2267.17,2267.17,2215.28,26.29303377,151.6652879391
801780,2014-11-19,2217.87,2216.77,2226.45,2205.38,16.12557084,95.86521808059999
801780,2014-11-20,2219.31,2209.7,2229.8,2199.84,16.40635839,102.1549012858
801780,2014-11-21,2257.08,2219.36,2261.55,2203.8,23.5164266,151.4219999071
801780,2014-11-24,2259.48,2220.32,2282.45,2207.93,45.5069547,301.32400395919996
801780,2014-11-25,2291.45,2253.76,2296.54,2245.43,33.06008338,214.8576810174
801780,2014-11-26,2346.88,2297.5,2360.14,2291.45,50.77607158,335.2879102091
801780,2014-11-27,2383.73,2368.4,2402.01,2347.43,60.11973962,376.3594381861
801780,2014-11-28,2578.3,2388.87,2581.45,2383.29,116.47855705,770.2286259947999
801780,2014-12-01,2557.41,2600.9,2694.0,2555.25,100.11224831,682.8729324576
801780,2014-12-02,2730.49,2551.71,2759.2,2545.41,106.80063566,713.8606099783
801780,2014-12-03,2709.0,2740.62,2833.54,2671.7,117.75404099,831.9284556383
801780,2014-12-04,2887.63,2720.91,2887.86,2691.19,109.99291449,785.0619975771001
801780,2014-12-05,2968.49,2914.32,3054.7,2817.82,148.04375655,1066.3117146075
801780,2014-12-08,3016.67,2920.8,3061.46,2880.63,129.63084395,934.7572140697
801780,2014-12-09,2753.18,2962.4,3072.24,2733.17,140.89859844,1013.2618805205001
801780,2014-12-10,2857.57,2763.69,2882.22,2641.41,97.02172261,681.0305386673999
801780,2014-12-11,2830.2,2808.27,2926.05,2788.38,67.35474966,521.6534462756
801780,2014-12-12,2802.3,2821.55,2878.66,2775.98,50.13697518,372.6853114596
801780,2014-12-15,2746.63,2764.75,2764.75,2697.07,47.72050987,331.5853779802
801780,2014-12-16,2871.76,2739.44,2871.76,2731.08,70.47293579,503.4930239272
801780,2014-12-17,3072.45,2890.58,3114.34,2868.17,148.46561965,1154.5724207992998
801780,2014-12-18,3025.58,3111.65,3112.44,2993.16,87.15769247,708.9842367205
801780,2014-12-19,3071.84,3025.23,3097.86,2982.94,81.01898256,601.1654166851
801780,2014-12-22,3239.33,3077.73,3325.52,3077.73,166.34090727,1178.2820719027
801780,2014-12-23,3124.67,3157.72,3275.62,3104.64,103.23405078,718.0739107392999
801780,2014-12-24,2999.8,3115.64,3124.91,2943.68,77.72275214,565.2060654125
801780,2014-12-25,3139.01,3066.34,3162.95,3016.28,80.41714717,612.7114715677
801780,2014-12-26,3243.13,3151.69,3249.55,3125.46,94.82264052,727.2264020717
801780,2014-12-29,3243.04,3362.48,3430.98,3191.79,112.54416132,916.3543936489999
801780,2014-12-30,3342.35,3249.52,3364.17,3234.02,94.95213862,751.0132419403
801780,2014-12-31,3429.09,3347.77,3434.7,3289.97,109.34872568,842.9081934314
801780,2015-01-05,3487.86,3454.2,3532.96,3394.02,112.43990338,877.6199546816999
801780,2015-01-06,3452.59,3441.49,3588.56,3414.91,107.4531908,826.4206589736999
801780,2015-01-07,3405.26,3403.59,3464.08,3350.83,72.68951398,566.938501353
801780,2015-01-08,3279.05,3417.38,3419.86,3271.24,65.80878912,495.03199915050004
801780,2015-01-09,3312.14,3263.15,3488.06,3243.56,104.29574301,795.401979081
801780,2015-01-12,3268.84,3293.28,3333.68,3209.11,61.41403689,480.07324977720003
801780,2015-01-13,3249.67,3254.72,3293.35,3234.52,36.22572937,276.09797845090003
801780,2015-01-14,3306.09,3271.0,3353.87,3271.0,57.33951829,425.12834055760004
801780,2015-01-15,3430.67,3306.61,3430.67,3275.96,64.69182107,494.46867905089994
801780,2015-01-16,3468.26,3440.32,3509.52,3420.57,84.96690164,686.5748360978
801780,2015-01-19,3122.38,3184.14,3288.49,3122.06,94.24633876,715.5304109794
801780,2015-01-20,3130.4,3120.41,3180.71,3064.49,74.11630414,551.9587631058
801780,2015-01-21,3300.97,3149.85,3325.4,3117.64,90.30897748,654.6940495429
801780,2015-01-22,3285.3,3293.49,3306.62,3239.66,60.13394051,442.49056628430003
801780,2015-01-23,3304.81,3298.96,3375.65,3283.05,69.97531838,514.8103037216
801780,2015-01-26,3283.16,3300.12,3302.58,3233.01,49.56884242,368.48210205379996
801780,2015-01-27,3197.35,3283.41,3285.74,3143.96,59.11594499,435.77882440660005
801780,2015-01-28,3153.57,3161.79,3212.99,3131.44,42.55944454,314.5122745638
801780,2015-01-29,3087.09,3099.22,3117.6,3067.85,44.18516401,311.5131305669
801780,2015-01-30,3075.84,3114.32,3132.4,3059.43,36.49908567,273.5458353529
801780,2015-02-02,2978.83,2981.54,3030.18,2976.26,44.70380839,303.0446876917
801780,2015-02-03,3057.06,3012.3,3059.43,2979.61,45.59702593,298.0102301476
801780,2015-02-04,2995.26,3060.31,3077.45,2994.74,35.44560786,238.1831509648
801780,2015-02-05,2990.28,3141.11,3141.11,2990.28,73.37933141,528.0213216972
801780,2015-02-06,2945.69,2970.05,3007.47,2921.73,40.9991078,271.2800320782
801780,2015-02-09,2971.42,2938.3,2998.85,2903.38,39.98456982,268.7847146393
801780,2015-02-10,3022.54,2967.97,3033.33,2955.86,37.36511045,251.2332573755
801780,2015-02-11,3014.68,3019.51,3034.63,3001.8,22.66254325,158.8804319892
801780,2015-02-12,3006.38,3015.56,3016.2,2968.8,25.35130092,195.04967224450002
801780,2015-02-13,3028.63,3019.16,3069.77,3004.51,46.35620842,320.93621283560003
801780,2015-02-16,3012.57,3020.61,3020.61,2994.62,27.24899066,200.5217527923
801780,2015-02-17,3026.77,3016.54,3047.01,3016.54,26.43650132,185.4696877148
801780,2015-02-25,2990.76,3028.61,3028.61,2978.32,26.28909337,189.997114272
801780,2015-02-26,3058.73,2984.31,3062.2,2968.08,42.5711914,291.8515921364
801780,2015-02-27,3046.56,3058.05,3084.25,3042.3,35.6977488,254.2872955375
801780,2015-03-02,3048.01,3059.12,3059.12,3019.77,42.01666799,301.29941599169996
801780,2015-03-03,2951.44,3031.63,3047.2,2951.44,47.14596032,319.7143454756
801780,2015-03-04,2937.84,2961.65,2961.65,2923.92,34.86922628,222.6154664565
801780,2015-03-05,2871.58,2918.41,2919.31,2853.01,43.37771992,279.6199210666
801780,2015-03-06,2890.91,2870.82,2899.16,2869.02,28.67985961,180.2691415004
801780,2015-03-09,3061.02,2903.09,3085.87,2868.52,83.03423812,621.1888099055001
801780,2015-03-10,2986.97,3027.95,3035.51,2985.33,51.06795318,405.1589419711
801780,2015-03-11,3016.8,2994.08,3066.85,2994.08,48.22352163,358.25860586510004
801780,2015-03-12,3168.65,3094.54,3221.23,3069.1,104.19634979,899.3477906364
801780,2015-03-13,3180.57,3178.39,3277.28,3155.88,77.56147989,694.8730000057001
801780,2015-03-16,3223.59,3203.61,3224.83,3162.35,61.27226498,517.8028217844001
801780,2015-03-17,3247.35,3251.35,3265.79,3215.68,69.9603461,544.5692539908999
801780,2015-03-18,3319.23,3250.75,3319.23,3237.92,84.87689958,617.9380583464
801780,2015-03-19,3280.02,3318.74,3318.74,3265.32,65.59033074,508.0278650349
801780,2015-03-20,3306.21,3277.33,3356.46,3234.27,86.37728985,674.7735294682
801780,2015-03-23,3347.88,3330.73,3363.59,3316.29,71.74384782,573.5890457607
801780,2015-03-24,3322.99,3342.8,3380.48,3299.89,85.64747737,602.0073361322001
801780,2015-03-25,3231.62,3300.43,3319.15,3222.03,72.82180118,521.7499078669
801780,2015-03-26,3254.44,3210.82,3295.16,3186.29,59.00288801,456.6326969188
801780,2015-03-27,3258.65,3250.85,3291.22,3216.51,54.70707035,398.99162651
801780,2015-03-30,3389.81,3299.28,3400.16,3278.63,100.28536593,770.0890669844999
801780,2015-03-31,3346.47,3447.12,3488.57,3332.26,95.49456264,755.9526292975
801780,2015-04-01,3371.2,3340.13,3402.65,3329.53,62.3399742,478.1946404143
801780,2015-04-02,3352.17,3395.04,3400.7,3314.13,62.71781397,493.3159174643
801780,2015-04-03,3376.54,3332.78,3379.61,3326.4,54.76357395,429.8012221055
801780,2015-04-07,3478.23,3425.28,3492.85,3420.28,96.27209899,745.9604582086
801780,2015-04-08,3556.48,3483.24,3556.5,3449.43,106.56303575,835.6172177625
801780,2015-04-09,3523.0,3559.17,3640.01,3513.83,101.28688045,809.2632630164
801780,2015-04-10,3618.02,3519.03,3626.12,3511.39,85.45364072,692.8085807964999
801780,2015-04-13,3732.56,3735.97,3772.31,3675.79,120.73194988,927.4222426432001
801780,2015-04-14,3696.54,3740.31,3740.31,3666.32,84.76048867,723.6173360292
801780,2015-04-15,3767.68,3690.75,3845.1,3675.6,119.00099671,959.0909551358001
801780,2015-04-16,3879.22,3746.04,3879.22,3730.58,97.04573504,822.9779081093
801780,2015-04-17,3875.08,3949.92,3959.51,3861.41,117.76630967,985.4843328572999
801780,2015-04-20,3718.36,3920.13,3922.7,3703.6,140.54087583,1141.2523476109
801780,2015-04-21,3774.93,3713.01,3781.74,3689.78,83.65205119,676.4774802818
801780,2015-04-22,3848.22,3800.59,3848.22,3769.48,93.60916004,792.9712071614
801780,2015-04-23,3791.23,3853.83,3859.25,3768.94,78.95137689,685.0142258968
801780,2015-04-24,3681.81,3720.23,3738.64,3639.67,82.63338084,702.4720830961
801780,2015-04-27,3796.33,3697.81,3796.33,3697.81,93.46439261,797.3638412261
801780,2015-04-28,3874.71,3807.66,4005.22,3791.43,169.99650744,1388.1225045904998
801780,2015-04-29,3840.9,3849.96,3862.98,3805.71,79.04737366,655.7354757559
801780,2015-04-30,3778.97,3839.43,3876.96,3778.36,72.84946187,658.0718059598
801780,2015-05-04,3782.19,3775.56,3795.11,3731.79,56.64607877,496.19847078739997
801780,2015-05-05,3615.31,3768.23,3768.23,3593.7,79.01712065,659.2468489625
801780,2015-05-06,3616.98,3634.8,3727.9,3591.2,69.34531413,609.1286457007
801780,2015-05-07,3604.46,3607.23,3643.74,3598.31,50.2244724,417.8798912419
801780,2015-05-08,3618.42,3639.59,3655.97,3555.74,45.71421688,398.40365200220003
801780,2015-05-11,3676.58,3597.99,3677.04,3553.04,69.04175536,597.5093071287
801780,2015-05-12,3676.63,3670.09,3697.02,3632.7,61.08686053,532.6761253805
801780,2015-05-13,3635.24,3700.58,3708.39,3609.77,57.03705138,496.604351993
801780,2015-05-14,3624.4,3641.76,3668.31,3611.23,48.69612881,457.33884705879996
801780,2015-05-15,3551.55,3608.21,3630.03,3522.6,47.45430222,412.6897308756
801780,2015-05-18,3484.44,3521.66,3545.64,3478.63,39.87460384,341.025008908
801780,2015-05-19,3607.2,3479.01,3622.22,3476.78,52.75661133,482.4514798518
801780,2015-05-20,3623.89,3617.48,3689.13,3589.72,59.97145772,553.3800941669
801780,2015-05-21,3637.16,3641.06,3647.74,3610.14,41.03981827,353.2965783699
801780,2015-05-22,3751.79,3668.96,3752.47,3653.0,71.90817775,643.5631357716001
801780,2015-05-25,3838.59,3782.95,3842.53,3782.95,75.23622686,686.2001936411
801780,2015-05-26,3844.89,3852.0,3857.19,3789.59,66.85394534,609.3212407067
801780,2015-05-27,3788.99,3837.66,3862.88,3767.27,63.07227723,573.509778891
801780,2015-05-28,3579.33,3784.75,3795.33,3574.14,85.83272338,741.6155807256
801780,2015-05-29,3574.97,3587.0,3621.06,3505.61,66.54997355,565.5833147523
801780,2015-06-01,3742.81,3574.38,3758.97,3540.55,83.22226195,700.2541304618
801780,2015-06-02,3749.33,3732.5,3770.92,3688.69,75.61958858,619.5514359669
801780,2015-06-03,3764.68,3737.53,3783.9,3675.41,74.77115821,683.2296814484
801780,2015-06-04,3936.7,3783.7,3973.95,3745.89,141.01087054,1247.2390662598
801780,2015-06-05,3901.38,4015.73,4029.14,3830.7,110.57533819,960.1724429927001
801780,2015-06-08,4144.97,3917.0,4153.61,3891.77,178.11029173,1440.8855007143
801780,2015-06-09,4105.81,4160.93,4216.1,4047.79,157.17052531,1258.5312846922
801780,2015-06-10,4057.58,4051.27,4106.88,4031.9,88.05603898,729.6996447042
801780,2015-06-11,4013.24,4058.43,4058.43,4013.24,74.4260088,610.7140246334
801780,2015-06-12,4039.88,4031.76,4049.7,3961.61,82.79745143,739.8862163629
801780,2015-06-15,3915.19,4041.92,4043.57,3909.87,81.43748248,722.2107482117999
801780,2015-06-16,3867.32,3891.25,3961.11,3829.6,76.92564757,634.4475525883
801780,2015-06-17,3894.97,3934.35,3968.79,3867.53,95.42939382,842.2472329599001
801780,2015-06-18,3722.57,3850.63,3850.63,3719.99,75.84892116,646.0457811839
801780,2015-06-19,3550.03,3697.18,3735.49,3542.09,67.74713334,577.5157146041
801780,2015-06-23,3655.03,3544.86,3659.84,3471.21,68.65555159,565.9217504758
801780,2015-06-24,3719.91,3661.64,3727.34,3591.59,69.0695544,595.7530216176999
801780,2015-06-25,3630.16,3823.85,3823.85,3612.16,82.34859472,738.5867060058999
801780,2015-06-26,3441.89,3561.46,3670.22,3335.22,93.13603469,772.3475270205
801780,2015-06-29,3471.79,3523.03,3568.83,3244.93,103.51556281,862.6519947771001
801780,2015-06-30,3702.87,3488.76,3704.01,3475.11,112.16720222,948.4326241100999
801780,2015-07-01,3568.3,3638.87,3698.9,3554.03,82.42332843,695.822028977
801780,2015-07-02,3602.87,3605.83,3661.16,3448.33,116.88644105,937.5500636049001
801780,2015-07-03,3421.56,3567.72,3591.23,3352.91,95.28537801,760.3255413932001
801780,2015-07-06,3691.71,3714.7,3714.7,3562.66,204.18129569,1542.1872486756
801780,2015-07-07,3873.76,3607.93,3890.46,3587.12,213.70164925,1755.5636752163
801780,2015-07-08,3611.97,3609.06,3867.06,3493.14,239.25850705,1918.0012289345002
801780,2015-07-09,3794.1,3591.82,3898.05,3436.56,168.64447696,1378.1008675097
801780,2015-07-10,3830.41,3697.08,4039.24,3651.98,177.39086967,1501.760039114
801780,2015-07-13,3712.82,3727.07,3806.64,3657.99,117.79864758,959.4071333876
801780,2015-07-14,3635.35,3650.85,3689.87,3539.54,98.2571536,777.3159767917999
801780,2015-07-16,3641.82,3699.88,3710.21,3605.12,69.75801281,528.6292486243
801780,2015-07-17,3657.42,3657.23,3678.76,3608.74,57.77404451,467.0813442415
801780,2015-07-20,3618.28,3639.54,3649.7,3604.52,54.15278339,435.0170772163
801780,2015-07-21,3566.5,3593.41,3610.64,3561.54,45.81504068,365.0880282896
801780,2015-07-22,3530.51,3546.9,3560.91,3526.81,40.30403305,318.59576776299997
801780,2015-07-23,3570.04,3524.74,3577.27,3515.3,43.55639363,349.7980747796
801780,2015-07-24,3518.51,3570.83,3577.16,3516.87,44.65177375,362.5590402685
801780,2015-07-27,3241.0,3482.67,3492.01,3239.51,62.66480555,482.9592617277
801780,2015-07-28,3297.99,3186.28,3332.7,3185.24,61.06330426,469.1810185766
801780,2015-07-29,3304.81,3286.71,3307.42,3261.95,36.6078776,275.8805408276
801780,2015-07-30,3242.7,3303.21,3303.21,3242.7,31.86479856,238.79586914599997
801780,2015-07-31,3260.98,3236.58,3276.9,3204.12,32.75394549,254.83780795709998
801780,2015-08-03,3343.84,3234.86,3344.99,3222.83,44.12555216,336.72167768279996
801780,2015-08-04,3362.24,3327.34,3364.4,3301.83,24.16090604,183.9722926002
801780,2015-08-05,3302.63,3347.19,3353.51,3302.63,18.90752958,141.77196676129998
801780,2015-08-06,3303.11,3279.8,3346.45,3278.89,16.20158637,131.1335291813
801780,2015-08-07,3323.23,3323.17,3345.89,3309.81,19.02985797,150.0980540883
801780,2015-08-10,3394.89,3312.07,3401.36,3312.07,36.96560546,280.6138900872
801780,2015-08-11,3342.52,3376.42,3376.42,3329.91,28.53178101,222.5176378609
801780,2015-08-12,3290.17,3304.97,3325.37,3287.99,21.39582713,164.2101223114
801780,2015-08-13,3290.34,3300.61,3312.78,3259.84,20.33610804,149.8745788292
801780,2015-08-14,3280.39,3294.36,3296.93,3271.98,18.74301939,141.36192284860002
801780,2015-08-17,3237.81,3265.44,3266.03,3222.26,23.23882792,172.02164134080002
801780,2015-08-18,3140.24,3237.47,3269.93,3138.26,35.61475127,263.1256020193
801780,2015-08-19,3154.88,3137.3,3154.88,3068.28,36.04313957,254.7507263861
801780,2015-08-20,3100.74,3147.57,3153.16,3100.74,23.52175809,162.8310013334
801780,2015-08-21,3031.38,3082.04,3107.37,3027.37,31.01346165,212.0234525091
801780,2015-08-24,2758.06,2958.86,2961.86,2733.98,58.13787343,391.29264092010004
801780,2015-08-25,2593.16,2662.96,2784.43,2542.44,56.19120787,354.3139189077
801780,2015-08-26,2735.03,2635.56,2776.87,2597.05,55.17803433,352.77925189260003
801780,2015-08-27,2943.39,2774.27,2946.42,2713.48,50.45204941,333.5629374009
801780,2015-08-28,2958.28,2955.83,2977.5,2903.58,45.69495801,320.8927376762
801780,2015-08-31,3055.98,2929.63,3057.54,2871.15,45.2090394,330.843538083
801780,2015-09-01,3141.8,2990.2,3155.25,2967.13,83.66274499,552.9987235606
801780,2015-09-07,2990.33,3132.97,3132.97,2980.54,40.53781379,284.085209292
801780,2015-09-08,3044.46,2971.11,3075.35,2947.26,29.16066021,215.85372659150002
801780,2015-09-09,3062.46,3037.86,3070.82,3031.58,27.09842355,200.9847967238
801780,2015-09-10,3086.23,3034.08,3087.09,3025.72,20.57942964,166.2073839137
801780,2015-09-11,3071.55,3071.23,3094.94,3060.61,14.7060055,128.4040313338
801780,2015-09-14,3150.82,3070.04,3151.69,2986.57,33.91573992,276.34011457599996
801780,2015-09-15,3122.87,3097.35,3129.17,3083.29,26.72739073,197.95678732209998
801780,2015-09-16,3134.34,3100.84,3181.91,3067.62,20.06513342,144.7700978346
801780,2015-09-17,3081.07,3111.43,3141.82,3081.07,14.99780662,109.98320034209999
801780,2015-09-18,3069.37,3084.43,3100.59,3068.98,11.67536891,82.4792314364
801780,2015-09-21,3059.79,3051.66,3067.61,3040.99,12.0733254,83.6869655206
801780,2015-09-22,3088.53,3060.97,3109.84,3056.2,12.01613006,92.4347932566
801780,2015-09-23,3034.64,3063.87,3075.95,3029.58,10.45217779,76.5224393971
801780,2015-09-24,3033.75,3046.64,3047.38,3018.96,8.14998312,63.497626286300004
801780,2015-09-25,3071.06,3026.58,3071.06,3010.32,13.53765404,104.0350070121
801780,2015-09-28,3044.05,3044.73,3049.66,3031.87,7.74438675,57.816470423
801780,2015-09-29,3007.53,3012.02,3021.46,2991.93,9.86927794,72.28240536189999
801780,2015-09-30,3037.53,3012.31,3055.54,3005.42,10.14272915,95.014475779
801780,2015-10-08,3055.66,3103.97,3106.55,3055.66,13.29529162,106.5609104772
801780,2015-10-09,3078.93,3071.33,3092.74,3063.75,10.10682654,70.7965606945
801780,2015-10-12,3132.91,3086.2,3156.87,3078.96,20.93128482,154.5686680858
801780,2015-10-13,3110.4,3122.6,3122.6,3103.13,10.78902689,79.53915317069999
801780,2015-10-14,3088.23,3090.47,3109.46,3085.47,9.59566179,68.10732746010001
801780,2015-10-15,3124.75,3090.36,3126.67,3082.47,11.95536398,85.1098077245
801780,2015-10-16,3141.17,3132.61,3155.37,3128.88,15.58233128,108.49399391809999
801780,2015-10-19,3130.86,3145.01,3153.43,3121.28,15.12605523,105.2703663649
801780,2015-10-20,3132.99,3127.03,3135.6,3113.32,11.30121232,79.1548093184
801780,2015-10-21,3215.48,3131.24,3215.48,3115.9,37.58572188,252.330409557
801780,2015-10-22,3168.05,3162.24,3191.33,3149.2,20.19709036,133.6223522402
801780,2015-10-23,3167.28,3163.05,3170.3,3155.2,16.36409726,110.8371694767
801780,2015-10-26,3175.93,3186.61,3202.15,3169.78,16.97465157,134.103423486
801780,2015-10-27,3165.42,3170.01,3171.83,3146.35,13.05111788,94.94080583819999
801780,2015-10-28,3147.23,3155.78,3170.88,3145.67,13.73581222,98.9069435883
801780,2015-10-29,3141.89,3143.47,3153.93,3139.09,9.91239669,73.7354232781
801780,2015-10-30,3148.32,3140.96,3166.57,3140.75,11.68680553,94.735553216
801780,2015-11-02,3119.14,3132.47,3146.02,3119.14,10.80641592,76.6462442969
801780,2015-11-03,3103.71,3121.11,3131.1,3098.74,11.0488459,77.3083357338
801780,2015-11-04,3197.47,3106.79,3201.38,3106.04,23.1178138,170.2612339447
801780,2015-11-05,3274.99,3184.17,3334.2,3181.07,49.83492437,392.0670692108
801780,2015-11-06,3299.06,3257.08,3302.61,3240.88,29.29844736,227.5626480164
801780,2015-11-09,3414.88,3326.27,3500.86,3326.27,59.66176567,464.4818536671
801780,2015-11-10,3383.21,3375.44,3427.71,3353.64,32.94129652,257.2737299045
801780,2015-11-11,3336.8,3377.89,3378.11,3306.41,22.91691273,178.4398177441
801780,2015-11-12,3297.9,3346.4,3347.01,3284.23,16.56832231,129.6211508097
801780,2015-11-13,3271.67,3272.73,3310.78,3267.97,14.86961589,116.4182870656
801780,2015-11-16,3279.28,3239.82,3281.75,3239.39,13.47111839,96.8980891275
801780,2015-11-17,3290.66,3288.59,3342.91,3286.07,21.78351248,167.3159573463
801780,2015-11-18,3300.76,3295.27,3344.64,3265.51,23.0486329,174.40272264310002
801780,2015-11-19,3338.69,3312.55,3338.81,3308.03,16.79731622,133.5407862116
801780,2015-11-20,3347.16,3335.77,3369.18,3330.34,20.69093741,174.2206224302
801780,2015-11-23,3339.93,3344.43,3363.23,3329.02,16.15520511,142.4439357748
801780,2015-11-24,3313.64,3328.88,3331.92,3288.95,17.61074566,145.9198977646
801780,2015-11-25,3330.51,3303.5,3332.54,3283.32,18.73858938,175.1698824003
801780,2015-11-26,3313.2,3333.6,3346.13,3312.95,16.63890479,152.7534468891
801780,2015-11-27,3192.18,3300.19,3301.18,3171.38,19.30091221,152.57041849520002
801780,2015-11-30,3241.1,3193.74,3252.53,3187.03,24.03744352,166.3175986076
801780,2015-12-01,3218.42,3237.49,3244.79,3189.29,17.41206024,124.5150640252
801780,2015-12-02,3400.83,3211.73,3409.14,3209.47,44.19884071,340.1494791427
801780,2015-12-03,3418.92,3376.7,3455.09,3347.46,56.38857255,389.62758720410005
801780,2015-12-04,3319.67,3382.44,3386.32,3314.79,26.29076243,187.1504037283
801780,2015-12-07,3329.88,3324.69,3332.3,3305.08,13.91857648,110.066150408
801780,2015-12-08,3310.1,3311.16,3333.93,3275.69,17.04067295,155.3604494779
801780,2015-12-09,3311.91,3294.08,3334.85,3294.08,13.33578786,117.42369084479999
801780,2015-12-10,3294.24,3307.76,3356.69,3289.59,13.61412786,111.4100340229
801780,2015-12-11,3264.58,3280.04,3284.61,3241.83,13.98253588,118.31556912290002
801780,2015-12-14,3316.47,3236.96,3323.7,3234.82,17.7520322,141.145954841
801780,2015-12-15,3274.33,3310.26,3310.51,3269.13,11.58567468,94.30917309979999
801780,2015-12-16,3264.1,3282.01,3286.57,3257.36,9.50268337,76.0863075657
801780,2015-12-17,3296.21,3276.3,3307.85,3271.17,15.25752374,121.7232018891
801780,2015-12-18,3345.07,3287.84,3442.5,3286.82,28.90356046,252.4009994485
801780,2015-12-21,3461.28,3324.42,3489.33,3320.99,38.1958859,335.17400328220003
801780,2015-12-22,3431.28,3444.58,3465.35,3410.35,21.19193456,194.6759373925
801780,2015-12-23,3434.3,3434.29,3494.3,3413.24,27.95938906,240.5320830315
801780,2015-12-24,3437.67,3433.47,3452.32,3391.58,20.2737915,170.597394475
801780,2015-12-25,3450.71,3440.34,3456.83,3432.4,12.37391507,114.41112997040001
801780,2015-12-28,3349.28,3449.51,3454.18,3349.28,20.02732887,169.39874035350002
801780,2015-12-29,3381.39,3346.43,3393.08,3338.07,12.14660471,104.9406342076
801780,2015-12-30,3392.81,3374.05,3392.81,3336.22,12.15887435,109.77529561120001
801780,2015-12-31,3382.3,3381.35,3401.21,3351.8,15.3690459,136.42969627780002
801780,2016-01-04,3228.73,3370.34,3382.4,3228.7,14.15353941,108.08745821149999
801780,2016-01-05,3250.64,3196.68,3278.29,3188.01,18.42436435,140.85791191360002
801780,2016-01-06,3276.48,3245.21,3279.55,3232.83,12.55335911,97.40895214860001
801780,2016-01-07,3146.87,3238.23,3273.83,3141.0,4.11196385,31.4976065147
801780,2016-01-08,3184.88,3193.8,3230.31,3129.29,19.40886158,148.0066774779
801780,2016-01-11,3077.03,3145.8,3153.14,3077.03,19.14931799,146.3886375232
801780,2016-01-12,3081.9,3095.88,3109.94,3077.58,13.10462012,101.21510796700001
801780,2016-01-13,3058.31,3111.12,3111.12,3056.84,11.22030113,86.1622547258
801780,2016-01-14,3074.32,3007.09,3080.47,3002.09,14.84030841,102.8216458873
801780,2016-01-15,3016.73,3063.11,3079.3,3002.61,12.97912456,92.82552190950001
801780,2016-01-18,3007.65,2978.72,3035.12,2977.85,11.47481399,75.4797304362
801780,2016-01-19,3054.63,3016.01,3061.15,2994.31,11.70816037,81.7365492765
801780,2016-01-20,3012.82,3036.73,3054.38,2988.5,12.5264075,88.44904562309999
801780,2016-01-21,2970.65,2993.73,3050.53,2970.65,13.25819577,89.5071302578
801780,2016-01-22,2990.69,2996.56,3002.81,2962.73,9.77110688,67.7374351018
801780,2016-01-25,2996.04,2991.37,2996.04,2974.39,8.43286448,55.4516112813
801780,2016-01-26,2878.87,2976.75,2980.17,2877.46,13.76680523,89.79724251620001
801780,2016-01-27,2886.63,2890.44,2913.12,2852.52,15.10429076,98.5208590317
801780,2016-01-28,2846.11,2879.18,2883.48,2825.44,9.92625391,64.798523371
801780,2016-01-29,2902.88,2847.14,2924.11,2844.38,13.62311177,87.69375651790001
801780,2016-02-01,2855.4,2900.11,2906.11,2834.88,9.65505544,60.817681185
801780,2016-02-02,2880.08,2848.59,2895.93,2848.59,8.53256641,54.6746831142
801780,2016-02-03,2853.21,2855.13,2861.28,2834.13,7.71586512,49.3646255231
801780,2016-02-04,2884.82,2868.9,2886.3,2861.52,7.96925248,55.2792003916
801780,2016-02-05,2893.34,2886.68,2895.59,2878.93,6.77506923,51.5694328428
801780,2016-02-15,2867.5,2832.32,2880.61,2829.35,7.37814287,52.2980384515
801780,2016-02-16,2922.48,2877.59,2926.77,2877.59,9.94090583,59.2653773054
801780,2016-02-17,2931.53,2920.8,2941.03,2913.83,10.01597897,64.3852398462
801780,2016-02-18,2926.93,2937.46,2946.62,2921.94,10.07523533,62.6851923576
801780,2016-02-19,2905.77,2920.31,2926.29,2897.4,8.04132185,49.4021328488
801780,2016-02-22,2957.43,2925.2,2967.49,2912.93,13.90095218,85.4499226102
801780,2016-02-23,2921.9,2952.22,2952.22,2907.32,9.07186028,56.0607805559
801780,2016-02-24,2927.8,2911.75,2928.54,2903.04,7.20847432,43.710692653900004
801780,2016-02-25,2835.43,2926.14,2926.14,2830.52,16.36729949,96.85624695950001
801780,2016-02-26,2865.06,2846.16,2876.0,2840.25,10.09966992,58.9242289779
801780,2016-02-29,2872.77,2857.55,2883.45,2802.76,17.06659911,97.9422495618
801780,2016-03-01,2882.2,2867.61,2895.39,2851.76,9.86968621,58.9398980445
801780,2016-03-02,2945.69,2893.86,2945.69,2885.37,17.15120936,104.8577518453
801780,2016-03-03,2971.92,2943.29,2972.87,2933.76,15.21456294,95.12197847809999
801780,2016-03-04,3100.23,2960.43,3110.14,2955.38,43.03422314,286.9044707446
801780,2016-03-07,3069.21,3082.67,3094.55,3055.81,15.39266678,103.5639835765
801780,2016-03-08,3091.31,3059.01,3098.22,2983.52,16.11449038,101.6509239236
801780,2016-03-09,3105.89,3040.41,3106.92,3020.5,16.71487155,111.7391950039
801780,2016-03-10,3039.74,3071.84,3088.9,3038.27,9.4294261,61.5319363177
801780,2016-03-11,3042.34,3013.02,3042.34,2991.7,10.98633671,81.5870682183
801780,2016-03-14,3025.77,3047.08,3083.82,3020.19,14.32727471,102.90972167129999
801780,2016-03-15,3061.22,3032.19,3066.8,3004.61,13.37182963,94.7318484286
801780,2016-03-16,3134.14,3042.83,3141.79,3040.18,30.72195127,227.02679023759998
801780,2016-03-17,3094.15,3123.84,3138.07,3077.45,16.31854607,126.0384249167
801780,2016-03-18,3092.83,3098.93,3110.8,3079.05,22.21119352,159.0005712648
801780,2016-03-21,3113.97,3096.7,3142.02,3094.86,23.27510532,154.6398171582
801780,2016-03-22,3105.17,3114.27,3147.84,3100.04,13.43695197,97.03811722030001
801780,2016-03-23,3098.35,3103.83,3114.06,3091.54,9.16873511,65.0943133355
801780,2016-03-24,3063.64,3090.45,3090.45,3062.55,9.09406829,63.4103288493
801780,2016-03-25,3070.36,3062.52,3077.88,3062.52,5.71842768,40.4130814532
801780,2016-03-28,3040.59,3073.24,3087.82,3031.81,8.67543804,59.804696327100004
801780,2016-03-29,3032.44,3046.69,3059.69,3029.51,8.70562588,57.9737160943
801780,2016-03-30,3096.81,3049.78,3101.64,3049.78,13.70044638,89.95220193700001
801780,2016-03-31,3086.26,3104.39,3106.28,3075.35,10.50492035,68.9046229342
801780,2016-04-01,3107.01,3088.03,3108.48,3048.63,12.42148271,87.9158059895
801780,2016-04-05,3114.38,3082.38,3117.79,3070.29,13.49551862,93.12432585200001
801780,2016-04-06,3088.67,3094.73,3104.57,3080.44,9.04122488,64.89082817090001
801780,2016-04-07,3058.92,3095.0,3095.0,3057.84,8.51442393,60.28693124350001
801780,2016-04-08,3057.74,3043.85,3070.54,3043.85,7.39542728,53.62658789100001
801780,2016-04-11,3080.38,3058.47,3095.47,3058.47,9.57553476,69.65954636640001
801780,2016-04-12,3075.05,3083.83,3083.83,3068.26,5.69229738,39.8323631504
801780,2016-04-13,3101.5,3086.37,3128.07,3086.37,16.58158057,119.5680524739
801780,2016-04-14,3107.28,3116.17,3123.65,3099.23,7.20146586,52.0405118487
801780,2016-04-15,3130.54,3116.82,3144.91,3107.31,9.89989614,81.7637856972
801780,2016-04-20,3122.85,3120.6,3124.72,3048.98,18.07911852,129.00441807459998
801780,2016-04-21,3126.46,3106.58,3163.6,3093.83,11.20663491,98.8685240368
801780,2016-04-22,3142.53,3113.92,3159.43,3113.48,7.4278607,58.9593089953
801780,2016-04-25,3139.35,3129.17,3147.31,3108.28,7.52963087,61.739876477299994
801780,2016-04-26,3147.88,3133.36,3155.62,3130.39,6.3142397,50.5925422635
801780,2016-04-27,3141.4,3151.82,3151.82,3137.54,5.34584276,44.983584865
801780,2016-04-28,3151.26,3148.93,3170.13,3134.61,8.11160956,67.16866162810001
801780,2016-04-29,3129.8,3143.61,3148.87,3129.52,7.02146702,56.255806463
801780,2016-05-03,3151.55,3134.09,3162.55,3125.93,10.28344854,78.09992988229999
801780,2016-05-04,3151.08,3144.52,3155.4,3143.87,6.88153083,53.296724352
801780,2016-05-05,3149.4,3146.3,3152.92,3138.41,5.55419478,40.4089648371
801780,2016-05-06,3108.27,3148.57,3148.57,3107.28,8.46362826,60.8832319958
801780,2016-05-09,3079.4,3106.5,3110.28,3065.87,9.19194867,66.0118491423
801780,2016-05-10,3067.66,3061.64,3086.14,3061.64,6.95244349,52.9699056459
801780,2016-05-11,3081.25,3073.95,3095.05,3064.39,6.99141715,50.3267859464
801780,2016-05-12,3088.11,3070.74,3095.43,3064.97,6.71703671,50.6561880879
801780,2016-05-13,3082.42,3081.05,3093.27,3075.5,6.66574072,48.2654820008
801780,2016-05-16,3086.39,3074.49,3089.55,3073.58,4.95293542,36.8534891658
801780,2016-05-17,3073.64,3086.44,3086.44,3067.45,4.74885122,33.578525018200004
801780,2016-05-18,3095.2,3069.36,3100.53,3052.34,10.86794948,82.0804577327
801780,2016-05-19,3078.62,3083.91,3094.55,3076.7,5.3594753,37.3616259187
801780,2016-05-20,3085.9,3073.93,3089.01,3070.48,5.70010867,41.3863421567
801780,2016-05-23,3073.29,3089.26,3095.2,3070.98,6.00389584,43.2037553725
801780,2016-05-24,3049.43,3072.02,3072.07,3048.95,6.17162572,45.0330609257
801780,2016-05-25,3070.4,3068.28,3074.07,3059.7,4.36490432,32.0148358961
801780,2016-05-26,3077.43,3066.13,3085.17,3066.13,5.28101759,35.7879908256
801780,2016-05-27,3079.78,3075.47,3084.49,3069.48,4.60983245,31.259634331500003
801780,2016-05-30,3106.39,3084.9,3109.31,3070.64,8.19291272,56.5965704051
801780,2016-05-31,3170.45,3106.75,3173.85,3106.68,15.14732856,107.56269827930001
801780,2016-06-01,3147.77,3172.5,3174.53,3146.62,8.68102174,63.2452953458
801780,2016-06-02,3139.14,3147.37,3153.77,3134.18,5.25256416,37.6905575886
801780,2016-06-03,3153.74,3151.43,3154.03,3134.29,6.713112,47.33296843270001
801780,2016-06-06,3128.76,3139.7,3141.36,3121.97,5.84447201,44.7884291016
801780,2016-06-07,3132.27,3136.03,3136.98,3125.11,5.63245208,38.1596436137
801780,2016-06-08,3129.1,3132.4,3133.2,3120.04,6.36463898,45.7444732235
801780,2016-06-13,3084.89,3107.94,3124.17,3084.03,7.99254159,57.8274173797
801780,2016-06-14,3101.24,3083.41,3111.84,3081.88,6.3301256,44.035424962
801780,2016-06-15,3104.08,3077.07,3109.84,3077.07,7.25495827,53.0068168856
801780,2016-06-16,3093.54,3087.3,3103.82,3087.3,6.74675166,48.935402955600004
801780,2016-06-17,3104.41,3091.92,3117.5,3091.92,6.32252446,44.0221934658
801780,2016-06-20,3107.99,3115.91,3119.24,3097.94,4.57705726,30.977004963800002
801780,2016-06-21,3112.37,3109.99,3123.95,3105.5,5.73380719,39.5650653211
801780,2016-06-22,3122.59,3108.26,3124.31,3105.35,6.38961127,39.9639456342
801780,2016-06-23,3107.74,3118.33,3118.33,3101.06,6.44207429,40.3678939872
801780,2016-06-24,3063.75,3091.6,3106.3,3036.2,9.24079978,65.60221691439999
801780,2016-06-27,3074.11,3057.6,3075.3,3057.4,6.73509894,46.228171513599996
801780,2016-06-28,3073.05,3067.06,3073.05,3058.31,6.48290645,44.245688378000004
801780,2016-06-29,3106.11,3075.47,3107.92,3070.6,9.4089075,69.10513400640001
801780,2016-06-30,3093.64,3096.16,3105.98,3087.75,8.43244693,55.8711963785
801780,2016-07-01,3113.6,3096.05,3114.36,3093.89,6.6116429,44.2402976176
801780,2016-07-05,3136.64,3145.57,3147.51,3127.02,7.76346944,51.7792037228
801780,2016-07-06,3126.47,3130.43,3132.77,3120.54,7.82529028,51.5575964134
801780,2016-07-07,3126.09,3117.35,3128.47,3110.25,9.12106042,59.7632663289
801780,2016-07-08,3091.21,3108.93,3108.93,3090.03,6.47432605,42.476488887100004
801780,2016-07-11,3092.59,3093.48,3103.35,3090.38,7.68864364,51.257026018599994
801780,2016-07-12,3135.28,3093.12,3136.6,3092.27,12.74343624,80.9888533535
801780,2016-07-13,3127.43,3107.11,3164.61,3107.11,15.40431213,106.2855384439
801780,2016-07-14,3123.67,3125.3,3137.23,3112.98,7.26474705,51.336025215
801780,2016-07-15,3132.64,3125.43,3137.29,3123.98,7.17201869,48.6849750172
801780,2016-07-18,3168.1,3136.33,3189.52,3136.33,12.0262838,85.1336176495
801780,2016-07-19,3144.06,3177.2,3186.85,3130.83,8.02230069,56.0131348145
801780,2016-07-20,3123.23,3143.93,3145.4,3120.62,5.99144329,42.105765406399996
801780,2016-07-21,3137.35,3123.44,3140.64,3122.3,7.05607,52.8530616842
801780,2016-07-22,3114.73,3134.27,3134.27,3111.88,7.13767538,46.9620136797
801780,2016-07-25,3118.84,3111.16,3123.76,3109.64,6.68453119,42.1032713031
801780,2016-07-26,3136.16,3113.13,3136.91,3113.13,7.4344285,51.193081378100004
801780,2016-07-27,3139.32,3136.08,3139.32,3089.91,12.6755033,85.90169604889999
801780,2016-07-28,3114.19,3122.08,3125.03,3111.49,6.81436128,47.3862821166
801780,2016-07-29,3124.34,3115.65,3124.34,3111.86,6.59577451,47.7858986817
801780,2016-08-01,3140.67,3118.4,3140.78,3117.28,9.40212284,70.35641878060001
801780,2016-08-02,3131.9,3136.31,3139.49,3123.0,5.57504453,40.9364950959
801780,2016-08-03,3116.84,3117.52,3124.17,3111.41,6.13924161,43.169257575900005
801780,2016-08-04,3108.48,3118.53,3118.71,3095.86,7.56626544,54.30575296
801780,2016-08-05,3134.55,3108.26,3148.84,3104.41,8.61546129,68.38670043890001
801780,2016-08-08,3135.85,3131.32,3136.24,3119.66,6.54621984,48.1383871236
801780,2016-08-09,3148.03,3135.83,3148.26,3132.35,12.90636716,112.574855246
801780,2016-08-10,3155.7,3147.39,3159.45,3142.87,11.13627443,106.2643764357
801780,2016-08-11,3191.6,3154.53,3240.18,3154.53,21.082204,179.6988097016
801780,2016-08-12,3273.7,3195.58,3275.13,3191.23,23.39587959,194.09653880009998
801780,2016-08-15,3346.87,3285.8,3385.86,3281.34,29.65776053,270.1782172159
801780,2016-08-16,3279.4,3356.56,3358.98,3255.77,35.86182479,286.2757934728
801780,2016-08-17,3270.01,3279.36,3292.89,3262.34,14.52221104,135.6127614924
801780,2016-08-18,3253.87,3261.0,3286.3,3244.84,13.70588764,119.9775062617
801780,2016-08-19,3258.82,3257.41,3264.24,3248.0,9.13648145,84.4219806128
801780,2016-08-22,3255.84,3257.39,3265.24,3239.46,11.96075252,93.90988926290001
801780,2016-08-23,3266.54,3252.71,3283.51,3252.38,13.69492581,119.8392086994
801780,2016-08-24,3259.96,3267.4,3271.03,3253.25,11.76344209,129.5920457262
801780,2016-08-25,3255.4,3252.55,3261.21,3229.58,12.26433119,119.42646411129999
801780,2016-08-26,3249.87,3254.27,3259.01,3245.0,9.091499,91.2457900519
801780,2016-08-29,3229.26,3240.82,3243.34,3217.75,10.56688624,89.9769340035
801780,2016-08-30,3255.33,3230.46,3257.57,3230.46,9.68446248,84.7611629867
801780,2016-08-31,3266.31,3249.07,3277.88,3246.31,9.97952734,102.14150480709999
801780,2016-09-01,3257.19,3263.11,3272.4,3256.85,9.79502833,86.81064292290002
801780,2016-09-02,3260.92,3247.91,3263.72,3247.91,9.85167252,79.0135880149
801780,2016-09-05,3262.18,3260.58,3272.24,3252.78,9.68109009,80.1340803976
801780,2016-09-06,3246.29,3259.68,3268.53,3244.19,11.65528264,87.7813920952
801780,2016-09-07,3250.74,3246.72,3254.24,3240.06,8.90786681,70.6090767083
801780,2016-09-08,3251.67,3249.33,3253.6,3245.18,6.76613284,53.2256839325
801780,2016-09-09,3237.69,3250.32,3251.99,3237.69,6.47139051,52.3066660427
801780,2016-09-12,3192.47,3211.19,3214.64,3183.02,14.36173862,108.40894583149999
801780,2016-09-13,3194.43,3195.61,3202.56,3193.95,7.81577436,63.39919945729999
801780,2016-09-14,3166.67,3189.81,3192.64,3164.61,9.24019725,68.52460553899999
801780,2016-09-19,3187.11,3170.24,3188.09,3170.24,7.8110013,58.737892719799994
801780,2016-09-20,3182.91,3187.79,3188.16,3178.15,7.78290086,74.60455193600001
801780,2016-09-21,3190.32,3182.91,3195.53,3180.06,7.19818986,58.0954586901
801780,2016-09-22,3207.35,3199.24,3217.86,3193.78,7.83319887,65.0190200519
801780,2016-09-23,3207.46,3209.44,3214.24,3204.7,6.47675933,56.1881831978
801780,2016-09-26,3181.5,3196.13,3196.41,3181.5,9.51926201,73.4078199465
801780,2016-09-27,3193.97,3177.69,3195.02,3175.91,7.27247007,57.3228561134
801780,2016-09-28,3176.6,3193.88,3193.88,3172.93,5.15557653,41.3692693799
801780,2016-09-29,3188.83,3180.77,3192.16,3180.62,5.59712273,43.795795027299995
801780,2016-09-30,3188.84,3184.42,3195.57,3184.42,4.96370571,40.9868835875
801780,2016-10-10,3213.5,3196.47,3217.28,3195.51,8.33148901,62.3344423364
801780,2016-10-11,3211.35,3215.44,3216.19,3205.51,7.26587306,56.6884931279
801780,2016-10-12,3198.15,3206.45,3206.45,3194.09,7.17691721,62.977556227
801780,2016-10-13,3191.74,3200.53,3207.54,3187.57,7.99201297,67.6374453709
801780,2016-10-14,3198.12,3190.28,3199.62,3186.26,6.78336529,58.8973741099
801780,2016-10-17,3178.61,3195.82,3196.28,3174.67,7.36017949,60.058551424499996
801780,2016-10-18,3196.35,3175.33,3198.32,3175.32,9.4966881,77.26604303399999
801780,2016-10-19,3193.43,3196.57,3206.29,3190.53,6.95994813,55.3523697784
801780,2016-10-20,3198.91,3197.37,3202.78,3195.08,6.08842037,51.4956140992
801780,2016-10-21,3213.33,3196.99,3213.99,3194.77,8.31144507,70.2059092156
801780,2016-10-24,3249.58,3214.69,3269.78,3214.19,17.58865569,141.5259203503
801780,2016-10-25,3242.93,3249.76,3257.57,3238.6,9.95630286,78.8849592505
801780,2016-10-26,3218.01,3238.7,3238.7,3216.71,8.15359845,66.0826556004
801780,2016-10-27,3211.71,3217.28,3219.13,3203.44,7.12909488,54.539818802
801780,2016-10-28,3228.78,3208.72,3244.11,3208.72,12.37697932,108.7209134482
801780,2016-10-31,3218.7,3222.41,3222.5,3199.6,10.28252546,97.8589087858
801780,2016-11-01,3233.74,3217.06,3233.79,3211.94,9.83764988,85.1604890742
801780,2016-11-02,3214.78,3223.64,3223.89,3210.64,9.68125916,84.4256889049
801780,2016-11-03,3230.1,3208.8,3232.8,3207.18,10.84307312,109.4684744867
801780,2016-11-04,3224.18,3225.5,3243.62,3218.88,11.33065729,103.5552836884
801780,2016-11-07,3221.48,3222.7,3224.43,3215.75,8.46184838,74.7629582205
801780,2016-11-08,3239.53,3224.45,3244.41,3222.11,14.62681217,114.1658190585
801780,2016-11-09,3212.5,3236.87,3239.41,3195.59,14.53310566,120.51558282559999
801780,2016-11-10,3242.32,3228.41,3250.65,3227.53,12.45857843,121.644351821
801780,2016-11-11,3247.22,3236.78,3250.67,3233.93,17.33073837,151.90083489149998
801780,2016-11-14,3255.02,3239.66,3275.68,3239.61,18.27334442,165.4710892417
801780,2016-11-15,3253.72,3253.49,3255.25,3248.66,10.45953845,91.13137009340001
801780,2016-11-16,3251.34,3255.09,3257.6,3245.38,8.26083991,70.81546128560001
801780,2016-11-17,3249.19,3247.78,3251.1,3239.35,8.274164,72.6697615257
801780,2016-11-18,3243.29,3247.83,3248.38,3241.03,7.51550528,66.4705103238
801780,2016-11-21,3271.56,3240.7,3282.62,3237.83,14.46188528,109.87807073559999
801780,2016-11-22,3295.99,3270.43,3297.8,3270.08,19.61498087,147.0198621013
801780,2016-11-23,3340.77,3295.94,3368.59,3295.94,28.8365124,251.5097280209
801780,2016-11-24,3333.54,3333.85,3351.49,3324.89,16.11720142,154.0937391474
801780,2016-11-25,3381.21,3337.72,3381.95,3337.12,20.24121224,165.1913196164
801780,2016-11-28,3378.39,3393.91,3434.02,3375.65,31.83594373,254.1712382586
801780,2016-11-29,3386.26,3374.72,3396.47,3365.85,19.92321774,173.8926988879
801780,2016-11-30,3356.36,3386.18,3391.01,3344.7,16.88067157,139.4328407876
801780,2016-12-01,3364.02,3362.48,3396.02,3353.22,15.55575325,129.9879714242
801780,2016-12-02,3358.84,3364.19,3364.19,3324.76,19.53009488,148.7351724031
801780,2016-12-05,3366.82,3331.93,3368.6,3326.18,17.93573653,136.5896157135
801780,2016-12-06,3350.77,3359.33,3371.25,3349.41,12.67939888,99.7703821979
801780,2016-12-07,3343.15,3347.68,3348.72,3332.26,9.73132695,79.3116869703
801780,2016-12-08,3380.77,3348.66,3388.09,3344.43,15.84581917,149.8360000864
801780,2016-12-09,3435.66,3371.04,3456.2,3370.4,31.42042953,242.0162964296
801780,2016-12-12,3440.72,3434.63,3487.73,3404.07,32.29350072,247.5093246871
801780,2016-12-13,3393.53,3418.27,3425.67,3380.98,16.09522234,119.39728441930001
801780,2016-12-14,3407.68,3391.44,3443.27,3389.99,16.30306434,129.3683551596
801780,2016-12-15,3300.44,3387.3,3387.3,3296.03,20.61492151,158.5094908954
801780,2016-12-16,3278.77,3294.14,3305.71,3276.07,14.06119014,109.2812697051
801780,2016-12-19,3261.48,3273.16,3273.16,3256.65,9.22288801,76.8823362131
801780,2016-12-20,3230.48,3264.92,3264.92,3210.0,13.61583568,106.86080864540001
801780,2016-12-21,3244.66,3226.94,3247.97,3226.94,10.6480522,83.8559367485
801780,2016-12-22,3227.05,3242.13,3243.68,3217.16,7.34837589,60.81344372270001
801780,2016-12-23,3210.44,3225.61,3225.61,3197.96,8.14824286,68.34306565199999
801780,2016-12-26,3220.53,3198.23,3220.57,3180.23,9.04934662,70.1542370087
801780,2016-12-27,3206.8,3217.07,3223.03,3205.76,6.46355241,51.5440678681
801780,2016-12-28,3196.62,3207.59,3210.51,3186.1,7.71918291,58.7130656629
801780,2016-12-29,3195.21,3193.2,3203.03,3189.06,8.30681294,61.820142548
801780,2016-12-30,3215.4,3197.4,3215.4,3195.97,9.6474773,69.0285897392
801780,2017-01-03,3251.24,3217.35,3254.14,3217.01,12.61739803,95.77183793270001
801780,2017-01-04,3257.88,3246.35,3262.45,3246.35,11.12655276,85.5333609998
801780,2017-01-05,3255.66,3260.22,3264.71,3253.86,8.17981975,63.413276068
801780,2017-01-06,3234.39,3255.12,3256.02,3232.71,8.76701295,64.8223127017
801780,2017-01-09,3242.13,3237.86,3249.89,3232.33,7.85770681,57.0570960341
801780,2017-01-10,3238.04,3239.2,3245.39,3235.86,6.62423985,47.487294330699996
801780,2017-01-11,3226.8,3241.8,3245.66,3226.4,7.49355058,55.8277476505
801780,2017-01-12,3223.5,3227.68,3236.58,3219.92,6.47700838,49.393485674
801780,2017-01-13,3248.43,3220.18,3254.57,3220.18,11.59042986,84.9513996529
801780,2017-01-16,3294.21,3244.01,3301.98,3232.53,28.61733475,202.0398475287
801780,2017-01-17,3279.55,3279.81,3289.52,3273.52,8.61091817,68.3095595926
801780,2017-01-18,3298.51,3280.95,3301.53,3279.92,8.4808848,64.1482364225
801780,2017-01-19,3298.17,3292.44,3319.4,3292.18,9.33098873,66.5828167451
801780,2017-01-20,3312.18,3296.72,3319.08,3295.55,7.92589971,66.7692762969
801780,2017-01-23,3305.63,3317.86,3321.58,3298.93,7.93062258,62.0153279226
801780,2017-01-24,3335.49,3307.83,3339.13,3306.34,10.10872357,71.4327435847
801780,2017-01-25,3334.7,3330.24,3337.13,3322.16,6.28134499,47.3471483433
801780,2017-01-26,3354.9,3337.04,3365.47,3337.03,8.57003821,65.7225799436
801780,2017-02-03,3318.02,3360.98,3363.13,3316.45,5.79655649,47.0274663904
801780,2017-02-06,3315.11,3330.26,3330.26,3309.13,7.86116828,63.1336946183
801780,2017-02-07,3309.95,3313.81,3318.42,3304.14,8.23051326,67.6340307616
801780,2017-02-08,3313.97,3304.67,3314.94,3292.52,8.31748453,70.0982514101
801780,2017-02-09,3320.69,3311.8,3333.68,3308.1,8.53814958,71.3761184445
801780,2017-02-10,3339.36,3328.04,3341.76,3326.44,12.30491457,110.97328070709999
801780,2017-02-13,3366.55,3345.49,3376.03,3345.49,15.14994717,141.3072460738
801780,2017-02-14,3353.75,3369.44,3370.72,3348.54,10.78122936,105.76462530379999
801780,2017-02-15,3390.05,3359.24,3404.42,3356.79,24.6244345,212.5322333721
801780,2017-02-16,3396.5,3395.5,3406.75,3381.31,15.87165627,150.22051357639998
801780,2017-02-17,3363.63,3398.42,3399.74,3362.39,13.17454125,120.32397260450001
801780,2017-02-20,3424.22,3361.41,3433.41,3361.41,32.22110647,267.25852203650004
801780,2017-02-21,3424.0,3427.5,3451.48,3421.23,19.75842987,184.0819977479
801780,2017-02-22,3420.83,3421.97,3422.76,3408.39,12.7108467,123.4648384324
801780,2017-02-23,3417.85,3419.48,3432.19,3406.05,11.21014697,102.8250112661
801780,2017-02-24,3411.15,3414.93,3418.26,3399.99,10.87706902,107.663717408
801780,2017-02-27,3394.14,3404.16,3406.93,3385.86,11.5053713,111.8611231341
801780,2017-02-28,3399.8,3390.33,3413.14,3390.07,11.89444508,134.505852267
801780,2017-03-01,3395.14,3402.16,3418.32,3391.72,16.76349911,162.5387532424
801780,2017-03-02,3374.09,3400.14,3410.5,3373.6,14.18715577,165.1201749951
801780,2017-03-03,3359.76,3366.81,3370.48,3356.15,10.23431252,117.4969879782
801780,2017-03-06,3361.34,3357.75,3381.41,3357.15,12.93010257,113.652704925
801780,2017-03-07,3377.16,3360.34,3379.24,3358.25,10.73820223,114.4036930139
801780,2017-03-08,3371.99,3368.83,3377.04,3363.1,9.4071507,109.87952007049999
801780,2017-03-09,3348.32,3365.47,3365.56,3343.52,11.52371485,113.5059678892
801780,2017-03-10,3343.36,3346.67,3351.65,3337.04,9.22490384,93.59722722379999
801780,2017-03-13,3366.0,3339.94,3366.0,3329.98,9.94821021,90.42337818940001
801780,2017-03-14,3365.96,3363.7,3374.53,3361.2,9.1865079,84.79672508659999
801780,2017-03-15,3363.48,3362.92,3364.01,3353.27,8.95722135,81.1072594659
801780,2017-03-16,3375.64,3366.93,3386.97,3366.93,17.15426851,169.3628941424
801780,2017-03-17,3338.07,3376.75,3376.84,3332.57,14.96157678,135.6997745239
801780,2017-03-20,3325.36,3339.73,3343.86,3311.86,11.18346345,104.1279719219
801780,2017-03-21,3317.52,3323.58,3323.58,3309.5,11.00354361,94.0566637726
801780,2017-03-22,3274.05,3309.11,3309.11,3269.92,13.64510529,118.54164244260001
801780,2017-03-23,3290.33,3276.17,3301.93,3276.17,10.46268835,90.69458262280001
801780,2017-03-24,3302.88,3293.46,3305.23,3283.68,10.59291636,89.49910197049999
801780,2017-03-27,3326.17,3298.97,3333.14,3298.97,15.12923778,125.29760197350001
801780,2017-03-28,3314.95,3333.92,3333.92,3309.07,8.37655298,77.0439041512
801780,2017-03-29,3306.17,3317.7,3324.99,3301.59,11.99947774,97.8814463821
801780,2017-03-30,3301.82,3304.47,3309.41,3286.1,13.03314244,96.80663606700001
801780,2017-03-31,3335.22,3298.44,3340.93,3298.37,18.89309345,161.2806960945
801780,2017-04-06,3337.46,3342.72,3345.06,3326.17,11.99660043,110.00455823520001
801780,2017-04-07,3335.99,3333.76,3340.12,3322.51,13.8048836,126.3769494249
801780,2017-04-10,3315.68,3334.94,3334.94,3313.52,12.23558087,120.6024404816
801780,2017-04-11,3307.93,3309.49,3313.46,3285.41,14.49935727,149.659977283
801780,2017-04-12,3296.86,3302.99,3303.57,3274.41,13.45079633,121.5131540352
801780,2017-04-13,3279.16,3289.44,3292.29,3273.73,9.76049153,90.9412023315
801780,2017-04-14,3255.65,3276.89,3278.16,3242.0,11.01258049,95.9665991908
801780,2017-04-17,3254.31,3247.09,3256.83,3218.1,14.92097978,125.3128281184
801780,2017-04-18,3209.69,3243.65,3243.8,3209.45,11.33562097,103.1540850362
801780,2017-04-19,3181.35,3199.56,3201.57,3181.35,14.0412249,116.82737882079999
801780,2017-04-20,3163.9,3180.93,3183.63,3161.97,11.01728429,99.2911834849
801780,2017-04-21,3199.98,3169.01,3200.85,3166.94,13.72478175,100.47767093690001
801780,2017-04-24,3199.28,3197.93,3203.86,3184.31,12.52708064,104.0813686682
801780,2017-04-25,3207.18,3200.46,3210.85,3200.1,10.61010883,99.43299389219999
801780,2017-04-26,3194.55,3206.36,3208.8,3192.2,14.85520612,125.8132476085
801780,2017-04-27,3206.68,3185.18,3206.72,3174.75,15.05338051,125.58749582530001
801780,2017-04-28,3206.33,3204.19,3206.33,3204.19,12.50664913,115.3147121665
801780,2017-05-02,3182.17,3197.28,3200.02,3178.77,9.76656151,95.658881603
801780,2017-05-03,3164.03,3180.54,3180.83,3159.71,9.86799291,96.5655923042
801780,2017-05-04,3149.56,3160.3,3160.3,3137.55,11.84506684,120.21644105860001
801780,2017-05-05,3148.32,3140.47,3148.32,3111.91,15.52512689,144.4800840633
801780,2017-05-08,3151.68,3129.41,3151.68,3117.08,15.24701793,128.5573018465
801780,2017-05-09,3154.77,3136.5,3158.13,3135.22,10.57146993,107.7463136036
801780,2017-05-10,3165.5,3153.13,3192.9,3153.13,15.74046401,162.5953597151
801780,2017-05-11,3189.63,3161.54,3190.25,3161.54,15.73554405,146.77526522510001
801780,2017-05-12,3276.07,3186.13,3276.07,3183.0,23.17876538,213.51026826400002
801780,2017-05-15,3274.32,3278.01,3303.8,3271.64,14.8503132,145.9234755467
801780,2017-05-16,3255.17,3265.6,3267.06,3233.69,15.14138676,138.78551754129998
801780,2017-05-17,3228.52,3245.77,3246.07,3222.68,13.83588628,137.8097284325
801780,2017-05-18,3210.74,3210.23,3224.86,3203.57,11.69138247,121.7783478791
801780,2017-05-19,3211.53,3207.9,3214.88,3202.62,8.7385974,89.5012971877
801780,2017-05-22,3220.76,3208.97,3234.29,3206.59,12.00752503,109.0251018783
801780,2017-05-23,3280.39,3218.1,3289.82,3216.91,20.76329582,179.8135088052
801780,2017-05-24,3275.72,3275.07,3290.65,3243.91,15.338987,141.2340038448
801780,2017-05-25,3385.93,3264.36,3412.62,3263.08,38.91524886,322.7613530327
801780,2017-05-26,3376.07,3377.38,3394.57,3363.06,20.11747547,184.5261281366
801780,2017-05-31,3383.52,3370.02,3415.95,3364.77,18.63659635,164.6293451014
801780,2017-06-01,3399.72,3376.16,3401.36,3370.44,17.33450977,162.5976512432
801780,2017-06-02,3379.16,3400.33,3413.37,3371.58,17.74206273,163.4772806119
801780,2017-06-05,3329.0,3364.39,3368.83,3314.82,23.84274129,171.58133533129998
801780,2017-06-06,3331.39,3323.66,3341.0,3310.15,11.09942705,94.6763206569
801780,2017-06-07,3365.54,3332.44,3373.76,3330.34,17.27248304,156.2939870312
801780,2017-06-08,3371.13,3357.07,3374.7,3340.86,13.7486976,131.30869726790002
801780,2017-06-09,3386.82,3370.45,3415.47,3370.45,21.51172062,176.81343483689997
801780,2017-06-12,3370.44,3380.54,3404.87,3368.01,15.10513599,127.81323736680001
801780,2017-06-13,3360.28,3369.54,3370.24,3347.63,10.58229118,96.48747229889999
801780,2017-06-14,3309.35,3329.95,3333.01,3297.4,11.62845859,103.2347368509
801780,2017-06-15,3284.05,3303.45,3311.36,3281.66,12.50823363,108.10152588129999
801780,2017-06-16,3281.03,3283.72,3295.99,3271.52,9.90743612,85.6833154821
801780,2017-06-19,3298.49,3284.74,3309.18,3280.24,12.72346056,95.6078943265
801780,2017-06-20,3296.93,3303.96,3310.91,3287.18,10.38789997,86.73359040049999
801780,2017-06-21,3308.35,3312.14,3312.14,3287.96,10.50119609,91.21028839959999
801780,2017-06-22,3366.3,3302.82,3411.86,3302.82,31.31071042,269.0905553549
801780,2017-06-23,3382.22,3357.92,3382.22,3338.94,17.7238212,156.7820996132
801780,2017-06-26,3383.27,3380.9,3433.95,3380.9,24.01462803,188.3904406698
801780,2017-06-27,3422.14,3380.38,3434.17,3371.71,17.01290352,146.29583326809998
801780,2017-06-28,3438.46,3412.27,3469.32,3407.25,22.08954578,206.78926148099998
801780,2017-06-29,3452.72,3443.18,3460.06,3429.83,13.05557627,118.1078668004
801780,2017-06-30,3437.11,3434.61,3440.4,3417.27,12.60875653,104.271228278
801780,2017-07-03,3427.63,3433.08,3433.54,3413.65,11.05966986,89.9781913676
801780,2017-07-04,3403.01,3426.31,3426.31,3384.72,15.16506867,126.0207229728
801780,2017-07-05,3432.78,3394.28,3436.54,3387.96,12.91954757,115.827462993
801780,2017-07-06,3433.97,3420.88,3440.26,3408.34,14.07238929,124.2457281982
801780,2017-07-07,3406.19,3415.61,3420.74,3397.47,12.50178975,107.16898381780001
801780,2017-07-10,3404.08,3403.79,3411.89,3394.8,11.71922002,100.53266838389999
801780,2017-07-11,3464.34,3390.55,3490.55,3389.51,27.66889888,231.53710376860002
801780,2017-07-12,3487.44,3460.78,3541.29,3459.18,29.39098143,248.22143701939999
801780,2017-07-13,3551.11,3479.39,3551.2,3476.82,26.21676082,216.68462400509998
801780,2017-07-14,3581.48,3551.63,3592.8,3540.08,23.05239375,194.5877347441
801780,2017-07-17,3635.76,3590.4,3693.68,3566.18,49.06606937,394.7106299899
801780,2017-07-18,3601.65,3610.67,3637.82,3569.26,25.96021305,211.7985460567
801780,2017-07-19,3637.0,3593.85,3649.19,3591.32,27.00569501,219.7499356806
801780,2017-07-20,3630.43,3630.61,3639.22,3599.88,18.58506787,153.1365211917
801780,2017-07-24,3639.37,3588.32,3659.24,3580.58,20.94870342,173.1832639449
801780,2017-07-25,3642.23,3642.6,3693.06,3633.86,24.77765921,193.3227201658
801780,2017-07-26,3635.47,3637.57,3706.91,3614.71,23.64305033,182.24983854939998
801780,2017-07-27,3624.44,3632.21,3641.28,3607.05,16.99476364,132.2983492158
801780,2017-07-28,3633.36,3613.11,3636.59,3596.97,12.79558393,99.7370552941
801780,2017-07-31,3621.31,3628.71,3648.41,3612.58,16.0515468,126.38372107129999
801780,2017-08-01,3670.14,3624.37,3670.62,3617.3,19.36096254,169.0354118501
801780,2017-08-02,3703.02,3669.89,3724.78,3669.42,26.19065824,215.1278316403
801780,2017-08-03,3646.68,3697.65,3697.65,3642.29,19.92973524,162.0669053719
801780,2017-08-04,3623.27,3643.28,3655.89,3623.27,15.09990926,128.52082889940002
801780,2017-08-07,3624.41,3613.8,3629.04,3600.64,12.76599066,97.94732267629999
801780,2017-08-08,3617.43,3619.15,3625.94,3605.19,12.67859097,94.3287966717
801780,2017-08-09,3560.51,3608.89,3609.65,3560.51,14.70605487,112.2088651572
801780,2017-08-10,3549.7,3556.46,3583.88,3523.32,15.20242624,121.20366727940001
801780,2017-08-11,3496.94,3525.58,3530.28,3467.62,24.16111541,186.2663265841
801780,2017-08-14,3492.52,3489.84,3496.53,3473.5,14.70008823,114.53857913739999
801780,2017-08-15,3541.2,3495.39,3574.37,3495.28,21.76937348,157.4740950916
801780,2017-08-16,3518.4,3534.31,3540.72,3511.9,12.38589527,92.7555300058
801780,2017-08-17,3528.06,3518.57,3528.06,3506.26,9.06637824,75.1307662379
801780,2017-08-18,3530.54,3511.21,3540.97,3504.61,9.84015611,84.7088486966
801780,2017-08-21,3525.93,3526.89,3533.8,3507.73,9.54545011,75.60473956279999
801780,2017-08-22,3549.45,3529.35,3549.55,3517.36,10.6828673,94.797094495
801780,2017-08-23,3602.86,3551.09,3615.75,3548.64,18.38530359,157.27225366940002
801780,2017-08-24,3599.38,3600.96,3636.8,3588.48,15.1580318,123.66168336930001
801780,2017-08-25,3709.72,3603.18,3709.72,3598.98,30.72233319,238.1958481531
801780,2017-08-28,3717.16,3717.26,3758.67,3703.01,30.01210013,249.0583673275
801780,2017-08-29,3734.14,3712.99,3734.69,3701.47,16.93845809,147.9024799822
801780,2017-08-30,3701.56,3733.28,3759.05,3688.95,19.29078078,166.2365717735
801780,2017-08-31,3664.41,3699.95,3702.72,3640.08,22.23879724,166.3642790522
801780,2017-09-01,3641.99,3657.92,3679.63,3632.01,21.13746738,155.2614939809
801780,2017-09-04,3674.07,3629.58,3675.13,3624.92,16.86514508,135.87452946850001
801780,2017-09-05,3703.9,3672.6,3716.22,3670.93,17.94537623,144.388167444
801780,2017-09-06,3678.6,3695.01,3698.82,3670.82,11.44909002,95.51497685940001
801780,2017-09-07,3646.33,3679.83,3680.7,3644.97,10.08000651,90.6037427573
801780,2017-09-08,3647.22,3645.93,3671.8,3637.06,9.81255577,82.5379314162
801780,2017-09-11,3643.56,3663.42,3682.53,3641.96,13.28944501,107.30876750590001
801780,2017-09-12,3654.97,3649.14,3654.97,3625.26,12.91395059,110.74141575120001
801780,2017-09-13,3632.81,3649.59,3649.59,3625.13,10.54331572,87.1744331136
801780,2017-09-14,3608.15,3632.96,3639.26,3601.55,13.37494226,106.65234392139999
801780,2017-09-15,3597.36,3599.66,3608.15,3581.83,12.46344601,91.82550863780001
801780,2017-09-18,3590.65,3597.63,3615.41,3590.65,12.04591928,95.4480481448
801780,2017-09-19,3599.29,3594.09,3608.34,3573.09,14.29057281,109.30631458959999
801780,2017-09-20,3596.42,3593.13,3608.96,3584.22,11.01155921,92.398869675
801780,2017-09-21,3619.21,3592.8,3629.9,3589.34,12.6454634,98.6373105395
801780,2017-09-22,3619.25,3609.66,3638.65,3608.19,12.22515391,95.41421504540001
801780,2017-09-25,3624.13,3611.39,3626.86,3597.62,16.4318408,128.7488656201
801780,2017-09-26,3603.36,3608.47,3615.57,3598.92,10.19457801,82.2243220229
801780,2017-09-27,3575.25,3596.58,3600.4,3572.32,10.65458031,86.5375055817
801780,2017-09-28,3565.07,3578.09,3579.62,3554.59,11.10293012,85.7135027977
801780,2017-09-29,3574.23,3563.18,3582.03,3562.18,9.31519658,77.39908240359999
801780,2017-10-09,3612.72,3683.93,3693.95,3603.17,28.56746875,218.3815411209
801780,2017-10-10,3635.47,3612.07,3637.52,3602.77,16.32177235,140.394280376
801780,2017-10-11,3640.08,3633.09,3656.88,3630.06,13.70545176,111.29757637280001
801780,2017-10-12,3638.59,3640.03,3654.22,3633.16,11.47080581,92.9427583042
801780,2017-10-13,3624.62,3637.62,3645.14,3624.62,10.45897784,83.8368960136
801780,2017-10-16,3658.45,3628.24,3661.27,3624.73,14.24693688,126.5650305758
801780,2017-10-17,3646.11,3655.69,3662.5,3644.29,10.03978538,86.4975617173
801780,2017-10-18,3669.0,3650.66,3670.22,3640.27,15.71348247,119.8828235774
801780,2017-10-19,3666.03,3663.01,3670.14,3653.04,15.10277277,119.7100269902
801780,2017-10-20,3642.31,3656.33,3656.33,3638.03,8.39133966,66.4383968953
801780,2017-10-23,3607.96,3639.35,3640.09,3607.96,10.95556502,88.14371538340001
801780,2017-10-24,3625.47,3608.96,3635.74,3608.15,10.58121275,85.9004600537
801780,2017-10-25,3619.34,3623.86,3627.89,3612.72,10.42194648,78.891163803
801780,2017-10-26,3588.94,3611.43,3611.43,3584.18,20.54381614,146.9065276143
801780,2017-10-27,3652.49,3591.54,3657.59,3591.36,23.60051396,197.6354671711
801780,2017-10-30,3640.45,3647.85,3661.46,3623.06,20.92628093,177.0164520128
801780,2017-10-31,3606.18,3628.92,3628.92,3604.03,15.53306047,120.55978948100001
801780,2017-11-01,3582.91,3605.74,3605.8,3574.26,17.07000595,135.7186705053
801780,2017-11-02,3583.97,3579.24,3586.59,3551.28,16.14076725,121.876743525
801780,2017-11-03,3580.14,3575.73,3585.1,3546.43,17.71216184,137.1237538434
801780,2017-11-06,3544.32,3567.09,3567.09,3530.1,13.57948697,115.82982282129998
801780,2017-11-07,3590.02,3544.4,3601.92,3540.75,20.31366384,165.3533675019
801780,2017-11-08,3600.59,3588.62,3619.62,3582.4,20.71667872,179.5313601769
801780,2017-11-09,3586.24,3596.17,3614.37,3578.74,13.80742877,114.6535869102
801780,2017-11-10,3566.48,3582.22,3583.99,3549.55,20.43814177,157.544440525
801780,2017-11-13,3620.14,3572.79,3655.06,3572.79,32.850169,270.782457064
801780,2017-11-14,3606.3,3616.19,3623.72,3597.04,16.58771838,147.5293288277
801780,2017-11-15,3598.32,3595.89,3610.63,3585.87,13.80792163,116.80589311530001
801780,2017-11-16,3573.61,3589.05,3589.05,3565.53,14.53038873,127.61017257040001
801780,2017-11-17,3670.79,3573.81,3673.11,3573.38,37.81492894,324.3610445137
801780,2017-11-20,3728.96,3651.12,3731.07,3642.96,28.46926741,264.02044364200003
801780,2017-11-21,3744.68,3715.02,3792.85,3709.97,33.33146829,296.7203625621
801780,2017-11-22,3830.96,3761.82,3861.76,3761.82,38.99789036,330.577359149
801780,2017-11-23,3772.43,3832.32,3859.68,3741.25,36.03498908,303.4729960637
801780,2017-11-24,3781.59,3774.08,3805.57,3741.5,22.34349303,200.2764140614
801780,2017-11-27,3755.03,3761.84,3761.84,3705.42,26.36257886,221.90995204680002
801780,2017-11-28,3703.99,3732.79,3734.47,3686.27,15.70327075,138.1811512484
801780,2017-11-29,3712.39,3707.24,3723.18,3663.54,17.32171269,154.84884976709998
801780,2017-11-30,3698.37,3699.12,3718.14,3678.74,18.14867824,153.3996466547
801780,2017-12-01,3673.37,3696.6,3696.6,3656.9,18.43965682,157.1988144959
801780,2017-12-04,3681.93,3663.01,3686.32,3657.65,13.06826552,114.071279228
801780,2017-12-05,3742.04,3678.22,3757.16,3678.22,32.60108378,261.29242223349996
801780,2017-12-06,3703.17,3729.84,3729.84,3675.54,17.04164481,141.3135195252
801780,2017-12-07,3669.26,3692.61,3703.29,3639.6,14.91416719,131.0565186693
801780,2017-12-08,3664.62,3662.23,3669.4,3644.87,13.51295743,116.7376791176
801780,2017-12-11,3677.9,3659.31,3684.61,3628.3,16.11033125,148.2114691529
801780,2017-12-12,3624.67,3668.1,3675.39,3623.75,12.10209765,109.6854178552
801780,2017-12-13,3642.48,3626.0,3649.11,3608.77,12.01100559,100.95247308340001
801780,2017-12-14,3625.95,3645.88,3665.37,3618.02,11.23437815,95.66866863450001
801780,2017-12-15,3583.11,3623.19,3625.88,3583.11,11.74960657,97.87565181059999
801780,2017-12-18,3593.85,3589.6,3599.82,3582.61,10.32487281,84.35098457779999
801780,2017-12-19,3650.98,3597.48,3652.01,3597.18,15.81682271,143.115602793
801780,2017-12-20,3647.99,3649.94,3650.27,3630.4,13.653941,114.5397170464
801780,2017-12-21,3653.92,3637.81,3671.87,3632.05,12.80054756,114.5129979469
801780,2017-12-22,3629.74,3650.16,3653.63,3629.74,9.00739019,78.8734891498
801780,2017-12-25,3628.79,3628.42,3668.48,3621.26,14.09670309,121.67819955040001
801780,2017-12-26,3669.75,3626.09,3671.18,3626.09,14.84859833,122.8547607124
801780,2017-12-27,3626.9,3661.01,3673.8,3610.99,16.98064352,140.8661692051
801780,2017-12-28,3618.44,3619.73,3632.89,3607.02,16.02092442,130.0742419935
801780,2017-12-29,3642.39,3617.89,3642.54,3617.89,14.53699322,107.18418958139999
801780,2018-01-02,3689.77,3647.82,3719.95,3647.82,30.78772815,221.9833319281
801780,2018-01-03,3699.27,3688.38,3725.77,3682.51,21.33226809,184.6498981195
801780,2018-01-04,3690.31,3706.96,3714.26,3683.19,22.09531839,176.0421612368
801780,2018-01-05,3701.87,3693.91,3709.94,3680.66,17.36470898,140.52639091860001
801780,2018-01-08,3690.15,3697.7,3699.78,3677.76,18.80101837,161.5393923733
801780,2018-01-09,3690.47,3689.46,3701.2,3679.8,15.88782215,127.7201475656
801780,2018-01-10,3769.57,3686.84,3775.31,3685.74,32.47388188,280.5790909205
801780,2018-01-11,3783.25,3768.79,3806.22,3762.35,22.33164479,185.11965967790002
801780,2018-01-12,3798.95,3789.44,3815.75,3786.7,19.15185331,158.9427937166
801780,2018-01-15,3856.97,3794.45,3887.11,3794.45,36.34839097,302.32553236
801780,2018-01-16,3874.08,3850.2,3880.88,3836.69,33.07935299,267.9491201848
801780,2018-01-17,3917.03,3886.91,4015.26,3886.91,49.5123175,430.6996646443
801780,2018-01-18,4001.43,3943.05,4002.17,3943.05,50.50016613,419.00991123190005
801780,2018-01-19,4043.22,4035.67,4096.59,4020.7,61.16387454,561.13189373
801780,2018-01-22,4003.69,4008.76,4083.59,3990.73,51.71660045,462.6430159267
801780,2018-01-23,4137.83,4003.01,4137.83,4003.01,68.01199135,546.9711100782
801780,2018-01-24,4159.1,4151.48,4230.23,4127.07,60.92168093,557.0705035123
801780,2018-01-25,4122.57,4144.15,4144.15,4064.84,40.24211674,357.3056748408
801780,2018-01-26,4134.83,4106.13,4191.04,4106.13,58.03660853,482.9123492387
801780,2018-01-29,4112.61,4142.7,4199.46,4088.81,46.14863574,425.0976977877
801780,2018-01-30,4037.46,4102.69,4112.56,4032.41,31.77155296,279.2926476386
801780,2018-01-31,4106.41,4023.32,4106.92,4020.85,32.34296713,294.5020952653
801780,2018-02-01,4143.42,4100.03,4158.35,4087.74,44.95332061,397.82100877309995
801780,2018-02-02,4128.54,4105.11,4129.13,4055.48,26.92181019,239.1889635236
801780,2018-02-05,4268.23,4075.21,4268.23,4073.27,49.82854036,446.1977717877
801780,2018-02-06,4189.56,4191.61,4230.92,4149.28,63.30651171,562.3018468488
801780,2018-02-07,4059.54,4220.36,4296.27,4045.71,65.17140043,603.3206460893
801780,2018-02-08,3924.21,4012.83,4026.77,3869.55,49.0191342,421.4887598158
801780,2018-02-09,3788.98,3820.37,3843.84,3662.85,55.38328631,450.56650855
801780,2018-02-12,3754.57,3773.75,3784.49,3724.35,29.28025244,242.9624332919
801780,2018-02-13,3810.17,3784.76,3855.2,3784.76,30.74789908,252.1865317002
801780,2018-02-14,3819.05,3811.53,3825.72,3781.72,15.92954957,134.2429004327
801780,2018-02-22,3894.57,3884.11,3906.08,3873.04,23.81956279,200.7223303221
801780,2018-02-23,3927.23,3900.12,3932.37,3879.95,19.99177392,169.7817107901
801780,2018-02-26,3930.13,3946.46,3974.21,3903.46,26.77689545,221.0792650322
801780,2018-02-27,3848.64,3935.38,3935.38,3834.42,27.75558301,226.04878597509997
801780,2018-02-28,3795.41,3813.61,3822.68,3782.83,20.2866813,168.6603231734
801780,2018-03-01,3804.58,3769.41,3827.14,3766.62,17.3660848,142.3790146904
801780,2018-03-02,3776.8,3774.46,3799.18,3756.87,16.90676542,139.1134197555
801780,2018-03-05,3767.45,3773.61,3803.84,3749.9,16.18074826,126.47443429190001
801780,2018-03-06,3780.07,3786.29,3791.51,3732.64,30.29815449,219.1064812431
801780,2018-03-07,3799.94,3806.22,3850.6,3799.24,28.52082951,239.94606186709998
801780,2018-03-08,3799.36,3805.16,3810.85,3773.26,16.84492077,129.0757384756
801780,2018-03-09,3804.85,3810.74,3822.65,3791.91,15.53838464,124.9554544949
801780,2018-03-12,3787.83,3822.2,3825.38,3786.6,25.59409711,201.72202011419998
801780,2018-03-13,3786.52,3790.27,3830.74,3781.28,27.00733852,191.2501830835
801780,2018-03-14,3750.51,3772.24,3772.41,3743.21,15.55505927,119.7339587361
801780,2018-03-15,3746.72,3732.5,3756.66,3732.5,14.65702088,114.0118129073
801780,2018-03-16,3710.31,3744.84,3750.5,3710.31,15.06697193,119.7777886533
801780,2018-03-19,3727.61,3703.9,3728.42,3693.51,11.61491625,93.9305998084
801780,2018-03-20,3746.22,3709.86,3752.32,3708.6,13.3114115,104.46116763379999
801780,2018-03-21,3749.26,3760.78,3782.79,3738.78,16.79536299,137.631123204
801780,2018-03-22,3730.53,3751.48,3758.58,3702.47,16.00962991,126.69432448479999
801780,2018-03-23,3635.92,3653.18,3653.18,3584.87,33.37579144,253.5482729983
801780,2018-03-26,3549.24,3610.23,3611.13,3524.71,25.20583479,187.2040692509
801780,2018-03-27,3542.92,3590.08,3598.28,3525.2,22.88461443,167.9037992527
801780,2018-03-28,3541.09,3515.5,3591.88,3513.52,22.08040157,166.268197978
801780,2018-03-29,3594.29,3541.83,3622.93,3502.91,24.75494673,185.1549218849
801780,2018-03-30,3566.38,3593.67,3600.68,3562.99,16.81923094,120.6685231679
801780,2018-04-02,3539.23,3564.82,3595.72,3538.96,18.93625291,138.957539711
801780,2018-04-03,3509.13,3516.71,3522.1,3493.31,15.05079802,106.83501745219999
801780,2018-04-04,3507.64,3517.65,3538.81,3502.47,14.48179278,110.3577100075
801780,2018-04-09,3507.74,3506.53,3521.81,3493.14,11.96222189,89.97248233709999
801780,2018-04-10,3613.3,3509.46,3614.04,3503.0,21.56300315,160.1109705775
801780,2018-04-11,3652.86,3616.11,3682.34,3605.89,26.29412865,197.1380495812
801780,2018-04-12,3598.14,3648.0,3648.0,3592.53,15.35252504,116.89884117129999
801780,2018-04-13,3572.45,3619.04,3629.39,3569.72,13.00137845,97.4323727152
801780,2018-04-16,3471.12,3560.38,3560.38,3464.22,25.59515224,187.3417640164
801780,2018-04-17,3454.94,3477.21,3496.36,3451.66,15.45110396,119.4057356239
801780,2018-04-18,3493.05,3505.12,3507.87,3463.81,18.55184399,142.49000540059998
801780,2018-04-19,3504.81,3495.68,3527.25,3489.2,13.3560629,99.45599228319999
801780,2018-04-20,3476.43,3491.58,3499.41,3449.19,15.15427407,111.1007940095
801780,2018-04-23,3488.76,3458.72,3503.25,3458.72,12.6086072,95.2334495054
801780,2018-04-24,3549.75,3490.69,3575.53,3490.69,23.26923858,173.4228886069
801780,2018-04-25,3512.72,3531.9,3543.68,3505.63,11.94800475,93.3713678302
801780,2018-04-26,3495.21,3526.22,3531.96,3474.27,12.9048612,99.3137847841
801780,2018-04-27,3515.51,3504.17,3515.94,3470.02,14.53596393,126.4242794234
801780,2018-05-02,3506.15,3538.45,3541.35,3494.04,15.70298225,127.3857433489
801780,2018-05-03,3495.81,3493.54,3509.22,3465.74,12.4506409,98.9405867326
801780,2018-05-04,3469.28,3491.3,3497.3,3467.13,9.95116017,80.4278853177
801780,2018-05-07,3491.68,3472.74,3492.98,3469.28,13.16163827,102.2778208829
801780,2018-05-08,3536.37,3491.95,3554.68,3488.89,18.32134551,142.0003957576
801780,2018-05-09,3536.62,3537.32,3539.65,3521.8,9.28687662,71.3713418796
801780,2018-05-10,3541.5,3548.3,3559.14,3522.33,9.67172999,76.7684067199
801780,2018-05-11,3557.55,3546.28,3570.42,3534.61,14.31275291,110.8908502366
801780,2018-05-14,3586.02,3569.88,3606.66,3568.53,16.37536181,136.938805788
801780,2018-05-15,3576.25,3590.73,3592.8,3556.25,12.51564564,95.38958431030001
801780,2018-05-16,3527.19,3561.51,3563.52,3524.94,11.71598381,89.437226994
801780,2018-05-17,3519.71,3530.66,3538.84,3513.07,8.84182305,69.44113785340001
801780,2018-05-18,3565.31,3517.5,3566.05,3510.06,11.60107347,89.7785568453
801780,2018-05-21,3566.58,3584.74,3590.09,3559.94,13.86490804,107.5363545832
801780,2018-05-22,3536.97,3563.18,3563.18,3522.4,13.65052258,104.00406087889999
801780,2018-05-23,3493.82,3531.75,3531.75,3493.82,13.84544126,103.7344281683
801780,2018-05-24,3472.3,3496.55,3499.32,3469.87,12.53316206,91.7419465359
801780,2018-05-25,3465.74,3467.77,3479.63,3450.51,11.41318659,81.99601690770001
801780,2018-05-28,3453.38,3462.31,3464.79,3441.71,9.94382179,82.3608610729
801780,2018-05-29,3445.65,3442.8,3447.8,3405.31,16.34682036,120.18258584620001
801780,2018-05-30,3374.99,3411.64,3414.3,3374.36,12.86595507,99.93354580260001
801780,2018-05-31,3408.95,3391.95,3421.83,3381.96,14.86804812,115.058965518
801780,2018-06-01,3406.4,3404.48,3426.53,3393.92,11.52587614,85.0654812949
801780,2018-06-04,3438.89,3421.98,3445.12,3412.99,12.99549403,96.28004782139999
801780,2018-06-05,3431.14,3436.86,3436.86,3409.8,11.22965412,86.60763061040001
801780,2018-06-06,3404.71,3425.58,3425.58,3400.01,10.15038642,77.4427020455
801780,2018-06-07,3418.36,3413.78,3436.5,3404.21,13.53290548,107.45808282950001
801780,2018-06-08,3357.04,3408.45,3408.45,3351.27,15.79143364,121.07782833110001
801780,2018-06-11,3364.41,3347.83,3364.41,3329.96,10.84965995,82.4703712454
801780,2018-06-12,3364.77,3360.28,3371.26,3345.34,9.38472373,74.0369946445
801780,2018-06-13,3347.16,3358.65,3362.65,3340.81,9.7140637,72.3202855281
801780,2018-06-14,3352.32,3335.04,3367.16,3334.01,11.1913053,81.3805949675
801780,2018-06-15,3366.03,3335.71,3377.93,3333.47,15.35004375,113.7442623875
801780,2018-06-19,3330.57,3337.52,3355.91,3296.21,33.09472083,243.2107107347
801780,2018-06-20,3307.25,3315.5,3321.61,3295.38,11.54930165,84.55405199479999
801780,2018-06-21,3302.43,3307.96,3338.71,3296.37,11.41305658,83.4234281466
801780,2018-06-22,3300.52,3293.9,3301.29,3278.69,9.67170002,69.1799353433
801780,2018-06-25,3234.51,3314.05,3316.32,3234.51,12.18331716,91.8349023614
801780,2018-06-26,3180.22,3220.33,3220.33,3141.72,15.28358187,109.0169615086
801780,2018-06-27,3132.89,3165.18,3179.03,3113.24,15.20406991,101.3859138806
801780,2018-06-28,3110.36,3110.3,3141.94,3096.04,12.51915466,86.4653844085
801780,2018-06-29,3154.51,3118.71,3157.46,3116.86,10.68161118,72.44128793029999
801780,2018-07-02,3048.47,3148.76,3148.76,3039.75,14.69661802,98.24649608760001
801780,2018-07-03,3063.13,3050.3,3064.22,3014.02,15.92617306,105.68915431239999
801780,2018-07-04,3053.05,3055.15,3084.65,3049.88,11.01143043,71.0067070965
801780,2018-07-05,3069.01,3045.85,3077.65,3030.68,14.56117223,94.14479106739999
801780,2018-07-06,3089.98,3068.36,3110.54,3030.9,13.63943345,87.83220892930001
801780,2018-07-09,3193.83,3097.39,3194.57,3097.39,16.12883889,106.828590384
801780,2018-07-10,3181.22,3193.99,3193.99,3158.42,10.92305753,72.4364931228
801780,2018-07-11,3141.97,3122.42,3148.4,3120.15,11.57112599,75.4546495542
801780,2018-07-12,3175.7,3117.84,3192.6,3115.28,15.36656059,104.2088536882
801780,2018-07-13,3148.94,3169.71,3169.71,3143.55,9.8351554,63.6728417823
801780,2018-07-16,3088.26,3133.5,3146.12,3082.75,11.37096322,73.767537284
801780,2018-07-17,3066.27,3079.32,3080.52,3049.0,8.1588934,52.688490381
801780,2018-07-18,3060.4,3079.77,3107.21,3058.4,8.8697967,57.3572685326
801780,2018-07-19,3059.05,3075.99,3084.96,3051.13,9.01855184,58.552901515200006
801780,2018-07-20,3192.61,3057.8,3208.31,3042.08,26.03384174,179.84094584169998
801780,2018-07-23,3250.45,3187.01,3269.64,3173.58,27.50214551,197.55418344080002
801780,2018-07-24,3264.25,3250.61,3303.4,3250.61,23.58395034,174.58682826880002
801780,2018-07-25,3269.79,3280.29,3282.51,3251.73,12.72574303,92.27994562559999
801780,2018-07-26,3250.7,3279.4,3296.42,3243.95,13.37397228,96.4660657891
801780,2018-07-27,3240.94,3243.24,3261.13,3218.78,9.15581144,65.7614189721
801780,2018-07-30,3278.59,3238.4,3296.49,3238.4,12.82786236,90.504614395
801780,2018-07-31,3286.19,3274.09,3301.42,3243.39,14.5165057,103.06010039370001
801780,2018-08-01,3224.14,3298.09,3321.48,3223.72,15.20133901,110.5028568321
801780,2018-08-02,3161.08,3214.4,3230.58,3140.04,15.16141225,105.6595459547
801780,2018-08-03,3165.39,3164.05,3202.81,3161.31,11.11946525,72.3043059637
801780,2018-08-06,3183.34,3175.44,3228.83,3168.16,13.653338,89.77633421610001
801780,2018-08-07,3249.15,3191.39,3249.15,3180.18,13.86074338,100.5402146745
801780,2018-08-08,3210.2,3246.69,3246.69,3207.7,9.59011723,68.67944761689999
801780,2018-08-09,3257.15,3195.05,3264.35,3195.05,11.72275437,85.1329649591
801780,2018-08-10,3236.21,3257.14,3260.28,3218.44,8.46181777,59.6466254128
801780,2018-08-13,3187.07,3211.65,3211.65,3150.88,13.31036741,92.5781744969
801780,2018-08-14,3178.34,3180.59,3186.48,3159.3,8.27200667,55.3662127442
801780,2018-08-15,3119.58,3175.34,3175.34,3117.38,9.88473689,67.0025652208
801780,2018-08-16,3127.47,3092.17,3146.22,3080.86,11.12788515,73.2722491721
801780,2018-08-17,3105.47,3149.62,3149.62,3100.61,8.64760723,58.158715218400005
801780,2018-08-20,3152.35,3131.33,3157.42,3113.8,10.36103462,73.6550293812
801780,2018-08-21,3175.52,3157.83,3193.15,3150.8,10.66194592,77.1497240012
801780,2018-08-22,3164.82,3175.75,3175.79,3149.89,6.54876388,47.6569685796
801780,2018-08-23,3174.33,3167.79,3188.0,3149.53,7.70534094,56.3105155554
801780,2018-08-24,3239.35,3165.36,3282.94,3158.41,19.06534423,143.5199507084
801780,2018-08-27,3282.04,3248.2,3282.04,3229.52,17.18467076,128.0941026713
801780,2018-08-28,3273.05,3277.54,3298.18,3268.26,10.32715304,79.2789171675
801780,2018-08-29,3266.25,3267.99,3277.81,3253.54,8.70907102,65.3163447471
801780,2018-08-30,3226.44,3267.14,3283.69,3226.44,9.54602843,70.1882709221
801780,2018-08-31,3253.98,3224.93,3278.17,3224.93,15.09383353,107.4838926766
801780,2018-09-03,3249.07,3247.45,3263.89,3233.12,9.5077362,67.2318176196
801780,2018-09-04,3287.0,3250.32,3298.46,3234.78,11.73260575,84.8932177552
801780,2018-09-05,3215.84,3268.45,3278.81,3215.84,11.69221113,84.54977538109999
801780,2018-09-06,3203.55,3214.08,3230.97,3198.88,8.04742607,56.4396303897
801780,2018-09-07,3217.6,3209.32,3236.82,3196.16,8.40823899,63.2541578968
801780,2018-09-10,3203.04,3207.34,3221.98,3193.97,8.06000924,55.22861428939999
801780,2018-09-11,3178.54,3203.41,3219.87,3166.26,8.48019439,61.1802094711
801780,2018-09-12,3182.61,3167.06,3199.32,3157.13,8.01539879,55.4657710951
801780,2018-09-13,3222.88,3217.17,3224.38,3187.92,10.65800886,74.26323048409999
801780,2018-09-14,3217.89,3231.34,3231.34,3211.27,7.1837721,49.0553405366
801780,2018-09-17,3188.18,3209.02,3209.02,3186.04,6.36960808,43.0724697133
801780,2018-09-18,3240.15,3186.98,3241.89,3186.98,10.28668733,74.3107839095
801780,2018-09-19,3257.12,3235.96,3272.84,3233.81,13.2737942,95.01336028620001
801780,2018-09-20,3271.89,3266.28,3289.18,3260.94,11.74073463,78.5112672753
801780,2018-09-21,3400.87,3280.88,3400.87,3265.55,27.07384866,187.4715846959
801780,2018-09-25,3356.53,3362.2,3372.77,3344.33,14.1855035,102.6872816125
801780,2018-09-26,3393.64,3365.18,3432.88,3354.75,20.41631929,150.803078131
801780,2018-09-27,3393.33,3392.48,3401.08,3366.68,14.66546543,106.15346438629999
801780,2018-09-28,3437.0,3402.2,3466.43,3401.49,20.50411179,154.48734449379998
801780,2018-10-08,3313.78,3359.01,3368.67,3303.51,19.56305815,143.69794161709999
801780,2018-10-09,3308.65,3304.13,3331.26,3288.66,12.24240439,91.9255267648
801780,2018-10-10,3326.52,3310.8,3345.07,3298.02,11.2266611,84.3386639049
801780,2018-10-11,3201.19,3245.04,3266.72,3173.08,21.45952083,151.7699836205
801780,2018-10-12,3266.59,3210.68,3280.2,3202.82,17.44972615,128.5769242018
801780,2018-10-15,3226.43,3268.48,3269.38,3219.11,12.22690139,88.46673196110001
801780,2018-10-16,3246.52,3229.78,3286.04,3229.78,12.18211492,95.32987125870001
801780,2018-10-17,3269.52,3277.91,3287.99,3221.83,15.04789329,111.7518200568
801780,2018-10-18,3206.45,3263.56,3263.56,3206.45,12.71946176,92.9979914293
801780,2018-10-19,3307.33,3202.7,3315.07,3189.59,20.7145148,151.01310079479998
801780,2018-10-22,3398.45,3322.63,3433.0,3322.63,28.21121046,209.42547528900002
801780,2018-10-23,3319.27,3393.8,3401.04,3313.74,18.20039672,135.5955510325
801780,2018-10-24,3386.22,3325.36,3460.12,3325.36,27.14835088,198.9867546162
801780,2018-10-25,3422.46,3323.62,3423.48,3322.58,21.39162048,158.3356762304
801780,2018-10-26,3414.25,3425.21,3432.56,3378.95,17.81386788,130.10515625370002
801780,2018-10-29,3348.5,3434.55,3446.3,3325.79,18.72407965,147.3697206397
801780,2018-10-30,3402.82,3370.95,3426.91,3364.64,21.18439466,163.5799223674
801780,2018-10-31,3409.57,3417.39,3425.3,3383.61,18.83242157,142.6529379465
801780,2018-11-01,3381.84,3427.68,3434.31,3373.92,19.44108152,149.5351969334
801780,2018-11-02,3457.75,3433.69,3466.43,3399.99,30.35113049,236.68864121459998
801780,2018-11-05,3421.13,3432.89,3440.96,3404.98,17.80095099,128.3210791937
801780,2018-11-06,3396.56,3416.83,3416.83,3376.72,13.02220519,94.59133697989999
801780,2018-11-07,3382.64,3402.72,3428.59,3381.34,12.68657057,97.9112981115
801780,2018-11-08,3404.5,3413.21,3427.14,3395.28,11.11144419,87.6940658155
801780,2018-11-09,3301.15,3374.74,3374.74,3293.46,24.65903782,185.91936569240002
801780,2018-11-12,3312.24,3293.37,3315.38,3293.37,14.47776556,107.8552673242
801780,2018-11-13,3324.4,3277.78,3338.89,3277.78,15.82894818,112.894748174
801780,2018-11-14,3285.93,3322.81,3322.81,3280.88,15.01667581,104.6002999459
801780,2018-11-15,3313.69,3286.27,3315.27,3285.21,12.8661431,89.3920243101
801780,2018-11-16,3315.06,3314.75,3337.84,3296.31,17.39727631,124.03994846229999
801780,2018-11-19,3361.19,3327.14,3364.18,3320.93,18.97925059,140.02365909690002
801780,2018-11-20,3311.84,3344.62,3349.86,3306.52,14.87922566,105.4602285021
801780,2018-11-21,3314.79,3291.79,3317.87,3291.68,9.64166501,70.8186332857
801780,2018-11-22,3302.34,3320.06,3320.06,3291.49,7.52355335,55.703033516000005
801780,2018-11-23,3260.17,3297.9,3309.85,3260.17,10.93571731,78.6735928891
801780,2018-11-26,3274.97,3276.33,3292.33,3264.57,9.01502271,62.131307596999996
801780,2018-11-27,3257.72,3279.66,3287.32,3251.52,7.89514352,60.3022484555
801780,2018-11-28,3281.19,3259.74,3290.39,3258.41,8.22194721,58.9631049032
801780,2018-11-29,3263.15,3297.69,3301.51,3263.15,8.75643472,65.5778899786
801780,2018-11-30,3291.0,3264.94,3291.13,3264.94,8.88649569,65.1461698907
801780,2018-12-03,3350.57,3356.97,3363.04,3327.86,17.59208325,131.56623576209998
801780,2018-12-04,3361.8,3351.49,3362.01,3345.01,9.5467371,71.2143539632
801780,2018-12-05,3338.01,3333.1,3352.17,3332.46,8.9428137,64.4745540143
801780,2018-12-06,3299.37,3305.61,3315.86,3290.19,10.84312289,76.3324912448
801780,2018-12-07,3294.29,3308.49,3314.7,3290.45,5.84272194,43.9867780605
801780,2018-12-10,3264.05,3271.24,3281.89,3256.99,7.90936987,57.07389868479999
801780,2018-12-11,3264.89,3265.69,3274.04,3258.39,6.31597257,45.308484953599994
801780,2018-12-12,3269.81,3289.37,3289.37,3258.55,6.68098026,47.7016170266
801780,2018-12-13,3292.62,3273.69,3307.53,3263.7,11.53320554,87.6492269617
801780,2018-12-14,3255.38,3279.5,3283.42,3253.21,10.8514982,76.72541529909999
801780,2018-12-17,3266.05,3253.8,3266.67,3247.69,9.46161127,66.1042902823
801780,2018-12-18,3233.0,3245.94,3267.64,3225.47,9.08755966,65.7711198908
801780,2018-12-19,3196.96,3240.47,3244.27,3195.39,8.76779609,72.4193574478
801780,2018-12-20,3138.44,3190.13,3197.17,3115.81,15.38361928,114.3885448335
801780,2018-12-21,3104.09,3128.26,3128.26,3080.59,14.13412805,100.3895999244
801780,2018-12-24,3097.41,3085.16,3101.48,3073.55,9.93361947,71.30675307439999
801780,2018-12-25,3085.7,3066.59,3097.74,3042.52,14.38203229,96.5169736207
801780,2018-12-26,3074.51,3081.27,3094.55,3069.45,9.39953083,63.3357892056
801780,2018-12-27,3079.12,3104.33,3104.34,3079.12,12.87353018,86.82750969860001
801780,2018-12-28,3108.23,3088.2,3127.59,3088.2,11.72772977,82.0653508109
801780,2019-01-02,3056.53,3105.84,3105.84,3044.43,10.56115914,71.31345311060001
801780,2019-01-03,3083.57,3050.89,3090.51,3050.89,9.25790406,60.6133186292
801780,2019-01-04,3147.1,3066.86,3148.59,3066.86,15.45570439,109.50982971229999
801780,2019-01-07,3140.25,3162.72,3162.72,3131.36,12.4907654,84.9718294982
801780,2019-01-08,3126.63,3142.11,3142.11,3118.89,9.34821182,58.1549430491
801780,2019-01-09,3153.35,3138.57,3185.65,3138.57,15.66299124,108.0145204035
801780,2019-01-10,3145.39,3143.21,3161.61,3134.71,14.08289724,94.3497496572
801780,2019-01-11,3172.07,3152.99,3182.05,3148.84,11.71488583,82.7151673378
801780,2019-01-14,3150.42,3170.12,3174.87,3148.77,10.84728217,70.7859982314
801780,2019-01-15,3183.88,3157.35,3188.63,3154.08,11.61164829,77.1673654657
801780,2019-01-16,3190.45,3180.52,3191.84,3177.21,9.74475948,65.09337969159999
801780,2019-01-17,3173.9,3199.55,3202.2,3170.23,12.96761634,83.2801202171
801780,2019-01-18,3232.15,3190.3,3237.34,3190.3,18.26116053,119.32739549639999
801780,2019-01-21,3238.86,3230.38,3255.34,3230.38,14.86822773,96.8350407618
801780,2019-01-22,3212.57,3239.92,3241.98,3205.11,9.73371923,64.87395674060001
801780,2019-01-23,3221.18,3213.16,3237.7,3213.16,9.62073378,63.3231219599
801780,2019-01-24,3247.76,3230.94,3251.87,3224.03,11.17974366,81.778903633
801780,2019-01-25,3300.11,3260.45,3311.97,3260.45,18.47784915,134.1574639565
801780,2019-01-28,3295.62,3316.03,3337.21,3288.52,14.95415222,108.6087033215
801780,2019-01-29,3318.55,3292.24,3325.57,3283.46,13.22012773,91.60730839840001
801780,2019-01-30,3306.85,3314.31,3332.14,3304.14,10.86355184,75.8108803133
801780,2019-01-31,3364.49,3318.49,3371.73,3318.49,18.28896401,129.2973990254
801780,2019-02-01,3368.36,3379.53,3379.53,3342.61,13.08252072,93.7498896442
801780,2019-02-11,3367.61,3347.34,3370.28,3335.26,13.84803572,97.21138778459999
801780,2019-02-12,3369.86,3372.02,3378.9,3346.31,14.19947048,100.0956118716
801780,2019-02-13,3416.87,3372.01,3427.68,3357.85,20.45936112,146.774552791
801780,2019-02-14,3399.25,3406.46,3413.48,3391.83,14.21994504,102.36963972
801780,2019-02-15,3333.93,3389.35,3392.15,3331.01,15.80133573,113.31737459969999
801780,2019-02-18,3397.7,3355.81,3397.7,3355.02,19.72826682,135.8435443418
801780,2019-02-19,3393.76,3397.82,3444.33,3384.76,22.15899381,155.8209358998
801780,2019-02-20,3398.43,3411.01,3419.63,3386.37,14.29768233,100.0031705023
801780,2019-02-21,3382.32,3399.8,3418.89,3374.02,15.71536659,112.357701042
801780,2019-02-22,3429.02,3378.22,3429.02,3355.3,24.71165149,168.8807209811
801780,2019-02-25,3660.58,3455.18,3676.9,3455.18,63.21216541,457.2975433316
801780,2019-02-26,3577.63,3648.7,3676.92,3574.66,48.81731308,362.2378018036
801780,2019-02-27,3637.71,3591.47,3702.63,3581.94,52.40091611,398.27916800040003
801780,2019-02-28,3622.47,3633.75,3665.57,3613.66,30.32337024,238.0061649441
801780,2019-03-01,3740.13,3643.3,3740.13,3603.42,39.29060102,317.1324019389
801780,2019-03-04,3761.97,3762.65,3860.07,3741.05,62.62513994,496.7917841182
801780,2019-03-05,3746.16,3747.58,3765.89,3727.13,33.1983702,266.282180385
801780,2019-03-06,3763.14,3743.93,3779.74,3716.64,37.21398439,293.51632277970003
801780,2019-03-07,3707.74,3754.13,3754.13,3694.84,43.84562018,355.2720838937
801780,2019-03-08,3565.81,3650.44,3650.44,3563.68,43.3685042,344.4258178139
801780,2019-03-11,3578.8,3557.42,3585.33,3538.44,31.05474247,249.0648538366
801780,2019-03-12,3591.28,3607.46,3639.52,3573.81,33.58183105,275.1135170568
801780,2019-03-13,3590.89,3592.19,3622.87,3550.28,28.73045353,231.6615808647
801780,2019-03-14,3587.14,3581.17,3630.2,3577.66,23.43189607,191.3402623141
801780,2019-03-15,3601.84,3588.89,3630.78,3588.0,22.38586861,179.35598277169998
801780,2019-03-18,3666.04,3607.13,3666.04,3589.77,29.84976038,232.0310084359
801780,2019-03-19,3648.27,3671.57,3682.46,3639.74,23.33450759,196.4329381313
801780,2019-03-20,3654.84,3635.79,3673.53,3626.6,23.43380457,196.16475584830002
801780,2019-03-21,3628.61,3651.87,3655.35,3627.34,24.0466851,196.358948222
801780,2019-03-22,3618.44,3634.55,3636.32,3591.99,21.15607055,174.946529616
801780,2019-03-25,3521.07,3577.52,3579.18,3521.07,26.03569356,203.6020511905
801780,2019-03-26,3513.23,3545.61,3545.61,3501.26,18.44231966,144.1302301243
801780,2019-03-27,3545.94,3525.45,3566.89,3521.68,17.97860152,145.9251570251
801780,2019-03-28,3524.6,3529.92,3529.92,3500.66,15.77287731,121.21928378620001
801780,2019-03-29,3631.82,3525.96,3636.93,3525.47,32.18806627,269.3491562776
801780,2019-04-01,3696.48,3650.22,3720.89,3650.22,40.87925421,335.47129770509997
801780,2019-04-02,3707.53,3708.76,3728.55,3699.09,31.64408742,250.8234217081
801780,2019-04-03,3735.08,3677.6,3736.0,3672.95,34.0541085,265.0689840112
801780,2019-04-04,3797.8,3742.22,3809.63,3742.22,46.22168459,371.1376867073
801780,2019-04-08,3823.96,3816.41,3896.57,3798.92,46.83062544,384.0124209775
801780,2019-04-09,3780.31,3815.5,3821.01,3768.21,24.55280315,202.77297569330003
801780,2019-04-10,3769.1,3767.93,3786.46,3732.25,24.85650114,208.6642240088
801780,2019-04-11,3740.34,3772.24,3803.27,3729.57,22.54101289,184.9051993772
801780,2019-04-12,3740.82,3736.65,3746.54,3727.35,15.81583848,126.49571872860001
801780,2019-04-15,3760.18,3806.86,3858.85,3760.18,37.0492611,309.75335033939996
801780,2019-04-16,3913.28,3746.72,3913.28,3746.72,53.48468728,444.9571835545
801780,2019-04-17,3890.83,3896.72,3936.6,3876.91,33.48420314,270.1624838282
801780,2019-04-18,3859.51,3888.01,3888.01,3851.57,19.98049307,161.6666074335
801780,2019-04-19,3888.18,3868.9,3913.04,3850.0,20.16412448,175.5846616396
801780,2019-04-22,3777.64,3884.08,3886.1,3771.66,27.15687701,236.4566882443
801780,2019-04-23,3783.89,3773.58,3812.6,3772.77,19.48673743,160.3072776944
801780,2019-04-24,3793.22,3807.92,3813.44,3745.68,20.22514834,173.0551350309
801780,2019-04-25,3752.67,3779.69,3793.68,3746.76,21.27528581,171.45529948979998
801780,2019-04-26,3690.51,3735.16,3745.82,3690.51,20.85345983,167.512409012
801780,2019-04-29,3753.24,3708.7,3780.56,3708.03,23.02511558,185.89149979439998
801780,2019-04-30,3765.75,3750.84,3775.17,3726.1,22.13378978,207.05303662650002
801780,2019-05-06,3664.14,3674.09,3688.15,3603.69,40.23007635,325.851789594
801780,2019-05-07,3658.59,3675.81,3679.87,3633.5,23.32621619,194.03158046349998
801780,2019-05-08,3597.73,3616.85,3640.71,3593.24,20.18937215,164.3696874106
801780,2019-05-09,3526.75,3582.94,3588.76,3515.58,19.56740298,165.2081531353
801780,2019-05-10,3603.48,3558.51,3616.71,3525.7,22.3877978,179.7429766856
801780,2019-05-13,3550.31,3558.71,3569.09,3545.29,16.13673464,119.07599250969999
801780,2019-05-14,3537.75,3519.6,3571.09,3519.6,17.24534179,140.4764138724
801780,2019-05-15,3595.39,3561.54,3609.66,3557.08,18.22026459,139.8020020964
801780,2019-05-16,3596.83,3588.95,3600.4,3581.82,16.27633937,117.9835891499
801780,2019-05-17,3550.25,3601.95,3601.95,3544.28,17.21904995,128.60682039030002
801780,2019-05-20,3551.67,3542.28,3573.89,3532.0,20.32857982,136.4677542859
801780,2019-05-21,3577.03,3550.56,3606.51,3550.56,15.09081834,119.0067668054
801780,2019-05-22,3566.51,3577.32,3583.84,3558.42,12.53390907,98.2761114694
801780,2019-05-23,3544.82,3554.43,3559.57,3527.39,16.07382307,111.7848681969
801780,2019-05-24,3567.26,3555.36,3580.64,3555.36,14.62111698,107.2120053382
801780,2019-05-27,3575.66,3549.88,3583.87,3519.84,18.49533484,147.4143309982
801780,2019-05-28,3596.84,3570.74,3606.3,3556.98,19.98287277,160.862700525
801780,2019-05-29,3567.39,3570.48,3594.64,3558.22,14.53098751,117.7499428442
801780,2019-05-30,3565.23,3569.84,3573.11,3542.31,13.50127227,103.2467689968
801780,2019-05-31,3553.8,3564.67,3584.0,3551.96,14.58748134,110.0503211112
801780,2019-06-03,3561.69,3550.54,3580.18,3534.69,17.06237215,131.8805176312
801780,2019-06-04,3557.43,3560.92,3560.92,3540.36,13.4045148,103.1246694541
801780,2019-06-05,3569.23,3576.46,3594.32,3569.23,13.9045131,102.8862668895
801780,2019-06-06,3567.18,3579.12,3582.51,3556.41,11.84253866,90.7724371662
801780,2019-06-10,3615.31,3580.22,3632.42,3580.22,14.82382413,120.644864626
801780,2019-06-11,3655.23,3616.08,3658.12,3612.3,20.49153899,162.63489387180002
801780,2019-06-12,3647.55,3648.36,3657.46,3631.66,14.22355397,107.96875816229999
801780,2019-06-13,3641.64,3645.4,3656.15,3619.93,12.2676078,92.85188706219999
801780,2019-06-14,3636.82,3651.25,3658.84,3631.67,14.11346663,110.9715715968
801780,2019-06-17,3651.04,3636.87,3671.5,3636.76,12.0175258,93.63447863
801780,2019-06-18,3668.08,3656.15,3668.08,3644.95,13.4192493,97.3304657847
801780,2019-06-19,3684.7,3710.92,3711.59,3682.56,23.16316207,176.65169226830002
801780,2019-06-20,3777.42,3690.2,3799.02,3688.07,33.37917943,259.8359763595
801780,2019-06-21,3744.8,3774.29,3785.67,3741.56,24.62239467,196.1322946063
801780,2019-06-24,3753.27,3742.8,3757.5,3738.29,13.53174354,108.56198812209999
801780,2019-06-25,3673.79,3745.01,3745.01,3634.76,23.27296183,241.4956738902
801780,2019-06-26,3654.44,3644.4,3670.9,3644.4,12.92014138,118.0034020667
801780,2019-06-27,3690.06,3669.47,3706.35,3669.47,16.6002081,144.03741124639998
801780,2019-06-28,3677.63,3689.63,3689.63,3660.77,12.46648736,99.74754549209999
801780,2019-07-01,3726.6,3726.74,3740.1,3715.77,20.13257069,170.1917508985
801780,2019-07-02,3724.83,3725.86,3726.28,3708.16,17.63248025,147.3078590282
801780,2019-07-03,3700.2,3705.59,3705.59,3686.73,15.25328421,118.54821576350001
801780,2019-07-04,3694.87,3705.65,3713.89,3685.08,14.07702577,112.6165386658
801780,2019-07-05,3677.22,3681.09,3681.09,3662.53,11.70267511,93.1352123579
801780,2019-07-08,3609.05,3662.78,3662.78,3594.53,17.02262439,129.5249072429
801780,2019-07-09,3587.54,3600.56,3605.68,3581.39,10.15651304,76.3705692652
801780,2019-07-10,3562.75,3593.34,3593.34,3553.8,9.84906578,85.576832009
801780,2019-07-11,3570.95,3572.78,3588.3,3563.83,9.85709556,91.5250822353
801780,2019-07-12,3598.7,3559.58,3609.96,3555.94,12.79678416,116.694778455
801780,2019-07-15,3593.47,3581.79,3611.94,3545.9,13.6368575,108.13524296989999
801780,2019-07-16,3587.57,3593.08,3598.73,3584.41,8.40447788,71.4683143924
801780,2019-07-17,3573.29,3575.66,3590.52,3566.98,8.34429581,66.1030975292
801780,2019-07-18,3571.03,3574.06,3580.05,3564.65,9.61508951,75.8436855426
801780,2019-07-19,3615.82,3584.36,3618.8,3582.75,11.00642865,99.4874125492
801780,2019-07-22,3605.31,3613.59,3628.89,3593.43,12.25302794,96.8656244548
801780,2019-07-23,3611.54,3607.95,3615.82,3600.77,10.25935764,79.75530264310001
801780,2019-07-24,3632.69,3624.76,3654.61,3623.49,13.20696482,105.0274965117
801780,2019-07-25,3686.83,3639.75,3686.83,3639.75,14.23636077,133.7089374669
801780,2019-07-26,3683.91,3672.59,3689.88,3672.59,11.31627892,91.4605572977
801780,2019-07-29,3679.59,3686.34,3686.34,3667.6,12.20796165,95.6014054383
801780,2019-07-30,3695.94,3681.06,3719.97,3681.06,13.81085184,110.6615269166
801780,2019-07-31,3667.68,3681.09,3684.11,3658.04,12.06503484,97.6236721987
801780,2019-08-01,3635.05,3654.63,3663.34,3624.9,12.10723143,95.2563266441
801780,2019-08-02,3592.51,3587.26,3601.85,3582.6,16.36720604,130.113319153
801780,2019-08-05,3526.83,3576.33,3576.33,3526.83,15.46423522,120.27863030479999
801780,2019-08-06,3489.38,3476.81,3500.64,3465.64,17.3763297,133.44803291440002
801780,2019-08-07,3479.23,3502.3,3503.91,3478.61,11.55563798,96.74426898950001
801780,2019-08-08,3539.32,3503.36,3544.51,3502.86,15.42638774,133.285466045
801780,2019-08-09,3533.8,3548.87,3558.22,3525.04,14.74519331,127.85688087
801780,2019-08-12,3573.64,3531.18,3574.54,3531.18,13.42486584,127.2863581302
801780,2019-08-13,3534.71,3555.32,3555.32,3528.32,10.91123906,95.2783332794
801780,2019-08-14,3526.35,3565.94,3568.05,3526.27,13.09872845,118.3055760526
801780,2019-08-15,3523.72,3478.07,3523.72,3475.79,11.33779427,93.5621251135
801780,2019-08-16,3515.39,3523.61,3536.97,3502.97,12.03946869,101.76307430940001
801780,2019-08-19,3531.95,3503.53,3533.1,3463.98,26.46477718,214.70410443080002
801780,2019-08-20,3524.54,3515.85,3544.7,3515.07,15.96325661,134.5570440573
801780,2019-08-21,3513.78,3517.7,3525.12,3512.7,10.86241706,99.962250287
801780,2019-08-22,3507.9,3521.8,3522.32,3498.72,10.36424341,86.1664578129
801780,2019-08-23,3546.31,3509.11,3550.22,3508.76,12.92695033,127.8899912232
801780,2019-08-26,3486.75,3495.79,3510.61,3476.19,14.09771665,126.8262361314
801780,2019-08-27,3502.48,3505.75,3535.87,3502.48,18.87020179,157.6494229394
801780,2019-08-28,3474.64,3496.12,3497.02,3471.78,13.29395108,133.902740403
801780,2019-08-29,3453.39,3473.36,3476.16,3439.84,12.22654284,107.9972593718
801780,2019-08-30,3459.95,3475.94,3481.57,3450.6,13.14088993,113.6436048583
801780,2019-09-02,3479.67,3464.89,3491.95,3460.25,15.15690261,124.8140311621
801780,2019-09-03,3477.51,3484.79,3486.42,3470.32,11.2515273,90.7389729289
801780,2019-09-04,3533.72,3480.02,3533.72,3480.02,20.41705795,161.11829436809998
801780,2019-09-05,3578.89,3547.12,3612.28,3547.12,27.75639998,222.25531236759997
801780,2019-09-06,3601.69,3599.22,3602.48,3578.8,16.17176929,131.02145005
801780,2019-09-09,3590.71,3628.36,3636.28,3584.2,19.97213266,170.15109831790002
801780,2019-09-10,3576.01,3594.37,3594.37,3560.96,14.31785552,121.2307130605
801780,2019-09-11,3601.07,3590.15,3603.28,3579.76,16.90473908,131.9786665167
801780,2019-09-12,3615.74,3618.39,3618.98,3599.64,12.69973064,108.9233185954
801780,2019-09-16,3596.15,3622.77,3622.77,3589.21,11.17727145,95.3466163393
801780,2019-09-17,3551.09,3591.63,3591.63,3544.44,13.59425221,107.9444330275
801780,2019-09-18,3553.25,3560.99,3567.99,3552.24,9.9898874,83.8342773929
801780,2019-09-19,3558.53,3564.29,3564.29,3547.98,10.4086985,99.7050794824
801780,2019-09-20,3574.13,3567.67,3576.76,3558.18,16.32933079,147.1554558371
801780,2019-09-23,3540.75,3563.07,3563.07,3527.06,12.00787948,107.33275942629999
801780,2019-09-24,3535.24,3548.06,3552.55,3534.6,9.12855903,82.46379088479999
801780,2019-09-25,3551.28,3533.2,3567.39,3522.3,11.72930678,110.9434322616
801780,2019-09-26,3602.89,3562.8,3627.43,3558.63,23.92816071,218.7779327248
801780,2019-09-27,3604.36,3603.01,3613.0,3572.95,16.94268181,143.7555682457
801780,2019-09-30,3567.87,3586.33,3615.08,3567.87,13.46686411,112.28806081569999
801780,2019-10-08,3615.23,3562.45,3629.34,3562.45,16.80290318,151.3472021908
801780,2019-10-09,3658.21,3595.61,3687.07,3595.61,22.31741532,198.2465897036
801780,2019-10-10,3655.97,3657.18,3664.42,3643.06,14.23996901,116.47804555450001
801780,2019-10-11,3728.35,3667.4,3733.09,3664.3,22.51384004,204.16695705790002
801780,2019-10-14,3802.97,3752.66,3864.88,3752.66,38.53225827,311.1961130593
801780,2019-10-15,3808.79,3807.89,3813.38,3781.48,21.60140279,177.55970278419997
801780,2019-10-16,3792.96,3823.27,3866.73,3774.49,22.42931312,192.5930069881
801780,2019-10-17,3785.28,3794.12,3807.14,3773.99,13.65854721,118.6511261559
801780,2019-10-18,3725.95,3798.3,3822.0,3721.83,18.65539586,157.7065380429
801780,2019-10-21,3769.7,3721.58,3778.76,3721.58,16.20587646,133.4862682412
801780,2019-10-22,3757.05,3783.03,3783.03,3727.01,14.65248265,128.30988853879998
801780,2019-10-23,3755.89,3752.96,3778.16,3744.07,14.67015498,111.22024602399999
801780,2019-10-24,3798.14,3766.29,3826.53,3761.42,20.68691701,166.5316919117
801780,2019-10-25,3789.57,3798.92,3798.92,3756.14,15.63219025,123.74491512700001
801780,2019-10-28,3766.88,3787.74,3806.6,3759.75,16.3371753,133.8087630395
801780,2019-10-29,3755.9,3771.02,3774.05,3746.13,13.69067077,110.5203976435
801780,2019-10-30,3743.51,3756.09,3775.11,3735.35,13.62773811,123.6370285869
801780,2019-10-31,3722.92,3750.72,3750.72,3714.1,14.40575323,118.74616826270001
801780,2019-11-01,3801.37,3723.09,3808.67,3709.02,18.38855365,174.221669794
801780,2019-11-04,3823.17,3815.8,3845.94,3810.95,15.99458086,150.2131267341
801780,2019-11-05,3867.56,3822.89,3907.93,3817.27,25.96689757,227.0948698002
801780,2019-11-06,3880.68,3866.96,3901.9,3854.71,19.28985575,173.76342728880002
801780,2019-11-07,3871.96,3880.44,3891.49,3858.01,13.97804038,120.9090999809
801780,2019-11-08,3823.49,3891.3,3891.3,3819.98,16.66906985,140.8105564618
801780,2019-11-11,3764.86,3802.35,3802.35,3762.82,16.90003257,137.0076958144
801780,2019-11-12,3771.98,3769.75,3780.68,3754.62,11.54852206,98.2657541409
801780,2019-11-13,3754.64,3763.8,3771.99,3743.77,11.89404779,101.8500127793
801780,2019-11-14,3735.35,3762.85,3762.85,3723.46,12.18380214,98.05289132989999
801780,2019-11-15,3733.63,3748.2,3760.22,3725.38,10.98583659,92.29619301860001
801780,2019-11-18,3778.86,3731.34,3788.74,3728.41,11.99082211,109.4308499799
801780,2019-11-19,3777.73,3769.01,3789.95,3766.44,11.02149631,93.1913207636
801780,2019-11-20,3710.89,3763.88,3767.14,3707.37,13.45695697,129.0304966168
801780,2019-11-21,3700.57,3695.68,3714.74,3681.27,11.69323918,94.27048637799999
801780,2019-11-22,3686.21,3713.67,3723.01,3681.38,11.19190328,93.0245888434
801780,2019-11-25,3730.41,3696.36,3736.01,3696.36,13.36815731,101.8318875378
801780,2019-11-26,3707.07,3743.41,3743.41,3707.07,16.96418455,138.9022261257
801780,2019-11-27,3711.08,3711.87,3723.56,3700.36,9.56831755,83.37103609479999
801780,2019-11-28,3696.31,3708.19,3714.2,3685.57,8.80111981,69.6038447508
801780,2019-11-29,3673.42,3691.8,3707.76,3668.3,11.09120769,86.66720818790002
801780,2019-12-02,3677.05,3678.49,3690.01,3677.05,8.93679451,70.520467634
801780,2019-12-03,3690.92,3667.66,3691.03,3656.73,10.28498944,77.8234463275
801780,2019-12-04,3672.28,3674.74,3681.1,3663.57,9.91793503,73.80503305810001
801780,2019-12-05,3690.74,3686.64,3698.19,3673.85,10.75011873,83.8502303462
801780,2019-12-06,3694.55,3697.37,3703.54,3677.91,9.71965702,79.897224875
801780,2019-12-09,3687.9,3692.68,3695.23,3676.07,12.18805715,90.7638065861
801780,2019-12-10,3673.58,3678.24,3685.92,3672.13,11.40933658,82.9153594659
801780,2019-12-11,3713.34,3683.32,3713.65,3679.33,13.6968541,109.3452512383
801780,2019-12-12,3704.02,3716.75,3716.75,3696.69,11.77934708,87.2347973553
801780,2019-12-13,3777.55,3732.33,3777.55,3729.08,22.00385408,176.4763356622
801780,2019-12-16,3766.93,3769.4,3769.4,3749.6,16.56510097,132.95935442360002
801780,2019-12-17,3821.07,3765.66,3849.53,3752.7,37.63001827,276.4375005105
801780,2019-12-18,3825.63,3813.84,3847.24,3813.84,24.20923074,189.1957817766
801780,2019-12-19,3831.43,3828.51,3853.25,3823.15,19.81768086,157.4373296672
801780,2019-12-20,3830.39,3832.89,3854.81,3824.93,21.93978612,167.034432055
801780,2019-12-23,3789.42,3840.5,3843.18,3786.17,20.76302485,157.3442617162
801780,2019-12-24,3812.65,3794.03,3821.4,3794.03,11.86023203,98.5082762264
801780,2019-12-25,3794.7,3811.92,3812.64,3785.99,12.28576627,95.7447463867
801780,2019-12-26,3822.51,3794.96,3822.51,3793.87,12.85859541,95.7486095608
801780,2019-12-27,3825.61,3817.71,3859.44,3816.44,20.46339318,161.6086830441
801780,2019-12-30,3823.18,3803.47,3823.18,3767.03,23.08040658,185.22881154240002
801780,2019-12-31,3821.03,3817.41,3822.86,3800.03,16.37118861,130.184399982
801780,2020-01-02,3884.36,3859.81,3910.86,3859.81,28.89470334,246.87760391939997
801780,2020-01-03,3894.21,3889.64,3903.35,3886.64,18.59556374,157.5530413068
801780,2020-01-06,3867.89,3875.6,3908.98,3854.41,21.88320126,172.2108201118
801780,2020-01-07,3884.75,3881.75,3913.13,3874.78,18.44091288,139.7708384028
801780,2020-01-08,3822.32,3864.09,3864.09,3820.76,18.8791714,150.7395012259
801780,2020-01-09,3843.52,3849.95,3856.38,3830.55,15.22762424,125.37164641
801780,2020-01-10,3843.87,3846.53,3851.02,3833.0,11.59099453,93.5014143296
801780,2020-01-13,3852.59,3847.07,3853.3,3822.19,15.6898905,130.8245649957
801780,2020-01-14,3841.93,3856.45,3882.05,3840.01,15.61854501,133.7133353456
801780,2020-01-15,3799.95,3842.63,3842.63,3797.47,12.82658903,114.67761524149999
801780,2020-01-16,3775.05,3806.2,3806.2,3769.49,16.47316237,136.3264300075
801780,2020-01-17,3774.42,3781.03,3795.87,3766.98,11.41922941,97.4130145837
801780,2020-01-20,3794.77,3781.86,3798.32,3778.23,11.8107221,107.87691769799999
801780,2020-01-21,3742.33,3778.2,3778.2,3741.25,15.98888589,128.3704909692
801780,2020-01-22,3741.3,3728.87,3745.01,3701.62,15.72459861,128.8873861299
801780,2020-01-23,3651.03,3721.54,3721.54,3635.76,23.13719093,188.7457195533
801780,2020-02-03,3411.27,3340.93,3456.92,3340.93,40.65424545,296.3021904002
801780,2020-02-04,3480.65,3409.49,3485.58,3409.49,29.78172475,230.76216933720002
801780,2020-02-05,3479.24,3481.83,3501.06,3451.03,22.23221367,177.9828857097
801780,2020-02-06,3503.35,3495.71,3513.16,3462.4,22.07477843,169.96759545
801780,2020-02-07,3487.32,3472.59,3487.32,3450.36,18.45001784,143.4948043953
801780,2020-02-10,3473.01,3464.88,3477.86,3456.05,16.28048445,129.47115900129998
801780,2020-02-11,3509.62,3484.43,3519.64,3481.41,19.24579363,151.2328638308
801780,2020-02-12,3515.68,3505.94,3515.68,3490.8,14.74012383,115.3829794601
801780,2020-02-13,3486.99,3509.15,3511.82,3486.85,14.38349268,112.5065413075
801780,2020-02-14,3517.24,3482.47,3520.73,3482.47,12.89287497,110.1722881294
801780,2020-02-17,3579.72,3515.55,3579.72,3509.16,21.76120405,173.7757870502
801780,2020-02-18,3543.36,3565.22,3567.42,3538.23,16.64646203,131.3545030721
801780,2020-02-19,3541.11,3538.66,3565.32,3535.27,15.80795766,119.4491641432
801780,2020-02-20,3586.75,3546.93,3591.61,3523.98,24.98180829,192.57901050869998
801780,2020-02-21,3573.6,3573.17,3596.6,3558.95,20.51019723,165.0934820506
801780,2020-02-24,3531.85,3560.87,3569.84,3530.03,19.86989521,162.6994984705
801780,2020-02-25,3496.22,3499.13,3514.67,3475.26,21.89502384,173.574977056
801780,2020-02-26,3509.52,3469.33,3529.49,3468.14,23.85257857,184.7080138684
801780,2020-02-27,3527.3,3507.11,3532.44,3507.11,18.26665066,144.6380700795
801780,2020-02-28,3433.57,3491.32,3509.77,3433.57,25.6340751,192.7194765533
801780,2020-03-02,3496.65,3443.62,3502.89,3443.62,20.22465933,163.6215662971
801780,2020-03-03,3502.86,3515.33,3524.88,3497.25,20.47989147,159.52996961280002
801780,2020-03-04,3509.91,3496.09,3511.51,3489.7,14.50264707,118.83413002649999
801780,2020-03-05,3604.4,3525.18,3605.84,3516.06,37.51763466,309.4864801873
801780,2020-03-06,3547.4,3573.53,3580.73,3546.16,21.73273271,172.3370326089
801780,2020-03-09,3456.82,3500.67,3500.67,3453.89,27.7206697,215.92024899490002
801780,2020-03-10,3494.57,3442.47,3504.94,3442.47,22.56551673,172.55929362930002
801780,2020-03-11,3465.33,3498.41,3507.18,3465.33,16.97246421,129.5726009452
801780,2020-03-12,3447.67,3458.54,3471.98,3437.69,20.13005678,151.5549268462
801780,2020-03-13,3416.0,3344.65,3420.69,3333.92,30.52214843,227.9536827754
801780,2020-03-16,3312.67,3414.07,3416.0,3312.67,28.02025107,212.8331699678
801780,2020-03-17,3306.71,3315.23,3354.02,3269.41,22.93481308,166.9255543926
801780,2020-03-18,3230.25,3315.39,3330.13,3230.25,19.88785858,152.0605324888
801780,2020-03-19,3138.47,3213.54,3221.78,3110.9,27.09038895,215.091000445
801780,2020-03-20,3211.59,3170.17,3228.33,3159.66,20.74183257,170.553698724
801780,2020-03-23,3136.92,3144.96,3165.82,3132.66,16.7937926,129.51747791879998
801780,2020-03-24,3219.61,3187.8,3221.92,3178.28,17.88609665,134.9812205186
801780,2020-03-25,3275.35,3272.5,3288.25,3255.8,18.52352815,143.0877943603
801780,2020-03-26,3294.74,3254.43,3333.26,3253.19,17.5129158,136.7637512085
801780,2020-03-27,3304.47,3322.18,3332.31,3300.86,14.50555226,106.76004355879999
801780,2020-03-30,3290.75,3268.17,3296.51,3262.28,15.58089683,108.02183239450001
801780,2020-03-31,3255.7,3311.33,3315.73,3255.18,13.67935677,95.12317019
801780,2020-04-01,3253.66,3255.09,3289.41,3251.37,11.27863568,82.2699087143
801780,2020-04-02,3274.55,3235.37,3274.55,3235.37,11.04385915,78.6896319329
801780,2020-04-03,3253.22,3257.29,3267.24,3243.62,10.98804319,80.0124486337
801780,2020-04-07,3291.34,3299.32,3302.38,3284.39,15.52231175,115.89157893059999
801780,2020-04-08,3271.84,3282.36,3284.57,3266.37,10.9480514,83.5348709044
801780,2020-04-09,3272.11,3283.14,3283.18,3270.84,8.71817568,64.8765913902
801780,2020-04-10,3268.9,3278.49,3285.25,3261.13,10.43248254,80.84411854359999
801780,2020-04-13,3245.75,3254.33,3255.93,3243.17,8.84569996,61.330333062799994
801780,2020-04-14,3284.92,3258.99,3284.92,3254.87,10.43949259,81.9486169237
801780,2020-04-15,3266.61,3279.19,3280.41,3263.54,9.00268128,66.73658617689999
801780,2020-04-16,3257.71,3251.73,3259.59,3245.27,9.93295507,74.3976710713
801780,2020-04-17,3284.77,3273.95,3299.64,3261.45,14.72104417,121.94245368530001
801780,2020-04-20,3274.7,3282.41,3282.41,3264.92,11.394683,87.3981089036
801780,2020-04-21,3261.44,3275.4,3282.83,3253.13,12.52066185,100.0925233877
801780,2020-04-22,3258.7,3254.3,3259.67,3242.69,10.70313972,76.9154626509
801780,2020-04-23,3246.58,3262.39,3262.57,3243.64,11.84170514,78.000899098
801780,2020-04-24,3234.24,3246.65,3246.65,3226.24,9.53941841,66.6472748191
801780,2020-04-27,3296.73,3245.81,3313.22,3245.81,17.56250123,137.7648653852
801780,2020-04-28,3304.1,3299.97,3307.53,3267.06,14.6467303,103.4228809962
801780,2020-04-29,3383.09,3304.84,3383.09,3304.84,19.28320176,151.3468578624
801780,2020-04-30,3391.71,3388.68,3431.6,3388.68,17.59001001,137.7158208013
801780,2020-05-06,3356.24,3347.32,3361.86,3333.39,17.59995802,128.3094823302
801780,2020-05-07,3338.16,3355.28,3355.28,3334.08,11.7388641,85.7050128771
801780,2020-05-08,3371.6,3355.24,3380.87,3349.05,13.54946644,102.99851203860001
801780,2020-05-11,3369.94,3371.36,3395.08,3367.09,12.07254686,90.0318720977
801780,2020-05-12,3344.36,3370.28,3376.22,3341.5,10.0139327,78.1035118736
801780,2020-05-13,3342.07,3336.42,3343.74,3321.65,9.1794075,71.2036271542
801780,2020-05-14,3306.0,3332.0,3332.0,3303.05,9.58659195,81.6064631329
801780,2020-05-15,3302.33,3321.12,3324.32,3298.91,9.4034305,74.00392677079999
801780,2020-05-18,3305.48,3298.25,3316.99,3298.25,9.55360539,74.3259407728
801780,2020-05-19,3328.35,3339.26,3339.26,3322.81,9.9499406,73.98557435720001
801780,2020-05-20,3345.21,3327.93,3355.07,3315.15,11.3123822,88.7817110948
801780,2020-05-21,3335.7,3353.98,3360.57,3335.39,9.07423261,74.6052219055
801780,2020-05-22,3274.96,3328.85,3328.85,3274.96,13.00806362,97.7428822922
801780,2020-05-25,3272.45,3292.08,3292.08,3260.64,9.2867256,70.2246306326
801780,2020-05-26,3281.41,3281.97,3285.18,3274.07,10.88297891,71.14476871810001
801780,2020-05-27,3296.11,3286.58,3312.04,3279.51,12.08224282,81.9384072589
801780,2020-05-28,3339.07,3302.11,3354.94,3300.77,15.26536485,120.9241825372
801780,2020-05-29,3316.86,3322.7,3325.43,3312.39,11.43649439,83.6049978161
801780,2020-06-01,3364.69,3332.94,3366.39,3332.94,13.44418148,107.1018043965
801780,2020-06-02,3384.52,3354.94,3392.47,3354.94,14.49235892,109.61818144440001
801780,2020-06-03,3388.41,3401.74,3438.99,3387.59,15.5048237,124.67628236799999
801780,2020-06-04,3377.4,3404.13,3404.13,3375.34,9.68855797,71.6559406856
801780,2020-06-05,3383.08,3386.24,3386.24,3364.42,8.64865091,66.3457677374
801780,2020-06-08,3387.18,3392.71,3412.79,3384.78,12.58116829,100.62189582959999
801780,2020-06-09,3392.4,3387.97,3396.08,3377.55,11.33885774,83.9070489958
801780,2020-06-10,3367.98,3395.37,3395.37,3365.97,14.67125915,100.5391970575
801780,2020-06-11,3327.3,3364.54,3364.54,3323.34,17.53368518,134.3887060647
801780,2020-06-12,3329.8,3302.87,3329.8,3297.48,21.47501584,149.2175567486
801780,2020-06-15,3284.17,3307.91,3309.5,3284.17,16.82286517,126.1725651431
801780,2020-06-16,3311.62,3305.88,3313.24,3300.09,11.14546981,84.54447569
801780,2020-06-17,3310.05,3307.29,3312.81,3295.06,9.92021595,75.1051904306
801780,2020-06-18,3298.91,3290.93,3305.96,3266.0,16.24579965,135.0636175687
801780,2020-06-19,3304.2,3292.76,3313.18,3284.76,19.54768219,149.40393550049998
801780,2020-06-22,3286.49,3295.51,3309.67,3284.32,17.54225719,131.8236788693
801780,2020-06-23,3270.58,3280.31,3283.2,3267.32,13.34651678,99.68159164149999
801780,2020-06-24,3300.63,3272.75,3304.14,3272.75,18.69642659,138.34261899930002
801780,2020-06-29,3292.11,3320.5,3330.8,3283.34,19.79489843,141.75364651790002
801780,2020-06-30,3287.23,3291.45,3295.78,3278.64,16.49586457,113.7990594294
801780,2020-07-01,3351.3,3290.31,3352.93,3282.5,26.81887896,193.0776889977
801780,2020-07-02,3427.52,3343.0,3427.52,3338.23,44.28773722,317.53313785060004
801780,2020-07-03,3520.12,3439.29,3524.95,3439.29,51.31786768,390.01099045029997
801780,2020-07-06,3841.28,3563.3,3848.84,3563.3,90.98792138,693.6218742917
801780,2020-07-07,3827.9,3933.8,4001.64,3827.51,87.41157836,687.1544896704
801780,2020-07-08,3839.27,3803.7,3892.55,3780.77,71.18945544,548.2667684567
801780,2020-07-09,3793.77,3821.85,3822.28,3761.11,62.55039418,485.81958525769994
801780,2020-07-10,3621.89,3739.12,3743.91,3612.82,59.67347839,445.69163997059997
801780,2020-07-13,3600.14,3579.46,3641.36,3558.38,56.47561513,420.27688107849997
801780,2020-07-14,3533.29,3579.48,3594.95,3513.48,44.06602631,328.7955479393
801780,2020-07-15,3438.06,3523.91,3525.87,3433.93,41.65520604,311.485858197
801780,2020-07-16,3419.02,3447.72,3484.82,3418.99,46.88527875,348.73068046019995
801780,2020-07-17,3422.18,3438.96,3442.74,3396.87,32.44028604,246.7506285316
801780,2020-07-20,3514.19,3435.67,3518.47,3420.46,38.80122244,314.0336112547
801780,2020-07-21,3481.07,3516.15,3516.15,3470.57,24.90572357,192.10694206189999
801780,2020-07-22,3469.19,3479.03,3516.79,3457.21,30.88488506,234.4100582518
801780,2020-07-23,3408.57,3437.53,3447.89,3378.47,32.33499155,248.5292700997
801780,2020-07-24,3320.76,3398.3,3400.12,3309.05,33.81578874,258.6545923329
801780,2020-07-27,3294.48,3341.71,3341.71,3283.72,21.21045199,173.5422096825
801780,2020-07-28,3310.51,3316.26,3323.8,3298.2,16.88827832,131.67601371709998
801780,2020-07-29,3354.7,3305.09,3360.08,3293.94,23.13822167,176.4022722713
801780,2020-07-30,3319.31,3352.49,3354.78,3319.31,18.42506414,140.9083024392
801780,2020-07-31,3320.91,3317.96,3358.16,3302.8,23.52720341,177.76101993490002
801780,2020-08-03,3346.55,3341.82,3352.18,3328.55,26.50411743,201.3876455223
801780,2020-08-04,3435.41,3354.69,3453.23,3345.81,46.99098591,381.6841902264
801780,2020-08-05,3391.71,3412.92,3412.92,3371.35,25.13718778,201.44313629209998
801780,2020-08-06,3420.14,3398.37,3429.35,3378.36,23.07339212,197.4571178723
801780,2020-08-07,3389.09,3408.14,3420.26,3374.9,21.14733374,173.53715844119998
801780,2020-08-10,3422.78,3390.51,3436.19,3366.81,23.42317,207.79723757099998
801780,2020-08-11,3432.54,3426.48,3500.63,3426.48,35.81297856,321.17571318939997
801780,2020-08-12,3453.4,3439.2,3471.63,3416.34,26.25211601,218.8416790341
801780,2020-08-13,3434.0,3458.94,3459.62,3434.0,17.5380331,148.4202035991
801780,2020-08-14,3485.62,3434.56,3487.17,3434.49,23.84364374,192.36862644130002
801780,2020-08-17,3583.61,3493.46,3617.6,3493.46,61.64613178,484.0028156212
801780,2020-08-18,3550.46,3576.27,3576.27,3532.74,32.66422193,252.00535379229999
801780,2020-08-19,3519.08,3546.85,3556.41,3519.08,25.21568508,205.6760147986
801780,2020-08-20,3466.81,3508.59,3508.59,3461.44,22.55467968,186.7071547457
801780,2020-08-21,3475.56,3491.72,3491.72,3460.45,16.82619956,142.2452537259
801780,2020-08-24,3453.71,3487.13,3491.42,3452.78,17.08769541,146.16031506049998
801780,2020-08-25,3459.7,3466.91,3485.49,3452.41,15.43838011,126.7764839016
801780,2020-08-26,3431.21,3461.74,3462.74,3424.74,17.39948789,138.9389990934
801780,2020-08-27,3426.68,3435.35,3435.35,3406.68,14.77539704,114.93851207370001
801780,2020-08-28,3505.86,3421.65,3505.86,3411.43,25.06178342,229.1479891343
801780,2020-08-31,3479.32,3516.74,3550.16,3476.45,33.26903914,301.8659210943
801780,2020-09-01,3471.44,3467.56,3480.98,3457.72,19.8489173,169.2847258825
801780,2020-09-02,3450.77,3471.44,3471.44,3430.3,22.57205288,187.14724658970002
801780,2020-09-03,3434.93,3451.04,3466.2,3428.1,18.13023234,150.6757427108
801780,2020-09-04,3420.9,3408.46,3425.73,3400.36,16.40371628,127.37853228889999
801780,2020-09-07,3408.43,3413.98,3449.49,3407.63,17.28785143,143.1545637705
801780,2020-09-08,3463.34,3422.59,3463.49,3422.19,20.33490649,177.2526255069
801780,2020-09-09,3444.96,3439.71,3472.87,3434.63,18.33654693,150.0339915022
801780,2020-09-10,3437.09,3463.47,3463.47,3429.64,18.62977988,150.97441181969998
801780,2020-09-11,3410.1,3434.68,3434.68,3394.54,15.92953198,130.7953736825
801780,2020-09-14,3422.64,3413.57,3422.74,3399.72,13.7474679,114.9309930992
801780,2020-09-15,3433.22,3415.74,3442.72,3411.07,12.77693718,109.53611865200001
801780,2020-09-16,3444.72,3435.36,3455.94,3426.66,13.57678271,111.03979853
801780,2020-09-17,3434.54,3446.0,3460.99,3433.2,12.81995651,114.5911021
801780,2020-09-18,3507.18,3437.43,3507.18,3431.21,25.82534566,218.80716292
801780,2020-09-21,3480.74,3506.75,3510.05,3478.15,16.31778077,134.5269742
801780,2020-09-22,3441.41,3464.54,3488.78,3435.34,17.47064337,138.91658012
801780,2020-09-23,3423.86,3443.34,3447.87,3422.54,12.22137109,97.9682269
801780,2020-09-24,3381.05,3416.58,3416.58,3376.01,15.43087099,126.82549989
801780,2020-09-25,3377.33,3384.85,3394.04,3372.52,11.59272586,89.07493547
801780,2020-09-28,3391.12,3381.06,3398.78,3372.74,12.7781817,88.63522857
801780,2020-09-29,3349.31,3400.53,3400.9,3349.31,12.46499451,118.11194451
801780,2020-09-30,3342.61,3354.82,3371.39,3328.2,16.06346954,138.58974095
801780,2020-10-09,3351.44,3367.16,3376.01,3349.45,14.17238453,120.25501473
801780,2020-10-12,3443.47,3360.02,3448.88,3358.51,26.68144311,229.9816998
801780,2020-10-13,3445.82,3436.85,3450.58,3424.83,19.04281089,143.30145169
801780,2020-10-14,3446.94,3449.55,3450.32,3427.54,15.37877033,123.56092944
801780,2020-10-15,3498.56,3449.96,3522.24,3449.96,22.96083702,225.34312786
801780,2020-10-16,3558.04,3493.47,3584.79,3493.47,35.65481259,300.14016364
801780,2020-10-19,3572.96,3587.42,3672.92,3569.54,37.2078968,309.06796961
801780,2020-10-20,3555.8,3572.58,3572.58,3539.02,20.34880699,158.93994924
801780,2020-10-21,3620.44,3562.48,3622.66,3545.74,25.34784554,208.44922895
801780,2020-10-22,3613.31,3627.54,3673.09,3587.4,21.30672108,189.99744488
801780,2020-10-23,3635.83,3602.55,3678.81,3602.09,26.31533432,217.80965926
801780,2020-10-26,3567.75,3643.18,3644.08,3556.98,22.50477541,184.25911918
801780,2020-10-27,3554.01,3567.71,3576.68,3549.54,15.51578498,131.14025212
801780,2020-10-28,3517.36,3555.96,3565.05,3507.62,19.29298411,166.71706645
801780,2020-10-29,3518.72,3483.94,3545.01,3483.94,18.11338706,156.57060968
801780,2020-10-30,3488.71,3527.12,3562.39,3477.38,22.14071726,173.10873068
801780,2020-11-02,3485.57,3498.7,3512.99,3458.07,20.26937602,165.28674949
801780,2020-11-03,3525.76,3508.11,3565.76,3508.11,19.73962201,181.59702421
801780,2020-11-04,3584.23,3567.13,3590.27,3544.51,18.07455825,180.01974004
801780,2020-11-05,3569.49,3603.51,3611.32,3556.66,18.73510431,174.19602028
801780,2020-11-06,3556.98,3567.53,3567.53,3532.39,17.48283608,146.49118575
801780,2020-11-09,3589.35,3575.29,3598.64,3570.76,23.28227315,185.16076843
801780,2020-11-10,3616.04,3622.88,3655.93,3605.55,24.87659251,209.60508587
801780,2020-11-11,3643.69,3620.22,3653.89,3609.68,24.02383138,189.81235419
801780,2020-11-12,3602.41,3628.97,3636.29,3598.78,15.0637226,125.83171372
801780,2020-11-13,3533.6,3583.48,3583.48,3512.99,19.90456658,173.24183538
801780,2020-11-16,3549.98,3543.13,3553.24,3535.11,14.88375738,130.89900235
801780,2020-11-17,3595.62,3551.01,3599.21,3548.69,17.11122802,153.76942614
801780,2020-11-18,3678.55,3590.27,3691.49,3590.27,31.24131828,279.88769209
801780,2020-11-19,3706.25,3678.03,3713.19,3657.05,23.5606126,215.43621468
801780,2020-11-20,3683.75,3690.3,3690.3,3665.86,16.79574404,148.85063481
801780,2020-11-23,3760.22,3680.36,3767.57,3680.36,29.29214158,253.81591575
801780,2020-11-24,3739.4,3752.4,3765.52,3733.61,20.35204642,168.04407786
801780,2020-11-25,3708.06,3767.66,3788.04,3707.22,21.82411232,172.5884027
801780,2020-11-26,3760.59,3712.3,3767.53,3712.09,19.89947987,168.01046024
801780,2020-11-27,3845.24,3779.95,3845.24,3766.4,48.76386878,328.32929707
801780,2020-11-30,3807.35,3876.33,4001.1,3807.35,81.5069582,607.83786598
801780,2020-12-01,3916.87,3812.25,3937.25,3799.4,57.23759378,422.65170044
801780,2020-12-02,3899.86,3908.27,3934.34,3868.3,40.19495611,308.76490214
801780,2020-12-03,3893.94,3900.76,3918.86,3847.31,41.7675964,307.96702101
801780,2020-12-04,3842.09,3882.15,3882.15,3808.28,36.36707059,274.80596039
801780,2020-12-07,3755.5,3837.01,3842.41,3742.13,32.39971921,260.59525953
801780,2020-12-08,3732.62,3756.08,3778.93,3724.9,27.95416014,206.54634067
801780,2020-12-09,3731.46,3744.14,3783.67,3730.67,29.38918608,218.05940652
801780,2020-12-10,3708.9,3724.67,3743.64,3685.34,25.36004855,184.12473061
801780,2020-12-11,3662.08,3714.06,3717.96,3657.45,29.05233954,222.92783265
801780,2020-12-14,3706.37,3686.89,3726.09,3686.4,22.55260093,181.46107107
801780,2020-12-15,3677.3,3703.88,3703.88,3632.18,25.13506839,190.30412951
801780,2020-12-16,3682.82,3689.07,3709.41,3669.73,21.12467719,157.7724543
801780,2020-12-17,3703.23,3677.56,3704.08,3642.3,25.99336709,198.34047071
801780,2020-12-18,3653.22,3694.67,3709.13,3639.79,20.46071942,180.93427541
801780,2020-12-21,3640.33,3648.61,3661.27,3615.48,20.34254764,172.80281086
801780,2020-12-22,3578.69,3637.91,3647.39,3576.58,27.39660284,215.0322763
801780,2020-12-23,3588.09,3576.39,3594.51,3566.03,20.82720359,169.66781924
801780,2020-12-24,3607.63,3596.23,3637.14,3595.09,16.32787674,141.40864293
801780,2020-12-25,3613.38,3609.83,3614.44,3572.44,16.07627615,131.65184953
801780,2020-12-28,3638.16,3605.08,3650.64,3597.47,22.14710148,199.03574933
801780,2020-12-29,3647.63,3645.53,3660.73,3635.82,22.46758288,192.63444993
801780,2020-12-30,3657.76,3641.41,3657.76,3619.42,23.12227496,202.02679476
801780,2020-12-31,3696.86,3656.17,3724.48,3655.22,33.70336214,260.25672094
801780,2021-01-04,3627.68,3661.1,3661.1,3593.06,37.78612055,335.27482964
801780,2021-01-05,3583.58,3608.8,3608.8,3541.18,33.88186935,306.51146059
801780,2021-01-06,3672.97,3575.73,3672.97,3575.15,27.89853727,265.27069403
801780,2021-01-07,3713.91,3678.6,3719.42,3665.85,29.45369589,261.84524597
801780,2021-01-08,3732.77,3720.84,3752.56,3698.38,25.02166172,238.26724335
801780,2021-01-11,3775.58,3744.2,3812.73,3744.2,34.58398343,322.69533353
801780,2021-01-12,3831.14,3781.17,3835.39,3756.51,28.73087849,255.30749239
801780,2021-01-13,3826.59,3818.18,3837.23,3798.34,27.284407,223.69083204
801780,2021-01-14,3821.72,3824.01,3879.34,3810.55,28.33541867,232.9461302
801780,2021-01-15,3931.19,3902.89,4034.94,3902.89,60.58055324,543.23744148
801780,2021-01-18,4018.47,3939.27,4038.81,3939.27,39.81188942,388.8606127
801780,2021-01-19,4017.06,4016.33,4063.28,3971.76,38.4829717,319.33692479
801780,2021-01-20,3975.32,4011.78,4056.59,3960.74,27.18803084,246.72211327
801780,2021-01-21,3994.05,4004.73,4037.16,3984.02,27.11096558,231.19404271
801780,2021-01-22,3923.26,3992.59,3992.59,3899.48,26.70597985,242.51523818
801780,2021-01-25,3932.94,3895.25,3943.22,3848.6,23.60498051,225.72690131
801780,2021-01-26,3916.3,3922.56,3977.56,3913.79,22.3591575,197.87545658
801780,2021-01-27,3971.35,3919.48,4013.36,3919.48,27.53537311,243.73869852
801780,2021-01-28,3931.68,3929.7,3941.65,3905.84,23.43152715,198.57182441
801780,2021-01-29,3937.42,3951.4,3986.51,3914.36,28.47776405,240.79764983
801780,2021-02-01,4030.18,3924.19,4043.53,3899.75,30.73313146,277.62808187
801780,2021-02-02,3979.66,4002.68,4040.27,3969.57,27.31683697,268.17044837
801780,2021-02-03,4050.86,3983.08,4081.53,3957.26,28.37267484,282.00438648
801780,2021-02-04,4066.62,4025.36,4127.13,4021.21,30.85765728,291.98883101
801780,2021-02-05,4188.36,4079.96,4198.57,4078.97,58.17048719,452.75999681
801780,2021-02-08,4207.03,4188.8,4218.92,4119.65,39.90181153,338.76262651
801780,2021-02-09,4200.93,4201.56,4203.37,4145.6,30.71205934,255.34070883
801780,2021-02-10,4177.22,4226.69,4270.11,4133.33,41.4580767,355.62034144
801780,2021-02-18,4247.95,4222.96,4300.82,4215.32,39.24473967,348.7771701
801780,2021-02-19,4227.14,4234.24,4285.06,4208.3,34.49817582,299.70608103
801780,2021-02-22,4156.67,4219.42,4219.42,4144.4,45.98290929,390.15315362
801780,2021-02-23,4196.52,4152.71,4267.02,4152.71,43.02017744,373.76681754
801780,2021-02-24,4123.7,4204.54,4204.54,4095.71,36.28108322,314.82182542
801780,2021-02-25,4186.36,4158.31,4217.36,4139.05,39.46706415,338.52971466
801780,2021-02-26,4035.38,4134.99,4172.88,4023.92,39.5694712,359.43973115
801780,2021-03-01,4031.41,4050.36,4054.52,4013.75,24.81366336,234.30835247
801780,2021-03-02,3997.51,4049.89,4062.42,3962.42,27.4919299,260.06037617
801780,2021-03-03,4183.58,4006.33,4190.13,4006.33,44.46231071,410.43973703
801780,2021-03-04,4150.81,4153.5,4212.34,4128.99,40.01933639,327.81144978
801780,2021-03-05,4111.9,4121.88,4140.96,4040.33,36.34094947,303.98736043
801780,2021-03-08,4040.82,4123.5,4158.35,4039.68,37.65823479,301.96688656
801780,2021-03-09,3960.69,4051.54,4091.11,3948.7,38.1685828,318.41917146
801780,2021-03-10,3948.66,3976.34,3983.4,3935.76,26.94840144,233.51278215
801780,2021-03-11,4076.55,3989.36,4104.34,3989.36,34.01347713,296.97567978
801780,2021-03-12,4124.13,4084.37,4131.4,4084.37,29.33337626,249.89336108
801780,2021-03-15,4154.8,4116.79,4220.94,4114.44,34.03944632,303.07471583
801780,2021-03-16,4206.29,4173.25,4245.77,4161.22,27.225702,245.82763192
801780,2021-03-17,4139.64,4186.38,4186.38,4122.18,23.30895786,202.60312772
801780,2021-03-18,4155.4,4140.06,4167.86,4120.12,20.37929209,179.09478958
801780,2021-03-19,4028.55,4149.61,4163.89,4018.63,30.8436506,268.35850929
801780,2021-03-22,4116.8,4037.82,4146.15,4037.82,23.13906154,223.08013688
801780,2021-03-23,4096.82,4117.15,4142.75,4068.16,20.52159134,178.86755874
801780,2021-03-24,4030.55,4100.51,4100.51,4021.34,21.74857072,196.01665338
801780,2021-03-25,3999.06,4051.28,4054.47,3990.67,19.73765491,173.67855012
801780,2021-03-26,4037.43,4019.26,4042.47,4002.14,22.3908457,191.85827527
801780,2021-03-29,4050.55,4042.36,4054.28,4013.3,28.65071293,231.05363242
801780,2021-03-30,4080.68,4051.46,4080.68,4027.16,23.16130231,193.75909945
801780,2021-03-31,4085.5,4067.78,4095.87,4031.75,29.12578319,226.02494319
801780,2021-04-01,4072.96,4087.43,4087.43,4054.88,17.5083965,137.06623911
801780,2021-04-02,4027.13,4077.28,4077.28,4015.99,20.19743731,163.42046684
801780,2021-04-06,4036.93,4031.06,4054.34,4026.78,14.37991953,122.03975672
801780,2021-04-07,4022.57,4040.5,4040.5,4001.91,18.47152064,148.97919916
801780,2021-04-08,4013.7,4012.31,4021.72,4000.81,15.60444286,121.05943717
801780,2021-04-09,3993.58,4019.65,4019.65,3984.05,15.41213213,120.07131082
801780,2021-04-12,3982.85,3988.92,3994.71,3965.78,18.84330841,150.8142437
801780,2021-04-13,3966.97,3990.77,4012.92,3953.17,17.86414662,147.60862765
801780,2021-04-14,3920.43,3973.46,3973.46,3916.8,17.22165729,161.64378582
801780,2021-04-15,3884.92,3922.54,3922.54,3854.62,18.23094968,190.33360207
801780,2021-04-16,3894.87,3890.64,3897.32,3866.4,13.25591932,120.07610338
801780,2021-04-19,3959.43,3894.81,3961.48,3871.92,19.61330134,193.37728105
801780,2021-04-20,3972.13,3940.02,3996.21,3940.02,16.74928986,151.51443636
801780,2021-04-21,4040.51,3981.97,4055.64,3981.97,19.02847782,203.15561187
801780,2021-04-22,4002.77,4047.46,4047.46,3989.02,17.82230718,154.67673169
801780,2021-04-23,4022.39,4005.46,4038.14,3995.61,15.17157105,137.77716659
801780,2021-04-26,3982.79,4055.69,4067.38,3976.33,17.8957619,192.10461278
801780,2021-04-27,3979.96,3980.72,3991.38,3966.1,13.36484583,113.67558439
801780,2021-04-28,3974.12,3991.55,3991.55,3949.85,15.31446855,135.80607834
801780,2021-04-29,4049.13,3982.77,4051.05,3975.8,24.74189547,206.39696414
801780,2021-04-30,3985.15,4033.2,4033.2,3955.37,35.41461122,267.14166394
801780,2021-05-06,4025.3,3975.79,4052.38,3975.79,21.58600532,188.52219468
801780,2021-05-07,4067.14,4036.54,4104.35,4023.59,25.1449655,220.04112403
801780,2021-05-10,4040.48,4065.31,4065.31,4004.39,21.61423746,177.947335
801780,2021-05-11,4051.71,4020.16,4054.61,4018.13,16.75065526,140.61986017
801780,2021-05-12,4069.48,4043.59,4102.02,4043.59,20.55419007,170.73408302
801780,2021-05-13,4048.99,4055.7,4082.55,4033.61,16.35149302,137.64805251
801780,2021-05-14,4105.71,4059.78,4108.18,4020.65,20.57861714,179.23381697
801780,2021-05-17,4118.06,4097.38,4155.72,4088.75,19.65690634,173.3828451
801780,2021-05-18,4111.89,4123.68,4126.08,4093.33,13.82391186,113.717306
801780,2021-05-19,4049.26,4109.47,4109.47,4034.61,16.69586518,158.03214105
801780,2021-05-20,4088.57,4046.76,4088.57,4020.19,17.39556802,148.00471362
801780,2021-05-21,4034.01,4097.13,4097.48,4025.84,16.23689584,148.17816458
801780,2021-05-24,4036.71,4034.16,4060.54,4024.54,13.69134132,127.66460826
801780,2021-05-25,4189.73,4040.26,4193.5,4032.41,33.20847004,307.43530565
801780,2021-05-26,4224.62,4193.63,4242.2,4185.65,28.29078356,251.76561931
801780,2021-05-27,4190.98,4207.35,4220.26,4160.1,21.99255967,195.03908204
801780,2021-05-28,4202.86,4191.33,4219.56,4174.33,22.35151046,174.18185086
801780,2021-05-31,4181.14,4197.92,4197.92,4148.14,21.45398159,173.99455112
801780,2021-06-01,4145.98,4162.76,4162.76,4126.74,20.35985177,176.73575782
801780,2021-06-02,4147.6,4143.4,4147.6,4109.25,23.19662721,176.29758303
801780,2021-06-03,4114.31,4144.25,4181.72,4114.31,21.39129008,174.71336814
801780,2021-06-04,4157.27,4106.13,4202.15,4106.13,23.34480382,201.61062951
801780,2021-06-07,4132.95,4152.94,4152.94,4110.14,19.59417332,144.61867193
801780,2021-06-08,4128.77,4128.29,4152.18,4093.27,21.18324518,170.24129046
801780,2021-06-09,4113.75,4120.74,4132.56,4106.29,17.50927285,140.85187214
801780,2021-06-10,4102.61,4117.33,4158.95,4100.55,20.84434876,174.33986124
801780,2021-06-11,4066.18,4107.59,4112.35,4032.8,24.98576898,224.55595715
801780,2021-06-15,4001.35,4048.78,4048.78,3984.56,21.84462449,183.83757778
801780,2021-06-16,4027.34,4000.28,4053.42,3994.35,17.72498695,149.50493002
801780,2021-06-17,4000.12,4013.9,4041.86,3998.26,16.81233455,130.96414169
801780,2021-06-18,3956.91,3988.88,4000.33,3942.88,18.14387315,158.58302957
801780,2021-06-21,3913.25,3946.78,3946.78,3901.15,19.03539903,168.30633233
801780,2021-06-22,3970.56,3925.09,3975.94,3925.09,18.50173691,174.75230713
801780,2021-06-23,3954.08,3967.82,3976.19,3942.41,17.2594831,147.53718731
801780,2021-06-24,3966.45,3946.29,3966.45,3930.93,15.66011966,128.46568571
801780,2021-06-25,4019.12,3966.06,4028.0,3966.06,22.36335488,199.67151803
801780,2021-06-28,3943.36,4013.34,4013.34,3927.44,19.92835163,194.09824771
801780,2021-06-29,3896.43,3912.03,3933.05,3889.65,19.64003406,186.11390374
801780,2021-06-30,3930.59,3906.03,3944.85,3905.66,15.69634171,148.27129739
801780,2021-07-01,4003.62,3944.83,4003.91,3931.7,21.25448786,210.32478139
801780,2021-07-02,3900.1,3967.17,3967.17,3892.77,22.01558923,221.47170872
801780,2021-07-05,3902.21,3896.18,3903.71,3842.15,19.17091201,168.14696231
801780,2021-07-06,3929.22,3889.67,3936.19,3876.82,20.67383988,181.67728588
801780,2021-07-07,3916.72,3921.67,3950.95,3905.51,17.76363426,151.32941808
801780,2021-07-08,3805.74,3937.23,3937.23,3793.91,26.6355311,285.92094719
801780,2021-07-09,3764.45,3792.78,3814.42,3755.49,21.71266009,200.57490784
801780,2021-07-12,3755.3,3800.14,3807.5,3736.95,28.86982192,251.27203366
801780,2021-07-13,3747.01,3734.13,3765.61,3696.15,21.83609696,179.48183055
801780,2021-07-14,3682.86,3742.36,3742.36,3670.03,24.8912015,207.899658
801780,2021-07-15,3779.31,3678.44,3785.33,3678.32,26.38819912,240.03269299
801780,2021-07-16,3756.39,3759.03,3784.02,3743.76,18.74382796,156.90321817
801780,2021-07-19,3751.46,3756.36,3758.21,3693.93,18.85246126,154.98794995
801780,2021-07-20,3701.03,3733.73,3749.66,3692.51,15.29340759,134.67774875
801780,2021-07-21,3669.73,3692.73,3708.79,3656.24,17.33752036,154.04712577
801780,2021-07-22,3692.9,3667.78,3728.38,3662.25,16.49781814,150.87479754
801780,2021-07-23,3676.11,3691.88,3697.12,3657.06,16.17573977,136.39268753
801780,2021-07-26,3554.4,3658.78,3658.78,3553.67,24.267919,210.37166676
801780,2021-07-27,3457.86,3556.08,3563.67,3452.34,24.15212986,212.13778329
801780,2021-07-28,3500.66,3465.58,3522.36,3465.58,24.02416746,196.20602273
801780,2021-07-29,3481.93,3522.93,3522.93,3477.93,19.10109184,160.2547834
801780,2021-07-30,3425.19,3470.38,3470.38,3409.83,18.04928188,151.00387716
801780,2021-08-02,3476.53,3420.67,3497.64,3376.93,23.95691763,196.83972077
801780,2021-08-03,3458.9,3465.73,3469.54,3433.26,16.57348651,138.70906818
801780,2021-08-04,3428.66,3459.81,3461.07,3423.53,14.66250227,126.88496206
801780,2021-08-05,3421.06,3418.21,3448.02,3406.83,13.67264579,112.79270662
801780,2021-08-09,3526.6,3435.48,3558.39,3435.48,22.61767721,213.15633657
801780,2021-08-10,3594.65,3526.02,3603.68,3510.36,20.66414964,194.61037438
801780,2021-08-11,3626.58,3597.07,3666.65,3596.46,26.89169966,219.40739784
801780,2021-08-12,3609.62,3618.45,3639.9,3605.61,13.82970259,122.62746761
801780,2021-08-13,3615.26,3607.78,3621.46,3589.53,12.35837955,113.72731238
801780,2021-08-16,3609.99,3627.11,3629.32,3579.05,15.49593485,151.34664551
801780,2021-08-17,3571.43,3607.04,3640.4,3569.51,18.85555825,155.24718196
801780,2021-08-18,3700.33,3576.75,3725.56,3576.75,27.68876218,268.56359404
801780,2021-08-19,3625.32,3686.26,3688.97,3615.8,19.3266021,177.01731308
801780,2021-08-20,3598.02,3624.4,3646.25,3548.61,20.41554619,189.17333853
801780,2021-08-23,3605.79,3604.18,3641.45,3604.18,15.51333291,142.28633031
801780,2021-08-24,3618.86,3610.09,3645.52,3587.3,16.86653692,149.56406214
801780,2021-08-25,3584.12,3623.68,3631.45,3577.36,16.55488659,136.32763294
801780,2021-08-26,3525.37,3591.58,3591.58,3525.06,17.73810461,167.49993876
801780,2021-08-27,3538.16,3525.95,3563.03,3524.18,15.28775227,133.34893271
801780,2021-08-30,3472.43,3533.51,3533.9,3449.87,23.92948761,216.79950998
801780,2021-08-31,3520.28,3473.35,3523.34,3462.75,24.07724952,193.91623853
801780,2021-09-01,3604.26,3510.9,3610.85,3501.44,36.60046031,294.35201835
801780,2021-09-02,3639.88,3603.9,3642.6,3599.06,24.2782527,227.37884564
801780,2021-09-03,3650.15,3646.85,3681.6,3587.66,28.27099117,224.02287054
801780,2021-09-06,3640.99,3632.01,3676.28,3629.43,22.06790356,178.31791712
801780,2021-09-07,3710.32,3647.88,3719.89,3617.61,29.02862719,238.76230782
801780,2021-09-08,3704.15,3704.72,3739.16,3694.75,26.35621994,207.89022234
801780,2021-09-09,3690.22,3688.65,3700.46,3668.11,22.46677429,166.92328208
801780,2021-09-10,3777.01,3686.66,3808.5,3686.24,38.87848485,336.25105756
801780,2021-09-13,3769.51,3761.56,3783.94,3743.62,26.98219786,218.39686543
801780,2021-09-14,3665.11,3776.31,3786.05,3659.26,30.44095661,234.92689946
801780,2021-09-15,3635.63,3655.44,3670.31,3615.74,20.01546564,162.19045428
801780,2021-09-16,3598.79,3628.34,3651.68,3594.34,24.68770613,186.21059512
801780,2021-09-17,3607.31,3598.56,3619.69,3588.51,19.52584528,151.58700399
801780,2021-09-22,3525.49,3504.15,3543.55,3483.56,25.6244466,222.83242352
801780,2021-09-23,3523.07,3540.85,3581.25,3513.78,20.78071208,174.92990908
801780,2021-09-24,3496.8,3515.75,3529.07,3495.04,18.00774476,143.32014057
801780,2021-09-27,3498.01,3485.11,3515.34,3467.99,20.49838129,168.18844571
801780,2021-09-28,3559.38,3496.42,3574.12,3496.42,21.99750896,182.49875031
801780,2021-09-29,3595.21,3537.69,3617.82,3526.67,23.36320176,199.06083667
801780,2021-09-30,3553.63,3587.93,3587.93,3539.89,17.52535425,145.05795476
801780,2021-10-11,3695.6,3634.74,3732.29,3634.74,25.38217647,234.82440104
801780,2021-10-12,3696.35,3681.67,3728.28,3672.57,21.23582571,181.62373493
801780,2021-10-13,3690.69,3690.33,3704.65,3654.83,15.68297511,134.79648667
801780,2021-10-14,3652.3,3691.4,3703.97,3645.49,12.72206585,110.29088986
801780,2021-10-15,3686.34,3657.14,3698.8,3656.58,16.61421435,141.71457438
801780,2021-10-18,3653.79,3685.17,3685.17,3642.95,17.19992469,144.02701479
801780,2021-10-19,3682.46,3654.8,3700.82,3654.8,15.73623362,131.30696061
801780,2021-10-20,3656.53,3697.34,3704.32,3649.95,14.19536461,115.76241438
801780,2021-10-21,3735.2,3681.41,3736.97,3681.41,25.04351976,221.03565212
801780,2021-10-25,3746.4,3718.46,3753.27,3698.42,16.90957208,153.4170523
801780,2021-10-26,3748.34,3743.64,3773.6,3737.71,18.20726408,165.35747828
801780,2021-10-27,3713.85,3741.39,3741.39,3683.45,17.74438906,146.91515692
801780,2021-10-28,3689.26,3701.0,3713.35,3680.07,15.24403426,122.62806626
801780,2021-10-29,3672.76,3702.72,3707.68,3664.33,19.25998942,164.72665407
801780,2021-11-01,3709.48,3671.35,3730.24,3655.09,27.57618251,211.13175198
801780,2021-11-02,3601.17,3713.95,3713.95,3586.17,30.25903583,267.12874635
801780,2021-11-03,3596.99,3602.01,3607.67,3589.84,16.59108412,140.62655254
801780,2021-11-04,3584.07,3602.92,3604.53,3573.53,14.44838197,124.50591486
801780,2021-11-05,3568.73,3576.75,3585.13,3566.16,14.30717074,120.84585561
801780,2021-11-08,3554.01,3562.72,3568.49,3554.01,14.91732739,128.71950044
801780,2021-11-09,3554.82,3562.88,3567.14,3536.57,12.65097203,114.04646541
801780,2021-11-10,3542.03,3551.28,3551.28,3517.39,15.17486123,131.35066914
801780,2021-11-11,3639.79,3537.77,3639.79,3537.77,21.04649916,205.86209355
801780,2021-11-12,3625.25,3639.18,3648.78,3620.22,13.73065822,116.05861761
801780,2021-11-15,3646.82,3633.08,3661.51,3621.32,12.07119755,101.81025845
801780,2021-11-16,3624.04,3643.13,3658.56,3611.34,12.42345067,99.31050668
801780,2021-11-17,3595.68,3611.47,3628.16,3595.39,12.4644777,98.57176387
801780,2021-11-18,3570.54,3591.32,3591.32,3567.76,12.01880025,99.06876065
801780,2021-11-19,3612.17,3570.57,3619.59,3569.68,14.9801524,125.49491425
801780,2021-11-22,3577.6,3604.44,3604.44,3577.09,14.83044511,135.37437804
801780,2021-11-23,3583.59,3579.78,3602.93,3573.66,13.61015412,129.11898175
801780,2021-11-24,3587.83,3579.08,3594.26,3565.39,12.87424007,105.76448144
801780,2021-11-25,3575.3,3582.87,3582.87,3569.61,10.21868227,75.85456828
801780,2021-11-26,3542.09,3567.54,3567.54,3538.72,13.40849927,122.14743103
801780,2021-11-29,3527.33,3524.24,3535.67,3506.68,16.36919245,132.39743491
801780,2021-11-30,3517.5,3522.25,3536.46,3504.78,15.29918353,119.13833328
801780,2021-12-01,3542.69,3516.69,3544.45,3514.78,14.30455865,109.86122648
801780,2021-12-02,3559.39,3539.86,3568.82,3517.85,16.67749889,146.30279085
801780,2021-12-03,3582.41,3562.93,3582.41,3538.29,15.27408609,134.42388516
801780,2021-12-06,3601.31,3591.32,3632.84,3591.32,23.36868746,206.20453649
801780,2021-12-07,3632.98,3629.61,3644.8,3595.76,24.74751144,218.93633775
801780,2021-12-08,3636.25,3634.72,3640.16,3611.18,19.85707988,163.33472043
801780,2021-12-09,3674.79,3639.17,3709.47,3630.92,28.76682385,238.55083409
801780,2021-12-10,3669.22,3656.86,3683.82,3647.21,28.20180752,202.63252628
801780,2021-12-13,3636.68,3672.4,3703.74,3636.68,23.98717523,200.94821845
801780,2021-12-14,3583.81,3628.57,3629.6,3577.89,21.70204827,193.35179885
801780,2021-12-15,3578.84,3575.45,3587.05,3570.57,15.6272881,129.71800177
801780,2021-12-16,3603.08,3579.63,3605.05,3571.05,15.78690202,127.61307465
801780,2021-12-17,3587.91,3600.45,3608.35,3585.02,15.22588254,125.02431493
801780,2021-12-20,3584.13,3580.81,3605.09,3577.46,16.08501578,128.46787012
801780,2021-12-21,3597.96,3580.63,3614.63,3580.31,23.43797014,158.00195451
801780,2021-12-22,3568.93,3604.0,3604.0,3567.56,17.67535528,131.07126439
801780,2021-12-23,3572.74,3575.76,3579.0,3559.6,14.61381573,130.60513338
801780,2021-12-24,3558.96,3575.5,3575.5,3557.34,13.0577392,101.00963475
801780,2021-12-27,3539.42,3559.86,3563.65,3529.78,13.47502811,129.84266915
801780,2021-12-28,3554.42,3541.25,3562.44,3541.25,17.4461672,144.8293018
801780,2021-12-29,3506.34,3555.33,3555.33,3506.07,14.74726095,166.72329792
801780,2021-12-30,3527.99,3510.42,3540.51,3510.42,15.47463644,145.27890923
801780,2021-12-31,3527.37,3531.12,3533.04,3521.97,14.5162331,126.92227086
801780,2022-01-04,3534.39,3527.66,3534.39,3498.55,22.02175414,174.56122191
801780,2022-01-05,3596.61,3535.81,3612.89,3533.12,36.43852911,288.07637959
801780,2022-01-06,3573.51,3590.19,3596.16,3569.9,22.5571957,181.64474369
801780,2022-01-07,3629.18,3574.99,3630.37,3574.99,33.8215248,235.72515219
801780,2022-01-10,3642.84,3643.38,3663.1,3612.63,27.2640751,214.27368585
801780,2022-01-11,3684.26,3654.11,3697.34,3637.95,29.36633428,254.16656688
801780,2022-01-12,3675.05,3689.37,3691.8,3651.11,27.35647081,218.92255079
801780,2022-01-13,3672.5,3672.39,3712.75,3666.7,28.47792993,203.88998599
801780,2022-01-14,3590.01,3670.24,3670.24,3588.35,30.80795856,240.85101179
801780,2022-01-17,3589.65,3594.53,3616.85,3573.67,19.1428484,155.1096561
801780,2022-01-18,3659.9,3595.9,3661.71,3590.18,26.54469225,215.15877474
801780,2022-01-19,3683.04,3661.69,3689.64,3656.95,22.49022743,194.66151943
801780,2022-01-20,3760.25,3685.93,3775.8,3681.28,38.9417269,348.72479999
801780,2022-01-21,3745.03,3753.37,3757.22,3730.74,24.51031904,210.7622667
801780,2022-01-24,3740.83,3744.21,3753.4,3710.53,23.16271845,189.74459908
801780,2022-01-25,3678.05,3726.11,3726.11,3678.05,26.53608715,204.10527845
801780,2022-01-26,3683.62,3687.2,3696.52,3663.71,20.31141885,156.97503682
801780,2022-01-27,3667.61,3675.57,3694.38,3647.96,23.69744536,181.29443651
801780,2022-01-28,3609.43,3678.05,3679.72,3609.43,26.2450307,205.52530245
801780,2022-02-07,3723.58,3657.82,3725.55,3657.82,30.43999804,248.19535179
801780,2022-02-08,3776.54,3724.37,3778.26,3724.37,42.29286631,289.71713668
801780,2022-02-09,3761.11,3781.81,3799.66,3752.17,34.51156645,246.46600115
801780,2022-02-10,3790.36,3763.08,3790.36,3739.72,26.65401107,186.07546013
801780,2022-02-11,3833.17,3791.64,3850.65,3791.64,33.29818969,272.61999922
801780,2022-02-14,3743.6,3831.31,3831.31,3736.83,30.26564779,229.61744502
801780,2022-02-15,3695.66,3732.94,3752.91,3677.87,26.23593422,212.24479774
801780,2022-02-16,3732.3,3709.65,3746.89,3709.08,18.10598148,143.28130416
801780,2022-02-17,3743.2,3738.14,3772.05,3728.78,19.84095223,160.1914663
801780,2022-02-18,3791.02,3733.4,3791.02,3733.4,20.27094783,156.49822171
801780,2022-02-21,3772.32,3777.62,3777.62,3732.17,18.86999238,143.16986966
801780,2022-02-22,3752.2,3749.73,3765.36,3736.89,18.44626092,152.6899479
801780,2022-02-23,3719.88,3757.73,3757.73,3711.12,21.34096419,165.35832859
801780,2022-02-24,3666.64,3710.34,3713.56,3661.04,28.51783037,203.29995527
801780,2022-02-25,3649.63,3673.97,3686.97,3637.38,22.54938629,170.15015786
801780,2022-02-28,3645.78,3641.82,3647.6,3611.51,20.18968386,147.56439373
801780,2022-03-01,3678.73,3650.87,3684.14,3631.07,21.33925445,169.07718791
801780,2022-03-02,3661.56,3654.91,3681.14,3654.89,17.60131467,136.48684989
801780,2022-03-04,3650.58,3676.68,3676.68,3634.91,20.88666248,162.39906275
801780,2022-03-07,3574.25,3623.88,3623.88,3566.34,24.75841956,208.67757446
801780,2022-03-08,3495.28,3562.49,3570.31,3489.97,27.23248678,209.77381652
801780,2022-03-09,3436.38,3504.71,3510.14,3362.26,38.82185643,269.0146485
801780,2022-03-10,3463.67,3492.82,3501.25,3463.67,24.55148854,193.42412162
801780,2022-03-11,3481.89,3446.59,3489.13,3404.63,27.78495407,204.10243416
801780,2022-03-14,3389.86,3438.06,3468.66,3389.86,24.65683535,193.70089293
801780,2022-03-15,3230.56,3369.33,3369.33,3230.06,42.57913758,304.83207976
801780,2022-03-16,3356.78,3264.55,3370.82,3222.78,38.67581307,289.1248364
801780,2022-03-17,3395.51,3410.33,3435.2,3375.85,33.1708531,261.10908647
801780,2022-03-18,3474.25,3389.59,3475.12,3384.87,35.70882114,264.71884168
801780,2022-03-21,3424.89,3465.96,3469.76,3415.62,23.30305447,185.43699668
801780,2022-03-22,3487.72,3427.47,3500.39,3427.47,27.94155653,199.29142945
801780,2022-03-24,3474.97,3450.09,3485.49,3439.54,18.14253924,142.21279867
801780,2022-03-25,3469.95,3475.43,3500.82,3458.8,20.12167308,144.7447368
801780,2022-03-28,3482.07,3449.83,3496.53,3419.81,27.80817499,174.80898171
801780,2022-03-29,3487.71,3483.62,3498.15,3477.49,21.15143796,139.1951082
801780,2022-03-30,3536.81,3498.76,3536.96,3486.09,28.15167099,191.85086569
801780,2022-04-01,3649.56,3567.53,3649.56,3566.33,39.18579955,274.94914846
801780,2022-04-06,3705.85,3620.95,3720.73,3620.95,46.11044307,324.05458
801780,2022-04-07,3663.51,3699.77,3725.41,3663.51,38.98348951,269.18866428
801780,2022-04-08,3693.8,3663.05,3693.96,3649.92,29.67981044,208.8649675
801780,2022-04-11,3635.29,3677.13,3677.13,3623.99,28.37478521,204.70194029
801780,2022-04-12,3638.03,3634.78,3665.68,3595.07,30.72399184,220.28167676
801780,2022-04-13,3635.57,3631.61,3666.11,3629.59,24.5459178,177.16360838
801780,2022-04-15,3685.86,3618.29,3696.25,3615.25,27.28577375,209.89063082
801780,2022-04-18,3576.3,3646.05,3646.05,3565.73,29.07420897,286.31135075
801780,2022-04-19,3561.77,3550.16,3570.16,3517.66,23.64485759,252.82414607
801780,2022-04-20,3520.59,3556.81,3564.66,3516.68,20.97286258,184.56072914
801780,2022-04-21,3509.8,3506.16,3562.43,3496.24,27.67962396,210.58304446
801780,2022-04-22,3572.06,3486.71,3585.88,3486.71,29.53230609,232.46405404
801780,2022-04-25,3406.68,3503.91,3517.45,3406.46,41.75465443,345.23956129
801780,2022-04-26,3393.25,3414.68,3438.33,3383.89,32.76532862,246.19412853
801780,2022-04-27,3396.7,3375.05,3421.36,3374.07,33.74440023,261.90259751
801780,2022-04-28,3462.34,3392.56,3464.0,3392.56,30.60406907,244.42113297
801780,2022-04-29,3455.55,3452.45,3466.99,3393.35,35.46934835,276.20216646
801780,2022-05-06,3366.55,3407.4,3410.47,3363.29,22.83239606,170.29775731
801780,2022-05-10,3340.74,3291.44,3347.87,3263.25,26.21626805,200.24649342
801780,2022-05-11,3328.64,3333.99,3347.99,3323.6,26.67609654,191.12282178
801780,2022-05-12,3305.82,3311.66,3321.75,3297.66,17.85100587,130.49991893
801780,2022-05-13,3344.83,3322.33,3357.41,3322.33,19.26738991,151.76518526
801780,2022-05-16,3315.2,3345.66,3345.66,3299.6,20.59280596,157.65665256
801780,2022-05-17,3357.14,3328.76,3367.39,3322.78,22.7885285,183.08593665
801780,2022-05-18,3333.69,3369.08,3369.08,3317.53,19.55536063,162.19142689
801780,2022-05-19,3314.18,3303.59,3319.3,3296.62,18.59316233,132.3638577
801780,2022-05-20,3373.57,3331.6,3378.34,3331.6,24.14485762,202.16369395
801780,2022-05-23,3355.11,3376.18,3376.18,3348.98,18.79361802,141.18461205
801780,2022-05-24,3320.11,3361.29,3367.22,3319.55,22.47953047,157.14943761
801780,2022-05-25,3329.19,3324.45,3334.25,3315.73,16.71148355,115.3789738
801780,2022-05-26,3321.16,3332.21,3332.21,3298.46,19.17994401,142.66075742
801780,2022-05-27,3341.31,3333.84,3354.36,3329.39,16.52926328,126.89630198
801780,2022-05-30,3318.03,3354.06,3354.06,3312.03,20.4998713,139.94016955
801780,2022-05-31,3336.68,3316.51,3340.41,3309.99,21.85738499,156.57973815
801780,2022-06-01,3327.8,3337.52,3337.52,3316.06,17.91267883,125.16015526
801780,2022-06-02,3306.05,3314.33,3316.56,3298.36,17.08524129,126.0840974
801780,2022-06-06,3303.83,3300.74,3304.81,3263.77,29.62337167,216.8979725
801780,2022-06-07,3338.98,3299.72,3345.63,3294.46,24.53059138,191.19642772
801780,2022-06-08,3346.19,3338.27,3346.47,3321.99,21.7630851,160.1360271
801780,2022-06-09,3390.8,3345.79,3396.09,3344.83,28.31585537,223.00613915
801780,2022-06-10,3403.98,3376.16,3405.95,3364.04,33.7897295,227.73606384
801780,2022-06-13,3333.57,3379.74,3379.84,3319.66,27.52042175,208.56222674
801780,2022-06-14,3385.59,3313.8,3385.59,3313.8,28.98488023,192.05596402
801780,2022-06-15,3448.47,3385.72,3494.68,3385.51,50.12989133,374.51452515
801780,2022-06-16,3382.53,3435.39,3437.91,3380.76,30.31402691,212.89378191
801780,2022-06-17,3378.13,3368.26,3389.3,3349.99,23.59075005,165.92423799
801780,2022-06-20,3353.46,3377.33,3377.33,3347.5,22.42372691,165.45418632
801780,2022-06-21,3385.11,3356.13,3396.57,3354.84,23.61496223,166.62768723
801780,2022-06-22,3340.13,3385.55,3385.55,3339.82,19.94312569,145.98444251
801780,2022-06-23,3371.41,3345.29,3372.19,3344.98,20.78248787,143.16715004
801780,2022-06-24,3355.0,3366.89,3371.53,3338.11,22.04374831,164.64471235
801780,2022-06-27,3392.49,3357.96,3396.03,3355.84,26.27093871,201.88415637
801780,2022-06-28,3408.52,3389.42,3409.69,3383.78,23.04349065,164.13223696
801780,2022-06-29,3411.45,3397.42,3433.25,3394.01,24.68424496,184.09440284
801780,2022-06-30,3442.09,3405.89,3455.9,3399.61,26.32188979,217.10414228
801780,2022-07-01,3425.88,3444.97,3444.97,3421.8,17.08020827,139.40340618
801780,2022-07-04,3409.91,3422.08,3425.03,3400.01,21.32412725,162.63907772
801780,2022-07-05,3411.2,3419.14,3435.1,3400.47,19.66042373,150.22230537
801780,2022-07-06,3360.95,3408.17,3408.17,3351.42,22.79489697,168.81204689
801780,2022-07-07,3355.7,3362.62,3373.66,3350.99,17.08640303,125.06981987
801780,2022-07-08,3348.66,3362.84,3362.84,3334.55,17.54929201,122.57130051
801780,2022-07-11,3345.02,3345.36,3352.48,3337.84,26.20265927,161.66948592
801780,2022-07-12,3333.76,3321.29,3355.63,3321.29,28.44860165,182.90012742
801780,2022-07-13,3254.11,3325.6,3329.31,3248.93,33.00549599,257.28524984
801780,2022-07-14,3184.79,3227.12,3227.12,3154.9,40.29031392,327.71818979
801780,2022-07-15,3108.49,3145.88,3170.39,3108.49,30.98975837,229.07086268
801780,2022-07-18,3151.36,3122.59,3158.04,3122.59,21.68255939,162.63608461
801780,2022-07-19,3165.27,3150.27,3171.25,3145.34,19.4791069,130.69006321
801780,2022-07-20,3179.82,3177.77,3185.0,3173.01,17.33102475,121.51283251
801780,2022-07-21,3124.13,3167.2,3167.2,3124.13,18.86346798,148.54571022
801780,2022-07-22,3134.96,3127.78,3150.07,3117.91,15.84378898,117.13575472
801780,2022-07-25,3146.84,3129.42,3148.56,3123.38,12.71000311,92.58642602
801780,2022-07-26,3175.92,3146.73,3178.61,3146.73,16.05842419,116.37013398
801780,2022-07-27,3158.98,3175.47,3175.47,3154.89,12.88055105,93.44210649
801780,2022-07-28,3150.49,3161.63,3171.96,3149.52,14.51365622,104.76345943
801780,2022-07-29,3121.72,3154.22,3163.16,3116.88,16.097955,116.68819011
801780,2022-08-01,3087.89,3115.5,3115.5,3087.01,15.81568102,130.15150346
801780,2022-08-02,3044.04,3068.43,3068.43,3019.69,23.85074182,171.09446347
801780,2022-08-03,3006.84,3041.67,3059.35,3006.57,17.47879885,130.9107403
801780,2022-08-04,3037.7,3021.43,3038.74,3017.04,16.88347607,109.65511731
801780,2022-08-05,3068.78,3042.14,3069.46,3029.13,13.85796121,95.89241662
801780,2022-08-08,3052.14,3065.12,3083.23,3046.36,12.66816917,90.4446428
801780,2022-08-09,3037.05,3055.06,3055.06,3036.08,10.22298971,77.24136467
801780,2022-08-10,3018.48,3039.03,3046.56,3014.2,9.98824036,80.2370717
801780,2022-08-11,3076.18,3032.31,3076.64,3023.1,18.24562302,138.74591354
801780,2022-08-12,3081.54,3066.95,3085.45,3058.84,14.69819393,101.96049871
801780,2022-08-15,3041.28,3069.55,3077.4,3037.12,15.24367477,116.62774543
801780,2022-08-16,3042.56,3042.8,3057.68,3037.05,12.15010063,87.20283919
801780,2022-08-17,3075.51,3049.32,3078.44,3031.5,16.05825967,116.6272393
801780,2022-08-18,3039.26,3070.91,3070.91,3033.06,13.12424834,104.27872078
801780,2022-08-19,3053.13,3030.89,3069.31,3030.89,15.18314228,118.30320505
801780,2022-08-22,3047.75,3042.01,3068.34,3042.01,13.62870773,103.94297906
801780,2022-08-23,3020.56,3045.43,3045.43,3015.93,15.39292227,114.32493342
801780,2022-08-24,3011.47,3021.48,3041.19,3010.43,15.48442933,112.11995153
801780,2022-08-25,3054.89,3017.05,3058.64,3009.36,14.87734526,117.21055934
801780,2022-08-26,3059.47,3057.59,3067.57,3039.14,13.10177775,104.15006429
801780,2022-08-29,3023.53,3032.27,3044.47,3010.06,17.2612275,133.9255166
801780,2022-08-30,3039.2,3021.15,3041.91,3015.28,16.56840283,123.67505166
801780,2022-08-31,3088.68,3030.68,3096.33,3030.68,27.21148794,224.00617947
801780,2022-09-01,3074.76,3080.26,3095.8,3072.24,16.19284141,120.48237477
801780,2022-09-02,3068.12,3081.26,3092.8,3060.82,14.73308793,102.80482965
801780,2022-09-05,3078.37,3064.47,3079.63,3044.47,14.90457672,102.62940029
801780,2022-09-06,3065.22,3081.83,3099.08,3061.06,16.50141867,127.36416755
801780,2022-09-07,3051.09,3057.59,3057.59,3040.42,13.5236575,103.28683734
801780,2022-09-08,3063.45,3055.08,3073.11,3051.08,13.93573454,110.40761565
801780,2022-09-09,3116.84,3071.31,3125.34,3070.84,23.13127834,198.50214189
801780,2022-09-13,3144.4,3124.15,3157.08,3110.61,22.6761329,194.30336869
801780,2022-09-14,3117.68,3117.16,3137.99,3115.82,15.97930362,113.63079438
801780,2022-09-15,3155.29,3132.22,3165.13,3132.22,27.1266222,208.92054811
801780,2022-09-16,3090.47,3147.35,3151.52,3090.47,24.59937447,168.58911556
801780,2022-09-19,3102.29,3092.9,3109.63,3088.99,17.40411484,108.43338362
801780,2022-09-20,3071.6,3106.56,3106.56,3069.21,15.89817643,106.61948679
801780,2022-09-21,3083.63,3070.46,3098.36,3053.81,15.57455693,103.57065975
801780,2022-09-22,3074.26,3068.72,3075.41,3058.86,14.79236601,93.91200518
801780,2022-09-23,3087.58,3067.79,3101.92,3067.79,19.91162355,112.86001145
801780,2022-09-26,3038.0,3072.01,3088.51,3038.0,21.67102654,132.76480607
801780,2022-09-27,3049.16,3038.02,3053.13,3016.26,15.65104296,103.82419346
801780,2022-09-28,3051.3,3042.34,3070.07,3028.54,18.45480712,120.17399535
801780,2022-09-29,3014.63,3067.21,3072.37,3008.77,17.18965632,119.15541809
801780,2022-09-30,3034.49,3020.42,3046.53,3020.42,15.1212348,99.0080205
801780,2022-10-10,2990.41,3017.08,3017.08,2984.95,25.65711281,165.88688901
801780,2022-10-11,2980.8,2995.89,3007.73,2978.47,18.26054739,109.13824303
801780,2022-10-12,2992.02,2977.44,2992.02,2953.91,19.47052473,133.98926395
801780,2022-10-13,2943.86,2977.52,2982.77,2938.74,18.78218306,144.46022245
801780,2022-10-14,2977.62,2959.45,2990.19,2959.45,22.37439725,159.95589531
801780,2022-10-17,2973.82,2965.43,2979.83,2955.35,16.15879853,110.58694079
801780,2022-10-18,2968.85,2987.9,2993.97,2964.15,15.27052352,106.71857171
801780,2022-10-19,2933.28,2961.36,2973.97,2933.25,13.86659582,103.16967442
801780,2022-10-20,2924.33,2926.52,2938.35,2920.06,15.936787,104.91880128
801780,2022-10-21,2910.95,2928.8,2935.55,2905.87,16.63979673,107.00288864
801780,2022-10-24,2827.91,2909.35,2909.74,2825.64,29.28099362,200.17696552
801780,2022-10-25,2823.36,2832.81,2843.51,2812.2,21.46338412,144.93224437
801780,2022-10-26,2798.52,2821.28,2829.29,2793.55,26.46061458,160.25244039
801780,2022-10-27,2792.36,2806.56,2817.15,2792.36,22.36443752,132.13799235
801780,2022-10-28,2771.33,2786.28,2804.04,2767.79,21.51698219,140.28809009
801780,2022-10-31,2738.01,2758.13,2760.26,2731.29,26.90315511,159.78705115
801780,2022-11-01,2788.34,2745.69,2788.34,2745.69,34.64180902,190.76264837
801780,2022-11-02,2786.63,2778.12,2796.05,2764.47,24.80269362,152.65053051
801780,2022-11-03,2762.18,2776.85,2777.03,2752.56,14.95990108,99.47556042
801780,2022-11-04,2817.93,2758.36,2824.45,2758.36,24.74387462,157.76285109
801780,2022-11-07,2816.39,2805.36,2823.19,2800.94,19.57938812,122.3224376
801780,2022-11-08,2814.67,2816.78,2821.66,2804.33,14.5876751,87.49330011
801780,2022-11-09,2816.15,2813.45,2835.2,2812.01,12.60335264,85.45599029
801780,2022-11-10,2821.42,2804.18,2823.06,2793.52,15.17919865,86.76894217
801780,2022-11-11,2920.32,2858.78,2946.22,2850.12,33.9176403,256.92161304
801780,2022-11-14,2985.56,2960.04,3019.07,2960.04,34.6579648,297.47247596
801780,2022-11-15,2993.14,2980.14,3016.84,2970.97,21.72451456,163.46376703
801780,2022-11-16,2974.17,2988.24,2988.24,2972.36,16.43628738,119.30875386
801780,2022-11-17,2950.64,2968.73,2968.73,2937.24,15.41002388,118.54387474
801780,2022-11-18,2933.72,2955.65,2959.8,2926.8,17.30793178,111.83383183
801780,2022-11-21,2924.78,2918.88,2928.65,2897.07,15.08952209,100.56007338
801780,2022-11-22,2977.86,2929.1,2993.21,2929.1,26.21201373,164.08876463
801780,2022-11-23,2987.25,2977.62,3022.63,2977.62,28.61367243,166.70926567
801780,2022-11-24,2981.86,3002.93,3012.94,2976.2,16.07995102,98.5859828
801780,2022-11-25,3052.53,2981.31,3058.35,2981.31,37.65197747,224.74151119
801780,2022-11-28,2995.92,3008.52,3008.52,2966.14,28.6560198,171.98892611
801780,2022-11-29,3138.68,3028.14,3152.03,3028.14,50.21386574,372.24852744
801780,2022-11-30,3124.74,3122.43,3163.19,3116.36,33.59832024,231.54684181
801780,2022-12-01,3107.64,3165.74,3176.58,3105.17,28.80715268,193.95119952
801780,2022-12-02,3082.75,3108.68,3110.12,3060.5,20.75113917,148.69493947
801780,2022-12-05,3171.46,3109.52,3174.05,3105.21,32.36904774,221.35144923
801780,2022-12-06,3165.56,3158.58,3172.88,3142.85,24.12071734,154.68398927
801780,2022-12-07,3130.46,3160.47,3164.89,3128.45,23.30973183,153.33022291
801780,2022-12-08,3156.99,3129.61,3171.26,3129.61,21.81657516,134.62480761
801780,2022-12-09,3194.7,3167.75,3207.14,3160.44,29.75146862,203.40842112
801780,2022-12-12,3129.95,3179.13,3179.13,3127.12,23.41774172,152.340165
801780,2022-12-13,3155.71,3129.42,3164.17,3129.42,17.47668818,112.90258011
801780,2022-12-14,3169.03,3160.6,3179.62,3140.91,16.57531886,115.20308316
801780,2022-12-15,3130.46,3158.41,3163.98,3129.94,14.56034041,97.41941045
801780,2022-12-16,3169.45,3124.13,3176.07,3124.13,20.0698545,130.08996563
801780,2022-12-19,3117.25,3167.48,3179.0,3106.52,18.69118446,123.1314981
801780,2022-12-20,3071.57,3108.45,3122.39,3059.97,17.61277817,122.33075658
801780,2022-12-21,3087.45,3083.79,3101.96,3075.12,11.47963036,74.81595919
801780,2022-12-22,3099.47,3111.42,3125.69,3087.85,12.01486654,78.26674721
801780,2022-12-23,3087.2,3085.22,3111.06,3080.92,11.36209814,72.69051301
801780,2022-12-26,3071.08,3087.33,3096.51,3070.15,13.77346587,89.52559179
801780,2022-12-27,3125.02,3091.92,3137.95,3091.92,16.34432941,105.26189711
801780,2022-12-28,3156.62,3127.59,3171.7,3126.95,17.59954274,116.44159623
801780,2022-12-29,3139.41,3141.52,3143.68,3114.86,16.02506932,105.16963345
801780,2022-12-30,3158.22,3147.19,3171.56,3141.06,19.11332483,119.81930091
801780,2023-01-03,3173.73,3153.66,3181.61,3121.83,22.20197539,159.01270408
801780,2023-01-04,3238.1,3180.44,3244.13,3176.22,28.1056796,201.55347405
801780,2023-01-05,3234.08,3251.63,3264.56,3226.53,20.39662605,147.95123313
801780,2023-01-06,3227.64,3238.17,3242.81,3207.88,18.24852164,131.81563407
801780,2023-01-09,3234.32,3234.84,3246.91,3221.58,15.38732012,112.78515061
801780,2023-01-10,3197.95,3233.83,3233.83,3197.95,15.91953701,117.70875004
801780,2023-01-11,3229.17,3202.77,3240.9,3200.01,15.0266272,115.37162848
801780,2023-01-12,3230.08,3238.76,3238.76,3213.39,14.0949675,91.91315288
801780,2023-01-13,3265.1,3232.26,3265.1,3230.2,16.24280248,112.75604183
801780,2023-01-16,3274.62,3272.94,3309.05,3263.16,28.84168378,201.07030996
801780,2023-01-17,3273.68,3275.9,3281.01,3257.31,18.00901617,126.03176348
801780,2023-01-18,3274.45,3274.15,3284.86,3263.77,18.62902521,114.60729755
801780,2023-01-19,3277.02,3268.87,3277.02,3248.92,15.59303329,114.16248195
801780,2023-01-20,3284.26,3285.17,3285.17,3271.77,16.73223609,114.02108671
801780,2023-01-30,3296.51,3334.32,3334.32,3295.25,24.74873416,188.26210979
801780,2023-01-31,3263.33,3304.26,3315.18,3263.33,18.2239818,143.28011957
801780,2023-02-01,3246.08,3274.11,3276.08,3224.44,20.98057545,168.90272608
801780,2023-02-02,3227.63,3252.62,3252.62,3212.14,19.08361217,146.66926644
801780,2023-02-03,3195.94,3217.53,3217.53,3184.17,18.25500584,130.17702531
801780,2023-02-06,3164.74,3176.44,3176.44,3150.76,17.2896008,135.29439987
801780,2023-02-07,3175.18,3171.03,3188.3,3168.48,13.80296689,101.97198186
801780,2023-02-08,3169.31,3179.86,3186.86,3166.8,13.13883515,87.20197658
801780,2023-02-09,3179.82,3166.36,3191.89,3164.54,16.08417176,115.93254096
801780,2023-02-10,3175.53,3176.15,3177.35,3160.64,15.28348533,104.90009227
801780,2023-02-13,3150.19,3168.82,3168.82,3131.91,22.98148411,181.91329381
801780,2023-02-14,3163.77,3154.72,3163.99,3150.5,15.80157316,120.41506821
801780,2023-02-15,3132.65,3164.03,3164.03,3129.17,15.89223928,124.91601868
801780,2023-02-16,3129.22,3133.76,3161.68,3120.7,21.52325405,149.46951006
801780,2023-02-17,3103.01,3126.62,3133.32,3103.01,18.33846569,128.67995356
801780,2023-02-20,3187.51,3112.05,3187.51,3112.05,26.69950074,212.45499229
801780,2023-02-21,3191.6,3183.25,3193.66,3172.1,18.8205329,132.7351699
801780,2023-02-22,3167.15,3181.08,3182.12,3166.67,12.68935603,90.57335591
801780,2023-02-23,3170.35,3170.51,3191.26,3166.88,16.46730808,106.44429334
801780,2023-02-24,3143.17,3169.93,3169.93,3141.49,14.96310484,103.87902577
801780,2023-02-27,3127.16,3135.07,3144.26,3126.73,13.78739269,91.26954589
801780,2023-02-28,3139.45,3132.72,3140.67,3117.34,14.58909813,97.87661875
801780,2023-03-01,3178.12,3139.2,3178.67,3139.2,21.24430726,146.7739537
801780,2023-03-02,3187.21,3173.61,3196.38,3167.55,18.72368933,121.88233743
801780,2023-03-03,3212.64,3196.94,3215.25,3183.53,29.81226491,164.51707343
801780,2023-03-06,3161.51,3210.47,3213.37,3158.47,28.21398472,192.88284954
801780,2023-03-07,3161.78,3161.51,3220.99,3159.29,53.10482519,297.69052221
801780,2023-03-08,3141.78,3145.91,3145.91,3121.23,26.68211679,168.26018725
801780,2023-03-09,3122.18,3143.13,3154.61,3122.18,24.19319646,152.20211038
801780,2023-03-10,3079.51,3098.05,3120.5,3079.51,23.7812584,146.46460932
801780,2023-03-13,3086.19,3069.4,3093.96,3068.7,21.37134472,133.82799953
801780,2023-03-14,3061.86,3068.93,3085.48,3050.76,21.95598188,138.52349045
801780,2023-03-15,3091.25,3089.72,3107.05,3083.33,22.36174509,142.33301894
801780,2023-03-16,3095.85,3074.19,3126.99,3069.88,38.16309389,196.90485243
801780,2023-03-17,3089.57,3113.21,3129.93,3082.65,32.39867995,201.38033956
801780,2023-03-20,3082.25,3091.81,3120.55,3081.28,33.09495717,186.06526301
801780,2023-03-21,3074.38,3089.57,3108.4,3066.53,25.06491664,138.22522496
801780,2023-03-22,3103.49,3086.43,3110.03,3080.2,21.02953826,131.59939002
801780,2023-03-23,3125.9,3093.21,3128.18,3093.18,20.93255377,128.97598718
801780,2023-03-24,3092.08,3119.76,3119.76,3089.9,20.82873102,126.09377408
801780,2023-03-27,3062.58,3093.55,3093.55,3053.46,24.91366407,136.99142802
801780,2023-03-28,3076.49,3072.44,3082.85,3061.23,18.17530161,111.20727755
801780,2023-03-29,3064.61,3087.17,3087.17,3062.6,18.29384378,103.94049004
801780,2023-03-30,3086.51,3070.71,3087.84,3051.55,22.10395785,135.68697411
801780,2023-03-31,3072.81,3087.03,3104.93,3068.66,23.45570787,145.18629373
801780,2023-04-03,3077.59,3074.14,3081.26,3065.34,21.33999468,128.88245735
801780,2023-04-04,3093.97,3077.91,3093.97,3073.39,24.04822393,138.47469886
801780,2023-04-06,3080.49,3087.5,3089.22,3076.7,18.3245403,110.57275861
801780,2023-04-07,3089.61,3082.03,3093.27,3076.78,13.93384927,91.54321124
801780,2023-04-10,3095.48,3089.61,3098.76,3081.58,18.83552278,111.47088027
801780,2023-04-11,3086.25,3098.7,3099.34,3081.31,20.0909403,129.0930307
801780,2023-04-12,3097.93,3093.0,3107.83,3085.53,26.22551387,148.08572745
801780,2023-04-13,3124.29,3093.97,3135.1,3084.16,25.10357167,163.83048608
801780,2023-04-14,3137.23,3130.59,3152.2,3121.41,19.66490446,142.98473702
801780,2023-04-17,3194.11,3133.54,3194.11,3128.16,34.1481624,221.68468284
801780,2023-04-18,3226.94,3193.02,3247.65,3193.02,38.51380897,258.16947924
801780,2023-04-19,3221.27,3230.06,3242.83,3209.43,31.51585674,196.5803228
801780,2023-04-20,3213.75,3223.98,3233.81,3188.19,29.10114868,180.42749817
801780,2023-04-21,3173.8,3212.34,3227.48,3173.71,30.81554221,185.38024193
801780,2023-04-24,3145.83,3175.12,3190.96,3142.49,30.11398769,200.28346447
801780,2023-04-25,3199.0,3149.38,3199.0,3149.38,40.76299852,247.84076876
801780,2023-04-26,3174.55,3189.42,3189.42,3135.08,38.43511473,227.74600049
801780,2023-04-27,3166.32,3154.08,3170.35,3136.52,29.20589676,214.07856351
801780,2023-04-28,3201.38,3163.8,3221.08,3163.16,33.42425252,237.12575299
801780,2023-05-04,3282.58,3168.8,3284.84,3153.08,67.81958036,402.59914328
801780,2023-05-05,3321.28,3286.92,3367.15,3286.92,64.78148689,388.94753956
801780,2023-05-08,3459.66,3331.51,3495.1,3327.64,101.01473194,609.39446443
801780,2023-05-09,3424.99,3489.13,3521.14,3413.06,99.32516935,589.62576114
801780,2023-05-10,3320.0,3410.32,3414.82,3307.82,75.74769787,414.83539469
801780,2023-05-11,3309.5,3326.78,3367.82,3306.73,42.87681001,238.6632955
801780,2023-05-12,3280.37,3306.85,3320.21,3277.97,36.7784963,209.44069968
801780,2023-05-15,3314.56,3277.19,3320.29,3234.3,51.23124383,275.13563638
801780,2023-05-16,3309.16,3317.69,3357.82,3300.96,39.18772307,221.52178622
801780,2023-05-17,3283.7,3301.52,3319.06,3274.8,26.09668916,154.84472623
801780,2023-05-18,3311.88,3296.79,3341.36,3296.79,38.11725,214.74819868
801780,2023-05-19,3263.62,3301.24,3301.24,3262.79,28.37688143,162.24761561
801780,2023-05-22,3272.4,3261.63,3290.64,3261.63,24.62527127,140.20657519
801780,2023-05-23,3215.24,3270.6,3282.44,3215.24,32.23620902,180.07484163
801780,2023-05-24,3145.77,3213.13,3213.13,3145.77,40.78384627,226.24453363
801780,2023-05-25,3133.51,3135.55,3136.85,3111.7,28.00149625,168.31449207
801780,2023-05-26,3161.11,3133.14,3168.5,3122.78,20.16820634,114.02872581
801780,2023-05-29,3170.83,3165.97,3183.09,3151.65,26.35634287,154.31914843
801780,2023-05-30,3154.43,3168.2,3172.4,3133.23,23.59018198,136.18995129
801780,2023-05-31,3133.09,3146.19,3147.94,3125.7,22.03735467,133.33159265
801780,2023-06-01,3120.93,3129.2,3145.0,3113.84,24.86212134,141.53732655
801780,2023-06-02,3161.03,3126.75,3161.27,3126.75,21.78195801,140.47764726
801780,2023-06-05,3182.22,3159.08,3193.82,3149.09,22.20440944,122.12867669
801780,2023-06-06,3177.68,3179.12,3227.93,3173.57,25.86007753,150.09185024
801780,2023-06-07,3202.99,3184.57,3221.1,3184.57,20.99469078,121.48488447
801780,2023-06-08,3262.77,3208.01,3267.26,3193.44,30.98478686,180.24603595
801780,2023-06-09,3244.97,3260.3,3265.76,3244.65,25.35325544,152.70056843
801780,2023-06-12,3205.32,3240.14,3240.14,3201.27,30.21733,160.58914789
801780,2023-06-13,3212.83,3201.25,3220.17,3198.97,19.57363663,109.27245166
801780,2023-06-14,3163.5,3215.19,3222.48,3163.5,30.27797032,170.0114177
801780,2023-06-15,3182.15,3173.3,3190.78,3159.19,19.98706169,122.02278694
801780,2023-06-16,3173.14,3186.18,3191.85,3172.26,21.6732026,134.5101738
801780,2023-06-19,3113.52,3149.47,3149.47,3111.86,25.45160309,145.02335396
801780,2023-06-20,3095.77,3114.32,3117.5,3094.95,18.70894568,107.0014582
801780,2023-06-21,3087.96,3086.4,3122.47,3084.69,21.34627776,122.94848396
801780,2023-06-26,3037.72,3074.3,3074.3,3030.97,23.94203564,135.27738666
801780,2023-06-27,3067.28,3037.32,3075.53,3032.21,21.69595251,112.08614457
801780,2023-06-28,3066.95,3061.78,3079.88,3052.58,17.87249904,96.01790517
801780,2023-06-29,3046.52,3063.41,3063.41,3046.52,16.24356055,87.72313267
801780,2023-06-30,3068.63,3049.23,3079.28,3048.31,18.07583352,98.08639063
801780,2023-07-03,3121.6,3077.48,3124.62,3074.5,23.9361143,136.68213798
801780,2023-07-04,3092.83,3116.1,3116.1,3085.32,19.33130255,106.03280914
801780,2023-07-05,3076.07,3090.45,3090.45,3065.49,14.18502465,86.59299616
801780,2023-07-06,3043.18,3063.79,3069.68,3039.12,19.93143774,109.85257732
801780,2023-07-07,3042.44,3037.91,3054.71,3037.22,15.74264345,90.5231811
801780,2023-07-10,3043.05,3050.26,3055.84,3037.37,13.28565958,77.11045394
801780,2023-07-11,3063.52,3053.95,3063.86,3048.45,15.30873123,92.19288425
801780,2023-07-12,3060.84,3051.73,3077.58,3051.73,18.01521132,122.19948424
801780,2023-07-13,3072.3,3046.04,3073.65,3040.2,22.40120195,137.64717023
801780,2023-07-14,3071.55,3068.76,3082.89,3059.66,21.11399467,121.47620672
801780,2023-07-17,3031.91,3042.74,3042.74,3019.86,18.65501098,102.10793838
801780,2023-07-18,3009.65,3025.71,3025.71,3007.21,18.62388298,96.71333623
801780,2023-07-19,3018.58,3000.2,3018.72,2995.87,15.34812011,85.24806339
801780,2023-07-20,3023.76,3023.03,3041.7,3018.56,16.01115746,95.02616672
801780,2023-07-21,3021.96,3015.39,3030.31,3013.64,12.9633819,77.37899421
801780,2023-07-24,3008.85,3009.78,3018.26,3002.44,13.68261563,75.28664642
801780,2023-07-25,3094.16,3036.3,3094.88,3036.3,31.17219503,216.48029039
801780,2023-07-26,3090.42,3088.45,3104.51,3077.71,16.64472433,103.58973552
801780,2023-07-27,3116.1,3096.12,3132.53,3090.69,26.1580852,149.84362576
801780,2023-07-28,3211.66,3107.54,3219.92,3107.54,45.40592191,286.03125679
801780,2023-07-31,3238.99,3227.8,3271.68,3213.73,49.21016643,298.96073221
801780,2023-08-01,3219.21,3230.2,3244.07,3209.89,30.44600709,179.15260985
801780,2023-08-02,3157.17,3190.86,3201.77,3144.64,36.93072703,220.45853069
801780,2023-08-03,3198.82,3159.13,3199.8,3145.61,30.97523107,178.83281157
801780,2023-08-04,3209.65,3218.4,3243.21,3199.72,40.21568882,231.50824829
801780,2023-08-07,3179.74,3197.03,3197.03,3170.77,25.78147381,140.85502328
801780,2023-08-08,3165.37,3170.57,3185.54,3156.01,19.99016148,120.44009901
801780,2023-08-09,3172.14,3158.79,3179.93,3158.79,16.54193723,99.37718875
801780,2023-08-10,3168.93,3163.59,3175.66,3149.43,16.41672448,95.48388005
801780,2023-08-11,3108.02,3170.9,3172.99,3108.02,23.91215465,141.488537
801780,2023-08-14,3066.88,3084.85,3084.85,3055.03,22.49917868,136.78667538
801780,2023-08-15,3099.83,3070.32,3109.15,3069.2,24.44863498,137.36566889
801780,2023-08-16,3094.01,3088.39,3107.85,3074.83,18.13946059,109.22994311
801780,2023-08-17,3068.89,3084.65,3084.65,3050.03,22.66722907,138.36529026
801780,2023-08-18,3082.92,3066.45,3118.79,3066.45,26.03246267,156.98659101
801780,2023-08-21,3033.63,3085.23,3085.23,3033.63,22.26279441,138.05342305
801780,2023-08-22,3066.85,3041.0,3071.04,3041.0,22.75293683,132.74432788
801780,2023-08-23,3058.33,3062.31,3085.1,3055.26,23.0513614,131.10216929
801780,2023-08-24,3045.18,3063.9,3069.41,3032.98,22.55297229,128.15400875
801780,2023-08-25,3070.93,3037.94,3085.95,3037.94,22.59850791,140.0644036
801780,2023-08-28,3118.87,3201.68,3207.03,3108.77,44.85394873,289.67302955
801780,2023-08-29,3076.91,3114.84,3114.84,3058.84,38.679489,222.57806771
801780,2023-08-30,3040.11,3076.81,3076.81,3039.16,28.46913709,174.91008133
801780,2023-08-31,3030.18,3042.51,3063.07,3030.08,24.9192305,148.49316416
801780,2023-09-01,3060.59,3043.01,3076.07,3043.01,24.39044275,159.77544222
801780,2023-09-04,3122.16,3073.89,3126.76,3073.89,33.139001,225.66750085
801780,2023-09-05,3086.19,3112.84,3112.84,3085.72,21.92431472,140.43974417
801780,2023-09-06,3095.94,3081.68,3100.74,3075.02,16.2513069,106.78650452
801780,2023-09-07,3085.79,3093.39,3102.68,3082.79,19.65778269,111.95529305
801780,2023-09-11,3083.43,3080.06,3095.27,3073.96,21.2998755,132.56461208
801780,2023-09-12,3077.93,3082.48,3085.89,3075.89,13.50284205,82.52910436
801780,2023-09-13,3078.44,3084.55,3090.63,3071.41,16.55090458,94.97118944
801780,2023-09-14,3107.61,3085.95,3108.18,3084.8,28.73590387,157.0704485
801780,2023-09-15,3093.12,3115.31,3128.42,3086.33,28.10518098,162.81525545
801780,2023-09-18,3097.21,3090.66,3097.86,3075.63,19.90879194,112.98054798
801780,2023-09-19,3114.21,3092.51,3115.65,3091.89,23.71658087,136.32385613
801780,2023-09-20,3125.05,3113.11,3131.53,3102.85,27.07408233,145.56810537
801780,2023-09-21,3106.34,3126.36,3133.09,3102.97,23.24345751,133.39040111
801780,2023-09-22,3139.23,3110.98,3141.56,3096.08,28.12126608,169.86191858
801780,2023-09-25,3138.78,3136.58,3147.43,3126.37,25.6137222,148.01030342
801780,2023-09-26,3125.81,3139.03,3146.08,3122.54,19.12901417,108.35008176
801780,2023-09-27,3107.77,3132.37,3132.37,3106.99,20.34320792,116.77158541
801780,2023-09-28,3114.79,3117.62,3125.33,3114.15,17.02089538,103.69932866
801780,2023-10-09,3095.96,3098.91,3101.79,3075.16,22.91753031,128.24373414
801780,2023-10-10,3086.27,3112.71,3113.22,3086.27,19.23231641,109.18817787
801780,2023-10-11,3082.77,3099.23,3103.96,3076.49,23.44109395,132.24708373
801780,2023-10-12,3124.8,3123.95,3129.94,3104.18,41.18094129,239.98148556
801780,2023-10-13,3125.62,3105.96,3140.96,3103.11,33.21564592,183.7635007
801780,2023-10-16,3122.2,3124.62,3126.23,3108.89,22.90734227,126.39484413
801780,2023-10-17,3132.23,3124.19,3135.38,3116.44,18.76650115,106.94947054
801780,2023-10-18,3124.32,3129.04,3145.01,3121.96,22.43287984,126.33890679
801780,2023-10-19,3053.22,3116.84,3116.84,3052.94,32.03223441,185.5838693
801780,2023-10-20,3047.68,3044.08,3062.91,3032.92,23.08057889,129.10005484
801780,2023-10-23,3026.16,3041.35,3051.68,3012.68,21.85254537,121.77676955
801780,2023-10-24,3006.92,3033.84,3033.84,2998.16,27.35497259,149.5733312
801780,2023-10-25,3013.85,3025.47,3026.04,3000.92,26.09258655,150.54341504
801780,2023-10-26,3040.69,3007.44,3045.19,3007.34,22.01060772,122.04406684
801780,2023-10-27,3036.91,3037.14,3048.92,3020.52,26.59000602,154.21314342
801780,2023-10-30,2986.8,3020.23,3020.23,2974.97,38.40734992,218.6430371
801780,2023-10-31,2993.33,2978.52,2995.57,2972.66,27.04380005,169.04091433
801780,2023-11-01,2991.64,2998.08,2998.08,2979.7,23.02512866,135.68417912
801780,2023-11-02,3009.71,2998.32,3022.19,2997.71,21.02522659,118.91314014
801780,2023-11-03,3002.18,3011.14,3013.89,2996.46,20.22473252,115.78409587
801780,2023-11-06,3003.03,3008.28,3011.81,2995.02,28.62017072,162.08708933
801780,2023-11-07,3000.1,3000.41,3004.6,2989.32,19.94048096,116.94055248
801780,2023-11-08,2987.17,2994.84,3002.98,2978.92,20.06041575,115.34025823
801780,2023-11-09,3000.73,2983.45,3004.45,2983.45,20.45904917,114.85297171
801780,2023-11-10,2977.84,2993.96,3005.09,2973.98,20.86179426,127.53972642
801780,2023-11-13,2964.02,2980.19,2980.29,2950.66,17.94885243,113.6507988
801780,2023-11-14,2971.86,2964.41,2975.97,2961.73,18.75439835,114.93759269
801780,2023-11-15,2985.28,2986.08,2995.5,2978.78,18.44045885,115.67916076
801780,2023-11-16,2981.59,2986.75,2991.48,2975.13,17.24612477,97.27180728
801780,2023-11-17,2964.51,2976.91,2977.32,2955.69,16.42299897,101.02019387
801780,2023-11-20,2981.04,2968.2,2982.13,2958.82,16.05563066,94.85168091
801780,2023-11-21,2987.03,2988.02,3002.37,2983.88,20.44712827,119.9420067
801780,2023-11-22,2976.58,2981.92,2990.93,2976.58,14.67451288,85.92383312
801780,2023-11-23,2976.11,2975.28,2978.13,2965.7,14.44836338,86.4475919
801780,2023-11-24,2976.78,2973.57,2981.5,2972.17,17.41513491,96.99494077
801780,2023-11-27,2954.96,2976.05,2976.05,2941.08,22.68094864,131.85750742
801780,2023-11-28,2943.15,2955.3,2956.53,2938.51,16.60465671,103.55182868
801780,2023-11-29,2908.82,2943.36,2943.75,2903.52,22.50509844,146.53203591
801780,2023-11-30,2921.54,2908.95,2922.53,2908.83,21.39867914,129.28858595
801780,2023-12-01,2915.9,2920.18,2925.39,2904.28,22.37797856,138.4231268
801780,2023-12-04,2906.68,2916.4,2922.44,2905.78,17.44667115,109.34121796
801780,2023-12-05,2863.84,2905.41,2905.41,2863.83,20.56076868,128.66549178
801780,2023-12-06,2852.66,2862.14,2864.97,2835.32,25.06662065,140.82808279
801780,2023-12-07,2859.29,2853.33,2866.3,2830.18,23.00484406,129.8302826
801780,2023-12-08,2853.25,2855.78,2876.14,2853.25,30.67609777,158.95384851
801780,2023-12-11,2867.42,2843.11,2870.59,2807.36,30.30162686,166.01440268
801780,2023-12-12,2899.29,2860.24,2899.29,2858.6,23.93093417,135.08245457
801780,2023-12-13,2864.34,2894.09,2894.09,2863.54,19.45088513,122.17424493
801780,2023-12-14,2853.67,2874.62,2878.83,2853.67,14.51935848,86.53107926
801780,2023-12-15,2841.87,2865.18,2881.56,2841.87,20.518401,129.53810174
801780,2023-12-18,2849.46,2835.06,2856.22,2831.22,20.68982361,113.00583624
801780,2023-12-19,2847.07,2847.28,2852.74,2835.76,16.69630044,92.65896952
801780,2023-12-20,2838.64,2850.23,2863.53,2838.64,19.18621077,106.77372813
801780,2023-12-21,2851.31,2833.58,2854.75,2825.83,22.86936444,132.19048415
801780,2023-12-22,2853.55,2855.76,2866.72,2839.5,20.67848876,123.50840832
801780,2023-12-25,2856.32,2851.75,2858.4,2847.94,13.531476,76.94411761
801780,2023-12-26,2849.55,2855.35,2860.47,2846.87,14.84722214,84.18686022
801780,2023-12-27,2860.38,2849.37,2862.47,2832.19,19.51771783,108.89434407
801780,2023-12-28,2883.69,2859.28,2889.16,2857.81,31.98624623,193.01607293
801780,2023-12-29,2908.9,2880.56,2908.9,2876.29,20.23876136,123.67512253
801780,2024-01-02,2877.55,2886.65,2909.07,2877.55,22.94821904,139.62192977
801780,2024-01-03,2891.12,2875.52,2893.76,2874.89,23.48643211,131.55669864
801780,2024-01-04,2897.72,2889.45,2899.48,2872.5,24.62701079,144.21045894
801780,2024-01-05,2928.6,2895.34,2962.74,2888.73,42.23309957,253.68967955
801780,2024-01-08,2908.0,2920.28,2941.33,2898.88,30.19117654,176.56682166
801780,2024-01-09,2918.06,2906.07,2922.85,2890.19,25.18388493,143.97039523
801780,2024-01-10,2903.52,2912.22,2922.46,2903.52,20.16262778,117.97168087
801780,2024-01-11,2899.06,2900.46,2919.42,2888.85,25.76364469,151.39425295
801780,2024-01-12,2919.46,2892.8,2935.04,2892.76,23.44010483,134.52746523
801780,2024-01-15,2936.72,2916.69,2943.21,2912.64,20.02674038,116.84589701
801780,2024-01-16,2972.62,2929.9,2972.62,2929.9,33.11621725,196.34376605
801780,2024-01-17,2953.03,2969.6,2989.92,2953.03,33.97352902,217.52103412
801780,2024-01-18,2959.17,2942.43,2966.6,2878.21,48.52118847,279.38005028
801780,2024-01-19,2958.59,2946.29,2965.04,2931.51,29.76522496,178.71821018
801780,2024-01-22,2952.48,2956.3,2991.03,2936.79,42.23874659,264.50173685
801780,2024-01-23,2949.9,2940.86,2962.44,2926.0,30.02166007,177.16202278
801780,2024-01-24,2995.39,2960.97,2995.39,2945.44,35.82807442,210.35355783
801780,2024-01-25,3042.24,3004.04,3042.24,3004.04,38.23618799,247.00670098
801780,2024-01-26,3089.78,3044.87,3091.43,3043.71,46.10789602,279.81033361
801780,2024-01-29,3116.54,3098.31,3143.31,3093.92,47.41327632,284.44721228
801780,2024-01-30,3085.67,3102.97,3130.31,3076.88,34.09228967,207.85196692
801780,2024-01-31,3088.49,3077.96,3105.79,3064.53,33.98699511,204.5372815
801780,2024-02-01,3068.32,3080.99,3089.34,3060.48,31.48454184,191.64011536
801780,2024-02-02,3071.62,3071.13,3101.17,3027.2,42.89909735,255.31735971
801780,2024-02-05,3106.44,3067.82,3118.3,3061.27,54.96858589,324.90610859
801780,2024-02-06,3144.51,3102.44,3144.98,3096.61,52.97984729,314.46954217
801780,2024-02-07,3122.99,3143.59,3144.04,3073.71,65.54499282,385.29185151
801780,2024-02-08,3107.92,3109.01,3109.01,3069.94,51.93062838,306.82120319
801780,2024-02-19,3167.05,3121.72,3167.05,3101.95,46.61681093,278.7380953
801780,2024-02-20,3190.15,3164.22,3195.33,3145.93,32.79200197,198.1535529
801780,2024-02-21,3275.67,3184.81,3308.26,3184.81,50.01536721,351.09534046
801780,2024-02-22,3278.79,3266.51,3281.35,3244.54,32.01787427,227.70236713
801780,2024-02-23,3297.12,3279.08,3332.6,3278.73,35.82889343,241.87365361
801780,2024-02-26,3214.42,3290.65,3290.7,3208.51,36.44877623,234.51150049
801780,2024-02-27,3217.04,3206.64,3238.87,3199.03,26.72875823,173.00554797
801780,2024-02-28,3208.91,3215.21,3234.42,3182.23,37.17011345,231.73215424
801780,2024-02-29,3223.97,3200.17,3223.97,3200.17,28.59962432,177.63790199
801780,2024-03-01,3220.28,3217.82,3225.44,3206.35,27.41244837,169.37062603
801780,2024-03-04,3193.07,3210.34,3211.54,3187.57,28.27602836,179.59681405
801780,2024-03-05,3249.91,3186.54,3254.07,3186.08,34.77795458,229.96516424
801780,2024-03-06,3223.11,3248.66,3265.2,3223.11,27.03255064,170.52495617
801780,2024-03-07,3236.24,3220.7,3256.53,3220.7,25.06919743,159.96330659
801780,2024-03-08,3231.84,3231.68,3246.73,3220.03,21.09383598,130.66828119
801780,2024-03-11,3223.7,3229.02,3238.27,3206.95,23.58983625,153.22187065
801780,2024-03-12,3196.27,3220.46,3220.46,3194.5,33.44540874,212.64118871
801780,2024-03-13,3170.62,3193.51,3193.61,3164.87,25.12851681,157.69173804
801780,2024-03-14,3165.66,3165.34,3190.9,3161.1,21.3596603,135.88639917
801780,2024-03-15,3186.92,3176.0,3191.47,3175.81,28.41235288,185.02565568
801780,2024-03-18,3179.97,3181.58,3190.77,3171.45,23.20801149,142.53037331
801780,2024-03-19,3152.0,3176.58,3176.58,3150.03,22.39792516,138.24751444
801780,2024-03-20,3176.27,3148.73,3180.31,3138.96,21.85448324,131.16685332
801780,2024-03-21,3199.2,3176.39,3208.16,3173.69,23.02047614,145.87043486
801780,2024-03-22,3188.11,3197.99,3198.8,3163.79,25.11402935,155.18983449
801780,2024-03-25,3201.46,3183.4,3216.29,3180.78,24.89790097,151.99577923
801780,2024-03-26,3247.39,3214.76,3247.39,3213.47,28.49567734,199.04030947
801780,2024-03-27,3260.88,3243.87,3283.62,3243.58,30.74320317,199.62236214
801780,2024-03-28,3215.74,3252.34,3252.34,3207.4,39.57711884,228.03062803
801780,2024-03-29,3217.12,3196.67,3233.21,3196.64,28.26124874,168.73655348
801780,2024-04-01,3247.85,3219.72,3250.22,3219.72,28.42537937,180.38156354
801780,2024-04-02,3252.55,3248.36,3271.06,3243.88,28.92338769,182.19422996
801780,2024-04-03,3234.39,3248.7,3254.76,3224.71,21.73206643,142.04652715
801780,2024-04-08,3252.76,3230.87,3261.56,3219.1,27.51457192,166.63840155
801780,2024-04-09,3237.8,3255.37,3270.01,3233.91,25.53272682,152.38675388
801780,2024-04-10,3241.54,3232.89,3260.45,3232.64,25.00308982,164.31968252
801780,2024-04-11,3234.28,3230.53,3244.3,3212.57,21.22730015,134.6757807
801780,2024-04-12,3216.55,3229.7,3245.87,3213.06,24.75955614,156.4634086
801780,2024-04-15,3275.9,3218.29,3279.03,3218.29,35.26309961,220.11714231
801780,2024-04-16,3276.8,3270.07,3299.18,3251.18,37.11143869,232.2423277
801780,2024-04-17,3332.83,3271.37,3336.51,3251.51,40.20129386,262.88534291
801780,2024-04-18,3365.84,3327.51,3409.48,3327.51,47.16639275,317.73848509
801780,2024-04-19,3360.77,3353.56,3383.5,3352.5,28.58274282,187.97686251
801780,2024-04-22,3336.03,3372.27,3396.26,3320.8,32.60101955,216.74752604
801780,2024-04-23,3332.61,3338.25,3370.12,3322.57,28.79584006,188.30970238
801780,2024-04-24,3322.76,3334.07,3338.48,3312.35,23.32242563,150.87340566
801780,2024-04-25,3370.22,3320.8,3370.22,3320.36,25.70431911,185.67490286
801780,2024-04-26,3324.27,3355.75,3368.66,3312.93,49.89711575,335.17745719
801780,2024-04-29,3358.22,3318.05,3375.96,3305.98,44.63243683,307.02200638
801780,2024-04-30,3373.57,3352.81,3393.25,3352.81,34.07921773,233.53081896
801780,2024-05-06,3373.48,3406.36,3412.48,3368.34,41.1743468,276.53449989
801780,2024-05-07,3371.84,3374.2,3374.2,3344.91,31.50751504,197.71218745
801780,2024-05-08,3373.29,3367.55,3392.46,3367.55,27.1380749,175.29772157
801780,2024-05-09,3380.71,3372.57,3391.13,3371.22,26.24221883,171.35815615
801780,2024-05-10,3419.05,3382.25,3426.11,3382.25,30.30906148,220.05097327
801780,2024-05-13,3441.66,3413.04,3447.33,3397.91,29.86297924,205.64645323
801780,2024-05-14,3420.76,3442.84,3451.55,3414.93,25.90876182,177.23747988
801780,2024-05-15,3418.7,3420.11,3432.67,3401.65,20.40699758,147.83383656
801780,2024-05-16,3479.55,3421.92,3488.09,3419.83,37.56022574,281.76667339
801780,2024-05-17,3519.63,3482.67,3519.63,3468.18,35.48363327,250.55102677
801780,2024-05-20,3503.73,3519.54,3547.45,3490.9,37.09705125,258.4108088
801780,2024-05-21,3530.74,3499.55,3541.04,3492.37,29.66443175,198.55150289
801780,2024-05-22,3547.04,3530.46,3567.84,3524.12,34.04701015,232.89509044
801780,2024-05-23,3525.23,3540.62,3549.7,3517.87,29.31008415,206.67992022
801780,2024-05-24,3495.16,3518.38,3544.12,3494.24,27.22634016,196.70335949
801780,2024-05-27,3537.37,3500.77,3539.83,3500.77,28.58890254,199.08629701
801780,2024-05-28,3524.11,3539.11,3551.15,3516.91,24.24411326,165.28318347
801780,2024-05-29,3494.26,3518.68,3537.15,3484.73,28.33298888,187.83674837
801780,2024-05-30,3466.95,3487.83,3514.56,3455.72,27.06783348,184.47438893
801780,2024-05-31,3473.38,3473.82,3489.35,3469.17,23.05186222,158.77325793
801780,2024-06-03,3441.07,3468.48,3468.48,3422.82,36.51723352,243.97142864
801780,2024-06-04,3454.97,3439.94,3462.5,3433.24,24.3980557,167.912933
801780,2024-06-05,3421.11,3459.61,3459.66,3415.84,24.72068967,172.56349107
801780,2024-06-06,3414.05,3420.67,3434.33,3406.44,27.21484275,178.95453681
801780,2024-06-07,3432.17,3411.74,3432.74,3406.19,29.67630273,192.93090037
801780,2024-06-11,3372.29,3426.76,3435.91,3369.02,33.0741054,212.28618293
801780,2024-06-12,3358.81,3371.25,3371.25,3328.16,29.98940631,189.47515471
801780,2024-06-13,3335.89,3362.83,3367.44,3329.75,26.29783844,170.85249138
801780,2024-06-14,3346.23,3315.81,3360.45,3307.97,41.33723928,278.75830138
801780,2024-06-17,3317.64,3335.92,3344.87,3308.02,29.56454541,183.07102462
801780,2024-06-18,3328.09,3318.76,3328.88,3318.76,22.5709287,140.65897594
801780,2024-06-19,3364.49,3328.51,3377.32,3328.51,24.21900666,160.33795051
801780,2024-06-20,3347.07,3364.37,3364.37,3342.06,21.30849802,132.67212654
801780,2024-06-21,3338.06,3341.4,3349.59,3322.68,24.26620915,153.13646208
801780,2024-06-24,3344.2,3337.53,3356.95,3309.4,28.02237687,178.1977952
801780,2024-06-25,3359.53,3344.97,3371.9,3344.97,26.72373028,173.22965613
801780,2024-06-26,3360.65,3350.57,3370.29,3347.64,23.4983407,147.22835422
801780,2024-06-27,3388.6,3353.41,3402.38,3344.75,30.86180308,197.69711824
801780,2024-06-28,3404.03,3386.5,3420.51,3375.38,28.62186561,183.58163263
801780,2024-07-01,3446.08,3402.43,3453.63,3402.39,27.6285962,183.35702948
801780,2024-07-02,3501.34,3442.69,3505.69,3442.69,33.49785691,223.30217696
801780,2024-07-03,3468.22,3500.32,3504.02,3452.83,27.07543604,177.72016748
801780,2024-07-04,3473.93,3468.48,3496.84,3468.48,25.22218503,170.30676617
801780,2024-07-05,3399.32,3475.23,3480.08,3382.12,33.22653278,232.70890193
801780,2024-07-08,3415.73,3396.82,3434.36,3394.78,26.90495936,179.20849918
801780,2024-07-09,3432.76,3396.41,3436.21,3378.81,27.66394675,185.55214635
801780,2024-07-10,3422.35,3410.01,3437.2,3410.01,24.24266881,167.93325207
801780,2024-07-11,3368.41,3402.19,3402.19,3353.14,28.49814643,187.09504113
801780,2024-07-12,3427.63,3359.28,3429.27,3359.28,30.97008063,214.59904615
801780,2024-07-15,3458.17,3426.3,3463.72,3422.72,27.92608043,181.67352299
801780,2024-07-16,3438.76,3450.51,3467.92,3418.33,29.70600364,187.07263678
801780,2024-07-17,3454.61,3429.48,3463.17,3423.03,26.80106594,184.6049198
801780,2024-07-18,3446.7,3449.72,3451.02,3417.76,24.82939663,168.82321566
801780,2024-07-19,3440.11,3441.29,3448.9,3400.18,30.23027976,203.99748429
801780,2024-07-22,3386.57,3432.46,3432.46,3368.32,29.20827453,196.1794015
801780,2024-07-23,3415.82,3384.19,3449.25,3384.19,34.77050978,219.75564193
801780,2024-07-24,3409.41,3409.61,3432.69,3397.23,29.23954017,180.05773101
801780,2024-07-25,3379.45,3410.96,3412.72,3342.62,34.02197329,211.89640936
801780,2024-07-26,3329.28,3376.41,3380.09,3304.74,31.47849088,196.89055442
801780,2024-07-29,3375.64,3329.64,3380.03,3313.69,26.78281215,165.0099438
801780,2024-07-30,3362.05,3373.51,3380.46,3342.59,22.26428566,140.14018628
801780,2024-07-31,3354.69,3365.2,3372.37,3346.97,33.64978829,204.39979611
801780,2024-08-01,3360.91,3350.6,3391.23,3320.42,29.3572078,180.621748
801780,2024-08-02,3346.46,3347.94,3365.09,3338.45,22.1999445,136.82805436
801780,2024-08-05,3319.4,3343.32,3357.32,3317.57,28.45351089,179.25426943
801780,2024-08-06,3284.46,3330.68,3340.5,3268.75,26.64245485,167.60532763
801780,2024-08-07,3289.96,3283.54,3312.11,3283.54,20.98025917,131.00985605
801780,2024-08-08,3297.37,3291.74,3301.14,3276.25,17.36407645,108.62187646
801780,2024-08-09,3311.6,3299.6,3332.28,3290.38,18.05153577,116.8562684
801780,2024-08-12,3305.33,3308.68,3315.82,3295.9,17.76971872,107.88253148
801780,2024-08-13,3319.66,3305.68,3331.93,3303.65,21.13353103,128.24773312
801780,2024-08-14,3317.21,3318.6,3338.47,3312.79,16.81502594,103.15170803
801780,2024-08-15,3360.94,3316.73,3365.27,3312.9,23.59572746,155.17920197
801780,2024-08-16,3399.64,3363.59,3401.86,3361.11,26.7399129,172.91948993
801780,2024-08-19,3464.05,3403.4,3466.59,3395.1,35.16197616,221.04942164
801780,2024-08-20,3473.51,3467.04,3479.34,3449.08,32.01381291,211.87853731
801780,2024-08-21,3448.53,3461.26,3464.2,3417.04,26.71968732,176.2895939
801780,2024-08-22,3477.75,3448.03,3491.45,3448.03,28.87285806,191.73075622
801780,2024-08-23,3497.02,3480.62,3501.44,3452.13,24.9379849,173.61055507
801780,2024-08-26,3501.42,3494.72,3504.49,3467.66,22.2269135,149.08642097
801780,2024-08-27,3510.44,3500.22,3527.69,3487.05,25.70947312,168.38951926
801780,2024-08-28,3482.84,3512.08,3518.85,3467.77,25.35806184,168.22744011
801780,2024-08-29,3370.67,3478.01,3480.25,3367.66,41.60578095,261.38502086
801780,2024-08-30,3296.08,3361.99,3382.93,3296.08,56.95248052,363.67814267
801780,2024-09-02,3308.69,3286.98,3334.27,3278.41,44.40512596,265.15427483
801780,2024-09-03,3251.14,3309.02,3310.2,3231.27,41.3862749,243.54711309
801780,2024-09-04,3239.87,3241.03,3271.83,3228.5,27.87108316,168.13840852
801780,2024-09-05,3234.81,3241.78,3247.52,3208.14,25.36448713,162.39045636
801780,2024-09-06,3240.62,3237.08,3281.68,3237.08,23.17180248,145.176475
801780,2024-09-09,3182.17,3233.2,3233.52,3179.73,29.54775126,191.07961272
801780,2024-09-10,3206.71,3184.45,3210.61,3169.59,27.34138916,164.84467527
801780,2024-09-11,3132.76,3200.26,3200.26,3122.76,30.57404039,181.43079506
801780,2024-09-12,3155.18,3127.84,3165.63,3111.03,25.05667146,146.26663962
801780,2024-09-13,3145.38,3158.67,3184.75,3144.42,22.0468449,131.91416877
801780,2024-09-18,3176.72,3150.06,3176.95,3140.89,19.83177111,117.64856375
801780,2024-09-19,3176.98,3183.26,3186.5,3146.24,24.09633208,145.35823983
801780,2024-09-20,3200.96,3176.29,3209.02,3175.2,26.27562803,162.42894682
801780,2024-09-23,3252.39,3197.83,3259.6,3191.1,23.62350949,147.47946012
801780,2024-09-24,3390.82,3272.58,3390.82,3270.0,47.69924887,321.65087658
801780,2024-09-25,3457.75,3437.52,3496.9,3408.65,58.34627536,393.2220865
801780,2024-09-26,3583.68,3455.53,3583.68,3446.27,58.8888362,404.9594464
801780,2024-09-27,3552.99,3632.42,3662.37,3504.12,55.75819669,365.34647784
801780,2024-09-30,3720.81,3598.67,3757.35,3558.8,125.09215653,851.39242903
801780,2024-10-08,3829.94,4024.03,4036.9,3734.56,137.26860212,987.66445785
801780,2024-10-09,3592.49,3784.05,3784.05,3592.49,91.56413288,629.51451046
801780,2024-10-10,3733.43,3621.8,3802.77,3621.8,83.58524325,574.94300525
801780,2024-10-11,3692.21,3729.54,3788.58,3663.07,52.21236738,358.51889406
801780,2024-10-14,3815.79,3746.06,3848.56,3746.06,74.85108807,544.55558476
801780,2024-10-15,3735.35,3801.84,3850.88,3735.35,52.94882778,373.23886778
801780,2024-10-16,3829.09,3712.82,3841.21,3712.82,52.74053109,387.0656235
801780,2024-10-17,3770.91,3826.01,3861.38,3770.91,40.57216588,299.35096188
801780,2024-10-18,3788.79,3774.13,3820.85,3710.46,54.74118136,379.79713934
801780,2024-10-21,3742.17,3783.6,3783.6,3713.15,48.91117569,340.20291044
801780,2024-10-22,3742.36,3737.47,3772.94,3723.79,34.5897808,239.52910361
801780,2024-10-23,3756.97,3741.51,3765.78,3735.09,31.63202951,220.86003349
801780,2024-10-24,3747.31,3747.78,3772.77,3737.99,25.4034026,170.94028717
801780,2024-10-25,3725.02,3746.07,3751.21,3713.54,29.70916032,195.82967194
801780,2024-10-28,3694.29,3717.33,3717.33,3671.85,34.52477777,226.10354743
801780,2024-10-29,3695.41,3696.12,3739.53,3686.38,35.51350628,226.90162846
801780,2024-10-30,3650.41,3689.67,3689.67,3636.17,33.55381111,227.74538744
801780,2024-10-31,3627.45,3648.59,3667.41,3602.38,37.94969621,258.45318261
801780,2024-11-01,3663.09,3626.25,3689.25,3625.06,41.61013556,275.43137862
801780,2024-11-04,3692.99,3667.78,3692.99,3619.91,32.73209329,224.29480177
801780,2024-11-05,3721.8,3679.26,3721.8,3672.47,38.95915271,254.41154032
801780,2024-11-06,3688.64,3714.56,3717.59,3674.07,35.24624248,241.19628411
801780,2024-11-07,3766.22,3680.81,3766.22,3680.76,46.24221021,301.65481783
801780,2024-11-08,3713.11,3773.13,3782.64,3707.91,44.97487853,294.13997212
801780,2024-11-11,3661.15,3685.97,3689.18,3644.11,42.50564649,278.00586333
801780,2024-11-12,3625.17,3655.73,3699.28,3619.99,39.17411801,269.57898999
801780,2024-11-13,3644.8,3618.57,3657.34,3615.13,34.03110226,221.27863008
801780,2024-11-14,3652.57,3636.15,3685.62,3636.15,38.70376301,258.07813773
801780,2024-11-15,3639.42,3648.24,3683.68,3628.72,41.95002365,271.45645864
801780,2024-11-18,3712.47,3669.02,3776.87,3669.02,90.07745984,544.60973188
801780,2024-11-19,3702.48,3711.37,3757.95,3668.71,66.3920385,377.0745177
801780,2024-11-20,3684.12,3695.52,3713.5,3676.55,40.96557856,237.89934018
801780,2024-11-21,3679.38,3680.21,3691.05,3664.18,28.43641491,169.47366421
801780,2024-11-22,3596.91,3678.67,3689.97,3596.91,38.44645403,245.94298061
801780,2024-11-25,3602.39,3609.46,3629.37,3597.11,34.15998287,221.12747298
801780,2024-11-26,3635.57,3595.27,3641.11,3583.51,34.23580345,218.56258118
801780,2024-11-27,3673.32,3629.97,3675.43,3610.54,35.73813233,228.7055675
801780,2024-11-28,3663.77,3668.34,3684.55,3650.07,28.96137109,188.72466465
801780,2024-11-29,3664.47,3671.33,3708.8,3660.69,37.48717884,247.70423327
801780,2024-12-02,3652.0,3664.98,3665.24,3638.99,39.47009848,259.53731756
801780,2024-12-03,3709.1,3651.9,3710.08,3645.66,41.04172732,274.11566439
801780,2024-12-04,3713.81,3703.05,3727.47,3674.67,36.29345445,247.61640774
801780,2024-12-05,3706.86,3703.14,3729.16,3701.81,27.36357739,187.02061735
801780,2024-12-06,3750.52,3709.34,3769.91,3709.34,41.29633903,278.64515037
801780,2024-12-09,3762.09,3745.73,3779.72,3730.31,35.97724746,230.49955604
801780,2024-12-10,3804.43,3817.32,3842.7,3784.7,49.85739501,347.78370107
801780,2024-12-11,3758.61,3798.41,3816.55,3758.61,40.43855299,267.4569769
801780,2024-12-12,3806.69,3759.99,3809.42,3757.65,41.07253186,273.81682995
801780,2024-12-13,3730.31,3791.56,3791.56,3729.78,52.80422912,362.82085547
801780,2024-12-16,3765.32,3729.84,3788.17,3729.84,42.96657002,293.21957776
801780,2024-12-17,3757.18,3760.99,3788.27,3751.13,36.13964518,240.69981723
801780,2024-12-18,3800.14,3771.41,3827.15,3771.41,39.69749181,279.31121867
801780,2024-12-19,3765.47,3787.38,3811.07,3758.86,35.56496458,237.20312095
801780,2024-12-20,3760.35,3766.46,3791.1,3757.3,31.71756069,216.18420138
801780,2024-12-23,3822.95,3764.32,3850.81,3764.32,48.05663138,342.05497519
801780,2024-12-24,3874.16,3822.38,3877.93,3821.51,39.9074844,293.97871971
801780,2024-12-25,3915.94,3877.62,3939.43,3877.62,45.67453033,321.55562669
801780,2024-12-26,3907.11,3912.87,3912.87,3868.84,34.0052467,237.45394797
801780,2024-12-27,3904.72,3901.61,3914.23,3835.32,40.98929168,287.18103889
801780,2024-12-30,3952.93,3896.75,3960.97,3896.75,43.29658996,311.99301307
801780,2024-12-31,3909.35,3947.37,3979.96,3909.35,48.99634435,329.12715124
801780,2025-01-02,3823.51,3915.36,3933.2,3809.76,52.95834233,357.10145422
801780,2025-01-03,3797.19,3829.45,3841.07,3784.03,41.7399007,287.13495076
801780,2025-01-06,3828.06,3806.7,3828.85,3738.15,40.68664117,283.55156731
801780,2025-01-07,3849.33,3814.87,3852.68,3800.79,31.91965586,222.53791786
801780,2025-01-08,3876.49,3840.74,3892.95,3840.74,38.77965265,281.63963862
801780,2025-01-09,3844.19,3879.01,3879.01,3826.25,29.30096641,208.35823864
801780,2025-01-10,3817.45,3844.92,3854.49,3787.51,29.88491921,208.35374816
801780,2025-01-13,3773.19,3798.92,3807.0,3739.75,32.87381028,225.14036479
801780,2025-01-14,3826.22,3776.7,3836.03,3773.52,34.16175892,241.19381713
801780,2025-01-15,3857.11,3826.72,3903.97,3826.72,32.9077028,242.50815273
801780,2025-01-16,3893.0,3874.4,3898.9,3847.73,31.64947764,222.63661173
801780,2025-01-17,3867.6,3886.84,3902.11,3852.13,27.33765295,194.1004843
801780,2025-01-20,3851.04,3880.2,3889.93,3851.04,28.40957768,202.49595363
801780,2025-01-21,3850.67,3864.13,3878.57,3835.14,25.36870888,176.17194804
801780,2025-01-22,3779.85,3846.04,3846.2,3773.11,33.25904822,235.35090377
801780,2025-01-23,3866.82,3797.58,3880.52,3797.38,48.33008888,322.31915088
801780,2025-01-24,3869.12,3852.67,3886.87,3810.94,33.77795643,236.969832
801780,2025-01-27,3923.12,3881.01,3936.35,3881.01,36.44571583,256.93797121
801780,2025-02-05,3859.74,3933.54,3933.54,3856.1,33.63597757,234.05278818
801780,2025-02-06,3860.26,3858.23,3884.79,3835.49,29.09022022,208.71591989
801780,2025-02-07,3847.91,3856.02,3859.66,3833.83,36.75629597,256.29564359
801780,2025-02-10,3853.65,3844.95,3883.23,3830.09,29.88880061,219.05012199
801780,2025-02-11,3889.5,3858.55,3889.62,3858.55,35.45784981,242.72984928
801780,2025-02-12,3920.99,3890.23,3920.99,3865.43,29.88068441,219.31418116
801780,2025-02-13,3924.14,3915.57,3939.02,3911.57,29.81755185,214.51426328
801780,2025-02-14,3940.76,3925.34,3941.13,3905.79,27.78496343,205.04261647
801780,2025-02-17,3929.58,3940.83,3940.83,3903.04,32.79061494,246.10233832
801780,2025-02-18,3970.95,3920.92,3992.64,3920.92,45.39211271,312.11296816
801780,2025-02-19,3952.61,3963.64,3978.19,3949.64,31.04816946,218.49643641
801780,2025-02-20,3947.61,3951.92,3961.86,3934.31,22.96335264,165.79045063
801780,2025-02-21,3898.61,3949.85,3949.85,3890.66,40.4012543,290.32079535
801780,2025-02-24,3869.61,3890.09,3900.73,3865.03,33.99522061,246.11713617
801780,2025-02-25,3838.72,3865.34,3874.45,3831.72,31.60278742,227.17323815
801780,2025-02-26,3858.59,3842.63,3887.1,3842.63,30.34438825,215.02756471
801780,2025-02-27,3908.27,3862.36,3909.19,3838.92,33.35821924,245.52905172
801780,2025-02-28,3884.47,3902.82,3928.16,3884.47,36.11829683,262.48047865
801780,2025-03-03,3883.65,3892.08,3896.12,3861.12,32.39326689,224.50608687
801780,2025-03-04,3877.45,3874.34,3896.63,3869.66,25.9410341,179.94452779
801780,2025-03-05,3944.34,3881.6,3945.22,3881.6,39.45268316,282.3307297
801780,2025-03-06,3922.59,3942.66,3942.74,3903.74,34.61546721,243.62302575
801780,2025-03-07,3928.43,3923.51,3942.54,3909.91,26.86208836,210.13435869
801780,2025-03-10,3892.58,3922.68,3923.24,3883.43,28.40979858,202.8407737
801780,2025-03-11,3921.44,3878.16,3921.44,3878.16,26.23125695,195.25704812
801780,2025-03-12,3911.19,3915.67,3928.51,3895.48,26.29361792,193.89607228
801780,2025-03-13,3933.17,3912.18,3949.9,3912.18,28.5621055,218.29751814
801780,2025-03-14,3983.69,3937.73,4002.99,3937.73,44.60015954,341.95827277
801780,2025-03-17,3996.16,3987.78,4010.99,3976.22,36.38981197,283.32146214
801780,2025-03-18,3991.45,4004.22,4005.22,3980.9,23.16218338,175.90611253
801780,2025-03-19,4048.07,3995.23,4049.04,3995.23,32.34542123,256.28468774
801780,2025-03-20,4024.93,4047.28,4057.72,4013.09,27.4222855,212.85624401
801780,2025-03-21,3976.39,4018.93,4032.26,3971.29,31.42599985,242.74879713
801780,2025-03-24,4011.35,3976.07,4014.46,3976.07,31.91552941,231.08264439
801780,2025-03-25,4029.74,4012.95,4030.93,4012.95,26.17773028,186.11915089
801780,2025-03-26,3971.34,4017.07,4017.11,3967.67,26.70724208,233.61681062
801780,2025-03-27,3989.28,3971.28,4008.58,3971.28,24.78115926,188.29527112
801780,2025-03-28,3974.95,3990.17,3990.17,3966.97,29.73232963,195.8417149
801780,2025-03-31,3988.9,3982.9,4015.26,3956.11,46.91051826,312.44101817
801780,2025-04-01,3965.4,3983.72,3994.19,3945.21,37.38122702,249.18778418
801780,2025-04-02,4000.98,3960.31,4008.94,3960.31,34.65619697,229.01270989
801780,2025-04-03,4012.13,3969.1,4017.68,3969.1,31.11916503,217.2693791
801780,2025-04-07,3824.91,3900.66,3930.34,3735.68,81.58658214,592.22583907
801780,2025-04-08,3889.05,3818.32,3890.58,3817.83,61.02109719,461.42432029
801780,2025-04-09,3852.55,3864.58,3872.22,3816.82,48.59210137,347.1318666
801780,2025-04-10,3878.7,3875.55,3893.14,3851.03,37.29226723,267.48298881
801780,2025-04-11,3889.11,3878.26,3892.03,3856.3,31.63739221,222.24402068
801780,2025-04-14,3913.92,3894.81,3927.57,3890.45,32.58026983,230.50116593
801780,2025-04-15,3972.79,3913.26,3977.07,3913.26,36.86399253,260.3213362
801780,2025-04-16,4012.47,3967.86,4017.1,3960.6,39.81023287,283.27898685
801780,2025-04-17,4015.18,4003.51,4021.14,3970.05,29.1670391,205.36490591
801780,2025-04-18,4046.39,4003.17,4052.94,4003.17,29.41553931,209.93157808
801780,2025-04-21,3996.46,4037.81,4081.06,3996.46,35.55707032,246.25543648
801780,2025-04-22,4023.11,3999.29,4033.91,3999.29,30.80292501,215.66858167
801780,2025-04-23,4003.62,4030.7,4030.7,3999.17,25.05156613,180.34437208
801780,2025-04-24,4050.11,4004.55,4060.46,4004.55,29.76315161,211.29041444
801780,2025-04-25,4029.85,4052.17,4062.9,4013.94,29.9335401,201.72552225
801780,2025-04-28,4069.2,4033.51,4079.88,4033.51,31.47200537,226.05941871
801780,2025-04-29,4054.66,4063.02,4088.24,4052.59,29.33574931,225.15758882
801780,2025-04-30,3970.09,4036.29,4036.37,3958.95,48.99468995,369.40955923
801780,2025-05-06,3964.94,3981.23,3981.23,3939.28,37.87171056,273.70334043
801780,2025-05-07,4023.93,3991.38,4024.83,3976.4,39.96821519,284.34011308
801780,2025-05-08,4068.71,4019.39,4077.32,4019.36,34.62161598,271.8020555
801780,2025-05-09,4124.15,4066.83,4127.81,4066.83,36.81956463,289.81320806
801780,2025-05-12,4130.6,4121.04,4154.03,4121.04,35.38675694,284.29693429
801780,2025-05-13,4193.45,4139.52,4193.93,4121.3,38.83243346,297.03452986
801780,2025-05-14,4227.95,4185.61,4244.88,4177.48,43.60332882,327.68829328
801780,2025-05-15,4222.75,4226.77,4259.67,4219.29,33.87590564,258.94943398
801780,2025-05-16,4183.23,4219.67,4224.32,4158.6,33.58574241,252.85465305
801780,2025-05-19,4169.76,4188.41,4211.21,4169.25,26.81596527,207.87509021
801780,2025-05-20,4177.78,4182.71,4214.06,4167.69,26.48616641,204.99336947
801780,2025-05-21,4207.62,4183.7,4228.9,4180.3,27.94583665,224.22396762
801780,2025-05-22,4249.7,4207.5,4251.21,4197.55,32.62476408,252.86594597
801780,2025-05-23,4208.62,4249.96,4267.56,4206.22,36.22424226,262.83373934
801780,2025-05-26,4176.9,4201.0,4218.82,4168.24,31.37893836,233.53851069
801780,2025-05-27,4199.25,4185.32,4220.06,4185.32,30.06769021,220.17463596
801780,2025-05-28,4193.47,4200.09,4217.61,4169.51,28.20970187,214.59948505
801780,2025-05-29,4183.52,4194.44,4204.48,4175.68,29.15949042,225.24237035
801780,2025-05-30,4210.35,4189.23,4228.46,4181.89,38.09496951,286.87282617
801780,2025-06-03,4293.58,4218.57,4314.83,4218.57,50.3519615,386.58890075
801780,2025-06-04,4295.3,4296.71,4306.74,4275.72,36.23747441,266.02285957
801780,2025-06-05,4264.01,4298.1,4300.79,4260.24,36.68656922,263.77187132
801780,2025-06-06,4276.14,4273.06,4298.76,4262.56,30.03596501,218.97245316
801780,2025-06-09,4287.07,4283.49,4289.46,4248.29,36.22236094,265.98352154
801780,2025-06-10,4307.52,4286.64,4348.92,4286.64,45.62593547,329.22892164
801780,2025-06-11,4321.08,4309.8,4342.61,4300.24,30.80497889,247.02005763
801780,2025-06-12,4333.96,4318.09,4338.61,4302.89,34.41010275,263.06741256
801780,2025-06-13,4294.18,4333.66,4336.54,4289.04,50.56724839,389.25567049
801780,2025-06-16,4350.91,4292.83,4350.91,4283.99,41.2708183,293.49354391
801780,2025-06-17,4343.57,4350.38,4369.74,4335.3,31.05734875,230.50401521
801780,2025-06-18,4383.55,4345.66,4386.17,4338.2,37.91238457,278.19289418
801780,2025-06-19,4377.05,4382.31,4393.95,4356.1,34.21808582,257.20335818
801780,2025-06-20,4407.13,4362.12,4410.79,4352.73,42.93062962,324.39538726
801780,2025-06-23,4460.88,4399.09,4473.52,4362.9,49.29358029,365.91641517
801780,2025-06-24,4479.03,4454.19,4499.15,4432.81,52.47842094,401.63590101
801780,2025-06-25,4525.87,4473.91,4532.67,4446.63,47.57662426,368.8278794
801780,2025-06-26,4571.58,4517.39,4576.34,4497.84,47.97757472,371.20055749
801780,2025-06-27,4436.65,4561.21,4585.11,4423.25,72.34398357,548.04930253
801780,2025-06-30,4421.54,4416.25,4431.6,4392.02,42.85345584,329.29785217
801780,2025-07-01,4489.41,4430.07,4507.47,4430.07,37.83696358,293.33212788
801780,2025-07-02,4523.25,4499.97,4545.68,4493.01,35.64659883,274.61521144
801780,2025-07-03,4520.62,4525.69,4544.27,4490.64,30.79095573,239.68356425
801780,2025-07-04,4603.91,4521.16,4627.65,4521.15,46.80863268,363.6383728
801780,2025-07-07,4623.87,4606.72,4626.63,4582.03,39.2360348,296.94760196
801780,2025-07-08,4612.64,4622.0,4637.47,4584.16,37.24252845,297.17077139
801780,2025-07-09,4627.87,4605.89,4653.63,4596.23,42.96117473,319.09608392
801780,2025-07-10,4670.31,4621.0,4708.13,4621.0,58.82043013,480.50297129
801780,2025-07-11,4557.87,4653.81,4680.49,4557.87,75.47734413,607.16167596
801780,2025-07-14,4581.24,4554.3,4626.69,4554.3,52.34894575,405.91268106
801780,2025-07-15,4536.98,4591.84,4603.38,4522.24,40.79027197,320.63605921
801780,2025-07-16,4503.63,4523.89,4523.89,4468.79,42.35657109,327.62590472
801780,2025-07-17,4484.75,4497.18,4511.1,4474.69,30.53001971,236.91788336
801780,2025-07-18,4511.14,4492.14,4526.94,4482.52,35.59928129,279.35282295
801780,2025-07-21,4476.38,4507.43,4512.02,4471.22,37.89485347,295.62964299
801780,2025-07-22,4432.35,4471.86,4472.11,4400.14,52.36044827,412.89198634
801780,2025-07-23,4450.15,4426.38,4491.1,4426.38,48.70243107,378.86371822
801780,2025-07-24,4387.02,4452.93,4452.93,4384.12,49.51249839,397.59693444
801780,2025-07-25,4381.5,4383.51,4412.65,4377.1,38.91164079,322.47853304
801780,2025-07-28,4382.12,4382.34,4420.61,4373.43,38.74312221,308.39717867
801780,2025-07-29,4329.88,4384.23,4404.62,4329.88,41.31040567,319.76583386
801780,2025-07-30,4357.13,4334.56,4391.65,4323.95,43.57919241,339.64669598
801780,2025-07-31,4335.15,4358.73,4358.73,4291.93,47.92035516,371.69311165
801780,2025-08-01,4344.82,4336.52,4361.23,4301.49,41.84496238,324.81867722
801780,2025-08-04,4377.59,4334.33,4407.68,4334.33,42.13696717,324.57105906
801780,2025-08-05,4447.3,4377.67,4453.05,4376.74,45.80001164,342.69647194
801780,2025-08-06,4441.26,4450.65,4475.01,4429.48,35.19979201,268.1762833
801780,2025-08-07,4459.7,4444.1,4470.41,4416.36,34.03014714,266.50822934
801780,2025-08-08,4445.77,4466.24,4482.8,4442.91,30.68298059,240.73975119
801780,2025-08-11,4400.65,4442.14,4442.14,4395.53,37.59012087,290.91873538
801780,2025-08-12,4414.97,4401.25,4443.58,4401.25,33.01440793,261.8815978
801780,2025-08-13,4368.12,4422.78,4431.02,4367.23,43.86128277,357.42841642
801780,2025-08-14,4367.46,4368.33,4396.09,4366.05,36.34354224,295.00063012
801780,2025-08-15,4303.74,4368.64,4368.64,4278.15,62.53125315,482.01581749
801780,2025-08-18,4317.84,4295.63,4324.31,4279.25,48.29004895,384.89720962
801780,2025-08-19,4323.51,4317.36,4334.55,4306.73,37.76989901,292.20133843
801780,2025-08-20,4343.36,4320.81,4369.07,4311.39,41.49961493,324.67586525
801780,2025-08-21,4370.52,4343.12,4377.23,4327.57,40.27260928,305.58338823
801780,2025-08-22,4357.56,4370.68,4371.9,4324.84,45.9077014,364.06634213
801780,2025-08-25,4389.83,4351.41,4390.42,4338.34,51.51897664,418.5123638
801780,2025-08-26,4361.09,4384.55,4385.11,4359.91,37.98835369,307.4935697
801780,2025-08-27,4281.12,4353.65,4353.65,4281.12,52.55871157,405.2242903
801780,2025-08-28,4297.32,4279.78,4318.85,4247.41,47.5864386,375.08660689
801780,2025-08-29,4264.77,4293.69,4355.51,4264.77,65.84399728,512.68382832
801780,2025-09-01,4220.8,4268.06,4282.85,4219.98,65.5945211,495.03110818
801780,2025-09-02,4303.25,4216.22,4303.25,4216.22,62.23373532,494.18272926
801780,2025-09-03,4252.41,4301.87,4305.46,4238.06,44.96499866,347.12727405
801780,2025-09-04,4286.12,4241.28,4296.26,4179.94,64.39237304,489.5449355
801780,2025-09-05,4243.9,4273.39,4273.39,4229.31,43.03003252,324.83832995
801780,2025-09-08,4218.66,4231.21,4261.45,4212.17,45.3318579,351.02336307
801780,2025-09-09,4253.63,4219.38,4253.63,4219.38,33.84273851,269.38437802
801780,2025-09-10,4258.85,4251.81,4271.53,4236.02,35.56455256,265.46455866
801780,2025-09-11,4281.01,4256.11,4281.57,4234.24,43.64302325,334.31487274
801780,2025-09-12,4216.08,4277.44,4287.8,4212.06,44.89016852,349.65459837
801780,2025-09-15,4178.07,4209.51,4218.71,4167.24,45.41295189,330.46886812
801780,2025-09-16,4130.01,4172.96,4184.16,4125.06,55.77136338,383.62699244
801780,2025-09-17,4114.38,4126.84,4140.58,4109.57,40.16022594,293.43623135
801780,2025-09-18,4035.93,4117.69,4117.69,4030.54,54.71324494,407.16017718
801780,2025-09-19,4038.44,4029.47,4051.26,3998.06,48.49410487,345.3370809
801780,2025-09-22,3996.24,4033.55,4035.95,3992.93,33.56319031,254.8902622
801780,2025-09-23,4057.07,3990.38,4072.07,3972.66,60.76855085,455.14478516
801780,2025-09-24,4042.62,4049.96,4090.49,4034.08,43.5551939,320.7122855
801780,2025-09-25,4015.93,4037.53,4037.53,3999.36,38.19749807,284.02607457
801780,2025-09-26,4018.96,4009.36,4027.33,3976.0,33.12556804,261.69669778
801780,2025-09-29,4000.3,4012.93,4043.4,3976.55,46.91927167,351.41579869
801780,2025-09-30,3970.79,4000.03,4000.03,3964.8,39.01282784,290.13633897
801780,2025-10-09,3963.49,3957.95,3964.66,3927.31,45.84111766,339.85997659
801780,2025-10-10,3981.95,3958.16,4007.2,3958.16,57.49579989,397.64995335
801780,2025-10-13,4011.35,3963.16,4031.46,3940.04,58.61609127,443.05567876
801780,2025-10-14,4111.92,4001.23,4113.99,3986.34,72.97787925,573.84939616
801780,2025-10-15,4134.49,4102.2,4135.18,4098.47,51.46623008,400.71941795
801780,2025-10-16,4190.35,4126.55,4192.28,4126.55,54.97042388,421.94024134
801780,2025-10-17,4176.85,4185.58,4227.15,4163.95,52.24172241,391.53961627
801780,2025-10-20,4172.65,4166.4,4185.39,4111.13,49.19563406,354.37957863
801780,2025-10-21,4186.35,4169.5,4199.63,4166.28,45.29166976,338.34060281
801780,2025-10-22,4227.01,4182.71,4235.93,4182.71,49.66544748,344.66414303
801780,2025-10-23,4253.91,4227.96,4282.92,4214.25,59.48519029,424.42136836
801780,2025-10-24,4235.5,4241.31,4265.04,4231.02,53.067594,382.84379365
801780,2025-10-27,4237.79,4222.87,4259.75,4191.05,53.83206055,408.65602745
801780,2025-10-28,4230.69,4241.25,4252.94,4191.98,44.0888852,330.09651518
801780,2025-10-29,4146.8,4219.4,4219.4,4141.44,50.02299308,395.88950221
801780,2025-10-30,4149.65,4144.19,4178.8,4142.43,43.58211316,354.94944809
801780,2025-10-31,4143.81,4160.41,4160.41,4124.44,54.39958366,393.63651042
801780,2025-11-03,4199.01,4147.5,4205.76,4147.5,47.08031811,360.39398198
801780,2025-11-04,4284.33,4201.84,4287.85,4201.84,56.25063499,452.84190836
801780,2025-11-05,4282.65,4293.6,4310.48,4271.64,41.53108187,335.95348005
801780,2025-11-06,4264.45,4270.19,4288.58,4249.15,35.59186774,299.77746756
801780,2025-11-07,4259.34,4269.88,4302.03,4256.65,34.11947589,266.04948028
801780,2025-11-10,4286.01,4252.43,4288.13,4239.3,33.70027531,258.8811148
801780,2025-11-11,4301.16,4281.35,4309.35,4275.68,29.29828187,233.15512094
801780,2025-11-12,4322.59,4312.14,4357.67,4312.14,45.57781843,344.59839765
801780,2025-11-13,4320.59,4324.31,4338.24,4278.35,40.81706092,304.79641687
801780,2025-11-14,4331.72,4321.19,4371.78,4321.19,44.55728598,327.16065353
801780,2025-11-17,4275.07,4322.75,4322.75,4266.77,42.6755964,318.85189747
801780,2025-11-18,4260.58,4267.49,4279.59,4250.64,32.01558614,233.64779424
801780,2025-11-19,4299.57,4262.8,4314.2,4262.8,38.3880851,276.77956435
801780,2025-11-20,4336.67,4291.31,4383.85,4285.63,61.99680372,425.14976301
801780,2025-11-21,4293.15,4337.79,4357.5,4290.39,56.95777523,413.65444209
801780,2025-11-24,4259.04,4295.36,4297.14,4259.04,47.58362056,350.50485419
801780,2025-11-25,4315.61,4257.92,4315.61,4239.27,41.38533134,306.27477988
801780,2025-11-26,4281.63,4317.9,4334.18,4274.94,37.16004717,274.34600579
801780,2025-11-27,4303.27,4277.04,4313.2,4246.49,33.51175576,262.24303775
801780,2025-11-28,4267.63,4296.17,4296.17,4263.93,33.76004987,252.46469153
801780,2025-12-01,4299.99,4259.6,4302.16,4257.59,43.55260483,317.99244117
801780,2025-12-02,4300.14,4297.58,4315.07,4273.3,30.60901156,229.94725376
801780,2025-12-03,4260.56,4290.07,4316.68,4259.23,36.53454002,265.99330641
801780,2025-12-04,4242.12,4262.33,4262.43,4237.57,29.44569426,208.1230804
801780,2025-12-05,4217.35,4239.31,4254.3,4195.04,36.72294799,270.30064582
801780,2025-12-08,4218.18,4216.9,4235.71,4207.18,33.38779336,252.78588014
801780,2025-12-09,4215.44,4220.92,4235.24,4197.64,31.52675031,237.1465786
801780,2025-12-10,4148.81,4213.89,4218.92,4137.08,38.31598599,305.15515075
801780,2025-12-11,4155.95,4148.7,4155.95,4132.15,32.72960768,257.41799006
801780,2025-12-12,4142.67,4153.26,4153.26,4124.94,49.58588908,379.34491832
801780,2025-12-15,4139.12,4129.17,4159.94,4123.92,32.571509,246.23154682
801780,2025-12-16,4116.56,4136.97,4144.15,4102.06,30.25105922,221.91822676
801780,2025-12-17,4121.35,4110.2,4143.88,4095.05,30.8156794,231.89788806
801780,2025-12-18,4202.65,4121.85,4205.28,4112.69,33.67161965,267.26086374
801780,2025-12-19,4183.98,4194.08,4205.77,4173.63,30.80372268,238.48905526
801780,2025-12-22,4162.12,4178.85,4179.36,4156.9,26.64151222,203.91835215
801780,2025-12-23,4177.6,4162.86,4187.73,4158.73,28.37706059,212.88591502
801780,2025-12-24,4164.9,4177.96,4182.4,4149.13,25.03121082,194.77497674
801780,2025-12-25,4157.5,4160.68,4182.5,4155.37,22.13412096,175.38050257
801780,2025-12-26,4141.6,4155.04,4161.36,4139.29,21.36497639,172.46761123
801780,2025-12-29,4184.22,4140.25,4184.22,4129.91,33.10079749,266.14669722
801780,2025-12-30,4178.0,4178.18,4190.01,4152.91,28.19748024,230.51647082
801780,2025-12-31,4183.0,4174.54,4191.87,4166.49,27.30222997,215.26779847
801780,2026-01-05,4168.89,4190.3,4199.84,4155.34,37.04934276,300.6485435
801780,2026-01-06,4188.79,4169.52,4188.79,4145.32,39.5699612,325.98801572
801780,2026-01-07,4158.54,4183.23,4196.23,4154.42,34.55138636,295.41906891
801780,2026-01-08,4121.39,4157.44,4157.44,4109.17,32.68741894,278.38624169
801780,2026-01-09,4103.44,4121.8,4121.8,4093.33,30.94723741,262.79290876
801780,2026-01-12,4115.8,4094.66,4119.3,4081.87,35.51442576,295.69408485
801780,2026-01-13,4142.4,4117.67,4167.88,4117.67,44.1871342,361.3654491
801780,2026-01-14,4064.47,4133.11,4133.11,4064.47,51.98161899,426.82851238
801780,2026-01-15,4035.94,4060.86,4067.78,4031.86,36.43008536,295.19955105
801780,2026-01-16,3979.07,4031.71,4034.67,3968.6,44.80406843,381.99164827
801780,2026-01-19,3955.35,3971.74,3982.13,3944.76,34.08160777,283.81411909
801780,2026-01-20,3986.88,3954.72,3995.61,3947.97,39.87517562,311.08015013
801780,2026-01-21,3923.99,3990.81,4004.31,3918.79,44.86131256,355.66111846
801780,2026-01-22,3907.06,3924.02,3960.04,3903.72,41.95955678,364.54104813
801780,2026-01-23,3871.72,3908.67,3920.61,3859.4,41.96340557,362.52408008
801780,2026-01-26,3888.65,3867.96,3920.08,3854.27,50.71186894,445.69713856
801780,2026-01-27,3885.51,3890.84,3935.44,3881.67,47.91698634,388.215736
801780,2026-01-28,3861.61,3881.69,3912.13,3857.78,57.5583199,457.33754056
801780,2026-01-29,3920.45,3863.34,3930.09,3842.19,64.30766872,495.97521614
801780,2026-01-30,3904.92,3922.47,3958.09,3904.92,49.35555058,388.87062806
801780,2026-02-02,3911.47,3912.15,3967.83,3907.13,54.72128372,417.20774043
801780,2026-02-03,3878.18,3916.05,3916.05,3868.24,45.53209749,326.97684449
801780,2026-02-04,3932.61,3876.09,3935.26,3876.09,39.02813661,291.36214885
801780,2026-02-05,3994.49,3934.51,4004.76,3934.51,49.82472769,378.25507934
801780,2026-02-06,3971.44,3984.76,4000.73,3952.11,41.21213567,294.66460105
801780,2026-02-09,3985.67,3963.75,3989.95,3950.97,33.51611183,239.15726051
801780,2026-02-10,3996.25,3985.24,4004.83,3985.24,32.06344499,223.63664086
801780,2026-02-11,4003.42,3997.72,4008.87,3977.22,26.84378932,195.21101657
801780,2026-02-12,3946.96,4002.64,4002.64,3942.35,37.77856709,271.07584252
801780,2026-02-13,3919.49,3950.36,3953.64,3917.65,30.48136752,221.56073959
801780,2026-02-24,3910.02,3938.51,3938.77,3910.02,27.50707623,210.04882463
801780,2026-02-25,3892.18,3913.56,3926.24,3889.38,38.67463109,260.42290519
801780,2026-02-26,3883.56,3895.01,3914.57,3872.99,29.88484652,213.4521989
801780,2026-02-27,3883.47,3883.7,3903.89,3881.01,28.1217856,209.22733751
801780,2026-03-02,3906.9,3872.52,3921.48,3863.91,42.61199401,298.26461152
801780,2026-03-03,3948.59,3903.2,3976.74,3890.21,60.82402549,446.36665852
801780,2026-03-04,3906.01,3935.67,3935.67,3878.37,53.5230309,377.70291997
801780,2026-03-05,3941.36,3896.43,3945.81,3895.21,35.53292562,259.10023838
801780,2026-03-06,3947.24,3933.99,3953.86,3924.41,28.64424451,202.82130882
801780,2026-03-09,3922.33,3928.86,3955.62,3918.59,39.28221825,287.2857438
801780,2026-03-10,3929.41,3921.38,3931.89,3906.63,31.58726897,220.08606483
801780,2026-03-11,3963.12,3928.67,3963.12,3908.87,32.26033162,234.97597722
801780,2026-03-12,3986.98,3958.05,3989.91,3955.46,37.55164578,247.00570631
801780,2026-03-13,4002.0,3983.01,4029.05,3970.14,39.84440033,279.16890988
801780,2026-03-16,4016.8,4000.93,4032.86,3992.62,33.9641019,249.37881304
801780,2026-03-17,4051.14,4014.03,4060.26,4014.03,40.12190662,286.90495697
801780,2026-03-18,4033.53,4051.59,4052.28,4015.64,39.38279538,282.61324237
801780,2026-03-19,4026.87,4022.55,4052.23,4021.24,38.57791381,280.50834675
801780,2026-03-20,4016.32,4025.95,4048.82,4013.93,36.0114031,257.82457369
801780,2026-03-23,3885.99,3996.29,3996.29,3874.24,59.12594553,400.2830264
801780,2026-03-24,3967.31,3901.83,3967.31,3901.83,40.05530853,284.45865727
801780,2026-03-25,3993.21,3970.78,3993.21,3933.12,36.60710502,250.89925367
801780,2026-03-26,4007.81,3983.69,4022.64,3983.69,31.71010987,225.97230483
801780,2026-03-27,3987.93,3997.65,4016.18,3979.96,28.8715508,206.07886821
801780,2026-03-30,4007.34,3969.52,4015.82,3969.52,30.14072055,222.23519688
801780,2026-03-31,4036.09,4011.64,4060.44,4011.64,47.72111797,330.28464279
801780,2026-04-01,4040.08,4044.51,4067.07,4033.51,36.65831787,269.44637297
801780,2026-04-02,4062.89,4041.62,4077.18,4040.93,33.04269992,239.13480614
801780,2026-04-03,4015.38,4063.26,4063.26,4006.16,28.76546811,201.41703796
801780,2026-04-07,3977.7,4013.86,4016.46,3968.28,27.90567331,200.55221531
801780,2026-04-08,4009.34,3990.38,4009.34,3972.22,35.53521627,260.78317358
801780,2026-04-09,3975.02,4000.46,4009.9,3968.74,24.47428771,184.86161306
801780,2026-04-10,3969.82,3977.47,3977.57,3967.87,21.89959645,169.75028275
801780,2026-04-13,3971.29,3965.25,3971.44,3945.77,21.39541454,166.05978121
801780,2026-04-14,4005.45,3968.47,4007.32,3968.47,24.38074862,183.55157345
801780,2026-04-15,4049.76,4005.33,4052.82,4005.33,29.44140357,241.97049204
801780,2026-04-16,4035.72,4047.89,4075.09,4028.29,27.03956067,210.49931572
801780,2026-04-17,4019.66,4032.83,4041.3,4017.51,23.22087779,182.60770365
801780,2026-04-20,4064.84,4017.02,4065.36,4013.5,27.74746617,228.46547036
801780,2026-04-21,4079.91,4065.38,4105.61,4065.38,28.65449677,233.30112808
801780,2026-04-22,4050.82,4080.74,4080.74,4046.96,25.56449021,203.96866989
801780,2026-04-23,4064.38,4048.24,4079.39,4038.8,34.92416882,265.95290484
801780,2026-04-24,4053.18,4061.22,4075.89,4041.65,27.99861367,224.15060814
801780,2026-04-27,4040.02,4061.56,4095.35,4036.6,31.64749198,282.06120604
801780,2026-04-28,4055.99,4032.42,4055.99,4029.64,30.34875566,243.58501088
801780,2026-04-29,4041.51,4042.78,4053.59,4011.85,35.93560011,338.80077845
801780,2026-04-30,4013.77,4029.19,4044.02,4006.18,38.3778654,309.60671968
801780,2026-05-06,3979.43,4012.61,4012.61,3961.08,40.41910328,337.49048944
801780,2026-05-07,3967.46,3978.07,3988.07,3967.46,29.14915494,232.76417279
801780,2026-05-08,3964.0,3971.64,3993.63,3958.14,25.96243952,215.66193029
801780,2026-05-11,3961.69,3958.54,3964.7,3940.26,35.33643189,275.84648993
801780,2026-05-12,3952.2,3960.21,3976.73,3949.56,29.01280879,244.11443289
801780,2026-05-13,3934.51,3944.56,3952.71,3927.42,27.65048289,220.63804936
801780,2026-05-14,3944.98,3930.78,3960.72,3922.2,33.48021002,263.64757385
801780,2026-05-15,3928.3,3942.45,3961.87,3919.34,35.0135383,263.42580361
801780,2026-05-18,3891.88,3920.57,3920.57,3881.21,29.63758553,228.88507858
801780,2026-05-19,3907.54,3892.16,3935.48,3892.16,28.73520915,224.69403889
801780,2026-05-20,3871.81,3909.64,3913.64,3871.81,27.21148896,205.65882346
801780,2026-05-21,3882.49,3871.59,3900.81,3864.48,30.76957287,241.21952528
801780,2026-05-22,3874.65,3877.02,3894.25,3854.47,29.15626149,234.0387282
801780,2026-05-25,3874.82,3868.57,3898.43,3865.35,23.62733554,194.61251141
801780,2026-05-26,3883.69,3874.8,3898.95,3873.77,26.97336196,220.92493103
801780,2026-05-27,3869.61,3881.82,3899.56,3862.19,31.99676292,252.27724362
801780,2026-05-28,3844.82,3867.38,3885.12,3839.49,28.39391614,231.22114591
801780,2026-05-29,3911.15,3835.41,3922.71,3825.92,41.00068022,347.46138726
801780,2026-06-01,3957.41,3910.94,3957.41,3895.93,39.9312837,309.8534351
801780,2026-06-02,3981.87,3952.69,4006.02,3952.69,36.8696176,300.42007496
801780,2026-06-03,3945.53,3975.49,3975.49,3926.7,32.8029018,255.93237703
801780,2026-06-04,3902.27,3945.62,3956.43,3895.04,28.33319484,221.24168099
801780,2026-06-05,3954.25,3909.16,3959.07,3909.16,33.24401018,256.85445071
801780,2026-06-08,3977.95,3949.2,3993.47,3940.34,41.12282506,314.23260912
801780,2026-06-09,3998.1,3960.98,4021.6,3960.98,40.41155661,309.6554517
801780,2026-06-10,4058.67,3998.36,4066.43,3994.42,44.19774787,349.3796996
801780,2026-06-11,4047.26,4061.09,4062.52,4018.19,33.8468239,267.76501316
801780,2026-06-12,4091.09,4012.87,4091.39,3996.68,47.86059039,379.3988199
801780,2026-06-15,4025.68,4078.71,4083.6,4012.06,45.71816685,360.04387688
801780,2026-06-16,3973.95,4013.07,4017.47,3967.53,31.4998105,248.37962719
801780,2026-06-17,3936.87,3982.4,3996.59,3924.58,30.97600761,234.25580769
801780,2026-06-18,3834.97,3931.51,3933.64,3834.97,43.02702198,323.69201673
801780,2026-06-22,3866.03,3821.32,3887.36,3803.09,42.64001154,321.86428976
801780,2026-06-23,3910.5,3865.82,3944.03,3865.82,47.85741333,348.85988497
801780,2026-06-24,3813.6,3910.92,3916.27,3813.6,44.96067141,336.70656821
801780,2026-06-25,3777.73,3794.21,3835.95,3777.09,37.18421737,290.81364107
801780,2026-06-26,3742.55,3781.38,3793.79,3739.52,37.13548327,275.32219162
801780,2026-06-29,3757.73,3733.84,3772.94,3667.72,40.61326981,299.11017944
801780,2026-06-30,3669.57,3743.7,3743.7,3654.81,40.9595187,303.57403977
801780,2026-07-01,3693.03,3664.84,3709.2,3651.97,32.25998658,235.87975452
801780,2026-07-02,3732.89,3707.85,3769.94,3690.18,39.09133901,290.54997866
801780,2026-07-03,3730.16,3730.64,3766.14,3694.0,33.63643499,244.1912245
801780,2026-07-06,3801.07,3718.86,3805.03,3707.56,39.97463484,286.75060405
801780,2026-07-07,3808.55,3793.23,3814.97,3766.26,35.11948076,247.83599946
801780,2026-07-08,3844.39,3792.7,3848.84,3773.91,36.08890435,262.0112258
801780,2026-07-09,3809.16,3822.84,3832.66,3794.52,34.22663507,247.05159283
801780,2026-07-10,3800.82,3775.25,3806.81,3766.4,35.18554018,260.09927897
801780,2026-07-13,3865.81,3786.43,3866.14,3779.41,47.47098118,355.8597869
801780,2026-07-14,3870.45,3848.29,3876.42,3832.54,43.21255377,318.31768722
801780,2026-07-15,3914.72,3843.74,3923.36,3842.91,42.28437427,319.33738116
801780,2026-07-16,3868.47,3903.21,3921.39,3852.7,35.6227536,263.39726945
801780,2026-07-17,3903.2,3869.3,3919.67,3869.3,53.79609269,400.41125876
801780,2026-07-20,3993.93,3889.09,3993.93,3889.09,59.77958792,455.98497315
801780,2026-07-21,3905.99,3999.28,4022.59,3901.4,58.87733883,456.20539355
801780,2026-07-22,3949.66,3893.94,3949.66,3865.23,42.12149948,314.91936608
801780,2026-07-23,3971.52,3934.65,3976.66,3934.65,32.62048434,248.42650459
801780,2026-07-24,3983.96,3988.51,3997.53,3973.79,34.64330142,275.41024631
801780,2026-07-27,3985.16,3987.39,4006.91,3967.02,37.13812769,272.52163969
801780,2026-07-28,4045.15,4000.32,4045.15,3981.88,45.21455092,355.19165902
801780,2026-07-29,4050.92,4057.58,4082.85,4047.28,45.36232641,356.1636392
801780,2026-07-30,4151.41,4044.54,4151.41,4044.54,58.15790707,459.97256299
801780,2026-07-31,4094.13,4083.0,4105.61,4003.17,62.57599621,494.63491644
801780,2026-08-03,4113.27,4079.35,4121.85,4057.33,49.46236577,383.80895816
801780,2026-08-04,4000.28,4091.08,4091.08,4000.28,49.7243146,376.22965148
801780,2026-08-05,3954.85,3999.22,3999.22,3941.28,47.65609963,352.32642133
801780,2026-08-06,3968.59,3958.87,3979.61,3921.94,42.27553039,309.15227185
801780,2026-08-07,3942.8,3956.78,3968.27,3916.44,37.23612692,267.27339867
801780,2026-08-10,3960.45,3932.27,3990.55,3932.27,32.8697887,247.97161632
801780,2026-08-11,3959.64,3961.95,3982.88,3947.99,29.30736293,215.14319715
801780,2026-08-12,3945.99,3954.88,3958.97,3927.45,30.04712565,214.23139383
801780,2026-08-13,3966.47,3934.95,3966.47,3932.89,32.21795023,236.26070709
801780,2026-08-14,3942.5,3950.94,3971.49,3942.11,29.38298388,214.69960557
801780,2026-08-17,3934.42,3938.78,3943.51,3921.22,26.98335875,210.02150319
801780,2026-08-18,3960.86,3932.58,3964.23,3932.58,32.47850993,253.65461016
801780,2026-08-19,4031.41,3978.09,4031.41,3978.09,46.84555814,382.86651008
801780,2026-08-20,4048.36,4005.84,4054.02,3998.97,40.5841156,317.87839963
801780,2026-08-21,4036.97,4041.06,4061.18,4024.92,30.0819087,229.46235232
801780,2026-08-24,4090.35,4026.28,4098.5,4025.43,40.57521215,320.78219988
801780,2026-08-25,4065.84,4096.99,4102.63,4060.94,37.83310409,286.79788643
801780,2026-08-26,4097.69,4054.46,4106.54,4054.46,34.99857187,266.21881338
801780,2026-08-27,4055.21,4085.11,4087.82,4029.15,41.84555454,301.85499698
801780,2026-08-28,4037.74,4038.78,4049.8,4023.32,30.64528876,250.19940841
801780,2026-08-31,4108.39,4050.15,4113.68,4050.15,58.48368017,419.6331169
801780,2026-09-01,4185.5,4097.88,4190.39,4097.69,58.24326083,430.88487035
801780,2026-09-02,4187.58,4192.71,4208.5,4172.4,40.37624242,297.03420533
801780,2026-09-03,4164.44,4172.46,4230.31,4160.55,45.29760288,341.64131947
801780,2026-09-04,4200.64,4157.64,4213.81,4157.64,36.02534421,280.74635718
801780,2026-09-07,4137.89,4203.46,4203.46,4127.41,42.31241761,327.09002413
801780,2026-09-08,4152.4,4132.92,4162.32,4124.37,34.98082754,252.11713863
801780,2026-09-09,4160.84,4146.16,4176.69,4134.8,26.34777059,193.04527052
801780,2026-09-10,4224.39,4164.95,4225.54,4160.87,35.04995027,278.29344494
801780,2026-09-11,4206.12,4232.91,4232.91,4188.92,41.57899378,306.32089339
801780,2026-09-14,4241.19,4205.3,4259.01,4205.3,35.86161635,279.08229938
801780,2026-09-15,4185.11,4233.98,4233.98,4178.43,32.71347776,247.27839616
801780,2026-09-16,4156.69,4181.72,4183.91,4129.08,33.17156658,249.51727659
801780,2026-09-17,4145.81,4151.73,4176.28,4123.77,29.40566622,229.05083634
801780,2026-09-18,4129.7,4128.53,4168.76,4123.66,32.89059128,242.302018
801780,2026-09-21,4151.09,4123.75,4153.62,4111.16,30.50981714,232.53392027
801780,2026-09-22,4146.78,4139.17,4153.04,4118.99,28.96865844,224.29878774
801780,2026-09-23,4127.19,4140.13,4149.71,4113.84,25.86323124,191.69729026
801780,2026-09-24,4140.14,4124.27,4168.97,4124.27,31.15689927,243.99464934
801780,2026-09-28,4133.4,4140.37,4152.56,4120.29,34.73706708,267.97852709
801780,2026-09-29,4142.94,4134.17,4158.39,4119.36,32.08807189,235.92668715
801780,2026-09-30,4203.77,4144.67,4212.11,4144.67,33.68114115,265.14429914
