代码,日期,收盘,开盘,最高,最低,成交量,成交额
801710,2014-02-21,3068.08,3110.43,3119.54,3047.39,3.87044693,31.2817073663
801710,2014-02-24,2992.49,3044.36,3044.89,2964.14,4.94327547,40.23431924
801710,2014-02-25,2911.83,2994.67,3008.61,2903.0,4.66807817,38.7993601887
801710,2014-02-26,2928.3,2902.28,2928.3,2888.41,4.16603367,33.9088972441
801710,2014-02-27,2910.74,2936.83,2949.31,2910.36,4.68713824,37.744888398600004
801710,2014-02-28,2948.91,2907.31,2951.36,2888.66,3.21428151,27.2383080848
801710,2014-03-03,2977.51,2944.88,2977.51,2939.43,3.20213445,27.561486012600003
801710,2014-03-04,2966.14,2967.41,2967.92,2938.39,3.03068613,25.5218227264
801710,2014-03-05,2968.53,2972.72,2996.34,2963.52,3.52815589,28.5183206991
801710,2014-03-06,2994.49,2964.13,2996.12,2937.2,3.69559708,30.1832102436
801710,2014-03-07,2972.39,2990.23,2998.63,2961.3,3.36360558,27.360425229
801710,2014-03-10,2859.12,2950.34,2951.22,2858.38,3.47639273,26.9715416691
801710,2014-03-11,2894.23,2855.57,2905.45,2854.96,3.12210685,24.195912790500003
801710,2014-03-12,2914.05,2886.13,2922.88,2873.78,3.66958199,28.337809075
801710,2014-03-13,2934.09,2912.19,2934.54,2903.06,3.56119504,26.297926440700003
801710,2014-03-14,2923.72,2923.14,2935.9,2906.74,2.91353117,21.820179334699997
801710,2014-03-17,2989.47,2961.8,2989.72,2954.35,4.19282049,32.7016847023
801710,2014-03-18,2991.26,2988.83,2999.64,2977.3,4.10826748,33.4748963675
801710,2014-03-19,3022.99,2983.61,3022.99,2950.84,4.98635627,41.4171785316
801710,2014-03-20,2983.99,3022.85,3049.3,2983.21,5.72542098,46.7492956229
801710,2014-03-21,3060.94,2970.81,3061.15,2968.46,6.02345754,46.26865153600001
801710,2014-03-24,3128.6,3066.81,3135.74,3066.51,6.8267533,56.9209128485
801710,2014-03-25,3113.7,3125.85,3143.15,3095.97,6.01867036,49.246723908999996
801710,2014-03-26,3120.49,3116.99,3126.13,3103.63,5.0760243,42.3659179492
801710,2014-03-27,3074.8,3119.32,3127.55,3074.8,4.66439186,39.5110743286
801710,2014-03-28,3087.81,3075.77,3116.96,3056.81,4.77743355,42.618288475300005
801710,2014-03-31,3077.63,3090.38,3105.79,3057.22,4.16373831,34.1606620796
801710,2014-04-01,3099.6,3072.96,3099.9,3062.24,3.22671257,26.439127492199997
801710,2014-04-02,3155.69,3100.4,3166.62,3099.96,5.15551969,43.789757565500004
801710,2014-04-03,3144.29,3178.8,3188.86,3132.63,4.90341575,44.3264133906
801710,2014-04-04,3161.99,3137.96,3162.36,3131.1,3.35093679,29.378114400999998
801710,2014-04-08,3208.32,3151.03,3211.8,3147.37,4.75560432,41.1697742843
801710,2014-04-09,3227.0,3212.66,3245.87,3208.14,4.68479486,40.771733532
801710,2014-04-10,3306.93,3233.3,3317.12,3215.39,7.12344288,73.9216998699
801710,2014-04-11,3253.91,3289.5,3294.29,3247.48,6.10824951,66.6426167145
801710,2014-04-14,3284.18,3246.06,3284.65,3226.81,5.37223991,47.480369957200004
801710,2014-04-15,3222.35,3279.27,3281.49,3217.97,5.7252485,48.4980968305
801710,2014-04-16,3249.13,3213.63,3249.13,3211.22,5.58677361,46.994790924200004
801710,2014-04-17,3207.56,3254.95,3255.26,3205.65,4.26726214,36.7568123005
801710,2014-04-18,3205.59,3195.92,3208.93,3177.27,3.02592208,25.8527694138
801710,2014-04-21,3139.31,3185.27,3206.15,3139.31,4.02572514,34.9102794208
801710,2014-04-22,3121.61,3130.65,3139.11,3076.65,3.80472616,31.5109478318
801710,2014-04-23,3133.51,3118.76,3136.2,3112.39,2.83033628,23.661368517899998
801710,2014-04-24,3107.6,3131.42,3143.36,3105.91,2.92526093,23.6389370749
801710,2014-04-25,3037.6,3112.2,3119.31,3037.6,3.2175855,26.364505617800003
801710,2014-04-28,2986.84,3021.92,3025.5,2985.16,3.0255889,23.71526577
801710,2014-04-29,3046.24,2990.68,3046.24,2988.79,2.97924629,23.0512490479
801710,2014-04-30,3053.19,3052.27,3060.82,3045.77,2.87675993,21.581668951599998
801710,2014-05-05,3070.43,3050.9,3071.44,3040.43,3.34350335,23.5434527549
801710,2014-05-06,3067.8,3069.41,3082.41,3053.7,3.49051466,26.4297517941
801710,2014-05-07,3021.34,3059.84,3064.3,3018.3,3.58692511,26.1424140635
801710,2014-05-08,3015.3,3012.88,3051.76,3005.86,3.51380536,25.0409836587
801710,2014-05-09,2989.71,3011.62,3012.92,2970.7,3.4585794,23.627508559499997
801710,2014-05-12,3049.83,3008.83,3049.86,2994.71,4.16675274,30.7812802225
801710,2014-05-13,3056.99,3048.19,3069.61,3040.66,3.8250611,27.8452094608
801710,2014-05-14,3055.12,3053.22,3068.82,3049.91,2.80939691,21.1149554259
801710,2014-05-15,3010.13,3048.76,3051.96,3005.92,3.05400805,22.728152179099997
801710,2014-05-16,3003.86,3005.75,3011.02,2981.99,2.50223045,18.2577952254
801710,2014-05-19,2975.6,2997.32,2997.79,2963.48,2.60313634,17.538402477
801710,2014-05-20,2982.79,2987.98,3000.59,2975.05,2.3125171,18.2514374579
801710,2014-05-21,3000.34,2970.04,3000.89,2942.92,2.47871375,18.4829612735
801710,2014-05-22,2992.87,3005.22,3030.51,2990.44,3.02259981,23.3652007374
801710,2014-05-23,3018.42,2991.91,3018.42,2986.32,2.44378789,18.4214625259
801710,2014-05-26,3045.97,3027.79,3045.97,3021.32,2.83030518,21.8266928724
801710,2014-05-27,3035.6,3049.6,3054.17,3030.68,3.86246657,28.9498805225
801710,2014-05-28,3054.93,3035.56,3060.38,3018.6,3.43783326,26.3444204223
801710,2014-05-29,3029.95,3056.55,3065.58,3029.17,3.53986422,26.824653238299998
801710,2014-05-30,3030.98,3032.28,3045.3,3016.92,3.7488841,31.9265049116
801710,2014-06-03,3042.22,3035.03,3062.38,3035.03,3.08629114,27.442736253000003
801710,2014-06-04,3005.4,3041.34,3041.39,2986.74,2.93619618,24.4047619696
801710,2014-06-05,3041.09,2998.1,3041.39,2997.7,2.83915949,22.845164579200002
801710,2014-06-06,3017.66,3035.73,3036.16,3001.4,2.7069654,21.2180066424
801710,2014-06-09,3011.63,3011.95,3028.9,3007.31,2.6945774,20.5215780551
801710,2014-06-10,3040.61,3017.83,3042.84,3006.9,3.17858449,26.835996877600003
801710,2014-06-11,3042.33,3036.3,3043.6,3026.51,2.63071778,22.4553513589
801710,2014-06-12,3037.07,3038.37,3049.22,3027.13,3.18737113,27.6585531208
801710,2014-06-13,3066.56,3032.72,3073.57,3030.72,3.53974862,29.528814346500003
801710,2014-06-16,3105.54,3087.52,3106.59,3079.4,4.31072975,39.5277470734
801710,2014-06-17,3067.54,3096.87,3096.97,3066.07,3.60738359,29.371282709899997
801710,2014-06-18,3033.9,3054.39,3055.56,3032.7,3.25008283,25.8914709388
801710,2014-06-19,2959.21,3035.81,3045.18,2948.34,3.97120255,28.6393981666
801710,2014-06-20,2975.43,2954.66,2976.08,2951.12,2.22232448,16.6690483602
801710,2014-06-23,2993.54,2982.94,3000.45,2982.51,2.4922364,20.1398104662
801710,2014-06-24,3006.11,2990.46,3009.25,2987.45,3.32435011,23.655917603600003
801710,2014-06-25,3004.16,3001.06,3005.82,2984.84,3.11549722,23.0182010202
801710,2014-06-26,3034.48,3005.88,3037.82,3005.76,4.39979655,32.6548396703
801710,2014-06-27,3048.5,3029.39,3059.59,3026.31,4.86990291,36.1748376073
801710,2014-06-30,3060.64,3046.77,3063.14,3044.28,4.53808764,34.0682799526
801710,2014-07-01,3066.51,3059.48,3066.72,3050.12,4.01066383,30.657857182199997
801710,2014-07-02,3079.48,3064.4,3079.48,3053.61,4.39686471,32.820151445
801710,2014-07-03,3114.39,3089.97,3115.5,3078.57,4.24177247,34.1615700693
801710,2014-07-04,3111.91,3110.42,3120.9,3106.04,3.32922345,28.050151701799997
801710,2014-07-07,3124.02,3120.62,3130.77,3113.85,3.8215163,32.0391596299
801710,2014-07-08,3126.38,3131.0,3131.57,3101.13,3.59782617,29.701162753400002
801710,2014-07-09,3078.87,3127.79,3130.41,3077.77,4.23406258,35.1232124831
801710,2014-07-10,3104.97,3081.75,3118.99,3081.75,3.76041874,29.7556042477
801710,2014-07-11,3125.86,3106.6,3138.81,3105.0,4.64249663,33.3362789238
801710,2014-07-14,3186.68,3131.72,3186.68,3131.32,4.75146189,39.5727999618
801710,2014-07-15,3180.96,3188.73,3199.93,3152.61,5.52989082,46.7262172551
801710,2014-07-16,3170.6,3184.88,3205.28,3157.38,5.51014443,46.5736287375
801710,2014-07-17,3161.66,3168.79,3169.47,3142.91,5.06917691,38.5264244054
801710,2014-07-18,3184.79,3146.99,3205.24,3140.12,4.95724657,39.6714712834
801710,2014-07-21,3171.43,3181.97,3191.72,3158.84,3.87046043,31.123826215999998
801710,2014-07-22,3200.83,3164.19,3205.31,3158.18,4.58001604,36.760806124
801710,2014-07-23,3217.38,3203.41,3230.26,3196.01,5.83349653,46.6914898513
801710,2014-07-24,3237.74,3214.25,3243.94,3207.46,5.74924728,47.8803146817
801710,2014-07-25,3263.66,3243.48,3263.66,3236.92,5.53474543,41.0734946158
801710,2014-07-28,3315.68,3273.68,3323.41,3273.59,7.01765319,56.4377321207
801710,2014-07-29,3323.02,3317.93,3342.59,3311.48,6.83818018,56.125919002399996
801710,2014-07-30,3318.57,3311.03,3329.09,3300.81,6.14581704,50.8103238661
801710,2014-07-31,3340.15,3309.33,3340.15,3300.97,5.76698749,43.4403946104
801710,2014-08-01,3298.1,3331.92,3352.91,3296.78,6.75431502,53.405338906800004
801710,2014-08-04,3377.94,3309.65,3377.94,3309.6,6.80201363,54.9057206267
801710,2014-08-05,3414.96,3382.9,3438.42,3358.13,8.90097676,71.4544326403
801710,2014-08-06,3410.68,3398.15,3419.29,3375.26,7.13424961,54.217592545
801710,2014-08-07,3359.3,3407.64,3416.27,3356.74,6.1995492,49.887123101499995
801710,2014-08-08,3371.03,3360.41,3379.72,3354.94,4.8708396,39.3412812319
801710,2014-08-11,3418.56,3382.53,3419.59,3380.46,5.87149491,49.1457480832
801710,2014-08-12,3445.82,3421.13,3445.86,3413.67,6.72697897,55.3788777039
801710,2014-08-13,3440.22,3446.37,3453.47,3406.8,6.94368357,54.683472484700005
801710,2014-08-14,3414.28,3438.21,3455.89,3411.52,6.57682368,55.6153410626
801710,2014-08-15,3449.39,3414.46,3454.51,3410.01,6.53734484,54.494254284600004
801710,2014-08-18,3486.87,3457.93,3486.87,3455.84,7.75286552,61.5885957655
801710,2014-08-19,3492.9,3485.29,3497.69,3465.12,8.61143357,68.4945444025
801710,2014-08-20,3496.28,3495.62,3509.54,3481.61,8.50239365,67.481404598
801710,2014-08-21,3471.39,3493.41,3494.08,3425.95,7.5542053,60.6262532012
801710,2014-08-22,3488.29,3467.86,3488.92,3461.03,6.57732937,54.5809036376
801710,2014-08-25,3463.57,3485.09,3488.29,3450.12,6.5247957,53.02556857810001
801710,2014-08-26,3404.9,3458.35,3465.86,3392.78,6.24590595,51.411142124899996
801710,2014-08-27,3413.96,3400.86,3423.81,3400.2,4.6621437,37.6583292606
801710,2014-08-28,3391.68,3411.42,3424.63,3385.34,4.82444887,40.0472949023
801710,2014-08-29,3424.03,3392.08,3424.03,3380.74,3.79317683,31.9019043557
801710,2014-09-01,3478.43,3430.65,3478.43,3430.65,4.84094834,42.0467089916
801710,2014-09-02,3524.69,3484.26,3524.69,3483.55,6.07254415,54.0432434862
801710,2014-09-03,3540.91,3536.61,3544.4,3520.07,6.43303792,57.257588445500005
801710,2014-09-04,3575.06,3548.08,3575.06,3538.77,6.75604138,60.1999841267
801710,2014-09-05,3596.98,3584.83,3600.5,3574.32,7.29578861,63.953217074799994
801710,2014-09-09,3616.3,3604.83,3617.33,3591.47,7.38647378,61.88675598729999
801710,2014-09-10,3612.02,3602.88,3614.97,3580.71,6.95511315,57.36509298520001
801710,2014-09-11,3621.87,3614.42,3661.02,3599.71,9.39187973,77.2013635915
801710,2014-09-12,3662.1,3622.92,3662.1,3614.88,8.87258472,62.5607655392
801710,2014-09-15,3699.2,3666.89,3699.2,3658.32,9.50476941,78.6298108332
801710,2014-09-16,3582.06,3700.78,3702.28,3579.7,11.53765042,89.3235822484
801710,2014-09-17,3620.1,3591.68,3620.12,3563.47,9.43854549,68.76568475399999
801710,2014-09-18,3625.27,3616.47,3632.52,3603.25,7.22844029,58.469186013000005
801710,2014-09-19,3657.68,3628.8,3661.55,3611.87,6.69508521,58.92078247640001
801710,2014-09-22,3610.95,3656.57,3656.78,3601.19,6.45544749,58.3847404755
801710,2014-09-23,3672.29,3613.66,3672.29,3613.66,7.19750988,68.33151079439999
801710,2014-09-24,3716.24,3668.65,3721.29,3657.2,7.99920513,74.0741938531
801710,2014-09-25,3710.26,3727.12,3744.58,3698.09,8.42079964,74.4865195787
801710,2014-09-26,3734.7,3701.23,3738.28,3696.39,7.35388782,60.939256796
801710,2014-09-29,3769.35,3746.93,3769.35,3746.25,7.6157812,66.680345989
801710,2014-09-30,3783.07,3777.47,3785.23,3762.24,7.29133352,66.4423185241
801710,2014-10-08,3844.45,3802.2,3844.45,3797.38,8.05411968,74.7794918643
801710,2014-10-09,3864.34,3850.05,3865.65,3809.84,9.17522693,82.0250736063
801710,2014-10-10,3835.3,3849.57,3858.98,3813.32,7.5869199,71.3347753315
801710,2014-10-13,3838.3,3820.1,3838.3,3789.42,7.03047207,64.4092182025
801710,2014-10-14,3806.21,3829.08,3850.48,3789.62,6.8434587,63.2676951328
801710,2014-10-15,3824.21,3805.49,3824.21,3781.37,5.76639024,55.227440573500004
801710,2014-10-16,3763.94,3802.36,3831.78,3763.94,6.58397124,59.992247838500006
801710,2014-10-17,3716.38,3754.17,3767.41,3653.35,6.71983897,61.499826575
801710,2014-10-20,3764.02,3719.45,3764.02,3714.25,4.8796598,45.187463260600005
801710,2014-10-21,3731.26,3763.85,3776.01,3725.44,4.66016292,45.3779230226
801710,2014-10-22,3702.74,3736.7,3762.72,3699.9,5.24307843,48.67165333609999
801710,2014-10-23,3650.34,3695.48,3708.44,3640.93,5.42584269,48.8465200141
801710,2014-10-24,3648.67,3649.02,3669.04,3636.02,4.26095826,39.4654933047
801710,2014-10-27,3661.74,3636.03,3661.74,3614.19,3.92893159,36.6097903341
801710,2014-10-28,3761.38,3671.72,3761.38,3671.0,7.0399631,62.6048337203
801710,2014-10-29,3811.87,3774.63,3820.7,3757.01,8.79865589,83.4994552819
801710,2014-10-30,3840.1,3811.17,3863.97,3805.0,9.75721578,90.3760735252
801710,2014-10-31,3867.92,3841.67,3868.0,3815.28,9.35060786,87.3032890787
801710,2014-11-03,3905.69,3877.48,3918.29,3874.32,11.93591084,106.04378193040002
801710,2014-11-04,3877.51,3898.74,3899.25,3858.28,10.05593716,88.668210725
801710,2014-11-05,3886.54,3893.62,3910.84,3883.37,8.83636395,74.3575153632
801710,2014-11-06,3920.77,3883.74,3920.77,3843.52,8.30797697,69.2147284838
801710,2014-11-07,3873.54,3926.86,3944.67,3859.43,9.67059387,88.95725022469999
801710,2014-11-10,3952.15,3902.59,3952.15,3890.32,9.64553448,92.8757879358
801710,2014-11-11,3850.38,3956.96,3959.03,3817.77,10.49042906,99.551840005
801710,2014-11-12,3915.21,3836.43,3915.3,3822.47,6.75019858,64.0664200883
801710,2014-11-13,3886.61,3918.15,3929.91,3862.29,7.60080142,73.9054397049
801710,2014-11-14,3857.0,3868.5,3878.24,3827.2,5.25741709,53.6061466596
801710,2014-11-17,3869.71,3881.71,3898.72,3838.62,5.72410377,56.5205901707
801710,2014-11-18,3881.13,3870.78,3897.91,3864.93,5.40391274,51.4509623561
801710,2014-11-19,3894.38,3886.89,3904.83,3872.78,6.67580387,60.202950217799994
801710,2014-11-20,3880.19,3878.72,3895.02,3866.36,6.00252757,54.1748407484
801710,2014-11-21,3931.13,3878.51,3933.44,3876.27,6.63575359,62.0701030947
801710,2014-11-24,4023.24,3987.39,4041.48,3978.65,11.29776091,106.03544345290001
801710,2014-11-25,4045.44,4012.96,4045.44,4007.89,8.79427672,82.3674636312
801710,2014-11-26,4065.84,4055.18,4073.84,4026.65,9.6836051,86.9380981493
801710,2014-11-27,4078.67,4078.03,4084.21,4039.37,9.02878557,86.0480750631
801710,2014-11-28,4105.77,4078.15,4106.06,4041.68,10.04860798,101.9629269923
801710,2014-12-01,4098.0,4119.77,4160.64,4080.18,10.36026041,105.21270437540001
801710,2014-12-02,4172.28,4094.36,4172.28,4091.78,9.10790118,92.549968659
801710,2014-12-03,4215.86,4190.1,4260.07,4150.74,13.3060131,132.7886517634
801710,2014-12-04,4309.13,4224.92,4315.03,4209.35,12.38980461,126.4185076092
801710,2014-12-05,4164.44,4322.98,4326.75,4084.26,14.35213361,145.7133739914
801710,2014-12-08,4252.52,4161.84,4269.0,4128.77,12.23778858,122.4144837618
801710,2014-12-09,4173.88,4249.05,4447.19,4157.41,21.72708298,229.5279266875
801710,2014-12-10,4337.07,4181.51,4337.85,4135.36,13.27275247,138.9719157683
801710,2014-12-11,4384.71,4314.98,4403.51,4296.44,12.41004226,130.2552738392
801710,2014-12-12,4438.01,4390.18,4447.14,4373.95,10.66616685,111.96214788639999
801710,2014-12-15,4469.92,4411.64,4486.05,4382.66,10.78672833,110.70855316549999
801710,2014-12-16,4487.41,4489.64,4502.51,4464.36,11.75618287,120.31041243450001
801710,2014-12-17,4419.64,4493.62,4496.59,4369.04,10.85763736,112.1101815766
801710,2014-12-18,4398.3,4409.89,4428.61,4395.5,7.20403047,72.8695062894
801710,2014-12-19,4369.95,4385.29,4385.64,4273.72,9.34307341,88.5955047276
801710,2014-12-22,4277.48,4364.52,4380.9,4252.01,11.41627969,109.7210348417
801710,2014-12-23,4208.21,4258.3,4289.08,4206.59,7.08638101,67.1731468504
801710,2014-12-24,4246.73,4216.51,4247.99,4198.28,6.08276078,57.3818739166
801710,2014-12-25,4351.92,4254.35,4351.99,4253.64,8.10581335,81.9890512321
801710,2014-12-26,4389.98,4350.01,4390.95,4340.28,8.96310445,85.7525353479
801710,2014-12-29,4341.43,4397.53,4398.87,4323.81,9.31311312,90.2480317449
801710,2014-12-30,4432.94,4383.34,4482.57,4336.32,13.50131725,146.2118614908
801710,2014-12-31,4460.91,4442.95,4475.15,4410.61,10.41706773,119.9743656493
801710,2015-01-05,4541.28,4496.57,4555.89,4465.73,11.20204864,127.6187287525
801710,2015-01-06,4519.24,4501.24,4531.95,4472.74,9.86884069,108.74699599709999
801710,2015-01-07,4516.0,4510.12,4531.49,4470.45,7.95902145,84.6016796522
801710,2015-01-08,4463.98,4521.07,4532.6,4448.86,7.34850628,79.8384125023
801710,2015-01-09,4439.2,4452.74,4532.94,4437.9,7.87309319,91.8561145286
801710,2015-01-12,4344.45,4411.31,4414.65,4305.91,6.77037779,73.759004418
801710,2015-01-13,4361.45,4336.74,4376.6,4333.78,4.62789867,51.0964513529
801710,2015-01-14,4335.17,4364.28,4383.78,4317.62,4.85790466,52.5509554383
801710,2015-01-15,4399.46,4329.41,4399.46,4310.18,5.34587138,57.3298394221
801710,2015-01-16,4414.96,4401.68,4417.34,4382.03,5.39936434,58.8557673024
801710,2015-01-19,4155.01,4274.87,4333.89,4110.86,8.92098958,94.69158483
801710,2015-01-20,4301.48,4186.21,4301.48,4185.87,6.83822105,74.8322983008
801710,2015-01-21,4421.66,4309.05,4428.87,4306.23,7.64965358,85.1437954714
801710,2015-01-22,4447.78,4417.5,4456.71,4400.14,6.46174449,71.9826209209
801710,2015-01-23,4424.49,4452.83,4461.14,4404.68,7.01979165,75.02255341600001
801710,2015-01-26,4523.32,4422.86,4523.32,4418.02,7.79791151,82.1374633971
801710,2015-01-27,4529.74,4520.01,4553.77,4456.32,8.10514057,89.0416877336
801710,2015-01-28,4490.52,4510.45,4528.97,4478.82,6.89431688,70.85875824899999
801710,2015-01-29,4456.33,4443.93,4477.38,4424.33,5.78446605,62.0421209356
801710,2015-01-30,4416.58,4461.39,4481.53,4407.8,5.83327199,64.1483084191
801710,2015-02-02,4358.96,4373.35,4392.33,4339.52,4.59816656,48.0244618539
801710,2015-02-03,4415.6,4380.09,4416.07,4365.47,5.00521673,52.0683569576
801710,2015-02-04,4396.7,4424.58,4445.82,4390.54,5.58965589,59.2722513549
801710,2015-02-05,4354.55,4455.57,4455.57,4354.55,5.95120458,63.353903519300005
801710,2015-02-06,4274.63,4349.39,4367.28,4257.89,5.24296279,55.3211011213
801710,2015-02-09,4271.04,4284.9,4297.34,4257.11,3.72719753,42.5244960577
801710,2015-02-10,4326.31,4274.29,4326.31,4264.74,3.509014,37.5247951135
801710,2015-02-11,4371.99,4341.32,4371.99,4331.2,4.09031201,42.408549872100004
801710,2015-02-12,4405.33,4381.14,4408.21,4376.81,4.13397557,44.9380210378
801710,2015-02-13,4452.42,4425.27,4476.35,4424.03,5.7623476,61.098219831499996
801710,2015-02-16,4486.44,4459.48,4486.56,4444.64,5.76026156,65.0593032819
801710,2015-02-17,4519.86,4499.83,4524.76,4498.89,5.63559953,63.911369647
801710,2015-02-25,4501.7,4528.61,4531.28,4491.01,5.75864838,66.1120278312
801710,2015-02-26,4559.86,4501.64,4559.86,4484.0,6.22311188,66.95746696890001
801710,2015-02-27,4575.06,4563.5,4583.56,4557.7,6.60344122,72.4293594795
801710,2015-03-02,4666.81,4609.41,4666.82,4602.33,8.62778071,98.0520636841
801710,2015-03-03,4654.94,4665.05,4695.57,4636.04,11.19880334,125.9171064417
801710,2015-03-04,4730.64,4655.9,4730.64,4655.9,9.78870818,110.6272846026
801710,2015-03-05,4709.5,4724.18,4726.02,4680.86,9.72947672,108.46795797610001
801710,2015-03-06,4679.75,4715.31,4736.21,4649.29,8.94405952,96.19976540399999
801710,2015-03-09,4759.7,4663.07,4759.71,4648.43,8.94355373,102.2640702659
801710,2015-03-10,4790.27,4756.74,4811.34,4748.5,8.62401242,99.53048257649999
801710,2015-03-11,4788.64,4786.1,4800.58,4766.96,8.94121,97.4994352795
801710,2015-03-12,4786.15,4801.33,4814.27,4763.38,8.90353856,97.4011899592
801710,2015-03-13,4830.16,4798.47,4830.16,4792.74,6.79199463,78.7564416595
801710,2015-03-16,4957.92,4852.49,4957.92,4852.49,10.65802989,128.47659769790002
801710,2015-03-17,5003.91,4973.4,5023.56,4948.19,12.3871284,147.4643023777
801710,2015-03-18,5118.65,5014.84,5124.6,5009.06,13.51619732,165.751651389
801710,2015-03-19,5148.52,5133.86,5154.14,5092.57,12.06861011,145.7460624497
801710,2015-03-20,5197.58,5163.87,5215.9,5163.87,12.86105595,157.3988295399
801710,2015-03-23,5317.14,5226.73,5317.16,5226.43,12.94221652,165.9808534429
801710,2015-03-24,5271.47,5312.85,5312.85,5138.51,14.99057252,189.5523317075
801710,2015-03-25,5310.41,5255.08,5337.43,5214.48,12.47872767,158.2445317973
801710,2015-03-26,5330.22,5287.81,5347.85,5245.13,12.36639449,155.4744761402
801710,2015-03-27,5378.96,5336.9,5392.23,5332.2,10.90330343,140.7308326758
801710,2015-03-30,5525.54,5415.66,5541.62,5415.66,15.53004822,207.75643623919999
801710,2015-03-31,5504.05,5582.13,5605.69,5492.43,18.20658922,239.67652014880002
801710,2015-04-01,5616.18,5505.83,5624.78,5484.94,14.88349744,195.99413222560003
801710,2015-04-02,5745.41,5633.02,5745.51,5622.39,14.91846788,204.54599387919998
801710,2015-04-03,5896.6,5729.32,5897.64,5698.56,15.87388692,221.05535188279998
801710,2015-04-07,5984.21,5936.4,5984.22,5900.53,15.87907159,235.3449000426
801710,2015-04-08,5956.24,5987.34,6031.63,5859.87,14.92420566,218.5063133226
801710,2015-04-09,5872.51,5958.57,5958.57,5689.52,14.14078597,200.85596043720003
801710,2015-04-10,5963.69,5846.73,5964.39,5814.37,11.30607711,162.7365294094
801710,2015-04-13,6133.92,6012.04,6151.29,6006.59,13.6634203,200.2059313812
801710,2015-04-14,6140.86,6160.19,6209.51,6097.77,16.35287353,229.86449667349999
801710,2015-04-15,5920.89,6151.39,6151.39,5917.32,14.01917793,200.91107378970003
801710,2015-04-16,5983.39,5857.26,6036.55,5791.0,10.68523108,149.4316417716
801710,2015-04-17,6088.18,6032.56,6129.82,5981.7,14.9606684,213.41333831650002
801710,2015-04-20,5982.09,6070.31,6145.25,5955.29,16.7838703,238.81070611240003
801710,2015-04-21,6115.17,5970.83,6115.17,5947.16,12.92802302,176.28206622349998
801710,2015-04-22,6268.08,6151.48,6271.91,6151.48,15.46507203,218.14194369669997
801710,2015-04-23,6322.87,6297.86,6365.04,6233.73,15.64288813,224.2603407445
801710,2015-04-24,6277.06,6254.73,6317.76,6174.4,13.48053925,193.7488554559
801710,2015-04-27,6377.07,6367.71,6440.76,6307.02,16.55946311,245.70289732650002
801710,2015-04-28,6174.97,6371.95,6379.39,6127.85,14.44728125,213.3026991456
801710,2015-04-29,6246.99,6120.61,6246.99,6067.85,10.63800336,153.6550748723
801710,2015-04-30,6253.3,6240.7,6319.05,6237.39,11.0638302,161.79324543020002
801710,2015-05-04,6346.09,6286.49,6370.8,6256.68,10.76037957,169.0349530627
801710,2015-05-05,6072.72,6326.41,6326.41,6051.51,11.60023013,167.3660936117
801710,2015-05-06,5955.91,6076.21,6151.72,5906.96,10.15684706,145.2160033142
801710,2015-05-07,5844.21,5938.2,5982.11,5823.11,8.56444228,116.2500277061
801710,2015-05-08,6001.4,5895.57,6002.25,5869.89,8.72898946,123.9369198387
801710,2015-05-11,6225.71,6054.6,6225.71,6022.96,12.15797102,180.6321761664
801710,2015-05-12,6295.13,6243.91,6295.46,6211.56,12.6904161,191.9467028288
801710,2015-05-13,6311.14,6281.96,6373.47,6233.38,12.83942154,189.0238697649
801710,2015-05-14,6320.75,6316.02,6368.27,6268.21,11.44314963,173.84066734549998
801710,2015-05-15,6279.4,6318.98,6336.15,6215.4,11.69676708,174.69469673400002
801710,2015-05-18,6367.57,6259.93,6408.72,6237.38,10.82258682,166.8943505793
801710,2015-05-19,6521.35,6380.89,6523.98,6380.34,12.24886048,185.457859158
801710,2015-05-20,6613.36,6539.66,6704.91,6539.66,16.44830766,247.7954172547
801710,2015-05-21,6757.43,6624.7,6757.43,6618.4,15.28653326,228.46283980959998
801710,2015-05-22,6881.01,6837.65,6883.73,6731.13,18.72783984,282.68368493220004
801710,2015-05-25,7133.81,6858.82,7135.5,6830.35,20.40842565,310.1795694804
801710,2015-05-26,7361.56,7249.06,7372.46,7166.03,21.61796859,339.72277659310004
801710,2015-05-27,7529.38,7383.19,7537.88,7247.45,20.5537236,330.5754562075
801710,2015-05-28,7093.33,7552.36,7628.93,7085.04,25.81036899,423.711458731
801710,2015-05-29,7146.69,7065.15,7276.13,6777.0,20.56832131,332.4710367742
801710,2015-06-01,7471.96,7245.13,7478.54,7188.83,17.45228495,294.0352602696
801710,2015-06-02,7716.38,7494.82,7716.38,7466.98,17.90369368,298.1248558176
801710,2015-06-03,7696.0,7764.17,7791.39,7533.25,18.49373497,314.3743817866
801710,2015-06-04,7612.5,7688.06,7697.25,7167.31,17.97284079,296.2769934552
801710,2015-06-05,7848.4,7704.0,7852.35,7633.51,24.78734614,420.08219019029997
801710,2015-06-08,7826.66,7871.57,7887.79,7716.41,22.47944184,388.3460437471
801710,2015-06-09,7855.25,7822.2,7863.0,7701.19,16.64735275,293.23880691709996
801710,2015-06-10,7957.5,7809.55,8049.22,7715.77,18.28309432,324.6338163832
801710,2015-06-11,8132.96,7953.69,8132.96,7953.69,18.7164017,334.3041861528
801710,2015-06-12,8214.93,8156.98,8270.78,8109.19,19.23960469,348.8186864303
801710,2015-06-15,8183.05,8244.5,8331.51,8098.11,20.35247643,382.1923775282
801710,2015-06-16,7862.64,8071.64,8109.24,7788.05,16.80283848,307.2427720637
801710,2015-06-17,7955.42,7867.18,7983.17,7546.9,14.75603769,255.54939777349998
801710,2015-06-18,7690.91,7937.57,8005.49,7690.91,13.46511285,239.5113167223
801710,2015-06-19,7120.57,7491.95,7558.78,7088.11,11.82483769,198.24960242330002
801710,2015-06-23,7125.29,7061.04,7176.48,6673.57,11.74259411,184.91866673479998
801710,2015-06-24,7302.67,7177.8,7303.34,7079.78,13.14251339,218.2884406925
801710,2015-06-25,7025.0,7308.28,7335.07,6948.16,13.17815725,217.9647432544
801710,2015-06-26,6484.44,6820.92,6828.02,6446.37,14.30782703,214.02908329060003
801710,2015-06-29,6084.75,6638.89,6642.04,5956.73,16.3027966,221.69993565240003
801710,2015-06-30,6363.81,5947.82,6371.73,5695.64,17.53437398,232.96747986900002
801710,2015-07-01,5960.01,6293.07,6481.92,5949.05,15.52762678,214.6758730816
801710,2015-07-02,5568.52,5923.85,5971.87,5525.79,13.74952349,169.0059222127
801710,2015-07-03,5173.37,5367.7,5600.46,5113.48,14.01119221,158.5907534777
801710,2015-07-06,5024.59,5580.52,5580.52,4848.66,19.18696591,211.7894117866
801710,2015-07-07,4695.45,4824.51,4835.77,4647.94,11.11579603,117.1228892021
801710,2015-07-08,4501.15,4396.64,4545.85,4392.85,16.98215383,165.9234770274
801710,2015-07-09,4787.34,4395.71,4787.82,4395.71,13.41464423,135.4396583732
801710,2015-07-10,5100.53,4885.61,5102.33,4859.98,11.02263576,134.7475938765
801710,2015-07-13,5355.44,5233.8,5401.12,5159.28,15.77714664,194.7835572434
801710,2015-07-14,5302.0,5363.5,5517.84,5248.61,16.26411195,200.7951336602
801710,2015-07-16,5121.3,4941.42,5235.61,4819.22,13.30532101,147.0557902907
801710,2015-07-17,5413.07,5158.83,5456.7,5148.72,13.52496762,153.5249712332
801710,2015-07-20,5532.64,5445.36,5588.14,5382.78,16.53282681,195.536360935
801710,2015-07-21,5593.66,5465.65,5652.59,5407.66,15.18387783,180.15451651830003
801710,2015-07-22,5664.46,5578.99,5687.38,5491.04,15.90181066,189.182028172
801710,2015-07-23,5878.24,5673.2,5898.04,5669.56,17.49284468,215.7172286369
801710,2015-07-24,5773.33,5884.71,5965.06,5719.09,17.75336081,225.3295085275
801710,2015-07-27,5310.92,5644.21,5808.12,5300.82,16.09002674,205.3806517764
801710,2015-07-28,5162.45,5052.06,5357.41,4918.33,16.58372349,188.5519089534
801710,2015-07-29,5471.35,5233.59,5472.93,5109.81,12.83086422,154.22959308149998
801710,2015-07-30,5316.03,5485.0,5580.89,5292.06,14.20737933,181.9049021841
801710,2015-07-31,5253.56,5234.31,5366.94,5178.43,9.96262506,120.9391531594
801710,2015-08-03,5248.59,5210.34,5355.95,5141.43,13.11974303,151.0434572103
801710,2015-08-04,5541.36,5259.65,5541.36,5226.74,14.0872256,166.6965805593
801710,2015-08-05,5609.59,5542.11,5761.13,5532.82,17.78835331,221.7145037039
801710,2015-08-06,5578.25,5465.57,5655.29,5458.7,11.60276922,152.8020205114
801710,2015-08-07,5692.89,5626.8,5703.2,5605.64,11.94556038,152.7880237058
801710,2015-08-10,5952.17,5752.89,5979.43,5692.89,15.53778616,204.6125768731
801710,2015-08-11,5935.99,5941.11,6018.85,5856.01,16.45207768,222.73238652919997
801710,2015-08-12,5893.06,5868.2,5951.65,5850.02,13.92906034,186.9363571685
801710,2015-08-13,6024.17,5865.7,6024.17,5811.95,13.23702684,183.3165851254
801710,2015-08-14,6134.09,6061.39,6185.7,6051.68,16.22547592,227.685987598
801710,2015-08-17,6320.94,6116.69,6322.85,6109.02,18.08445938,253.90812209799998
801710,2015-08-18,5859.36,6358.16,6376.02,5816.92,21.29466274,290.1992555318
801710,2015-08-19,6039.36,5639.27,6063.9,5505.55,18.23309339,244.2566919193
801710,2015-08-20,5800.67,5963.45,6053.47,5800.11,17.04897475,226.53630300700001
801710,2015-08-21,5481.22,5663.88,5739.3,5443.63,13.55085532,168.2110366598
801710,2015-08-24,5026.47,5216.87,5249.9,5020.36,8.49472995,93.6158699471
801710,2015-08-25,4633.18,4653.84,4793.13,4621.87,9.50294176,98.9073012395
801710,2015-08-26,4471.83,4627.6,4797.84,4416.94,14.05093305,147.8491015275
801710,2015-08-27,4652.27,4564.35,4652.37,4397.04,12.02669333,126.4823869085
801710,2015-08-28,4933.59,4719.14,4933.59,4703.98,12.84651738,141.4431528208
801710,2015-08-31,4834.7,4917.34,4917.34,4781.71,11.15846763,132.3439175089
801710,2015-09-01,4559.24,4761.46,4761.52,4527.77,9.30191828,96.1538985817
801710,2015-09-07,4423.35,4476.36,4610.26,4393.11,9.34438095,95.1676810652
801710,2015-09-08,4589.93,4402.75,4599.73,4362.47,7.90900123,79.4049451188
801710,2015-09-09,4787.48,4617.33,4787.48,4605.02,13.56552795,135.6402633783
801710,2015-09-10,4754.48,4721.53,4822.1,4699.65,10.90515755,117.22749043290001
801710,2015-09-11,4799.43,4734.02,4804.8,4710.6,10.18217373,105.7760258218
801710,2015-09-14,4525.92,4831.7,4852.2,4457.31,11.79309272,125.60610193069999
801710,2015-09-15,4274.68,4391.04,4474.52,4255.3,9.15602601,84.1904258859
801710,2015-09-16,4566.64,4290.96,4595.58,4272.33,10.30144595,98.91584805459999
801710,2015-09-17,4465.6,4551.41,4674.2,4465.6,11.69435491,122.4485415831
801710,2015-09-18,4516.13,4495.01,4545.11,4446.14,8.19241667,87.6127333375
801710,2015-09-21,4623.46,4458.14,4625.5,4434.15,9.24720926,99.6720698818
801710,2015-09-22,4660.82,4626.94,4700.89,4594.89,10.95295035,116.6443246243
801710,2015-09-23,4612.98,4580.55,4667.71,4573.01,11.04164458,112.22041534290001
801710,2015-09-24,4682.0,4623.89,4682.23,4602.22,12.05794904,119.2563630488
801710,2015-09-25,4564.7,4666.27,4723.02,4529.57,10.65906603,113.2121395123
801710,2015-09-28,4639.94,4579.36,4639.94,4512.05,7.59214052,86.5609810771
801710,2015-09-29,4543.79,4563.18,4594.6,4525.29,7.96309005,87.8256886216
801710,2015-09-30,4526.31,4561.56,4585.01,4477.16,7.24363371,84.9227758334
801710,2015-10-08,4705.55,4676.91,4718.58,4636.4,9.22310712,103.0537037202
801710,2015-10-09,4768.52,4683.79,4786.83,4680.09,9.75441141,105.5589406377
801710,2015-10-12,4959.91,4800.02,4987.47,4793.48,13.75601419,151.2257379953
801710,2015-10-13,5022.76,4921.55,5025.79,4904.77,13.9143016,146.6169097456
801710,2015-10-14,4931.39,4984.65,5025.96,4920.79,11.75605926,132.1444826813
801710,2015-10-15,5048.13,4910.31,5048.13,4910.31,12.02583106,130.6184360636
801710,2015-10-16,5118.26,5072.62,5122.56,5020.25,15.29200994,159.7213575973
801710,2015-10-19,5061.4,5116.97,5119.37,5006.02,14.41634861,163.6527864779
801710,2015-10-20,5113.02,5039.86,5113.02,4997.93,13.43109294,151.7216761869
801710,2015-10-21,4810.01,5099.19,5116.15,4775.46,16.914805,192.69848357639998
801710,2015-10-22,4954.19,4796.45,4959.08,4793.01,12.57968717,149.31292280649998
801710,2015-10-23,5089.2,4990.27,5099.51,4975.4,13.15120587,158.6289450299
801710,2015-10-26,5111.79,5107.8,5145.51,5041.68,15.68720165,197.53267220880002
801710,2015-10-27,5114.15,5036.78,5129.7,4894.41,14.77926989,187.3493097325
801710,2015-10-28,4965.94,5051.3,5113.84,4950.57,13.7437459,168.7224188515
801710,2015-10-29,5024.86,5008.54,5076.49,4969.53,11.02031882,141.97684780950001
801710,2015-10-30,4994.4,5010.79,5059.13,4944.83,11.29228107,146.6134000167
801710,2015-11-02,4860.85,4880.84,4989.22,4859.01,9.48441491,110.5038125535
801710,2015-11-03,4866.06,4866.74,4910.11,4823.38,8.51371893,106.2007048381
801710,2015-11-04,5091.45,4887.3,5091.69,4885.82,13.61361105,165.3418924525
801710,2015-11-05,5127.19,5089.41,5179.89,5082.91,17.54593421,205.85787315299999
801710,2015-11-06,5228.04,5117.83,5234.86,5112.06,14.36699258,173.91722412060003
801710,2015-11-09,5311.0,5200.45,5346.38,5166.4,17.13444547,199.63290896970003
801710,2015-11-10,5342.34,5294.9,5367.91,5275.04,14.46050359,178.2793647175
801710,2015-11-11,5442.04,5348.45,5446.76,5324.32,15.31957848,190.36683486020002
801710,2015-11-12,5441.35,5454.8,5480.64,5375.58,16.56888341,207.8603066066
801710,2015-11-13,5327.28,5384.18,5422.11,5290.82,13.25666302,169.9721896169
801710,2015-11-16,5428.35,5219.02,5428.47,5215.5,10.78036763,141.3037364159
801710,2015-11-17,5381.84,5469.68,5495.76,5371.09,14.28320333,177.8327807377
801710,2015-11-18,5307.28,5375.0,5423.74,5294.39,11.33585896,134.9096165681
801710,2015-11-19,5412.31,5319.67,5412.31,5293.68,10.65784927,122.8237028496
801710,2015-11-20,5518.77,5421.02,5546.33,5410.73,14.00441098,165.5918052742
801710,2015-11-23,5482.2,5533.71,5579.76,5457.93,16.17100366,191.53550752569998
801710,2015-11-24,5536.27,5466.23,5536.27,5417.54,11.60662196,146.46792735879998
801710,2015-11-25,5586.67,5535.8,5591.5,5521.54,12.00041577,166.4387826382
801710,2015-11-26,5592.61,5593.72,5649.97,5566.3,14.12763445,195.7768978116
801710,2015-11-27,5228.95,5556.7,5573.62,5187.74,14.6707578,193.48754969979998
801710,2015-11-30,5210.29,5233.6,5284.97,4946.47,11.98959676,150.6705919302
801710,2015-12-01,5311.33,5203.78,5375.71,5182.34,11.05671403,139.5811899954
801710,2015-12-02,5384.48,5315.46,5428.59,5247.09,13.91402312,168.83891154100002
801710,2015-12-03,5483.22,5389.22,5484.2,5377.1,11.77067358,150.4197748338
801710,2015-12-04,5453.07,5461.49,5497.98,5397.68,12.4630214,155.6420328301
801710,2015-12-07,5491.82,5475.15,5502.16,5439.05,9.51667215,125.5303219312
801710,2015-12-08,5367.77,5482.43,5482.89,5357.94,10.03446658,132.2469083588
801710,2015-12-09,5399.01,5352.01,5415.08,5344.06,9.23106238,119.8876383706
801710,2015-12-10,5391.44,5402.84,5453.09,5377.25,8.91107387,116.65579108780001
801710,2015-12-11,5353.28,5385.76,5393.81,5317.37,8.40962418,120.6627082997
801710,2015-12-14,5497.58,5296.94,5497.58,5292.39,9.7501787,128.50692643969998
801710,2015-12-15,5534.54,5498.92,5551.39,5495.82,8.30622036,112.1035621758
801710,2015-12-16,5553.43,5549.48,5598.57,5545.51,8.88967699,122.0297397114
801710,2015-12-17,5701.51,5570.74,5703.4,5570.17,11.62471686,159.52502490450001
801710,2015-12-18,5690.64,5704.72,5742.71,5658.97,10.46978871,155.0542808303
801710,2015-12-21,5767.37,5690.03,5772.68,5689.99,11.20177943,154.5781161978
801710,2015-12-22,5895.68,5817.92,5899.28,5801.53,12.22804382,168.2553569434
801710,2015-12-23,5819.65,5910.52,5920.98,5816.03,11.77053659,166.4281162887
801710,2015-12-24,5744.72,5800.62,5800.62,5658.51,9.2207643,130.763729496
801710,2015-12-25,5776.97,5754.79,5792.67,5736.3,7.65812257,113.52207697899999
801710,2015-12-28,5618.07,5783.02,5797.77,5617.2,9.63436486,134.4853854607
801710,2015-12-29,5668.26,5623.11,5668.26,5562.47,7.45450567,107.23606880940001
801710,2015-12-30,5733.88,5689.39,5733.88,5671.67,7.77392555,106.800612661
801710,2015-12-31,5658.46,5748.67,5761.99,5658.46,7.32596501,106.1317561801
801710,2016-01-04,5196.18,5670.83,5672.62,5196.18,7.0287244,91.6180577158
801710,2016-01-05,5092.03,4949.88,5207.43,4912.64,10.55607054,140.1360764034
801710,2016-01-06,5282.9,5120.6,5284.01,5109.33,9.28129858,115.9937270117
801710,2016-01-07,4827.18,5195.24,5234.58,4823.39,2.1574599,24.1344907618
801710,2016-01-08,4921.42,4960.86,5015.15,4649.19,10.20055305,116.1493588503
801710,2016-01-11,4608.13,4827.2,4895.0,4607.27,9.1130531,95.79794489860001
801710,2016-01-12,4627.54,4601.2,4667.74,4525.16,8.62334965,93.62596220639999
801710,2016-01-13,4463.59,4658.77,4686.69,4463.59,8.18722778,96.6126164517
801710,2016-01-14,4575.69,4318.36,4585.95,4301.76,8.60708265,89.5756156628
801710,2016-01-15,4356.86,4535.64,4568.34,4335.76,8.17950461,86.64989794819999
801710,2016-01-18,4416.63,4267.1,4459.33,4264.21,6.93703565,73.1777284917
801710,2016-01-19,4590.26,4410.49,4595.95,4401.23,10.07908161,119.5471590671
801710,2016-01-20,4523.38,4563.52,4623.55,4493.33,9.63282473,118.7422264984
801710,2016-01-21,4350.61,4454.5,4561.02,4348.29,7.99001686,92.5919870791
801710,2016-01-22,4423.84,4406.93,4446.7,4290.94,7.15733485,84.642531246
801710,2016-01-25,4529.56,4473.66,4548.95,4461.53,7.64362781,94.65187208559999
801710,2016-01-26,4229.27,4505.68,4523.51,4222.37,10.31207572,116.46659336370001
801710,2016-01-27,4186.08,4250.43,4258.03,3987.62,9.2823471,110.52287795299999
801710,2016-01-28,3997.94,4119.94,4178.99,3987.66,7.23710937,90.71636809549999
801710,2016-01-29,4118.31,3976.26,4165.34,3961.5,7.56179232,87.3734219552
801710,2016-02-01,4036.29,4100.96,4133.56,3975.29,6.10937408,72.2439547784
801710,2016-02-02,4170.53,4040.29,4180.87,4038.86,6.42789556,77.7401191707
801710,2016-02-03,4191.69,4134.27,4212.35,4083.73,6.44815548,79.9043177642
801710,2016-02-04,4265.91,4198.07,4285.38,4196.72,6.9121419,80.8723202382
801710,2016-02-05,4212.46,4268.58,4280.7,4210.82,5.41295405,66.8785392188
801710,2016-02-15,4193.88,4061.75,4218.37,4049.38,5.0228946,57.375327513500004
801710,2016-02-16,4367.26,4221.31,4376.72,4219.48,7.89219116,85.0428252394
801710,2016-02-17,4483.77,4368.66,4485.76,4361.97,9.98342366,116.8557696625
801710,2016-02-18,4523.43,4508.01,4576.41,4481.89,10.80603862,129.1150039062
801710,2016-02-19,4561.04,4525.0,4592.12,4517.79,8.30721888,100.5545825182
801710,2016-02-22,4698.12,4615.2,4717.96,4613.88,10.70236199,122.8086608009
801710,2016-02-23,4650.47,4701.85,4708.93,4593.16,9.02712938,105.78366896120001
801710,2016-02-24,4669.4,4628.02,4709.98,4570.65,8.3892262,102.762883457
801710,2016-02-25,4280.75,4654.67,4654.81,4268.6,9.63190266,103.8475508208
801710,2016-02-26,4308.98,4312.42,4340.78,4201.81,7.09416805,75.4839422683
801710,2016-02-29,4143.52,4296.95,4297.81,4047.83,7.38666185,74.1811377329
801710,2016-03-01,4276.66,4142.81,4297.57,4115.77,7.37699666,78.69985494859999
801710,2016-03-02,4565.67,4259.85,4569.47,4259.85,11.74578908,120.96439982790001
801710,2016-03-03,4550.71,4588.61,4672.06,4545.35,14.88294613,146.135989861
801710,2016-03-04,4449.24,4519.47,4585.96,4367.37,10.85573803,110.36078490979999
801710,2016-03-07,4524.15,4487.71,4547.26,4460.35,8.90516472,86.72644995549999
801710,2016-03-08,4526.67,4537.85,4537.85,4347.7,9.85816271,94.498362578
801710,2016-03-09,4412.38,4401.31,4454.31,4360.85,7.71992271,72.7579308765
801710,2016-03-10,4314.48,4404.01,4439.88,4308.42,7.51972136,68.3865708888
801710,2016-03-11,4313.61,4269.6,4337.62,4248.35,5.93369623,54.0836404632
801710,2016-03-14,4471.48,4361.33,4529.05,4361.33,8.79345527,87.580036156
801710,2016-03-15,4434.53,4450.49,4476.46,4403.49,6.34467308,60.7313204404
801710,2016-03-16,4403.17,4453.14,4470.58,4391.73,6.51365503,65.1843836937
801710,2016-03-17,4505.44,4416.13,4523.45,4393.44,7.77615036,78.4835944045
801710,2016-03-18,4629.86,4518.77,4640.93,4512.08,10.81519661,114.8923404281
801710,2016-03-21,4736.97,4666.37,4737.56,4658.63,12.0803323,130.7024177813
801710,2016-03-22,4698.26,4699.78,4736.11,4665.57,9.20576519,103.2051415617
801710,2016-03-23,4750.17,4680.34,4751.04,4680.34,8.27506351,93.57735639049999
801710,2016-03-24,4658.02,4719.27,4738.47,4658.02,8.22506161,93.0645669152
801710,2016-03-25,4668.6,4654.8,4694.32,4618.21,5.77738475,66.50610459079999
801710,2016-03-28,4640.72,4694.57,4734.7,4622.61,6.99825035,76.6296258416
801710,2016-03-29,4595.85,4640.38,4654.46,4560.42,7.08601484,71.9767517075
801710,2016-03-30,4755.36,4625.49,4755.71,4623.95,8.07610597,88.4059250718
801710,2016-03-31,4808.47,4769.9,4842.07,4765.85,9.46881786,106.2483049068
801710,2016-04-01,4829.25,4795.02,4829.48,4724.45,10.00020082,98.8372066881
801710,2016-04-05,4913.08,4814.78,4918.52,4813.41,9.39702421,104.89649826700001
801710,2016-04-06,4922.17,4898.93,4939.51,4879.36,9.04926994,104.5853526383
801710,2016-04-07,4853.25,4930.58,4937.62,4853.25,8.11869501,93.6393985625
801710,2016-04-08,4825.78,4815.07,4841.86,4776.77,6.41847285,72.5873608245
801710,2016-04-11,4935.73,4855.92,4957.82,4855.92,7.40497977,87.8837950959
801710,2016-04-12,4923.14,4935.83,4941.31,4881.21,6.83109022,83.6251762281
801710,2016-04-13,4990.47,4945.82,5040.81,4945.72,9.95022469,116.41903953
801710,2016-04-14,5039.42,5013.69,5039.92,4981.21,7.05745182,88.66061631129999
801710,2016-04-15,5043.99,5037.45,5053.81,5008.98,7.15844218,90.51970169350001
801710,2016-04-20,4810.96,5008.27,5017.07,4700.37,10.53893274,125.5219474144
801710,2016-04-21,4754.1,4793.12,4849.35,4746.63,7.43897889,100.8787553277
801710,2016-04-22,4755.87,4724.75,4770.61,4682.85,6.39112164,77.9332702019
801710,2016-04-25,4736.83,4754.41,4754.6,4678.65,6.33015751,73.1892827992
801710,2016-04-26,4796.36,4734.6,4797.22,4727.41,6.02096621,73.0919592782
801710,2016-04-27,4791.36,4794.09,4837.25,4779.04,6.53053584,85.8352817393
801710,2016-04-28,4770.05,4784.14,4789.87,4691.68,6.77187723,75.4139506438
801710,2016-04-29,4770.81,4750.14,4793.26,4740.96,4.84641158,57.7257627309
801710,2016-05-03,4874.12,4774.47,4874.52,4744.43,7.31718333,86.6483662763
801710,2016-05-04,4854.16,4857.51,4896.92,4843.87,7.70803595,92.5795938183
801710,2016-05-05,4876.6,4838.77,4877.73,4823.06,6.53946569,76.0833585655
801710,2016-05-06,4684.53,4879.56,4896.78,4684.53,8.82140923,104.9891894209
801710,2016-05-09,4463.46,4640.13,4640.13,4445.91,6.73593359,74.7971336974
801710,2016-05-10,4448.28,4452.91,4494.05,4432.85,4.61229921,49.6955485448
801710,2016-05-11,4435.71,4475.09,4487.81,4403.62,4.7268768,53.53844762600001
801710,2016-05-12,4385.86,4381.05,4394.98,4295.46,5.25217037,59.1457343779
801710,2016-05-13,4372.11,4375.77,4423.07,4348.58,4.0349138,44.847298165699996
801710,2016-05-16,4434.53,4368.47,4435.28,4350.2,4.19616875,48.8058646526
801710,2016-05-17,4435.98,4437.04,4469.8,4402.67,4.8271507,57.2671117546
801710,2016-05-18,4306.6,4400.76,4400.81,4264.22,5.07477766,53.3405316123
801710,2016-05-19,4311.22,4299.69,4363.4,4299.47,3.8567661,41.4545490095
801710,2016-05-20,4357.17,4282.6,4358.67,4265.17,3.54637135,39.7977016152
801710,2016-05-23,4416.8,4366.25,4416.8,4365.77,4.34222161,50.4897696588
801710,2016-05-24,4391.27,4407.85,4407.97,4358.37,4.10526896,48.1205582117
801710,2016-05-25,4391.19,4417.83,4442.05,4367.86,3.94126274,48.299051576000004
801710,2016-05-26,4396.68,4380.64,4399.48,4302.36,4.06050434,46.3472583159
801710,2016-05-27,4419.29,4399.34,4438.85,4384.04,4.09828557,47.9477527774
801710,2016-05-30,4408.51,4408.12,4434.78,4364.01,3.92918968,52.594260241099995
801710,2016-05-31,4555.74,4414.74,4556.2,4413.49,7.22173853,84.7603502785
801710,2016-06-01,4576.17,4564.98,4593.51,4555.56,7.32092192,86.2307692964
801710,2016-06-02,4651.41,4582.47,4651.51,4581.92,7.91261932,93.527390592
801710,2016-06-03,4632.15,4647.28,4654.79,4605.95,8.96190593,103.81242220280001
801710,2016-06-06,4623.04,4628.59,4639.85,4597.99,6.1860329,75.42828056260001
801710,2016-06-07,4626.68,4627.0,4628.19,4596.15,5.52903684,75.4088940597
801710,2016-06-08,4610.69,4620.12,4634.3,4576.18,5.44735349,73.1303281954
801710,2016-06-13,4390.91,4543.13,4562.97,4390.67,6.11449275,72.3555076916
801710,2016-06-14,4402.86,4371.41,4409.09,4359.92,4.08506753,46.2532811862
801710,2016-06-15,4518.73,4363.97,4531.68,4354.29,5.94430424,68.3731465379
801710,2016-06-16,4499.91,4515.92,4530.07,4489.7,5.07238905,61.035164811
801710,2016-06-17,4526.31,4510.09,4556.84,4493.28,5.31702959,66.53971997100001
801710,2016-06-20,4548.61,4516.51,4553.06,4471.86,5.3818468,71.9102430498
801710,2016-06-21,4519.66,4569.45,4591.75,4501.06,6.11533645,83.1699481047
801710,2016-06-22,4557.1,4496.08,4558.05,4485.31,4.59242221,63.2017254504
801710,2016-06-23,4537.51,4544.31,4557.02,4505.05,4.86270647,62.8313790742
801710,2016-06-24,4486.68,4528.49,4553.39,4380.85,6.95961562,78.0198186112
801710,2016-06-27,4582.11,4454.73,4582.11,4454.73,6.19630678,77.2149596884
801710,2016-06-28,4608.21,4566.63,4610.19,4548.28,7.6839671,94.8086082282
801710,2016-06-29,4648.8,4623.44,4653.1,4611.14,7.99136642,96.4081888517
801710,2016-06-30,4659.09,4648.16,4666.65,4628.89,6.52297894,85.7425829031
801710,2016-07-01,4658.91,4668.44,4684.52,4639.4,6.38194673,85.16503808680001
801710,2016-07-05,4802.68,4778.94,4811.88,4760.22,9.15866572,122.3585937845
801710,2016-07-06,4834.27,4782.23,4839.15,4774.98,8.49339818,116.99717957819999
801710,2016-07-07,4833.33,4823.05,4841.91,4785.08,8.91256747,112.5808437889
801710,2016-07-08,4811.73,4828.76,4831.73,4794.95,7.40045276,90.30154323389999
801710,2016-07-11,4786.76,4817.27,4833.8,4779.69,7.15759491,91.0817917284
801710,2016-07-12,4878.71,4782.83,4878.71,4734.51,9.51298555,110.1449174556
801710,2016-07-13,4905.86,4880.9,4915.08,4871.28,9.17834916,108.1387958832
801710,2016-07-14,4906.65,4901.49,4906.65,4870.17,7.76154898,97.4071681994
801710,2016-07-15,4889.44,4912.25,4918.1,4877.27,6.91871319,93.4614342362
801710,2016-07-18,4881.92,4877.37,4903.87,4843.85,6.54155301,85.1887949618
801710,2016-07-19,4885.94,4873.48,4885.94,4839.94,5.78686297,74.1689953342
801710,2016-07-20,4897.52,4889.22,4919.01,4874.73,6.86582485,83.2958707192
801710,2016-07-21,4919.51,4899.32,4943.52,4894.21,7.40239206,91.0219899732
801710,2016-07-22,4873.33,4917.3,4935.22,4864.77,6.85849601,81.8188280261
801710,2016-07-25,4925.06,4862.9,4925.16,4862.45,7.07525303,81.1395672909
801710,2016-07-26,4976.09,4922.34,4976.09,4922.28,7.48909685,84.3421173915
801710,2016-07-27,4788.32,4980.41,4988.7,4715.52,11.24065273,124.6657148491
801710,2016-07-28,4803.27,4774.22,4815.28,4733.46,7.12330713,80.5929884356
801710,2016-07-29,4761.29,4805.47,4805.87,4748.85,5.4621201,64.61488031430001
801710,2016-08-01,4687.3,4746.76,4746.76,4651.87,5.23148987,57.919603166499996
801710,2016-08-02,4726.03,4684.42,4727.01,4681.44,3.86281374,43.146440785799996
801710,2016-08-03,4785.06,4722.52,4793.45,4714.57,6.06293185,65.953017894
801710,2016-08-04,4802.85,4775.59,4805.49,4756.8,5.01929052,55.1038248386
801710,2016-08-05,4792.94,4801.53,4820.87,4785.31,4.96301635,52.644697972299994
801710,2016-08-08,4875.42,4794.69,4875.42,4774.1,5.81077042,60.9186381838
801710,2016-08-09,4919.97,4876.16,4919.97,4873.41,6.70637985,69.2048666779
801710,2016-08-10,4932.57,4918.69,4971.31,4918.66,9.36105526,88.2763916448
801710,2016-08-11,4850.45,4912.11,4912.69,4849.06,8.13775283,72.1904211838
801710,2016-08-12,4914.32,4842.31,4914.32,4835.41,8.22224914,69.9563946993
801710,2016-08-15,5016.04,4913.75,5022.76,4908.74,10.85458008,104.7648497034
801710,2016-08-16,5032.33,5035.55,5056.75,5016.5,11.8304147,121.7899593639
801710,2016-08-17,5076.92,5023.54,5082.5,5016.6,11.5390697,112.4858051078
801710,2016-08-18,5077.49,5066.84,5128.57,5066.51,11.40398228,111.47854464059999
801710,2016-08-19,5089.48,5073.7,5103.69,5053.99,9.40760965,93.7633800309
801710,2016-08-22,5045.17,5091.85,5095.23,5036.81,8.81337969,85.8975780741
801710,2016-08-23,5085.64,5076.51,5110.3,5045.3,9.80686669,99.75828307569999
801710,2016-08-24,5100.74,5089.81,5125.65,5078.33,8.7394487,99.3570300981
801710,2016-08-25,5078.82,5077.02,5085.38,5015.15,8.20111705,97.91661632659999
801710,2016-08-26,5101.27,5080.33,5136.52,5079.72,7.53483583,89.4818340584
801710,2016-08-29,5115.86,5089.32,5127.06,5077.31,7.09067044,76.8038745607
801710,2016-08-30,5128.17,5118.52,5154.24,5114.56,7.66683715,85.1208955634
801710,2016-08-31,5114.2,5126.19,5128.17,5079.61,6.20632556,75.2379508346
801710,2016-09-01,5074.63,5110.85,5126.05,5074.49,6.41797174,74.6826923737
801710,2016-09-02,5056.73,5065.31,5076.26,5030.13,5.76727127,64.10014484
801710,2016-09-05,5118.8,5067.27,5119.93,5067.23,5.97405803,67.9852658394
801710,2016-09-06,5178.04,5116.37,5178.04,5074.0,7.08256671,82.8558089352
801710,2016-09-07,5232.93,5179.49,5262.4,5179.49,8.93768099,104.68370246319999
801710,2016-09-08,5303.78,5237.85,5303.78,5235.76,9.76567938,112.50153253319999
801710,2016-09-09,5281.08,5319.24,5333.15,5276.47,10.15903052,118.24472733430001
801710,2016-09-12,5151.12,5175.53,5206.49,5131.4,9.10948351,102.20983720459999
801710,2016-09-13,5237.81,5186.1,5238.81,5180.89,8.01389506,86.9678357206
801710,2016-09-14,5190.66,5200.24,5222.82,5176.46,7.45274276,82.3812586831
801710,2016-09-19,5254.93,5201.78,5254.93,5201.67,6.144709,74.039385029
801710,2016-09-20,5276.76,5266.53,5281.07,5254.06,6.43233871,82.9725018475
801710,2016-09-21,5279.23,5275.63,5296.79,5272.02,5.87104588,82.68807651819999
801710,2016-09-22,5331.65,5316.15,5351.17,5315.69,6.85422175,93.55572006700001
801710,2016-09-23,5341.15,5348.35,5360.09,5331.65,7.44231178,116.7479388015
801710,2016-09-26,5206.81,5321.68,5322.47,5206.15,7.41895806,102.9080691076
801710,2016-09-27,5235.59,5189.4,5235.59,5156.78,5.51060964,70.8634869253
801710,2016-09-28,5220.63,5234.58,5235.1,5208.66,4.60694438,64.2864401372
801710,2016-09-29,5238.5,5225.69,5264.09,5222.84,5.09878721,66.9164555801
801710,2016-09-30,5252.14,5223.28,5259.92,5223.23,4.66159824,59.9354336837
801710,2016-10-10,5294.58,5278.96,5295.26,5244.08,8.28446247,101.32680401370001
801710,2016-10-11,5343.4,5301.49,5344.15,5297.94,7.18334222,96.929442605
801710,2016-10-12,5327.1,5325.81,5327.26,5298.73,6.30298919,81.5754640866
801710,2016-10-13,5315.75,5319.36,5332.65,5308.66,6.24321187,81.9248704787
801710,2016-10-14,5314.85,5305.38,5319.11,5278.93,5.58609176,72.9608780047
801710,2016-10-17,5286.87,5315.97,5344.9,5277.09,6.85503856,93.0403156527
801710,2016-10-18,5372.66,5282.39,5373.02,5282.23,6.44918776,82.3583227078
801710,2016-10-19,5383.1,5394.31,5405.05,5369.05,6.1783604,76.6602456059
801710,2016-10-20,5380.18,5402.77,5402.93,5364.48,6.52842052,91.4015083009
801710,2016-10-21,5405.85,5389.25,5427.07,5360.17,7.12035648,97.3602403572
801710,2016-10-24,5506.57,5426.0,5513.57,5422.03,10.4533247,127.6065751563
801710,2016-10-25,5566.33,5521.01,5566.36,5520.56,11.16826104,132.9702634864
801710,2016-10-26,5544.4,5558.99,5562.0,5524.06,10.01274019,122.7411369184
801710,2016-10-27,5546.98,5538.26,5551.63,5511.77,7.90447945,102.10469272590001
801710,2016-10-28,5499.47,5546.49,5554.37,5498.52,8.04816762,109.9378910973
801710,2016-10-31,5536.09,5482.98,5540.66,5473.49,7.33100353,104.5327536237
801710,2016-11-01,5642.41,5561.01,5642.41,5561.01,7.79152545,120.8984071075
801710,2016-11-02,5642.41,5653.01,5671.9,5635.09,7.83783154,137.5683382039
801710,2016-11-03,5683.24,5637.89,5733.12,5626.55,10.71343607,173.404684817
801710,2016-11-04,5661.32,5665.11,5708.92,5650.63,11.08746235,169.6973717235
801710,2016-11-07,5724.84,5664.48,5724.84,5662.94,12.01259642,163.6561159677
801710,2016-11-08,5723.31,5739.83,5751.71,5714.49,10.38841994,151.4184504078
801710,2016-11-09,5688.66,5716.95,5732.6,5605.58,11.71778121,155.29463987440002
801710,2016-11-10,5797.58,5723.88,5798.55,5711.4,12.52153216,173.07032383740003
801710,2016-11-11,5809.53,5791.23,5822.05,5787.44,11.96138975,166.8186538999
801710,2016-11-14,5810.72,5797.15,5814.64,5772.14,11.30894312,155.3522377044
801710,2016-11-15,5837.49,5805.16,5840.35,5804.9,10.63541466,148.5969291013
801710,2016-11-16,5819.29,5837.37,5843.62,5808.25,10.92692861,151.6135440007
801710,2016-11-17,5850.46,5804.56,5855.3,5775.33,11.52130265,148.5582356287
801710,2016-11-18,5850.3,5846.68,5874.64,5843.27,11.52671738,169.31895191659999
801710,2016-11-21,5910.17,5851.25,5917.0,5846.72,12.25971,188.7537016687
801710,2016-11-22,5936.56,5906.12,5938.79,5901.93,11.91245232,189.99300568580003
801710,2016-11-23,5930.47,5932.56,5952.81,5907.41,11.82129551,201.0849425585
801710,2016-11-24,5895.45,5899.49,5937.04,5883.11,11.31113667,171.7068635846
801710,2016-11-25,5891.89,5873.02,5894.16,5789.82,9.82890478,143.3005782219
801710,2016-11-28,5883.96,5892.97,5904.75,5870.28,10.74188477,141.5975951748
801710,2016-11-29,5831.03,5865.81,5907.54,5824.53,10.54892087,148.8748692702
801710,2016-11-30,5778.43,5813.54,5813.54,5764.73,8.53271942,118.33304669309999
801710,2016-12-01,5822.32,5779.82,5822.33,5779.58,8.66381901,123.2809866407
801710,2016-12-02,5752.57,5825.39,5848.03,5750.47,9.81191502,122.78300075850001
801710,2016-12-05,5703.79,5661.39,5742.57,5648.29,8.901474,106.59853180469999
801710,2016-12-06,5765.36,5705.81,5781.84,5705.28,8.95413051,116.16686199280001
801710,2016-12-07,5858.39,5757.81,5858.73,5756.71,9.52800424,134.6054392775
801710,2016-12-08,5828.25,5852.9,5859.24,5822.91,8.11575854,117.2199395085
801710,2016-12-09,5797.89,5817.87,5822.09,5787.26,7.08738878,99.79457734719999
801710,2016-12-12,5560.42,5786.16,5793.54,5547.24,10.89302696,138.3070681477
801710,2016-12-13,5633.42,5538.48,5642.94,5500.43,8.40115226,109.3520479371
801710,2016-12-14,5609.91,5606.01,5691.96,5595.3,9.00431586,117.3815792523
801710,2016-12-15,5620.97,5580.27,5662.86,5578.37,9.68582112,125.4951786719
801710,2016-12-16,5695.9,5612.99,5706.24,5612.98,9.97442988,129.3863705261
801710,2016-12-19,5661.2,5685.88,5685.96,5645.42,9.0533572,118.7307851899
801710,2016-12-20,5637.35,5643.83,5654.36,5611.69,8.65072652,115.7524102135
801710,2016-12-21,5700.36,5646.7,5700.48,5646.29,8.43254351,122.4310532578
801710,2016-12-22,5696.73,5686.05,5709.06,5654.94,7.74252097,107.17549532790001
801710,2016-12-23,5612.16,5682.39,5682.39,5601.03,7.61226531,98.6975743879
801710,2016-12-26,5638.14,5578.53,5638.14,5521.91,6.62404676,90.1549529441
801710,2016-12-27,5686.74,5631.24,5696.55,5626.69,7.50239532,105.64604262469999
801710,2016-12-28,5664.57,5674.9,5684.33,5647.92,7.43688754,109.9369914459
801710,2016-12-29,5646.52,5647.82,5680.86,5626.97,7.79135222,114.0838909308
801710,2016-12-30,5659.98,5648.1,5667.53,5628.68,7.52648167,103.38452617940001
801710,2017-01-03,5704.95,5650.73,5704.95,5650.73,6.93361698,95.7165835519
801710,2017-01-04,5741.54,5699.34,5741.54,5676.85,8.2738304,106.0209028232
801710,2017-01-05,5741.97,5736.22,5754.34,5727.19,8.10149166,105.6043226451
801710,2017-01-06,5691.96,5727.22,5739.12,5680.68,8.46061737,115.5743812602
801710,2017-01-09,5696.9,5680.9,5696.9,5662.35,7.14220945,96.31577033239999
801710,2017-01-10,5689.53,5686.96,5718.59,5685.46,8.84903513,106.30728908389999
801710,2017-01-11,5647.28,5670.36,5688.57,5629.24,9.1616079,117.5033010142
801710,2017-01-12,5579.16,5629.33,5649.21,5579.09,7.28044226,96.7311278385
801710,2017-01-13,5504.19,5575.63,5584.4,5499.87,7.12314407,94.833358279
801710,2017-01-16,5331.18,5485.69,5490.54,5201.28,8.97220377,105.7327475185
801710,2017-01-17,5385.89,5307.91,5385.89,5274.32,6.63070364,73.3665511541
801710,2017-01-18,5425.49,5374.2,5455.22,5364.13,7.64853938,83.86907925060001
801710,2017-01-19,5425.79,5411.61,5471.57,5405.36,7.8975628,86.9415604487
801710,2017-01-20,5520.34,5423.57,5522.11,5420.87,7.55158866,85.0463606682
801710,2017-01-23,5602.17,5528.68,5633.94,5528.32,9.56864043,110.47977737219999
801710,2017-01-24,5678.12,5591.84,5699.23,5585.33,11.96592814,144.8877804311
801710,2017-01-25,5663.91,5657.43,5668.53,5631.67,7.21011611,86.93144035739999
801710,2017-01-26,5666.0,5656.66,5683.18,5656.48,6.00654474,73.8254306229
801710,2017-02-03,5676.41,5666.8,5696.29,5652.2,5.05147334,52.921942222700004
801710,2017-02-06,5695.57,5671.69,5695.63,5626.2,7.35281663,86.50104881969999
801710,2017-02-07,5746.48,5693.7,5779.75,5692.91,11.04357027,120.72542294879999
801710,2017-02-08,5809.86,5728.91,5809.86,5715.48,11.73514876,129.1253117062
801710,2017-02-09,5912.13,5813.19,5954.02,5812.97,15.73934075,172.09212145349997
801710,2017-02-10,6036.19,5918.75,6072.44,5911.73,20.45361449,223.19541245919999
801710,2017-02-13,5968.96,6031.94,6032.26,5946.96,18.9811294,221.26982310900001
801710,2017-02-14,6009.17,5958.79,6026.15,5941.25,17.62351115,202.38553394779998
801710,2017-02-15,5893.62,5966.26,5967.22,5886.42,15.37995648,182.0024962261
801710,2017-02-16,5950.72,5881.52,5962.48,5881.52,12.85485299,158.7700383417
801710,2017-02-17,5922.93,5946.61,5977.33,5908.64,15.57040312,187.12728524669998
801710,2017-02-20,6008.82,5921.95,6011.69,5921.07,16.14134918,191.8186756982
801710,2017-02-21,6062.78,6007.36,6102.89,6007.18,17.21949927,203.81591370580003
801710,2017-02-22,6237.56,6066.2,6237.56,6065.09,24.85803514,292.9724279399
801710,2017-02-23,6126.68,6213.11,6226.64,6071.84,22.80077969,283.0555893525
801710,2017-02-24,6052.4,6089.61,6093.93,6027.95,14.4102094,187.9187422738
801710,2017-02-27,5994.39,6032.32,6034.04,5979.62,12.09979798,152.4952572773
801710,2017-02-28,6046.08,5990.4,6056.43,5990.34,13.94125568,184.0806741663
801710,2017-03-01,6082.03,6030.77,6133.03,6023.18,16.33911257,213.3974969774
801710,2017-03-02,5985.72,6074.84,6080.52,5985.4,14.23949072,185.1821322134
801710,2017-03-03,5950.66,5955.54,5958.31,5906.25,9.56198504,119.9483826923
801710,2017-03-06,5988.24,5933.65,5988.24,5933.65,8.07491063,103.2386066575
801710,2017-03-07,6002.78,5989.99,6010.91,5983.77,8.86860832,118.66849745319999
801710,2017-03-08,6011.08,5990.26,6018.74,5988.14,8.49490158,119.6266552188
801710,2017-03-09,5941.27,5992.28,5993.08,5922.15,8.72426086,119.44975189639999
801710,2017-03-10,5975.44,5940.96,5990.82,5936.37,8.93095777,116.9783377549
801710,2017-03-13,6016.73,5969.31,6016.73,5925.76,8.78265037,116.65690334450001
801710,2017-03-14,6067.42,6016.63,6072.06,6015.39,10.17390671,140.93373365280002
801710,2017-03-15,6106.53,6044.14,6135.56,6034.18,12.57273514,161.3137259921
801710,2017-03-16,6154.13,6105.33,6155.07,6105.33,10.80532726,143.66635012950002
801710,2017-03-17,6117.02,6143.89,6176.03,6103.76,14.49326993,193.73945288080003
801710,2017-03-20,6177.86,6121.45,6178.1,6099.95,14.34502688,193.0222860941
801710,2017-03-21,6163.76,6170.1,6171.1,6131.59,11.92331995,165.8644309073
801710,2017-03-22,6147.39,6124.57,6182.76,6106.56,12.35209474,182.7543208984
801710,2017-03-23,6195.02,6133.01,6200.45,6109.4,14.90696355,216.4550787042
801710,2017-03-24,6258.84,6164.93,6293.51,6158.73,19.05668596,254.77742893619998
801710,2017-03-27,6248.18,6256.94,6317.52,6236.26,19.3900173,259.6654242218
801710,2017-03-28,6215.28,6223.6,6228.28,6196.6,13.56535497,190.0078203142
801710,2017-03-29,6218.35,6202.64,6276.2,6188.43,15.23723171,212.0210246231
801710,2017-03-30,6092.73,6185.23,6196.76,6092.73,16.67195281,230.4885233389
801710,2017-03-31,5988.11,6058.28,6071.81,5948.86,12.11129887,163.1417911815
801710,2017-04-06,6305.82,6273.59,6318.03,6254.45,14.88219467,207.6753503393
801710,2017-04-07,6330.93,6331.83,6354.09,6293.26,14.23587138,193.149845787
801710,2017-04-10,6487.96,6378.56,6494.23,6377.75,15.18019372,231.18503572310001
801710,2017-04-11,6643.98,6526.9,6661.91,6525.37,18.26385365,276.00405325319997
801710,2017-04-12,6600.69,6669.57,6696.11,6593.76,17.0625589,251.46546105330003
801710,2017-04-13,6633.42,6566.67,6655.63,6561.3,12.14937291,170.5537969101
801710,2017-04-14,6541.13,6632.97,6633.79,6534.41,13.33930121,191.3642948587
801710,2017-04-17,6476.04,6560.06,6574.17,6400.3,34.76777005,439.8998358191
801710,2017-04-18,6408.01,6428.51,6514.02,6400.12,23.96965165,315.31784566380003
801710,2017-04-19,6287.52,6370.19,6385.99,6241.94,23.05538723,287.7593534693
801710,2017-04-20,6180.74,6253.16,6293.0,6119.7,18.76813387,233.7232807319
801710,2017-04-21,6101.96,6142.88,6178.99,6098.79,16.09200249,200.10057436099999
801710,2017-04-24,5911.61,6077.87,6079.19,5888.62,15.61859606,192.07048327310002
801710,2017-04-25,5962.66,5899.96,6035.93,5883.95,18.27195026,222.5457316654
801710,2017-04-26,6042.53,5932.74,6046.89,5927.58,19.51330079,241.04658653290002
801710,2017-04-27,6024.19,6001.74,6072.81,5920.5,24.21219469,300.7778937868
801710,2017-04-28,6069.55,5988.01,6069.55,5988.01,16.73981958,210.9100320469
801710,2017-05-02,6149.03,6079.33,6152.02,6054.56,17.44463627,234.6981007798
801710,2017-05-03,6121.99,6121.88,6182.94,6096.87,19.79764723,271.1972013722
801710,2017-05-04,6175.99,6097.05,6254.54,6095.73,21.04901611,292.6019144307
801710,2017-05-05,6065.08,6137.44,6158.38,6064.27,15.74698867,231.2452200436
801710,2017-05-08,5825.76,6051.01,6057.49,5822.4,15.49062176,202.4612799426
801710,2017-05-09,5848.75,5767.28,5848.75,5693.13,12.35834282,156.9079517144
801710,2017-05-10,5700.12,5835.61,5888.84,5698.88,14.44573672,185.38367811869998
801710,2017-05-11,5734.27,5639.78,5735.0,5567.33,14.44336784,183.4632298354
801710,2017-05-12,5720.33,5710.94,5773.34,5672.18,14.35099105,190.5580407542
801710,2017-05-15,5755.05,5730.94,5774.38,5730.71,11.97274776,160.5696802678
801710,2017-05-16,5903.25,5733.91,5904.67,5705.61,16.88805575,212.2230116604
801710,2017-05-17,5936.43,5906.8,5972.27,5903.85,17.2791248,228.8885683416
801710,2017-05-18,5832.12,5874.66,5917.13,5813.0,14.77223898,196.5340804382
801710,2017-05-19,5825.16,5814.43,5854.36,5768.01,12.22067639,155.1082404052
801710,2017-05-22,5701.2,5797.34,5812.26,5689.82,10.47572074,129.3877360116
801710,2017-05-23,5537.96,5691.3,5705.98,5530.49,11.43984614,142.3247931529
801710,2017-05-24,5567.93,5501.86,5568.03,5429.54,10.09982941,116.7331060986
801710,2017-05-25,5605.53,5554.02,5629.31,5473.5,11.61658808,134.5283108402
801710,2017-05-26,5610.52,5612.07,5675.9,5605.85,10.53909399,134.09211721440002
801710,2017-05-31,5589.95,5659.62,5663.85,5586.37,8.60860658,108.9259540343
801710,2017-06-01,5420.87,5556.81,5557.95,5420.06,10.5744054,121.1877453454
801710,2017-06-02,5482.05,5399.28,5483.79,5374.56,9.71836577,101.8635994405
801710,2017-06-05,5537.92,5488.12,5560.89,5477.87,11.72044249,119.168748292
801710,2017-06-06,5538.71,5521.16,5539.77,5499.93,9.90246092,100.09531728190001
801710,2017-06-07,5701.85,5553.22,5701.85,5551.74,14.43368239,160.21578360590001
801710,2017-06-08,5759.38,5691.89,5769.6,5684.21,14.18943057,174.1949796576
801710,2017-06-09,5761.59,5739.34,5769.64,5710.17,11.68373944,137.3708710518
801710,2017-06-12,5685.22,5721.37,5741.92,5672.68,9.55636543,113.0592660322
801710,2017-06-13,5753.56,5680.83,5759.38,5680.79,8.30377648,100.0250853607
801710,2017-06-14,5714.83,5730.5,5749.59,5703.59,10.77837994,135.4527962293
801710,2017-06-15,5775.9,5694.61,5784.11,5694.31,11.1686873,135.8638695007
801710,2017-06-16,5765.88,5774.56,5780.41,5752.06,11.37319063,142.5607333943
801710,2017-06-19,5804.38,5756.19,5804.38,5742.0,9.60503822,122.3190664533
801710,2017-06-20,5798.3,5804.02,5835.21,5789.32,11.76965686,148.3865964806
801710,2017-06-21,5824.3,5789.77,5824.64,5762.25,10.71025555,141.0495143556
801710,2017-06-22,5719.14,5815.43,5827.98,5718.98,11.62425136,148.8538455136
801710,2017-06-23,5709.62,5702.85,5725.36,5628.36,10.27422233,125.7971480133
801710,2017-06-26,5800.85,5702.36,5800.96,5696.87,8.83231027,111.8179420134
801710,2017-06-27,5783.48,5796.18,5818.21,5764.96,7.26676816,92.3429714625
801710,2017-06-28,5766.91,5761.05,5795.6,5738.02,9.44450129,123.1707051417
801710,2017-06-29,5833.45,5760.78,5854.67,5760.55,10.84532647,147.5849591939
801710,2017-06-30,5822.44,5813.26,5840.35,5802.98,7.45999451,98.5737794614
801710,2017-07-03,5907.28,5840.16,5920.74,5828.53,9.26691193,129.35914206270002
801710,2017-07-04,5881.41,5903.62,5906.55,5869.56,8.54817413,118.7834898959
801710,2017-07-05,5922.77,5860.86,5924.45,5857.6,8.18336335,110.39093192879999
801710,2017-07-06,5902.15,5908.79,5913.38,5853.45,7.87064836,108.21784798530001
801710,2017-07-07,5956.72,5883.62,5970.16,5879.71,9.66862817,127.24706209950001
801710,2017-07-10,5950.91,5935.79,5990.68,5932.18,10.59341323,131.5293684633
801710,2017-07-11,5938.47,5943.49,6046.77,5935.19,12.49601295,158.84400233530002
801710,2017-07-12,5924.72,5926.19,5939.29,5827.57,10.5076062,131.2011605832
801710,2017-07-13,5988.66,5921.57,6023.35,5915.33,11.57567204,144.5671919851
801710,2017-07-14,5951.01,5974.28,5974.28,5913.76,9.05603024,115.32936479809999
801710,2017-07-17,5677.94,5921.52,5923.46,5642.54,11.68434008,134.731611337
801710,2017-07-18,5733.34,5646.14,5733.89,5642.23,9.15759854,110.0451262393
801710,2017-07-19,5914.66,5734.87,5923.28,5728.4,14.01383334,164.56690914860002
801710,2017-07-20,5942.37,5904.28,5999.81,5902.18,13.34892109,161.2965302833
801710,2017-07-24,5968.1,5950.86,5985.55,5930.24,12.01003049,144.8239790655
801710,2017-07-25,5941.64,5956.45,5961.95,5896.0,12.55411397,154.5606256905
801710,2017-07-26,5907.31,5951.01,5962.2,5878.66,10.16282553,130.2889936988
801710,2017-07-27,5917.01,5903.32,5921.98,5873.74,11.93957777,142.3167368105
801710,2017-07-28,5922.77,5893.78,5937.43,5874.15,9.66642744,115.5573251518
801710,2017-07-31,5991.11,5917.55,6003.67,5889.18,11.27102106,128.55307006799998
801710,2017-08-01,6019.95,5985.91,6041.76,5959.13,11.93097123,149.1047389437
801710,2017-08-02,5969.16,6029.65,6037.78,5953.34,13.43222877,172.753576165
801710,2017-08-03,5980.5,5949.24,5980.5,5949.24,12.9154076,171.5047236904
801710,2017-08-04,5931.64,5977.75,6006.47,5930.64,12.88417809,165.1092409342
801710,2017-08-07,5966.51,5912.96,5966.51,5906.37,8.99864834,114.41808319379999
801710,2017-08-08,5981.31,5980.31,6043.11,5962.74,10.71387723,139.5701007373
801710,2017-08-09,6057.73,6015.25,6058.05,6006.61,11.54039718,154.6179033903
801710,2017-08-10,6098.19,6029.03,6103.96,5986.62,15.44713401,200.2776146034
801710,2017-08-11,5950.63,6037.5,6061.31,5938.92,14.6020422,192.3161017718
801710,2017-08-14,6058.08,5957.21,6058.39,5951.09,10.8358768,148.8262825907
801710,2017-08-15,6020.4,6052.75,6053.02,5991.79,9.97230727,141.9998729501
801710,2017-08-16,5972.36,6004.93,6024.04,5957.81,8.7253249,122.86576116450001
801710,2017-08-17,6027.67,5979.6,6027.67,5977.24,9.05687954,124.5825299658
801710,2017-08-18,6032.86,6000.5,6060.41,5993.06,9.84429941,138.6907727078
801710,2017-08-21,6090.16,6026.96,6090.16,6016.4,8.40516599,110.5268541247
801710,2017-08-22,6064.05,6090.89,6160.29,6055.03,10.65622538,149.5356739493
801710,2017-08-23,6005.84,6049.32,6063.85,5992.48,7.64387803,101.1034004168
801710,2017-08-24,5990.19,6011.29,6026.15,5978.95,7.23796155,99.40663265059999
801710,2017-08-25,6049.11,5976.92,6059.85,5976.69,7.44995168,102.0745751165
801710,2017-08-28,6092.08,6054.24,6098.25,6048.52,8.92012988,124.2812822773
801710,2017-08-29,6124.32,6087.76,6129.8,6085.0,10.33168425,154.7185295113
801710,2017-08-30,6129.49,6116.74,6144.34,6106.74,10.21670117,147.9719395498
801710,2017-08-31,6092.69,6128.24,6128.24,6060.03,8.08196297,119.4774268574
801710,2017-09-01,6143.85,6096.34,6151.14,6087.23,10.78031407,141.1183703871
801710,2017-09-04,6095.99,6133.7,6135.17,6085.09,9.88862666,130.66025484760002
801710,2017-09-05,6099.08,6096.55,6106.87,6068.69,8.62347136,116.7191312964
801710,2017-09-06,6091.12,6081.33,6095.25,6062.52,8.15154394,110.1343670014
801710,2017-09-07,6107.1,6104.86,6140.05,6093.33,10.45641908,133.6790429964
801710,2017-09-08,6084.42,6104.04,6124.42,6066.93,11.62225768,141.83627068180002
801710,2017-09-11,6079.18,6079.47,6083.9,6056.94,10.29426505,126.0458515179
801710,2017-09-12,6113.93,6073.79,6139.23,6073.79,12.36412558,156.284870279
801710,2017-09-13,6211.89,6115.01,6211.89,6114.94,11.12182519,138.5675719841
801710,2017-09-14,6312.6,6250.42,6400.65,6211.62,18.12853358,239.7379041506
801710,2017-09-15,6207.13,6288.97,6312.6,6191.31,14.02629141,180.0966600481
801710,2017-09-18,6192.32,6190.97,6231.93,6177.43,9.2605743,126.53237583040001
801710,2017-09-19,6189.75,6192.28,6217.25,6170.91,8.91536641,118.493651139
801710,2017-09-20,6224.45,6177.04,6226.8,6149.12,9.03796271,125.63685590610001
801710,2017-09-21,6200.32,6248.2,6291.59,6198.14,9.656601,135.6896923154
801710,2017-09-22,6183.28,6194.1,6208.25,6136.8,8.07884987,106.0614437726
801710,2017-09-25,6152.8,6166.66,6237.7,6144.39,8.72800733,113.75866355870001
801710,2017-09-26,6156.51,6132.26,6156.57,6075.21,7.49583066,101.2132664133
801710,2017-09-27,6159.22,6140.97,6188.13,6135.16,6.01246726,80.6006500358
801710,2017-09-28,6126.3,6156.81,6189.82,6121.51,6.71629567,91.42347118139999
801710,2017-09-29,6147.14,6132.67,6158.59,6123.27,7.57109351,93.84894595290001
801710,2017-10-09,6213.95,6216.1,6228.7,6175.75,7.65187836,97.854751618
801710,2017-10-10,6262.97,6240.28,6263.77,6180.21,8.90252829,119.62640591819999
801710,2017-10-11,6238.91,6242.42,6256.39,6213.61,9.03991509,116.234398845
801710,2017-10-12,6230.08,6220.3,6262.67,6190.79,7.6240058,98.16932669209999
801710,2017-10-13,6255.55,6222.0,6263.4,6215.07,6.80462373,91.61203095200001
801710,2017-10-16,6235.47,6290.22,6299.8,6226.63,7.55158419,99.0848854961
801710,2017-10-17,6246.85,6231.21,6284.72,6209.23,6.68605782,96.08795862040002
801710,2017-10-18,6240.84,6259.64,6268.11,6220.06,7.74650767,101.0477667336
801710,2017-10-19,6166.85,6237.31,6289.43,6161.76,7.5604224,99.966801742
801710,2017-10-20,6249.91,6126.06,6249.91,6111.32,7.87069549,105.8097211464
801710,2017-10-23,6332.23,6239.61,6332.23,6231.17,7.96689755,108.93956185629999
801710,2017-10-24,6319.77,6324.03,6368.01,6286.72,8.30317834,107.47323683200001
801710,2017-10-25,6341.02,6313.62,6341.12,6298.97,6.395639,85.8693742808
801710,2017-10-26,6319.62,6342.56,6355.43,6308.53,7.54074667,103.13213426610001
801710,2017-10-27,6256.81,6315.11,6321.79,6246.02,7.49034945,102.79710015229999
801710,2017-10-30,6141.5,6248.26,6248.79,6093.58,9.07796219,122.7655007607
801710,2017-10-31,6156.62,6121.57,6156.7,6100.49,6.09722046,81.9788467263
801710,2017-11-01,6115.43,6147.81,6147.81,6111.88,6.50616471,92.5846311344
801710,2017-11-02,6041.04,6113.0,6113.06,6026.85,7.81677164,96.8057749742
801710,2017-11-03,5956.85,6013.99,6017.25,5922.03,6.43116008,82.22627654899999
801710,2017-11-06,5958.91,5947.89,5959.16,5866.58,6.15306433,83.3590874217
801710,2017-11-07,6023.31,5957.86,6028.88,5948.1,6.93160802,93.80545660870001
801710,2017-11-08,6043.71,6017.92,6064.15,6010.91,6.84273841,90.8132689948
801710,2017-11-09,6058.19,6030.22,6060.72,6022.56,5.25600497,69.6411038278
801710,2017-11-10,6026.82,6063.39,6075.57,6026.07,6.40810612,85.8626234044
801710,2017-11-13,6177.34,6034.9,6177.34,6034.9,8.64682408,124.1643826043
801710,2017-11-14,6198.96,6167.45,6225.95,6162.0,10.14481416,147.608431209
801710,2017-11-15,6186.4,6195.42,6202.53,6151.43,8.30700212,124.46342523370001
801710,2017-11-16,6191.74,6188.87,6243.56,6167.03,7.70317836,121.40251175870002
801710,2017-11-17,6031.97,6189.84,6210.78,6026.36,9.87545956,143.5131778064
801710,2017-11-20,6060.25,5989.6,6060.25,5840.4,7.52816856,103.25563377350001
801710,2017-11-21,6017.67,6042.19,6114.09,5992.05,7.08431301,101.84739362059999
801710,2017-11-22,6032.51,6029.05,6071.16,5994.73,7.46897375,99.932604501
801710,2017-11-23,5955.23,6021.86,6058.49,5955.02,9.36459076,114.0522485741
801710,2017-11-24,5919.72,5943.78,5989.05,5887.54,6.74967353,87.70818752139999
801710,2017-11-27,5869.41,5932.04,5987.85,5863.61,8.156782,103.857902952
801710,2017-11-28,6067.53,5871.14,6067.53,5864.0,8.76612536,112.445350255
801710,2017-11-29,6260.85,6075.46,6280.52,6074.56,13.76195284,183.00864287439998
801710,2017-11-30,6184.61,6253.9,6254.17,6162.69,10.75674649,142.8846842614
801710,2017-12-01,6169.73,6163.74,6175.02,6097.54,7.79094766,110.47711102129999
801710,2017-12-04,6150.07,6160.94,6202.84,6120.12,8.43474153,109.19218007069999
801710,2017-12-05,6053.64,6122.61,6123.58,6045.06,9.86831698,136.2499307557
801710,2017-12-06,6029.96,6016.3,6033.07,5892.89,8.20686801,108.3565751776
801710,2017-12-07,5953.21,5995.52,6013.37,5941.81,5.91904399,78.7235074611
801710,2017-12-08,6012.4,5939.2,6028.6,5911.71,6.76237275,85.6162617505
801710,2017-12-11,6066.84,6007.0,6066.98,5997.45,6.3321035,82.4274703669
801710,2017-12-12,5984.14,6055.31,6057.06,5979.07,6.08290751,76.9637031084
801710,2017-12-13,5976.63,5971.37,5976.72,5921.4,6.2107118,80.23538051220001
801710,2017-12-14,6028.89,5969.63,6029.68,5952.49,7.25198558,90.4731538954
801710,2017-12-15,5921.67,6020.73,6030.37,5895.55,7.83018785,100.3004223606
801710,2017-12-18,5908.76,5909.9,5942.1,5904.63,5.69084969,72.1494578496
801710,2017-12-19,5954.6,5916.11,5955.17,5910.48,4.27501685,59.5355224479
801710,2017-12-20,5877.73,5951.41,5955.88,5856.57,5.66123017,69.0985534184
801710,2017-12-21,5953.5,5873.98,5965.44,5842.68,5.86043425,76.8754095228
801710,2017-12-22,5964.36,5954.63,5999.79,5951.23,5.1341552,67.4753166075
801710,2017-12-25,5961.5,5962.33,6027.53,5955.05,5.94490328,80.05480925479999
801710,2017-12-26,6020.65,5952.54,6021.61,5936.31,5.45572115,83.5602563612
801710,2017-12-27,5953.29,6016.68,6021.86,5949.67,6.40099233,97.7721802902
801710,2017-12-28,5963.07,5923.08,5989.54,5907.07,5.8825546,87.52608490950001
801710,2017-12-29,6002.36,5973.25,6003.49,5971.0,6.03048617,83.9778494864
801710,2018-01-02,6254.79,6023.73,6256.33,6023.6,10.6209424,152.61985854190002
801710,2018-01-03,6310.31,6283.03,6370.74,6267.35,13.19985818,186.0456487942
801710,2018-01-04,6373.46,6305.82,6403.83,6300.39,11.96920501,166.4588458167
801710,2018-01-05,6392.88,6365.57,6448.52,6360.4,12.59875398,178.91425534639998
801710,2018-01-08,6466.15,6441.62,6554.29,6424.16,11.46239181,173.4781345269
801710,2018-01-09,6418.81,6469.34,6470.08,6394.97,8.93880583,128.6611005342
801710,2018-01-10,6404.53,6409.8,6489.66,6355.8,10.18626375,146.0867355548
801710,2018-01-11,6239.45,6349.77,6350.61,6194.0,11.49334197,168.5942978043
801710,2018-01-12,6230.42,6230.34,6283.72,6219.55,8.36422631,121.98733968149999
801710,2018-01-15,6165.54,6242.61,6258.93,6141.19,8.43461003,118.5319455766
801710,2018-01-16,6252.8,6162.75,6259.77,6162.75,8.10844117,119.9435124147
801710,2018-01-17,6182.06,6247.52,6248.17,6142.6,8.02972591,114.76871215889999
801710,2018-01-18,6264.54,6183.88,6272.11,6174.59,7.59636396,107.34850389430001
801710,2018-01-19,6238.14,6268.54,6301.46,6212.85,7.50749013,108.3463309072
801710,2018-01-22,6286.72,6220.11,6295.6,6210.24,7.27482669,93.8063564905
801710,2018-01-23,6316.71,6293.87,6316.98,6264.71,7.10175658,98.7735825557
801710,2018-01-24,6298.22,6314.56,6314.7,6255.34,7.08362852,98.5366680591
801710,2018-01-25,6345.01,6285.1,6380.73,6280.64,7.62372623,109.59438547459999
801710,2018-01-26,6450.63,6324.16,6462.33,6314.69,9.49004187,132.9854263708
801710,2018-01-29,6400.44,6437.87,6518.69,6382.23,8.9086793,128.63236737530002
801710,2018-01-30,6287.09,6385.72,6388.49,6283.51,6.44092234,87.54113670379999
801710,2018-01-31,6229.67,6246.73,6293.22,6202.81,7.28962722,94.82271078299999
801710,2018-02-01,6070.11,6236.22,6312.31,6048.43,9.99485961,135.8592790395
801710,2018-02-02,6182.29,5995.71,6182.99,5875.13,8.65124098,120.45100815549999
801710,2018-02-05,6208.87,6105.11,6218.02,6088.78,7.85586971,116.666765308
801710,2018-02-06,5876.59,6074.66,6111.71,5869.29,8.71427036,121.7299720119
801710,2018-02-07,5809.52,5981.5,6069.46,5784.34,8.65541317,118.25263628350001
801710,2018-02-08,5761.69,5771.11,5840.6,5707.44,6.10230602,83.49561712890001
801710,2018-02-09,5478.09,5574.16,5587.41,5408.55,7.68922151,100.9201284568
801710,2018-02-12,5584.95,5476.64,5609.64,5475.53,4.68111746,61.0100672086
801710,2018-02-13,5634.7,5624.56,5715.59,5622.11,4.79299938,59.7070012342
801710,2018-02-14,5700.23,5635.86,5700.51,5614.53,3.32950147,41.3198628224
801710,2018-02-22,5828.16,5757.43,5847.8,5751.13,5.23348522,67.3363175493
801710,2018-02-23,5881.79,5858.8,5935.31,5829.8,6.11979297,82.9683263326
801710,2018-02-26,6027.97,5929.68,6027.98,5887.63,7.44768098,99.1956159418
801710,2018-02-27,5888.84,6016.11,6016.11,5878.05,7.60913111,103.9639909597
801710,2018-02-28,5859.96,5802.16,5898.41,5783.25,5.966627,78.3598330622
801710,2018-03-01,5948.62,5820.16,5960.75,5803.12,7.14281104,91.8469552588
801710,2018-03-02,5898.9,5883.24,5929.37,5867.43,6.25985576,85.4160223466
801710,2018-03-05,5836.62,5891.83,5902.77,5802.44,6.3469599,87.2277914894
801710,2018-03-06,5940.25,5845.87,5940.25,5798.13,9.22910957,119.3544923375
801710,2018-03-07,5901.37,5920.81,5965.51,5895.09,7.53995542,100.88780945010001
801710,2018-03-08,5994.28,5890.61,5995.65,5871.19,7.94756583,108.1970159755
801710,2018-03-09,6010.32,6007.31,6023.73,5968.51,8.86082055,120.38332325450001
801710,2018-03-12,6124.8,6026.65,6124.8,6017.32,10.63542159,147.3362985517
801710,2018-03-13,6137.77,6117.07,6173.24,6099.53,10.7348273,145.5707261732
801710,2018-03-14,6251.06,6124.53,6283.83,6119.04,12.89072232,178.01267863389998
801710,2018-03-15,6196.95,6216.41,6231.56,6144.17,10.63168245,145.22004940850002
801710,2018-03-16,6180.17,6196.64,6220.05,6178.12,9.55044979,134.2269941062
801710,2018-03-19,6096.32,6175.47,6175.93,6049.29,8.57005963,118.4173518509
801710,2018-03-20,6149.97,6036.81,6169.08,6015.66,10.02810403,135.4453447514
801710,2018-03-21,6048.86,6144.36,6177.9,6034.53,9.97733978,135.59578221569998
801710,2018-03-22,6031.16,6047.81,6090.05,6012.36,8.89750866,124.2833910993
801710,2018-03-23,5712.74,5763.8,5856.44,5654.88,11.6714168,149.1386177622
801710,2018-03-26,5748.88,5626.77,5749.05,5540.38,8.46509105,109.06690484090001
801710,2018-03-27,5854.12,5812.44,5880.4,5804.74,8.98261601,117.350396779
801710,2018-03-28,5765.68,5774.13,5856.03,5751.23,8.51361243,114.33268124879999
801710,2018-03-29,5903.84,5788.1,5939.16,5721.94,9.49256303,127.0013056432
801710,2018-03-30,5923.79,5903.65,5934.4,5895.41,8.24134163,108.24923076600001
801710,2018-04-02,5924.69,5935.48,5997.88,5916.27,8.39163227,109.85342403809999
801710,2018-04-03,5900.86,5833.19,5913.85,5811.32,8.50779888,113.23325032940001
801710,2018-04-04,5820.43,5916.46,5944.78,5809.78,7.73440065,105.4315249667
801710,2018-04-09,5883.49,5834.31,5900.86,5787.13,7.1497082,98.56725300049999
801710,2018-04-10,5965.55,5913.2,5988.29,5903.31,8.46458301,117.43295107690001
801710,2018-04-11,5960.53,5967.65,5986.69,5938.73,7.90738786,104.80815070989999
801710,2018-04-12,5886.74,5947.37,5973.47,5874.58,7.15211869,97.5145673405
801710,2018-04-13,5852.01,5913.41,5929.24,5844.98,6.16364692,89.01751648700001
801710,2018-04-16,5738.34,5853.34,5865.02,5698.29,6.85184115,95.2667267477
801710,2018-04-17,5653.21,5763.96,5775.42,5650.02,8.89156573,125.2668673773
801710,2018-04-18,5664.95,5685.53,5702.41,5541.25,6.97890314,87.9822357724
801710,2018-04-19,5725.33,5664.84,5727.13,5663.81,8.21662306,101.60449149969999
801710,2018-04-20,5600.15,5708.22,5709.18,5586.29,7.69640543,98.6963802202
801710,2018-04-23,5588.8,5608.13,5637.3,5541.44,6.4977401,79.91399971439999
801710,2018-04-24,5750.88,5615.66,5774.6,5615.64,7.51805981,105.4131447831
801710,2018-04-25,5718.65,5716.66,5734.63,5704.18,6.46742989,83.71861358470001
801710,2018-04-26,5592.39,5708.63,5708.84,5590.36,5.89258169,79.2193081703
801710,2018-04-27,5591.34,5614.58,5624.98,5550.74,6.02898874,79.1790097035
801710,2018-05-02,5621.95,5611.9,5638.66,5568.28,6.40259792,86.5973995043
801710,2018-05-03,5618.79,5609.48,5625.8,5527.26,6.2479107,76.6468912254
801710,2018-05-04,5643.92,5617.46,5676.88,5617.46,6.87250699,87.4923539282
801710,2018-05-07,5728.85,5661.39,5737.5,5643.92,6.70787074,83.3324214843
801710,2018-05-08,5784.14,5729.02,5788.08,5728.93,6.60578955,83.0071475539
801710,2018-05-09,5764.72,5768.6,5784.11,5739.45,5.77892669,69.7573665721
801710,2018-05-10,5785.98,5774.72,5785.98,5754.26,6.04893122,77.637629368
801710,2018-05-11,5677.17,5779.33,5786.12,5677.17,5.91685608,79.624538565
801710,2018-05-14,5663.92,5685.21,5709.72,5644.18,5.28232691,69.21698675489999
801710,2018-05-15,5701.17,5666.3,5701.65,5636.43,5.1511461,69.0163147447
801710,2018-05-16,5698.59,5676.6,5739.29,5666.43,5.75648306,73.780310944
801710,2018-05-17,5666.3,5709.2,5721.56,5653.04,4.71870392,61.7879515024
801710,2018-05-18,5674.31,5663.11,5674.31,5617.11,5.80929939,78.7244653865
801710,2018-05-21,5767.75,5711.55,5775.27,5692.66,7.37275544,99.11071030129999
801710,2018-05-22,5763.95,5766.66,5766.94,5723.63,6.76095423,92.9612177965
801710,2018-05-23,5617.98,5738.12,5738.13,5617.38,6.90826964,98.6324743544
801710,2018-05-24,5615.26,5618.91,5643.62,5603.97,5.99305902,81.2363884105
801710,2018-05-25,5571.13,5610.06,5628.46,5552.05,6.97725039,92.9333800215
801710,2018-05-28,5533.24,5575.18,5579.75,5514.27,5.78387848,73.42180135529999
801710,2018-05-29,5433.38,5520.18,5523.83,5423.06,6.43295446,83.5983893122
801710,2018-05-30,5256.33,5342.56,5357.69,5252.44,6.42731274,75.3612892468
801710,2018-05-31,5356.87,5296.46,5358.34,5265.64,4.92875503,65.89022413149999
801710,2018-06-01,5361.26,5339.56,5417.2,5324.17,4.90650421,61.3088779761
801710,2018-06-04,5389.07,5387.81,5421.1,5383.77,4.48069016,59.7761302633
801710,2018-06-05,5454.73,5392.65,5454.73,5392.62,4.30235939,58.6615191512
801710,2018-06-06,5505.77,5449.46,5506.95,5439.76,5.33418,74.2013134499
801710,2018-06-07,5454.1,5511.7,5514.65,5445.62,4.88012786,65.7578571728
801710,2018-06-08,5391.72,5452.27,5453.93,5360.79,4.92664897,64.36445821560001
801710,2018-06-11,5397.05,5379.09,5433.02,5366.33,4.26594279,56.70407553020001
801710,2018-06-12,5475.71,5404.3,5485.27,5343.33,5.28167098,72.1476741639
801710,2018-06-13,5426.21,5461.4,5485.94,5418.93,5.02026423,62.4478644287
801710,2018-06-14,5399.62,5392.08,5451.75,5372.06,4.92087516,57.008845848
801710,2018-06-15,5357.94,5397.33,5419.25,5317.58,5.99219611,64.3435466367
801710,2018-06-19,5043.88,5277.33,5300.03,5003.75,7.87318035,88.5530773875
801710,2018-06-20,5047.83,4969.67,5061.55,4918.92,6.37267257,66.1608102614
801710,2018-06-21,5045.44,5043.87,5189.55,5034.65,7.03891713,78.1746443622
801710,2018-06-22,5112.51,5011.33,5113.3,4989.87,5.16946766,54.9388679367
801710,2018-06-25,5026.15,5142.73,5154.28,5024.09,4.64756508,49.880951541499996
801710,2018-06-26,4908.28,4950.66,4951.21,4830.67,5.71621643,66.5450086297
801710,2018-06-27,4834.04,4905.48,4926.44,4819.44,4.62889382,52.359878996899994
801710,2018-06-28,4753.6,4836.13,4875.85,4752.78,4.47241707,48.699499771999996
801710,2018-06-29,4883.55,4773.59,4884.79,4773.59,4.80825203,50.3765545281
801710,2018-07-02,4754.51,4883.66,4901.97,4717.65,5.68909715,60.127931976000006
801710,2018-07-03,4782.98,4763.49,4801.76,4649.11,5.61365693,65.4504869833
801710,2018-07-04,4708.0,4774.96,4803.09,4692.78,4.92500245,54.413530315900005
801710,2018-07-05,4627.38,4713.76,4740.73,4622.21,4.76554182,50.9679874571
801710,2018-07-06,4668.17,4637.01,4716.83,4540.57,5.8221985,61.9581724113
801710,2018-07-09,4817.03,4688.07,4817.14,4688.04,5.88565403,65.7308096362
801710,2018-07-10,4929.53,4860.77,4940.94,4838.72,7.09311099,84.0981446752
801710,2018-07-11,4855.59,4827.99,4882.7,4786.72,6.15547193,67.0042972864
801710,2018-07-12,4946.47,4848.49,4964.37,4848.49,6.36923684,70.1955426822
801710,2018-07-13,4988.18,4973.75,4994.73,4949.18,6.11322679,64.77355250689999
801710,2018-07-16,4926.49,4987.63,4987.63,4900.15,4.94823967,54.003335123
801710,2018-07-17,4938.4,4928.35,4938.68,4882.83,4.14034387,46.8507955742
801710,2018-07-18,4877.56,4934.26,4955.26,4874.86,4.10901544,45.688259164499996
801710,2018-07-19,4906.51,4897.9,4978.18,4893.9,5.21838808,64.85054412939999
801710,2018-07-20,4982.32,4900.47,4990.95,4862.54,4.85447395,59.0654359596
801710,2018-07-23,5131.45,4972.98,5157.41,4954.96,8.46865502,107.016325465
801710,2018-07-24,5371.52,5203.31,5390.62,5203.1,12.62976789,157.2214244496
801710,2018-07-25,5370.16,5376.46,5408.29,5311.82,9.86423976,113.314751101
801710,2018-07-26,5305.06,5373.74,5397.35,5282.1,8.52353305,98.6173336875
801710,2018-07-27,5304.51,5328.65,5348.86,5277.34,7.21466028,81.06371882100001
801710,2018-07-30,5365.59,5335.61,5457.48,5330.05,9.47507233,110.14064235379999
801710,2018-07-31,5315.05,5336.48,5344.3,5260.3,7.22328027,74.82619668550001
801710,2018-08-01,5230.96,5357.36,5428.52,5225.08,9.50372888,104.87846000200001
801710,2018-08-02,5235.69,5219.92,5240.52,5012.28,12.47000649,124.8655726962
801710,2018-08-03,5053.76,5191.25,5194.92,5053.76,9.56475685,90.86013860700001
801710,2018-08-06,5033.91,5032.84,5133.74,4995.92,8.05144641,79.1287503547
801710,2018-08-07,5212.72,5030.21,5213.12,5005.24,9.12351931,94.10776280530001
801710,2018-08-08,5208.11,5204.37,5327.85,5178.69,12.84978086,131.2280460927
801710,2018-08-09,5254.91,5161.88,5277.65,5134.99,10.54122121,104.4642261508
801710,2018-08-10,5269.14,5258.9,5297.95,5229.64,7.6028581,77.24010825319999
801710,2018-08-13,5256.04,5191.33,5256.37,5161.31,6.50764918,68.10158637640001
801710,2018-08-14,5277.31,5275.02,5328.09,5240.42,8.98655009,88.2401085412
801710,2018-08-15,5108.39,5279.16,5279.4,5108.25,8.76162309,83.3774766817
801710,2018-08-16,5038.91,5030.77,5113.37,4979.93,7.27233563,64.9491151072
801710,2018-08-17,4907.11,5091.0,5104.53,4901.87,5.9680013,57.1223714364
801710,2018-08-20,4962.12,4911.83,4962.12,4834.13,5.92832357,58.0555704725
801710,2018-08-21,5044.79,4953.28,5059.62,4936.25,5.94234155,60.196030505100005
801710,2018-08-22,5001.93,5044.98,5044.98,4986.26,4.57396698,45.2370627383
801710,2018-08-23,4993.11,5004.0,5037.3,4940.37,5.19952859,53.998460584200004
801710,2018-08-24,4997.39,5003.8,5022.43,4977.79,5.34747986,52.8272432268
801710,2018-08-27,5128.87,5014.57,5128.87,5011.01,6.30421059,67.6847465113
801710,2018-08-28,5086.58,5126.91,5127.04,5060.86,5.53633282,57.4792840068
801710,2018-08-29,5072.22,5080.68,5096.81,5059.16,4.96132964,47.2824642566
801710,2018-08-30,4971.88,5073.09,5083.34,4971.88,5.41069799,49.010326396
801710,2018-08-31,4954.28,4969.35,4997.17,4919.24,4.95303909,44.6751815066
801710,2018-09-03,4937.32,4943.16,4949.84,4861.92,4.62482119,41.9531364061
801710,2018-09-04,4981.69,4936.73,4992.3,4903.11,4.51230127,42.9637168978
801710,2018-09-05,4860.23,4964.36,4964.41,4860.23,4.72501545,44.4077882371
801710,2018-09-06,4815.68,4850.57,4889.03,4788.32,3.991104,38.5738958994
801710,2018-09-07,4845.3,4821.74,4886.16,4806.13,4.1727845,38.3293820892
801710,2018-09-10,4691.27,4856.9,4857.26,4689.57,5.01366461,52.441680150299995
801710,2018-09-11,4580.73,4669.54,4674.49,4551.43,5.01839135,58.3184775272
801710,2018-09-12,4564.39,4583.23,4597.82,4542.78,3.4418074,35.2915211134
801710,2018-09-13,4601.66,4607.67,4631.66,4540.2,3.61918267,34.7175336133
801710,2018-09-14,4601.95,4618.45,4627.01,4577.87,3.78726682,37.0242984027
801710,2018-09-17,4529.56,4592.08,4592.71,4527.08,4.28901623,36.9909457563
801710,2018-09-18,4711.61,4508.56,4715.12,4506.52,6.54927612,61.7906717394
801710,2018-09-19,4733.63,4703.49,4774.17,4677.94,6.41795264,60.4637285694
801710,2018-09-20,4751.28,4742.17,4798.8,4731.58,5.25727003,51.959877578000004
801710,2018-09-21,4833.86,4752.38,4844.6,4743.04,5.6277046,53.6503858513
801710,2018-09-25,4803.81,4772.59,4813.15,4758.39,4.49393503,40.2105719005
801710,2018-09-26,4822.38,4810.73,4862.56,4801.17,5.26658833,57.1221294906
801710,2018-09-27,4764.14,4813.06,4829.67,4761.64,5.33486717,49.5701417891
801710,2018-09-28,4799.52,4776.02,4802.89,4737.59,4.63706126,44.78107949899999
801710,2018-10-08,4600.53,4702.05,4704.88,4592.97,5.08380661,51.4963425939
801710,2018-10-09,4600.28,4608.6,4633.71,4574.36,4.01795582,40.2942419216
801710,2018-10-10,4631.38,4611.75,4673.97,4588.14,4.16626013,45.2067988632
801710,2018-10-11,4359.41,4476.88,4541.95,4319.92,8.02077345,72.5945784602
801710,2018-10-12,4412.56,4336.55,4427.24,4216.87,7.86256295,72.54029859890001
801710,2018-10-15,4336.8,4426.68,4441.66,4327.04,5.20579445,49.7368276758
801710,2018-10-16,4242.0,4342.48,4379.34,4216.84,5.30902339,51.4742217321
801710,2018-10-17,4268.4,4308.14,4326.29,4181.13,5.70700068,49.0794590212
801710,2018-10-18,4127.09,4243.56,4245.35,4117.13,5.48026236,47.9774147048
801710,2018-10-19,4229.77,4090.85,4240.15,4049.04,5.33528341,47.0366647935
801710,2018-10-22,4446.6,4267.23,4476.7,4267.23,7.79547031,74.2200339716
801710,2018-10-23,4315.09,4430.43,4459.91,4294.58,7.52171497,70.14577502569999
801710,2018-10-24,4290.27,4285.8,4355.06,4265.4,5.43314199,50.1851301946
801710,2018-10-25,4212.87,4152.99,4218.43,4108.3,5.63327034,56.8652215941
801710,2018-10-26,4226.81,4236.46,4264.28,4212.65,4.69990975,43.3276675667
801710,2018-10-29,4157.84,4223.79,4232.69,4141.29,4.07678289,38.768960276
801710,2018-10-30,4180.69,4152.44,4209.06,4077.33,5.10502694,46.0910756159
801710,2018-10-31,4328.0,4206.15,4351.27,4205.86,7.17943039,68.4537743463
801710,2018-11-01,4372.21,4436.72,4437.83,4369.82,8.966118,82.7432762803
801710,2018-11-02,4482.97,4449.01,4482.97,4413.28,8.89139061,82.1545915083
801710,2018-11-05,4492.86,4460.19,4513.17,4436.05,7.42545326,64.9980450241
801710,2018-11-06,4480.04,4489.03,4489.16,4431.46,5.85333147,49.2760431973
801710,2018-11-07,4458.74,4476.47,4520.38,4449.6,5.92921655,51.4956301909
801710,2018-11-08,4443.9,4492.72,4503.79,4436.11,5.59298331,49.1788281727
801710,2018-11-09,4379.9,4435.3,4436.19,4375.25,5.45838931,43.4777517189
801710,2018-11-12,4481.65,4363.92,4482.68,4357.66,7.23214695,53.5137259484
801710,2018-11-13,4537.74,4416.31,4560.7,4410.21,9.69516164,70.2810438853
801710,2018-11-14,4537.99,4537.88,4589.56,4521.14,8.33751828,63.7761874092
801710,2018-11-15,4610.4,4546.83,4610.78,4526.78,7.28431443,59.7964673837
801710,2018-11-16,4596.71,4616.5,4639.51,4568.34,8.27311882,78.01186059930001
801710,2018-11-19,4703.25,4599.46,4703.25,4544.84,10.88159031,109.1408341937
801710,2018-11-20,4551.06,4659.86,4677.6,4546.63,9.77733413,92.03157926850001
801710,2018-11-21,4581.53,4490.51,4596.66,4471.56,7.04180689,65.4380230404
801710,2018-11-22,4546.33,4576.19,4599.51,4528.98,6.01744296,51.617199681
801710,2018-11-23,4393.11,4546.15,4553.94,4379.69,7.33280392,62.4270153153
801710,2018-11-26,4440.44,4406.54,4487.27,4392.71,6.10115298,54.1046930993
801710,2018-11-27,4442.23,4459.7,4469.27,4408.65,5.46148872,46.871792072299996
801710,2018-11-28,4463.39,4434.0,4463.39,4375.76,5.40224458,44.6821000775
801710,2018-11-29,4389.15,4492.94,4520.98,4387.87,5.74123519,51.5853076558
801710,2018-11-30,4411.92,4383.36,4419.19,4328.55,4.7696281,39.8354326846
801710,2018-12-03,4532.65,4509.77,4555.33,4488.02,6.86335782,62.8042144926
801710,2018-12-04,4555.98,4523.98,4556.74,4513.63,6.32726604,59.1667623057
801710,2018-12-05,4511.71,4476.15,4544.36,4465.23,6.50752826,58.012419676499995
801710,2018-12-06,4453.66,4486.94,4511.59,4448.8,5.5997032,50.3414450983
801710,2018-12-07,4501.26,4462.14,4508.7,4454.14,5.1990453,49.181284133999995
801710,2018-12-10,4437.6,4465.53,4482.31,4418.88,5.26160035,48.367098517399995
801710,2018-12-11,4434.51,4444.97,4456.35,4401.37,4.1173576,38.6393210215
801710,2018-12-12,4443.56,4452.97,4471.88,4434.7,4.41775125,37.980008839
801710,2018-12-13,4564.23,4453.33,4593.71,4436.54,7.67954855,73.1009092383
801710,2018-12-14,4470.07,4553.79,4560.83,4465.48,6.54905571,59.4600992449
801710,2018-12-17,4506.64,4465.15,4514.25,4437.59,5.2024818,46.2791646054
801710,2018-12-18,4417.84,4472.67,4496.35,4395.59,4.9935475,46.528209921000006
801710,2018-12-19,4367.67,4422.03,4434.33,4367.67,4.31580749,38.5107600012
801710,2018-12-20,4361.12,4360.01,4378.6,4325.32,3.8008732,35.8004648541
801710,2018-12-21,4300.87,4347.9,4348.35,4261.75,4.06815026,39.3419032013
801710,2018-12-24,4321.95,4280.3,4321.95,4269.93,3.11580374,28.0911811885
801710,2018-12-25,4257.12,4270.18,4277.66,4160.84,4.80965823,39.7974684363
801710,2018-12-26,4247.81,4249.2,4272.62,4239.14,3.80431776,33.669056785
801710,2018-12-27,4180.06,4312.51,4315.26,4180.06,4.10344285,37.0935751296
801710,2018-12-28,4183.69,4193.47,4218.91,4164.71,3.41202681,29.7710350265
801710,2019-01-02,4146.99,4206.36,4216.55,4138.71,4.13372788,38.3944975614
801710,2019-01-03,4075.32,4141.76,4162.9,4073.54,4.02819014,37.2120647121
801710,2019-01-04,4164.66,4027.57,4164.7,4001.09,5.15829707,46.333513948900006
801710,2019-01-07,4240.32,4194.2,4242.43,4182.97,5.64077852,47.712856733500004
801710,2019-01-08,4256.56,4227.1,4284.47,4207.18,5.39273864,44.4887064167
801710,2019-01-09,4258.54,4262.42,4330.69,4257.81,5.56445545,48.9316132934
801710,2019-01-10,4267.62,4258.71,4294.1,4258.24,4.51153051,39.1892294969
801710,2019-01-11,4326.04,4289.6,4326.04,4254.95,5.20366758,47.8421954992
801710,2019-01-14,4326.97,4330.33,4340.88,4321.54,5.06902359,44.5617181986
801710,2019-01-15,4399.2,4319.22,4399.73,4319.22,5.23311902,49.013832911499996
801710,2019-01-16,4380.57,4400.45,4427.95,4380.57,5.76541881,54.629553529300004
801710,2019-01-17,4355.39,4384.24,4400.93,4352.08,4.89698,44.5667807927
801710,2019-01-18,4424.38,4373.42,4427.92,4370.19,5.66993993,49.6699048031
801710,2019-01-21,4440.48,4433.19,4462.92,4420.21,5.31363571,47.679924752
801710,2019-01-22,4365.01,4440.86,4441.02,4352.12,4.76596135,43.036650291899996
801710,2019-01-23,4399.73,4356.9,4399.84,4356.9,3.72051445,36.2867759266
801710,2019-01-24,4402.05,4410.34,4414.57,4370.17,4.08693527,36.858763529499996
801710,2019-01-25,4428.88,4421.06,4456.19,4420.39,5.07400757,51.34237886
801710,2019-01-28,4438.31,4447.71,4486.94,4426.6,5.23326219,49.0030872151
801710,2019-01-29,4428.12,4424.79,4441.97,4349.11,6.04251208,52.7249444563
801710,2019-01-30,4379.95,4406.91,4430.84,4379.95,4.27770844,36.1964734211
801710,2019-01-31,4358.09,4392.54,4418.06,4339.01,5.06024048,42.8579839013
801710,2019-02-01,4451.53,4383.84,4452.3,4375.8,4.57557105,42.126234173200004
801710,2019-02-11,4547.94,4451.99,4550.02,4451.68,5.32181162,50.8572783328
801710,2019-02-12,4581.3,4543.57,4595.02,4537.15,6.28818528,55.730384297
801710,2019-02-13,4663.18,4585.99,4674.98,4584.84,7.76448494,68.6924837819
801710,2019-02-14,4661.7,4656.1,4681.52,4637.4,6.50774652,58.0084730244
801710,2019-02-15,4589.06,4650.44,4650.84,4579.81,5.97996341,57.614374300600005
801710,2019-02-18,4758.23,4616.33,4758.23,4615.96,8.70712013,82.3238495744
801710,2019-02-19,4760.9,4772.88,4815.76,4707.89,9.07557648,80.73354165079999
801710,2019-02-20,4792.31,4771.16,4792.31,4729.17,7.19902886,63.567032589600004
801710,2019-02-21,4739.53,4792.93,4824.01,4726.18,8.95110268,78.081826714
801710,2019-02-22,4786.4,4726.19,4787.43,4680.53,8.45220933,77.11254548149999
801710,2019-02-25,5007.04,4809.15,5007.04,4809.07,15.51452926,144.4791126481
801710,2019-02-26,4978.82,4998.5,5087.06,4935.76,16.27067261,148.6079121673
801710,2019-02-27,4973.57,4976.56,5036.39,4927.54,11.40410873,105.0909386159
801710,2019-02-28,5049.88,4980.07,5064.09,4979.92,10.31230223,97.48015882940001
801710,2019-03-01,5184.3,5079.7,5203.49,5079.7,13.2402792,137.5726510585
801710,2019-03-04,5270.94,5242.87,5350.62,5216.41,17.27126212,173.65242799
801710,2019-03-05,5322.62,5276.57,5322.68,5252.27,15.26139735,131.886578201
801710,2019-03-06,5379.2,5319.65,5383.45,5274.92,16.29729541,142.5486373374
801710,2019-03-07,5387.7,5356.48,5418.55,5302.62,18.15487846,164.017952818
801710,2019-03-08,5139.17,5275.84,5352.78,5139.11,16.494683,148.5351974908
801710,2019-03-11,5268.54,5141.42,5268.54,5136.23,12.40492644,114.9514183542
801710,2019-03-12,5333.84,5313.04,5389.5,5270.66,14.93630501,138.6321872422
801710,2019-03-13,5275.64,5331.49,5333.59,5260.49,14.16420477,137.3185905334
801710,2019-03-14,5280.6,5259.53,5390.65,5226.67,16.31631674,170.09344707190002
801710,2019-03-15,5394.1,5317.08,5394.1,5264.3,14.77206555,158.1185038341
801710,2019-03-18,5502.0,5333.92,5503.16,5319.64,16.487243,194.2409186504
801710,2019-03-19,5492.17,5503.31,5539.25,5458.98,13.8164781,149.1054020212
801710,2019-03-20,5575.15,5500.15,5591.72,5476.9,17.03045879,184.747831336
801710,2019-03-21,5645.86,5599.26,5694.25,5598.94,18.4009653,205.00689926439998
801710,2019-03-22,5657.28,5613.3,5665.47,5575.32,15.90105093,173.4039116526
801710,2019-03-25,5510.74,5549.31,5604.63,5506.87,13.37070624,142.264429035
801710,2019-03-26,5455.95,5531.64,5564.92,5439.61,12.93097283,129.7818887715
801710,2019-03-27,5568.12,5491.49,5568.12,5425.76,12.29439433,128.29259377190002
801710,2019-03-28,5471.11,5529.28,5579.38,5464.7,11.5456789,119.0510339952
801710,2019-03-29,5622.43,5491.02,5622.43,5463.13,13.89958377,147.3013371836
801710,2019-04-01,5843.32,5691.71,5885.8,5691.71,18.24769635,201.6421076648
801710,2019-04-02,5880.61,5884.51,5917.74,5848.49,17.07107308,187.8041878037
801710,2019-04-03,6028.11,5859.51,6028.11,5831.21,15.14073175,175.0519428645
801710,2019-04-04,6052.83,6061.44,6145.69,5996.96,15.56464581,189.3643550507
801710,2019-04-08,6252.76,6100.69,6252.76,6055.39,17.40679879,216.68237131860002
801710,2019-04-09,6143.99,6243.33,6243.33,6092.92,14.35143732,177.02011616709999
801710,2019-04-10,6127.7,6141.3,6182.11,6096.85,14.83115896,171.26502301969998
801710,2019-04-11,5938.62,6117.51,6125.19,5936.05,13.84237189,151.3985479899
801710,2019-04-12,5898.57,5934.93,5953.01,5849.99,10.6141039,115.44864287899999
801710,2019-04-15,5859.64,6002.92,6037.09,5859.64,11.28258622,129.0790789158
801710,2019-04-16,5997.61,5841.95,5997.61,5799.71,10.86216885,116.2115704731
801710,2019-04-17,5985.26,5987.59,6020.23,5931.79,12.49073936,122.4067023769
801710,2019-04-18,6007.85,5982.57,6042.84,5962.35,13.86154158,136.0611318689
801710,2019-04-19,6007.31,6005.16,6017.02,5919.37,11.48380258,111.07987108799999
801710,2019-04-22,5811.27,5988.67,5988.67,5799.64,11.90647112,135.4292612778
801710,2019-04-23,5728.52,5791.8,5800.07,5710.9,10.25760044,106.9990878042
801710,2019-04-24,5761.52,5748.09,5775.32,5689.59,7.70767239,79.168501866
801710,2019-04-25,5538.56,5755.7,5755.89,5538.56,10.24431613,102.3388934258
801710,2019-04-26,5520.28,5539.34,5586.42,5502.9,8.75756368,94.4301774576
801710,2019-04-29,5427.37,5521.49,5541.34,5417.03,10.18058608,108.38569710440001
801710,2019-04-30,5462.82,5411.45,5484.17,5410.83,6.97243456,73.4289196255
801710,2019-05-06,5124.95,5275.56,5298.74,5070.11,9.61514625,99.6260393883
801710,2019-05-07,5205.69,5147.77,5250.21,5125.63,7.47748783,74.3275601027
801710,2019-05-08,5152.53,5106.07,5228.9,5077.06,6.54133071,64.0456415816
801710,2019-05-09,5106.2,5113.89,5165.74,5089.29,5.67630035,57.2659395178
801710,2019-05-10,5289.06,5160.48,5289.33,5069.12,8.1688,82.4490818587
801710,2019-05-13,5257.69,5228.11,5281.74,5216.92,6.18263366,61.9598147558
801710,2019-05-14,5194.56,5194.52,5251.85,5180.4,5.55851912,54.1973531054
801710,2019-05-15,5320.81,5245.95,5337.39,5243.63,6.13868383,65.99155055189999
801710,2019-05-16,5435.81,5332.71,5437.47,5323.43,7.37600126,81.7198910419
801710,2019-05-17,5238.75,5436.11,5436.2,5226.13,7.79707377,78.0212899645
801710,2019-05-20,5206.81,5222.97,5231.19,5124.81,5.08890446,50.4870637863
801710,2019-05-21,5334.59,5204.16,5353.78,5204.16,5.66923629,63.0457693509
801710,2019-05-22,5298.41,5334.02,5354.32,5272.67,4.99710169,51.142225375500004
801710,2019-05-23,5226.43,5286.16,5311.13,5217.78,5.28304875,53.6392210818
801710,2019-05-24,5211.12,5194.69,5254.3,5183.04,4.31560943,42.9041642306
801710,2019-05-27,5283.35,5215.45,5291.85,5152.16,4.98632669,54.3152757047
801710,2019-05-28,5306.97,5279.96,5348.08,5267.86,5.85891872,62.7444169401
801710,2019-05-29,5321.74,5274.85,5349.62,5265.68,5.06096223,54.7561927426
801710,2019-05-30,5258.12,5292.24,5293.12,5219.73,5.07193166,51.539031172200005
801710,2019-05-31,5241.91,5266.36,5292.93,5236.19,4.64177412,49.1871583878
801710,2019-06-03,5208.34,5251.85,5284.31,5200.6,5.40684574,56.2072517079
801710,2019-06-04,5067.79,5205.31,5205.67,5050.85,4.95774684,53.078535485299994
801710,2019-06-05,5058.64,5112.8,5132.04,5057.42,3.69640762,38.0733878362
801710,2019-06-06,5012.28,5064.72,5064.72,4990.9,4.00026191,38.9834049033
801710,2019-06-10,5082.1,5029.25,5098.15,5014.01,3.53969059,37.4492737828
801710,2019-06-11,5360.78,5146.52,5365.78,5146.52,9.6093606,107.7982318918
801710,2019-06-12,5343.64,5365.0,5411.63,5335.2,9.05962216,89.8628322526
801710,2019-06-13,5325.42,5325.55,5345.69,5288.95,6.04111757,55.5032439183
801710,2019-06-14,5255.49,5327.83,5346.51,5248.45,5.44649539,51.0971367425
801710,2019-06-17,5264.6,5254.69,5286.6,5234.77,3.96897245,39.229566287
801710,2019-06-18,5253.96,5291.47,5308.62,5233.4,4.36814513,44.6454833121
801710,2019-06-19,5234.64,5308.34,5334.57,5227.54,5.9158075,60.0632217924
801710,2019-06-20,5340.57,5228.55,5359.68,5210.33,6.89869097,72.077570209
801710,2019-06-21,5347.01,5364.87,5390.03,5323.0,7.21030269,68.3618049578
801710,2019-06-24,5371.78,5334.74,5377.87,5328.28,5.40188407,52.847416351099994
801710,2019-06-25,5314.83,5373.99,5375.32,5253.45,5.10035478,49.947122908599994
801710,2019-06-26,5342.31,5290.58,5358.56,5275.09,4.48337299,41.0881485903
801710,2019-06-27,5404.03,5352.33,5408.76,5352.3,5.02274338,52.9499779234
801710,2019-06-28,5416.34,5415.39,5442.85,5374.34,6.85517347,73.160084109
801710,2019-07-01,5526.53,5506.23,5530.24,5470.38,7.75254031,87.58456773350001
801710,2019-07-02,5579.15,5521.39,5588.24,5508.66,6.81306652,78.987891514
801710,2019-07-03,5524.06,5566.98,5570.04,5494.6,5.73492986,64.3783215103
801710,2019-07-04,5546.15,5536.27,5585.66,5517.91,5.99548399,69.6581598254
801710,2019-07-05,5569.42,5547.22,5579.97,5521.95,4.51358959,51.5829970853
801710,2019-07-08,5390.25,5557.81,5558.38,5379.64,6.30024154,65.8677484788
801710,2019-07-09,5394.69,5395.49,5431.44,5363.27,4.07722858,44.4504677336
801710,2019-07-10,5298.53,5421.38,5421.38,5272.38,5.24576059,63.2949860269
801710,2019-07-11,5319.02,5328.51,5369.83,5299.78,4.55164,51.2858016115
801710,2019-07-12,5354.35,5341.35,5369.39,5329.96,3.92578283,41.739392606100004
801710,2019-07-15,5425.91,5356.75,5432.62,5288.97,6.09990546,59.6165624225
801710,2019-07-16,5411.89,5418.38,5419.07,5379.93,5.71676543,52.3405487508
801710,2019-07-17,5401.59,5404.74,5429.69,5381.84,5.39253945,47.4943995249
801710,2019-07-18,5304.58,5375.23,5375.24,5304.58,5.23864057,47.6869768659
801710,2019-07-19,5327.46,5320.63,5376.8,5319.85,4.50359117,43.919179880200005
801710,2019-07-22,5230.04,5326.82,5327.01,5230.04,4.95892911,45.2083407437
801710,2019-07-23,5242.89,5240.3,5251.26,5214.51,3.36491983,34.2542325023
801710,2019-07-24,5269.7,5262.7,5304.24,5249.0,4.28008447,45.694337044300006
801710,2019-07-25,5283.85,5269.75,5283.85,5243.01,3.87674493,42.8871354359
801710,2019-07-26,5335.44,5273.4,5340.21,5254.6,4.34068437,50.467679848500005
801710,2019-07-29,5320.69,5330.74,5342.21,5302.36,3.58519402,38.3389935369
801710,2019-07-30,5321.72,5341.53,5356.05,5314.34,3.92551501,41.5256751321
801710,2019-07-31,5216.3,5283.27,5284.28,5216.3,4.84211075,54.2544208792
801710,2019-08-01,5175.85,5203.57,5203.75,5158.28,4.20279292,44.873288949700004
801710,2019-08-02,5092.74,5074.77,5123.29,5051.98,4.46799027,41.136055709299995
801710,2019-08-05,4998.99,5073.61,5096.11,4998.99,3.96441651,39.6035043723
801710,2019-08-06,4942.31,4906.88,4957.12,4824.19,6.09210368,55.5872867279
801710,2019-08-07,4932.66,4968.02,4981.13,4931.15,3.59108547,33.1199609258
801710,2019-08-08,4960.71,4949.32,4986.11,4948.98,3.26690577,32.931205100700005
801710,2019-08-09,4896.02,5005.01,5005.01,4887.5,3.51975192,35.999917837
801710,2019-08-12,4939.94,4911.27,4939.94,4880.79,3.30471584,33.6015610145
801710,2019-08-13,4865.78,4906.19,4906.62,4853.67,3.3840665,34.987908768400004
801710,2019-08-14,4891.67,4919.4,4933.77,4889.18,3.63354875,37.8021910983
801710,2019-08-15,4908.74,4800.73,4913.57,4780.52,4.15653989,38.7571187196
801710,2019-08-16,4957.02,4909.06,4982.3,4909.06,3.97551821,40.0521871875
801710,2019-08-19,5082.49,4989.15,5082.56,4988.81,5.45378813,53.426065921
801710,2019-08-20,5101.5,5097.36,5138.25,5090.98,5.28898405,51.2011652026
801710,2019-08-21,5126.73,5103.8,5130.89,5097.97,5.15777328,48.472168025500004
801710,2019-08-22,5096.91,5147.84,5147.84,5063.73,5.24637986,52.4138660612
801710,2019-08-23,5133.55,5109.91,5145.66,5088.52,5.10218561,55.5411335562
801710,2019-08-26,5083.52,5033.73,5089.57,5028.61,5.38108851,53.4283269882
801710,2019-08-27,5133.55,5110.25,5168.29,5109.51,5.80162117,60.4769380508
801710,2019-08-28,5114.28,5143.95,5143.95,5097.96,5.12346492,47.2972951108
801710,2019-08-29,5072.06,5121.93,5121.95,5070.13,4.66075435,47.0058076827
801710,2019-08-30,5033.38,5112.48,5115.85,5021.77,4.95222376,47.4038152069
801710,2019-09-02,5187.0,5045.51,5194.69,5044.75,6.06870976,65.8562994008
801710,2019-09-03,5261.93,5203.14,5279.69,5203.14,6.78176328,72.0743829386
801710,2019-09-04,5364.46,5271.97,5364.46,5271.97,8.34221648,92.38794271329999
801710,2019-09-05,5373.9,5419.91,5451.65,5372.82,9.22096438,100.020789839
801710,2019-09-06,5383.09,5398.99,5405.05,5347.06,5.3457066,58.9338330531
801710,2019-09-09,5413.85,5430.14,5430.14,5387.39,6.05933831,65.3614632325
801710,2019-09-10,5415.36,5420.36,5420.41,5369.98,5.66328789,54.3225325051
801710,2019-09-11,5373.22,5424.15,5424.15,5359.89,5.4263716,52.561143002
801710,2019-09-12,5428.33,5401.98,5436.12,5384.79,6.43680884,60.519685238
801710,2019-09-16,5410.26,5440.08,5440.08,5389.66,5.90111464,53.7961890287
801710,2019-09-17,5304.1,5399.32,5399.56,5287.41,6.05178224,53.5730850604
801710,2019-09-18,5316.1,5316.79,5343.45,5307.65,4.49701597,40.4735804025
801710,2019-09-19,5336.77,5338.81,5338.81,5284.47,4.86797532,44.4093124945
801710,2019-09-20,5372.16,5361.38,5390.6,5349.7,5.91587272,56.8337423184
801710,2019-09-23,5292.04,5359.19,5359.32,5257.47,5.16827537,51.6186551192
801710,2019-09-24,5278.96,5287.54,5325.22,5272.4,4.89278932,46.8818140848
801710,2019-09-25,5237.81,5269.69,5269.7,5230.85,4.60018133,42.6838218776
801710,2019-09-26,5197.35,5250.86,5266.18,5191.91,4.6439672,44.2793691579
801710,2019-09-27,5185.95,5199.4,5206.27,5153.97,3.24129488,34.383809976799995
801710,2019-09-30,5176.74,5169.6,5235.17,5169.6,3.16703251,31.0988934029
801710,2019-10-08,5298.88,5174.9,5311.57,5174.68,5.51295709,61.7436868478
801710,2019-10-09,5309.96,5273.0,5309.96,5248.71,4.5763797,50.6544217054
801710,2019-10-10,5325.14,5304.33,5325.87,5290.77,5.58599177,53.342208364799994
801710,2019-10-11,5447.28,5345.23,5463.6,5345.23,8.14066401,92.93662964209999
801710,2019-10-14,5482.29,5483.0,5502.75,5464.96,7.48154446,76.3370719382
801710,2019-10-15,5431.91,5473.72,5473.87,5419.45,6.28899636,65.9858755517
801710,2019-10-16,5440.51,5454.78,5488.14,5432.69,5.14422231,53.3278276915
801710,2019-10-17,5420.41,5434.75,5440.27,5407.26,4.23964137,43.8830465823
801710,2019-10-18,5354.45,5436.97,5450.29,5332.37,5.32190229,52.8752512776
801710,2019-10-21,5351.92,5352.23,5362.45,5322.15,4.42779757,42.87511623
801710,2019-10-22,5366.92,5366.3,5377.31,5323.85,4.54683739,42.8005936535
801710,2019-10-23,5360.04,5380.34,5390.75,5350.21,5.14684636,50.599574115799996
801710,2019-10-24,5345.62,5355.09,5379.56,5329.05,4.49964475,44.2220084078
801710,2019-10-25,5367.8,5350.22,5370.33,5315.1,4.41520243,45.5798465672
801710,2019-10-28,5382.59,5363.58,5382.59,5342.15,5.07362242,51.9491688925
801710,2019-10-29,5312.9,5357.22,5357.22,5312.9,5.22591556,55.400237656499996
801710,2019-10-30,5285.46,5301.49,5301.49,5247.48,5.71738178,58.158591826000006
801710,2019-10-31,5248.14,5282.73,5302.16,5242.56,5.511011,53.7621073055
801710,2019-11-01,5366.4,5241.82,5374.09,5234.84,5.30025922,64.1288406526
801710,2019-11-04,5454.21,5402.27,5477.03,5402.0,6.50007023,73.6874967269
801710,2019-11-05,5479.67,5466.89,5526.46,5444.96,6.64135245,70.8079128702
801710,2019-11-06,5441.38,5493.3,5494.01,5424.21,5.1885034,54.466502252
801710,2019-11-07,5473.06,5449.9,5491.28,5449.9,4.84906775,53.896651203400005
801710,2019-11-08,5446.14,5505.1,5511.16,5446.14,5.85052723,64.5962743439
801710,2019-11-11,5312.43,5421.99,5422.64,5301.49,5.85472892,61.159365824
801710,2019-11-12,5338.36,5322.79,5338.36,5271.72,4.64779871,46.9432546523
801710,2019-11-13,5320.91,5340.39,5340.77,5298.51,3.59849106,39.2876633432
801710,2019-11-14,5376.4,5342.38,5404.84,5336.52,5.00703571,54.4677936461
801710,2019-11-15,5286.66,5375.51,5375.71,5286.66,4.4459275,46.72890096
801710,2019-11-18,5358.88,5284.6,5361.12,5283.19,3.86480039,41.423732612100004
801710,2019-11-19,5506.16,5375.15,5506.61,5363.9,6.90313068,82.19638234359999
801710,2019-11-20,5451.9,5505.74,5525.06,5451.18,4.82867144,56.251710511199995
801710,2019-11-21,5456.6,5441.13,5482.33,5411.89,3.72679027,41.152609237600004
801710,2019-11-22,5477.87,5476.54,5552.64,5441.36,5.76180648,68.3792678713
801710,2019-11-25,5681.96,5497.54,5681.96,5497.54,9.75214704,119.3958080625
801710,2019-11-26,5615.53,5681.07,5681.19,5600.95,8.4460065,97.3341753249
801710,2019-11-27,5607.42,5627.57,5655.89,5589.79,6.73421043,70.0580737932
801710,2019-11-28,5596.13,5615.7,5683.54,5577.3,5.54775031,58.442022414300006
801710,2019-11-29,5524.21,5583.37,5585.75,5501.48,4.74629436,55.2649314237
801710,2019-12-02,5581.04,5569.18,5597.15,5568.87,5.3145329,58.8839861786
801710,2019-12-03,5564.28,5556.17,5564.28,5519.07,5.04841595,51.4011042821
801710,2019-12-04,5514.39,5544.76,5553.06,5503.72,5.48303703,52.514724573
801710,2019-12-05,5581.24,5544.09,5592.5,5543.9,5.87957975,56.8523063326
801710,2019-12-06,5602.78,5587.85,5602.78,5564.03,5.48904394,54.386334034899996
801710,2019-12-09,5688.49,5618.16,5709.32,5614.45,7.37239955,79.58160951010001
801710,2019-12-10,5696.8,5655.06,5706.23,5643.53,6.24896345,68.3914385615
801710,2019-12-11,5729.98,5706.49,5735.35,5687.41,6.07123866,66.7705036523
801710,2019-12-12,5652.26,5736.44,5736.45,5646.25,6.09753074,63.324752685600004
801710,2019-12-13,5729.3,5706.98,5734.65,5705.58,6.29091987,72.1447932339
801710,2019-12-16,5776.56,5752.95,5776.56,5719.67,6.84570397,69.4247251228
801710,2019-12-17,5816.29,5784.93,5828.36,5755.53,8.76049459,92.55339580340001
801710,2019-12-18,5790.23,5804.28,5834.42,5776.51,7.75924962,81.9499197576
801710,2019-12-19,5823.72,5800.57,5853.01,5800.28,7.1873599,77.1713656258
801710,2019-12-20,5816.0,5825.21,5849.91,5812.09,7.26743268,72.9361210936
801710,2019-12-23,5849.11,5817.97,5944.04,5814.23,8.50161972,98.0114194831
801710,2019-12-24,5915.51,5856.65,5915.51,5835.86,6.24625755,63.2467563684
801710,2019-12-25,5927.44,5897.68,5953.18,5874.98,5.4270665,61.2505695551
801710,2019-12-26,6048.61,5939.99,6059.24,5927.83,8.23827013,88.6358085405
801710,2019-12-27,6036.87,6054.25,6097.48,6034.91,8.79850161,93.2748223822
801710,2019-12-30,6186.95,6088.6,6201.24,6088.6,11.90843145,120.52519389860001
801710,2019-12-31,6318.43,6193.78,6344.63,6147.45,13.54015107,146.8462904761
801710,2020-01-02,6426.74,6373.67,6511.11,6368.84,13.32363426,156.43159942309998
801710,2020-01-03,6363.97,6426.2,6426.2,6331.76,9.59923609,106.95383239559999
801710,2020-01-06,6346.97,6315.69,6391.76,6288.29,10.4945498,117.6219644001
801710,2020-01-07,6384.31,6351.94,6430.01,6335.88,9.36465884,101.30630283069999
801710,2020-01-08,6278.36,6347.65,6352.55,6265.84,9.93668121,108.3233423325
801710,2020-01-09,6363.9,6338.46,6363.9,6320.45,8.26848824,88.6008905274
801710,2020-01-10,6410.22,6382.47,6418.35,6332.69,9.21029821,97.6719195009
801710,2020-01-13,6386.02,6379.67,6386.02,6281.82,8.90693047,104.2123328251
801710,2020-01-14,6369.43,6389.91,6422.98,6341.53,9.43391627,101.9108973384
801710,2020-01-15,6319.56,6370.51,6370.65,6287.41,7.82758298,83.1068154246
801710,2020-01-16,6293.11,6320.06,6332.07,6266.26,7.12453376,78.8367321515
801710,2020-01-17,6299.09,6323.47,6333.45,6286.96,6.99548004,72.5428985586
801710,2020-01-20,6348.68,6297.84,6349.92,6294.07,7.02284415,76.71074932020001
801710,2020-01-21,6165.74,6311.99,6311.99,6165.74,8.17242881,95.3839400573
801710,2020-01-22,6171.43,6122.02,6191.17,6074.4,7.03143346,83.5376833103
801710,2020-01-23,5946.27,6147.09,6148.19,5905.38,8.72718566,101.8984249102
801710,2020-02-03,5425.17,5356.1,5465.56,5356.1,4.81722603,75.22653864850001
801710,2020-02-04,5544.47,5262.51,5562.12,5262.51,11.91684158,118.46043791620001
801710,2020-02-05,5593.19,5557.9,5669.1,5525.67,9.09773336,93.135541034
801710,2020-02-06,5666.32,5614.51,5697.01,5549.6,8.96239069,86.61636862559999
801710,2020-02-07,5660.15,5643.13,5665.01,5597.29,7.50521134,71.4894644224
801710,2020-02-10,5963.91,5633.58,5964.07,5624.11,11.14465952,125.6932579155
801710,2020-02-11,6011.12,5943.21,6043.33,5926.53,10.63197891,115.09203503049999
801710,2020-02-12,6084.8,5997.34,6084.8,5997.34,9.1736003,96.97138927649999
801710,2020-02-13,6123.4,6108.21,6200.01,6081.84,11.65125821,124.66515363090001
801710,2020-02-14,6148.86,6079.9,6166.12,6079.9,10.35144573,106.34073451799999
801710,2020-02-17,6238.76,6150.73,6238.76,6144.2,10.10374005,109.93310585270001
801710,2020-02-18,6184.38,6221.99,6228.82,6122.28,11.0531347,121.6052504382
801710,2020-02-19,6234.63,6165.82,6311.31,6148.42,12.93347208,128.7399274443
801710,2020-02-20,6295.95,6240.42,6295.98,6162.03,11.29073013,114.8933583824
801710,2020-02-21,6325.18,6269.98,6367.01,6246.99,12.17007678,124.35418385850001
801710,2020-02-24,6395.79,6321.68,6430.41,6307.75,12.82628839,140.4538169768
801710,2020-02-25,6315.06,6261.4,6336.31,6162.33,14.50162283,142.9949086368
801710,2020-02-26,6411.5,6208.9,6540.19,6208.9,19.26338052,204.9043682786
801710,2020-02-27,6573.03,6436.35,6660.58,6436.1,16.80988073,201.7746697011
801710,2020-02-28,6371.95,6380.98,6598.49,6361.46,15.77071328,187.30976448959998
801710,2020-03-02,6911.68,6448.0,6915.16,6448.0,20.29990284,272.2692472059
801710,2020-03-03,6901.44,7096.21,7096.21,6795.52,24.63846173,306.1245719917
801710,2020-03-04,7051.64,6798.83,7061.72,6798.83,19.00371757,224.8581718863
801710,2020-03-05,7068.72,7082.0,7143.64,7010.98,19.0754127,211.0639825434
801710,2020-03-06,6866.95,6957.85,7007.43,6866.6,14.40013514,169.0939909165
801710,2020-03-09,6606.39,6730.94,6779.17,6606.39,14.84023382,168.72474346479999
801710,2020-03-10,6820.0,6530.96,6824.58,6530.96,13.76143623,165.2850140027
801710,2020-03-11,6693.63,6808.56,6808.56,6693.63,11.49472075,127.7280991617
801710,2020-03-12,6559.36,6586.29,6634.31,6494.8,10.20302018,115.557650295
801710,2020-03-13,6454.24,6224.97,6554.72,6193.9,11.13309343,126.77853657770001
801710,2020-03-16,6180.45,6510.18,6510.18,6161.61,10.80459643,125.58559234260001
801710,2020-03-17,6172.44,6243.65,6325.73,5954.46,9.84319197,118.93914648149999
801710,2020-03-18,6185.06,6241.88,6441.0,6185.06,11.24756772,142.2007824391
801710,2020-03-19,6149.19,6184.08,6252.23,5949.9,9.36616954,121.0846094245
801710,2020-03-20,6397.27,6233.81,6404.55,6185.88,10.48749722,136.695824982
801710,2020-03-23,6262.38,6191.41,6391.61,6191.41,10.32534505,133.3981649107
801710,2020-03-24,6445.18,6394.43,6476.3,6284.08,10.4974058,135.2267088101
801710,2020-03-25,6534.75,6603.34,6603.34,6451.97,10.25830411,131.8672306345
801710,2020-03-26,6398.73,6456.7,6518.06,6385.58,8.55109169,102.687809184
801710,2020-03-27,6485.65,6462.72,6571.71,6419.11,9.70756419,122.9258096009
801710,2020-03-30,6448.09,6402.08,6496.76,6365.35,8.09509357,104.6445256368
801710,2020-03-31,6412.09,6502.36,6502.36,6395.02,7.24624124,89.8658477709
801710,2020-04-01,6394.12,6391.76,6509.7,6373.06,8.62180372,100.3714555801
801710,2020-04-02,6431.15,6344.31,6431.15,6297.03,7.36642532,90.7643184438
801710,2020-04-03,6385.48,6402.52,6459.51,6360.05,6.71350975,81.8667914375
801710,2020-04-07,6715.74,6503.29,6748.07,6503.29,11.14564499,166.02396879719998
801710,2020-04-08,6719.18,6671.49,6740.28,6631.72,8.39209354,113.1122236385
801710,2020-04-09,6752.94,6753.29,6792.27,6701.92,7.6013945,97.0501995637
801710,2020-04-10,6664.02,6778.97,6790.48,6636.46,7.79947036,98.59142785190001
801710,2020-04-13,6802.4,6633.84,6830.76,6629.65,8.13730796,112.8107807122
801710,2020-04-14,6879.4,6790.78,6879.4,6765.33,8.10736057,112.16466506489999
801710,2020-04-15,6742.55,6848.79,6848.79,6732.59,8.44184702,107.9923179087
801710,2020-04-16,6686.25,6679.35,6689.15,6638.58,6.50668207,82.0680545293
801710,2020-04-17,6786.62,6715.8,6885.37,6702.08,10.56134007,137.35627278290002
801710,2020-04-20,6972.55,6857.48,6993.98,6857.12,11.80728296,156.7913494399
801710,2020-04-21,6992.43,6925.84,7019.22,6874.27,11.12108137,137.3596164853
801710,2020-04-22,7012.85,6944.93,7015.36,6928.28,8.77003873,107.4291521098
801710,2020-04-23,6896.86,7027.31,7030.09,6896.85,7.69294651,100.3796610431
801710,2020-04-24,6837.57,6899.8,6912.55,6810.01,7.81691761,92.466839635
801710,2020-04-27,6891.23,6880.68,6941.18,6866.69,8.19542526,101.60875222770001
801710,2020-04-28,6848.66,6909.46,6909.79,6688.37,9.77324444,115.96927307610001
801710,2020-04-29,6955.67,6828.9,7007.56,6818.48,9.01660638,118.1261495554
801710,2020-04-30,6963.04,6987.99,6988.05,6917.89,8.72973012,117.52781532290001
801710,2020-05-06,6994.19,6906.15,6994.19,6880.99,9.31743032,129.4823883235
801710,2020-05-07,7083.13,7000.8,7103.35,7000.8,9.60685657,132.24531660030001
801710,2020-05-08,7111.61,7094.56,7134.07,7063.38,7.97558884,105.41771652879999
801710,2020-05-11,7239.79,7153.53,7318.27,7153.47,11.58950147,151.458151261
801710,2020-05-12,7199.57,7243.89,7243.89,7116.14,8.80824486,110.98093855379999
801710,2020-05-13,7187.94,7190.98,7191.23,7109.4,7.91303434,100.35561423620001
801710,2020-05-14,7002.09,7168.47,7168.47,6999.12,7.9682962,113.0369949333
801710,2020-05-15,6963.65,7036.83,7036.83,6925.6,7.01920601,97.8009973836
801710,2020-05-18,7002.99,7042.42,7044.07,6985.05,9.38768529,120.1894832274
801710,2020-05-19,7038.57,7059.01,7079.25,7017.57,7.65218485,98.8940387781
801710,2020-05-20,6974.92,7023.7,7023.76,6953.73,10.09120867,122.1953457502
801710,2020-05-21,6949.36,6982.73,7021.49,6904.09,8.3089063,103.7484868245
801710,2020-05-22,6768.41,6941.23,6941.23,6741.7,9.33400343,113.96864687040001
801710,2020-05-25,6785.43,6759.49,6785.43,6681.76,7.49945329,90.6017685232
801710,2020-05-26,6881.9,6824.53,6883.2,6817.7,7.49810239,89.2993331731
801710,2020-05-27,6816.47,6888.98,6889.06,6801.89,8.05667004,94.7745045148
801710,2020-05-28,6849.05,6799.82,6911.14,6762.72,7.44442618,94.9590422275
801710,2020-05-29,6850.57,6808.23,6852.37,6770.67,7.64013408,97.89721994610001
801710,2020-06-01,7022.52,6907.02,7025.85,6891.67,9.50999558,125.9106056709
801710,2020-06-02,6961.95,7031.38,7031.51,6938.46,11.09502687,130.3068352509
801710,2020-06-03,6930.34,6978.71,7010.26,6926.72,9.14673545,109.1636725068
801710,2020-06-04,6884.71,6958.24,6958.24,6859.37,7.93025765,97.4246139406
801710,2020-06-05,6828.07,6880.39,6880.4,6768.15,6.92721423,89.3834892658
801710,2020-06-08,6809.1,6854.95,6863.35,6797.75,8.23013826,97.71070156299999
801710,2020-06-09,6860.71,6811.94,6860.95,6805.46,6.93733779,85.2076844493
801710,2020-06-10,6984.62,6863.59,6984.65,6847.63,7.99796246,117.99262297709998
801710,2020-06-11,6901.13,6987.36,6987.36,6860.48,8.46399979,118.938519251
801710,2020-06-12,6875.63,6769.53,6894.41,6764.31,7.19202048,96.51519107819999
801710,2020-06-15,6801.88,6843.56,6901.72,6801.88,7.30357354,94.1699236244
801710,2020-06-16,6954.92,6862.57,6954.92,6836.82,8.98577063,120.62990840389999
801710,2020-06-17,6919.91,6953.92,6954.01,6868.9,8.02606613,111.991312654
801710,2020-06-18,6850.08,6837.28,6859.65,6785.61,6.31779746,84.6237555824
801710,2020-06-19,6881.6,6852.94,6889.16,6827.45,7.105375,99.293050381
801710,2020-06-22,6792.83,6880.23,6888.44,6786.1,8.05166044,110.37280443569999
801710,2020-06-23,6754.56,6785.99,6786.03,6739.57,6.49748273,91.1946640347
801710,2020-06-24,6783.08,6768.64,6829.39,6764.38,7.20384083,96.7871921777
801710,2020-06-29,6722.18,6752.56,6765.72,6697.36,7.549534,100.4842191058
801710,2020-06-30,6773.89,6752.55,6792.33,6750.07,8.23755101,95.96133146209999
801710,2020-07-01,6991.58,6809.65,6991.58,6780.38,13.12321641,164.3874659015
801710,2020-07-02,7162.12,7015.29,7163.37,7015.26,14.63667719,193.8581940459
801710,2020-07-03,7183.37,7160.95,7228.16,7136.42,14.01908736,165.3037017437
801710,2020-07-06,7440.61,7230.4,7459.07,7230.4,19.20064345,214.14786580150002
801710,2020-07-07,7409.97,7482.04,7543.73,7385.68,19.17148878,222.8184034112
801710,2020-07-08,7485.4,7402.31,7495.88,7326.7,16.74128353,183.40256192119998
801710,2020-07-09,7666.84,7473.15,7666.84,7433.48,20.62669756,245.388493944
801710,2020-07-10,7568.1,7622.82,7678.23,7541.4,18.88090686,216.22890571029998
801710,2020-07-13,7896.76,7613.59,7930.68,7613.59,20.17122216,250.4095309879
801710,2020-07-14,7945.67,7934.53,8034.86,7800.32,22.8398198,273.4289179995
801710,2020-07-15,7838.77,7983.8,8020.43,7787.24,17.33745318,208.0797853869
801710,2020-07-16,7581.55,7849.59,7996.7,7548.9,19.0680329,247.4912222295
801710,2020-07-17,7801.08,7609.0,7862.42,7609.0,15.32223883,199.9931217837
801710,2020-07-20,8380.94,7917.69,8380.94,7917.69,21.64713573,338.5389800404
801710,2020-07-21,8305.2,8382.02,8382.02,8242.19,19.05291856,279.2878245199
801710,2020-07-22,8318.69,8294.15,8358.52,8254.91,16.28603932,215.2446474562
801710,2020-07-23,8304.22,8217.38,8353.03,8098.48,14.33565228,191.38558777970002
801710,2020-07-24,7887.27,8235.96,8259.12,7842.96,15.66843409,203.06215658169998
801710,2020-07-27,7948.66,7979.19,8107.86,7879.97,12.0588391,158.3692161801
801710,2020-07-28,7980.23,7996.82,8046.84,7912.13,10.65010894,140.7176071826
801710,2020-07-29,8143.61,7960.92,8143.61,7885.55,12.45249675,161.6949189031
801710,2020-07-30,8283.18,8209.16,8402.26,8208.97,15.63281922,229.49650450369998
801710,2020-07-31,8394.13,8269.16,8419.9,8249.03,15.76079167,211.20370269810002
801710,2020-08-03,8543.87,8514.16,8592.71,8480.49,16.12964605,209.42376920639998
801710,2020-08-04,8541.84,8585.81,8613.0,8501.76,17.2885488,220.33476468
801710,2020-08-05,8603.31,8495.18,8603.31,8442.89,13.48547511,183.4888835043
801710,2020-08-06,8610.04,8601.49,8638.71,8489.94,14.02789842,187.7499221884
801710,2020-08-07,8630.84,8614.38,8661.24,8451.53,13.19913515,184.07795966900002
801710,2020-08-10,8634.19,8767.73,8805.56,8546.96,15.11500231,218.14760139720002
801710,2020-08-11,8439.96,8649.56,8691.06,8428.45,14.35116743,203.50238601779998
801710,2020-08-12,8289.35,8429.47,8441.99,8102.55,14.39685655,220.9496281201
801710,2020-08-13,8327.52,8325.42,8410.0,8286.52,12.54844506,194.88320175200002
801710,2020-08-14,8401.9,8315.78,8407.13,8251.77,10.61291019,161.9427963853
801710,2020-08-17,8612.5,8412.61,8612.5,8383.1,13.48364416,196.8325312378
801710,2020-08-18,8721.81,8634.07,8732.88,8604.85,12.72270403,183.7608126491
801710,2020-08-19,8697.54,8734.99,8844.33,8693.95,15.39453212,213.4956492995
801710,2020-08-20,8559.27,8694.96,8695.13,8534.32,14.14707961,194.29568191270002
801710,2020-08-21,8605.36,8616.99,8671.38,8519.48,13.14205729,160.9940495398
801710,2020-08-24,8694.31,8652.51,8712.29,8614.85,10.80969453,153.910949685
801710,2020-08-25,8607.83,8723.54,8727.32,8575.86,10.38206633,138.2026381404
801710,2020-08-26,8409.27,8608.57,8624.4,8379.26,11.07527161,146.4758907449
801710,2020-08-27,8424.0,8464.72,8464.73,8344.95,8.70379355,114.8718420034
801710,2020-08-28,8576.39,8423.59,8576.39,8376.44,9.48119027,136.9592950942
801710,2020-08-31,8556.2,8681.5,8691.83,8556.2,13.03880909,187.6458355346
801710,2020-09-01,8510.91,8530.98,8530.98,8455.42,8.895794,126.6278855464
801710,2020-09-02,8457.94,8527.63,8527.63,8388.77,9.04092715,119.6909345599
801710,2020-09-03,8416.16,8466.4,8524.14,8388.14,9.7684056,126.4969107883
801710,2020-09-04,8361.16,8275.67,8362.23,8254.94,8.16756017,99.9179535333
801710,2020-09-07,8163.45,8362.59,8433.72,8137.71,10.1427647,132.0451218191
801710,2020-09-08,8190.16,8167.64,8197.48,8043.44,10.10461545,127.04180592770001
801710,2020-09-09,7925.7,8074.13,8080.69,7908.22,11.48487363,130.44808264649998
801710,2020-09-10,7861.73,8009.38,8061.22,7841.26,9.73715189,107.4893847625
801710,2020-09-11,7944.78,7850.37,7945.93,7789.39,6.69413289,79.9603323921
801710,2020-09-14,8060.58,7994.69,8060.88,7984.39,7.97864557,100.48077537
801710,2020-09-15,8157.0,8076.98,8163.14,8012.57,8.27464036,102.1444223664
801710,2020-09-16,8156.85,8160.35,8204.84,8120.82,6.9913954,93.8813564
801710,2020-09-17,8094.33,8137.82,8147.32,8022.01,6.69884141,89.40777769
801710,2020-09-18,8313.72,8110.01,8313.72,8086.47,8.72030662,117.63420403
801710,2020-09-21,8268.61,8328.78,8330.8,8234.96,8.09756957,100.24577659
801710,2020-09-22,8136.98,8188.95,8224.5,8110.79,6.83470863,81.76821279
801710,2020-09-23,8161.74,8174.52,8180.58,8114.25,6.54210164,84.03658806
801710,2020-09-24,7969.78,8125.53,8150.45,7968.8,8.36860628,103.96184033
801710,2020-09-25,7839.68,7979.39,7979.39,7796.3,8.1474164,114.22831167
801710,2020-09-28,7776.94,7867.55,7887.03,7769.86,6.74036464,94.39129527
801710,2020-09-29,7768.87,7802.98,7837.46,7757.24,7.20547459,93.60084747
801710,2020-09-30,7762.7,7807.52,7864.51,7711.83,7.46851267,96.789902
801710,2020-10-09,7948.53,7924.55,7960.9,7883.01,7.73966325,105.34110047
801710,2020-10-12,8167.82,8019.84,8167.82,8019.84,10.6115227,132.79167072
801710,2020-10-13,8190.76,8162.53,8194.36,8128.29,8.13140322,118.38054369
801710,2020-10-14,8181.85,8178.2,8198.5,8112.13,9.19988827,130.47128769
801710,2020-10-15,8112.93,8209.8,8209.8,8104.22,8.01968012,114.15078495
801710,2020-10-16,8034.69,8096.74,8143.56,7994.07,6.86151934,113.55307408
801710,2020-10-19,7924.54,8085.25,8085.25,7919.01,6.6104664,96.21416343
801710,2020-10-20,7940.21,7931.77,7940.21,7834.06,6.1832133,93.24877086
801710,2020-10-21,7809.91,7970.15,7970.17,7774.06,7.14899706,102.16415828
801710,2020-10-22,7701.91,7775.18,7775.28,7636.55,7.20361723,96.69026753
801710,2020-10-23,7617.82,7715.6,7753.67,7602.4,6.36699618,83.70371544
801710,2020-10-26,7575.06,7593.77,7604.19,7478.99,6.22202336,88.10922637
801710,2020-10-27,7719.81,7568.36,7729.45,7568.33,6.15300072,98.89472356
801710,2020-10-28,7678.95,7706.86,7706.86,7592.04,6.16756961,98.65470979
801710,2020-10-29,7783.64,7567.61,7805.22,7556.96,7.64539377,110.59189076
801710,2020-10-30,7601.9,7794.49,7794.49,7597.11,8.78750836,119.54762649
801710,2020-11-02,7689.4,7627.03,7730.77,7627.03,8.51983968,117.36528601
801710,2020-11-03,7744.5,7715.45,7767.02,7645.97,8.12735187,117.14887122
801710,2020-11-04,7887.47,7781.41,7893.62,7781.39,12.39342761,170.22018405
801710,2020-11-05,7982.34,7957.99,7989.07,7904.9,11.52990481,150.69342624
801710,2020-11-06,7986.23,7983.73,7989.27,7889.06,11.68964933,146.52716266
801710,2020-11-09,8094.53,8036.95,8131.56,8010.74,12.99302249,174.68227211
801710,2020-11-10,8082.33,8098.35,8149.03,8039.81,11.40191567,149.70007288
801710,2020-11-11,8231.78,8069.17,8316.46,8065.41,14.4660114,197.72310967
801710,2020-11-12,8291.11,8232.51,8303.44,8188.38,11.53823472,158.94833616
801710,2020-11-13,8199.51,8243.06,8243.54,8117.54,9.98153276,132.68896944
801710,2020-11-16,8368.82,8234.94,8375.37,8192.28,14.4293758,179.91641316
801710,2020-11-17,8331.36,8360.09,8405.61,8280.89,14.40671004,194.24001506
801710,2020-11-18,8332.18,8328.11,8382.08,8269.75,11.06758994,145.92090133
801710,2020-11-19,8229.17,8305.99,8305.99,8203.44,11.23135226,132.82887402
801710,2020-11-20,8248.59,8231.1,8254.7,8185.1,9.26106891,115.34507078
801710,2020-11-23,8362.6,8272.9,8429.09,8223.52,12.96456483,166.43556703
801710,2020-11-24,8288.93,8339.03,8339.14,8236.59,9.96051367,127.32120244
801710,2020-11-25,8077.53,8309.59,8312.32,8077.53,9.79528486,131.35530134
801710,2020-11-26,7996.89,8068.75,8071.49,7901.99,7.51563276,102.37664788
801710,2020-11-27,7987.03,8010.68,8018.49,7895.89,7.09337991,88.26077219
801710,2020-11-30,7966.83,8002.55,8033.55,7950.63,8.10417222,114.57446871
801710,2020-12-01,8032.31,7939.86,8042.94,7902.54,8.68031483,105.86425259
801710,2020-12-02,8030.27,8046.85,8053.42,7983.96,8.26763306,96.97140607
801710,2020-12-03,7960.12,8031.31,8031.31,7928.23,7.34239274,91.20996476
801710,2020-12-04,7992.17,7955.94,7992.17,7903.93,7.05090393,82.65488886
801710,2020-12-07,7919.1,7992.7,7995.94,7910.44,8.20593769,107.42001745
801710,2020-12-08,7869.72,7915.55,7959.51,7854.04,6.42822062,81.08398825
801710,2020-12-09,7730.56,7876.23,7879.13,7730.3,7.7614534,94.28256897
801710,2020-12-10,7748.2,7716.78,7767.19,7701.74,7.65063553,86.14794823
801710,2020-12-11,7688.82,7760.89,7803.47,7620.11,9.7563793,104.82781592
801710,2020-12-14,7724.39,7698.61,7727.07,7668.16,8.3326152,102.29394676
801710,2020-12-15,7804.89,7737.29,7806.98,7673.73,11.60331731,125.98887175
801710,2020-12-16,7745.08,7788.56,7812.07,7738.35,10.73136824,115.153259
801710,2020-12-17,7765.34,7725.72,7768.28,7608.6,11.2857104,122.796095
801710,2020-12-18,7776.84,7765.13,7812.72,7741.23,9.42742266,105.18778398
801710,2020-12-21,7804.45,7750.33,7821.03,7711.09,10.05569945,119.48166479
801710,2020-12-22,7663.33,7789.48,7803.3,7660.4,10.61022846,133.43776654
801710,2020-12-23,7671.69,7678.53,7720.29,7635.57,10.56261653,134.98064201
801710,2020-12-24,7685.34,7676.77,7739.74,7639.98,10.14756664,122.99872305
801710,2020-12-25,7735.33,7672.69,7740.53,7640.99,9.06710372,108.82388358
801710,2020-12-28,7636.69,7737.09,7737.09,7619.33,9.54653914,126.86101171
801710,2020-12-29,7660.07,7639.42,7723.38,7579.89,9.6178188,123.82405286
801710,2020-12-30,7651.24,7662.76,7702.53,7618.75,8.18587212,103.8100406
801710,2020-12-31,7818.18,7706.29,7819.99,7706.01,9.02709835,114.50917324
801710,2021-01-04,7960.53,7815.84,7960.53,7800.86,10.67652104,159.61066926
801710,2021-01-05,7962.07,7925.48,7963.33,7877.23,10.25688045,161.00051701
801710,2021-01-06,8172.99,7963.29,8202.37,7948.57,13.17937699,222.15775541
801710,2021-01-07,8130.85,8115.82,8143.94,8035.44,12.0899609,188.30392713
801710,2021-01-08,8137.62,8120.38,8192.29,8051.06,9.8147845,162.2164076
801710,2021-01-11,8118.73,8203.71,8239.09,8067.47,9.47478173,157.63557005
801710,2021-01-12,8304.27,8180.47,8304.57,8171.97,8.00211341,141.30075638
801710,2021-01-13,8313.96,8348.12,8407.55,8262.39,10.38909891,178.21587152
801710,2021-01-14,8242.11,8286.4,8301.54,8167.61,9.00626506,149.76025461
801710,2021-01-15,8229.02,8207.75,8252.91,8131.78,7.72984543,120.32964617
801710,2021-01-18,8286.99,8201.42,8288.16,8128.8,8.38941634,131.87851108
801710,2021-01-19,8237.94,8305.98,8333.06,8190.9,9.51888938,145.69489897
801710,2021-01-20,8217.07,8211.13,8223.4,8155.69,7.93020226,115.89643657
801710,2021-01-21,8247.33,8208.35,8296.6,8140.45,10.0415053,147.99852855
801710,2021-01-22,8290.59,8274.26,8290.59,8183.13,10.62189797,167.54568582
801710,2021-01-25,8195.36,8240.18,8270.83,8079.96,11.25663429,183.9261242
801710,2021-01-26,8062.62,8140.17,8140.17,8048.45,7.7829378,126.64871073
801710,2021-01-27,8091.33,8047.48,8140.17,8001.16,7.06999867,112.99341429
801710,2021-01-28,7922.88,8013.95,8058.94,7907.77,7.43553147,118.03786118
801710,2021-01-29,7913.37,7978.06,8014.2,7810.1,7.14937428,111.69031764
801710,2021-02-01,8019.74,7926.98,8027.15,7825.64,7.31019,111.47812374
801710,2021-02-02,8142.41,8035.38,8142.41,8004.36,7.84510325,136.28397672
801710,2021-02-03,8061.71,8131.81,8155.8,8056.42,6.95416671,109.32540438
801710,2021-02-04,7997.36,8006.71,8031.86,7884.06,7.76754456,121.82777369
801710,2021-02-05,7953.29,8010.75,8103.88,7949.57,7.65122921,119.28646579
801710,2021-02-08,8188.86,7937.8,8188.86,7931.45,7.71265549,123.1567539
801710,2021-02-09,8354.7,8205.36,8359.76,8185.11,7.98338728,126.14933661
801710,2021-02-10,8398.4,8357.77,8436.22,8309.88,7.61406895,121.16541785
801710,2021-02-18,8470.58,8560.07,8603.4,8425.66,9.2206506,147.02393372
801710,2021-02-19,8606.67,8463.33,8606.67,8363.56,12.14847019,190.93153493
801710,2021-02-22,8500.83,8635.9,8716.24,8496.49,15.09738065,233.96004649
801710,2021-02-23,8376.58,8462.3,8481.97,8356.09,10.77089612,171.64140512
801710,2021-02-24,8234.43,8420.98,8519.58,8153.4,10.42711835,171.46314405
801710,2021-02-25,8369.48,8334.68,8393.18,8183.84,10.66223261,164.33082668
801710,2021-02-26,8202.96,8192.28,8299.96,8159.56,8.28471199,127.12764559
801710,2021-03-01,8383.82,8272.42,8406.87,8272.37,8.48303095,132.55325213
801710,2021-03-02,8421.17,8439.1,8519.47,8362.0,10.21393142,154.23271126
801710,2021-03-03,8510.05,8449.06,8511.54,8389.88,12.18852631,179.36566097
801710,2021-03-04,8362.87,8426.7,8441.97,8324.87,12.83648974,179.91730884
801710,2021-03-05,8222.65,8248.09,8274.11,8163.68,11.59024816,163.06356325
801710,2021-03-08,8039.95,8289.75,8351.98,8039.95,10.74435067,155.74005013
801710,2021-03-09,7835.93,8032.44,8059.24,7705.92,11.32976839,155.20202916
801710,2021-03-10,7865.36,7923.71,7927.72,7807.6,8.25850701,107.23945858
801710,2021-03-11,8127.45,7936.77,8156.99,7936.76,11.39541082,161.16840434
801710,2021-03-12,8247.32,8168.61,8278.59,8163.0,13.72560089,185.2222798
801710,2021-03-15,8182.1,8198.59,8285.79,8117.92,10.71569765,138.67317394
801710,2021-03-16,8223.1,8179.57,8226.76,8112.09,9.91413971,123.1785223
801710,2021-03-17,8250.84,8210.24,8276.33,8146.0,9.34251541,128.46630531
801710,2021-03-18,8288.25,8258.2,8300.67,8235.43,8.40314641,115.5814451
801710,2021-03-19,8134.35,8183.75,8238.05,8102.6,9.25546675,124.44104669
801710,2021-03-22,8178.79,8111.53,8202.39,8052.4,10.46939748,139.96518964
801710,2021-03-23,8162.88,8200.57,8293.04,8106.87,12.83328543,163.61142717
801710,2021-03-24,7959.13,8079.57,8101.88,7946.19,10.26297863,135.38123338
801710,2021-03-25,7956.39,7936.05,7977.51,7891.88,7.09103556,90.80521092
801710,2021-03-26,8200.28,8001.1,8215.57,8001.09,8.39254177,121.5223663
801710,2021-03-29,8296.79,8299.55,8354.83,8260.46,10.31007466,160.07242894
801710,2021-03-30,8336.82,8286.32,8375.49,8286.32,12.13757774,155.88268711
801710,2021-03-31,8286.25,8351.61,8351.61,8229.17,11.39737993,130.38182748
801710,2021-04-01,8339.02,8319.59,8350.66,8239.61,10.16368857,123.69822
801710,2021-04-02,8351.96,8402.77,8417.38,8330.02,8.52467049,131.78919035
801710,2021-04-06,8400.83,8376.54,8416.48,8335.24,9.89559903,120.91343122
801710,2021-04-07,8452.64,8397.1,8459.06,8303.32,11.69763917,151.56645162
801710,2021-04-08,8434.45,8446.27,8474.49,8401.47,11.55621563,139.12955911
801710,2021-04-09,8371.34,8438.08,8438.08,8355.22,10.27117213,129.6932323
801710,2021-04-12,8208.95,8402.3,8404.6,8188.15,10.43825119,134.00300175
801710,2021-04-13,8174.02,8195.49,8268.0,8162.16,7.97414364,102.53789587
801710,2021-04-14,8282.95,8188.52,8283.25,8188.15,8.21164351,106.07291708
801710,2021-04-15,8220.94,8261.36,8261.36,8183.0,8.6702005,106.09712315
801710,2021-04-16,8311.58,8248.93,8316.11,8209.77,8.68814023,111.27372263
801710,2021-04-19,8409.82,8286.26,8410.92,8258.14,9.170624,129.1488421
801710,2021-04-20,8391.87,8416.99,8444.19,8387.45,8.72186585,116.2808222
801710,2021-04-21,8401.65,8366.24,8420.39,8309.46,7.52757731,97.36394623
801710,2021-04-22,8463.29,8433.82,8466.21,8393.07,7.98888985,105.63152265
801710,2021-04-23,8475.85,8448.6,8528.4,8433.42,8.47107851,122.07410269
801710,2021-04-26,8442.5,8476.22,8563.46,8429.16,7.92767696,119.17438904
801710,2021-04-27,8384.05,8426.22,8428.97,8316.04,7.46940841,102.86908579
801710,2021-04-28,8406.23,8400.11,8448.71,8362.03,7.604031,93.59040752
801710,2021-04-29,8450.67,8410.44,8450.67,8363.56,8.29478234,105.49721615
801710,2021-04-30,8379.47,8425.66,8436.99,8334.61,8.60292006,107.41419848
801710,2021-05-06,8400.3,8366.14,8421.79,8333.24,8.22802654,109.75984285
801710,2021-05-07,8422.16,8429.91,8508.02,8414.58,9.48267725,125.71912438
801710,2021-05-10,8405.14,8440.73,8445.07,8315.63,9.3980899,123.67337744
801710,2021-05-11,8327.96,8372.02,8372.06,8214.49,9.28337863,112.5650488
801710,2021-05-12,8340.7,8284.97,8342.12,8242.39,8.7962199,111.35059087
801710,2021-05-13,8198.41,8289.76,8307.98,8188.35,8.4921047,110.50365
801710,2021-05-14,8312.98,8225.36,8314.75,8168.45,8.40388398,104.09135314
801710,2021-05-17,8398.99,8311.52,8452.21,8311.52,8.13498364,111.52241159
801710,2021-05-18,8340.2,8404.6,8404.6,8288.41,6.24499867,82.78004362
801710,2021-05-19,8381.87,8326.81,8411.27,8291.44,7.42411508,92.25351065
801710,2021-05-20,8336.98,8346.37,8363.04,8273.47,8.55881609,105.83388909
801710,2021-05-21,8315.69,8357.45,8372.49,8289.16,6.45788391,84.28702429
801710,2021-05-24,8315.01,8312.64,8344.2,8292.57,7.23081188,96.16792161
801710,2021-05-25,8460.04,8309.97,8461.91,8309.94,7.73751364,113.37664913
801710,2021-05-26,8466.79,8451.72,8476.44,8414.84,8.10414278,104.89900573
801710,2021-05-27,8444.78,8460.89,8479.73,8426.25,7.6089402,103.19518839
801710,2021-05-28,8381.33,8446.1,8468.79,8369.37,9.34086074,112.0174261
801710,2021-05-31,8571.39,8419.56,8571.39,8364.18,9.27315287,149.90994058
801710,2021-06-01,8571.74,8582.78,8582.78,8503.49,8.9876052,132.09286321
801710,2021-06-02,8516.2,8572.92,8572.98,8480.73,9.16057826,124.32097414
801710,2021-06-03,8464.43,8506.82,8550.61,8464.1,7.56744896,102.78471111
801710,2021-06-04,8415.78,8414.35,8471.99,8385.17,6.78482276,98.54952194
801710,2021-06-07,8414.9,8402.34,8437.63,8364.99,6.96538299,97.2509178
801710,2021-06-08,8384.66,8413.42,8449.45,8351.18,6.30964438,85.51857759
801710,2021-06-09,8388.9,8396.62,8396.62,8339.84,5.3183193,74.60772947
801710,2021-06-10,8480.37,8376.46,8506.1,8376.31,6.83852144,101.6705546
801710,2021-06-11,8384.9,8494.5,8494.5,8383.11,7.43353245,106.22465563
801710,2021-06-15,8292.87,8386.76,8386.76,8261.22,7.02025507,98.48059116
801710,2021-06-16,8147.11,8279.36,8279.36,8100.2,6.4165434,94.7838559
801710,2021-06-17,8041.4,8071.14,8093.28,8034.13,5.09948872,71.38015891
801710,2021-06-18,7982.91,8034.85,8034.98,7938.77,5.97456003,85.76702876
801710,2021-06-21,7898.1,7952.97,7952.97,7877.76,6.52926314,102.92747057
801710,2021-06-22,7965.21,7903.32,7989.85,7903.32,6.39416299,96.39872421
801710,2021-06-23,8019.87,7971.72,8019.87,7930.46,7.47566901,121.47582395
801710,2021-06-24,8054.85,8051.85,8070.58,8012.06,7.54461517,107.37399467
801710,2021-06-25,8098.6,8061.19,8109.97,8052.81,9.40357316,115.1084201
801710,2021-06-28,8101.95,8123.94,8123.94,8063.38,9.25889797,124.16632769
801710,2021-06-29,8018.09,8120.24,8120.24,8007.42,9.52603802,128.3444472
801710,2021-06-30,7994.93,8002.56,8030.4,7948.68,7.89147831,102.36717589
801710,2021-07-01,8023.86,7978.05,8077.23,7909.47,8.58449258,111.25757965
801710,2021-07-02,7865.48,7968.62,7968.8,7850.01,8.39901363,119.6031351
801710,2021-07-05,7918.54,7870.35,7924.72,7866.37,8.22841452,114.27482039
801710,2021-07-06,7958.8,7933.55,7999.11,7882.98,8.95593018,111.12893172
801710,2021-07-07,8058.23,7927.73,8068.55,7888.64,8.25731221,111.68010524
801710,2021-07-08,7916.39,8115.01,8115.01,7900.34,9.63492489,137.76273228
801710,2021-07-09,7899.35,7869.66,7913.93,7800.28,7.62391949,106.22233289
801710,2021-07-12,7966.69,7973.17,8027.21,7951.14,10.87392125,139.17716582
801710,2021-07-13,8164.42,7991.03,8166.93,7989.31,11.96942059,157.76063372
801710,2021-07-14,8083.65,8198.58,8198.61,8083.65,12.56864772,172.58934405
801710,2021-07-15,8120.3,8056.5,8120.3,7996.23,9.66281288,128.73182954
801710,2021-07-16,8045.88,8111.54,8122.23,8045.88,8.96954683,120.49784381
801710,2021-07-19,7972.52,8055.06,8055.06,7943.99,9.19582808,135.5810155
801710,2021-07-20,7941.33,7903.83,7942.78,7848.97,7.52963326,116.21876399
801710,2021-07-21,8076.96,8031.29,8108.77,8012.76,10.22112286,144.90221485
801710,2021-07-22,8126.02,8071.31,8136.49,8033.8,12.41355102,159.54613712
801710,2021-07-23,8024.26,8110.31,8110.35,7947.89,12.16915523,155.86313235
801710,2021-07-26,7826.56,7990.38,7990.38,7729.77,11.54626937,156.21256547
801710,2021-07-27,7393.03,7809.65,7847.3,7393.03,12.09125315,169.98425649
801710,2021-07-28,7314.53,7349.19,7391.5,7214.16,10.81746272,149.34535806
801710,2021-07-29,7489.5,7456.57,7508.16,7452.37,8.38597188,122.30310397
801710,2021-07-30,7529.51,7513.67,7577.86,7473.6,9.54386619,125.31009031
801710,2021-08-02,7945.98,7607.9,7947.47,7525.75,12.78579,180.82627304
801710,2021-08-03,8076.23,7942.59,8106.53,7942.36,12.41918913,201.64833339
801710,2021-08-04,8198.59,8077.57,8199.81,8045.54,10.33306418,153.2947677
801710,2021-08-05,8221.44,8184.08,8307.86,8183.91,10.71199942,158.6106272
801710,2021-08-09,8306.19,8079.06,8351.69,8042.21,11.05720229,169.84681657
801710,2021-08-10,8257.82,8310.24,8310.24,8149.54,9.96789825,153.4428163
801710,2021-08-11,8218.6,8252.39,8283.86,8207.83,9.25625039,139.17211682
801710,2021-08-12,8176.6,8198.68,8198.68,8116.35,8.72870705,127.331389
801710,2021-08-13,8161.13,8157.79,8194.47,8085.39,8.13546408,108.13170836
801710,2021-08-16,8138.46,8171.01,8225.66,8119.99,8.51019454,115.19198858
801710,2021-08-17,8108.09,8123.64,8313.73,8078.52,10.77413156,163.11996722
801710,2021-08-18,8168.77,8130.42,8174.65,8077.5,11.17990205,155.56309981
801710,2021-08-19,8099.97,8141.99,8163.79,8046.23,10.54151311,159.14380159
801710,2021-08-20,8165.47,8065.24,8182.97,8007.08,12.821984,190.70012327
801710,2021-08-23,8221.49,8182.08,8239.99,8136.76,10.72148862,149.3046148
801710,2021-08-24,8231.08,8204.57,8244.06,8175.84,10.86339906,154.38778184
801710,2021-08-25,8279.59,8231.41,8280.22,8202.06,11.5247807,150.00979359
801710,2021-08-26,8204.31,8267.75,8303.92,8204.31,13.25313736,184.72447511
801710,2021-08-27,8217.3,8192.32,8311.85,8192.32,11.28403045,156.38195808
801710,2021-08-30,8113.9,8190.43,8214.72,8063.37,12.52149232,184.07343042
801710,2021-08-31,8205.37,8120.47,8237.03,8103.65,13.16384157,189.30004323
801710,2021-09-01,8416.01,8205.07,8496.81,8194.9,19.56884416,273.33470963
801710,2021-09-02,8504.67,8434.21,8509.55,8400.05,16.67925458,236.30835419
801710,2021-09-03,8455.21,8479.33,8542.0,8400.88,16.20565024,235.51355843
801710,2021-09-06,8548.84,8478.05,8579.26,8468.01,14.68693322,233.7077491
801710,2021-09-07,8589.16,8569.08,8603.69,8521.25,13.03067056,187.83008814
801710,2021-09-08,8520.31,8577.04,8602.4,8458.69,14.37906758,192.95948011
801710,2021-09-09,8605.11,8478.38,8606.86,8427.97,18.16324175,248.34944535
801710,2021-09-10,8678.44,8652.57,8882.04,8605.12,21.71012399,306.44359468
801710,2021-09-13,8759.03,8715.16,8871.96,8678.63,17.86220984,284.20594185
801710,2021-09-14,8567.72,8763.51,8763.51,8564.5,15.92502542,228.49701416
801710,2021-09-15,8363.59,8538.91,8538.96,8307.39,14.49709691,227.42070269
801710,2021-09-16,8079.28,8361.42,8380.46,8062.91,17.41028105,255.32213692
801710,2021-09-17,8057.7,8080.7,8176.27,7884.01,13.27930889,182.5884795
801710,2021-09-22,8009.32,7954.97,8056.03,7949.19,13.12610601,178.22569012
801710,2021-09-23,8172.57,8103.88,8289.7,8099.08,15.86719376,206.72915967
801710,2021-09-24,7804.59,8172.89,8172.89,7790.11,14.02186075,191.85479193
801710,2021-09-27,7522.94,7787.3,7787.3,7441.18,15.20618253,191.96046768
801710,2021-09-28,7637.27,7532.79,7645.33,7532.79,8.66769376,121.34458493
801710,2021-09-29,7421.95,7584.25,7600.81,7421.87,9.24811847,129.04190436
801710,2021-09-30,7563.9,7473.34,7581.7,7473.04,7.19590156,105.40404184
801710,2021-10-11,7677.2,7682.05,7774.5,7654.92,7.7390944,112.84583469
801710,2021-10-12,7578.34,7673.32,7673.34,7508.05,10.16162592,120.39339227
801710,2021-10-13,7689.43,7574.04,7689.95,7535.99,9.82724114,123.28453524
801710,2021-10-14,7680.04,7672.78,7725.77,7672.64,10.23684054,123.52202687
801710,2021-10-15,7687.96,7671.57,7696.36,7639.7,9.47815108,110.89578997
801710,2021-10-18,7652.89,7678.63,7678.63,7573.67,9.24177794,125.46411723
801710,2021-10-19,7675.55,7656.31,7699.12,7576.59,8.26456311,112.28799942
801710,2021-10-20,7609.02,7669.88,7669.91,7587.13,8.7339473,119.58172766
801710,2021-10-21,7616.36,7611.29,7689.26,7588.77,8.78103988,125.91641282
801710,2021-10-25,7644.59,7647.87,7647.99,7579.57,9.11868207,139.38652902
801710,2021-10-26,7546.84,7649.28,7649.88,7530.53,7.28435446,99.88067794
801710,2021-10-27,7254.04,7445.65,7445.66,7223.37,9.2228677,143.10830802
801710,2021-10-28,7248.57,7257.71,7306.65,7216.69,7.97600416,123.55848514
801710,2021-10-29,7265.33,7220.54,7271.82,7179.1,7.08334478,104.11368414
801710,2021-11-01,7254.94,7244.25,7275.81,7203.51,7.68146985,120.59958183
801710,2021-11-02,7086.04,7262.45,7268.84,7031.13,8.51154337,118.53837836
801710,2021-11-03,7168.51,7067.21,7174.58,7066.96,6.09143961,88.31365406
801710,2021-11-04,7185.97,7188.94,7194.25,7135.4,5.80363111,81.64354092
801710,2021-11-05,7018.08,7153.43,7153.49,7015.93,7.08836281,99.28233191
801710,2021-11-08,7016.45,7009.73,7016.45,6997.96,5.95604228,89.40036744
801710,2021-11-09,7094.9,7089.5,7138.77,7041.5,6.40660714,95.26789709
801710,2021-11-10,7021.94,7073.3,7073.3,6886.37,7.92793009,121.17097445
801710,2021-11-11,7402.68,7073.27,7410.93,7073.27,11.46503263,188.20095231
801710,2021-11-12,7373.62,7415.9,7415.9,7335.41,10.37914827,157.81531184
801710,2021-11-15,7373.65,7370.92,7389.42,7341.09,8.06370835,115.57040485
801710,2021-11-16,7290.84,7354.1,7395.01,7279.42,6.71136472,98.08602494
801710,2021-11-17,7290.39,7270.14,7290.39,7237.43,6.67863626,99.22946643
801710,2021-11-18,7251.24,7283.45,7307.0,7242.13,8.38064504,114.66770714
801710,2021-11-19,7411.22,7240.03,7411.22,7204.77,8.72539697,122.57302114
801710,2021-11-22,7384.55,7388.98,7405.86,7356.06,7.9287132,111.50118501
801710,2021-11-23,7365.15,7376.09,7410.02,7360.95,7.9210078,111.69109212
801710,2021-11-24,7390.36,7367.2,7415.16,7345.39,7.42567234,100.69935826
801710,2021-11-25,7392.06,7387.97,7422.81,7381.31,6.26512485,88.45703551
801710,2021-11-26,7313.53,7386.58,7386.62,7313.11,6.98371279,90.31066036
801710,2021-11-29,7251.35,7221.78,7279.94,7195.39,6.7045929,92.08259301
801710,2021-11-30,7238.71,7298.9,7347.43,7211.54,8.32398525,125.81722273
801710,2021-12-01,7261.46,7234.13,7261.46,7212.58,7.96750408,108.98354352
801710,2021-12-02,7400.08,7261.53,7440.19,7238.05,11.95340871,175.27027554
801710,2021-12-03,7521.6,7387.81,7551.38,7310.36,10.39642467,155.37058945
801710,2021-12-06,7624.37,7561.08,7732.16,7561.08,11.3853587,196.20255067
801710,2021-12-07,7785.95,7766.19,7863.76,7750.47,11.32222807,197.29565595
801710,2021-12-08,7738.38,7777.68,7778.36,7706.81,8.75141827,144.79224027
801710,2021-12-09,7875.25,7745.02,7885.78,7745.02,9.73432766,159.70762134
801710,2021-12-10,7802.79,7828.72,7828.72,7752.82,9.04041703,149.33884271
801710,2021-12-13,8010.93,7890.24,8111.02,7890.21,12.54944476,221.8108333
801710,2021-12-14,7827.68,7968.85,7968.91,7821.61,9.93714365,159.30513509
801710,2021-12-15,7822.02,7833.83,7877.88,7814.25,8.75109558,131.52982858
801710,2021-12-16,7911.1,7816.19,7911.1,7804.71,8.41562688,127.66362752
801710,2021-12-17,7873.48,7911.19,7949.77,7870.32,9.29889222,135.64206379
801710,2021-12-20,7772.72,7847.76,7898.53,7751.98,9.7602808,131.80442682
801710,2021-12-21,7977.56,7755.06,7981.63,7755.06,12.7387944,156.69112128
801710,2021-12-22,8082.98,7989.95,8085.57,7961.3,12.71644137,156.06303089
801710,2021-12-23,8084.26,8074.56,8104.23,8044.16,10.46793721,136.81430249
801710,2021-12-24,8060.39,8073.49,8100.16,7992.62,8.73257104,120.72159755
801710,2021-12-27,8188.58,8073.32,8245.5,8073.32,8.04655797,130.71418591
801710,2021-12-28,8115.41,8191.48,8191.89,8097.94,8.0312572,121.25653762
801710,2021-12-29,8053.33,8121.18,8121.18,8034.06,7.9579071,109.05095788
801710,2021-12-30,8094.49,8049.05,8119.79,8046.61,7.79546384,109.88120924
801710,2021-12-31,8166.83,8074.36,8179.89,8070.13,8.33504169,119.22303646
801710,2022-01-04,8116.68,8164.17,8164.17,8044.41,10.55829798,146.99947748
801710,2022-01-05,8033.71,8106.48,8108.25,7998.44,10.57452936,152.34391992
801710,2022-01-06,8216.26,8011.62,8240.4,8005.32,13.76179106,194.47696424
801710,2022-01-07,8357.17,8200.05,8418.32,8200.05,15.65195637,218.16353108
801710,2022-01-10,8352.62,8366.02,8405.56,8269.58,13.50405123,165.02733528
801710,2022-01-11,8228.95,8381.27,8406.25,8215.18,15.60787557,175.6282359
801710,2022-01-12,8102.59,8210.7,8210.7,8041.46,14.27320508,172.37499432
801710,2022-01-13,7843.73,8053.16,8053.16,7843.25,13.42172983,168.08762897
801710,2022-01-14,7781.15,7816.78,7853.72,7760.6,12.36086451,148.53313052
801710,2022-01-17,7791.13,7774.32,7809.83,7733.96,9.68799898,116.24119661
801710,2022-01-18,7926.7,7800.85,7958.92,7766.45,11.92225535,144.41137716
801710,2022-01-19,8177.96,7965.66,8243.89,7965.66,15.77468011,224.74978368
801710,2022-01-20,8084.58,8187.2,8187.2,8064.36,13.05378097,162.50729085
801710,2022-01-21,7980.55,8071.04,8096.03,7949.8,9.3405858,122.97340383
801710,2022-01-24,7975.42,8008.25,8024.35,7919.85,8.77063499,113.96076505
801710,2022-01-25,7716.7,7934.84,7966.8,7707.07,9.59997991,115.41292775
801710,2022-01-26,7761.81,7720.32,7809.61,7685.94,7.85592087,101.87802374
801710,2022-01-27,7570.58,7736.46,7746.42,7568.94,7.12443802,91.43380199
801710,2022-01-28,7542.25,7631.51,7644.57,7446.48,7.6337639,100.28907249
801710,2022-02-07,7853.15,7667.57,7853.15,7667.31,11.03650241,141.03181679
801710,2022-02-08,7908.61,7864.27,7908.61,7749.46,11.39851286,140.93204534
801710,2022-02-09,7913.73,7919.65,8007.93,7870.42,10.90312213,136.6266189
801710,2022-02-10,8002.1,7931.04,8002.61,7872.13,11.08939087,137.41083505
801710,2022-02-11,8072.08,8016.53,8188.13,7993.41,12.3314793,169.51535318
801710,2022-02-14,7793.49,8009.28,8009.28,7772.42,10.38227329,138.20484912
801710,2022-02-15,7811.31,7812.39,7839.93,7740.52,8.40660162,105.69316673
801710,2022-02-16,7957.37,7836.0,7985.44,7836.0,10.44913236,122.08182185
801710,2022-02-17,7951.9,7949.21,7990.62,7860.26,10.89172598,131.22956326
801710,2022-02-18,8055.48,7885.86,8056.18,7885.66,12.87767724,144.51973201
801710,2022-02-21,7977.74,8043.07,8043.07,7927.26,10.84488452,128.78476568
801710,2022-02-22,7830.33,7907.95,7908.03,7786.92,10.51291377,124.17998665
801710,2022-02-23,7783.21,7820.92,7822.9,7750.8,10.2829099,141.371481
801710,2022-02-24,7516.06,7736.03,7736.09,7416.73,13.07595088,182.68882475
801710,2022-02-25,7532.06,7553.03,7653.44,7511.72,9.47125797,127.9237008
801710,2022-02-28,7494.8,7525.4,7552.75,7433.85,8.19031706,114.38830032
801710,2022-03-01,7583.31,7515.49,7589.33,7515.49,9.03941401,124.50510373
801710,2022-03-02,7531.74,7538.83,7593.84,7515.56,9.5333121,110.31999581
801710,2022-03-04,7400.29,7469.56,7472.86,7383.89,9.28779409,112.94366083
801710,2022-03-07,7294.08,7394.74,7434.95,7259.23,9.62914187,124.90217797
801710,2022-03-08,7043.36,7274.19,7295.68,7028.39,10.21674249,136.81530423
801710,2022-03-09,6917.02,7086.7,7095.21,6648.6,11.66342223,142.82499034
801710,2022-03-10,7113.99,7101.27,7163.16,7058.82,10.94962105,135.05803076
801710,2022-03-11,7080.98,7016.25,7094.02,6895.23,10.22248348,111.60341725
801710,2022-03-14,6886.41,7039.67,7060.86,6883.7,9.660232,105.41219506
801710,2022-03-15,6431.11,6827.83,6827.83,6431.11,12.80149894,149.69849416
801710,2022-03-16,6655.97,6548.77,6673.56,6304.23,12.43125541,141.81824459
801710,2022-03-17,6916.38,6810.0,7009.04,6807.57,12.76850476,158.6350243
801710,2022-03-18,7069.72,6900.07,7093.47,6889.5,13.35570373,145.47905826
801710,2022-03-21,7024.05,7108.1,7108.1,6954.9,15.01557117,155.52198623
801710,2022-03-22,7027.07,6986.65,7078.25,6904.18,13.75905302,146.76004469
801710,2022-03-24,6842.9,6963.16,6963.23,6821.6,13.54780929,138.79857635
801710,2022-03-25,6806.49,6861.69,6896.53,6803.68,12.89299169,128.22878073
801710,2022-03-28,6820.05,6753.14,6858.76,6686.28,12.42894186,122.27676767
801710,2022-03-29,6781.74,6833.88,6833.88,6754.57,10.75592402,105.39704811
801710,2022-03-30,7114.9,6824.18,7115.05,6824.11,15.68406509,173.15838289
801710,2022-04-01,7234.83,7126.56,7255.99,7125.86,15.12787817,150.90376136
801710,2022-04-06,7433.22,7229.78,7435.19,7229.78,16.23746245,177.14737608
801710,2022-04-07,7352.19,7381.15,7590.75,7352.19,24.15904839,238.26621863
801710,2022-04-08,7519.47,7359.63,7524.7,7327.77,23.71569796,238.70265249
801710,2022-04-11,7330.71,7517.08,7517.08,7305.38,23.74674976,225.62196857
801710,2022-04-12,7299.1,7267.8,7355.72,7209.69,22.37835117,206.81344303
801710,2022-04-13,7113.31,7260.57,7260.93,7100.73,17.11888974,164.73489025
801710,2022-04-15,7135.25,7180.49,7250.35,7125.73,14.13157985,131.0984265
801710,2022-04-18,7072.96,7072.73,7121.42,6977.69,11.06037719,101.96476651
801710,2022-04-19,6990.29,7048.16,7066.57,6944.46,11.20633084,105.96870208
801710,2022-04-20,6809.57,6987.77,6987.92,6789.04,12.43826762,115.41560783
801710,2022-04-21,6566.83,6780.43,6791.29,6552.37,12.52599267,115.47320619
801710,2022-04-22,6648.31,6554.77,6708.06,6495.41,10.3411384,100.71837716
801710,2022-04-25,6351.92,6547.45,6612.7,6351.92,12.72567825,112.70974723
801710,2022-04-26,6361.41,6372.43,6526.67,6340.39,12.39665479,114.07771884
801710,2022-04-27,6627.99,6370.36,6627.99,6370.36,18.21044749,177.27881057
801710,2022-04-28,6572.54,6540.22,6624.8,6503.14,14.78621165,137.2915547
801710,2022-04-29,6719.1,6586.83,6728.64,6514.48,15.82243917,147.45104352
801710,2022-05-06,6690.79,6741.33,6766.86,6670.81,11.925035,109.53145729
801710,2022-05-10,6813.7,6595.02,6813.7,6583.69,15.09157375,130.3188206
801710,2022-05-11,6781.76,6836.84,6905.47,6777.64,18.1800236,163.15300256
801710,2022-05-12,6749.26,6737.04,6790.15,6681.01,13.68736835,118.97454284
801710,2022-05-13,6833.65,6771.63,6833.65,6762.9,13.32230429,114.00585505
801710,2022-05-16,6867.63,6930.05,6969.72,6861.64,13.9306466,135.89013976
801710,2022-05-17,6886.02,6875.41,6893.39,6773.89,13.96436109,149.61142333
801710,2022-05-18,6813.36,6866.91,6893.1,6812.08,11.47507333,129.49164851
801710,2022-05-19,6886.52,6724.3,6886.87,6717.71,14.99284142,150.40235089
801710,2022-05-20,7023.56,6898.96,7023.56,6898.96,13.81562333,148.15711414
801710,2022-05-23,7008.97,7034.06,7034.06,6959.09,12.20647062,128.93080983
801710,2022-05-24,6773.54,7012.72,7014.73,6773.54,14.19281456,139.96232733
801710,2022-05-25,6855.17,6773.05,6855.17,6773.05,10.07680235,95.36008283
801710,2022-05-26,6900.06,6861.46,6932.92,6826.16,11.3011108,116.02321523
801710,2022-05-27,6862.27,6878.45,6900.71,6825.03,12.49678104,129.87932246
801710,2022-05-30,6848.75,6872.14,6872.14,6800.16,10.52018942,114.20694726
801710,2022-05-31,6862.11,6852.38,6872.06,6804.65,11.14231262,121.74412421
801710,2022-06-01,6987.04,6854.38,7044.06,6854.38,12.06798063,136.18235379
801710,2022-06-02,6996.06,6987.81,7029.74,6930.09,12.59714345,149.87437007
801710,2022-06-06,6995.36,6979.16,6997.29,6857.48,16.6706093,197.61849789
801710,2022-06-07,6991.04,6993.13,7015.3,6924.66,13.4486434,148.35095691
801710,2022-06-08,6970.59,6984.69,7029.34,6880.69,15.22923623,147.73744306
801710,2022-06-09,6876.37,6943.9,6949.97,6870.63,12.72118519,126.62755399
801710,2022-06-10,6968.85,6838.98,6973.34,6835.4,11.66808376,123.33760294
801710,2022-06-13,6905.61,6937.05,6944.76,6844.37,12.78189715,140.82828522
801710,2022-06-14,6896.53,6842.79,6896.53,6733.2,12.2091136,136.98528719
801710,2022-06-15,7023.23,6902.27,7119.38,6902.27,17.5710887,204.20184804
801710,2022-06-16,6973.17,7029.08,7093.32,6948.71,12.36408123,141.57248693
801710,2022-06-17,7022.09,6922.27,7022.09,6915.78,11.81612027,144.74746354
801710,2022-06-20,7241.49,7111.93,7293.63,7111.93,13.78230925,202.61304247
801710,2022-06-21,7190.97,7181.58,7221.53,7134.31,12.80609426,165.66488187
801710,2022-06-22,7024.53,7170.37,7170.37,7017.24,10.97255524,136.06414412
801710,2022-06-23,7129.85,7019.71,7129.85,6997.46,9.84070519,116.96992653
801710,2022-06-24,7227.55,7146.37,7235.39,7146.37,13.04197663,159.77846758
801710,2022-06-27,7369.83,7282.63,7392.9,7275.55,16.12078286,206.0355969
801710,2022-06-28,7387.19,7364.45,7393.97,7305.92,13.72432378,173.80079951
801710,2022-06-29,7362.23,7377.01,7478.8,7361.19,14.68062788,203.6702908
801710,2022-06-30,7551.9,7377.64,7585.34,7377.64,13.16893416,180.37742441
801710,2022-07-01,7542.47,7551.0,7634.0,7532.23,11.1136567,150.84748615
801710,2022-07-04,7584.23,7543.65,7599.66,7503.44,9.99607125,143.51837499
801710,2022-07-05,7359.81,7581.57,7581.57,7289.56,11.86403086,175.26066983
801710,2022-07-06,7252.21,7346.56,7359.95,7208.33,9.7012066,139.39084049
801710,2022-07-07,7222.28,7235.62,7261.13,7159.33,8.6549768,104.33020247
801710,2022-07-08,7183.25,7249.63,7264.73,7180.11,10.29817642,114.90875187
801710,2022-07-11,7046.17,7147.71,7147.71,7002.33,12.47246785,137.96630809
801710,2022-07-12,7087.96,7068.1,7116.03,7038.03,12.46587545,141.79647538
801710,2022-07-13,7173.36,7101.04,7216.63,7101.04,13.88968888,147.49653327
801710,2022-07-14,7039.69,7128.03,7128.03,7015.34,13.70645927,157.62918781
801710,2022-07-15,6839.17,7007.57,7007.57,6839.17,14.77168907,160.1149397
801710,2022-07-18,6956.26,6844.53,6995.51,6844.53,13.06406372,142.34527122
801710,2022-07-19,6937.35,6963.01,6970.89,6895.45,13.00432442,160.96591804
801710,2022-07-20,6971.05,6958.01,6975.06,6940.35,11.79383401,152.58509423
801710,2022-07-21,6874.84,6948.28,6948.28,6871.93,11.09952584,132.87319676
801710,2022-07-22,6763.43,6874.29,6883.31,6691.56,12.06395887,156.65076781
801710,2022-07-25,6748.4,6779.17,6850.41,6744.64,11.6268908,140.62449306
801710,2022-07-26,6850.52,6746.44,6850.66,6705.69,10.67470729,118.29538978
801710,2022-07-27,6791.33,6832.17,6832.23,6769.81,9.20290277,101.57076923
801710,2022-07-28,6850.48,6822.64,6853.76,6763.94,10.96764955,118.07121662
801710,2022-07-29,6792.0,6846.56,6864.98,6772.06,13.6114577,145.39072426
801710,2022-08-01,6739.79,6812.3,6812.3,6708.76,12.57196676,135.3845174
801710,2022-08-02,6499.22,6687.08,6687.08,6446.28,17.44972811,176.24723653
801710,2022-08-03,6403.57,6494.71,6576.46,6396.96,14.73768992,155.6999316
801710,2022-08-04,6452.43,6458.64,6479.23,6376.63,11.29076631,117.76760846
801710,2022-08-05,6542.77,6478.31,6548.4,6410.92,9.88878057,111.92319572
801710,2022-08-08,6650.61,6540.25,6651.29,6540.24,10.44969937,120.71555381
801710,2022-08-09,6620.74,6636.73,6652.81,6611.56,10.59576571,119.76422982
801710,2022-08-10,6589.57,6610.88,6637.26,6544.7,11.02656368,137.11479193
801710,2022-08-11,6686.63,6622.45,6688.24,6604.95,11.54999357,136.10163376
801710,2022-08-12,6739.39,6687.37,6768.82,6672.18,11.87505274,130.41355733
801710,2022-08-15,6737.08,6722.04,6771.48,6703.36,10.28116695,123.49937342
801710,2022-08-16,6809.39,6763.32,6838.54,6763.31,12.93518545,151.11311624
801710,2022-08-17,6768.67,6807.05,6808.63,6723.09,12.71638643,143.5077646
801710,2022-08-18,6676.43,6749.86,6749.91,6667.56,10.78592864,126.58894157
801710,2022-08-19,6660.33,6679.57,6715.63,6660.33,9.72634846,122.23121914
801710,2022-08-22,6664.94,6638.35,6672.77,6589.63,9.06951715,122.23262919
801710,2022-08-23,6496.35,6609.13,6609.13,6487.35,9.52840758,139.11690699
801710,2022-08-24,6342.24,6497.67,6497.79,6338.58,10.97454045,130.67461346
801710,2022-08-25,6411.67,6363.64,6417.38,6331.48,9.28474634,114.01667543
801710,2022-08-26,6391.5,6418.52,6455.13,6381.24,8.55152825,106.18037407
801710,2022-08-29,6363.89,6313.14,6363.89,6285.33,7.49819988,93.82378318
801710,2022-08-30,6316.28,6359.03,6390.11,6276.52,7.48547183,88.11922022
801710,2022-08-31,6329.82,6296.34,6377.82,6262.3,10.1401314,122.53578363
801710,2022-09-01,6336.7,6311.56,6417.21,6278.67,9.46617433,115.22637199
801710,2022-09-02,6298.77,6347.54,6347.54,6262.45,7.8422731,89.61434152
801710,2022-09-05,6280.93,6278.59,6288.25,6222.81,9.33685568,105.00936591
801710,2022-09-06,6343.17,6281.12,6344.05,6261.15,10.39284351,118.95992699
801710,2022-09-07,6276.56,6325.34,6325.39,6267.13,10.41092053,123.6323799
801710,2022-09-08,6235.99,6284.29,6307.76,6230.48,9.62304184,109.52680993
801710,2022-09-09,6460.24,6233.4,6460.65,6233.34,12.84689683,168.63004737
801710,2022-09-13,6463.61,6470.42,6529.26,6436.68,12.07823682,146.62197352
801710,2022-09-14,6441.13,6387.4,6516.65,6387.4,10.33945183,127.08378462
801710,2022-09-15,6469.09,6475.32,6545.2,6383.74,14.18663172,171.33409528
801710,2022-09-16,6217.0,6439.47,6439.57,6216.76,10.95993489,124.75950981
801710,2022-09-19,6103.19,6194.03,6194.03,6066.03,8.76662178,96.69982825
801710,2022-09-20,6090.22,6141.93,6152.45,6055.6,9.28016507,104.89818177
801710,2022-09-21,6028.28,6064.56,6064.56,5965.22,8.54932127,88.78831193
801710,2022-09-22,5939.6,5988.23,6027.5,5939.6,7.72027088,86.09326361
801710,2022-09-23,5871.05,5948.8,5992.66,5841.87,7.94069826,85.18249675
801710,2022-09-26,5829.74,5832.98,5950.22,5817.69,8.64473917,95.14945121
801710,2022-09-27,5948.03,5844.84,5948.03,5831.34,8.1123231,91.61889293
801710,2022-09-28,5789.44,5928.9,5928.9,5789.44,7.57511624,83.01282416
801710,2022-09-29,5745.63,5839.73,5863.05,5711.27,9.81356178,97.10113852
801710,2022-09-30,5740.64,5755.48,5785.03,5716.29,7.70917001,89.88148085
801710,2022-10-10,5634.37,5753.57,5783.42,5617.45,6.86980458,73.8561549
801710,2022-10-11,5621.57,5634.29,5636.55,5535.1,7.32657715,70.6824957
801710,2022-10-12,5701.24,5606.66,5701.25,5484.55,8.0745547,82.74227596
801710,2022-10-13,5664.55,5671.83,5726.99,5648.9,7.44955306,76.58782603
801710,2022-10-14,5817.15,5704.71,5841.27,5704.59,9.86940458,107.99728355
801710,2022-10-17,5807.7,5788.34,5807.7,5753.41,7.70203107,82.97911719
801710,2022-10-18,5784.71,5830.52,5849.57,5771.69,8.27286536,87.53006047
801710,2022-10-19,5690.81,5768.24,5782.81,5690.81,6.63305022,72.55736874
801710,2022-10-20,5608.3,5658.69,5695.76,5606.92,6.79813423,72.15077484
801710,2022-10-21,5590.52,5621.59,5669.22,5570.05,6.07199046,67.43013312
801710,2022-10-24,5401.11,5575.38,5588.04,5358.1,8.85569985,101.10862214
801710,2022-10-25,5486.87,5408.67,5538.12,5408.56,10.1283571,115.53507842
801710,2022-10-26,5541.54,5455.66,5594.03,5455.58,11.03564328,124.28166074
801710,2022-10-27,5535.8,5528.21,5574.9,5515.93,8.92746808,96.43886829
801710,2022-10-28,5295.65,5477.23,5477.23,5284.14,10.48479526,111.67042531
801710,2022-10-31,5181.75,5249.95,5260.74,5170.3,8.01366178,85.52737179
801710,2022-11-01,5406.58,5196.68,5406.58,5196.63,9.20273626,102.71345854
801710,2022-11-02,5477.6,5391.94,5499.38,5388.37,8.9117218,99.2239485
801710,2022-11-03,5463.81,5433.66,5484.98,5431.47,7.19734153,77.83487753
801710,2022-11-04,5626.26,5477.19,5644.55,5477.07,10.22331032,116.58317157
801710,2022-11-07,5667.08,5623.82,5698.96,5615.77,8.89412674,99.19642045
801710,2022-11-08,5676.15,5655.05,5691.03,5621.89,8.8492992,85.97520123
801710,2022-11-09,5706.47,5681.46,5777.15,5681.46,9.23265014,97.81986248
801710,2022-11-10,5654.52,5675.36,5681.48,5627.38,8.20107469,82.93516305
801710,2022-11-11,5918.07,5788.34,5960.51,5788.34,13.94185048,164.8245106
801710,2022-11-14,6034.69,6077.36,6167.98,6009.74,15.18487648,215.07652931
801710,2022-11-15,6163.6,6033.17,6163.6,5971.78,11.61177521,154.40234781
801710,2022-11-16,6077.57,6141.15,6141.15,6065.98,8.38013617,98.74119376
801710,2022-11-17,6070.42,6074.53,6097.73,6005.39,7.71150277,88.40767201
801710,2022-11-18,6023.55,6079.95,6083.43,6023.55,7.61659694,86.21071775
801710,2022-11-21,6015.74,5998.02,6015.74,5924.72,7.39991121,80.99219513
801710,2022-11-22,6010.66,6036.45,6091.21,5982.48,8.85048397,98.31290605
801710,2022-11-23,6017.88,5995.23,6054.69,5983.21,8.36178629,88.3230702
801710,2022-11-24,6032.28,6064.22,6083.55,6006.08,8.61364808,98.33780333
801710,2022-11-25,6154.11,6043.39,6179.14,6043.31,9.57005295,125.06629849
801710,2022-11-28,6102.0,6045.69,6106.98,5998.82,8.66603736,102.71842439
801710,2022-11-29,6356.03,6243.52,6395.94,6211.14,15.39330319,181.28255312
801710,2022-11-30,6244.46,6348.86,6377.98,6225.74,12.90401511,135.98665795
801710,2022-12-01,6267.34,6304.29,6379.38,6263.05,11.53306846,121.5357296
801710,2022-12-02,6239.25,6251.0,6251.0,6195.33,9.45919189,109.78373296
801710,2022-12-05,6451.11,6279.01,6460.21,6279.01,13.55805883,159.38425385
801710,2022-12-06,6393.35,6424.8,6456.54,6356.5,9.87620897,114.99984192
801710,2022-12-07,6308.37,6371.67,6371.67,6275.7,9.17223909,99.98799585
801710,2022-12-08,6314.03,6300.8,6354.26,6268.15,8.60280714,89.18427984
801710,2022-12-09,6513.95,6333.14,6522.29,6333.14,14.02514457,162.91404498
801710,2022-12-12,6362.72,6479.74,6479.74,6354.56,11.68870167,130.03313174
801710,2022-12-13,6401.05,6338.15,6425.91,6325.3,8.89189919,89.52392434
801710,2022-12-14,6354.55,6390.29,6400.72,6344.96,8.29138792,85.56139579
801710,2022-12-15,6266.35,6354.5,6354.5,6231.26,7.71829878,85.6544163
801710,2022-12-16,6363.12,6254.33,6435.27,6252.54,11.11472201,114.57513914
801710,2022-12-19,6236.8,6365.38,6434.74,6202.84,10.22385657,103.18229817
801710,2022-12-20,6117.85,6200.94,6202.13,6080.19,6.94469065,76.25922753
801710,2022-12-21,6154.82,6119.92,6189.2,6119.87,6.11055154,67.67564444
801710,2022-12-22,6143.3,6194.94,6278.67,6124.74,7.3607493,80.39214477
801710,2022-12-23,6096.52,6102.11,6170.62,6071.36,5.30258318,55.38616903
801710,2022-12-26,6078.83,6103.07,6108.78,6050.19,5.60033017,56.78435154
801710,2022-12-27,6132.36,6107.09,6150.91,6091.4,6.30935904,64.56073914
801710,2022-12-28,6069.37,6123.91,6123.92,6037.05,5.59654451,62.05485603
801710,2022-12-29,5979.37,6058.0,6058.4,5964.76,6.35069187,69.88242939
801710,2022-12-30,6032.67,5994.12,6046.16,5993.58,6.21335577,65.09170227
801710,2023-01-03,6080.48,6029.48,6086.57,5986.82,6.8098459,70.220015
801710,2023-01-04,6226.68,6076.81,6264.97,6069.9,8.32491644,97.96827223
801710,2023-01-05,6301.73,6236.95,6306.22,6220.74,6.59788355,77.98579425
801710,2023-01-06,6338.84,6327.76,6393.71,6323.03,7.90465961,95.82141829
801710,2023-01-09,6342.98,6344.59,6361.07,6323.1,6.86037762,77.80890424
801710,2023-01-10,6348.67,6338.9,6377.28,6302.35,7.37031595,74.92687559
801710,2023-01-11,6364.44,6355.36,6412.7,6339.77,7.83388632,87.81407624
801710,2023-01-12,6321.62,6342.42,6362.38,6298.2,6.39703967,72.80902843
801710,2023-01-13,6476.94,6332.77,6499.2,6332.6,8.01381167,111.05268055
801710,2023-01-16,6533.63,6482.18,6569.26,6450.0,8.03509455,104.18020392
801710,2023-01-17,6528.69,6545.72,6554.74,6503.81,6.66656651,86.09356499
801710,2023-01-18,6476.11,6522.48,6532.57,6457.16,6.36703,80.39391231
801710,2023-01-19,6484.63,6469.75,6485.88,6436.15,6.40914376,77.30622751
801710,2023-01-20,6546.71,6489.57,6551.59,6478.94,6.44496559,73.18896065
801710,2023-01-30,6526.36,6618.05,6627.86,6512.77,9.13842882,104.20772137
801710,2023-01-31,6573.03,6497.15,6576.88,6497.15,9.37235939,102.33281095
801710,2023-02-01,6578.49,6574.87,6595.77,6483.54,10.69494116,119.56155483
801710,2023-02-02,6615.73,6578.78,6628.12,6545.96,10.65404973,115.95068451
801710,2023-02-03,6533.6,6597.35,6597.35,6463.21,10.42474589,108.31728756
801710,2023-02-06,6414.09,6482.25,6482.25,6402.41,8.4911641,90.1507113
801710,2023-02-07,6459.22,6434.89,6482.65,6414.1,7.73446684,78.30621841
801710,2023-02-08,6400.36,6453.08,6462.32,6393.5,7.62466717,79.08664292
801710,2023-02-09,6472.79,6401.74,6472.79,6390.59,7.57751827,78.34102023
801710,2023-02-10,6482.67,6461.63,6488.34,6439.76,6.97466865,72.75046816
801710,2023-02-13,6673.09,6493.31,6673.09,6468.76,12.29330872,140.6430297
801710,2023-02-14,6694.43,6682.61,6698.0,6649.85,11.03097001,112.13987139
801710,2023-02-15,6622.34,6712.37,6718.35,6614.23,10.37347765,111.1472492
801710,2023-02-16,6525.23,6631.45,6687.99,6481.41,12.25402055,130.54788282
801710,2023-02-17,6498.22,6507.02,6593.63,6498.22,9.10331332,96.79163802
801710,2023-02-20,6778.44,6509.95,6778.44,6509.95,11.81773847,158.27828493
801710,2023-02-21,6793.88,6793.14,6822.19,6739.33,9.33374646,112.74978693
801710,2023-02-22,6714.68,6757.49,6769.5,6694.07,6.61198099,78.26720839
801710,2023-02-23,6704.49,6715.99,6760.35,6672.42,7.09727783,81.27223086
801710,2023-02-24,6628.1,6701.31,6701.31,6577.61,6.4902284,79.33084005
801710,2023-02-27,6537.2,6610.36,6610.44,6518.82,5.97212192,73.54348227
801710,2023-02-28,6576.73,6544.21,6586.08,6508.44,6.58302428,73.40501799
801710,2023-03-01,6705.74,6620.13,6705.74,6614.07,8.90499837,101.06412136
801710,2023-03-02,6760.43,6702.98,6818.89,6681.11,10.7323741,123.04822624
801710,2023-03-03,6755.17,6766.54,6788.33,6720.48,8.95722253,98.49377845
801710,2023-03-06,6657.85,6773.86,6773.86,6632.8,9.43610724,116.10991582
801710,2023-03-07,6555.43,6665.2,6715.48,6552.23,9.4485065,104.90167735
801710,2023-03-08,6498.1,6533.07,6533.07,6454.1,7.47269074,89.17523733
801710,2023-03-09,6428.46,6494.52,6494.52,6397.01,7.29712212,86.02039105
801710,2023-03-10,6267.23,6393.91,6393.91,6256.39,7.54531884,94.31506852
801710,2023-03-13,6322.37,6262.88,6346.11,6262.88,7.16813769,85.60173841
801710,2023-03-14,6206.77,6314.15,6314.15,6186.67,7.17177165,78.32446836
801710,2023-03-15,6328.35,6238.65,6337.55,6238.62,8.39232838,83.57352508
801710,2023-03-16,6178.1,6289.86,6290.4,6169.12,7.26178593,79.19591271
801710,2023-03-17,6225.73,6233.85,6281.12,6210.66,6.83645672,75.58479307
801710,2023-03-20,6252.11,6255.14,6322.41,6246.21,9.60167393,109.33065578
801710,2023-03-21,6310.07,6244.76,6316.58,6244.76,7.98823634,95.72470798
801710,2023-03-22,6307.79,6328.03,6361.65,6288.03,7.77524588,89.27759757
801710,2023-03-23,6315.67,6285.87,6322.85,6256.18,7.63267,82.32658389
801710,2023-03-24,6268.7,6312.87,6312.87,6250.66,7.39186894,82.23125362
801710,2023-03-27,6167.25,6258.79,6258.79,6129.85,8.36972725,91.56585579
801710,2023-03-28,6133.1,6177.34,6183.96,6116.54,6.88274264,73.07795155
801710,2023-03-29,6068.33,6135.17,6135.17,6065.0,6.93084157,69.55629744
801710,2023-03-30,6180.74,6078.01,6191.61,6041.25,7.69349003,83.57939503
801710,2023-03-31,6148.43,6177.78,6237.28,6145.46,7.23262376,76.28767438
801710,2023-04-03,6251.01,6166.98,6262.47,6160.93,8.44947386,92.75284022
801710,2023-04-04,6199.22,6233.56,6233.56,6174.5,8.62556567,87.83169677
801710,2023-04-06,6207.87,6185.93,6228.67,6153.24,8.02882995,71.93976259
801710,2023-04-07,6281.88,6208.51,6313.87,6204.35,8.47863649,80.6269163
801710,2023-04-10,6240.6,6279.3,6325.05,6236.49,8.71290112,80.06393445
801710,2023-04-11,6269.01,6237.29,6298.96,6212.44,7.7886513,81.88639523
801710,2023-04-12,6247.4,6272.22,6305.98,6231.24,7.58380842,76.33689753
801710,2023-04-13,6176.94,6224.12,6224.12,6151.93,7.62512237,85.12909337
801710,2023-04-14,6194.21,6192.76,6230.14,6186.61,9.64265508,92.67499037
801710,2023-04-17,6275.59,6194.67,6288.85,6194.67,10.69302481,113.69479216
801710,2023-04-18,6274.2,6288.12,6300.73,6241.38,8.7189588,94.71714522
801710,2023-04-19,6141.91,6279.91,6279.91,6135.36,8.92597968,102.73015593
801710,2023-04-20,6072.47,6125.15,6125.15,6013.82,9.81632427,104.7920399
801710,2023-04-21,5967.28,6057.3,6076.28,5963.91,10.49409853,111.58013974
801710,2023-04-24,5873.83,5964.61,5964.61,5852.36,8.73013411,91.59900564
801710,2023-04-25,5756.56,5858.09,5882.34,5690.86,9.25741708,93.04550264
801710,2023-04-26,5785.54,5732.15,5817.37,5700.91,8.48015181,82.49188734
801710,2023-04-27,5800.45,5770.61,5823.09,5743.95,7.1141044,69.7352007
801710,2023-04-28,5840.45,5786.43,5843.14,5786.43,8.49794963,85.87211881
801710,2023-05-04,5835.93,5817.95,5858.39,5811.52,9.8494086,87.78124404
801710,2023-05-05,5835.58,5848.33,5850.32,5737.37,10.03920651,91.94196259
801710,2023-05-08,5834.07,5846.18,5868.98,5792.34,11.27164705,100.43522458
801710,2023-05-09,5804.58,5842.83,5920.93,5801.54,12.02206377,114.4159576
801710,2023-05-10,5803.43,5792.33,5817.7,5768.96,7.39432482,69.06984516
801710,2023-05-11,5792.39,5801.88,5819.15,5783.14,7.44433349,65.78125222
801710,2023-05-12,5690.32,5782.19,5816.83,5682.76,7.34977816,73.30386972
801710,2023-05-15,5713.35,5692.31,5713.35,5635.49,7.62278202,72.80432786
801710,2023-05-16,5634.63,5720.33,5720.38,5621.89,6.18961079,60.33951168
801710,2023-05-17,5626.83,5629.64,5650.75,5606.63,5.64092576,52.782201
801710,2023-05-18,5586.99,5629.04,5640.95,5565.12,6.19803283,58.22619719
801710,2023-05-19,5582.54,5584.53,5605.03,5528.52,5.49792984,52.24996181
801710,2023-05-22,5585.23,5574.58,5592.39,5544.67,5.49427967,51.75052883
801710,2023-05-23,5557.98,5579.31,5620.81,5557.98,5.66426889,55.67750148
801710,2023-05-24,5497.9,5543.43,5545.03,5495.68,5.94842011,57.16340684
801710,2023-05-25,5445.21,5469.56,5471.64,5391.48,7.02655177,66.42590606
801710,2023-05-26,5469.95,5471.14,5492.98,5408.7,7.96094304,69.15348167
801710,2023-05-29,5398.99,5463.23,5472.48,5396.23,7.63762243,72.14049725
801710,2023-05-30,5408.88,5384.25,5413.72,5325.23,6.33480375,60.40202424
801710,2023-05-31,5344.24,5382.9,5404.98,5343.05,5.86615136,56.79316715
801710,2023-06-01,5296.69,5336.3,5336.37,5282.97,5.6301153,56.31753143
801710,2023-06-02,5521.84,5306.21,5525.92,5306.21,8.41974067,95.49553436
801710,2023-06-05,5499.37,5499.63,5524.99,5474.94,6.63235689,67.92392399
801710,2023-06-06,5509.63,5500.89,5610.1,5492.84,8.47823147,91.21984517
801710,2023-06-07,5487.69,5509.01,5581.17,5471.3,7.85895972,72.59590222
801710,2023-06-08,5592.35,5485.35,5602.18,5467.49,8.40733004,89.95314883
801710,2023-06-09,5548.19,5571.53,5601.59,5545.98,8.61529422,93.79217234
801710,2023-06-12,5602.65,5531.57,5641.11,5483.24,8.20021926,94.90178294
801710,2023-06-13,5581.71,5598.05,5645.32,5558.1,6.47941066,69.23531842
801710,2023-06-14,5586.27,5586.08,5631.24,5577.73,6.24031152,63.74945641
801710,2023-06-15,5659.08,5586.9,5662.41,5566.82,7.07291643,72.56769266
801710,2023-06-16,5695.9,5663.73,5715.52,5663.67,8.5425109,87.3100752
801710,2023-06-19,5592.77,5688.41,5688.41,5582.15,8.08896913,82.57762334
801710,2023-06-20,5419.07,5539.55,5539.57,5418.32,8.36316786,82.57825411
801710,2023-06-21,5353.45,5411.05,5429.84,5353.2,6.14386028,56.95613112
801710,2023-06-26,5283.88,5323.32,5337.56,5272.3,5.99257299,57.61641915
801710,2023-06-27,5468.9,5290.06,5483.51,5289.64,7.2961121,75.74556155
801710,2023-06-28,5443.38,5473.87,5480.72,5393.97,7.35344934,65.73413699
801710,2023-06-29,5381.5,5427.43,5427.63,5381.26,5.91809413,55.19498175
801710,2023-06-30,5397.98,5386.02,5431.16,5379.36,7.29337448,67.10679223
801710,2023-07-03,5468.48,5414.36,5481.21,5414.36,8.38140804,80.30697676
801710,2023-07-04,5439.54,5465.4,5465.4,5421.19,7.28011644,68.65722995
801710,2023-07-05,5371.09,5437.0,5437.0,5361.65,5.93451814,61.85792234
801710,2023-07-06,5332.5,5361.71,5365.83,5323.76,5.21899834,57.09454172
801710,2023-07-07,5290.46,5319.81,5319.81,5262.65,5.25780493,53.08591793
801710,2023-07-10,5331.31,5313.75,5363.36,5313.75,5.58036199,55.13297018
801710,2023-07-11,5368.55,5350.08,5384.04,5336.85,7.43983313,60.47515072
801710,2023-07-12,5288.6,5358.43,5358.45,5286.34,7.18794861,60.45989703
801710,2023-07-13,5334.05,5309.53,5339.17,5309.53,5.85173757,52.75375143
801710,2023-07-14,5328.89,5339.4,5343.3,5317.13,5.34886112,48.55551579
801710,2023-07-17,5302.98,5320.6,5320.65,5263.71,5.03691564,42.32360258
801710,2023-07-18,5329.64,5310.19,5347.88,5275.29,5.28491776,48.49701376
801710,2023-07-19,5418.32,5327.43,5418.92,5325.73,7.20566609,79.04245911
801710,2023-07-20,5457.07,5423.98,5524.11,5423.98,8.18527622,95.76270135
801710,2023-07-21,5465.53,5450.97,5481.2,5429.98,6.42486876,64.00397396
801710,2023-07-24,5383.16,5493.83,5493.83,5375.83,6.19128812,67.28233118
801710,2023-07-25,5654.85,5497.13,5654.85,5497.09,12.47401778,141.57677956
801710,2023-07-26,5709.04,5661.54,5730.51,5661.54,13.94660592,144.92404236
801710,2023-07-27,5681.56,5676.87,5747.29,5656.84,11.10746699,106.53609814
801710,2023-07-28,5833.25,5700.57,5839.22,5700.57,12.98188086,134.83397441
801710,2023-07-31,5946.56,5915.06,5983.43,5915.06,16.95925502,175.28202485
801710,2023-08-01,5884.23,5937.6,5955.51,5868.26,12.5752324,114.31111012
801710,2023-08-02,5905.18,5873.52,5952.14,5872.83,9.82558958,93.71927411
801710,2023-08-03,5919.28,5890.0,5930.24,5862.22,8.28803647,76.87557773
801710,2023-08-04,5893.66,5962.92,5989.23,5889.64,9.98304823,98.31611325
801710,2023-08-07,5804.26,5882.53,5882.53,5780.09,8.41719266,83.78308418
801710,2023-08-08,5769.22,5801.14,5810.31,5763.37,7.18858495,65.1918987
801710,2023-08-09,5756.56,5781.14,5801.94,5745.3,7.34063975,66.51715094
801710,2023-08-10,5738.98,5738.02,5768.22,5711.1,6.54959489,61.00745671
801710,2023-08-11,5606.42,5741.13,5754.35,5606.42,8.29027262,80.0885001
801710,2023-08-14,5628.85,5553.65,5648.99,5519.94,7.55728696,74.19215659
801710,2023-08-15,5617.19,5629.75,5629.75,5556.39,5.73265444,55.50848035
801710,2023-08-16,5646.38,5604.21,5723.66,5588.94,6.27712008,63.68129883
801710,2023-08-17,5650.32,5608.91,5657.94,5569.09,7.41795941,64.13598093
801710,2023-08-18,5607.56,5654.41,5712.29,5607.56,7.17128698,67.6163854
801710,2023-08-21,5580.77,5625.23,5664.32,5580.77,7.12650226,71.61192956
801710,2023-08-22,5605.97,5595.02,5623.09,5536.96,7.90070107,75.33760785
801710,2023-08-23,5495.87,5610.05,5610.18,5495.87,6.07960926,57.5242937
801710,2023-08-24,5446.47,5504.95,5504.95,5435.13,6.93093173,61.0605948
801710,2023-08-25,5449.63,5437.49,5519.8,5415.22,6.73278661,62.27388227
801710,2023-08-28,5577.14,5725.85,5725.85,5568.5,11.79872281,109.69664891
801710,2023-08-29,5640.88,5555.06,5651.48,5528.35,10.28493211,93.85832849
801710,2023-08-30,5651.33,5639.97,5683.5,5622.15,10.42984879,92.59348596
801710,2023-08-31,5563.02,5644.25,5677.32,5561.23,10.7153221,85.53174247
801710,2023-09-01,5664.83,5591.81,5706.26,5591.76,9.07215025,84.62602275
801710,2023-09-04,5818.87,5725.99,5849.88,5725.98,11.6880715,118.45912486
801710,2023-09-05,5756.53,5815.68,5815.68,5741.11,8.45835498,83.00516072
801710,2023-09-06,5717.26,5732.59,5732.59,5665.86,6.41297221,61.51838815
801710,2023-09-07,5658.82,5705.86,5738.61,5658.82,6.57060621,62.49307413
801710,2023-09-11,5597.86,5623.66,5625.65,5572.05,6.99834861,63.77270478
801710,2023-09-12,5554.48,5593.65,5593.69,5543.69,5.9123756,56.31963325
801710,2023-09-13,5527.88,5549.98,5576.3,5500.28,7.75722764,61.41043312
801710,2023-09-14,5506.87,5524.25,5527.05,5480.76,7.00133842,57.50826433
801710,2023-09-15,5512.15,5517.6,5553.52,5497.49,7.15046079,62.22336001
801710,2023-09-18,5495.86,5506.18,5521.35,5460.6,6.47586219,56.27372864
801710,2023-09-19,5529.2,5499.33,5533.64,5488.22,7.21110833,60.43565528
801710,2023-09-20,5540.86,5522.1,5559.88,5507.74,7.03782879,61.71183387
801710,2023-09-21,5501.6,5546.98,5578.27,5500.27,6.76826287,62.65974195
801710,2023-09-22,5548.6,5495.36,5548.95,5469.74,7.25363045,60.4048308
801710,2023-09-25,5490.96,5544.55,5548.47,5489.39,7.03274362,58.85891736
801710,2023-09-26,5440.18,5486.34,5495.15,5439.7,6.2852031,54.00867606
801710,2023-09-27,5452.75,5436.26,5495.99,5436.26,6.51885981,57.73405354
801710,2023-09-28,5456.05,5460.89,5472.3,5446.27,6.29815426,52.47076229
801710,2023-10-09,5372.54,5443.93,5443.93,5356.34,7.27731125,63.7603506
801710,2023-10-10,5265.33,5381.87,5387.6,5259.73,7.85622661,67.64883834
801710,2023-10-11,5264.52,5280.1,5300.04,5250.76,7.20363639,60.01279188
801710,2023-10-12,5331.5,5277.81,5337.85,5272.39,6.57493736,59.51934671
801710,2023-10-13,5241.86,5313.31,5313.43,5225.04,7.56515442,57.68356856
801710,2023-10-16,5214.95,5245.71,5254.54,5201.9,7.90371064,63.29217478
801710,2023-10-17,5213.39,5240.07,5240.07,5198.43,6.52459351,58.9404443
801710,2023-10-18,5157.04,5218.69,5218.78,5153.8,6.40059665,60.86834497
801710,2023-10-19,5052.56,5120.1,5133.32,5052.56,7.39702845,72.73373214
801710,2023-10-20,5040.78,5032.72,5089.6,5030.93,7.33193624,67.59367668
801710,2023-10-23,4925.97,5028.89,5029.12,4902.84,7.85880185,65.72124998
801710,2023-10-24,4924.42,4933.8,4939.43,4887.48,8.84840155,77.30835933
801710,2023-10-25,5116.92,5106.95,5146.65,5101.3,12.67322964,118.55359081
801710,2023-10-26,5033.18,5094.61,5094.65,4975.78,11.94162341,107.11292793
801710,2023-10-27,5120.47,5006.4,5133.93,4998.68,15.31535121,130.81359347
801710,2023-10-30,5099.87,5095.35,5118.53,5074.26,13.02838241,116.51481944
801710,2023-10-31,5085.88,5090.38,5102.49,5054.27,11.19967148,91.10566834
801710,2023-11-01,5050.39,5094.19,5094.19,5042.14,9.98275845,80.72412849
801710,2023-11-02,4988.65,5047.47,5047.47,4988.65,9.03248622,73.00457172
801710,2023-11-03,5012.05,4986.8,5024.65,4986.76,8.27078936,67.15832283
801710,2023-11-06,5108.54,5034.43,5108.54,5031.81,9.87804671,87.27446499
801710,2023-11-07,5083.07,5103.13,5103.13,5052.75,8.58627071,73.52110083
801710,2023-11-08,5068.53,5079.48,5099.52,5041.81,8.4721424,73.64916263
801710,2023-11-09,5080.81,5067.47,5107.24,5062.3,8.37695768,71.44654059
801710,2023-11-10,5019.43,5070.36,5070.4,5004.53,6.6914414,57.71661626
801710,2023-11-13,5001.74,5022.5,5028.34,4948.75,8.70902555,81.78190848
801710,2023-11-14,5028.94,5003.12,5045.33,5001.54,8.34286897,79.5338097
801710,2023-11-15,5096.5,5069.44,5128.41,5069.44,9.20363751,93.13614354
801710,2023-11-16,5033.13,5087.05,5087.11,5031.68,8.52160891,84.85827844
801710,2023-11-17,4993.98,5013.81,5013.82,4950.67,7.66620405,81.24435037
801710,2023-11-20,4998.79,4993.09,5001.82,4958.87,7.40499389,72.26541677
801710,2023-11-21,5045.17,5007.38,5110.26,5007.38,9.94065046,104.04870643
801710,2023-11-22,4964.34,5027.28,5027.76,4964.34,7.49000855,71.64819839
801710,2023-11-23,5033.52,4961.81,5033.68,4947.18,6.79441576,66.06088751
801710,2023-11-24,5011.59,5046.35,5061.06,5002.05,6.56319656,64.77939774
801710,2023-11-27,4953.32,4995.4,4995.4,4931.53,6.18988311,58.316036
801710,2023-11-28,4962.28,4951.19,4962.28,4921.52,5.02172016,47.82926214
801710,2023-11-29,4880.59,4958.38,4967.57,4873.26,6.55294812,61.46322339
801710,2023-11-30,4859.79,4874.98,4896.41,4836.78,5.61850667,50.19414072
801710,2023-12-01,4842.56,4861.9,4861.9,4805.73,6.17874288,58.41997691
801710,2023-12-04,4803.4,4850.03,4850.04,4793.67,6.78401827,62.94298415
801710,2023-12-05,4713.29,4790.7,4790.79,4713.29,7.37246875,68.99055469
801710,2023-12-06,4707.28,4711.85,4747.08,4703.7,7.72159301,69.50691038
801710,2023-12-07,4669.8,4707.28,4707.28,4643.07,7.19796692,64.9224427
801710,2023-12-08,4632.51,4674.91,4687.8,4631.48,9.67340305,83.43829414
801710,2023-12-11,4645.56,4613.76,4647.38,4570.01,8.61193637,75.55870531
801710,2023-12-12,4713.43,4643.45,4713.43,4641.82,8.17646007,78.22411205
801710,2023-12-13,4633.35,4705.52,4705.52,4633.35,7.3278414,68.56935588
801710,2023-12-14,4635.93,4656.8,4693.28,4635.93,7.75562783,72.15886521
801710,2023-12-15,4675.25,4648.64,4727.34,4648.64,8.50750926,89.01925005
801710,2023-12-18,4595.61,4661.22,4662.12,4587.27,7.56192371,63.43378739
801710,2023-12-19,4586.51,4585.77,4604.35,4554.53,7.08151914,64.2435605
801710,2023-12-20,4544.67,4591.64,4596.63,4544.17,6.63830096,58.80298632
801710,2023-12-21,4584.51,4531.43,4600.61,4529.16,8.19512585,73.04791499
801710,2023-12-22,4567.67,4583.07,4609.19,4527.35,10.92307551,88.57135959
801710,2023-12-25,4554.65,4561.64,4565.14,4522.12,8.71942656,67.96778301
801710,2023-12-26,4538.43,4551.47,4553.77,4530.27,9.44754618,77.15701892
801710,2023-12-27,4528.92,4534.38,4537.33,4493.26,10.10536946,80.33068367
801710,2023-12-28,4659.17,4523.62,4669.55,4514.53,12.19729504,105.01762887
801710,2023-12-29,4666.64,4660.2,4676.08,4640.1,9.43839977,87.82217769
801710,2024-01-02,4658.79,4685.9,4698.0,4658.72,9.14316838,89.64580624
801710,2024-01-03,4662.93,4650.05,4678.03,4632.35,9.40305349,81.06065495
801710,2024-01-04,4623.64,4655.89,4655.94,4590.59,9.29487633,83.40197613
801710,2024-01-05,4590.1,4613.51,4674.37,4577.01,10.90008352,96.88594454
801710,2024-01-08,4532.2,4584.5,4592.27,4532.2,8.56471135,76.02653373
801710,2024-01-09,4559.49,4530.84,4593.4,4499.1,9.60369513,84.37855502
801710,2024-01-10,4557.38,4542.01,4593.6,4513.12,8.68776355,72.60161981
801710,2024-01-11,4606.26,4553.93,4617.52,4542.01,8.88889249,75.89779844
801710,2024-01-12,4640.79,4604.81,4704.12,4604.81,12.42742633,103.21586846
801710,2024-01-15,4667.66,4620.87,4686.19,4595.52,13.0026002,117.774439
801710,2024-01-16,4668.6,4662.26,4692.43,4615.09,14.1009622,127.57240517
801710,2024-01-17,4535.58,4645.79,4645.89,4535.58,12.53535055,107.52446678
801710,2024-01-18,4517.01,4497.9,4521.24,4396.81,14.23415609,119.62875216
801710,2024-01-19,4445.19,4506.16,4511.56,4445.19,12.09610737,106.28515432
801710,2024-01-22,4237.87,4424.13,4424.44,4213.84,13.0983145,101.72154947
801710,2024-01-23,4253.34,4222.48,4267.74,4172.36,12.11085924,89.17993734
801710,2024-01-24,4333.3,4266.35,4334.1,4178.02,12.37079193,91.95916706
801710,2024-01-25,4484.35,4335.46,4484.35,4335.46,13.64682672,109.08568552
801710,2024-01-26,4533.84,4506.41,4603.28,4505.03,15.39439018,125.73311308
801710,2024-01-29,4486.17,4556.32,4603.85,4486.17,14.74506231,123.36320328
801710,2024-01-30,4354.6,4453.01,4466.87,4353.84,10.98014365,88.46846081
801710,2024-01-31,4263.33,4324.67,4371.53,4256.64,12.3770123,95.86370607
801710,2024-02-01,4223.72,4243.25,4285.89,4183.83,11.39664585,85.31868945
801710,2024-02-02,4126.43,4227.27,4277.51,4019.34,14.09142697,103.47978881
801710,2024-02-05,3964.54,4098.28,4098.28,3876.99,14.87268623,105.84623731
801710,2024-02-06,4120.57,3906.44,4158.52,3891.75,16.71586586,109.26853425
801710,2024-02-07,4173.45,4118.26,4214.0,4118.26,17.43757378,116.2381726
801710,2024-02-08,4292.76,4176.34,4303.46,4176.23,18.14134475,115.24149858
801710,2024-02-19,4299.81,4332.74,4332.74,4257.5,15.18657705,100.04887756
801710,2024-02-20,4326.93,4279.1,4331.47,4258.33,10.82932196,78.20910518
801710,2024-02-21,4398.5,4298.24,4480.44,4285.35,14.24084448,108.20628914
801710,2024-02-22,4419.36,4376.4,4419.36,4351.93,10.93102504,81.71278139
801710,2024-02-23,4429.74,4421.99,4430.57,4365.12,12.12922149,88.42980715
801710,2024-02-26,4422.76,4425.08,4478.72,4401.58,12.97891212,94.12880988
801710,2024-02-27,4476.27,4410.62,4476.27,4399.21,11.11220844,85.26945361
801710,2024-02-28,4349.6,4475.95,4558.06,4348.97,18.34173112,136.64382823
801710,2024-02-29,4449.19,4320.76,4449.65,4320.76,13.25565971,101.57955393
801710,2024-03-01,4459.4,4457.38,4464.22,4424.88,11.04286357,88.52990993
801710,2024-03-04,4415.12,4456.94,4462.6,4381.64,12.01701086,99.57581753
801710,2024-03-05,4385.69,4394.19,4394.19,4364.7,11.32483245,88.99052135
801710,2024-03-06,4399.94,4369.86,4424.72,4356.18,9.89059591,77.34574847
801710,2024-03-07,4384.63,4401.15,4459.91,4384.63,11.69367447,88.61881041
801710,2024-03-08,4389.86,4383.4,4406.72,4345.44,10.25356799,74.64353724
801710,2024-03-11,4455.6,4400.07,4455.6,4397.59,12.90736903,100.22520159
801710,2024-03-12,4547.82,4456.8,4548.7,4440.94,13.65303394,118.94889077
801710,2024-03-13,4494.27,4533.11,4543.32,4471.61,10.86882335,91.28176654
801710,2024-03-14,4485.44,4486.72,4539.22,4455.01,10.22591427,86.16632337
801710,2024-03-15,4514.89,4479.74,4514.89,4449.91,9.5276273,73.30250502
801710,2024-03-18,4536.25,4524.07,4536.25,4499.68,10.21724408,79.62230636
801710,2024-03-19,4499.04,4525.0,4536.64,4496.29,9.63798225,76.57803399
801710,2024-03-20,4495.31,4489.75,4499.55,4469.48,10.09398694,80.43265708
801710,2024-03-21,4468.4,4504.94,4514.77,4450.4,12.91998374,92.7457451
801710,2024-03-22,4397.93,4457.34,4462.0,4381.6,11.15196327,85.20350282
801710,2024-03-25,4414.85,4386.16,4502.87,4386.16,11.79139502,98.13704275
801710,2024-03-26,4456.05,4411.57,4458.88,4389.99,10.5970813,84.60372014
801710,2024-03-27,4339.47,4454.2,4456.61,4339.47,9.92445631,79.30943749
801710,2024-03-28,4358.4,4327.93,4394.99,4327.56,9.4733047,72.47912014
801710,2024-03-29,4375.1,4358.63,4376.23,4345.58,7.61786151,60.10093598
801710,2024-04-01,4499.36,4386.75,4499.36,4386.75,10.84874359,83.97066668
801710,2024-04-02,4510.11,4499.45,4520.03,4476.3,10.55827606,79.87428588
801710,2024-04-03,4498.97,4512.07,4527.49,4468.96,9.72872824,72.68452572
801710,2024-04-08,4395.57,4488.03,4488.45,4395.23,11.16503083,81.95097665
801710,2024-04-09,4453.95,4392.84,4460.49,4392.84,8.71389802,65.15553504
801710,2024-04-10,4365.82,4449.81,4449.81,4329.18,9.6605346,70.96706282
801710,2024-04-11,4392.75,4344.14,4423.71,4343.2,8.82489544,72.99282512
801710,2024-04-12,4314.42,4383.94,4403.33,4313.0,8.10587651,63.32238578
801710,2024-04-15,4313.99,4315.97,4372.64,4233.48,13.71574047,101.69057777
801710,2024-04-16,4185.26,4293.19,4297.23,4180.96,13.09973751,100.17195898
801710,2024-04-17,4338.82,4193.56,4338.82,4193.56,11.97579109,93.16216185
801710,2024-04-18,4337.67,4338.25,4379.88,4308.05,12.07070379,95.62761489
801710,2024-04-19,4333.51,4315.91,4384.58,4308.55,10.01914857,84.21393533
801710,2024-04-22,4345.41,4329.73,4361.68,4302.75,9.36231275,79.50518197
801710,2024-04-23,4267.33,4336.49,4340.6,4249.62,9.75269745,81.06598965
801710,2024-04-24,4262.23,4272.73,4272.73,4204.29,9.38108417,77.03385533
801710,2024-04-25,4274.7,4246.52,4307.86,4238.5,9.59347753,72.87920483
801710,2024-04-26,4319.01,4240.08,4322.34,4212.04,11.74245904,91.50292411
801710,2024-04-29,4485.49,4316.53,4496.71,4316.53,14.45138206,119.97418472
801710,2024-04-30,4419.34,4463.78,4471.26,4409.29,12.41946968,88.95826831
801710,2024-05-06,4520.41,4480.65,4536.08,4480.65,12.88451712,100.52369405
801710,2024-05-07,4564.63,4520.53,4568.88,4512.81,12.09497962,93.08945381
801710,2024-05-08,4491.1,4552.17,4552.22,4490.49,10.93476705,83.83505019
801710,2024-05-09,4563.57,4493.65,4581.42,4493.65,10.86409251,82.39106546
801710,2024-05-10,4619.45,4562.31,4632.8,4531.9,10.30939532,91.5311827
801710,2024-05-13,4588.4,4592.26,4600.71,4538.32,9.47225166,77.91218323
801710,2024-05-14,4568.8,4587.64,4610.09,4564.98,8.42917595,64.64632617
801710,2024-05-15,4626.41,4565.52,4665.57,4553.78,9.22852125,81.78272364
801710,2024-05-16,4747.89,4628.84,4791.7,4628.72,14.30528761,129.89939696
801710,2024-05-17,4851.75,4756.19,4851.75,4692.66,15.46775648,142.9994619
801710,2024-05-20,4838.0,4865.78,4879.22,4823.95,15.10024061,133.05604224
801710,2024-05-21,4805.68,4822.99,4861.88,4784.99,11.70438678,98.54220075
801710,2024-05-22,4809.32,4784.38,4856.56,4784.38,13.3569976,117.34813347
801710,2024-05-23,4701.56,4777.16,4777.51,4688.09,12.58094431,108.83906275
801710,2024-05-24,4647.57,4692.54,4693.93,4643.96,10.30943823,83.18977458
801710,2024-05-27,4617.44,4651.66,4651.66,4548.83,10.10672845,81.46978686
801710,2024-05-28,4543.06,4624.24,4624.58,4536.18,8.67937495,69.05739718
801710,2024-05-29,4543.2,4536.98,4596.35,4533.88,7.64122285,64.35995734
801710,2024-05-30,4491.71,4537.32,4543.92,4484.18,8.06430731,66.4624308
801710,2024-05-31,4432.76,4491.18,4494.86,4431.88,7.63832376,62.64533101
801710,2024-06-03,4382.59,4428.35,4428.35,4350.09,9.86886688,70.00969926
801710,2024-06-04,4439.65,4371.78,4449.53,4328.02,8.75641894,71.72410052
801710,2024-06-05,4372.58,4432.6,4438.93,4370.0,6.89160171,50.26414998
801710,2024-06-06,4285.88,4377.09,4395.64,4261.35,10.73964748,66.23768059
801710,2024-06-07,4315.36,4304.82,4333.13,4266.93,8.92578561,55.56005373
801710,2024-06-11,4281.41,4292.84,4297.78,4251.33,8.14376937,48.66149044
801710,2024-06-12,4287.2,4278.97,4299.41,4263.67,7.09031663,45.22519263
801710,2024-06-13,4183.28,4286.87,4288.69,4170.77,8.52351874,62.62453118
801710,2024-06-14,4224.91,4172.8,4239.78,4150.65,7.10619069,51.30980695
801710,2024-06-17,4174.57,4203.63,4203.67,4162.35,6.62179211,46.66719877
801710,2024-06-18,4193.55,4169.81,4193.55,4169.81,5.63760139,39.8782097
801710,2024-06-19,4149.13,4185.19,4185.19,4141.58,6.53366145,43.46120863
801710,2024-06-20,4071.14,4143.0,4143.0,4067.51,8.03331056,49.88891148
801710,2024-06-21,4133.35,4063.85,4159.66,4063.85,9.37190137,59.74317845
801710,2024-06-24,4038.71,4089.36,4095.13,4013.28,10.84058246,65.36130214
801710,2024-06-25,4071.41,4028.92,4111.02,4028.72,7.81093146,49.73022973
801710,2024-06-26,4120.7,4063.16,4120.7,4037.55,8.17665346,50.39306006
801710,2024-06-27,4048.6,4113.53,4118.9,4045.82,7.89716641,53.90361728
801710,2024-06-28,4027.9,4037.2,4090.51,4020.69,7.88005802,53.40025441
801710,2024-07-01,4120.29,4022.98,4128.91,4022.67,7.93162313,57.74809178
801710,2024-07-02,4093.91,4115.02,4130.55,4081.43,7.3170117,51.11889904
801710,2024-07-03,4083.18,4091.73,4103.72,4076.44,6.99104361,45.04218943
801710,2024-07-04,3999.66,4080.8,4081.6,3994.34,7.51381815,48.99660464
801710,2024-07-05,4018.74,3993.75,4030.16,3988.31,6.25946529,40.6580191
801710,2024-07-08,3957.14,4016.46,4019.51,3948.48,7.2434023,49.18692364
801710,2024-07-09,3920.01,3932.14,3936.69,3848.0,9.07354721,66.3988922
801710,2024-07-10,3893.6,3913.15,3937.46,3884.86,7.54322782,52.4380501
801710,2024-07-11,3979.47,3928.95,3979.47,3911.76,7.96340146,55.71045499
801710,2024-07-12,4005.31,3987.84,4042.83,3987.81,7.82373182,52.91491266
801710,2024-07-15,3975.16,3997.65,4004.67,3963.89,6.75135723,41.08812418
801710,2024-07-16,3946.97,3961.3,3961.75,3929.7,5.31601247,33.62726311
801710,2024-07-17,3994.74,3946.42,4011.27,3946.42,6.6800062,47.71109924
801710,2024-07-18,3987.59,3980.67,3991.16,3949.27,6.77299088,45.32131805
801710,2024-07-19,3968.23,3977.37,3979.95,3934.9,5.91765489,41.09559827
801710,2024-07-22,3937.52,3968.13,3968.62,3921.83,5.5563327,38.57178152
801710,2024-07-23,3863.33,3937.13,3951.75,3862.64,6.33221215,40.36496327
801710,2024-07-24,3829.08,3855.98,3866.42,3812.53,6.25860768,40.81376425
801710,2024-07-25,3871.11,3814.03,3885.37,3814.03,6.09193098,43.24979993
801710,2024-07-26,3908.97,3869.74,3928.02,3869.63,5.46721762,37.7018697
801710,2024-07-29,3851.79,3912.35,3912.35,3850.69,6.05603195,42.44795529
801710,2024-07-30,3864.54,3842.62,3866.13,3828.86,6.15558382,38.9613371
801710,2024-07-31,3958.4,3865.34,3960.24,3854.71,8.31044255,53.97340819
801710,2024-08-01,3912.42,3958.24,3968.44,3905.45,7.68760606,52.12488642
801710,2024-08-02,3862.17,3897.66,3908.58,3858.19,6.5965738,47.10655638
801710,2024-08-05,3823.61,3848.9,3908.16,3823.61,7.5308763,51.64426497
801710,2024-08-06,3874.09,3842.43,3876.91,3827.57,5.71523438,39.55815449
801710,2024-08-07,3870.33,3874.26,3885.99,3850.96,6.03193903,40.4373052
801710,2024-08-08,3924.65,3859.34,3953.13,3857.88,7.18055944,52.73814132
801710,2024-08-09,3912.0,3929.36,3972.93,3912.0,6.89255084,50.83694286
801710,2024-08-12,3851.7,3913.47,3913.61,3840.24,6.36165884,43.41895063
801710,2024-08-13,3857.05,3845.79,3857.05,3805.0,6.40640475,42.9440344
801710,2024-08-14,3813.3,3859.73,3884.43,3813.08,7.11617282,45.93539834
801710,2024-08-15,3828.36,3804.32,3852.77,3789.01,11.54506824,69.75479041
801710,2024-08-16,3763.71,3822.65,3822.87,3758.47,10.20743398,65.94993917
801710,2024-08-19,3749.33,3755.31,3794.76,3745.55,8.72232756,56.23782305
801710,2024-08-20,3676.32,3756.44,3756.47,3665.38,10.82434286,67.40871861
801710,2024-08-21,3635.89,3669.55,3669.67,3623.25,8.38556313,57.74074176
801710,2024-08-22,3578.16,3628.9,3642.76,3576.94,8.00156611,51.55886693
801710,2024-08-23,3642.14,3585.97,3644.89,3585.95,9.25580249,58.32998569
801710,2024-08-26,3657.63,3653.94,3682.68,3639.78,10.79190118,71.88483016
801710,2024-08-27,3608.18,3646.89,3652.13,3595.07,9.57069982,59.40038773
801710,2024-08-28,3557.42,3599.75,3599.75,3547.43,8.57892869,56.21882201
801710,2024-08-29,3594.46,3558.23,3603.94,3543.27,10.22583281,67.88164945
801710,2024-08-30,3676.04,3585.53,3745.2,3555.87,13.4029588,92.11974526
801710,2024-09-02,3587.41,3662.03,3662.03,3587.41,10.55021359,65.71387417
801710,2024-09-03,3593.6,3580.77,3616.49,3558.4,8.25356576,51.76172164
801710,2024-09-04,3551.57,3574.06,3602.56,3548.37,7.65461352,47.94212711
801710,2024-09-05,3594.49,3554.09,3595.38,3553.97,6.9032148,42.86945471
801710,2024-09-06,3536.8,3590.97,3596.24,3535.95,9.13545611,51.77535907
801710,2024-09-09,3502.47,3523.4,3524.7,3492.75,8.20035063,45.27288847
801710,2024-09-10,3463.61,3498.89,3506.39,3418.36,7.98663329,46.26956541
801710,2024-09-11,3470.75,3449.14,3493.11,3437.26,5.82949446,36.85483605
801710,2024-09-12,3469.73,3465.6,3516.31,3465.55,6.28113747,36.62590697
801710,2024-09-13,3435.69,3470.57,3495.44,3435.69,7.65354951,41.68227823
801710,2024-09-18,3459.57,3436.47,3472.15,3405.1,7.37811419,42.01797896
801710,2024-09-19,3533.9,3472.05,3582.61,3469.55,10.99527528,69.26366654
801710,2024-09-20,3504.63,3527.9,3527.97,3474.77,7.40688798,45.48940065
801710,2024-09-23,3519.19,3494.48,3530.59,3489.12,5.92064521,36.72036829
801710,2024-09-24,3670.84,3557.04,3670.84,3542.56,12.34126959,77.58944621
801710,2024-09-25,3715.77,3714.85,3822.27,3711.33,14.91502432,96.48591536
801710,2024-09-26,3938.06,3696.32,3938.06,3692.43,15.47068133,104.69379945
801710,2024-09-27,4155.13,4042.1,4158.93,4031.47,17.84219898,125.73416994
801710,2024-09-30,4517.88,4392.73,4540.1,4310.38,29.71662983,214.86791944
801710,2024-10-08,4670.56,4976.12,4976.12,4492.99,38.85415442,309.61798696
801710,2024-10-09,4257.69,4569.32,4569.32,4251.76,26.7739214,197.41284535
801710,2024-10-10,4329.78,4256.39,4441.59,4176.35,20.91002482,159.40473715
801710,2024-10-11,4239.88,4311.35,4336.31,4201.49,16.42553521,123.59142536
801710,2024-10-14,4411.57,4294.15,4423.77,4273.61,19.88597772,163.68846112
801710,2024-10-15,4346.56,4393.48,4463.11,4346.56,19.92182363,160.02517623
801710,2024-10-16,4446.91,4312.02,4497.03,4312.02,21.02488154,168.43975345
801710,2024-10-17,4303.47,4482.15,4482.15,4303.47,21.29484202,178.57667153
801710,2024-10-18,4360.55,4285.31,4425.44,4235.3,20.21182375,167.13445639
801710,2024-10-21,4371.19,4368.47,4411.67,4308.82,17.68986815,146.8463738
801710,2024-10-22,4448.38,4369.31,4449.14,4352.7,15.56059518,132.43074515
801710,2024-10-23,4501.7,4453.59,4531.99,4435.54,18.16509717,162.30648738
801710,2024-10-24,4432.68,4476.47,4482.69,4402.57,14.23156862,121.33051268
801710,2024-10-25,4552.02,4419.21,4564.48,4419.21,19.58135286,172.31680306
801710,2024-10-28,4700.49,4584.86,4700.88,4584.86,21.56155569,177.6479196
801710,2024-10-29,4593.47,4718.16,4744.1,4586.87,22.72503524,173.79097618
801710,2024-10-30,4656.35,4555.68,4696.89,4555.68,18.91601519,157.35580036
801710,2024-10-31,4730.73,4680.49,4761.3,4657.38,22.3374483,177.36607369
801710,2024-11-01,4654.92,4716.16,4759.66,4615.61,22.08679968,169.48165519
801710,2024-11-04,4673.87,4651.22,4673.87,4616.05,15.94974626,117.827941
801710,2024-11-05,4761.49,4661.34,4765.5,4653.14,19.98199908,166.87856504
801710,2024-11-06,4805.51,4779.18,4845.86,4689.61,24.83884844,196.35177685
801710,2024-11-07,4946.2,4775.03,4946.2,4769.69,27.01853267,206.61652843
801710,2024-11-08,4826.43,4973.64,4984.29,4815.01,26.99921323,200.6123184
801710,2024-11-11,4797.37,4790.88,4805.7,4722.83,20.88003588,156.07033596
801710,2024-11-12,4759.1,4797.18,4859.92,4724.67,18.91699048,142.97592247
801710,2024-11-13,4747.89,4740.31,4786.71,4701.54,15.32107962,115.73291808
801710,2024-11-14,4667.75,4765.51,4765.51,4665.24,13.82098811,106.82816973
801710,2024-11-15,4573.76,4660.13,4697.09,4573.76,13.51373115,106.64234165
801710,2024-11-18,4556.01,4607.41,4669.56,4535.09,16.04603735,124.23342216
801710,2024-11-19,4570.99,4553.85,4570.99,4468.6,13.24483714,98.93426372
801710,2024-11-20,4610.34,4563.32,4623.43,4551.77,13.25147417,96.17997414
801710,2024-11-21,4604.53,4605.81,4618.33,4574.91,12.87562423,96.59852148
801710,2024-11-22,4467.09,4596.14,4617.84,4467.09,15.31395511,107.75975404
801710,2024-11-25,4511.61,4476.08,4542.01,4463.1,14.34829629,101.60384355
801710,2024-11-26,4497.01,4511.78,4534.7,4489.45,14.50778178,94.91357704
801710,2024-11-27,4573.09,4487.81,4573.09,4424.52,13.2848114,92.16920401
801710,2024-11-28,4584.9,4584.65,4625.54,4579.25,14.00405609,98.68100174
801710,2024-11-29,4614.26,4580.76,4641.35,4570.41,14.41064717,102.54373601
801710,2024-12-02,4684.04,4633.62,4690.09,4616.56,17.95859744,133.67153631
801710,2024-12-03,4706.94,4686.66,4716.88,4661.03,15.03953613,111.64376321
801710,2024-12-04,4611.93,4690.19,4690.19,4592.47,15.9429613,112.69519053
801710,2024-12-05,4624.42,4595.22,4624.42,4572.33,14.06272211,93.84721988
801710,2024-12-06,4701.61,4628.18,4708.98,4628.18,20.35568228,141.99774446
801710,2024-12-09,4704.9,4706.35,4729.27,4668.38,20.9711686,139.44085551
801710,2024-12-10,4747.37,4845.3,4852.46,4738.26,25.43653642,188.44930893
801710,2024-12-11,4779.65,4731.57,4803.4,4731.57,18.40445115,124.74569754
801710,2024-12-12,4863.85,4778.24,4864.96,4760.53,20.33507204,146.65854473
801710,2024-12-13,4760.83,4846.14,4846.14,4756.93,22.81375996,170.37461529
801710,2024-12-16,4654.2,4751.07,4753.99,4640.12,16.87303083,129.03267891
801710,2024-12-17,4565.07,4643.28,4645.42,4556.2,15.16162271,107.12479522
801710,2024-12-18,4577.65,4585.44,4611.98,4569.42,13.11736702,100.82926278
801710,2024-12-19,4550.98,4540.36,4563.49,4513.99,12.46585203,99.41240958
801710,2024-12-20,4536.89,4549.39,4564.54,4529.31,10.22793162,79.9479925
801710,2024-12-23,4470.23,4530.75,4552.08,4463.86,14.35234349,106.37071701
801710,2024-12-24,4540.79,4477.22,4541.11,4477.22,12.22039549,101.90889283
801710,2024-12-25,4511.06,4539.62,4539.62,4471.27,13.58000604,113.43439114
801710,2024-12-26,4454.8,4488.07,4491.58,4447.53,10.30183494,85.93642276
801710,2024-12-27,4510.17,4461.68,4533.28,4458.38,11.7227125,93.82430135
801710,2024-12-30,4465.19,4502.49,4502.93,4442.64,11.16239768,84.35777082
801710,2024-12-31,4390.94,4470.94,4479.5,4387.6,10.65557399,82.11842745
801710,2025-01-02,4328.94,4397.57,4438.24,4301.75,11.37118613,92.357854
801710,2025-01-03,4253.5,4342.56,4373.63,4236.8,11.84778197,92.09722731
801710,2025-01-06,4253.4,4244.54,4288.39,4207.12,9.28712233,70.26735738
801710,2025-01-07,4290.81,4253.82,4290.81,4234.4,9.04466655,64.60546284
801710,2025-01-08,4269.44,4283.55,4290.64,4195.49,9.49110945,68.96749012
801710,2025-01-09,4265.69,4254.82,4287.71,4223.53,7.96973871,61.15550747
801710,2025-01-10,4184.09,4276.35,4276.35,4184.09,8.25819002,60.66274316
801710,2025-01-13,4191.36,4146.63,4207.97,4124.79,7.76963921,53.1353386
801710,2025-01-14,4302.39,4191.15,4302.39,4183.75,10.7460722,75.92438489
801710,2025-01-15,4299.96,4292.57,4321.89,4254.31,9.44972544,65.28824081
801710,2025-01-16,4325.92,4305.45,4363.65,4293.29,9.94285106,67.21272052
801710,2025-01-17,4335.15,4311.37,4353.53,4266.32,8.3356415,62.32210584
801710,2025-01-20,4305.5,4339.95,4349.23,4294.66,9.20250784,68.89604632
801710,2025-01-21,4296.31,4317.79,4319.58,4270.15,8.61686437,61.39444295
801710,2025-01-22,4252.97,4283.67,4283.67,4238.0,7.27428932,51.40386948
801710,2025-01-23,4257.02,4287.73,4327.74,4257.02,8.82435047,65.30734198
801710,2025-01-24,4278.32,4259.16,4282.63,4249.72,7.89024157,56.59746887
801710,2025-01-27,4335.12,4303.72,4380.74,4303.72,9.92837843,70.49625847
801710,2025-02-05,4243.6,4340.97,4340.97,4235.81,10.47236078,75.57634892
801710,2025-02-06,4258.84,4236.59,4258.84,4195.96,10.17126255,72.01892236
801710,2025-02-07,4322.29,4254.32,4341.39,4245.58,13.41679565,91.31627741
801710,2025-02-10,4357.44,4322.18,4358.27,4307.77,11.79622335,81.27577759
801710,2025-02-11,4334.28,4360.26,4360.26,4301.06,9.84396117,68.64653081
801710,2025-02-12,4345.17,4327.96,4345.17,4297.64,9.20407056,65.53895588
801710,2025-02-13,4370.38,4349.08,4403.93,4349.08,11.54061353,90.36335955
801710,2025-02-14,4331.66,4368.26,4380.14,4320.43,9.66436016,70.1283249
801710,2025-02-17,4322.56,4335.26,4335.26,4294.11,11.34733527,83.19662577
801710,2025-02-18,4270.56,4322.05,4324.78,4259.46,11.85048873,83.1892164
801710,2025-02-19,4294.77,4275.01,4298.68,4270.19,10.8127932,79.0762569
801710,2025-02-20,4299.53,4291.06,4301.43,4272.57,10.42565198,78.10970682
801710,2025-02-21,4289.89,4293.07,4307.59,4252.39,12.05425995,99.53395443
801710,2025-02-24,4365.49,4290.7,4368.74,4290.7,14.46316684,115.28420168
801710,2025-02-25,4317.66,4333.43,4352.73,4309.98,12.33089125,100.91373227
801710,2025-02-26,4381.95,4318.21,4381.95,4318.21,12.73331405,97.04900821
801710,2025-02-27,4401.26,4384.34,4427.86,4360.06,12.81930195,100.5848784
801710,2025-02-28,4359.65,4401.66,4418.28,4357.12,13.47512126,105.94050443
801710,2025-03-03,4394.72,4360.45,4439.32,4360.45,12.07527458,93.24193578
801710,2025-03-04,4395.45,4375.64,4396.51,4355.83,8.63657205,66.2776428
801710,2025-03-05,4421.27,4399.04,4427.02,4378.61,10.02732681,81.85098768
801710,2025-03-06,4449.28,4432.76,4453.64,4405.97,12.09561119,92.76437894
801710,2025-03-07,4474.0,4438.82,4489.22,4430.9,11.08523469,90.08575124
801710,2025-03-10,4518.38,4483.66,4519.37,4475.5,11.5124099,92.77401621
801710,2025-03-11,4531.77,4474.92,4531.77,4472.48,10.4251913,80.98208165
801710,2025-03-12,4496.63,4536.16,4538.47,4487.86,10.41045624,82.47285812
801710,2025-03-13,4486.24,4486.5,4496.29,4454.14,9.61255691,76.30968313
801710,2025-03-14,4526.85,4493.22,4526.85,4462.81,10.6184823,83.27916303
801710,2025-03-17,4619.7,4541.91,4628.6,4541.91,12.54341839,102.93603525
801710,2025-03-18,4615.72,4618.93,4618.93,4593.55,9.89373754,76.37043167
801710,2025-03-19,4598.88,4614.01,4633.65,4583.74,11.35445722,78.9065413
801710,2025-03-20,4603.77,4616.54,4633.12,4595.45,11.41714477,80.04029419
801710,2025-03-21,4590.18,4596.9,4648.33,4568.91,13.37185308,92.88311521
801710,2025-03-24,4542.53,4585.59,4586.03,4489.24,12.74676405,88.33567003
801710,2025-03-25,4525.14,4530.97,4542.21,4492.89,9.46908921,69.84978502
801710,2025-03-26,4540.05,4521.62,4551.04,4515.64,10.32498493,67.04204875
801710,2025-03-27,4535.78,4524.78,4559.33,4500.31,9.46505059,70.79058921
801710,2025-03-28,4506.41,4540.95,4548.32,4485.4,9.72275153,67.13170005
801710,2025-03-31,4473.7,4502.8,4519.27,4436.68,10.09035199,72.80606906
801710,2025-04-01,4487.42,4451.54,4500.9,4449.54,9.08396202,69.48498286
801710,2025-04-02,4471.27,4485.23,4508.23,4466.43,7.24003816,55.76994492
801710,2025-04-03,4493.83,4446.11,4522.5,4446.11,9.48219412,75.276212
801710,2025-04-07,4167.51,4304.18,4330.68,4091.33,13.51029418,99.43638618
801710,2025-04-08,4264.15,4167.87,4275.92,4157.71,14.93899169,122.32968408
801710,2025-04-09,4380.42,4224.29,4391.58,4124.57,15.04161996,123.69392724
801710,2025-04-10,4412.39,4410.1,4436.97,4367.33,12.44107878,105.12944974
801710,2025-04-11,4385.25,4394.17,4420.3,4356.36,9.68952289,84.61959285
801710,2025-04-14,4397.72,4397.05,4413.31,4384.16,9.73965161,85.8113177
801710,2025-04-15,4382.28,4394.65,4394.65,4350.58,7.67241672,70.65961071
801710,2025-04-16,4351.19,4370.03,4370.03,4309.25,7.88040764,69.96777026
801710,2025-04-17,4405.1,4329.91,4428.56,4321.73,8.17312705,74.4023995
801710,2025-04-18,4396.76,4395.94,4403.07,4363.68,8.09242602,66.82097827
801710,2025-04-21,4407.94,4395.03,4411.31,4375.21,8.33416818,69.64287041
801710,2025-04-22,4452.79,4404.52,4464.23,4404.05,9.40717838,74.35277774
801710,2025-04-23,4434.55,4457.18,4465.2,4433.48,10.39755021,89.73779392
801710,2025-04-24,4408.44,4441.22,4446.65,4377.15,9.52882552,78.89090936
801710,2025-04-25,4406.55,4410.75,4444.65,4384.73,10.29049657,86.48951109
801710,2025-04-28,4337.4,4404.7,4404.7,4335.16,10.41651716,81.85387553
801710,2025-04-29,4347.8,4334.1,4361.07,4326.67,10.37783801,75.54453076
801710,2025-04-30,4312.12,4355.96,4359.46,4311.22,11.61354801,86.36443395
801710,2025-05-06,4381.83,4336.35,4381.83,4336.35,11.34568904,87.6184978
801710,2025-05-07,4415.72,4432.72,4457.2,4393.22,12.16951583,94.64227526
801710,2025-05-08,4424.43,4402.79,4428.6,4386.89,9.57131958,76.06479923
801710,2025-05-09,4422.16,4427.35,4429.38,4403.92,9.71631785,81.68998057
801710,2025-05-12,4433.09,4438.54,4438.54,4415.28,9.9330727,84.83962762
801710,2025-05-13,4430.55,4457.39,4457.57,4425.36,9.13321759,74.42124296
801710,2025-05-14,4437.94,4424.3,4451.24,4403.06,8.2998819,66.32844407
801710,2025-05-15,4407.17,4432.43,4432.43,4401.15,7.29538025,61.91029804
801710,2025-05-16,4411.39,4409.06,4426.48,4396.08,7.14222788,68.71069195
801710,2025-05-19,4442.91,4412.59,4444.44,4412.59,9.09694417,80.65083678
801710,2025-05-20,4446.22,4446.87,4457.42,4421.23,9.29997286,80.65364423
801710,2025-05-21,4452.07,4437.51,4453.59,4429.09,8.68662179,74.24809294
801710,2025-05-22,4403.76,4440.26,4441.22,4401.66,8.11040381,66.83718906
801710,2025-05-23,4362.79,4402.8,4422.73,4362.79,8.24165035,68.70381376
801710,2025-05-26,4364.64,4360.09,4381.68,4343.46,7.79050087,65.42949555
801710,2025-05-27,4352.38,4355.02,4365.38,4338.94,6.94591591,59.96220697
801710,2025-05-28,4342.07,4349.15,4357.99,4334.61,6.87554657,58.25408325
801710,2025-05-29,4373.59,4338.17,4377.18,4335.34,8.66284839,72.85472875
801710,2025-05-30,4370.54,4370.46,4386.29,4358.33,9.56783606,85.55366179
801710,2025-06-03,4347.91,4354.78,4367.62,4341.38,10.23659582,93.24377542
801710,2025-06-04,4409.69,4351.36,4409.69,4351.21,10.60343896,92.7996787
801710,2025-06-05,4370.22,4408.69,4408.69,4359.77,10.24049068,89.48300561
801710,2025-06-06,4398.25,4378.73,4409.39,4378.72,11.45823355,91.50818685
801710,2025-06-09,4400.69,4396.16,4402.03,4388.87,9.94171516,79.06209828
801710,2025-06-10,4351.89,4402.75,4402.75,4326.56,10.30413331,83.11610348
801710,2025-06-11,4372.02,4353.35,4384.35,4353.35,7.79178668,61.34586354
801710,2025-06-12,4360.1,4370.73,4370.73,4346.13,8.81737412,71.89234779
801710,2025-06-13,4276.63,4340.94,4340.94,4273.92,10.89280204,83.93297714
801710,2025-06-16,4287.0,4269.75,4298.3,4269.75,9.39385465,78.56178753
801710,2025-06-17,4305.4,4295.69,4325.24,4291.58,8.80314659,77.00725887
801710,2025-06-18,4252.83,4300.78,4300.84,4246.72,8.90303039,74.77554833
801710,2025-06-19,4202.45,4249.65,4276.0,4192.54,8.69496417,76.92720668
801710,2025-06-20,4215.69,4204.56,4237.82,4204.56,8.36778035,72.25667896
801710,2025-06-23,4228.7,4195.46,4233.06,4181.77,8.82743171,70.24326789
801710,2025-06-24,4296.43,4235.56,4296.43,4235.56,10.32973821,79.95618233
801710,2025-06-25,4329.81,4299.46,4329.81,4290.47,10.13145893,82.50726244
801710,2025-06-26,4319.67,4328.69,4343.45,4317.56,9.55625315,77.72072295
801710,2025-06-27,4317.34,4312.09,4332.59,4308.22,8.25693142,71.25776684
801710,2025-06-30,4336.66,4312.97,4339.59,4301.6,10.06158703,85.04459355
801710,2025-07-01,4381.09,4334.01,4381.57,4328.12,11.79168565,99.63746497
801710,2025-07-02,4443.36,4400.79,4443.36,4376.73,19.4320881,144.56928028
801710,2025-07-03,4484.64,4444.6,4485.71,4444.6,19.81627341,152.5705046
801710,2025-07-04,4488.43,4486.52,4516.04,4476.07,21.50557373,165.01414417
801710,2025-07-07,4534.84,4495.6,4548.73,4495.6,18.70988272,151.83295598
801710,2025-07-08,4631.2,4532.48,4642.48,4532.48,22.28445324,181.40017234
801710,2025-07-09,4624.98,4644.44,4668.31,4615.82,26.43386343,219.12959338
801710,2025-07-10,4669.46,4613.02,4687.54,4613.02,24.23291348,203.23947383
801710,2025-07-11,4638.31,4667.88,4667.88,4615.76,22.19972489,189.44702734
801710,2025-07-14,4662.54,4656.67,4687.28,4644.12,18.34636462,161.72568524
801710,2025-07-15,4601.26,4648.98,4665.1,4591.64,18.67106003,160.89079632
801710,2025-07-16,4593.31,4607.68,4618.06,4574.79,15.25156054,133.03242982
801710,2025-07-17,4641.38,4590.01,4641.38,4590.01,16.48819749,142.2489743
801710,2025-07-18,4627.73,4642.93,4647.64,4608.4,14.27066408,121.88512075
801710,2025-07-21,4908.23,4744.74,4908.23,4732.61,32.02500037,270.75210046
801710,2025-07-22,5128.73,5006.95,5128.73,4989.98,40.78227368,365.52505687
801710,2025-07-23,5012.41,5206.74,5206.74,5012.41,39.5300992,369.23179371
801710,2025-07-24,5093.19,4993.49,5110.19,4985.57,32.5664931,297.87974077
801710,2025-07-25,5007.18,5101.15,5101.15,5004.75,31.74270534,319.52221131
801710,2025-07-28,5006.99,4984.98,5008.39,4940.92,26.04753593,256.85222101
801710,2025-07-29,5014.56,5011.2,5036.23,4945.0,27.55429631,286.37374428
801710,2025-07-30,5003.93,4998.91,5046.56,4991.54,24.63859184,266.3076678
801710,2025-07-31,4916.22,4990.7,4994.63,4895.77,25.16356368,262.475153
801710,2025-08-01,4891.6,4891.25,4927.45,4891.01,16.43247157,182.15353915
801710,2025-08-04,4888.83,4876.32,4898.7,4867.07,16.98576286,189.3010226
801710,2025-08-05,4903.68,4894.0,4913.33,4872.47,16.75230783,185.97730948
801710,2025-08-06,4892.61,4893.54,4893.54,4866.39,15.32129245,161.87173344
801710,2025-08-07,4893.01,4912.59,4914.96,4869.59,16.82599992,175.7620031
801710,2025-08-08,4949.67,4876.3,4961.43,4876.3,20.06195271,205.34343826
801710,2025-08-11,5017.73,4982.21,5023.61,4982.21,24.32322756,223.90708661
801710,2025-08-12,4994.72,5000.48,5000.48,4974.31,19.99365286,192.87211861
801710,2025-08-13,5024.71,5002.45,5029.3,4988.82,19.10317373,196.48457389
801710,2025-08-14,4978.39,5039.0,5070.39,4978.39,23.52947089,241.02704819
801710,2025-08-15,5092.2,4981.78,5114.4,4981.78,22.999205,233.95455556
801710,2025-08-18,5146.27,5151.4,5176.52,5112.45,25.20100982,275.33848592
801710,2025-08-19,5124.97,5134.8,5155.35,5100.71,22.91211655,252.00685334
801710,2025-08-20,5145.4,5108.58,5145.4,5090.46,18.39234127,193.47663909
801710,2025-08-21,5153.93,5158.8,5186.46,5137.63,22.96331309,230.22097455
801710,2025-08-22,5240.54,5155.36,5240.54,5155.36,25.02794275,229.62030406
801710,2025-08-25,5355.99,5274.31,5366.31,5267.71,28.60764742,289.08913422
801710,2025-08-26,5333.13,5354.11,5373.1,5317.47,23.84424138,238.63268513
801710,2025-08-27,5170.53,5316.23,5321.83,5170.53,24.24904813,247.74455309
801710,2025-08-28,5237.66,5179.67,5237.66,5104.81,24.2623487,244.44492945
801710,2025-08-29,5248.01,5328.49,5356.24,5226.53,20.76482571,238.05565373
801710,2025-09-01,5261.71,5256.18,5266.72,5218.22,20.27834611,225.8794715
801710,2025-09-02,5138.52,5262.34,5262.34,5112.38,18.92762454,206.81522175
801710,2025-09-03,5059.28,5137.27,5137.27,5040.77,14.59941892,144.65151992
801710,2025-09-04,5017.89,5053.97,5071.48,4962.12,16.41061041,157.49048334
801710,2025-09-05,5101.73,5024.48,5101.73,5014.62,14.76735465,147.27729191
801710,2025-09-08,5180.81,5115.04,5187.19,5114.97,17.75011129,173.50969825
801710,2025-09-09,5171.39,5161.18,5199.17,5140.4,15.47546566,149.73882566
801710,2025-09-10,5185.32,5160.12,5201.3,5138.9,15.33304193,153.50024678
801710,2025-09-11,5264.52,5196.06,5265.56,5185.53,17.80106905,185.58499943
801710,2025-09-12,5226.79,5252.92,5268.42,5223.29,18.52343844,192.49780697
801710,2025-09-15,5246.52,5219.0,5254.59,5195.53,15.95147556,162.79151586
801710,2025-09-16,5248.58,5251.61,5266.43,5187.23,15.23032251,147.54110044
801710,2025-09-17,5250.53,5240.23,5266.12,5220.91,13.73976433,143.89936489
801710,2025-09-18,5194.6,5239.79,5287.13,5153.58,19.53897164,200.49486629
801710,2025-09-19,5249.34,5192.23,5259.25,5192.23,17.58770692,180.61352308
801710,2025-09-22,5199.52,5234.14,5234.14,5158.09,16.52267808,161.05214483
801710,2025-09-23,5147.53,5204.97,5209.24,5062.91,17.68605315,170.50483489
801710,2025-09-24,5186.06,5129.32,5186.06,5099.49,14.1714435,142.07633131
801710,2025-09-25,5181.73,5235.31,5235.31,5155.52,14.98543864,158.47619487
801710,2025-09-26,5138.6,5151.05,5190.63,5130.66,12.68284575,121.95823354
801710,2025-09-29,5203.82,5135.66,5204.77,5097.11,12.98542387,127.25415364
801710,2025-09-30,5210.65,5204.5,5237.52,5197.26,11.51247466,115.19416343
801710,2025-10-09,5248.7,5228.9,5248.7,5196.08,15.63193942,151.48793169
801710,2025-10-10,5349.43,5246.89,5368.73,5228.55,20.67638977,197.99321144
801710,2025-10-13,5287.01,5178.6,5293.49,5178.6,17.02883519,161.07684838
801710,2025-10-14,5261.02,5307.37,5348.81,5244.29,16.33445625,164.34059417
801710,2025-10-15,5342.4,5260.61,5347.81,5260.61,14.6905161,151.06955627
801710,2025-10-16,5243.12,5335.4,5335.4,5225.23,14.83279881,142.26806279
801710,2025-10-17,5129.37,5223.69,5249.73,5122.81,12.86709375,126.2506802
801710,2025-10-20,5163.71,5162.19,5171.76,5132.92,11.38923365,110.47794843
801710,2025-10-21,5230.97,5168.65,5232.2,5168.65,14.30737314,134.22905332
801710,2025-10-22,5238.77,5215.73,5287.19,5208.64,15.31381984,157.1231403
801710,2025-10-23,5191.05,5221.01,5221.01,5127.38,14.24910613,138.6676298
801710,2025-10-24,5211.62,5207.27,5228.84,5180.32,15.3740842,148.89404846
801710,2025-10-27,5270.48,5259.17,5297.22,5252.65,16.56861679,182.48868468
801710,2025-10-28,5270.76,5250.49,5301.91,5250.49,16.50668179,175.82513314
801710,2025-10-29,5330.26,5288.41,5330.41,5274.17,18.4385445,193.62635433
801710,2025-10-30,5241.86,5314.34,5314.34,5226.94,16.83531968,177.54985763
801710,2025-10-31,5278.74,5261.56,5322.32,5261.56,16.95800542,179.01158487
801710,2025-11-03,5263.03,5278.18,5278.18,5217.44,16.96165715,167.59384079
801710,2025-11-04,5214.05,5255.96,5255.96,5186.26,15.97831055,147.41964769
801710,2025-11-05,5256.5,5168.51,5270.92,5168.51,17.48450084,155.06325906
801710,2025-11-06,5256.51,5246.04,5258.91,5220.98,16.07672496,145.72240821
801710,2025-11-07,5320.78,5244.94,5337.16,5244.94,18.50921467,179.55524344
801710,2025-11-10,5352.99,5325.94,5353.59,5303.89,17.46869916,163.35251257
801710,2025-11-11,5370.99,5368.69,5392.51,5347.38,18.57632463,178.52522529
801710,2025-11-12,5329.4,5363.79,5363.79,5300.77,17.77600095,171.41494248
801710,2025-11-13,5417.39,5318.66,5435.64,5318.66,17.91448287,177.37223632
801710,2025-11-14,5372.44,5390.33,5422.59,5372.44,18.12980219,176.20813432
801710,2025-11-17,5322.49,5366.54,5366.54,5310.38,16.7414425,157.08980341
801710,2025-11-18,5251.65,5313.66,5316.58,5237.17,16.90766264,144.61381803
801710,2025-11-19,5161.76,5240.58,5255.63,5147.45,13.96986037,117.52490389
801710,2025-11-20,5234.15,5190.06,5266.39,5187.28,13.87364486,139.04540072
801710,2025-11-21,5067.41,5189.31,5224.63,5067.41,18.46533607,162.83347252
801710,2025-11-24,5076.04,5090.66,5113.79,5036.23,14.28782305,131.98765315
801710,2025-11-25,5156.63,5098.3,5169.49,5093.53,13.50159765,123.99526839
801710,2025-11-26,5156.92,5165.38,5212.7,5152.11,14.22494032,145.71892827
801710,2025-11-27,5119.11,5166.59,5166.59,5116.16,15.42402426,147.09161135
801710,2025-11-28,5172.4,5108.89,5172.4,5092.75,14.45611036,127.42448807
801710,2025-12-01,5227.37,5194.76,5270.2,5194.76,18.4125314,179.07380777
801710,2025-12-02,5244.15,5214.33,5247.47,5198.16,15.9388248,155.51279327
801710,2025-12-03,5211.92,5238.02,5248.14,5204.12,14.41129457,139.54544245
801710,2025-12-04,5178.83,5204.04,5214.52,5174.21,15.00199353,129.49938164
801710,2025-12-05,5252.51,5183.81,5254.81,5161.51,18.21555241,166.09477101
801710,2025-12-08,5278.56,5277.55,5310.53,5255.65,19.01051668,182.78896707
801710,2025-12-09,5209.78,5274.45,5274.45,5208.84,17.64393828,170.02220581
801710,2025-12-10,5244.65,5207.76,5252.44,5183.59,14.79154546,140.93095992
801710,2025-12-11,5202.82,5265.15,5265.15,5202.82,18.15915584,160.11215196
801710,2025-12-12,5178.51,5210.41,5218.33,5164.27,21.49004547,201.84242614
801710,2025-12-15,5225.47,5148.82,5255.49,5146.25,20.19754865,196.29349301
801710,2025-12-16,5148.75,5203.22,5226.99,5132.71,18.82105083,183.75656686
801710,2025-12-17,5179.95,5141.0,5185.77,5079.11,16.57790312,163.48857307
801710,2025-12-18,5165.38,5142.75,5203.81,5142.75,15.67032416,162.18652609
801710,2025-12-19,5211.88,5175.88,5222.35,5166.8,16.88559232,162.21037126
801710,2025-12-22,5257.99,5222.74,5265.69,5210.75,16.67967418,184.13266853
801710,2025-12-23,5304.21,5261.15,5343.88,5261.15,19.60223299,221.12964323
801710,2025-12-24,5395.44,5301.59,5396.85,5301.59,20.55827143,227.26449029
801710,2025-12-25,5430.94,5413.41,5438.91,5382.45,16.33121904,170.17462996
801710,2025-12-26,5449.43,5437.02,5465.06,5420.14,21.36931135,224.69862086
801710,2025-12-29,5388.86,5441.87,5441.87,5379.88,21.54698435,215.23009083
801710,2025-12-30,5361.92,5360.86,5403.15,5332.08,19.17996127,205.73134996
801710,2025-12-31,5362.85,5368.94,5384.34,5325.53,19.3878337,201.44882728
801710,2026-01-05,5457.47,5390.71,5462.93,5390.71,20.65269302,228.26868176
801710,2026-01-06,5494.26,5446.3,5494.26,5430.37,20.83826484,222.81908895
801710,2026-01-07,5486.67,5497.06,5518.09,5474.17,19.64745127,215.63303449
801710,2026-01-08,5559.72,5472.05,5568.45,5461.12,21.44582444,222.82064885
801710,2026-01-09,5560.36,5566.57,5577.07,5528.1,20.72872552,228.06818965
801710,2026-01-12,5613.29,5562.73,5613.29,5559.74,24.60976297,259.31430085
801710,2026-01-13,5508.11,5609.96,5609.96,5497.76,21.52205021,208.73848978
801710,2026-01-14,5512.67,5500.43,5572.17,5463.09,28.04237096,235.90071823
801710,2026-01-15,5543.73,5508.95,5559.06,5508.95,26.59737316,230.21441845
801710,2026-01-16,5522.93,5550.53,5568.18,5516.3,22.29118803,226.11991543
801710,2026-01-19,5611.72,5499.55,5612.71,5496.15,20.34445919,205.89118183
801710,2026-01-20,5707.48,5625.47,5707.48,5618.61,24.69938554,277.89907023
801710,2026-01-21,5784.26,5684.58,5795.43,5651.67,21.22465388,247.51844538
801710,2026-01-22,6020.57,5817.87,6021.8,5817.87,28.16994918,320.48706251
801710,2026-01-23,6032.51,6022.54,6041.45,5984.04,32.93339332,333.73765992
801710,2026-01-26,5991.41,6032.96,6042.88,5959.91,28.67990964,288.48646528
801710,2026-01-27,5965.6,5966.38,6001.55,5902.97,22.14024174,226.82171368
801710,2026-01-28,6095.4,5944.76,6135.37,5936.69,23.38828889,292.03157145
801710,2026-01-29,6160.52,6097.43,6180.93,6097.43,27.02305036,344.34267341
801710,2026-01-30,6076.69,6095.13,6133.77,5940.43,23.27700182,266.27098084
801710,2026-02-02,5832.42,6016.81,6019.97,5829.47,21.84994177,252.00709429
801710,2026-02-03,6037.7,5906.85,6043.36,5874.98,21.90968383,249.74206869
801710,2026-02-04,6247.88,6034.79,6252.78,6034.79,30.73746445,336.9170557
801710,2026-02-05,6174.11,6206.26,6275.59,6139.51,21.29260745,254.13792654
801710,2026-02-06,6119.02,6151.06,6218.14,6090.02,18.58302348,218.16312073
801710,2026-02-09,6218.83,6193.92,6218.83,6161.74,20.38932839,226.56669989
801710,2026-02-10,6224.7,6222.23,6232.5,6133.03,21.34766869,250.45020951
801710,2026-02-11,6429.79,6258.96,6478.54,6258.96,21.88001847,268.26950215
801710,2026-02-12,6495.12,6463.23,6532.73,6463.23,24.5882693,358.41831564
801710,2026-02-13,6293.85,6466.51,6466.51,6284.74,20.27980614,287.36304863
801710,2026-02-24,6527.18,6426.97,6534.4,6413.84,21.38692051,295.56425524
801710,2026-02-25,6706.6,6577.24,6745.06,6572.16,28.42892252,398.99981154
801710,2026-02-26,6668.19,6686.24,6686.24,6607.79,24.90239874,345.84941833
801710,2026-02-27,6571.81,6595.67,6618.18,6504.37,21.23692786,319.47030765
801710,2026-03-02,6624.92,6470.81,6671.79,6470.81,22.18480117,305.74581091
801710,2026-03-03,6343.22,6653.44,6653.44,6337.85,21.85397443,287.95374304
801710,2026-03-04,6284.77,6258.55,6410.13,6258.55,17.00200271,208.29870199
801710,2026-03-05,6290.39,6385.11,6385.11,6252.83,15.72073772,208.73827953
801710,2026-03-06,6287.85,6257.88,6303.04,6218.29,15.15647743,192.34619719
801710,2026-03-09,6173.4,6166.92,6182.75,6039.31,16.28145179,205.46426978
801710,2026-03-10,6301.18,6233.81,6307.4,6233.81,17.36535458,233.78109992
801710,2026-03-11,6294.99,6319.2,6340.81,6266.93,16.12738788,210.36003995
801710,2026-03-12,6249.06,6266.3,6276.07,6184.08,16.46674235,203.07727093
801710,2026-03-13,6206.97,6240.37,6335.61,6193.73,17.86406411,212.82687714
801710,2026-03-16,6108.52,6205.47,6205.47,6034.67,17.45147014,216.45033917
801710,2026-03-17,6013.57,6129.56,6183.37,6013.57,17.73584393,203.96669847
801710,2026-03-18,6053.73,6051.19,6058.15,5970.42,15.75443289,176.84672122
801710,2026-03-19,5834.73,5991.57,5991.57,5814.08,16.02381388,176.33467083
801710,2026-03-20,5713.71,5869.03,5879.67,5713.71,15.32022479,166.63980012
801710,2026-03-23,5500.4,5620.93,5664.62,5475.69,19.26291741,195.31149064
801710,2026-03-24,5701.61,5602.93,5701.61,5517.91,18.86460925,184.09855939
801710,2026-03-25,5830.45,5760.54,5836.65,5760.54,15.69533352,176.31970405
801710,2026-03-26,5745.56,5819.78,5875.73,5727.18,16.2854149,188.36981423
801710,2026-03-27,5777.87,5666.23,5788.22,5666.23,14.26041528,161.04988183
801710,2026-03-30,5874.58,5699.73,5888.13,5697.27,18.00337821,218.64811528
801710,2026-03-31,5801.73,5860.56,5921.24,5801.73,16.66204883,211.9076084
801710,2026-04-01,5922.13,5965.14,5965.14,5892.86,16.28729709,229.42541106
801710,2026-04-02,5837.27,5905.71,5905.71,5805.69,14.37691223,177.76276449
801710,2026-04-03,5730.12,5849.84,5849.84,5725.91,14.95839088,177.19462131
801710,2026-04-07,5785.37,5742.66,5836.51,5742.66,13.26555503,165.86964046
801710,2026-04-08,6001.62,5915.23,6001.62,5899.77,16.26211718,224.22450411
801710,2026-04-09,5958.48,5946.71,5973.26,5903.41,13.96162185,192.58736597
801710,2026-04-10,6037.02,6033.22,6122.09,5998.04,15.11168188,233.90506136
801710,2026-04-13,6206.56,6003.79,6219.07,6003.79,17.37129911,263.04306172
801710,2026-04-14,6257.0,6262.06,6264.2,6191.0,18.6866605,312.44963781
801710,2026-04-15,6178.53,6238.53,6310.76,6162.19,16.34369317,286.34375572
801710,2026-04-16,6281.22,6214.71,6292.48,6200.22,17.56760675,282.04861956
801710,2026-04-17,6284.73,6266.29,6321.08,6215.19,17.7811153,281.39533841
801710,2026-04-20,6247.16,6266.79,6318.76,6230.4,19.10757339,292.11780807
801710,2026-04-21,6260.25,6255.12,6269.41,6224.13,17.16719582,262.54468256
801710,2026-04-22,6292.98,6228.2,6294.82,6196.71,18.35286087,290.15047629
801710,2026-04-23,6291.73,6326.98,6362.07,6257.08,21.06397974,345.90513785
801710,2026-04-24,6242.43,6254.06,6285.51,6160.72,19.67861597,280.07925256
801710,2026-04-27,6286.12,6266.54,6322.48,6266.54,19.4100706,283.18536421
801710,2026-04-28,6331.86,6268.01,6349.44,6238.72,20.81913267,320.60817772
801710,2026-04-29,6484.36,6304.81,6500.53,6304.81,22.41402554,335.31474533
801710,2026-04-30,6403.33,6479.81,6479.81,6331.34,23.61526664,361.90569367
801710,2026-05-06,6659.99,6450.88,6670.42,6450.88,24.4613681,376.25218649
801710,2026-05-07,6772.12,6696.08,6782.66,6669.48,23.35305689,360.51945783
801710,2026-05-08,6768.09,6724.64,6821.47,6707.19,20.85041389,322.73209945
801710,2026-05-11,6858.1,6803.7,6877.13,6718.8,22.89260381,369.79112984
801710,2026-05-12,6869.36,6858.68,6883.31,6729.97,22.52878265,361.66119855
801710,2026-05-13,6848.41,6804.35,6864.33,6741.21,22.99796753,380.91363729
801710,2026-05-14,6735.23,6879.45,6879.45,6705.0,20.8236809,347.80555832
801710,2026-05-15,6502.63,6739.46,6745.28,6468.15,21.39999671,364.44931759
801710,2026-05-18,6480.06,6481.84,6512.71,6420.03,18.19789306,294.36029556
801710,2026-05-19,6487.58,6472.24,6494.44,6363.77,18.32321878,318.12390866
801710,2026-05-20,6510.61,6452.01,6536.19,6397.99,17.63582973,291.21703418
801710,2026-05-21,6423.51,6554.66,6684.37,6414.53,24.15427111,382.96900386
801710,2026-05-22,6672.06,6444.09,6675.36,6444.09,24.07539586,371.82392315
801710,2026-05-25,6796.23,6748.7,6805.22,6678.45,25.82306771,390.47975374
801710,2026-05-26,6860.63,6744.98,6920.2,6736.1,24.90054143,419.42037625
801710,2026-05-27,6681.46,6852.29,6865.79,6627.16,22.55179095,366.32087278
801710,2026-05-28,6933.87,6653.25,6933.87,6653.25,20.69453903,382.53481731
801710,2026-05-29,6798.91,6955.09,6955.09,6770.66,22.36115558,362.91973864
801710,2026-06-01,6607.43,6707.49,6707.49,6580.91,21.48066453,331.81116209
801710,2026-06-02,6603.06,6519.16,6619.74,6460.84,22.78031897,404.3172545
801710,2026-06-03,6491.56,6567.01,6634.23,6436.09,22.59557985,405.74139945
801710,2026-06-04,6464.9,6426.02,6506.22,6406.83,21.40139881,327.39471059
801710,2026-06-05,6461.34,6442.54,6615.51,6432.01,25.90249006,372.10325916
801710,2026-06-08,6250.45,6241.48,6379.38,6164.4,25.70706619,330.99293756
801710,2026-06-09,6490.5,6382.84,6491.27,6336.79,26.38246562,378.02018728
801710,2026-06-10,6410.88,6469.07,6507.71,6330.89,24.7139028,383.77343591
801710,2026-06-11,6481.57,6365.57,6523.39,6314.09,22.40657422,381.78746428
801710,2026-06-12,6513.93,6572.55,6660.23,6505.13,25.11858358,436.74394844
801710,2026-06-15,6839.48,6610.9,6839.48,6592.13,22.8877662,395.09304721
801710,2026-06-16,7129.78,6933.17,7151.81,6927.22,24.13402266,462.71231434
801710,2026-06-17,7437.07,7129.24,7511.76,7129.24,26.27443501,519.22516562
801710,2026-06-18,7277.28,7320.4,7378.25,7191.5,29.51548356,561.24010205
801710,2026-06-22,7506.64,7304.46,7511.26,7223.01,28.90794156,539.30058706
801710,2026-06-23,7314.72,7501.63,7551.49,7247.88,25.61897186,490.24550095
801710,2026-06-24,7614.67,7266.26,7629.3,7266.26,24.00339481,484.42885785
801710,2026-06-25,7912.48,7643.6,7932.44,7643.6,25.11267435,513.68938756
801710,2026-06-26,8068.03,7929.2,8276.11,7901.34,25.81453438,599.38301141
801710,2026-06-29,7786.97,8107.29,8107.29,7596.13,21.66088212,556.41912403
801710,2026-06-30,7843.93,7665.82,8020.1,7637.14,24.3871072,541.31167496
801710,2026-07-01,7771.75,7908.51,7920.71,7723.55,23.97078117,477.17995398
801710,2026-07-02,7515.64,7547.12,7748.83,7429.36,20.34118819,426.6671072
801710,2026-07-03,7683.18,7519.87,7895.76,7438.11,22.0298319,511.9067122
801710,2026-07-06,7241.63,7708.32,7714.55,7237.7,21.28774204,485.7291863
801710,2026-07-07,6987.47,7238.31,7263.51,6923.34,18.84825439,389.95937245
801710,2026-07-08,6730.52,7039.63,7043.49,6715.49,16.71295001,365.80368133
801710,2026-07-09,6849.11,6796.19,6866.41,6564.41,18.87262248,412.82288274
801710,2026-07-10,6727.79,6855.59,7057.46,6727.79,21.48061341,444.0833994
801710,2026-07-13,6323.86,6625.14,6650.35,6303.95,18.98419469,367.39464909
801710,2026-07-14,6630.76,6301.51,6645.22,6301.51,17.92825098,378.21534968
801710,2026-07-15,6516.85,6646.22,6668.72,6498.75,17.17109931,324.48989517
801710,2026-07-16,6232.29,6353.8,6455.2,6213.43,14.55053886,291.0756724
801710,2026-07-17,5921.53,6213.07,6230.36,5848.31,17.33989736,298.46470452
801710,2026-07-20,5603.61,6022.02,6022.02,5558.14,19.83796359,318.39738971
801710,2026-07-21,5822.77,5654.99,5839.55,5372.11,21.52424817,357.3654456
801710,2026-07-22,5617.06,5775.53,5845.52,5590.09,16.79751341,313.36964531
801710,2026-07-23,5677.73,5614.39,5751.53,5614.39,14.39557133,234.80790369
801710,2026-07-24,5499.96,5606.4,5635.97,5488.6,12.01039909,187.39968486
801710,2026-07-27,5799.35,5498.96,5799.35,5498.96,14.95684842,291.45589644
801710,2026-07-28,5618.72,5705.82,5762.88,5591.51,13.92494315,271.59622696
801710,2026-07-29,5689.69,5627.06,5712.09,5541.02,19.08895285,364.9929154
801710,2026-07-30,5600.76,5641.62,5730.02,5510.09,18.93027611,375.19399
801710,2026-07-31,5655.7,5802.42,5817.88,5651.86,19.55486431,431.24329488
801710,2026-08-03,5489.94,5599.66,5623.53,5478.09,17.07428697,316.3832655
801710,2026-08-04,5618.29,5525.79,5637.19,5471.89,16.5280357,316.98464548
801710,2026-08-05,5837.92,5596.89,5859.99,5596.89,17.80043507,364.14609575
801710,2026-08-06,5973.44,5791.59,5999.16,5791.59,19.36554285,415.15439537
801710,2026-08-07,6172.17,5982.18,6203.9,5924.83,21.14481489,489.41146933
801710,2026-08-10,6193.76,6213.25,6213.25,6083.64,19.01975897,421.25300205
801710,2026-08-11,6142.79,6115.73,6224.15,6047.48,16.2627196,355.64416517
801710,2026-08-12,6202.16,6117.41,6204.62,6112.58,14.73554681,307.70417004
801710,2026-08-13,6046.46,6240.16,6248.48,6046.46,15.51082951,337.74671561
801710,2026-08-14,6156.24,6063.99,6181.26,6032.03,13.61887354,321.49724684
801710,2026-08-17,6298.89,6168.62,6298.89,6168.62,14.22670982,344.48110106
801710,2026-08-18,6231.8,6292.26,6346.99,6175.4,13.77456938,311.24713938
801710,2026-08-19,5915.54,6078.6,6129.01,5904.05,16.12458158,318.71047952
801710,2026-08-20,5923.32,5941.99,5971.6,5870.21,13.50070519,265.73260391
801710,2026-08-21,5927.26,5870.15,5935.5,5747.63,12.73617062,243.47753522
801710,2026-08-24,5778.38,5946.75,5952.91,5692.77,13.36164354,271.56164984
801710,2026-08-25,5795.9,5698.24,5824.27,5659.63,11.7363717,206.79555068
801710,2026-08-26,5840.75,5820.95,5872.85,5767.87,11.59886652,182.62466343
801710,2026-08-27,6007.74,5855.34,6008.99,5840.94,12.83075062,260.88151018
801710,2026-08-28,6043.77,6000.02,6093.63,6000.02,13.65880861,269.25537048
801710,2026-08-31,6043.89,5971.41,6062.06,5968.34,14.91959009,268.39917148
801710,2026-09-01,5961.98,6115.52,6115.52,5961.98,15.53473736,333.29919209
801710,2026-09-02,5963.48,5888.63,5994.65,5862.72,14.89990038,281.27666599
801710,2026-09-03,5913.05,5982.77,5995.96,5884.93,14.53036342,249.6260621
801710,2026-09-04,5786.31,5952.82,5952.82,5755.19,15.80578958,274.17830684
801710,2026-09-07,5866.37,5803.77,5895.63,5799.47,12.88153254,237.99054326
801710,2026-09-08,5887.31,5858.01,5974.98,5858.01,13.61321715,229.44333784
801710,2026-09-09,5918.37,5928.35,5956.06,5886.85,12.6695916,228.53478599
801710,2026-09-10,5955.27,5877.14,6012.87,5870.87,17.32057656,298.42082111
801710,2026-09-11,5962.76,5884.03,5981.78,5754.72,22.34347661,374.05768241
801710,2026-09-14,6003.82,5893.16,6043.19,5862.4,17.89445273,342.33456639
801710,2026-09-15,6027.26,5990.07,6143.66,5990.07,17.73094288,398.30599401
801710,2026-09-16,6081.13,6020.68,6090.95,5927.97,16.71032091,369.36165452
801710,2026-09-17,6108.96,6125.38,6281.83,6107.5,20.74683774,481.35729846
801710,2026-09-18,6101.16,6220.14,6220.14,6017.03,20.47560793,463.18308357
801710,2026-09-21,6260.72,6087.2,6260.72,6087.2,20.7495351,426.92002548
801710,2026-09-22,6202.88,6284.29,6324.5,6170.12,17.35493626,406.27612672
801710,2026-09-23,6183.26,6173.63,6251.2,6154.87,17.27333628,291.44450496
801710,2026-09-24,6009.24,6147.25,6150.14,6005.72,19.19703415,313.2211325
801710,2026-09-28,5741.67,5970.16,5970.16,5712.42,16.91989675,277.6489441
801710,2026-09-29,5799.94,5719.45,5816.78,5719.41,12.49426965,190.58106061
801710,2026-09-30,5796.95,5816.48,5820.86,5735.11,13.1529843,187.41165821
