代码,日期,收盘,开盘,最高,最低,成交量,成交额
801950,2014-02-21,997.49,996.02,1015.05,974.68,0.271547,6.00218274
801950,2014-02-24,992.19,986.58,1011.78,977.75,0.24678244,5.64100512
801950,2014-02-25,910.23,993.91,996.64,895.15,0.69260042,14.93553309
801950,2014-02-26,899.24,905.87,911.95,859.04,0.3466471,7.04347333
801950,2014-02-27,904.85,904.8,946.94,901.06,0.44186995,9.18800921
801950,2014-02-28,926.41,904.57,935.33,892.71,0.2547666,5.29302971
801950,2014-03-03,953.47,951.88,984.0,939.63,0.40057155,8.73538876
801950,2014-03-04,966.74,949.19,980.7,939.38,0.3865453,8.3505535
801950,2014-03-05,945.46,962.42,973.36,937.67,0.27084446,5.78998989
801950,2014-03-06,928.0,944.33,949.33,915.29,0.2147877,4.54292944
801950,2014-03-07,920.27,928.06,945.32,917.44,0.17328002,3.61520113
801950,2014-03-10,889.99,902.2,909.3,871.76,0.24827452,4.99037431
801950,2014-03-11,882.34,885.73,897.61,871.57,0.17611434,3.49228649
801950,2014-03-12,879.48,883.62,892.08,862.31,0.17552961,3.44193412
801950,2014-03-13,909.6,881.53,915.32,876.88,0.2756235,5.56210901
801950,2014-03-14,892.29,904.49,907.71,884.66,0.16240486,3.18496022
801950,2014-03-17,907.22,905.59,917.49,889.95,0.20909995,4.19321227
801950,2014-03-18,906.26,909.44,918.02,898.55,0.21495305,4.25175495
801950,2014-03-19,898.32,895.28,903.08,878.17,0.15818496,3.1290119
801950,2014-03-20,859.68,892.75,897.47,859.25,0.20810526,3.92622718
801950,2014-03-21,883.5,857.96,889.51,842.94,0.23367787,4.6041355
801950,2014-03-24,879.57,885.54,894.7,875.24,0.16168821,3.16254022
801950,2014-03-25,883.2,881.6,891.89,872.72,0.11796299,2.29228936
801950,2014-03-26,878.35,883.53,889.66,868.76,0.12987281,2.50022918
801950,2014-03-27,859.43,872.08,880.2,858.75,0.14333144,2.6893123
801950,2014-03-28,823.53,859.59,863.98,818.73,0.25192662,4.58088133
801950,2014-03-31,832.12,824.09,839.07,813.45,0.13727345,2.47761358
801950,2014-04-01,841.26,833.13,844.21,824.82,0.14402414,2.63743696
801950,2014-04-02,832.77,841.51,846.59,829.59,0.10545125,1.90635627
801950,2014-04-03,830.67,836.73,846.1,823.63,0.15658648,2.78156117
801950,2014-04-04,846.73,828.97,847.18,827.1,0.13526558,2.40942012
801950,2014-04-08,895.04,845.66,910.36,842.71,0.39860415,7.95416375
801950,2014-04-09,901.83,899.36,910.91,885.6,0.32228041,6.42916589
801950,2014-04-10,903.47,895.62,909.27,886.77,0.10541964,1.82265661
801950,2014-04-11,900.43,895.39,905.06,885.6,0.07194057,1.23451812
801950,2014-04-14,903.71,894.45,909.5,887.71,0.07375652,1.27778308
801950,2014-04-15,904.17,908.25,922.37,891.22,0.14207139,2.49758912
801950,2014-04-16,905.11,897.96,910.21,886.54,0.07227795,1.25005475
801950,2014-04-17,889.56,920.41,925.84,884.11,0.26144337,5.785867
801950,2014-04-18,897.73,883.63,901.28,880.35,0.16361424,3.3537394
801950,2014-04-21,869.86,885.71,901.6,868.53,0.16017758,3.13893586
801950,2014-04-22,881.49,869.65,888.26,847.33,0.19598929,3.85215194
801950,2014-04-23,913.41,878.27,917.98,872.29,0.30796898,6.43978719
801950,2014-04-24,890.56,914.4,921.49,888.37,0.23022232,4.77365782
801950,2014-04-25,869.55,889.78,892.45,866.93,0.1259455,2.5412084
801950,2014-04-28,839.78,862.79,863.73,831.55,0.16373174,3.1161011
801950,2014-04-29,851.18,845.37,856.9,830.27,0.12932967,2.55358059
801950,2014-04-30,853.35,848.8,862.2,847.4,0.1030701,2.03070532
801950,2014-05-05,866.01,854.22,869.3,846.15,0.09346302,1.83322389
801950,2014-05-06,877.26,866.01,884.95,864.28,0.14433007,2.87109123
801950,2014-05-07,857.88,874.06,876.62,856.09,0.09448115,1.87229525
801950,2014-05-08,869.66,855.81,884.28,853.34,0.1230594,2.55261911
801950,2014-05-09,863.71,874.81,875.04,851.73,0.10944689,2.15706483
801950,2014-05-12,881.68,872.6,885.58,866.21,0.20201542,3.93561872
801950,2014-05-13,886.75,880.59,888.27,873.44,0.16633266,3.29720558
801950,2014-05-14,879.99,884.3,890.47,878.43,0.11645995,2.34810725
801950,2014-05-15,872.86,880.56,903.84,871.27,0.22976355,4.54502177
801950,2014-05-16,879.69,871.97,889.77,867.29,0.14962714,2.98739202
801950,2014-05-19,850.43,901.74,906.99,847.03,0.24527582,5.00594981
801950,2014-05-20,859.07,849.89,865.36,832.12,0.29723586,5.61816326
801950,2014-05-21,863.19,853.23,866.43,847.09,0.18222676,3.39090322
801950,2014-05-22,856.92,864.82,877.72,855.59,0.23026673,4.27363836
801950,2014-05-23,859.67,855.76,864.65,849.28,0.14277184,2.65010746
801950,2014-05-26,860.63,871.12,875.13,854.24,0.19785192,3.67673383
801950,2014-05-27,850.53,859.7,867.8,849.44,0.12675597,2.42104562
801950,2014-05-28,860.65,850.52,861.74,840.63,0.21082398,3.92620096
801950,2014-05-29,854.07,863.5,870.57,850.36,0.18821187,3.54182228
801950,2014-05-30,881.64,859.68,888.53,853.06,0.43111805,7.82826972
801950,2014-06-03,877.83,881.84,887.95,871.74,0.27551151,5.09730598
801950,2014-06-04,861.37,873.57,875.58,851.43,0.21100511,3.89489151
801950,2014-06-05,872.25,861.04,877.46,851.44,0.20588854,3.95295259
801950,2014-06-06,862.08,872.04,876.81,854.8,0.14624257,2.74292869
801950,2014-06-09,869.0,862.96,880.58,860.42,0.17913377,3.57499557
801950,2014-06-10,875.22,869.0,879.82,862.01,0.18192702,3.38091334
801950,2014-06-11,874.03,873.75,884.72,869.16,0.17508093,3.38224549
801950,2014-06-12,908.26,878.83,922.91,877.45,0.37543601,7.92928948
801950,2014-06-13,909.92,912.0,918.53,901.06,0.28420776,5.89751195
801950,2014-06-16,927.85,911.12,935.84,904.66,0.37913275,7.84526772
801950,2014-06-17,907.38,923.94,926.1,906.27,0.18491799,3.75090868
801950,2014-06-18,914.1,920.13,948.24,907.7,0.31307384,6.81011278
801950,2014-06-19,883.53,902.94,916.54,869.1,0.22603862,4.5909028
801950,2014-06-20,886.81,881.6,889.67,873.53,0.10207293,2.02943719
801950,2014-06-23,885.63,892.76,904.44,882.31,0.15196904,3.03384504
801950,2014-06-24,913.87,887.66,916.58,878.12,0.22216206,4.54976546
801950,2014-06-25,903.36,908.55,918.03,899.5,0.21216955,4.3192401
801950,2014-06-26,907.38,904.29,914.51,899.65,0.17014417,3.46402819
801950,2014-06-27,926.64,913.81,937.07,906.22,0.30137819,6.49002062
801950,2014-06-30,986.35,931.88,1004.11,931.88,0.75648145,15.90725075
801950,2014-07-01,964.0,998.22,999.36,958.02,0.47800463,10.24281956
801950,2014-07-02,975.85,963.51,1004.66,957.96,0.54931047,11.72231699
801950,2014-07-03,963.87,971.18,982.99,959.34,0.28753286,6.25544142
801950,2014-07-04,961.36,962.37,969.12,948.33,0.23332343,5.01356583
801950,2014-07-07,980.19,966.87,992.28,958.87,0.53238081,10.94439823
801950,2014-07-08,972.74,979.29,1006.02,957.74,0.62758436,12.91948262
801950,2014-07-09,975.51,964.74,1022.13,956.04,0.88679294,18.62359343
801950,2014-07-10,955.41,970.0,988.02,950.24,0.5269784,10.89353868
801950,2014-07-11,975.42,955.98,985.59,943.6,0.45174567,9.25940184
801950,2014-07-14,968.33,977.91,988.55,956.58,0.39410365,8.19732888
801950,2014-07-15,970.93,969.41,990.65,955.96,0.37601024,7.83934382
801950,2014-07-16,925.54,968.75,970.84,921.49,0.4649689,9.33979115
801950,2014-07-17,924.72,924.83,932.03,914.91,0.21285292,4.2310058
801950,2014-07-18,929.26,937.39,945.63,921.67,0.22974941,4.58253512
801950,2014-07-21,935.92,929.7,939.04,909.87,0.31753837,6.13901165
801950,2014-07-22,935.88,930.52,943.13,921.02,0.25536534,5.13213766
801950,2014-07-23,931.16,934.97,952.28,925.23,0.33661799,6.73091393
801950,2014-07-24,922.53,939.17,942.95,897.28,0.34998394,7.05782394
801950,2014-07-25,925.8,922.58,929.18,915.54,0.18094731,3.59079531
801950,2014-07-28,955.53,932.83,960.81,929.58,0.49170881,10.01347549
801950,2014-07-29,974.99,969.98,990.83,955.65,0.50263463,10.61597498
801950,2014-07-30,987.24,973.52,1008.05,959.32,0.64492715,13.46329083
801950,2014-07-31,992.65,982.79,1007.32,973.79,0.43269943,9.26666852
801950,2014-08-01,965.03,986.18,1005.4,962.77,0.43551252,9.42005582
801950,2014-08-04,975.57,966.76,990.52,964.95,0.31096709,6.69361463
801950,2014-08-05,976.24,984.08,985.91,962.59,0.29383371,6.1394017
801950,2014-08-06,996.81,972.36,1006.7,965.91,0.5773038,12.20003519
801950,2014-08-07,980.62,1000.35,1011.25,978.39,0.41598511,8.94007448
801950,2014-08-08,993.17,982.72,1002.45,981.56,0.39130817,8.29208019
801950,2014-08-11,1004.54,1007.75,1015.96,993.3,0.43409893,9.37481784
801950,2014-08-12,1009.74,1011.67,1022.24,999.78,0.54136198,11.45542196
801950,2014-08-13,989.73,1006.01,1009.87,979.44,0.4089323,8.62998767
801950,2014-08-14,991.61,987.43,1021.42,979.17,0.47144916,10.81023329
801950,2014-08-15,1009.23,996.43,1020.35,994.34,0.34394549,7.7251978
801950,2014-08-18,1027.09,1013.0,1031.61,1005.13,0.39285736,9.05081654
801950,2014-08-19,1025.06,1027.09,1038.25,1009.81,0.46893737,10.48076874
801950,2014-08-20,1014.58,1024.34,1028.02,1010.23,0.32866692,7.22082349
801950,2014-08-21,1008.64,1012.42,1023.48,1000.52,0.31947522,7.02920693
801950,2014-08-22,1003.48,1009.01,1017.23,999.7,0.27978673,6.05912497
801950,2014-08-25,994.96,1004.88,1011.89,992.72,0.21803246,4.72428409
801950,2014-08-26,1000.25,992.79,1017.68,970.48,0.3378493,7.60085327
801950,2014-08-27,1066.49,1021.79,1069.98,1020.39,0.38780248,9.14711384
801950,2014-08-28,1045.45,1118.63,1118.63,1039.02,0.72910646,19.92907623
801950,2014-08-29,1075.22,1041.44,1079.15,1037.49,0.41809102,10.79282072
801950,2014-09-01,1088.37,1093.69,1120.2,1083.3,0.60654667,14.90921246
801950,2014-09-02,1156.2,1089.58,1171.34,1080.97,1.12444797,26.77117168
801950,2014-09-03,1165.4,1151.47,1195.3,1141.04,1.38162462,32.71225926
801950,2014-09-04,1175.18,1163.35,1228.6,1154.62,1.16032497,28.94446718
801950,2014-09-05,1174.83,1171.24,1182.73,1151.52,0.70541073,17.31591119
801950,2014-09-09,1189.99,1169.39,1211.63,1166.42,0.83683199,20.87552409
801950,2014-09-10,1189.49,1186.3,1218.58,1167.96,0.62810265,15.92713254
801950,2014-09-11,1187.86,1186.26,1223.4,1173.07,0.72256059,18.25596027
801950,2014-09-12,1219.21,1190.99,1223.37,1186.58,0.76276514,19.26031322
801950,2014-09-15,1212.16,1225.45,1241.79,1208.19,0.70614544,18.33671021
801950,2014-09-16,1145.0,1207.72,1212.95,1141.32,0.83643615,21.06058936
801950,2014-09-17,1154.56,1146.71,1165.31,1123.59,0.5160366,12.57084542
801950,2014-09-18,1146.03,1153.18,1165.55,1138.19,0.33232335,8.15593606
801950,2014-09-19,1174.28,1146.46,1181.34,1136.78,0.47927153,11.83886373
801950,2014-09-22,1138.46,1167.77,1168.92,1131.47,0.34812814,8.74669609
801950,2014-09-23,1170.01,1136.42,1180.02,1136.19,0.49147868,12.44117801
801950,2014-09-24,1212.51,1165.37,1224.91,1159.72,0.69819107,18.27016546
801950,2014-09-25,1228.22,1220.0,1263.49,1201.66,0.79264631,21.14606921
801950,2014-09-26,1212.24,1233.03,1241.48,1203.0,0.45317558,12.01650766
801950,2014-09-29,1214.09,1218.65,1235.56,1195.07,0.43045688,11.26613602
801950,2014-09-30,1199.69,1216.45,1216.45,1190.68,0.31938221,8.28426524
801950,2014-10-08,1211.62,1201.05,1229.42,1190.82,0.46305342,12.03835074
801950,2014-10-09,1193.61,1205.4,1220.76,1182.66,0.45323209,11.54704082
801950,2014-10-10,1203.13,1183.78,1216.77,1176.83,0.52977437,13.50142831
801950,2014-10-13,1221.63,1198.41,1227.35,1173.97,0.52719211,14.32139479
801950,2014-10-14,1224.81,1212.51,1267.83,1205.3,0.66218276,18.07418641
801950,2014-10-15,1194.39,1219.34,1224.07,1178.29,0.46171826,12.01588245
801950,2014-10-16,1167.64,1183.75,1200.49,1164.3,0.36739063,9.22537404
801950,2014-10-17,1151.2,1158.15,1173.98,1128.69,0.33997549,8.46267552
801950,2014-10-20,1155.88,1154.43,1164.97,1144.88,0.20545995,5.19859143
801950,2014-10-21,1131.35,1154.55,1158.92,1124.58,0.23786265,5.83922837
801950,2014-10-22,1157.29,1131.8,1186.4,1131.58,0.39496691,10.25221605
801950,2014-10-23,1160.33,1151.91,1178.56,1149.75,0.295937,7.53068249
801950,2014-10-24,1148.08,1165.07,1176.55,1145.82,0.20520464,5.16731604
801950,2014-10-27,1164.8,1149.52,1172.17,1133.49,0.22031667,5.66669208
801950,2014-10-28,1217.06,1168.15,1221.16,1164.21,0.56299612,14.60472337
801950,2014-10-29,1213.46,1224.5,1229.49,1201.17,0.49285968,12.99465327
801950,2014-10-30,1186.25,1212.54,1216.99,1174.39,0.5046864,13.10417615
801950,2014-10-31,1179.57,1188.4,1194.71,1158.61,0.37271596,9.49091206
801950,2014-11-03,1181.12,1177.82,1195.06,1169.91,0.26382563,6.76586909
801950,2014-11-04,1157.38,1179.83,1182.91,1150.03,0.28908526,7.35238526
801950,2014-11-05,1159.12,1161.09,1178.02,1149.92,0.23954712,5.97645774
801950,2014-11-06,1159.52,1164.07,1168.61,1147.03,0.22691084,5.65576852
801950,2014-11-07,1149.75,1162.39,1174.65,1145.48,0.23941115,6.16756078
801950,2014-11-10,1157.88,1152.16,1166.13,1129.18,0.31910793,8.17459998
801950,2014-11-11,1115.53,1166.1,1172.54,1109.03,0.51646574,12.90713806
801950,2014-11-12,1126.45,1109.95,1137.7,1107.86,0.24616975,6.07097286
801950,2014-11-13,1077.04,1124.34,1125.86,1058.61,0.51825322,11.99143975
801950,2014-11-14,1077.84,1067.94,1090.93,1050.8,0.26352952,6.05692739
801950,2014-11-17,1094.08,1079.89,1107.69,1071.3,0.28607696,6.89348576
801950,2014-11-18,1083.69,1091.95,1097.84,1076.9,0.1853563,4.29992529
801950,2014-11-19,1089.71,1083.46,1097.23,1069.64,0.23279686,5.53948398
801950,2014-11-20,1074.23,1086.1,1087.91,1070.94,0.15988805,3.68965099
801950,2014-11-21,1078.64,1078.0,1084.11,1071.37,0.16137978,3.75633182
801950,2014-11-24,1106.98,1089.29,1115.65,1078.69,0.40101833,9.41422642
801950,2014-11-25,1115.09,1108.1,1128.08,1104.14,0.38273047,9.29089648
801950,2014-11-26,1140.86,1128.03,1150.35,1109.33,0.43705132,11.15994028
801950,2014-11-27,1128.98,1138.48,1151.58,1116.98,0.41513704,10.37863393
801950,2014-11-28,1107.1,1129.71,1140.0,1097.37,0.35787357,9.02006512
801950,2014-12-01,1081.18,1103.31,1111.96,1073.3,0.36607616,8.76788708
801950,2014-12-02,1093.33,1081.64,1105.31,1081.64,0.30119569,7.16558229
801950,2014-12-03,1151.34,1092.64,1152.67,1075.85,0.76655843,18.495845
801950,2014-12-04,1172.27,1146.91,1195.6,1141.88,0.80625631,20.45232722
801950,2014-12-05,1289.5,1199.75,1289.5,1135.93,1.77386573,47.81955048
801950,2014-12-08,1378.08,1340.51,1414.01,1318.45,1.86841083,55.99336032
801950,2014-12-09,1240.47,1374.83,1400.64,1240.47,1.53426011,44.26265569
801950,2014-12-10,1273.5,1219.66,1295.91,1171.7,0.99933199,27.25227784
801950,2014-12-11,1273.4,1262.43,1299.71,1230.58,0.74598657,20.47289057
801950,2014-12-12,1274.15,1272.32,1288.1,1255.05,0.44278426,12.12511392
801950,2014-12-15,1318.48,1220.31,1333.18,1209.63,1.29590173,36.55241176
801950,2014-12-16,1337.02,1326.07,1394.66,1323.04,1.03246149,30.87435031
801950,2014-12-17,1324.71,1337.28,1374.75,1311.07,0.70542239,20.93459912
801950,2014-12-18,1405.78,1320.76,1436.61,1306.6,1.04671643,32.56598998
801950,2014-12-19,1385.77,1380.63,1401.2,1333.32,0.74542846,22.90326538
801950,2014-12-22,1343.18,1392.9,1440.31,1334.41,0.5980073,18.63491593
801950,2014-12-23,1277.05,1331.58,1353.62,1263.19,0.52668023,15.48588859
801950,2014-12-24,1304.11,1277.33,1339.1,1271.06,0.50805495,14.80879842
801950,2014-12-25,1337.79,1309.61,1350.4,1294.35,0.48349427,14.29600518
801950,2014-12-26,1337.03,1337.78,1352.36,1303.94,0.50427082,14.95994965
801950,2014-12-29,1333.3,1331.46,1360.73,1277.21,0.68911515,20.16063789
801950,2014-12-30,1277.49,1326.7,1330.16,1270.54,0.48278215,13.84426278
801950,2014-12-31,1287.49,1281.39,1309.7,1270.58,0.35217122,10.11299222
801950,2015-01-05,1308.72,1298.47,1321.45,1275.01,0.43676892,12.63399038
801950,2015-01-06,1370.02,1306.37,1398.26,1296.82,0.76986066,23.25928981
801950,2015-01-07,1353.92,1376.04,1388.0,1341.0,0.54171914,16.48666004
801950,2015-01-08,1348.08,1348.11,1380.33,1335.2,0.44660307,13.58085513
801950,2015-01-09,1310.15,1343.05,1361.47,1304.17,0.44373653,13.26679286
801950,2015-01-12,1276.84,1298.37,1311.13,1251.64,0.5072581,14.19828018
801950,2015-01-13,1302.51,1287.66,1331.58,1280.75,0.51972039,15.41479302
801950,2015-01-14,1305.3,1304.34,1331.13,1285.94,0.35687262,10.46210845
801950,2015-01-15,1315.72,1302.44,1328.35,1275.31,0.36003843,10.30700959
801950,2015-01-16,1326.48,1316.59,1334.86,1303.9,0.35113354,10.22159414
801950,2015-01-19,1253.17,1270.52,1333.59,1224.99,0.55711236,15.98133932
801950,2015-01-20,1295.08,1259.23,1309.97,1254.9,0.45562089,12.92794364
801950,2015-01-21,1342.28,1292.5,1351.28,1288.57,0.57370484,16.87700592
801950,2015-01-22,1436.41,1342.26,1475.4,1333.1,0.99398813,31.04104862
801950,2015-01-23,1389.59,1431.49,1434.73,1382.48,0.65985444,20.60043912
801950,2015-01-26,1434.51,1416.23,1462.19,1413.04,0.59294622,18.89366256
801950,2015-01-27,1436.12,1451.67,1461.24,1405.53,0.51088199,16.25756579
801950,2015-01-28,1388.3,1436.33,1437.23,1372.83,0.4638886,14.41395295
801950,2015-01-29,1366.02,1370.58,1395.42,1359.94,0.26650913,8.137154
801950,2015-01-30,1358.89,1379.71,1393.74,1348.56,0.32739398,9.95715863
801950,2015-02-02,1362.93,1348.88,1381.7,1337.95,0.27505784,8.31850416
801950,2015-02-03,1363.99,1368.67,1377.74,1343.83,0.39406035,11.83972529
801950,2015-02-04,1381.93,1366.96,1428.46,1364.41,0.59276194,18.31927998
801950,2015-02-05,1340.55,1395.03,1398.43,1338.28,0.49390399,14.83821791
801950,2015-02-06,1295.82,1339.36,1347.67,1288.02,0.33993892,9.77389068
801950,2015-02-09,1297.75,1287.71,1319.64,1283.07,0.19963881,5.75236276
801950,2015-02-10,1320.91,1303.81,1327.9,1297.97,0.22677035,6.55593374
801950,2015-02-11,1337.01,1321.61,1345.7,1317.89,0.23901066,7.00705361
801950,2015-02-12,1322.58,1336.81,1337.93,1309.97,0.23554743,6.82582873
801950,2015-02-13,1333.3,1323.19,1353.24,1319.51,0.3561695,10.52790509
801950,2015-02-16,1358.02,1335.79,1365.15,1328.58,0.33595021,10.02558965
801950,2015-02-17,1356.33,1361.99,1371.02,1347.47,0.23908935,7.15839661
801950,2015-02-25,1377.09,1366.05,1395.47,1349.46,0.3883349,11.78428688
801950,2015-02-26,1392.57,1378.72,1402.49,1369.12,0.38428176,11.758321
801950,2015-02-27,1446.09,1409.64,1494.79,1409.64,0.91327008,29.64381523
801950,2015-03-02,1459.71,1453.22,1473.29,1421.47,0.54024126,17.33415314
801950,2015-03-03,1456.56,1456.42,1492.79,1434.55,0.65717296,21.47963495
801950,2015-03-04,1462.07,1467.49,1495.73,1435.24,0.57132601,18.5826549
801950,2015-03-05,1423.55,1467.72,1471.66,1409.74,0.4873364,15.47781845
801950,2015-03-06,1418.85,1426.2,1439.07,1400.29,0.34172881,10.75309593
801950,2015-03-09,1428.69,1408.6,1433.49,1394.64,0.30410366,9.55637165
801950,2015-03-10,1420.1,1425.74,1434.89,1408.93,0.27393156,8.62475886
801950,2015-03-11,1398.17,1418.37,1434.63,1389.5,0.33624275,10.53739303
801950,2015-03-12,1405.38,1405.69,1417.77,1387.89,0.25292294,7.87495807
801950,2015-03-13,1410.19,1400.96,1421.69,1394.69,0.2868574,9.0023398
801950,2015-03-16,1452.63,1418.23,1455.32,1414.12,0.50470587,16.1647631
801950,2015-03-17,1495.34,1461.39,1525.44,1443.42,0.87401737,29.05468175
801950,2015-03-18,1547.92,1492.8,1576.41,1475.16,0.89825118,30.71924274
801950,2015-03-19,1542.5,1556.29,1581.58,1524.48,0.76094818,26.36178192
801950,2015-03-20,1534.21,1542.93,1574.1,1522.43,0.58237039,19.97787922
801950,2015-03-23,1556.05,1538.37,1567.75,1533.73,0.55567616,19.11671701
801950,2015-03-24,1589.98,1563.49,1623.76,1534.66,0.94108134,33.15927554
801950,2015-03-25,1560.0,1584.68,1593.7,1550.48,0.65630833,22.91815957
801950,2015-03-26,1564.73,1558.05,1605.43,1537.66,0.69226772,24.25438037
801950,2015-03-27,1551.04,1571.12,1586.86,1537.54,0.46770133,16.05206815
801950,2015-03-30,1599.0,1559.47,1609.45,1554.66,0.6198822,21.8085307
801950,2015-03-31,1636.61,1629.15,1694.08,1600.59,0.93473884,34.4213137
801950,2015-04-01,1672.59,1635.27,1681.95,1618.61,0.66269374,24.56927558
801950,2015-04-02,1681.96,1668.35,1702.71,1642.55,0.71852478,26.90870908
801950,2015-04-03,1705.85,1669.43,1717.48,1655.11,0.74484215,27.67873204
801950,2015-04-07,1686.81,1713.42,1725.42,1672.7,0.59715486,22.28645259
801950,2015-04-08,1632.89,1686.15,1690.18,1606.67,0.71553464,25.75276065
801950,2015-04-09,1594.03,1636.72,1647.18,1554.82,0.52296811,18.32929591
801950,2015-04-10,1706.56,1594.03,1711.34,1581.91,0.75864904,28.8866099
801950,2015-04-13,1722.26,1710.32,1761.17,1690.22,0.70860363,27.64996591
801950,2015-04-14,1732.66,1696.04,1759.46,1669.69,0.60681373,23.12623439
801950,2015-04-15,1687.82,1763.72,1775.0,1670.36,0.6085611,23.51207654
801950,2015-04-16,1718.07,1677.31,1747.57,1648.13,0.47180997,18.30246914
801950,2015-04-17,1852.0,1722.23,1875.53,1722.23,1.20374816,47.805472
801950,2015-04-20,1983.92,1836.17,2027.94,1809.79,1.48537591,64.30673788
801950,2015-04-21,1977.42,1993.48,2153.9,1937.92,1.43514577,66.28599658
801950,2015-04-22,2018.84,1984.52,2060.54,1937.03,0.88405663,39.23911123
801950,2015-04-23,1982.43,2024.87,2026.29,1957.86,0.6961475,30.98550257
801950,2015-04-24,2044.32,1979.73,2130.09,1969.47,0.80562246,37.50135721
801950,2015-04-27,2167.1,2151.6,2215.31,2133.97,0.52745413,27.06754975
801950,2015-04-28,2122.49,2173.7,2258.42,2079.25,1.3085283,60.16073641
801950,2015-04-29,2260.58,2086.26,2290.1,2046.51,0.8821048,41.65425856
801950,2015-04-30,2277.97,2304.81,2414.3,2269.1,1.13899663,57.48922038
801950,2015-05-04,2374.8,2291.72,2419.38,2245.16,0.97236141,49.78937254
801950,2015-05-05,2379.67,2398.68,2478.96,2299.47,1.14354062,60.84160581
801950,2015-05-06,2317.16,2398.57,2427.25,2269.65,0.87357737,45.5339318
801950,2015-05-07,2187.66,2283.39,2305.9,2175.13,0.75570342,36.8995942
801950,2015-05-08,2259.59,2201.29,2265.36,2128.65,0.90018832,42.51572818
801950,2015-05-11,2358.13,2287.55,2386.5,2224.22,0.98566587,49.73047879
801950,2015-05-12,2593.93,2393.06,2593.93,2352.36,1.31692802,72.71286022
801950,2015-05-13,2590.87,2639.67,2767.93,2523.25,1.35691911,80.33931193
801950,2015-05-14,2577.28,2585.63,2673.45,2534.39,0.8014685,46.76549234
801950,2015-05-15,2712.72,2577.71,2774.87,2553.33,1.0863841,65.06371935
801950,2015-05-18,2759.58,2770.0,2890.7,2678.43,1.04730776,65.18415089
801950,2015-05-19,2745.83,2752.91,2780.0,2649.61,0.74311564,44.63165059
801950,2015-05-20,2828.58,2760.58,2954.95,2759.52,0.78535684,49.89607047
801950,2015-05-21,2858.54,2891.52,2914.21,2797.59,0.6839821,42.61752953
801950,2015-05-22,2916.3,2867.77,2921.41,2768.21,0.80993957,50.77465105
801950,2015-05-25,3174.01,2875.02,3182.51,2831.09,0.98716067,66.59218419
801950,2015-05-26,3483.58,3303.1,3491.44,3209.55,1.05721353,79.22604867
801950,2015-05-27,3502.56,3512.32,3691.6,3353.55,1.06563172,83.47594352
801950,2015-05-28,3165.8,3435.56,3549.83,3152.31,0.98952913,73.52113641
801950,2015-05-29,3231.75,3106.13,3349.28,2953.07,0.94471018,67.49403168
801950,2015-06-01,3367.82,3212.78,3418.23,3165.32,0.71319454,53.20236422
801950,2015-06-02,3429.12,3363.5,3513.47,3307.56,0.6840809,52.16797391
801950,2015-06-03,3267.48,3411.48,3437.38,3190.66,0.71869862,52.82405303
801950,2015-06-04,3200.18,3300.61,3311.66,2949.97,0.61544785,42.82378715
801950,2015-06-05,3263.51,3248.15,3391.42,3187.23,0.57337416,42.10259807
801950,2015-06-08,3124.13,3261.41,3262.6,3077.28,0.56962909,39.94891183
801950,2015-06-09,3165.43,3106.61,3241.81,3071.15,0.49536367,34.96713895
801950,2015-06-10,3167.7,3134.29,3228.01,3095.49,0.46519596,32.96965438
801950,2015-06-11,3215.68,3162.53,3223.86,3113.01,0.51044199,36.03189129
801950,2015-06-12,3287.67,3250.27,3345.17,3202.7,0.73207406,53.78912601
801950,2015-06-15,3196.96,3319.15,3447.35,3178.67,0.74199385,55.1056994
801950,2015-06-16,2907.82,3159.44,3160.29,2881.31,0.77197469,51.38225541
801950,2015-06-17,2888.64,2868.74,2942.88,2647.97,0.70186689,43.67152774
801950,2015-06-18,2726.89,2878.46,2921.21,2669.14,0.5376998,33.53274318
801950,2015-06-19,2684.82,2716.05,2854.95,2613.53,0.67360208,41.16888795
801950,2015-06-23,2945.91,2717.62,2952.77,2616.34,0.8095818,50.58000339
801950,2015-06-24,3015.81,2988.68,3132.34,2943.73,0.97137407,65.73373404
801950,2015-06-25,2885.29,2993.23,3098.5,2815.69,0.76041653,50.7839988
801950,2015-06-26,2596.82,2754.79,2818.77,2596.82,0.67987979,40.49875274
801950,2015-06-29,2349.16,2689.47,2706.04,2337.09,0.84695497,46.52611022
801950,2015-06-30,2476.78,2300.81,2506.4,2114.29,1.07785161,54.93325003
801950,2015-07-01,2263.91,2461.56,2570.72,2238.58,0.9026643,49.36458373
801950,2015-07-02,2037.68,2223.57,2233.23,2037.68,0.84728409,40.05606903
801950,2015-07-03,1833.73,1903.61,2047.71,1833.73,0.8621007,36.06900555
801950,2015-07-06,1658.87,2017.21,2017.21,1650.5,1.41653741,55.78020655
801950,2015-07-07,1493.04,1558.36,1627.33,1493.04,1.41793474,46.59670908
801950,2015-07-08,1345.88,1343.65,1411.64,1343.65,1.29185662,37.36255749
801950,2015-07-09,1480.43,1283.05,1480.43,1283.05,1.4877529,46.12252686
801950,2015-07-10,1628.51,1596.25,1628.51,1581.99,0.52328451,18.92692548
801950,2015-07-13,1791.42,1775.5,1791.42,1752.83,0.5725162,23.64136088
801950,2015-07-14,1970.54,1907.65,1970.54,1901.52,0.86055307,38.74808521
801950,2015-07-16,2058.13,1910.24,2087.2,1750.95,1.43410754,62.97682903
801950,2015-07-17,2264.06,2067.31,2264.06,2067.31,1.01762596,49.52950966
801950,2015-07-20,2459.54,2389.66,2490.38,2331.19,1.89958249,101.88044445
801950,2015-07-21,2412.47,2410.16,2508.86,2336.46,1.35026595,72.55602892
801950,2015-07-22,2636.37,2423.63,2645.16,2418.28,1.4515135,82.882541
801950,2015-07-23,2711.31,2657.88,2797.57,2543.7,1.42434338,82.88559024
801950,2015-07-24,2757.55,2666.74,2899.05,2647.89,1.48824669,91.20911723
801950,2015-07-27,2501.23,2682.97,2860.68,2484.89,1.74473337,104.75937649
801950,2015-07-28,2534.42,2316.26,2678.8,2296.03,1.8348063,100.13505726
801950,2015-07-29,2787.87,2587.11,2787.87,2473.54,1.67103069,98.53016688
801950,2015-07-30,2828.39,2789.92,3041.59,2674.42,1.88700794,122.56447704
801950,2015-07-31,2545.51,2777.4,2860.52,2545.51,1.42913925,85.65083305
801950,2015-08-03,2291.99,2400.14,2469.52,2291.0,1.08110181,56.03609217
801950,2015-08-04,2521.3,2254.68,2521.3,2254.68,1.42536699,77.16911487
801950,2015-08-05,2504.29,2598.63,2653.85,2436.37,1.537749,87.94571213
801950,2015-08-06,2395.85,2401.09,2536.16,2368.47,0.92650356,50.16208515
801950,2015-08-07,2509.83,2454.02,2537.22,2393.5,0.99945684,54.48759307
801950,2015-08-10,2743.12,2569.35,2755.78,2554.95,1.4308565,84.95666995
801950,2015-08-11,2718.21,2758.81,2834.35,2630.08,1.4335211,86.47931719
801950,2015-08-12,2735.17,2829.4,2890.21,2690.33,1.25120501,77.60330749
801950,2015-08-13,2767.66,2672.55,2784.82,2582.59,1.08847339,64.64842546
801950,2015-08-14,2726.12,2770.79,2807.83,2691.99,0.89174413,54.16076779
801950,2015-08-17,2751.56,2723.59,2855.82,2685.58,1.10041502,68.28544309
801950,2015-08-18,2476.4,2743.36,2747.24,2476.4,1.18848958,68.38185022
801950,2015-08-19,2509.59,2355.0,2547.94,2256.44,1.01871186,54.77279289
801950,2015-08-20,2320.01,2499.33,2527.15,2307.91,0.81882144,44.84977953
801950,2015-08-21,2288.76,2298.58,2466.55,2194.88,0.9284403,48.15917535
801950,2015-08-24,2060.01,2175.12,2225.51,2060.01,0.63887266,29.36900352
801950,2015-08-25,1854.23,1854.23,1886.99,1854.23,0.37817632,15.26612819
801950,2015-08-26,1668.97,1781.29,1907.07,1668.97,1.41806704,55.57670618
801950,2015-08-27,1802.08,1725.92,1804.53,1614.18,1.20281609,46.39177089
801950,2015-08-28,1982.3,1875.78,1982.3,1845.77,0.99107777,42.7403023
801950,2015-08-31,2088.86,2082.87,2125.72,1957.95,1.49936173,67.9069114
801950,2015-09-01,1904.69,1998.99,2023.32,1879.96,1.15537806,48.62982053
801950,2015-09-07,1647.59,1795.48,1907.78,1624.76,0.81305367,31.85681553
801950,2015-09-08,1681.18,1599.26,1705.16,1485.72,0.7876986,27.31669368
801950,2015-09-09,1719.49,1702.46,1797.01,1627.43,1.36587734,51.5215471
801950,2015-09-10,1733.36,1673.65,1805.21,1647.29,1.06745807,41.24323662
801950,2015-09-11,1708.34,1710.4,1769.92,1683.54,0.61646193,23.37413115
801950,2015-09-14,1634.52,1743.09,1770.45,1537.48,0.84048323,30.58730231
801950,2015-09-15,1484.31,1571.95,1594.25,1471.22,0.62171783,20.75722685
801950,2015-09-16,1627.49,1476.74,1632.92,1438.39,0.84006237,28.43727036
801950,2015-09-17,1586.52,1636.5,1715.98,1579.37,1.04383352,38.22600551
801950,2015-09-18,1583.72,1603.43,1629.3,1543.54,0.54573265,19.02536657
801950,2015-09-21,1711.22,1604.6,1714.43,1592.64,0.92001114,33.66306724
801950,2015-09-22,1721.59,1739.31,1787.41,1685.86,0.90916016,34.57950356
801950,2015-09-23,1710.58,1677.46,1748.13,1660.72,0.64418998,24.20189546
801950,2015-09-24,1774.36,1721.27,1803.52,1713.05,0.71792413,28.08830517
801950,2015-09-25,1716.43,1757.0,1809.68,1691.38,0.68536391,26.27469385
801950,2015-09-28,1725.5,1716.48,1751.78,1633.2,0.431162,15.95771306
801950,2015-09-29,1651.96,1694.7,1705.6,1644.1,0.36109712,13.13637464
801950,2015-09-30,1744.31,1676.73,1804.0,1671.3,0.53882988,20.29571911
801950,2015-10-08,1805.34,1749.89,1852.7,1738.08,0.43334267,16.77897264
801950,2015-10-09,1847.06,1766.53,1916.61,1753.91,0.4964584,20.20509443
801950,2015-10-12,1847.06,1817.9,1954.62,1801.79,0.75812901,31.8451819
801950,2015-10-13,1878.09,1809.89,1915.58,1799.73,0.40638181,16.78600405
801950,2015-10-14,1952.17,1984.44,1991.22,1948.68,0.37138356,15.4713528
801950,2015-10-15,2101.73,2032.03,2102.76,1962.82,0.99832165,45.52008045
801950,2015-10-16,2166.33,2128.67,2238.75,2099.88,0.94257433,45.21651224
801950,2015-10-19,2063.31,2178.08,2180.51,2046.95,0.89446254,41.3679383
801950,2015-10-20,2113.43,2050.87,2138.89,2050.87,0.71223352,32.5133889
801950,2015-10-21,2005.59,2117.79,2169.4,1954.02,0.97902666,44.42421272
801950,2015-10-22,2143.45,2000.16,2171.96,1970.26,0.88865876,41.32812082
801950,2015-10-23,2127.55,2154.63,2204.83,2085.51,0.87509385,41.79684234
801950,2015-10-26,2147.5,2145.56,2216.69,2077.67,0.91221265,42.18891578
801950,2015-10-27,2289.16,2147.16,2297.06,2071.07,1.26349924,60.06072495
801950,2015-10-28,2179.68,2295.77,2312.01,2166.14,1.00021679,49.18097508
801950,2015-10-29,2220.16,2189.89,2296.17,2166.72,0.82313001,40.39354734
801950,2015-10-30,2220.73,2205.45,2262.43,2187.18,0.60982124,30.10844176
801950,2015-11-02,2140.06,2208.49,2243.08,2105.66,0.64007736,30.6340762
801950,2015-11-03,2132.02,2154.83,2191.1,2067.38,0.60999839,28.58146677
801950,2015-11-04,2240.75,2173.86,2246.92,2145.23,0.74099188,35.77131162
801950,2015-11-05,2224.59,2232.86,2348.78,2171.36,1.26984087,63.39216878
801950,2015-11-06,2314.86,2219.87,2342.53,2204.9,0.96654301,48.92805692
801950,2015-11-09,2302.51,2290.59,2354.87,2239.35,0.94895123,48.38715072
801950,2015-11-10,2278.07,2287.87,2383.99,2238.87,1.22775305,63.02237428
801950,2015-11-11,2273.71,2308.05,2309.53,2233.07,0.7920303,39.57944771
801950,2015-11-12,2288.64,2278.6,2359.26,2256.3,0.879995,44.8667767
801950,2015-11-13,2240.77,2284.63,2312.66,2214.98,0.85320778,42.721842
801950,2015-11-16,2250.27,2186.41,2258.91,2169.61,0.58688404,28.79696944
801950,2015-11-17,2312.9,2275.77,2419.98,2239.24,1.21642453,62.68956868
801950,2015-11-18,2222.57,2303.84,2327.13,2209.24,0.67210888,33.74458256
801950,2015-11-19,2282.86,2229.81,2290.09,2222.24,0.52369795,25.98179768
801950,2015-11-20,2333.35,2292.08,2386.59,2279.86,0.91464374,47.07634805
801950,2015-11-23,2283.4,2352.96,2384.11,2267.61,0.69889626,35.87894354
801950,2015-11-24,2246.26,2282.0,2292.25,2209.74,0.53958998,26.57867745
801950,2015-11-25,2277.11,2312.37,2320.63,2259.46,0.5307865,26.74700203
801950,2015-11-26,2280.4,2269.86,2337.12,2213.94,0.71819353,35.9654043
801950,2015-11-30,2036.66,2091.36,2117.19,1917.39,0.68700212,30.52134396
801950,2015-12-01,2017.12,2041.63,2067.23,1999.03,0.4171261,18.65554682
801950,2015-12-02,2010.03,2022.43,2034.84,1930.65,0.40808484,17.85620969
801950,2015-12-03,2056.84,2013.93,2059.48,2001.64,0.37049821,16.59066204
801950,2015-12-04,2019.49,2057.75,2068.48,2003.53,0.34667506,15.59131359
801950,2015-12-07,2029.5,2015.74,2044.38,1981.0,0.33223399,14.71971287
801950,2015-12-08,1959.16,2012.19,2012.19,1958.3,0.33330638,14.51860643
801950,2015-12-09,1984.05,1936.29,2011.37,1915.44,0.40633499,17.51532565
801950,2015-12-10,1941.44,1963.65,1991.62,1933.05,0.27602993,11.91174711
801950,2015-12-11,1962.6,1942.22,1993.44,1926.64,0.30520516,13.20224508
801950,2015-12-14,2045.82,1938.78,2062.2,1932.81,0.47313025,21.04007596
801950,2015-12-15,2055.13,2042.41,2091.16,2034.22,0.37032459,16.88794806
801950,2015-12-16,2038.91,2065.48,2072.68,2031.51,0.24323803,10.95070878
801950,2015-12-17,2065.31,2067.74,2089.95,2048.61,0.34473925,15.57203875
801950,2015-12-18,2052.1,2066.71,2082.34,2039.35,0.27573483,12.43819223
801950,2015-12-21,2063.99,2056.25,2078.43,2041.61,0.28863802,13.00587122
801950,2015-12-22,2073.16,2069.29,2085.62,2044.7,0.28062733,12.67901334
801950,2015-12-23,2044.86,2073.78,2088.1,2041.7,0.31232745,14.25210894
801950,2015-12-24,1981.76,2043.51,2049.64,1964.69,0.2799717,12.28006888
801950,2015-12-25,1998.38,1983.41,2005.62,1974.36,0.18213121,7.9622752
801950,2015-12-28,1946.34,1999.44,2018.49,1943.01,0.28293262,12.33836195
801950,2015-12-29,1968.02,1949.67,1980.11,1920.15,0.23773188,10.11468701
801950,2015-12-30,2017.93,1968.02,2041.13,1949.76,0.35458916,15.57131267
801950,2015-12-31,1986.21,2014.06,2030.72,1971.65,0.2210772,9.73022921
801950,2016-01-04,1766.95,1909.54,1929.89,1758.27,6.4428417,46.7098744387
801950,2016-01-05,1775.78,1712.55,1812.85,1680.52,8.48452061,57.602075276099995
801950,2016-01-06,1934.29,1778.35,1938.54,1762.74,16.59073436,120.48773254860001
801950,2016-01-07,1787.89,1921.74,1943.05,1775.25,8.14838033,58.155284508
801950,2016-01-08,1931.74,1852.79,1946.54,1783.79,20.11514626,153.8167307821
801950,2016-01-11,1816.67,1917.36,1950.26,1791.05,23.90572663,162.3415885752
801950,2016-01-12,1778.86,1781.64,1838.38,1698.52,14.75744703,95.3358596567
801950,2016-01-13,1746.79,1769.92,1863.85,1720.06,14.63317928,97.6760490945
801950,2016-01-14,1803.36,1672.37,1840.85,1634.78,14.92093174,95.95181331479999
801950,2016-01-15,1705.45,1775.11,1801.7,1664.78,13.23610711,85.44510389140001
801950,2016-01-18,1672.17,1665.95,1726.24,1619.03,9.6915236,60.3379040366
801950,2016-01-19,1725.48,1670.83,1748.83,1653.46,10.74312557,69.9304755924
801950,2016-01-20,1691.51,1712.06,1739.95,1661.24,9.78169246,63.0421490161
801950,2016-01-21,1654.97,1670.41,1750.44,1642.52,10.80160526,69.391725985
801950,2016-01-22,1715.09,1700.39,1755.18,1668.74,11.07760045,72.0584451852
801950,2016-01-25,1772.89,1750.47,1815.34,1718.99,13.99471053,95.3901778079
801950,2016-01-26,1638.44,1741.19,1768.31,1626.25,10.8134522,70.5167788853
801950,2016-01-27,1678.98,1647.36,1711.17,1585.46,12.08935434,77.989010393
801950,2016-01-28,1605.09,1654.95,1701.7,1592.12,8.64986359,55.6549753847
801950,2016-01-29,1642.3,1601.57,1669.76,1565.21,8.09386889,50.460113739499995
801950,2016-02-01,1571.36,1637.95,1657.69,1535.36,9.14787345,54.3594074158
801950,2016-02-02,1599.75,1569.81,1616.15,1553.24,6.66196704,39.369799524099996
801950,2016-02-03,1574.2,1578.45,1601.04,1530.43,6.78891381,40.3588743832
801950,2016-02-04,1594.98,1587.92,1619.14,1569.67,6.72481865,41.1856361361
801950,2016-02-05,1591.09,1598.04,1620.36,1573.56,5.24375088,31.634083482199998
801950,2016-02-15,1589.91,1544.11,1612.79,1529.37,5.92414852,34.5966393845
801950,2016-02-16,1647.49,1594.62,1671.18,1586.61,9.83899638,59.199388429799995
801950,2016-02-17,1668.14,1638.64,1690.89,1622.29,10.67304285,66.9926166579
801950,2016-02-18,1672.21,1674.0,1739.38,1655.57,11.4996873,74.6088297621
801950,2016-02-19,1669.21,1663.47,1697.14,1645.2,7.47532323,49.236362178
801950,2016-02-22,1739.33,1689.22,1791.29,1672.47,15.80204601,105.1123535235
801950,2016-02-23,1764.02,1733.05,1784.25,1703.33,13.80991742,92.4461214926
801950,2016-02-24,1777.91,1747.86,1803.69,1723.66,12.29324319,81.6088567219
801950,2016-02-25,1645.02,1771.94,1792.99,1628.07,13.56049747,89.0189587154
801950,2016-02-26,1714.84,1668.67,1747.33,1621.66,12.45752204,81.062826335
801950,2016-02-29,1689.89,1701.7,1777.11,1592.91,13.87953503,93.25429279149999
801950,2016-03-01,1725.22,1685.46,1767.98,1643.97,12.28786324,80.1467433259
801950,2016-03-02,1821.62,1716.27,1841.49,1698.23,15.75007438,109.00483647680001
801950,2016-03-03,1813.05,1820.14,1880.45,1785.21,14.60477443,104.9176135976
801950,2016-03-04,1804.95,1811.52,1864.91,1742.89,15.03053944,102.2497736726
801950,2016-03-07,1842.14,1847.11,1878.83,1787.17,14.01920462,97.293469878
801950,2016-03-08,1818.31,1885.17,1901.96,1763.56,15.00892222,107.4515357278
801950,2016-03-09,1723.15,1742.7,1773.84,1694.49,10.46975067,70.9182819947
801950,2016-03-10,1680.67,1733.38,1747.8,1669.04,6.81563133,45.8556226419
801950,2016-03-11,1690.08,1676.18,1716.58,1651.92,6.0340376,40.189807105300005
801950,2016-03-14,1723.39,1708.46,1761.24,1687.64,8.32008006,56.567604869499995
801950,2016-03-15,1694.99,1721.16,1734.89,1677.63,6.17931409,39.8883554016
801950,2016-03-16,1684.04,1703.28,1728.11,1662.44,5.49312944,37.6482277465
801950,2016-03-17,1719.69,1702.9,1739.06,1684.45,7.22070042,48.353365202
801950,2016-03-18,1759.21,1732.91,1784.11,1716.1,9.9473009,66.9151895903
801950,2016-03-21,1793.14,1774.58,1810.34,1746.57,10.72510833,74.1995077422
801950,2016-03-22,1769.2,1783.6,1798.12,1750.91,7.31732825,50.4400086233
801950,2016-03-23,1775.16,1770.7,1801.85,1749.85,6.46815072,45.0699083982
801950,2016-03-24,1730.24,1760.24,1775.49,1715.53,8.19433656,54.92661171020001
801950,2016-03-25,1740.82,1732.4,1756.84,1713.89,4.93741133,32.1874898257
801950,2016-03-28,1726.84,1747.41,1771.74,1715.85,5.83536272,38.398098634
801950,2016-03-29,1709.69,1731.32,1750.91,1686.87,6.47624579,41.9836183196
801950,2016-03-30,1746.34,1721.73,1757.98,1705.99,6.06949591,39.91921312
801950,2016-03-31,1748.44,1753.34,1779.16,1721.14,6.88222828,45.9012770086
801950,2016-04-01,1769.63,1750.21,1798.04,1728.51,9.40384432,64.48910495359999
801950,2016-04-05,1799.66,1772.97,1819.89,1752.34,10.0994438,69.2171757339
801950,2016-04-06,1786.64,1790.46,1814.81,1764.02,7.15139029,49.034892222399996
801950,2016-04-07,1770.79,1795.43,1816.7,1755.15,7.77376183,53.69468580979999
801950,2016-04-08,1773.4,1760.55,1800.54,1735.38,7.16298122,47.4205843461
801950,2016-04-11,1812.31,1788.27,1853.53,1773.43,11.32741211,81.1687326325
801950,2016-04-12,1845.55,1813.65,1860.98,1779.74,9.68683785,68.1877392274
801950,2016-04-13,1903.17,1893.28,1971.47,1872.88,22.19044785,166.8256798886
801950,2016-04-14,1898.49,1900.8,1934.2,1860.1,12.36717717,89.80526129129998
801950,2016-04-15,1893.29,1911.0,1941.85,1867.32,11.2679219,78.4224063993
801950,2016-04-18,1896.32,1880.99,1921.14,1829.88,11.57975294,78.1341665362
801950,2016-04-19,1881.49,1911.83,1939.25,1857.77,10.081433,69.1375284584
801950,2016-04-20,1832.41,1903.01,1930.93,1767.8,13.2166234,90.7437661489
801950,2016-04-21,1861.09,1839.01,1916.11,1815.0,13.37221658,94.945064231
801950,2016-04-22,1852.16,1833.25,1886.45,1801.56,8.93941701,61.3446549462
801950,2016-04-25,1878.92,1848.32,1902.75,1817.69,9.531334,65.8636438701
801950,2016-04-26,1873.08,1882.79,1905.67,1832.29,8.1007689,55.8512195624
801950,2016-04-27,1828.96,1875.16,1889.44,1816.63,8.23566567,58.4108426613
801950,2016-04-28,1836.79,1830.31,1865.51,1784.99,9.11590122,58.979782022600006
801950,2016-04-29,1845.37,1831.95,1874.2,1812.02,5.91574108,42.1478483478
801950,2016-05-03,1854.69,1844.19,1872.95,1812.1,7.64824472,52.760612063100005
801950,2016-05-04,1826.47,1846.07,1859.62,1808.85,6.94300779,48.298938863800004
801950,2016-05-05,1830.39,1828.41,1852.37,1799.01,7.48776215,49.904852022200004
801950,2016-05-06,1746.39,1829.83,1843.06,1737.51,9.5486827,63.1378600778
801950,2016-05-09,1648.67,1739.32,1752.24,1636.51,8.59890359,55.42572188689999
801950,2016-05-10,1641.47,1645.21,1675.15,1621.44,5.89478444,33.9321632905
801950,2016-05-11,1637.15,1659.16,1672.84,1619.74,4.98237768,30.1383639109
801950,2016-05-12,1633.45,1627.29,1652.52,1586.69,5.05425737,29.037076986
801950,2016-05-13,1624.15,1629.46,1658.61,1605.43,4.58163818,27.1670511109
801950,2016-05-16,1633.02,1626.55,1647.06,1599.08,3.98457221,23.2673775223
801950,2016-05-17,1641.48,1644.77,1682.36,1624.04,6.61460354,40.824229363200004
801950,2016-05-18,1601.49,1631.36,1650.65,1579.16,5.77002216,33.4483752507
801950,2016-05-19,1598.76,1609.72,1634.76,1590.02,4.08817098,23.2737676475
801950,2016-05-20,1607.73,1592.98,1620.39,1571.85,3.15690228,17.7918636497
801950,2016-05-23,1618.4,1613.98,1637.68,1600.47,3.57892902,20.7906294816
801950,2016-05-24,1600.47,1620.43,1629.61,1583.32,3.67165814,21.6320595121
801950,2016-05-25,1610.46,1612.33,1637.48,1591.71,4.62153536,27.3851999931
801950,2016-05-26,1624.15,1621.11,1644.27,1587.77,5.37053313,31.6734592763
801950,2016-05-27,1618.37,1622.85,1641.39,1602.42,3.92995564,23.1023193919
801950,2016-05-30,1604.26,1618.11,1629.92,1591.51,2.92018592,17.1893157469
801950,2016-05-31,1656.9,1611.97,1671.89,1604.29,6.61664656,39.7416657117
801950,2016-06-01,1662.84,1659.06,1693.33,1645.52,5.53863591,34.4174963775
801950,2016-06-02,1673.2,1669.17,1697.44,1651.68,5.51498624,33.632345253800004
801950,2016-06-03,1665.15,1676.94,1689.06,1646.97,5.53624007,34.1886863418
801950,2016-06-06,1654.72,1669.53,1681.54,1644.7,3.89088751,23.6933136988
801950,2016-06-07,1654.09,1661.34,1674.17,1641.84,3.62819324,21.839985827800003
801950,2016-06-08,1653.97,1654.97,1672.77,1635.51,4.9987154,30.2060966783
801950,2016-06-13,1581.78,1633.52,1645.85,1574.37,5.9972443,34.2616173221
801950,2016-06-14,1576.53,1578.87,1598.33,1557.13,3.77323151,21.0342382668
801950,2016-06-15,1604.46,1563.33,1619.26,1552.75,4.75935668,28.618192942100002
801950,2016-06-16,1591.26,1602.01,1616.98,1578.07,4.51317455,27.022713320100003
801950,2016-06-17,1637.76,1595.2,1667.27,1587.11,7.99358283,47.5202387808
801950,2016-06-20,1621.84,1628.01,1647.43,1604.38,5.38814105,31.625685709899997
801950,2016-06-21,1618.32,1631.76,1660.26,1606.23,6.00661844,37.786316574299995
801950,2016-06-22,1673.22,1620.2,1692.23,1610.89,8.48048531,53.292984016800006
801950,2016-06-23,1677.66,1668.05,1715.08,1649.6,7.01827167,45.6235128535
801950,2016-06-24,1651.51,1673.08,1695.64,1603.78,6.9043779,43.5215641014
801950,2016-06-27,1704.9,1641.33,1739.24,1634.57,8.22544468,53.5208396959
801950,2016-06-28,1707.4,1695.46,1722.58,1676.9,5.35956526,33.6376495167
801950,2016-06-29,1705.79,1715.65,1742.79,1685.36,5.39769049,36.8889596398
801950,2016-06-30,1696.88,1708.85,1722.65,1684.97,3.72785115,23.986156081199997
801950,2016-07-01,1703.43,1701.69,1735.44,1688.37,4.43647465,28.7735089167
801950,2016-07-04,1765.98,1696.02,1787.23,1686.04,9.8058612,65.046375337
801950,2016-07-05,1767.53,1766.15,1814.07,1747.76,8.73539008,58.2354540279
801950,2016-07-06,1776.07,1761.99,1801.49,1738.99,6.86361705,49.2251090742
801950,2016-07-07,1787.34,1777.47,1825.49,1762.03,8.59845418,58.9882697284
801950,2016-07-08,1764.9,1781.31,1794.68,1748.48,5.55914455,37.0385443452
801950,2016-07-11,1813.83,1771.25,1853.0,1758.95,10.43108617,72.5733584722
801950,2016-07-12,1894.59,1815.72,1952.4,1805.6,16.30233991,116.757611765
801950,2016-07-13,1891.01,1895.25,1919.81,1851.42,9.14425131,64.8114119758
801950,2016-07-14,1871.44,1884.46,1900.06,1845.28,6.0518045,42.955465333999996
801950,2016-07-15,1866.49,1876.54,1924.53,1840.13,7.65996836,58.487145938299996
801950,2016-07-18,1836.33,1861.99,1875.72,1812.87,6.65167808,46.963589851
801950,2016-07-19,1843.38,1835.97,1858.83,1815.14,4.52221979,32.208146422
801950,2016-07-20,1832.68,1845.65,1869.58,1819.91,4.865809,34.3122292226
801950,2016-07-21,1841.09,1838.22,1868.54,1819.86,6.03384547,43.785263226400005
801950,2016-07-22,1829.8,1850.02,1867.52,1811.56,5.29711494,37.727957815500005
801950,2016-07-25,1835.32,1830.98,1858.69,1809.0,4.46947287,32.6228769271
801950,2016-07-26,1866.6,1831.61,1879.77,1822.36,6.41084035,45.4587861101
801950,2016-07-27,1800.98,1865.4,1890.4,1758.55,8.36286288,57.5865656024
801950,2016-07-28,1813.23,1792.09,1835.14,1774.77,4.97954397,33.1916391408
801950,2016-07-29,1806.13,1807.73,1844.04,1786.05,6.13802173,41.052265051199996
801950,2016-08-01,1810.36,1803.65,1834.89,1763.99,6.03811545,42.4712345694
801950,2016-08-02,1824.85,1809.96,1838.07,1792.48,4.08677625,28.555212113099998
801950,2016-08-03,1827.47,1816.82,1851.34,1801.53,5.45557572,37.5050324893
801950,2016-08-04,1824.31,1827.25,1850.39,1802.33,5.43178265,37.918425223
801950,2016-08-05,1824.18,1823.54,1848.74,1801.34,5.68362311,39.2753263211
801950,2016-08-08,1913.78,1832.5,1930.4,1826.5,13.57028218,97.53244402290001
801950,2016-08-09,1913.1,1907.4,1935.54,1883.85,10.62775949,79.1103203752
801950,2016-08-10,1926.17,1911.19,1996.6,1897.23,14.34044897,106.80274710469999
801950,2016-08-11,1892.85,1914.63,1936.18,1876.27,9.19769061,67.7581130802
801950,2016-08-12,1912.74,1885.48,1926.83,1869.39,6.90815107,49.9755467865
801950,2016-08-15,1940.44,1910.57,1970.57,1885.71,10.67192545,80.3677979638
801950,2016-08-16,1968.26,1936.59,2010.39,1921.75,13.76080602,107.30305556120001
801950,2016-08-17,1955.16,1966.36,1986.14,1933.59,8.86277579,65.6023917489
801950,2016-08-18,1936.23,1948.41,2010.98,1913.96,11.92145333,91.6342053065
801950,2016-08-19,1925.27,1928.34,1950.28,1893.11,8.10353068,61.3930330265
801950,2016-08-22,1915.67,1921.27,1950.76,1900.05,6.77610466,51.226870708
801950,2016-08-23,1906.47,1909.29,1929.89,1885.79,5.52175125,41.3481875482
801950,2016-08-24,1900.64,1906.53,1923.39,1886.42,4.08321497,30.9482247727
801950,2016-08-25,1892.99,1890.22,1919.65,1864.95,6.34933212,47.3720853854
801950,2016-08-26,1893.56,1894.07,1915.75,1879.48,4.33289833,32.996082763800004
801950,2016-08-29,1897.56,1889.45,1912.0,1875.02,3.80034528,28.1590684866
801950,2016-08-30,1908.72,1897.71,1928.55,1889.29,4.71095625,37.6471545242
801950,2016-08-31,1916.59,1909.47,1935.08,1892.83,5.22508122,37.984369339000004
801950,2016-09-01,1880.7,1909.86,1924.31,1870.54,6.22249634,45.825214345
801950,2016-09-02,1887.46,1873.7,1910.36,1863.05,5.0206432,36.9692105332
801950,2016-09-05,1919.01,1895.75,1955.66,1888.94,7.76456264,58.1091907718
801950,2016-09-06,1936.01,1916.22,1950.68,1897.84,6.66414645,50.8851425763
801950,2016-09-07,1909.76,1925.15,1941.22,1899.21,7.51358729,57.968759464099996
801950,2016-09-08,1934.07,1902.31,1944.04,1888.38,6.78291383,50.0362215916
801950,2016-09-09,1918.48,1932.74,1964.94,1905.43,7.34615189,57.1119258096
801950,2016-09-12,1854.44,1885.27,1906.12,1832.21,7.88910716,58.8101975354
801950,2016-09-13,1860.35,1859.18,1883.74,1829.72,5.95889166,46.4055866989
801950,2016-09-14,1845.99,1846.25,1867.85,1825.02,4.77632335,36.6023498717
801950,2016-09-19,1872.53,1849.24,1885.26,1842.27,4.70970997,36.0106813409
801950,2016-09-20,1896.6,1872.49,1916.26,1858.64,6.6840028,50.930664372299994
801950,2016-09-21,1891.79,1889.51,1914.05,1874.18,4.55756174,33.3407208916
801950,2016-09-22,1901.46,1903.22,1933.83,1887.7,6.25882023,49.0753784413
801950,2016-09-23,1901.7,1901.09,1925.64,1884.78,5.26637435,42.2452260557
801950,2016-09-26,1883.33,1900.46,1933.87,1869.21,6.84561988,51.5800151747
801950,2016-09-27,1886.88,1875.56,1903.1,1848.47,5.17661127,36.969424944400004
801950,2016-09-28,1883.38,1885.78,1906.76,1863.4,4.1474911,31.596721142800003
801950,2016-09-29,1918.69,1903.89,1948.85,1894.73,7.51091701,55.7734210361
801950,2016-09-30,1931.64,1910.69,1939.98,1896.35,5.80361907,42.8381827508
801950,2016-10-10,1953.59,1957.13,1987.95,1925.85,8.19781252,60.8387750897
801950,2016-10-11,1975.79,1956.92,1987.99,1940.78,7.86895018,60.1390701207
801950,2016-10-12,1969.66,1964.08,1985.93,1943.9,6.5049875,49.6802986901
801950,2016-10-13,1966.5,1974.33,2006.87,1951.55,7.67643775,60.3204021841
801950,2016-10-14,1971.25,1962.92,1983.7,1934.02,6.25405535,48.5876613587
801950,2016-10-17,1969.5,1979.61,2014.82,1950.97,9.69991155,72.927941529
801950,2016-10-18,1995.77,1961.58,2004.99,1949.01,7.37821487,57.5995720071
801950,2016-10-19,2003.87,2022.3,2059.02,1989.4,10.74977979,86.4677676177
801950,2016-10-20,1997.38,2006.02,2021.78,1974.91,6.68941068,51.0983715099
801950,2016-10-21,1991.66,1990.04,2016.25,1962.68,6.30122096,47.7504952342
801950,2016-10-24,2091.42,1995.71,2127.85,1987.5,18.03189172,137.8347521793
801950,2016-10-25,2144.7,2097.32,2175.5,2069.08,19.17269606,149.9573119652
801950,2016-10-26,2096.18,2123.49,2143.08,2077.62,12.9641409,97.2967879523
801950,2016-10-27,2080.3,2094.35,2135.88,2046.78,12.95490386,99.5983357683
801950,2016-10-28,2076.8,2069.84,2104.84,2048.34,10.04694952,76.4291619204
801950,2016-10-31,2072.8,2069.57,2089.41,2039.5,7.86154231,59.97879451399999
801950,2016-11-01,2077.12,2067.57,2100.15,2047.06,8.39798092,66.66541562409999
801950,2016-11-02,2046.86,2079.78,2117.3,2028.94,12.31700243,93.8272828666
801950,2016-11-03,2057.52,2038.0,2071.13,2003.75,11.23531194,82.1716527667
801950,2016-11-04,2081.08,2062.67,2117.27,2048.25,13.05473734,100.6178305517
801950,2016-11-07,2140.64,2094.07,2187.8,2080.74,17.16536136,133.7773883165
801950,2016-11-08,2099.75,2138.16,2153.98,2084.26,13.52552932,107.4225086327
801950,2016-11-09,2113.22,2102.38,2145.01,2049.92,12.95606688,103.39452250209999
801950,2016-11-10,2125.15,2127.73,2158.18,2097.89,11.08632204,89.80313775139999
801950,2016-11-11,2173.2,2120.73,2215.05,2095.01,16.92477679,137.6811278413
801950,2016-11-14,2225.91,2142.4,2284.18,2131.37,22.16095085,188.6987671643
801950,2016-11-15,2180.38,2220.32,2257.98,2152.86,15.09832176,128.292715565
801950,2016-11-16,2175.45,2177.44,2198.76,2136.42,10.90490307,89.92890402469999
801950,2016-11-17,2181.97,2161.66,2199.91,2133.84,8.66965305,69.1235002011
801950,2016-11-18,2142.22,2172.89,2185.67,2126.79,8.20607814,65.6393427501
801950,2016-11-21,2141.8,2134.69,2172.08,2119.04,7.58142067,60.732152018
801950,2016-11-22,2202.09,2169.54,2228.47,2149.04,12.85046687,106.30977377309999
801950,2016-11-23,2160.33,2201.03,2214.38,2143.61,9.68271341,76.8994200124
801950,2016-11-24,2164.41,2205.37,2240.58,2149.88,11.85026695,99.4030585845
801950,2016-11-25,2167.42,2161.4,2187.05,2096.4,9.53217986,76.39204523560001
801950,2016-11-28,2190.22,2169.15,2211.59,2148.12,9.03266203,76.655941857
801950,2016-11-29,2119.67,2167.85,2179.17,2102.1,10.6807092,85.9386001375
801950,2016-11-30,2061.04,2098.09,2111.48,2034.26,9.51667608,74.918393488
801950,2016-12-01,2077.34,2067.24,2096.58,2050.96,6.31795703,50.8914506105
801950,2016-12-02,2039.78,2069.63,2090.12,2023.84,7.29202732,56.9376218797
801950,2016-12-05,2049.95,2017.51,2067.42,2001.7,5.7658796,45.723885536000004
801950,2016-12-06,2043.0,2053.34,2072.92,2028.56,4.33592175,34.2386333617
801950,2016-12-07,2084.05,2047.84,2091.96,2032.24,6.79474071,53.6983919379
801950,2016-12-08,2068.74,2078.04,2097.3,2055.34,5.20005773,41.529706899000004
801950,2016-12-09,2063.78,2057.29,2083.06,2032.26,6.37622775,50.850314306899996
801950,2016-12-12,1975.69,2066.67,2090.71,1961.2,8.83422848,68.955136164
801950,2016-12-13,1975.43,1966.19,1990.41,1926.14,6.09328215,44.775844559300005
801950,2016-12-14,1965.37,1966.74,1999.36,1938.97,5.66589329,42.4945758421
801950,2016-12-15,1971.49,1959.54,2001.34,1940.34,5.52469487,42.6378444371
801950,2016-12-16,1964.2,1966.55,1986.48,1937.61,5.55640329,47.3805904406
801950,2016-12-19,1969.16,1958.62,1988.51,1940.74,5.65409381,46.6932538338
801950,2016-12-20,1952.63,1964.79,1976.84,1927.15,5.48547228,44.2935693425
801950,2016-12-21,1965.31,1953.32,1977.54,1939.6,5.86406103,45.8420582372
801950,2016-12-22,1946.7,1957.9,1973.19,1927.59,6.20262427,50.15036146560001
801950,2016-12-23,1903.48,1943.4,1954.53,1891.2,6.55363928,52.3950977373
801950,2016-12-26,1893.36,1892.98,1907.92,1848.32,6.13959636,45.7944530315
801950,2016-12-27,1897.98,1888.27,1915.25,1877.3,4.8746197,39.0010795817
801950,2016-12-28,1899.39,1904.59,1927.78,1884.06,4.87362374,37.1329565364
801950,2016-12-29,1907.43,1900.57,1932.27,1885.05,4.61730189,35.9002136241
801950,2016-12-30,1914.29,1907.3,1928.35,1893.14,3.76974603,28.8258661598
801950,2017-01-03,1933.77,1915.93,1945.51,1907.24,4.45878604,33.9055633026
801950,2017-01-04,1944.62,1932.14,1952.45,1915.22,4.90479644,37.286510143
801950,2017-01-05,1964.33,1952.74,1991.11,1943.35,7.64614706,61.9622809703
801950,2017-01-06,1968.23,1964.47,1990.04,1946.06,7.24559839,57.816024971000004
801950,2017-01-09,1973.19,1963.82,1988.15,1946.51,6.13096656,51.3522527955
801950,2017-01-10,1990.01,1970.82,2017.6,1956.56,7.81491771,61.0917270012
801950,2017-01-11,1969.99,1985.58,2018.87,1959.81,6.84042246,54.7817841598
801950,2017-01-12,1943.54,1966.54,1986.45,1932.71,4.85124729,37.8970660929
801950,2017-01-13,1928.66,1941.2,1962.32,1911.81,4.64449252,34.9609084652
801950,2017-01-16,1915.44,1934.87,1968.47,1845.35,8.11842322,60.765235670200006
801950,2017-01-17,1911.22,1899.6,1925.66,1862.71,4.9259933,37.0363648466
801950,2017-01-18,1916.41,1907.04,1934.36,1891.41,4.15019096,30.682622559000002
801950,2017-01-19,1906.85,1910.29,1927.2,1886.9,3.45092059,25.943131059000002
801950,2017-01-20,1923.39,1901.62,1932.8,1893.54,3.50244663,26.5007023985
801950,2017-01-23,1945.9,1920.88,1960.68,1914.97,4.39106865,33.602783319400004
801950,2017-01-24,1962.92,1943.11,1979.22,1931.88,5.40858591,41.224060347199995
801950,2017-01-25,1951.53,1960.12,1972.44,1938.5,3.4888257,26.1332612858
801950,2017-01-26,1974.83,1954.7,1982.57,1940.51,4.46212552,33.8014194058
801950,2017-02-03,1952.91,1972.4,1986.46,1940.6,3.9918411,30.211612813400002
801950,2017-02-06,1955.26,1954.42,1966.61,1928.84,3.79068032,29.704207744699996
801950,2017-02-07,1951.4,1950.46,1968.48,1931.7,4.733701,34.9462363446
801950,2017-02-08,1971.86,1947.31,1976.48,1930.91,4.59852764,34.1863317647
801950,2017-02-09,1977.36,1968.45,1993.49,1957.37,5.14676174,38.6926589087
801950,2017-02-10,2014.21,1979.36,2035.6,1970.13,9.30737791,71.640878951
801950,2017-02-13,2037.75,2024.02,2088.3,2006.5,10.67288569,82.178544497
801950,2017-02-14,2049.26,2033.9,2059.35,2013.9,7.3864791,56.4769404403
801950,2017-02-15,2017.41,2039.07,2059.01,2008.18,7.2354321,56.190913510200005
801950,2017-02-16,2057.41,2017.72,2076.64,2008.94,10.56611952,77.7397442623
801950,2017-02-17,2014.93,2054.17,2064.07,2003.59,8.37843179,62.900269822700004
801950,2017-02-20,2043.9,2017.99,2049.74,2005.27,6.88022765,51.321598468400005
801950,2017-02-21,2052.01,2048.5,2076.52,2024.11,8.09306077,61.2071456017
801950,2017-02-22,2042.9,2048.17,2058.24,2019.16,6.67614016,51.8986969277
801950,2017-02-23,2022.86,2044.75,2056.71,2007.26,6.89713921,52.8556773859
801950,2017-02-24,2008.15,2015.59,2024.3,1983.52,6.49684017,49.1778913783
801950,2017-02-27,2002.26,2012.64,2034.28,1990.19,6.00074026,46.522510400600005
801950,2017-02-28,2017.28,2006.55,2029.81,1990.46,5.428865,42.052779455599996
801950,2017-03-01,2030.44,2016.02,2048.88,2004.66,7.64949632,57.3802316324
801950,2017-03-02,2013.68,2037.7,2047.35,2003.91,5.52974237,42.0242369365
801950,2017-03-03,1997.35,2006.5,2020.05,1975.11,6.11417446,45.1530153366
801950,2017-03-06,2029.91,2004.2,2045.25,1994.14,7.15077051,52.8379448041
801950,2017-03-07,2015.82,2028.36,2040.19,1999.12,5.50938621,40.2939743334
801950,2017-03-08,1998.89,2014.46,2021.04,1987.1,4.49282258,32.957122628899995
801950,2017-03-09,1967.73,1994.06,1999.65,1947.75,5.98441004,44.4798072134
801950,2017-03-10,1965.59,1972.54,1986.36,1954.11,3.71631292,27.7006351765
801950,2017-03-13,1994.2,1965.25,2004.86,1945.14,5.70198331,42.0931097638
801950,2017-03-14,1991.75,1994.14,2016.18,1976.46,5.02122553,37.61719635
801950,2017-03-15,1998.26,1995.48,2016.39,1980.76,4.25313439,33.0505982532
801950,2017-03-16,2015.49,2005.9,2032.44,1996.54,5.47778175,41.2435213506
801950,2017-03-17,1990.55,2020.23,2031.83,1979.29,5.57445171,40.9586457677
801950,2017-03-20,2042.25,2054.45,2074.46,2024.03,6.43127779,49.454649942399996
801950,2017-03-21,2058.34,2061.72,2086.17,2031.83,6.58561934,68.7593276102
801950,2017-03-22,2041.46,2041.11,2062.5,2010.25,6.92557922,58.308276166999995
801950,2017-03-23,2033.8,2041.91,2057.9,2008.87,5.27960666,44.5303833592
801950,2017-03-24,2035.46,2033.53,2051.2,2008.84,4.24144863,36.1139351607
801950,2017-03-27,2014.11,2036.94,2051.6,2001.51,5.91013682,45.1363548459
801950,2017-03-28,2012.23,2014.29,2030.59,1993.29,4.26926139,33.1490161608
801950,2017-03-29,2023.23,2017.99,2045.28,2000.48,5.6450314,44.6498829161
801950,2017-03-30,2003.91,2028.21,2051.29,1990.73,6.72145115,51.466498183199995
801950,2017-03-31,2027.43,2003.59,2043.57,1988.07,5.58608566,44.8416719685
801950,2017-04-05,2064.16,2044.4,2082.47,2026.6,9.50683096,73.5298355071
801950,2017-04-06,2058.65,2068.4,2080.65,2037.89,8.07405968,62.46710802770001
801950,2017-04-07,2058.39,2054.39,2079.84,2037.09,6.77644822,52.9257524978
801950,2017-04-10,2057.6,2063.6,2093.67,2037.17,8.35099533,68.51732137020001
801950,2017-04-11,2047.52,2059.58,2077.03,2006.25,9.75309608,76.4773210784
801950,2017-04-12,2026.53,2042.06,2055.24,2009.7,7.53181514,55.784978899399995
801950,2017-04-13,2045.22,2026.55,2068.27,2014.73,6.71001834,48.496592167299994
801950,2017-04-14,2042.65,2049.82,2086.01,2016.04,10.64756577,78.3937272935
801950,2017-04-17,2022.61,2033.53,2052.87,1994.21,8.11923536,59.639413982
801950,2017-04-18,2001.92,2022.56,2040.17,1992.48,5.46192003,40.468568487199995
801950,2017-04-19,1946.1,1991.33,1997.39,1921.04,7.57363509,54.682951383900004
801950,2017-04-20,1934.7,1948.82,1963.4,1910.46,5.43327406,38.067936259899994
801950,2017-04-21,1943.5,1943.89,1965.64,1922.92,4.20198139,31.4943030474
801950,2017-04-24,1903.39,1940.28,1950.29,1878.26,4.88785162,34.4909665083
801950,2017-04-25,1900.78,1898.48,1924.03,1880.38,4.52868303,31.3671464785
801950,2017-04-26,1905.07,1902.42,1923.31,1883.49,4.21144136,29.5430348799
801950,2017-04-27,1908.01,1904.57,1922.21,1860.46,5.0575752,34.4565722193
801950,2017-04-28,1919.47,1906.31,1932.87,1890.69,4.56195295,33.026865668
801950,2017-05-02,1926.05,1926.5,1951.2,1905.62,4.68785522,36.6443584525
801950,2017-05-03,1920.66,1924.66,1940.88,1895.12,4.20442875,31.2906458142
801950,2017-05-04,1892.85,1914.71,1925.49,1874.63,5.34964106,38.7513571743
801950,2017-05-05,1849.9,1881.26,1890.44,1830.36,5.6977174,40.7326119373
801950,2017-05-08,1830.41,1845.98,1861.3,1807.1,4.65428771,32.9747329656
801950,2017-05-09,1841.01,1826.81,1853.18,1808.89,3.35022747,23.213130143
801950,2017-05-10,1818.12,1841.06,1859.43,1804.71,4.15049769,26.852409103200003
801950,2017-05-11,1803.93,1809.64,1823.67,1758.97,5.03056996,32.9303674653
801950,2017-05-12,1806.96,1804.62,1823.97,1784.86,3.84943538,26.2407880869
801950,2017-05-15,1821.98,1807.35,1838.53,1794.86,3.42270419,25.1824542042
801950,2017-05-16,1840.28,1819.56,1848.44,1790.8,4.16408388,27.9963136359
801950,2017-05-17,1844.12,1839.53,1869.12,1824.15,4.50963117,30.0104906617
801950,2017-05-18,1833.14,1826.38,1854.89,1811.73,3.67870492,26.741523413200003
801950,2017-05-19,1840.75,1831.65,1861.19,1818.01,3.46120901,32.0572793182
801950,2017-05-22,1822.86,1836.78,1856.38,1804.59,3.72216984,28.781203121399997
801950,2017-05-23,1811.97,1815.74,1863.76,1781.78,4.76136786,39.8930795587
801950,2017-05-24,1815.65,1801.26,1828.47,1770.23,3.76644343,28.9248506966
801950,2017-05-25,1861.64,1811.75,1874.18,1794.52,6.24592326,46.34464347390001
801950,2017-05-26,1860.29,1854.19,1883.59,1840.81,4.87666919,38.13619951
801950,2017-05-31,1852.95,1869.28,1886.61,1834.07,4.2373922,36.6236189894
801950,2017-06-01,1827.68,1840.77,1861.84,1804.33,4.96549656,38.7239360699
801950,2017-06-02,1854.26,1818.71,1860.48,1802.56,4.14481227,32.1677582958
801950,2017-06-05,1865.44,1844.05,1885.33,1834.89,4.33303196,29.488112202399996
801950,2017-06-06,1870.54,1849.2,1878.75,1836.3,3.10721982,20.9274075533
801950,2017-06-07,1892.07,1856.41,1898.13,1848.95,4.78556032,32.5921171764
801950,2017-06-08,1887.44,1875.28,1899.39,1862.11,3.66027955,25.5569788467
801950,2017-06-09,1892.47,1873.52,1904.56,1860.98,3.88105045,26.647539389400002
801950,2017-06-12,1880.05,1875.86,1903.01,1852.71,4.04027845,27.8526550223
801950,2017-06-13,1921.03,1864.12,1937.02,1857.95,7.0303337,49.2218924178
801950,2017-06-14,1921.48,1906.88,1944.76,1892.05,5.77271847,40.117210585500004
801950,2017-06-15,1927.01,1905.8,1940.87,1895.9,4.07742779,27.9800534073
801950,2017-06-16,1920.43,1912.22,1938.17,1894.34,3.52666165,23.963311430700003
801950,2017-06-19,1946.78,1915.86,1969.74,1902.59,6.14930645,40.45486819
801950,2017-06-20,1940.13,1934.66,1956.53,1915.96,3.96145465,26.845792587
801950,2017-06-21,1935.95,1931.19,1951.07,1905.36,3.5992054,24.4292852144
801950,2017-06-22,1919.12,1925.41,1955.33,1900.6,4.99286828,33.9692224853
801950,2017-06-23,1923.33,1901.62,1936.78,1878.81,4.52995106,29.6622911829
801950,2017-06-26,1948.01,1910.96,1954.57,1899.97,5.54213469,37.9803744856
801950,2017-06-27,1968.08,1931.19,1985.44,1918.63,7.31114926,48.3553371062
801950,2017-06-28,1963.34,1948.45,1986.62,1934.91,5.89620501,40.122975622800006
801950,2017-06-29,1992.12,1958.25,2021.59,1949.08,9.78843416,67.62257528020001
801950,2017-06-30,1988.29,1970.01,2004.31,1956.53,5.7538973,40.5052718827
801950,2017-07-03,2018.99,1977.4,2028.53,1966.02,7.70963975,57.0957052634
801950,2017-07-04,2007.4,2000.96,2026.39,1979.62,5.85921455,43.133163493400005
801950,2017-07-05,2026.56,2002.26,2043.19,1989.48,8.25134365,60.6445946368
801950,2017-07-06,2055.14,2023.02,2078.64,2006.08,12.46189978,92.136911875
801950,2017-07-07,2082.96,2033.81,2095.36,2014.1,11.53122379,87.00879902870001
801950,2017-07-10,2088.62,2076.69,2126.92,2061.97,12.61840912,98.2377895526
801950,2017-07-11,2039.77,2083.73,2095.19,2028.89,10.47036837,80.1055143649
801950,2017-07-12,2060.66,2040.62,2069.29,2011.29,8.42789931,63.7597440499
801950,2017-07-13,2073.32,2060.51,2106.38,2044.65,11.34236585,87.4995711667
801950,2017-07-14,2070.51,2065.55,2084.88,2045.27,7.10692412,54.4121153196
801950,2017-07-17,2046.69,2063.49,2109.22,1978.6,14.66158597,110.2721536235
801950,2017-07-18,2120.46,2035.82,2129.16,2026.36,15.59265894,117.95656304129999
801950,2017-07-19,2228.21,2124.95,2244.49,2115.32,26.81428235,213.17303520459998
801950,2017-07-20,2219.13,2218.52,2245.1,2177.22,20.00152819,164.3951892655
801950,2017-07-21,2228.24,2205.22,2263.67,2183.81,17.40033861,144.39546264
801950,2017-07-24,2203.66,2217.97,2257.83,2179.83,15.54710784,129.713459341
801950,2017-07-25,2200.96,2205.7,2223.08,2164.16,13.1629277,104.99191845979999
801950,2017-07-26,2200.91,2200.44,2231.64,2171.27,14.26827291,119.6184645358
801950,2017-07-27,2139.13,2189.93,2206.55,2108.95,17.92400861,144.4638444342
801950,2017-07-28,2170.25,2129.85,2182.36,2119.73,13.87733048,113.46661846459999
801950,2017-07-31,2255.38,2181.48,2268.4,2169.1,21.17515105,178.91884622700002
801950,2017-08-01,2201.02,2243.68,2252.58,2179.88,13.61777972,113.79563263680001
801950,2017-08-02,2219.58,2192.76,2282.58,2177.33,18.06474689,150.4135607113
801950,2017-08-03,2248.66,2203.35,2259.4,2182.74,16.39694175,137.6956720883
801950,2017-08-04,2238.74,2248.17,2350.05,2219.55,27.4545791,232.32000816759998
801950,2017-08-07,2278.78,2225.57,2287.31,2175.67,18.46872601,151.2667703656
801950,2017-08-08,2246.35,2273.42,2315.89,2227.06,18.97528512,158.86827988
801950,2017-08-09,2341.1,2252.58,2353.25,2223.71,28.82185168,240.3602920314
801950,2017-08-10,2302.42,2305.68,2330.0,2261.69,21.40384029,182.2164116532
801950,2017-08-11,2183.32,2276.93,2312.48,2158.8,22.98906506,188.82884856569999
801950,2017-08-14,2197.86,2184.0,2218.57,2155.77,12.85871645,104.19208170549999
801950,2017-08-15,2187.3,2184.4,2214.23,2153.41,12.1367695,100.3928784512
801950,2017-08-16,2177.9,2194.09,2214.26,2147.85,11.21100245,91.83008895420001
801950,2017-08-17,2224.33,2220.04,2244.96,2191.17,14.71867899,125.2451174423
801950,2017-08-18,2212.07,2202.06,2233.15,2185.39,10.95528246,97.49612075610001
801950,2017-08-21,2239.64,2206.36,2264.37,2194.02,11.38797705,102.5896343833
801950,2017-08-22,2216.57,2229.68,2245.03,2199.49,9.59586897,83.8753319204
801950,2017-08-23,2167.79,2195.27,2209.34,2144.85,10.91792409,91.21996125860001
801950,2017-08-24,2165.11,2177.98,2201.95,2149.65,8.01525558,70.8073107298
801950,2017-08-25,2241.11,2187.63,2263.36,2176.66,16.87561532,152.10626878760002
801950,2017-08-28,2269.59,2230.39,2283.4,2214.08,16.48680028,155.450656913
801950,2017-08-29,2255.38,2257.18,2304.75,2232.59,12.84628488,120.0428556267
801950,2017-08-30,2304.24,2241.03,2335.66,2227.98,18.60291181,168.9323154142
801950,2017-08-31,2325.02,2297.9,2344.77,2274.7,16.96839692,160.4252452332
801950,2017-09-01,2443.57,2388.07,2506.72,2371.28,31.55320868,295.4522158076
801950,2017-09-04,2451.48,2499.83,2530.62,2413.84,23.79661459,248.72052349930001
801950,2017-09-05,2434.13,2442.21,2480.03,2378.91,18.09849964,175.52220926810003
801950,2017-09-06,2439.96,2411.74,2481.03,2395.37,15.16154709,147.1239529221
801950,2017-09-07,2390.97,2438.07,2463.41,2375.12,14.27786453,146.3852985602
801950,2017-09-08,2414.65,2400.72,2457.07,2381.44,13.42381725,135.8638738234
801950,2017-09-11,2440.4,2387.04,2450.24,2358.94,13.03171887,130.4422323215
801950,2017-09-12,2455.21,2470.86,2531.77,2427.3,19.72679717,203.3008899836
801950,2017-09-13,2473.98,2445.21,2507.24,2414.88,14.33946935,147.4235257926
801950,2017-09-14,2420.86,2465.2,2489.57,2400.65,13.36240763,131.4681538718
801950,2017-09-15,2324.77,2409.93,2419.31,2303.52,14.55169134,137.7499838777
801950,2017-09-18,2333.34,2310.49,2349.84,2295.09,8.55460926,82.30144947859999
801950,2017-09-19,2330.1,2341.41,2363.49,2309.15,7.42221679,71.288432181
801950,2017-09-20,2366.24,2332.27,2378.84,2311.58,9.21375265,88.6307547035
801950,2017-09-21,2312.13,2358.75,2379.58,2306.12,7.83783086,74.4529607072
801950,2017-09-22,2302.54,2294.54,2325.04,2258.32,7.32937694,68.2814283244
801950,2017-09-25,2263.75,2288.71,2308.34,2246.42,6.06296265,56.674272808999994
801950,2017-09-26,2304.3,2269.63,2316.83,2264.47,6.46102525,64.04726537149999
801950,2017-09-27,2334.05,2302.2,2356.22,2294.71,8.09360428,83.417325016
801950,2017-09-28,2307.08,2324.65,2339.66,2287.95,7.02175461,69.3355205231
801950,2017-09-29,2304.76,2297.41,2331.89,2273.99,6.31327217,61.289899525600006
801950,2017-10-09,2299.08,2330.03,2344.18,2284.05,6.48208702,62.4295723314
801950,2017-10-10,2268.85,2295.59,2305.66,2244.47,7.58086518,70.8329367374
801950,2017-10-11,2265.98,2266.9,2288.47,2242.5,6.11830709,55.9862972974
801950,2017-10-12,2227.07,2262.54,2267.99,2187.88,9.85111972,86.4963749091
801950,2017-10-13,2247.09,2229.87,2261.6,2218.24,6.17507616,56.579384562899996
801950,2017-10-16,2233.82,2250.66,2258.59,2206.08,5.84171124,51.607348926899995
801950,2017-10-17,2209.38,2217.8,2238.48,2198.77,4.24685722,38.3201047985
801950,2017-10-18,2182.27,2209.91,2227.91,2166.92,5.09216146,44.035494485
801950,2017-10-19,2144.58,2171.41,2185.34,2122.67,6.16067977,51.8368325813
801950,2017-10-20,2170.99,2140.66,2180.14,2129.6,4.28035379,37.1188182358
801950,2017-10-23,2165.43,2163.73,2181.07,2140.65,3.76122092,32.3145613769
801950,2017-10-24,2169.76,2162.49,2186.53,2146.37,3.6956755,32.6614099409
801950,2017-10-25,2182.19,2169.45,2193.71,2159.1,3.63400826,32.484835202199996
801950,2017-10-26,2208.5,2184.54,2227.52,2170.61,6.52570701,62.3236275363
801950,2017-10-27,2178.11,2206.47,2221.17,2164.4,5.62034893,51.69598118
801950,2017-10-30,2119.74,2170.49,2179.13,2096.12,6.38823142,52.7109157589
801950,2017-10-31,2138.22,2109.49,2151.52,2099.16,4.41781733,38.550271360500005
801950,2017-11-01,2129.33,2136.05,2158.93,2114.68,4.33722191,38.9135694957
801950,2017-11-02,2128.62,2137.25,2161.95,2116.32,5.20219214,45.940341069
801950,2017-11-03,2090.96,2121.89,2132.82,2063.48,6.00929725,50.8774895696
801950,2017-11-06,2111.05,2090.83,2118.27,2053.72,5.65975341,48.02327528479999
801950,2017-11-07,2132.89,2109.91,2152.16,2086.87,7.19270005,63.92184374
801950,2017-11-08,2138.83,2124.6,2157.86,2109.8,6.09923961,55.0640103639
801950,2017-11-09,2187.26,2153.24,2219.19,2141.91,9.13896791,88.710857083
801950,2017-11-10,2151.12,2168.39,2181.75,2129.36,6.77620957,62.7720945732
801950,2017-11-13,2186.79,2138.68,2198.94,2122.9,7.45329698,71.6279533256
801950,2017-11-14,2214.33,2183.76,2256.59,2169.91,9.96385067,99.43285772899999
801950,2017-11-15,2190.36,2188.82,2218.16,2153.67,6.86691355,65.1893878756
801950,2017-11-16,2150.46,2180.14,2193.92,2131.24,6.06554555,54.4453619145
801950,2017-11-17,2091.22,2143.52,2161.21,2043.42,9.48586848,82.9019632408
801950,2017-11-20,2113.65,2079.21,2121.56,2022.22,6.34541602,55.12368752020001
801950,2017-11-21,2096.53,2108.31,2152.29,2068.66,6.17524202,61.9489806188
801950,2017-11-22,2140.82,2117.02,2155.96,2078.47,7.3040066,73.1019598706
801950,2017-11-23,2109.1,2148.95,2185.75,2094.15,9.22801916,92.4593584491
801950,2017-11-24,2131.97,2092.88,2147.04,2050.11,7.2707811,69.8664544946
801950,2017-11-27,2119.93,2129.69,2160.91,2092.1,7.02046936,65.04718631850001
801950,2017-11-28,2168.29,2106.9,2175.4,2078.96,8.47809687,74.9415227164
801950,2017-11-29,2199.24,2162.42,2224.69,2144.73,11.4195744,107.54534732709999
801950,2017-11-30,2194.14,2205.22,2244.25,2171.89,9.68757202,92.01013077450001
801950,2017-12-01,2170.52,2184.05,2197.76,2134.83,6.86516309,66.57127260189999
801950,2017-12-04,2157.87,2184.72,2213.65,2136.7,6.9993366,64.9146653447
801950,2017-12-05,2121.14,2150.34,2176.46,2081.68,7.90165912,72.3776401341
801950,2017-12-06,2126.93,2108.53,2142.63,2065.32,6.69554207,58.8621555785
801950,2017-12-07,2070.89,2113.7,2130.41,2052.63,6.12853595,55.0475046703
801950,2017-12-08,2082.05,2057.7,2100.34,2035.19,5.60876123,48.9250830632
801950,2017-12-11,2099.88,2093.63,2115.12,2068.39,4.6439808,40.6491225669
801950,2017-12-12,2062.37,2101.12,2112.48,2049.91,4.70512018,39.9511942985
801950,2017-12-13,2080.81,2056.69,2090.58,2037.55,4.05549828,33.656007809
801950,2017-12-14,2073.56,2074.31,2098.93,2051.77,4.34912625,35.2511005504
801950,2017-12-15,2050.53,2071.75,2082.22,2029.8,4.18549832,34.0650639314
801950,2017-12-18,2132.01,2063.82,2139.05,2048.48,10.16268251,85.8414602997
801950,2017-12-19,2132.31,2128.65,2149.85,2101.83,8.09961066,73.3012004672
801950,2017-12-20,2120.51,2126.06,2156.59,2094.59,7.31303722,67.1872215251
801950,2017-12-21,2116.8,2108.84,2130.3,2068.97,6.07833391,54.7764738283
801950,2017-12-22,2127.42,2110.64,2149.54,2095.65,6.46340271,60.7705286123
801950,2017-12-25,2093.37,2124.73,2138.56,2073.26,6.4426111,58.0647018668
801950,2017-12-26,2099.78,2088.17,2111.75,2052.73,5.52873358,49.912679706300004
801950,2017-12-27,2132.93,2094.21,2182.76,2079.7,11.35526729,104.954700746
801950,2017-12-28,2171.3,2121.69,2196.02,2104.55,11.55878717,108.2190210484
801950,2017-12-29,2160.44,2167.33,2189.29,2135.8,6.75199164,61.4928405216
801950,2018-01-02,2232.64,2169.46,2245.21,2156.9,11.91324819,111.827398056
801950,2018-01-03,2229.09,2227.87,2272.85,2200.3,11.28632923,108.6009055711
801950,2018-01-04,2251.35,2226.63,2274.26,2205.76,10.99649697,108.4506816932
801950,2018-01-05,2241.38,2246.34,2274.8,2211.76,8.48637855,86.9400136775
801950,2018-01-08,2335.56,2246.95,2387.17,2239.35,17.3388757,177.3746323121
801950,2018-01-09,2324.61,2323.36,2347.2,2282.96,9.66931726,100.28786076040001
801950,2018-01-10,2297.46,2309.23,2346.0,2266.56,8.35572682,87.617773615
801950,2018-01-11,2261.7,2293.23,2314.37,2231.97,7.47615462,77.9911765843
801950,2018-01-12,2259.29,2253.18,2293.46,2228.34,6.83758397,69.02881662600001
801950,2018-01-15,2174.28,2255.26,2261.97,2151.34,8.94187426,85.549263585
801950,2018-01-16,2181.82,2169.65,2207.22,2145.34,6.52972116,67.0236128916
801950,2018-01-17,2205.1,2176.9,2225.6,2139.11,7.56471163,75.2039704082
801950,2018-01-18,2218.97,2197.87,2236.68,2179.24,6.15643861,63.3667713528
801950,2018-01-19,2236.53,2214.59,2263.34,2190.21,7.45126392,78.6282675604
801950,2018-01-22,2269.66,2238.24,2296.67,2222.88,8.14109538,81.23287000229999
801950,2018-01-23,2284.96,2259.22,2294.7,2234.28,6.59041222,68.9144379337
801950,2018-01-24,2261.24,2281.8,2295.92,2225.99,6.46789328,64.7570819789
801950,2018-01-25,2294.63,2269.51,2329.34,2259.1,8.54245809,87.5829543565
801950,2018-01-26,2291.39,2283.59,2316.28,2253.94,6.80389531,72.0093136082
801950,2018-01-29,2346.95,2306.36,2395.01,2295.27,13.1798135,139.7951671627
801950,2018-01-30,2340.78,2334.84,2396.33,2295.16,12.26346651,125.0127292534
801950,2018-01-31,2323.45,2312.83,2354.68,2259.79,10.06959749,95.43945872879999
801950,2018-02-01,2276.33,2317.8,2377.48,2232.12,10.78475251,108.09162646840001
801950,2018-02-02,2402.85,2262.79,2424.99,2202.03,15.44660592,163.5716901312
801950,2018-02-05,2450.17,2374.3,2504.76,2346.53,18.30618265,201.12827501189997
801950,2018-02-06,2344.35,2383.86,2440.82,2306.55,15.02006245,154.6511552863
801950,2018-02-07,2315.64,2401.75,2466.27,2286.85,16.34376541,176.43498209330002
801950,2018-02-08,2244.59,2273.78,2315.68,2182.84,12.45613333,128.7000160694
801950,2018-02-09,2090.86,2163.79,2198.64,2045.74,12.88779373,119.990408646
801950,2018-02-12,2094.59,2084.12,2123.55,2038.91,7.80404828,73.3195889033
801950,2018-02-13,2110.59,2118.09,2154.61,2086.27,7.2125829,67.84529259199999
801950,2018-02-14,2141.61,2110.31,2152.96,2072.27,5.42422486,52.653726333
801950,2018-02-22,2186.52,2164.23,2203.54,2141.29,6.50817282,66.02826845359999
801950,2018-02-23,2226.38,2184.65,2246.87,2155.43,7.87545105,79.1144466743
801950,2018-02-26,2248.6,2245.04,2276.76,2196.76,8.77159608,88.4606377615
801950,2018-02-27,2170.92,2241.18,2248.61,2143.8,9.23941222,96.773504145
801950,2018-02-28,2168.49,2146.99,2192.83,2108.25,6.58667274,66.19596710479999
801950,2018-03-01,2152.63,2138.36,2180.5,2117.75,6.26497349,61.8354878504
801950,2018-03-02,2119.92,2129.11,2146.26,2094.36,5.79172221,56.5806320517
801950,2018-03-05,2096.29,2119.1,2142.42,2072.5,5.98790777,59.1211097743
801950,2018-03-06,2160.14,2101.76,2169.33,2065.12,9.56945269,90.7595689061
801950,2018-03-07,2115.84,2145.74,2163.88,2097.42,6.87294,61.9467610795
801950,2018-03-08,2119.52,2109.02,2137.37,2088.01,5.12188206,47.5136625333
801950,2018-03-09,2113.54,2113.09,2130.88,2084.47,5.84559525,53.7122566922
801950,2018-03-12,2134.35,2115.33,2153.41,2095.83,8.57920751,80.03589730510001
801950,2018-03-13,2126.24,2124.86,2152.66,2106.63,6.53734114,59.5997757671
801950,2018-03-14,2133.73,2116.8,2153.75,2090.91,7.39681233,71.3511055099
801950,2018-03-15,2139.25,2118.99,2150.26,2099.12,6.62913923,61.7463669324
801950,2018-03-16,2098.41,2136.25,2145.91,2085.95,5.81981856,55.3816710061
801950,2018-03-19,2030.67,2083.3,2092.48,2013.32,7.41935801,69.9492250002
801950,2018-03-20,2037.77,2009.7,2052.35,1988.31,4.55855487,40.7564351684
801950,2018-03-21,2024.16,2042.06,2057.68,2002.21,5.10377237,45.522918117399996
801950,2018-03-22,2020.31,2026.01,2043.74,1996.25,4.22865321,36.398907168200004
801950,2018-03-23,1932.49,1951.54,1986.87,1872.51,9.6471498,78.131483555
801950,2018-03-26,1908.83,1891.68,1930.0,1853.89,5.93696075,47.902693299
801950,2018-03-27,1931.91,1926.01,1948.13,1896.45,5.26026296,44.3574032272
801950,2018-03-28,1902.41,1901.48,1937.34,1876.77,4.46936143,36.8861708107
801950,2018-03-29,1941.44,1897.36,1957.95,1866.64,6.34552264,56.5633380886
801950,2018-03-30,1940.61,1939.02,1958.73,1909.58,5.03494271,43.4428538983
801950,2018-04-02,1937.13,1939.09,1978.86,1914.53,6.14076281,52.9486689584
801950,2018-04-03,1900.03,1902.47,1922.0,1871.11,4.68678073,37.620559751900004
801950,2018-04-04,1880.3,1886.05,1923.7,1867.09,4.96033083,34.6220198792
801950,2018-04-09,1869.53,1856.65,1887.09,1837.81,4.36876886,32.009758212399994
801950,2018-04-10,1899.77,1858.71,1906.2,1846.82,5.9783125,48.2296750097
801950,2018-04-11,1889.16,1895.56,1921.95,1865.97,9.55476672,52.0654677662
801950,2018-04-12,1860.62,1875.2,1890.76,1841.14,7.25853135,42.2228790823
801950,2018-04-13,1873.69,1863.49,1898.62,1846.56,6.92707224,42.7578903641
801950,2018-04-16,1821.55,1860.29,1870.58,1800.69,6.90713764,49.299136038
801950,2018-04-17,1805.21,1820.89,1847.37,1789.88,6.50425905,43.58795372149999
801950,2018-04-18,1826.63,1821.3,1845.51,1787.89,6.38080337,45.9098174149
801950,2018-04-19,1869.14,1823.69,1879.83,1813.8,7.74105634,58.968029934200004
801950,2018-04-20,1832.24,1850.36,1867.01,1805.07,6.00627876,43.7181455208
801950,2018-04-23,1842.01,1827.53,1857.84,1805.2,4.86012223,34.6977241484
801950,2018-04-24,1871.17,1847.14,1901.26,1835.8,7.87101286,65.7782418213
801950,2018-04-25,1848.06,1849.3,1869.09,1827.93,4.63691814,35.5166514549
801950,2018-04-26,1832.99,1846.77,1870.35,1808.49,5.00752534,37.4564548737
801950,2018-04-27,1851.28,1833.12,1866.62,1812.24,4.87179692,35.3132095253
801950,2018-05-02,1817.17,1832.77,1853.66,1787.06,6.34168456,45.069575325200006
801950,2018-05-03,1827.15,1806.53,1840.95,1791.92,4.7670906,33.589430943800004
801950,2018-05-04,1830.19,1823.57,1850.0,1805.09,6.04946577,35.178221645
801950,2018-05-07,1874.81,1830.68,1889.45,1820.2,9.02141533,59.2854112107
801950,2018-05-08,1883.48,1869.61,1898.61,1852.87,7.22050568,45.2834249172
801950,2018-05-09,1883.85,1877.73,1911.82,1860.76,6.16381766,43.48609814979999
801950,2018-05-10,1907.84,1890.08,1930.11,1879.87,7.77483474,57.453549350900005
801950,2018-05-11,1919.0,1906.36,1944.77,1876.48,8.29685782,66.34181723649999
801950,2018-05-14,1908.16,1917.33,1943.05,1889.11,6.42908181,52.0054253352
801950,2018-05-15,1906.92,1912.16,1928.56,1871.88,5.24216009,42.4226486624
801950,2018-05-16,1896.25,1894.77,1921.39,1876.33,5.17326109,42.2482637404
801950,2018-05-17,1897.26,1891.74,1918.54,1876.65,4.42642681,34.1855628463
801950,2018-05-18,1959.19,1894.65,1969.02,1885.48,9.72029553,82.3109805082
801950,2018-05-21,1954.38,1942.56,1972.35,1921.77,8.42519769,67.35400364670001
801950,2018-05-22,1937.62,1948.83,1962.4,1914.02,6.0161391,48.946827389700005
801950,2018-05-23,1850.51,1911.83,1921.84,1833.54,10.29588116,89.3838191914
801950,2018-05-24,1854.25,1841.61,1871.24,1826.94,6.11259845,41.569452921199996
801950,2018-05-25,1838.91,1849.77,1866.98,1816.83,4.92225073,33.2047685557
801950,2018-05-28,1830.04,1835.38,1856.18,1809.48,4.53895789,29.093074089699996
801950,2018-05-29,1840.84,1833.47,1863.37,1820.96,4.67569824,36.116376113499996
801950,2018-05-30,1763.5,1807.44,1820.56,1748.75,5.84714045,39.7048036165
801950,2018-05-31,1786.26,1777.09,1801.22,1756.98,4.73195228,30.050282818600003
801950,2018-06-01,1801.73,1787.82,1841.12,1770.36,7.87021625,50.446861875
801950,2018-06-04,1811.9,1814.05,1839.65,1792.38,4.9329229,35.538207676199995
801950,2018-06-05,1809.53,1809.31,1825.39,1775.98,5.82686449,39.3519254121
801950,2018-06-06,1819.17,1802.64,1831.01,1788.25,4.86060449,34.712848066599996
801950,2018-06-07,1834.92,1823.35,1857.55,1811.93,5.53465787,40.4377905794
801950,2018-06-08,1793.69,1823.76,1834.56,1769.15,5.91396723,38.349699352100004
801950,2018-06-11,1782.64,1779.82,1804.37,1755.96,4.03186586,27.600130315900003
801950,2018-06-12,1819.82,1781.67,1830.37,1768.38,5.92513996,43.0139318675
801950,2018-06-13,1801.87,1817.35,1829.73,1784.29,5.41391637,36.8240284484
801950,2018-06-14,1817.29,1794.58,1830.96,1781.49,5.71932156,43.015069794300004
801950,2018-06-15,1840.35,1813.42,1867.73,1794.81,9.61444442,68.1691332348
801950,2018-06-19,1766.9,1812.65,1848.27,1709.57,12.52009999,94.54940974040001
801950,2018-06-20,1778.36,1752.27,1797.48,1721.9,8.03649731,49.3953228118
801950,2018-06-21,1797.78,1778.63,1856.87,1764.94,12.71926566,76.2368245794
801950,2018-06-22,1815.54,1765.94,1828.8,1721.53,10.69885944,55.656056400299995
801950,2018-06-25,1776.08,1827.68,1839.45,1762.26,7.49633876,45.5682482022
801950,2018-06-26,1743.63,1738.09,1766.16,1697.6,6.75983728,43.3027280672
801950,2018-06-27,1727.97,1744.24,1769.15,1705.79,5.74259788,34.7199443912
801950,2018-06-28,1702.6,1723.87,1743.76,1687.36,5.01840075,29.614631783000004
801950,2018-06-29,1732.58,1702.54,1740.29,1662.88,6.45277607,38.9356538663
801950,2018-07-02,1670.45,1726.09,1739.15,1647.09,6.37596336,40.9978598332
801950,2018-07-03,1665.1,1666.35,1685.73,1615.15,5.84496953,35.9106853052
801950,2018-07-04,1659.8,1658.72,1690.04,1638.91,5.23026703,29.248959831599997
801950,2018-07-05,1614.9,1648.05,1666.77,1587.63,6.00510071,36.8193384797
801950,2018-07-06,1613.07,1610.94,1639.59,1567.39,4.35571013,30.3039945524
801950,2018-07-09,1630.19,1601.69,1641.68,1583.87,4.81432477,33.2610181411
801950,2018-07-10,1621.04,1621.78,1641.97,1596.17,4.11692401,28.46563652
801950,2018-07-11,1574.93,1591.87,1602.21,1551.49,4.33479453,28.182955441799997
801950,2018-07-12,1607.3,1578.57,1620.82,1568.77,4.51454235,31.4699249175
801950,2018-07-13,1601.6,1609.67,1621.32,1583.46,4.06197671,28.435789697399997
801950,2018-07-16,1619.42,1607.39,1642.67,1592.67,5.81154123,40.2211417667
801950,2018-07-17,1602.65,1615.42,1626.89,1575.29,4.50320103,31.465748734
801950,2018-07-18,1590.65,1603.73,1620.85,1581.2,3.77552151,26.454249256300002
801950,2018-07-19,1586.0,1594.46,1611.34,1572.5,3.29755885,22.483583584899996
801950,2018-07-20,1597.64,1583.98,1609.68,1545.22,4.54796388,31.661021756
801950,2018-07-23,1636.29,1589.7,1650.37,1573.6,6.31174385,46.16717669689999
801950,2018-07-24,1677.54,1638.57,1699.42,1628.13,8.69372937,66.18306625689999
801950,2018-07-25,1678.15,1683.24,1709.64,1654.34,6.18538051,44.2618779907
801950,2018-07-26,1671.59,1680.25,1709.95,1654.28,5.84920475,40.4895156354
801950,2018-07-27,1676.76,1681.18,1703.92,1657.11,5.32713759,35.542955391
801950,2018-07-30,1682.68,1685.32,1715.85,1660.43,6.45898164,44.992643871800006
801950,2018-07-31,1666.5,1682.35,1693.28,1647.98,5.05303842,33.901428795
801950,2018-08-01,1628.19,1672.88,1694.23,1625.03,7.02117486,44.7735420871
801950,2018-08-02,1600.96,1625.1,1636.8,1562.84,6.86858013,42.627535741799996
801950,2018-08-03,1628.21,1604.32,1672.47,1593.65,8.55714534,58.2402368903
801950,2018-08-06,1623.97,1632.64,1660.0,1596.56,6.87318783,46.255793420799996
801950,2018-08-07,1674.15,1638.74,1683.28,1614.11,8.02663556,55.7252027488
801950,2018-08-08,1664.0,1668.86,1690.25,1647.88,6.4663323,44.5520849112
801950,2018-08-09,1676.03,1656.21,1692.74,1635.63,6.64224262,46.2442933423
801950,2018-08-10,1662.34,1679.79,1689.82,1648.6,5.15677288,36.4680667866
801950,2018-08-13,1662.95,1655.64,1675.21,1627.55,5.12381986,36.5129483384
801950,2018-08-14,1675.31,1667.39,1702.33,1651.22,6.90234088,48.395034343999995
801950,2018-08-15,1633.65,1682.69,1689.3,1628.52,5.5737342,38.0502652646
801950,2018-08-16,1620.85,1617.12,1646.34,1593.67,5.02556754,31.3682434742
801950,2018-08-17,1630.57,1639.73,1664.97,1613.35,6.54646065,44.451396565299994
801950,2018-08-20,1640.74,1635.25,1658.98,1603.15,5.6506616,37.6529951851
801950,2018-08-21,1644.53,1642.16,1663.03,1622.96,5.08208009,35.8064294549
801950,2018-08-22,1650.73,1649.98,1683.38,1634.11,5.78846152,39.0369727106
801950,2018-08-23,1634.17,1649.66,1661.9,1613.17,5.86985368,37.4073198735
801950,2018-08-24,1618.78,1631.11,1642.0,1603.67,4.6808138,27.675316778000003
801950,2018-08-27,1648.18,1625.93,1655.46,1615.62,4.64034268,31.530365867399997
801950,2018-08-28,1657.87,1651.25,1678.34,1636.11,5.69717388,38.0522873755
801950,2018-08-29,1651.42,1658.53,1673.41,1640.02,3.9256845,25.3821228525
801950,2018-08-30,1626.19,1652.5,1668.21,1619.06,4.8213367,31.0416403865
801950,2018-08-31,1616.43,1627.33,1639.25,1599.97,3.53020571,22.425804137399997
801950,2018-09-03,1606.39,1614.56,1627.11,1578.6,4.08757073,25.5437612391
801950,2018-09-04,1619.56,1608.47,1631.68,1589.82,3.62280282,23.1840104327
801950,2018-09-05,1584.69,1617.46,1625.88,1581.09,3.79928682,23.615317534499997
801950,2018-09-06,1578.77,1585.01,1609.72,1568.63,3.28423725,20.3995266533
801950,2018-09-07,1624.08,1613.92,1648.01,1596.2,6.75564914,50.3832773699
801950,2018-09-10,1609.58,1620.82,1635.1,1595.33,4.36248591,29.377373644400002
801950,2018-09-11,1576.63,1608.08,1614.92,1562.21,4.75576517,31.924214864499998
801950,2018-09-12,1576.55,1577.19,1597.73,1560.54,3.86387333,24.043047216999998
801950,2018-09-13,1592.85,1595.2,1605.63,1569.95,3.25203467,20.6021202562
801950,2018-09-14,1595.95,1593.78,1612.41,1577.0,3.6746389,24.1814759909
801950,2018-09-17,1568.27,1591.89,1599.15,1559.05,2.98333998,19.062395886199997
801950,2018-09-18,1601.11,1566.49,1608.12,1556.08,3.69377996,24.243391030999998
801950,2018-09-19,1621.01,1598.7,1642.49,1591.77,4.73386128,32.2895241523
801950,2018-09-20,1614.01,1623.52,1638.51,1604.11,3.40920814,22.6949068874
801950,2018-09-21,1667.82,1620.51,1676.78,1610.89,5.97023312,45.9608284122
801950,2018-09-25,1657.32,1654.43,1674.83,1640.7,3.79942316,27.5265964991
801950,2018-09-26,1664.83,1662.56,1698.17,1651.1,4.88326551,35.8691921251
801950,2018-09-27,1672.18,1667.52,1695.86,1653.2,4.50108756,32.0005861642
801950,2018-09-28,1680.26,1677.57,1695.66,1658.08,4.6253005,31.1284701688
801950,2018-10-08,1651.3,1658.31,1682.91,1637.43,5.07271395,35.5696936969
801950,2018-10-09,1698.07,1661.69,1714.51,1650.67,7.00381291,48.611292105699995
801950,2018-10-10,1719.61,1705.8,1744.45,1688.49,7.94725751,57.0992980813
801950,2018-10-11,1637.5,1669.11,1706.09,1615.25,9.20327088,61.1881262803
801950,2018-10-12,1674.6,1637.86,1687.1,1594.68,8.26062427,56.4741534634
801950,2018-10-15,1617.84,1673.38,1682.29,1609.1,6.41426424,43.9015543362
801950,2018-10-16,1591.83,1615.83,1645.17,1576.86,5.04722428,33.2337479631
801950,2018-10-17,1624.4,1618.46,1639.24,1575.59,5.35082867,35.4768444608
801950,2018-10-18,1544.57,1609.73,1614.33,1536.54,5.51045652,36.0225616501
801950,2018-10-19,1568.33,1528.45,1582.66,1499.35,5.41644407,35.7591744305
801950,2018-10-22,1629.17,1577.93,1656.54,1569.23,7.37132436,51.599444749899995
801950,2018-10-23,1612.3,1631.92,1658.81,1595.92,6.07887529,44.0390581437
801950,2018-10-24,1631.37,1608.37,1651.94,1591.32,5.26788314,34.629443969200004
801950,2018-10-25,1632.87,1592.1,1643.14,1570.36,5.85077357,37.8197988761
801950,2018-10-26,1667.39,1644.18,1703.57,1624.55,8.66433659,56.596820559399994
801950,2018-10-29,1614.64,1659.47,1670.39,1602.09,6.70708036,46.112854831599996
801950,2018-10-30,1620.16,1610.18,1642.69,1578.25,5.57140029,37.0448093205
801950,2018-10-31,1640.95,1620.25,1665.01,1608.72,6.09851954,39.226730389699995
801950,2018-11-01,1629.18,1647.89,1667.35,1619.45,6.27133869,41.9797415478
801950,2018-11-02,1656.5,1649.99,1668.1,1619.65,7.25886019,49.043873213299996
801950,2018-11-05,1654.32,1649.96,1666.64,1628.93,5.81917539,36.8770964804
801950,2018-11-06,1654.2,1653.53,1671.76,1630.74,5.21886625,33.089061751500005
801950,2018-11-07,1641.4,1657.73,1671.72,1629.07,5.8725459,38.7058587433
801950,2018-11-08,1645.15,1652.48,1673.23,1630.11,5.11038543,34.385647226399996
801950,2018-11-09,1627.21,1642.58,1658.56,1619.34,4.49503419,29.0726349946
801950,2018-11-12,1636.83,1624.29,1651.9,1602.2,5.17876129,34.8514258425
801950,2018-11-13,1648.36,1620.53,1662.99,1608.03,7.00726133,42.8178631197
801950,2018-11-14,1643.19,1641.62,1672.9,1624.67,6.87029613,42.7452351657
801950,2018-11-15,1660.58,1644.72,1667.34,1629.72,6.49133007,39.1392803531
801950,2018-11-16,1654.48,1665.22,1676.04,1645.98,6.57286472,41.4334420928
801950,2018-11-19,1666.42,1654.92,1676.4,1637.52,6.03295499,37.2777137212
801950,2018-11-20,1626.59,1656.9,1667.66,1621.64,5.39438166,33.9685995334
801950,2018-11-21,1623.71,1612.71,1634.1,1591.81,5.08382737,33.2037086673
801950,2018-11-22,1614.74,1628.37,1636.87,1605.35,3.26715755,20.2601653165
801950,2018-11-23,1566.78,1614.74,1621.23,1562.34,4.81860137,28.5821828572
801950,2018-11-26,1549.85,1568.2,1583.56,1542.53,3.34163936,20.6153779707
801950,2018-11-27,1548.04,1562.08,1572.36,1536.86,2.78113461,17.6181218877
801950,2018-11-28,1565.69,1552.15,1573.79,1533.64,3.28791635,18.515309459
801950,2018-11-29,1541.39,1575.21,1584.96,1538.16,3.39675636,19.2375014028
801950,2018-11-30,1550.93,1541.93,1564.6,1523.38,3.30755664,18.336687101600003
801950,2018-12-03,1587.28,1589.2,1610.88,1569.63,5.11969408,31.4059815589
801950,2018-12-04,1596.22,1587.8,1604.58,1572.92,3.74167715,22.929994444800002
801950,2018-12-05,1584.22,1577.62,1599.73,1564.82,3.37449184,20.4666831561
801950,2018-12-06,1562.98,1576.51,1591.85,1555.83,3.62796331,20.934070567
801950,2018-12-07,1587.88,1570.35,1600.28,1558.08,4.15555374,24.7591405756
801950,2018-12-10,1564.27,1566.44,1582.01,1552.95,3.28430596,17.7654547544
801950,2018-12-11,1563.46,1560.6,1577.13,1548.52,5.28480083,17.1797176332
801950,2018-12-12,1565.82,1571.84,1580.21,1556.51,4.71444132,16.9877977393
801950,2018-12-13,1575.29,1569.33,1587.34,1555.34,5.26442407,24.2939797624
801950,2018-12-14,1549.68,1573.21,1580.65,1544.77,4.49661085,21.893171353299998
801950,2018-12-17,1552.18,1544.04,1560.76,1530.73,4.36189235,20.7737980573
801950,2018-12-18,1534.8,1541.9,1556.87,1521.87,4.10300774,18.7143852801
801950,2018-12-19,1517.63,1535.15,1543.86,1511.92,3.36871339,16.6694083649
801950,2018-12-20,1519.19,1515.92,1534.14,1501.7,3.88809228,18.6443112481
801950,2018-12-21,1503.64,1512.08,1520.09,1491.17,3.40614106,16.6531219862
801950,2018-12-24,1507.96,1499.92,1518.76,1490.25,2.813207,12.305235529900001
801950,2018-12-25,1475.01,1494.26,1500.13,1447.43,4.72983916,20.614007976099998
801950,2018-12-26,1458.29,1473.03,1484.29,1452.15,3.10138967,14.5144344782
801950,2018-12-27,1454.61,1479.66,1493.54,1444.48,5.94297855,20.9856708756
801950,2018-12-28,1453.4,1457.5,1470.96,1440.26,4.83166063,16.116442580799998
801950,2019-01-02,1435.68,1452.93,1463.37,1425.8,3.77257018,16.514607754
801950,2019-01-03,1431.26,1435.26,1453.86,1421.35,3.46010674,14.533268426400001
801950,2019-01-04,1462.22,1421.07,1466.69,1409.65,4.48021741,20.1222393102
801950,2019-01-07,1481.69,1469.25,1490.86,1455.68,6.38020444,24.52134796
801950,2019-01-08,1484.72,1483.06,1498.56,1468.43,6.59623915,21.1433665007
801950,2019-01-09,1488.13,1487.7,1514.26,1480.1,6.15418491,26.3022962979
801950,2019-01-10,1490.77,1488.28,1507.67,1473.56,6.0589982,20.7692174021
801950,2019-01-11,1511.1,1492.7,1519.3,1482.87,5.87707033,22.340161678
801950,2019-01-14,1536.73,1523.17,1564.6,1517.81,6.48117257,34.3550348655
801950,2019-01-15,1527.13,1538.52,1549.34,1501.12,11.12963505,37.922996433099996
801950,2019-01-16,1548.79,1525.37,1561.29,1514.55,12.56024044,44.159163137600004
801950,2019-01-17,1569.58,1549.21,1597.32,1532.49,15.34273752,62.9239527139
801950,2019-01-18,1594.84,1573.7,1622.67,1558.12,20.04284611,75.5804483768
801950,2019-01-21,1602.62,1598.53,1623.91,1571.11,13.24086395,53.0268947269
801950,2019-01-22,1574.81,1596.88,1613.08,1563.88,12.29914632,45.927924966599996
801950,2019-01-23,1567.38,1559.18,1586.06,1548.23,10.53405522,37.8826220003
801950,2019-01-24,1555.5,1563.14,1575.05,1535.67,9.48928006,33.2021477864
801950,2019-01-25,1551.18,1553.13,1574.1,1542.84,8.08780887,30.3344989464
801950,2019-01-28,1544.83,1554.47,1577.25,1529.48,7.9776086,34.9334014018
801950,2019-01-29,1544.05,1543.9,1563.3,1513.39,7.09670648,31.6449872379
801950,2019-01-30,1529.68,1540.15,1555.88,1519.22,6.33227365,26.249891115500002
801950,2019-01-31,1530.86,1531.21,1552.3,1509.33,6.76009192,30.3497002487
801950,2019-02-01,1554.46,1538.66,1563.24,1527.5,6.30038457,31.3216956685
801950,2019-02-11,1573.72,1555.42,1578.73,1545.46,7.29584645,34.6114664126
801950,2019-02-12,1598.61,1569.57,1605.85,1558.67,9.99590583,43.1374885665
801950,2019-02-13,1605.18,1593.28,1616.37,1577.35,10.5405197,48.310109685
801950,2019-02-14,1602.61,1598.91,1620.68,1586.11,8.84501548,38.4425034923
801950,2019-02-15,1582.62,1599.86,1615.46,1575.26,7.83871549,36.347332236999996
801950,2019-02-18,1620.48,1591.84,1629.27,1582.97,10.75201679,48.5957716354
801950,2019-02-19,1608.98,1618.39,1635.16,1592.6,10.04015087,47.5907064187
801950,2019-02-20,1635.11,1610.53,1646.77,1599.08,11.47064173,52.6078180625
801950,2019-02-21,1628.44,1633.93,1666.33,1611.21,15.63880801,65.2623293537
801950,2019-02-22,1635.74,1621.43,1644.3,1597.35,11.81267824,54.0219965446
801950,2019-02-25,1717.15,1641.61,1727.94,1632.42,20.43078604,106.397742004
801950,2019-02-26,1741.65,1715.12,1819.52,1690.75,25.67202702,137.151282331
801950,2019-02-27,1738.82,1739.78,1796.65,1712.89,18.72953067,97.66146532260001
801950,2019-02-28,1729.54,1739.44,1763.64,1710.98,11.37981082,57.676446894499996
801950,2019-03-01,1758.01,1740.25,1767.55,1715.81,11.94815222,61.4404100722
801950,2019-03-04,1769.35,1767.69,1815.71,1752.41,18.36736654,104.41461275200001
801950,2019-03-05,1780.27,1767.22,1787.51,1742.97,13.07905944,70.0042820479
801950,2019-03-06,1815.22,1782.91,1826.41,1762.54,23.55816032,113.7413121391
801950,2019-03-07,1839.98,1818.41,1876.86,1789.78,30.7809831,140.9632732439
801950,2019-03-08,1730.92,1807.98,1825.59,1725.73,30.44174561,132.638574787
801950,2019-03-11,1765.25,1729.31,1773.55,1710.67,16.69499046,74.2416008797
801950,2019-03-12,1777.65,1772.88,1805.2,1748.82,18.13862365,86.663893559
801950,2019-03-13,1747.77,1772.82,1785.48,1733.03,13.83951092,66.3558909436
801950,2019-03-14,1730.67,1742.12,1773.26,1707.92,12.98792185,62.1814633818
801950,2019-03-15,1754.31,1736.65,1771.1,1727.2,11.27545293,61.005316785299996
801950,2019-03-18,1810.74,1764.37,1820.79,1743.52,17.24773426,98.8310018256
801950,2019-03-19,1800.93,1808.97,1831.4,1775.62,14.35952249,76.9738004002
801950,2019-03-20,1802.08,1805.81,1833.15,1770.18,14.51139697,84.1903957517
801950,2019-03-21,1803.95,1804.16,1826.85,1784.68,13.52706936,72.82341797229999
801950,2019-03-22,1811.27,1800.6,1825.32,1772.75,11.63276991,66.93938688109999
801950,2019-03-25,1761.59,1770.59,1795.88,1746.28,11.49769508,68.7602795693
801950,2019-03-26,1726.14,1769.38,1782.7,1712.75,12.14424462,71.0946192073
801950,2019-03-27,1738.93,1740.11,1754.48,1712.86,8.27649943,50.0040521309
801950,2019-03-28,1720.08,1735.4,1757.42,1705.77,11.97747529,70.4361765253
801950,2019-03-29,1777.41,1715.7,1783.47,1709.23,14.6449264,88.15510338760001
801950,2019-04-01,1851.68,1797.14,1861.71,1786.35,18.06243363,113.5641819638
801950,2019-04-02,1866.45,1864.28,1893.63,1830.6,20.50483478,129.4963554165
801950,2019-04-03,1897.56,1860.27,1917.4,1841.59,18.78294056,123.2616857493
801950,2019-04-04,1936.68,1912.52,1961.02,1889.27,20.2799109,147.8888331137
801950,2019-04-08,1974.06,1960.94,2014.46,1919.42,23.05914739,166.9560888441
801950,2019-04-09,1954.25,1971.43,1990.79,1914.99,15.98685253,124.01940835049999
801950,2019-04-10,1956.44,1947.06,1986.91,1909.14,15.14482409,120.2582604589
801950,2019-04-11,1918.78,1946.18,1993.4,1902.71,15.35304712,125.6862022543
801950,2019-04-12,1911.56,1915.89,1945.09,1887.7,13.00191147,101.84876393540002
801950,2019-04-15,1913.48,1937.89,1970.71,1897.46,14.8078874,117.9234555333
801950,2019-04-16,1970.78,1902.28,1974.62,1884.45,15.52224151,122.65232732959998
801950,2019-04-17,2003.38,1979.82,2028.84,1957.98,19.14268121,143.6164027137
801950,2019-04-18,1998.33,2005.27,2041.86,1963.57,18.30372025,155.6953781172
801950,2019-04-19,2063.08,1988.64,2090.87,1958.86,27.40652119,192.1033512834
801950,2019-04-22,2003.34,2067.32,2088.51,1989.53,25.22208778,170.1593657153
801950,2019-04-23,1968.18,1995.45,2038.62,1950.94,21.55493879,149.6263462787
801950,2019-04-24,1991.54,1968.72,2018.62,1943.9,18.34182503,127.9464649414
801950,2019-04-25,1899.23,1975.04,1991.85,1890.49,18.96119732,122.15074346540001
801950,2019-04-26,1867.84,1884.72,1916.06,1853.81,13.50916011,95.78134896600001
801950,2019-04-29,1829.24,1873.34,1894.57,1807.22,14.66959075,102.73588134290002
801950,2019-04-30,1851.36,1819.59,1868.48,1810.03,10.28723165,78.0703936594
801950,2019-05-06,1739.8,1794.91,1822.78,1712.81,15.41987065,106.8110342975
801950,2019-05-07,1765.47,1752.56,1787.44,1727.54,11.22222347,86.8881266066
801950,2019-05-08,1737.32,1730.25,1772.35,1705.16,10.88788396,80.9717500422
801950,2019-05-09,1714.52,1719.2,1749.14,1699.66,8.75854398,61.8682629267
801950,2019-05-10,1763.4,1733.77,1772.16,1695.62,11.49643879,82.2269115615
801950,2019-05-13,1755.67,1747.31,1782.81,1730.57,8.97829329,74.5809662825
801950,2019-05-14,1734.0,1729.74,1758.95,1719.52,8.04379392,60.9012903561
801950,2019-05-15,1774.54,1746.5,1782.23,1737.68,9.81470696,77.8787844124
801950,2019-05-16,1793.11,1777.98,1817.03,1755.91,12.53214065,98.81333322389999
801950,2019-05-17,1731.35,1785.63,1792.2,1721.38,10.94307914,78.6597298931
801950,2019-05-20,1699.78,1720.03,1733.32,1670.21,8.47577026,58.2741108672
801950,2019-05-21,1738.63,1699.86,1748.08,1692.25,8.07537145,56.3950053226
801950,2019-05-22,1735.42,1742.89,1766.44,1716.36,8.97306872,58.4014792162
801950,2019-05-23,1730.06,1724.64,1771.26,1701.52,10.18439699,65.71267721
801950,2019-05-24,1722.3,1720.12,1747.9,1704.63,7.30000528,53.280623096899994
801950,2019-05-27,1743.22,1720.11,1751.6,1697.97,7.89186896,57.7438486417
801950,2019-05-28,1739.64,1737.86,1762.22,1720.72,8.82301813,60.895393973599994
801950,2019-05-29,1726.49,1728.79,1749.23,1711.46,7.32045416,49.4846097808
801950,2019-05-30,1728.88,1730.48,1749.62,1705.34,7.17146554,49.8455585987
801950,2019-05-31,1701.49,1722.74,1733.2,1694.14,6.03855253,42.9436306089
801950,2019-06-03,1670.23,1694.87,1705.88,1657.88,6.57756755,41.9508659751
801950,2019-06-04,1659.67,1667.62,1681.59,1643.41,6.64363062,42.7388238287
801950,2019-06-05,1658.56,1672.07,1687.49,1649.78,5.62700651,36.9493356144
801950,2019-06-06,1640.5,1659.76,1671.3,1628.83,6.75100592,40.912677495
801950,2019-06-10,1654.1,1645.25,1668.02,1628.37,5.56483077,34.1742055521
801950,2019-06-11,1695.74,1651.16,1705.74,1644.35,8.52016557,54.3664426876
801950,2019-06-12,1686.69,1689.93,1710.4,1671.66,7.70592312,49.216168523
801950,2019-06-13,1701.66,1684.89,1713.68,1668.89,8.03952078,48.1668125286
801950,2019-06-14,1676.5,1705.93,1719.36,1663.77,8.86647699,60.8528075944
801950,2019-06-17,1684.2,1671.85,1698.12,1658.41,5.28536843,36.3028244314
801950,2019-06-18,1683.92,1686.01,1698.28,1669.13,4.18844831,27.410808674000002
801950,2019-06-19,1696.69,1712.07,1728.85,1689.53,6.79645084,46.4623481002
801950,2019-06-20,1724.96,1693.94,1739.57,1684.04,8.99434797,58.9454873342
801950,2019-06-21,1731.81,1730.15,1748.64,1716.14,8.83747737,54.5670066569
801950,2019-06-24,1746.14,1732.81,1769.73,1722.02,7.67672024,49.145051091999996
801950,2019-06-25,1738.82,1744.05,1761.73,1718.19,7.86197678,53.176873987600004
801950,2019-06-26,1728.15,1730.08,1749.42,1713.79,5.78439772,40.3833162583
801950,2019-06-27,1731.37,1732.42,1755.27,1721.91,5.7929556,38.3276465243
801950,2019-06-28,1719.01,1731.8,1739.87,1701.74,5.25899561,31.298570484499997
801950,2019-07-01,1757.16,1742.95,1766.88,1727.82,8.82453805,58.559109095
801950,2019-07-02,1761.83,1751.52,1774.43,1736.44,7.66931471,55.6557498135
801950,2019-07-03,1746.85,1755.79,1771.25,1730.47,6.36468531,41.5521290599
801950,2019-07-04,1742.46,1748.3,1761.25,1729.29,4.92225726,31.2979024116
801950,2019-07-05,1743.04,1742.56,1754.88,1727.16,4.50763271,30.115859135500003
801950,2019-07-08,1668.39,1721.74,1726.12,1657.69,6.9542939,43.072327295600005
801950,2019-07-09,1667.33,1670.51,1685.06,1655.1,4.03226464,25.8895816681
801950,2019-07-10,1656.41,1669.04,1678.36,1646.75,3.98521396,24.279834732199998
801950,2019-07-11,1652.52,1659.91,1674.21,1642.62,3.87754967,23.289762984
801950,2019-07-12,1658.8,1654.18,1670.2,1641.69,3.63647091,21.6246895925
801950,2019-07-15,1664.87,1656.7,1675.13,1631.21,4.44637159,27.7036507341
801950,2019-07-16,1669.6,1660.8,1681.3,1651.79,3.85981826,23.9162224901
801950,2019-07-17,1670.12,1669.32,1686.84,1655.66,4.01434229,23.7186358921
801950,2019-07-18,1650.78,1664.65,1676.69,1640.76,4.86238882,25.7322451679
801950,2019-07-19,1664.03,1655.23,1682.68,1648.77,4.58707003,28.530765966300002
801950,2019-07-22,1643.59,1666.6,1681.01,1625.57,4.84836503,28.883833621100003
801950,2019-07-23,1649.84,1644.17,1660.68,1632.29,3.33534677,22.5825014598
801950,2019-07-24,1668.31,1654.39,1686.65,1647.94,5.59998209,37.1114459644
801950,2019-07-25,1675.91,1669.15,1683.49,1659.66,4.30505201,27.2980603934
801950,2019-07-26,1674.57,1669.0,1685.8,1657.31,5.17588564,33.423861860500004
801950,2019-07-29,1670.3,1672.97,1685.19,1656.29,3.86749705,25.4495707123
801950,2019-07-30,1687.87,1672.93,1705.47,1665.95,5.98205934,44.656105067
801950,2019-07-31,1686.75,1682.79,1702.57,1670.85,5.11141816,38.5783826295
801950,2019-08-01,1674.88,1680.46,1693.69,1662.49,5.2618744,31.636924403800002
801950,2019-08-02,1643.6,1648.83,1665.6,1620.96,6.01862121,39.0405368523
801950,2019-08-05,1607.93,1638.7,1648.3,1601.79,4.92802039,31.515199696999996
801950,2019-08-06,1566.98,1584.43,1599.69,1535.0,7.63787847,39.4955270346
801950,2019-08-07,1574.49,1571.46,1594.22,1560.28,4.30127274,24.353151678299998
801950,2019-08-08,1579.13,1578.72,1595.18,1567.27,4.13969578,22.551409648000003
801950,2019-08-09,1559.83,1586.0,1591.91,1551.46,3.9586542,22.8685733251
801950,2019-08-12,1581.95,1560.99,1586.47,1549.21,3.6891447,23.0945286639
801950,2019-08-13,1561.98,1568.82,1580.5,1551.98,3.12324204,18.622316893
801950,2019-08-14,1575.2,1576.9,1596.87,1563.23,5.23196699,27.956852883200003
801950,2019-08-15,1569.58,1546.09,1575.31,1530.36,4.61647978,25.2783257252
801950,2019-08-16,1569.58,1569.35,1587.24,1556.07,4.44355492,26.7550002952
801950,2019-08-19,1603.52,1577.51,1607.81,1569.55,5.64740811,33.0429106638
801950,2019-08-20,1613.37,1607.31,1641.04,1599.68,7.33501748,41.0974856243
801950,2019-08-21,1605.2,1605.74,1619.46,1595.71,4.35390366,24.611018640100003
801950,2019-08-22,1597.7,1610.16,1618.02,1581.6,4.57614196,27.606893276999998
801950,2019-08-23,1601.48,1597.4,1613.41,1583.96,4.72902887,29.8515299728
801950,2019-08-26,1593.33,1571.31,1605.76,1565.44,5.76133196,34.389760641399995
801950,2019-08-27,1616.47,1601.1,1640.51,1593.12,8.34908615,50.9783967657
801950,2019-08-28,1625.53,1620.36,1643.02,1602.42,8.52430223,41.9803285302
801950,2019-08-29,1613.81,1625.12,1640.63,1605.26,9.11820207,37.123285699
801950,2019-08-30,1600.05,1621.72,1633.97,1588.66,6.93519546,34.129333523
801950,2019-09-02,1649.63,1606.64,1659.93,1600.9,7.54573601,42.3114854085
801950,2019-09-03,1650.59,1650.18,1663.64,1634.25,6.23493507,36.3317087736
801950,2019-09-04,1672.06,1652.5,1681.92,1640.37,7.80610093,48.9706661879
801950,2019-09-05,1670.04,1676.56,1704.11,1660.8,9.69902426,60.746799996499995
801950,2019-09-06,1673.56,1674.89,1688.12,1658.37,5.7768795,36.6020888635
801950,2019-09-09,1690.63,1686.38,1701.71,1664.12,7.37205906,50.4159218531
801950,2019-09-10,1688.86,1691.4,1706.13,1671.77,7.62019414,46.8779620679
801950,2019-09-11,1700.78,1694.36,1721.66,1679.9,10.02792924,71.1039713765
801950,2019-09-12,1701.66,1700.53,1714.7,1685.63,7.74922696,56.335565603999996
801950,2019-09-16,1705.71,1717.16,1732.32,1694.07,8.04073247,53.8243144092
801950,2019-09-17,1669.66,1701.63,1710.65,1661.86,8.16152209,54.1539533949
801950,2019-09-18,1663.3,1671.39,1681.18,1649.8,5.26322453,32.459066743600005
801950,2019-09-19,1663.82,1664.55,1673.31,1644.25,4.74416083,27.9002022873
801950,2019-09-20,1655.61,1663.27,1670.87,1643.78,4.84984371,30.5795422453
801950,2019-09-23,1628.5,1654.22,1657.07,1614.51,4.98864551,30.6207914411
801950,2019-09-24,1631.24,1628.49,1646.76,1619.86,4.10881454,25.492649588899997
801950,2019-09-25,1609.16,1626.49,1631.68,1601.1,4.58182358,26.7933200827
801950,2019-09-26,1601.54,1614.05,1626.06,1592.63,5.15273812,27.1200160463
801950,2019-09-27,1591.46,1603.96,1617.08,1579.16,3.65241716,22.695759
801950,2019-09-30,1587.94,1591.56,1606.82,1577.81,2.93699752,17.4248772426
801950,2019-10-08,1589.89,1586.43,1607.61,1578.06,3.05803763,19.1048331404
801950,2019-10-09,1606.97,1585.43,1613.21,1573.82,3.32451413,21.5994411506
801950,2019-10-10,1609.28,1607.74,1619.48,1595.52,3.2476501,19.25483368
801950,2019-10-11,1619.67,1612.49,1629.4,1598.78,4.34731099,26.2510037066
801950,2019-10-14,1632.33,1629.55,1644.58,1616.68,4.87868174,29.6354394871
801950,2019-10-15,1612.52,1629.23,1634.95,1602.71,4.22403805,25.7960023246
801950,2019-10-16,1599.75,1613.94,1624.44,1594.23,3.4221621,19.3766645653
801950,2019-10-17,1591.74,1598.63,1608.28,1584.25,2.76384914,16.391100536099998
801950,2019-10-18,1572.48,1595.43,1607.95,1563.57,4.74419909,24.2886951402
801950,2019-10-21,1570.95,1570.05,1579.36,1552.32,3.26759265,17.7119337864
801950,2019-10-22,1575.12,1572.43,1583.48,1558.12,2.69802043,16.3483001818
801950,2019-10-23,1565.77,1574.54,1580.15,1559.04,2.55387382,14.9768143423
801950,2019-10-24,1571.21,1565.41,1581.48,1554.13,2.89720673,19.9653923851
801950,2019-10-25,1576.48,1567.5,1584.63,1551.64,3.50115881,19.1784445344
801950,2019-10-28,1584.69,1573.21,1590.99,1564.99,4.10168,23.956577197399998
801950,2019-10-29,1567.11,1584.38,1592.45,1559.98,4.01753291,24.491035356999998
801950,2019-10-30,1554.35,1563.45,1574.48,1544.46,4.17877302,22.804225443099998
801950,2019-10-31,1543.4,1556.87,1568.3,1531.15,4.72278319,25.083553462199998
801950,2019-11-01,1550.64,1538.21,1559.99,1525.36,4.25995687,23.511310004400002
801950,2019-11-04,1548.06,1553.2,1563.53,1536.61,4.05360363,22.886448434499997
801950,2019-11-05,1554.03,1549.45,1568.09,1534.39,4.50858194,27.0897114815
801950,2019-11-06,1546.9,1554.26,1565.33,1536.13,4.17687978,23.1957857332
801950,2019-11-07,1547.63,1549.69,1559.24,1536.76,3.38570779,22.1900771237
801950,2019-11-08,1538.98,1552.64,1559.55,1535.23,3.30078344,20.4705043112
801950,2019-11-11,1498.48,1534.2,1538.32,1494.77,4.51836071,26.2800022054
801950,2019-11-12,1514.82,1500.77,1523.0,1489.59,4.41119153,26.0243410097
801950,2019-11-13,1501.5,1515.51,1520.4,1491.67,3.63188591,21.155037470699998
801950,2019-11-14,1494.92,1502.55,1510.29,1485.92,2.9857243,18.1393300983
801950,2019-11-15,1474.32,1495.41,1502.06,1469.36,3.66677645,23.383505464099997
801950,2019-11-18,1487.11,1471.46,1494.68,1463.95,3.14037207,20.240780588699998
801950,2019-11-19,1500.02,1481.17,1505.2,1474.19,4.17860497,23.909940366500003
801950,2019-11-20,1506.84,1498.97,1527.82,1487.94,6.03627675,29.1046911602
801950,2019-11-21,1511.21,1501.52,1520.94,1488.86,4.88958631,23.7172736776
801950,2019-11-22,1521.18,1511.29,1538.25,1496.26,7.91820209,40.0709840521
801950,2019-11-25,1581.07,1526.22,1597.51,1522.58,14.55066778,78.4007999565
801950,2019-11-26,1556.4,1576.32,1587.36,1538.85,11.18458071,55.822767157200005
801950,2019-11-27,1538.0,1548.53,1559.39,1526.82,6.84042912,34.2181901294
801950,2019-11-28,1523.24,1536.61,1545.13,1511.9,5.85922644,30.5305084752
801950,2019-11-29,1523.13,1525.25,1537.17,1508.27,4.97902959,25.931532059600002
801950,2019-12-02,1519.88,1522.91,1536.75,1510.85,4.58161834,24.409980957
801950,2019-12-03,1525.59,1515.99,1532.03,1504.51,4.60758,25.5628523719
801950,2019-12-04,1513.52,1522.29,1530.93,1504.66,4.47893775,25.5777137629
801950,2019-12-05,1516.26,1515.42,1524.61,1502.89,5.08797972,27.4908745532
801950,2019-12-06,1515.46,1515.37,1521.98,1503.6,3.89333891,21.28168803
801950,2019-12-09,1542.79,1516.73,1548.5,1510.53,6.89285091,36.7071897627
801950,2019-12-10,1532.23,1535.5,1545.58,1520.88,5.06117858,27.7497258307
801950,2019-12-11,1529.7,1533.57,1543.25,1519.6,5.12999591,29.436232189299997
801950,2019-12-12,1513.88,1527.51,1532.55,1507.39,4.6445847,26.6818096297
801950,2019-12-13,1529.32,1520.31,1535.45,1513.94,4.99396672,29.8514351239
801950,2019-12-16,1541.14,1534.5,1545.62,1520.47,5.91603438,33.8373751234
801950,2019-12-17,1566.52,1539.95,1581.57,1532.8,9.25671412,55.4673291153
801950,2019-12-18,1561.1,1563.68,1581.86,1553.98,7.35083436,40.6976944743
801950,2019-12-19,1581.58,1562.67,1589.18,1555.38,7.61231606,45.737673808800004
801950,2019-12-20,1568.35,1579.83,1590.61,1563.1,6.84255839,39.3276175939
801950,2019-12-23,1540.37,1564.97,1576.33,1536.2,5.69880065,32.4576516594
801950,2019-12-24,1563.53,1540.7,1569.44,1536.21,5.46941793,30.306356444699997
801950,2019-12-25,1551.45,1560.06,1568.32,1541.28,4.55242227,25.917345543699998
801950,2019-12-26,1573.62,1549.79,1578.37,1544.42,5.91141983,40.2773800195
801950,2019-12-27,1582.32,1572.92,1611.12,1564.5,9.48419011,55.8774316994
801950,2019-12-30,1607.24,1572.78,1616.02,1561.48,9.41696486,58.278608319899995
801950,2019-12-31,1611.73,1601.78,1622.56,1588.15,7.77504025,45.6933332765
801950,2020-01-02,1622.23,1620.2,1641.4,1608.27,9.54999476,59.4588335312
801950,2020-01-03,1622.5,1621.63,1638.66,1609.34,7.0378918,41.7954558538
801950,2020-01-06,1641.78,1619.19,1657.46,1610.13,9.51002585,57.575495859200004
801950,2020-01-07,1675.33,1645.68,1703.22,1642.88,13.96045526,73.6574513705
801950,2020-01-08,1637.16,1678.86,1686.09,1630.24,10.76422252,60.493517116499994
801950,2020-01-09,1642.47,1648.28,1663.01,1629.39,7.70394047,50.1364286865
801950,2020-01-10,1631.89,1643.61,1657.17,1619.3,6.92672283,46.8912041221
801950,2020-01-13,1636.42,1627.73,1643.12,1609.77,5.81122841,40.2471301192
801950,2020-01-14,1635.54,1636.81,1662.99,1626.38,7.54090143,45.8185883038
801950,2020-01-15,1613.96,1633.97,1639.6,1603.15,6.03681056,39.0679948906
801950,2020-01-16,1603.09,1615.04,1625.89,1591.63,5.16599826,35.6109624182
801950,2020-01-17,1603.6,1605.28,1622.17,1592.76,4.5346013,27.8955620681
801950,2020-01-20,1597.81,1604.54,1613.19,1579.03,4.8826434,33.3052330856
801950,2020-01-21,1575.12,1590.21,1601.26,1559.65,6.00685086,39.0078807824
801950,2020-01-22,1569.95,1562.66,1585.18,1539.94,5.59323227,35.1578821753
801950,2020-01-23,1518.24,1559.53,1566.6,1504.57,7.16128152,41.6330299693
801950,2020-02-03,1386.34,1370.02,1401.8,1369.18,5.67506008,38.9027359256
801950,2020-02-04,1381.8,1340.39,1405.35,1334.97,9.83497495,49.8408916009
801950,2020-02-05,1394.59,1382.71,1417.99,1369.6,8.04766249,40.8300379604
801950,2020-02-06,1414.59,1399.7,1420.6,1382.79,7.50635652,38.3013974311
801950,2020-02-07,1408.44,1407.05,1417.15,1389.42,6.28787183,31.767658658200002
801950,2020-02-10,1432.42,1399.02,1439.21,1390.09,7.01701352,38.2301295037
801950,2020-02-11,1453.06,1434.65,1481.65,1424.99,8.52313662,46.7810922922
801950,2020-02-12,1466.11,1450.81,1472.17,1440.41,6.51758423,35.1925819214
801950,2020-02-13,1458.59,1465.63,1485.72,1447.17,6.97003322,42.52153897
801950,2020-02-14,1459.87,1453.31,1468.94,1441.22,5.08588406,29.5268651604
801950,2020-02-17,1486.67,1458.07,1490.14,1452.95,6.9448873,39.2177247201
801950,2020-02-18,1492.77,1488.57,1507.99,1470.16,7.20781139,42.100955417600005
801950,2020-02-19,1489.76,1492.63,1512.6,1478.42,7.54735443,41.4271247011
801950,2020-02-20,1517.35,1490.78,1527.74,1478.36,9.66260102,57.797043472700004
801950,2020-02-21,1525.48,1513.49,1538.14,1502.48,9.48370232,53.050637298699996
801950,2020-02-24,1516.16,1519.6,1536.8,1496.61,8.83161769,53.3182212742
801950,2020-02-25,1492.93,1487.1,1512.28,1458.8,10.93031791,56.8567158062
801950,2020-02-26,1504.97,1479.57,1541.17,1461.0,14.35687333,70.1679166587
801950,2020-02-27,1502.01,1502.96,1528.69,1485.59,9.28590537,45.4909426858
801950,2020-02-28,1437.63,1469.63,1483.6,1431.68,9.5286721,50.4835783387
801950,2020-03-02,1491.9,1449.44,1501.93,1445.05,8.55174036,49.8063695856
801950,2020-03-03,1501.38,1513.47,1530.46,1486.43,9.96106484,53.284512641300005
801950,2020-03-04,1521.21,1491.31,1530.72,1482.0,8.98369011,45.0951235081
801950,2020-03-05,1545.49,1532.35,1562.68,1518.09,10.94311091,60.214734437299995
801950,2020-03-06,1521.96,1527.92,1540.92,1509.37,7.61837911,41.3128144869
801950,2020-03-09,1462.44,1491.82,1500.23,1456.24,9.3965335,49.208189955600005
801950,2020-03-10,1485.63,1442.96,1494.07,1432.14,7.8735248,40.4043211212
801950,2020-03-11,1470.27,1486.69,1501.27,1466.17,6.13567857,30.750644299
801950,2020-03-12,1446.86,1455.29,1465.8,1434.97,5.71922913,28.263182024000002
801950,2020-03-13,1425.35,1397.43,1442.23,1379.51,6.8283636,33.9641564614
801950,2020-03-16,1391.47,1434.98,1445.83,1386.3,5.95668414,31.0584751515
801950,2020-03-17,1386.1,1395.19,1419.13,1356.47,5.61823631,28.833632792600003
801950,2020-03-18,1365.47,1394.83,1407.53,1362.3,5.19897213,27.9639730357
801950,2020-03-19,1341.19,1360.72,1372.49,1306.97,5.98085035,31.5613179692
801950,2020-03-20,1356.32,1351.78,1368.0,1334.29,4.3564315,21.8296220476
801950,2020-03-23,1321.81,1327.66,1349.26,1307.94,4.53554634,22.335275448
801950,2020-03-24,1359.87,1342.5,1367.04,1325.21,4.49755609,24.762646964800002
801950,2020-03-25,1380.03,1381.85,1391.72,1364.13,4.72191867,23.2817265688
801950,2020-03-26,1369.67,1374.97,1387.0,1357.98,3.52673807,18.4879781493
801950,2020-03-27,1376.19,1381.23,1393.02,1364.27,3.49076982,18.4597953508
801950,2020-03-30,1373.4,1362.89,1392.29,1345.62,4.54922988,27.3252601473
801950,2020-03-31,1367.8,1383.31,1394.75,1359.59,3.57637005,18.8234562001
801950,2020-04-01,1360.92,1365.15,1386.04,1353.57,3.72922783,19.6347569642
801950,2020-04-02,1388.83,1354.71,1390.83,1348.51,4.57884132,21.6990905381
801950,2020-04-03,1372.93,1387.35,1396.17,1365.94,3.64489344,17.7898500967
801950,2020-04-07,1391.8,1390.11,1401.87,1378.77,4.6462443,23.040143418000003
801950,2020-04-08,1398.44,1387.0,1409.18,1377.52,4.97539294,21.3765860581
801950,2020-04-09,1395.16,1405.14,1412.35,1388.73,4.91343819,20.920169211300003
801950,2020-04-10,1380.96,1395.82,1403.4,1372.78,4.54947247,21.236286343499998
801950,2020-04-13,1371.91,1375.97,1385.95,1362.98,2.99967178,13.7638237964
801950,2020-04-14,1393.4,1374.14,1398.33,1369.42,3.31305092,17.6037557145
801950,2020-04-15,1381.95,1395.0,1405.18,1371.97,3.96617327,21.108302666700002
801950,2020-04-16,1381.0,1376.71,1391.21,1368.48,3.60892234,16.0750895535
801950,2020-04-17,1387.82,1385.87,1402.35,1376.19,3.85383398,21.4819049567
801950,2020-04-20,1387.74,1387.24,1399.06,1376.9,3.60114367,19.6667376298
801950,2020-04-21,1356.14,1381.02,1385.85,1346.19,4.50530493,26.545568411399998
801950,2020-04-22,1361.19,1349.1,1378.4,1336.48,4.50851878,22.7986132101
801950,2020-04-23,1352.24,1363.0,1371.45,1344.76,4.14532759,21.150611992
801950,2020-04-24,1354.86,1354.51,1375.25,1340.86,6.16973566,36.373253509099996
801950,2020-04-27,1350.16,1351.06,1373.68,1335.3,5.92762612,29.417387829499997
801950,2020-04-28,1326.11,1350.41,1358.35,1299.09,6.58883224,30.061423351
801950,2020-04-29,1337.04,1324.91,1352.67,1313.21,4.35145216,21.7872341101
801950,2020-04-30,1367.84,1343.83,1374.16,1337.02,5.25375671,27.4315915001
801950,2020-05-06,1367.81,1354.7,1377.28,1341.57,5.39166951,29.2903310158
801950,2020-05-07,1361.23,1365.28,1375.15,1345.46,4.2801873,24.163466531999997
801950,2020-05-08,1373.19,1363.25,1380.3,1355.56,4.0795284,22.3979394679
801950,2020-05-11,1378.0,1375.59,1392.92,1365.1,3.98543339,23.281752242600003
801950,2020-05-12,1370.42,1378.24,1385.4,1357.72,3.73085612,20.2177543614
801950,2020-05-13,1369.1,1366.46,1378.26,1351.37,3.67036326,19.4290532743
801950,2020-05-14,1358.03,1363.82,1372.57,1350.64,4.18830445,20.383965998599997
801950,2020-05-15,1359.1,1359.82,1374.14,1350.47,3.32896386,17.835068465899997
801950,2020-05-18,1366.35,1361.82,1382.65,1347.61,4.68009984,23.9583652217
801950,2020-05-19,1389.97,1376.94,1403.0,1370.42,4.65576271,29.2770557229
801950,2020-05-20,1376.85,1387.65,1400.76,1365.91,4.15627319,22.078014404
801950,2020-05-21,1369.39,1381.33,1393.98,1361.24,4.59538,23.0939734372
801950,2020-05-22,1344.51,1367.13,1374.39,1338.64,4.32258227,22.045557710900002
801950,2020-05-25,1362.2,1345.64,1369.64,1336.82,4.03686299,18.8839246755
801950,2020-05-26,1370.59,1365.1,1380.02,1351.15,4.18827664,20.9304619337
801950,2020-05-27,1383.07,1369.0,1399.65,1354.26,5.76069372,30.815210539899997
801950,2020-05-28,1377.71,1379.34,1394.46,1363.4,4.32276314,22.5007434964
801950,2020-05-29,1369.4,1376.4,1389.43,1359.58,4.17257324,22.973059182100002
801950,2020-06-01,1389.18,1364.69,1395.75,1361.92,5.88553562,30.206977273699998
801950,2020-06-02,1395.47,1388.3,1403.43,1378.62,5.04384368,26.625460934
801950,2020-06-03,1390.27,1399.47,1412.15,1383.92,5.17350449,29.300562930599998
801950,2020-06-04,1384.99,1395.01,1403.26,1371.24,4.46305479,24.184815892399996
801950,2020-06-05,1381.72,1384.24,1393.87,1369.98,3.97584653,19.7442584148
801950,2020-06-08,1390.56,1387.1,1402.09,1377.89,4.27994641,24.1748763002
801950,2020-06-09,1399.54,1392.19,1408.22,1382.12,4.31621875,25.4469162577
801950,2020-06-10,1388.0,1399.0,1406.8,1378.45,4.57830531,25.2904825127
801950,2020-06-11,1375.76,1387.55,1401.61,1364.27,8.1318315,33.163922454
801950,2020-06-12,1364.6,1352.1,1373.86,1341.69,6.27369754,30.153651800100004
801950,2020-06-15,1327.81,1339.36,1353.11,1320.56,5.57948695,26.993266118
801950,2020-06-16,1350.85,1335.52,1360.65,1328.31,5.61603443,26.992395819400002
801950,2020-06-17,1360.36,1349.29,1372.99,1341.52,5.33815621,28.252146558099998
801950,2020-06-18,1404.98,1360.9,1420.96,1350.22,12.54470705,61.4518799517
801950,2020-06-19,1398.33,1402.54,1416.34,1384.14,8.49302854,40.2704959054
801950,2020-06-22,1381.61,1394.26,1405.26,1374.11,6.29037959,31.1254999002
801950,2020-06-23,1380.54,1381.48,1395.94,1363.18,5.30592666,29.0633346652
801950,2020-06-24,1374.59,1378.5,1395.61,1363.43,5.02229754,28.865551022
801950,2020-06-29,1354.36,1367.08,1375.24,1345.36,4.46142854,24.900815542800004
801950,2020-06-30,1363.33,1360.94,1375.79,1349.71,4.14359791,23.7037287176
801950,2020-07-01,1381.56,1367.17,1388.66,1355.05,5.24321787,30.206720921
801950,2020-07-02,1425.61,1380.62,1433.01,1373.42,10.30243239,55.994712201599995
801950,2020-07-03,1493.5,1435.66,1517.38,1425.92,18.05531947,99.60475633819999
801950,2020-07-06,1592.9,1520.29,1601.95,1508.48,22.98715145,132.541390573
801950,2020-07-07,1567.56,1619.66,1650.1,1549.87,22.76708313,138.22701598950002
801950,2020-07-08,1593.89,1552.79,1613.54,1536.01,17.57161118,102.8126356056
801950,2020-07-09,1644.31,1592.22,1676.91,1565.34,22.21201724,129.7958057134
801950,2020-07-10,1570.65,1618.46,1630.26,1559.47,15.99567229,95.0451651799
801950,2020-07-13,1600.72,1564.92,1618.53,1552.53,14.09895362,86.2697354534
801950,2020-07-14,1621.35,1599.0,1654.97,1562.69,15.76088088,96.4824302413
801950,2020-07-15,1562.56,1620.37,1629.79,1553.4,11.76385113,71.4986120068
801950,2020-07-16,1498.88,1562.86,1586.22,1492.3,11.04898477,65.3380289606
801950,2020-07-17,1487.12,1503.34,1525.61,1466.84,8.19104229,49.3339540285
801950,2020-07-20,1556.37,1496.88,1564.89,1485.93,10.37949328,61.836100378599994
801950,2020-07-21,1554.41,1561.0,1586.37,1530.81,8.83987691,55.153325773599995
801950,2020-07-22,1546.28,1554.83,1583.25,1533.87,9.47741365,59.2231462375
801950,2020-07-23,1537.97,1531.96,1555.45,1499.37,8.60191789,52.8522598663
801950,2020-07-24,1502.61,1535.42,1570.27,1488.49,9.77478628,62.15757609600001
801950,2020-07-27,1505.79,1507.56,1524.23,1477.45,5.97771523,35.9886323777
801950,2020-07-28,1522.15,1513.97,1552.78,1501.07,6.70022959,42.6940730658
801950,2020-07-29,1540.78,1515.89,1545.85,1494.25,6.98108024,44.952104811400005
801950,2020-07-30,1535.86,1546.91,1567.28,1522.71,8.54251153,48.08940717310001
801950,2020-07-31,1537.05,1533.75,1555.81,1514.46,7.80513526,49.7043880103
801950,2020-08-03,1562.7,1544.64,1572.98,1532.47,9.58128159,59.8637394388
801950,2020-08-04,1553.7,1564.59,1577.25,1538.33,8.07432108,53.3372155561
801950,2020-08-05,1552.92,1553.41,1573.49,1519.99,8.78450067,56.6261635184
801950,2020-08-06,1545.03,1549.35,1564.41,1522.75,8.98086809,50.1644735417
801950,2020-08-07,1517.89,1543.95,1554.5,1503.47,7.80914282,43.8430680426
801950,2020-08-10,1526.72,1514.32,1537.67,1496.27,6.79712394,37.340199839600004
801950,2020-08-11,1511.64,1528.39,1547.18,1501.43,8.27138379,42.4291322081
801950,2020-08-12,1512.0,1504.86,1523.95,1478.5,8.01644029,40.9961325003
801950,2020-08-13,1529.6,1515.9,1549.51,1506.3,8.50488662,40.3695129536
801950,2020-08-14,1533.26,1527.61,1549.75,1508.17,11.36756065,38.738030329299995
801950,2020-08-17,1574.91,1534.3,1586.08,1522.34,12.73280082,66.2549513795
801950,2020-08-18,1591.64,1578.77,1622.16,1561.68,15.17724156,77.1757343923
801950,2020-08-19,1594.42,1585.83,1627.53,1565.31,15.51082818,73.0603114648
801950,2020-08-20,1563.34,1586.43,1608.16,1549.5,11.00945381,55.602817926099995
801950,2020-08-21,1570.01,1566.28,1591.71,1549.24,7.84808146,44.44025125100001
801950,2020-08-24,1556.17,1568.85,1584.64,1541.59,6.89473961,39.741156203
801950,2020-08-25,1530.46,1554.69,1564.91,1518.53,7.61524292,38.4499662216
801950,2020-08-26,1509.05,1527.84,1545.28,1499.04,6.81804243,37.8399670466
801950,2020-08-27,1517.12,1513.51,1533.1,1496.11,5.58573973,32.5743256392
801950,2020-08-28,1536.65,1515.89,1543.35,1503.43,6.26560447,35.04936216
801950,2020-08-31,1538.22,1541.87,1569.26,1527.36,6.89527135,43.77071529729999
801950,2020-09-01,1542.33,1536.34,1551.08,1521.53,4.92072306,27.6867494433
801950,2020-09-02,1527.33,1543.09,1550.69,1513.18,5.90836847,32.8912670641
801950,2020-09-03,1544.07,1529.81,1568.46,1516.92,9.27345631,45.498267006800006
801950,2020-09-04,1530.85,1524.92,1544.18,1506.34,6.94051371,36.7928848631
801950,2020-09-07,1515.3,1530.13,1551.44,1508.69,6.80612042,36.0841588913
801950,2020-09-08,1563.63,1518.0,1576.19,1508.59,13.5590241,59.6302480658
801950,2020-09-09,1555.91,1554.12,1599.56,1533.88,18.88557688,72.8262770587
801950,2020-09-10,1533.06,1565.51,1591.65,1520.11,14.72442128,61.32743764520001
801950,2020-09-11,1521.24,1524.81,1546.47,1495.27,8.7669312,41.7484414249
801950,2020-09-14,1517.81,1522.51,1539.42,1499.41,7.03716298,33.7940460331
801950,2020-09-15,1516.9,1516.62,1530.62,1498.68,5.51022232,25.9905861784
801950,2020-09-16,1524.08,1515.76,1541.19,1501.6,5.53111177,30.0863140708
801950,2020-09-17,1519.16,1523.8,1542.76,1505.91,5.99064903,31.8658558197
801950,2020-09-18,1575.85,1520.22,1589.08,1512.18,11.23259487,70.4634647062
801950,2020-09-21,1574.43,1581.28,1599.91,1556.0,9.097915,56.617242813699995
801950,2020-09-22,1536.2,1562.47,1571.02,1528.9,7.2694791,40.3240579752
801950,2020-09-23,1526.56,1543.81,1554.66,1516.38,5.85420576,32.789833988699996
801950,2020-09-24,1491.22,1517.2,1524.83,1483.95,6.46073506,32.5170912048
801950,2020-09-25,1499.52,1500.18,1522.79,1485.67,5.08377091,28.5069099331
801950,2020-09-28,1531.34,1510.22,1554.32,1502.88,7.69370393,47.1109462626
801950,2020-09-29,1517.4,1532.67,1540.82,1506.03,6.18609452,36.0966976406
801950,2020-09-30,1491.76,1514.27,1524.14,1479.58,5.97351717,36.4859053167
801950,2020-10-09,1534.02,1512.14,1557.79,1499.63,11.58953005,57.2311018304
801950,2020-10-12,1564.77,1543.15,1576.84,1532.23,10.64800595,58.339186177200006
801950,2020-10-13,1578.87,1570.93,1597.26,1552.85,9.71215,50.2517233797
801950,2020-10-14,1560.61,1570.69,1580.28,1545.81,6.92839205,36.2051779989
801950,2020-10-15,1581.62,1562.4,1620.59,1546.01,12.90091252,70.9446723195
801950,2020-10-16,1615.98,1580.96,1634.96,1568.16,15.55117452,91.33021638379999
801950,2020-10-19,1582.13,1612.23,1626.73,1570.26,11.21882352,66.0959469875
801950,2020-10-20,1576.27,1576.49,1588.38,1555.32,6.50373506,37.1607054992
801950,2020-10-21,1555.91,1574.8,1580.58,1543.44,6.4380062,35.8310641972
801950,2020-10-22,1548.59,1550.77,1568.79,1534.5,5.76084933,33.0780776437
801950,2020-10-23,1531.66,1546.07,1557.52,1524.75,5.07455636,28.793234162399997
801950,2020-10-26,1521.13,1527.67,1536.98,1502.51,4.93945639,27.949658195
801950,2020-10-27,1518.11,1512.79,1531.39,1501.25,4.3676513,25.324256273299998
801950,2020-10-28,1519.15,1518.22,1529.52,1495.99,4.34835773,25.0283699712
801950,2020-10-29,1505.6,1499.03,1514.77,1484.7,4.5265393,26.669710012600003
801950,2020-10-30,1494.78,1506.8,1538.07,1481.65,6.61503694,38.7810826826
801950,2020-11-02,1512.72,1497.13,1528.74,1479.39,6.32816739,37.489803445700005
801950,2020-11-03,1539.62,1516.64,1548.01,1509.38,6.75856483,38.5039998083
801950,2020-11-04,1555.49,1543.53,1572.9,1523.27,7.85668133,48.0306173135
801950,2020-11-05,1561.76,1560.82,1574.86,1541.74,6.75558935,42.6840892079
801950,2020-11-06,1574.7,1562.91,1594.85,1550.17,7.45973873,49.456404676800005
801950,2020-11-09,1607.4,1584.24,1624.08,1569.92,10.6294597,68.3402310382
801950,2020-11-10,1593.1,1610.9,1627.68,1577.77,8.34547444,53.128976942
801950,2020-11-11,1621.98,1592.92,1655.25,1579.54,14.29158396,83.83655333979999
801950,2020-11-12,1608.27,1614.35,1628.27,1585.36,8.67215975,51.2082501142
801950,2020-11-13,1595.83,1607.12,1620.56,1573.07,8.37814686,47.3765008417
801950,2020-11-16,1651.89,1602.61,1665.23,1591.64,14.81057292,86.69771443260001
801950,2020-11-17,1632.15,1651.52,1681.27,1614.92,14.10549676,82.1705171585
801950,2020-11-18,1632.86,1626.36,1656.73,1599.39,12.16728412,67.31394109520001
801950,2020-11-19,1616.22,1626.89,1651.04,1595.84,9.99745999,55.645001798900005
801950,2020-11-20,1653.59,1612.7,1665.11,1594.83,13.98570423,80.1891331121
801950,2020-11-23,1738.12,1668.56,1764.1,1657.45,26.78188893,174.65219605020002
801950,2020-11-24,1739.44,1735.18,1763.31,1698.3,20.98513889,132.8077037466
801950,2020-11-25,1720.32,1753.92,1793.17,1709.02,21.06177749,137.5418432398
801950,2020-11-26,1717.48,1711.83,1745.08,1685.28,12.9551732,89.32471386299999
801950,2020-11-27,1723.8,1722.12,1749.75,1674.14,15.10879126,91.1016480016
801950,2020-11-30,1725.34,1727.39,1787.53,1707.74,17.69757915,117.9391051133
801950,2020-12-01,1749.33,1736.08,1768.66,1708.31,16.15919924,96.26463942
801950,2020-12-02,1773.95,1748.12,1790.6,1730.9,17.95719367,107.4758185527
801950,2020-12-03,1708.6,1761.56,1771.47,1694.67,18.45882835,112.2485117407
801950,2020-12-04,1697.24,1700.85,1713.71,1668.63,10.75025693,63.031613061499996
801950,2020-12-07,1676.35,1702.37,1728.19,1663.74,11.77829501,71.48949176100001
801950,2020-12-08,1673.46,1677.73,1699.75,1650.12,11.8618026,65.56212479279999
801950,2020-12-09,1706.1,1684.69,1744.15,1674.31,19.52770803,116.4087050764
801950,2020-12-10,1706.04,1715.04,1745.58,1682.2,20.12587448,117.1737541434
801950,2020-12-11,1701.79,1733.77,1768.42,1673.75,21.06868887,126.36689336040001
801950,2020-12-14,1611.07,1659.09,1669.06,1585.64,18.13875579,110.01345982129999
801950,2020-12-15,1612.6,1608.98,1628.2,1582.06,10.98424576,62.984764464899996
801950,2020-12-16,1603.16,1614.68,1642.18,1589.98,10.10688331,59.2707931321
801950,2020-12-17,1641.79,1597.22,1655.55,1574.4,13.98323135,79.0577849889
801950,2020-12-18,1732.65,1674.29,1748.61,1661.04,25.91518708,157.1304190778
801950,2020-12-21,1746.02,1749.9,1773.21,1698.81,25.28323958,151.5968716614
801950,2020-12-22,1654.64,1732.37,1750.55,1644.85,22.14309185,136.10724621059998
801950,2020-12-23,1688.73,1650.65,1718.91,1640.86,19.328786,109.36392194940001
801950,2020-12-24,1707.51,1702.36,1733.39,1657.84,20.96285687,114.6486429921
801950,2020-12-25,1753.61,1707.0,1783.47,1678.01,24.4149605,135.6264095125
801950,2020-12-28,1771.97,1769.75,1805.19,1732.82,20.11326559,131.2095482309
801950,2020-12-29,1697.59,1769.29,1781.07,1680.24,20.73721085,129.08914601799998
801950,2020-12-30,1732.84,1684.42,1767.55,1669.93,19.84396328,120.5829374666
801950,2020-12-31,1725.32,1726.99,1758.07,1686.28,21.62472931,127.14593293889999
801950,2021-01-04,1760.6,1713.37,1780.88,1696.27,20.24775157,123.899310626
801950,2021-01-05,1721.64,1758.66,1769.57,1684.68,19.6330473,120.7294371816
801950,2021-01-06,1708.89,1720.09,1752.34,1680.73,15.74113481,97.9270228033
801950,2021-01-07,1727.98,1710.1,1767.29,1684.74,18.9458545,121.1548795883
801950,2021-01-08,1732.96,1735.03,1770.42,1692.83,16.15047081,102.5526986507
801950,2021-01-11,1664.69,1719.23,1728.69,1649.29,15.22125027,95.2832147855
801950,2021-01-12,1679.26,1653.4,1691.93,1632.97,11.49361051,67.9484516134
801950,2021-01-13,1672.51,1678.21,1710.26,1641.09,13.80662592,89.5122547906
801950,2021-01-14,1645.17,1665.19,1685.85,1630.13,11.03932432,68.7983390967
801950,2021-01-15,1681.93,1651.22,1703.73,1642.68,11.16129375,71.5370304659
801950,2021-01-18,1711.11,1674.44,1728.9,1658.51,10.62150566,73.6949909714
801950,2021-01-19,1721.5,1720.03,1766.97,1698.27,12.74234779,89.76256490540001
801950,2021-01-20,1732.02,1724.79,1746.81,1699.07,9.85133084,65.8110230445
801950,2021-01-21,1758.29,1738.94,1791.05,1717.18,17.9286866,97.6391419717
801950,2021-01-22,1711.46,1753.36,1768.03,1692.99,16.91548847,100.8304914185
801950,2021-01-25,1693.32,1703.6,1730.67,1662.31,12.4577963,76.8459960571
801950,2021-01-26,1709.01,1690.86,1748.28,1671.86,13.26458188,84.1874410494
801950,2021-01-27,1706.24,1707.98,1756.67,1672.83,17.94726406,112.4968947256
801950,2021-01-28,1661.48,1681.83,1711.12,1646.68,14.31459445,85.3664455654
801950,2021-01-29,1614.49,1661.54,1689.82,1592.16,14.83864964,89.5886456849
801950,2021-02-01,1637.57,1609.38,1653.43,1586.88,13.49864963,83.60756281260001
801950,2021-02-02,1621.66,1644.19,1658.25,1594.29,13.64997058,86.5546145881
801950,2021-02-03,1610.3,1615.92,1647.8,1584.92,12.40365063,76.7994316958
801950,2021-02-04,1607.12,1607.08,1648.74,1566.06,12.65235014,77.6441268602
801950,2021-02-05,1556.39,1608.25,1630.47,1547.32,12.62777706,81.8433889029
801950,2021-02-08,1586.01,1556.9,1602.6,1538.62,9.61537873,60.496456351000006
801950,2021-02-09,1619.91,1586.79,1635.17,1571.84,11.04025856,71.17207851180001
801950,2021-02-10,1612.88,1620.26,1640.32,1586.37,11.33464164,78.2938989127
801950,2021-02-18,1708.19,1651.49,1722.18,1635.11,16.98511411,115.3467956233
801950,2021-02-19,1775.02,1706.49,1792.13,1688.86,18.67122334,136.2895315363
801950,2021-02-22,1813.71,1782.83,1894.73,1762.7,26.042264,188.66825389689998
801950,2021-02-23,1761.09,1787.23,1822.36,1743.01,17.69943642,120.69522686110001
801950,2021-02-24,1743.05,1765.12,1797.22,1720.64,13.10815831,85.9112199497
801950,2021-02-25,1743.58,1768.53,1795.02,1726.17,13.44878005,84.38308640390001
801950,2021-02-26,1686.05,1706.81,1737.2,1667.42,12.13918516,78.7427486337
801950,2021-03-01,1718.98,1693.57,1734.49,1674.99,11.36381603,76.6827624368
801950,2021-03-02,1733.66,1726.29,1791.78,1704.82,15.05450284,111.70904074219999
801950,2021-03-03,1795.95,1730.37,1808.29,1715.11,17.95611043,124.1116762802
801950,2021-03-04,1798.45,1783.68,1835.94,1760.73,20.22908868,128.64575558299998
801950,2021-03-05,1765.28,1768.28,1806.38,1734.92,16.83548847,107.1515952367
801950,2021-03-08,1757.71,1781.96,1819.32,1744.88,16.67186763,103.071580959
801950,2021-03-09,1738.21,1752.14,1795.23,1687.06,16.85410935,106.6307612814
801950,2021-03-10,1748.36,1742.55,1781.88,1716.49,16.88285836,108.9527400791
801950,2021-03-11,1784.95,1750.67,1804.06,1727.44,19.10753085,122.9722222436
801950,2021-03-12,1811.66,1782.84,1856.19,1749.27,21.37529247,141.5139685822
801950,2021-03-15,1841.42,1796.4,1864.99,1780.85,18.49749672,127.4920217271
801950,2021-03-16,1813.07,1833.82,1852.32,1778.23,14.69568224,96.89790537290001
801950,2021-03-17,1827.63,1804.22,1842.39,1765.34,14.53400829,94.8147298597
801950,2021-03-18,1808.0,1816.51,1843.3,1787.79,12.58482561,80.79994331489999
801950,2021-03-19,1787.7,1785.4,1838.93,1764.57,12.90261081,84.3229973073
801950,2021-03-22,1801.92,1782.25,1823.79,1762.5,12.89407432,77.896112875
801950,2021-03-23,1740.44,1800.62,1808.87,1724.02,13.94821603,84.9916022572
801950,2021-03-24,1703.65,1727.41,1742.75,1686.38,10.44248629,63.249323215100006
801950,2021-03-25,1733.84,1701.4,1757.61,1691.25,10.71348959,64.1990227033
801950,2021-03-26,1738.75,1732.43,1753.97,1713.11,9.02374136,54.3613368232
801950,2021-03-29,1824.1,1783.29,1843.7,1766.16,15.86499591,115.15644761940001
801950,2021-03-30,1801.76,1811.36,1831.66,1769.56,12.19503296,87.11262460440001
801950,2021-03-31,1795.81,1794.87,1819.65,1772.55,8.83602025,57.928035253999994
801950,2021-04-01,1801.52,1792.37,1821.79,1760.42,12.03463531,69.7135837088
801950,2021-04-02,1786.42,1800.01,1815.43,1771.93,8.91819358,51.64792307689999
801950,2021-04-06,1800.08,1787.53,1825.75,1770.19,9.02980651,54.5008784196
801950,2021-04-07,1816.1,1802.5,1832.84,1774.53,14.45174323,94.46939762129999
801950,2021-04-08,1825.35,1831.61,1867.58,1796.8,18.24793111,113.00229366319999
801950,2021-04-09,1851.73,1812.62,1873.21,1800.53,16.99301064,105.90170525709999
801950,2021-04-12,1848.61,1849.35,1890.78,1814.86,17.02859697,108.4068530739
801950,2021-04-13,1810.4,1843.17,1857.34,1788.11,13.44347092,80.68726068229999
801950,2021-04-14,1830.9,1809.7,1845.57,1790.25,10.14172996,63.9181656354
801950,2021-04-15,1844.08,1826.31,1871.92,1806.21,11.75195146,72.6742333135
801950,2021-04-16,1888.52,1845.84,1919.47,1831.24,18.13296524,116.40262311129999
801950,2021-04-19,1914.68,1896.95,1953.59,1882.28,20.07991259,127.2496472699
801950,2021-04-20,1904.71,1908.19,1945.09,1881.38,16.41354314,91.92702087389999
801950,2021-04-21,1907.46,1890.07,1925.79,1866.39,12.28254663,72.3945988196
801950,2021-04-22,1931.05,1919.74,1964.97,1907.98,13.12055706,79.78091956189999
801950,2021-04-23,1910.75,1924.02,1939.21,1882.12,11.8989686,71.1543366419
801950,2021-04-26,1945.36,1918.77,1973.54,1896.55,16.11732684,102.3012166905
801950,2021-04-27,1909.77,1931.35,1951.93,1872.27,14.23184769,84.6287836809
801950,2021-04-28,1949.7,1895.81,1964.99,1878.19,16.98559058,105.0955967319
801950,2021-04-29,1962.95,1949.51,1985.58,1914.07,14.22484946,103.48778473600001
801950,2021-04-30,1902.35,1960.36,1984.44,1879.69,21.89493445,125.9118033872
801950,2021-05-06,1982.32,1922.08,2003.14,1914.59,21.20176607,141.9019904737
801950,2021-05-07,2047.67,1993.34,2093.95,1966.36,32.68963448,224.4541958561
801950,2021-05-10,2170.36,2079.74,2182.54,2051.94,32.65854861,231.89918066689998
801950,2021-05-11,2111.32,2118.01,2156.32,2036.98,32.73067333,236.099999492
801950,2021-05-12,2137.79,2102.64,2175.35,2083.7,23.22346811,160.5433455963
801950,2021-05-13,2038.62,2091.58,2114.47,2023.61,23.091105,153.5306687592
801950,2021-05-14,2012.11,2042.84,2066.39,1985.05,19.22264962,128.4775383006
801950,2021-05-17,2010.05,2010.79,2049.94,1981.01,15.11295299,104.85453318219999
801950,2021-05-18,2028.13,2022.23,2052.08,1998.16,11.80641395,81.0108003324
801950,2021-05-19,1992.02,2019.09,2028.55,1966.41,12.84503713,81.80079748770001
801950,2021-05-20,1912.1,1922.69,1943.98,1866.8,19.4449163,128.7223401109
801950,2021-05-21,1940.48,1900.73,1967.41,1890.19,14.09549949,91.94575812139999
801950,2021-05-24,1935.64,1931.19,1968.94,1913.84,11.06999555,71.9581874223
801950,2021-05-25,1957.89,1940.5,1982.73,1895.82,14.59108884,98.6835805516
801950,2021-05-26,1960.74,1954.94,1986.31,1932.66,13.22424525,88.90934169
801950,2021-05-27,1987.25,1964.89,2016.0,1957.61,14.08929236,96.68461888190001
801950,2021-05-28,1972.56,1999.66,2022.99,1953.34,12.99378841,85.2010471563
801950,2021-05-31,1976.21,1984.85,2002.68,1950.07,10.60904953,67.5261177898
801950,2021-06-01,2030.18,1974.4,2039.72,1937.34,18.22556241,117.5146396657
801950,2021-06-02,2050.01,2029.03,2090.69,2003.92,22.1646349,146.4537195451
801950,2021-06-03,2073.84,2064.16,2122.83,2044.64,23.14684958,164.8213713494
801950,2021-06-04,2041.69,2034.49,2072.55,1989.44,19.14161337,128.7720042953
801950,2021-06-07,2066.3,2049.93,2107.15,2032.58,17.67986583,127.922833004
801950,2021-06-08,2051.76,2059.63,2089.68,2024.61,15.12750126,105.5156332038
801950,2021-06-09,2126.59,2066.63,2160.78,2043.32,25.03926507,178.7949623952
801950,2021-06-10,2108.16,2116.85,2150.61,2086.52,19.45368953,140.6716385642
801950,2021-06-11,2121.55,2121.01,2158.74,2096.86,16.7316328,119.49724207770001
801950,2021-06-15,2103.07,2138.78,2167.42,2068.12,17.17274495,122.0617776361
801950,2021-06-16,2090.33,2108.82,2156.65,2064.15,17.89498827,132.4232499032
801950,2021-06-17,2098.07,2080.04,2137.97,2049.08,17.3120865,119.8850057672
801950,2021-06-18,2053.64,2096.06,2116.04,2022.75,17.95362619,122.97619294360001
801950,2021-06-21,2022.81,2029.33,2062.73,1988.5,14.77079075,104.25498285110001
801950,2021-06-22,2043.19,2030.33,2064.2,2002.97,14.53879098,101.2174449635
801950,2021-06-23,2098.8,2052.59,2120.95,2023.49,18.86347205,139.6665142401
801950,2021-06-24,2116.46,2102.85,2177.71,2072.91,21.54451925,149.9214248324
801950,2021-06-25,2167.37,2141.18,2192.46,2113.13,21.78232608,160.2495045134
801950,2021-06-28,2053.6,2087.49,2110.37,2022.68,28.12649619,179.1629394356
801950,2021-06-29,2015.76,2035.09,2063.78,1998.64,17.52648315,117.9722133833
801950,2021-06-30,2026.22,2019.54,2060.36,2001.76,11.62241111,77.84848139420001
801950,2021-07-01,1986.34,2020.41,2048.62,1976.84,11.39065473,73.5127486401
801950,2021-07-02,1982.25,1984.48,2013.36,1958.59,9.29193977,61.5883204167
801950,2021-07-05,2025.31,1995.27,2038.18,1972.64,11.11931714,77.9927722887
801950,2021-07-06,2029.88,2030.38,2055.72,1996.45,10.50957018,69.1803134771
801950,2021-07-07,2007.43,2010.01,2029.49,1974.84,10.82573355,70.60274777640001
801950,2021-07-08,1941.62,1999.35,2013.86,1916.33,16.01652753,109.2879939473
801950,2021-07-09,1969.93,1928.82,1980.78,1910.77,14.80780775,96.6062807545
801950,2021-07-12,1937.51,1941.68,1980.92,1897.14,14.74347575,96.4605067762
801950,2021-07-13,1999.11,1940.62,2012.58,1922.74,17.52593113,117.55649646709999
801950,2021-07-14,2010.27,2005.78,2071.52,1979.08,17.74976981,124.7542621431
801950,2021-07-15,2018.14,2008.9,2037.04,1963.91,13.37635036,91.295163288
801950,2021-07-16,2055.82,2021.56,2095.79,2013.69,19.4473214,134.46020830700002
801950,2021-07-19,2058.48,2084.76,2120.05,2038.87,16.81222821,125.04763816459999
801950,2021-07-20,2069.09,2032.54,2087.34,1989.5,16.4872514,119.5086349225
801950,2021-07-21,2052.91,2075.13,2101.37,2021.25,17.80982585,139.74372034430002
801950,2021-07-22,2072.86,2052.06,2098.23,2029.6,17.45100463,129.7850162578
801950,2021-07-23,2085.57,2076.76,2156.9,2052.97,24.56158172,175.4448470477
801950,2021-07-26,2063.51,2096.11,2124.64,2020.66,20.68504464,149.81475662559998
801950,2021-07-27,2011.34,2068.88,2127.09,1999.78,21.47764547,160.2344539685
801950,2021-07-28,1981.6,2000.0,2044.74,1926.57,18.85966829,130.6917520009
801950,2021-07-29,2005.78,2008.99,2041.11,1956.52,16.60974474,125.24262410940001
801950,2021-07-30,2059.88,2029.62,2097.43,1989.67,25.33904349,166.6622360037
801950,2021-08-02,2026.1,2007.47,2059.02,1956.61,26.05847537,159.0721826805
801950,2021-08-03,1986.03,2014.07,2061.46,1958.37,19.20367414,114.6331633096
801950,2021-08-04,2046.28,1998.86,2064.62,1976.93,19.03234164,125.97788343319999
801950,2021-08-05,2054.29,2046.04,2109.96,2008.56,22.3217073,155.3425468725
801950,2021-08-06,2122.06,2055.63,2141.65,2032.43,23.07203263,163.0735781518
801950,2021-08-09,2129.77,2140.4,2170.84,2082.05,20.95994761,175.03124342830003
801950,2021-08-10,2140.68,2111.9,2177.95,2085.68,21.52608747,186.4894699545
801950,2021-08-11,2237.98,2150.04,2250.92,2124.84,29.6464566,236.7344976094
801950,2021-08-12,2256.53,2220.6,2294.7,2182.32,26.95455324,233.1292891799
801950,2021-08-13,2268.1,2236.68,2312.02,2204.7,25.66122404,229.6681691078
801950,2021-08-16,2273.08,2279.88,2344.55,2220.71,26.96112257,251.1241809444
801950,2021-08-17,2210.75,2251.48,2314.86,2184.13,24.86025289,225.31365647709998
801950,2021-08-18,2208.96,2206.13,2262.61,2150.7,20.90268822,194.7358416271
801950,2021-08-19,2168.51,2182.03,2211.18,2113.93,18.9736684,162.9669283015
801950,2021-08-20,2149.94,2162.31,2193.57,2095.34,18.69424808,155.30413770459998
801950,2021-08-23,2229.49,2199.93,2260.46,2178.34,23.53099906,183.9909185372
801950,2021-08-24,2255.14,2271.92,2305.95,2219.73,25.48329727,204.4981324216
801950,2021-08-25,2335.15,2251.86,2359.76,2235.87,29.99636925,240.3744419887
801950,2021-08-26,2421.42,2342.29,2475.89,2310.92,42.88553369,306.4340641385
801950,2021-08-27,2426.79,2359.32,2486.65,2322.5,39.290859,307.5665411256
801950,2021-08-30,2500.19,2427.61,2538.95,2378.66,33.26986088,287.75946855990003
801950,2021-08-31,2627.71,2485.72,2653.9,2445.46,36.57034776,333.9422409502
801950,2021-09-01,2540.41,2659.81,2733.24,2497.98,40.18918126,353.1928660868
801950,2021-09-02,2667.92,2534.9,2713.69,2517.09,39.90672515,322.0688391604
801950,2021-09-03,2605.55,2622.44,2709.44,2542.73,36.79422789,288.828043177
801950,2021-09-06,2672.39,2647.86,2728.88,2580.49,28.71222883,250.0698512038
801950,2021-09-07,2791.33,2700.56,2836.7,2657.89,32.19820165,289.7327147284
801950,2021-09-08,2885.59,2771.28,2952.28,2740.86,39.53842018,339.6073822956
801950,2021-09-09,3067.69,2915.64,3128.47,2833.48,48.84139218,469.16609072449995
801950,2021-09-10,2945.07,3001.77,3092.47,2888.66,43.46004709,423.08125932760004
801950,2021-09-13,3090.21,2961.4,3145.25,2937.7,37.03713075,364.3004633072
801950,2021-09-14,2996.18,3032.14,3118.86,2921.63,36.4269898,343.2521188528
801950,2021-09-15,3018.8,2991.4,3094.47,2916.25,35.71734679,337.1075947486
801950,2021-09-16,3020.83,3115.54,3208.4,2985.07,39.94612317,401.4588059382
801950,2021-09-17,2847.12,2970.66,3103.86,2772.79,39.80479053,383.3932908594
801950,2021-09-22,3013.86,2838.71,3030.45,2797.84,36.12503258,318.17999264540003
801950,2021-09-23,2969.88,3083.69,3130.8,2875.15,36.84126587,348.0605402513
801950,2021-09-24,2762.98,2919.91,2949.07,2747.43,31.63121453,283.989666816
801950,2021-09-27,2684.91,2799.19,2830.08,2610.17,28.79066937,255.8571667072
801950,2021-09-28,2806.27,2707.22,2839.33,2664.59,29.90579506,252.1723449484
801950,2021-09-29,2660.31,2811.14,2884.5,2622.67,35.26863373,282.2170589796
801950,2021-09-30,2755.92,2660.76,2775.26,2609.96,25.88581107,236.77648484169998
801950,2021-10-08,2655.28,2820.37,2841.26,2602.76,26.96079174,246.4924342545
801950,2021-10-11,2753.55,2685.32,2786.65,2614.91,28.06010951,241.21532211060003
801950,2021-10-12,2705.96,2764.59,2861.99,2621.81,31.34559223,278.2215915193
801950,2021-10-13,2565.01,2698.19,2707.08,2499.76,25.58852483,215.08150578689998
801950,2021-10-14,2550.83,2521.71,2591.73,2465.24,20.51114161,161.9835294017
801950,2021-10-15,2640.45,2548.79,2664.63,2508.41,22.35199945,199.587964145
801950,2021-10-18,2788.93,2640.82,2821.86,2615.36,28.6973569,270.885886989
801950,2021-10-19,2789.66,2793.41,2881.67,2736.69,29.24946688,276.6167017174
801950,2021-10-20,2602.29,2556.45,2640.52,2540.15,26.3976527,217.3866681284
801950,2021-10-21,2693.78,2571.39,2759.16,2559.42,29.96189383,279.6766042006
801950,2021-10-22,2544.29,2667.32,2721.78,2525.84,28.91464807,254.0999951803
801950,2021-10-25,2608.01,2569.38,2659.57,2507.25,21.39660635,194.7574959591
801950,2021-10-26,2605.59,2625.49,2673.0,2553.55,23.34464175,211.71884602880002
801950,2021-10-27,2507.54,2546.55,2591.75,2473.6,22.97092947,206.3876501062
801950,2021-10-28,2351.76,2433.62,2459.8,2294.79,30.4235505,261.914939405
801950,2021-10-29,2334.57,2349.63,2389.24,2288.26,20.43131808,168.7765726023
801950,2021-11-01,2364.49,2308.52,2401.33,2288.92,19.2913337,163.2779450711
801950,2021-11-02,2289.02,2374.3,2404.09,2231.18,21.90207348,173.3351383642
801950,2021-11-03,2373.3,2308.34,2399.77,2275.88,21.12958532,179.85748053240002
801950,2021-11-04,2348.47,2342.37,2381.18,2289.48,19.22250847,163.35560051870002
801950,2021-11-05,2252.29,2327.88,2336.29,2241.41,17.94173154,140.6237791892
801950,2021-11-08,2271.84,2265.72,2310.58,2238.2,14.64158042,124.6050341763
801950,2021-11-09,2243.63,2263.46,2287.25,2216.79,14.16337681,112.8566901972
801950,2021-11-10,2201.38,2223.17,2230.42,2142.87,15.55636572,122.7463594389
801950,2021-11-11,2222.19,2206.3,2242.83,2182.81,13.96194929,106.13976757399999
801950,2021-11-12,2189.74,2209.19,2232.27,2175.13,11.89825859,89.47026370350001
801950,2021-11-15,2181.78,2174.72,2214.29,2140.79,16.43611435,97.8362152559
801950,2021-11-16,2149.94,2183.77,2203.06,2131.28,13.92052762,87.51739937040001
801950,2021-11-17,2169.43,2151.64,2186.39,2131.87,10.95130317,75.8838109893
801950,2021-11-18,2193.59,2198.94,2245.79,2167.58,18.35868021,138.6787072283
801950,2021-11-19,2238.27,2183.29,2250.74,2150.22,17.13244408,138.3111941993
801950,2021-11-22,2250.79,2257.13,2299.69,2219.19,17.70649336,157.74645718690002
801950,2021-11-23,2279.75,2252.79,2315.96,2225.45,19.3738823,169.1487589148
801950,2021-11-24,2328.83,2298.82,2351.43,2268.23,21.39030637,186.3314949374
801950,2021-11-25,2301.36,2335.14,2366.3,2276.77,17.71026726,152.81142746950002
801950,2021-11-26,2250.03,2271.75,2294.97,2228.55,14.71313166,121.2774520361
801950,2021-11-29,2232.91,2209.72,2251.06,2180.01,14.00390089,113.9061759254
801950,2021-11-30,2236.88,2242.48,2282.44,2212.55,14.66424906,114.4675370843
801950,2021-12-01,2311.24,2239.47,2321.51,2219.52,16.56300307,137.1720726128
801950,2021-12-02,2344.6,2306.91,2368.86,2290.61,18.31312092,181.159498273
801950,2021-12-03,2442.15,2329.99,2482.35,2291.05,26.52637454,246.4183230598
801950,2021-12-06,2415.58,2432.04,2503.56,2391.14,24.2311863,214.3849723406
801950,2021-12-07,2433.49,2437.83,2465.35,2368.38,19.05798328,168.2402622162
801950,2021-12-08,2419.73,2433.95,2461.85,2377.37,17.16435493,162.429971163
801950,2021-12-09,2414.43,2418.04,2460.96,2376.86,20.93525117,172.24848732080002
801950,2021-12-10,2382.35,2406.43,2436.0,2362.67,21.08267668,161.9835235324
801950,2021-12-13,2427.14,2402.39,2438.51,2402.39,22.24317921,192.53711168
801950,2021-12-14,2371.72,2417.9,2417.9,2365.89,16.72881519,144.94109958
801950,2021-12-15,2404.32,2371.95,2426.2,2367.79,17.21934377,161.35985096
801950,2021-12-16,2555.81,2425.23,2556.51,2425.23,33.65364716,316.05827595
801950,2021-12-17,2503.91,2578.43,2578.62,2502.64,30.23352645,291.39714079
801950,2021-12-20,2446.48,2503.73,2516.64,2443.13,23.99911048,217.75064788
801950,2021-12-21,2481.81,2435.71,2499.29,2435.71,21.14561929,160.53719999
801950,2021-12-22,2490.59,2477.0,2503.08,2452.28,18.8777474,163.69294485
801950,2021-12-23,2556.8,2481.89,2570.86,2481.77,22.4687861,215.54928891
801950,2021-12-24,2510.2,2554.76,2566.24,2507.14,20.94441204,201.03884185
801950,2021-12-27,2527.72,2510.24,2563.13,2510.24,16.82614637,173.73319126
801950,2021-12-28,2447.6,2533.01,2533.01,2431.21,19.89388313,205.58286712
801950,2021-12-29,2432.42,2440.5,2472.09,2432.42,17.76283162,151.53635257
801950,2021-12-30,2415.55,2423.39,2429.51,2410.47,14.67341761,132.53818681
801950,2021-12-31,2408.54,2409.98,2425.68,2398.76,16.06825463,155.51925429
801950,2022-01-04,2448.38,2470.66,2495.28,2440.03,25.59916087,205.5949758
801950,2022-01-05,2412.9,2434.46,2436.35,2392.34,20.05037639,173.48236793
801950,2022-01-06,2417.7,2401.81,2432.72,2401.08,13.98498619,129.10596051
801950,2022-01-07,2416.67,2410.82,2445.08,2410.82,15.93528868,139.45727585
801950,2022-01-10,2458.91,2421.72,2460.11,2413.57,15.32597924,133.13886151
801950,2022-01-11,2431.47,2435.25,2448.3,2423.6,13.50322596,122.68790688
801950,2022-01-12,2439.83,2436.57,2441.22,2408.48,11.95075237,100.63365887
801950,2022-01-13,2468.89,2446.48,2512.05,2446.48,21.01372736,183.47432557
801950,2022-01-14,2389.95,2446.38,2446.38,2388.89,17.2673774,132.47563793
801950,2022-01-17,2410.14,2400.13,2422.59,2385.74,13.05131285,107.62573404
801950,2022-01-18,2470.07,2409.16,2478.5,2400.21,17.30128998,152.72626315
801950,2022-01-19,2479.24,2485.57,2526.09,2466.55,18.83067865,166.99759337
801950,2022-01-20,2469.43,2458.95,2487.25,2441.78,14.80905532,126.61185362
801950,2022-01-21,2521.44,2489.41,2531.08,2476.49,19.08520873,164.29893465
801950,2022-01-24,2512.73,2507.77,2524.29,2467.61,17.11538002,149.94596763
801950,2022-01-25,2394.15,2488.18,2488.18,2392.75,16.9044016,135.91865253
801950,2022-01-26,2394.27,2394.58,2413.95,2358.37,13.8587655,120.67273214
801950,2022-01-27,2384.48,2403.07,2438.7,2384.12,13.78796226,111.43436953
801950,2022-01-28,2307.15,2378.06,2390.49,2287.56,14.46006606,117.38215647
801950,2022-02-07,2401.5,2348.1,2414.7,2347.68,14.50785073,117.03048231
801950,2022-02-08,2534.99,2458.56,2538.84,2458.49,22.5909865,193.01024804
801950,2022-02-09,2532.98,2522.92,2567.79,2497.95,20.8839318,178.6297626
801950,2022-02-10,2593.65,2492.86,2595.68,2472.95,18.00105652,152.67247861
801950,2022-02-11,2626.93,2581.85,2670.15,2579.78,21.50989717,197.74088757
801950,2022-02-14,2595.69,2619.32,2643.75,2582.38,15.18861137,132.59181236
801950,2022-02-15,2551.59,2576.26,2576.26,2529.15,13.03162041,116.76893391
801950,2022-02-16,2578.8,2553.63,2580.07,2542.53,11.62831236,107.31429292
801950,2022-02-17,2586.69,2563.64,2599.51,2545.59,11.06195924,100.30778616
801950,2022-02-18,2676.54,2586.32,2696.61,2586.32,21.41231015,186.12185538
801950,2022-02-21,2741.36,2691.14,2746.67,2677.33,22.40134277,199.51087858
801950,2022-02-22,2750.12,2716.91,2770.76,2695.72,19.20444367,176.50020251
801950,2022-02-23,2708.95,2741.39,2744.96,2673.08,17.10428913,152.8263552
801950,2022-02-24,2673.31,2695.66,2716.28,2638.37,19.47679443,175.33233048
801950,2022-02-25,2607.43,2663.43,2713.64,2556.32,21.11462338,209.51961331
801950,2022-02-28,2665.51,2605.94,2670.0,2605.94,16.03110832,153.24025762
801950,2022-03-01,2734.72,2683.29,2739.98,2659.06,16.6887057,154.54435546
801950,2022-03-02,2792.86,2763.39,2796.33,2749.21,20.11484353,197.3893719
801950,2022-03-04,2874.61,2848.55,2937.79,2815.46,27.66842058,242.09286023
801950,2022-03-07,2873.58,2953.77,2964.99,2852.72,25.21961223,238.08653365
801950,2022-03-08,2717.5,2834.14,2859.95,2710.87,22.16737812,208.31546459
801950,2022-03-09,2776.15,2731.88,2820.95,2663.43,24.09562802,217.26507661
801950,2022-03-10,2781.89,2733.32,2825.45,2688.51,19.6602895,183.07843033
801950,2022-03-11,2785.48,2769.19,2831.41,2707.45,19.30464118,183.41527656
801950,2022-03-14,2680.39,2725.36,2827.39,2680.39,18.92720015,178.5776534
801950,2022-03-15,2463.78,2654.43,2654.43,2463.78,23.73617832,197.94331696
801950,2022-03-16,2522.53,2497.27,2536.43,2414.33,17.98634954,147.02744525
801950,2022-03-17,2564.69,2545.91,2598.66,2477.18,17.99831942,159.79637793
801950,2022-03-18,2682.12,2575.33,2696.14,2575.33,20.50162901,171.65726678
801950,2022-03-21,2753.45,2682.25,2784.41,2682.25,18.15556154,158.20983063
801950,2022-03-22,2839.34,2750.08,2843.63,2750.08,17.83697781,172.16560903
801950,2022-03-24,2856.1,2845.94,2902.04,2838.97,15.77353641,159.38513641
801950,2022-03-25,2838.76,2835.42,2894.52,2811.26,13.57067586,131.98340876
801950,2022-03-28,2927.11,2856.65,2949.31,2846.37,15.37874174,161.78496758
801950,2022-03-29,2978.03,2906.26,2994.66,2899.56,17.1970792,165.29458764
801950,2022-03-30,2895.35,2942.66,2979.29,2865.07,17.21118053,176.5640802
801950,2022-04-01,2941.97,2921.67,2972.73,2898.22,17.35673562,165.74968624
801950,2022-04-06,2905.66,2922.53,2926.57,2824.94,17.42088463,161.3463056
801950,2022-04-07,2922.92,2892.22,2966.69,2886.24,17.39626298,160.28084151
801950,2022-04-08,2969.41,2939.72,2976.96,2897.64,17.5556527,165.91139079
801950,2022-04-11,2927.23,2931.7,2985.31,2914.9,17.29941804,175.08525195
801950,2022-04-12,2943.62,2960.33,2999.81,2908.05,17.92586368,179.16774456
801950,2022-04-13,3056.14,2940.84,3082.29,2938.11,24.25147749,237.13668678
801950,2022-04-15,3118.61,3252.73,3342.03,3097.26,43.74748617,422.41472749
801950,2022-04-18,3009.63,3029.38,3096.81,2996.52,27.47556902,255.11121775
801950,2022-04-19,3091.17,3026.76,3094.78,2981.25,25.92054183,232.27511752
801950,2022-04-20,2927.37,3047.0,3057.95,2927.37,23.82564941,220.37352081
801950,2022-04-21,2871.7,2948.68,2975.87,2859.56,24.05891028,208.20937813
801950,2022-04-22,2894.02,2829.33,2930.21,2829.33,20.23216812,170.94384974
801950,2022-04-25,2707.66,2806.55,2806.55,2689.61,23.96016699,189.23606289
801950,2022-04-26,2589.98,2698.52,2698.65,2583.4,22.52766531,178.76983774
801950,2022-04-27,2696.15,2564.31,2697.81,2557.28,23.20811165,173.13880506
801950,2022-04-28,2839.47,2719.38,2866.13,2719.38,24.2095747,210.61794115
801950,2022-04-29,2838.99,2853.81,2853.81,2753.97,23.28335602,206.44953479
801950,2022-05-06,2775.99,2759.37,2851.88,2748.13,18.52641918,152.58751431
801950,2022-05-10,2660.61,2669.49,2669.49,2596.76,18.83405329,165.61534108
801950,2022-05-11,2729.6,2651.78,2742.11,2651.78,19.55512981,169.70625303
801950,2022-05-12,2673.23,2738.78,2760.16,2650.07,16.993907,146.28376592
801950,2022-05-13,2761.92,2672.84,2762.4,2667.48,14.56491821,133.03332724
801950,2022-05-16,2837.05,2785.29,2840.34,2762.15,19.30408115,171.05762279
801950,2022-05-17,2874.07,2844.93,2881.96,2814.54,17.6664377,168.74452533
801950,2022-05-18,2831.32,2857.58,2865.26,2817.91,15.08571887,138.9842068
801950,2022-05-19,2838.11,2776.39,2844.12,2745.21,15.08062409,130.22145358
801950,2022-05-20,2966.09,2843.12,2973.83,2843.12,21.84631082,201.13982322
801950,2022-05-23,2993.57,2978.49,3044.31,2965.5,20.87987173,191.52487987
801950,2022-05-24,2974.01,2984.22,3079.53,2974.01,24.51970202,215.25525205
801950,2022-05-25,3034.14,2975.53,3050.61,2948.92,20.11142323,174.21383236
801950,2022-05-26,3123.95,3046.0,3146.3,3021.65,23.74376918,223.44526039
801950,2022-05-27,3170.11,3136.99,3202.95,3106.2,24.69436994,230.8248452
801950,2022-05-30,3138.45,3182.03,3182.03,3092.05,18.77081927,178.82415711
801950,2022-05-31,3115.14,3126.4,3131.72,3067.34,16.50582009,165.43836522
801950,2022-06-01,3163.48,3092.72,3164.04,3079.35,17.44166832,168.39776307
801950,2022-06-02,3065.02,3125.28,3125.28,3052.0,15.76527391,155.94054184
801950,2022-06-06,3166.43,3080.52,3174.66,3080.52,19.04454979,190.71912308
801950,2022-06-07,3162.51,3147.66,3216.02,3112.55,19.86772249,177.53716995
801950,2022-06-08,3325.34,3188.07,3325.34,3187.01,29.88305788,280.80852714
801950,2022-06-09,3328.53,3309.72,3405.83,3277.51,31.60032479,301.31634969
801950,2022-06-10,3382.28,3287.56,3405.34,3287.56,31.08499703,264.72944642
801950,2022-06-13,3340.57,3342.1,3387.2,3283.29,28.31729217,259.0383858
801950,2022-06-14,3421.93,3289.95,3421.93,3289.95,30.28740136,267.43770398
801950,2022-06-15,3330.27,3405.37,3431.17,3330.27,27.44871893,251.42314537
801950,2022-06-16,3196.03,3322.43,3349.96,3162.44,30.15523606,298.91777087
801950,2022-06-17,3186.11,3168.27,3205.59,3141.81,21.77788887,210.42023611
801950,2022-06-20,3009.26,3109.16,3109.16,2995.89,27.10407067,278.93885164
801950,2022-06-21,3013.51,3001.71,3052.65,2984.73,19.23369057,185.12811065
801950,2022-06-22,2957.21,3034.45,3045.13,2950.02,18.89783354,176.09054445
801950,2022-06-23,3020.76,2953.78,3021.1,2912.7,18.51819982,177.03929892
801950,2022-06-24,2995.46,3004.15,3048.07,2969.45,17.32889167,168.40620051
801950,2022-06-27,3128.22,3004.4,3129.3,3003.41,21.714408,226.94362467
801950,2022-06-28,3200.99,3137.32,3200.99,3137.32,21.34567188,224.88450139
801950,2022-06-29,3164.96,3190.57,3250.93,3164.96,23.33004007,215.13997077
801950,2022-06-30,3164.45,3144.74,3185.52,3144.74,15.13333693,150.97633356
801950,2022-07-01,3170.67,3138.11,3189.54,3057.14,15.98405372,171.45704579
801950,2022-07-04,3158.34,3164.57,3202.6,3129.89,15.55310348,158.31942717
801950,2022-07-05,3273.74,3189.21,3273.96,3189.21,34.64758825,255.03525931
801950,2022-07-06,3072.61,3194.39,3194.39,3045.05,28.88035848,231.43029886
801950,2022-07-07,3112.9,3063.49,3124.22,3015.28,18.72516348,164.74357299
801950,2022-07-08,3055.72,3133.61,3137.45,3055.72,17.15082745,148.33507072
801950,2022-07-11,2915.95,2973.28,2973.28,2891.87,17.74742387,148.58550972
801950,2022-07-12,2939.37,2920.39,2961.3,2911.35,14.91193673,129.16836314
801950,2022-07-13,2917.18,2895.99,2919.96,2871.0,13.02627108,111.70333283
801950,2022-07-14,2912.0,2916.27,2937.59,2881.92,14.22730026,122.10863676
801950,2022-07-15,2883.41,2910.98,3007.34,2883.41,18.32918344,170.3704634
801950,2022-07-18,3003.5,2913.63,3004.6,2913.63,22.5146193,172.25749207
801950,2022-07-19,2998.26,3014.45,3015.82,2967.67,16.35841996,143.08075976
801950,2022-07-20,2983.3,2998.35,3011.04,2976.6,13.0169135,118.38737297
801950,2022-07-21,2871.49,2973.08,2973.08,2870.43,15.78257763,151.66679073
801950,2022-07-22,2852.88,2865.51,2891.15,2841.2,11.69900935,105.71149728
801950,2022-07-25,2878.03,2863.81,2909.98,2863.71,11.45019214,103.91046379
801950,2022-07-26,2928.92,2875.95,2946.96,2868.3,10.29983103,93.83527776
801950,2022-07-27,2937.79,2923.5,2950.04,2904.25,10.62642251,107.01548782
801950,2022-07-28,2990.03,2968.04,2995.41,2944.61,15.07730801,147.50993027
801950,2022-07-29,2913.43,2986.52,3012.27,2913.32,15.18578479,142.38893525
801950,2022-08-01,2966.51,2915.09,2976.2,2896.2,13.38120585,132.13051113
801950,2022-08-02,2880.45,2922.89,2922.89,2847.2,16.87375884,143.33957857
801950,2022-08-03,2849.04,2888.21,2916.11,2846.69,11.77893033,114.67523981
801950,2022-08-04,2827.39,2850.77,2857.35,2788.7,10.85014305,101.96087783
801950,2022-08-05,2804.74,2826.8,2826.8,2753.1,10.38540281,105.59053739
801950,2022-08-08,2895.86,2786.04,2900.41,2780.21,11.67255547,118.51493707
801950,2022-08-09,2988.19,2898.22,3000.98,2897.36,16.85829083,162.12355935
801950,2022-08-10,2951.39,2976.22,2998.34,2935.75,13.6291837,121.50677814
801950,2022-08-11,2971.09,2972.67,2983.8,2936.8,10.79656792,94.03419658
801950,2022-08-12,3042.6,2981.94,3053.24,2981.94,15.55454994,142.62789177
801950,2022-08-15,3092.22,3045.56,3121.32,3045.56,18.70188773,165.84022599
801950,2022-08-16,3102.61,3086.35,3118.26,3055.36,16.96403371,156.5780537
801950,2022-08-17,3099.05,3108.6,3137.6,3086.71,15.24469444,141.06436889
801950,2022-08-18,3063.13,3092.86,3120.38,3050.33,13.21486303,121.75353528
801950,2022-08-19,3124.84,3075.47,3150.99,3069.32,18.37439162,174.95791173
801950,2022-08-22,3193.54,3134.32,3201.22,3134.32,20.30061324,210.70498373
801950,2022-08-23,3265.64,3187.22,3289.28,3159.69,26.08240241,235.59886499
801950,2022-08-24,3247.1,3281.7,3303.93,3231.59,24.48686456,240.12613714
801950,2022-08-25,3416.58,3264.0,3420.35,3259.37,30.60208488,320.09348256
801950,2022-08-26,3329.8,3388.49,3394.96,3318.2,24.57146909,259.82592303
801950,2022-08-29,3395.64,3290.54,3398.4,3241.48,23.31391046,246.74761723
801950,2022-08-30,3222.52,3368.96,3368.96,3196.95,21.90515147,235.23333573
801950,2022-08-31,3142.19,3207.75,3222.92,3136.44,22.19336347,191.07686883
801950,2022-09-01,3218.44,3142.97,3289.61,3128.51,19.97221729,191.29123184
801950,2022-09-02,3179.29,3209.46,3226.55,3160.64,14.25215784,136.78568955
801950,2022-09-05,3347.33,3220.32,3357.18,3212.5,23.75058669,217.21339577
801950,2022-09-06,3412.16,3350.77,3425.44,3329.65,21.07393252,201.74324214
801950,2022-09-07,3403.82,3375.97,3429.8,3370.32,17.57232316,165.68358838
801950,2022-09-08,3359.88,3365.19,3394.66,3306.69,16.10938217,155.82482379
801950,2022-09-09,3390.21,3369.41,3395.69,3323.59,15.53321514,152.13498734
801950,2022-09-13,3341.94,3397.03,3397.03,3315.49,14.10132133,126.57466111
801950,2022-09-14,3301.2,3285.19,3354.35,3285.19,13.09499219,125.45500955
801950,2022-09-15,3304.4,3345.8,3395.62,3246.06,21.12300234,212.07507295
801950,2022-09-16,3147.27,3269.03,3310.79,3144.18,21.27370157,201.88220793
801950,2022-09-19,3182.13,3137.29,3221.98,3137.29,15.6267548,136.36991277
801950,2022-09-20,3217.25,3210.94,3261.85,3172.03,14.24343355,122.28093532
801950,2022-09-21,3244.35,3204.22,3261.02,3204.22,13.47213442,121.85636628
801950,2022-09-22,3333.6,3222.55,3340.53,3222.55,17.16145417,175.1892658
801950,2022-09-23,3255.23,3315.29,3347.08,3252.18,15.96562158,156.22844412
801950,2022-09-26,3150.96,3212.55,3260.47,3146.41,15.51928134,141.18817131
801950,2022-09-27,3139.22,3173.11,3177.21,3049.09,15.4615892,138.60139588
801950,2022-09-28,3108.96,3150.55,3180.07,3104.97,13.23862244,111.91885124
801950,2022-09-29,3182.13,3154.98,3218.92,3150.26,18.55489566,148.61425276
801950,2022-09-30,3195.3,3171.78,3231.98,3166.32,16.35912429,132.0905064
801950,2022-10-10,3229.29,3238.21,3298.14,3212.99,19.84329778,162.80497358
801950,2022-10-11,3206.89,3222.76,3234.86,3148.48,14.82992936,127.35609146
801950,2022-10-12,3228.74,3179.23,3228.74,3139.43,14.97251953,126.29495776
801950,2022-10-13,3093.9,3203.19,3203.19,3083.28,17.26365925,162.78095302
801950,2022-10-14,3121.08,3116.31,3142.94,3092.06,14.46293524,130.3000823
801950,2022-10-17,3086.45,3090.11,3092.16,2990.35,18.22873293,161.68419359
801950,2022-10-18,3082.98,3082.49,3125.94,3061.66,13.82071655,125.46270971
801950,2022-10-19,3084.14,3062.97,3133.64,3050.13,13.42721368,136.03424407
801950,2022-10-20,3019.56,3068.14,3068.14,3015.13,12.44678729,115.41945866
801950,2022-10-21,3036.54,3013.38,3074.99,3009.97,10.15127099,89.85722785
801950,2022-10-24,2970.51,3041.64,3058.6,2959.18,12.03364236,108.84067139
801950,2022-10-25,2942.39,2967.6,2969.98,2899.84,11.5216499,99.13451343
801950,2022-10-26,2903.76,2943.25,2955.47,2880.3,11.71895939,113.27325869
801950,2022-10-27,2923.43,2907.22,2966.08,2907.22,12.08513008,112.05391798
801950,2022-10-28,2906.11,2906.22,2970.67,2890.44,15.3395484,144.08385792
801950,2022-10-31,2793.26,2886.52,2916.95,2785.13,14.95817018,156.79736377
801950,2022-11-01,2810.07,2794.18,2821.86,2734.74,13.93198742,146.43129515
801950,2022-11-02,2855.81,2795.65,2865.32,2782.89,12.47400649,120.05800159
801950,2022-11-03,2839.28,2832.3,2871.2,2818.31,8.91898654,82.83303038
801950,2022-11-04,2947.18,2838.14,2965.39,2838.14,14.25978515,136.61347306
801950,2022-11-07,3002.01,2949.54,3024.06,2949.52,13.89146264,131.11561104
801950,2022-11-08,2986.05,3013.5,3032.81,2972.26,12.91897129,101.50777181
801950,2022-11-09,2941.46,2980.32,2996.11,2937.2,8.61018703,78.64266901
801950,2022-11-10,2939.78,2912.96,2949.63,2868.49,9.40863117,85.38014413
801950,2022-11-11,2997.28,2988.86,3011.1,2943.24,14.55470783,131.00577105
801950,2022-11-14,2917.36,3004.79,3059.58,2901.55,15.26190315,158.95602174
801950,2022-11-15,2935.47,2900.84,2936.28,2893.59,10.28901618,100.53727629
801950,2022-11-16,2950.72,2938.63,2968.09,2935.71,10.08847396,95.55806696
801950,2022-11-17,2851.07,2935.88,2935.88,2829.7,13.86184572,150.50559247
801950,2022-11-18,2822.81,2846.1,2849.54,2819.7,11.61313853,104.38776578
801950,2022-11-21,2812.0,2795.27,2812.0,2777.17,8.27346591,78.48369861
801950,2022-11-22,2827.36,2807.72,2857.69,2807.72,9.76809367,88.78850486
801950,2022-11-23,2862.25,2832.45,2880.07,2832.45,11.4033369,93.85433918
801950,2022-11-24,2885.61,2863.55,2905.26,2846.68,8.90784024,88.70078192
801950,2022-11-25,2948.57,2877.75,2954.59,2862.6,13.75977325,130.9774312
801950,2022-11-28,2919.31,2903.35,2937.37,2892.26,13.10452153,109.68359412
801950,2022-11-29,2965.04,2933.7,2970.36,2917.93,14.25051367,128.92723842
801950,2022-11-30,2998.37,2964.59,3034.17,2964.59,16.18023523,154.2507924
801950,2022-12-01,2965.34,3025.13,3034.99,2961.04,14.01868388,134.44914089
801950,2022-12-02,2935.67,2956.74,2965.27,2924.53,9.21307172,88.69956628
801950,2022-12-05,2981.14,2959.11,2990.36,2946.71,14.1629601,115.60734111
801950,2022-12-06,2975.96,2963.8,2986.19,2930.34,10.14257586,93.19095951
801950,2022-12-07,2915.45,2970.85,2971.98,2906.57,11.84792527,104.37233397
801950,2022-12-08,2907.74,2912.85,2928.21,2893.59,8.14700277,72.09471023
801950,2022-12-09,2928.4,2911.13,2928.57,2900.38,12.62738181,118.16244477
801950,2022-12-12,2851.03,2919.77,2955.09,2845.83,13.8872044,131.44993536
801950,2022-12-13,2863.43,2851.69,2889.13,2848.84,7.64998265,71.20681172
801950,2022-12-14,2879.7,2862.22,2894.34,2854.36,8.15975,77.80394883
801950,2022-12-15,2835.61,2875.26,2875.27,2819.91,7.92849443,73.92486444
801950,2022-12-16,2845.6,2826.1,2867.71,2826.1,8.23918646,68.67942915
801950,2022-12-19,2776.29,2834.25,2836.08,2764.69,9.28024586,68.22902153
801950,2022-12-20,2757.88,2764.55,2779.68,2736.56,6.22179709,54.0386019
801950,2022-12-21,2740.61,2758.37,2760.52,2734.35,5.35842862,41.11222649
801950,2022-12-22,2678.61,2752.35,2760.09,2675.6,8.09704013,64.19083157
801950,2022-12-23,2683.19,2668.6,2687.17,2647.27,6.84550877,48.7756029
801950,2022-12-26,2695.77,2679.12,2698.09,2670.73,5.75674232,47.01928396
801950,2022-12-27,2745.13,2704.17,2749.19,2704.17,8.16992128,66.53021273
801950,2022-12-28,2727.59,2727.54,2746.66,2717.41,6.92442942,53.56299931
801950,2022-12-29,2667.78,2714.18,2714.2,2662.32,7.26880231,56.05467552
801950,2022-12-30,2672.19,2674.98,2685.64,2665.28,5.8380461,42.67088183
801950,2023-01-03,2694.61,2660.99,2695.13,2649.63,8.26021417,67.54466306
801950,2023-01-04,2640.68,2685.74,2685.74,2628.97,9.17179395,82.15702076
801950,2023-01-05,2647.05,2643.6,2651.09,2626.53,7.72028075,67.12689104
801950,2023-01-06,2673.76,2646.18,2675.84,2642.52,8.08302811,69.30296511
801950,2023-01-09,2694.19,2689.99,2703.68,2662.48,8.00661401,79.43473439
801950,2023-01-10,2669.48,2685.84,2689.88,2653.39,6.75288519,58.90408163
801950,2023-01-11,2776.39,2679.53,2786.13,2675.31,16.19362147,158.52504639
801950,2023-01-12,2771.8,2762.8,2780.35,2735.57,11.29300083,104.41980447
801950,2023-01-13,2770.1,2770.1,2806.42,2751.93,8.04782412,77.9160291
801950,2023-01-16,2761.75,2767.91,2772.38,2744.99,9.70751582,84.19226447
801950,2023-01-17,2750.26,2757.87,2766.7,2735.56,6.74390485,66.32663638
801950,2023-01-18,2764.46,2752.95,2794.08,2752.95,8.6269759,76.98350131
801950,2023-01-19,2789.5,2792.55,2813.42,2769.37,7.87822702,74.77986339
801950,2023-01-20,2837.1,2802.75,2838.84,2802.75,12.48346601,113.2052858
801950,2023-01-30,2790.99,2850.47,2850.47,2787.82,14.42819878,130.50928782
801950,2023-01-31,2809.86,2789.66,2816.25,2789.66,12.85000673,97.45205646
801950,2023-02-01,2813.36,2810.54,2814.1,2789.8,11.63309351,87.26591876
801950,2023-02-02,2835.58,2812.37,2846.72,2795.69,11.78684346,103.22955652
801950,2023-02-03,2806.17,2825.74,2825.74,2784.37,10.62171673,84.09965637
801950,2023-02-06,2794.57,2789.47,2804.16,2782.49,8.02358058,65.07609017
801950,2023-02-07,2804.72,2798.04,2828.18,2794.28,7.58451261,67.52661016
801950,2023-02-08,2782.71,2809.75,2815.08,2781.37,6.86014383,61.30857367
801950,2023-02-09,2795.52,2777.39,2799.2,2775.55,7.07938098,60.01300507
801950,2023-02-10,2758.66,2792.59,2792.59,2752.21,8.46949206,69.52404119
801950,2023-02-13,2747.01,2755.95,2755.95,2718.7,9.2999881,82.17153761
801950,2023-02-14,2760.84,2752.6,2772.48,2738.32,9.02390401,77.70585425
801950,2023-02-15,2738.61,2761.63,2771.51,2732.79,8.39558756,72.26336063
801950,2023-02-16,2698.5,2744.27,2755.64,2689.83,10.92806804,84.27193037
801950,2023-02-17,2744.64,2698.99,2761.89,2698.99,11.50574876,114.42399492
801950,2023-02-20,2814.78,2761.36,2814.91,2761.36,13.86766746,135.21437757
801950,2023-02-21,2885.83,2831.77,2894.53,2820.2,16.72641523,167.59283809
801950,2023-02-22,2893.44,2876.73,2916.18,2870.97,13.54838506,129.6610481
801950,2023-02-23,2912.88,2959.09,2970.86,2903.53,17.43056159,184.75848374
801950,2023-02-24,2898.97,2904.67,2919.81,2875.35,10.46690988,98.55096204
801950,2023-02-27,2912.48,2904.05,2951.58,2904.05,10.38832498,112.75269618
801950,2023-02-28,2892.28,2905.95,2905.95,2872.71,8.16058496,79.94661998
801950,2023-03-01,2898.94,2890.29,2908.68,2880.84,7.61322222,75.5011158
801950,2023-03-02,2903.87,2898.43,2928.72,2886.84,10.63900104,86.11871336
801950,2023-03-03,2908.11,2901.4,2917.36,2884.21,8.01069518,71.11404422
801950,2023-03-06,2847.16,2904.32,2905.79,2840.13,10.34854524,102.71454333
801950,2023-03-07,2864.56,2857.32,2924.35,2856.28,12.37318478,117.67233836
801950,2023-03-08,2845.6,2853.6,2856.96,2827.19,7.71030455,64.22503392
801950,2023-03-09,2841.75,2847.72,2880.92,2830.98,7.03072838,64.42921275
801950,2023-03-10,2784.33,2839.66,2839.66,2782.75,8.48616047,69.71927392
801950,2023-03-13,2817.74,2778.82,2817.93,2772.72,7.01858289,65.78409521
801950,2023-03-14,2775.26,2811.96,2834.47,2773.53,8.69049112,77.06938487
801950,2023-03-15,2781.37,2786.76,2792.42,2771.75,8.10516068,69.49996863
801950,2023-03-16,2689.89,2744.82,2744.82,2689.17,10.38646421,96.74766633
801950,2023-03-17,2712.48,2706.57,2742.34,2700.96,8.50792857,76.4799142
801950,2023-03-20,2702.94,2715.28,2743.6,2699.61,9.09469754,75.54654753
801950,2023-03-21,2699.88,2713.15,2715.02,2683.19,6.75727664,58.37960033
801950,2023-03-22,2724.5,2703.74,2743.3,2703.74,7.338243,65.3194448
801950,2023-03-23,2750.38,2721.88,2750.38,2716.15,7.40458456,71.19897112
801950,2023-03-24,2723.44,2749.85,2749.85,2706.76,7.98315104,76.56566041
801950,2023-03-27,2728.21,2711.32,2737.52,2678.68,9.6509335,115.8805692
801950,2023-03-28,2706.65,2734.67,2734.67,2703.41,8.12927031,88.2549453
801950,2023-03-29,2694.11,2714.86,2714.86,2690.14,7.39928064,69.18147351
801950,2023-03-30,2772.08,2696.87,2772.65,2682.47,10.63383158,111.40979935
801950,2023-03-31,2763.69,2765.64,2780.97,2758.2,7.39869726,73.47955633
801950,2023-04-03,2763.64,2774.05,2792.31,2761.92,9.07845636,89.51849055
801950,2023-04-04,2764.35,2756.79,2781.91,2753.96,8.36993335,74.17396773
801950,2023-04-06,2727.97,2757.79,2757.79,2720.03,8.02830383,71.88282408
801950,2023-04-07,2708.11,2724.85,2729.63,2702.14,6.6231105,59.30281689
801950,2023-04-10,2676.73,2699.71,2699.71,2674.03,8.88762202,68.83588918
801950,2023-04-11,2665.88,2677.28,2677.28,2650.99,7.35237363,60.49437881
801950,2023-04-12,2686.39,2670.58,2700.1,2670.46,7.62775865,66.85549242
801950,2023-04-13,2681.31,2683.47,2704.13,2675.8,7.20492199,63.90376144
801950,2023-04-14,2687.02,2684.25,2694.99,2670.21,7.63473429,68.81026555
801950,2023-04-17,2744.87,2687.33,2746.19,2685.6,14.40590063,123.28611132
801950,2023-04-18,2799.04,2747.53,2799.04,2746.56,14.02044651,139.97239432
801950,2023-04-19,2792.13,2791.42,2810.84,2786.85,11.38515356,107.14632359
801950,2023-04-20,2768.7,2781.94,2781.94,2739.15,10.38790884,93.98417446
801950,2023-04-21,2724.49,2762.23,2768.14,2724.49,10.22086534,78.74160174
801950,2023-04-24,2691.97,2724.82,2733.93,2685.71,9.58259773,78.23673322
801950,2023-04-25,2659.56,2695.19,2707.41,2633.18,10.58910516,86.67083275
801950,2023-04-26,2686.39,2653.45,2692.51,2646.53,9.23968284,81.23354638
801950,2023-04-27,2681.96,2705.73,2712.64,2649.56,9.70919146,102.59364004
801950,2023-04-28,2714.09,2675.1,2716.45,2672.39,9.36375521,90.81433475
801950,2023-05-04,2721.98,2689.62,2725.83,2654.85,11.70613708,101.31689814
801950,2023-05-05,2711.57,2710.58,2733.64,2681.73,9.20844791,80.22465297
801950,2023-05-08,2809.28,2713.05,2818.22,2713.05,15.35575534,146.67812945
801950,2023-05-09,2808.24,2818.54,2859.22,2806.0,15.20110025,142.04952241
801950,2023-05-10,2782.72,2806.21,2807.18,2764.47,9.42905902,83.38154287
801950,2023-05-11,2790.83,2777.52,2805.53,2755.81,8.73288429,72.03541272
801950,2023-05-12,2753.61,2786.71,2793.77,2747.72,7.89014504,70.52928163
801950,2023-05-15,2792.2,2745.04,2792.78,2738.2,8.34589266,81.56024699
801950,2023-05-16,2795.59,2794.0,2837.39,2789.19,7.71510474,78.98726731
801950,2023-05-17,2775.0,2789.34,2791.06,2762.12,5.65916054,51.70996401
801950,2023-05-18,2783.72,2778.16,2803.69,2778.16,6.25155353,57.68486951
801950,2023-05-19,2763.96,2768.8,2783.94,2753.07,6.7081757,54.96930875
801950,2023-05-22,2742.63,2756.58,2767.53,2737.6,8.07900707,63.56958283
801950,2023-05-23,2722.44,2747.96,2758.99,2722.44,7.55848133,58.66141091
801950,2023-05-24,2685.66,2716.78,2716.78,2680.97,7.21434368,64.94301054
801950,2023-05-25,2652.4,2678.15,2678.52,2628.4,8.19718656,72.61890804
801950,2023-05-26,2592.01,2639.65,2639.7,2578.33,8.30973211,79.94877737
801950,2023-05-29,2582.9,2588.16,2596.25,2556.07,8.71144052,80.79179241
801950,2023-05-30,2573.36,2568.34,2587.31,2550.05,9.11721333,69.04804111
801950,2023-05-31,2495.74,2554.8,2554.8,2482.89,12.36030125,102.63006207
801950,2023-06-01,2486.75,2490.03,2507.9,2480.53,7.41025881,62.18503843
801950,2023-06-02,2518.39,2489.63,2520.61,2489.63,8.16161576,60.58069745
801950,2023-06-05,2530.0,2516.95,2534.61,2514.82,7.46571468,56.63974362
801950,2023-06-06,2543.61,2530.82,2576.41,2525.01,9.36268927,75.20392993
801950,2023-06-07,2528.71,2542.11,2542.62,2509.7,6.40245142,51.02031303
801950,2023-06-08,2525.46,2499.85,2525.46,2499.85,8.61342161,56.22139157
801950,2023-06-09,2523.76,2524.04,2536.71,2512.42,6.89675682,50.48384439
801950,2023-06-12,2538.1,2518.09,2545.25,2511.15,8.99578185,58.72705152
801950,2023-06-13,2512.81,2532.42,2535.41,2500.96,8.14391327,56.98056409
801950,2023-06-14,2514.25,2516.72,2529.47,2510.15,8.8764874,54.66483278
801950,2023-06-15,2531.95,2516.66,2533.83,2496.39,11.18345419,61.1694215
801950,2023-06-16,2530.38,2524.94,2551.06,2524.94,9.38396801,59.11868388
801950,2023-06-19,2515.63,2528.71,2543.99,2515.63,9.53622329,51.42439124
801950,2023-06-20,2494.06,2518.18,2518.18,2493.39,7.14116155,45.43767392
801950,2023-06-21,2459.03,2473.8,2484.66,2458.15,8.93635277,47.55207667
801950,2023-06-26,2438.25,2446.96,2450.71,2431.87,8.70585074,50.72752195
801950,2023-06-27,2481.03,2442.16,2491.69,2439.47,8.12079102,54.34371194
801950,2023-06-28,2538.53,2486.58,2545.29,2486.57,14.5141766,98.51872074
801950,2023-06-29,2505.67,2532.28,2532.28,2505.43,11.33095708,74.22044848
801950,2023-06-30,2537.09,2499.57,2545.15,2499.57,9.03498908,64.30321818
801950,2023-07-03,2584.96,2537.29,2587.72,2537.29,11.0570482,83.25459096
801950,2023-07-04,2585.1,2582.29,2596.03,2573.65,8.12935217,63.41261387
801950,2023-07-05,2560.73,2540.65,2567.12,2537.05,8.19915094,64.51351106
801950,2023-07-06,2556.9,2562.36,2562.9,2544.53,6.76576273,50.27932955
801950,2023-07-07,2572.35,2551.05,2580.96,2551.05,8.77078112,57.22721986
801950,2023-07-10,2576.91,2586.75,2592.69,2571.01,7.10002427,58.03293642
801950,2023-07-11,2554.74,2583.75,2583.75,2547.03,7.07317718,56.58519706
801950,2023-07-12,2514.43,2521.92,2529.27,2507.26,6.58729351,52.11128395
801950,2023-07-13,2525.7,2512.86,2534.93,2512.86,5.94404455,47.92010547
801950,2023-07-14,2537.42,2527.55,2542.23,2522.74,6.70108073,53.96890479
801950,2023-07-17,2468.11,2493.4,2493.4,2452.01,6.24119108,54.32807056
801950,2023-07-18,2465.68,2474.09,2476.26,2459.77,5.4129776,42.7434522
801950,2023-07-19,2470.04,2462.46,2483.45,2460.1,5.31609959,38.35106113
801950,2023-07-20,2472.48,2480.52,2504.39,2470.22,6.32515034,46.81388152
801950,2023-07-21,2452.5,2470.57,2471.12,2447.73,5.52561667,37.1400666
801950,2023-07-24,2431.2,2441.91,2446.26,2429.44,5.24740499,35.38829559
801950,2023-07-25,2477.79,2449.72,2486.9,2449.72,9.08421689,56.9562187
801950,2023-07-26,2487.82,2478.57,2493.09,2474.78,13.20973092,49.12552451
801950,2023-07-27,2474.28,2486.06,2496.84,2468.86,10.44001198,45.54632969
801950,2023-07-28,2497.26,2467.72,2501.45,2459.13,10.44348834,55.24722651
801950,2023-07-31,2488.42,2501.91,2527.04,2485.69,13.20282227,78.78483679
801950,2023-08-01,2506.08,2491.91,2508.07,2489.41,15.37803561,68.85798236
801950,2023-08-02,2465.8,2505.5,2505.5,2460.73,12.21542788,65.08835632
801950,2023-08-03,2465.18,2460.45,2472.14,2452.51,8.65600683,43.10954347
801950,2023-08-04,2453.47,2473.47,2486.55,2452.42,8.44208764,49.65722514
801950,2023-08-07,2441.28,2448.62,2448.62,2433.96,6.97223284,40.87371765
801950,2023-08-08,2456.79,2439.42,2461.97,2426.25,7.07111551,49.21143607
801950,2023-08-09,2438.62,2453.62,2457.1,2433.56,6.04471189,39.63275839
801950,2023-08-10,2490.93,2437.33,2495.75,2437.33,10.74710071,76.78127664
801950,2023-08-11,2435.45,2484.81,2492.07,2435.45,8.88996337,57.43693281
801950,2023-08-14,2424.89,2420.18,2428.63,2403.47,6.65559795,41.29604016
801950,2023-08-15,2426.09,2427.74,2434.54,2410.16,5.98195922,35.22417588
801950,2023-08-16,2414.51,2417.25,2427.36,2414.51,4.84731501,29.1274716
801950,2023-08-17,2410.7,2407.22,2414.18,2380.44,6.40979929,39.10920985
801950,2023-08-18,2395.81,2407.67,2425.28,2395.81,6.46056244,41.45093596
801950,2023-08-21,2365.23,2397.41,2398.69,2365.23,6.24436833,37.90689225
801950,2023-08-22,2389.97,2370.0,2393.26,2360.56,6.65827261,42.83151439
801950,2023-08-23,2426.45,2391.73,2451.57,2391.73,11.3984499,84.55010591
801950,2023-08-24,2401.99,2426.63,2428.74,2401.64,7.99793784,51.55063921
801950,2023-08-25,2386.68,2392.95,2411.59,2380.34,6.83255931,41.58481338
801950,2023-08-28,2459.97,2486.16,2495.44,2450.25,17.45891967,124.88326486
801950,2023-08-29,2463.3,2456.31,2474.36,2452.8,11.48610838,80.05199934
801950,2023-08-30,2445.46,2466.86,2473.57,2439.84,9.34138325,62.89093287
801950,2023-08-31,2436.41,2447.82,2457.85,2430.85,8.12869498,55.08056718
801950,2023-09-01,2534.94,2442.11,2537.15,2442.11,17.33984374,146.02365782
801950,2023-09-04,2614.25,2558.31,2627.66,2558.31,22.68979181,179.45230295
801950,2023-09-05,2628.09,2610.07,2640.41,2603.84,16.63351264,119.06654384
801950,2023-09-06,2633.64,2622.35,2642.44,2605.7,14.58890998,102.8941695
801950,2023-09-07,2634.05,2627.56,2664.65,2626.01,14.29675953,110.82180835
801950,2023-09-11,2610.65,2598.84,2652.56,2598.84,12.66996063,98.85377034
801950,2023-09-12,2602.08,2617.13,2634.4,2600.32,8.67745489,63.29666272
801950,2023-09-13,2630.47,2607.76,2658.56,2607.76,12.01147964,85.72976531
801950,2023-09-14,2720.14,2631.37,2729.2,2631.37,22.97232251,183.11585361
801950,2023-09-15,2704.48,2729.57,2729.94,2696.2,16.91125797,128.07263874
801950,2023-09-18,2725.12,2712.61,2726.87,2687.39,14.49067288,108.93906383
801950,2023-09-19,2732.77,2728.36,2759.74,2722.59,17.51560833,125.6511184
801950,2023-09-20,2719.46,2726.1,2737.34,2710.51,12.2005716,85.32916244
801950,2023-09-21,2699.77,2709.24,2721.63,2690.89,12.03726704,79.88876031
801950,2023-09-22,2685.01,2701.31,2701.31,2666.22,12.56251873,94.20456611
801950,2023-09-25,2686.91,2688.77,2714.5,2683.88,10.39075489,75.65432552
801950,2023-09-26,2664.04,2680.77,2683.25,2661.99,8.11501833,59.46529529
801950,2023-09-27,2642.09,2667.62,2667.62,2641.21,7.77452335,56.18663623
801950,2023-09-28,2670.53,2679.46,2686.37,2664.3,11.58941284,77.963302
801950,2023-10-09,2695.21,2656.01,2706.17,2654.67,9.95395449,75.75977392
801950,2023-10-10,2651.97,2690.09,2690.36,2650.74,8.03108863,62.12029908
801950,2023-10-11,2623.09,2653.44,2655.52,2611.82,9.11416991,72.47714396
801950,2023-10-12,2622.37,2627.19,2641.71,2619.04,7.32935979,53.81121734
801950,2023-10-13,2634.71,2611.43,2643.88,2605.13,6.01843175,45.85165862
801950,2023-10-16,2670.3,2645.61,2671.2,2637.08,10.75529372,73.05686315
801950,2023-10-17,2680.53,2663.94,2680.53,2643.11,7.58142637,59.9703751
801950,2023-10-18,2666.02,2675.53,2692.7,2661.65,9.1856188,60.72548939
801950,2023-10-19,2625.74,2655.54,2656.99,2618.46,8.34121611,56.83818451
801950,2023-10-20,2612.86,2627.57,2631.16,2609.55,7.75768224,48.05011367
801950,2023-10-23,2578.54,2604.4,2617.14,2563.17,8.48436556,53.3924036
801950,2023-10-24,2602.7,2582.53,2610.92,2572.14,9.28628678,59.54358781
801950,2023-10-25,2625.36,2631.32,2659.58,2622.16,11.45615596,78.47212305
801950,2023-10-26,2594.49,2617.46,2618.19,2564.08,10.92850491,75.51515155
801950,2023-10-27,2584.51,2582.55,2608.8,2580.79,8.87565765,61.69803389
801950,2023-10-30,2557.69,2578.04,2597.84,2557.69,10.30883836,74.48958978
801950,2023-10-31,2590.1,2552.07,2599.48,2551.94,10.1611673,66.65116673
801950,2023-11-01,2575.58,2587.24,2587.26,2562.15,7.22825485,48.72587459
801950,2023-11-02,2572.78,2578.45,2591.77,2572.78,6.65553665,42.19842744
801950,2023-11-03,2577.8,2586.2,2609.93,2575.29,8.32963533,51.91892499
801950,2023-11-06,2537.97,2581.73,2582.16,2530.3,10.21941262,80.84120527
801950,2023-11-07,2557.43,2532.4,2561.38,2532.32,8.12958532,57.37913365
801950,2023-11-08,2546.03,2544.74,2552.26,2534.5,7.98577387,53.39556926
801950,2023-11-09,2622.52,2550.44,2634.12,2550.12,15.9012825,115.92908879
801950,2023-11-10,2652.52,2620.17,2657.31,2602.86,13.52787133,94.87706451
801950,2023-11-13,2658.9,2657.07,2665.48,2628.45,12.73209506,81.68929814
801950,2023-11-14,2629.19,2648.2,2648.2,2620.18,10.46292602,64.74134453
801950,2023-11-15,2650.17,2644.24,2650.87,2629.07,9.60324574,64.74075387
801950,2023-11-16,2655.63,2640.13,2665.95,2630.49,10.83236683,71.99454891
801950,2023-11-17,2652.28,2650.55,2658.29,2634.41,9.09317597,65.62032547
801950,2023-11-20,2645.78,2652.55,2652.55,2630.58,8.10893612,53.56065325
801950,2023-11-21,2655.87,2645.91,2686.28,2645.91,12.55547255,76.89673337
801950,2023-11-22,2651.73,2648.39,2668.64,2638.23,9.14468401,60.01167201
801950,2023-11-23,2685.28,2646.52,2686.2,2643.79,8.75131567,62.6996569
801950,2023-11-24,2712.18,2680.05,2727.62,2680.05,22.38760066,104.52511855
801950,2023-11-27,2755.13,2728.73,2760.92,2728.52,18.34688921,124.7119195
801950,2023-11-28,2751.78,2749.9,2754.92,2728.64,16.29788335,86.95118425
801950,2023-11-29,2778.33,2756.24,2792.9,2752.16,14.82553252,103.06459995
801950,2023-11-30,2772.94,2772.55,2773.82,2759.84,13.19943998,92.75727392
801950,2023-12-01,2794.49,2774.92,2798.36,2774.92,11.63131809,85.92463502
801950,2023-12-04,2816.22,2791.74,2821.62,2786.55,10.5936183,84.09413731
801950,2023-12-05,2760.93,2810.08,2812.89,2757.55,12.39245294,84.93687336
801950,2023-12-06,2763.37,2759.14,2765.43,2740.98,9.24693863,67.7686376
801950,2023-12-07,2742.54,2762.45,2768.04,2741.13,7.65942547,62.92332237
801950,2023-12-08,2725.6,2733.42,2757.89,2720.6,13.39209853,102.23071492
801950,2023-12-11,2793.21,2721.56,2796.18,2698.88,12.79239248,104.63674961
801950,2023-12-12,2809.3,2790.37,2809.91,2770.32,8.62867199,65.62600983
801950,2023-12-13,2781.71,2802.63,2805.26,2780.96,7.41601607,56.17649002
801950,2023-12-14,2793.72,2790.53,2810.31,2767.76,11.50191458,73.06607606
801950,2023-12-15,2770.72,2795.83,2800.7,2768.37,10.06046594,66.02134256
801950,2023-12-18,2777.03,2761.11,2790.18,2759.04,11.56129973,70.45569913
801950,2023-12-19,2764.15,2780.56,2780.56,2748.93,9.00047306,57.72360314
801950,2023-12-20,2774.68,2767.57,2811.6,2767.57,11.03395411,80.21496302
801950,2023-12-21,2771.26,2769.53,2785.19,2748.61,11.27258174,85.04444247
801950,2023-12-22,2798.87,2779.12,2828.44,2779.12,11.81102358,95.27678919
801950,2023-12-25,2823.63,2793.33,2826.53,2774.57,8.97958123,75.01848206
801950,2023-12-26,2781.88,2833.47,2880.28,2780.19,12.69287443,117.57824228
801950,2023-12-27,2807.31,2786.14,2817.1,2769.73,9.39359307,79.21840142
801950,2023-12-28,2763.41,2810.0,2814.86,2746.81,13.69678051,113.69419435
801950,2023-12-29,2782.24,2753.56,2787.5,2753.22,8.5528801,73.94822612
801950,2024-01-02,2876.0,2781.76,2888.15,2781.76,16.87039829,137.80007859
801950,2024-01-03,2916.13,2868.44,2927.57,2867.63,15.51497111,122.83234241
801950,2024-01-04,2944.74,2919.5,2954.59,2914.52,15.2954175,125.51185391
801950,2024-01-05,2937.7,2940.37,2970.89,2926.85,13.59029509,115.98765488
801950,2024-01-08,2922.74,2928.72,2938.72,2907.76,11.25585374,101.69472208
801950,2024-01-09,2954.13,2911.66,2969.11,2899.45,11.63284334,96.24162254
801950,2024-01-10,2928.49,2950.48,2973.05,2924.39,9.7198857,82.41894543
801950,2024-01-11,2886.46,2923.38,2923.38,2875.28,11.06198995,96.37329212
801950,2024-01-12,2903.69,2883.98,2912.59,2883.98,9.78913156,70.9992061
801950,2024-01-15,2917.16,2886.71,2919.76,2886.71,8.70508355,82.75491662
801950,2024-01-16,2916.98,2908.7,2925.04,2890.72,9.67293922,75.68627773
801950,2024-01-17,2880.68,2913.53,2930.21,2880.68,9.40905177,76.11037529
801950,2024-01-18,2866.79,2870.88,2871.39,2784.71,13.52844823,107.1204425
801950,2024-01-19,2813.09,2858.51,2858.51,2799.13,8.42259247,82.56775071
801950,2024-01-22,2740.08,2807.89,2807.89,2723.56,11.3137327,86.1032806
801950,2024-01-23,2797.34,2732.32,2810.28,2727.5,9.84137121,78.05678127
801950,2024-01-24,2862.51,2801.59,2867.83,2796.44,10.96291487,85.86613006
801950,2024-01-25,2955.09,2877.42,2955.09,2877.42,13.81450696,116.88019969
801950,2024-01-26,2988.11,2941.64,2991.64,2941.64,12.62092449,100.84011205
801950,2024-01-29,2975.96,2992.98,3001.31,2966.17,10.95280606,93.4054834
801950,2024-01-30,2949.26,2967.78,2989.32,2935.73,9.34733542,77.96393926
801950,2024-01-31,2967.68,2931.47,3002.68,2931.47,11.66470281,100.86301324
801950,2024-02-01,2918.34,2956.78,2967.95,2913.54,10.27580475,85.3751764
801950,2024-02-02,2918.29,2921.22,2953.81,2858.56,12.56233982,98.53591558
801950,2024-02-05,2932.01,2910.83,2953.43,2872.73,16.00884445,116.97508046
801950,2024-02-06,2940.71,2905.41,2960.62,2888.41,16.88055099,123.54224532
801950,2024-02-07,3005.76,2935.52,3005.76,2925.88,19.22976261,146.22261203
801950,2024-02-08,3016.23,2993.93,3025.83,2991.02,18.43632515,124.74520068
801950,2024-02-19,3149.2,3016.03,3149.2,2990.99,16.72771214,146.39415275
801950,2024-02-20,3173.39,3140.92,3190.67,3127.89,13.31194607,119.00382784
801950,2024-02-21,3155.08,3161.08,3189.92,3144.61,15.44928947,129.50029717
801950,2024-02-22,3314.19,3142.36,3314.19,3142.36,18.4020436,169.40650678
801950,2024-02-23,3261.78,3312.35,3312.65,3244.07,15.40857337,140.68818724
801950,2024-02-26,3189.08,3237.15,3275.36,3166.69,14.50782514,140.85867007
801950,2024-02-27,3195.37,3169.54,3213.87,3149.59,11.09128923,99.07285297
801950,2024-02-28,3183.86,3189.46,3226.89,3137.34,17.59557177,148.99784684
801950,2024-02-29,3192.27,3160.65,3192.27,3153.44,13.79224292,117.20397177
801950,2024-03-01,3229.01,3191.12,3252.67,3190.72,15.66156286,142.29160446
801950,2024-03-04,3296.38,3218.62,3296.38,3216.67,15.77770281,154.93894872
801950,2024-03-05,3294.69,3289.34,3326.08,3266.52,13.19103368,128.26181456
801950,2024-03-06,3313.57,3296.2,3365.36,3295.52,13.42389669,131.71919849
801950,2024-03-07,3344.11,3305.46,3368.08,3305.46,13.95753617,121.77289201
801950,2024-03-08,3319.85,3341.54,3341.54,3276.73,11.66249314,114.72376606
801950,2024-03-11,3223.22,3304.06,3304.4,3190.42,15.64386756,154.15142763
801950,2024-03-12,3111.42,3205.28,3207.72,3097.61,15.30671587,170.88203023
801950,2024-03-13,3096.61,3095.71,3101.1,3047.1,11.55870234,113.75216093
801950,2024-03-14,3115.23,3080.34,3122.8,3066.22,11.83542336,111.78507789
801950,2024-03-15,3079.53,3101.71,3101.71,3018.98,14.79305969,145.36617128
801950,2024-03-18,3037.42,3055.35,3055.35,3016.53,13.80372805,135.77267739
801950,2024-03-19,3071.88,3033.83,3121.79,3033.57,16.55387032,147.90814875
801950,2024-03-20,3085.49,3060.81,3110.38,3050.03,13.70208401,120.16018089
801950,2024-03-21,3079.83,3069.62,3098.55,3035.04,12.27956584,111.45224939
801950,2024-03-22,3089.52,3082.04,3101.85,3076.01,12.63015813,110.47129198
801950,2024-03-25,3081.33,3053.43,3136.11,3052.76,12.52386594,130.06084289
801950,2024-03-26,3016.71,3091.54,3092.04,2990.09,12.76006249,123.90577665
801950,2024-03-27,3010.04,3017.12,3052.06,3010.04,10.11353974,91.31617268
801950,2024-03-28,3018.73,3008.93,3037.15,2987.34,10.06291261,87.97422476
801950,2024-03-29,3073.39,3006.94,3074.2,3001.28,9.9934763,93.10614029
801950,2024-04-01,3041.53,3046.56,3046.91,3008.34,13.16788503,123.53052697
801950,2024-04-02,3068.69,3036.99,3090.18,3036.21,11.64876072,113.1416974
801950,2024-04-03,3145.41,3064.02,3147.21,3064.02,14.26561438,133.18555175
801950,2024-04-08,3130.98,3127.18,3190.31,3103.59,17.42850812,136.25953211
801950,2024-04-09,3138.45,3134.17,3159.13,3105.2,10.75385354,91.42974528
801950,2024-04-10,3179.91,3133.53,3205.62,3132.95,13.25037965,126.01791229
801950,2024-04-11,3217.95,3166.35,3253.2,3150.03,15.22530518,128.10909066
801950,2024-04-12,3203.86,3207.62,3233.36,3187.27,11.93031187,98.82363022
801950,2024-04-15,3279.73,3201.52,3282.02,3201.52,18.82189908,147.94047702
801950,2024-04-16,3276.31,3276.94,3320.26,3238.45,18.60963325,157.83600074
801950,2024-04-17,3310.3,3259.66,3312.23,3246.6,14.13149409,110.00404777
801950,2024-04-18,3303.14,3310.87,3360.04,3285.4,14.95201126,129.38600628
801950,2024-04-19,3309.15,3283.89,3345.82,3283.89,13.03350296,118.24624449
801950,2024-04-22,3160.22,3298.78,3319.86,3159.87,15.04309861,152.45544032
801950,2024-04-23,3088.17,3112.74,3143.35,3061.96,12.98195219,115.64985528
801950,2024-04-24,3071.74,3094.67,3094.67,3046.61,11.17453261,95.23428106
801950,2024-04-25,3099.56,3066.97,3114.35,3066.97,10.09376011,86.11681429
801950,2024-04-26,3077.35,3088.45,3100.89,3057.31,14.56859718,122.57807038
801950,2024-04-29,3074.4,3064.91,3080.39,3022.36,15.37662927,140.78196706
801950,2024-04-30,3101.49,3065.66,3123.72,3065.66,11.04671556,99.01221162
801950,2024-05-06,3116.88,3114.84,3117.84,3059.32,13.35068691,116.93914424
801950,2024-05-07,3144.09,3113.32,3144.11,3109.43,9.89850409,87.06747773
801950,2024-05-08,3222.13,3147.56,3246.04,3147.56,12.27575797,132.30645892
801950,2024-05-09,3221.65,3212.98,3243.6,3202.22,10.25806957,93.30163365
801950,2024-05-10,3230.94,3220.13,3241.68,3204.78,9.77289743,83.66200609
801950,2024-05-13,3199.26,3217.93,3224.41,3164.34,11.2572271,95.53846182
801950,2024-05-14,3151.84,3195.0,3195.0,3113.47,11.11986828,110.16670361
801950,2024-05-15,3162.49,3139.87,3181.93,3125.64,8.75456503,75.2087021
801950,2024-05-16,3138.12,3163.23,3176.51,3133.87,10.37002591,79.08810969
801950,2024-05-17,3163.03,3139.05,3163.71,3120.66,7.96620817,62.91251944
801950,2024-05-20,3268.67,3165.02,3280.18,3165.02,12.76125065,121.87996412
801950,2024-05-21,3299.65,3265.32,3302.26,3253.72,10.89613789,92.31118934
801950,2024-05-22,3302.02,3304.99,3359.39,3296.24,9.90790854,103.40077137
801950,2024-05-23,3258.76,3286.57,3288.14,3249.63,10.07738041,79.30572312
801950,2024-05-24,3232.24,3251.24,3292.13,3230.89,8.63960472,71.67298605
801950,2024-05-27,3298.5,3246.26,3349.18,3246.26,10.65984413,106.10787588
801950,2024-05-28,3324.21,3297.05,3353.23,3297.05,10.91070158,90.16734715
801950,2024-05-29,3358.08,3315.39,3377.89,3305.37,10.87461013,89.80434306
801950,2024-05-30,3293.5,3344.24,3369.08,3284.41,11.96106992,97.11439166
801950,2024-05-31,3297.75,3309.58,3330.51,3295.3,9.01779986,81.36078639
801950,2024-06-03,3300.54,3302.87,3313.17,3278.41,11.82149214,88.03064156
801950,2024-06-04,3241.83,3279.4,3279.4,3226.01,9.81671021,96.12330923
801950,2024-06-05,3219.0,3239.78,3272.93,3219.0,9.2424346,78.20900614
801950,2024-06-06,3271.56,3222.37,3309.8,3222.37,14.27621886,102.42510928
801950,2024-06-07,3291.45,3274.04,3294.11,3259.44,9.90144116,73.54318474
801950,2024-06-11,3242.45,3291.09,3297.01,3217.1,11.14215953,89.24906241
801950,2024-06-12,3350.85,3234.84,3364.09,3229.03,9.64054854,100.48320312
801950,2024-06-13,3315.31,3340.31,3362.35,3290.88,11.18880128,82.06586475
801950,2024-06-14,3295.16,3310.84,3335.9,3280.82,11.10735466,87.19061876
801950,2024-06-17,3223.13,3282.46,3293.45,3214.36,9.67207475,91.16932457
801950,2024-06-18,3224.41,3223.65,3225.24,3215.64,7.3700589,60.74156449
801950,2024-06-19,3201.13,3209.99,3249.54,3194.58,7.26625528,60.97871132
801950,2024-06-20,3240.08,3198.77,3258.62,3198.77,8.75483173,74.81819484
801950,2024-06-21,3208.86,3228.72,3243.26,3185.92,7.602334,63.15267012
801950,2024-06-24,3148.31,3201.02,3209.04,3134.36,11.04775861,78.12899033
801950,2024-06-25,3138.42,3155.3,3159.86,3123.14,9.51442447,59.37006931
801950,2024-06-26,3138.31,3134.33,3144.72,3094.81,9.85958221,64.53664662
801950,2024-06-27,3104.95,3135.89,3139.53,3103.28,10.63585808,65.95323449
801950,2024-06-28,3115.01,3069.64,3133.39,3068.18,8.84879241,62.97426006
801950,2024-07-01,3216.74,3118.54,3239.18,3118.54,8.83306731,74.89852532
801950,2024-07-02,3213.26,3218.62,3236.29,3167.62,8.60577165,65.15837282
801950,2024-07-03,3159.38,3204.17,3222.17,3151.43,6.23334449,56.08250132
801950,2024-07-04,3140.41,3161.1,3188.59,3133.98,7.62934691,55.86335633
801950,2024-07-05,3127.73,3139.58,3147.07,3084.36,6.57294314,59.44263663
801950,2024-07-08,3062.25,3072.26,3084.73,3046.52,8.5504596,65.24949943
801950,2024-07-09,3086.54,3057.95,3089.65,3028.16,8.62964432,65.95363025
801950,2024-07-10,2946.51,3057.81,3057.81,2938.29,11.85188202,112.7920209
801950,2024-07-11,2965.45,2947.18,2970.63,2931.51,10.26366664,81.44960739
801950,2024-07-12,2893.44,2951.16,2970.44,2878.58,9.61766191,80.37944728
801950,2024-07-15,2950.57,2884.65,2964.52,2866.77,7.92253948,75.39467083
801950,2024-07-16,2948.71,2948.8,2952.66,2930.68,6.00361709,53.11546381
801950,2024-07-17,2888.49,2945.44,2950.35,2875.22,8.39856447,62.55816445
801950,2024-07-18,2892.46,2876.74,2897.25,2849.95,7.32618342,50.06985191
801950,2024-07-19,2888.79,2886.46,2900.96,2866.22,6.13302736,47.89668386
801950,2024-07-22,2851.22,2880.34,2880.34,2784.31,8.03582387,73.12494307
801950,2024-07-23,2795.65,2842.37,2849.79,2795.65,8.14941667,51.26544314
801950,2024-07-24,2800.6,2795.26,2808.65,2752.9,23.20895753,66.67798816
801950,2024-07-25,2763.3,2789.47,2789.47,2739.15,5.07438083,48.69068142
801950,2024-07-26,2776.76,2761.59,2801.86,2758.2,4.76175979,43.28726517
801950,2024-07-29,2757.31,2774.9,2779.11,2741.35,4.22282489,39.14444907
801950,2024-07-30,2707.2,2750.66,2750.66,2698.01,4.69166372,44.85444766
801950,2024-07-31,2776.72,2710.65,2782.24,2697.65,7.54790152,68.03265486
801950,2024-08-01,2747.07,2792.62,2816.36,2746.95,6.18274352,57.34449784
801950,2024-08-02,2731.39,2731.11,2744.59,2712.37,4.77694805,42.90097774
801950,2024-08-05,2691.14,2716.3,2732.82,2687.41,5.97789784,53.40364361
801950,2024-08-06,2699.75,2703.3,2718.55,2678.81,5.62770437,50.19703337
801950,2024-08-07,2736.59,2696.24,2759.61,2686.02,6.76146699,54.77150111
801950,2024-08-08,2731.09,2750.28,2760.52,2727.36,11.11973059,46.94646862
801950,2024-08-09,2743.71,2744.73,2763.36,2726.52,19.99562418,60.88513001
801950,2024-08-12,2764.93,2729.13,2780.76,2717.24,12.61626616,52.9273268
801950,2024-08-13,2755.03,2771.91,2775.07,2731.06,10.0975161,46.29969751
801950,2024-08-14,2726.81,2744.51,2749.66,2719.48,7.16403525,35.70444883
801950,2024-08-15,2787.5,2724.42,2806.66,2719.17,9.75274848,57.1761645
801950,2024-08-16,2797.18,2788.86,2812.48,2784.55,8.36282174,43.9504982
801950,2024-08-19,2795.07,2795.05,2836.55,2788.67,10.8796533,50.89809969
801950,2024-08-20,2701.71,2789.3,2789.3,2692.27,12.51426185,68.16162572
801950,2024-08-21,2698.26,2707.05,2718.9,2652.27,15.28674306,62.11891653
801950,2024-08-22,2687.9,2694.76,2701.8,2669.58,11.38914431,46.33740283
801950,2024-08-23,2699.07,2678.69,2739.44,2678.69,8.43752141,46.30576862
801950,2024-08-26,2703.64,2700.96,2706.87,2669.88,7.24283037,43.10398901
801950,2024-08-27,2745.33,2694.49,2748.81,2684.05,8.98111112,54.43341195
801950,2024-08-28,2740.81,2737.94,2769.95,2728.61,8.56731427,50.7428984
801950,2024-08-29,2729.26,2740.78,2743.97,2706.25,8.02957653,43.3952038
801950,2024-08-30,2750.62,2727.54,2787.37,2702.39,11.94082566,76.07170092
801950,2024-09-02,2779.47,2749.51,2808.38,2729.86,10.89232177,77.30370861
801950,2024-09-03,2745.9,2772.96,2807.36,2725.05,8.77749752,60.24090964
801950,2024-09-04,2707.24,2728.23,2728.23,2693.97,7.32584079,47.62813988
801950,2024-09-05,2668.93,2707.64,2739.45,2662.42,6.1225087,50.04236203
801950,2024-09-06,2610.13,2646.02,2659.06,2609.64,6.23793957,45.02018327
801950,2024-09-09,2547.82,2600.12,2600.12,2523.59,8.54568531,63.67555538
801950,2024-09-10,2556.24,2546.94,2588.92,2533.67,7.81997176,46.23150488
801950,2024-09-11,2510.08,2541.81,2541.81,2481.1,6.93168272,50.34254585
801950,2024-09-12,2541.04,2519.97,2556.33,2515.32,7.6941515,48.28088674
801950,2024-09-13,2529.72,2541.62,2566.6,2528.82,6.59512838,40.84575437
801950,2024-09-18,2590.82,2523.76,2596.58,2523.76,8.07114469,48.03791612
801950,2024-09-19,2603.78,2596.33,2610.07,2551.38,9.51499464,55.55004617
801950,2024-09-20,2621.71,2600.11,2635.2,2591.08,6.62745067,45.85900606
801950,2024-09-23,2666.08,2616.86,2683.35,2616.86,8.12256757,48.50907765
801950,2024-09-24,2815.21,2696.37,2815.3,2691.11,18.24908459,102.53725443
801950,2024-09-25,2833.98,2862.64,2897.62,2822.49,22.21387335,113.08431342
801950,2024-09-26,2943.23,2841.13,2943.9,2825.56,19.1631919,102.9216056
801950,2024-09-27,2972.95,2988.92,3002.47,2923.01,18.14423331,89.38110403
801950,2024-09-30,3153.7,3066.52,3198.97,3007.96,40.51004594,262.42628844
801950,2024-10-08,3121.6,3424.87,3424.87,3035.08,50.20431208,330.79366707
801950,2024-10-09,2893.22,3078.57,3078.57,2893.22,34.66200729,199.21829534
801950,2024-10-10,3046.53,2907.97,3112.03,2907.97,31.48873472,218.71327418
801950,2024-10-11,2974.26,3058.74,3073.47,2940.32,23.1001474,149.94739649
801950,2024-10-14,3027.76,2980.59,3059.9,2975.23,18.44334898,123.64205438
801950,2024-10-15,2944.03,3015.84,3026.82,2944.03,17.50370426,99.34249854
801950,2024-10-16,2934.74,2926.0,2967.55,2914.17,13.62711769,76.64363631
801950,2024-10-17,2901.34,2943.78,2993.74,2899.95,12.72657707,74.4747105
801950,2024-10-18,2947.29,2899.24,2981.52,2881.33,18.54832772,109.38331816
801950,2024-10-21,2934.2,2950.43,2975.59,2918.87,15.19980229,102.51766136
801950,2024-10-22,2956.29,2932.49,2958.44,2918.92,13.70136332,82.20151953
801950,2024-10-23,2958.3,2951.94,2967.22,2928.05,20.29403171,109.1126179
801950,2024-10-24,2955.01,2953.32,2970.14,2942.09,17.29448807,91.4654555
801950,2024-10-25,2956.83,2958.43,2970.57,2947.83,16.79036296,92.74222547
801950,2024-10-28,3009.43,2965.02,3009.43,2965.02,29.92155802,138.57005631
801950,2024-10-29,2935.05,3001.25,3001.5,2932.28,25.4859322,131.92413029
801950,2024-10-30,2914.29,2921.55,2940.53,2892.41,19.13855753,98.41446791
801950,2024-10-31,2900.21,2901.89,2926.32,2872.9,23.73274018,112.08703297
801950,2024-11-01,2939.25,2902.45,2959.71,2901.61,24.39938196,123.16176169
801950,2024-11-04,2946.41,2946.67,2946.67,2905.68,17.53623011,86.86796411
801950,2024-11-05,2982.3,2939.89,2982.3,2924.37,35.59418469,137.74715465
801950,2024-11-06,2954.91,2986.46,2996.16,2943.97,49.73784929,176.40700738
801950,2024-11-07,3022.8,2945.99,3022.8,2945.99,52.17247249,198.19879708
801950,2024-11-08,2996.76,3035.99,3059.86,2973.58,45.8708171,190.77881702
801950,2024-11-11,2950.65,2974.26,2976.28,2915.97,36.2627682,160.63759807
801950,2024-11-12,2910.81,2938.67,2961.85,2897.13,34.58484401,156.01265917
801950,2024-11-13,2929.85,2896.27,2944.1,2895.49,22.22167281,114.46027151
801950,2024-11-14,2889.97,2919.97,2943.49,2887.99,22.13038389,106.08109141
801950,2024-11-15,2893.24,2885.69,2920.97,2871.68,18.29095614,97.88639927
801950,2024-11-18,2959.81,2905.87,2993.2,2905.87,36.98353544,177.74499131
801950,2024-11-19,2948.34,2958.07,2960.04,2909.22,34.35636936,137.23049459
801950,2024-11-20,2961.56,2933.24,2962.54,2926.53,24.73679864,105.56443026
801950,2024-11-21,2970.03,2952.47,2983.93,2952.47,21.77488125,99.80044114
801950,2024-11-22,2867.86,2969.92,2982.8,2867.86,21.81660961,112.03970292
801950,2024-11-25,2864.79,2879.36,2889.25,2839.2,17.3278272,80.13117226
801950,2024-11-26,2854.74,2855.09,2877.32,2841.37,13.17139141,63.04754614
801950,2024-11-27,2886.31,2850.97,2886.31,2820.39,17.3819281,79.52301815
801950,2024-11-28,2857.84,2881.57,2885.68,2855.23,17.31886746,70.88509812
801950,2024-11-29,2867.41,2860.01,2884.55,2847.96,17.40222776,84.07597826
801950,2024-12-02,2891.92,2866.32,2897.39,2850.21,25.41863114,113.51374099
801950,2024-12-03,2925.36,2888.79,2925.66,2883.86,18.47775801,100.56922753
801950,2024-12-04,2989.54,2916.79,3001.27,2911.18,23.71070006,136.46010367
801950,2024-12-05,2986.5,2984.41,2995.34,2967.59,21.29878361,98.74343063
801950,2024-12-06,3022.0,2991.58,3029.95,2991.58,41.77054542,150.36354459
801950,2024-12-09,3028.03,3034.69,3057.23,2996.47,69.16730447,205.06203492
801950,2024-12-10,3024.47,3079.42,3081.35,3017.36,58.66187356,202.85566169
801950,2024-12-11,3080.44,3015.07,3081.18,3015.07,43.88675386,166.52579753
801950,2024-12-12,3063.45,3081.57,3081.57,3052.3,34.6667977,133.81617716
801950,2024-12-13,2991.11,3049.98,3049.98,2989.3,36.4122907,171.49161335
801950,2024-12-16,3022.48,2990.5,3038.24,2990.5,29.58562172,130.95175639
801950,2024-12-17,2997.18,3020.6,3046.26,2993.19,25.41769963,111.78083649
801950,2024-12-18,3023.95,3012.59,3052.61,3012.59,27.28751135,110.56511818
801950,2024-12-19,2964.7,3003.11,3012.08,2959.64,34.6589763,121.61807435
801950,2024-12-20,2897.37,2960.54,2960.96,2892.54,24.54681127,115.99522577
801950,2024-12-23,2879.34,2893.47,2913.69,2877.14,21.00370375,96.52572701
801950,2024-12-24,2884.28,2878.72,2888.88,2861.21,23.09550084,93.02484513
801950,2024-12-25,2917.0,2887.94,2925.62,2879.28,20.28434471,97.69491113
801950,2024-12-26,2880.25,2912.8,2913.58,2878.96,17.87442546,87.82663007
801950,2024-12-27,2881.84,2878.32,2887.95,2861.08,19.19802059,92.34146053
801950,2024-12-30,2916.73,2886.42,2925.3,2886.42,21.82726431,107.28008973
801950,2024-12-31,2904.91,2923.86,2942.84,2904.91,26.85509013,127.12790414
801950,2025-01-02,2834.78,2902.98,2915.76,2823.65,26.18011491,122.5076358
801950,2025-01-03,2835.48,2844.89,2875.6,2828.28,25.31765296,113.58502881
801950,2025-01-06,2824.39,2831.78,2848.8,2794.04,23.62295816,101.56370255
801950,2025-01-07,2792.74,2819.94,2825.76,2768.86,20.3056602,87.35850079
801950,2025-01-08,2767.48,2786.21,2789.38,2737.87,20.49239647,86.33226424
801950,2025-01-09,2724.98,2756.72,2756.72,2720.32,19.18544993,88.39148431
801950,2025-01-10,2688.97,2725.28,2741.32,2688.97,19.6636107,86.9181032
801950,2025-01-13,2680.59,2680.06,2700.91,2670.01,16.22062439,67.23997173
801950,2025-01-14,2724.64,2689.82,2724.83,2677.11,19.20640059,79.65428574
801950,2025-01-15,2708.78,2715.55,2738.5,2702.59,14.91113122,71.69564338
801950,2025-01-16,2748.61,2721.81,2771.12,2721.81,18.95189768,94.56297393
801950,2025-01-17,2732.97,2746.8,2757.4,2730.99,12.67607555,63.56742744
801950,2025-01-20,2698.48,2736.45,2736.45,2696.3,14.15813626,75.15849007
801950,2025-01-21,2662.33,2703.53,2703.53,2656.84,13.24002069,68.14177842
801950,2025-01-22,2638.93,2662.31,2662.87,2629.54,10.83260886,56.68710454
801950,2025-01-23,2651.48,2655.84,2684.94,2651.48,14.69135555,65.41892505
801950,2025-01-24,2680.21,2653.98,2695.66,2647.16,12.17907709,65.94946714
801950,2025-01-27,2712.17,2686.05,2719.92,2686.05,13.18058672,66.4177583
801950,2025-02-05,2652.49,2721.37,2721.37,2642.9,12.24726862,70.83309723
801950,2025-02-06,2661.08,2649.56,2661.08,2633.15,14.41239047,66.13764224
801950,2025-02-07,2688.84,2652.71,2698.21,2645.47,22.62670406,90.0083147
801950,2025-02-10,2681.43,2682.87,2688.55,2675.9,20.54091817,79.33724873
801950,2025-02-11,2671.01,2681.07,2690.12,2658.45,14.09778361,66.76553995
801950,2025-02-12,2659.68,2666.46,2667.71,2644.4,14.58747257,70.3464677
801950,2025-02-13,2652.75,2658.83,2677.39,2652.13,13.87658468,72.97156197
801950,2025-02-14,2648.63,2654.94,2661.06,2639.72,13.48515246,64.50972152
801950,2025-02-17,2616.26,2646.46,2646.46,2608.49,16.19432875,92.10830408
801950,2025-02-18,2576.05,2609.26,2612.81,2567.61,16.26517666,87.79912313
801950,2025-02-19,2553.35,2572.02,2572.02,2546.06,13.79772643,78.91323538
801950,2025-02-20,2553.01,2551.17,2561.19,2540.5,13.50186349,70.0874919
801950,2025-02-21,2534.5,2552.53,2561.88,2527.07,15.92974948,87.23536426
801950,2025-02-24,2540.89,2521.88,2550.4,2512.76,17.10523466,91.50918778
801950,2025-02-25,2531.76,2531.54,2572.57,2518.93,15.95874914,96.46348429
801950,2025-02-26,2546.05,2532.35,2558.44,2527.32,15.23472439,75.410438
801950,2025-02-27,2535.59,2543.11,2543.83,2513.21,14.91386347,75.21493732
801950,2025-02-28,2506.49,2533.19,2543.34,2505.67,15.91347913,81.56905231
801950,2025-03-03,2517.82,2511.43,2536.37,2511.43,12.09589335,67.31535529
801950,2025-03-04,2491.32,2510.62,2510.62,2485.65,12.02859871,60.45923103
801950,2025-03-05,2486.71,2489.29,2489.29,2465.49,13.86904088,63.52959755
801950,2025-03-06,2497.0,2489.09,2501.5,2475.53,12.88088228,61.04690621
801950,2025-03-07,2517.67,2497.34,2534.4,2492.97,13.75195835,78.97004617
801950,2025-03-10,2552.86,2517.6,2560.52,2517.57,13.32018751,79.87058451
801950,2025-03-11,2557.01,2542.37,2560.41,2534.44,14.31756623,74.85720899
801950,2025-03-12,2536.64,2555.97,2555.97,2535.58,11.43975375,60.26937148
801950,2025-03-13,2642.66,2539.18,2653.57,2539.18,39.36727642,205.57930566
801950,2025-03-14,2639.56,2632.52,2639.93,2626.04,26.8235481,134.58933161
801950,2025-03-17,2630.23,2637.83,2654.67,2630.19,18.05946551,95.1235172
801950,2025-03-18,2613.8,2631.29,2631.29,2605.73,14.42079326,75.70307654
801950,2025-03-19,2610.76,2606.43,2623.41,2597.28,14.00277076,75.3382412
801950,2025-03-20,2621.95,2611.86,2653.42,2611.86,18.60888936,97.7759148
801950,2025-03-21,2616.87,2610.69,2640.69,2604.89,19.08930639,98.64174041
801950,2025-03-24,2627.78,2621.01,2653.82,2609.93,17.50594787,99.50753082
801950,2025-03-25,2677.62,2632.13,2681.03,2620.59,20.64394283,129.8271523
801950,2025-03-26,2675.79,2675.41,2687.74,2655.77,16.17809641,102.45232393
801950,2025-03-27,2655.36,2670.71,2677.55,2649.73,14.73048715,79.62777627
801950,2025-03-28,2614.27,2649.69,2649.85,2608.7,14.63551211,79.07935422
801950,2025-03-31,2597.39,2601.44,2624.84,2591.46,14.76323653,80.9142934
801950,2025-04-01,2630.97,2598.63,2630.97,2598.63,10.80223369,63.46905518
801950,2025-04-02,2629.09,2630.19,2641.08,2617.14,8.58185399,51.46191595
801950,2025-04-03,2629.92,2605.16,2630.87,2604.73,9.83488299,57.87859899
801950,2025-04-07,2440.15,2537.01,2543.3,2413.51,23.02078078,131.52260909
801950,2025-04-08,2521.01,2449.8,2521.01,2449.8,17.65981307,104.89634155
801950,2025-04-09,2524.8,2499.82,2524.8,2451.45,20.05187036,104.57937666
801950,2025-04-10,2527.08,2539.93,2540.36,2507.25,15.99250468,83.43029545
801950,2025-04-11,2497.38,2519.69,2519.69,2492.5,10.89210121,61.35870578
801950,2025-04-14,2559.9,2502.51,2562.96,2502.51,13.09302852,75.0898468
801950,2025-04-15,2561.46,2555.49,2566.13,2540.63,9.24638822,57.44556562
801950,2025-04-16,2578.37,2559.46,2578.37,2542.28,12.17902926,69.19205344
801950,2025-04-17,2576.16,2569.36,2576.73,2561.5,11.28756554,56.12634212
801950,2025-04-18,2564.99,2568.67,2572.68,2553.6,11.07507819,55.84044791
801950,2025-04-21,2556.69,2565.77,2569.51,2548.57,11.17119273,58.0867752
801950,2025-04-22,2553.86,2554.07,2577.27,2553.11,10.6908923,55.91422642
801950,2025-04-23,2547.43,2557.96,2560.75,2546.43,9.75041694,52.61644966
801950,2025-04-24,2563.84,2550.86,2579.37,2550.49,11.4044285,61.53285045
801950,2025-04-25,2548.73,2559.32,2560.66,2533.74,17.35373192,70.92281507
801950,2025-04-28,2510.48,2524.41,2524.57,2480.42,14.02993868,82.07713949
801950,2025-04-29,2497.64,2497.22,2508.01,2490.2,11.42796485,57.59599778
801950,2025-04-30,2485.03,2494.0,2496.87,2482.39,10.33844776,57.42052633
801950,2025-05-06,2503.52,2493.66,2503.85,2481.95,11.52213334,60.66651564
801950,2025-05-07,2524.87,2533.0,2533.0,2504.37,11.74836121,64.88475229
801950,2025-05-08,2520.34,2514.07,2530.11,2512.98,8.74573925,48.79414929
801950,2025-05-09,2522.92,2521.16,2530.09,2512.98,8.9757046,52.89181603
801950,2025-05-12,2524.22,2528.66,2528.66,2513.85,10.87546563,64.17351979
801950,2025-05-13,2539.93,2531.22,2553.0,2528.55,11.07962286,70.03946196
801950,2025-05-14,2565.88,2540.9,2568.63,2534.96,13.3220011,76.98102179
801950,2025-05-15,2576.63,2563.53,2601.7,2563.53,13.61853919,83.11834232
801950,2025-05-16,2560.89,2573.42,2575.25,2552.86,10.9653859,63.84618081
801950,2025-05-19,2568.63,2575.28,2578.58,2566.2,12.40372369,75.29980142
801950,2025-05-20,2560.14,2570.86,2570.86,2554.08,9.59748203,58.7018695
801950,2025-05-21,2625.4,2562.82,2638.99,2562.82,20.40029775,120.88704344
801950,2025-05-22,2614.1,2618.13,2627.63,2608.83,12.56330383,72.40819532
801950,2025-05-23,2587.34,2610.03,2632.66,2586.84,11.00683993,66.40976574
801950,2025-05-26,2580.29,2583.07,2590.95,2573.3,9.01907386,55.77609471
801950,2025-05-27,2561.8,2581.38,2584.42,2555.19,8.1908367,52.37147159
801950,2025-05-28,2580.66,2562.78,2593.12,2555.51,6.77165741,46.6936553
801950,2025-05-29,2593.12,2581.38,2605.76,2577.17,9.70603846,51.10128385
801950,2025-05-30,2578.75,2592.55,2592.55,2577.5,8.25394801,47.64366857
801950,2025-06-03,2557.0,2565.76,2565.76,2544.88,9.49338801,65.16907517
801950,2025-06-04,2569.94,2556.63,2569.94,2542.25,10.13817436,64.46005032
801950,2025-06-05,2555.62,2567.36,2582.15,2552.4,8.93567407,53.31636414
801950,2025-06-06,2565.75,2562.85,2578.73,2562.85,9.23092827,62.46863546
801950,2025-06-09,2569.17,2558.92,2577.52,2552.61,11.14745691,62.91692924
801950,2025-06-10,2564.84,2571.72,2581.2,2553.85,11.85154463,67.8275283
801950,2025-06-11,2580.54,2564.47,2592.31,2564.47,11.88591523,67.98480959
801950,2025-06-12,2551.16,2580.26,2580.26,2551.16,10.858218,66.12060993
801950,2025-06-13,2542.41,2550.44,2555.04,2537.84,15.44684792,87.13222877
801950,2025-06-16,2540.63,2546.86,2552.45,2535.46,10.82732343,66.8356908
801950,2025-06-17,2563.33,2541.17,2565.11,2529.01,11.66934837,72.61536504
801950,2025-06-18,2539.72,2559.43,2563.94,2534.14,10.55763832,59.38870877
801950,2025-06-19,2516.33,2533.4,2533.4,2504.22,11.30190818,62.68205385
801950,2025-06-20,2522.79,2516.82,2543.88,2516.82,9.99369707,55.499461
801950,2025-06-23,2565.26,2526.14,2569.9,2517.38,11.93902709,72.97245648
801950,2025-06-24,2559.73,2554.76,2566.92,2543.26,9.90409157,67.63905877
801950,2025-06-25,2534.16,2534.68,2536.44,2513.29,11.23971389,63.33328605
801950,2025-06-26,2521.91,2533.49,2547.57,2520.76,9.57845089,62.90535175
801950,2025-06-27,2539.55,2527.73,2542.65,2527.73,12.68838767,74.51379605
801950,2025-06-30,2548.02,2540.61,2549.07,2534.9,10.28771319,63.73263998
801950,2025-07-01,2548.98,2544.09,2551.82,2533.44,8.74450069,54.1659214
801950,2025-07-02,2599.59,2549.46,2599.79,2544.15,21.66896998,98.50716286
801950,2025-07-03,2569.45,2598.52,2614.07,2564.43,13.463946,74.16159184
801950,2025-07-04,2580.17,2569.93,2600.49,2569.93,18.35475479,81.39431609
801950,2025-07-07,2527.54,2547.51,2547.51,2516.42,16.92288629,79.24967033
801950,2025-07-08,2535.49,2528.18,2536.41,2516.51,14.66989269,69.47681862
801950,2025-07-09,2539.81,2540.17,2551.52,2532.13,15.59308409,78.37569803
801950,2025-07-10,2567.62,2536.87,2573.25,2536.87,22.32439351,118.23640472
801950,2025-07-11,2552.25,2564.62,2579.4,2552.25,24.0643734,123.90561248
801950,2025-07-14,2563.44,2553.49,2583.49,2553.49,21.66435816,115.19849478
801950,2025-07-15,2514.11,2554.03,2554.03,2507.01,22.59729308,106.96320612
801950,2025-07-16,2503.76,2512.85,2516.43,2497.13,11.56130521,57.65928223
801950,2025-07-17,2506.48,2506.16,2508.65,2496.0,9.57015462,50.16101652
801950,2025-07-18,2530.07,2518.97,2543.03,2518.97,14.03901107,80.87420397
801950,2025-07-21,2584.61,2537.94,2585.22,2537.94,21.73627808,124.1351723
801950,2025-07-22,2744.24,2594.0,2754.62,2574.23,42.05295059,291.35591243
801950,2025-07-23,2723.98,2796.1,2796.1,2720.42,39.60436089,273.87831508
801950,2025-07-24,2768.86,2718.27,2775.29,2693.38,39.64059666,211.16758491
801950,2025-07-25,2731.93,2768.81,2791.43,2727.41,28.02288947,165.09079046
801950,2025-07-28,2660.89,2683.58,2696.89,2655.32,24.05955803,142.52951798
801950,2025-07-29,2679.77,2655.32,2683.39,2639.68,17.12410029,104.23126632
801950,2025-07-30,2687.64,2694.76,2719.66,2680.51,17.95196007,117.947143
801950,2025-07-31,2614.51,2663.9,2663.9,2600.11,21.19387524,125.68846088
801950,2025-08-01,2604.28,2612.6,2628.16,2603.17,10.30565747,67.21533658
801950,2025-08-04,2620.06,2592.62,2620.47,2592.39,9.62887575,56.76428322
801950,2025-08-05,2646.33,2618.45,2647.28,2618.45,11.54328812,65.2160864
801950,2025-08-06,2696.41,2644.03,2698.48,2644.03,16.85159109,115.65283321
801950,2025-08-07,2703.93,2687.07,2708.34,2669.21,12.94215473,91.82052308
801950,2025-08-08,2699.31,2700.18,2708.47,2686.73,9.97607559,60.76158343
801950,2025-08-11,2689.88,2704.73,2704.73,2686.48,10.15207753,65.09536798
801950,2025-08-12,2716.97,2702.33,2728.66,2695.28,11.88316193,83.53873586
801950,2025-08-13,2695.06,2712.12,2712.12,2693.06,12.86273362,74.80719672
801950,2025-08-14,2659.79,2690.55,2691.82,2659.79,14.35084816,74.05757635
801950,2025-08-15,2675.94,2656.26,2679.49,2656.26,10.82015684,62.32043574
801950,2025-08-18,2683.87,2752.08,2752.08,2681.47,16.32200304,139.52592518
801950,2025-08-19,2669.88,2681.91,2682.09,2665.31,12.26733,93.2876889
801950,2025-08-20,2685.34,2661.51,2685.98,2657.7,11.68657856,78.34690532
801950,2025-08-21,2704.56,2685.81,2712.88,2677.39,16.50835241,95.55859081
801950,2025-08-22,2700.59,2697.82,2701.05,2675.65,15.55803645,94.40586313
801950,2025-08-25,2739.7,2710.91,2744.83,2710.36,21.92499452,126.62727934
801950,2025-08-26,2729.86,2742.27,2748.06,2726.11,20.41688774,103.64060908
801950,2025-08-27,2659.94,2719.89,2719.89,2659.51,23.17432844,125.67876373
801950,2025-08-28,2638.31,2638.08,2645.25,2602.53,21.83607838,125.43237328
801950,2025-08-29,2626.05,2636.03,2657.8,2622.88,15.0741699,101.24670324
801950,2025-09-01,2643.49,2624.03,2659.2,2614.17,15.71392023,101.60380039
801950,2025-09-02,2639.01,2642.2,2646.89,2622.84,18.88081981,94.41879931
801950,2025-09-03,2596.13,2640.02,2642.63,2589.21,15.60705544,77.56176835
801950,2025-09-04,2607.48,2590.27,2611.18,2574.84,14.36960192,87.51332375
801950,2025-09-05,2634.16,2606.51,2636.79,2593.05,12.56312094,78.43309873
801950,2025-09-08,2646.64,2629.42,2652.03,2619.26,12.93292611,80.84867199
801950,2025-09-09,2646.3,2649.29,2659.67,2635.51,13.12761108,71.23051452
801950,2025-09-10,2626.13,2644.66,2644.66,2624.86,9.0953482,58.59519969
801950,2025-09-11,2638.43,2629.06,2638.43,2613.93,14.12122164,70.90515092
801950,2025-09-12,2642.87,2637.39,2661.2,2627.84,21.23369033,100.51438295
801950,2025-09-15,2677.71,2643.9,2677.71,2634.97,23.43479266,116.53011392
801950,2025-09-16,2686.44,2700.39,2709.47,2673.63,25.89519924,125.38811783
801950,2025-09-17,2729.86,2676.44,2738.05,2671.02,23.24299262,148.61234561
801950,2025-09-18,2682.73,2726.28,2726.28,2667.94,35.13985767,149.42344388
801950,2025-09-19,2735.68,2692.76,2744.38,2688.95,53.53765508,191.89435375
801950,2025-09-22,2710.79,2735.51,2749.3,2703.15,28.43541769,115.34073679
801950,2025-09-23,2740.99,2704.29,2750.49,2694.67,38.15893053,152.44858235
801950,2025-09-24,2732.92,2723.91,2742.63,2707.28,24.34459009,105.85569863
801950,2025-09-25,2710.37,2724.27,2724.27,2698.83,20.66240086,91.61304001
801950,2025-09-26,2698.2,2710.45,2720.9,2698.2,17.8315674,93.62692825
801950,2025-09-29,2675.46,2685.87,2688.24,2648.7,19.69489048,102.10906045
801950,2025-09-30,2675.51,2671.76,2682.76,2659.17,15.55510569,74.14935361
801950,2025-10-09,2755.76,2677.09,2757.18,2674.4,26.56229429,131.58475485
801950,2025-10-10,2793.56,2749.22,2820.46,2738.32,30.29777509,160.8001882
801950,2025-10-13,2790.0,2737.82,2792.09,2737.82,26.26878599,135.72835383
801950,2025-10-14,2850.75,2795.07,2871.54,2793.61,35.73882442,216.73931181
801950,2025-10-15,2863.33,2853.32,2869.51,2835.36,28.09566729,161.71712995
801950,2025-10-16,2930.57,2859.9,2934.84,2859.9,34.89279599,218.07038722
801950,2025-10-17,2910.0,2925.96,2967.35,2904.25,34.03549833,210.32670674
801950,2025-10-20,2998.6,2925.95,2998.6,2920.41,42.00670263,257.49874181
801950,2025-10-21,2968.07,2983.55,2983.55,2924.03,41.67336037,246.50796288
801950,2025-10-22,2937.57,2943.34,2969.15,2925.56,28.6956889,157.53264751
801950,2025-10-23,2988.91,2934.33,3005.86,2934.33,40.62141487,221.81521546
801950,2025-10-24,2950.22,2964.14,2969.03,2933.39,38.69254414,221.87696037
801950,2025-10-27,2966.75,2930.29,2990.76,2890.52,32.75584752,204.5905824
801950,2025-10-28,2943.3,2952.57,2963.12,2928.97,28.38140299,165.23082086
801950,2025-10-29,2971.13,2935.93,2984.66,2917.07,33.40592924,189.85610024
801950,2025-10-30,2971.35,2962.36,3013.07,2962.36,32.78632774,193.10854505
801950,2025-10-31,2943.6,2969.69,2969.69,2934.96,22.49647753,129.62094207
801950,2025-11-03,3017.69,2956.77,3033.6,2956.77,24.3860652,172.31077891
801950,2025-11-04,3016.53,3018.41,3048.3,3006.38,25.06155775,156.73411676
801950,2025-11-05,3058.52,3003.11,3087.72,3003.11,32.80945906,191.8419533
801950,2025-11-06,3083.43,3060.91,3102.95,3044.59,31.20650362,198.20428407
801950,2025-11-07,3076.78,3078.81,3104.78,3064.43,25.67755434,157.02273919
801950,2025-11-10,3092.43,3066.41,3108.87,3048.98,26.1128348,167.91881459
801950,2025-11-11,3051.05,3082.9,3082.9,3010.91,27.61602167,175.71389633
801950,2025-11-12,3027.64,3041.83,3059.64,3025.21,23.95354663,140.71993407
801950,2025-11-13,3059.83,3029.32,3066.25,3007.0,22.07101776,141.46666187
801950,2025-11-14,3047.3,3062.05,3076.54,3042.88,44.49193698,180.35607511
801950,2025-11-17,3087.59,3047.57,3100.55,3018.41,49.91590711,231.65314883
801950,2025-11-18,2989.62,3069.53,3069.53,2984.0,40.86000682,206.96384646
801950,2025-11-19,2996.8,2978.35,3010.62,2962.22,25.5783691,127.74604003
801950,2025-11-20,2933.96,2986.02,2998.43,2931.98,22.39731812,118.85455437
801950,2025-11-21,2867.84,2933.25,2933.25,2867.46,28.53037459,137.74055945
801950,2025-11-24,2836.68,2877.77,2880.56,2819.62,20.11989555,106.502571
801950,2025-11-25,2850.86,2851.04,2857.62,2831.02,16.87165768,88.35692773
801950,2025-11-26,2834.64,2840.66,2863.41,2834.43,15.18566729,80.74981296
801950,2025-11-27,2857.26,2834.49,2862.38,2826.13,15.56331666,84.48020051
801950,2025-11-28,2853.3,2848.57,2862.6,2837.95,18.42044367,83.72769195
801950,2025-12-01,2876.51,2852.98,2876.51,2851.03,23.07351609,103.01768825
801950,2025-12-02,2882.51,2887.57,2887.57,2853.12,24.36669104,109.97071785
801950,2025-12-03,2898.93,2876.18,2921.97,2876.18,26.71254205,132.70291451
801950,2025-12-04,2878.45,2897.78,2898.09,2872.72,22.12064779,113.00783986
801950,2025-12-05,2887.25,2875.36,2892.5,2861.74,19.23141137,99.43666214
801950,2025-12-08,2845.87,2876.02,2876.02,2825.11,19.97529264,119.01840171
801950,2025-12-09,2799.63,2839.65,2839.65,2797.75,17.40744643,98.49389608
801950,2025-12-10,2802.34,2796.36,2806.78,2793.99,14.54215825,81.04781733
801950,2025-12-11,2781.62,2808.86,2816.17,2775.84,17.47478596,89.67012605
801950,2025-12-12,2782.1,2785.84,2802.03,2769.98,19.01733758,122.7223212
801950,2025-12-15,2785.57,2771.86,2809.57,2771.86,16.20181219,92.3819665
801950,2025-12-16,2750.56,2781.07,2781.07,2738.82,17.81626771,91.39170303
801950,2025-12-17,2747.41,2747.38,2758.3,2732.08,13.36941988,73.91396161
801950,2025-12-18,2799.46,2764.3,2806.67,2760.29,14.93803071,92.89916485
801950,2025-12-19,2791.37,2785.0,2801.65,2773.07,15.08113798,77.81648665
801950,2025-12-22,2801.2,2804.06,2812.04,2774.03,13.9075511,87.98429203
801950,2025-12-23,2790.39,2801.63,2812.18,2785.95,12.20783746,70.75101091
801950,2025-12-24,2770.89,2788.02,2788.02,2749.93,12.10339902,77.23067986
801950,2025-12-25,2764.25,2767.61,2771.37,2757.51,10.51155298,57.9668289
801950,2025-12-26,2772.29,2757.3,2780.51,2755.27,13.63757927,78.1169705
801950,2025-12-29,2775.15,2776.35,2801.85,2772.34,15.37935235,91.02496568
801950,2025-12-30,2766.23,2770.25,2770.25,2751.54,12.68939034,73.2664404
801950,2025-12-31,2751.81,2760.77,2770.33,2738.29,11.48674999,66.06485359
801950,2026-01-05,2766.68,2762.42,2779.3,2760.44,12.94649292,82.94866287
801950,2026-01-06,2827.02,2777.14,2831.3,2775.95,27.23671228,125.90366619
801950,2026-01-07,2896.76,2851.07,2896.76,2814.95,37.27694327,213.7520247
801950,2026-01-08,2901.0,2909.85,2924.71,2887.99,33.33440148,184.01253527
801950,2026-01-09,2924.32,2885.92,2930.93,2883.93,24.16015783,135.29854245
801950,2026-01-12,2910.69,2926.19,2939.19,2898.67,23.42524215,130.82302043
801950,2026-01-13,2894.66,2914.46,2922.62,2885.76,22.1497072,118.60578834
801950,2026-01-14,2877.0,2894.97,2904.75,2856.86,23.11271072,125.54493026
801950,2026-01-15,2866.34,2867.93,2894.78,2860.1,16.41186795,91.86341095
801950,2026-01-16,2833.39,2872.86,2892.78,2818.47,20.40034229,116.97742083
801950,2026-01-19,2855.07,2827.43,2864.69,2827.43,16.92740819,108.29679404
801950,2026-01-20,2877.23,2855.06,2878.91,2831.98,23.83291835,129.15827508
801950,2026-01-21,2832.16,2871.36,2871.36,2826.58,17.8501684,113.24430369
801950,2026-01-22,2884.51,2834.76,2889.43,2832.22,24.09123078,140.15336824
801950,2026-01-23,2862.7,2884.99,2884.99,2851.84,20.60264698,122.88868599
801950,2026-01-26,2922.09,2861.86,2930.45,2859.99,26.28785933,175.30781673
801950,2026-01-27,2855.64,2913.09,2930.5,2851.43,21.64134543,134.83031256
801950,2026-01-28,2953.39,2861.4,2982.64,2845.97,40.66390602,254.76498192
801950,2026-01-29,2965.18,2960.58,2982.47,2923.9,36.19535396,227.57850635
801950,2026-01-30,2968.01,2968.33,3027.23,2933.09,40.16380177,248.68175531
801950,2026-02-02,2800.52,2917.27,2917.27,2800.13,35.50491428,215.35595383
801950,2026-02-03,2811.18,2823.17,2836.32,2784.56,21.52738907,125.12519822
801950,2026-02-04,3024.36,2823.57,3029.69,2823.57,43.16559937,302.03969292
801950,2026-02-05,2957.36,2984.76,2984.76,2932.34,33.78362934,231.11418845
801950,2026-02-06,2949.53,2923.86,2971.69,2905.39,23.5738442,156.75769385
801950,2026-02-09,2980.14,2956.41,2988.43,2956.41,21.38777841,140.1696921
801950,2026-02-10,3006.4,2981.36,3017.36,2954.93,19.7547712,134.57184941
801950,2026-02-11,3048.59,3001.36,3058.71,2984.45,22.43014399,153.01068915
801950,2026-02-12,3058.09,3055.67,3086.72,3037.43,24.03439905,150.93652156
801950,2026-02-13,3001.91,3046.95,3054.31,3000.4,21.81247823,157.08664904
801950,2026-02-24,3095.02,3033.39,3107.19,3033.39,27.07445117,160.68635837
801950,2026-02-25,3101.49,3093.21,3150.37,3078.86,32.83543487,187.70945772
801950,2026-02-26,3081.04,3103.85,3130.55,3073.34,24.97315762,147.73290284
801950,2026-02-27,3179.62,3081.08,3189.56,3081.08,54.8142059,233.81331391
801950,2026-03-02,3299.55,3248.66,3301.15,3186.48,66.12424176,383.80422394
801950,2026-03-03,3357.47,3307.47,3423.58,3251.73,67.9074859,447.13384833
801950,2026-03-04,3324.66,3294.65,3345.17,3221.03,46.47209352,316.10309105
801950,2026-03-05,3318.75,3298.59,3342.07,3240.75,38.47276299,248.53144591
801950,2026-03-06,3300.15,3289.89,3310.91,3238.26,30.21962829,192.41388186
801950,2026-03-09,3396.51,3442.4,3500.01,3377.38,55.65623225,413.05749288
801950,2026-03-10,3290.93,3266.59,3332.74,3266.59,39.44793979,260.64630778
801950,2026-03-11,3374.32,3276.65,3382.95,3247.74,45.58360692,249.47179353
801950,2026-03-12,3517.42,3413.49,3528.89,3380.05,61.80510699,359.79740394
801950,2026-03-13,3466.29,3526.57,3538.46,3459.1,49.12829351,299.35511639
801950,2026-03-16,3397.67,3477.88,3492.65,3388.31,40.95422657,243.06339709
801950,2026-03-17,3334.07,3374.37,3413.92,3322.37,34.41373109,215.6433628
801950,2026-03-18,3316.93,3325.52,3380.86,3273.78,32.47925212,194.31392268
801950,2026-03-19,3377.36,3366.66,3405.55,3359.2,35.63284624,242.16335977
801950,2026-03-20,3380.89,3328.8,3403.55,3320.97,36.82304809,228.62978213
801950,2026-03-23,3387.78,3430.82,3464.15,3364.31,52.37794751,342.46003603
801950,2026-03-24,3371.17,3345.43,3382.74,3325.12,42.83465995,247.1848536
801950,2026-03-25,3327.82,3313.46,3331.68,3266.44,52.03521819,289.3632833
801950,2026-03-26,3347.51,3324.55,3365.41,3307.94,41.28206691,241.05597856
801950,2026-03-27,3339.92,3316.69,3363.46,3312.66,31.37003004,179.02386471
801950,2026-03-30,3337.45,3367.26,3386.82,3313.64,36.88674193,206.07164069
801950,2026-03-31,3214.93,3315.33,3329.37,3213.27,36.10145122,214.06119559
801950,2026-04-01,3208.71,3204.53,3254.75,3202.39,23.86798098,160.89702767
801950,2026-04-02,3240.21,3215.53,3266.44,3215.53,21.43998526,129.87430191
801950,2026-04-03,3172.51,3240.17,3240.17,3153.91,21.09544183,112.09609407
801950,2026-04-07,3249.8,3178.78,3252.05,3162.62,19.65520064,121.98283287
801950,2026-04-08,3198.97,3174.0,3199.26,3156.51,22.73013807,172.18217091
801950,2026-04-09,3180.64,3189.45,3211.1,3176.67,17.1497341,108.18635702
801950,2026-04-10,3175.17,3174.25,3195.51,3157.99,15.88336653,105.09419935
801950,2026-04-13,3191.92,3200.87,3211.26,3167.66,16.04448771,110.46472384
801950,2026-04-14,3159.45,3180.58,3183.99,3137.45,16.36164203,106.45852502
801950,2026-04-15,3165.37,3145.38,3174.36,3108.99,16.07574615,113.66157192
801950,2026-04-16,3173.99,3165.95,3183.52,3157.35,15.19110485,106.43037067
801950,2026-04-17,3145.55,3179.11,3183.83,3137.78,17.33601366,104.77868708
801950,2026-04-20,3131.94,3143.54,3160.1,3114.97,17.27061757,115.75963575
801950,2026-04-21,3204.17,3127.59,3210.44,3127.59,21.24436385,138.49969657
801950,2026-04-22,3206.36,3207.74,3241.93,3202.83,16.04353949,121.14262058
801950,2026-04-23,3274.64,3198.84,3287.1,3193.4,24.92576058,169.52276086
801950,2026-04-24,3269.21,3263.92,3300.18,3253.3,20.41052509,143.12341849
801950,2026-04-27,3259.81,3223.06,3273.14,3210.27,24.4299404,159.39091333
801950,2026-04-28,3351.42,3238.33,3360.5,3238.33,24.70308838,174.3054349
801950,2026-04-29,3397.86,3332.09,3426.61,3332.09,26.73156956,190.96826588
801950,2026-04-30,3390.76,3397.95,3411.73,3360.2,21.64981392,156.16458354
801950,2026-05-06,3399.7,3363.77,3404.36,3326.15,22.11235795,168.14882965
801950,2026-05-07,3239.57,3366.48,3366.48,3233.36,26.75286526,199.37564269
801950,2026-05-08,3219.06,3244.17,3263.55,3215.89,29.20927728,153.84395634
801950,2026-05-11,3224.66,3232.57,3271.23,3210.38,23.45826365,153.98134008
801950,2026-05-12,3201.86,3224.79,3243.48,3195.97,20.05685274,124.31847204
801950,2026-05-13,3181.68,3200.47,3218.23,3170.32,21.07301303,132.48211015
801950,2026-05-14,3153.88,3181.17,3199.93,3153.51,26.88436048,143.0756221
801950,2026-05-15,3180.05,3151.89,3211.36,3129.41,22.56818261,155.1627563
801950,2026-05-18,3229.39,3184.2,3231.91,3164.22,20.96969559,153.50788441
801950,2026-05-19,3236.93,3214.82,3248.64,3207.23,23.45241137,132.12164211
801950,2026-05-20,3193.04,3228.06,3244.99,3189.7,20.0313282,122.14195718
801950,2026-05-21,3100.46,3173.04,3181.38,3096.93,21.76814434,130.22055029
801950,2026-05-22,3089.64,3103.19,3104.95,3059.64,16.96901943,112.01152266
801950,2026-05-25,3156.47,3181.8,3244.24,3150.98,26.44486132,192.91042915
801950,2026-05-26,3141.13,3131.44,3160.44,3112.91,20.68089796,141.05838971
801950,2026-05-27,3187.8,3137.93,3191.53,3100.43,23.6040804,155.81943985
801950,2026-05-28,3217.65,3170.26,3270.53,3170.26,24.47634983,163.48393441
801950,2026-05-29,3295.34,3208.32,3311.61,3208.32,33.4729541,208.97002607
801950,2026-06-01,3477.59,3304.68,3477.59,3292.37,42.73990738,301.96871262
801950,2026-06-02,3438.53,3476.05,3557.23,3409.75,41.35880191,322.46236456
801950,2026-06-03,3526.16,3390.9,3552.37,3386.66,40.19370759,297.56934236
801950,2026-06-04,3567.89,3495.5,3624.21,3474.47,40.36038627,315.51439115
801950,2026-06-05,3505.0,3537.16,3588.67,3498.51,37.99881918,270.79100105
801950,2026-06-08,3518.82,3468.13,3568.69,3436.45,34.63238365,263.66156895
801950,2026-06-09,3430.82,3443.88,3470.97,3387.93,29.74825153,222.5875342
801950,2026-06-10,3319.79,3407.93,3412.94,3305.38,28.04281039,198.35658718
801950,2026-06-11,3329.82,3332.47,3365.37,3298.17,22.3769583,167.23957065
801950,2026-06-12,3335.57,3295.47,3376.35,3282.59,27.71887978,224.3578101
801950,2026-06-15,3182.16,3287.53,3287.53,3167.6,24.93941259,229.32066388
801950,2026-06-16,3120.0,3158.91,3158.91,3095.04,21.1022214,183.75533368
801950,2026-06-17,3051.84,3119.22,3119.22,3044.43,21.07063687,161.80083184
801950,2026-06-18,2983.58,3037.97,3057.61,2980.62,21.64553369,168.47132609
801950,2026-06-22,3047.12,2989.86,3047.18,2963.26,22.06265661,166.43649378
801950,2026-06-23,3005.59,3047.37,3089.62,3002.75,21.32557028,186.19191993
801950,2026-06-24,2939.07,3011.74,3011.74,2930.01,23.01086291,179.59784952
801950,2026-06-25,2892.08,2909.15,2946.33,2873.56,19.60797444,156.6529402
801950,2026-06-26,2825.65,2884.18,2890.43,2819.27,18.94910302,136.3034858
801950,2026-06-29,2864.38,2833.47,2878.82,2793.24,17.8198038,139.66512421
801950,2026-06-30,2791.06,2856.7,2856.7,2766.04,18.85126506,142.83089851
801950,2026-07-01,2860.63,2789.66,2890.29,2782.18,17.519545,124.08974186
801950,2026-07-02,2906.51,2873.33,2933.37,2873.33,13.35363648,133.57701305
801950,2026-07-03,2928.38,2920.36,2960.77,2910.84,10.28459932,99.54840534
801950,2026-07-06,3048.84,2917.32,3056.14,2909.89,13.79644596,143.67889513
801950,2026-07-07,2984.64,3043.02,3047.38,2957.91,11.08543733,107.41533873
801950,2026-07-08,3020.53,2989.91,3072.32,2983.32,10.89485877,112.28844792
801950,2026-07-09,2964.4,2988.77,3025.15,2961.73,9.88315866,93.26511403
801950,2026-07-10,2965.76,2935.39,2993.44,2927.53,11.61223551,96.7037102
801950,2026-07-13,2985.08,2954.11,2995.59,2923.0,10.37968758,99.71794651
801950,2026-07-14,3096.07,2989.21,3104.25,2989.21,13.96550144,139.70280843
801950,2026-07-15,3140.0,3066.78,3145.72,3066.78,13.48162703,121.42303355
801950,2026-07-16,3067.96,3129.2,3139.97,3046.96,11.52033083,103.4178512
801950,2026-07-17,3048.37,3067.7,3112.44,3044.27,13.09207639,120.83337149
801950,2026-07-20,3215.18,3059.2,3215.18,3059.2,16.4326526,161.73404431
801950,2026-07-21,3142.82,3199.88,3218.3,3112.2,17.43710553,168.67697409
801950,2026-07-22,3219.18,3119.98,3219.18,3103.96,16.57908428,154.88649272
801950,2026-07-23,3251.21,3192.37,3271.29,3180.34,14.54590544,136.2444223
801950,2026-07-24,3148.07,3255.51,3257.37,3142.31,12.58621994,114.52916738
801950,2026-07-27,3144.09,3113.46,3155.98,3091.64,10.81364259,101.12234868
801950,2026-07-28,3129.16,3121.59,3129.85,3059.71,10.18845294,93.29193561
801950,2026-07-29,3172.91,3137.88,3189.56,3135.21,11.56082765,103.98388875
801950,2026-07-30,3185.26,3173.82,3219.47,3158.88,11.82215557,106.49597928
801950,2026-07-31,3189.88,3112.26,3189.95,3112.26,10.94979945,107.81858882
801950,2026-08-03,3116.57,3157.4,3185.12,3110.27,10.62125073,102.88102058
801950,2026-08-04,3098.02,3115.49,3115.49,3060.61,10.25040322,99.54003713
801950,2026-08-05,3101.09,3081.67,3108.13,3052.49,9.59594573,87.92929624
801950,2026-08-06,3238.2,3099.28,3257.95,3099.28,20.28485838,181.71870291
801950,2026-08-07,3227.17,3219.37,3233.48,3195.91,18.36770298,158.31950952
801950,2026-08-10,3302.66,3215.45,3306.92,3215.45,14.4435415,131.98799655
801950,2026-08-11,3295.13,3336.32,3336.4,3261.17,14.52097745,135.77681437
801950,2026-08-12,3248.2,3273.7,3299.57,3245.31,11.90214286,107.77849897
801950,2026-08-13,3222.86,3229.79,3258.97,3212.11,10.87988136,101.5428739
801950,2026-08-14,3271.67,3218.18,3277.82,3198.67,11.42770623,108.64666998
801950,2026-08-17,3262.28,3267.74,3295.98,3244.66,8.79739827,84.375832
801950,2026-08-18,3302.01,3262.96,3323.01,3262.96,11.80893177,114.40763402
801950,2026-08-19,3326.27,3335.41,3358.44,3310.1,21.06168368,163.30434627
801950,2026-08-20,3319.1,3284.56,3371.11,3284.56,22.14430615,148.46860873
801950,2026-08-21,3334.81,3300.72,3366.86,3300.51,14.93015408,115.6171517
801950,2026-08-24,3413.28,3351.78,3421.0,3350.88,20.6872593,167.29705848
801950,2026-08-25,3406.01,3409.69,3457.29,3395.55,20.882939,160.12227277
801950,2026-08-26,3414.01,3372.42,3426.01,3368.16,15.16944943,121.93200176
801950,2026-08-27,3493.59,3401.16,3507.47,3401.16,16.09780075,140.61115336
801950,2026-08-28,3505.74,3499.7,3517.19,3448.64,15.83063702,135.68403442
801950,2026-08-31,3579.54,3536.59,3584.44,3504.25,20.48365561,192.4511779
801950,2026-09-01,3503.47,3553.84,3623.18,3495.26,24.65561765,215.34161062
801950,2026-09-02,3417.92,3561.07,3561.07,3405.23,24.36332743,197.94414605
801950,2026-09-03,3410.11,3413.41,3475.69,3401.26,19.49980897,146.54703021
801950,2026-09-04,3402.42,3410.66,3427.35,3378.02,14.5783397,119.52795913
801950,2026-09-07,3316.45,3386.42,3386.42,3276.14,14.47770511,138.89081087
801950,2026-09-08,3361.07,3314.74,3362.94,3314.44,16.55942833,129.89158243
801950,2026-09-09,3461.37,3354.91,3467.52,3348.81,20.7479939,168.86488256
801950,2026-09-10,3418.74,3462.6,3464.03,3400.01,20.37790005,151.89766188
801950,2026-09-11,3368.09,3422.39,3422.39,3359.05,18.19653583,146.41842663
801950,2026-09-14,3332.66,3359.03,3389.17,3324.5,13.61767342,110.21795169
801950,2026-09-15,3328.91,3348.42,3361.19,3321.9,14.46272899,106.84091419
801950,2026-09-16,3321.91,3321.72,3322.97,3278.89,12.97142864,98.47016152
801950,2026-09-17,3297.64,3320.23,3320.23,3267.02,13.80243006,103.44227409
801950,2026-09-18,3276.48,3275.43,3299.78,3267.59,12.38313706,99.31399212
801950,2026-09-21,3341.32,3265.07,3344.72,3260.31,12.56615401,104.73122911
801950,2026-09-22,3380.79,3315.36,3386.78,3297.03,14.94887199,116.17288683
801950,2026-09-23,3324.42,3365.46,3366.58,3319.25,12.69243511,90.5953478
801950,2026-09-24,3345.27,3322.95,3367.6,3318.28,12.8410238,98.28550265
801950,2026-09-28,3346.02,3321.04,3347.2,3302.78,13.09516019,102.73039453
801950,2026-09-29,3301.28,3340.83,3340.83,3250.4,13.13068275,105.49360291
801950,2026-09-30,3329.36,3291.44,3349.03,3291.44,10.36488813,86.71078055
